:0200000460009A
:100000004643464200000156000000000101020084
:1000100000000000000000000000000000000000E0
:1000200000000000000000000000000000000000D0
:1000300000000000000000000000000000000000C0
:1000400000000000010406010000000000000000A4
:100050000000800000000000000000000000000020
:100060000000000000000000000000000000000090
:100070000000000000000000000000000000000080
:10008000EB04180AFF1E04320126000000000000E5
:100090000000000000000000000000000000000060
:1000A0000000000000000000000000000000000050
:1000B0000000000000000000000000000000000040
:1000C0000000000000000000000000000000000030
:1000D0000000000000000000000000000000000020
:1000E0000000000000000000000000000000000010
:1000F0000000000000000000000000000000000000
:1001000000000000000000000000000000000000EF
:1001100000000000000000000000000000000000DF
:1001200000000000000000000000000000000000CF
:1001300000000000000000000000000000000000BF
:1001400000000000000000000000000000000000AF
:10015000000000000000000000000000000000009F
:10016000000000000000000000000000000000008F
:10017000000000000000000000000000000000007F
:10018000000000000000000000000000000000006F
:10019000000000000000000000000000000000005F
:1001A000000000000000000000000000000000004F
:1001B000000000000000000000000000000000003F
:1001C000000100000010000001000000000000001D
:1001D000000001000000000000000000000000001E
:1001E000000000000000000000000000000000000F
:1001F00000000000000000000000000000000000FF
:10020000FFFFFFFFFFFFFFFFFFFFFFFFFFFFFFFFFE
:10021000FFFFFFFFFFFFFFFFFFFFFFFFFFFFFFFFEE
:10022000FFFFFFFFFFFFFFFFFFFFFFFFFFFFFFFFDE
:10023000FFFFFFFFFFFFFFFFFFFFFFFFFFFFFFFFCE
:10024000FFFFFFFFFFFFFFFFFFFFFFFFFFFFFFFFBE
:10025000FFFFFFFFFFFFFFFFFFFFFFFFFFFFFFFFAE
:10026000FFFFFFFFFFFFFFFFFFFFFFFFFFFFFFFF9E
:10027000FFFFFFFFFFFFFFFFFFFFFFFFFFFFFFFF8E
:10028000FFFFFFFFFFFFFFFFFFFFFFFFFFFFFFFF7E
:10029000FFFFFFFFFFFFFFFFFFFFFFFFFFFFFFFF6E
:1002A000FFFFFFFFFFFFFFFFFFFFFFFFFFFFFFFF5E
:1002B000FFFFFFFFFFFFFFFFFFFFFFFFFFFFFFFF4E
:1002C000FFFFFFFFFFFFFFFFFFFFFFFFFFFFFFFF3E
:1002D000FFFFFFFFFFFFFFFFFFFFFFFFFFFFFFFF2E
:1002E000FFFFFFFFFFFFFFFFFFFFFFFFFFFFFFFF1E
:1002F000FFFFFFFFFFFFFFFFFFFFFFFFFFFFFFFF0E
:10030000FFFFFFFFFFFFFFFFFFFFFFFFFFFFFFFFFD
:10031000FFFFFFFFFFFFFFFFFFFFFFFFFFFFFFFFED
:10032000FFFFFFFFFFFFFFFFFFFFFFFFFFFFFFFFDD
:10033000FFFFFFFFFFFFFFFFFFFFFFFFFFFFFFFFCD
:10034000FFFFFFFFFFFFFFFFFFFFFFFFFFFFFFFFBD
:10035000FFFFFFFFFFFFFFFFFFFFFFFFFFFFFFFFAD
:10036000FFFFFFFFFFFFFFFFFFFFFFFFFFFFFFFF9D
:10037000FFFFFFFFFFFFFFFFFFFFFFFFFFFFFFFF8D
:10038000FFFFFFFFFFFFFFFFFFFFFFFFFFFFFFFF7D
:10039000FFFFFFFFFFFFFFFFFFFFFFFFFFFFFFFF6D
:1003A000FFFFFFFFFFFFFFFFFFFFFFFFFFFFFFFF5D
:1003B000FFFFFFFFFFFFFFFFFFFFFFFFFFFFFFFF4D
:1003C000FFFFFFFFFFFFFFFFFFFFFFFFFFFFFFFF3D
:1003D000FFFFFFFFFFFFFFFFFFFFFFFFFFFFFFFF2D
:1003E000FFFFFFFFFFFFFFFFFFFFFFFFFFFFFFFF1D
:1003F000FFFFFFFFFFFFFFFFFFFFFFFFFFFFFFFF0D
:10040000FFFFFFFFFFFFFFFFFFFFFFFFFFFFFFFFFC
:10041000FFFFFFFFFFFFFFFFFFFFFFFFFFFFFFFFEC
:10042000FFFFFFFFFFFFFFFFFFFFFFFFFFFFFFFFDC
:10043000FFFFFFFFFFFFFFFFFFFFFFFFFFFFFFFFCC
:10044000FFFFFFFFFFFFFFFFFFFFFFFFFFFFFFFFBC
:10045000FFFFFFFFFFFFFFFFFFFFFFFFFFFFFFFFAC
:10046000FFFFFFFFFFFFFFFFFFFFFFFFFFFFFFFF9C
:10047000FFFFFFFFFFFFFFFFFFFFFFFFFFFFFFFF8C
:10048000FFFFFFFFFFFFFFFFFFFFFFFFFFFFFFFF7C
:10049000FFFFFFFFFFFFFFFFFFFFFFFFFFFFFFFF6C
:1004A000FFFFFFFFFFFFFFFFFFFFFFFFFFFFFFFF5C
:1004B000FFFFFFFFFFFFFFFFFFFFFFFFFFFFFFFF4C
:1004C000FFFFFFFFFFFFFFFFFFFFFFFFFFFFFFFF3C
:1004D000FFFFFFFFFFFFFFFFFFFFFFFFFFFFFFFF2C
:1004E000FFFFFFFFFFFFFFFFFFFFFFFFFFFFFFFF1C
:1004F000FFFFFFFFFFFFFFFFFFFFFFFFFFFFFFFF0C
:10050000FFFFFFFFFFFFFFFFFFFFFFFFFFFFFFFFFB
:10051000FFFFFFFFFFFFFFFFFFFFFFFFFFFFFFFFEB
:10052000FFFFFFFFFFFFFFFFFFFFFFFFFFFFFFFFDB
:10053000FFFFFFFFFFFFFFFFFFFFFFFFFFFFFFFFCB
:10054000FFFFFFFFFFFFFFFFFFFFFFFFFFFFFFFFBB
:10055000FFFFFFFFFFFFFFFFFFFFFFFFFFFFFFFFAB
:10056000FFFFFFFFFFFFFFFFFFFFFFFFFFFFFFFF9B
:10057000FFFFFFFFFFFFFFFFFFFFFFFFFFFFFFFF8B
:10058000FFFFFFFFFFFFFFFFFFFFFFFFFFFFFFFF7B
:10059000FFFFFFFFFFFFFFFFFFFFFFFFFFFFFFFF6B
:1005A000FFFFFFFFFFFFFFFFFFFFFFFFFFFFFFFF5B
:1005B000FFFFFFFFFFFFFFFFFFFFFFFFFFFFFFFF4B
:1005C000FFFFFFFFFFFFFFFFFFFFFFFFFFFFFFFF3B
:1005D000FFFFFFFFFFFFFFFFFFFFFFFFFFFFFFFF2B
:1005E000FFFFFFFFFFFFFFFFFFFFFFFFFFFFFFFF1B
:1005F000FFFFFFFFFFFFFFFFFFFFFFFFFFFFFFFF0B
:10060000FFFFFFFFFFFFFFFFFFFFFFFFFFFFFFFFFA
:10061000FFFFFFFFFFFFFFFFFFFFFFFFFFFFFFFFEA
:10062000FFFFFFFFFFFFFFFFFFFFFFFFFFFFFFFFDA
:10063000FFFFFFFFFFFFFFFFFFFFFFFFFFFFFFFFCA
:10064000FFFFFFFFFFFFFFFFFFFFFFFFFFFFFFFFBA
:10065000FFFFFFFFFFFFFFFFFFFFFFFFFFFFFFFFAA
:10066000FFFFFFFFFFFFFFFFFFFFFFFFFFFFFFFF9A
:10067000FFFFFFFFFFFFFFFFFFFFFFFFFFFFFFFF8A
:10068000FFFFFFFFFFFFFFFFFFFFFFFFFFFFFFFF7A
:10069000FFFFFFFFFFFFFFFFFFFFFFFFFFFFFFFF6A
:1006A000FFFFFFFFFFFFFFFFFFFFFFFFFFFFFFFF5A
:1006B000FFFFFFFFFFFFFFFFFFFFFFFFFFFFFFFF4A
:1006C000FFFFFFFFFFFFFFFFFFFFFFFFFFFFFFFF3A
:1006D000FFFFFFFFFFFFFFFFFFFFFFFFFFFFFFFF2A
:1006E000FFFFFFFFFFFFFFFFFFFFFFFFFFFFFFFF1A
:1006F000FFFFFFFFFFFFFFFFFFFFFFFFFFFFFFFF0A
:10070000FFFFFFFFFFFFFFFFFFFFFFFFFFFFFFFFF9
:10071000FFFFFFFFFFFFFFFFFFFFFFFFFFFFFFFFE9
:10072000FFFFFFFFFFFFFFFFFFFFFFFFFFFFFFFFD9
:10073000FFFFFFFFFFFFFFFFFFFFFFFFFFFFFFFFC9
:10074000FFFFFFFFFFFFFFFFFFFFFFFFFFFFFFFFB9
:10075000FFFFFFFFFFFFFFFFFFFFFFFFFFFFFFFFA9
:10076000FFFFFFFFFFFFFFFFFFFFFFFFFFFFFFFF99
:10077000FFFFFFFFFFFFFFFFFFFFFFFFFFFFFFFF89
:10078000FFFFFFFFFFFFFFFFFFFFFFFFFFFFFFFF79
:10079000FFFFFFFFFFFFFFFFFFFFFFFFFFFFFFFF69
:1007A000FFFFFFFFFFFFFFFFFFFFFFFFFFFFFFFF59
:1007B000FFFFFFFFFFFFFFFFFFFFFFFFFFFFFFFF49
:1007C000FFFFFFFFFFFFFFFFFFFFFFFFFFFFFFFF39
:1007D000FFFFFFFFFFFFFFFFFFFFFFFFFFFFFFFF29
:1007E000FFFFFFFFFFFFFFFFFFFFFFFFFFFFFFFF19
:1007F000FFFFFFFFFFFFFFFFFFFFFFFFFFFFFFFF09
:10080000FFFFFFFFFFFFFFFFFFFFFFFFFFFFFFFFF8
:10081000FFFFFFFFFFFFFFFFFFFFFFFFFFFFFFFFE8
:10082000FFFFFFFFFFFFFFFFFFFFFFFFFFFFFFFFD8
:10083000FFFFFFFFFFFFFFFFFFFFFFFFFFFFFFFFC8
:10084000FFFFFFFFFFFFFFFFFFFFFFFFFFFFFFFFB8
:10085000FFFFFFFFFFFFFFFFFFFFFFFFFFFFFFFFA8
:10086000FFFFFFFFFFFFFFFFFFFFFFFFFFFFFFFF98
:10087000FFFFFFFFFFFFFFFFFFFFFFFFFFFFFFFF88
:10088000FFFFFFFFFFFFFFFFFFFFFFFFFFFFFFFF78
:10089000FFFFFFFFFFFFFFFFFFFFFFFFFFFFFFFF68
:1008A000FFFFFFFFFFFFFFFFFFFFFFFFFFFFFFFF58
:1008B000FFFFFFFFFFFFFFFFFFFFFFFFFFFFFFFF48
:1008C000FFFFFFFFFFFFFFFFFFFFFFFFFFFFFFFF38
:1008D000FFFFFFFFFFFFFFFFFFFFFFFFFFFFFFFF28
:1008E000FFFFFFFFFFFFFFFFFFFFFFFFFFFFFFFF18
:1008F000FFFFFFFFFFFFFFFFFFFFFFFFFFFFFFFF08
:10090000FFFFFFFFFFFFFFFFFFFFFFFFFFFFFFFFF7
:10091000FFFFFFFFFFFFFFFFFFFFFFFFFFFFFFFFE7
:10092000FFFFFFFFFFFFFFFFFFFFFFFFFFFFFFFFD7
:10093000FFFFFFFFFFFFFFFFFFFFFFFFFFFFFFFFC7
:10094000FFFFFFFFFFFFFFFFFFFFFFFFFFFFFFFFB7
:10095000FFFFFFFFFFFFFFFFFFFFFFFFFFFFFFFFA7
:10096000FFFFFFFFFFFFFFFFFFFFFFFFFFFFFFFF97
:10097000FFFFFFFFFFFFFFFFFFFFFFFFFFFFFFFF87
:10098000FFFFFFFFFFFFFFFFFFFFFFFFFFFFFFFF77
:10099000FFFFFFFFFFFFFFFFFFFFFFFFFFFFFFFF67
:1009A000FFFFFFFFFFFFFFFFFFFFFFFFFFFFFFFF57
:1009B000FFFFFFFFFFFFFFFFFFFFFFFFFFFFFFFF47
:1009C000FFFFFFFFFFFFFFFFFFFFFFFFFFFFFFFF37
:1009D000FFFFFFFFFFFFFFFFFFFFFFFFFFFFFFFF27
:1009E000FFFFFFFFFFFFFFFFFFFFFFFFFFFFFFFF17
:1009F000FFFFFFFFFFFFFFFFFFFFFFFFFFFFFFFF07
:100A0000FFFFFFFFFFFFFFFFFFFFFFFFFFFFFFFFF6
:100A1000FFFFFFFFFFFFFFFFFFFFFFFFFFFFFFFFE6
:100A2000FFFFFFFFFFFFFFFFFFFFFFFFFFFFFFFFD6
:100A3000FFFFFFFFFFFFFFFFFFFFFFFFFFFFFFFFC6
:100A4000FFFFFFFFFFFFFFFFFFFFFFFFFFFFFFFFB6
:100A5000FFFFFFFFFFFFFFFFFFFFFFFFFFFFFFFFA6
:100A6000FFFFFFFFFFFFFFFFFFFFFFFFFFFFFFFF96
:100A7000FFFFFFFFFFFFFFFFFFFFFFFFFFFFFFFF86
:100A8000FFFFFFFFFFFFFFFFFFFFFFFFFFFFFFFF76
:100A9000FFFFFFFFFFFFFFFFFFFFFFFFFFFFFFFF66
:100AA000FFFFFFFFFFFFFFFFFFFFFFFFFFFFFFFF56
:100AB000FFFFFFFFFFFFFFFFFFFFFFFFFFFFFFFF46
:100AC000FFFFFFFFFFFFFFFFFFFFFFFFFFFFFFFF36
:100AD000FFFFFFFFFFFFFFFFFFFFFFFFFFFFFFFF26
:100AE000FFFFFFFFFFFFFFFFFFFFFFFFFFFFFFFF16
:100AF000FFFFFFFFFFFFFFFFFFFFFFFFFFFFFFFF06
:100B0000FFFFFFFFFFFFFFFFFFFFFFFFFFFFFFFFF5
:100B1000FFFFFFFFFFFFFFFFFFFFFFFFFFFFFFFFE5
:100B2000FFFFFFFFFFFFFFFFFFFFFFFFFFFFFFFFD5
:100B3000FFFFFFFFFFFFFFFFFFFFFFFFFFFFFFFFC5
:100B4000FFFFFFFFFFFFFFFFFFFFFFFFFFFFFFFFB5
:100B5000FFFFFFFFFFFFFFFFFFFFFFFFFFFFFFFFA5
:100B6000FFFFFFFFFFFFFFFFFFFFFFFFFFFFFFFF95
:100B7000FFFFFFFFFFFFFFFFFFFFFFFFFFFFFFFF85
:100B8000FFFFFFFFFFFFFFFFFFFFFFFFFFFFFFFF75
:100B9000FFFFFFFFFFFFFFFFFFFFFFFFFFFFFFFF65
:100BA000FFFFFFFFFFFFFFFFFFFFFFFFFFFFFFFF55
:100BB000FFFFFFFFFFFFFFFFFFFFFFFFFFFFFFFF45
:100BC000FFFFFFFFFFFFFFFFFFFFFFFFFFFFFFFF35
:100BD000FFFFFFFFFFFFFFFFFFFFFFFFFFFFFFFF25
:100BE000FFFFFFFFFFFFFFFFFFFFFFFFFFFFFFFF15
:100BF000FFFFFFFFFFFFFFFFFFFFFFFFFFFFFFFF05
:100C0000FFFFFFFFFFFFFFFFFFFFFFFFFFFFFFFFF4
:100C1000FFFFFFFFFFFFFFFFFFFFFFFFFFFFFFFFE4
:100C2000FFFFFFFFFFFFFFFFFFFFFFFFFFFFFFFFD4
:100C3000FFFFFFFFFFFFFFFFFFFFFFFFFFFFFFFFC4
:100C4000FFFFFFFFFFFFFFFFFFFFFFFFFFFFFFFFB4
:100C5000FFFFFFFFFFFFFFFFFFFFFFFFFFFFFFFFA4
:100C6000FFFFFFFFFFFFFFFFFFFFFFFFFFFFFFFF94
:100C7000FFFFFFFFFFFFFFFFFFFFFFFFFFFFFFFF84
:100C8000FFFFFFFFFFFFFFFFFFFFFFFFFFFFFFFF74
:100C9000FFFFFFFFFFFFFFFFFFFFFFFFFFFFFFFF64
:100CA000FFFFFFFFFFFFFFFFFFFFFFFFFFFFFFFF54
:100CB000FFFFFFFFFFFFFFFFFFFFFFFFFFFFFFFF44
:100CC000FFFFFFFFFFFFFFFFFFFFFFFFFFFFFFFF34
:100CD000FFFFFFFFFFFFFFFFFFFFFFFFFFFFFFFF24
:100CE000FFFFFFFFFFFFFFFFFFFFFFFFFFFFFFFF14
:100CF000FFFFFFFFFFFFFFFFFFFFFFFFFFFFFFFF04
:100D0000FFFFFFFFFFFFFFFFFFFFFFFFFFFFFFFFF3
:100D1000FFFFFFFFFFFFFFFFFFFFFFFFFFFFFFFFE3
:100D2000FFFFFFFFFFFFFFFFFFFFFFFFFFFFFFFFD3
:100D3000FFFFFFFFFFFFFFFFFFFFFFFFFFFFFFFFC3
:100D4000FFFFFFFFFFFFFFFFFFFFFFFFFFFFFFFFB3
:100D5000FFFFFFFFFFFFFFFFFFFFFFFFFFFFFFFFA3
:100D6000FFFFFFFFFFFFFFFFFFFFFFFFFFFFFFFF93
:100D7000FFFFFFFFFFFFFFFFFFFFFFFFFFFFFFFF83
:100D8000FFFFFFFFFFFFFFFFFFFFFFFFFFFFFFFF73
:100D9000FFFFFFFFFFFFFFFFFFFFFFFFFFFFFFFF63
:100DA000FFFFFFFFFFFFFFFFFFFFFFFFFFFFFFFF53
:100DB000FFFFFFFFFFFFFFFFFFFFFFFFFFFFFFFF43
:100DC000FFFFFFFFFFFFFFFFFFFFFFFFFFFFFFFF33
:100DD000FFFFFFFFFFFFFFFFFFFFFFFFFFFFFFFF23
:100DE000FFFFFFFFFFFFFFFFFFFFFFFFFFFFFFFF13
:100DF000FFFFFFFFFFFFFFFFFFFFFFFFFFFFFFFF03
:100E0000FFFFFFFFFFFFFFFFFFFFFFFFFFFFFFFFF2
:100E1000FFFFFFFFFFFFFFFFFFFFFFFFFFFFFFFFE2
:100E2000FFFFFFFFFFFFFFFFFFFFFFFFFFFFFFFFD2
:100E3000FFFFFFFFFFFFFFFFFFFFFFFFFFFFFFFFC2
:100E4000FFFFFFFFFFFFFFFFFFFFFFFFFFFFFFFFB2
:100E5000FFFFFFFFFFFFFFFFFFFFFFFFFFFFFFFFA2
:100E6000FFFFFFFFFFFFFFFFFFFFFFFFFFFFFFFF92
:100E7000FFFFFFFFFFFFFFFFFFFFFFFFFFFFFFFF82
:100E8000FFFFFFFFFFFFFFFFFFFFFFFFFFFFFFFF72
:100E9000FFFFFFFFFFFFFFFFFFFFFFFFFFFFFFFF62
:100EA000FFFFFFFFFFFFFFFFFFFFFFFFFFFFFFFF52
:100EB000FFFFFFFFFFFFFFFFFFFFFFFFFFFFFFFF42
:100EC000FFFFFFFFFFFFFFFFFFFFFFFFFFFFFFFF32
:100ED000FFFFFFFFFFFFFFFFFFFFFFFFFFFFFFFF22
:100EE000FFFFFFFFFFFFFFFFFFFFFFFFFFFFFFFF12
:100EF000FFFFFFFFFFFFFFFFFFFFFFFFFFFFFFFF02
:100F0000FFFFFFFFFFFFFFFFFFFFFFFFFFFFFFFFF1
:100F1000FFFFFFFFFFFFFFFFFFFFFFFFFFFFFFFFE1
:100F2000FFFFFFFFFFFFFFFFFFFFFFFFFFFFFFFFD1
:100F3000FFFFFFFFFFFFFFFFFFFFFFFFFFFFFFFFC1
:100F4000FFFFFFFFFFFFFFFFFFFFFFFFFFFFFFFFB1
:100F5000FFFFFFFFFFFFFFFFFFFFFFFFFFFFFFFFA1
:100F6000FFFFFFFFFFFFFFFFFFFFFFFFFFFFFFFF91
:100F7000FFFFFFFFFFFFFFFFFFFFFFFFFFFFFFFF81
:100F8000FFFFFFFFFFFFFFFFFFFFFFFFFFFFFFFF71
:100F9000FFFFFFFFFFFFFFFFFFFFFFFFFFFFFFFF61
:100FA000FFFFFFFFFFFFFFFFFFFFFFFFFFFFFFFF51
:100FB000FFFFFFFFFFFFFFFFFFFFFFFFFFFFFFFF41
:100FC000FFFFFFFFFFFFFFFFFFFFFFFFFFFFFFFF31
:100FD000FFFFFFFFFFFFFFFFFFFFFFFFFFFFFFFF21
:100FE000FFFFFFFFFFFFFFFFFFFFFFFFFFFFFFFF11
:100FF000FFFFFFFFFFFFFFFFFFFFFFFFFFFFFFFF01
:10100000D1002043F1150060000000000000000046
:10101000201000600010006000D403600000000099
:101020000000006000E0030000000000FFFFFFFF81
:10103000FFFFFFFFFFFFFFFFFFFFFFFFFFFFFFFFC0
:10104000FFFFFFFFFFFFFFFFFFFFFFFFFFFFFFFFB0
:10105000FFFFFFFFFFFFFFFFFFFFFFFFFFFFFFFFA0
:10106000FFFFFFFFFFFFFFFFFFFFFFFFFFFFFFFF90
:10107000FFFFFFFFFFFFFFFFFFFFFFFFFFFFFFFF80
:10108000FFFFFFFFFFFFFFFFFFFFFFFFFFFFFFFF70
:10109000FFFFFFFFFFFFFFFFFFFFFFFFFFFFFFFF60
:1010A000FFFFFFFFFFFFFFFFFFFFFFFFFFFFFFFF50
:1010B000FFFFFFFFFFFFFFFFFFFFFFFFFFFFFFFF40
:1010C000FFFFFFFFFFFFFFFFFFFFFFFFFFFFFFFF30
:1010D000FFFFFFFFFFFFFFFFFFFFFFFFFFFFFFFF20
:1010E000FFFFFFFFFFFFFFFFFFFFFFFFFFFFFFFF10
:1010F000FFFFFFFFFFFFFFFFFFFFFFFFFFFFFFFF00
:10110000FFFFFFFFFFFFFFFFFFFFFFFFFFFFFFFFEF
:10111000FFFFFFFFFFFFFFFFFFFFFFFFFFFFFFFFDF
:10112000FFFFFFFFFFFFFFFFFFFFFFFFFFFFFFFFCF
:10113000FFFFFFFFFFFFFFFFFFFFFFFFFFFFFFFFBF
:10114000FFFFFFFFFFFFFFFFFFFFFFFFFFFFFFFFAF
:10115000FFFFFFFFFFFFFFFFFFFFFFFFFFFFFFFF9F
:10116000FFFFFFFFFFFFFFFFFFFFFFFFFFFFFFFF8F
:10117000FFFFFFFFFFFFFFFFFFFFFFFFFFFFFFFF7F
:10118000FFFFFFFFFFFFFFFFFFFFFFFFFFFFFFFF6F
:10119000FFFFFFFFFFFFFFFFFFFFFFFFFFFFFFFF5F
:1011A000FFFFFFFFFFFFFFFFFFFFFFFFFFFFFFFF4F
:1011B000FFFFFFFFFFFFFFFFFFFFFFFFFFFFFFFF3F
:1011C000FFFFFFFFFFFFFFFFFFFFFFFFFFFFFFFF2F
:1011D000FFFFFFFFFFFFFFFFFFFFFFFFFFFFFFFF1F
:1011E000FFFFFFFFFFFFFFFFFFFFFFFFFFFFFFFF0F
:1011F000FFFFFFFFFFFFFFFFFFFFFFFFFFFFFFFFFF
:10120000FFFFFFFFFFFFFFFFFFFFFFFFFFFFFFFFEE
:10121000FFFFFFFFFFFFFFFFFFFFFFFFFFFFFFFFDE
:10122000FFFFFFFFFFFFFFFFFFFFFFFFFFFFFFFFCE
:10123000FFFFFFFFFFFFFFFFFFFFFFFFFFFFFFFFBE
:10124000FFFFFFFFFFFFFFFFFFFFFFFFFFFFFFFFAE
:10125000FFFFFFFFFFFFFFFFFFFFFFFFFFFFFFFF9E
:10126000FFFFFFFFFFFFFFFFFFFFFFFFFFFFFFFF8E
:10127000FFFFFFFFFFFFFFFFFFFFFFFFFFFFFFFF7E
:10128000FFFFFFFFFFFFFFFFFFFFFFFFFFFFFFFF6E
:10129000FFFFFFFFFFFFFFFFFFFFFFFFFFFFFFFF5E
:1012A000FFFFFFFFFFFFFFFFFFFFFFFFFFFFFFFF4E
:1012B000FFFFFFFFFFFFFFFFFFFFFFFFFFFFFFFF3E
:1012C000FFFFFFFFFFFFFFFFFFFFFFFFFFFFFFFF2E
:1012D000FFFFFFFFFFFFFFFFFFFFFFFFFFFFFFFF1E
:1012E000FFFFFFFFFFFFFFFFFFFFFFFFFFFFFFFF0E
:1012F000FFFFFFFFFFFFFFFFFFFFFFFFFFFFFFFFFE
:10130000FFFFFFFFFFFFFFFFFFFFFFFFFFFFFFFFED
:10131000FFFFFFFFFFFFFFFFFFFFFFFFFFFFFFFFDD
:10132000FFFFFFFFFFFFFFFFFFFFFFFFFFFFFFFFCD
:10133000FFFFFFFFFFFFFFFFFFFFFFFFFFFFFFFFBD
:10134000FFFFFFFFFFFFFFFFFFFFFFFFFFFFFFFFAD
:10135000FFFFFFFFFFFFFFFFFFFFFFFFFFFFFFFF9D
:10136000FFFFFFFFFFFFFFFFFFFFFFFFFFFFFFFF8D
:10137000FFFFFFFFFFFFFFFFFFFFFFFFFFFFFFFF7D
:10138000FFFFFFFFFFFFFFFFFFFFFFFFFFFFFFFF6D
:10139000FFFFFFFFFFFFFFFFFFFFFFFFFFFFFFFF5D
:1013A000FFFFFFFFFFFFFFFFFFFFFFFFFFFFFFFF4D
:1013B000FFFFFFFFFFFFFFFFFFFFFFFFFFFFFFFF3D
:1013C000FFFFFFFFFFFFFFFFFFFFFFFFFFFFFFFF2D
:1013D000FFFFFFFFFFFFFFFFFFFFFFFFFFFFFFFF1D
:1013E000FFFFFFFFFFFFFFFFFFFFFFFFFFFFFFFF0D
:1013F000FFFFFFFFFFFFFFFFFFFFFFFFFFFFFFFFFD
:10140000824205D051F8043B40F8043B8242F9D8AF
:10141000704700BF044A05494FF0000342F8043BFF
:101420009142FBD8704700BFC0820020803201206B
:1014300008B5BFF34F8F01F0B3F9544C544B08205B
:101440005449C3F85401544AC3F800115348C3F82F
:10145000F0405349FFF7D4FF524A53495348FFF72E
:10146000CFFF534CFFF7D6FF4FF470004FF0E02151
:101470000023504AC1F8880D44F823200133B02BD3
:10148000FAD14D4B80214D4A03F8011B9342FBD109
:101490004FF0E0254A4E4B4A4FF0FF31C5F8084D5A
:1014A000D5F8243D43F4E023C5F8243DF36923F047
:1014B0007F0343F04003F361736A23F07F0343F03B
:1014C000400373629166D1661167516701F070F94C
:1014D0003D4A3E4BA2636322E36300246A61032317
:1014E0003B4AAC612B61C5F8202DD5F8FC2D394B5A
:1014F00042F080723849C5F8FC2D1A6842F00102AA
:101500001A605B680B6001F023FB344801F0F8FCC3
:10151000F16E334B334A41F44051F1661C60C3F81D
:101520000841C3F81841C3F82841C3F83841936B08
:10153000DB0708D442F615632B4951651365936B9D
:1015400043F001039363274A284C936843F0011347
:10155000936001F0BBF901F0A3F801F0C1FC01F0C8
:1015600029FB01F01FF92368132BFCD901F0BEFB06
:101570002368B3F5967FFBD301F018F901F014F955
:1015800001F0BAFC01F094FC30BFFDE70C0D111323
:1015900000800D401B101820A81C03000000000054
:1015A000B4310060C0820020604E03600000002063
:1015B00000800020193F020000E400E0A0E400E009
:1015C00000C00F4000C00A40F9320200F1330200AF
:1015D00000002020001000E01C3101200046C32341
:1015E0000040084000400D400000C056203101205E
:1015F000054B4FF42A01054A05485A641864054A08
:1016000099639546FFF714FF00C00A40FFBFAAAADE
:10161000070020000080042010B5002104461C4B68
:101620004FF0FF3021811A682175C4F81B20F02289
:10163000C4F81510A4F81910C4E903015868C4F8D7
:101640001F009868DB68C4F8230004F12B00C4F87D
:101650002730C4E9001101F0F7FB00210123A4F8B1
:101660002411A4F8263184F82811C4E94711C4E9EB
:101670004B11C4E94D11C4E94F11C4E95111C4E93A
:101680005311C4E9551101F03FFC204610BD00BFC5
:101690006C32002010B5044601F002FCD4F854313D
:1016A00023B104F5A671032208469847D4F84431C3
:1016B00023B104F59E71032208469847D4F83431CB
:1016C00023B104F59671032208469847204610BDC1
:1016D00070B5044601F0F0FB0F4B05681A782AB983
:1016E00001F0EAFB034620461D6070BD206801F052
:1016F000BFFB0022084B22601A7022710028EFD035
:1017000001F0E6FB064601F0D7FB066001F0D4FBD2
:10171000034620461D6070BD1732012070B5754C20
:10172000236833F0020300D070BD73494FF4803555
:10173000724A4CF20F00CB6E43F44063CB664FF419
:1017400080536F49C2F8E450C2F8E800C2F8E410D0
:10175000C2F8E830D2F8E030002BFBDA69494FF4E8
:101760008030694B4FF23805C2F8E80038204A68EB
:101770004FF4804622F400524A604A6842F4020262
:101780004A6043F238020521C3F87C23C3F884235E
:10179000C3F880535D4DC3F89823C3F86803C3F8BA
:1017A00064034FF62900C3F87811C3F874114FF49D
:1017B00000416A6842F440426A600022C5F888101D
:1017C000C5F88460C3F8A8034BF2E900C3F8A4038A
:1017D0003120C3F8B821C3F8B421D3F8302422F063
:1017E000030242F00202C3F83024C3F89403162027
:1017F000474AC3F8A4013220536C23F07E0343F020
:1018000012035364C5F8841001F066FB4149424A53
:10181000C5F88860414B48681268A3FB0232920CFD
:1018200002EB820202EB82024B681B1A9342FBD34B
:10183000364B4FF480420220C3F8842001F04CFB69
:10184000334B4FF40001364A59601A645A6810024B
:10185000FCD51A6C4FF4000192B25960B2F5005FEA
:1018600011D130482A4A5960186453681902FCD5CE
:10187000136C4AF240104FF4000123F00F03516043
:101880009BB283421ED0DFF884C04FF480361D48DF
:101890004FF0010EDCF80430184923F44043164A97
:1018A000214DCCF80430436823F400334360C1F881
:1018B000E460C1F8E050D36E23F44063D366C4F80B
:1018C00000E070BD1948124B516010645A68120252
:1018D000FCD54FF4000116480D4A59605960186450
:1018E00053681B02FCD54FF40001032351602360B1
:1018F00070BD00BF1492002000C00F4000800D405A
:101900000120200000C00A4000801F40004000422B
:1019100000802D40001000E07078002083DE1B4323
:1019200000000A6000000E60011001008002625099
:1019300081005E504FF0013340F2011203604360BA
:101940000281704710B5794C2368042B00F0EB80BE
:10195000FFF7E4FE2268032A01D0002010BD744B7B
:101960004BF2E9017348C3F87C13C3F88013C3F842
:101970008413C3F89813C3F88813C3F88C13C3F8FF
:101980009013C3F88C21C3F89021C3F8A821C3F8A1
:101990009421C3F8A021C3F89821C3F89C214FF4E7
:1019A0008062D3F82C1441F00101C3F82C14D3F851
:1019B000341441F00101C3F83414D3F8381441F061
:1019C0000101C3F83814D3F83C1441F00101C3F805
:1019D0003C14D3F8401441F00101C3F84014002135
:1019E00001F032FAA0220021534801F02DFA5349A8
:1019F0000346534A4F481360086000F5806C034665
:101A0000504A4FF4004080215A60203323F81E0CC6
:101A100002F5C06223F8161C6345F5D145494FF421
:101A20008060DFF814E1B1F8E233474A0EF1A00C10
:101A300043F40053A1F8E23373464FF4B0415A60C7
:101A4000203323F81E0C02F5C06223F8161C6345F0
:101A5000F5D1BEF8821000223C4B41F400519A604F
:101A6000AEF882103A49C3F884104FF48271C3F87B
:101A7000C4101921C3F8C011C721C3F8C411D3F889
:101A8000441141F48071C3F844112A49C3F89021EC
:101A9000C3F880114FF4C061C3F884E1C3F8881122
:101AA0001421C3F80021C3F8F020C3F8EC10C3F8E8
:101AB0009421586E274940F000405866C3F8182119
:101AC000C3F81C21C3F82021C3F824219A681140CF
:101AD000214A41F00071996090682049D0F80802CD
:101AE000926808601E49C2F80812BFF34F8F1D4A62
:101AF0004FF48021D1601C484FF001011B4A58600F
:101B0000BFF35B8FD2E84F0FC2E84C1FBCF1000F50
:101B1000F8D14FF0807216480421BFF35B8F5862F2
:101B20001A615A612160012010BD00BF149200208B
:101B300000801F40C0820020C08600208C790020D9
:101B400090790020404220204024202000802D4019
:101B500024D1F2450080FF7D00ED00E010920020CE
:101B6000117B010000E100E00080FF7F189200205F
:101B70001201007010B40023044C05480549064AC0
:101B8000236003600B60136010BC70471C92002040
:101B9000209200202492002028920020F8B1114ABF
:101BA00040F2DC5138B504460F4B10480025A186A1
:101BB00025630F49C4E904209A88186843F6062370
:101BC0006287A387C4F83600204601F041F9204619
:101BD000084901F0A1F9084B2846636438BD6FF04D
:101BE0000F007047A1B201006C910020318001000C
:101BF00074910020F49100204180010070B584B000
:101C00000E4604460192FFF79DFE019A002838D047
:101C100012B11046FFF78EFE002C47D0334B1A78D6
:101C2000154642BB06222146314801F015F968BB32
:101C3000204601F045F9B0B12D4801F011F90446F4
:101C400088B12C4B1B781D46002B34D0284A2A4BD8
:101C5000106891880622C3F83600598783F83C2023
:101C6000204604B070BD01F027F90E230360002464
:101C7000204604B070BD01F003F900221B4B1A701E
:101C8000D6E701F019F913230360F0E7194B1A782E
:101C9000002ACDD0284601F0E7F8174801F038F9BE
:101CA000164801F0CDF8134B1D70C1E702A802AC35
:101CB00001F0F2F8B2E73146104801F0DDF8104BC0
:101CC000104A29460C4801F00FF930B10A4801F0DA
:101CD000CBF80123074A1370C2E7084801F0B0F8B7
:101CE00001F0EAF873230360C1E700BF707E0020B3
:101CF0006C91002015320120A891002064910020F1
:101D0000611902009D1B00600D490E4A087808B554
:101D100000231360938018B9BDE80840FFF72ABF7D
:101D2000184601F0A1F8084801F0F2F8074801F060
:101D300087F8002302490B70BDE80840FFF71ABF7F
:101D4000153201206C910020A891002064910020A0
:101D50003748384BD0F88020DFF8FCC042F44052BE
:101D6000354900B5C0F88020344AC3F800C0344873
:101D70005A60344A1862DFF8E4C05A623248334A83
:101D8000C3F828C0DA6246F62012186359639963D3
:101D900040F6A311D868DFF8C8E000F07F40DFF814
:101DA000C4C0024340F6C410DA609A686FF30F02B1
:101DB0001143274A9960D9696FF3150141F4C8416D
:101DC000D96199696FF3150141F4C8619961196886
:101DD00021F486511960196801EA0E0EC3F800E07B
:101DE0004FF0000E19680A401A4942F002021A60C8
:101DF0005A696FF3090242F03F025A611A6992B2BE
:101E000042F048621A611A696FF30F0210431861B9
:101E1000D3F8A02022F00202C3F8A0201A6802EA38
:101E20000C0CC3F800C0DA6F1B6CC1F800E000BDF9
:101E300000C00F4000C00C402F002E002200010007
:101E400068050C019501B2004B0040007D00580070
:101E5000BCEFFFFF5C91002040100100DC007A0025
:101E6000B3EFFFFFBFEFFEFF084A094B11680B40BD
:101E700043F48033136013689B04FCD5054AD2F801
:101E8000803023F44053C2F88030704700C00C40CB
:101E9000BFEFFEFF00C00F40214B002010B4C3E98C
:101EA0002000C3E92200C3E92400C3E92600C3F8E7
:101EB000A800BFF34F8F4FF0E0231A491A4AC3F826
:101EC000701FC3F8702FBFF34F8FBFF36F8F174B87
:101ED0000146174C0122D3F808C004F6DC74C3F89D
:101EE00008C01863134B44F81C0C184602330088D2
:101EF000A34212FA80F21144F7D192B20C4B42EA9B
:101F00000142C3F8DC2FBFF34F8F4FF0E023094AA3
:101F1000C3F8682FBFF34F8FBFF36F8F10BC7047AC
:101F200000FF272080FF2720A0FF272000800F40F0
:101F300000F02720C0FF2720994BD3F880300B2BCF
:101F40002DE9F0410D4682B040F0F8804FF0FF31AE
:101F50009448954B954E026820240430514041F33B
:101F60000002013C02EA030282EA5101F7D1B042C9
:101F7000F1D1DFF82C82D8F8A830994240F0DE8009
:101F80002B680C228A4928465B689847284600F04F
:101F90007BFF2A68D8F8A41028465268854BCDE903
:101FA0000012A3FB012784497F09A3FB07232622F4
:101FB0005E09019BC8F8A460984780490A22284618
:101FC000A1FB06312346090901EB4101A6EBC10142
:101FD00000F07AFF2B68C6EB061601225B682846E4
:101FE000774998472346A7EB86010A222846C7EB84
:101FF000071700F069FF2B68012271495B682846CA
:102000009847009923460A22A1EB8701284600F051
:102010005BFF284600F038FF2B68242269495B6883
:102020002846984723461022D8F89810284600F0F2
:102030004BFF284600F028FFD8F888602B68002E58
:1020400040F05781564ED6F88C40002C40F07A81F3
:1020500022225B685C4928469847514B022128465A
:1020600093ED280AB7EEC00A00F012FF2B68042295
:1020700056495B6828469847284600F005FF2B68BC
:102080001D2253495B6828469847524A524800230C
:1020900011680A22A0FB01012846890C00F014FFF8
:1020A0002B6803224D495B6828469847284600F074
:1020B000EBFE4B4B9C68A2070DD5196B494A2B6868
:1020C00091425B6800F03681402247492846984794
:1020D000284600F0D9FE670700F19680260700F138
:1020E0009F80E00600F1A880A10600F1B1806206A1
:1020F00000F1BA80230600F1C38014F4807440F02C
:10210000CC80274BD3F8C06096B1D3F8DC700122A5
:10211000C0333648194602330988834212FA81F2E5
:102120001444F7D193B243EA04439F4200F0238161
:10213000FFF7B2FE012002B0BDE8F0812B68172244
:102140002B4928465B689847284600F09DFE2B687F
:10215000482228495B6828469847284600F094FEA4
:102160002B68492224495B6828469847284600F096
:102170008BFE2B68242221495B6828469847284615
:1021800000F082FE2B6847221D495B68284698476D
:10219000284600F079FE2B683F221A4983E700BFEA
:1021A00000FF272080FF27202083B8EDA8FF2720ED
:1021B000F05200208988888800530020ABAAAAAA80
:1021C0002825002028530020B0570020D457002095
:1021D000DC5700207078002083DE1B43FC57002072
:1021E00000800F40F100AD0BAC590020DCFF272030
:1021F000005800201858002064580020B0580020D3
:10220000D8580020205900202B6827229C492846B6
:102210005B689847284600F037FE26077FF561AFD8
:102220002B682A22974928465B689847284600F081
:102230002BFEE0067FF558AF2B68262292492846F0
:102240005B689847284600F01FFEA1067FF54FAF58
:102250002B6829228D4928465B689847284600F05C
:1022600013FE62067FF546AF2B6821228849284677
:102270005B689847284600F007FE23067FF53DAFD0
:102280002B682122834928465B689847284600F03E
:10229000FBFD14F480743FF434AF2B6829227E498F
:1022A00028465B689847284600F0EEFD7B49286881
:1022B00021228B684468284623F480738B60784918
:1022C000A047284600F0E0FD2B68422275495B6874
:1022D00028469847284600F0D7FD734A734B0721DC
:1022E0001964936B43F040039363BFF34F8F30BF88
:1022F000FDE75B6808226E4928469847234610226E
:10230000D8F88810284600F0DFFD284600F0BCFD14
:102310002B68F7075C686ED4B00700F14D81310778
:1023200000F14181F20600F15381B7066BD52A22F4
:10233000604962E04822604928469847284600F0F4
:10234000A3FDC8E65B6808225C492846984700233D
:10235000D6F88C101022284600F0B6FD284600F072
:1023600093FD2B68A0075E6863D461007FF570AEB3
:102370001B2253495FE0002406E0062F3C463FF451
:10238000D7AE504BD3F8C0604FF0010808FA04F301
:1023900004EB08073342F0D02B680E224A49284646
:1023A0005B6898473946284600F046FD2B680522B1
:1023B00046495B6828469847454B0A22284603EB66
:1023C00084040023616800F07FFD2B6804224149EA
:1023D0005B6828469847616800231022284600F071
:1023E00073FD2B6842463C495B682846984728465F
:1023F00000F04AFDC1E7282238492846A047284670
:1024000000F042FD2B68340672D4F0055C6819D4E4
:10241000B10500F1CE80720500F1C880370500F1EA
:10242000D480F00400F1CE80B10413D531222C49C0
:102430000AE026222B492846B047284600F024FD12
:102440002B6805E6202228492846A047284600F0A8
:102450001BFD2B68320470D4F7035C6864D4B003AE
:1024600000F1AD8071037AD4320300F1B780F70137
:1024700000F1B180B6017FF5E5AD1B221B4955E0A7
:10248000F0590020185A0020445A00206C5A0020AD
:10249000985A0020BC5A0020E05A002000800F40CB
:1024A0000C5B0020305B002000400D4000C00A4063
:1024B0005053002000540020605900206057002035
:1024C0009457002000FF2720745B0020845B0020CD
:1024D000C0FF27208C5B0020942E00205C5300203E
:1024E000245600206C57002014550020445700202B
:1024F0003F4C21225B6828463E4998471022002322
:10250000D4F89010284600F0DFFCD4F890201F2A61
:1025100028D9394B9A4202D320339A4261D32846B4
:1025200000F0B2FC2B6870E7232234492846A0470C
:10253000284600F0A9FC2B6884E55B68212230491D
:10254000284698472A4900231022D1F8941028469B
:1025500000F0BAFC284600F097FC2B687CE72822A4
:102560002849E3E72B681F22274928465B689847DC
:10257000D4F8981000231022284600F0A5FC2B6800
:102580003F2222495B6828469847D4F898100023D8
:102590001022284600F098FC2B681D221C495B681D
:1025A00028469847BBE729221A4926E744221A49B8
:1025B0004AE72D22194947E7212219491DE731220F
:1025C0001849B3E7332218493EE73F2217493BE752
:1025D0002522174911E728221649A7E7162216498E
:1025E000A4E72B684222154928465B68984796E77E
:1025F00000FF27202C540020803201207C56002030
:1026000058560020D456002050540020705400200A
:10261000B0540020AC5300206855002038550020ED
:1026200088530020A0560020F0550020B05500200F
:10263000D85300201857002000570020D054002005
:10264000134BD3F880300B2B1FD14FF0FF32DFF844
:1026500048C0104800B5DFF844E0DCF80030202125
:102660000CF1040C5A4042F30003013903EA000361
:1026700083EA5202F7D1F445EFD1054BD3F8A80015
:10268000801AB0FA80F0400900BD0020704700BFFA
:1026900000FF27202083B8ED80FF2720A8FF2720F8
:1026A0000F4B40F2376C0F4AA020D96E41F44031F5
:1026B000D966D96E41F44071D966C2F844C09064BD
:1026C000936C1B06FCD4084A40F23761A023516486
:1026D0009364936C13F08003FBD1044A137070472A
:1026E00000C00F4000400C4000800C402932012007
:1026F000294A00210123C2F8A000C2F8A410C2F8A0
:10270000B0305369D907FCD501234FF4803C2249EE
:102710005361C2F8A000C2F8A4C0C2F8B0304B693F
:10272000DB07FCD501234FF4003C1B4A4B61C1F889
:10273000A000C1F8A4C0C1F8B0305369D907FCD5D6
:102740000123DFF858C014495361C2F8A000C2F851
:10275000A4C0C2F8B0304B69DB07FCD5D1F800311A
:1027600045F60D504FF0210C9AB2C1F814C08242C8
:1027700010D045F69D518A420AD1C3F34253032B30
:1027800008D0A3F10403B3FA83F35B09180170477F
:10279000002070470820704700402A4004000300D2
:1027A000704700BF704700BF704700BF00BF704751
:1027B0004FF0E02300214FF0100C3448C3F8941D73
:1027C000C3F89CCD4FF0110CC3F8A00D3048C3F8EE
:1027D0009CCD4FF0120CC3F8A00D2E48C3F89CCD31
:1027E0002D4AC3F8A00DDFF8D0C042F015022B48E7
:1027F000C3F89CCDC3F8A00DDFF8C0C02848C3F8CB
:102800009CCDC3F8A00DDFF8B8C0C3F89C2D2548B7
:10281000254AC3F8A0CDC3F89C0DC3F8A02D02F53E
:10282000A022DFF8A0C00C322048C3F89CCDC3F82A
:10283000A02D1F4AC3F89C0DC3F8A02D02F14062E1
:10284000DFF884C002321B48C3F89CCDC3F8A02D2A
:102850000A32C3F89C0DC3F8A02D00BF00BF00BF13
:1028600000BF00BF0122C3F8942DBFF34F8FBFF309
:102870006F8FC3F8501FBFF34F8FBFF36F8FD3F825
:10288000142D42F44032C3F8142D70473F0000105D
:1028900025000807090010008032012021000207EE
:1028A000250008131600202027000B1318000060D5
:1028B0002F000B071A0000801300200014000020D6
:1028C00009000010170000401900007030B5864B59
:1028D00085B0DFF874E21822844D0120C3F85CE271
:1028E0008349C3F86052A5F58055DFF860C2814C7A
:1028F000C3F864E2C3F868522125C3F86CC2C3F878
:1029000070C2C3F874C2C3F878C248F20C7CDA66AD
:102910001A675A679A67DA67C3F88020C3F8842079
:10292000C3F88820C1F82C03734AC1F83003C1F8FA
:102930003403C1F83803C1F83C03C1F85003A1695E
:102940006E4B0A406E486F4913436F4AA361D4F837
:10295000843043F00C03C4F884304FF0FF34036834
:1029600043F002030360036803EA0C031A43674B56
:10297000026044608A68664C1340664A43F0005324
:102980008360C36823F07803C360036A23401A435B
:10299000604B0262026A22405F4C13430022436292
:1029A0008462C46240F20564D1F8B83023F03F037A
:1029B00043F00103C0F8B830D1F8BC30574923F0D8
:1029C0003F0343F00103C0F8BC3002610567C0F863
:1029D00080404567C0F884400224036823F0020366
:1029E000036081614E4B4F49C46143F8042B8B4215
:1029F000FBD1434C236843F001032360256815F0A5
:102A00000105FBD14548022240F2F561A06140F288
:102A10009940E26140F26642C4F8001242F201417C
:102A2000C4F81022404AC4F82002C4F8302240F210
:102A30003542C4F834123D48C4F840223C4AC4F838
:102A400050022846C4F8542242F201223949C4F8FF
:102A50006012C4F86422FFF74BFE0246002839D00A
:102A6000810201234FF4802021662549C4F8A0503B
:102A7000C4F8A400C4F8B0304B69D807FCD51505DC
:102A80000124039228464C61FFF732FE039A2A4B39
:102A90000244D2B21A7080B1194980024FF48023E7
:102AA00048660846C1F8A050C1F8A430C1F8B0404B
:102AB0004369DB07FCD501234361204900242048FA
:102AC00001230094401A00EB02521E4800F0ECF97A
:102AD00005B030BD1B4B184918600870D860C3E9B9
:102AE000010005B030BD00BF00801F40F91001009B
:102AF00000841F4000C00F40FFFCFF1F0003008048
:102B000000402A4000802A401200FFFFFF37F700F4
:102B100000FFF07C40000080FF000F83F05AF05A65
:102B200000422A4000432A409F041830EB06180A4E
:102B3000063201263806180A2F32012000000070E4
:102B400000000070809F0020F9B00100F9700100C2
:102B500010B5174A4FF480544FF4005E4FF4404CC8
:102B60004FF4803043F24201136913F0020F0DD18C
:102B700013F4005F0FD013F4805F0FD0002BF3DA53
:102B800013F4803F0CD15B060ED510BDC2F818C0FF
:102B900050619161E8E7C2F814E0E5E75461E3E7CA
:102BA0004FF480339361DFE740235361DCE700BFDC
:102BB00000800D40414A03204149F3EE095AD2F802
:102BC00080309FED406A23F001039FED3F5ADFF80C
:102BD00014C100B5C2F88030C2F89000D1F8E010FE
:102BE000DFF804E1CBB23948CEF8003007EE903A76
:102BF0000B0DC1F30B21F8EEE77A06EE903A07EEE3
:102C0000101A334BB8EEC77ACCF80010F8EEE66A2B
:102C1000304937EEC66A37EEC55A76EEC76A77EEA8
:102C2000E57A26EE266AC3ED006A25EE265AD2F82A
:102C3000803067EEA64AC0ED007AC6EE275A2648D5
:102C400085EE276AC4EEA76A75EE875AFCEEE55A50
:102C500036EE076A15EE90CABCEEC66A43EA0C531C
:102C600076EE877AC2F8803016EE103AD2F890C12C
:102C7000FCEEE77A01EA034141EA0C014FF0000C57
:102C800017EE903AC2F89011C3F30B03D2F89011EB
:102C90000B431249C2F89031D2F8803043F002035E
:102CA000C2F880300E4B80F840C0C1F840314FF080
:102CB000E0230122C3F8082100BD00BF00810D40C0
:102CC00000441F400000AA420000B442003101202D
:102CD000043101200000FF0F00E400E0008000202C
:102CE000FD400200F8300120FC300120314B40F65D
:102CF000617210B5C3F8202140F2044400F0F8F8E6
:102D00002D4A2E49D2F880302D4843F00303C2F8F3
:102D100080302C4BC1F8604102681A4203D1D1F8CF
:102D2000A8319A071BD0254A4FF00041244B596324
:102D3000D2F8403143F00203C2F84031D2F84031BA
:102D40009B07FBD44FF400304FF0E0211C4B4FF0B9
:102D50000042C1F88C0219209A6300F0BDF8184BAC
:102D60000021164C4FF080420A209A634FF42072E3
:102D70001960C4F8A801144800F066F84FF4800206
:102D800003464FF4810040F243111860C4F85831F3
:102D90001A640E4B0E4AC4F84811C3F804224FF0CF
:102DA000E0224FF400310123C2F80C11C4F8403185
:102DB00010BD00BF00800D4000C00F4000002E403D
:102DC00000900D40001C1E0000000020008000202C
:102DD0000143020008B50E4B1B6E9B0700D4FBBEDF
:102DE00072B60C4B00200C4AC3F8400103F160435B
:102DF0000A49A3F55F2311649D46BFF34F8F4FF43B
:102E00000013074A0748DB6902609B68984700BFC8
:102E100000441F4000002E4000C00A400300200074
:102E2000000012EB00802020F8B500BFF8BC08BC01
:102E30009E467047000000005FF800F02D3502004C
:102E40005FF800F011CD01005FF800F02DAA02003C
:102E50005FF800F019A501005FF800F085A80200F6
:102E60005FF800F0417B01005FF800F0D5C9010078
:102E70005FF800F0818201005FF800F099CC01005A
:102E80005FF800F0A59301005FF800F045350200FF
:102E90005FF800F0B93502005FF800F03D7B0100FB
:102EA0005FF800F0796A01005FF800F099530200C2
:102EB0005FF800F0BD3B02005FF800F079B102005E
:102EC0005FF800F0717B01005FF800F095350200BB
:102ED0005FF800F0E98101005FF800F0393A020084
:102EE0005FF800F0F53D02005FF800F049D0010006
:102EF0005FF800F06D4A02005FF800F085B1020053
:102F00005FF800F0253702005FF800F055810100FE
:102F10005FF800F0D1CA01005FF800F0CD93010026
:102F200045000000E509000011C600002DC60000A4
:102F300079F800006D480100F54F0100F96B0100C0
:102F4000E9780100F57901007D7A0100D180010066
:0C2F5000391D0200893402001D560200E9
:102F5C001603550053004200200053006500720018
:102F6C00690061006C0000001803540065006500E6
:102F7C006E00730079006400750069006E006F00CC
:102F8C000403090409026200030100C032080B00AB
:102F9C0002020201000904000001020201000524E2
:102FAC000010010524010101042402060524060079
:102FBC00010705820310001009040100020A000039
:102FCC0000070503024000000705840240000009C9
:102FDC0004020002FF6AFF0007058102400001079E
:102FEC00050102400001000009026200030100C05B
:102FFC0032080B0002020201000904000001020267
:10300C00010005240010010524010101042402061D
:10301C0005240600010705820310000509040100C0
:10302C00020A0000000705030200020007058402E3
:10303C000002000904020002FF6AC70007058102B2
:10304C000002010705010200020100000A0600024D
:10305C00EF020140010000006CC00F4003000000B3
:10306C000E0D00003D6702002A360000140000001F
:10307C001300000001000000F4841F402B320000FC
:10308C00140000001300000001000000F8841F4031
:10309C002D3100001400000013000000010000009E
:1030AC00F0841F402CFFFF00140000000000000003
:1030BC00000000000100000000000000EC841F4034
:1030CC0000000000000000006CC00F403000000049
:1030DC00100F00003D6702000127000017000000E0
:1030EC00120000000001000014851F401AFF0000B0
:1030FC0012000000000000000100000018851F40B5
:10310C001BFF000012000000000000000100000086
:10311C0010851F400026FF00170000001200000061
:10312C000000000001010000010000000C851F40A0
:10313C000C851F40000000006CC00F40C000000058
:10314C00504F0000116802000CFF0000130000003B
:10315C00000000000000000024851F400BFF000051
:10316C0013000000000000000000000028851F4034
:10317C000DFF000013000000000000000000000024
:10318C0020851F400A2524001300000012000000B7
:10319C00120000000102030000000000000000000B
:0831AC0000000000000000001B
:1031B400000000000000000000000000000000000B
:1031C40000000000000000000000000000000000FB
:1031D4000548064B1B1AD90F01EBA301491002D075
:1031E400034B03B118477047C0820020C0820020FF
:1031F4000000000008B5054B1BB105490548AFF3B5
:103204000080BDE80840FFF7E3BF00BF00000000F6
:1032140028D0002000E0036003685B68184700BF03
:1032240010B50446103023F0B9F804F1080023F077
:10323400B5F8204623F0B2F8204610BD034B10B574
:10324400044603600EF0BEFB204610BD84630020DC
:10325400054B10B5044603600EF0B4FB20460EF097
:1032640087FB204610BD00BF8463002000B583B0F7
:103274000422694600900DEB02000EF07BFB03B0C4
:1032840000BD00BF00B583B00422694600900DEB79
:1032940002000EF06FFB03B000BD00BF00B583B0A9
:1032A4000422694600900DEB02000EF063FB03B0AC
:1032B40000BD00BF00B583B00422694600900DEB49
:1032C40002000EF057FB03B000BD00BF00B583B091
:1032D4000422694600900DEB02000EF04BFB03B094
:1032E40000BD00BF00B583B00422694600900DEB19
:1032F40002000EF03FFB03B000BD00BF00B583B079
:103304000422694600900DEB02000EF033FB03B07B
:1033140000BD00BF00B583B00422694600900DEBE8
:1033240002000EF027FB03B000BD00BF0346406857
:10333400B8B100B583B001930EF04EFB019B68B1A8
:103344005868026892689047019B58688268013AFD
:1033540082601AB90268D2689047019B184603B08C
:1033640000BD1846704700BF00B5042283B000902A
:1033740069460DEB02000EF0FDFA019803B05DF80A
:1033840004EB0DF05BBC00BF0A4A1368013B1360F9
:1033940003B1704700B5084A83B0CDE90030106826
:1033A40031F0E2FB0199044A009B0846136003B024
:1033B40000BD00BFE08D0020E48D00200A4A1368A0
:1033C400013B136003B1704700B5084A83B0CDE9EF
:1033D4000030106831F0E0FB0199044A009B084674
:1033E400136003B000BD00BF448F0020488F00204D
:1033F40090F8783003B9704700B585B000F10C0C33
:10340400042203A9019002A8CDF80CC00EF0B2FA70
:1034140002980268126A90470022019B83F8782080
:1034240005B000BD2E4B1878D8B12E4B2E4A1B6820
:103434001268134314D02D4B196811F0010110B513
:1034440082B010D02A4814F0B9FE034618B9294AAC
:103454001178002932D183F00100C0B202B010BD4E
:10346400704701207047224C0191204622F030FF22
:10347400019904F1080022F02BFF019904F11000D6
:1034840022F026FF019904F14002184B4FF0010C81
:10349400216622622046184A84F86C10C4F8DC10B5
:1034A400C3F800C0C4E91911144925F08DF8104877
:1034B40014F084FE03460028CDD1C8E701901048DB
:1034C40001680131016023F0E5FB0A4ADFF838C0E6
:1034D400019B0C491370DCF80020801A0860BAE7DD
:1034E4003332012018310120949A0020348C0020BA
:1034F400E08700202B3201208C7B0020710000002B
:10350400D89A0020DC9A0020103101202DE9F04FD8
:10351400AC4DDFB007F0C4F907462B6813F0010483
:1035240000F0138123AB2CACA74D0393D5E90065C0
:1035340015B128460EF048FA3846224642F2107178
:103544002C962D9506F0FCFD2D9820B10EF044FA32
:10355400002840F0EB80DFF8A0B207AF0EAD0DF10C
:10356400540CDA460BF11C060BF1380E4FF001092E
:103574004FF00008BAE80F000FC79AE8070087E881
:1035840007000FCE0FC596E8070085E80700BEE8E0
:103594000F00ACE80F004FF002038DF892908DF805
:1035A400A0800DF1500A8DF8AC304FF00B0305AF3D
:1035B4008DF8A430DBF85430ADF88C301B0C8DF84A
:1035C4008E30BBF854309EE80700ADF88F309BF87E
:1035D40056300DF1340B8CE807002AA88DF8913091
:1035E400FFF750FE4FF07E538DF8AC900DF11809A3
:1035F4008DF892802A9311E040A80DF02FF99DF8E0
:10360400FC30002B61D19DF8F030002B67D19DF880
:10361400CC30002B6DD10DAB4B4573D0039B2646AC
:103624006A4AA64600931DAD5BF8043FDFF8CCC19F
:1036340003EB43031344664A3B6012685AF8043FA1
:103644009342A8BF13467B6059F8043F1C930023A0
:103654008DF88830BCE80F00DCF800C00FC6C6F84F
:1036640000C0BEE80F000FC542233A46C5F800C0AB
:103674001CA9204606F008F82146384609F0F6FF52
:10368400384614F075FB786870B10EF0A5F958B19E
:10369400786803689B68984778688368013B83600F
:1036A40013B90368DB6898479DF87031002BA3D0E9
:1036B400484A013B46A852F82330984740A80DF0E9
:1036C400CDF89DF8FC30002B9DD0434A013B3EA829
:1036D40052F8233098479DF8F030002B97D03F4A9A
:1036E400013B39A852F8233098479DF8CC30002B81
:1036F40091D03B4A013B204652F8233098470DAB0A
:103704004B458BD1102337480021037014F036FB4E
:10371400354A01219DF8AC301170002B4AD19DF837
:10372400A030002B3DD15FB0BDE8F08F2D98036829
:103734009B6898472D988368013B8360002B7FF436
:103744000AAF0368DB68984705E77C2104200EF084
:103754000BF94FF0010800F10C03244AC0F804806F
:10376400064680F878402CACC0F8088002602146F8
:103774002C9323AB0422184603930EF0FBF8DDF8D8
:103784008C90484612F06EFCC5F800800E4D184A25
:103794001849284686F87880C5E9009624F014FF75
:1037A400C4E60E4A013B25A852F8233098475FB07F
:1037B400BDE8F08F084A013B2AA852F82330984705
:1037C400ADE700BFA48C002010930020C49F00200C
:1037D400507E00201C6800204868002004680020F7
:1037E400F4670020A08A0020333201208463002083
:1037F4008C7B00207D010000E40700203C080020B1
:10380400F0B5434D8DB0434E07462B6832681343E1
:1038140026D023F03FFA404B04461978184614F09A
:10382400E1FA23F037FA3D4A001B3D4B10601A6859
:10383400904213D83B4B01221C603B4B1A7037B1AA
:10384400336813443360394B1F700DB0F0BD2B68DF
:1038540001332B60354B1F700DB0F0BD1860E9E7E4
:1038640024F0CEFD324B1B781BB1324B1B78DA07A8
:1038740032D423F00FFA04462748017814F0B2FA40
:1038840023F008FA254A001B254B10601A68904261
:1038940000D9186024F0B4FD254B1B78002BC9D047
:1038A400244B1B78DB07C5D5234B244A1B681268BD
:1038B4009B1A0E2BBED902A827F0E8FF204B214A01
:1038C4001B682149D21A099B204800930A9B22F0C5
:1038D4002BFF24F047FDADE7174B184A1B6812680D
:1038E4009B1A0E2BC5D902A827F0D0FF184A144BF7
:1038F40012681B680192134A1649D21A099B13488D
:1039040000930A9B22F010FF24F02CFDB1E700BFC6
:1039140018310120949A0020A08A0020143101203B
:10392400E8CF0020103101202B320120717E0020CD
:10393400403201203F32012020310120E8310120B2
:10394400887B002000002820A4090020647900203E
:10395400507E0020380900202DE9F04FDFF828823E
:10396400ADF22C6D704ED8F8005034682C1B03D186
:103974000DF22C6DBDE8F08F6C4B2AAFD3F800909C
:103984003846494616F0AAF9694B6A4A1B78D2F8B8
:1039940000A0002B00F0B880674A2792674B1B7881
:1039A400002B00F0AE80644B28937B794846299223
:1039B4002493BB7997F804B02593FB79269316F0EA
:1039C40085F9299A002800F09980DFF86CE107EE68
:1039D400904A5B4CDFF8B491E068B8EE676B594BE2
:1039E4001090D9F80070DFF8A8C115971B68FB1A6E
:1039F400554F07EE103A554B9FED495BB8EE477BA8
:103A04001B68C31A524827EE057B87EE064B07EE68
:103A1400103A504BB8EE477B27EE057B87EE065BEA
:103A24008DED1A4B8DED185B1B6822934A4B1B6876
:103A340021934A4B1B682093494B1B681E93494BA7
:103A44001B681D93484B1B681C93484B1B681693BB
:103A54003B681F93E3691493A369139363691293F7
:103A640023691193CDF820E02699009207912599B6
:103A74003F4B06912499CDE904B1289903912799E4
:103A8400CDE901A1A2684FF4AF610F92DCF80020E8
:103A94000E9202682CA80C9262680D92D3F88420CE
:103AA4000B92D3F88830334A0A9323680993224B44
:103AB40029F06EFE824624F0A3FC2F4B1B7873B1D1
:103AC4002E4B1B78DB070AD52D4AD8F80030126834
:103AD4009B1A0E2B03D924F021FC824518DD3B6888
:103AE40001333B60E368194A35601360D9F800304C
:103AF400144A13600DF22C6DBDE8F08FDFF884E0FA
:103B040065E7204B289350E71E4B0B4A279345E764
:103B140051462CA824F0F8FBE4E700BFAFF3008083
:103B24000000000000408F40C09F00203092002021
:103B340028320120507E0020000A0020717E0020DF
:103B440050D0002044D000204C31012040D000202F
:103B5400E4CF0020D49A0020DC9A0020D89A0020D8
:103B6400E0CF0020E8CF002014310120949A0020F7
:103B740050310120100A0020403201203F32012040
:103B8400E8310120080A00202031012018310120E9
:103B9400909F0020254B19684A1C00B583B01A6019
:103BA40049B3234A2349244824F00EFD234A1368C9
:103BB400591C1160002B32D01D4A2149214824F0A0
:103BC40003FD6021204816F047FE194A1F491E488C
:103BD40024F0FAFC1E4B1F49002243F8042C43E94D
:103BE40003220C338B42F8D11B4B4FF000011A8394
:103BF400997603B000BD4FF4EE72184829F0EEFF39
:103C0400174B1846019316F0B7FF019B154A8833EA
:103C14009A42F6D1144BA2F5EE721A60C1E713482A
:103C240030F0AAFF124A114B1360C5E7448F0020FD
:103C34008C7B00200D02000048920020E08D0020C3
:103C4400D901000034920020503101201573010085
:103C5400D09F0020E8CF0020C4CF00204C8F00204C
:103C6400908F002028910020488F0020E88D0020AC
:103C7400E48D00202DE9F8431B4D40F2EE281B4C47
:103C84001B4FDFF880902E6824F0BAFB2378EBB149
:103C94003B78DB071AD52B68D9F800209B1A0E2B2A
:103CA40014D9144B14491C68204616F061F82046B8
:103CB40015F08EFF41F63611104816F0B1FE0038AB
:103CC4000F4B18BF01201870BDE8F8832B682278C9
:103CD4009B1B2AB1B3F5FA6FE3D824F091FBD3E729
:103CE4004345FAD9DDE700BF2031012040320120ED
:103CF4003F320120309200205C0C00205031012022
:103D040032320120E83101202DE9F047402482B00D
:103D1400534D544E544FDFF89081DFF89091DFF803
:103D240090A109E05A1C2F2A2ED8317861BB2A6051
:103D34004E4AD054013C24D024F07CFA08B324F039
:103D4400BFFA2B68C0B20A2801D00D28EAD1474A2D
:103D540000203178D05479B91368BB4217D0136866
:103D6400434520D013684B4529D01368534540D0B0
:103D740012683F4B9A4261D00023013C2B603370A0
:103D8400DAD102B0BDE8F08701233370D2E71379AA
:103D9400002BE4D1374A9365A2F8693082F86B307E
:103DA400354A1370E8E7354B45F255311888884297
:103DB400D8D19B78002BD5D1FFF7CEFDDCE79388D3
:103DC400482BD2D124F01CFB2D4B284A1B78002B06
:103DD400CBD02C4B1B78DB07C7D52B4B2B491B684F
:103DE40009685B1A0E2BC0D929492A4830F0D0FE45
:103DF400C2E7918842F254039942B9D1264B1B7809
:103E0400BBB91D4A1178F9B1194B9A45B4D1019245
:103E1400FFF77CFB019A1C4B00211868154B996530
:103E2400A3F8691083F86B10012313701B4B1860FF
:103E3400A2E70F4B9A459FD10F4AECE7164B0E4A67
:103E44001B78002BE7D1E2E70A22154827F066FF2A
:103E5400431EB3F55C7F8FD2124B18608CE700BF12
:103E6400709200201932012053544F507492002054
:103E740041524D0050300120283201207892002018
:103E8400403201203F32012020310120E83101205D
:103E9400647900206878002033320120A099002042
:103EA4007A920020507E002053544154435241538F
:103EB4004C494D492DE9F04F89B0924C22F0EAFE6D
:103EC400914B80461B681846039315F081FD2378B7
:103ED400002B00F008818D4FFFF716FF80258C4CD6
:103EE4008C4E07F5C049DFF864A2CDF8088005E0E0
:103EF400894A136801331360013D6DD0236B20465A
:103F040032689A4238BF336016F060F9002863DBE8
:103F1400F2D0214606A815F0FFFF079B5345E7D1D1
:103F2400A36DD4E910820193A2EB080B3A68BBF1AC
:103F3400110F02F101023A6048DD08227749404638
:103F440029F078FD002841D198F80820002A3DD1B5
:103F540098F80920502A39D198F80A1098F80B20BB
:103F640002EB01220D2A31D998F8101098F811208B
:103F740002EB0122911EB1F5FF7F27D8D30725D488
:103F840002F112018B4521D198F90F1098F80F0016
:103F940000291BDB98F80E104FF0AA0E01EB00234A
:103FA4005F4901F12A0BB1F800C0A3EB0C00634593
:103FB4000EFB00FC03D348888445C0F0C980063159
:103FC4005945F0D1BB680133BB6095E77B68013D7F
:103FD40003F101037B6091D1524AD9F85830DDF8DE
:103FE4000880146823B1D9F85C30E31A642B49D8EB
:103FF400D9F86430E31AB3F57A7F02D90023A9F81B
:104004006A30494E3378002B54D122F043FE474B9B
:104014001D68451BFFF706FA80F00103DBB2CBB144
:1040240048F235239D4215D9414A13680133136080
:1040340022F030FE3F4BA0EB08001A68824238BFE2
:1040440018603D4B1B68E41AB4F57A7F55D209B069
:10405400BDE8F08F0028EBD03178D1B148F2352398
:104064009D42E5D999F86930002BE1D043F21B0257
:104074003249334822F084FE002089F86900FFF7B2
:10408400BFFBD5E73B6901333B610023C9F85830D6
:10409400AEE72C4B1B78012BCAD046F64B039D424E
:1040A400C6D943F21B02264829F098FD0120FFF7E8
:1040B400A7FBBDE7039815F009FE58B1224B1B6816
:1040C400E31AB3F57A7FA0D9D9F86030E31AB3F5CF
:1040D4007A7F9AD900233370C9F85830A9F8693027
:1040E40089F86B3091E741F63611094816F098FCCF
:1040F400003818BF01202070EDE609B0BDE8F04F8C
:10410400FFF72ABC323201203092002050D0002028
:1041140050310120E4CF0020909F0020500800205F
:10412400E05D0020203101202832012010310120DF
:10413400D49A0020E0CF0020C09F00208B000120F3
:10414400C49F0020717E0020A09900200A00007DF9
:10415400A0EB0C0000EB4000B0F5FF7F28BF4FF44C
:10416400FF7082428646FFF431AF8A880592D9F8FF
:1041740058205AB1D9F85C2001998A1A642A05D9C1
:104184003A6901323A610022C9F85820D9F864200A
:1041940001998A1AB2F57A7F7BD90022A9F86A209C
:1041A40098F80CB0BBF1000F4FD0D9F858202AB1C1
:1041B4003A6901323A610022C9F85820012289F88B
:1041C40068B0A9F86A20A3F17802012101FA02F388
:1041D400D9F858201A42049357D1002A4DD0059893
:1041E4007246484B08F11201604400EB4000184449
:1041F40022F0C6FD07F5C043019A04995A669A6DE8
:104204000A4341498A429A657FF476AE93F869304D
:1042140013B1FB690133FB6143F21B0239493B488B
:1042240022F0AEFD019BC9F86030BBF1000318BF5A
:10423400012389F86B30FB680133FB600023C9F864
:104244005830012389F8693056E6A3F17802012138
:1042540001FA02F3D9F858200493049B002112EACE
:104264000300A9F86A1046D0BA698B46C9F85810F9
:104274000132BA613A6901323A61019BC9F85C3092
:10428400ADE799F86B20002A9DD0BB690133BB616F
:1042940032E698F80CB099F86A10BBF1000F16D00A
:1042A400002982D099F868209345EAD0ABEB02024A
:1042B400FF21FF32B2FBF1F1C1EB0121521A7F2A37
:1042C4001BD8D9F85820002A3FF475AF70E7A3F142
:1042D4007802012000FA02F3D9F858200493002947
:1042E400BBD012B13A6901323A610022C9F85820B0
:1042F400A9F86A20C1E783466FE77B6901337B61D4
:10430400FAE500BF70D00020FFFFFB1F8B000120E7
:10431400704700BF704700BF704700BF704700BFC1
:10432400704700BF704700BF806870470020704727
:10433400C06E7047406B70477030704738307047BC
:1043440082B0CDE9001202B0704700BF704700BFD1
:104354008068704710B1012380F8A430704700BF13
:104364000123002082B063F30F2002B0704700BF26
:10437400086828B1007FA0F10200B0FA80F040097B
:10438400704700BF10B5046894F800C0BCF1000F7A
:1043940007D090F80CE0F444BCF1FF0FA8BF4FF035
:1043A400FF0C90F818E00EFB0CCC4FEA2C2C81F893
:1043B40000C00168497829B190F80DC06144FF2913
:1043C400A8BFFF2190F819C00CFB0111091211704C
:1043D4000268927822B1817B0A44FF2AA8BFFF2297
:1043E400817E01FB022212121A7010BD027BC17B76
:1043F400437B891A027C90F80EC0D21A437C017365
:10440400A3EB0C0342738373704700BF0368826895
:1044140090F91210013A0B4482600360704700BFA8
:104424004068704780688142CCBF002001207047FB
:1044340090F81BC081F800C0017F1170427F1A7090
:10444400009A837F1370704790F81BC081F800C0F6
:10445400017F1170427F1A70009A837F1370704736
:1044640010B5046894F800C0BCF1000F07D090F8B0
:104474000CE0F444BCF1FF0FA8BF4FF0FF0C90F820
:1044840018E00EFB0CCC4FEA2C2C81F800C001681C
:10449400897829B190F80EC06144FF29A8BFFF2193
:1044A40090F81AC00CFB01110912117002685278BD
:1044B40022B1417B0A44FF2AA8BFFF22417E01FBAF
:1044C400022212121A7010BD027BC17B437B891A2F
:1044D400027C90F80EC0D21A437C0173A3EB0C0348
:1044E40042738373704700BF0368826890F91210A7
:1044F400013A0B4482600360704700BF4068704714
:1045040080688142CCBF00200120704790F81BC016
:1045140081F800C0417F1170027F1A70009A837F76
:104524001370704790F81BC081F800C0417F117070
:10453400027F1A70009A837F1370704710B5046865
:1045440094F801C0BCF1000F07D090F80DE0F444DA
:10455400BCF1FF0FA8BF4FF0FF0C90F819E00EFB61
:104564000CCC4FEA2C2C81F800C00168097829B1E1
:1045740090F80CC06144FF29A8BFFF2190F818C02F
:104584000CFB0111091211700268927822B1817B2F
:104594000A44FF2AA8BFFF22817E01FB02221212D5
:1045A4001A7010BD027BC17B437B891A027C90F890
:1045B4000EC0D21A437C0173A3EB0C0342738373C2
:1045C400704700BF0368826890F91210013A0B44E7
:1045D40082600360704700BF406870478068814212
:1045E400CCBF00200120704790F81CC081F800C0A7
:1045F400C17E1170427F1A70009A837F13707047D6
:1046040090F81CC081F800C0C17E1170427F1A70FE
:10461400009A837F1370704710B5046894F801C042
:10462400BCF1000F07D090F80DE0F444BCF1FF0F8B
:10463400A8BF4FF0FF0C90F819E00EFB0CCC4FEA2A
:104644002C2C81F800C00168897829B190F80EC03B
:104654006144FF29A8BFFF2190F81AC00CFB011187
:10466400091211700268127822B1017B0A44FF2AF0
:10467400A8BFFF22017E01FB022212121A7010BD94
:10468400027BC17B437B891A027C90F80EC0D21A4C
:10469400437C0173A3EB0C0342738373704700BF25
:1046A4000368826890F91210013A0B448260036037
:1046B400704700BF4068704780688142CCBF0020CB
:1046C4000120704790F81CC081F800C0417F117030
:1046D400C27E1A70009A837F1370704790F81CC0D2
:1046E40081F800C0417F1170C27E1A70009A837FE6
:1046F4001370704710B5046894F802C0BCF1000F41
:1047040007D090F80EE0F444BCF1FF0FA8BF4FF0BF
:10471400FF0C90F81AE00EFB0CCC4FEA2C2C81F81D
:1047240000C00168097829B190F80CC06144FF29E0
:10473400A8BFFF2190F818C00CFB011109121170D9
:104744000268527822B1417B0A44FF2AA8BFFF22A3
:10475400417E01FB022212121A7010BD027BC17B42
:10476400437B891A027C90F80EC0D21A437C0173F1
:10477400A3EB0C0342738373704700BF0368826822
:1047840090F91210013A0B4482600360704700BF35
:104794004068704780688142CCBF00200120704788
:1047A40090F81DC081F800C0C17E1170027F1A709C
:1047B400009A837F1370704790F81DC081F800C081
:1047C400C17E1170027F1A70009A837F1370704744
:1047D40010B5046894F802C0BCF1000F07D090F83B
:1047E4000EE0F444BCF1FF0FA8BF4FF0FF0C90F8AB
:1047F4001AE00EFB0CCC4FEA2C2C81F800C00168A7
:10480400497829B190F80DC06144FF29A8BFFF2160
:1048140090F819C00CFB011109121170026812788A
:1048240022B1017B0A44FF2AA8BFFF22017E01FBBB
:10483400022212121A7010BD027BC17B437B891ABB
:10484400027C90F80EC0D21A437C0173A3EB0C03D4
:1048540042738373704700BF0368826890F9121033
:10486400013A0B4482600360704700BF40687047A0
:1048740080688142CCBF00200120704790F81DC0A1
:1048840081F800C0017F1170C27E1A70009A837F84
:104894001370704790F81DC081F800C0017F11703B
:1048A400C27E1A70009A837F1370704710B400237D
:1048B400D1E90042C1E900330460426010BC704792
:1048C4000023C0E9003370470A46036900F1080178
:1048D400406818470A46036900F108014068184710
:1048E40000B5D0F810E013460A4600F10801F4467A
:1048F40040685DF804EB604700B5D0F810E013465B
:104904000A4600F10801F44640685DF804EB60478C
:1049140000B5D0F810E013460A4600F10801F44649
:1049240040685DF804EB604700B5D0F810E013462A
:104934000A4600F10801F44640685DF804EB60475C
:1049440000B5D0F810E013460A4600F10801F44619
:1049540040685DF804EB604700B5D0F810E01346FA
:104964000A4600F10801F44640685DF804EB60472C
:104974009FED077B10B5502204460021A0EC027B7A
:1049840029F02CF9002384F8503010BDAFF30080D7
:1049940000000000000000009FED077B10B55022CE
:1049A40004460021A0EC027B29F018F9002384F8C6
:1049B400503010BDAFF30080000000000000000084
:1049C4009FED077B10B5502204460021A0EC027B2A
:1049D40029F004F9002384F8503010BDAFF30080AF
:1049E40000000000000000009FED077B10B550227E
:1049F40004460021A0EC027B29F0F0F8002384F89F
:104A0400503010BDAFF30080000000000000000033
:104A1400704700BF704700BF704700BF704700BFBA
:104A2400704700BF704700BF704700BF704700BFAA
:104A340003685B68184700BF03685B68184700BFDA
:104A440003685B68184700BF0120704710B504462F
:104A540044310DF031FF204610BD00BF10B582B0C7
:104A6400044601910DF028FF01998A6D91F85C309C
:104A7400A26584F85C3002B010BD00BF0346042276
:104A840000B583B09B7D69460DEB020000930CF0EA
:104A940071FF019803B000BD10B5042282B0044632
:104AA40000910DEB020069460CF064FF019BA375B5
:104AB40002B010BD10B5042282B0044600910DEB83
:104AC400020069460CF056FF019B93E8070084E856
:104AD400070002B010BD00BF10B5042282B0044626
:104AE40000910DEB020069460CF044FF019B93E832
:104AF400070084E8070002B010BD00BF10B504220F
:104B040082B0044600910DEB020069460CF032FFBE
:104B1400DDF804E0A446BEE80F00ACE80F009EE810
:104B240007008CE8070002B010BD00BF10B50422D6
:104B340082B0044600910DEB020069460CF01AFFA6
:104B4400019B0FCB84E80F0002B010BD00B583B009
:104B54000422694600900DEB02000CF00BFF03B039
:104B640000BD00BF00B583B00422694600900DEB80
:104B740002000CF0FFFE03B000BD00BF00B583B01F
:104B84000422694600900DEB02000CF0F3FE03B022
:104B940000BD00BF10B5042282B0044600910DEBA5
:104BA400020069460CF0E6FE019B0022A261A2838A
:104BB4001A46197B2173597B6173997BA173D97B45
:104BC400E173197C2174597C617452F8181B2160BB
:104BD40092E803000A0CA061A183A27793F9122042
:104BE400A2745A68C4E901225B69636102B010BD12
:104BF40000B583B00422694600900DEB02000CF06E
:104C0400B9FE03B000BD00BF10B5042282B0044653
:104C140000910DEB020069460CF0ACFE019B0022F2
:104C2400A261A2831A46197B2173597B6173997B14
:104C3400A173D97BE173197C2174597C617452F896
:104C4400181B216092E803000A0CA061A183A277DB
:104C540093F91220A2745A68C4E901225B69636162
:104C640002B010BD00B583B00422694600900DEB7C
:104C740002000CF07FFE03B000BD00BF10B504229B
:104C840082B0044600910DEB020069460CF072FEFE
:104C9400019B0022A261A2831A46197B2173597BCE
:104CA4006173997BA173D97BE173197C2174597C5D
:104CB400617452F8181B216092E803000A0CA06189
:104CC400A183A27793F91220A2745A68C4E901223D
:104CD4005B69636102B010BD00B583B0042269460C
:104CE40000900DEB02000CF045FE03B000BD00BFC8
:104CF40010B5042282B0044600910DEB020069460F
:104D04000CF038FE019B0022A261A2831A46197B93
:104D14002173597B6173997BA173D97BE173197CEE
:104D24002174597C617452F8181B216092E80300C5
:104D34000A0CA061A183A27793F91220A2745A6885
:104D4400C4E901225B69636102B010BD00B583B0A0
:104D54000422694600900DEB02000CF00BFE03B038
:104D640000BD00BF10B5042282B0044600910DEBD3
:104D7400020069460CF0FEFD019B0022A261A283A1
:104D84001A46197B2173597B6173997BA173D97B73
:104D9400E173197C2174597C617452F8181B2160E9
:104DA40092E803000A0CA061A183A27793F9122070
:104DB400A2745A68C4E901225B69636102B010BD40
:104DC40000B583B00422694600900DEB02000CF09C
:104DD400D1FD03B000BD00BF00B583B00422694615
:104DE40000900DEB02000CF0C5FD03B000BD00BF48
:104DF40000B583B00422009169460DEB02000CF06B
:104E0400B9FD03B000BD00BF00B583B004226946FC
:104E140000900DEB02000CF0ADFD03B000BD00BF2F
:104E240010B5042282B0044600910DEB02006946DD
:104E34000CF0A0FDDDF804E0A446BEE80F00ACE8E9
:104E44000F00BEE80F00ACE80F00BEE80F00ACE8AE
:104E54000F009EE80F008CE80F0002B010BD00BFE9
:104E640000B583B00422009169460DEB02000CF0FA
:104E740081FD03B000BD00BF00B583B004220091E2
:104E840069460DEB02000CF075FD03B000BD00BFD8
:104E940010B5042282B0044600910DEB020069466D
:104EA4000CF068FD019B1B68236002B010BD00BFBD
:104EB40000B583B00422694600900DEB02000CF0AB
:104EC40059FD03B000BD00BF00B5042283B00090BB
:104ED40069460DEB02000CF04DFD0198436C1BB1CB
:104EE40003B05DF804EB184703B000BD00B504221D
:104EF40083B0009069460DEB02000CF03BFD019875
:104F040003685B6803B05DF804EB184700B504223E
:104F140083B0009069460DEB02000CF02BFD019864
:104F240003685B6803B05DF804EB184710B504220E
:104F340082B0044600910DEB020069460CF01AFDA4
:104F4400019B1B68236002B010BD00BF10B5042292
:104F540082B0044600910DEB020069460CF00AFD94
:104F6400019B1B68236002B010BD00BF10B5042272
:104F740082B0044600910DEB020069460CF0FAFC85
:104F8400019B1B68236002B010BD00BF10B5042252
:104F940082B0044600910DEB020069460CF0EAFC75
:104FA400019B1B68236002B010BD00BF30B5042212
:104FB40083B0044600910DEB020069460CF0DAFC64
:104FC400019B064803F108015D6820601B69656068
:104FD400236103C9C4E9020103B030BD5464002055
:104FE40030B5042283B0044600910DEB02006946FB
:104FF4000CF0C0FC019B064803F108015D682060C9
:105004001B696560236103C9C4E9020103B030BDB3
:105014004064002030B5042283B0044600910DEBB7
:10502400020069460CF0A6FC019B064803F1080146
:105034005D6820601B696560236103C9C4E90201DE
:1050440003B030BDA464002030B5042283B004460C
:1050540000910DEB020069460CF08CFC019B0648A4
:1050640003F108015D6820601B696560236103C961
:10507400C4E9020103B030BD9064002030B50422BD
:1050840083B0044600910DEB020069460CF072FCFB
:10509400019B064803F108015D6820601B69656097
:1050A400236103C9C4E9020103B030BD7C6400205C
:1050B40030B5042283B0044600910DEB020069462A
:1050C4000CF058FC019B064803F108015D68206060
:1050D4001B696560236103C9C4E9020103B030BDE3
:1050E4006864002030B5042283B0044600910DEBBF
:1050F400020069460CF03EFC019B064803F10801DE
:105104005D6820601B696560236103C9C4E902010D
:1051140003B030BDCC64002030B5042283B0044613
:1051240000910DEB020069460CF024FC019B06483B
:1051340003F108015D6820601B696560236103C990
:10514400C4E9020103B030BDB864002010B50422E4
:1051540082B0044600910DEB020069460CF00AFC93
:105164000199402220464B6C63640B6C236402B0AB
:10517400BDE810400CF0FEBB10B5042282B004461A
:1051840000910DEB020069460CF0F4FB01994022FA
:1051940020464B6C63640B6C236402B0BDE8104082
:1051A4000CF0E8BB10B5042282B0044600910DEB6C
:1051B400020069460CF0DEFB0199402220464B6C4C
:1051C40063640B6C236402B0BDE810400CF0D2BBE6
:1051D40010B5042282B0044600910DEB020069462A
:1051E4000CF0C8FB0199402220464B6C63640B6CA5
:1051F400236402B0BDE810400CF0BCBB00B583B022
:105204000422694600900DEB02000CF0B3FB03B0DE
:1052140000BD00BF00B5042283B0009069460DEBC9
:1052240002000CF0A7FB0198436C1BB103B05DF8BE
:1052340004EB184703B000BD00B5042283B000900E
:1052440069460DEB02000CF095FB019803685B685E
:1052540003B05DF804EB184700B5042283B0009056
:1052640069460DEB02000CF085FB019803685B684E
:1052740003B05DF804EB184700B583B00422694617
:1052840000900DEB02000CF075FB03B000BD00BFF5
:1052940000B5042283B0009069460DEB02000CF0C7
:1052A40069FB0198436C1BB103B05DF804EB18472C
:1052B40003B000BD00B5042283B0009069460DEB35
:1052C40002000CF057FB019803685B6803B05DF8BB
:1052D40004EB184700B5042283B0009069460DEB37
:1052E40002000CF047FB019803685B6803B05DF8AB
:1052F40004EB184700B583B00422694600900DEB17
:1053040002000CF037FB03B000BD00BF00B504225F
:1053140083B0009069460DEB02000CF02BFB019862
:10532400436C1BB103B05DF804EB184703B000BD38
:1053340000B5042283B0009069460DEB02000CF026
:1053440019FB019803685B6803B05DF804EB184728
:1053540000B5042283B0009069460DEB02000CF006
:1053640009FB019803685B6803B05DF804EB184718
:1053740000B583B00422694600900DEB02000CF0E6
:10538400F9FA03B000BD00BF00B5042283B0009059
:1053940069460DEB02000CF0EDFA0198436C1BB169
:1053A40003B05DF804EB184703B000BD00B5042258
:1053B40083B0009069460DEB02000CF0DBFA019813
:1053C40003685B6803B05DF804EB184700B504227A
:1053D40083B0009069460DEB02000CF0CBFA019803
:1053E40003685B6803B05DF804EB184710B504224A
:1053F40082B0044600910DEB020069460CF0BAFA43
:10540400019B0022D3E90001C3E90022C4E90001A1
:1054140002B010BD10B5042282B0044600910DEB19
:10542400020069460CF0A6FA019B1B68236002B0D7
:1054340010BD00BF10B584B004460422029103A835
:1054440002A90CF097FA0399402220464B6C019173
:1054540063640B6C23640CF08DFA002301994B6494
:1054640004B010BD30B5042283B0044600910DEBA6
:10547400020069460CF07EFA019B064803F108011C
:105484005D6820601B696560236103C9C4E902018A
:1054940003B030BD5464002030B5042283B0044608
:1054A40000910DEB020069460CF064FA019B06487A
:1054B40003F108015D6820601B696560236103C90D
:1054C400C4E9020103B030BD4064002010B50422D9
:1054D40082B0044600910DEB020069460CF04AFAD2
:1054E400019B0022D3E90001C3E90022C4E90001C1
:1054F40002B010BD10B5042282B0044600910DEB39
:10550400020069460CF036FA019B1B68236002B066
:1055140010BD00BF10B584B004460422029103A854
:1055240002A90CF027FA0399402220464B6C019102
:1055340063640B6C23640CF01DFA002301994B6423
:1055440004B010BD30B5042283B0044600910DEBC5
:10555400020069460CF00EFA019B064803F10801AB
:105564005D6820601B696560236103C9C4E90201A9
:1055740003B030BDA464002030B5042283B00446D7
:1055840000910DEB020069460CF0F4F9019B06480A
:1055940003F108015D6820601B696560236103C92C
:1055A400C4E9020103B030BD9064002010B50422A8
:1055B40082B0044600910DEB020069460CF0DAF962
:1055C400019B0022D3E90001C3E90022C4E90001E0
:1055D40002B010BD10B5042282B0044600910DEB58
:1055E400020069460CF0C6F9019B1B68236002B0F7
:1055F40010BD00BF10B584B004460422029103A874
:1056040002A90CF0B7F90399402220464B6C019192
:1056140063640B6C23640CF0ADF9002301994B64B3
:1056240004B010BD30B5042283B0044600910DEBE4
:10563400020069460CF09EF9019B064803F108013B
:105644005D6820601B696560236103C9C4E90201C8
:1056540003B030BD7C64002030B5042283B004461E
:1056640000910DEB020069460CF084F9019B064899
:1056740003F108015D6820601B696560236103C94B
:10568400C4E9020103B030BD6864002010B50422EF
:1056940082B0044600910DEB020069460CF06AF9F1
:1056A400019B0022D3E90001C3E90022C4E90001FF
:1056B40002B010BD10B5042282B0044600910DEB77
:1056C400020069460CF056F9019B1B68236002B086
:1056D40010BD00BF10B584B004460422029103A893
:1056E40002A90CF047F90399402220464B6C019122
:1056F40063640B6C23640CF03DF9002301994B6443
:1057040004B010BD30B5042283B0044600910DEB03
:10571400020069460CF02EF9019B064803F10801CA
:105724005D6820601B696560236103C9C4E90201E7
:1057340003B030BDCC64002030B5042283B00446ED
:1057440000910DEB020069460CF014F9019B064828
:1057540003F108015D6820601B696560236103C96A
:10576400C4E9020103B030BDB864002008B560226A
:10577400002128F033FABDE808400CF051B900BF0D
:105784000BF05CBA59B170B50E46044600250135DC
:1057940020460BF053FA6034AE42F8D170BD704726
:1057A400034B10B5044603600CF00CF9204610BD01
:1057B400CC630020034B10B5044603600CF002F9DF
:1057C400204610BD9C630020034B10B504460360C3
:1057D4000CF0F8F8204610BDDC620020054B10B533
:1057E400044603600CF0EEF820460CF0C1F82046A5
:1057F40010BD00BF9C630020054B10B50446036038
:105804000CF0E0F820460CF0B3F8204610BD00BFC1
:10581400DC620020054B10B5044603600CF0D2F89E
:1058240020460CF0A5F8204610BD00BFCC63002034
:1058340000B583B01421019021F042FB019803B01C
:1058440000BD00BF00B583B01421019021F038FBE6
:10585400019803B000BD00BF00B583B014210190CE
:1058640021F02EFB019803B000BD00BF00B583B04A
:105874001421019021F024FB019803B000BD00BF66
:1058840000B583B01421019021F01AFB019803B0F4
:1058940000BD00BF00B583B01421019021F010FBBE
:1058A400019803B000BD00BF00B583B0142101907E
:1058B40021F006FB019803B000BD00BF00B583B022
:1058C4001421019021F0FCFA019803B000BD00BF3F
:1058D40000B585B00422029002A903A80CF04AF88E
:1058E400039B5868A0B101930CF076F880B1019B3A
:1058F4005868026892689047019B58688368013B26
:1059040083602BB90368DB6805B05DF804EB1847C6
:1059140005B000BD00B585B00422029002A903A819
:105924000CF028F8039B5868A0B101930CF054F8CC
:1059340080B1019B5868026892689047019B58683F
:105944008368013B83602BB90368DB6805B05DF8AD
:1059540004EB184705B000BD00B585B004220290E1
:1059640002A903A80CF006F8039B5868A0B10193A0
:105974000CF032F880B1019B586802689268904735
:10598400019B58688368013B83602BB90368DB681B
:1059940005B05DF804EB184705B000BD00B585B04F
:1059A4000422029002A903A80BF0E4FF039B5868A9
:1059B400A0B101930CF010F880B1019B5868026803
:1059C40092689047019B58688368013B83602BB9B8
:1059D4000368DB6805B05DF804EB184705B000BD4B
:1059E40000B585B00422029002A903A80BF0C2FFFF
:1059F400039B5868A0B101930BF0EEFF80B1019BAB
:105A04005868026892689047019B58688368013B14
:105A140083602BB90368DB6805B05DF804EB1847B5
:105A240005B000BD0A6838B50C460260002305467F
:105A34000C30D1E90121A36040F8041C04F10C01ED
:105A4400636040F8082C0CF027FD94F8643085F866
:105A5400643038BD10B582B0044601910CF01CFDD1
:105A640001998A6D91F85C30A26584F85C3002B0CB
:105A740010BD00BF38B50B6804460D460360D1E97C
:105A84000130C4E9013008B10BF09EFF05F10C01AF
:105A940004F10C000CF010FF95F8643084F86430C5
:105AA40038BD00BFD1E90023C0E9002313B1184673
:105AB4000BF08ABF704700BF10B5042282B00446C1
:105AC40000910DEB020069460BF054FF019BD3E9F2
:105AD4000020C4E9002020B102B0BDE810400BF062
:105AE40073BF02B010BD00BF10B5042282B00446DB
:105AF40000910DEB020069460BF03CFF019BD3E9DA
:105B04000020C4E9002020B102B0BDE810400BF031
:105B14005BBF02B010BD00BF10B5042282B00446C2
:105B240000910DEB020069460BF024FF019BD3E9C1
:105B34000020C4E9002020B102B0BDE810400BF001
:105B440043BF02B010BD00BF10B5042282B00446AA
:105B540000910DEB020069460BF00CFF019BD3E9A9
:105B64000020C4E9002020B102B0BDE810400BF0D1
:105B74002BBF02B010BD00BF04300BF053BD00BFFB
:105B840059B170B50E46041D0025013520460BF0B1
:105B940049FD2434AE42F8D170BD704700B583B0DE
:105BA400019012F039FA0198002103689B6903B04F
:105BB4005DF804EB184700BF70B50C4691689AB0C5
:105BC400002945D00546414801920AF091FA602225
:105BD4000646002102A828F001F802A80BF020FFD5
:105BE40000223B4902A88DF860200A2219920CF089
:105BF40019FA294602A80CF0A1FE364902A80CF0B5
:105C040011FA214602A80CF099FE334902A80CF0BF
:105C140009FA019902A80CF091FE304902A80CF08F
:105C240001FA2F4902A80CF0FDF9214602A80CF054
:105C340085FE2C4902A80CF0F5F902AB8722314607
:105C440001200AF015FA02A80AF0F8FF1AB070BD94
:105C540006461E4801910AF04BFA60220199054656
:105C640002A827F0BBFF02A80BF0DAFE01990A2371
:105C740002A88DF86010164919930CF0D3F9314637
:105C840002A80CF05BFE134902A80CF0CBF92146E4
:105C940002A80CF053FE144902A80CF0C3F91049F1
:105CA40002A80CF0BFF9214602A80CF047FE0D49EA
:105CB40002A80CF0B7F902AB8D22294601200AF0A4
:105CC400D7F902A80AF0BAFF1AB070BD780C002008
:105CD400D40C0020E00C0020F40C00202C0D00203B
:105CE400500D0020800D0020A40D002030B593B08D
:105CF400844609A8DCF800E09CF8184080E80E000F
:105D040007C80FAA25469CF819409CF81AC082E8D7
:105D14000B00BEF8001000209EF802309DF840E011
:105D24000A0AADF83810C9B2BEF1020F8DF8360078
:105D34008DF837008DF83A3060D0BEF1030F42D0B1
:105D4400BEF1010F1AD084460346024601468DF87F
:105D54003A00ADF838001A9CCDF800C00694199C9E
:105D64000594189C0494179C0394169CCDE9010493
:105D74009DF841000AF08AF813B030BDCDE9014C1A
:105D84000DF1370C0FA80095CDF81CC00DF1360CA1
:105D9400CDF818C00DF1380CCDF80CC00DF13A0C4B
:105DA400CDF814C00DF1390CCDF810C00AF0ECF8A0
:105DB4009DF838109DF839209DF83A309DF836C08A
:105DC4009DF83700C7E7CDE9014C0DF1370C0FA85A
:105DD4000095CDF81CC00DF1360CCDF818C00DF1AE
:105DE400380CCDF80CC00DF13A0CCDF814C00DF1FF
:105DF400390CCDF810C00AF08FF8D9E7CDE9014C81
:105E04000DF1370C0FA80095CDF81CC00DF1360C20
:105E1400CDF818C00DF1380CCDF80CC00DF13A0CCA
:105E2400CDF814C00DF1390CCDF810C00AF0E6F825
:105E3400BEE700BF30B593B0844609A8DCF800E0A3
:105E44009CF8184080E80E0007C80FAA25469CF865
:105E540019409CF81AC082E80B00BEF8001000201C
:105E64009EF802309DF840E00A0AADF83810C9B235
:105E7400BEF1020F8DF836008DF837008DF83A30F8
:105E840060D0BEF1030F42D0BEF1010F1AD0844698
:105E94000346024601468DF83A00ADF838001A9CD4
:105EA400CDF800C00694199C0594189C0494179C82
:105EB4000394169CCDE901049DF8410009F0E6FF26
:105EC40013B030BDCDE9014C0DF1370C0FA800958E
:105ED400CDF81CC00DF1360CCDF818C00DF1380CFE
:105EE400CDF80CC00DF13A0CCDF814C00DF1390CFD
:105EF400CDF810C00AF048F89DF838109DF83A2003
:105F04009DF839309DF836C09DF83700C7E7CDE9D4
:105F1400014C0DF1370C0FA80095CDF81CC00DF104
:105F2400360CCDF818C00DF1380CCDF80CC00DF1BD
:105F34003A0CCDF814C00DF1390CCDF810C009F0AD
:105F4400EBFFD9E7CDE9014C0DF1370C0FA8009513
:105F5400CDF81CC00DF1360CCDF818C00DF1380C7D
:105F6400CDF80CC00DF13A0CCDF814C00DF1390C7C
:105F7400CDF810C00AF042F8BEE700BF30B593B0C8
:105F8400844609A8DCF800E09CF8184080E80E007C
:105F940007C80FAA25469CF819409CF81AC082E845
:105FA4000B00BEF8001000209EF802309DF840E07F
:105FB4000A0AADF83810C9B2BEF1020F8DF83600E6
:105FC4008DF837008DF83A3060D0BEF1030F42D01F
:105FD400BEF1010F1AD084460346024601468DF8ED
:105FE4003A00ADF838001A9CCDF800C00694199C0C
:105FF4000594189C0494179C0394169CCDE9010401
:106004009DF8410009F042FF13B030BDCDE9014CC9
:106014000DF1370C0FA80095CDF81CC00DF1360C0E
:10602400CDF818C00DF1380CCDF80CC00DF13A0CB8
:10603400CDF814C00DF1390CCDF810C009F0A4FF4F
:106044009DF839109DF838209DF83A309DF836C0F7
:106054009DF83700C7E7CDE9014C0DF1370C0FA8C7
:106064000095CDF81CC00DF1360CCDF818C00DF11B
:10607400380CCDF80CC00DF13A0CCDF814C00DF16C
:10608400390CCDF810C009F047FFD9E7CDE9014C30
:106094000DF1370C0FA80095CDF81CC00DF1360C8E
:1060A400CDF818C00DF1380CCDF80CC00DF13A0C38
:1060B400CDF814C00DF1390CCDF810C009F09EFFD5
:1060C400BEE700BF30B593B0844609A8DCF800E011
:1060D4009CF8184080E80E0007C80FAA25469CF8D3
:1060E40019409CF81AC082E80B00BEF8001000208A
:1060F4009EF802309DF840E00A0AADF83810C9B2A3
:10610400BEF1020F8DF836008DF837008DF83A3065
:1061140060D0BEF1030F42D0BEF1010F1AD0844605
:106124000346024601468DF83A00ADF838001A9C41
:10613400CDF800C00694199C0594189C0494179CEF
:106144000394169CCDE901049DF8410009F09EFEDC
:1061540013B030BDCDE9014C0DF1370C0FA80095FB
:10616400CDF81CC00DF1360CCDF818C00DF1380C6B
:10617400CDF80CC00DF13A0CCDF814C00DF1390C6A
:10618400CDF810C009F000FF9DF839109DF83A20B1
:106194009DF838309DF836C09DF83700C7E7CDE943
:1061A400014C0DF1370C0FA80095CDF81CC00DF172
:1061B400360CCDF818C00DF1380CCDF80CC00DF12B
:1061C4003A0CCDF814C00DF1390CCDF810C009F01B
:1061D400A3FED9E7CDE9014C0DF1370C0FA80095CA
:1061E400CDF81CC00DF1360CCDF818C00DF1380CEB
:1061F400CDF80CC00DF13A0CCDF814C00DF1390CEA
:10620400CDF810C009F0FAFEBEE700BF30B593B078
:10621400844609A8DCF800E09CF8184080E80E00E9
:1062240007C80FAA25469CF819409CF81AC082E8B2
:106234000B00BEF8001000209EF802309DF840E0EC
:106244000A0AADF83810C9B2BEF1020F8DF8360053
:106254008DF837008DF83A3060D0BEF1030F42D08C
:10626400BEF1010F1AD084460346024601468DF85A
:106274003A00ADF838001A9CCDF800C00694199C79
:106284000594189C0494179C0394169CCDE901046E
:106294009DF8410009F0FAFD13B030BDCDE9014C81
:1062A4000DF1370C0FA80095CDF81CC00DF1360C7C
:1062B400CDF818C00DF1380CCDF80CC00DF13A0C26
:1062C400CDF814C00DF1390CCDF810C009F05CFE06
:1062D4009DF83A109DF838209DF839309DF836C065
:1062E4009DF83700C7E7CDE9014C0DF1370C0FA835
:1062F4000095CDF81CC00DF1360CCDF818C00DF189
:10630400380CCDF80CC00DF13A0CCDF814C00DF1D9
:10631400390CCDF810C009F0FFFDD9E7CDE9014CE7
:106324000DF1370C0FA80095CDF81CC00DF1360CFB
:10633400CDF818C00DF1380CCDF80CC00DF13A0CA5
:10634400CDF814C00DF1390CCDF810C009F056FE8B
:10635400BEE700BF30B593B0844609A8DCF800E07E
:106364009CF8184080E80E0007C80FAA25469CF840
:1063740019409CF81AC082E80B00BEF800100020F7
:106384009EF802309DF840E00A0AADF83810C9B210
:10639400BEF1020F8DF836008DF837008DF83A30D3
:1063A40060D0BEF1030F42D0BEF1010F1AD0844673
:1063B4000346024601468DF83A00ADF838001A9CAF
:1063C400CDF800C00694199C0594189C0494179C5D
:1063D4000394169CCDE901049DF8410009F056FD93
:1063E40013B030BDCDE9014C0DF1370C0FA8009569
:1063F400CDF81CC00DF1360CCDF818C00DF1380CD9
:10640400CDF80CC00DF13A0CCDF814C00DF1390CD7
:10641400CDF810C009F0B8FD9DF83A109DF8392068
:106424009DF838309DF836C09DF83700C7E7CDE9B0
:10643400014C0DF1370C0FA80095CDF81CC00DF1DF
:10644400360CCDF818C00DF1380CCDF80CC00DF198
:106454003A0CCDF814C00DF1390CCDF810C009F088
:106464005BFDD9E7CDE9014C0DF1370C0FA8009580
:10647400CDF81CC00DF1360CCDF818C00DF1380C58
:10648400CDF80CC00DF13A0CCDF814C00DF1390C57
:10649400CDF810C009F0B2FDBEE700BFF0B58FB073
:1064A400047E0DF1240C2646447E8CE80E0003681D
:1064B4000B9A1988807EA2F1020C9B780022BDF809
:1064C40024E0ADF834108DF833200A0A0A9DC9B2CD
:1064D4008DF836300096CDE901407046BCF1050FC9
:1064E40000F28C80DFE80CF02B3E516477030DF151
:1064F400330CCDF818C00DF1340CCDF80CC00DF1EF
:10650400360CCDF814C00DF1350CCDF810C009F0DF
:10651400B7FB179B28469DF833100493169B149CD5
:106524000393159B9DF8352002939DF83630CDE9F1
:1065340000149DF8341009F087FC0FB0F0BD0DF184
:10654400330CCDF818C00DF1340CCDF80CC00DF19E
:10655400360CCDF814C00DF1350CCDF810C009F08F
:1065640045F9D6E70DF1330CCDF818C00DF1340C14
:10657400CDF80CC00DF1360CCDF814C00DF1350C6E
:10658400CDF810C009F046FBC3E70DF1330CCDF88C
:1065940018C00DF1340CCDF80CC00DF1360CCDF84B
:1065A40014C00DF1350CCDF810C009F0F3FAB0E7C2
:1065B4000DF1330CCDF818C00DF1340CCDF80CC02E
:1065C4000DF1360CCDF814C00DF1350CCDF810C01A
:1065D40009F08AFB9DE70DF1330CCDF818C00DF1DD
:1065E400340CCDF80CC00DF1360CCDF814C00DF1FF
:1065F400350CCDF810C009F0CFFB8AE70DF1330C50
:10660400CDF818C00DF1340CCDF80CC00DF1360CDA
:10661400CDF814C00DF1350CCDF810C009F0DEFA38
:1066240077E700BFF0B58FB0047E0DF1240C264649
:10663400447E8CE80E0003680B9A1988807EA2F1D0
:10664400020C9B780022BDF824E0ADF834108DF8DC
:1066540033200A0A0A9DC9B28DF836300096CDE976
:1066640001407046BCF1050F00F28C80DFE80CF0AD
:106674002B3E516477030DF1330CCDF818C00DF1A6
:10668400340CCDF80CC00DF1360CCDF814C00DF15E
:10669400350CCDF810C009F0F3FA179B28469DF885
:1066A40033100493169B149C0393159B9DF836207A
:1066B40002939DF83530CDE900149DF8341009F0AB
:1066C400C3FB0FB0F0BD0DF1330CCDF818C00DF1C4
:1066D400340CCDF80CC00DF1360CCDF814C00DF10E
:1066E400350CCDF810C009F081F8D6E70DF1330C64
:1066F400CDF818C00DF1340CCDF80CC00DF1360CEA
:10670400CDF814C00DF1350CCDF810C009F082FAA3
:10671400C3E70DF1330CCDF818C00DF1340CCDF8EE
:106724000CC00DF1360CCDF814C00DF1350CCDF8BC
:1067340010C009F02FFAB0E70DF1330CCDF818C0F2
:106744000DF1340CCDF80CC00DF1360CCDF814C09D
:106754000DF1350CCDF810C009F0C6FA9DE70DF126
:10676400330CCDF818C00DF1340CCDF80CC00DF17C
:10677400360CCDF814C00DF1350CCDF810C009F06D
:106784000BFB8AE70DF1330CCDF818C00DF1340C76
:10679400CDF80CC00DF1360CCDF814C00DF1350C4C
:1067A400CDF810C009F01AFA77E700BFF0B58FB042
:1067B400047E0DF1240C2646447E8CE80E0003680A
:1067C4000B9A1988807EA2F1020C9B780022BDF8F6
:1067D40024E0ADF834108DF833200A0A0A9DC9B2BA
:1067E4008DF836300096CDE901407046BCF1050FB6
:1067F40000F28C80DFE80CF02B3E516477030DF13E
:10680400330CCDF818C00DF1340CCDF80CC00DF1DB
:10681400360CCDF814C00DF1350CCDF810C009F0CC
:106824002FFA179B28469DF833100493169B149C4B
:106834000393159B9DF8342002939DF83630CDE9DF
:1068440000149DF8351009F0FFFA0FB0F0BD0DF1FA
:10685400330CCDF818C00DF1340CCDF80CC00DF18B
:10686400360CCDF814C00DF1350CCDF810C008F07D
:10687400BDFFD6E70DF1330CCDF818C00DF1340C83
:10688400CDF80CC00DF1360CCDF814C00DF1350C5B
:10689400CDF810C009F0BEF9C3E70DF1330CCDF803
:1068A40018C00DF1340CCDF80CC00DF1360CCDF838
:1068B40014C00DF1350CCDF810C009F06BF9B0E738
:1068C4000DF1330CCDF818C00DF1340CCDF80CC01B
:1068D4000DF1360CCDF814C00DF1350CCDF810C007
:1068E40009F002FA9DE70DF1330CCDF818C00DF153
:1068F400340CCDF80CC00DF1360CCDF814C00DF1EC
:10690400350CCDF810C009F047FA8AE70DF1330CC5
:10691400CDF818C00DF1340CCDF80CC00DF1360CC7
:10692400CDF814C00DF1350CCDF810C009F056F9AE
:1069340077E700BFF0B58FB0047E0DF1240C264636
:10694400447E8CE80E0003680B9A1988807EA2F1BD
:10695400020C9B780022BDF824E0ADF834108DF8C9
:1069640033200A0A0A9DC9B28DF836300096CDE963
:1069740001407046BCF1050F00F28C80DFE80CF09A
:106984002B3E516477030DF1330CCDF818C00DF193
:10699400340CCDF80CC00DF1360CCDF814C00DF14B
:1069A400350CCDF810C009F06BF9179B28469DF8FB
:1069B40033100493169B149C0393159B9DF8362067
:1069C40002939DF83430CDE900149DF8351009F098
:1069D4003BFA0FB0F0BD0DF1330CCDF818C00DF13A
:1069E400340CCDF80CC00DF1360CCDF814C00DF1FB
:1069F400350CCDF810C008F0F9FED6E70DF1330CD4
:106A0400CDF818C00DF1340CCDF80CC00DF1360CD6
:106A1400CDF814C00DF1350CCDF810C009F0FAF81A
:106A2400C3E70DF1330CCDF818C00DF1340CCDF8DB
:106A34000CC00DF1360CCDF814C00DF1350CCDF8A9
:106A440010C009F0A7F8B0E70DF1330CCDF818C069
:106A54000DF1340CCDF80CC00DF1360CCDF814C08A
:106A64000DF1350CCDF810C009F03EF99DE70DF19C
:106A7400330CCDF818C00DF1340CCDF80CC00DF169
:106A8400360CCDF814C00DF1350CCDF810C009F05A
:106A940083F98AE70DF1330CCDF818C00DF1340CED
:106AA400CDF80CC00DF1360CCDF814C00DF1350C39
:106AB400CDF810C009F092F877E700BFF0B58FB0B9
:106AC400047E0DF1240C2646447E8CE80E000368F7
:106AD4000B9A1988807EA2F1020C9B780022BDF8E3
:106AE40024E0ADF834108DF833200A0A0A9DC9B2A7
:106AF4008DF836300096CDE901407046BCF1050FA3
:106B040000F28C80DFE80CF02B3E516477030DF12A
:106B1400330CCDF818C00DF1340CCDF80CC00DF1C8
:106B2400360CCDF814C00DF1350CCDF810C009F0B9
:106B3400A7F8179B28469DF833100493169B149CC2
:106B44000393159B9DF8342002939DF83530CDE9CD
:106B540000149DF8361009F077F90FB0F0BD0DF16F
:106B6400330CCDF818C00DF1340CCDF80CC00DF178
:106B7400360CCDF814C00DF1350CCDF810C008F06A
:106B840035FED6E70DF1330CCDF818C00DF1340CF9
:106B9400CDF80CC00DF1360CCDF814C00DF1350C48
:106BA400CDF810C009F036F8C3E70DF1330CCDF879
:106BB40018C00DF1340CCDF80CC00DF1360CCDF825
:106BC40014C00DF1350CCDF810C008F0E3FFB0E7A8
:106BD4000DF1330CCDF818C00DF1340CCDF80CC008
:106BE4000DF1360CCDF814C00DF1350CCDF810C0F4
:106BF40009F07AF89DE70DF1330CCDF818C00DF1CA
:106C0400340CCDF80CC00DF1360CCDF814C00DF1D8
:106C1400350CCDF810C009F0BFF88AE70DF1330C3C
:106C2400CDF818C00DF1340CCDF80CC00DF1360CB4
:106C3400CDF814C00DF1350CCDF810C008F0CEFF1E
:106C440077E700BFF0B58FB0047E0DF1240C264623
:106C5400447E8CE80E0003680B9A1988807EA2F1AA
:106C6400020C9B780022BDF824E0ADF834108DF8B6
:106C740033200A0A0A9DC9B28DF836300096CDE950
:106C840001407046BCF1050F00F28C80DFE80CF087
:106C94002B3E516477030DF1330CCDF818C00DF180
:106CA400340CCDF80CC00DF1360CCDF814C00DF138
:106CB400350CCDF810C008F0E3FF179B28469DF86B
:106CC40033100493169B149C0393159B9DF8352055
:106CD40002939DF83430CDE900149DF8361009F084
:106CE400B3F80FB0F0BD0DF1330CCDF818C00DF1B1
:106CF400340CCDF80CC00DF1360CCDF814C00DF1E8
:106D0400350CCDF810C008F071FDD6E70DF1330C49
:106D1400CDF818C00DF1340CCDF80CC00DF1360CC3
:106D2400CDF814C00DF1350CCDF810C008F072FF89
:106D3400C3E70DF1330CCDF818C00DF1340CCDF8C8
:106D44000CC00DF1360CCDF814C00DF1350CCDF896
:106D540010C008F01FFFB0E70DF1330CCDF818C0D8
:106D64000DF1340CCDF80CC00DF1360CCDF814C077
:106D74000DF1350CCDF810C008F0B6FF9DE70DF10C
:106D8400330CCDF818C00DF1340CCDF80CC00DF156
:106D9400360CCDF814C00DF1350CCDF810C008F048
:106DA400FBFF8AE70DF1330CCDF818C00DF1340C5C
:106DB400CDF80CC00DF1360CCDF814C00DF1350C26
:106DC400CDF810C008F00AFF77E700BFF0B54C68B3
:106DD40099B00E4607468CB18D6805EB051504EB9A
:106DE400C505AC420AD02368184623B11B68DB6989
:106DF400984700286DD18834AC42F4D1D6F8C0301D
:106E040093B9D6F8A030384633B900F8043B0AF0F9
:106E140007FE384619B0F0BD022300F8043B0AF01F
:106E2400FFFD384619B0F0BD60220021684626F007
:106E3400D5FE68460AF0F4FD00220A2326488DF8A0
:106E44005820179309F054F918B1014668460BF01D
:106E5400E9F8224968460BF0E5F84FF48B7168466F
:106E64000BF0F0F81E4968460BF0DCF81D49684643
:106E74000BF0D8F8D6F8C01068460BF0F9F81A49A8
:106E840068460BF0CFF868460BF058FC0AF062FD38
:106E9400684609F0D3FED6F8BC3083B1D6F8C010EA
:106EA40003EBC10199420AD00833002053F8082C9F
:106EB4000AB182F890008B4203F10803F6D106F17F
:106EC400BC000AF01BF8D6F8A0303846002B9CD042
:106ED400A2E73846012398E7E00D0020001E0020B9
:106EE400540E0020580E00207C0E00202DE9F043A3
:106EF4003D4B99B06022002103600546684626F0A8
:106F04006DFE68460AF08CFD00220A2337488DF88E
:106F14005820179309F0ECF818B1014668460BF0B5
:106F240081F8334968460BF07DF8472168460BF039
:106F340089F8304968460BF075F82F4968460BF01C
:106F440071F805F1440168460BF0F8FC2B496846DA
:106F54000BF068F868460BF0F1FB0AF0FBFC68469E
:106F640009F06CFE05F19C0009F0C8FF684629464B
:106F7400FFF72CFF9DF8004001A809F05FFE002CEC
:106F8400F4D16C68CCB1AF6807EB071704EBC70703
:106F9400A74212D0883454F8883C2646184643B198
:106FA4001B681B6A984720B154F8880C0368DB6897
:106FB4009847B74204F18804EDD105F1BC000AF00A
:106FC40031FB05F19C000AF02DFB05F1440009F0AA
:106FD40035FE05F124000AF025FB281D0AF022FBEA
:106FE400284619B0BDE8F0837C620020E00D002043
:106FF400001E0020540E0020900E0020DC0C002007
:1070040010B50446FFF772FFDC2120461FF058FF3D
:10701400204610BD38B504460D46D1E90030C4E918
:10702400003008B10AF0D0FCAB6805F10C0104F1A2
:107034000C00A3600BF040FC00236A6F042104F1F0
:107044006400C4E91B31C4E91933C4E91D23C4E94C
:107054001F3305F164010AF001FA95F8843084F8CD
:10706400843038BD10B598B0104809F041F860225A
:1070740004460021684626F0B1FD68460AF0D0FCBB
:1070840000220A230A4968468DF8582017930AF00B
:10709400C9FF6B464FF405722146012008F0E8FF52
:1070A400684609F0CBFD18B010BD00BFBC0E00202F
:1070B400180F002090F8183103B9704700B585B057
:1070C40000F10C0C042203A9019002A8CDF80CC015
:1070D4000AF050FC02980268926890470022019BD3
:1070E40083F8182105B000BD90F8E83003B9704763
:1070F40000B585B000F10C0C042203A9019002A88C
:10710400CDF80CC00AF036FC02980268126A904767
:107114000022019B83F8E82005B000BD2DE9F0436F
:10712400344B99B06022002103608046684626F003
:1071340055FD68460AF074FC00220A232E488DF897
:107144005820179308F0D4FF18B1014668460AF096
:1071540069FF2A4968460AF065FF2D2168460AF04E
:1071640071FF274968460AF05DFF264968460AF020
:1071740059FF68460BF0E2FA0AF0ECFB684609F0A6
:107184005DFD0BF065FC41460BF0BCFCD8F80440F7
:10719400E4B1D8F80870682303FB0747A74215D069
:1071A4000025DFF8649002E06834A7420ED06068DE
:1071B4000028F9D003689B694B45CDE90055F3D00D
:1071C4006834DDE900129847A742F0D108F1440081
:1071D40009F034FD08F124000AF024FA08F104004F
:1071E4000AF020FA40460BF0A7FC404619B0BDE86F
:1071F400F08300BF30610020BC0E0020001E002080
:10720400540E0020580F00209111000010B50446C0
:10721400FFF784FFA82120461FF052FE204610BD30
:107224000B1A402B2DE9F0410D4632DD0F1FA1F161
:107234000808DB10046855F8041C50F8232000EB00
:107244008303A24240DD8A4203DB8C4240DB2246B8
:1072540003468742196045F8042C40D0031F0446B6
:1072640053F8046F2146964204DD51F8042B26603E
:107274000C461A60434555F8042CF1D12368214685
:10728400226045F8043CFFF7CBFF201D2B1A402B4E
:10729400CFDC854216D000F1040C654512D0604560
:1072A400DCF800101DD0634603E043F80429834250
:1072B40003D053F8042C9142F7DC0CF1040C196050
:1072C4006545ECD1BDE8F0818C42C0DB8A42C0DA6E
:1072D4000A463B468742196045F8042CBED13C4619
:1072E400CCE70CF1040C034665451960D7D1E9E7F6
:1072F4000B1A402B2DE9F0410D4632DD0F1FA1F191
:107304000808DB10046855F8041C50F8232000EB2F
:107314008303A24240DD8A4203DB8C4240DB2246E7
:1073240003468742196045F8042C40D0031F0446E5
:1073340053F8046F2146964204DD51F8042B26606D
:107344000C461A60434555F8042CF1D123682146B4
:10735400226045F8043CFFF7CBFF201D2B1A402B7D
:10736400CFDC854216D000F1040C654512D060458F
:10737400DCF800101DD0634603E043F8042983427F
:1073840003D053F8042C9142F7DC0CF1040C19607F
:107394006545ECD1BDE8F0818C42C0DB8A42C0DA9D
:1073A4000A463B468742196045F8042CBED13C4648
:1073B400CCE70CF1040C034665451960D7D1E9E725
:1073C4000B1A402B2DE9F0410D4632DD0F1FA1F1C0
:1073D4000808DB10046855F8041C50F8232000EB5F
:1073E4008303A24240DD8A4203DB8C4240DB224617
:1073F40003468742196045F8042C40D0031F044615
:1074040053F8046F2146964204DD51F8042B26609C
:107414000C461A60434555F8042CF1D123682146E3
:10742400226045F8043CFFF7CBFF201D2B1A402BAC
:10743400CFDC854216D000F1040C654512D06045BE
:10744400DCF800101DD0634603E043F804298342AE
:1074540003D053F8042C9142F7DC0CF1040C1960AE
:107464006545ECD1BDE8F0818C42C0DB8A42C0DACC
:107474000A463B468742196045F8042CBED13C4677
:10748400CCE70CF1040C034665451960D7D1E9E754
:10749400BAB100EBC20C0B1D002230B408304C68AA
:1074A40053F8045C0831604543F8042C40F8085C48
:1074B40003F1080341F8042C40F8044CEED130BC2D
:1074C40070477047B2B1F8B5174605460C4600261A
:1074D40001362146284660340AF0DEFF54F8081CC1
:1074E40014F8043CB742A96505F1600505F8043CAD
:1074F400EED1F8BD704700BF30B5054699B00C46D3
:10750400684629460AF0C8FFAA6D95F85C30214602
:10751400284616928DF85C300BF080F8A26D69460F
:1075240094F85C302046AA6585F85C300BF076F858
:10753400169A9DF85C306846A26584F85C3009F0C0
:107544007DFB19B030BD00BF08B56822002126F0CC
:1075540045FB0C30BDE808400AF062BA2AB32DE9B5
:10756400F0410026904600F10C0501F10C04374669
:1075740054F80C3C01362846214645F80C3C683545
:1075840054E9023244F8047C683445F8703C45F808
:107594006C2C44F8707C0AF07FFF14F8103CB04562
:1075A40005F8103CE4D1BDE8F081704730B50D68B2
:1075B4009BB0002D6CD002680B46DFF82CC104464A
:1075C400526962453FD12A7F022A41D1194604F10A
:1075D4009C0009F043FC6022002102A826F0FEFA78
:1075E40002A80AF01DFA00220A2338488DF8602008
:1075F400199308F07DFD18B1014602A80AF012FDA6
:10760400334902A80AF00EFDE22102A80AF01AFD8D
:10761400304902A80AF006FD2F4902A80AF002FD2B
:10762400D4F8A01002A80AF023FD2C4902A80AF0FD
:10763400F9FC02A80BF082F80AF08CF902A809F010
:10764400FDFA1BB030BD01919047019B0028BDD1CC
:107654001E48002408F04CFD60220546002102A8C3
:1076640026F0BCFA02A80AF0DBF90A231C4902A896
:1076740019938DF860400AF0D5FC02ABDD2229464F
:10768400204608F0F5FC02A809F0D8FA1BB030BD7A
:107694000E4808F02DFD60222946044602A826F073
:1076A4009DFA02A80AF0BCF90A230E4902A819930C
:1076B4008DF860500AF0B6FC284602ABD72221466A
:1076C40008F0D6FC02A809F0B9FABAE7E00D0020E8
:1076D400001E0020540E00200C100020942E0020C8
:1076E400BC0F00207C0F0020C111000092B32DE9D3
:1076F400F8430027904600F10C0401F10C053E46C6
:107704004FF0040929462046013755E9032345E98A
:10771400036644E9032355F8043C44F8043C0AF0A6
:10772400BBFEAB6E04F1580005F158018835C4E97D
:107734001A36C4E91666C4E91869C4E91C6609F076
:10774400CBFE883415F8103CB84504F8103CD9D168
:10775400BDE8F883704700BFD1E900234FF0000C67
:10776400C0E9002391F8503080F850C003B9704745
:1077740010B503F1FF3C0446084882B00A460831BC
:1077840050F82C3004F1080001929847019A92F8BD
:10779400502084F8502002B010BD00BF08670020BC
:1077A400D1E900234FF0000CC0E9002391F85030D8
:1077B40080F850C003B9704710B503F1FF3C04468C
:1077C400084882B00A46083150F82C3004F1080009
:1077D40001929847019A92F8502084F8502002B000
:1077E40010BD00BF80670020D1E900234FF0000CDA
:1077F400C0E9002391F8503080F850C003B97047B5
:1078040010B503F1FF3C0446084882B00A4608312B
:1078140050F82C3004F1080001929847019A92F82C
:10782400502084F8502002B010BD00BF44670020EF
:10783400D1E900234FF0000CC0E9002391F8503047
:1078440080F850C003B9704710B503F1FF3C0446FB
:10785400084882B00A46083150F82C3004F1080078
:1078640001929847019A92F8502084F8502002B06F
:1078740010BD00BFBC67002070B5D1E9002300260D
:107884000D460446C0E900238B680C30C1E900664C
:1078940040F8043C0C310AF0FFFD6B6F042205F143
:1078A400640104F16400C4E91D36C4E91966C4E93D
:1078B4001B62C4E91F6609F00FFE95F8843084F852
:1078C400843070BD70B504468CB01F4A0E4654F81F
:1078D400043B054641690293136813F0010F1B4BE7
:1078E4000BD11B4818601B4858601B48D8601B48C4
:1078F40018611B48586101201060002203A8CDE9DB
:107904000713002321460393CDE909330823069383
:107914000023CDE9042309F0DFFD334653F8042B9B
:107924009C422A6005D019462046019309F024FEA2
:10793400019B029A184603A9326009F01DFE03A8B0
:1079440009F070FE0CB070BD408C0020D47900208A
:10795400F5280000FD16000011170000E15E00008C
:10796400E1420000002A3FD02DE9F04F00F1080465
:1079740083B00D1D4FF00009DFF880A01B4EDFF827
:107984008080DFF880B0019255F8042C0023D5F8EC
:1079940010C04FF0080E44F8082C2946DAF80020ED
:1079A400201F134FD2070BD4124A3761F260124AD8
:1079B400C6F804B072610122C6F80080CAF800203B
:1079C40009F10109243544E90133C4E9013EC4E95C
:1079D4000533C4E903C609F07FFD019B24344B45FC
:1079E400D2D103B0BDE8F08F704700BFD479002036
:1079F400E15E000011170000E1420000408C00200D
:107A0400F5280000FD16000010B5042282B00446DB
:107A140000910DEB0200694609F0ACFF019B0022C6
:107A2400A261A2831A46197B2173597B6173997BE6
:107A3400A173D97BE173197C2174597C617452F868
:107A4400181B216092E803000A0CA061A183A277AD
:107A540093F91220A2745A68C4E901225B69636134
:107A640002B010BD1A4A03464869D2F800C010B5E6
:107A74001CF0010F0C68DFF85CC01C6017D1DFF844
:107A840058E0CCF800E0DFF854E0CCF804E0DFF88C
:107A940050E0CCF80CE0DFF84CE0CCF810E0DFF874
:107AA40048E0CCF814E04FF0010EC2F800E00022E8
:107AB4005861082004311A62C3E90320BDE810406C
:107AC400181DC3E90122C3E906C209F0C7BC00BFFF
:107AD400408C0020D4790020F5280000FD16000019
:107AE40011170000E15E0000E14200001A4A03465B
:107AF4004869D2F800C010B51CF0010F0C68DFF81B
:107B04005CC01C6017D1DFF858E0CCF800E0DFF867
:107B140054E0CCF804E0DFF850E0CCF80CE0DFF8F7
:107B24004CE0CCF810E0DFF848E0CCF814E04FF07B
:107B3400010EC2F800E000225861082004311A62E4
:107B4400C3E90320BDE81040181DC3E90122C3E9BD
:107B540006C209F0C1BC00BF408C0020D4790020CB
:107B6400F5280000FD16000011170000E15E00007A
:107B7400E14200002422002110B5044626F02EF82C
:107B840009F004FF0E4B1A6812F0010F0D4A0BD1D5
:107B94000D4911600D4951600D49D1600D491161C4
:107BA4000D4951610121196000230821C4E905022E
:107BB400C4E90133C4E90331C4E9073310BD00BF8C
:107BC400408C0020D4790020F5280000FD16000028
:107BD40011170000E15E0000E1420000C1B1F8B5F8
:107BE4000E46044600250B4F03E001355834AE42DF
:107BF4000DD094F85030002BF7D0013B013504F13F
:107C04000800583457F823309847AE42F1D1F8BDF4
:107C1400704700BFF4660020C1B1F8B50E460446B3
:107C240000250B4F03E001355834AE420DD094F8D3
:107C34005030002BF7D0013B013504F108005834D3
:107C440057F823309847AE42F1D1F8BD704700BFD2
:107C54006C670020C1B1F8B50E46044600250B4FF1
:107C640003E001355834AE420DD094F85030002B67
:107C7400F7D0013B013504F10800583457F823309C
:107C84009847AE42F1D1F8BD704700BF306700207D
:107C9400C1B1F8B50E46044600250B4F03E001358B
:107CA4005834AE420DD094F85030002BF7D0013B3D
:107CB400013504F10800583457F823309847AE4290
:107CC400F1D1F8BD704700BFA86700202DE9F0434B
:107CD4000D4699B0044600296AD10F4623686846C8
:107CE40021469B6898479DF8006001A808F0A6FF0C
:107CF400002E59D03C4BD3F80080B8F1000F47D088
:107D040009F026FE814609F023FEA0EB0903214673
:107D1400684698453CD923689B6898479DF800605D
:107D240001A808F08BFF002E3ED0002DEBD009F007
:107D34000DFEC01B8542E6D82C4808F0D9F9602214
:107D440000210446684625F049FF684609F068FEAC
:107D540000220A23264968468DF8582017930AF012
:107D640061F96B4621222146012008F081F9684619
:107D740008F064FF002019B0BDE8F08325B109F0D4
:107D8400E5FDC01B854217D9042100200BF078F9CA
:107D94002368684621469B6898479DF8006001A8BF
:107DA40008F04CFF002EE9D1012019B0BDE8F083A2
:107DB40009F0CCFD074691E70C4808F099F96022D8
:107DC40000210446684625F009FF684609F028FEAC
:107DD40000220A23064968468DF8582017930AF0B2
:107DE40021F96B462B22BEE74C9100204010002065
:107DF4009C130020FFF76ABFA2B32DE9F8430026C5
:107E0400904600F1080501F10804B146164F04E05C
:107E1400013658355834B0451BD054E9021385F85F
:107E2400489045E9021394F84830002BF0D0013B08
:107E34002146284657F82330984794F8483085F867
:107E4400483043B9013684F8489058355834B04521
:107E5400E3D1BDE8F883054A013B204652F82330BC
:107E64009847EFE7704700BFD0670020A86700205D
:107E7400A2B32DE9F8430026904600F1080501F16C
:107E84000804B146164F04E0013658355834B0455D
:107E94001BD054E9021385F8489045E9021394F87D
:107EA4004830002BF0D0013B2146284657F82330B8
:107EB400984794F8483085F8483043B9013684F837
:107EC400489058355834B045E3D1BDE8F883054AA5
:107ED400013B204652F823309847EFE7704700BF34
:107EE4005867002030670020A2B32DE9F84300262C
:107EF400904600F1080501F10804B146164F04E06C
:107F0400013658355834B0451BD054E9021385F86E
:107F1400489045E9021394F84830002BF0D0013B17
:107F24002146284657F82330984794F8483085F876
:107F3400483043B9013684F8489058355834B04530
:107F4400E3D1BDE8F883054A013B204652F82330CB
:107F54009847EFE7704700BF946700206C670020E4
:107F6400A2B32DE9F8430026904600F1080501F17B
:107F74000804B146164F04E0013658355834B0456C
:107F84001BD054E9021385F8489045E9021394F88C
:107F94004830002BF0D0013B2146284657F82330C7
:107FA400984794F8483085F8483043B9013684F846
:107FB400489058355834B045E3D1BDE8F883054AB4
:107FC400013B204652F823309847EFE7704700BF43
:107FD4001C670020F466002090F8503003B9704705
:107FE400024A013B083052F823301847F466002057
:107FF40090F8503003B97047024A013B083052F8F8
:10800400233018476C67002090F8503003B970474C
:10801400024A013B083052F82330184730670020E9
:1080240090F8503003B97047024A013B083052F8C7
:1080340023301847A8670020F0B597B00D460422F6
:1080440003AC039006A805F11006214609F092FC42
:1080540029460DF11C0E069F51F8045B0DF1280C06
:1080640007C98DE8070096E8070084E807009DE843
:1080740007008EE8070094E807008CE8070095F8ED
:10808400403053BB184B0DF1180C1849AE460E93F3
:108094000124174B174A0F93174B0D911749069755
:1080A400CDE91023164B174ACDE91213164B14923F
:1080B4001593BCE80F00AEE80F00BCE80F00AEE873
:1080C4000F00BCE80F00AEE80F009CE80F008EE83C
:1080D4000F0085F8404017B0F0BD0C4A013B28461C
:1080E40052F823309847CDE73D2B0000ED320000D5
:1080F400D51100003D1200005D1200007112000055
:10810400751200008112000099120000E46700203B
:10811400F0B597B00D46042203AC039006A805F110
:108124001006214609F026FC29460DF11C0E069F77
:1081340051F8045B0DF1280C07C98DE8070096E897
:10814400070084E807009DE807008EE8070094E82C
:1081540007008CE8070095F8403053BB184B0DF12D
:10816400180C1849AE460E930124174B174A0F9367
:10817400174B0D9117490697CDE91023164B174A53
:10818400CDE91213164B14921593BCE80F00AEE818
:108194000F00BCE80F00AEE80F00BCE80F00AEE82B
:1081A4000F009CE80F008EE80F0085F8404017B0E0
:1081B400F0BD0C4A013B284652F823309847CDE7DE
:1081C400A5310000953A0000211600008916000030
:1081D400A9160000BD160000C1160000CD1600004F
:1081E400E5160000E4670020F0B597B00D460422C0
:1081F40003AC039006A805F11006214609F0BAFB6A
:1082040029460DF11C0E069F51F8045B0DF1280C54
:1082140007C98DE8070096E8070084E807009DE891
:1082240007008EE8070094E807008CE8070095F83B
:10823400403053BB184B0DF1180C1849AE460E9341
:108244000124174B174A0F93174B0D9117490697A3
:10825400CDE91023164B174ACDE91213164B14928D
:108264001593BCE80F00AEE80F00BCE80F00AEE8C1
:108274000F00BCE80F00AEE80F009CE80F008EE88A
:108284000F0085F8404017B0F0BD0C4A013B28466A
:1082940052F823309847CDE75D3000000D390000D7
:1082A40045150000AD150000CD150000E1150000D6
:1082B400E5150000F115000009160000E467002030
:1082C400F0B597B00D46042203AC039006A805F15F
:1082D4001006214609F04EFB29460DF11C0E069F9F
:1082E40051F8045B0DF1280C07C98DE8070096E8E6
:1082F400070084E807009DE807008EE8070094E87B
:1083040007008CE8070095F8403053BB184B0DF17B
:10831400180C1849AE460E930124174B174A0F93B5
:10832400174B0D9117490697CDE91023164B174AA1
:10833400CDE91213164B14921593BCE80F00AEE866
:108344000F00BCE80F00AEE80F00BCE80F00AEE879
:108354000F009CE80F008EE80F0085F8404017B02E
:10836400F0BD0C4A013B284652F823309847CDE72C
:10837400152F00008537000069140000D114000097
:10838400F114000005150000091500001515000082
:108394002D150000E4670020F0B597B00D460422C7
:1083A40003AC039006A805F11006214609F0E2FA91
:1083B40029460DF11C0E069F51F8045B0DF1280CA3
:1083C40007C98DE8070096E8070084E807009DE8E0
:1083D40007008EE8070094E807008CE8070095F88A
:1083E400403053BB184B0DF1180C1849AE460E9390
:1083F4000124174B174A0F93174B0D9117490697F2
:10840400CDE91023164B174ACDE91213164B1492DB
:108414001593BCE80F00AEE80F00BCE80F00AEE80F
:108424000F00BCE80F00AEE80F009CE80F008EE8D8
:108434000F0085F8404017B0F0BD0C4A013B2846B8
:1084440052F823309847CDE7CD2D0000FD350000CC
:108454008D130000F513000015140000291400000A
:108464002D1400003914000051140000E4670020AA
:10847400F0B597B00D46042203AC039006A805F1AD
:108484001006214609F076FA29460DF11C0E069FC6
:1084940051F8045B0DF1280C07C98DE8070096E834
:1084A400070084E807009DE807008EE8070094E8C9
:1084B40007008CE8070095F8403053BB184B0DF1CA
:1084C400180C1849AE460E930124174B174A0F9304
:1084D400174B0D9117490697CDE91023164B174AF0
:1084E400CDE91213164B14921593BCE80F00AEE8B5
:1084F4000F00BCE80F00AEE80F00BCE80F00AEE8C8
:108504000F009CE80F008EE80F0085F8404017B07C
:10851400F0BD0C4A013B284652F823309847CDE77A
:10852400852C000075340000B112000019130000FE
:10853400391300004D130000511300005D130000B7
:1085440075130000E467002003464068B8B100B525
:1085540083B0019309F040FA019B68B1586802683E
:1085640092689047019B58688268013A82601AB900
:108574000268D2689047019B184603B000BD1846B4
:10858400704700BFD1E900234FF0000CC0E900237D
:1085940091F8503080F850C003B9704710B503F11A
:1085A400FF3C0446124882B00A46083150F82C3089
:1085B40004F10800019200919847019A009992F8F9
:1085C400500084F8500020B9002382F8503002B0E3
:1085D40010BDDFF820C0431E084600925CF823302B
:1085E4009847009A002382F8503002B010BD00BFB3
:1085F4001C670020F4660020D1E900234FF0000C32
:10860400C0E9002391F8503080F850C003B9704796
:1086140010B503F1FF3C0446124882B00A46083103
:1086240050F82C3004F10800019200919847019A07
:10863400009992F8500084F8500020B9002382F881
:10864400503002B010BDDFF820C0431E084600922F
:108654005CF823309847009A002382F8503002B027
:1086640010BD00BF946700206C670020D1E900238F
:108674004FF0000CC0E9002391F8503080F850C04E
:1086840003B9704710B503F1FF3C0446124882B0A9
:108694000A46083150F82C3004F108000192009188
:1086A4009847019A009992F8500084F8500020B934
:1086B400002382F8503002B010BDDFF820C0431E02
:1086C400084600925CF823309847009A002382F809
:1086D400503002B010BD00BF586700203067002042
:1086E400D1E900234FF0000CC0E9002391F8503089
:1086F40080F850C003B9704710B503F1FF3C04463D
:10870400124882B00A46083150F82C3004F10800AF
:10871400019200919847019A009992F8500084F8C8
:10872400500020B9002382F8503002B010BDDFF8A9
:1087340020C0431E084600925CF823309847009AF4
:10874400002382F8503002B010BD00BFD067002073
:10875400A8670020D1B170B50E46044600256068B4
:1087640078B109F039F960B1606803689B6898478B
:10877400626893681046013B936013B91368DB6821
:10878400984701350834AE42E9D170BD704700BF47
:1087940009B370B50E4600F10C040025204608F01C
:1087A4004DFA54F8040C88B109F016F970B154F874
:1087B400040C03689B68984754F8042C936810468B
:1087C400013B936013B91368DB689847013568343B
:1087D400AE42E3D170BD704729B370B50E4600F1C7
:1087E40064040025204608F01DFFA4F1580008F099
:1087F40025FA54F8600C88B109F0EEF870B154F819
:10880400600C03689B68984754F8602C9368104682
:10881400013B936013B91368DB68984701358834CA
:10882400AE42DFD170BD704710B542689AB00346BE
:108834000C4605920146002251F8080B8DF8602081
:1088440093F850200490002A43D1206804F10802D0
:10885400186091426068586010D093F85000002866
:108864004AD194F8500000285AD1DDE90431C4E912
:1088740000319DF86030C3B91AB010BDDDE90401C0
:1088840094F85030C4E90001002BF2D03949013B7F
:108894001046019251F8233098470023019A84F836
:1088A40050309DF86030002BE6D03349013B104630
:1088B40051F8233006A998479DF8603084F8503069
:1088C400002BD9D02B4A013B06A852F823309847F5
:1088D400D2E72948013A029350F8222006A80191D0
:1088E4009047029B019993F850208DF8602082BB39
:1088F400002283F85020A8E70138DFF878C00191FE
:10890400CDE902235CF82030084698470020039BF9
:1089140083F8500094F85000DDE901120028A4D037
:1089240000F1FF3C08461449029351F82C301146DB
:108934000192984794F85010029B019A83F85010C2
:1089440081B90020DDE9043184F85000C4E9003124
:108954008FE70848013A50F8222008469047DDE99D
:108964000113C5E70139034B104653F821309847EA
:10897400019AE6E7A8670020D067002010B5426896
:108984009AB003460C4605920146002251F8080BA2
:108994008DF8602093F850200490002A43D1206879
:1089A40004F10802186091426068586010D093F88E
:1089B400500000284AD194F8500000285AD1DDE92B
:1089C4000431C4E900319DF86030C3B91AB010BD58
:1089D400DDE9040194F85030C4E90001002BF2D021
:1089E4003949013B1046019251F82330984700233E
:1089F400019A84F850309DF86030002BE6D033495A
:108A0400013B104651F8233006A998479DF8603081
:108A140084F85030002BD9D02B4A013B06A852F8D9
:108A240023309847D2E72948013A029350F822208C
:108A340006A801919047029B019993F850208DF864
:108A4400602082BB002283F85020A8E70138DFF8B9
:108A540078C00191CDE902235CF82030084698479C
:108A64000020039B83F8500094F85000DDE90112C4
:108A74000028A4D000F1FF3C08461449029351F8A1
:108A84002C3011460192984794F85010029B019A99
:108A940083F8501081B90020DDE9043184F85000D6
:108AA400C4E900318FE70848013A50F8222008460B
:108AB4009047DDE90113C5E70139034B104653F82C
:108AC40021309847019AE6E7306700205867002074
:108AD40010B542689AB003460C460592014600223E
:108AE40051F8080B8DF8602093F850200490002A68
:108AF40043D1206804F1080218609142606858600C
:108B040010D093F8500000284AD194F8500000285F
:108B14005AD1DDE90431C4E900319DF86030C3B9AC
:108B24001AB010BDDDE9040194F85030C4E9000125
:108B3400002BF2D03949013B1046019251F8233001
:108B440098470023019A84F850309DF86030002B38
:108B5400E6D03349013B104651F8233006A9984723
:108B64009DF8603084F85030002BD9D02B4A013B5B
:108B740006A852F823309847D2E72948013A0293CD
:108B840050F8222006A801919047029B019993F87E
:108B940050208DF8602082BB002283F85020A8E783
:108BA4000138DFF878C00191CDE902235CF8203068
:108BB400084698470020039B83F8500094F850001F
:108BC400DDE901120028A4D000F1FF3C0846144955
:108BD400029351F82C3011460192984794F85010A2
:108BE400029B019A83F8501081B90020DDE9043119
:108BF40084F85000C4E900318FE70848013A50F87E
:108C0400222008469047DDE90113C5E70139034BEB
:108C1400104653F821309847019AE6E76C67002024
:108C24009467002010B542689AB003460C4605923A
:108C34000146002251F8080B8DF8602093F850206B
:108C44000490002A43D1206804F10802186091427C
:108C54006068586010D093F8500000284AD194F806
:108C6400500000285AD1DDE90431C4E900319DF8EF
:108C74006030C3B91AB010BDDDE9040194F8503076
:108C8400C4E90001002BF2D03949013B104601929E
:108C940051F8233098470023019A84F850309DF806
:108CA4006030002BE6D03349013B104651F82330A5
:108CB40006A998479DF8603084F85030002BD9D02D
:108CC4002B4A013B06A852F823309847D2E729489B
:108CD400013A029350F8222006A801919047029B82
:108CE400019993F850208DF8602082BB002283F80C
:108CF4005020A8E70138DFF878C00191CDE90223BC
:108D04005CF82030084698470020039B83F8500005
:108D140094F85000DDE901120028A4D000F1FF3CD2
:108D240008461449029351F82C3011460192984791
:108D340094F85010029B019A83F8501081B90020D6
:108D4400DDE9043184F85000C4E900318FE70848B4
:108D5400013A50F8222008469047DDE90113C5E79F
:108D64000139034B104653F821309847019AE6E73E
:108D7400F46600201C6700204368A3B110B50446C4
:108D8400184608F029FE68B1606803689B68984734
:108D940060688368013B836023B90368BDE81040C1
:108DA400DB68184710BD7047884200F0AC802DE99D
:108DB400F04F00F168099DB0494500F096800746E0
:108DC40000F174080DF1080B0025019158F80C2CE2
:108DD400414605A858E9024348E902550493CDE900
:108DE400022409F059FB98F858304F458DF86C303F
:108DF40000F084804446CA462DE054E91C3654E908
:108E04000220AAF1680A44F80C1C44E91C2044E935
:108E1400023688B108F0E0FD70B154F86C0C0268B9
:108E24009268904754F86C1C8A680846013A8A6034
:108E340012B90A68D26890470AF10C06204644E940
:108E44001C553146683C09F0E9FB94F85820574515
:108E540084F8C0204CD054F8741C029A8A42CCDCAA
:108E64000AF10C06DA45CAF800201AD0DAF8041020
:108E7400039ADAF808000391CAF80420049A0490CB
:108E8400CAF8082058B108F0A7FD40B10498026858
:108E94009268904704988268013A826052B3CDE99F
:108EA400035505A9304609F0B9FB9DF86C2005A8C7
:108EB4008AF8642007F0C2FE049870B108F08CFDB3
:108EC40058B1049803689B68984704988368013BE9
:108ED400836013B90368DB68984709F16809019B4B
:108EE40008F168084B457FF471AF1DB0BDE8F08F01
:108EF400029AB7E70268D2689047D0E7029ABA4666
:108F040007F10C06AEE7704710B504460C3007F0C5
:108F140095FEA06880B108F05FFD68B1A0680368A1
:108F24009B689847A0688368013B836023B9036802
:108F3400BDE81040DB68184710BD00BF10B50446FB
:108F4400643008F06FFB04F10C0007F077FE6068F2
:108F540080B108F041FD68B1606803689B68984778
:108F640060688368013B836023B90368BDE81040EF
:108F7400DB68184710BD00BF70B50A7D86B00B468C
:108F84000446032A1FD1083103AD04220193029140
:108F9400284602A908F0EEFC039A92B1117994F8DC
:108FA400243000293FD153B1384A013B04F1180061
:108FB400019152F823309847019984F8241006B09F
:108FC40070BD019B1A7D022A1DD103AD0833042212
:108FD40002A92846029308F0CDFC039B9BB19A6832
:108FE40094F824C06ABBBCF1000FE8D00CF1FF3C3C
:108FF400264B04F11800019253F82C309847019A3B
:1090040084F82420DBE794F82430002BD7D01F4ABF
:10901400013B04F1180052F823309847002384F8E8
:10902400243006B070BD07CA85E8070023BB04F1ED
:109034001806032395E8070086E8070084F824301F
:10904400BDE793E8070085E80700BCF1000F09D1EC
:1090540004F11806022395E8070086E8070084F85F
:109064002430ACE70CF1FF3C084B04F1180053F832
:109074002C3006469847EDE7044A013B04F11800FA
:1090840052F8233006469847D3E700BF046800200F
:109094000023884210B582B0D0E900C2C0E9003391
:1090A4004B6806D00C68C0E90043C1E900C202B0B5
:1090B40010BDC0E900C2002BF9D01846019308F096
:1090C4008BFC0028F3D0019B1A68184692689047DD
:1090D400019B9A68013A9A60002AE8D11A681846F6
:1090E400D36802B0BDE81040184700BFF0B59BB08C
:1090F4008268002300F10C070292054602680C46C0
:109104008360394600924268436003A8019209F0E3
:10911400C3F995F8643022468DF864302B4652F832
:10912400041B43F8041B9A420FD06B686268A8685A
:109134006A606360A368AB60A06018B108F04CFC7F
:10914400002847D10023C4E9013304F10C01384657
:1091540009F064FA94F86430616885F86430A068B2
:10916400DDE900230191C4E90023029B0290A3607E
:1091740070B108F031FC58B1029803689B689847B5
:1091840002988368013B836013B90368DB689847DE
:10919400002303A904F10C00CDE9013309F03EFAE0
:1091A4009DF8643003A884F8643007F047FD029802
:1091B40070B108F011FC58B1029803689B68984795
:1091C40002988368013B836013B90368DB6898479E
:1091D4001BB0F0BDA06803689B689847A0688368CB
:1091E400013B8360002BADD10368DB689847A9E796
:1091F4002DE9F041A2B043680026054601930C46D0
:10920400036800F10C01466005F16407009383686C
:10921400066003A8029309F03FF96B6F394619A859
:109224001B961D93042320961C93CDE91966CDE962
:109234001E6608F051F995F88430AC428DF88430FC
:109244000FD02B68226868682A60236063686B60AB
:10925400606018B108F0C0FB00285AD10023C4E9AB
:109264000033A36804F1640605F10C0004F10C0159
:10927400AB6009F0D3F9BE4203D03846314608F05A
:109284007BF923686068009A94F884100093019B2A
:1092940085F884100190C4E9002370B108F09CFBA8
:1092A40058B1019803689B68984701988368013B0B
:1092B400836013B90368DB689847029B03A904F130
:1092C4000C00A3600023CDE9003309F0A7F919A924
:1092D400304608F051F99DF8843019A884F8843098
:1092E40008F0A0F903A807F0A9FC019870B108F0F0
:1092F40073FB58B1019803689B6898470198836889
:10930400013B836013B90368DB68984722B0BDE86A
:10931400F081606803689B68984760688368013BD4
:109324008360002B9AD10368DB68984796E700BFF7
:10933400502A03462DE9F04190B090F820C000F087
:1093440001812ADC112A00F0DE80422A00F0BC8070
:109354000A2A78D1CA68486817460A8A06464869BC
:10936400904691F91220044651F8180B054603C99A
:10937400ADF83C10090C0E908DF83E10BCF1000FB6
:1093840040F03B819A740122DF609646A3F8108076
:109394009E605C61C3E9005625E0812A74D0882A66
:1093A40051D1CA68486815460A8A0746486914466E
:1093B40091F91220804651F8180B064603C9ADF8FE
:1093C4003C10090C0E908DF83E10BCF1000F40F0DB
:1093D400D8809A740622DD601C829F60C3E900670E
:1093E4009646C3F8148083F820200DF1080C0EF182
:1093F400FF340DF1140EDDE90E010A0C9861998316
:109404009A7703F1680207CA8CE8070003F1240283
:10941400089203F1740207CA8EE807009CE807006B
:109424000DF1240C8CE807009EE807000DF1300CC8
:109434008CE807007A4A184608A952F8243098475D
:1094440010B0BDE8F08103F1680202AC0DF1140E16
:1094540007CA84E8070003F12402089203F17402A6
:1094640007CA8EE8070094E8070009AC84E80700FF
:109474009EE807000CAC84E80700BCF1000F40F044
:10948400C88010B0BDE8F081CA68486814460A8AEA
:1094940006464869174691F91220804651F8180B80
:1094A400054603C9ADF83C10090C0E908DF83E102A
:1094B400BCF1000F40F095809A740522DC601F8295
:1094C4009E60C3E900568BE7CA68486817460A8A53
:1094D40006464869144691F91220804651F8180B43
:1094E400054603C9ADF83C10090C0E908DF83E10EA
:1094F400BCF1000F69D19A740322DF601C829E6064
:10950400C3E900566CE7CA68486816460A8A0546E5
:109514004869174691F91220804651F8180B044601
:1095240003C9ADF83C10090C0E908DF83E10BCF147
:10953400000F3ED19A740222DE601F829D60C3E94F
:1095440000454DE7CA68486816460A8A05464869D0
:10955400174691F91220804651F8180B044603C9A6
:10956400ADF83C10090C0E908DF83E10BCF1000FC4
:1095740013D19A740422DE601F829D60C3E9004502
:109584002EE70CF1FF3C27491846019251F82C10A4
:1095940000938847DDE900321BE70CF1FF3C2149C9
:1095A4001846019251F82C1000938847DDE90032E7
:1095B400DFE70CF1FF3C1B491846019251F82C10CF
:1095C40000938847DDE90032B4E70CF1FF3C15490C
:1095D4001846019251F82C1000938847DDE90032B7
:1095E40089E70CF1FF3C0F491846019251F82C1001
:1095F40000938847DDE900325EE70CF1FF3C09493E
:109604001846019251F82C1000938847DDE9003286
:10961400B8E60CF1FF32052A14463FF732AF09E7EA
:10962400C86600209866002010B5134692F85820AA
:1096340098B00446012A17D0CB1702A800910193D1
:1096440008F0EEF9694602A808F03EFD0D492046EF
:1096540008F0E0FD02A9204609F062F902A807F02B
:10966400EDFA204618B010BD0422694602A8009302
:1096740008F080F90299204609F01EF9204618B036
:1096840010BD00BF9C1000208C462DE9F047044615
:1096940017469A4686464FF00109089D4FF0000888
:1096A4002E46BCE80F00AEE80F009CE807008EE8E9
:1096B400070084F81C903B6823627B68C4E9093A7C
:1096C40056F8033BB278A3851B0C84F8312084F848
:1096D4002E30AA79B5F8033084F8322084F840801B
:1096E400A4F82F302B7D93B92B7E002284F84430CC
:1096F40095F8203084F84C20B3B904F1500007F0F9
:10970400A1F80223204684F8C030BDE8F0870D4A52
:10971400013B05F1080104F1340052F82330984765
:109724002B7D84F84030DFE7074A013B05F11C013B
:1097340004F1480052F82330984795F8203084F813
:109744004C30DAE7106800205068002000B5027F32
:1097540085B00346012A0DD1042202A903A8CDE94C
:10976400013308F007F9039A12B1106805B000BD7F
:10977400019B1A7F022A0AD1042202A903A8029398
:1097840008F0F8F8039B13B1186805B000BD4FF05A
:10979400FF3005B000BD00BF00B5027F85B00346B1
:1097A400012A0DD1042202A903A8CDE9013308F04E
:1097B400E1F8039A12B1106805B000BD019B1A7F4D
:1097C400022A0AD1042202A903A8029308F0D2F8BB
:1097D400039B13B1186805B000BD4FF0FF3005B00E
:1097E40000BD00BF037F012B10D1042200B583B05C
:1097F400009069460DEB020008F0BCF8019810B126
:10980400043003B000BD024803B000BD00487047F7
:109814006868002010B50446703007F003FF94F820
:1098240068301BB9237F5BB9204610BD084A013B51
:1098340004F1200052F823309847237F002BF3D003
:10984400044A013B204652F823309847204610BD75
:10985400E0660020F467002090F8A83003B9704750
:1098640000B585B000F1100C042203A9019002A8F0
:10987400CDF80CC008F07EF80298FFF7CBFF002269
:10988400019B83F8A82005B000BD00BF30B599B096
:10989400044609F0D7F83E4B236008F077F83D4BB7
:1098A4001A6812F0010F3C4A0BD13C4911603C4943
:1098B40051603C49D1603C4911613C4951610121ED
:1098C400196000236821C4E90502C4E90133C4E92D
:1098D4000331C4E9073308F059F8354A136813F023
:1098E400010F344B0BD13449196034495960344960
:1098F400D960344919613449596101211160002545
:109904006022606304F144002564C4E90B52C4E995
:109914000E35C4E9095508F083F82C4B602229461A
:10992400684684F8A450C4E9273424F057F96846FB
:1099340008F076F80A2326488DF85850179306F055
:10994400D7FB18B10146684608F06CFB214968460C
:1099540008F068FB6846262108F074FB1E49684637
:1099640008F060FB1D49684608F05CFB684608F097
:10997400E5FE07F0EFFF684607F060F909F068F8C4
:109984000022214609F08AF8204619B030BD00BFF4
:1099940030610020688C0020EC7A0020C52800008B
:1099A40075280000994300003D5F0000AD430000AE
:1099B4003C8C0020B8790020AD180000A5280000D8
:1099C400BD2500004943000015430000A511000017
:1099D400BC0E0020001E0020540E0020A810002001
:1099E4008B68D3B170B54468ACB18668682303FB57
:1099F4000646A6420FD00D4602E06834A6420AD0BD
:109A0400294604F10C0008F0A7FF0028F5D094F8CB
:109A14006400013070BD002070BD0020704700BF9D
:109A2400F8B59368074603B34C68ECB18D686823B6
:109A3400164603FB0545A54203D115E06834AC4244
:109A440012D094F86430002BF8D0314604F10C00A5
:109A540008F082FF0028F1D0D4E90130C7E90030D2
:109A640028B107F0B1FF02E00023C7E9003338460C
:109A7400F8BD00BF2DE9F04114689CB00746002CE6
:109A840073D016469A680D46002A44D16C688CB18E
:109A9400AD68682303FB0545A5420BD094F86430F8
:109AA400314623B1606803685B69984738BB683402
:109AB400AC42F3D15048002406F01AFB6022002186
:109AC400054604A824F08AF804A807F0A9FF0A238D
:109AD4004A4904A81B938DF8684008F0A3FA04AB24
:109AE40029464FF4D172012006F0C2FA04A807F007
:109AF400A5F8C7E9004438461CB0BDE8F081D4E9B4
:109B04000130C7E900300028F5D007F05DFF384682
:109B14001CB0BDE8F0811A4602A80193FFF780FF4C
:109B2400029C4CB122683146204652699047C0B924
:109B3400334A1478002C31D003980028A6D007F0BB
:109B44004BFF0028A2D0039803689B6898470398AA
:109B54008368013B8360002B98D10368DB689847D6
:109B640094E7039BC7E90043C5E7234806F0C0FA1E
:109B740060222146054604A824F030F804A807F022
:109B84004FFF0A231F4904A81B938DF8684008F06F
:109B940049FA04AB29464FF4BF72A4E701211648E1
:109BA400117006F0A5FA21468046602204A824F02C
:109BB40015F804A807F034FF0A22134904A81B92DD
:109BC4008DF8684008F02EFA019904A808F0B6FE52
:109BD4000E4904A808F026FA0D4904A808F022FA50
:109BE400204604AB414640F2911206F041FA04A823
:109BF40007F024F8A0E700BFBC0E00208C11002061
:109C04001D320120C8100020081100202C11002052
:109C1400641100202DE9F043B3B00C46064604A8B5
:109C240007F0FEFE94F8693073B10E2B44D8A64AAF
:109C340052F823101AA807F0DBFE1AA904A808F0AA
:109C4400EDFC1AA806F0FAFFA04F3D68002D00F0C5
:109C5400D080DFF8C08298F80030002B00F0C38079
:109C64003046294604AB04F1EC02FFF703FF606EB3
:109C740018B18368013B8360BBB1D6E900130D467C
:109C8400C4E9181313B19A6801329A6094F86930E0
:109C940013B194F86A308BB1002D7CD004A806F07F
:109CA400CDFF304633B0BDE8F0834368002BE4D1E8
:109CB4000368DB689847E0E78549BBE71AAD71B1F3
:109CC4000B682846DB68984704A9284608F008FE74
:109CD4008146284606F0B2FFB9F1000F58D0396822
:109CE400002900F0EB8098F80030002B00F087800A
:109CF40002A804AAFFF794FE029F7648002F00F002
:109D0400868006F0F5F9602200210746284623F0F4
:109D140065FF284607F084FE00236F4928468DF826
:109D2400C0300A23319308F07DF904F1700128460C
:109D340008F004FE6949284608F074F904A9284685
:109D440008F0FCFD6649284608F06CF96549284688
:109D540008F068F901202B46394640F2AF1206F0AC
:109D640087F9284606F06AFF0123039884F86A30CD
:109D740070B107F031FE58B1039803689B689847A7
:109D840003988368013B836013B90368DB689847D1
:109D94003568002D82D14F4806F0AAF96022294681
:109DA40007461AA823F01AFF1AA807F039FE0A2357
:109DB40049491AA831938DF8C05008F033F904F1D9
:109DC40070011AA808F0BAFD47491AA808F02AF940
:109DD4001AAB39464FF4DB72012006F049F91AA890
:109DE40006F02CFF5AE7012388F800300DF068F9DB
:109DF40036E73E4D2846FFF749FD3D6029E701233C
:109E0400019188F800300DF05BF9019970E706F0D4
:109E14006FF9602239468046284623F0DFFE284643
:109E240007F0FEFD0A232C49284631938DF8C070B3
:109E340008F0F8F804F17001284608F07FFD27497E
:109E4400284608F0EFF804A9284608F077FD2849C9
:109E5400284608F0E7F82749284608F0E3F804A95B
:109E6400284608F06BFD2449284608F0DBF823490E
:109E7400284608F0D7F82249284608F0D3F82149A3
:109E8400284608F0CFF804A9284608F057FD1E49D3
:109E9400284608F0C7F81D49284608F0C3F81C49AD
:109EA400284608F0BFF82B46414640F2A51201208F
:109EB40006F0DEF8284606F0C1FE55E70B48FFF72A
:109EC400E5FC0A4939600EE7FC080020E89400200C
:109ED40090340020780C0020D40C0020C8110020FD
:109EE400E01200201C1300205C130020EC940020DE
:109EF400D4110020FC1100201C1200202412002088
:109F0400401200207C120020A0120020A812002081
:109F1400341300201E3201202DE9F041AEB00D466D
:109F2400804601A807F07CFD6C68002C43D0AD6826
:109F3400682303FB0545A5423DD000273E460BE0C0
:109F4400022B2AD0032B01D1039B43B3683418A8F6
:109F540006F074FEA5420FD0616817A80B689B68D1
:109F640098479DF85C30012BEAD1683418A81E4646
:109F740006F064FEA542EFD1039BF3B9A6B927B35B
:109F84004046022300F8043B07F04AFD01A806F00E
:109F940055FE40462EB0BDE8F0810127D6E718A94A
:109FA40001A808F081FCD1E74046012300F8043BF6
:109FB40007F036FDEAE7039B3BB14046032301A9C2
:109FC40000F8043B08F078FCE0E74046002300F882
:109FD400043B07F025FDD9E72DE9F047144698B076
:109FE4000F460546002A7BD1904668463946FFF75E
:109FF40093FF9DF8006001A806F020FE7EB3474B56
:10A004001E6886BB4FF0000908EB040A684639460F
:10A01400FFF782FF9DF8006001A806F00FFEF6B17D
:10A024008CB107F093FCA0EB0800A0425CD207F0CF
:10A034008DFCA0EB08039C4201D9824503D100208A
:10A0440018B0BDE8F08795F8A43085F8A49003F023
:10A05400FF00002BDAD1042109F012F8D6E7012021
:10A0640018B0BDE8F08707F073FC814607F070FC78
:10A07400A0EB090339466846B342C3D2FFF74CFF4D
:10A084009DF800A001A806F0D9FDBAF1000FE6D0B2
:10A09400002CEBD007F05AFCA0EB0800A042E5D35B
:10A0A4001F4806F025F8602200210446684623F084
:10A0B40095FD684607F0B4FC00220A231949684656
:10A0C4008DF85820179307F0ADFF6B464FF4DF72FD
:10A0D4002146012005F0CCFF684606F0AFFDAEE74F
:10A0E40007F034FC804680E70D4806F001F8602252
:10A0F40000210446684623F071FD684607F090FC91
:10A1040000220A23074968468DF85820179307F060
:10A1140089FF6B464FF4E472DAE700BF4C910020EC
:10A12400BC0E00208C13002008B501464FF47A724F
:10A13400FFF752FF00B108BDBDE80840FCF792BF2D
:10A144002DE9F04F1468CBB0002C00F05182236845
:10A1540004AD06468846DB682146284617469847DC
:10A16400AC68002C00F010827468002C00F00481AC
:10A17400B368682202FB03494C4504D1FCE068340F
:10A18400A14500F0F980294604F10C0008F0E4FB35
:10A194000028F4D03A6863689A4200F0AE8130AC8B
:10A1A4006C4805F0A5FF602200218146204623F07B
:10A1B40015FD204607F034FC0023674920468DF83E
:10A1C40018310A23479307F02DFF284608F0B6FA02
:10A1D40018B10146204607F025FF6049204607F0E4
:10A1E40021FF234649467622002005F041FF204600
:10A1F40006F024FD60220021204623F0EFFC2046D7
:10A2040007F00EFC002353488DF818310A234793B6
:10A2140005F06EFF18B10146204607F003FF5049D0
:10A22400204607F0FFFE7D21204607F00BFF4D4935
:10A23400204607F0F7FE4C49204607F0F3FE20467F
:10A2440008F07CFA07F086FB204606F0F7FC4FF492
:10A254007A7231463046FFF7BFFE002800F0C58110
:10A26400B368002B00F0B3814FF00009CA4605E043
:10A27400B36809F168099A4580F0A9817068294694
:10A284000AF1010A48440C3008F066FB0028EFD0BC
:10A2940060220021204623F0A1FC204607F0C0FBE9
:10A2A40000232C488DF818310A23479305F020FF2A
:10A2B40018B10146204607F0B5FE2949204607F0AB
:10A2C400B1FE8321204607F0BDFE2649204607F053
:10A2D400A9FE2649204607F0A5FE284608F02EFAD6
:10A2E40018B10146204607F09DFE2149204607F09B
:10A2F40099FE204608F022FA07F02CFB204606F0CF
:10A304009DFC736803EB09025068002800F08E81FD
:10A314000168DFF860A0896901910021CDE930115D
:10A324000199514540F093812BB1B168682000FB3D
:10A334000133934203D0B368002B40F07D81F36C6A
:10A3440006F1040B03B306F14401284608F004FBAC
:10A3540081461BE0BC0E002060140020DC0C0020B1
:10A36400001E0020540E0020F4140020401500208C
:10A37400681500209111000030ACDFF82CA306F121
:10A38400040BF36C002BDED14FF00109CDF8C08033
:10A394003B6878683193329008B107F015FB294681
:10A3A40033A808F089FA584621468DF8249106F01E
:10A3B4007DFD33A806F042FC329820B107F00CFB77
:10A3C400002840F08B8038680368D3F81890D14592
:10A3D40040F0008103AF1B69984738801AA807F042
:10A3E4001FFB3B78002B74D17B783BB11C9B002B6B
:10A3F40040F0F6809B491AA807F014FE1C9B002B22
:10A4040062D060220021204623F0E8FB204607F0BA
:10A4140007FB002394488DF818310A23479305F06D
:10A4240067FE18B10146204607F0FCFD8F4920461F
:10A4340007F0F8FDAB21204607F004FE8C492046C6
:10A4440007F0F0FD8B49204607F0ECFD284608F0A4
:10A4540075F918B10146204607F0E4FD8649204607
:10A4640007F0E0FD4146204607F0ECFD8349204615
:10A4740007F0D8FD1AA808F061F918B10146204682
:10A4840007F0D0FD7E49204607F0CCFD204608F0B9
:10A4940055F907F05FFA204606F0D0FB706850B11A
:10A4A400B368682202FB03F3C118814203D09342CC
:10A4B40001D0FEF779FC1AA806F0C0FB284606F086
:10A4C400BDFB4BB0BDE8F08F6E491AA807F0B8FF8A
:10A4D40097E76D491AA807F0A5FD85E73298036848
:10A4E4009B68984732988368013B8360002B7FF414
:10A4F4006AAF0368DB68984765E7236843457FF4E0
:10A504004EAE30AC60220021204623F067FB20468B
:10A5140007F086FA00220A2353488DF8182147933E
:10A5240005F0E6FD18B10146204607F07BFD4F49D2
:10A53400204607F077FD7021204607F083FD4C4943
:10A54400204607F06FFD5149204607F06BFD284671
:10A5540008F0F4F818B10146204607F063FD4C49B1
:10A56400204607F05FFD4146204607F06BFD494950
:10A57400204607F057FD204608F0E0F807F0EAF916
:10A58400204606F05BFB1CE0374805F0B1FD602275
:10A594002146064630A823F021FB30A807F040FAF4
:10A5A4000A233D4930A847938DF8184107F03AFD36
:10A5B400204630AB3146622205F05AFD30A806F041
:10A5C4003DFB284606F03AFB4BB0BDE8F08FDFF8C0
:10A5D400D8A0B4E6D6E92712C84738680368F9E674
:10A5E4002E491AA807F01EFD04E7FCF73BFD37E6E9
:10A5F4001D4805F07DFD60222146054630A823F064
:10A60400EDFA30A807F00CFA0A23254930A847933D
:10A614008DF8184107F006FD204630AB5922294633
:10A6240005F026FD30A806F009FB4AE7DFF878A01C
:10A63400002B7FF47AAE7EE64FEAE9091949301D12
:10A6440006F1040B01FB09F106F0C2FC99E694E85B
:10A654000600019B9847736803EB0902002B7FF403
:10A6640064AE66E6D01E0020BC0E0020001E002052
:10A67400540E002090150020B0150020C0150020B5
:10A68400942E002088150020D81E00209C14002041
:10A69400BC140020E01400200014002084150020C5
:10A6A400CC130020C54EECC4911100002DE9F047F5
:10A6B400154698B00F460646002A40F08280904620
:10A6C40068463946FFF728FC9DF8004001A804F0CD
:10A6D400FD0406F0B3FA8CB3484B1C6894BB4FF0EE
:10A6E400000908EB050A68463946FFF715FC9DF892
:10A6F400004001A804F0FD0406F0A0FAF4B18DB105
:10A7040007F024F9A0EB0800A8425ED207F01EF976
:10A71400A0EB08039D4201D9824503D1002018B063
:10A72400BDE8F08796F8A43086F8A49003F0FF0003
:10A73400002BD8D1042108F0A3FCD4E7012018B0E1
:10A74400BDE8F08707F004F9814607F001F9A0EBB2
:10A75400090339466846A342C1D2FFF7DDFB9DF8E1
:10A7640000A001A80AF0FD0A06F068FABAF1000F89
:10A77400E4D0002DE9D007F0E9F8A0EB0800A842E6
:10A78400E3D31F4805F0B4FC602200210446684668
:10A7940023F024FA684607F043F900220A231949F2
:10A7A40068468DF85820179307F03CFC6B464FF42D
:10A7B400DF722146012005F05BFC684606F03EFA94
:10A7C400ACE707F0C3F880467AE70D4805F090FC43
:10A7D400602200210446684623F000FA684607F028
:10A7E4001FF900220A23074968468DF85820179359
:10A7F40007F018FC6B464FF4E472DAE74C91002042
:10A80400BC0E00208C13002030B50A4699B00146D6
:10A81400FFF74CFF044610B1204619B030BD104874
:10A8240005F066FC602221460546684623F0D6F909
:10A83400684607F0F5F80A230A49684617938DF825
:10A84400584007F0EFFB6B4640F2232229460120D3
:10A8540005F00EFC684606F0F1F9204619B030BD4B
:10A86400BC0E0020CC15002070B5446806467CB1AF
:10A874008568682303FB0545A54209D094F8643034
:10A884001BB1606803685B6898476834AC42F5D1D3
:10A8940030464FF47A71BDE87040FFF7B5BF00BF92
:10A8A4000C4B186800B583B060B10B4B1A780AB131
:10A8B40003B000BD012201901A700CF001FC019854
:10A8C40003B000BD0548FEF7E1FF044A014B104602
:10A8D4001A60EAE7E89400201E320120EC9400207C
:10A8E400374B70B503600E46044607F04FF8354900
:10A8F4000B6813F00102344B0AD1DA60334A1A6050
:10A90400334A5A60334A1A61334A5A6101220A604F
:10A9140000258822A3616061C4E90352C4E901559A
:10A92400C4E9075507F032F80822034631462B4E96
:10A9340004F14400C4E90B52C4E90D35C4E90955D6
:10A94400C4E90F5507F066FC254D07F01FF833687E
:10A95400DA070BD4234B2B60234B6B60234BEB6048
:10A96400234B2B61234B6B610123336000230822AB
:10A97400C4F8AC00C4F8B050C4E92733C4E92932A0
:10A98400C4E92D3307F002F83368DB070BD4154B09
:10A994002B60154B6B60154BEB60154B2B61154B06
:10A9A4006B610123336000230822C4E93305C4E941
:10A9B4002F332046C4E93132C4E9353370BD00BFBA
:10A9C4007C620020708C0020247B0020653E000007
:10A9D400C9460000416000003D450000408C002055
:10A9E400D4790020F5280000FD160000111700009E
:10A9F400E15E0000E14200002DE9F04F4E68ABB08B
:10AA0400044656B317465268964202D15A68964293
:10AA140046D04848002505F06BFB6022002106461D
:10AA240008A823F0DBF808A806F0FAFF0A23424935
:10AA340008A81F938DF8785007F0F4FA08AB314654
:10AA44001E22284605F014FB08A806F0F7F8C4E90E
:10AA5400005520462BB0BDE8F08F364805F048FB82
:10AA640060223146054608A823F0B8F808A806F085
:10AA7400D7FF0A23314908A81F938DF8786007F09F
:10AA8400D1FA08AB29461922304605F0F1FA08A894
:10AA940006F0D4F82046C4E900662BB0BDE8F08F78
:10AAA400349A0AB11278C2B92248002505F020FB75
:10AAB40060220021064608A823F090F808A806F0B2
:10AAC400AFFF0A231E4908A81F938DF8785007F09A
:10AAD400A9FA08AB31462322B3E70D460420EC2142
:10AAE400019306F041FF174A012608A902604FF0BE
:10AAF4000002466080F8E82000F10C0286600490B1
:10AB040007A80892042206F035FF079A34991046E4
:10AB14000092FFF7E5FE049B6A6883F8E860002A68
:10AB240000F01581BA4600262F46DDF804B00594DE
:10AB3400B5E000BFE00D00205416002018160020D8
:10AB4400901600209C63002020460391019206F099
:10AB54003BFF019A2046039952F8262051F826100B
:10AB640002920191CDE908540BAD06F02DFF029A33
:10AB7400019928460A9207F04DFB06F007FF0022D0
:10AB840025902046219228928DF8A4209FED8E7B5B
:10AB9400CDE9262204228DED227B249206F01CFFAF
:10ABA40058B12268204692689047A268013AA26090
:10ABB4001AB922682046D3689847009B08A9181D33
:10ABC40006F074F921A806F02DFD284606F036F8A3
:10ABD400099870B106F000FF58B1099803689B68A2
:10ABE400984709988368013B836013B90368DB685D
:10ABF40098476022002108A822F0F0FF08A806F078
:10AC04000FFF002372488DF878300A231F9305F054
:10AC14006FFA18B1014608A807F004FA6D4908A8AC
:10AC240007F000FA332108A807F00CFA6A4908A8CB
:10AC340007F0F8F9694908A807F0F4F9DBF80030DF
:10AC440053F8081011B108A807F0ECF9644908A8F2
:10AC540007F0E8F9DAF8003008A853F8081007F00C
:10AC6400F1F9604908A807F0DDF93B6853F80900D9
:10AC74000368DB6A9847014608A807F0E3F95A49D4
:10AC840008A807F0CFF908A807F058FD06F062FEFF
:10AC940008A805F0D3FF01367B689E424ED23B687C
:10ACA4004FEAC60953F8365003EBC60325B35C6874
:10ACB4004FEA8608DAF80020DBF80010002C7FF455
:10ACC40043AF52F8262051F8261008950BAD2846BC
:10ACD400CDE9094207F09EFA06F058FE042300224B
:10ACE400259024930023219428948DF8A440CDE941
:10ACF4002644CDE9222360E7354805F0F9F96022BE
:10AD04002946044608A822F069FF08A806F088FE30
:10AD14000A23364908A81F938DF8785007F082F962
:10AD2400314608A807F0A4F9284608AB21462D228D
:10AD340005F09EF908A805F081FFACE7009B059C8F
:10AD44009D6845B1009B2360049B636081E6009B82
:10AD54009D68002DF6D11E4805F0CAF960222946E7
:10AD6400064608A822F03AFF08A806F059FE0A236E
:10AD74001F4908A88DF878501F9307F053F908ABC2
:10AD840028463146392205F073F908A805F056FF24
:10AD94000023049DC4E90033284606F01DFE002864
:10ADA4003FF457AE2B6828469B689847AB68013B35
:10ADB400AB60002B7FF44DAE2B682846DB689847C8
:10ADC40047E600BFAFF30080000000000000000071
:10ADD400E00D0020001E0020540E0020F816002074
:10ADE400B01500202C170020942E0020C41600203B
:10ADF40038170020436AF0B583B07BB1846A03EB53
:10AE0400C404A34203D109E008339C4206D01A6863
:10AE14008A42F9D15C68204603B0F0BD87684FF0E0
:10AE2400FF34002FF7D0D0F804E0002526469EF822
:10AE340084307BB1DEF86430A3B1DEF8682003EB24
:10AE4400820C634502D10DE09C450BD01A68043393
:10AE54009142F9D1DEF80830B342C8BF2C46B34260
:10AE6400C8BF1E4601350EF1880EAF42DFD1631C08
:10AE7400D1D0009124306946019406F017F8204699
:10AE840003B0F0BDF0B591F884509FB00C46019228
:10AE940075B14B6E002B77D0886E03EB800098421F
:10AEA40072D0196804338A42F9D101201FB0F0BD71
:10AEB40008681F460368DB6A98470128034640F088
:10AEC4008D8067494FF4803620684FF6FF720093F7
:10AED400CDE90251CDE904260268526A90476049DF
:10AEE4008DF808000391206801998DF811708DF890
:10AEF400101002A90268059692689047009B0646C6
:10AF0400002800F0898084F8843001A904F16400E9
:10AF140005F0A4FF6022294606A822F05FFE06A8D9
:10AF240006F07EFD0A234F488DF870501D9305F0FE
:10AF3400DFF818B1014606A807F074F84A4906A8D4
:10AF440007F070F806A8BE2107F07CF8474906A868
:10AF540007F068F8464906A807F064F804F10C0104
:10AF640006A807F0EBFC434906A807F05BF8019933
:10AF740006A807F067F806A807F0E0FB06F0EAFC6D
:10AF840006A805F05BFE90E73648002505F0B0F80A
:10AF940060220021064606A822F020FE06A806F03C
:10AFA4003FFD0A23344906A81D938DF8705007F01D
:10AFB40039F804F10C0106A807F0C0FC2F4906A8D3
:10AFC40007F030F8284606ABA122314605F050F8C8
:10AFD40006A805F033FE00201FB0F0BD214805F09F
:10AFE40087F860222946044606A822F0F7FD06A841
:10AFF40006F016FD0A23224906A81D938DF8705009
:10B0040007F010F8284606ABB722214605F030F8C1
:10B0140006A805F013FEDEE7124805F069F8602281
:10B024003146054606A822F0D9FD06A806F0F8FC2C
:10B034000A23144906A81D938DF8706006F0F2FFE8
:10B0440004F10C0106A807F079FC304606ABB222E5
:10B05400294605F00DF806A805F0F0FDBBE700BF92
:10B06400002D3101E00D0020001E0020540E0020B0
:10B07400FC17002024180020741700209C170020BF
:10B0840038180020CC1700202DE9F0419AB016465C
:10B09400054606F07BFC4F4B4F491A68D2070BD488
:10B0A4004E4A0A604E4A4A604E4ACA604E4A0A6193
:10B0B4004E4A4A6101221A600023242228616961F0
:10B0C400C5E90133C5E90633D6E900462B6004EB34
:10B0D400C606EA60B44222D14AE04548002705F09A
:10B0E40007F860220021804602A822F077FD02A81A
:10B0F40006F096FC0A233F4902A819938DF8607064
:10B1040006F090FF384602AB4FF49B72414604F0C0
:10B11400AFFF02A805F092FD0834A64228D02368A8
:10B12400002BF9D01A7F022AD7D1042202A8019356
:10B134000DEB020106F01EFC029B69685F68D9B141
:10B14400D5F800C001EBC1010023604603E0994239
:10B1540000F1240010D05CF823200933BA42F6D160
:10B1640050B121460834043005F078FEA642D6D109
:10B1740028461AB0BDE8F08106F008FC1E4A1368A0
:10B1840013F0010F1D4B0BD11D4919601D49596066
:10B194001D49D9601D4919611D4959610121116079
:10B1A400002221460297CDE90703002303A8039355
:10B1B400CDE90933082306930023CDE9042305F0E0
:10B1C4004DFE284602A905F049FE03A806F02AFA16
:10B1D400A2E700BF6C8C0020087B0020B54800006B
:10B1E4003D490000C549000015470000B54700006F
:10B1F400E00D002078180020408C0020D479002035
:10B20400F5280000FD16000011170000E15E0000A3
:10B21400E14200004B68002B00F03C810B681B6886
:10B224002DE9F04F1A7F9FB005460C46022A22D022
:10B23400A848002404F05CFF60220021054606A80B
:10B2440022F0CCFC06A806F0EBFB0A23A24906A8D0
:10B254001D938DF8704006F0E5FE06AB4FF4AE7218
:10B264002046294604F004FF06A805F0E7FC002068
:10B274001FB0BDE8F08F042203A906A8039306F0CB
:10B2840079FB069B5E6823681868FEF75FFA31460F
:10B2940007462846FFF7AEFD031EC0F2FD8068682E
:10B2A40003EB031132463B4606468A46834628464C
:10B2B40006EBC1084146FFF7E5FD0028D7D0D4E9E5
:10B2C400006306EBC3094E4500F01A8106F1080538
:10B2D400B2E06022002106A822F080FC06A806F055
:10B2E4009FFB00237B488DF870300A231D9304F0E4
:10B2F400FFFE18B1014606A806F094FE774906A899
:10B3040006F090FE40F2831106A806F09BFE7449F5
:10B3140006A806F087FE734906A806F083FE08F126
:10B324000C0106A807F00AFB6F4906A806F07AFE8E
:10B3340055F8080CFEF70AFA014606A806F082FE44
:10B344006A4906A806F06EFE616F06A806F090FE34
:10B35400674906A806F066FE06A807F0EFF906F0AE
:10B36400F9FA06A805F06AFCD8F80010626F03A881
:10B374000B681B69984703A80BF07CF90746002863
:10B3840000F00F8103A901A80BF07CF9626F029B06
:10B394009A4200F24A81216F019806F0EBFAD8F83C
:10B3A4000000012103685B6998470446002800F007
:10B3B4006F816022002106A822F010FC06A806F086
:10B3C4002FFB002343488DF870300A231D9304F0AB
:10B3D4008FFE18B1014606A806F024FE3F4906A8D0
:10B3E40006F020FE40F2A11106A806F02BFE3C490F
:10B3F40006A806F017FE3F4906A806F013FE06A8A5
:10B4040007F09CF906F0A6FA06A805F017FC0498C4
:10B4140070B106F0E1FA58B1049803689B68984744
:10B4240004988368013B836013B90368DB68984719
:10B4340008360835B14563D055F8084C002CF7D0D0
:10B444000123676F84F89030002F7FF442AF2148C6
:10B4540004F04EFE60223946044606A822F0BEFBE4
:10B4640006A806F0DDFA0A23234906A81D938DF8E1
:10B47400707006F0D7FD06AB21464FF4BF72384614
:10B4840004F0F6FD06A805F0D9FB55F8083C83F84E
:10B494009070CDE7012070470E48002404F028FE88
:10B4A40060220021054606A822F098FB06A806F0B3
:10B4B400B7FA0A23114906A81D938DF8704006F0C7
:10B4C400B1FD314606A806F0BDFD06AB40F2671299
:10B4D400C6E600BFE00D0020B4180020001E0020C6
:10B4E400540E00205C190020901900203C1200200A
:10B4F40098190020441A002030190020F018002068
:10B504005BF83A004FF47A7103689B6998470446E4
:10B5140078B36022002106A822F060FB06A806F09A
:10B524007FFA00220A236B488DF870201D9304F0E3
:10B53400DFFD18B1014606A806F074FD664906A8A9
:10B5440006F070FD40F2AB1106A806F07BFD6349DE
:10B5540006A806F067FD624906A806F063FD06A882
:10B5640007F0ECF806F0F6F906A805F067FB0120F1
:10B574007EE6584804F0BCFD60222146054606A834
:10B5840022F02CFB06A806F04BFA0A23554906A81C
:10B594001D938DF8704006F045FD06AB40F2A712EE
:10B5A4005EE64C4804F0A4FD60223946044606A831
:10B5B40022F014FB06A806F033FA0A234A4906A827
:10B5C4001D938DF8707006F02DFD03A80BF066F83E
:10B5D400014606A806F036FD444906A806F022FDF9
:10B5E40006AB214640F28912384604F041FD06A814
:10B5F40005F024FB336883F89070049800283FF426
:10B6040036AE06F0E9F900283FF431AE0498036839
:10B614009B68984704988368013B8360002B7FF400
:10B6240026AE0368DB68984721E62A48002504F023
:10B634005FFD60220021074606A822F0CFFA06A883
:10B6440006F0EEF90A232A4906A81D938DF87050D6
:10B6540006F0E8FC029906A806F00AFD254906A8AA
:10B6640006F0E0FC616F06A806F002FD1F4906A87B
:10B6740006F0D8FC06AB39464FF4C972284604F0EC
:10B68400F7FC06A805F0DAFA336883F89050B4E7BB
:10B69400104804F02DFD60222146054606A822F03C
:10B6A4009DFA06A806F0BCF90A23134906A81D93BF
:10B6B4008DF8704006F0B6FC06AB29464FF4CE7206
:10B6C400204604F0D5FC06A805F0B8FA336883F8E0
:10B6D400904092E7E00D0020001E0020540E002050
:10B6E400B01A0020801A0020A0190020942E0020F7
:10B6F400E0190020101A0020141A00202DE9F04748
:10B70400A0B060220021804608A822F067FA08A8A9
:10B7140006F086F900220A2391488DF878201F93B9
:10B7240004F0E6FC18B1014608A806F07BFC8D493C
:10B7340008A806F077FCEA2108A806F083FC8A49E9
:10B7440008A806F06FFC894908A806F06BFCD8F835
:10B75400A01008A806F08CFC854908A806F062FC35
:10B7640008A806F0EBFF06F0F5F808A805F066FA5D
:10B7740008F19C0108F1BC0005F0FEFE08F19C00F4
:10B7840005F0BCFB41466846D8E92F23CDE90823E0
:10B7940008AAFFF779FC6022002108A822F01EFA0B
:10B7A40008A806F03DF900220A236D488DF8782098
:10B7B4001F9304F09DFC18B1014608A806F032FC62
:10B7C400684908A806F02EFCF42108A806F03AFC03
:10B7D400654908A806F026FC664908A806F022FC7C
:10B7E400019908A806F044FC634908A806F01AFC6D
:10B7F40008A806F0A3FF06F0ADF808A805F01EFAA5
:10B80400019B002B77D000252E46A94604E0013683
:10B81400019B24359E426ED20021602208A8009C20
:10B8240022F0DCF908A806F0FBF80A234C482C4463
:10B834008DF878901F9304F05BFC014608A809B1C9
:10B8440006F0F0FB474908A806F0ECFBFA2108A82B
:10B8540006F0F8FB444908A806F0E4FB474908A8A9
:10B8640006F0E0FB216808A806F0ECFB444908A8B0
:10B8740006F0D8FBA16808A806F0FAFB414908A81D
:10B8840006F0D0FB08A806F059FF06F063F808A8F4
:10B8940005F0D4F908A94046D4E90123CDE90823E9
:10B8A400FFF7B8FC07460028B1D12D48013604F053
:10B8B4001FFC60223946824608A8243522F08EF9FE
:10B8C40008A806F0ADF80A232F4908A81F938DF89D
:10B8D400787006F0A7FB216808A806F0B3FB08AB54
:10B8E400FE225146384604F0C3FB08A805F0A6F929
:10B8F400019B9E4290D36022002108A822F06EF999
:10B9040008A806F08DF800220A2315488DF878203F
:10B914001F9304F0EDFB18B1014608A806F082FB62
:10B92400104908A806F07EFB08A840F2031106F0AF
:10B9340089FB0D4908A806F075FB144908A806F010
:10B9440071FB08A806F0FAFE06F004F808A805F052
:10B9540075F9684605F066FE20B0BDE8F08700BFC3
:10B96400E00D0020001E0020540E0020E81A0020E4
:10B97400181B0020241B00204C1B0020601B0020EF
:10B984009C1B0020A01B0020AC1B0020F01B0020EF
:10B99400D0F8A03003B97047FFF7B0BE2DE9F043EB
:10B9A400067D0546436B8DB00C460068002E40F0C2
:10B9B400A380EF680121002F5BD09847002840F056
:10B9C400258137468DF82C60CDE90957002E00F00B
:10B9D400A2800AAF3946204605F040FA0DF129014C
:10B9E400204605F03BFA0DF12A01204605F036FA0F
:10B9F4000DF12B01204605F031FA099B0121002BA2
:10BA040000F089805A6B18689047002800F0838002
:10BA1400099A0DF1210108AB1068CDE900310DF14F
:10BA2400230303930DF122030293131DD2F81C90F8
:10BA34000ECBC8479DF82020002362F307039DF82E
:10BA4400212062F30F239DF8222062F317439DF80F
:10BA5400232062F31F630A93099B9A6A186890472C
:10BA6400099BDA6A186890474FF001038DF82C306F
:10BA7400B0E79847002851D107463E0ECDE9095753
:10BA840049D00AAF4FF001083946204605F0E6F9DF
:10BA94000DF12901204605F0E1F90DF12A012046B6
:10BAA40005F0DCF9099B0121002B34D05A6B18688E
:10BAB40090470DF123030DF122020DF1210150B342
:10BAC4000998D0F824900068C8479DF822309DF862
:10BAD40023208DF829308DF82A20099B9DF82120F8
:10BAE4008DF828209A6A18689047099BDA6A1868C2
:10BAF40090478DF82B80C7E701219847002840F034
:10BB0400AE800646034607468DF82C708DF82D301E
:10BB1400CDE9095603BB0DB0BDE8F08309AB0DF1C7
:10BB240023020DF1220128686E6AB0479DF8222095
:10BB34009DF8233062F307079DF82420286863F3F7
:10BB44000F27012362F3174763F31F67AB6A984714
:10BB5400EB6A2868984790E70AAF3946204605F013
:10BB64007DF90DF12901204605F078F90DF12A013E
:10BB7400204605F073F90DF12B01204605F06EF90E
:10BB84000BA9204605F06AF9099B0121002BC2D0BC
:10BB94005A6B186890470028BDD0099A0DF11F030D
:10BBA4000DF1210C08A9106800930DF123030493EF
:10BBB4000DF12203039302F11003CDE9011CD2F825
:10BBC40020900ECBC8479DF81F20002362F3070383
:10BBD4009DF8202062F30F239DF8212062F3174380
:10BBE4009DF8222062F31F639DF823200A93099B8A
:10BBF4008DF82C209A6A18689047099BDA6A1868AD
:10BC040090474FF001038DF82D30A6E709AA0DF1F6
:10BC14002303CDE902320DF122020DF12103CDE916
:10BC240000322B1DEF6928680ECBB8479DF8212000
:10BC340037469DF822302868012662F307079DF8ED
:10BC4400232063F30F279DF8243062F3174763F32F
:10BC54001F67AB6A9847EB6A28689847B2E609AA57
:10BC64000DF123030DF12201CDE903320DF121037E
:10BC740008AACDE9013105F110032E6A0092286863
:10BC84000ECBB0479DF8202000269DF8213028686F
:10BC940062F307069DF822209DF8247063F30F26B3
:10BCA4009DF8233062F3174663F31F66AB6A984727
:10BCB400EB6A28689847012326E700BF30B5834D17
:10BCC40083B0286808B103B030BD01464FF48C72CC
:10BCD4007F4821F083FF05F059FE7E490B6813F07D
:10BCE400010F7D4B0BD17D4A1A607D4A5A607D4A13
:10BCF400DA607D4A1A617D4A5A6101220A60744CF5
:10BD040000220193A260226284F82420C4E9002264
:10BD1400C4E906225822C4E90403E26005F036FEB1
:10BD24006C49019B0A6812F0010F0BD16B4A1A602F
:10BD34006B4A5A606B4ADA606B4A1A616B4A5A6101
:10BD440001220A6000220193C4E90A222263A26448
:10BD540084F84C20C4E910225822C4E90E0362631B
:10BD640005F014FE5B49019B0A6812F0010F0BD128
:10BD74005A4A1A605A4A5A605A4ADA605A4A1A6146
:10BD84005A4A5A6101220A6000220193C4E914222A
:10BD9400A265226784F87420C4E91A225822C4E9EF
:10BDA4001803E26505F0F2FD4A49019B0A6812F0A6
:10BDB400010F0BD1494A1A60494A5A60494ADA606C
:10BDC400494A1A61494A5A6101220A6000225821EB
:10BDD400C4F88C30C4F8982084F89C20C4F88800F7
:10BDE400C4E91E22C4E92021C4E9242205F0CEFDC1
:10BDF4003F4B1A6812F0010F3E4A0BD13E491160C5
:10BE04003E4951603E49D1603E4911613E4951610C
:10BE14000121196000235821C4F8B420C4F8C030AB
:10BE240084F8C430C4F8B000C4E92833C4E92A3122
:10BE3400C4E92E3305F0AAFD344B1A6812F0010F41
:10BE4400334A0BD133491160334951603349D160CE
:10BE5400334911613349516101211960002358218B
:10BE6400C4F8DC20C4F8E83084F8EC30C4F8D80016
:10BE7400C4E93233C4E93431C4E9383305F086FD0A
:10BE8400294B1A6812F0010F284A0BD12849116076
:10BE9400284951602849D1602849116128495161D4
:10BEA4000121196000235821C4F800010848C4F88E
:10BEB4000421C4F8103184F814312C60C4E93C33F3
:10BEC400C4E93E31C4E9423303B030BDCC93002011
:10BED400D0930020588C00207C7A0020A9450000D3
:10BEE400D5530000C1170000755A0000B14D000081
:10BEF400608C0020B47A0020F14500004954000011
:10BF0400E917000021590000394D00005C8C002025
:10BF1400987A002039460000BD5400001118000032
:10BF2400CD570000C14C0000648C0020D07A002062
:10BF34008146000031550000391800007956000090
:10BF4400494C00002DE9F043884683B0B0210746F0
:10BF54000820914605F008FD0123002604224360D1
:10BF6400054683600DEB02011D4B80F8A860036059
:10BF740000F110036846019305F0FCFC009C98F85E
:10BF84001C30267703BB00264FF0010884F8686054
:10BF940005F00AFD4946C4F8800004F17000A66764
:10BFA400C4F88C60C4F87C80C4E91C66C4E92166CA
:10BFB40005F092FA384684F8906085F8A880C7E9BD
:10BFC400004503B0BDE8F083064A013B41462046E4
:10BFD40052F82330984798F81C302377D3E700BFF2
:10BFE400DC620020FC6700202DE9F047B2B00E4669
:10BFF400012104461F4690463A9D0BF0ADFFA14B2C
:10C0040023604433A363002384F85830337F002B28
:10C0140040F00F8100239C492A7E84F86830A4F8FC
:10C024006A3084F86920E765984AC4E918330B68D4
:10C0340013F0010302D1136001230B60136805AEF2
:10C0440004F17007591CE3660293DB173046116054
:10C05400039302238DF8C43005F0E2FC02A93046B4
:10C0640006F032F88A49384606F0D4F831463846A4
:10C0740006F056FC304604F0E1FD9DF8C430002B78
:10C0840040F0CF801BAF834A4FF0000A04F1F40064
:10C09400136884F8DCA0A4F8C8301B0C84F8E0A072
:10C0A40084F8CA301388A4F8CB30937884F8CD3060
:10C0B400012384F8CE300223C4E93BAA84F8E83093
:10C0C40004F0C0FB05F1080104F1D000D8E9002315
:10C0D400A8468142C4E9012358F8033BA4F8C830B8
:10C0E4004FEA134384F8CA3098F80230B5F80320B5
:10C0F40084F8CD30A4F8CB20AB7984F8CE3006D0C8
:10C1040094F8DC30002B7CD12B7D002B70D105F111
:10C114001C0104F1E40A2B7E514584F8E03009D077
:10C1240094F8E830002B40F09B8095F82030002BE9
:10C1340040F08B802B6829462046ADF86C301B0CF0
:10C144008DF86E301B9B23821B0CA374B5F803205F
:10C1540098F80230ADF86C20BB70BDF86C30A4F8D0
:10C164001330BB786375AB79A375FCF705FF05F055
:10C174001BFC00231F903A461D9304F13C012293BB
:10C184003046CDE91B33CDE9203301231E93FFF75D
:10C19400D9FE04F1EC039E4222D0D4F8EC30059A87
:10C1A400D4F8F000C4F8EC200593069B0690C4F87C
:10C1B400F03070B105F010FC58B1069803689B6824
:10C1C400984706988368013B836013B90368DB686A
:10C1D4009847384605F026FA204632B0BDE8F08785
:10C1E40006980028F5D005F0F7FB0028F1D0E4E725
:10C1F400294A013B52F8233098472B7D84F8DC30E0
:10C2040085E7264A013B019152F823300090984774
:10C2140084F8DCA02B7DDDE90001002B3FF477AF2F
:10C22400E6E71BAF1E4A013B384652F823309847D5
:10C2340029E71C4A013B314604F13C0052F8233003
:10C244009847337F84F85830E4E6174A013B504658
:10C2540052F82330984795F8203084F8E83069E79D
:10C26400124A013B5046009152F82330984700236C
:10C27400009984F8E83095F82030002B3FF45AAF49
:10C28400E3E700BFE4630020A08C00200C930020AF
:10C294009C1000205C080020106800200468002026
:10C2A4001C680020FC6700205068002048680020BB
:10C2B4002DE9F04184B00446FF2588460DF10F01B5
:10C2C4009DF828709DF82C608DF80F5007F00F072B
:10C2D40006F00F06CDE9003204F0E8FD0DF10F0180
:10C2E40020468DF80F5004F0E1FD0DF10F012046BA
:10C2F4008DF80F5004F0DAFD0DF10F0120468DF892
:10C304000F5004F0D3FD0DF10F0120468DF80F50AE
:10C3140004F0CCFD0DF10F0120468DF80F500025DF
:10C3240004F0C4FD0DF10F0120468DF80F5004F008
:10C33400BDFD032120468DF80F100DF10F0104F00F
:10C34400B5FD0DF10F0120468DF80F8004F0AEFD10
:10C35400019A0DF10F01204602F00F028DF80F2013
:10C3640004F0A4FD009B0DF10F01204603F00F0320
:10C374008DF80F3004F09AFD0DF10F0120468DF871
:10C384000F7004F093FD0DF10F0120468DF80F603E
:10C3940004F08CFD0DF10F0120468DF80F5004F0D0
:10C3A40085FD0DF10F0120468DF80F5004F07EFD40
:10C3B40004B0BDE8F08100BF82B02DE9F04F91B028
:10C3C4008B46042705AD1B931E9C0DF124099DF893
:10C3D40074800DF1280A85E807009DF81C30054695
:10C3E400002B40F08480B8F1000F00F088801F9B80
:10C3F4000EAA0CA91F981B68CDF824B09B68CDE940
:10C404000C97CDE90EA79847BDF828300EA9204611
:10C414001B0A8DF8383004F049FDBDF828300EA908
:10C4240020468DF8383004F041FDBDF82A300EA9BD
:10C4340020461B0A8DF8383004F038FDBDF82A3048
:10C444000EA920468DF8383004F030FDBDF82C30AC
:10C454000EA920461B0A8DF8383004F027FDBDF8DC
:10C464002C300EA920468DF8383004F01FFDBDF89D
:10C474002E300EA920461B0A8DF8383004F016FD24
:10C48400BDF82E300EA920468DF8383004F00EFD8C
:10C49400002DA8D06B6B0121286898470028A2D0F2
:10C4A4000EAB28680CAA4FF0000B03930DF1230385
:10C4B400CDE901320DF122022B1D0092EE690ECB63
:10C4C400B0479DF822209DF8233062F3070B9DF8B6
:10C4D4003020286863F30F2B9DF8383062F3174B34
:10C4E40063F31F6BAB6A9847EB6A28689847B8F107
:10C4F400000F3FF47CAF1B9BAB427FF478AF11B0CD
:10C50400BDE8F04F02B070472DE9F04F8DB00546FD
:10C514004FF003080DF1180ACDE90201CDE900231B
:10C524009DF80F30BDF80C609DF80EB09DF8079093
:10C53400DDE91647002B65D1B9F1000F68D03B68DF
:10C5440005A90AAA38469B68ADF814608DF816B0A0
:10C55400CDE90818CDE90AA808A99847BDF818300C
:10C564000AA920461B0A8DF8283004F09FFCBDF868
:10C5740018300AA920468DF8283004F097FCBDF83D
:10C584001A300AA920461B0A8DF8283004F08EFCC4
:10C59400BDF81A300AA920468DF8283004F086FC2C
:10C5A400BDF81C300AA920461B0A8DF8283004F077
:10C5B4007DFCBDF81C300AA920468DF8283004F013
:10C5C40075FC002DB8D06B6B0121286898470028B2
:10C5D400B2D06E6A0AAB08AA0DF113012868B047FD
:10C5E4009DF813104FF000069DF82020AB6A61F30C
:10C5F400070628689DF828B062F30F269847EB6A6F
:10C6040028689847B9F1000F99D0009B9D4296D1B4
:10C614000DB0BDE8F08F00BF2DE9F04F012AA9B09D
:10C6240004460D461F46329E00F03881032A0CBF93
:10C634004FF09B094FF08B0903F0C8F8C6F3811241
:10C64400C6F3C10306F003066A44010C6B446E444E
:10C65400ADF824008DF8261092F8241093F82420C5
:10C6640096F8243001F00F0BC0F3036102F00F08B9
:10C6740003F00F030A900791069397F82030012BDB
:10C6840000F083819FED9D0A0BA803F08DFF2B6BB7
:10C694002868EE6898472B7D82467BB1002E40F0D7
:10C6A4009480974B1A78002A00F0DF810B9BB9F134
:10C6B400030F04930CBF0323062309E00B9BB9F17A
:10C6C400030F049300F0CC81002E0CBF0623082333
:10C6D40003FB0AFA8B4F079B5A460AF10F0A494695
:10C6E40001932046A7FB0ACE069B2EF0010C009373
:10C6F40043460CEB5E0CAAEB0C0ACAF1030AA7FB37
:10C704000AC727F0010C0CEB5707AAEB070AFFF73F
:10C71400CFFDBAF1000F0DD04FF0000810AFC346A3
:10C7240008F10108394620468DF840B004F0BEFBFC
:10C73400C245F5D1B9F1030F4FD0734A136813F012
:10C74400010300F0E380049B002B00F0EC8010ABAD
:10C7540005936B6B01212868002E00F0A280984796
:10C76400002840F0A58106460DF134090346049AD9
:10C774008DF8483013AB0392002202948DF83C20CC
:10C78400CDE90D2299E80700CDE9105683E80700AA
:10C79400059A139BDDE914018DE8030007CAFFF72E
:10C7A4000BFE0C9870B105F017F958B10C9803689A
:10C7B4009B6898470C988368013B836013B90368AE
:10C7C400DB68984729B0BDE8F08F0B9BB9F1030FE4
:10C7D40004930CBF042308237AE76B6B01212868B8
:10C7E400002E00F0DD809847002840F08B8106463B
:10C7F40003468DF84830CDE91056002BD1D011AF47
:10C804004FF0010A0DF134090DF123083946204691
:10C8140004F024FB0DF14501204604F01FFB0DF14B
:10C824004601204604F01AFB0DF14701204604F0AE
:10C8340015FB109B0121002BB3D05A6B186890474D
:10C844000028AED0109A0DF122010DF121031068D9
:10C85400CDE90031131DCDE90289D2F81CB00ECB0D
:10C86400D8479DF82120002362F307039DF8222076
:10C8740062F30F239DF8232062F317439DF83420BD
:10C8840062F31F631193109B9A6A18689047109B78
:10C89400DA6A186890478DF848A0B7E74FF00309A3
:10C8A400CAE69847D8B1059B0DAA0DF12301286863
:10C8B4006F6AB8479DF82330286863F307069DF82C
:10C8C400343063F30F269DF8403063F31746012399
:10C8D40063F31F66AB6A9847EB6A28689847049B22
:10C8E400002205990193109511960094CDE9122226
:10C8F400DDE9122303C9FFF707FE52E73333334060
:10C904001C320120ABAAAAAA308C0020914892497B
:10C91400C0E9003301231360904A1BF055FE049BC9
:10C92400002B7FF414AFDFF82C92D9F80030049375
:10C93400002B7FF40CAF10AB9FED890A18460593CA
:10C9440003F032FED9F80030109AD9F8040010939D
:10C95400119B0492C9F80020C9F8043011900028F2
:10C964003FF4F7AE05F038F858B1119803689B68A6
:10C97400984711988368013B836013B90368DB68A7
:10C984009847D9F800300493E3E61C3704220DA934
:10C9940010A80D9704F0EEFF109B93ED000A73E6C8
:10C9A4009847D8B110AB0DAA0DF1230128686F6A1E
:10C9B400B8479DF823209DF8343062F307069DF8AC
:10C9C4004020286863F30F26012362F3174663F3BC
:10C9D4001F66AB6A9847EB6A28689847CDE91056FA
:10C9E400360E3FF4DEAE11AF4FF001083946204653
:10C9F40004F034FA0DF14501204604F02FFA0DF14C
:10CA04004601204604F02AFA109B0121002B3FF432
:10CA1400C8AE5A6B1868904700283FF4C2AE10980D
:10CA24000DF122010DAB0DF12302D0F82490006822
:10CA3400C8479DF82320109B8DF845209DF834208D
:10CA44008DF846209DF822208DF844209A6A1868B3
:10CA54009047109BDA6A186890478DF84780C5E7BD
:10CA6400002E0CBF0323042332E601223D481A7032
:10CA740003F03EFB10AB602231460746184605938F
:10CA840021F0ACF8059804F0CBFF0A233649059849
:10CA940027938DF8986005F0C5FA3046059B394612
:10CAA4004FF4B77203F0E4FA059804F0C7F8FDE513
:10CAB400059B0DF13409CDE902930DF12303019394
:10CAC4000DF1220300932B1DEE6928680ECBB047AD
:10CAD4009DF82230002063F307009DF8233063F3B0
:10CAE4000F209DF8343063F317409DF8403063F312
:10CAF4001F60AB6A064628689847EB6A286898471F
:10CB0400012334E610AA0DAB0DF12301CDE9023265
:10CB14000DF122022B1DEE69CDE900210ECB286810
:10CB2400B0479DF8222000269DF82330286862F340
:10CB340007069DF8342063F30F269DF8403062F316
:10CB4400174663F31F66AB6A9847EB6A28689847F1
:10CB540001234EE6A4920020995300008C7B002010
:10CB640033333340780C00201C1C00202DE9F04F97
:10CB74008BB000264FF01F0A4FF08009169D0DF16F
:10CB840027079DF854B08DF82760DFF85481CDE96C
:10CB940004239DF81730CDE906013946284603934E
:10CBA40004F084F9394628468DF8276004F07EF9AC
:10CBB400394628468DF8276004F078F93946284626
:10CBC4008DF8276004F072F9029664E0039B002B51
:10CBD4006CD01BFB0A93A8FB0323DB097DD1BBF1BB
:10CBE400000F7AD0E123394628468DF8273004F027
:10CBF4005DF907A9284604F031F90DF11D01284615
:10CC040004F02CF90DF11E01284604F027F9069BC7
:10CC1400002B5ED05A6B012118689047002858D029
:10CC240006993B460DF1260208684C6A0DF1250170
:10CC3400A0479DF826309DF827209DF825108DF8F3
:10CC44001D30069B8DF81C108DF81E209A6A1868FA
:10CC54009047069BDA6A1868904701238DF81F30C5
:10CC6400149CACB1636B01212068984780B12068A3
:10CC74000DF126030DF1250209A90097A66BB04713
:10CC8400A36A20689DF827B09847E36A206898470C
:10CC9400029B013302939DF81F30002B96D0039B17
:10CCA400002B96D0069A049B9A4292D1029E0024AD
:10CCB4004FF0FF0876090136B6000134394628469C
:10CCC4008DF8278004F0F2F8B442F6D30BB0BDE837
:10CCD400F08F00238DF81F30C2E763F01F0382E753
:10CCE400818080802DE9F04F8BB000264FF01F0A21
:10CCF4004FF08009169D0DF127079DF854B08DF86B
:10CD04002760DFF85481CDE904239DF81730CDE97D
:10CD1400060139462846039304F0C8F839462846E4
:10CD24008DF8276004F0C2F8394628468DF827604C
:10CD340004F0BCF8394628468DF8276004F0B6F8AC
:10CD4400029664E0039B002B6CD01BFB0A93A8FBA8
:10CD54000323DB097CD1BBF1000F79D0E1233946F1
:10CD640028468DF8273004F0A1F807A9284604F0D6
:10CD740075F80DF11D01284604F070F80DF11E013F
:10CD8400284604F06BF8069B002B5DD05A6B0121FA
:10CD940018689047002857D006993B460DF12602A3
:10CDA40008684C6A0DF12501A0479DF826309DF8CE
:10CDB40027209DF825108DF81D30069B8DF81C103A
:10CDC4008DF81E209A6A18689047069BDA6A1868DC
:10CDD400904701238DF81F30149CACB1636B012183
:10CDE4002068984780B120680DF126030DF12502D3
:10CDF40009A90097A66BB047A36A20689DF827B0DD
:10CE04009847E36A20689847029B013302939DF890
:10CE14001F30002B96D0039B002B96D0069A049BC0
:10CE24009A4292D1029E00247609A0460136B600A9
:10CE34000134394628468DF8278004F037F8B44287
:10CE4400F6D30BB0BDE8F08F00238DF81F30C3E795
:10CE540063F01F0383E700BF8180808070B586B0D4
:10CE6400CDE902019DF80F000A9CCDE900239DF84D
:10CE7400075048B155B1029A009B9A4206D106B0B8
:10CE840070BD00238DF80F30002DF8D003A9204683
:10CE940003F0E4FF0DF10D01204603F0DFFF0DF177
:10CEA4000E01204603F0DAFF029B002BE9D05A6BF7
:10CEB4000121186890470028E3D002980DF1170368
:10CEC4000DF116020DF11501466A0068B047029B88
:10CED4009DF816C09DF817009DF815109A6A8DF8F4
:10CEE4000DC08DF80C108DF80E0018689047029B49
:10CEF400DA6A1868904701238DF80F30BAE700BF4B
:10CF040070B586B000260A9C8DF81760CDE9020141
:10CF14000DF117012046CDE900239DF8075003F0D9
:10CF2400C5FF0DF1170120468DF8176003F0BEFF11
:10CF34000DF1170120468DF8176003F0B7FF0DF1CE
:10CF4400170120468DF8176003F0B0FF9DF80F30ED
:10CF5400002B54D1002D58D09DF80C3005A99DF814
:10CF64000EC020469DF80D206FEA93038CF0C00C90
:10CF74006FEA121203F0300302F00C0243EA9C132E
:10CF8400134363F03F038DF8143003F08FFF03A9BC
:10CF9400204603F063FF0DF10D01204603F05EFF10
:10CFA4000DF10E01204603F059FF029B002B4BD0DC
:10CFB4005A6B012118689047002845D002980DF15A
:10CFC40017030DF116020DF11501466A0068B0470A
:10CFD400029B9DF816C09DF817009DF815109A6ADB
:10CFE4008DF80DC08DF80C108DF80E001868904760
:10CFF400029BDA6A1868904701238DF80F30002DE0
:10D00400AAD0029A009B9A42A6D100250DF11701DD
:10D0140020468DF8175003F049FF0DF11701204603
:10D024008DF8175003F042FF0DF1170120468DF8DB
:10D03400175003F03BFF0DF1170120468DF81750F0
:10D0440003F034FF06B070BD00238DF80F3081E784
:10D054002DE9F04F89B000270546129C8DF81F700A
:10D06400CDE90401CDE902239DF817200DF11F013C
:10D074009DF80F302046019200939DF814909DF87E
:10D0840015809DF816B003F011FF0DF11F01204625
:10D094008DF81F7003F00AFF0DF11F0120468DF873
:10D0A4001F7003F003FF0DF11F0120468DF81F7060
:10D0B40003F0FCFE019A3BE0009A002A44D001F4FC
:10D0C400787103F4F84320460B430DF11F016FEA16
:10D0D40043436FEA53431A0A43EADB0A8DF81F20DD
:10D0E40003F0E4FE0DF11F0120468DF81FA003F0AC
:10D0F400DDFE0121002D4FD06B6B286898470DF1A0
:10D104001F030DF11E02002846D00DF11D012868F1
:10D114006E6AB047AB6A28689DF81D909DF81E8022
:10D124009DF81FB09847EB6A286898470122013799
:10D134004FEAC9134FEA8801002ABDD0009A002A99
:10D14400BDD0029AAA42BAD17F0922D000254FF05D
:10D15400FF082E460DF11F0120468DF81F8003F0B5
:10D16400A5FE0DF11F01204601358DF81F6003F067
:10D174009DFE0DF11F0120468DF81F6003F096FE01
:10D184000DF11F0120468DF81F6003F08FFEAF42A2
:10D19400E0D109B0BDE8F08F0022C8E72DE9F04FD7
:10D1A40091B0074608264FF000081C9C0DF13F057E
:10D1B400CDE90C01CDE90A239DF834309DF837A060
:10D1C40006939DF8353007939DF8363005939DF806
:10D1D4002F300893294620468DF83F8003F066FEE1
:10D1E400013EF7D1B046DFF850914FF0FF0B09969E
:10D1F40003977FE0002B00F08A80069B0DF13A0133
:10D2040020468DF83AB039F813308DF83BB00493CA
:10D21400079B39F813A0059B39F8136003F046FE09
:10D224000DF13B01204603F041FE049B29462046B4
:10D234001A0A8DF83F2003F039FE049B2946204644
:10D244008DF83F3003F032FE4FEA1A232946204678
:10D254008DF83F3003F02AFE294620468DF83FA082
:10D2640003F024FE330A294620468DF83F3003F0AC
:10D274001DFE294620468DF83F6003F017FE039BF0
:10D28400002B56D0039F01217B6B386898470028F8
:10D294004FD00DF13D012B460DF13E0238687E6AF8
:10D2A4004FF0010AB0479DF83D309DF83F200693AA
:10D2B4009DF83E3038680793BB6A05929847FB6A2D
:10D2C400386898471A9E9EB1736B0121306898475D
:10D2D40070B130680DF13E030DF13D020FA90095C8
:10D2E400B76BB847B36A30689847F36A30689847B1
:10D2F40008F10108089BBAF1000F3FF47BAF002B43
:10D304003FF47BAF0A9B039A93427FF476AF4FEAD4
:10D314005808099EFF2708F10408013629462046CB
:10D324008DF83F7003F0C2FDB045F6D111B0BDE8F1
:10D33400F08F4FF0000AC5E78002002030B590F866
:10D34400482083B004460D46012A12D104226946BE
:10D3540000940DEB020004F00DFB019B3BB1186837
:10D36400294603681B6803B0BDE83040184794F8A9
:10D374004820022A10D10422694600940DEB0200D1
:10D3840004F0F8FA019B2BB11B68284603B0BDE8F2
:10D394003040184794F84820032A10D104226946E3
:10D3A40000940DEB020004F0E5FA019828B1036C37
:10D3B400294603B0BDE83040184794F84820042AB1
:10D3C40016D1694601A8009404F0D4FA019868B112
:10D3D4000368114A1B689342EAD1036900F108010A
:10D3E4002A46406803B0BDE83040184794F8482006
:10D3F400052A0ED10422694600940DEB020004F0C4
:10D40400B9FA019828B10368044A1B689342E4D02E
:10D41400CEE703B030BD00BF191700002517000088
:10D424004268002A00F0B48090F824302DE9F047D7
:10D4340015469CB08A460446002B36D00026B146D9
:10D444003546276807EB060898F85010E9B14D45B2
:10D4540019D05823BA5903FB09F17A500F4408F143
:10D464000801D8F8043007F108007B60814209D034
:10D4740097F85030002B40F0D18098F85030002BB2
:10D4840040F0C280626809F10109013558369542BD
:10D49400D7D34946204603F087FE0023656884F805
:10D4A400243015B91CB0BDE8F08704F06FFA0423EA
:10D4B4000026102207930CAB4FF020084FF0100900
:10D4C4000890314606921846402209960596582738
:10D4D4000493CDE90A8920F081FB80463046236815
:10D4E40007FB063393F85020C2B15968B8F1000F16
:10D4F40008EB800C434608BF4FF0000C039102E098
:10D50400126891420AD063451A4603F10403F7D125
:10D5140004A803A903F0A2FCDDE904800136AE42AD
:10D52400DDD3B8F1000F0AD008EB80018300414538
:10D5340005D0042B03D04046F9F742FF059840B3C9
:10D544000027582658F827804FF0000903E009F116
:10D554000109A94515D26368002B4FD0236806FB47
:10D56400093393F850100029F1D059684145EED1A0
:10D5740009F1010903F108005146FFF7DFFEA9454F
:10D58400E9D30137059B9F4203D2DDF81080D9E728
:10D59400704794F824308BB3626891463AB30026FE
:10D5A400B1463546276807EB060898F85010D1B104
:10D5B400A94516D05823BA5903FB09F17A500F44F0
:10D5C40008F10801D8F8043007F108007B608142B3
:10D5D40006D097F85030002B37D198F8503053BB11
:10D5E400626809F10109013558369542DAD3494692
:10D5F400204603F0D9FD002384F8243004A804F065
:10D6040011F81CB0BDE8F087164A013B52F82330EC
:10D61400984798F8503087F8503033E7124A013B66
:10D62400019152F82330009098470023DDE900016E
:10D6340087F8503021E70B4A013B52F823309847D2
:10D6440098F8503087F85030CAE7074A013B0191F7
:10D6540052F82330009098470023DDE9000187F851
:10D664005030BAE708670020F46600202DE9F04145
:10D674000D469AB006464FF48E7104204FF001080F
:10D6840004F072F91D4BC0F80480044603600023C3
:10D69400C0F8088004A980F8183100F10C030422B2
:10D6A40003A8049304F066F905F12C03039F04AA6C
:10D6B4002946009338462B6A04936B6A0593AB6A38
:10D6C400FEF792FC05F16802F96E04A884F818814B
:10D6D40037607460FBF7A8FF306804A9703004F069
:10D6E4009DFF04A803F0AAFAFEF7E8FA316838317E
:10D6F400FFF796FE30461AB0BDE8F081CC630020F7
:10D70400384B014603F1440210B582B0044603606D
:10D7140041F8382F0191FEF7D1FA01992830FFF72B
:10D724007FFE04F1F40003F099F8D4F8F00018B186
:10D7340004F052F900282ED194F8E830002B3DD1A2
:10D7440094F8DC30002B44D104F1700003F076FA35
:10D75400606E18B18368013B836053B194F858300C
:10D764008BB9214B204623600AF086FC204602B088
:10D7740010BD4368002BF1D10368DB68984794F827
:10D784005830002BEDD0194A013B04F13C0052F80B
:10D7940023309847E5E7D4F8F00003689B6898477E
:10D7A400D4F8F0008368013B8360002BC4D1036884
:10D7B400DB68984794F8E830002BC1D00C4A013B51
:10D7C40004F1E40052F82330984794F8DC30002B3D
:10D7D400BAD0084A013B04F1D00052F823309847EC
:10D7E400B2E700BFE4630020CC5F0020F4670020B0
:10D7F4004868002004680020A0F13800FFF780BFCB
:10D8040010B50446FFF77CFF4FF48671204619F0EB
:10D8140057FB204610BD00BF10B5A0F138042046C8
:10D82400FFF76EFF20464FF4867119F049FB20463E
:10D8340010BD00BF30B599B004460AF0DFFB58B9FB
:10D8440020460AF0C7FBFEF739FA04F138015030DC
:10D85400FFF7E6FD19B030BD154802F049FC60221F
:10D8640005460021684620F0B9F9684604F0D8F866
:10D874000A234FF000020F49684617938DF8582089
:10D8840004F0D0FB04F17001684605F057F80A492A
:10D89400684604F0C7FB6B4640F2D62229460020B6
:10D8A40002F0E6FB684603F0C9F919B030BD00BFC9
:10D8B400780C0020D40C0020FC1C002070B5164607
:10D8C40090F8482082B00446012A0D4613D1042260
:10D8D400009069460DEB020004F04CF8019B43B143
:10D8E40018683246294603681B6802B0BDE87040D8
:10D8F400184794F84820022A11D10422694600945A
:10D904000DEB020004F036F8019B33B11B6831467D
:10D91400284602B0BDE87040184794F84820032A0E
:10D9240011D10422694600940DEB020004F022F8A0
:10D93400019830B1036C3246294602B0BDE870400C
:10D94400184794F84820042A18D1694601A800947D
:10D9540004F010F8019878B10368124A1B689342E6
:10D96400E9D1046900F1080133462A464068A44617
:10D9740002B0BDE87040604794F84820052A0ED1F3
:10D984000422694600940DEB020003F0F3FF0198B2
:10D9940028B10368044A1B689342E2D0CBE702B083
:10D9A40070BD00BF6117000079170000134642687C
:10D9B400002A00F0B8802DE9F04F9B4690F82430FF
:10D9C4009DB016468A460446002B38D04FF0000915
:10D9D4005823C8464D46266806EB090797F85000B9
:10D9E400E0B1454518D056F8092003FB08F007F1CB
:10D9F4000801325006447A6806F1080072608142D8
:10DA040009D096F85020002A40F0D68097F850208C
:10DA1400002A40F0C480626808F10108013509F168
:10DA240058099542D7D34146204603F0BDFB002355
:10DA3400666884F8243016B91DB0BDE8F08F03F091
:10DA4400A5FF00250CAB102204214FF020084FF055
:10DA54001009089018460995059558270493CDE9AF
:10DA6400062129464022CDE90A8920F0B7F8A946C3
:10DA740029468046236807FB093393F85020BAB13E
:10DA84005D68B8F1000F08EB8100434608BF002031
:10DA9400039502E0126895420AD083421A4603F1C4
:10DAA4000403F7D103A904A803F0D8F9DDE904813C
:10DAB40009F10109B145DDD3B8F1000F0BD008EB32
:10DAC40081038A00434506D0042A04D019464046FF
:10DAD400F9F70EFC059939B34FF00009582742466F
:10DAE40052F82980002502E00135B54214D262685B
:10DAF400002A4ED0206807FB050090F85020002A29
:10DB0400F2D042684245EFD1013508305A465146B9
:10DB1400FFF7D4FEB542EAD309F10109059A91450C
:10DB240002D2049ADCE7704794F824308BB362681D
:10DB340091463AB30026B1463546276807EB0608F6
:10DB440098F85010D1B1A94516D05823B95903FB00
:10DB540009F2B950174408F10801D8F8043007F164
:10DB640008007B60814206D097F85030002B3CD1EE
:10DB740098F850307BBB626809F1010901355836C9
:10DB84009542DAD34946204603F00EFB002384F87D
:10DB9400243004A803F046FD1DB0BDE8F08FDFF883
:10DBA40064C0013A5CF82220904797F8502058232B
:10DBB40086F8502062682FE7DFF84CC0013A0191E3
:10DBC4005CF822200090904700225823DDE90001F0
:10DBD40086F850201AE70B4A013B52F82330984745
:10DBE40098F8503087F85030C5E7074A013B019157
:10DBF40052F82330009098470023DDE9000187F8AC
:10DC04005030B5E7446700203067002070B51646F1
:10DC140090F8482082B00446012A0D4613D104220C
:10DC2400009069460DEB020003F0A4FE019B43B192
:10DC340018683246294603681B6802B0BDE8704084
:10DC4400184794F84820022A11D104226946009406
:10DC54000DEB020003F08EFE019B33B11B683146CD
:10DC6400284602B0BDE87040184794F84820032ABB
:10DC740011D10422694600940DEB020003F07AFEF0
:10DC8400019830B1036C3246294602B0BDE87040B9
:10DC9400184794F84820042A18D1694601A800942A
:10DCA40003F068FE019878B10368124A1B68934236
:10DCB400E9D1046900F1080133462A464068A446C4
:10DCC40002B0BDE87040604794F84820052A0ED1A0
:10DCD4000422694600940DEB020003F04BFE019808
:10DCE40028B10368044A1B689342E2D0CBE702B030
:10DCF40070BD00BF91170000A917000013464268C9
:10DD0400002A00F0B8802DE9F04F9B4690F82430AB
:10DD14009DB016468A460446002B38D04FF00009C1
:10DD24005823C8464D46266806EB090797F8500065
:10DD3400E0B1454518D056F8092003FB08F007F177
:10DD44000801325006447A6806F108007260814284
:10DD540009D096F85020002A40F0D68097F8502039
:10DD6400002A40F0C480626808F10108013509F115
:10DD740058099542D7D34146204603F015FA0023AB
:10DD8400666884F8243016B91DB0BDE8F08F03F03E
:10DD9400FDFD00250CAB102204214FF020084FF0AC
:10DDA4001009089018460995059558270493CDE95C
:10DDB400062129464022CDE90A891FF00FFFA94612
:10DDC40029468046236807FB093393F85020BAB1EB
:10DDD4005D68B8F1000F08EB8100434608BF0020DE
:10DDE400039502E0126895420AD083421A4603F171
:10DDF4000403F7D103A904A803F030F8DDE9048192
:10DE040009F10109B145DDD3B8F1000F0BD008EBDE
:10DE140081038A00434506D0042A04D019464046AB
:10DE2400F9F7FEF9059939B34FF00009582742462E
:10DE340052F82980002502E00135B54214D2626807
:10DE4400002A4ED0206807FB050090F85020002AD5
:10DE5400F2D042684245EFD1013508305A46514666
:10DE6400FFF7D4FEB542EAD309F10109059A9145B9
:10DE740002D2049ADCE7704794F824308BB36268CA
:10DE840091463AB30026B1463546276807EB0608A3
:10DE940098F85010D1B1A94516D05823B95903FBAD
:10DEA40009F2B950174408F10801D8F8043007F111
:10DEB40008007B60814206D097F85030002B3CD19B
:10DEC40098F850307BBB626809F101090135583676
:10DED4009542DAD34946204603F066F9002384F8D4
:10DEE400243004A803F09EFB1DB0BDE8F08FDFF8DA
:10DEF40064C0013A5CF82220904797F850205823D8
:10DF040086F8502062682FE7DFF84CC0013A01918F
:10DF14005CF822200090904700225823DDE900019C
:10DF240086F850201AE70B4A013B52F823309847F1
:10DF340098F8503087F85030C5E7074A013B019103
:10DF440052F82330009098470023DDE9000187F858
:10DF54005030B5E7BC670020A8670020D0F8EC304B
:10DF64002DE9F04F93F89030ADF5077D05900791BA
:10DF7400002B40F04782059A92F86830002B40F05D
:10DF84002E8205995BA8FBF745FE5B9B5C9A069382
:10DF94000892002B00F00882059C04F1F40002F0C2
:10DFA40085FC94F8DC30E26D8146022B39AC0A9290
:10DFB40040F09082059D042221465BA805F1D00320
:10DFC400236003F0D7FC5B9A95F8DC30002A00F05C
:10DFD4008182118814AF0D9107CA87E807000E915A
:10DFE4000C92032B40F06C82059B042221465BA813
:10DFF400D033236003F0BEFC5B9A002A00F06082F9
:10E00400918817ABADF8421007CA83E807000F9058
:10E014000B920D9A23AD4FF0000A4FF0020C3A8098
:10E024000E9A8DF8B0A17A600C9A8DF88CC1BA6002
:10E034000F9A1A60BDF842209A800B9A9A60059A4A
:10E0440002F1700697E807001AAF119687E80700F7
:10E0540093E807001DAB83E8070097E807001DABB2
:10E0640085E8070093E807007EAB8DF8F4C1079FAD
:10E0740084E8070095E80700CDE984AA83E807004F
:10E0840094E8070081AB83E807000A9A394664A83C
:10E09400FBF74EF9B9F1000F00F0FC807B684846AD
:10E0A4009FB2129302F04EFC8046484602F04CFCAC
:10E0B40018FB00FB1FFA8BFB5F4540F06382DFF81F
:10E0C40048B6079BDBF800A01B680993BAF1000F60
:10E0D40000F0EB83504602F011FFBDF848105046A3
:10E0E40003F062F86FB34FF0000B4346A046594665
:10E0F4005E461C4642464846B1FBF4F304FB13114A
:10E10400A8F800302980294602F0D2FB8742314624
:10E114004FF0000C00EB400304D9099AD018D15AEF
:10E1240090F802C00BEB4B00DAF800300BF1010B56
:10E13400195203441FFA8BF183F802C08F42D9D8D5
:10E144004446079B9DF88C219869998B9B7FDAE95B
:10E15400009A2860A980AB7195E80300ADF800111E
:10E16400090C3F908DF80211002A40F038835BAF10
:10E174000323CDF86C914FF0000904228DF87E3111
:10E1840001232F600DF5A6788DF88C3156AFCDF8AC
:10E194007891ADF87C91CDF88091DDE93F01CDE92E
:10E1A4005CAAADF88811090C619020468DF88A119B
:10E1B400294603F0DFFB022220ABD4F800C084F828
:10E1C40064201AAA84F8209007CA83E807000D9AED
:10E1D4001A800E9A5A600C9A9A601DAA07CA85E89A
:10E1E40007000F9A2A60BDF84220AA800B9AAA6001
:10E1F40093E8070088E8070095E8070087E8070028
:10E204000A9A61462046C4E92099FBF791F89DF8E3
:10E21400B031002B40F0198394F82030002B40F0EB
:10E2240002839DF8F431002B40F0F38294F86430BB
:10E23400002B40F0DC82DDF810C27EAED4E920323F
:10E244008493859B859298E8070086E8070097E801
:10E25400070081AEC4E920C386E8070083B11846ED
:10E2640003F0BAFB60B1D4F8840003689B68984754
:10E27400D4F884008368013B8360002B00F027837B
:10E2840094F86430002B40F0988294F82030002BEE
:10E2940040F09E829DF8F431012B40F024816DAB57
:10E2A4000422294620462B6003F064FBD4F8008046
:10E2B400059ED6F8EC3003F17009484602F01EFEC4
:10E2C40096F85830012B00F05D82022B00F0CF82CB
:10E2D400FDF7F4FC059BC830DFF8309403F13807F0
:10E2E400D3F8EC203946FFF761FB069928460B6802
:10E2F400DB689847D9F80000002800F0AF82DFF807
:10E30400108498F80030002B00F0F0802946FBF7C9
:10E3140067FB012800F0F780022803D10023059A47
:10E3240082F86B30069B059A1B68D2F8F000D3F88C
:10E334000080D2F8EC306060236008B103F044FB45
:10E3440006982146C047606820B103F045FB0028C9
:10E3540040F05F81FDF7B2FC0699064620460B6843
:10E36400DB68984706F1F00022463946FFF7C6FC01
:10E37400204602F063FC284602F060FC859820B138
:10E3840003F02AFB002840F0EE809DF8F431002BC6
:10E3940040F0E2809DF8B031002B40F0D6809DF82B
:10E3A4008C31002B40F0CA80089B002B00F0848045
:10E3B400089C204603F010FB00287DD023682046EB
:10E3C4009B689847A368013BA360002B74D1204647
:10E3D4002368DB680DF5077DBDE8F04F1847516EE3
:10E3E4000891002968D04B68002B65D04B68002B3E
:10E3F40062D04B68126E013306924B60002A7FF4A0
:10E40400CBADD5E75BAFB24801F072FE60220446A3
:10E414000021384600251FF0E1FB4FF00A09384679
:10E4240003F0FEFAAB4938468DF8C451CDF8C891D3
:10E4340003F0F8FD059E384606F17008414604F0E5
:10E444007DFAA549384603F0EDFD21463B464FF4DD
:10E45400E372284601F00CFE384602F0EFFB746EBE
:10E464001CB16368002B40F0E380994801F040FE42
:10E4740060220021044638461FF0B0FB384603F002
:10E48400CFFA00220A23934938468DF8C4217293A7
:10E4940003F0C8FD4146384604F050FA8F49384627
:10E4A40003F0C0FD01203B4640F2C912214601F0B1
:10E4B400DFFD384602F0C2FB0DF5077DBDE8F08FA5
:10E4C400874B0F934FF45053ADF8423000230B9316
:10E4D40017AB9EE50022032014AF0C9241F2707238
:10E4E400CDE90D207DE54FF00008E1E6012307901A
:10E4F40088F8003008F0E4FD07982946FBF770FA25
:10E5040001287FF409AF059B93F86B30002B7FF44F
:10E5140032AFD9F80040002C00F0DD8598F80030C7
:10E52400002B00F0D18504F1440211982946F7F735
:10E5340043FB0123059A82F86B301CE7694A013BCF
:10E544005BA852F8233098472EE7674A013B64A83A
:10E5540052F82330984722E7644A013B6DA852F8E9
:10E564002330984716E7859803689B6898478598F1
:10E574008368013B8360002B7FF407AF0368DB688B
:10E58400984702E71390524801F0B2FD51466022C9
:10E59400099020461FF022FB204603F041FA0A228C
:10E5A4004C492046E26584F858A003F03BFD31460F
:10E5B400204604F0C3F94E49204603F033FD41469A
:10E5C400204603F06BFD4B49204603F02BFD1399C5
:10E5D400204603F063FD4849204603F023FD5946D5
:10E5E400204603F05BFD4549204603F01BFD3946F8
:10E5F400204603F053FD4249204603F013FD234611
:10E6040009995322012001F033FD204602F016FB44
:10E6140055E5606803689B68984760688368013BB8
:10E624008360002B7FF496AE0368DB68984791E61D
:10E634006368002B3FF419AF6368316E0133636084
:10E64400002900F00C8608464FF47A71F9F73EFB76
:10E6540082461F48BAF1000F5CD001F049FD6022E8
:10E664002946824638461FF0B9FA384603F0D8F9ED
:10E6740018493846CDF8C8918DF8C45103F0D2FC3E
:10E684004146384604F05AF91E49384603F0CAFC9C
:10E694003B46514628464FF4E97201F0E9FC3846FE
:10E6A40002F0CCFA204603F097F900283FF463AC5B
:10E6B400236820469B689847A368013BA360002B0E
:10E6C4007FF459AC23682046DB68984753E400BFC5
:10E6D400780C0020D40C0020301D0020601E002087
:10E6E4008C0A64199066002098660020E467002074
:10E6F400EC1D00207856002004250020041E002074
:10E70400201E0020C41D0020AC920020E8940020AC
:10E714001E32012001F0ECFC6022514605463846C9
:10E724001FF05CFA384603F07BF99B4938468DF8B4
:10E73400C4A1CDF8C89103F075FC4146384604F0F5
:10E74400FDF89649384603F06DFC3B4640F2CF1283
:10E754002946012001F08CFC384602F06FFA20466D
:10E7640003F03AF900283FF4A7AE236820469B68DB
:10E774009847A368013BA360002B7FF49DAE2368F8
:10E78400204626E6059B0422294620463C332B607E
:10E7940003F0F0F823681A7E002A00F05184531E17
:10E7A400022B3FF695AD059E41464846F36D009316
:10E7B40006F1C803FDF730FF8AE5794A013B42A818
:10E7C40052F82330984794F82030002B3FF462AD80
:10E7D400744A013B204652F8233098475AE5013ADF
:10E7E4005BAF714B384653F822309847C0E46F4A08
:10E7F400013B42A96DA852F82330984794F864303D
:10E804008DF8F431002B40F04284002384F8643006
:10E8140011E5634A013B6DA852F823309847002361
:10E824008DF8F43102E5624A013B214664A852F8AE
:10E834002330984794F820308DF8B031002B40F005
:10E844001E84002384F82030EBE4564A013B64A87C
:10E8540052F8233098478DF8B091DDE4DFF8588101
:10E864004046FBF713F84046C9F8008047E5059B8E
:10E874000422294620463C332B6003F07BF82368AE
:10E884009B680E2B3FF624ADDFE813F0C6024D0261
:10E894009D0310025D01200198004403CF019800FC
:10E8A4002500250098002500030303F06FF8414B71
:10E8B4000322C3F808A0C3F81CA01861CBF80030E9
:10E8C400DA60C3E900AAC3E905AA9A4602E4036828
:10E8D400DB689847D4E4B8F1000F00F01784D8F847
:10E8E40034300121D8F800009847002800F06584EE
:10E8F4002A4620A9D8F824702346D8F80000B8473F
:10E904009DF880300027D8F8000063F307072B78C0
:10E9140063F30F27237863F31747012363F31F6718
:10E92400D8F828309847D8F82C30D8F80000984701
:10E934000023C5E90087C5E90233D8F83430012142
:10E94400D8F800009847002800F0E4831DAA1AA90B
:10E95400D8F8000020AB0094D8F83870B847D8F83D
:10E964002830D8F8000027789847D8F82C30D8F801
:10E974000000984701236371C4F800802771CDF823
:10E98400089094E80300DDE925238DE8030095E869
:10E994000300FEF7EBF89BE4D40C0020841D002058
:10E9A400E46700209866002090660020EC67002051
:10E9B400B0660020B0920020EC940020B8F1000F63
:10E9C40000F0A283D8F834300121D8F80000984729
:10E9D400002800F09983D8F8247023462A4620A9F9
:10E9E400D8F80000B8479DF880200023D8F800002C
:10E9F40062F307032A7862F30F23227862F3174342
:10EA0400012262F31F631F46D8F828309847D8F8CC
:10EA14002C30D8F80000984729464846C4E90087B6
:10EA240000272F7002F042FA294648462F7002F060
:10EA34003DFA294648462F7002F038FA29464846DE
:10EA44002F7002F033FAE379002B00F0B3830DF159
:10EA5400EA034FF0FF0807932946484685F80080EB
:10EA6400013702F023FA3AA9484602F0F7F90DF10A
:10EA7400E901484602F0F2F90799484602F0EEF936
:10EA840023680121002B00F0E1825A6B186890473B
:10EA9400002800F0DB8220681DA92B4620AA466AC4
:10EAA4000068B0479DF88020236862712A78A271BB
:10EAB4009DF8742022719A6A186890472368DA6A6C
:10EAC400186890474FF00103E371C5E7B8F1000FF0
:10EAD40000F00B83D8F834300121D8F800009847AF
:10EAE400002800F00283D8F8247023462A4620A97F
:10EAF400D8F80000B8479DF880200023D8F800001B
:10EB040062F307032A7862F30F23227862F3174330
:10EB1400012262F31F631F46D8F828309847D8F8BB
:10EB24002C30D8F8000098470023C4E90087CDF8BA
:10EB34000090C4E9023394E80300DDE93B23FEF7C7
:10EB4400DFF9FFF7C5BBB8F1000F00F0D482D8F8A5
:10EB540034300121D8F800009847002800F0CB8217
:10EB6400D8F8247023462A4620A9D8F80000B847CC
:10EB74009DF880300027D8F8000063F307072B784E
:10EB840063F30F27237863F31747012363F31F67A6
:10EB9400D8F828309847D8F82C30D8F8000098478F
:10EBA400C4E900873F0E0CD14FF00708002729461F
:10EBB40048462F7002F07AF9B8F10108F7D1FFF74F
:10EBC40087BB3AA9484602F049F90DF1E9014846E4
:10EBD40002F044F90DF1EA01484602F03FF92368D6
:10EBE4000121002B00F048825A6B186890470028D6
:10EBF40000F0428220681DA92B4620AA476A0068BB
:10EC0400B8479DF88020236862712A78A2719DF824
:10EC1400742022719A6A186890472368DA6A18681F
:10EC240090474FF00103E371CBE7B8F1000F00F018
:10EC34006482D8F834300121D8F8000098470028BD
:10EC440040F0E782C5E90080C5E90200D8F8343015
:10EC54000121D8F800009847002800F052821DAA2C
:10EC64001AA9D8F8000020AB0094D8F83870B84737
:10EC7400D8F82830D8F8000027789847D8F82C30EE
:10EC8400D8F80000984701236371C4F80080277105
:10EC9400CDF8089094E80300DDE925238DE803000E
:10ECA40095E80300FEF71EF8FFF712BBB8F1000F5A
:10ECB40000F01982D8F834300121D8F800009847C0
:10ECC400002800F01082D8F8247023462A4620A990
:10ECD400D8F80000B8479DF880200023D8F8000039
:10ECE40062F307032A7862F30F23227862F317434F
:10ECF400012262F31F631F46D8F828309847D8F8DA
:10ED04002C30D8F8000098470023C5E90087CDF8D7
:10ED14000090C4E9003395E8030094E80C00FEF782
:10ED24009DF8FFF7D5BAB8F1000F3FF4D1AAD8F88F
:10ED340034300121D8F80000984700283FF4C8AACD
:10ED440020A9D8F8247023462A46D8F800004FF0AA
:10ED5400000BB8479DF88030D8F82820D8F8000078
:10ED6400079395F800A027789047D8F82C20D8F876
:10ED740000009047079B5A1E5B0821464846D2B2C2
:10ED8400FC2A98BF43F0010363F07F03237002F071
:10ED94008DF80AF1FF334FEA5A0A2146DBB248469E
:10EDA400FC2B98BF4AF0010A6AF07F03237002F03B
:10EDB4007DF87B1E7F082146DBB24846FC2B98BFBA
:10EDC40047F0010767F07F03237002F06FF8012119
:10EDD400D8F83430D8F800009847002800F05F8154
:10EDE40020A9D8F8247023462A46D8F800000BF14D
:10EDF400010BB8479DF88030D8F82820D8F80000D7
:10EE0400079395F800A027789047D8F82C20D8F8D5
:10EE140000009047079BAEE7B8F1000F00F0678150
:10EE2400D8F834300121D8F800009847002800F0C1
:10EE34005E81D8F8247023462A4620A9D8F8000019
:10EE4400B8479DF880200023D8F8000062F3070338
:10EE54002A7862F30F23227862F31743012262F3C4
:10EE64001F631F46D8F828309847D8F82C30D8F8B4
:10EE7400000098470023C4E90087CDF80090C4E956
:10EE8400023394E80300DDE93B23FEF7E1F8FFF7E2
:10EE94001FBAB8F1000F00F04081D8F834300121D6
:10EEA400D8F800009847002840F08D81C5E900801B
:10EEB400C5E90200D8F834300121D8F80000984799
:10EEC400002800F02E811DAA1AA9D8F8000020AB52
:10EED4000094D8F83870B847D8F82830D8F800002B
:10EEE40027789847D8F82C30D8F8000098470123A1
:10EEF4006371C4F800802771CDF8089094E803008A
:10EF0400DDE925238DE8030095E80300FEF746F9C3
:10EF1400FFF7DEB9B8F1000F00F00681D8F83430FD
:10EF24000121D8F800009847002800F0FD80D8F8A7
:10EF3400247023462A4620A9D8F80000B8479DF833
:10EF440080200023D8F8000062F307032A7862F3D4
:10EF54000F23227862F31743012262F31F631F46D3
:10EF6400D8F828309847D8F82C30D8F800009847BB
:10EF740029464846C4E9008700272F7001F096FF10
:10EF8400294648462F7001F091FF294648462F70C4
:10EF940001F08CFF294648462F7001F087FFE37982
:10EFA400002B40F0C3804FF0040A4FF0000847469E
:10EFB40008F10108294648462F7001F077FFD04533
:10EFC400F6D1FFF785B9B8F1000F00F09280D8F8B8
:10EFD40034300121D8F800009847002800F08980D7
:10EFE400D8F8247023462A4620A9D8F80000B84748
:10EFF4009DF880200023D8F8000062F307032A78E4
:10F0040062F30F23227862F31743012262F31F6332
:10F014001F46D8F828309847D8F82C30D8F8000084
:10F0240098470023C4E90087CDF80090C4E902336F
:10F0340094E80300DDE93B23FDF710FFFFF748B92F
:10F0440049464046FCF7AAFCFFF742B94FEA571875
:10F05400002308F10108E3714FEA88084FF0000A21
:10F06400FF270AF1010A294648462F7001F01EFFC6
:10F07400C245F6D1FFF72CB90023E37194E5894A20
:10F08400013B204652F823309847FFF7DABB864A03
:10F09400013B42A852F823309847FFF7B6BB0BEB6D
:10F0A4004B0202F14207BF093FF412A9824680468F
:10F0B4000AF1010A2146484684F8008001F0F6FE70
:10F0C4005745F5D1FFF704B9012388F8003007F05C
:10F0D400F7FFFFF728BA754C2046FAF7D7FBC9F8B3
:10F0E4000040FFF71BBA00270EE600271CE50027A7
:10F0F400C0E6002795E7002752E5C5E90088C5E981
:10F10400028800231F46BFE5002785E4C5E900887F
:10F11400C5E9028800231F462DE4C5E90088C5E936
:10F12400028800231F46E3E6002721E70DF1EA03E6
:10F134004FF0FF0807932946484685F800800137B9
:10F1440001F0B4FE3AA9484601F088FE0DF1E90148
:10F15400484601F083FE0799484601F07FFE236884
:10F164000121F3B15A6B18689047D0B120681DA9EA
:10F174002B4620AA466A0068B0479DF88020236881
:10F1840062712A78A2719DF8742022719A6A1868B3
:10F1940090472368DA6A186890474FF00103E371D7
:10F1A400C9E74FEA571A00230AF1010AE3714FEA4B
:10F1B4008A0AFAE64FF0040850E7C5E90080C5E979
:10F1C4000200FFF7BABB2A4620A9D8F824702346C8
:10F1D400D8F80000B8479DF880300027D8F8000020
:10F1E40063F307072B7863F30F27237863F3174739
:10F1F400012363F31F67D8F828309847D8F82C30D8
:10F20400D8F8000098470023C5E90087C5E9023310
:10F2140050E62A4620A9D8F824702346D8F80000DE
:10F22400B8479DF880300027D8F8000063F307073B
:10F234002B7863F30F27237863F31747012363F3D2
:10F244001F67D8F828309847D8F82C30D8F8000031
:10F2540098470023C5E90087C5E90233F6E414485A
:10F26400059100F045FF60220599054638461EF0D9
:10F27400B5FC384602F0D4FB05993846CDF8C89160
:10F284008DF8C4110B4902F0CDFE4146384603F017
:10F2940055FB0949384602F0C5FE3B4640F2C91207
:10F2A400FFF756BA98660020E4670020EC9400202B
:10F2B400780C0020D40C0020601E002070B5044699
:10F2C4008CB015460E461A466846214608F02CFFB7
:10F2D400049685EAE572DDE90001A2EBE57202908D
:10F2E400ADF80C10CDE905220A0C8DF80E20DDE9ED
:10F2F40002010B0C0A90ADF82C108DF82E30A37D72
:10F30400012B18D00023ADF8203007932368002D7B
:10F31400284A4FF000001B6BACBF03216FF00201C1
:10F324000990934220468DF8221004A93ED1FEF79D
:10F3340015FE0CB070BD204A0DF11F0E1378013379
:10F3440003F0070113F0020F11704FEAC312D2B297
:10F3540042F0400118BF0A4613F0040F07AB42F015
:10F36400200118BF0A461032D1B21A7B3AB9DA70BA
:10F374001A7001337345C9D01A7B002AF7D04FF4B1
:10F384008070B0FBF2F2D2B2501CC0B200FB011C80
:10F394004FEA2C2CBCF1000F01D00CF1FF3C0028EB
:10F3A40018BF104683F800C0D870E2E798470CB045
:10F3B40070BD00BFADAD00001B32012070B5044626
:10F3C4008CB00E46154668461A46214608F0ACFE37
:10F3D400A27D0496012ADDE90001CDE905550290DC
:10F3E4004FEA1140ADF80C108DF80E00DDE9020172
:10F3F4004FEA11430A90ADF82C108DF82E3012D03C
:10F404000023ADF8203007932268002322492046C8
:10F41400126B8DF822308A42099304A938D1FEF781
:10F424009DFD0CB070BD1D4B0DF11F0C4FF4807E83
:10F4340019780131CA0101F0070011F0020FD2B2AC
:10F44400187007AB42F0400018BF024611F0040FD9
:10F4540042F0200118BF0A461032D1B21A7B3AB9E1
:10F46400DA701A7001339C45CED01A7B002AF7D08B
:10F47400BEFBF2F2D2B2501CC0B200FB01152D1239
:10F4840005B1013D002818BF10461D70D870E9E78A
:10F4940090470CB070BD00BFADAD00001B32012021
:10F4A4002DE9F04104468CB0884603F0D1FA03F00C
:10F4B4008FFB2368594A5B6A934263D1A37D04227C
:10F4C40002A904A8029302F055FA049D94F834307A
:10F4D400002B3FD0A768D4E900365A683146504B18
:10F4E4009A4258D142466846214608F01DFEA27D44
:10F4F4000496012ADDE90001ADF80C104FEA114130
:10F5040002908DF80E10DDE902014FEA11430A90D2
:10F51400ADF82C108DF82E3087EAE773A3EBE77370
:10F52400CDE905333DD00023ADF820300793002FFB
:10F5340023683C4A4FF00001ACBF03206FF0020087
:10F544008DF8220020461B6B099104A9934262D1D5
:10F55400FEF704FD2368344A9B6A934217D10422C0
:10F5640002A904A8029502F005FA049BA37503F00E
:10F574006FFA03F0ADFB03F06BFA0CB0BDE8F04199
:10F5840003F066BBA1682046984705469EE72946D6
:10F5940020469847EBE7164643463A462046B0478E
:10F5A400D8E722490DF11F0C0B780133DA0103F07F
:10F5B400070013F0020FD2B2087042F0400118BFE6
:10F5C4000A4613F0040F07AB42F0200118BF0A46A5
:10F5D4001032D1B21A7B3AB9DA701A7001339C45F1
:10F5E400A5D01A7B002AF7D04FF48070B0FBF2F25A
:10F5F400D2B2501CC0B200FB011E4FEA2E2EBEF147
:10F60400000F01D00EF1FF3E002818BF104683F80A
:10F6140000E0D870E2E798479CE700BFCD180000EF
:10F624000DC10000ADAD0000E91800001B3201203F
:10F634002DE9F04104468CB0884603F009FA03F042
:10F64400C7FA2368594A5B6A934263D1A37D0422B3
:10F6540002A904A8029302F08DF9049D94F83430B1
:10F66400002B3FD0A768D4E900365A683146504B86
:10F674009A4258D142466846214608F055FDA27D7B
:10F684000496012ADDE90001ADF80C104FEA11419E
:10F6940002908DF80E10DDE902014FEA11430A9041
:10F6A400ADF82C108DF82E3087EAE773A3EBE773DF
:10F6B400CDE905333DD00023ADF820300793002F6A
:10F6C40023683C4A4FF00001ACBF03206FF00200F6
:10F6D4008DF8220020461B6B099104A9934262D144
:10F6E400FEF73CFC2368344A9B6A934217D10422F8
:10F6F40002A904A8029502F03DF9049BA37503F046
:10F70400A7F903F0E5FA03F0A3F90CB0BDE8F04162
:10F7140003F09EBAA1682046984705469EE729460D
:10F7240020469847EBE7164643463A462046B047FC
:10F73400D8E722490DF11F0C0B780133DA0103F0ED
:10F74400070013F0020FD2B2087042F0400118BF54
:10F754000A4613F0040F07AB42F0200118BF0A4613
:10F764001032D1B21A7B3AB9DA701A7001339C455F
:10F77400A5D01A7B002AF7D04FF48070B0FBF2F2C8
:10F78400D2B2501CC0B200FB011E4FEA2E2EBEF1B5
:10F79400000F01D00EF1FF3E002818BF104683F879
:10F7A40000E0D870E2E798479CE700BFCD1800005E
:10F7B4000DC10000ADAD0000E91800001B320120AE
:10F7C400014BFA221A6070474C910020024B82B020
:10F7D400186802B0704700BF50910020024B4FF0F0
:10F7E4000F321A60704700BF5091002010B49DF88A
:10F7F4000800049C00FB02229DF80C0000FB03336C
:10F80400C2F307229DF80400C3F3072300FB011190
:10F8140093421846C1F3072128BF1046884228BFE7
:10F824000846091A121A1B1A217005990A70DDE993
:10F8340006120B70107010BC704700BF0170037289
:10F8440063B19200074B0232A3FB0212520802FB7F
:10F8540003F3B3F1553F88BF013292B202EB420287
:10F8640042607047ABAAAAAA70B51E46044682B08D
:10F87400D1E903359C46284608E001EB50011CF809
:10F8840021E00CEB8101964515D3400820F00101DD
:10F894000028F2D143B305EB450503EB85018C4504
:10F8A40003D09CF8003093420CD000232046C4E9D6
:10F8B400003302B070BD00F1FF3E01F10C0CAEEB61
:10F8C4005000E3E7DCE9013526B9C4E900352046F8
:10F8D40002B070BD18462A460021019302F04EF88A
:10F8E400019BC4E90035F2E7BCF1000FD9D1DCE794
:10F8F40090F87130012B1ED0012310B5044682B05C
:10F904000C3084F8713001F0F9FA04F1300004F19C
:10F914005001019001F0E0FC019801F0EFFAA268B7
:10F9240012B9012002B010BD0021206802F026F8AF
:10F93400012002B010BD0020704700BF303001F03C
:10F944008DBA00BF90F87130022B00F0E480436D53
:10F9540002222DE9F04F446B85B0066B9C4280F87F
:10F96400712000F0BE800123002E04EB4401054603
:10F9740080F8703006EB810108BF00218E4200F050
:10F98400CC80334600275A680C33974238BF174659
:10F994008B42F8D107FB04F4AB68A34217D2286862
:10F9A40000232B6008B101F043F90121204601F046
:10F9B4001FF90422009069460DEB020001F0DAFF02
:10F9C400019B28682B6008B101F032F92E6BAC6002
:10F9D400002E6FD06B6BB646B0464FF0000903EBB8
:10F9E4004303CA460EEB8303984563D0E9682E6847
:10F9F4008C46286998F800404E44024608E003EB20
:10FA040052031CF823B00CEB8303A34556D35208CE
:10FA140022F00103002AF2D100295DD000EB40005E
:10FA240001EB8000604503D09CF80030A34255D020
:10FA3400ACEB01013A4B01AA05F10C0089108DF8D9
:10FA4400044003FB01F1CDE902AA01F03BFBD5E937
:10FA540003131A468C4608E000EB52001CF820E021
:10FA64000CEB8000A64530D3520822F00100002A96
:10FA7400F2D103EB430301EB8303914208BF0B462E
:10FA8400634504D09CF80020A24218BF9C460CF1A8
:10FA9400040CD5F830E0B94408F10C08CCE900674F
:10FAA400BEF1000FA3D06B6B03EB43030EEB830398
:10FAB40098459BD1012005B0BDE8F08F02F1FF3BD2
:10FAC40003F10C0CABEB5202A2E702F1FF3E00F192
:10FAD4000C0CAEEB5202C8E70846A3E70CF1040C89
:10FAE400D9E7B4B13246036D002117781D78AF42CF
:10FAF4007FF439AF57685D68AF427FF434AF177A4B
:10FB04001D7AAF427FF42FAF01310C320C338C429B
:10FB1400EBD1002328E70020704700273C4656E736
:10FB2400ABAAAAAA00B5D0E90C3E0020002B0EEB2C
:10FB34004E0C03EB8C0C08BF4FF0000C634506D051
:10FB440059680C33884238BF08466345F8D100FB36
:10FB54000EF000BD10B51C464FF0000CD0E90C03AC
:10FB6400002803EB430E0B6000EB8E0E08BF4FF032
:10FB7400000E704506D043680C309C4538BF9C4647
:10FB84007045F8D1C2F800C00A680CFB02F222608A
:10FB940010BD00BF9DF8000000FB01119DF804009A
:10FBA40000FB02229DF80800091200FB0333121225
:10FBB400DDE9030CC3F3072301708CF80020059AD8
:10FBC400069913709CF800200078934228BF1346CE
:10FBD400834228BF03460B70704700BF10B49DF8E2
:10FBE4000400049C00FB01119DF8080000FB0222A4
:10FBF4009DF80C00091200FB0333121205982170C2
:10FC04001B1202700021DDE906020370117010BCA2
:10FC1400704700BF10B49DF8080000FB02229DF855
:10FC24000C0000FB0333C2F307229DF80400C3F366
:10FC3400072300FB0111079893429C46C1F3072157
:10FC440028BF94468C4528BF8C46BCF1540F11D86C
:10FC5400A1EB0C01A2EB0C02A3EB0C030CEB4C0C80
:10FC6400049C217005990A70069A137080F800C0EC
:10FC740010BC70475439543A543B4FF0FF0CEFE733
:10FC84002DE9F04FDFF858E09B469DF82440DEF85C
:10FC940000C09DF828509DF82C60DDE90C78DDE962
:10FCA4000E9ABCF1000F10D0DCF800E0BEF1000F9A
:10FCB40010D05B46F4460994CDE90E9ACDE90C7850
:10FCC400CDE90A56BDE8F04F6047044BC3F800C0C5
:10FCD400CEF80030DFF80CE0EBE700BFC093002063
:10FCE400BC9300203DC600002DE9F04F1C46274B75
:10FCF40099B00E461F7815469DF888A09DF88C8013
:10FD04009DF8909007B308FB0555259A09FB044418
:10FD1400C5F307250AFB0666C4F307242B46C6F37E
:10FD24000726A54228BF2346B34228BF3346F61A06
:10FD3400ED1AE41A1670269A1570279A1470289AE8
:10FD4400137019B0BDE8F08F012211481A7000F049
:10FD5400CFF960223946834668461DF03FFF684666
:10FD640001F05EFE0A230B49684617938DF858701C
:10FD740002F058F938466B46594640F2092200F021
:10FD840077F9684600F05AFFBDE700BF1F32012033
:10FD9400241F0020781F00202DE9F04F1C46274B1C
:10FDA40099B00E461F7815469DF888A09DF88C8062
:10FDB4009DF8909007B308FB0555259A09FB044468
:10FDC400C5F307250AFB0666C4F307242B46C6F3CE
:10FDD4000726A54228BF2346B34228BF3346F61A56
:10FDE400ED1AE41A1670269A1570279A1470289A38
:10FDF400137019B0BDE8F08F012211481A7000F099
:10FE040077F960223946834668461DF0E7FE684666
:10FE140001F006FE0A230B49684617938DF85870C3
:10FE240002F000F938466B4659464FF4057200F06B
:10FE34001FF9684600F002FFBDE700BF2132012030
:10FE4400241F00203420002000B59DF804C003289E
:10FE540019D8DFE800F0130F050260469C460346FC
:10FE64000298017003990A70049A82F800C0059AF6
:10FE7400137000BD104662468446F1E708466146A9
:10FE840094460246ECE79C460023E9E730B5C0F30C
:10FE9400021585B000F007009DF820E00DF1080C74
:10FEA4008DF8041000218DF806300DEB05039DF844
:10FEB400244083F808E00DEB00038DF805200A4682
:10FEC4001C72CBB202F11004013102F1010E9D4209
:10FED4006C4407D0984205D014F80C3C5FFA8EF2BB
:10FEE4008CF8003005290CF1010CEAD19DF808309A
:10FEF4000A9A0C9913709DF809300B9A13709DF8A7
:10FF04000A309DF80B200B700D999DF80C300A7087
:10FF14000E9A137005B030BD2DE9F04FDFF864E0A0
:10FF24009DF82490DEF800C09DF828A09DF82CB020
:10FF3400109CDDE90C85DDE90E67BCF1000F10D0E3
:10FF4400DCF800E0BEF1000F10D0F446CDE90F74E8
:10FF5400CDE90D56CDE90BB8CDE9099ABDE8F04FCE
:10FF64006047074BC3F800C0CEF80030002388F880
:10FF740000302B7033703B702370BDE8F08F00BFEE
:10FF8400C8930020C4930020194B30B51C7899B055
:10FF940064B100231F9A1370209A1370219A13706E
:10FFA400229A1370239A137019B030BD012211489C
:10FFB4001A7000F09DF860222146054668461DF03F
:10FFC4000DFE684601F02CFD0A230B496846179381
:10FFD4008DF8584002F026F820466B4629464FF427
:10FFE400BB7200F045F8684600F028FED1E700BF78
:0CFFF40020320120F42000204C210020CD
:02000004600199
:10000000194B30B51C7899B064B100231F9A137056
:10001000209A1370219A1370229A1370239A1370E6
:1000200019B030BD012211481A7000F063F8602247
:100030002146054668461DF0D3FD684601F0F2FCF6
:100040000A230B49684617938DF8584001F0ECFFDE
:1000500020466B4629464FF4C27200F00BF8684602
:1000600000F0EEFDD1E700BF22320120F420002095
:10007000CC210020F0B50D4697B016461C4678B34B
:1000800001282BD1174F2146684602F017FC0021AA
:10009000204600F005FE1DB12946204601F0C4FFB0
:1000A0001149204601F0C0FF3146204601F0CCFF47
:1000B0003946204601F0B8FF684602F041FB18B10E
:1000C0000146204601F0B0FF204602F039FB01F066
:1000D00043FC684600F0B4FD17B0F0BD034FD2E713
:1000E000034FD0E734220020001E002040220020D1
:1000F0002822002000B50178864621B303467329E3
:100100004FF0000C184613F8012F0BD02F2901D007
:100110005C2900D1844682B11146184613F8012F9C
:100120007329F3D1722AF6D159786329F4D19978D9
:100130002F2901D05C29EFD100BDBCF1000F02D006
:100140000CF1010000BD704600BD00BF4B6810B44B
:1001500054689C4228BF1C46002C10DD0B681168B7
:1001600004EB030C5A1E02390CF1FF3C12F8013F5C
:100170002033624530F8133021F8023FF6D110BC2D
:10018000704700BF704700BF03685B68184700BF37
:10019000034B10B50446036001F016FC204610BD69
:1001A000C462002000B583B040224FF4107101906A
:1001B00016F08AFE019803B000BD00BF054B10B5D4
:1001C0000446036001F000FC204601F0D3FB20460A
:1001D00010BD00BFC462002090F8803203B97047A0
:1001E00000B585B000F1400C042203A9019002A8DB
:1001F000CDF80CC001F0C0FB02980268126890476D
:100200000022019B83F8802205B000BD00EB002393
:1002100000EB0320704700BF01807047704700BFAC
:1002200053682DE9F0414D6882B09D4228BF1D46BC
:10023000002D27DD0F6816468046BA1EC7F102075B
:1002400002EB4505BC1832F8020FFFF7E7FFC0F3D9
:100250000F235FFA80FE01A808EB430CFF2BBCF8CC
:10026000401007D0BCF842305B1A0EFB03F301EBE1
:10027000232189B2FFF7D0FFBDF8041033689542FF
:100280001953DFD102B0BDE8F08100BF89B2081A6E
:10029000B0FA80F040097047704700BF536870B5EE
:1002A0004D689D4228BF1D46002D20DD0968064689
:1002B00014680239023C01EB450531F8020FFFF7E3
:1002C000ADFF5FFA80FCC0F30F2006EB4002FF2871
:1002D000B2F8403007D0B2F84220D21A0CFB02F23A
:1002E00003EB22239BB2A94224F8023FE5D170BD63
:1002F0000246406878B18368013B83605BB943681C
:100300004BB9036800B583B0DB6801929847019A46
:10031000104603B000BD1046704700BFBEEEC40AD1
:1003200080ED000A704700BFB0F5803F034601D35F
:10033000030C103113F47F4F01F1080014BF1B0AA6
:10034000084613F0F00F00F1040101D01B09F1E79A
:1003500013F00C0F00F1020101D09B08EAE79B07A4
:1003600048BF0130704700BFDFED047A20EE270A56
:10037000BCEEC00A10EE103A0380704700008045C2
:100380002DE9F04F834685B0804B00275E4603A8D9
:10039000CBF80030012426F8407FFFF7BFFFDDF8DF
:1003A0000C90CDF804B0B9FA89F84FEA5818CCE0AF
:1003B000BAF1807F00F0D380B8F1000F40F0CF8019
:1003C000734B5344022B40F2CA804146FFF7ACFF07
:1003D0001728A0F1180240F3C5802AFA02F000F1B4
:1003E0007F406C4BC1176C4D80FB033C1B0E43EAF6
:1003F0000C234FEA2C6C5B19A5F188754CF1000EAB
:1004000003FB01FCA5F5407500FB0ECCA3FB003EF1
:10041000F4441B0E43EA0C234FEA2C6C5B1905F1E4
:1004200009756CF1000E03FB01FC05F5746500FB1A
:100430000ECCA3FB003EF4441B0E43EA0C234FEA10
:100440002C6C5B194CF1000C03FB01F100FB0C114F
:10045000A3FB003001441B0E43EA012303EB0263BC
:1004600083FB09321B0E43EA0223B3F1E06F4FEA2C
:1004700023627EDA12F1180F6FDB002A23F07F432C
:100480007EDB4FF0807090404FF45132434DD917CE
:10049000DFF814A183FB022B4FEAE07C120E42EA44
:1004A0000B224FEA2B6B52193D4D4BF1000B02FB17
:1004B00001FE03FB0BEEA2FB032BF344120E42EAF8
:1004C0000B224FEA2B6B12EB0A0202FB01FE4BF1EF
:1004D000000BA2FB032A03FB0BEE120ED64442EAEA
:1004E0000E224FEA2E6E52194EF1000E02FB01F160
:1004F00003FB0E11A2FB03231944130E43EA01234D
:10050000091613F1807303FB0CF241F1000100FBAB
:100510000122A3FB00300244180E40EA02204FF6ED
:10052000FF724FF400033946FFF7B6FE013402367E
:10053000E0FB02311B0E43EA0123B3F5803F28BFE5
:100540001346B4F5807F338016D016492046FFF756
:100550005DFEB0F1000A3FF72BAF0020DFE74FF060
:100560008070DCE7C0F118000AFA00F000F17F406B
:1005700037E76FF00040D2E7019805B0BDE8F08F93
:1005800052424FF0807010417EE700BF6C60002047
:10059000020000FF00B6E4FF000D5D0000A90D00A1
:1005A0004073B10001010100009F3D00B5EEC00A9B
:1005B00070B5F1EE10FA04462DED028B86B000F115
:1005C000B6809FED948AB4EEC80AF1EE10FA38FEB8
:1005D000008AB0EE480A03A8FFF7C6FE42F6CC41F7
:1005E000BDF80C00FFF752FE002848D08A4B8B4D17
:1005F0001A68D10740F1D080686818B14368002BB1
:1006000040F0988000224FF430714020C4E900226D
:1006100001F0ACF9012100220090416080F88022B5
:1006200000F1400281607E49016005A9059204A89D
:10063000042201F0A1F9049B7A494FF40072184694
:100640001E4640F8401B784916F09CFB4FF0010213
:10065000009B686883F8802248B18268013A826012
:100660002AB942681AB90268D2689047009B9A6812
:100670000132C5E900639A60C4E9006352E06B4B44
:100680006B4D1A68D20775D56A4B1B78002B00F0AA
:100690008180694BBDF80C0019881E46FFF7F6FDF6
:1006A000002840F089804FF43071402001F05EF95D
:1006B000012205A9019042608260594A026000222D
:1006C00080F8802200F1400204A80592042201F083
:1006D00053F9049AB0EE480A10460092FFF750FE14
:1006E0004FF00102019BBDF80C10686883F880226E
:1006F0003180009A60B181680139816041B94168F7
:1007000031B90168CDE90032C9688847DDE90032B6
:1007100099680131C5E9002399600121C4E90023EA
:10072000444B1970204606B0BDEC028B70BD9FEDA6
:10073000438A4EE74368002B3FF464AF43682A685E
:1007400001334360C4E90020002AEBD101F046F9EF
:1007500000283FF457AF606803689B68984760685B
:100760008368013B8360002B7FF44CAF0368DB6838
:10077000984747E700200021314AC5E900010121DF
:10078000284619602F4917F021FF2A4B1B78002BB0
:100790007FF47FAF284E86E700200021284AC5E974
:1007A0000001012128461960264917F00FFF6868EB
:1007B00000287FF423AF25E76B68002B3FF473AF6D
:1007C0005A68002A3FF46FAF5A68002A3FF46BAFB3
:1007D0005A6801325A602A6812B1C4E90023A1E7BD
:1007E0001846009301F0FAF8009B00283FF45BAF35
:1007F0001A681846009392689047009B9A68013ADD
:100800009A60002A7FF44FAF1A681846D368984759
:1008100049E700BFFAFE7F41848C0020188C00203D
:10082000C46200206C60002080040020808C0020C6
:10083000108C002024320120D892002000000000FB
:100840008C7B00203DD100000023044A03604260FD
:10085000C0E90233C0E90433704700BF000080BF25
:1008600010B50446406910B101F0B8F890B9E068DD
:1008700070B101F0B3F858B1E06803689B6898471D
:10088000E0688368013B836013B90368DB689847BD
:10089000204610BD606903689B689847606983685B
:1008A000013B8360002BE2D10368DB689847DEE7F9
:1008B0000069704738B503780446032B41D8DFE858
:1008C00003F0291910021088B4F802C00B88E268FE
:1008D0000CFB0033926832F81300A38A184480B2EC
:1008E00038BDA5681388088862883DB31946A38877
:1008F000A847F2E71088A2880B88B4F802C0B0FBC2
:10090000F2F102FB1100B3FBFCF20CFB123310FB03
:100910000C30E2E760880B881288B3FBF0F100FB33
:100920001133A188B2FBF1FC01FB1C2291B2D2076A
:1009300044BF0131DB4310FB0130CEE713FB020063
:10094000CBE7002038BD00BF4088704780887047E3
:1009500000207047014B08461B681847807900202B
:10096000401AB0FA80F04009704700BF704700BFDE
:10097000704700BF704700BF704700BF704700BF9F
:10098000704700BF10B40023D1E90042C1E9003331
:100990000460426010BC70470B680360704700BF82
:1009A000034603C983E80300704700BF704700BFD8
:1009B00003685B68184700BF00B583B001901AF068
:1009C0007DFC019803B000BD0A4B084600B583B01A
:1009D0001B68019198470199034641B138B10A4615
:1009E000B0FA80F1019049091DF0FAF8019B184610
:1009F00003B000BD7C79002000B583B004210190D4
:100A000016F060FA019803B000BD00BF00B583B0D6
:100A10000421019016F056FA019803B000BD00BF02
:100A200010B582B008461946144601931AF03CFFEF
:100A3000034610B10199A14202D8184602B010BD78
:100A40000A1B2044002101931DF0CAF8019B18469F
:100A500002B010BD037E03B9704700B5034683B0F2
:100A6000C06801931AF02AFC0022019B1A7603B099
:100A700000BD00BF28B14368013302D04368013391
:100A8000436070471AF012BC1AF018BCF0B50D465E
:100A9000012783B006461C201AF008FCEA190C4B0B
:100AA0000446476003608760104601921AF0FEFB1F
:100AB000019A03462776626104F10C02C4E903053A
:100AC000C6E90024304600225A5503B0F0BD00BFED
:100AD000F46200200C4B084600B583B01B680191FE
:100AE00098470199034601B110B9184603B000BDFB
:100AF0000A46B0FA80F1019049091DF071F8019B96
:100B0000184603B000BD00BF7C7900202DE9F041FC
:100B1000064682B01C20154688461AF0C7FB012302
:100B20006A1C074604464360836010460D4B0192E1
:100B300047F80C3B1AF0BAFB019A0346E060C4E99F
:100B400004522DB141462A46019016F01BF9019B33
:100B5000002230465A550123C6E90074237602B0BC
:100B6000BDE8F081F4620020D1E900132BB15A688E
:100B7000013202D05A6801325A60027A22B9012247
:100B8000C0E9001302727047DFF824C0013A00B5D3
:100B900085B05CF82220CDE90213019090470198BE
:100BA0000122DDE902130272C0E9001305B000BDA5
:100BB000246800204368CBB15A68013216D05A68C5
:100BC000013A5A6092B9196800B583B0019018468D
:100BD0008B689847019A50688368013B836033B9FA
:100BE0000368DB6803B05DF804EB1847704703B097
:100BF00000BD00BF0E4B10B582B01B6804460191CA
:100C000098470199034600280CBF002101F001011B
:100C100019B1B4FA84F1490914B9184602B010BDEB
:100C2000224601901CF0DCFF019B184602B010BD6B
:100C30007C790020014B1B68184700BF8079002099
:100C4000027D034602B970470649013A0C3051F85B
:100C5000222000B583B001939047019B184603B052
:100C600000BD00BF24680020027D12B9036818444B
:100C70007047013A002300B5022A83B0CDE9000392
:100C800002DD184603B000BD044B69460C3053F832
:100C900022309847019803B000BD00BF3C68002097
:100CA0000346002000B51A7D83B09860901E01288D
:100CB0000ED80D49013A03F10C00019351F822209E
:100CC0009047019B002219681A755A5403B000BD61
:100CD000012A01D10029ECD11846FFF7C5FF0023F6
:100CE000037003B000BD00BF246800202DE9F0416F
:100CF0001746C26890B00446402A0E4604D8002A1F
:100D00002DD110B0BDE8F0810069114603689B68E1
:100D10009847E268054652B9002DF2D02946D4E939
:100D200003200368DB68984710B0BDE8F0813146C6
:100D300016F028F8E268002AEED04FF0010830469D
:100D4000394616F01FF8E2681AB13846294616F0FF
:100D500019F8B8F1000FD4D0002DDFD1D1E76846E3
:100D600016F010F8E268002ACBD06D464FF000086C
:100D7000E5E700BFC36970B50D4682B0044601685F
:100D80001BB183690344994203D011B16369002BFD
:100D900037D0E16805FB01F100292BD020690368F9
:100DA0009B689847034628B3626882B12168F9B10D
:100DB000D4F814C0BCF1000F35D0DCF81430019029
:100DC000984762696168926920689047019BE2696F
:100DD00021688AB961B1D4F80CC02069A268019376
:100DE00002FB0CF2D0F800C0DCF80C309847019BF5
:100DF0002360A56002B070BDA26922449142E9D18E
:100E0000F6E7D4E90330A268D0F800C003FB02F291
:100E100005FB03F3CBB1DCF81060B0470028B8D075
:100E20002060A560E6E7D4F80CC00CFB02F23AB9EA
:100E3000E269002AD1D0A26922449142CDD1D7E7FC
:100E4000019015F09FFF019BC1E7DCF80C3098473B
:100E50009FE700BF83688B4200D37047FFF78ABFCC
:100E600038B543680D4682680446591C914209D939
:100E700002EB42025208914238BF1146FFF77AFF57
:100E8000D4E9013293420BD2E2682068616903FB26
:100E9000020031B10B6829469847636801336360EB
:100EA00038BD002AFAD0294615F06CFF6368F5E7D3
:100EB00038B543680D4682680446591C914209D9E9
:100EC00002EB42025208914238BF1146FFF752FF2F
:100ED000D4E9013293420BD2E2682068616903FBD6
:100EE000020031B14B68294698476368013363605B
:100EF00038BD002AFAD0294615F044FF6368F5E7AB
:100F00000346006868B1596859B15A694AB1926993
:100F100000B583B001939047019B00225A6003B053
:100F200000BD00225A607047002A3BD02DE9F843EB
:100F300043680D468B4233D956185F1A90460446D3
:100F4000B34241692FD251B3B8464FF000097E1920
:100F50002F4600E06169E06823688A6800FB07307B
:100F600001379047BE42F5D1B9F1000F14D04F467A
:100F70002F442368E068626900FB063605FB0030F9
:100F800053683146013598476369304608EB0506DA
:100F90009B689847AF42ECD16568A5EB0805656092
:100FA000BDE8F8837047A7EB02090029D0D1B9F159
:100FB000000F03D0C06800FB09F212B9A3EB0805CB
:100FC000EDE7236800FB063100FB05301CF076FDE1
:100FD000E2E700BF43688B4200D870470122FFF769
:100FE000A3BF00BF2DE9F041D0E901630F460446DD
:100FF000711C9046994240D835469D423BD2BE4234
:10100000E268636928BF3E4621681046002B3FD046
:10101000AE4228D202FB05F05B68821A08441144F4
:1010200098476568013DB54213D92268E068636955
:1010300000FB05209B689847E368216805FB03F0E7
:101040006269013DC31A5268084419449047B54289
:10105000EBD82368E06800FB063063699B6898471B
:1010600063692168E06800FB06101B6841469847E9
:10107000636801336360BDE8F08103EB43035B0801
:10108000994238BF1946FFF775FED4E90153B4E71A
:10109000AE4202FB061303D2AD1B02FB05F535B9C8
:1010A000002AE5D04146184615F06CFEE0E702FB49
:1010B00006202A46084419461CF000FDE268236811
:1010C00002FB0633ECE700BF2DE9F041D0E90163F4
:1010D0000F460446711C9046994240D835469D42C1
:1010E0003BD2BE42E268636928BF3E462168104693
:1010F000002B3FD0AE4228D202FB05F05B68821A7B
:101100000844114498476568013DB54213D92268E7
:10111000E068636900FB05209B689847E3682168E5
:1011200005FB03F06269013DC31A52680844194483
:101130009047B542EBD82368E06800FB063063694E
:101140009B68984763692168E06800FB06105B684C
:1011500041469847636801336360BDE8F08103EB63
:1011600043035B08994238BF1946FFF703FED4E9F1
:101170000153B4E7AE4202FB061303D2AD1B02FBE0
:1011800005F535B9002AE5D04146184615F0FAFDB7
:10119000E0E702FB06202A46084419461CF08EFCB4
:1011A000E268236802FB0633ECE700BFF8B5456848
:1011B0008D4212D004460E4610D9436963B10D46E4
:1011C00000E06369E06822689B6800FB0520013548
:1011D00098476368AB42F4D86660F8BD81688E4278
:1011E00014D86169F9B1C968E9B1AE42F4D9771E82
:1011F00001E06369D968E068236800FB053088472F
:10120000AF4205F10105F4D16660E6E701EB41016B
:101210004908B14238BF3146FFF7ACFDA368B3427D
:10122000DBD36568DDE7E368721B03FB02F2002A8B
:10123000D2D0206805FB03001CF0D2FCCCE700BF35
:101240002DE9F04145688D4213D0044617460E46FD
:1012500011D9436963B10D4600E06369E068226813
:101260009B6800FB0520013598476368AB42F4D8C2
:101270006660BDE8F08181688E4213D86369F3B17E
:10128000AE4201D8F4E76369E068394622681B681A
:1012900000FB05209847731EAB4205F10105F2D112
:1012A0006660E6E701EB41014908B14238BF3146CB
:1012B000FFF760FDA368B342DBD36568DEE7AE42AB
:1012C000D6D9E3681A462BB12068394605FB0300DE
:1012D00015F058FD0135AE42F3D1C9E72DE9F041D3
:1012E0000D46C1690446EE69E1B92A6886B92168EC
:1012F0002260A3682960D5E90102A2606268AB6040
:10130000236960606A602A6922612B61BDE8F0810F
:10131000AB692B449A42EAD1324623460E462C460C
:1013200011461D46A269236822449342DDD16168BB
:101330002F680A46CEB1A8692844B84233D08E42FD
:10134000D5F8088013D36369AE602860F3B15B6998
:10135000216898476369D4E900019B6998476268EE
:1013600068682760C4F80880CAE7D5F80880E06894
:1013700000FB01F100296ED0286903689B6898473B
:10138000626863692860AA60002BE0D1002AE7D078
:10139000E36802FB03F3002BE2D01A46216815F044
:1013A000F1FC6268DCE76A6852EA010055D08A42C3
:1013B0004FF0000638BF0A46904612E0002A30D0AF
:1013C000536839469847E8682B6800FB0630636924
:1013D0009B689847616801360A46464517D22F68D0
:1013E0002368E868B142D4F80CC000FB0677626954
:1013F0000CFB0630E2D96B68B3420AD922B301363E
:10140000136939469847616846450A46E7D36868D4
:1014100076E77AB15368014638469847E068236812
:10142000D3E7BCF1000FD6D03946624615F0AAFCCE
:101430006168D0E7BCF1000FCDD001466246384666
:1014400015F0A0FC6168C6E701463A462046FFF762
:101450004DFC6168BFE7084693E7024650E700BFCE
:10146000F8B5044600680E4628B1616819B1636991
:101470000BB19B699847002363607168B1B1A368A1
:10148000994214D86369F3B1002500E063693168BB
:10149000E0682268F76800FB05201B6807FB051160
:1014A0000135984771688D42F0D36160F8BD2046E0
:1014B000FFF760FC7168A3688B42F7D3636913B1CF
:1014C0000029E1D1F1E7E26801FB02F2002AECD049
:1014D0003168206815F056FC7168E6E70B46C9696B
:1014E00030B5044683B0D3E900EC69B99A68C0F816
:1014F00000E0C0E901C218690A4620611A600022B2
:1015000099605A6003B030BD9A691A44964505D077
:10151000C0E900EC9868A0601869EEE7826894451D
:1015200012D86269C2B15569624619682068019390
:10153000A847019BD3F804C01A69C4F804C022610B
:1015400000225A6003B030BD61460193FFF712FCE0
:10155000019BD3F804C0E4E7BCF1000FECD0E268D3
:1015600002FB0CF2002AE7D019682068019315F0FD
:1015700009FC019BD3F804C0DEE700BF884233D0EA
:101580000268034630B50D4683B0F2B141680029C8
:101590002BD1C16900293FD1186911460193D0F8B8
:1015A00000C0D3E90242DCF80C3004FB02F2984799
:1015B000019B0022D9691A609A6051B929461846E0
:1015C00003B0BDE83040FFF789BFC1694260002920
:1015D000F4D098691844186018469960294603B0F9
:1015E000BDE83040FFF77ABF7047406980B1019392
:1015F000836910469847019B0020D9691A68586092
:1016000079B1986918449042E5D0002AC4D1E2E744
:10161000D96958600029BFD0986918448242BBD16B
:10162000D9E7002AB8D1C9E70346006800282DD0C1
:10163000596800B583B009B35A694AB392690193F6
:101640009047019B0021DA69186859601AB19A69BC
:101650001A4490420FD070B1D3F810C00193D3E96F
:10166000022101FB02F201466046DCF800C0DCF812
:101670000C309847019B184603B000BDDA69002A78
:10168000EAD09A691A449042E6D1F4E718467047C6
:10169000D9695A600029F4D1DEE700BFF0B5C70F61
:1016A0000E4685B001460A2A14BF002707F001073D
:1016B00007B141426C4691B3B1FBF2F002FB101E40
:1016C00082BBBEF1090F0DF1010C22DD0EF1570EA8
:1016D00063468DF800E0302203E00CF1010C1A7033
:1016E0006346A342F9D0181B1FB12D22013006F822
:1016F000012BA34209D9324613F801EDA34202F8A7
:1017000001EBF9D1ACEB03031E440023337005B0A9
:10171000F0BD0EF1300E63468DF800E0DBE7EC46DD
:101720006B46D8E7EC466B460BE00CF1010C8A42A5
:101730001D700146634619D8B0FBF2F502FB150E89
:101740002846BEF1090F0EF15705EEDC0EF1300E02
:101750000CF1010C8A4283F800E06346BBD80146D5
:10176000B0FBF2F502FB150E2846EAE76346B2E746
:101770002DE9F04F1C46CB0F8FB00D460A2C14BF3D
:10178000002303F0010307460492059313B1474277
:1017900061EB410557EA05030DF118083ED04FEA09
:1017A000E47B2246384629465B4618F063FB164622
:1017B0000092B4BB092A0DF119092ADD5732CA4635
:1017C0008DF81820302204E009F101098AF8002080
:1017D000CA46C245F8D0059BAAEB08002BB1049A73
:1017E0002D24013002F8014B0492C2450BD9049A12
:1017F0001AF8013DC24502F8013BF9D1049AA9EB60
:101800000A031A4404920023049A13700FB0BDE82F
:10181000F08F3032CA468DF81820D3E7C146C24651
:10182000D0E7C146C246019510E0A742019D09F1EB
:1018300001098AF800C075EB0B052BD318F01AFBD1
:10184000CA4616460092DDE90273019322465B46C2
:101850003846019918F00EFB009D06F1570C224600
:10186000092D5B46CDE90201DFDCA742019B09F1AE
:10187000010906F1300673EB0B058AF80060CA46D1
:10188000A0D35B4618F0F6FA16460092DDE9027323
:101890000193DBE7CA4695E770B584B00D466C4608
:1018A00068B3B0FBF2F102FB110E5ABBBEF1090F97
:1018B0000DF1010C1DDD0EF1570E63468DF800E0B1
:1018C000302203E00CF1010C1A706346A342F9D0F8
:1018D000A3EB040009D92A4613F801EDA34202F84C
:1018E00001EBF9D1EB1A03EB0C0500232B7004B0CC
:1018F00070BD0EF1300E63468DF800E0E0E7EC4677
:101900006B46DDE7EC466B460BE00CF1010C8242C6
:101910001E700846634619D8B1FBF2F602FB161E8C
:101920003146BEF1090F0EF15706EEDC0EF1300E16
:101930000CF1010C824283F800E06346C0D80846EF
:10194000B1FBF2F602FB161E3146EAE76346B7E743
:1019500003F0D0BB03F0D4BB10B1034B1B7803B929
:10196000704704F09FBE00BF6F7E0020084619F04C
:101970009DBC00BF19F0A2BC02B9704715F002BAB5
:1019800002B970471CF02CB919F090BC19F096BC44
:10199000044B1A68D20701D5034870470122024858
:1019A0001A6070477C8C0020787B0020044B1A68FA
:1019B000D20701D503487047012202481A607047D8
:1019C000388C0020B4790020704700BF4368013391
:1019D00002D0436801334360704700BF4268013260
:1019E00006D04268013A4260B2FA82F0400970477C
:1019F0000020704738B540220446002318200D46C9
:101A00002375194684E80D0020181CF0E9F835B15B
:101A100028461CF08FFE0223C4E9020523752046E8
:101A200038BD00BF10B50021044618234022816054
:101A3000C0E90032184421751CF0D2F8204610BDD0
:101A400070B5044682B008460E461CF073FE0130A5
:101A500019F02CFC0546304625601CF06BFE431C3B
:101A60000246C4E9010328B101903146284615F029
:101A700089F9019A00232046AB5402B070BD00BF23
:101A8000F0B5561C0546144683B030460F4619F093
:101A90000DFC03462860C5E901462CB139462246B3
:101AA000019015F06FF9019B002228461A5503B0EA
:101AB000F0BD00BF10B583684C1C82B0D0F800C0E8
:101AC0009C4205D8002341600CF8013002B010BDE3
:101AD000CDE900012146604619F0E6FE0021DDE96E
:101AE0000032C3E900029C60815402B010BD00BF07
:101AF00003464068D8B14268013218D04268013AC2
:101B00004260A2B9026800B583B092680193904721
:101B1000019B58688268013A82601AB90268D268EB
:101B20009047019B0022C3E9002203B000BD0022C0
:101B3000C3E90022704700BF037D032B20D8DFE8F4
:101B400003F01B050202C3681846704700B585B054
:101B5000D0E90323CDE902232BB15968013102D02A
:101B6000596801315960136802A80193FFF7C0FF5B
:101B7000019B184605B000BD036803441846704732
:101B8000004BE1E790340020037A23B1024A013B85
:101B900052F82330184770472468002010B5037DA1
:101BA00086B00446012B03D104F10C0006B010BD31
:101BB0001C2019F07BFB0346012122481A460193A1
:101BC0005960996042F80C0B0846009219F06EFBC0
:101BD000019B4FF0000C009A012180F800C0D860F2
:101BE0005868197601309FED157BCDE90223CDE9C8
:101BF000042383ED047B02D0596801315960217DB3
:101C0000A9B94FF0010C0021002084F814C0CDE9DF
:101C10000401C4E9032304A8FFF76AFF02A8FFF741
:101C200067FF237D012BBFD0002006B010BD04F15B
:101C30000C00FFF7A9FFDDE90423E2E70000000044
:101C400001000000F46200202DE9F043856817468A
:101C5000037D8BB0154404469A1E0091012A1FD8BB
:101C6000FFF76AFFA2680346691C60681646002BEE
:101C700018BF002A14BF0122002281422AD8002A5C
:101C800040F0CA802068002F65D1204400264655C8
:101C9000237D002B6CD1A56028460BB0BDE8F083F6
:101CA000012B00F0C0806B1C6268934266D82068EC
:101CB0003FB1A3683A4600991844204415F062F8F1
:101CC000206820440023A5604355A56828460BB032
:101CD000BDE8F083294608A8CDE90223FEF7D6FE29
:101CE000089B09980193069381460790FEF7C2FE70
:101CF00008A8FFF7FDFEDDE90223002A40F0FB8083
:101D0000019B4846CDE90839FEF7B4FE37B13A46A3
:101D1000DDE900131868304415F034F808A8FFF71F
:101D2000E7FE019948460022CDE90819FEF7A2FE18
:101D30000B6808A85A55FFF7DBFE04F10C0006A952
:101D4000FEF712FF06A8A560FFF7D2FEA568284699
:101D50000BB0BDE8F08330443A4600990026204499
:101D600015F010F8206820444655237D002B92D0B2
:101D700004F10C00FFF708FF26758CE70DF1200831
:101D800029464046FEF782FE099A089B10461646F1
:101D9000079201930693FEF76DFE4046FFF7A8FEFB
:101DA000019B3046CDE90836FEF764FEA2682AB1F1
:101DB0002168019B2144186814F0E4FF4046FFF7B6
:101DC00097FE019B3046CDE90836FEF753FE3FB142
:101DD0003A46DDE900131868A368184414F0D2FFEE
:101DE0004046FFF785FE019930460022CDE90816EE
:101DF000FEF740FE0B6840465A55FFF779FE04F1A6
:101E00000C0006A9FEF7B0FE06A8A560FFF770FE5D
:101E100028460BB0BDE8F0832068194632462044BE
:101E200014F0B0FF2EE7FFF7B9FE4368002B73D024
:101E30005A68013270D05B68012B6DDD237D012B68
:101E40007FF431AF0DF1200829464046FEF71EFE13
:101E5000099A089B10460592019316460493FEF7D3
:101E600009FE4046FFF744FE2046FFF797FE019B20
:101E700002463046CDE90636FEF7FCFD019BD2E96D
:101E800000101B68CDE908100293FEF7F3FDA2686D
:101E90001AB10968029814F075FF4046FFF728FE52
:101EA00006A8FFF725FE019B3046CDE90836FEF770
:101EB000E1FD3FB13A46DDE900131868A368184414
:101EC00014F060FF4046FFF713FE019930460022F0
:101ED000CDE90816FEF7CEFD0B6840465A55FFF7D0
:101EE00007FE04F10C0004A9FEF73EFE04A8A5605D
:101EF000FFF7FEFDD0E602934846019B3246CDE94E
:101F00000839FEF7B7FDDDE90131186814F03AFF32
:101F100008A8FFF7EDFDF3E620460DF12008FFF7D6
:101F20003DFE034640681A68029309900892FEF746
:101F3000A1FD926840460192FFF7DAFD691C019A03
:101F4000029B914224D858681A680193099008921C
:101F5000FEF790FD019B3FB110683A46A7680099D3
:101F6000384414F00FFF019B40460093FFF7C0FD7B
:101F7000009BA5600021D3E90020CDE90820FEF7F1
:101F800079FD136840465955FFF7B2FDA56883E611
:101F90001A68586808920990FEF76CFD136840466D
:101FA0000193FFF7A5FD05EB4501029B4908186861
:101FB00003298446586838BF0321DDE90062964250
:101FC00006D3A268019E01323244009E96420DD390
:101FD00062460193CDE908C0FEF74CFD1046FFF7BD
:101FE00069FD4046FFF784FD019BACE7019AB61AF4
:101FF0006246CDE908C0FEF73DFD1046FFF75AFDE9
:102000004046FFF775FD029B58681A6809900193D6
:102010000892FEF72FFD1268404693190093FFF7D0
:1020200067FD019B8FE700BF10B5044682B00846EC
:1020300001911CF07FFB019902462046FFF704FE48
:10204000204602B010BD00BF30B591B004460D4629
:102050004022002168461BF0C3FDE26D6946284618
:10206000FFF71CFB694602462046FFF7EDFD11B065
:1020700030BD00BF30B591B004460D46402200216E
:1020800068461BF0ADFDE26D69462846FFF704FC8B
:10209000694602462046FFF7D7FD11B030BD00BFAC
:1020A00030B591B004460D464022002168461BF031
:1020B00097FDE26D69462846FFF7EEFB694602464A
:1020C0002046FFF7C1FD11B030BD00BF30B591B063
:1020D0000D4604464022002168461BF081FD0A237C
:1020E0006A46D5E90001FFF743FB694602462046F0
:1020F000FFF7AAFD204611B030BD00BF30B5044641
:1021000087B008460D461CF015FB034660685A1C54
:10211000217DA360824209D8002963D12068294625
:10212000204407B0BDE8304014F02CBE012931D066
:102130001C2019F0BBF8034636480122294603F15A
:102140000C05186000205A60187628469A600093A3
:10215000FFF776FC009B012259681A760131CDE920
:102160000253CDE9045302D05A6801325A60227DED
:10217000002A40D10122002000212275C4E9035326
:10218000CDE9040104A8FFF7B3FC02A8FFF7B0FCF7
:1021900007B030BD2046CDE90023FFF7FFFC4168C2
:1021A000DDE9002329B14868013002D049680129DE
:1021B000BEDC2046CDE90023FFF7F0FCD0E900406B
:1021C000CDE90440FEF756FCA168009A8A4205D882
:1021D000019B2068B3B90022C254636004A8FFF7D2
:1021E00087FCD5E704F10C000092FFF7CDFC00233B
:1021F000009A237592E704F10C00FFF7C5FCDDE9B6
:102200000453B7E71A462946009314F0BBFD206833
:10221000009BE0E7F462002038B54022044600232A
:1022200018200D462375194684E80D0020181BF070
:10223000D7FC1DB129462046FFF760FF204638BD78
:1022400010B5D0E9002388B00C46002B55D0596852
:10225000013102D0596801290EDCCDE90623596805
:10226000013102D0596801315960136806A86360D2
:10227000FFF73EFC08B010BDCDE9022359680131DB
:1022800002D0596801315960236804A811689A681E
:102290000193FEF73BFC019BDDE90412CDE9061238
:1022A0002AB15068013002D0506801305060187D6A
:1022B000D0B90020C3E9031201220021CDE90601B3
:1022C0001A7506A8FFF714FC04A8FFF711FC02A872
:1022D000FFF70EFC2068FFF761FCD0E90023CDE991
:1022E0000623002BBBD1C0E703F10C000193FFF7DD
:1022F0004BFC019BDDE90612DBE7CDE90623B4E7E1
:102300002DE9F041561C86B01546826042680446AD
:10231000037D96420AD8002B7BD12068002D43D143
:1023200020440023435506B0BDE8F081012B4ED078
:102330001C20019118F0BAFF01220346426082601E
:1023400003F10C073E4A009302604FF00002027650
:10235000304618F0ABFF009B8046D860C3E90456B6
:1023600045BB4FF0010205701A765A680132CDE97B
:102370000273CDE9047302D05A6801325A60237D9A
:10238000002B52D101220023DDE904012275E06017
:1023900004A82161CDE90433FFF7AAFB02A8FFF7E7
:1023A000A7FB06B0BDE8F0812A46204414F0EAFC01
:1023B0002068B5E72A460199009314F0E3FC4FF03A
:1023C0000002009B08F805204FF00102CCE70091C5
:1023D000FFF7E4FB436800992BB15A68013202D041
:1023E0005B68012BA4DC20460091FFF7D7FBD0E906
:1023F0000040CDE90440FEF73DFBA3689E4204D8AF
:102400002068BDB900234355656004A8FFF770FB41
:1024100089E70C300091FFF7B7FB00230099206893
:102420002375002D3FF47CAFBEE704F10C00FFF7ED
:10243000ABFBA7E72A46009914F0A4FC2068E1E76B
:10244000F462002010B5044682B059B108460191EB
:102450001CF070F9019902462046FFF751FF204613
:1024600002B010BD037D81609A1E0191012A0CD833
:10247000094A013B0C3052F82330984701992368F0
:1024800020462175E15402B010BDFEF7EDFB019925
:102490000170204602B010BD24680020F8B5182352
:1024A000002640220C46C71803604260054686603D
:1024B0003146067538461BF093FBA268237DAA605F
:1024C000FBB9013205D1A260236800222846E254FC
:1024D000F8BD21683846214414F054FC237DA660E1
:1024E000002BF1D004F10C07124A013B384652F898
:1024F0002330984700230022284623752368E2549E
:10250000F8BD04F10C0705F10C0087420CD00A4A13
:10251000013B394652F823309847237D2B752BB960
:1025200000232375A360CFE7A660DDE73846FFF7F9
:102530002BFBF5E7246800203068002088424FD04C
:102540000B4630B50A7D83B004468968002A29D13C
:10255000007DA160002836D19A68013214D1002490
:102560001A7D9C6022B91A680021995403B030BDCD
:1025700003F10C000093FFF707FB009B00211A6892
:102580001C75995403B030BD20681968204400932D
:102590001944002414F0F6FB009B1A7D9C60002A6D
:1025A000E1D0E5E703F10C020C30A1608242154650
:1025B000D5D0227D1ABB1A7D9AB99A6000211A687B
:1025C000995403B030BD04F10C00CDE90023FFF7AE
:1025D000DBFA009A019B22759A680132BFD0D3E7DB
:1025E00070470E49013A009351F82220294690473E
:1025F000009B1A7D22755AB900221A75DDE7CDE9D4
:102600000003FFF7C1FA0022DDE900032275D2E7DB
:102610002846FFF7B9FA009BEEE700BF30680020BC
:1026200000B583B00190FFF789FF019803B000BDAA
:102630000000000070B5027D88B00346022A20D059
:10264000032A01D008B070BDC168002964D00269B6
:10265000406802F1010C9A6084451BD81868002A72
:102660004BD11A44002111541A7D002AEAD003F1FB
:102670000C000193FFF788FA019B0021197508B03F
:1026800070BDC168002947D0D0E9010202F1010CF8
:102690008445E3D91C2001914FF00106CDE90223C6
:1026A00018F004FE04460120029A019904F10C0579
:1026B0006060A06021482060002020762846FFF757
:1026C000DFF920462676CDE90454FEF7D3F9039BC3
:1026D00003F10C000193FFF757FA019B06A81E7542
:1026E0009FED147BC3E903548DED067BFFF700FAE1
:1026F00004A8FFF7FDF908B070BD184402920193D9
:1027000014F040FB019B0021029A18681A441154EE
:102710001A7D002A96D0AAE7996003F10C00CDE952
:102720000131FFF731FA019B02991A681975995422
:1027300088E700BF0000000000000000F4620020F5
:1027400000B5037D85B00246032B22D0032B2FD882
:10275000DFE803F01A060202D368184605B000BD90
:10276000D2E90313CDE902132BB15A68013202D02A
:102770005A6801325A600B6802A80193FFF7B8F952
:10278000019B184605B000BD13681344184605B0F8
:1027900000BDC368002BE0D001690029DDD0595C81
:1027A0000029DAD00190FFF745FF019A137DCDE7AC
:1027B000004BD2E79034002030B50B7D87B0044643
:1027C0008D68012B50D06A1C43689A4213D8037D50
:1027D000002B50D108460092FFF7B2FF009A12B9C1
:1027E000A56007B030BD23680146E01814F0CAFAAE
:1027F000A56007B030BD0846FFF7A2FF00901C207F
:1028000018F054FD0122034600994260826000F1F5
:102810000C0225480193186000200092187610469B
:10282000FFF70EF9019B4FF0010259681A7601314A
:10283000009ACDE90223CDE9042302D05968013181
:102840005960217D41BB012104A8C4E90323002272
:1028500000232175CDE90423FFF74AF902A8FFF709
:1028600047F9A56007B030BD0C310C30FEF77CF99C
:10287000A56007B030BD0C30CDE90021FFF784F929
:102880000023DDE90021237508460092FFF758FF79
:10289000009A002AA4D0A6E704F10C00FFF774F90F
:1028A000DDE90423CFE700BFF462002000B583B068
:1028B0000190FFF781FF019803B000BD38B54022B9
:1028C0000446002318200D462375194684E80D00A0
:1028D00020181BF085F920462946FFF76DFF20469A
:1028E00038BD00BF30B58A6883B08468944202D096
:1028F000012003B030BD0C460190FFF721FF0546D3
:102900002046FFF71DFF019B9A6842B10146284609
:102910001BF092F8003818BF012003B030BD1046FC
:1029200003B030BD38B50D4604460846FFF708FF32
:10293000AA6801462046FFF787F9204638BD00BF48
:1029400038B50D4604460846FFF7FAFEAA68014668
:102950002046FFF779F9204638BD00BF30B58A68B8
:1029600083B08468944202D0002003B030BD0C468E
:102970000190FFF7E5FE05462046FFF7E1FE019BCB
:102980009A6842B1014628461BF056F8B0FA80F02A
:10299000400903B030BD012003B030BD10B50C4676
:1029A000086882B0FFF746FE2068037D012B04D043
:1029B00003681844606002B010BDFFF7EFF8D0E97B
:1029C0000023CDE900232BB15968013102D05968A9
:1029D00001315960136868466360FFF789F802B0F7
:1029E00010BD00BF10B50C46086882B0FFF722FE8C
:1029F0002068037D012B04D003681844606002B096
:102A000010BDFFF7CBF8D0E90023CDE900232BB1AF
:102A10005968013102D0596801315960136868461C
:102A20006360FFF765F802B010BD00BF044B0020E3
:102A300000210022C3E9400183F80821704700BF4C
:102A4000C08A002002F040BB014B0360704700BF0A
:102A500088600020104B196809B10846704710B50E
:102A600082B00E4C0191FEF793FF01992022206164
:102A70004FF0080CA018C4F80CC0C4E905121022CD
:102A8000E261A2608022C4E900011BF0A9F8024BB8
:102A900020461C6002B010BD189300201C9300203B
:102AA00030B50546006883B014466B68002800EB1B
:102AB000C3030CBF4FF0000C9C46034603E01A68AA
:102AC0000833914215D06345F9D160458E4612D046
:102AD000034602E0083363450DD05968A142F9DA94
:102AE0001B1A6A462846CDF800E0D9100194FEF77B
:102AF00079FA03B030BD69462846CDE900E4FEF717
:102B0000AFF903B030BD00BF30B4D0E90024002AD3
:102B100002EBC40C134608BF4FF0000C03E01D6825
:102B2000A94204D008336345F9D130BC7047002C6A
:102B3000FBD09B1A30BCD910FEF74CBAF8B51D4E2D
:102B400004461D4B35680360C5B1D5E900311A1E36
:102B500003EBC10118BF0122002A08BF002103E0D6
:102B60001A680833944203D08B42F9D12046F8BD4D
:102B700028462146FFF7C8FF2046F8BDFEF708FFAC
:102B80000E4F2023294638610820BB611023802284
:102B9000F860FB61BB6007F120037D6118467D6032
:102BA0003B603D461BF01CF801220346014637609E
:102BB000D2E700BF18930020886000201C930020FB
:102BC00010B50446FFF7BAFF0421204614F07AF945
:102BD000204610BD70B5A8B00446FEF7D9FE00210E
:102BE00008AB082201910093039280229FED157B90
:102BF000CDE90401184610238DED067B02931AF0EF
:102C0000EFFF21466846FEF72BFC009C94B1019D26
:102C100004EBC505A5420DD00C4E02E00834AC42D1
:102C200008D0206803689B68B342F7D008349847FF
:102C3000AC42F6D16846FEF7F7FC28B070BD00BF85
:102C4000AFF300802000000010000000C1D700009A
:102C50000000000070B5A8B00446FEF799FE002100
:102C600008AB082201910093039280229FED157B0F
:102C7000CDE90401184610238DED067B02931AF06E
:102C8000AFFF21466846FEF7EBFB009C94B1019D27
:102C900004EBC505A5420DD00C4E02E00834AC4251
:102CA00008D020680368DB68B342F7D0083498473F
:102CB000AC42F6D16846FEF7B7FC28B070BD00BF45
:102CC000AFF3008020000000100000006111000040
:102CD0000000000070B5A8B00446FEF759FE0021C0
:102CE00008AB082201910093039280229FED157B8F
:102CF000CDE90401184610238DED067B02931AF0EE
:102D00006FFF21466846FEF7ABFB009C94B1019D26
:102D100004EBC505A5420DD00C4E02E00834AC42D0
:102D200008D0206803681B69B342F7D0083498477D
:102D3000AC42F6D16846FEF777FC28B070BD00BF04
:102D4000AFF300802000000010000000C5D7000095
:102D5000704700BF10B40023D1E90042C1E900333D
:102D60000460426010BC70470023C0E90033704724
:102D7000D1E90023C0E9002313B11846FEF726BEAF
:102D8000704700BFBAB100EBC20C0B1D002230B47B
:102D900008304C6853F8045C0831604543F8042C53
:102DA00040F8085C03F1080341F8042C40F8044C97
:102DB000EED130BC70477047D1B170B50E460446B5
:102DC0000025606878B1FEF709FE60B160680368AD
:102DD0009B689847626893681046013B936013B9FB
:102DE0001368DB68984701350834AE42E9D170BDFD
:102DF000704700BF4368A3B110B504461846FEF7FC
:102E0000EDFD68B1606803689B68984760688368F7
:102E1000013B836023B90368BDE81040DB681847B5
:102E200010BD70470023814210B582B0D0E900C2C6
:102E3000C0E900334B6806D00C68C0E90043C1E923
:102E400000C202B010BDC1E900C2002BF9D0184683
:102E50000193FEF7C3FD0028F3D0019B1A681846C2
:102E600092689047019B9A68013A9A60002AE8D1DB
:102E70001A681846D36802B0BDE81040184700BF72
:102E800038B5046874B1456804EB8505A54209D0DE
:102E900054F8043B1846002BF8D01B689B689847F1
:102EA000A542F5D138BD00BF70B59468B0B0002C14
:102EB00035D02C480D460192FDF71CF96022002107
:102EC000064600240DEB02001AF08AFE18A8FEF751
:102ED000A9FD0A22244902A82F928DF8B840FFF7D5
:102EE0009BF902A918A8FFF72BFD294618A8FFF7A0
:102EF000ABF81E4918A8FFF797F8019918A8FFF733
:102F00001FFD18AB314620467222FDF7B3F802A828
:102F1000FDF796FE18A8FDF793FE30B070BD11487E
:102F20000E46FDF7E7F86022214605460DEB02004C
:102F30001AF056FE18A8FEF775FD0A230A4902A8E2
:102F40002F938DF8B840FFF767F902A918A8FFF78B
:102F5000F7FC314618A8FFF777F818AB294620464A
:102F60007422D2E74C220020A8220020E022002078
:102F70002DE9F047054696B0FEF7EAFC6B68B3B161
:102F8000804600242B68E70053F8340003EBC406A6
:102F9000E0B103685B6C984760B12B68DE19002BC9
:102FA00050D06A6803EBC203B3420CD09AB916B092
:102FB000BDE8F087306820B103684146DB6B984775
:102FC00088B901346A68A242DCD8F0E7002BE8D166
:102FD0006A68002AEBD0F9102846FDF7FBFF6A6803
:102FE000A242CFD8E3E73068002842D003684146C8
:102FF0009B6B9847306800283BD00368DB69984793
:103000000346306803B30028DBD00368DB6C9847C5
:1030100030680028D5D003689B6A98470028D0D034
:10302000306820B103689B6A98470128C9D0D5E968
:10303000003203EBC200D919002B18BF0346994296
:10304000B4D1C0E76A68AFE798B103685B69984795
:103050003168814671B10B686846EA465B6A9847F9
:10306000284649465246FFF71FFF5046FDF7E8FD48
:10307000CEE7814668460249EA46FFF7CDF8EFE71A
:1030800090340020694B2DE9F047D3F800809AB0C6
:103090000446B8F1000F0AD098F8003063B1644BD1
:1030A0001C78002C00F09F801AB0BDE8F087614AC0
:1030B00082F8008090461A60012301F0020701F0B7
:1030C000040601EA030988F80030FEF743FC0546D0
:1030D000B9F1000F0ED1002E32D054BBFFF738FEED
:1030E000002F46D1FEF736FC002388F800301AB0D6
:1030F000BDE8F087DFF86CA1DAF8000000284DD0B9
:10310000DFF864A1FFF734FFDAF80030002B33D08A
:103110001846FFF7B5FEDEE7B7B9FEF71BFC431B09
:103120009C42E1D95045DFD0B9F1000FE2D1002E29
:10313000F2D001F09FFF03684FF47A719B6A9847C1
:1031400005EB040A002FE8D0FEF704FC431B291905
:103150009C42E2D9091AE0D0019101F08BFF01995C
:103160000368B1F57A7F9B6A28BF4FF47A7198475C
:10317000D3E7FEF7EFFBB5E70193FEF709FC2E4A14
:10318000019B10619360D361CAF80020C2E900334B
:10319000C2E905330423D3601346B9E7FEF7F8FB11
:1031A000264B1A6812F0010F254A0BD125491160F0
:1031B000254951602549D160254911612549516151
:1031C00001211960244BC3E9040200221846CAF801
:1031D00000309A60C3E90022C3E906220822DA60BF
:1031E00001221A628CE701221C481A70FCF782FF48
:1031F00060222146054602A81AF0F2FC02A8FEF75A
:1032000011FC0A23164902A819938DF86040FEF7B5
:103210000BFF02AB4F2229462046FCF72BFF02A8EA
:10322000FDF70EFD1AB0BDE8F08700BFD092002078
:1032300023320120D492002098950020788C002021
:103240005C7B0020BDFB0000A1FB0000B5FB000083
:1032500071FC0000D1FB0000BC950020F022002092
:103260004C230020B89500209495002082B00120C6
:1032700002B0704782B0012002B070470020704752
:10328000704700BF01230371704700BF01207047E2
:10329000704700BF00207047012070470020704732
:1032A0000020704700207047704700BF704700BF84
:1032B000002070470220704704207047EFF305801C
:1032C000003818BF0120704741B14B6833B118680E
:1032D000034BC01AB0FA80F04009704701207047D4
:1032E000DEC0ADDE037C23B10023037480F82C30F4
:1032F00083620120704700BF007C7047407C7047AC
:103300004068704780687047037C23B100230374D2
:1033100080F83030C3620120704700BF007C7047E6
:10332000407C7047406870478068704704480122BD
:1033300004490068044B0079C8771A70704700BFD1
:103340005891002000800E406E7E0020014B1878BE
:10335000704700BF6E7E0020024A1378002BFCD01D
:10336000704700BF6E7E002043681868704700BF3A
:1033700080687047704700BF704700BF0B780370CC
:10338000D1E90123C0E90123704700BF0B78037026
:10339000D1E90123C0E90123704700BF0023C0E940
:1033A00000338360704700BF10B591F800E090F8DB
:1033B00000C080F800E04C68D0E9012344608C68CC
:1033C000846081F800C0C1E9012310BD10B400235E
:1033D000D1E90042C1E900330460426010BC70478B
:1033E0000023C0E9003370470B68002203600A60C5
:1033F000704700BF00230360704700BF6AB100231D
:103400009C4610B451F8334041F833C040F8334083
:1034100001339A42F6D110BC7047704710B40023B4
:10342000D1E90042C1E900330460426010BC70473A
:103430000023C0E90033704710B40023D1E90042F3
:10344000C1E900330460426010BC70470023C0E94A
:1034500000337047704700BF704700BF704700BF20
:1034600003685B68184700BF03685B68184700BFC4
:1034700003685B68184700BF03685B68184700BFB4
:1034800003685B68184700BF03685B68184700BFA4
:10349000034B10B504460360FEF796FA204610BDB4
:1034A0006C630020034B10B504460360FEF78CFAF2
:1034B000204610BDB4630020034B10B504460360E2
:1034C000FEF782FA204610BD54630020034B10B56E
:1034D00004460360FEF778FA204610BD24630020FE
:1034E000034B10B504460360FEF76EFA204610BD8C
:1034F0000C630020034B10B504460360FEF764FA2A
:10350000204610BD3C630020054B10B50446036007
:10351000FEF75AFA2046FEF72DFA204610BD00BFEE
:103520006C630020054B10B504460360FEF74CFAAF
:103530002046FEF71FFA204610BD00BFB4630020EE
:10354000054B10B504460360FEF73EFA2046FEF731
:1035500011FA204610BD00BF54630020054B10B582
:1035600004460360FEF730FA2046FEF703FA2046D1
:1035700010BD00BF24630020054B10B50446036056
:10358000FEF722FA2046FEF7F5F9204610BD00BFEF
:103590000C630020054B10B504460360FEF714FAD7
:1035A0002046FEF7E7F9204610BD00BF3C6300202F
:1035B000D1E90023C0E9002313B11846FEF706BA8B
:1035C000704700BFD1E90023C0E9002313B11846BA
:1035D000FEF7FCB9704700BFD1E90023C0E9002322
:1035E00013B11846FEF7F2B9704700BF03464068B2
:1035F000B8B100B583B00193FEF7F0F9019B68B153
:103600005868026892689047019B58688268013A3E
:1036100082601AB90268D2689047019B184603B0CD
:1036200000BD1846704700BF03464068B8B100B5FA
:1036300083B00193FEF7D2F9019B68B15868026824
:1036400092689047019B58688268013A82601AB973
:103650000268D2689047019B184603B000BD184627
:10366000704700BF00B583B00421019013F02AFC1D
:10367000019803B000BD00BF00B583B004210190E4
:1036800013F020FC019803B000BD00BF00B583B06B
:103690000421019013F016FC019803B000BD00BF97
:1036A0000B682BB101220C3083F89020FDF700BC91
:1036B000704700BF002310B5044600F8043BFEF736
:1036C000B1F9204610BD00BF10B50446FDF7ACFFB0
:1036D000204610BD10B50446FDF7A6FF204610BDDC
:1036E000104B10B5044640F84C3BFDF79DFF04F12C
:1036F0002C00FDF799FF04F10C00FDF795FFA06881
:1037000070B1FEF76BF958B1A06803689B689847E1
:10371000A0688368013B836013B90368DB6898473E
:10372000204610BD4C62002010B50446FFF7D8FFBC
:103730006C21204613F0C6FB204610BD08B50C20B6
:1037400013F0BAFB0023C0E90033836008BD00BF5B
:10375000406805F017BF00BF09494268016072B1B7
:1037600000B583B001901046009206F075F80098FD
:10377000F42113F0A7FB019B184603B000BD70476E
:1037800030620020B2F5806F38BF4FF48062F0B530
:10379000104699B00F461546FEF7F6F80646B8B142
:1037A0000C2013F089FB1A4B04466822336073190E
:1037B000002123F00703C0E90165A3F168001AF0B6
:1037C0000FFA47F0010220604266204619B0F0BDB2
:1037D0001048FCF78FFC60220446314668461AF018
:1037E000FFF96846FEF71EF90A230B49684617934E
:1037F0008DF85860FEF718FC21466B46C92230460A
:10380000FCF738FC68463446FDF71AFADDE700BFDE
:10381000DEC0ADDE84230020F423002099B1486887
:103820000B4660B100B583B00191FEF7AFF8019B84
:103830000C21184603B05DF804EB13F043BB0C21D8
:10384000184613F03FBB704713F026BA0346407C7E
:1038500000286DD15A6891F800C0B2F1FF3F03D043
:10386000D2B2624500D07047BCF1010F5ED0BCF10E
:10387000020F59D0BCF1000FF5D12E4830B583B0FE
:10388000D860C3F804C091F90A20002A1546B4BFD5
:10389000012202221A7691F90BE0BEF1000F01DB42
:1038A00001321A7691F90C20002A144602DB1A7EA6
:1038B00001321A764A685A61002291F908C091F9DA
:1038C00009106CF30702BCF1000F5C7761F30F2263
:1038D00065F317426EF31F62C3F8192008DB5FFA25
:1038E0008CF1019316F062FA019B93F91A10D868D3
:1038F000002905DBC9B2019316F0E8F9019BD868ED
:1039000093F91B10002905DBC9B2019316F018FAD0
:10391000019BD868019316F0BFF84FF48072019BA9
:1039200001201A8203B030BD0348A7E70348A5E78A
:10393000012070477478002014790020C47800209A
:103940000368034A1B6B934201D1FFF77FBF1847FF
:10395000990601002DE9F043467C9FB0002E67D107
:1039600042680B460D780446511C02D0D2B2AA42DE
:1039700063D1012D00F09080022D00F06F81002DA9
:1039800000F04781BD480024FCF7B4FB60220746E5
:10399000002106A81AF024F906A8FEF743F80A2326
:1039A000B74906A81D938DF87040FEF73DFB2946E8
:1039B00006A8FEF749FB06AB394620469222FCF7E3
:1039C00059FB06A8FDF73CF930461FB0BDE8F0836F
:1039D00013F9032C724540F0868013F9022C6245DE
:1039E00040F0818013F9012C4A457CD1BEF1000FD3
:1039F00080F237815FFA8CF1E06816F067F994F98C
:103A00001A10002903DBC9B2E06816F099F9E068E2
:103A100016F042F86368022B07D89A4A52F823300E
:103A20001BB15A6A42F080625A624FF4807323825B
:103A3000012630461FB0BDE8F08390480193FCF7A3
:103A400059FB31460546602206A81AF0C9F806A8B7
:103A5000FDF7E8FF0A228C4906A81D928DF87060D8
:103A6000FEF7E2FA616806A8FEF7EEFA874906A8B3
:103A7000FEF7DAFA019B06A81978FEF7E5FA06AB1D
:103A80007E2229463046FCF7F5FA06A8FDF7D8F85D
:103A900030461FB0BDE8F083DFF81082C4F80C8018
:103AA000656093F909C0BCF1000FC0F2B58093F9CD
:103AB0000A20002A9146C0F2AF805A6803AFEDB2E7
:103AC0006261734A93F908E004AB84F819C084F882
:103AD0001A9084F818E007CA87E8070013F8042C46
:103AE000AA423FF475AF043307AA9342F6D1634864
:103AF0000025FCF7FFFA60228046002106A80A276D
:103B00001AF06EF806A8FDF78DFF624906A88DF839
:103B100070501D97FEF788FA616806A8FEF794FAC0
:103B200006AB4146BA222846FCF7A4FA06A8FDF7E0
:103B300087F85248FCF7DEFA60222946804606A83C
:103B40001AF04EF806A8FDF76DFF534906A88DF848
:103B500070501D97FEF768FA636806A80DEB8303A3
:103B600093F90D10FEF770FA4C4906A8FEF75CFABF
:103B7000636806A80DEB830393F90E10FEF764FA51
:103B8000474906A8FEF750FA636806A80DEB8303C1
:103B900093F90F10FEF758FA06AB4146BB222846B0
:103BA000FCF768FA06A8FDF74BF83448FCF7A2FAD0
:103BB00060222946804606A81AF012F806A8FDF7EA
:103BC00031FF384906A81D978DF87050FEF72CFA82
:103BD00094F9181006A8FEF737FA304906A8FEF740
:103BE00023FA94F9191006A8FEF72EFA2C4906A814
:103BF000FEF71AFA94F91A1006A8FEF725FA2846D5
:103C000006AB4146BE22FCF735FA06A8FDF718F8C8
:103C10000FE7DFF89C8041E718480024FCF76AFAB8
:103C200060220546002106A819F0DAFF06A8FDF774
:103C3000F9FE0A231C4906A81D938DF87040FEF773
:103C4000F3F906AB294620469822FCF713FA06A89A
:103C5000FCF7F6FF30461FB0BDE8F083DFF8548074
:103C60001CE75FFA8EF1404616F0A0F894F919C0EF
:103C7000BCF1000FFFF6C3AEBCE600BFB8250020C4
:103C80006C260020F0080020382600206426002042
:103C900060080020CC2600200027002014270020E8
:103CA0001C2700202427002090260020C478002014
:103CB00074780020147900200368034A1B6B934238
:103CC00001D1FFF747BE1847A107010000B583B037
:103CD00003490190FDF78EFE019803B000BD00BFBF
:103CE000F41E002000B583B003490190FDF782FE69
:103CF000019803B000BD00BFEC1E00200868B0B101
:103D000008B5037F012B01D0002008BDF5F76CFD3D
:103D1000816840F2DC52D0E9003C03EB0C00A0F5D6
:103D20007A70084490428CBF0020012008BD704783
:103D300010B50F4A82B01378002BFCD00D4C002335
:103D40000D4A20681360136360B10179A2F548221F
:103D50009176019012F024FB0821019813F0B2F83B
:103D600000232360054B00221A7002B010BD00BF73
:103D70006E7E00205891002000001B40143201206C
:103D8000024B1B780BB1FFF7D3BF704714320120F1
:103D9000064B074A1B7802603BB100B583B0019027
:103DA000FFF7C6FF019803B000BD70471432012031
:103DB00008620020074B084A1B7810B504460260D1
:103DC0000BB1FFF7B5FF2046042113F07BF8204626
:103DD00010BD00BF143201200862002090F870303E
:103DE00003B9704700B585B000F10C0C042203A99B
:103DF000019002A8CDF80CC0FDF7BEFD0298026844
:103E0000126A90470022019B83F8702005B000BD24
:103E100090F83C3003B9704700B585B000F10C0C48
:103E2000042203A9019002A8CDF80CC0FDF7A4FD5F
:103E300002980268126890470022019B83F83C2098
:103E400005B000BD90F8403003B9704700B585B0AB
:103E500000F10C0C042203A9019002A8CDF80CC0BB
:103E6000FDF78AFD02980268126890470022019BC4
:103E700083F8402005B000BD0000000010B5FDF73C
:103E800087FD184B1A6812F0010F174A0BD1174C17
:103E90001749C2E90041174C1749C2E90341174CC1
:103EA000012154611960164B002108244FF0010CC8
:103EB000186118465A61134AC3E902149FED077B43
:103EC000114CC3E90011C4F800C01049BDE810400E
:103ED00083ED067B14F07ABBAFF300800000000096
:103EE00000000000448C0020F07900201104010043
:103EF000690201007D020100911701005D0E0100C1
:103F0000D08B00208C7B0020288C00201505010020
:103F10000000000010B5FDF73BFD184B1A6812F0C9
:103F2000010F174A0BD1174C1749C2E90041174C32
:103F30001749C2E90341174C012154611960164B1E
:103F4000002108244FF0010C186118465A61134AE9
:103F5000C3E902149FED077B114CC3E90011C4F8BB
:103F600000C01049BDE8104083ED067B14F02EBB65
:103F7000AFF300800000000000000000488C00202B
:103F80000C7A00202504010085020100990201003D
:103F9000ED170100290E0100F08B00208C7B002022
:103FA0002C8C00202105010090F82C3003B97047BB
:103FB00000B585B000F10C0C042203A9019002A801
:103FC000CDF80CC0FDF7D8FC0298FDF72DFB0022C0
:103FD000019B83F82C2005B000BD00BFBAB100EBF7
:103FE000C20C0B1D002230B408304C6853F8045C3E
:103FF0000831604543F8042C40F8085C03F10803DD
:1040000041F8042C40F8044CEED130BC70477047A6
:10401000BAB100EBC20C0B1D002230B408304C6862
:1040200053F8045C0831604543F8042C40F8085C00
:1040300003F1080341F8042C40F8044CEED130BCE5
:1040400070477047BAB100EBC20C0B1D002230B4B0
:1040500008304C6853F8045C0831604543F8042C80
:1040600040F8085C03F1080341F8042C40F8044CC4
:10407000EED130BC704770478AB102EB420200EBD0
:10408000820210B40B780C300C3100F80C3C9042DA
:1040900051E9024340E90243F4D110BC7047704734
:1040A0002DE9F04184B01C460746F4200B9E904653
:1040B00012F002FF002C9DF828301FFA88F10196BB
:1040C0004FF00006009314BF062333463246029693
:1040D000054604F07DF8BDF83C300334BDF83420CB
:1040E000BDF8301028460093BDF8383008FB04F4C2
:1040F00004F0AAFD286831462246E861FDF740FC3D
:104100000C2012F0D9FE044B38600360C0E9015462
:10411000384604B0BDE8F08130620020037C03B96A
:10412000704700B585B000F10C0C042203A9019082
:1041300002A8CDF80CC0FDF71FFC029806490268E2
:10414000019B12688A4203D100221A7405B000BD97
:104150009047019BF8E700BFA10201000B6B10B56F
:10416000044682B093B3486838B303681D4A5B695C
:10417000934232D11C4B1878C0B2F0B1CB6A7BB1FC
:10418000086B03EBC00098420AD0083308304FF0A8
:10419000000C53F8082C0833834282F890C0F8D101
:1041A00001F12C00FCF7ACFE0023204600F8043B94
:1041B000FDF738FC204602B010BD2046012300F870
:1041C000043BFDF72FFC204602B010BD00F8043B75
:1041D000FDF728FC204602B010BD019198470199D7
:1041E000CBE700BF990101006E7E0020037C03B97C
:1041F000704710B5042282B000F10C0304460DEBA9
:10420000020168460193FDF7B7FB0098084A03686E
:104210001B6893420AD1074B074A1B7802600BB117
:10422000FFF786FD0023237402B010BD9847F9E71D
:10423000DD0B0100143201200862002010B5164B7E
:1042400004464068236048B10368144ADB6993421E
:104250001FD1134B1B780BB1FFF76AFD04F12C0043
:10426000FDF7E2F904F10C00FDF7DEF9A06870B18A
:10427000FDF7B4FB58B1A06803689B689847A06835
:104280008368013B836013B90368DB689847204665
:1042900010BD9847E2E700BFD8610020CD0B0100B8
:1042A0001432012010B50446FFF7C8FF64212046F0
:1042B00012F008FE204610BD0A4A436810B50446B5
:1042C00082B002603BB11846019305F0C5FAF421B3
:1042D000019812F0F7FD20460C2112F0F3FD204664
:1042E00002B010BD30620020064B10B504460360DA
:1042F000FEF7B0FB2146FEF707FC2046FEF71EFC4A
:10430000204610BDE0640020084B10B50446036051
:10431000FEF7A0FB2146FEF7F7FB2046FEF70EFC5A
:104320002046082112F0CEFD204610BDE06400209A
:10433000002944D02DE9F047804682B00F46002581
:10434000DFF87C90DFF87CA058F8354074B3D4F8DF
:10435000A8609EB133685B684B452DD17368C6F881
:1043600000A03BB11846019305F076FA0198F421BC
:1043700012F0A8FD0C21304612F0A4FD04F18400D7
:10438000FDF752F904F16400FDF74EF904F1400025
:10439000FDF74AF9606B08B1FCF74CFC04F114001E
:1043A000FDF742F9B021204612F08CFD0135AF42F5
:1043B000CAD102B0BDE8F08730469847DEE77047C3
:1043C000051101003062002010B5046882B0002C95
:1043D00034D0D4F8A830B3B11A681B4952688A4265
:1043E0002ED11A495A6819604AB1104601930092B9
:1043F00005F032FAF421009812F064FD019B0C21C3
:10440000184612F05FFD04F18400FDF70DF904F188
:104410006400FDF709F904F14000FDF705F9606B50
:1044200008B1FCF707FC04F11400FDF7FDF8B0211A
:10443000204602B0BDE8104012F044BD02B010BDED
:1044400018469047DFE700BF0511010030620020E9
:1044500000238842026810B582B0036002D00C6865
:104460000B6004600C680A60002C34D0D4F8A830CB
:10447000B3B11A681A4952688A422ED119495A684A
:1044800019604AB110460193009205F0E5F9F42154
:10449000009812F017FD019B0C21184612F012FD36
:1044A00004F18400FDF7C0F804F16400FDF7BCF8E6
:1044B00004F14000FDF7B8F8606B08B1FCF7BAFBF7
:1044C00004F11400FDF7B0F8B021204602B0BDE8B9
:1044D000104012F0F7BC02B010BD18469047DFE75D
:1044E0000511010030620020064B03F16C001A78C0
:1044F0000C338A4203D08342F9D100207047012057
:10450000704700BF80060020D1B170B50E4604464A
:104510000025606878B1FDF761FA60B160680368F2
:104520009B689847626893681046013B936013B993
:104530001368DB68984701350834AE42E9D170BD95
:10454000704700BFD1B170B50E46044600256068C3
:1045500078B1FDF743FA60B1606803689B689847DB
:10456000626893681046013B936013B91368DB6877
:10457000984701350834AE42E9D170BD704700BF9D
:10458000114A136813B1186828B170470F49C1E97F
:1045900000330B4611600E4A106800B583B038B185
:1045A0000268526901939047019B186003B000BDF7
:1045B000084908680028F3D10748DFF824C0074AF3
:1045C000C0F800C00860EDE7509600205496002027
:1045D000549100205C96002060960020F1000100BC
:1045E0002065002038B51C4B05461C6854B1236873
:1045F0001B6A2046984720B9184B1B6863B15A685C
:1046000082B138BD164A1468002CF0D1154C1649F9
:10461000164B21601460ECE7154A1049C2E90033DB
:1046200013460A6001225D6085F86220FFF7A8FF4B
:10463000236801462A68DB6920469847074B1B68B8
:1046400013B100225A6038BD094A0449C2E9003357
:104650000A601346F5E700BF5491002050960020F1
:104660005C9600206096002020650020E10001009B
:1046700054960020D1B170B50E46044600256068FE
:1046800078B1FDF7ABF960B1606803689B68984743
:10469000626893681046013B936013B91368DB6846
:1046A000984701350834AE42E9D170BD704700BF6C
:1046B0000B6813B11A7F012A01D00020704770B532
:1046C000044618460D46F5F78FF88168D0E90023B7
:1046D000134440F2DC52A3F57A730B44934215D88D
:1046E00063689BB12868F5F759F86268DFF830C055
:1046F000C1B213689B6863450CD1084B03F16C0091
:104700001A780C338A4203D09842F9D1002070BD48
:10471000012070BD1046BDE870401847800600209B
:10472000351301004368A3B110B504461846FDF7E0
:1047300055F968B1606803689B689847606883684A
:10474000013B836023B90368BDE81040DB6818476C
:1047500010BD70474368A3B110B504461846FDF775
:104760003DF968B1606803689B6898476068836832
:10477000013B836023B90368BDE81040DB6818473C
:1047800010BD70474368A3B110B504461846FDF745
:1047900025F968B1606803689B689847606883681A
:1047A000013B836023B90368BDE81040DB6818470C
:1047B00010BD7047362A0DD81F491301CB58C3F3DB
:1047C0008733032B0DD900231C4A0021C0E90012B6
:1047D0000370704700231A4A0021C0E900120370D9
:1047E00070471B2A0FD8DFE802F024240E0E0E0EAD
:1047F0000E18180E0E1515150E0E21211B1B0E0E70
:104800000E0E0E0E1E1E012300220021C0E9001212
:104810000370704701230B4ADEE701230A4ADBE7F6
:1048200001230A4AD8E70123094AD5E70123094AA7
:10483000D2E70123084ACFE7AC6C0020882700208C
:1048400038270020942800204828002060290020D4
:1048500000290020BC290020E027002038B5037C77
:1048600004464BB10368154A9B69934222D1002349
:10487000037480F82C308362206A70B1FDF7AEF8C3
:1048800058B1206A03689B689847206A8368013B97
:10489000836013B90368DB6898470025E068C4E9C2
:1048A0000755A584A56284F82C5015F0B9FAE56087
:1048B000657438BD4FF0FF319847DDE731010100E5
:1048C000427C1AB1C3680BB1FFF7C8BF704700BF85
:1048D00038B5037C04464BB10368154A9B69934283
:1048E00022D10023037480F83030C362606A70B153
:1048F000FDF774F858B1606A03689B689847606A6E
:104900008368013B836013B90368DB68984700251F
:10491000E068C4E908552585E56284F8305015F053
:104920007FFAE560657438BD4FF0FF319847DDE7E9
:1049300055010100427C1AB1C3680BB1FFF7C8BF33
:10494000704700BF0023884210B582B0D0E900C292
:10495000C0E900334B6806D00C68C0E90043C1E9E8
:1049600000C202B010BDC0E900C2002BF9D0184649
:104970000193FDF733F80028F3D0019B1A6818461D
:1049800092689047019B9A68013A9A60002AE8D1A0
:104990001A681846D36802B0BDE81040184700BF37
:1049A0000023884210B582B0D0E900C2C0E90033CC
:1049B0004B6806D00C68C0E90043C1E900C202B0F0
:1049C00010BDC0E900C2002BF9D018460193FDF7D5
:1049D00005F80028F3D0019B1A68184692689047A2
:1049E000019B9A68013A9A60002AE8D11A68184631
:1049F000D36802B0BDE81040184700BF00238842CA
:104A000010B582B0D0E900C2C0E900334B6806D0CF
:104A10000C68C0E90043C1E900C202B010BDC0E9A2
:104A200000C2002BF9D018460193FCF7D7FF0028ED
:104A3000F3D0019B1A68184692689047019B9A68C8
:104A4000013A9A60002AE8D11A681846D36802B081
:104A5000BDE81040184700BF204A437C10B504460B
:104A600002603BB3C06828B3237C23B100232374C6
:104A700084F82C30A362236A83B11846FCF7AEFF9A
:104A800058B1206A03689B689847206A8368013B95
:104A9000836013B90368DB689847E0680023C4E9C2
:104AA0000733A384A36284F82C3015F0B9F90023EE
:104AB000E3606374206A70B1FCF790FF58B1206A1C
:104AC00003689B689847206A8368013B836013B939
:104AD0000368DB689847204610BD00BF6061002076
:104AE000204A437C10B5044602603BB3C06828B33B
:104AF000237C23B10023237484F83030E362636A9B
:104B000083B11846FCF76AFF58B1606A03689B6876
:104B10009847606A8368013B836013B90368DB6868
:104B20009847E0680023C4E908332385E36284F8EA
:104B3000303015F075F90023E3606374606A70B17A
:104B4000FCF74CFF58B1606A03689B689847606A3D
:104B50008368013B836013B90368DB68984720468C
:104B600010BD00BF9C610020224A437C10B5044662
:104B700002603BB3C06828B3237C23B100232374B5
:104B800084F82C30A362236A83B11846FCF726FF11
:104B900058B1206A03689B689847206A8368013B84
:104BA000836013B90368DB689847E0680023C4E9B1
:104BB0000733A384A36284F82C3015F031F9002365
:104BC000E3606374206A70B1FCF708FF58B1206A93
:104BD00003689B689847206A8368013B836013B928
:104BE0000368DB6898472046302112F06BF92046B5
:104BF00010BD00BF60610020224A437C10B504460E
:104C000002603BB3C06828B3237C23B10023237424
:104C100084F83030E362636A83B11846FCF7DEFE45
:104C200058B1606A03689B689847606A8368013B73
:104C3000836013B90368DB689847E0680023C4E920
:104C400008332385E36284F8303015F0E9F8002357
:104C5000E3606374606A70B1FCF7C0FE58B1606ACB
:104C600003689B689847606A8368013B836013B957
:104C70000368DB6898472046342112F023F9204668
:104C800010BD00BF9C61002010B483B00B46CDE97D
:104C90000012C27C002A30D072B6C27CD40708D57C
:104CA0004FF0E02C4469DCF8801121408162CCF89F
:104CB0008011910708D54FF0E02C8469DCF884114D
:104CC0002140C162CCF88411540708D54FF0E02C84
:104CD000C469DCF8881121400163CCF88811110700
:104CE00008D54FF0E02C046ADCF88C1121404163B8
:104CF000CCF88C11D2063AD462B68268934240D086
:104D0000234A836092692349C2F3011CC2F3826281
:104D100051F82CC00132BCFBF2F103B38B4232D804
:104D2000B1FBF3F2B1FBF2F18B422ED3B2F5817FEE
:104D30001BD2022A27D9023A530803EB032342EA83
:104D40000323C36002680321002010615162012126
:104D50001364019B1366116103B010BC7047944546
:104D6000EFD34A1CB2F5817FE3D30B4BE9E74FF059
:104D7000E021446AD1F8902122408263C1F8902159
:104D8000BAE7C368DEE70023DBE71146E9E700BFC7
:104D900000C00F4058680020FF7F7F00437C30B583
:104DA00083B0002B69D0C368002B66D090F82C40EC
:104DB000002C62D0826A002A60D041690546072231
:104DC0001846CDE90012FFF75FFF6B68022B51D840
:104DD0003E4A52F82320002A4CD0D2F860C095F801
:104DE00025102CF4403343F48033136611B1E96984
:104DF00001B10968AB6A53B1013B581801395369D5
:104E0000DB07FCD511F8013F81425366F7D15369A6
:104E1000DB01FCD4E968C2F860C0CB7C13B3D807CF
:104E200004D5886A4FF0E022C2F800019A0704D541
:104E3000C86A4FF0E022C2F80401580704D5086B95
:104E40004FF0E022C2F808011A0704D5486B4FF072
:104E5000E022C2F80C01DB0604D58A6B4FF0E02398
:104E6000C3F81021002320462B7485F82C30AB6248
:104E700003B030BDEA68D37C1BB90024204603B0E0
:104E800030BDD90704D5906A4FF0E021C1F8000188
:104E90009D0704D5D06A4FF0E021C1F804015C07FA
:104EA00004D5106B4FF0E021C1F80801180704D5B4
:104EB000506B4FF0E021C1F80C01D906DDD5926BA3
:104EC0004FF0E023C3F81021D7E700BFF00800201F
:104ED000437C30B583B0002B70D0C368002B6DD0FD
:104EE00090F83040002C69D0C26A002A67D041692E
:104EF000054607221846CDE90012FFF7C5FE6B688C
:104F0000022B58D8434A52F82320002A53D02B7E34
:104F1000D2F860C0032B55D8012B94BF0023012386
:104F20001B042CF440310B4395F82910136611B182
:104F3000296A01B10968EB6A53B1013B581801397C
:104F40005369DB07FCD511F8013F81425366F7D165
:104F50005369DB01FCD4E968C2F860C0CB7C13B3B1
:104F6000D80704D5886A4FF0E022C2F800019A07FA
:104F700004D5C86A4FF0E022C2F80401580704D5EE
:104F8000086B4FF0E022C2F808011A0704D5486BFD
:104F90004FF0E022C2F80C01DB0604D58A6B4FF01B
:104FA000E023C3F81021002320462B7485F830300D
:104FB000EB6203B030BDEA68D37C33B900242046ED
:104FC00003B030BD4FF40033ABE7D90704D5906A86
:104FD0004FF0E021C1F800019D0704D5D06A4FF0E1
:104FE000E021C1F804015C0704D5106B4FF0E0210B
:104FF000C1F80801180704D5506B4FF0E021C1F843
:105000000C01D906DAD5926B4FF0E023C3F81021DA
:10501000D4E700BFF00800202DE9F04FF1EE104A70
:1050200010B42DED108AC0F800D0EFF3148414F002
:10503000020F0AD181F3098844F0020472B684F3A6
:105040001488BFF36F8F62B609E081F3088824F0FB
:10505000020472B684F31488BFF36F8F62B6BDEC9E
:10506000108A10BCE1EE104ABDE8F08F08461168C6
:10507000FFF7D2BF104B1A680AB1104670470F49AC
:1050800000B583B00846C1E900220192FDF7DCFCBF
:105090000A49019A0A480A710860FDF7DBFC019A87
:1050A0000649FDF7FDFC05490648034B0860084624
:1050B000196003B000BD00BF649600206896002010
:1050C000E064002054650020074A084BDFF820C048
:1050D00051681B68ACFB03C39B0C03FB00F05368D7
:1050E0005B1A9842FBD87047001000E070780020EF
:1050F00083DE1B43014B1868704700BF203101203D
:1051000011F0CABD3629034605D9244A07CA83E8E7
:1051100007001846704722480A018258C2F38732B6
:10512000032A05D91F4A07CA83E8070018467047B3
:105130001B290FD8DFE801F01E1E0E0E0E0E0E23E7
:10514000230E0E1414140E0E191928280E0E0E0E0E
:105150000E0E2D2D002201215A6019709A60D8E799
:10516000114A07CA83E80700D3E7104A07CA83E851
:105170000700CEE70E4A07CA83E80700C9E70D4AD1
:1051800007CA83E80700C4E70B4A07CA83E8070099
:10519000BFE70A4A07CA83E80700BAE76C0800209D
:1051A000AC6C0020780800209C080020C00800207B
:1051B0008408002090080020B4080020A8080020DF
:1051C0002DE9F04F8246B1B0944D002609E08DF8EC
:1051D0006460FCF727FC9DF864401AA8FBF730FDDB
:1051E0007CB1DAF800301AA89B68AB42EFD019A85E
:1051F000514698479DF864401AA8FBF721FD002C02
:10520000EFD10AF12C040AF10C012046FCF766F8F4
:105210000AF10C00FBF774FEDAF83030002B00F0D6
:105220006E83DAF84C50002D00F09583DAF8503098
:1052300005EBC306B54200F0DA8355F8080B1430CD
:10524000FBF75EFEAE42F8D1DAF82C60002E38D0C3
:10525000DAF8307006EBC707B74232D0DFF8C891F2
:10526000B84607943068F4F7BFFADAF84C300546D0
:10527000002B00F05D81DAF8502003EBC20293426C
:1052800000F05681076802E09A4200F051811C68E4
:1052900008332168B942F7D1606869688842F3D160
:1052A000A068A9688842EFD1E068E9688842EBD13C
:1052B0003146083604F11400FBF7D2FDB045D1D1D8
:1052C000079CDAE91353002D00F0FA8005EBC30EBA
:1052D000AE4500F0F58005F1080B514F0A94CDF86A
:1052E00020E006E0DDE907320BF1080B934200F005
:1052F000E4805BF8086CCDF81CB0B369002BF1D0EA
:1053000006F134052846FAF7F5FA5BF8083C5C69C3
:10531000002C37D09B6904EBC308444532D00834D5
:10532000099654F8080CA146F4F738FADAF8041094
:10533000C6B20B689B68BB4268D1314619A8FFF71B
:10534000E1FE9DF86430C3B154F8081C496F11F0B8
:10535000030058D1334A02FB01FCBCF1553F5BD836
:1053600003460320B1FBF0F0314682B219A8FAF7E8
:1053700067FA19A92846FAF7E3FAC14504F10804C7
:10538000CFD1099E2846FAF7DFFA5BF8083C5C6942
:10539000002C56D0996904EBC108444551D008341B
:1053A000CDF824B018E0FFF7ADFE9DF864C00123EE
:1053B0004A46294619A8BCF1000F09D0FAF756FA57
:1053C00054F8083C1A995A6F8A4228BF0A466ABBA9
:1053D000D84504F1080430D054F8080CA346F4F77B
:1053E000DDF9DAF804C05FFA80F919A8DCF80030BA
:1053F00049469B68BB42D6D061464A4617A89847A3
:105400009DF85CC0D3E703200023ABE7324617A822
:1054100098479DF85C3096E70420A3E7010501005A
:1054200001160100ABAAAAAA748C0020196F0834D7
:105430001998FCF7A1FAD845CED1DDF824B05BF875
:10544000083C96F8A420D3F8A840002A40F04481F4
:10545000002C00F05D812846FAF766FB5BF8083CFB
:1054600004468A49D3F8A8000368DA688A4240F003
:1054700049828268944228BF14467CB19B68844A62
:10548000934240F07182436818682246716BFCF7C2
:1054900073FA5BF8083CD3F8A80003681B697D4ADF
:1054A000934240F0378240680BF1080B04F06AF831
:1054B000DDE9073293427FF41CAF0A9CDAF85030E2
:1054C000EBB15D1EEE0002E0083EC5B1013DDAF829
:1054D0004C309A599269002AF6D123B1DAF850304B
:1054E000B6EBC30FF0D0DAF85030002BECD0F1104F
:1054F0000AF14C00083EFBF76DFD002DE6D1DAF80D
:105500002C307BB1DAF8301003EBC101994209D09D
:1055100008330831002053F8082C08338B4282F8F6
:105520009000F8D1204631B0BDE8F04FFBF7E8BC61
:10553000B02011F0C1FCB0220021044618F050FB4D
:10554000554B2361FCF724FA544B1B6813F0010FF1
:10555000534B0CD1534A51491A60534A5A60534A2B
:10556000DA60534A1A61534A5A6101220A60C4E957
:1055700009030023C4E90533E3616363E363C4E91A
:105580000B3308232362FCF703FAD9F8003013F039
:10559000010F494B0CD1494A1A60494A5A60494A9D
:1055A000DA60494A1A61494A5A610122C9F8002061
:1055B00000274FF00C0BC4E91403C4E91077A7646B
:1055C000C4F84CB0C4E91677FCF7E2F9C4F880706F
:1055D0006067C4E91977C4E91B7BC4E91E77FCF74F
:1055E000D7F93221C4F88C70C4F8A070A4F8A47064
:1055F000C4E924B0C4E9217704F14000C4E9267766
:10560000FBF728FCC4F8A870274619940FCD0FC7E4
:105610002B6819A90AF14C003B60FBF749FC199D66
:10562000002D3FF445AED5F8A870AFB13B68284ACD
:105630005B68934240F09A81264B3B607B683BB1AC
:105640001846089304F008F90898F42111F03AFC80
:1056500038460C2111F036FC05F18400FBF7E4FF1D
:1056600005F16400FBF7E0FF05F14000FBF7DCFF0C
:10567000686B08B1FBF7DEFA05F11400FBF7D4FF05
:105680002846B02111F01EFC12E600BFBD0101004A
:10569000B50101009D05010030270020408C00204D
:1056A000D4790020F5280000FD1600001117000035
:1056B000E15E0000E1420000407B0020C9010100E2
:1056C000D9010100E9010100F5010100C50E010049
:1056D00005110100306200200022C3F8A820BCB1EF
:1056E0002368A54A5B68934240F03B81A34AD4F803
:1056F00004902260B9F1000F06D0484604F0ACF8DF
:105700004846F42111F0DEFB20460C2111F0DAFBB3
:105710000DF16409382200214846FCF731F90022D6
:10572000736E2792002B3FF4DDADB16E01EB4101AA
:1057300003EB810199423FF4D5AD09959846154692
:105740000C46312A00F23881042216A917A8CDF898
:105750005890FCF711F91798042216A900F00300DD
:1057600008F10C0809EB8000169017A8FCF704F963
:1057700018F80C0C279AA04517998854279A18F8FE
:10578000041C02F1010245EA01052792D9D12C46F9
:10579000099D002A3FF4A6AD002314AA13A92846A8
:1057A0001593CDE9133315ABFAF7D6F9DAF80420DF
:1057B000E11C17A8136890460991DA68159B0B92B3
:1057C000CDF85890B3FBF1F2279B16A91092042252
:1057D0001193FCF7D1F8179B042216A917A803F020
:1057E000030309EB83031693FCF7C6F85BF8083C48
:1057F00063491868179A0C9058680D909868DB6890
:105800000E900B980F93884240F0BC80F4200B92CE
:1058100011F052FB9DF84430002C0B9A109C8046EE
:1058200000934FF00003A1B2019202934FF00002E7
:1058300018BF062302F0CCFCBDF83C30BDF8342084
:105840004046BDF830100093BDF8383003F0FCF945
:105850000999D8F8000001FB04F20021C8F81C00E7
:105860000B92CDF82480FCF78BF80C2011F024FB70
:105870000B9A099B04465BF8081C82603F4A436010
:1058800001F1A8031790026017A8984227D00023BF
:105890001793D1F8A830C1F8A840002B50D01A684F
:1058A000354952688A4240F09F80344A5C681A60E9
:1058B00044B12046099303F0CFFF2046F42111F0B4
:1058C00001FB099B18460C2111F0FCFA179C002CD7
:1058D00036D02368284A5B6893424AD1274A6368D6
:1058E00022603BB11846099303F0B6FF0998F421F2
:1058F00011F0E8FA20460C2111F0E4FA20E031B072
:10590000BDE8F08F90475BF8083C0246D3F8A8004A
:105910000368AFE59847E5E4013B042216A917A800
:105920002793CDF85890FCF727F8179B042216A967
:1059300017A803F0030309EB83031693FCF71CF885
:10594000279B002BE8D15BF8083CD3F8A830002B4C
:105950003FF4C8AC7FE5DAF82C60002E7FF478AC19
:10596000ACE520469847D3E698478EE538469847F9
:1059700072E620469847E3E70511010030620020F7
:10598000ED0E01000F9B414617A805930E9B049353
:105990000D9B03930C9BCDE90123119B109A00935F
:1059A00023460B9CA0475BF8081C17AA01F1A8032B
:1059B0009A428BD0179C6AE7214643462C46099DA4
:1059C00003F10C0093F808C01833884244EA0C0431
:1059D0003FF4E2AE007A8B4244EA0004E4B2EFD135
:1059E000002A3FF47FACD7E6184690476EE7DAF816
:1059F0002C60002E7FF42CAC68E400BF2DE9F04150
:105A00006E4C82B00D46904621781F46089E0029B4
:105A100040F0AF80C8EB08124FF0040EC7EB07133D
:105A2000674F4FEAC20CDB00C6EB06160CF5FA7C9A
:105A3000C5EB051103F5FA73624DF200A7FB0C6C80
:105A4000C900A7FB03636E6F01F5FA714FEA9C1C56
:105A500046F003069B09B1F5FA6F6E67AE6A26F051
:105A60000E2646F00226AE622E6A46F4C0162E625C
:105A700045688668C5F800E04FF01805356074D3B6
:105A8000A7FB017189094D1E8E1CEDB2B44538BFCC
:105A9000B4460CF10208984538BF9846B2F5803FED
:105AA00060D241F2707E632A88BF9646464A02233E
:105AB00046781360136813F00203FBD1ACEB0100CE
:105AC000A8EB01011360A8EB0C0C013901384FEA77
:105AD00058070CF1FF3C45EA01213C4DC0B2013FA3
:105AE00045EA062540EA0C20C2F88050FFB2C2F811
:105AF0000031374B47F4F857364D43EA062803F197
:105B0000807345EA062543EA062C334EFF23C2F88C
:105B10000064324EC2F8806406F58066C2F80075F3
:105B2000C2F80484C2F88464C2F804152C4E2D49CE
:105B3000C2F808C4C2F8881401F5B821C2F80805F3
:105B4000C2F80C543568C2F88C14C2F80CE5136125
:105B50005361936195B10120234B2070187002B0FE
:105B6000BDE8F0814FF6FF7EA0E7764601250221D1
:105B70008CE70190FEF7DCF801984BE7082011F064
:105B80009BF90746294610F0A5FB3A79174B1849AF
:105B900043F8225043F82210164B3A79164902F086
:105BA0001F0502F1100003EB521301223760AA40D7
:105BB0009B00124D41F820501A60CCE714320120AE
:105BC000D34D621000C00F4000001B4002000300D4
:105BD00002004300030043000100400100220001D5
:105BE00058910020006600016E7E002000C00E402B
:105BF0000100008040380038008000207901010059
:105C000010B5174C86B00020A4469CF800E00CF1BB
:105C10000C0C8E4505D001300928F6D1002006B0C5
:105C200010BD00EB40008C4611461A4604EB800480
:105C3000099B8DF808C0009394F801C0D4E90103D2
:105C4000084C8DF809C0041906481818089BCDE9BE
:105C5000034002A8FFF7D2FE012006B010BD00BF2E
:105C60008006002000801F40364B2DE9F0431C7851
:105C700083B0002C5DD0344B1C68002C59D0002818
:105C80005BD0002959D0314D2B7803F0FF04002B55
:105C9000FAD0B1F5805F0B462D4E804628BF4FF4F9
:105CA000805300213046DA1C019322F0030791460D
:105CB0003A46FBF765FE4146019A3046FBF75CFE2B
:105CC0003346F119BFF34F8F4FF0E022C2F8703F17
:105CD00020339942FAD8BFF34F8FBFF36F8F1D4A1D
:105CE000FF23C7F1000E1C4F106800214FEA990CEA
:105CF00020F001001060136153619361012313636D
:105D0000114B186803681E60042699829961C3F8D4
:105D10000CE0C3E90176114E1E610A26A3F816C0F5
:105D2000A3F81EC09E830523297000790C49C8760C
:105D30001360204603B0BDE8F0830024204603B082
:105D4000BDE8F08314320120589100206E7E0020BF
:105D50000000202000001B400400020280031B40C2
:105D600000800E4008461146FFF77EBF4368002BB7
:105D700000F01A812DE9F04F05469FB02B6806A868
:105D800029469B6898479DF8184007A8FAF758FFDE
:105D9000002CF3D105F12C0805F10C014046FBF76E
:105DA0009DFA05F10C00FBF7ABF82B6B002B00F014
:105DB000EC80EF6A002F50D007EBC30B5F454CD04F
:105DC0000837DFF80892CDF8148057F8080CBA4667
:105DD000F3F7E4FCC4B257F8080C0394F3F704FD9E
:105DE00095F84C30804623B195F84D30A34200F031
:105DF000A98068686D4A0668F369934240F09E8006
:105E00006B4B1B781BB1FDF793FF68680668B3689E
:105E1000684A934227D1684B039C03F16C011A78BE
:105E20000C33A24200F088808B42F8D1D34507F1B1
:105E30000807CAD1EB6ADDF8148073B1296B03EB54
:105E4000C1018B4209D008330831002053F8082CD7
:105E500008338B4282F89000F8D140461FB0BDE86D
:105E6000F04FFBF74DB8039998470028DED06868DB
:105E70000668D8F80830F668D8F80CE0D8E90012BF
:105E80000A4402EB030C4D4B9E4270D14A4B002654
:105E9000039C1846049101780C30A14206D00136CB
:105EA000092EC3D001780C30A142F8D106EB46068A
:105EB0004348039403EB86068DF818406346049923
:105EC0007468D6F808C02018CDF800E00790707804
:105ED0008DF819003A486044089006A8FFF78EFD37
:105EE000039B05F15004012685F84D30B8E80F00FA
:105EF0000FC4D8F80030236085F84C6057F8083C90
:105F0000596F002992D06C68186F23682D4A1B695D
:105F1000934244D1FFF7A8FE68682B4A03689B6947
:105F2000934235D199F80030002BFBD0D34507F1CF
:105F300008077FF44AAF7DE703949AE798476868BB
:105F4000066864E702682B6D9A427FF452AF42689C
:105F50006B6D9A427FF44DAF8268AB6D9A427FF4CD
:105F600048AFC268EB6D9A427FF443AFC6E7134671
:105F70000A460399CDE900CEB0470028B0D1D345F9
:105F800007F108077FF421AF54E71FB0BDE8F08F99
:105F90009847D34507F108077FF417AF4AE70A4649
:105FA000014620469847B7E7704700BFCD0B010078
:105FB0001432012035130100800600204D2A010013
:105FC00000801F40B12B0100A50101006E7E002062
:105FD00070B5142182B005460420FBF7C7FC0D4ABA
:105FE0000023012602600422037400F10C0304461E
:105FF00046600DEB0201866068460193FBF7BCFC2E
:10600000009B054A28461A602674C5E9003402B090
:1060100070BD00BF546300200862002070B51421D9
:1060200082B005460420FBF7A1FC0D4A002301269F
:1060300002600422037400F10C03044646600DEB79
:106040000201866068460193FBF796FC009B054AB7
:1060500028461A602674C5E9003402B070BD00BF3E
:10606000B4630020AC6200202E4B70B52E4E044667
:1060700040F8043BFFF7D2FF2C4DFBF789FC336857
:10608000DA070BD42A4B2B602A4B6B602A4BEB6050
:106090002A4B2B612A4B6B610123336000230822BA
:1060A000E0612562C4E90333C4E90532C4E9093378
:1060B000FBF76EFC3368DB070BD41D4B2B601D4BCD
:1060C0006B601D4BEB601D4B2B611D4B6B61012306
:1060D000336000230822C4E90B33C4E90D32C4E95C
:1060E0001133C4E90F05FBF753FC1649164A0B6838
:1060F00013F001030AD11360144B5360144BD360A7
:10610000144B1361144B536101230B6000230821CE
:10611000C4E91702C4E913332046C4E91531C4E9C0
:10612000193370BD4C620020408C0020D4790020CF
:10613000F5280000FD16000011170000E15E0000C8
:10614000E1420000548C0020607A002035020100FA
:10615000410201009D12010049020100294B70B566
:106160001C689AB01CB323681B6A20469847E0B9A4
:10617000254A1368ABB15B681D46B3B1FEF700FA60
:1061800098B123680190204629685B6A9847019A74
:10619000C0B1236820462968DB691AB0BDE87040A9
:1061A00018471A49C1E9003311601AB070BD184A86
:1061B0001468002CD7D117491748184B0C460860B3
:1061C0001160D2E705461648F9F794FF6022294688
:1061D000044602A817F004FD02A8FBF723FC0A23DB
:1061E000104902A819938DF86050FBF71DFF28464F
:1061F00002ABA4222146F9F73DFF02A8FAF720FDE1
:10620000FEE700BF549100205096002054960020D5
:106210005C9600206096002020650020E1000100CF
:10622000E42A0020502B002030B50546006C38B31E
:10623000A5F1040C8E460023624601E083421FD084
:1062400052F8041F1C4601337145F7D183420AD22C
:106250000CEB8302214652F804CF45F821C01946C1
:1062600001338342F7D1431E00222B6445F82320DB
:106270006A6CA24201D9013A6A64831E9A4200D82C
:1062800030BD00236B6430BD2DE9F843254B054636
:1062900088461E68002E3AD033689B6A30464FF01D
:1062A0000109984707462A6CE2B16B6C93421BD2F6
:1062B0005A1C55F823406A646CB194F860300BBBEB
:1062C00094F861309BB9A36DC3B1E06D984710B1EC
:1062D00094F8603093B1336830469B6A9847C01B8E
:1062E0004045E0D3BDE8F88301220023E1E72146E1
:1062F000284684F86090FFF797FFECE72046FEF70A
:1063000071F9E8E721462846FFF78EFFE3E7064BE1
:106310001E68002EC0D1054E054A1E603260054B36
:10632000BCE700BF549100205C96002060960020DE
:1063300020650020FD0001000F4A08B513682BB14D
:106340005B683BB1BDE80840FFF708BF0B48C0E9F8
:10635000003310600A4B186828B1036C5BB1BDE8CC
:106360000840FFF791BF48220146064817F038FC65
:10637000044A034B1A6008BD509600205496002032
:1063800004960020089600200368114A9B6A9342F5
:1063900011D1104A13681BB15B682BB1FFF7DEBE49
:1063A0000D48C0E9003310600C4B186820B1036C35
:1063B00063B1FFF769BF184748220146084810B586
:1063C00017F00EFC064A054B1A6010BD704700BF5F
:1063D000853101005096002054960020049600203C
:1063E000089600202DE9F043074683B08946042033
:1063F00030210026FBF7BAFA184B4FF001080422AF
:10640000036000F10C030DEB0201C0F804800546A7
:10641000C0F8088080F82C6068460193FBF7ACFA5E
:10642000009C8DF80460FBF7C1FA01AA206149467F
:106430002046E661C4E90066C4E90268C4E905666D
:10644000FAF7FEFE4FF48073384685F82C803B81C6
:10645000C7E9004503B0BDE8F08300BF6C630020CE
:106460000346487C20B91881C3E9000018467047EC
:1064700030B50C46097C87B059B95100B1F5802F71
:1064800015D900220121C3E900221981184607B05D
:1064900030BD206834498069884252D1002121747E
:1064A00084F82C10A1625100B1F5802FE9D803A81F
:1064B000CDE90013FFF796FFE069039A0390E261CC
:1064C000206A049A04902262DDE90013A0B1FBF770
:1064D00085FADDE9001378B1049802689268904764
:1064E00004988268013ADDE90013826022B90268EB
:1064F000D2689047DDE900139DF814C09DF815207F
:1065000084F824C084F82520AAB1E06998B1A1627A
:10651000012184F82C101860206A586038B100936B
:10652000FBF754FA94F824C094F82520009B83F8D4
:1065300008C05A72AAE700220221C3E90022198189
:10654000A4E7CDE900324FF0FF31034620469847DB
:10655000DDE90032002890D10322C3E9000018468B
:106560001A8107B030BD00BF310101000346487CED
:1065700020B91881C3E900001846704730B50C46B1
:10658000097C87B059B99100B1F5802F15D9002247
:106590000121C3E900221981184607B030BD2068E7
:1065A00034498069884252D10021217484F8301026
:1065B000E1629100B1F5802FE9D803A8CDE900137D
:1065C000FFF710FF206A039A03902262606A049A20
:1065D00004906262DDE90013A0B1FBF7FFF9DDE989
:1065E000001378B104980268926890470498826812
:1065F000013ADDE90013826022B90268D26890474F
:10660000DDE900139DF814C09DF8152084F828C01A
:1066100084F82920AAB1206A98B1E162012184F8A6
:1066200030101860606A586038B10093FBF7CEF9FB
:1066300094F828C094F82920009B83F808C05A7267
:10664000AAE700220221C3E900221981A4E7CDE9CB
:1066500000324FF0FF31034620469847DDE9003213
:10666000002890D10322C3E9000018461A8107B020
:1066700030BD00BF55010100437A1BB10368003BE8
:1066800018BF0123184670474B7A33B10B6823B10A
:10669000D3E90023C0E900237047C0E90033704705
:1066A000007A704710B5044611F0ACFE0D4B1B7814
:1066B000BBB10D4B1B78DB0713D50C4B0C4A1B6889
:1066C00012689B1A0E2B0CD934B1204618F032F800
:1066D0000146204611F01AFE0648BDE8104010F0B1
:1066E0000BB810BD403201203F3201202031012083
:1066F000E831012064790020F0B5742183B00746A9
:106700000420FBF733F9324A0023012602600422F9
:1067100080F8703000F10C030DEB02014660054675
:10672000866068460193FBF727F9009C294B2046B9
:1067300040F8043BFFF74CFCFBF72AF9264A1368A4
:10674000D90738D5254E0023C4E903336361C4E972
:1067500009330823C4E90706A361FBF719F91E4AA8
:106760001368DB070BD41E4B33601E4B73601E4B4C
:10677000F3601E4B33611E4B7361012313604FF4B2
:106780007F43E06301223846A4F84C30194B26645D
:1067900023660023C4E90B336363C4E91133C4E9FE
:1067A0001433C4E916330823A36385F87020C7E9BE
:1067B000004503B0F0BD0A4B1660084E3360094B2C
:1067C0007360094BF360094B3361094B7361BAE79E
:1067D0003C630020D8610020408C0020D479002048
:1067E000F5280000FD16000011170000E15E000012
:1067F000E142000030270020F0B57C2183B005463F
:106800000420FBF7B3F80E4A00230126026004229D
:1068100080F8783000F10C03044646600DEB02016D
:10682000866068460193FBF7A7F8009F3846FFF79C
:106830001BFC284684F87860C5E9007403B0F0BDFD
:10684000846300202DE9F043064683B08946042086
:1068500040219046FBF78AF8184B002501270422B7
:10686000036000F10C03044647600DEB02018760F2
:1068700080F83C5068460193FBF77EF8D9F8002079
:106880003046009BC3E901280D4ADD601A600D4ABD
:106890001D825A614FF6FF729D841A834FF0FF32BA
:1068A0009D6283F82C509A76C3E9075584F83C70B2
:1068B000C6E9003403B0BDE8F08300BF0C630020DC
:1068C00060610020002D31012DE9F043064683B0C0
:1068D0008946042044219046FBF748F8184B0025D0
:1068E00001270422036000F10C0304460DEB0201B2
:1068F000476080F84050876068460193FBF73CF89A
:10690000D9F800203046009B0E49DD601D821D85B0
:10691000DD6283F83050C3E901280B4A1A606FF03A
:10692000FE02C3E905124FF6FF72C3E908559A83C8
:1069300084F84070C6E9003403B0BDE8F08300BFBE
:1069400024630020002D31019C61002070B59CB0B3
:106950006022002104A817F043F904A8FBF762F8AD
:1069600000220A23A1488DF868201B93F9F7C2FB87
:1069700018B1014604A8FBF757FB9D4904A8FBF793
:1069800053FB5E2104A8FBF75FFB9A4904A8FBF7C1
:106990004BFB994904A8FBF747FB04A8FBF7D0FE83
:1069A000FAF7DAFF04A8FAF74BF96022002104A8ED
:1069B00017F016F904A8FBF735F800220A238B48D4
:1069C0008DF868201B93F9F795FB18B1014604A8D0
:1069D000FBF72AFB864904A8FBF726FB3F2104A806
:1069E000864CFBF731FB834904A8FBF71DFB844968
:1069F00004A8FBF719FB04A8FBF7A2FEFAF7ACFF0B
:106A000004A8FAF71DF9236813F0010300F09C8233
:106A10007C4C7D4D2B68DE0740F174827B4D2B68EA
:106A2000D80740F18282D4E90030CDE90430002853
:106A300000F05682FAF7CAFF049B43B1744B1B68FF
:106A4000D90740F1298204A97248FAF709FA059892
:106A500020B1FAF7C3FF002840F0F9816E4BD3E96B
:106A60000020CDE90420002800F00782FAF7AEFFED
:106A7000049B43B1664B1B68DA0740F1108204A9FE
:106A80006448FAF7EDF9059820B1FAF7A7FF002856
:106A900040F0BE81614BD3E90020CDE904200028FD
:106AA00000F0CC81FAF792FF049B43B1584B1B686E
:106AB000DB0740F1EE8104A95648FAF7D1F90598B1
:106AC00020B1FAF78BFF002840F09381602200216B
:106AD00004A817F085F804A8FAF7A4FF00220A23F7
:106AE00042488DF868201B93F9F704FB18B1014662
:106AF00004A8FBF799FA3E4904A8FBF795FA4B2145
:106B000004A8FBF7A1FA3B4904A8FBF78DFA444916
:106B100004A8FBF789FA04A8FBF712FEFAF71CFF9A
:106B200004A8FAF78DF86022002104A817F058F89D
:106B300004A8FAF777FF00220A232C488DF8682072
:106B40001B93F9F7D7FA18B1014604A8FBF76CFAC2
:106B5000274904A8FBF768FA2C2104A8314CFBF75D
:106B600073FA244904A8FBF75FFA2F4904A8FBF73E
:106B70005BFA04A8FBF7E4FDFAF7EEFE04A8FAF7C7
:106B80005FF8236813F0010300F03882274C284D8A
:106B90002B68DE0740F12382264D2B68D80740F191
:106BA0000F82D4E90030CDE90430002800F0A18143
:106BB000FAF70CFF049B43B11F4B1B68D90740F148
:106BC000658104A91D48FAF74BF9059820B1FAF739
:106BD00005FF002840F0EE80194BD3E90020CDE9F5
:106BE0000420002800F0FC802CE000BF7C2B00205B
:106BF000001E0020540E0020002C0020948C002049
:106C0000282C0020F4920020988C00209C8C0020DE
:106C10002C8C0020F08B0020FC920020049300209C
:106C2000642C0020888C00208C2C0020DC9200201A
:106C30008C8C0020908C0020288C0020D08B002091
:106C4000E4920020FAF7C2FE049B43B1984B1B6804
:106C5000DA0740F12A8104A99648FAF701F9059864
:106C600020B1FAF7BBFE002840F08580924BD3E9B3
:106C70000020CDE90420002800F09380FAF7A6FE5A
:106C8000049B43B18A4B1B68DB0740F10B8104A9CD
:106C90008848FAF7E5F8059818B1FAF79FFE00283A
:106CA0005BD16022002104A816F09AFF04A8FAF72D
:106CB000B9FE00220A2381488DF868201B93F9F75A
:106CC00019FA18B1014604A8FBF7AEF97C4904A8EB
:106CD000FBF7AAF9382104A8FBF7B6F9794904A80B
:106CE000FBF7A2F9784904A8FBF79EF904A8FBF783
:106CF00027FDFAF731FE04A8F9F7A2FF6022002170
:106D000004A816F06DFF04A8FAF78CFE00220A23EF
:106D10006A488DF868201B93F9F7ECF918B1014621
:106D200004A8FBF781F9664904A8FBF77DF904A8DC
:106D30006421FBF789F9634904A8FBF775F96349F6
:106D400004A8FBF771F904A8FBF7FAFCFAF704FEB4
:106D500004A8F9F775FF1CB070BD059803689B681F
:106D6000984705988368013B8360002B99D103689D
:106D7000DB68984795E7059803689B6898470598EE
:106D80008368013B8360002B7FF470AF0368DB688E
:106D90009847494BD3E90020CDE9042000287FF42F
:106DA0006DAF002A3FF47DAF414B1B68DB073FF519
:106DB0006EAF77E0059803689B68984705988368ED
:106DC000013B8360002B7FF407AF0368DB689847C3
:106DD0003F4BD3E90020CDE9042000287FF432AFF7
:106DE000002A3FF443AF324B1B68DA073FF533AF5D
:106DF0005BE0059803689B68984705988368013BAA
:106E00008360002B7FF462AE0368DB6898475DE621
:106E1000059803689B68984705988368013B8360E1
:106E2000002B7FF437AE0368DB689847294BD3E922
:106E30000020CDE9042000287FF434AE002A3FF47E
:106E400045AE254B1B68DB073FF535AE21E00598C5
:106E500003689B68984705988368013B8360002B13
:106E60007FF4FCAD0368DB6898471C4BD3E9002036
:106E7000CDE9042000287FF4F9AD002A3FF40AAEE2
:106E8000154B1B68DA073FF5FAAD08E0FCF7F6FF93
:106E900097E6FDF73FF80EE6FDF73CF8D3E5FDF782
:106EA00039F8ECE5FCF7EAFFF1E6FCF7E7FFD2E69C
:106EB000288C0020D08B0020EC9200207C2B00201E
:106EC000001E0020540E0020B82C0020E02C0020D2
:106ED000E4920020049300202C8C0020FC920020DF
:106EE000002B3FF4BBAD634B1B68D9073FF5ABAD3F
:106EF000D2E7002B3FF470AE5F4B1B68D9073FF51C
:106F000060AEC3E701235D4A04A95D480493FFF71F
:106F1000DBFC01235B4A5C492B605C4D584811F057
:106F200055FB2B68D8073FF57EAD022304A9584ACC
:106F300058480493FFF7C8FC0123524A5249554868
:106F40002B6011F043FB6EE5442104200193FAF716
:106F50000DFD514A0126019B0546026000F10C021D
:106F6000466004A980F84030866003A80492042299
:106F7000FAF702FD0399019BDFF844C14B60CB6037
:106F80000B820B85CB6281F830302660434C3D4A42
:106F90002046C1E90833424B0B60424B8B606FF0D7
:106FA000FE03C1E905C34FF6FF738B834FF0010366
:106FB000C4E9001585F84030334911F007FB28E596
:106FC000022304A9324A38480493FFF73BFC01230B
:106FD0002C4A364934482B6011F0F8FAE1E50123D8
:106FE00004A9264A32480493FFF72CFC0123254AC2
:106FF0002E492F482B6011F0E9FACDE540210420FD
:107000000193FAF7B3FC2B4A0126019B0546026067
:1070100000F10C02466004A980F83C30866003A8A9
:1070200004920422FAF7A8FC0399019B26604B60A6
:10703000CB600B828B848B6281F82C301E4C114A02
:107040002046C1E907331D4B0B60164B8B601C4B70
:107050004B614FF6FF730B834FF0FF338B764FF08E
:107060000103C4E9001585F83C30104911F0AEFA6F
:107070008DE500BF2C8C0020288C0020542C002093
:10708000FC9200208C7B0020390401009C8C0020A5
:107090005C2C00200493002024630020F492002044
:1070A0009C610020D01E0020EC920020750401009D
:1070B000E49200200C630020DC920020606100203C
:1070C000002D31012DE9F04FC7B0602200212EA81C
:1070D00016F086FD2EA8FAF7A5FC00220A23AE487A
:1070E0008DF810214593F9F705F818B101462EA83F
:1070F000FAF79AFFA9492EA8FAF796FF89212EA838
:10710000FAF7A2FFA6492EA8FAF78EFFA5492EA8E6
:10711000FAF78AFF2EA8FBF713FBFAF71DFC2EA83F
:10712000F9F78EFDF3F7BEFB6022002103902EA835
:1071300016F056FD2EA8FAF775FC00220A23964891
:107140008DF810214593F8F7D5FF18B101462EA808
:10715000FAF76AFF91492EA8FAF766FF6E212EA86A
:10716000FAF772FF8E492EA8FAF75EFF8E492EA815
:10717000FAF75AFF2EA8FBF7E3FAFAF7EDFB2EA871
:10718000F9F75EFD26A8FFF7B7FADDE92630CDE96D
:107190002E3008B1FAF71AFC03982EAA0821F2F74C
:1071A000D1FF2F9820B1FAF719FC002840F0D883BE
:1071B000602200212EA816F013FD2EA8FAF732FC4B
:1071C00000220A2374488DF810214593F8F792FFA6
:1071D00018B101462EA8FAF727FF70492EA8FAF732
:1071E00023FF73212EA8FAF72FFF6D492EA8FAF777
:1071F0001BFF6E492EA8FAF717FF2EA8FBF7A0FA7F
:10720000FAF7AAFB2EA8F9F71BFD279820B1FAF789
:10721000E5FB002840F07783602200212EA816F0BD
:10722000DFFC2EA8FAF7FEFB00220A235A488DF84D
:1072300010214593F8F75EFF18B101462EA8FAF722
:10724000F3FE56492EA8FAF7EFFE78212EA8FAF79A
:10725000FBFE53492EA8FAF7E7FE55492EA8FAF788
:10726000E3FE2EA8FBF76CFAFAF776FB2EA8F9F7E7
:10727000E7FC26A8FFF7C0FADDE92630CDE92E307D
:1072800008B1FAF7A3FB03982EAA0521F2F75AFFDB
:107290002F9820B1FAF7A2FB002840F070836022FB
:1072A00000212EA816F09CFC2EA8FAF7BBFB0022AA
:1072B0000A2339488DF810214593F8F71BFF18B1C0
:1072C00001462EA8FAF7B0FE34492EA8FAF7ACFE14
:1072D0007D212EA8FAF7B8FE31492EA8FAF7A4FEB0
:1072E00034492EA8FAF7A0FE2EA8FBF729FAFAF7E0
:1072F00033FB2EA8F9F7A4FC279820B1FAF76EFB10
:10730000002840F0F182602200212EA816F068FCCF
:107310002EA8FAF787FB00220A231F488DF81021B8
:107320004593F8F7E7FE18B101462EA8FAF77CFE60
:107330001A492EA8FAF778FE29212EA8DFF8949092
:10734000FAF782FE16492EA8FAF76EFE1A492EA801
:10735000FAF76AFE2EA8FBF7F3F9FAF7FDFA2EA862
:10736000F9F76EFCFAF714FB144B1B68DC0733D4F7
:10737000134B124AC9F80030124BC9F80430124BB3
:10738000C9F80C30114BC9F81030114BC9F8143042
:107390000123136020E000BF082D0020001E002004
:1073A000540E0020942D0020C82D0020F82D002020
:1073B0002C2E0020602E0020982E0020508C0020C3
:1073C000FD030100190201002D020100491801000E
:1073D000910E0100447A0020002408230026002793
:1073E000042509930894CDE90A09CDE90644CDE9BD
:1073F0000C67FAF7CDFA1094129013941195CDE919
:107400000E44CDE91467FAF7C3FA8D4B18941A7835
:107410001B94CDE91C67CDE91950CDE91644002A2B
:1074200000F0C782874B1B68D80740F1BF826022FB
:1074300000212EA816F0D4FB2EA8FAF7F3FA0023A9
:1074400081488DF810310A234593F8F753FE18B19F
:1074500001462EA8FAF7E8FD7C492EA8FAF7E4FDCC
:1074600033212EA87A4DFAF7EFFD7A492EA8FAF7C4
:10747000DBFD79492EA8FAF7D7FD2EA86968FAF73F
:10748000F9FD76492EA8FAF7CFFD2EA8FBF758F99B
:10749000FAF762FA2EA8F9F7D3FB2C68002C45D036
:1074A0006B6804EBC308444540D008340EAE16AFF9
:1074B0004FF0070BDFF8B8A109E080682E902EA9E5
:1074C0003846F9F7F5FCA84504F1080430D054F823
:1074D000083C2546002BF6D054F8040C2E932F9030
:1074E00008B1FAF773FA06A82EA9F9F7E1FC2F986C
:1074F00070B1FAF773FA58B12F9803689B689847F0
:107500002F988368013B836013B90368DB68984751
:1075100030462EA9CDF8B8B0F9F7CAFC54F8080CDB
:1075200003689B6A5345C8D09847C7E70EAE16AFAD
:107530004B4B1A78002A00F034824A4B1B68D9075B
:1075400040F12C82602200212EA816F049FB2EA8C3
:10755000FAF768FA00233C488DF810310A23459366
:10756000F8F7C8FD18B101462EA8FAF75DFD3749B6
:107570002EA8FAF759FD41212EA83B4DFAF764FDDC
:1075800034492EA8FAF750FD33492EA8FAF74CFDDE
:107590002EA86968FAF76EFD34492EA8FAF744FD63
:1075A0002EA8FBF7CDF8FAF7D7F92EA8F9F748FB84
:1075B0002C68002C60D06B6804EBC30844455BD09A
:1075C00008344FF0060BDFF8ACA009E080682E907D
:1075D0002EA93846F9F76CFCA84504F108044BD0F5
:1075E00054F8083C2546002BF6D054F8040C2E9392
:1075F0002F9008B1FAF7EAF906A82EA9F9F758FC76
:107600002F9870B1FAF7EAF958B12F9803689B6880
:1076100098472F988368013B836013B90368DB6840
:10762000984730462EA9CDF8B8B0F9F741FC54F888
:10763000080C03689B6A5345C8D09847C7E700BF4A
:10764000263201202C8C0020082D0020001E002056
:10765000F08B0020540E0020D02E0020E42E0020BD
:1076600025320120288C0020D08B0020F82E00200D
:107670007501010051010100079C002C00F0CF8032
:10768000A8490A9B0A68D20710D4A74AC9F8002063
:10769000A64AC9F80420A64AC9F80C20A54AC9F888
:1076A0001020A54AC9F8142001220A6000244FF0D6
:1076B000000806A92EA804253094CDE93239082304
:1076C0004FF000093193CDE93489CDE92E44F9F723
:1076D000C7FE129B314626A829952A9328942B94FD
:1076E000CDE92C89CDE92644F9F7BAFE1A9B394633
:1076F0001EA8219504AD229320942394CDE92489DA
:10770000CDE91E44F9F7ACFE8C4B26AA2EA92846DB
:1077100000931EABF3F772F91EA8F9F785FF26A8B0
:10772000F9F782FF2EA8F9F77FFFD5F80080B8F1AE
:10773000000F00F05281DDE90E3101291C6809D9E2
:1077400003EB8101043953F8042F9442B8BF144667
:107750009942F8D16868CDF8B8802F9008B1FAF74F
:1077600035F903982EAA2146F2F7ECFC2F9820B1A8
:10777000FAF734F9002840F02181602200212EA878
:1077800016F02EFA2EA8FAF74DF900236C488DF862
:1077900010310A234593F8F7ADFC18B101462EA825
:1077A000FAF742FC67492EA8FAF73EFC61212EA8A1
:1077B000FAF74AFC64492EA8FAF736FC63492EA86A
:1077C000FAF732FC07992EA8FAF754FC60492EA864
:1077D000FAF72AFC21462EA8FAF736FC5D492EA8B6
:1077E000FAF722FC2EA8FAF7ABFFFAF7B5F82EA8A5
:1077F000F9F726FA686800283DD0FAF7EFF8002874
:1078000039D0686803689B68984768688368013B5B
:107810008360002B2FD10368DB6898472BE0602240
:1078200021462EA816F0DCF92EA8FAF7FBF80A2359
:1078300043488DF810414593F8F75CFC18B10146B8
:107840002EA8FAF7F1FB3F492EA8FAF7EDFB6821C5
:107850002EA8FAF7F9FB3C492EA8FAF7E5FB3E49BA
:107860002EA8FAF7E1FB2EA8FAF76AFFFAF774F8E8
:107870002EA8F9F7E5F93846F9F7D6FE3046F9F7BC
:10788000D3FE06A8F9F7D0FE602200212EA816F03C
:10789000A7F92EA8FAF7C6F800220A2328488DF87F
:1078A00010214593F8F726FC18B101462EA8FAF7E7
:1078B000BBFB24492EA8FAF7B7FB2EA89621FAF7AE
:1078C000C3FB21492EA8FAF7AFFB24492EA8FAF7EB
:1078D000ABFB2EA8FAF734FFFAF73EF82EA8F9F71B
:1078E000AFF947B0BDE8F08F279803689B689847C9
:1078F00027988368013B8360002B7FF404AD036805
:10790000DB689847FFE4279803689B6898472798A7
:107910008368013B8360002B7FF47EAC0368DB68E7
:10792000984779E4508C0020FD0301001902010002
:107930002D02010049180100910E01000C2F0020BA
:10794000082D0020001E0020540E0020182F0020BB
:10795000482F0020942E0020942F0020C82F0020B4
:107960002F9803689B6898472F988368013B836032
:10797000002B7FF41DAC0368DB68984718E42F9850
:1079800003689B6898472F988368013B8360002BAE
:107990007FF485AC0368DB68984780E4FCF76EFAF7
:1079A000D0E501221A70FEF7D1FFC6E5FCF7B2FA66
:1079B0003DE501221A70FEF7C9FF33E52F980368F1
:1079C0009B6898472F988368013B8360002B7FF466
:1079D000D4AE0368DB689847CFE60F48F8F78AFB18
:1079E0006022414604462EA816F0FAF82EA8FAF7AF
:1079F00019F80A2309492EA845938DF81081FAF742
:107A000013FB40462EAB21466522F8F733FB2EA828
:107A1000F9F716F9EEE600BF082D0020602F0020D0
:107A2000054A136813B1054A1360704704490548B5
:107A30000B4611600860F6E7709600205491002014
:107A400074960020946500200120704710B4002334
:107A5000D1E90042C1E900330460426010BC7047C4
:107A60000023C0E90033704703685B68184700BF14
:107A7000D1E90023C0E9002313B11846F9F7A6BFE6
:107A8000704700BF90F8683003B9704700B585B003
:107A900000F1100C042203A9019002A8CDF80CC03B
:107AA000F9F76AFF02980268526890470022019B2A
:107AB00083F8682005B000BDBAB100EBC20C0B1D05
:107AC000002230B408304C6853F8045C083160453B
:107AD00043F8042C40F8085C03F1080341F8042C37
:107AE00040F8044CEED130BC70477047294A10B5BD
:107AF00004461068D8B1D0E90032191E03EBC20C5D
:107B000018BF01210029216808BF4FF0000C03E0D5
:107B10001A680833914209D06345F9D12146F9F733
:107B20009FF92068BDE81040F5F786BE10BDF9F753
:107B30002FFF194B174A196811F0010F174917D178
:107B4000DFF860C0C1F800C0DFF85CC0C1F804C055
:107B5000DFF858C0C1F80CC0DFF854C0C1F810C03D
:107B6000DFF850C0C1F814C04FF0010CC3F800C0DA
:107B70000B4BC3E904011360082100221846C3E936
:107B80000221C3E90022C3E90622944613461146A6
:107B9000B8E700BFE09500204C8C0020287A002038
:107BA000E4950020BD48010099480100AD4801005E
:107BB000194B01000549010000293ED0F0B50E46E1
:107BC00085B0044600251D4F6068B0B1F9F706FF87
:107BD00098B163681A689268BA4227D193F868200E
:107BE0008AB99A68013A9A603AB91A681448D16811
:107BF00081421FD152681846904701350834AE4281
:107C0000E2D105B0F0BD03F1100203A902A801936F
:107C100003920422F9F7B0FE029802685268904776
:107C2000019B002283F868206368DAE718469047D2
:107C30006368D6E718468847DFE77047D1480100F8
:107C4000B5480100436803B310B5044684B0184634
:107C5000F9F7C4FEB8B163681A491A6892688A4293
:107C600027D193F868208AB99A68013A9A6052B984
:107C70001A681548D16881421FD15268184604B06D
:107C8000BDE81040104704B010BD704703F110006C
:107C9000042203A90193039002A8F9F76DFE02984C
:107CA000026852689047019B002283F8682063684D
:107CB000DAE7184690476368D6E7184604B0BDE88F
:107CC00010400847D1480100B548010010B588426E
:107CD0004FF0000484B0D0E900C2C0E900444B6812
:107CE00006D00C68C0E90043C1E900C204B010BD71
:107CF000C0E900C2002BF9D018460193F9F76EFED7
:107D00000028F3D0019B19491A6892688A4222D14F
:107D100093F868207AB99A68013A9A60002AE5D106
:107D20001A681348D16881421AD15268184604B0C3
:107D3000BDE81040104703F11000042203A903908E
:107D400002A8F9F719FE0298026852689047019B51
:107D500083F86840DFE7184601939047019BDAE714
:107D6000184604B0BDE81040084700BFD1480100E4
:107D7000B548010003680BB1FFF7B8BE704700BFFC
:107D8000034B1B681BB19975DB68002BFBD1704757
:107D900044910020124B1A6802F1010C8A42C3F888
:107DA00000C000DA704710B50446F9F7D1FD0C4B5E
:107DB0004FF47A7C0B4A19680CFB01F14FF0000C70
:107DC000C3F800C01368C01A012838BF0120B1FBF6
:107DD000F0F16180F9F7BCFD024A106010BD00BFF0
:107DE000789600207C9600202DE9F04F85B005465E
:107DF000544E0091FAF72EFEFAF7ECFE6B6823B9A9
:107E00000CE0FBF73FF96B6843B1F9F7A3FD346869
:107E10006A680421031BFA209342F2D3F9F79AFD12
:107E2000EB6830601BB1A968009898470090464BFA
:107E30001C68002C33D0DFF818810026DFF814B15D
:107E4000DFF814A14746B14616E05245A16823D198
:107E5000A37D042202A903A80293F9F78DFD0398DC
:107E60006B88013647F8040B632B98BF84F8169093
:107E7000E4681CB3402E21D094F834000028EFD0E1
:107E800023685A6ADB695B45DFD001922046984738
:107E9000019A01465245DBD020469047E0E7192180
:107EA0002846FFF777FFFAF7D5FDFAF713FFFAF741
:107EB000D1FD05B0BDE8F04FFAF7CCBE224B1E68ED
:107EC000002EECD04FF00009009F06E009F10109F7
:107ED000F668B9F1400F11D086B196F83430002B16
:107EE000F4D0306809F101093B4644683046D6E9D0
:107EF0000112A047B9F1400FF668EDD1124B1C6892
:107F0000002CCCD00026114F0BE0CDF808C0F9F7BB
:107F100033FD039BA375E4680136002CBFD0402ECF
:107F2000BDD094F83430042202A903A8002BF2D06B
:107F3000236858F826C09B6ABB42E6D061462046BB
:107F40009847E8E7DC8D002044910020E918000004
:107F5000C08C002079110000CD18000070B51A4BBC
:107F60000025044624220E462946C0E90035C0E912
:107F70000255103015F034FE144B84F824501A6862
:107F8000110C22821A88A174A4F813200222997875
:107F9000012384F830206175A37584F834300EB164
:107FA000204670BD0A4A13685BB19C42F8D0DB687A
:107FB000002BFAD1074B1A6802B1D46020461C602E
:107FC00070BD1460F6E700BFF8600020EC080020E8
:107FD0004491002048910020074A136813B904E037
:107FE000DB681BB19842FBD170471060034B1A68E5
:107FF00002B1D06018607047449100204891002081
:10800000054B1B6813B905E0DB681BB19842FBD137
:108010000120704718467047449100200029B4BFE2
:1080200002898AB2406820B102EB42020021F9F7CE
:10803000A7BC704798B1DFF840C0DCF8003073B1DE
:10804000002103E0DA681946134642B19842F9D19B
:10805000C36829B1CB603BB10023C3607047704750
:10806000CCF80030002BF7D1024B19600023C3601D
:10807000704700BF4891002044910020104B10B57C
:1080800003600446FFF7D6FF90F8303023B994F828
:1080900024305BB9204610BD0A4A013B2C3052F80F
:1080A0002330984794F82430002BF3D0064A013B44
:1080B00004F1180052F823309847204610BD00BF45
:1080C000F8600020486800200468002030B50023D4
:1080D00083B0ADF800308DF80230B8B1044601F13C
:1080E000FF3C013AEE468D1C12F8011F1CF8010FEF
:1080F0004B1C38B100FB033321B104FB03F31B0C11
:108100008EF80030AC450EF1010EEDD1009B002041
:10811000D9B2C3F30722C3F3074361F3070062F345
:108120000F2063F3174003B030BD00BF0B46103182
:1081300030B5154687B003F1130204462846CDE951
:108140000012FFF7C3FF8DF81400C0F30723C0F33C
:1081500007408DF815308DF81600FF20059BADF80F
:1081600010301B0C8DF81230A370BDF81030DDE913
:1081700000122380FFF7AAFFC0F30721C0F30742D4
:108180008DF8100020468DF812208DF81110049BF8
:10819000A5711A0CADF80C30BDF80C306271A4F862
:1081A000033007B030BD00BF044B0022FF204FF06A
:1081B000FF315A60DA60186099607047A08A002029
:1081C0000369988B80F08000C0F3C010704700BF37
:1081D00038B59DF810C00D46C2610446624680F86D
:1081E00022304FF601632330372A28BF3722B1FBF4
:1081F000F2F180F8592020F8031CA3610599C4E925
:1082000004339DF8183084F8603000236360FF2346
:1082100023726FF07F43E360124BC4F86230A3F522
:10822000FA73C4F86630F9F7A7FB94F8223003F02C
:108230003F03052B0BD805EB45000EF03FFE238CCA
:108240002060204603EB4303C4F8803038BDA8000B
:108250000EF034FE238C206020469B00C4F8803052
:1082600038BD00BFE2042C01000000002DE9F04FF2
:10827000B44EA3B08046346814F0010400F05E836D
:10828000002398F87C20CDE90633CDE90833002A95
:1082900000F02C8408F12206DFF8CCA20193C2E0A2
:1082A000002F7ED0A8480024F7F724FF60228346E1
:1082B00000210AA84FF00A0915F092FC0AA8F9F764
:1082C000B1FBA2490AA88DF88040CDF88490F9F757
:1082D000ABFE0AAB5946A0222046F7F7CBFE0AA810
:1082E000F8F7AEFC9848F7F705FF60228346214671
:1082F0000AA815F075FC0AA8F9F794FB94490AA896
:108300008DF88040CDF88490F9F78EFE29460AA8B2
:10831000F9F79AFE8F490AA8F9F786FE0AAB594683
:10832000A1222046F7F7A6FE0AA8F8F789FC86489E
:10833000F7F7E0FE6022214683460AA815F050FCBC
:108340000AA8F9F76FFB39460AA88DF88040CDF8E6
:108350008490F9F769FE0AAB5946A2222046F7F746
:1083600089FE0AA8F8F76CFC7748F7F7C3FE60228D
:10837000214607460AA815F033FC0AA8F9F752FB74
:1083800072490AA8CDF884908DF88040F9F74CFE28
:1083900020460AAB3946A322F7F76CFE0AA8F8F785
:1083A0004FFC2B010AEB05125AF80340C4F3873443
:1083B000032C00F2DB80D068019990FAA0F086F8D7
:1083C00098400131B0FA80F0C9B286F8610001919D
:1083D00091685AF8032022AB03EB84050123043291
:1083E000834055F8700C184345F8700C086820F06D
:1083F000F9000860086840F018000860564850F816
:10840000241021EA030140F82410544811580B436A
:108410001350009BA3F1210298F87C30A2EB0802D4
:108420009A4280F03781009603A816F8015F29462A
:10843000FCF768FE9DF80C40059F002C7FF430AFE0
:1084400041484FF00A09F7F755FE6022834621465E
:108450000AA815F0C5FB0AA8F9F7E4FA3B490AA8EF
:108460008DF88040CDF88490F9F7DEFD0AAB5946CF
:1084700097222046F7F7FEFD0AA8F8F7E1FB3248FD
:10848000F7F738FE6022214683460AA815F0A8FBBC
:108490000AA8F9F7C7FA32490AA88DF88040CDF842
:1084A0008490F9F7C1FD29460AA8F9F7CDFD2D49B9
:1084B0000AA8F9F7B9FD0AAB594698222046F7F702
:1084C000D9FD0AA8F8F7BCFB1F48F7F713FE602296
:1084D000214605460AA815F083FB0AA8F9F7A2FA77
:1084E0008DF88040CDF884901FB139460AA8F9F77D
:1084F0009BFD0AAB294699220020F7F7BBFD0AA88D
:10850000F8F79EFB1048F7F7F5FD602205460021BD
:108510000AA8002415F064FB0AA8F9F783FA0A23D5
:108520000A490AA821938DF88040F9F77DFD20467D
:108530000AAB29469A22F7F79DFD0AA8F8F780FBB7
:1085400067E700BF348C0020F02F0020603000204F
:10855000803100209831002068C00A4000801BFE56
:10856000483100205C310020AC6C002043480027DB
:10857000F7F7C0FD6022834600210AA84FF00A09E0
:1085800015F02EFB0AA8F9F74DFA3D490AA88DF817
:108590008070CDF88490F9F747FD0AAB5946AA22BE
:1085A0003846F7F767FD0AA8F8F74AFB3348F7F7AC
:1085B000A1FD6022394683460AA815F011FB0AA8DE
:1085C000F9F730FA2F490AA88DF88070CDF8849019
:1085D000F9F72AFD29460AA8F9F736FD2A490AA81B
:1085E000F9F722FD21460AA8F9F72EFD27490AA826
:1085F000F9F71AFD0AAB5946AB223846F7F73AFDB0
:108600000AA8F8F71DFB1D48F7F774FD60223946EC
:1086100004460AA815F0E4FA0AA8F9F703FA1C4977
:108620000AA88DF88070CDF88490F9F7FDFC0AABAC
:108630002146AC223846F7F71DFD0AA8F8F700FBE3
:108640000E48F7F757FD6022394604460AA815F090
:10865000C7FA0AA8F9F7E6F909490AA8CDF88490FB
:108660008DF88070F9F7E0FC38460AAB2146AD2260
:10867000F7F700FD0AA8F8F7E3FACAE6F02F0020A2
:108680006030002048310020AC310020942E0020C2
:10869000D0310020019A002A00F02882934200F293
:1086A000A18108F16C00102206A920F01F04F9F73F
:1086B00063F908F17C02BFF34F8F4FF0E023C3F85A
:1086C000704F2034A242FAD8BFF34F8FBFF36F8FA1
:1086D000AE4B0024B8F86220252593ED006A4FF0D8
:1086E000410E93ED007A01EE102AB8EE466A93ED42
:1086F000004AB8EE477AB8F86420B8EE444AB8F8B1
:108700006630B7EEC66A02EE102AB7EEC77A03EEFD
:10871000103AB7EEC44A9E4BB8EE411B0527B8EE9F
:10872000422B43F2230CB8EE433B43F20B06994A2B
:1087300021462420DFF89CB2DFF89CA29FED910B2C
:1087400086EE005B87EE006B84EE007B25EE015B1E
:1087500026EE026BBCEEC55B27EE037B15EE109A8E
:10876000BCEEC66BA8F85A90BCEEC77B16EE109A0A
:10877000A8F85C9017EE109AA8F85E90B3F81E90D7
:1087800029F00709A3F81E90DD81A3F814E05C81AD
:10879000DC80B8F85AE0DFF84492A3F800E0B8F8BB
:1087A0005AE0A3F810E0A3F80CC0DF855C85DC84F8
:1087B000B8F85CC0A3F820C0B8F85CC0A3F830C01B
:1087C0009E85A3F84E70A3F84A40A3F84640B8F837
:1087D0005E70A3F84070B8F85E70A3F850704FF464
:1087E0008047A3F84C60136F6B4E43F4400313674C
:1087F0000EF054FC28460121684D0EF04FFC02217A
:1088000026200EF04BFC664B1D2241F61D512846DA
:10881000A3F884102146A3F886200DF05BFD2B6899
:10882000604A4FF0080C1A605F4A2B68C3E901B92F
:10883000DC60D8F880009A61D8F88010C0001E6112
:10884000C900D882594E286AD9839F82A3F81CC0D8
:108850002979574B46F8214046F82130554B564967
:10886000036005EB0C002B6AC3F810A0DC60C3E9C1
:108870000119A0212B6AD9829F82D98321469C832A
:108880009B610DF027FDAB68296A988B0A6820F080
:108890008000D1E901EC9883C8681A60C3F804E04D
:1088A000C3F808C0D860D1E904ECD1E90601C3F8E7
:1088B00010E0C3F814C09861D961BFF35F8F3F49DE
:1088C0004FF0010C2B7BDFF818E146F8234046F807
:1088D00023103B4B287B00F01F0103EB501310309B
:1088E0000CFA01FC9B00374941F820E0214605F1D4
:1088F0001000C3F800C00DF0EDFC2B69294A1A6086
:108900002B69294AC3F810A0C3F804B0C3E9029444
:108910002B69D8F880109A61D8F88020C9009F820E
:10892000D200D982287DDA8388229A83264B46F8A2
:10893000204046F8203023B0BDE8F08F174D214687
:1089400028460DF0C7FC214605F108000DF0C2FCD9
:10895000214605F110000DF0BDFC05F1400328464D
:108960001A4A2B6201231A492C666C66AC6685F89C
:108970006C40C5F8DC4033600FF028FE80E400BF97
:10898000AFF300800000000065CDCD416C78002081
:1089900000801E4000C00F4084801B40E087002004
:1089A00000C03B40001020200000FFFF00C00E4030
:1089B0001E00008020102020080002031F000080FD
:1089C00040380038008000205E0000808C7B002052
:1089D000710000000800022388801B401000007C0A
:1089E0004D5B01008E480024F7F784FB60220646A9
:1089F00000210AA80A2515F0F3F80AA8F9F712F8D9
:108A000088490AA88DF880402195F9F70DFB0AAB3B
:108A10003146CA222046F7F72DFB0AA8F8F710F9CD
:108A20007F48F7F767FB6022214606460AA815F043
:108A3000D7F80AA8F8F7F6FF7B490AA88DF8804016
:108A40002195F9F7F1FA01990AA8F9F7FDFA7749A2
:108A50000AA8F9F7E9FA98F87C100AA8F9F7F4FAE5
:108A600073490AA8F9F7E0FA0AAB3146CB2220464F
:108A7000F7F700FB0AA8F8F7E3F86948F7F73AFBBD
:108A80006022214606460AA815F0AAF80AA8F8F7B7
:108A9000C9FF68490AA88DF880402195F9F7C4FA02
:108AA0000AAB3146CC222046F7F7E4FA0AA8F8F7D9
:108AB000C7F85B48F7F71EFB6022214606460AA866
:108AC00015F08EF80AA8F8F7ADFF56490AA82195C7
:108AD0008DF88040F9F7A8FA20460AAB3146CD223E
:108AE000F7F7C8FA0AA8F8F7ABF8DAE54C4800241B
:108AF000F7F700FB6022064600210AA80A2515F0B8
:108B00006FF80AA8F8F78EFF46490AA88DF880404A
:108B10002195F9F789FA0AAB3146C1222046F7F7C9
:108B2000A9FA0AA8F8F78CF83D48F7F7E3FA6022AB
:108B3000214606460AA815F053F80AA8F8F772FF6E
:108B40003D490AA88DF880402195F9F76DFA0AABE6
:108B50003146C2222046F7F78DFA0AA8F8F770F8D6
:108B60002F48F7F7C7FA6022214606460AA815F0F3
:108B700037F80AA8F8F756FF30490AA88DF8804060
:108B80002195F9F751FA98F87C100AA8F9F75CFAE0
:108B90002B490AA8F9F748FA0AAB3146C322204606
:108BA000F7F768FA0AA8F8F74BF81D48F7F7A2FAA2
:108BB0006022214606460AA815F012F80AA8F8F71E
:108BC00031FF20490AA88DF880402195F9F72CFA49
:108BD0000AAB3146C4222046F7F74CFA0AA8F8F748
:108BE0002FF80F48F7F786FA6022214606460AA8B2
:108BF00014F0F6FF0AA8F8F715FF0A490AA88DF83D
:108C000080402195F9F710FA0AABC522314620467B
:108C1000F7F730FA0AA8F8F713F823B0BDE8F08F99
:108C2000F02F002060300020103200202832002079
:108C30003032002040320020B4300020E8300020E4
:108C4000F03000200C3100200A44A0F864101344D6
:108C5000A0F86620A0F86230BDF80030A0F86830B7
:108C6000FFF704BB10B5803014468E461EF801CBCA
:108C70001CF0800F04D150F8802C1A4340F8802C4F
:108C80001CF0400F04D150F8702C1A4340F8702C9F
:108C90001CF0200F04D150F8602C1A4340F8602CCF
:108CA0001CF0100F04D150F8502C1A4340F8502CEF
:108CB0001CF0080F04D150F8402C1A4340F8402C07
:108CC0001CF0040F04D150F8302C1A4340F8302C1B
:108CD0001CF0020F04D150F8202C1A4340F8202C2D
:108CE0001CF0010F04D150F8102C1A4340F8102C3E
:108CF000A4EB0E0C80308C44BCF1000FB6DC10BD30
:108D00002DE9F04F474E83B0474D346814F001040D
:108D100068D0464A297B464BD1771A78002A55D02D
:108D20000022444F1A704FF4206200213846F8F7B1
:108D300027FED5F860B0A96E2B6EA1EB030A95F85B
:108D40006C30BAF1140F28BF4FF0140A0AEB0B0273
:108D50002A66E3B1D5F864900024374E4FF001083D
:108D6000019200E0A96E96F8380001FB04B116F8F4
:108D7000013F5246494407EB800008FA03F30134EF
:108D8000FFF770FF95F86C30A342EBDC019A3B468D
:108D900007EBCA10BFF34F8F4FF0E021C1F8703FCF
:108DA00020339842FAD8BFF34F8FBFF36F8F2B6AEF
:108DB0004FEACA0A1F60AB6E296A9B1AA1F816A077
:108DC00008D108238B8303B0BDE8F08F01221B4F2D
:108DD0001A70A8E7142B94BF102312238B8303B0BF
:108DE000BDE8F08F214628460DF074FA214605F1C2
:108DF00008000DF06FFA214605F110000DF06AFA37
:108E000005F1400201230E492A6228460D4A2C66CC
:108E100085F86C40C5F8DC403360C5E919440FF0B3
:108E2000D5FB76E7348C0020E087002000800E40E0
:108E300013320120201020204C880020201A2020EE
:108E4000710000008C7B002090F8223090F87C208C
:108E500003F03F032DE9F04FD0F8804083B0023B90
:108E600004FB02F249B9042B00F20583DFE813F09A
:108E70009000C200F30024015801042B00F22D835E
:108E8000DFE813F0A401F601430298020500002A6E
:108E900000F0AD806FF002034FF0000E8F009F4C8A
:108EA00000934B1EF446724601932DE0009E5B1A20
:108EB000B44406680EF1040EB3541FFA8EFEC36963
:108EC00013F80860436903FB06F6A4FB0636036843
:108ED000C1EBD63613445E70C3695D5D836903FBE5
:108EE00005F5A4FB05350368C1EBD53513449D702A
:108EF00003681344D970D0F8802090F87C3002FBCE
:108F000003F372469E4572D2D0F81CA00CF1010802
:108F1000D0F810900CF102051AF80C301AF808601D
:108F200009FB03F309FB06F6A4FB0313A4FB06618C
:108F30001AF80560DB0BC90B09FB06F69942A4FB86
:108F400006B628BF1946F60BC9B2B14228BF314652
:108F5000B2FBF7F607FB1626002EA7D1009B4FEABF
:108F60009E05B342019B03EB050CC0F270820CEB33
:108F70004C0C6FF002061AF80C300CF10108009648
:108F800009FB03F3A4FB03530CF10205DB0B8EE793
:108F90006AB30022614D036806695C18C3699B5C73
:108FA00006FB03F3A5FB0363DB0B6370C369466930
:108FB000134404685B7806FB03F3A5FB0363DB0B38
:108FC0006354036884691944C369134403329B786A
:108FD00004FB03F3A5FB0343DB0B8B7091B290F80A
:108FE0007C30D0F8804004FB03F38B42D3D803B02D
:108FF000BDE8F08F002AFAD00022484D03680669C8
:109000005C18C3699B5C06FB03F3A5FB0363DB0BE6
:10901000A370C3694669134404685B7806FB03F3D5
:10902000A5FB0363DB0B6354036884691944C369BC
:10903000134403329B7804FB03F3A5FB0343DB0BD0
:109040004B7091B290F87C30D0F8804004FB03F371
:109050008B42D3D8CBE7002AC9D000222F4D03681A
:1090600006695C18C3699B5C06FB03F3A5FB0363FD
:10907000DB0B6370036846695C18C36913445B7853
:1090800006FB03F3A5FB0363DB0BA370C3698669CF
:109090001344046803329B7806FB03F3A5FB0363C8
:1090A000DB0B635491B290F87C30D0F8804004FB25
:1090B00003F38B42D3D89AE7002A98D00022174DA9
:1090C000036806695C18C3699B5C06FB03F3A5FB98
:1090D0000363DB0BA370036846695C18C369134420
:1090E0005B7806FB03F3A5FB0363DB0B6370C369CB
:1090F00086691344046803329B7806FB03F3A5FBDF
:109100000363DB0B635491B290F87C30D0F880405D
:1091100004FB03F38B42D3D869E700BF03820181CC
:10912000002A3FF464AF0025A14E2C46D0F81CE085
:1091300005F1010C076904341EF80520A4B207FBF1
:1091400002F2A6FB02321EF80C3007FB03F3D20B2F
:10915000A6FB038305F1020803351EF808E0DB0BCC
:1091600007FB0EF79342A6FB07E728BF1346FF0B4A
:10917000DBB2BB4228BF3B460768D21A7A54C269A9
:1091800012F80C70426902FB07F7A6FB072702687A
:10919000C3EBD7370A445770C269876912F80820B1
:1091A00007FB02F2A6FB02720768C3EBD2320F4440
:1091B000BA7002680A442146D37090F87C30D0F827
:1091C000802002FB03F39C42B0D310E7002A3FF457
:1091D0000EAF4B1E002201EB410C6FF0020E03EBB1
:1091E000430711461346724E7546B3FBFCF40CFB65
:1091F000143444B9A6454FF0030E1946A4BF6FF0CE
:10920000020EF9187546C469033214F8018092B24F
:10921000046904FB08F8A6FB084804684FEAD8383C
:109220001C4484F80180C4690C4494F801804469AA
:1092300004FB08F8A6FB084804684FEAD83804F88D
:109240000380C4690C442944A578846904FB05F5AE
:10925000A6FB05450468ED0B1C44A570D0F88030D2
:1092600090F87C4003FB04F413469442BCD8BEE65D
:10927000002A3FF4BCAE4B1E4FF0000C01EB410145
:109280006FF0020E03EB430762466346484EB3FBA2
:10929000F1F401FB14343CB9A6451A464FF0030E15
:1092A00002DBFA186FF0020EC4690CF1030CA55C26
:1092B0001FFA8CFC046904FB05F5A6FB0545046850
:1092C000ED0B1C44A570C46914446578446904FB23
:1092D00005F5A6FB05450468ED0BE554C469144487
:1092E0000332A578846904FB05F5A6FB05450468EF
:1092F000ED0B1C446570D0F8803090F87C4003FB87
:1093000004F463466445C2D871E6002A3FF46FAEA8
:109310004B1E002201EB410C6FF0020E03EB4307E2
:1093200011461346224E7546B3FBFCF40CFB143475
:1093300044B9A6454FF0030E1946A4BF6FF0020EC4
:10934000F9187546C469033214F8018092B20469B1
:1093500004FB08F8A6FB084804684FEAD8381C4408
:1093600084F80180C4690C4494F80180446904FBCA
:1093700008F8A6FB084804684FEAD8381C4484F86B
:109380000280C4690C442944A578846904FB05F56E
:10939000A6FB05450468ED0BE554D0F8803090F845
:1093A0007C4003FB04F413469442BCD81FE600BF84
:1093B00003820181002A3FF41AAE4B1E002201EB0A
:1093C00041016FF0020E03EB4307944613466C4EC7
:1093D000B3FBF1F401FB143444B9A6459C464FF0AD
:1093E000030E03DB07EB030C6FF0020EC4690332BC
:1093F00014F80C5092B2046904FB05F5A6FB054570
:109400000468ED0B1C44A570C46964446578446924
:1094100004FB05F5A6FB05450468ED0B1C446570CF
:10942000C46964440CF1030CA578846904FB05F558
:10943000A6FB05450468ED0BE554D0F8803090F8A4
:109440007C4003FB04F41346A242C1D3CFE505EBF5
:10945000450C1AF80C304FF0010A09FB03F3A4FB8A
:109460000363032615FB06A84FF0020ADB0B0096E8
:1094700015FB06A51BE5002A3FF4B9AD0022404CC0
:10948000C36906699B5C056806FB03F3A4FB0363E1
:10949000DB0B6B54036846695D18C36913445B7842
:1094A00006FB03F3A4FB0363DB0B6B7003688569A6
:1094B0001944C369134403329B7805FB03F3A4FBEF
:1094C0000353DB0B8B7091B290F87C30D0F8805056
:1094D00005FB03F38B42D3D889E5002A3FF487AD1F
:1094E0004B1E002201EB410C6FF0020403EB430E14
:1094F00011461346224D2746B3FBFCF60CFB1636ED
:109500004EB9B4424FF003041946A4BF6FF00204F1
:109510000EEB03012746C669033216F8018092B2AA
:10952000066906FB08F8A5FB086806684FEAD83804
:1095300006F80380C6690E4496F80180466906FB6A
:1095400008F8A5FB086806684FEAD8381E4486F874
:109550000180C6690E443944B778866906FB07F76F
:10956000A5FB07670668FF0B1E44B770D0F8803074
:1095700090F87C6003FB06F613469642BBD836E5AE
:10958000038201812DE9F04FA34F83B00546A34C20
:109590003E6816F0010600F01C8123699B8B1A06B9
:1095A00006D40A20F9F74EFA23699B8B1B06F8D5DF
:1095B000626EC4F8DC502B689A4249D095F87C3032
:1095C0001022D5F8801084F86C302B689448A1667E
:1095D00005F16C016366F8F7CFF995F87C2005F189
:1095E00084019048F8F7C8F905F1BB0195F87C2093
:1095F0008D48F8F7C1F98A4B03F11001BFF34F8F83
:109600004FF0E022C2F8703F20339942FAD8BFF3FE
:109610004F8FBFF36F8F854AB5F85A10A36E20683D
:109620001180DB00B5F85A101182B5F85C10118476
:10963000B5F85C101186B5F85E10A2F840102169EB
:10964000B5F85E60A2F85060C382C383CB82CB833F
:1096500095F860102846FFF7F7FB744B002174481B
:10966000DA8BADF8042022F00702DA832522DA81B2
:109670000522DA85A3F84E206E4AB2F8843043F40E
:10968000805343F01003A2F88430B2F8863043F0E0
:109690001003A2F886304FF4A052F8F771F9A16ECA
:1096A00094F86C3028298B4628BF4FF0280BC4F85B
:1096B00060B0002B00F0AD80D4F864A00027DFF884
:1096C00094814FF001095A4E00E0A16E98F83800DD
:1096D00001FB07A118F8013F5A4606EB800001374D
:1096E00009FA03F3FFF7BEFA94F86C30BB42ECD8EA
:1096F0004F4B06EBCB10BFF34F8F4FF0E021C1F87B
:10970000703F20339842FAD8BFF34F8FBFF36F8F6B
:10971000A36EA168282B0E6041D8A3684FEACB0B3B
:10972000454A1A610822A3F816B09A83217D434B5B
:10973000434F19772279DA76207B3C4AD876D9765E
:1097400000235381B5F85A3001335385B5F85A30A8
:109750000133A2F84A30F8F7FDF8B5F86230A66E8A
:10976000696806FB03F3B5F86820401ADB00A7FB25
:10977000031302EB93129042EDD3019B43F00706D3
:109780002A4BDE83F8F7E6F8D4F8DC3068609D42B7
:1097900002D10023C4F8DC3003B0BDE8F08FA2682A
:1097A000002025493C2B11614FF0A001276AD1828E
:1097B00090834FF012009083224A3A60226AD1824D
:1097C00004D99083204B01221A70AFE710239383B2
:1097D000F8E7314620460CF07DFD314604F10800E3
:1097E0000CF078FD314604F110000CF073FD04F12B
:1097F0004003164A20462362012315492666666601
:10980000A66684F86C60C4F8DC603B600EF0DEFE97
:10981000C3E6074E6CE700BF348C0020E0870020D1
:10982000001020204D8800208488002000801E40E9
:109830002010202000C03B4088801B4000800E404C
:10984000D34D6210201A2020133201208C7B00207F
:10985000710000004C88002038B505460C4CF8F724
:1098600079F8B5F86230D5F880106A6801FB03F327
:10987000801ADB00A4FB03239B0905339842EED337
:10988000286810B101210DF01DFB284638BD00BF2E
:10989000D34D621090F81CC04160BCF1020FC26051
:1098A00001D1836818470CF095BD00BF10B5074B78
:1098B00082B003600190EFF3108472B60CF040FEAA
:1098C000019804B962B602B010BD00BF8C5F0020E1
:1098D00010B5244C84B0D4F800C0DCF81C318342AD
:1098E00001D004B010BD0B46590714D5DCF8341173
:1098F00089B182B111780CF5967001930039DCF8CA
:109900003831009218BF01218DF80F100DF10F01B1
:109910009847DDE9002313F0F00F0CD02068D0F851
:10992000441141B1D0F8481100F59E70CDE90032E4
:109930008847DDE900321B07D3D52068D0F85431C1
:10994000002BCED0002ACCD013780DF10F01D0F827
:10995000582100F5A670003B18BF01238DF80F3089
:109960009047BEE730920020184B70B51D68044642
:1099700001F068FC01F010FD2B69C01A7C2814D896
:109980002368134A1B68934219D1227F0023022ABD
:109990006360E36004D1A3682046BDE870401847C7
:1099A0002046BDE870400CF015BD01F061FC01F0EF
:1099B000F3FC2368064A1B6828619342E5D0002225
:1099C00020461146BDE87040184700BF3092002085
:1099D000E166010010B5044601F034FC01F0DCFC46
:1099E0002369C01A7C2800D810BD01F041FC01F0A9
:1099F000D3FC206110BD00BFD0F81C1109B10B6869
:109A000043B990F8262112B190F828314BB10122C8
:109A1000104670474FF000030122A0F8273110468E
:109A2000704710B582B0CDE90002084603F088FE09
:109A30000121009B0028019A83F8271118BF0021FB
:109A400083F8281102D1104602B010BD01F0A6FC27
:109A5000044614F06BFC009B93F828210460F2E7A5
:109A600070B5044682B0C06801F09AF901F082F93D
:109A7000002870D0D4F81C0128B106F099F9D4F868
:109A80001C0106F0CDF801F0D1FBC4F81C0190F8E0
:109A90003E3084F8203190F83F3084F8213190F83E
:109AA0004030092B4FD9632B8CBF03250225404A38
:109AB000042104F5917013F06DFE854269D1237D78
:109AC00004F11505002B40D022463A4928461BF0E8
:109AD00049F838B9C4F81C0184F82001002528464B
:109AE00002B070BD284601F0A9FB054600283BD016
:109AF000E27ED4F81C01002A32D008B11B34046382
:109B000006F054F82C4A1378002BE8D14FF00106E8
:109B10001670EFF31081009172B6284C0193204625
:109B20000CF00EFD2648274A0099A260027826779D
:109B300042F00402027011B3019B6360E3601F48AE
:109B40000CF048FCCBE70125B1E7284601F072FB99
:109B500001232375B8E714F0E9FB13230360BDE785
:109B60000028CDD00263CBE71BF004F8C4F81C51E9
:109B700084F8205114F0DAFB0E230360AEE762B6DE
:109B8000227F6160022AE160D9D1A2682046904715
:109B9000A5E70D4B4FF49F720C490D4813F0E6FDFD
:109BA000002013F02FFB012001F082FB0DF07EFB63
:109BB0007C3200201D6701001832012094790020BA
:109BC00043320120B567010080320020E0320020DE
:109BD00008330020144B10B5044684B05B68D0F8FD
:109BE0001C010393CDE9013318B113B194F8283166
:109BF0009BB92046FFF734FF68B10B4900200BF0FA
:109C00009BF8D4F81C0103AB02AA01A906F0BCF929
:109C10002046FFF7F1FE04B010BD03F0D1FE002393
:109C200084F82831E5E700BFA88C0020D0F81C316B
:109C3000002B42D0214B1A7810B5044682B05ABB93
:109C40001F4B186800F07CFF1E4900200BF074F8D1
:109C500094F82831D4F81C01C3B91B4B1A46194695
:109C600006F092F90023D4F81C0184F8273106F09D
:109C70009FF8D4F81C0105F0D3FF1AF07BFF0023F6
:109C8000C4F81C3184F8203102B010BD03F098FEF6
:109C9000002384F82831E5E700220C481A700CF004
:109CA00007FCEFF31083019372B608480CF048FCF0
:109CB000019B002BC4D162B6C2E770471832012065
:109CC00060910020A88C00207C70002094790020F6
:109CD000D0F81C0118B190F83D00C0F38000704727
:109CE000D1F81C3123B11A68044BC0E90032704727
:109CF000034B024A5B68C0E90023704708600020FC
:109D0000A88C0020D0F81C0110B582B040B14B687F
:109D100001A9019304F03CFE48B9012002B010BD36
:109D200014F004FB73230360002002B010BD01F0A7
:109D300035FB044614F0FAFA0460F5E7D0F81C018C
:109D400010B582B040B14B6801A9019304F076FED2
:109D500048B9012002B010BD14F0E8FA7323036083
:109D6000002002B010BD01F019FB044614F0DEFA29
:109D70000460F5E738B500F11B058D4210D00B46A5
:109D8000044671B1084A4FF48071284613F002FD71
:109D9000D4F81C3123B1E27E002A08BF15461D63AA
:109DA00038BDC176F4E700BF303300201E4B0020E1
:109DB0001E4A196810B51E4CC2E900404A1C1A60C0
:109DC000C9B11C4A1C491D480EF000FC1C4A13680E
:109DD000591C116003B31B4C164A1B491B480EF05B
:109DE000F5FB24681A4B134A1C601A491A48BDE84F
:109DF00010400EF0EBBB194C4FF4EE72184813F004
:109E0000EFFE2046883400F0B9FE164B9C42F8D194
:109E1000154B134A1A60D4E714481AF0AFFE094CE8
:109E2000124B2360D8E700BF448F0020A88C00208D
:109E3000086000208C7B00200D0200004C92002066
:109E4000E08D0020E48D0020D90100003892002030
:109E500030920020F966010094790020908F002054
:109E60004C8F002028910020488F0020E88D002092
:109E7000B0F8500080B27047406900B1807A7047F6
:109E8000406900B1C07A7047704700BFC26D002AB8
:109E900006DBD0E91003181A824201D2801A7047FB
:109EA00000207047C36D002B08DBD0E91012521A56
:109EB000934203D25A1CC265C85C70474FF0FF3012
:109EC000704700BFC36D002B06DBD0E91012521A99
:109ED000934201D2C85C70474FF0FF30704700BF1B
:109EE00010B50446406930B1A37E2BB90AF088FD55
:109EF00000236361238310BD064B04F11C01186825
:109F0000FFF71CFF044B002260695B68A2762362A6
:109F1000ECE700BF30920020B08C002010B5044662
:109F200001F14C0001F036FA024B02462046C4E92A
:109F3000003210BD0860002090F8603053B14FF639
:109F4000E272D0E91A135B1A934203DC4FF6E37016
:109F5000C01A7047002070470AB3C36D002B1EDB88
:109F600030B5D0E910E483B0A4EB0E0C634518D2F1
:109F7000ACEB030C0C460546624528BF624649B16E
:109F8000012A0EEB03010FD02046019213F096FD3B
:109F9000EB6D019A13441046EB6503B030BD002011
:109FA0007047002003B030BD1EF803302370C36D2E
:109FB000F0E700BF90F86030ABB14FF6E27CD0E93B
:109FC0001A23F0B515469A1A83B0624502DD0020C7
:109FD00003B0F0BD046FA34207D01970C36E013304
:109FE000C3660120F4E718467047012A2CBF931876
:109FF000531C0746019118461E4600920CF05CFF68
:10A000000346DDE9002181547AB9013228461A4419
:10A0100035B1611BCDE900230CF054FFDDE90023CD
:10A020009919C7E91A323967DBE7294601900CF024
:10A03000A9FEDDE90023E8E79A4275D02DE9F04F4B
:10A04000A3EB02081646476883B082680D460446B3
:10A050009146D21B904525D87A1A9045914664D2F4
:10A06000A7EB08023B46511EC2EB470C11F8010F4B
:10A0700003F8010B6345F9D1636843446360AB1A8D
:10A08000521BF818012A71DD294613F017FDB8F1AB
:10A09000010F67DD42463146284603B0BDE8F04F68
:10A0A00013F00CBD03686FF000429A46FB1AD11AF8
:10A0B000884561D898452CBF4344DB18934228BF9C
:10A0C0001346184601930CF0F7FE554503468346A8
:10A0D0000AD0A5EB0A000AF1FF32184412F8011F5A
:10A0E00003F8011B8342F9D13146424618460CF071
:10A0F00049FEBD4200EB080606D07F1B30462946CC
:10A100003E443A460CF03EFEBAF1000F04D0A9EBF3
:10A110000A0150460CF0D6FE019B5B44C4E900B630
:10A12000A36003B0BDE8F08F7047B1185A1A002A37
:10A1300020DD38460CF026FE6368A8EB0908BD4216
:10A140004344636009D06A1E03EB090012F8011F43
:10A1500003F8011B8342F9D163684A464B44012A44
:10A16000636098DCDDD133782B70DAE78FD12A7801
:10A17000FA548CE73B46E0E701480EF045FA00BF91
:10A1800034330020002A18BF002910B514D090F8ED
:10A190006030012B10D194460A46C16E4FF6E3742D
:10A1A00050F8683FCB1AE41A644528BF6446131977
:10A1B000FFF742FF204610BD0024204610BD00BF1F
:10A1C000406800B1807A7047406800B1C07A70473B
:10A1D0004369002B4FD0294B30B5044689B018682D
:10A1E000FFF7F8FB216B00293FD0A36B013900205A
:10A1F0002163591C4FEA431ED4E909C2A2EB0C02A9
:10A200000CEB43135211B1FBF2F502FB15119A8AC4
:10A21000DD68A163ADF814203CF80EE05968D86001
:10A2200058609A689860186904909869DB6906908C
:10A23000206C0793A4F83CE0A36CA564C4E9101259
:10A2400020B1191A0CF03EFED4E91012BDF81430FA
:10A25000501A0499A4F85030E164DDE906326365D0
:10A260000023A265E36509B030BD4FF0FF334FF026
:10A27000FF30E365F7E74FF0FF3070473092002082
:10A280000AB3C36D002B1EDB30B5D0E910E483B0F8
:10A29000A4EB0E0C634518D2ACEB030C0C46054640
:10A2A000624528BF624649B1012A0EEB03010FD077
:10A2B0002046019213F002FCEB6D019A1344104604
:10A2C000EB6503B030BD00207047002003B030BD07
:10A2D0001EF803302370C36DF0E700BF436913B16C
:10A2E00001209972704700B583B0CDE900012E209E
:10A2F0000AF0CEFB009A03460199506118B1012083
:10A30000997203B000BD064A00901068FFF762FB27
:10A3100014F00CF80C21024600981160F1E700BF20
:10A3200030920020436913B10120D972704700B503
:10A3300083B0CDE900012E200AF0AAFB009A034663
:10A340000199506118B10120D97203B000BD064ACD
:10A3500000901068FFF73EFB13F0E8FF0C21024667
:10A3600000981160F1E700BF30920020436813B1FC
:10A3700001209972704700B583B0CDE900012E200D
:10A380000AF086FB009A03460199506018B101203B
:10A39000997203B000BD064A00901068FFF71AFBDF
:10A3A00013F0C4FF0C21024600981160F1E700BFD2
:10A3B00030920020436813B10120D972704700B574
:10A3C00083B0CDE900012E200AF062FB009A03461B
:10A3D0000199506018B10120D97203B000BD064A3E
:10A3E00000901068FFF7F6FA13F0A0FF0C21024668
:10A3F00000981160F1E700BF3092002010B54C6862
:10A4000082B04169034669B1A3F8782001225C67F4
:10A4100083F86020D3E91A108142104618BFD9662C
:10A4200002B010BDCDE900022E200AF031FB009BE6
:10A43000019A58610028E7D1054B00901868FFF792
:10A44000C9FA13F073FF0C22034600981A60E7E77D
:10A450003092002030B5002385B0044608461849E4
:10A46000154641F28832CDE9021302A90AF0F0FC48
:10A4700008B905B030BD6369039A6BB16267A4F88F
:10A480007850D4E91A318B4218BFE366012318468D
:10A4900084F8603005B030BD2E2001920AF0F8FA41
:10A4A000019A60610028E9D1064A01901068FFF71F
:10A4B00091FA13F03BFF0C21024601981160D8E796
:10A4C00008600020309200201E4B70B503F1680236
:10A4D000054640692B602A6118B1AB7E23BB0AF0A8
:10A4E0008FFAA86E18B1296F091A0CF0EBFC286CD2
:10A4F00018B1A96C091A0CF0E5FCD5E90946B4427B
:10A500000AD0636818461BB1E168C91A0CF0DAFC7E
:10A510002034A642F5D16E6A26B1E96A3046891B1D
:10A520000CF0D0FC284670BD074B05F11C011868E3
:10A53000FFF704FC054B002268695B68AA762B6272
:10A54000CDE700BFC865002030920020B08C00200D
:10A5500010B50446FFF7B8FF8C2120460CF0B2FC82
:10A56000204610BD2DE9F04F89B0BDF848A0002964
:10A5700047D09B46164605460F46002A00F08E80BF
:10A5800000F00AFF0190D5E90931D5E90C02C91A9A
:10A590004FEA4219B0EB611F4FEA611C03EB421412
:10A5A00032D00130286301320021B2FBFCF00CFBF9
:10A5B00010226A6323F80910D4E901829045464AC3
:10A5C000126818BFC4F808802261A2610022A2822A
:10A5D000E2613289029222BBDBF800203046019909
:10A5E00022613E4AA4F814A05269E161A2617A890D
:10A5F00023F8092005F044FFD5F888300133C5F869
:10A60000883009B0BDE8F08FA86BD5F88410013010
:10A610000131C5F88410B0FBFCF10CFB1100A863FC
:10A62000C1E7E268211D0298A2EB08020391A1682C
:10A630009042059216D8DDF80C80029525460396C7
:10A6400034461E4600E0A9686268404663891344A8
:10A65000FFF7F2FC2468002CF5D133462C46DDE9E7
:10A660000256B9E7A1EB0802079304920CF024FC10
:10A67000049A079B0690F2B9B8F1000F05D005992E
:10A68000404607930CF01EFC079B06980499029A1B
:10A69000014460600244C4E90212CCE7406900282A
:10A6A000AFD0AB7E63B90AF0ABF900236B612B83AB
:10A6B00009B0BDE8F08F41460CF064FB079BDBE777
:10A6C000074B05F11C011868FFF738FB054B68695B
:10A6D0005B68AE762B62E6E77C700020A89F0020C6
:10A6E00030920020B08C00200EB400B582B003AAD6
:10A6F00052F8041B019213F0EBF802B05DF804EB82
:10A7000003B0704790F86030002B6FD0D0E91A3159
:10A7100070B5C91A84B00446B1F5803F80F28480D8
:10A720008BB24FF4207238201946039305F012FFC4
:10A73000054600285CD0D4E91A12914203D0039A4E
:10A7400006F04CF968BBB4F8783004F1740229467D
:10A7500060699BB20AF0B2F80023A26E064684F844
:10A7600060302846A4F86430E36E9A42364B18BF36
:10A77000E26600221B68A4F878206367C4F8802092
:10A78000E36705F07DFE16B9012004B070BD3046C8
:10A7900000F004FE044613F0C9FD0460002004B07C
:10A7A00070BD0390284605F06BFE0022039B84F8E1
:10A7B0006020A4F86420244A03931268D4E91A1094
:10A7C000626781422148E26718BFE16600210068A4
:10A7D000A4F87810C4F88010FFF7FCF8039800F094
:10A7E000DDFD044613F0A2FD0460D7E700207047AA
:10A7F000D4E91A32154993424FF0000284F8600000
:10A8000018BFE366104BA4F878201B68A4F8640016
:10A810006367E3670868C4F88020FFF7DBF813F08C
:10A8200085FD0C230360B9E7094C40F29513094AF2
:10A8300009490094FFF758FF002012F0E3FC0120C3
:10A8400000F036FD0CF032FD7C70002030920020CC
:10A85000643300204C33002008330020F8B54FF457
:10A860007A720024294B01290E46047338BF012651
:10A870000360B1F1806F04838476C0E9014203F183
:10A880006802234BC0E90424C0E907343AD20546E4
:10A8900070010CF011FB1F4F00EB46160346686277
:10A8A000EE6220220021184613F09AF903463A6816
:10A8B0004FF00001203384820261B342C46182619F
:10A8C000EFD1AB624FF0FF33A5F850402846AC659E
:10A8D0002C63A5F87840AC876A65EB6585F8601055
:10A8E000A5F86440EA67C5F88040C5E90D44C5E9AC
:10A8F0001044C5E91242C5E91A44C5E91C42C5E93C
:10A900002144F8BD04480DF07FFE00BFC86500205B
:10A91000086000207C700020C433002030B515464C
:10A92000027E044683B00B464069002A32D0428A38
:10A930008A4202D1627EAA4229D0A27E002A41D157
:10A9400001930AF05DF80022019B626122832E20B0
:10A9500001930AF09DF8019B6061002850D025B159
:10A96000427A42F00402427260691A46294909F0AB
:10A970004FFE0346606993B9012122466576217630
:10A98000254901930AF02AF8019BC4E921330120EB
:10A9900003B030BD0028DAD0002DE6D0E0E740B1AA
:10A9A000A27EF2B901930AF02BF80022019B6261AA
:10A9B0002283184600F0F2FC044613F0B7FC046052
:10A9C0000020E5E7154A04F11C0101931068FFF728
:10A9D000B5F9134A002160695268019BA176226291
:10A9E000AEE70E4A04F11C0101931068FFF7A6F9C7
:10A9F0000B4A002160695268019BA1762262D1E76F
:10AA0000064B1868FEF7E6FF13F090FC0C2303607A
:10AA1000D6E700BF7C700020B173010030920020A7
:10AA2000B08C00200022FFF779BF00BF30B50D4683
:10AA300083B0114600220446FFF770FF10B90020D2
:10AA400003B030BD134B29461B6818460093FFF72F
:10AA500059F9034628B10120A0766B68236203B040
:10AA600030BD60690028EAD0A27E2AB909F0C8FF8B
:10AA7000002363612383E2E704F11C010098019342
:10AA8000FFF75CF9019B044AA3765368606923626F
:10AA9000ECE700BF30920020B08C0020194B002062
:10AAA000194A196810B5194CC2E900404A1C1A60CD
:10AAB00081B1174A174918480DF088FD174A1368E5
:10AAC000591C1160BBB1124A15491648BDE8104027
:10AAD0000DF07CBD144C4FF4EE72144813F080F866
:10AAE0002046883400F04AF8114B9C42F8D1114BB3
:10AAF0000E4A1A60DDE7104C20461AF03FF80F4B63
:10AB00001C60E0E7448F0020B08C0020086000202B
:10AB10008C7B00200D02000050920020E08D002070
:10AB2000D90100003C920020908F00204C8F002023
:10AB300028910020488F0020E88D0020E48D00201F
:10AB40000D4A137803B970470346006810B582B008
:10AB5000019300F06FFC0021019B074A19601170FE
:10AB6000197108B902B010BD00F018FC044613F0CA
:10AB7000DDFB046002B010BD1732012038B5044679
:10AB800000254022053029462560257113F028F85C
:10AB90004022294604F1450013F022F8204684F8AB
:10ABA0008550A4F8865038BD38B5194B1D686A1C0D
:10ABB0001A604DB1174C184A184919480DF006FD96
:10ABC000184B22681A6038BD174C4FF4EE722946B4
:10ABD000154813F005F86564402284F848500021B8
:10ABE00004F1490012F0FCFF04F189004022002129
:10ABF00012F0F6FF88340D4B84F84150A4F842500F
:10AC00009C42E8D1034CA3F5CC732360D3E700BF8B
:10AC1000448F0020488F00208C7B00200D02000014
:10AC200054920020609100204C8F0020E49000207E
:10AC3000174B19684A1C10B51A6081B1154A16499C
:10AC400016480DF0C3FC164A1368591C1160BBB1BD
:10AC5000104A14491448BDE810400DF0B7BC134C1D
:10AC60004FF4EE72124812F0BBFF20468834FFF713
:10AC700085FF104B9C42F8D10F4B0D4A1A60DDE75F
:10AC80000E4C204619F07AFF0D4B1C60E0E700BF28
:10AC9000448F00208C7B00200D0200005892002081
:10ACA000E08D0020D901000040920020908F00200C
:10ACB0004C8F002028910020488F0020E88D002034
:10ACC000E48D0020084B5A68920100D470474FF081
:10ACD0000071064A59604FF00003BFF35B8F137099
:10ACE000BFF35B8F704700BF00802D40189200209B
:10ACF00000F034BB094BDB6E13F440630BD0084A01
:10AD00000123D2F8E410D2F8E82009BA0160110E4C
:10AD1000120C017142711846704700BF00C00F400D
:10AD200000802D40114BDB6E13F440631CD0EFF319
:10AD3000108172B6BFF35F8FBFF34F8FBFF36F8F7A
:10AD400003680B4A1BBAC2F8E43083885BBA1B0461
:10AD5000C2F8E83081F31088BFF35F8FBFF34F8FE5
:10AD6000BFF36F8F012070471846704700C00F4037
:10AD700000802D40094A08B51368012B0CD0023B16
:10AD8000022B01D8012008BD19F000FF034A10680A
:10AD9000013818BF012008BD002008BD1492002012
:10ADA000704700BF30B56C4C83B02368002B51D185
:10ADB000002978D03F2900F38780684801680B4656
:10ADC00006E05A88950454BF2033654B99427BD0E6
:10ADD0005A881404F5D44A88920454BF203160493B
:10ADE0000160588810F0370072D119884FF4C17291
:10ADF000019305F0AFFB019B0446002868D0018950
:10AE000058681F3120F01F0221F01F010144BFF3D9
:10AE10004F8F4FF0E020C0F85C2F20329142FAD8DB
:10AE2000BFF34F8FBFF36F8F59682046228901937C
:10AE300005F0D4FD019B00287ED15988494A01F4D0
:10AE4000005149480A435A804FF0807303612046FD
:10AE500003B030BD454A1268042A20D1012B39D0F5
:10AE6000022B0BD1404B5A68120263D5D3F840C075
:10AE70003F4AA2F800C04FF400025A603D4B1B78D5
:10AE800090F83D20C2F380029A4208D0002B39D1BD
:10AE9000394B1B781BB9019104F08AFF01990023FB
:10AEA0002360002986D1354A4FF00101BFF35B8F43
:10AEB000D2E84F3FC2E8401F0028F9D1DBB2BFF310
:10AEC0005B8F002B3FF479AF0024204603B030BDE8
:10AED0000024B2E7244AD2F804C01CF4000FDFD0EB
:10AEE000136C4FF4000C234DC3F3800E13F00403D6
:10AEF000C2F804C085F800E0C2D0214BC2F804C0FB
:10AF00001364AFE71A4B1F4A1B88019113F0020F1D
:10AF10000CBF4FF0640C4FF00A0CC2F800C0C3F332
:10AF2000800CC3F3803382F804C0937104F000FFF7
:10AF30000199B4E70223B3E7134B40F2C722134948
:10AF4000134812F013FC002012F05CF9012000F00D
:10AF5000AFF90CF0ABF900BF2C9200208C790020E7
:10AF6000C08200200080FFFF00802D40149200204E
:10AF7000F8310120273201201632012018920020DA
:10AF80000000426084790020F833002064340020FF
:10AF900008330020394B1B68042B39D1384B1A6811
:10AFA000012A10B582B037DD022A56D1354A5168E0
:10AFB000090255D5D2F840C03349A1F800C04FF47A
:10AFC000000C3249C2F804C00A7890F83D10C1F371
:10AFD0008001914218D0002A44D02B4A2C49128873
:10AFE000019312F0020FC2F3800EC2F380320CBF45
:10AFF0004FF0640C4FF00A0C81F804E0C1F800C077
:10B000008A7104F095FE019B00221A6002B010BD07
:10B010001B4B00221A607047002A1EDB012A06D053
:10B02000184A4FF4000C1B49C2F804C011641549BA
:10B030004A6814021FD50A6C4FF4000C134CC2F37B
:10B04000800E12F00402C1F804C084F800E0BCD005
:10B05000114AC1F804C00A64A8E70C4A1278B4E7A0
:10B060000222D2E70D4A1278002ACDD1019304F0D2
:10B070009FFE019BC8E70122C7E700BF1492002092
:10B080002C92002000802D40F83101202732012031
:10B090008479002000000660000042601632012022
:10B0A00070B51E4D06462C6863881A04FCD4002334
:10B0B00061683289304605F053FC3389834229D1D7
:10B0C00000F11F02616822F01F0221F01F030A44F1
:10B0D000BFF34F8F4FF0E021C1F8703F20339A4209
:10B0E000FAD8BFF34F8FBFF36F8F20804FF080717E
:10B0F00063880B4A03F4005343F40C4363805161AB
:10B1000063889B0404D42B68203300202B6070BD1F
:10B11000044BFAE76FF0010070BD00BF907900208A
:10B1200000802D40C086002030B5044650B30D4647
:10B130000630A6464FF0FF3221491EF8013B4FF082
:10B14000080C5A4042F30003BCF1010C03EA01036E
:10B1500083EA5202F6D18645EFD1C2F3846001231F
:10B160002178002A03FA00F301F001010BDB19B387
:10B170001449154A65B11068184215D00A68284666
:10B180001A430A6030BDA1B11049114A002DF2D115
:10B190000868146860EA0300204010600A681342DF
:10B1A0000CBF0120002030BD116828460B431360FE
:10B1B000E8E70849084ADDE70849094ADAE700BF35
:10B1C0002083B8ED1C92002024812D402092002085
:10B1D00020812D402892002018812D4024920020AB
:10B1E0001C812D4011B10846FFF75ABF6FF00F00C8
:10B1F000704700BF08B50B460AB1012A0ED17BB1DA
:10B2000093F801C0114608480CF07F02C2709A788A
:10B210000271DB784371FFF787FF08B1002008BD9A
:10B220006FF0070008BD00BF7C7B0020004870471E
:10B23000A891002008B1FFF75BBD704708B1FFF788
:10B2400059BD704770B50024084D21462846FFF7C8
:10B25000A9FD01340646294638B1EB689847002815
:10B26000F3D0304605F00CF9EFE770BDA89100204F
:10B2700008B509F061F80248BDE80840FFF78ABE4A
:10B28000A89100204C220021044808B512F0A8FC27
:10B2900046F66563014AD38708BD00BFA891002028
:10B2A000014B1868704700BF203101200BF0F4BC3F
:10B2B00038B1044B421E012A98BF18460368DB6868
:10B2C000184770476479002008B5EFF3058303B988
:10B2D00008BD13460A460146074812F047FA074BD5
:10B2E000FD220749074812F041FA002011F08AFFB9
:10B2F0000DF03AF80BF0DAFF84340020943400208B
:10B30000F83400200833002008B509F069FE00B1C8
:10B3100008BDBDE8084019F035BC00BF10B582B0CB
:10B3200001A809F0B7FE10B1019802B010BD0446A3
:10B33000064B40F247120649064812F017FA20461B
:10B3400011F060FF0DF010F80BF0B0FF9434002006
:10B35000203500200833002009F052BEB0B10C4B5C
:10B360000022D3F83016D3F820364FEA112C43715F
:10B370006CF307024FEA136C61F30F22190C1B0ADE
:10B380006CF31742037161F31F620260704700BFE4
:10B3900000401F4000687047FFF782BF00F11003B4
:10B3A000DBB2102B04D8034B404253F82000704707
:10B3B0000520704728700020164A00234FF0100C1B
:10B3C000127800EB8202D269CB608B608B6181F8CE
:10B3D0000EC0C1E90033C1E90433136C0BB181F82D
:10B3E0000FC0536C0BB110230B74936C0BB1102373
:10B3F0004B7403680BB101238B74136C0BB14023A6
:10B400000B75536C0BB140234B75936C0BB1402300
:10B410008B75704731320120024B1B7800EB8300A3
:10B42000C069704731320120014B1868704700BF76
:10B43000F0CF00202DE9F0410546204A40F6871163
:10B440001F48FFF741FF4DB3DFF8888098F80030C0
:10B4500005EB8303DE69F6B106F13C0406F148070B
:10B460002946184808F03EFF54F8040F08B104F0CC
:10B47000B7FABC42F8D11449284603F0DFFA304647
:10B4800004F0AEFA002298F80030104605EB830570
:10B49000EA61BDE8F0816FF00500FAE7084B40F67D
:10B4A00088120A490A4812F061F9284611F0AAFEEA
:10B4B0000120FFF7FDFE0BF0F9FE00BFD46A00206B
:10B4C0003C350020C58301002C72002098350020F7
:10B4D000083300203132012010B5044688B0224ADA
:10B4E00040F6A8212148FFF7EFFE5CB1204B1B7806
:10B4F00004EB8303DB692BB193F84D20032A01D9B8
:10B5000022680AB908B010BD00220321012005926B
:10B510008DF81610196C039201928DF80E000292AC
:10B520000492CDE9062211B1F0228DF818205A6C50
:10B5300012B1F0228DF819209B6C13B1F0238DF815
:10B540001A3041F2E9410B4A842301A8ADF80C10EE
:10B55000214602928DF8063000F0F8FE204608B031
:10B56000BDE8104000F04ABF346900203C3500209F
:10B5700031320120E00000FB384B30B51B788BB036
:10B58000044600EB8303DB6993F84D20022A24D99B
:10B59000033A012A1FD893F84C205AB9042183F8A2
:10B5A000CC2083F84D102E490D681DB10121019367
:10B5B000A847019B20460193FFF78EFF019B93F85C
:10B5C0004C200132D2B2012A83F84C203CD94FF4EE
:10B5D000A062A3F84C200BB030BD0268AAB993F862
:10B5E0004C20022A0CD81AB193F8CC30012B30D061
:10B5F00022461C49FA200BB0BDE8304008F044BE9A
:10B600004FF44072A3F84C20F2E703A90193FFF72F
:10B61000D3FE41F2E9424FF0000C0846ADF8142089
:10B620002146114AADF80CC0049200F08FFE019B38
:10B6300093F84C200028D4D101320221D2B283F8F1
:10B640004D1083F84C20CCE7224606494FF47A701F
:10B65000D1E72246034941F28830CCE7313201205C
:10B66000ECCF0020C5830100E00000FB062B2DE994
:10B67000F04746D09A4607461646884613E0B8F18A
:10B68000FF0F3EDC06F80C4005EB0408A6F800E1CD
:10B6900005F066F9B6F8003184421FFA88F81C44B8
:10B6A0002CD1A6F800414146384605F039FA044647
:10B6B00008F10105384604F0C00C611CADB2224609
:10B6C000BCF1C00F2B4621D03F2C1AD8B6F800C1D0
:10B6D00004EB0C090CF1010E01EB0C08B9F1FF0FA2
:10B6E00016FA8EF10DDC002CC9D10CF1010306F81D
:10B6F0000C40A6F800312846BDE8F087013BA6F8CB
:10B7000000314FF6FF752846BDE8F0873B89AB4214
:10B71000F7D9294605F004FA230203F47C530343C6
:10B720001BB20B2BEDDD99B23B898B42E9D90AF1B3
:10B73000010332463846FFF799FF4FF6FF739842F0
:10B74000DFD008F102081FFA88F5D4E72DE9F04FA1
:10B75000C9B00E46044617460DF11C0B35880491FE
:10B760000021029258464FF4827212F039FA0023F7
:10B770005A4629462046FFF779FF4FF6FF733A46AF
:10B78000B7F80071984237D0002F35D031884FF08C
:10B79000000ABBF80091B846401A16465446059177
:10B7A000C3B200970393A9EB070309E03278013491
:10B7B00014440132E4B21644009AA24694421FD2C5
:10B7C000A8EB0402D2B24A45F0D81D19022AEDB204
:10B7D000ECD90299039F0819A91CB9420BEB05018A
:10B7E00013DA019312F028F9019B0028DED10599A4
:10B7F0005746049B0D441D80384649B0BDE8F08F84
:10B800001746384649B0BDE8F08F009F384649B02A
:10B81000BDE8F08F3F2A29D81346B0F800C1D2B155
:10B8200010B5541C82B06444FF2C22DC044600F89E
:10B830000C200CF101000192A4F8000114FA80F030
:10B840000BF0A0FAB4F80021019B00201344A4F8E7
:10B85000003102B010BDBCF1FF0F07D80CF101029E
:10B8600000F80C30A0F80021002070476FF00500B0
:10B8700070476FF00500ECE7B1F80021B0F800C1A7
:10B88000AAB1531C6344FF2B1CDC0346604400B583
:10B8900083B0019200930BF075FA009B0020019A8F
:10B8A000B3F800110A44A3F8002103B000BDBCF1B5
:10B8B000FF0F07D80CF1010300F80C20A0F80031AD
:10B8C000002070476FF00500704700BF00285BD074
:10B8D00070B50E46B1FA81F182B04909002E50D000
:10B8E000351D4FF48272044612F07AF9042115F8DE
:10B8F000013D274A0DEB010011F04CFF01A812F0A9
:10B9000019FF01A9C2B22046FFF784FF034698BB86
:10B91000AE42EBD1B4F80011F7292DD807204A1C0C
:10B92000605492B21B49A4F80021A5180868A050E1
:10B930008A88AA808A79AA71B4F80021D11D89B2B7
:10B94000FA29A4F8001117D804200832605492B2E2
:10B950001149A4F800210868A050B4F800110A1D8C
:10B9600092B2FF2AA4F8002106D80531A354A4F806
:10B970000011184602B070BD6FF00503184602B002
:10B9800070BD6FF00F03F4E76FF00F0318467047B8
:10B99000C0350020C4350020CC35002038B50D4618
:10B9A0004FF482720021044612F01AF93DB3284682
:10B9B00012F0C0FE2946C2B22046FFF72BFF034615
:10B9C000E8B9B4F80011F92919D805204A1C6054C7
:10B9D00092B20C49A4F80021A5180868A0500A7971
:10B9E0002A71B4F800114A1D92B2FF2AA4F800216E
:10B9F00005D80631A354A4F80011184638BD6FF0DD
:10BA00000503FAE7D435002010B504464FF48272DE
:10BA1000002112F0E5F822460921234BDFF894C0FB
:10BA200002F8011B03CBC4F8010093F800E00723E0
:10BA3000DCF80000516082F808E004229CF806104F
:10BA4000C4F80B00A3721223BCF804006174A4F8BC
:10BA50000F0020461549A4F80031FFF7DBFE00BBBC
:10BA6000B4F80011F9291CD8034605204A1C60547B
:10BA70000F4992B2086804EB020CA4F80021A05010
:10BA80000A798CF80420B4F800114A1D92B2FF2AFA
:10BA9000A4F8002105D80631A354A4F800111846D3
:10BAA00010BD6FF00503FAE7DC350020F03500200B
:10BAB000D4350020E835002070B5164682B00D461A
:10BAC0004FF482720021044612F08AF866B105F53F
:10BAD00082710846019112F02DFE0199C2B22046F2
:10BAE000FFF798FE002839D105F5A27108460191AB
:10BAF00012F020FE0199C2B22046FFF78BFE68BB10
:10BB0000184BB5F88C2153F82250284612F012FE3B
:10BB10002946C2B22046FFF77DFE0346F0B9B4F8CD
:10BB20000011F9291AD805204A1C605492B20E4916
:10BB3000A4F80021A5180868A0500A792A71B4F861
:10BB400000114A1D92B2FF2AA4F8002106D806313E
:10BB5000A354A4F80011184602B070BD6FF005039D
:10BB6000F9E700BF20700020D435002070B51646DC
:10BB70000D464FF482720021044612F031F846B1AE
:10BB8000284612F0D7FD2946C2B22046FFF742FEF2
:10BB900090BB05F140012046FFF76EFE60BB184BDD
:10BBA000B5F84C2153F82250284612F0C3FD29461F
:10BBB000C2B22046FFF72EFE0346E8B9B4F80011E2
:10BBC000F92919D805204A1C605492B20D49A4F8ED
:10BBD0000021A5180868A0500A792A71B4F800114C
:10BBE0004A1D92B2FF2AA4F8002105D80631A354B9
:10BBF000A4F80011184670BD6FF00503FAE700BF06
:10BC000020700020D43500202DE9F04391F8027116
:10BC100083B088460546B1F800612FB1002E37D1B8
:10BC2000002003B0BDE8F08300F10C0400F120090E
:10BC300008E0FFF78BFDB04202D2BDF80670064661
:10BC40004C450ED034F8023FADF80630002BF7D04B
:10BC5000286842460DF106010028EAD1B8F8000133
:10BC6000E9E7B6B9002FDBD017490222AB88394388
:10BC7000286849BAADF806100DF1060104F002FF7C
:10BC80000028CED1AB880233AB8003B0BDE8F0838F
:10BC90000027AB8841463246286804F0F3FE0028AE
:10BCA000BFD105F10C0333F8022F42B101300A284D
:10BCB000F9D1AB881E44AE80002FD5D1B0E7AB8858
:10BCC00005EB4000C381F5E700C0FFFF08B5FFF7B3
:10BCD000A3FB002380F8513008BD00BF08B5FFF773
:10BCE0009BFB002380F8703008BD00BFF0B5044610
:10BCF000006883B00D4616461F46002834D0A2883F
:10BD0000B5F800310189043312FA83F38B4237DC32
:10BD100029462046FFF778FF08B103B0F0BD72BA9C
:10BD2000A3880DF106012068ADF80620022204F078
:10BD3000A9FE0028F1D1A3880222874214BF4FF444
:10BD4000C0704FF480700DF106011344ADF8060089
:10BD50009BB22068A38004F095FE0028DDD1A38863
:10BD60000233A38003B0F0BD4FF4207240F2AA5119
:10BD7000382004F0EFFB206010B10C22A280BFE756
:10BD80004FF0FF30C9E700BFF0B50446006885B04A
:10BD90000D461746002851D0B4F804C0B5F800117C
:10BDA0000C9A0A310B9E89B28A1892B2002E18BFE3
:10BDB00011460D9A1AB1B2F80021114489B26144BA
:10BDC000028991424ADC3A4629462046FFF78EFF17
:10BDD0000A9B042203A91BBA20680393A38804F0DA
:10BDE00051FE48BBA5880B9AAB1D9BB2A3806AB1DC
:10BDF000BDF830200B9920680193009204F042FEB8
:10BE0000D0B9A188009A019B0A44A2800D9A32B150
:10BE10000D9920460093FFF7F7FE009B60B9A188BB
:10BE2000043502222068C91AABB249BAADF80A102B
:10BE30000DF10A0104F026FE05B0F0BD4FF42072AA
:10BE400040F2AA513820009304F084FB009B20604C
:10BE500020B14FF00C0CA4F804C09FE74FF0FF3066
:10BE6000EAE700BF10B5C2B0044601A8FFF796FD8F
:10BE70000123FF2201A92046FFF738FF42B010BD81
:10BE800010B5C2B00446012201A8FFF715FE012338
:10BE9000FF2201A92046FFF729FF42B010BD00BFD5
:10BEA00030B5ADF5077D0D460446114604A80022C5
:10BEB000FFF702FE45A8FFF7A7FD2B7B6BB1E388D8
:10BEC0000BB10A220BE00C2245A92046FFF70EFF1A
:10BED00080B901230A22E38001E041F29412002399
:10BEE000204604AC45A9CDE90023CDE902340C225B
:10BEF000FFF74AFF0DF5077D30BD00BF70B5C6B036
:10BF00000D46044610461646FFF786FA014605A878
:10BF1000FFF744FD2B7B7BB1E38813B14FF00A0C94
:10BF20000CE0012205A92046FFF7E0FE98B90123A5
:10BF30004FF00A0CE38001E04FF0780C20460196A8
:10BF40000424AB7A0025012205A9CDF800C0CDE973
:10BF50000245FFF719FF46B070BD00BFF0B5ADF563
:10BF6000097D17460D4601221946044606A81E46BD
:10BF7000FFF7A2FD394647A8FFF710FD2B7B93B1D1
:10BF80004FF001038DF81E32E3880BB10A230BE05A
:10BF9000212206A92046FFF7A9FED0B94FF00103E0
:10BFA000E3800A2300E0782347AA00932046062472
:10BFB000039206A9B6F88EE12122AB7A04AD9EFA6F
:10BFC0009EFE029400240195ADF814E00494FFF75E
:10BFD000DBFE0DF5097DF0BD70B51446ADF5067DAF
:10BFE0000E4600222146054604A8FFF765FD2146BE
:10BFF000012245A8FFF760FD337B6BB1EB880BB1E5
:10C000000A220AE00C2204A92846FFF76FFE78B93D
:10C0100001230A22EB8000E07822002345AC04A92A
:10C020002846CDE90023CDE902340C22FFF7ACFE0F
:10C030000DF5067D70BD00BF30B5ADF5097D044638
:10C0400010460D460592FFF7E7F9014606A8FFF7EF
:10C05000A5FC059947A8FFF739FC2B7B6BB1E3885A
:10C060000BB10A220AE00C2247A92046FFF73EFE48
:10C0700080B901230A22E38000E07822204606AC42
:10C08000AB7A47A90394002400920C22CDE9014425
:10C09000FFF77AFE0DF5097D30BD00BFA9B130B5BF
:10C0A000C3B00C4605460A7801A8FFF75FFD0023E0
:10C0B00094F84E2101A92846FFF718FE18B9EB881D
:10C0C00000200133EB8043B030BD0020704700BF3B
:10C0D00070B51446C6B0012205460E4605A8214695
:10C0E000FFF7EAFC4FF482720021204611F078FD40
:10C0F000D4F884311BB1D4F8881120469847337B9B
:10C100006BB1EB880BB10A230AE0102205A928467F
:10C11000FFF7ECFD88B90123EB800A2300E07823C8
:10C1200000931022B37A05A901942846B4F800417F
:10C13000029400240394FFF727FE46B070BD00BFB1
:10C140002DE9F04F144685B00D4607460190FFF7E4
:10C1500063F9A96900902046FFF7A0FF064618B1D1
:10C16000304605B0BDE8F08F3846FFF755F9AB7B98
:10C170008146DF0600F1CA8009F13C0705F10F088E
:10C1800009F1480957F8041F19B198F80030D8068A
:10C190004BD44F4508F10108F4D1AB7C13F00109F1
:10C1A00040F0BE809A074FD4009B05F11408039617
:10C1B00003F13C0A47464833D34602935BF8046FC9
:10C1C00056B13A78D3066FD4900678D4510600F170
:10C1D0008280130600F18C80029B01379B45EDD1D4
:10C1E00095F90230039E002B28DB63894B44DDE97F
:10C1F000019763815AF8043F7BB198F800209006BC
:10C200004AD551062AD512063AD5AB7CDB0704D4B1
:10C21000D9F80030002B40F08E80BA4508F10108B3
:10C22000E8D1304605B0BDE8F08F2046FFF728FE84
:10C23000002866D1E3880133E380AAE723894B44D1
:10C24000DDE901972381D5E7019A29462046FFF7CA
:10C25000F3FE002855D109F10109A5E7009A294606
:10C2600020460193FFF77AFE00284AD1A289019B5C
:10C270000132A28198F9001098F8002081420BDB6E
:10C280001A4629462046FFF723FF002839D1A38903
:10C290000133A38198F80020AB7C02F0600203F028
:10C2A00005011143B9D0B1E7324629462046FFF7D0
:10C2B000F7FD30BB3A7809F10109900686D5324680
:10C2C00029462046FFF788FED8B93A7809F10109D6
:10C2D00051067FF57EAF3346009A29462046FFF788
:10C2E0003DFE70B93A7809F1010913067FF574AF84
:10C2F000324629462046FFF7EBFE10B909F1010945
:10C300006AE70646304605B0BDE8F08F0146204694
:10C31000FFF7A8FD0028F4D1E3880133E3802BE781
:10C32000019A29462046FFF7E9FD0028E9D1AB7CB8
:10C330004FF0010936E74A4629462046FFF7DEFD61
:10C340000028DED1A3890133A38166E770B592B0DE
:10C3500004460D462422002108A811F041FC08AA39
:10C3600021462846FFF7ECFE034600283CD10898FA
:10C3700000283FD0A2781E46BDF82A108DF8122062
:10C3800049BABDF82C20BDF826E089B252BABDF8F2
:10C3900028C09EFA9EFE92B28DF8133061F30F030F
:10C3A0001FFA8EFE9CFA9CFC04A962F31F432288AC
:10C3B0001FFA8CFC6EF30F0652BA06936CF31F46FD
:10C3C000ADF810200C22059604F008FBBDF82410EF
:10C3D000089804F045F9FFF727F82389221D0899EA
:10C3E000009508F039FA0346089818B1039304F051
:10C3F00047F8039B184612B070BD00BF38B505461C
:10C40000FFF70AF890F85130044663B329462748ED
:10C4100007F068FF2A4625494FF47A7007F034FF89
:10C42000012294F8523084F851204BB32946204819
:10C4300007F058FF2A461E49FA2007F025FF01227F
:10C4400094F8703084F8522033B32946194807F025
:10C4500049FF2A46174947F2305007F015FF0123DC
:10C4600084F8703038BD2A4610494FF47A7007F0CE
:10C470000BFF012294F8523084F85120002BD5D1C3
:10C480002A460B49FA2007F0FFFE012294F870308B
:10C4900084F85220002BD8D12A46064947F2305062
:10C4A00007F0F2FE012384F8703038BD198B0100CB
:10C4B00005930100298B010010B582B00446FEF7F8
:10C4C000ABFF002190F8502080F852100AB902B05A
:10C4D00010BD0346214654300193FFF737FF019BFF
:10C4E00002460028F3D12046A3F8542083F85620B2
:10C4F000C3F85E20C3F86220C3F8662083F86A2080
:10C5000083F8502002B0BDE81040FFF777BF00BFAE
:10C5100070B500F1FF3C05461646481E04E0A242F5
:10C5200015D1DD4215D0A1B11CF8011F10F801EFA3
:10C53000A6EB0C0341F0200271454EF0200403F1FC
:10C54000FF33A2F1610EECD0BEF1190FE7D9012043
:10C5500070BD002070BD00BF08B503F01FFA03F0E6
:10C5600093FA03F00FFB07F035FF04F0EDFB02F048
:10C5700049F909F063FABDE8084007F051BE00BF71
:10C5800038B505460C46144A64211448FEF79CFE53
:10C590005DB1E4B12B6AB3B923606360A360E3606B
:10C5A00023616361A3612C6238BD0C4B65220C4989
:10C5B0000C4811F0DBF8002010F024FE0120FEF7FB
:10C5C00077FE0AF073FE054B67220749F0E7034B3D
:10C5D00066220649ECE700BF446A002000360020CE
:10C5E00058360020083300207836002068360020B6
:10C5F00030B5054683B0274AF92127482C6AFEF753
:10C6000063FE95F83D30DB073ED57CB3237913B14B
:10C61000002003B030BD04F10801204A28460191F2
:10C6200009F0ECFB4FF6A963228801999A4206D1E2
:10C63000012322682846237109F010FCE8E76A8F7D
:10C64000174BD3182A6A52791A44164B92B21343E5
:10C65000154A934212D803F57E431BBA284623603D
:10C6600001232268237109F0F9FBD1E71C21012085
:10C6700003F0DCF9044650B12862C7E70B4A934245
:10C6800088BFA3F57E43E8E76FF00F00C1E74FF0E6
:10C69000FF30BEE74869002000360020FD9401000D
:10C6A0000001FEA90000FEA9FF00FEA9FFFEFEA9F1
:10C6B0000129D0F820C038D0022910B5044684B032
:10C6C0000FD061B94FF6FF724FF0020E039103AB2A
:10C6D0000292614602AA8CF804E003F055FC04B013
:10C6E00010BD9CF805300021134A0133CCF800102E
:10C6F00040F259118CF80530036A10480193FEF797
:10C70000E3FD019B002BEAD04FF000021A714FF6B7
:10C71000A96322889A42E2D1094B20461A4619465B
:10C7200004B0BDE8104003F02FBC9CF80530013385
:10C730008CF80530FFF75CBF7C68002000360020D5
:10C740007C700020704700BF036A0BB11A7902B9F0
:10C75000704710B582B004460C4A40F259110C489B
:10C760000193FEF7B1FD019B00214FF6A9621971FB
:10C770002388934201D002B010BD064B20461A46D2
:10C78000194602B0BDE8104003F0FEBB7C680020F3
:10C79000003600207C700020006A20B10A6803681F
:10C7A0009A4201D0002070470079A0F10200B0FA4F
:10C7B00080F04009704700BF2DE9F843002972D08E
:10C7C000B0FA80F84FEA581800286CD01546074692
:10C7D0000C464FF420724FF49A713820994603F0BA
:10C7E000B9FE064600285ED04389B3F59A7F66D32A
:10C7F000032D3FD0A379002B59D0384B18687368AC
:10C800004FF49A7220600021184611F0E9F940F2C5
:10C8100001120346028097F83C208270226812BA07
:10C820004260EA1F012A47D83A68DA6007F1350109
:10C8300007F13B0403F11B0C11F801EFA1420CF8C6
:10C8400001EFF9D163226FF07D0183F8F250304699
:10C8500083F8EC2083F8EF2040F2351283F8ED10D6
:10C860005321A3F8F020032283F8EE10A9F800204A
:10C87000BDE8F8836379032BBCD043684FF49A7208
:10C880004146184611F0ACF940F20112034602800D
:10C8900097F83C208270226812BA42606279043AAA
:10C8A000012AC3D8C0E700263046BDE8F883FEF76A
:10C8B00035FD0A4B1860A2E7032DB7D1EEE7084B10
:10C8C00040F27B720749084810F050FF404610F0D4
:10C8D00099FC0120FEF7ECFC0AF0E8FCF4310120A1
:10C8E000A0360020F43600200833002070B5194D22
:10C8F0002C78CCB9184E3368D3B908F0ABF8306057
:10C9000028B3427A154942F020024272442207F0CD
:10C910007FFE43221149306808F02CF82246104966
:10C92000306808F05BF82C78013400202C7070BD62
:10C930000C4B4FF48A720C490C4810F017FF20463C
:10C9400010F060FC0120FEF7B3FC0AF0AFFC4FF0E2
:10C95000FF3070BD2A3201209C9A00207C7000209C
:10C96000159E0100A0360020343700200833002037
:10C97000002800F08880C169002900F084808B6A5B
:10C980000022B3F1FF3F00B583B04A8207D01E33C7
:10C99000B3F5701F43D23B2B6FD801238B82CB6A38
:10C9A0005A1C07D01E33B3F5701F3FD23B2B54D80F
:10C9B00001233DE04B890A6BB2F1FF3F09D01E32E3
:10C9C000B2F5701F37D23B2A4DD84FF0000C012230
:10C9D00035E0B1F80CC00CF1FF3C1FFA8CFC63454C
:10C9E00031D8CB79DB0713D50B6A4A7900930A2A31
:10C9F0004B6A019305D04FF00A020023A1F80520ED
:10CA00000B8101AB6A461C3103F0BEFA03B000BDD6
:10CA100091F91C300A7F002B18DBFF23E5E74FF666
:10CA2000FF738B82CB6A5A1CBCD1C3E74FF6FF73EE
:10CA30004B81CB81BFE74FF6FE7C4FF6FF7263451B
:10CA40008A810A82CDD900234B81CAE7BF2A4FF6DB
:10CA5000FF7388BF6FF07F43C7E70B4AA2FB032336
:10CA6000C3F34F13E4E7DFF820C0ACFB02C2520966
:10CA700002F1FF3C1FFA8CFCE1E7A2F17732A2FB46
:10CA800003235B09CDE770478988888808B540F2A1
:10CA9000A152064B0649074810F068FE002010F02E
:10CAA000B1FB0120FEF704FC0AF000FCA0360020D8
:10CAB0005C3700200833002008B540F2AD52064B29
:10CAC0000649074810F052FE002010F09BFB0120A1
:10CAD000FEF7EEFB0AF0EAFBA0360020A0370020AC
:10CAE0000833002008B503460430442803D812BA9E
:10CAF00080B2CA5008BD074B40F2BE5206490748F3
:10CB000010F034FE002010F07DFB0120FEF7D0FB7A
:10CB10000AF0CCFBA0360020D837002008330020D4
:10CB2000114A10B5147882B074B1631EDBB2137071
:10CB30000BB102B010BD0D4C0193206807F060FFEF
:10CB4000019B236002B010BD094B4FF49772094955
:10CB5000094810F00BFE204610F054FB0120FEF7B0
:10CB6000A7FB0AF0A3FB00BF2A3201209C9A0020F9
:10CB7000A03600201438002008330020244B002267
:10CB800010B5DC7882B0C0E9082214B1214AD2681D
:10CB900082621A79002A38D01E4A12695C79C26210
:10CBA000002C2DD01B4A526902639C790969C27915
:10CBB000C16114B3174942F00102896909BA0162DF
:10CBC000C271DA791AB1134AD26912BA42621A7A78
:10CBD0008AB1104C002001A9226A12BA019208F011
:10CBE0002FFF0B4B5B7A33B1636A01A901201BBA9B
:10CBF000019308F025FF02B010BD02F0FE02DFE74E
:10CC0000826AC2EBC202D208CEE7826A5208C5E746
:10CC1000A09A0020AC9A00208AB310B582B00C46CE
:10CC200000901046019211F085FD009B20B3C3F1E6
:10CC3000410C019A604532D8FF283FD803F1020C1D
:10CC400000EB0C0EBEF1440F47D803F1010E0C218E
:10CC50001FFA8EFEE154611E634604F80E00104474
:10CC6000614401E0442B0BD012F801CB0133824226
:10CC70009BB201F801CFF5D1184602B010BD704744
:10CC8000174B40F2AD521749174810F06FFD0020C6
:10CC900010F0B8FA0120FEF70BFB0AF007FB104B6F
:10CCA00040F2D2521149104810F060FD002010F0FF
:10CCB000A9FA0120FEF7FCFA0AF0F8FA084B40F254
:10CCC000D4520A49084810F051FD002010F09AFA99
:10CCD0000120FEF7EDFA0AF0E9FAFFF7D7FE00BFF0
:10CCE000A0360020A037002008330020383800206C
:10CCF000F0B5C46987B00546A379082B00F29B8084
:10CD000062790023062AE36104D04FF006022381F2
:10CD1000A4F805200DF11603012221462846FFF74D
:10CD20004BFD064600286DD0BDF81620101D442886
:10CD300000F28480776802F1010C4FF0390E80B266
:10CD400007F1F0011FFA8CFC01F802E04FF0020E2F
:10CD5000039101F80CE002EB0E0CB5F834E003325D
:10CD60001FFA8CFC4FEA1E2392B201F80C3001F836
:10CD700002E02A6BFFF750FF00F1060EBEF1440FF0
:10CD80005CD807F1EF0C831C421C03994FF0370766
:10CD90009BB292B20F5404201FFA8EFE9C4488541A
:10CDA000274802780CF8012F1A4601339BB27345CD
:10CDB00005D0442B00F10100F3D1FFF77DFE901C5C
:10CDC0004FF0FF0C80B201F803C0432807D8C2F12E
:10CDD00042020844002192B210F002FF442000F108
:10CDE000F001304689B203F03BFC1649164A432352
:10CDF0000095086831460192144A07F08BFC3046D2
:10CE000003F03EFBA379FF2B11D00133DAB2052AE0
:10CE1000A2710CD84FF47A730D49934003F2F313C7
:10CE20009BB2A1FB03135B09238107B0F0BD7823FC
:10CE3000238107B0F0BDFFF7DBFB61E7FFF726FEBC
:10CE4000E00700209C9A00207C7000208070002069
:10CE5000D34D6210002800F0AA80F0B5C46987B0F5
:10CE6000002C00F0A0806379012B05D04FF0010267
:10CE70000023A4F8052023810DF116030322214687
:10CE80000546FFF799FC0646002879D0BDF8160044
:10CE9000011D442900F28C807268431C02F1F007E6
:10CEA000039239229BB23A540222FA548218B5F8FE
:10CEB00034C0C31C92B29BB24FEA1C2E07F802E0AA
:10CEC00007F803C000F10A03442B71D8431D322236
:10CED00006307A549BB2042280B23946FA54E26991
:10CEE00012BAFFF7FFFD831D442B61D840F2364391
:10CEF00039463B520230A26980B212BAFFF7F2FD06
:10CF0000811D442954D8039B40F2374289B2F13342
:10CF10003A52284A03440230013092F800C080B2ED
:10CF200003F801CF884205D0442802F10102F3D171
:10CF3000FFF7C2FD2A6B3946FFF76EFEFF2302465C
:10CF40003B54013080B2432807D8C2F14302384431
:10CF5000002192B210F044FE442000F1F00130466E
:10CF600089B203F07DFB1449144A432300950868F5
:10CF700031460192124A07F0CDFB304603F080FAA9
:10CF8000A379FF2B11D00133DAB2052AA2710CD894
:10CF90004FF47A730B49934003F2F3139BB2A1FB56
:10CFA00003135B09238107B0F0BD7823FAE77047CC
:10CFB000FFF76CFDE00700209C9A00207C700020A9
:10CFC00080700020D34D6210A04B2DE9F04F5D68BA
:10CFD00014468BB0EA69002A00F0AE801379002B6A
:10CFE00000F0AA80B4F80AC0BCF12B0F40F2A48074
:10CFF000D4F804E09EF80030022B40F09D8095F8B4
:10D000003C60D6B10EF11B01F046E14605F135005A
:10D0100000231746AE46B44610F8015F11F8012F01
:10D02000954240F089800133DBB2634501D2062B83
:10D03000F2D175463A46C646CC46DEF80430116851
:10D040001BBA8B4278D1002381494FF0F00A049239
:10D050000B810393C1E900332946B4F808E0224666
:10D0600055460BE01268002A66D0A5EB0C05AEEB26
:10D070000C0EB2F80AC0ADB21FFA8EFEAC45F1D963
:10D08000AE4540F2428153689446A34607919946C3
:10D090002B4619F80310FF2900F035819C1CA4B21F
:10D0A0009C4248D35A1CBCF80A00824280F222817A
:10D0B00009EB03056D783B2944D8DFE811F05F00E8
:10D0C0000F014300010143004300ED004300430012
:10D0D0004300430043004300430043004300430038
:10D0E0004300430043004300430043004300430028
:10D0F0004300430043004300430043004300430018
:10D100004300430043004300430043004300430007
:10D1100043004300430043004300430043004300F7
:10D1200043004300E100CD00BB00B10043004300D9
:10D130004300A70061005C4620460BB0BDE8F04FFD
:10D1400003F09EB9EA184FF6FD739A42F3DC2C44C3
:10D15000A4B223468342C0F0D3801B1AAEEB00007A
:10D160009BB21FFA80FE7345E5D2DCF800C0BCF12B
:10D17000000FE0D0DCF8042091468AE793B2E9E79B
:10D18000042DD8D14FF6F9708342D4D80633052642
:10D190009BB200202E49E04609902E48CDE905E3D8
:10D1A00000EB860723468C1927E0042D2A4609A99F
:10D1B000404628BF04220293019203F0D1FB019A5A
:10D1C0008242B8D1042D40F23B8115F00300B2D168
:10D1D0004FF00103099A04F8013B12BA029B3A602E
:10D1E0001A1D92B29A42A6D3731C043D04370A2B2F
:10D1F0001E46EDB200F08C8113462278002AD4D06E
:10D20000DDE905E3C446BCF80A00A3E7042D92D18A
:10D210004FF6F97083428ED806332E469BB2B8E79C
:10D22000042D88D14FF6F970834284D80633022644
:10D230009BB2AEE7012D7FF47EAF4FF6FE708242C7
:10D240003FF479AF03332E469BB2A2E7A89F00209C
:10D25000A09A0020AC9A0020BAF1F00F7FF46BAFD7
:10D26000681E18BF012000287FF465AF4FF6FE75D9
:10D27000AA423FF460AF0333064601259BB288E71C
:10D28000042D7FF458AF4FF6F97083423FF653AF49
:10D29000063303269BB27CE7AA077FF44CAFEA185B
:10D2A0004FF6FD739A423FF746AF2B199BB2002D04
:10D2B0003FF450AF082D4FF0080628BF082568E757
:10D2C000032D7FF638AF2B444FF6FD7083423FF7B6
:10D2D00032AF2B19072604259BB25AE7042D7FF4A1
:10D2E0002AAF4FF6F97083423FF625AF0633062684
:10D2F0009BB24EE7DCF8005025B36D682D78DAE676
:10D300007345FFF4C6AE07995C46894B1B7863B141
:10D31000884B002286481B680270012B00F0A28017
:10D32000022B06D0032B00F09B80039B002B00F008
:10D330009E8000234FF06C0E4FF02C0A0393B4F83C
:10D340000AC08CE63B293FF604AF01A353F821F055
:10D35000C99F0100839F01009F9F0100839F0100DF
:10D360009F9F01009F9F01009F9F01009F9F0100C1
:10D370009F9F01009F9F01009F9F01009F9F0100B1
:10D380009F9F01009F9F01009F9F01009F9F0100A1
:10D390009F9F01009F9F01009F9F01009F9F010091
:10D3A0009F9F01009F9F01009F9F01009F9F010081
:10D3B0009F9F01009F9F01009F9F01009F9F010071
:10D3C0009F9F01009F9F01009F9F01009F9F010061
:10D3D0009F9F01009F9F01009F9F01009F9F010051
:10D3E0009F9F01009F9F01009F9F01009F9F010041
:10D3F0009F9F01009F9F01009F9F01009F9F010031
:10D400009F9F01009F9F01009F9F01009F9F010020
:10D410009F9F01009F9F01009F9F0100839F01002C
:10D42000839F0100839F0100839F01009F9F010054
:10D430009F9F01009F9F0100839F0100839F010028
:10D44000DDE905E3C44608D09DF82400394941F8D8
:10D450002600012036498855D5E6099800BAF5E737
:10D46000012303934FF0EC0E4FF06C0A67E7304B4B
:10D470000D46049A5B78002B3FF45EAE2D48616840
:10D480000379052B19D0062B27D0022B7FF454AE3D
:10D490005379062B7FF450AE254B9B78002B3FF43D
:10D4A0004BAE8268EB69039812BA188128469A61DC
:10D4B0000A69DA61FFF7CEFC3EE6537903F0FD021C
:10D4C000012A03D0043B012B3FF636AEE869FFF793
:10D4D00055FB2846FFF74CFA2EE65379DA1E022A4E
:10D4E00002D9012B7FF428AEEB695A790C2A05D0BA
:10D4F0004FF00C010022A3F805101A810E4B2846AC
:10D500001A46194602F040FD2846FFF7F1FB13E6E4
:10D5100004460A4B40F2816209490A4810F026F994
:10D5200020460FF06FFE0120FDF7C2FE09F0BEFE9F
:10D53000A09A0020AC9A00207C700020A036002029
:10D5400054380020083300202DE9F043C46985B029
:10D5500007466379032B05D04FF003020023A4F89C
:10D56000052023810DF10E03032221463846FFF7E3
:10D5700023F9064600287CD0BDF80E00011D442981
:10D5800000F29480756800F1010C821C4FF0020ECD
:10D5900005F1F0081FFA8CFC92B2C31C4FF0390958
:10D5A0009BB208F8009008F80CE008F802E040226E
:10D5B00008F8032000F10A03442B77D8431D3222D8
:10D5C000063008F801209BB20422414680B208F8D8
:10D5D0000320E26912BAFFF785FA811D442965D854
:10D5E00040F2374205F1F10389B228F800200344E4
:10D5F0002F4A02300130157880B203F8015F88426B
:10D6000012D0442802F10102F4D12A4B40F2AD526B
:10D6100029492A4810F0AAF800200FF0F3FD012054
:10D62000FDF746FE09F042FE3A6B4146FFF7F4FA79
:10D63000FF23024608F80030013080B2432807D8A3
:10D64000C2F143024044002192B210F0C9FA4420D2
:10D6500000F1F001304689B203F002F8184A009751
:10D66000432310683146174A07F0F6F8304602F0B7
:10D6700007FFA379FF2B14D00133DBB2092BA37171
:10D680000FD8C3EB4311104A03EB8103DB0003F215
:10D69000F3139BB2A2FB03235B09238105B0BDE812
:10D6A000F0831423238105B0BDE8F083FFF7EEF982
:10D6B000E0070020A0360020A0370020083300201B
:10D6C0009C9A002080700020D34D621038B505462A
:10D6D0000C46154A40F2F7211448FDF7F5FD55B107
:10D6E000ECB1E969B1B93422204610F079FA02238D
:10D6F000E371EC6138BD0D4B4FF43E720C490D489F
:10D7000010F034F800200FF07DFD0120FDF7D0FD72
:10D7100009F0CCFD054B40F2FA220749EFE7034B35
:10D7200040F2F9220549EAE7A46A0020A036002069
:10D730005836002008330020783800206838002050
:10D7400070B50546234A40F22D312348FDF7BCFD54
:10D75000002D3CD095F83D30DA0738D5AB8EB3F5C7
:10D76000107F31D3EC6934B323790BBBE6793422D3
:10D770000021204606F0020610F032FAE671FFF7AB
:10D78000B5F8064600BB0122227195F83D205307EB
:10D7900009D46279022A04D04FF002022081A4F851
:10D7A0000520304670BD2846FFF7A2FA304670BD0E
:10D7B000FFF7B6F9DAE7342002F0F4F8044618B1BE
:10D7C0000023C371E861D1E74FF0FF36E9E76FF05E
:10D7D0000F06E6E7586A0020A036002008B5C369A6
:10D7E0002BB15A79052A03D8022A03D852B908BDA9
:10D7F0000A2A05D100229A71BDE80840FFF7A4BEAD
:10D800000C2A05D800229A71BDE80840FFF770BACB
:10D81000074B40F2BE32074907480FF0A7FF002030
:10D820000FF0F0FC0120FDF743FD09F03FFD00BFC4
:10D83000A03600209C380020083300202DE9F0415C
:10D84000054686B0574A40F28F41EC695648FDF7CD
:10D850003BFD6379052B05D04FF005020023A4F8AA
:10D86000052023810DF11603032221462846FEF7E9
:10D87000A3FF0646002800F09080BDF81600071DA3
:10D88000442F00F28D80D6F804E03922431C0EF1BB
:10D89000F0019BB20A540222CA548218B5F834C06F
:10D8A000C31C92B24FEA1C289BB201F8028001F817
:10D8B00003C000F10A0CBCF1440F71D8431D37229C
:10D8C0001FFA8CFC9BB2CA550422CA5400F1F5031E
:10D8D000364A06301EFA83F3013092F800E080B237
:10D8E00003F801EF604512D0442802F10102F3D1A0
:10D8F0002D4B40F2AD522E492E480FF037FF00203D
:10D900000FF080FC0120FDF7D3FC09F0CFFC2A6B5F
:10D910000391FFF781F9FF23039902460B5401306D
:10D9200080B2432807D8C2F143020844002192B2D2
:10D9300010F056F9442000F1F001304689B202F0AF
:10D940008FFE1D4A009543231068314604F11802EA
:10D9500006F082FF0546304602F092FDA379FF2BC8
:10D9600015D00133DBB2092BA37110D8C3EB4311DF
:10D97000124A284603EB81031B0103F2F3139BB207
:10D98000A2FB03235B09238106B0BDE8F0812823B5
:10D990002846238106B0BDE8F0814FF0FF35DDE772
:10D9A000FFF774F858690020A0360020E007002037
:10D9B000A0370020083300209C9A0020D34D62102D
:10D9C00070B5054686B03F4A40F23351EC693E4897
:10D9D000FDF77AFC002C64D06379002B61D0002322
:10D9E000EA69A169A3620591C4F80E30C4F8123047
:10D9F000C4E90633C4E90833C4E90B33002A52D022
:10DA000053791A1F012A01D90A2B4CD100210DF19B
:10DA1000120307222846A4F8051021812146FEF7AB
:10DA2000CBFE0646002834D0BDF81200831D442BDF
:10DA300046D87168431C3622F0319BB20A54042246
:10DA400002300391CA54059A80B212BAFFF74AF81D
:10DA5000FF23039902460B54013080B2432807D8B4
:10DA6000C2F143020844002192B210F0B9F84420F8
:10DA700000F1F001304689B202F0F2FD134A009540
:10DA800043231068314605AA06F0E6FE304602F050
:10DA9000F7FC0F4B28461A46194602F075FA23790F
:10DAA00043B906B070BD0023A4F805302381237963
:10DAB000002BF6D0FFF734F80023237106B070BDB9
:10DAC000FEF7E4FF88680020A03600209C9A002022
:10DAD0007C700020784B2DE9F0411D6886B09DB127
:10DAE000EC698CB163797BB1A18A29B1628A013278
:10DAF00092B29142628278D0228A42B9E2891AB106
:10DB0000511E012AE18179D006B0BDE8F081511E95
:10DB1000012A2182F2D15A1ED2B2092AF4D840F247
:10DB2000192121FA02F2D207EED5042B05D04FF0CD
:10DB300004020023A4F8052023810DF1160303221B
:10DB400021462846FEF738FE8046002800F09280E5
:10DB5000BDF8160000F1040EBEF1440F00F2AA80D9
:10DB6000D8F804603922431C06F1F0019BB20A5434
:10DB70000222CA548218B5F834C0C31C92B24FEACC
:10DB80001C279BB28F5401F803C000F10A0CBCF1B2
:10DB9000440F00F28F80431D37221FFA8CFC9BB28A
:10DBA00001F80E200422CA5400F1F502434B06305E
:10DBB00016FA82F2013093F800E080B202F801EF29
:10DBC000604532D0442803F10103F3D13C4B40F2CD
:10DBD000AD523C493C480FF0C9FD00200FF012FB4C
:10DBE0000120FDF765FB09F061FB2846FFF7E8FE21
:10DBF000284606B0BDE8F041FFF7A2BD013BDBB20D
:10DC0000092B81D840F2112222FA03F3DB077FF5BA
:10DC10007BAF2846FFF712FEA389628A9B1A012B6D
:10DC20007FF772AF5B10E3816EE72A6B0391FEF71B
:10DC3000F3FFFF22039903460A54013080B24328C0
:10DC400007D8C3F14303084400219AB20FF0C8FF7C
:10DC5000442000F1F001404689B202F001FD1B4A68
:10DC60000095432310684146194A06F0F5FD4046E9
:10DC700002F006FCA379FF2B1AD00133DBB2092B8B
:10DC8000A37115D8C3EB4311124A03EB8103DB00E8
:10DC900003F2F3139BB2A2FB03235B09A28A618AFE
:10DCA0002381531A012B7FF72FAF5B1023822BE7C1
:10DCB0001423F3E7FEF7EAFE20D00020E00700205F
:10DCC000A0360020A0370020083300209C9A0020B6
:10DCD00080700020D34D6210224B186840B1C36998
:10DCE00033B11A89012A02D9013A1A81704700D04A
:10DCF00070475A790021013A19810B2AF8D801A1FD
:10DD000051F822F08FAB01003DAB010085AB010063
:10DD10003DAB01003DAB010081AB01003DAB01001B
:10DD20003DAB01003DAB01003DAB01003DAB01004F
:10DD300081AB0100FEF7DCBF9B79012BFAD8FFF71E
:10DD400003BC9B79052B01D8FFF784B800B583B0DD
:10DD50000190FFF735FE019803B05DF804EBFFF783
:10DD6000EFBC00BF20D00020F0B585B00446BDF860
:10DD70003450002847D00E4617461C214FF420721D
:10DD80001020039302F0E6FB0146002838D04289B8
:10DD9000039B1B2A4BD942686DBAD58094F83C008E
:10DDA00006283FD1186840F606050391906040F2BE
:10DDB00006409B8893810B9B1B68C2F812300B9B1B
:10DDC0009B88D3820A9B1B68C2F80E300C9B1B6891
:10DDD000908093610A9B1888174B13604FF6A963D4
:10DDE00032460095984220460CBF144B3B4606F045
:10DDF000F1FE0399084602F043FB002005B0F0BD98
:10DE00004FF0FF30FAE70E4B4FF48C620D490E488D
:10DE10000FF0ACFC00200FF0F5F90120FDF748FAF7
:10DE200009F044FA064B40F272420849EFE7044B0E
:10DE300040F26B420649EAE7000108006C700020DE
:10DE4000B038002058360020083300203C3900202C
:10DE5000083900202DE9F04F00230A2585B0514CE8
:10DE60002F4698462246AC46AB460191CDE9023397
:10DE700004E0F446013318320A2B1BD0BCF10A0F20
:10DE80000FFA83FE92F814903FD1B9F1000FF0D051
:10DE900018B1066851688E426AD0B9F1010FB2F824
:10DEA00012A036D0C245E5D30133D04677461832AA
:10DEB0000A2BE3D1019E5946012E5BD1BCF10A0F1A
:10DEC00080462FD10A2F37D007EB47033D4654F841
:10DED0003330002B51D105EB450200216B00BC46CD
:10DEE00004EBC2021175B8F1000F05D05A19D8F829
:10DEF000001004EBC20251602B44002204EBC30467
:10DF00006282604605B0BDE8F08FB9F1000FB1D074
:10DF1000BEE7116809B302998A45ABD37546CDF8BF
:10DF200008A0A7E70CEB4C03654604EBC3031B7D7D
:10DF300093BB4FEA4C03D6E70A2915D001EB410603
:10DF40000D4654F8360030B1019102F099FA0023E1
:10DF5000019944F836300F46BDE703998A4589D3C5
:10DF6000F346CDF80CA085E70A2D03D02946E5E756
:10DF7000F446C6E74FF0FF3CC3E70B4B4FF4B772D4
:10DF80000A490B480FF0F2FB00200FF03BF9304636
:10DF9000FDF78EF909F08AF9034B40F28512054925
:10DFA000EFE700BFA4990020B0380020803900209E
:10DFB00008330020983900202E4B02EB4202F0B5C6
:10DFC00003EBC2050F4687B0297D012943D9D20052
:10DFD0000229044602F10C0C0CEB03060CD004F1F0
:10DFE00036014FF400650A4633463946204600950F
:10DFF00006F0F0FD07B0F0BD698AB1F58E7F17D845
:10E00000B1F5877FEBD3043200F1360100901A445A
:10E01000012305910393184B0292324601930B465C
:10E02000FFF7A2FE05990028DBD103232B75D8E763
:10E03000043200F1360100901A4401230591039344
:10E040000D4B029201930B460C4AFFF78DFE05998A
:10E050000028C6D1E9E70A4B40F2EF2209490A48F5
:10E060000FF084FB00200FF0CDF80120FDF720F920
:10E0700009F01CF9A4990020747000206C70002035
:10E08000B0380020C43900200833002070B51D4C82
:10E0900084B0002604F1F0050AE0012A1FD0032A0B
:10E0A0002CD0042A01D1022323741834AC4214D09A
:10E0B000227C002AF9D0E38901339BB2B3F5967F25
:10E0C000E381EAD354F8040C18B102F0D9F944F80A
:10E0D000046C26741834AC42EAD104B070BD042B31
:10E0E000F0D803926068084A00F136030294019266
:10E0F0001946064A0090FFF737FED6E7042323743B
:10E10000D3E700BFA8990020747000206C70002035
:10E110000D4B10B503F1F00182B004461A7D12B127
:10E120009A68A24204D018338B42F7D102B010BDD6
:10E13000186830B1019302F0A3F90022019B034952
:10E140001A6000221A75EEE7A4990020949A002024
:10E150002DE9F0470E4688B00546554A40F2892120
:10E160005448FDF7B1F8002E7DD06C682388B3F5D4
:10E17000807F02D12379062B05D0284608B0BDE860
:10E18000F04702F07DB96379042BF6D16388082B40
:10E19000F3D12146304607F0F9FED4F80E3032684C
:10E1A0000793002A62D1924604F10808022791469B
:10E1B00096F83C20062A6CD1002B3CD031461846FC
:10E1C000059300F0EBFEB0BB059B03F0F003E02BE2
:10E1D00031D00590394607A8FFF73CFE431C2AD0F2
:10E1E000DFF8DCC000EB40000223059A0CEBC00E08
:10E1F0008EF81430C300CEF8086003F10C01D8F893
:10E2000000004CF801006144B8F8040088805CF814
:10E210000310AEF8122071B14CF803204FF40063E4
:10E2200006F13602304600934346059106F0D2FCD3
:10E23000059802F025F9E388B3F5807F9DD18AF037
:10E24000010319EA030F98D0022106F13603424672
:10E250003046039107A9CDF8048002911946009633
:10E26000FFF782FD89E708B0BDE8F087A169A2EB5E
:10E27000030A04F10808BAFA8AFA8A424FEA5A1ADB
:10E2800003D14FF00109012792E74FF0000902275F
:10E290008EE7084B4FF4D572074908480FF066FA2D
:10E2A00000200EF0AFFF0120FDF702F808F0FEFF9E
:10E2B00064690020B0380020143A002008330020A0
:10E2C000A4990020002900F0B4800B68002B00F016
:10E2D000B0802DE9F041054686B00C46014618464F
:10E2E000174600F05BFE002840F08980236803F0A9
:10E2F000F003E02B00F0838001212046FFF7AAFD08
:10E30000411C064664D04C4A00EB400805F1360338
:10E3100002EBC80898F81420EAB90122C8F808509E
:10E320001946284688F8142000950593CDE9024245
:10E33000424A0192424AFFF717FD0038059B18BF79
:10E340000120404227B198F81420012A25D806D090
:10E3500006B0BDE8F081002F54D0012A1DD13B4604
:10E3600005E01A7B52062BD41B68002B35D0598947
:10E370001A899142F5D11A68002AF2D0314B40F245
:10E38000FA32314931480FF0F1F900200EF03AFF2E
:10E390000120FCF78DFF08F089FF1A46264C06EB9A
:10E3A00046033946284604EBC3034FF40064009447
:10E3B0000C33274C267006F00DFC06B0BDE8F0814A
:10E3C0003A464FF42071102002F098FB074638B906
:10E3D0004FF0FF3006B0BDE8F081384602F0BEF9DC
:10E3E00006EB4603144A52F8330008B102F048F82D
:10E3F00006EB4606104B43F836700020A8E76FF096
:10E400000F00A5E7012228461946029403920B4A01
:10E41000009501920A4AFFF7A7FC0028D8D11823DB
:10E42000054A03FB06231B7D012BE6D1A8F8120049
:10E43000E3E76FF00F007047A4990020747000208C
:10E440006C700020B0380020383A002008330020DB
:10E450002E32012070B5054684B014460E46554A4A
:10E4600040F21E315448FCF72FFF002D00F093803E
:10E47000002E00F08180002C6FD02946206800F02B
:10E480008DFD002857D1236803F0F002E02A38D030
:10E490002A6869685A400A420ED09BB24FF6A962B8
:10E4A000934209D07368DB689BB2934204D0AB6897
:10E4B000002B4FD005F10804DFF818C13F4B9CF842
:10E4C000002002EB420103EBC103197D012903D9AE
:10E4D0005B68216899423AD0384B00201A7D012AA6
:10E4E00003D921685A68914227D0013018330A288D
:10E4F000F4D132462146284604B0BDE87040FFF70B
:10E50000E1BE012163886278ADF808105E2102F057
:10E510007F02ADF80C3002AB8DF80A108DF80B209D
:10E520004FF4006405F1360231462846009406F0A7
:10E5300051FB04B070BD224BF2E7C2B2314628460F
:10E540008CF8002004B0BDE87040FFF735BD3146BF
:10E550002846F7E76FF00300EBE7174B40F2213254
:10E56000184919480FF002F920460EF04BFE012021
:10E57000FCF79EFE08F09AFE0F4B4FF448721349C9
:10E5800011480FF0F3F830460EF03CFE0120FCF786
:10E590008FFE08F08BFE084B40F21F320C490A48F0
:10E5A0000FF0E4F828460EF02DFE0120FCF780FE67
:10E5B00008F07CFEA0680020B0380020A49900205C
:10E5C0006C700020F439002008330020543A0020F9
:10E5D000583600202E32012000B5012285B0DFF828
:10E5E00024C000F13603CDE90212044A1946CDE9F0
:10E5F000002C034AFFF7B8FB05B000BD7C7000207B
:10E600006C7000207470002000B58C4685B000F15D
:10E6100036030121054ACDF800C00192044ACDE934
:10E6200002C11946FFF7A0FB05B000BD74700020C1
:10E630006C70002010B5846A82B004B30A6820466A
:10E6400001E0006820B143689342FAD102B010BDE6
:10E650000720009101F044FA009970B10B68436003
:10E660000023836003731F4B0A681B689A421CD007
:10E6700023680360206002B010BD0020E6E7CDE90A
:10E680000001072001F02CFADDE900310028F4D068
:10E69000F9B9144A01731468C0E901110A68A24269
:10E6A00012D1002202609862D0E70F4B4FF48972BA
:10E6B0000E490F480FF05AF800200EF0A3FD01207C
:10E6C000FCF7F6FD08F0F2FD074B4FF4867209499E
:10E6D000EFE70A6884600473024C426024680A68A9
:10E6E000DDE700BF9C990020603A0020E83A002056
:10E6F00008330020B43A0020437A022B07D0012BC4
:10E7000000D070474389013B9BB29942F9D8022956
:10E7100004D80122428101224272704700B583B0C1
:10E72000CDE90001FCF7FAFD0199009BB0FBF1F285
:10E7300002FB1100588108B901225A8101225A7244
:10E7400003B000BD2A4B2DE9F0411B688AB0064694
:10E750000D46174608214FF420723820089301F027
:10E76000F9FE002831D043890446072B30D932689E
:10E77000162F436808926A685A6002D0DFF88080DA
:10E7800003E0012205F104082A7200250821184639
:10E790001F705D709D70DD70079307F029FB079B6C
:10E7A00040F2944142465880022009910421019090
:10E7B0000123049109A920460296039108A9009516
:10E7C00000F0A8FB204601F05BFE0AB0BDE8F08136
:10E7D000084B40F20232084908480EF0C7FF0020FB
:10E7E0000EF010FD0120FCF763FD08F05FFD00BF97
:10E7F0007C700020603A00202C3B00200833002071
:10E800009899002003490448044B054A08601A609F
:10E81000704700BF9C990020E000000198990020FB
:10E82000E000000210B50A490446FFF703FF60B19B
:10E83000037B0222013342720373636C1BB101221A
:10E84000034920469847002010BD4FF0FF3010BD0F
:10E850009C99002070B50023846A836274B10646D7
:10E86000736C25460022304624680BB1291D984759
:10E870002946072001F048F9002CF1D1204670BD4F
:10E88000836A1BB370B51C68FCB1114E012501E011
:10E890002468D4B1637A022B06D0012BF8D16389A6
:10E8A000013B9BB2042BF3D9FCF738FDA6FB0032E9
:10E8B000657222F0030303EB9203C01A012838BFEC
:10E8C000012060812468002CE4D170BD704700BF36
:10E8D000CDCCCCCC806A30B10A6801E0006810B1C0
:10E8E00043689342FAD1704770B50E46418982B0B1
:10E8F000044607291BD945680192284607F078FA93
:10E90000A8B9B16A99B1019A0846126801E0006895
:10E9100068B143689342FAD12B78112B0DD0162B96
:10E9200005D1437A012B02D14FF400738360204656
:10E9300002B0BDE8704001F0A3BD144BD3F800C095
:10E940006B68944505D0002BF1D06978FFF7D4FEB1
:10E95000EDE7ABB96B7823B90A236B70B16A002974
:10E96000E5D008680028E2D069780190FFF7C4FE7E
:10E97000019800680028F7D1D9E709680029D6D0A6
:10E980004A689A42F9D10846DFE700BF9C99002007
:10E9900070B50D46254A82B0044640F2E91124487C
:10E9A000FCF792FC2B6803F0F002E02A37D1214AF1
:10E9B0001268934233D094F83D309B062FD52946F8
:10E9C0002046FFF737FE034660B3427A2AB11A7B2E
:10E9D000002001321A7302B070BD027B3AB9666C36
:10E9E0002EB10190012229462046B047019B1946CD
:10E9F000162220460193FFF7A5FEFCF78FFC0E4A76
:10EA00000121019BA2FB0042597222F0030101EB9C
:10EA10009202801A012838BF01205881D7E76FF091
:10EA20000500D8E74FF0FF30D5E700BF106A00209F
:10EA3000603A00209C990020CDCCCCCC70B50D461E
:10EA400082B00446244A254840F24921FCF73CFCA8
:10EA5000286800F0F003E02B2DD1214B1B68984271
:10EA600029D094F83D309B0625D5A26A1AB31346E7
:10EA700001E01B68FBB159688842FAD1197B012972
:10EA800004D901391973002002B070BD1146126813
:10EA90009A4214D0002AF9D11A7AAAB9666C2EB11A
:10EAA0000022294620460193B047019B19460720C2
:10EAB00001F02AF8E7E76FF0050002B070BD1A68B0
:10EAC0000A601A7A002AE9D01946172220460193D3
:10EAD000FFF738FE019BE1E7B0680020603A0020B4
:10EAE0009C9900201D4B186800282CD0816A19B908
:10EAF00070470968002927D04A89531E002AF8D098
:10EB00009BB24B81002BF4D14B7A012BF1D110B584
:10EB100082B0134B4FF0020C4C6816221B689C42CB
:10EB200013D1096869B14A89531E002AF9D09BB2F2
:10EB30004B81002BF5D14B7A012BEAD009680029D3
:10EB4000F1D102B010BD7047704781F809C0CDE91E
:10EB50000001FFF7F7FDDDE90001E2E720D000202A
:10EB60009C9900200B4B1B685BB193F83D2002F091
:10EB70000502052A07D11A6842B102787F2A08BF28
:10EB8000002318467047002318467047134618465E
:10EB9000704700BF20D000202DE9F04104467F4A95
:10EBA00082B00F467E4840F2D911FCF78DFB6268B7
:10EBB00013781909042933D1518803F00F032089F0
:10EBC00049BA9B008DB2A84231D86089984227D3B8
:10EBD0002089A84224D3132B22D91169D06801F0CF
:10EBE000F00E704D97F83DC0BEF1E00FC5E904018D
:10EBF00026D11CF0200F78D1517A112900F08580A0
:10EC000070B100263946CDE9003200F0C7F938B9B5
:10EC1000296901F0F001E02902D0DDE900328EBB64
:10EC2000204601F02DFC002002B0BDE8F08129460D
:10EC30002046CDE9003201F013FDDDE90032C4E7E2
:10EC40001CF0010F5CD0D7F800C0BCF1000FD3D08E
:10EC50008C4514D008463946CDE9003200F09EF9C3
:10EC6000DDE9003250B905F114013846CDE9003232
:10EC7000FDF792FDDDE90032002841D02869002827
:10EC800074D13E46D18821F0C00141B120460093A5
:10EC900000F0ACFB04460028C5D04268009BAA6087
:10ECA000204601930092C5E90067117801F00F0139
:10ECB0008900A981394601F05FFF0128804644D0D0
:10ECC0000199204601F074FB009A019B527A013AA7
:10ECD000102A21D8DFE802F05C56202020512020A5
:10ECE00020202020202020204C0005F1140138464F
:10ECF000CDE90032FFF7EEFDDDE900320028BDD19D
:10ED0000517A11292CD028697AE7D1184988B1F5B0
:10ED1000884F7FF475AFB4E7B8F1020F12D03146D7
:10ED20006869009300F03AF960B96A6902F0F0028C
:10ED3000E02A07D00099204601F068FB0221204616
:10ED400007F0C0FA204601F09BFB00230020C5E934
:10ED50000033AB60AB81C5E9043302B0BDE8F0819C
:10ED6000D1184988B1F5884FCDD18AE73E4649E7A9
:10ED70003946204605F03AFBE7E73946204603F0DE
:10ED800013FDE2E7084A39462046FFF7ADFDDCE710
:10ED90003946204607F0F0F9D7E700BF7469002034
:10EDA000683B0020A89F0020BC9F00202DE9F04F69
:10EDB000044685B08846154640F275314E4A4F48A4
:10EDC0009A469DF838909DF83C70BDF84860FCF775
:10EDD0007BFAA37B012B7AD1002D5AD0002E55D07F
:10EDE000282E71D8F31C204623F003039BB219464A
:10EDF00003F1140B009301F0A3FA0190002860D1F5
:10EE000032461199606807F0BDFF009B9E424BD3CC
:10EE10001421204601F094FA0646002851D1638956
:10EE2000132B63D94FEA9B026368062F42F040021E
:10EE300083F808A05F7229681A7083F8019022890C
:10EE4000196151BA9871D871598001D1442A04D9F5
:10EE50002B4A1688711C76BA11809E80B8F1000F7B
:10EE60001FD0D8F80020DA6000229A72DA72109B64
:10EE70009B8E13B122899A421DD8109B2A462146A7
:10EE800010981B69984705B0BDE8F08F4FF0140B40
:10EE9000BEE76389132B14D9636803AD1B69039321
:10EEA000E5E7184A1268DEE760689A1B019930446A
:10EEB0000EF096FEACE72A461099204600F080FC42
:10EEC000E1E76FF00100DEE76FF00500DBE70B4BD9
:10EED00040F276320C490D480EF048FC00200EF04E
:10EEE00091F90120FCF7E4F908F0E0F9034B40F256
:10EEF000AA320749EFE700BFC8680020683B00203E
:10EF0000FC3101207C700020BC3B00200833002035
:10EF1000C83B0020F0B59DF814E09DF81840BDF8FE
:10EF20002460DDE907C51AB109B10F6807B9614668
:10EF3000CDF814E0CDE90856CDE9064CBDE8F04027
:10EF4000FFF734BF10B586B09DF820C00A9CCDF8FD
:10EF500000C04FF0000C0294CDE903CC9DF824C012
:10EF6000CDF804C0FFF722FF06B010BD30B587B062
:10EF70009DF828E09DF82C40DDF830C01AB109B1A9
:10EF80000D6805B96146CDF800E0CDE9014C0024DB
:10EF9000CDE90344FFF70AFF07B030BD431E03333A
:10EFA00014D891F83D3013F002030DD00B68834262
:10EFB0000FD04A68434013420BD1D34320EA0200EA
:10EFC000C31AB3FA83F35B09184670470123184646
:10EFD0007047002318467047F0B5514C85B0027851
:10EFE000A35C5B0738D50F4603AE6D46302A36D09A
:10EFF0004FF00A0E0130002107E0BEF1080F1CD0CF
:10F0000001FB0E21027830390130A35C13F0040FAC
:10F01000F3D1BEF1100F15D113F0440F12D003F04D
:10F02000030302F10A0C0278022B14BF412361236F
:10F03000ACEB030343EA0111E6E7A2F1300CBCF1AB
:10F04000070FDDD92E2A18D1B54205D0027845F830
:10F05000041BA35C5907C9D4002005B0F0BD427859
:10F0600002F0DF03582B03D001304FF0080EC1E748
:10F0700082784FF0100E0230BCE70AB11B07EBD5C7
:10F080006B46EB1A9B100133042B3AD801A252F8BD
:10F0900023F000BFA5BE010005BF0100F5BE0100C1
:10F0A00033BF01000FBF0100B1F1807FD4D2009BBC
:10F0B000FF2BD1D841EA03610FB109BA39600120B1
:10F0C000CBE7FF29C8D80098FF28C5D8019BFF2BA4
:10F0D000C2D8029AFF2ABFD81B0443EA006343EA5E
:10F0E00002231943E8E7B1F5803FB5D2009AFF2A21
:10F0F000B2D8019BFF2BAFD81B0443EA026319432C
:10F10000DAE7084BFB22084908480EF02FFB0020E5
:10F110000EF078F80120FCF7CBF808F0C7F800BF34
:10F12000796B0020F83B0020503C00200833002081
:10F1300008B540F24712064B064907480EF016FB89
:10F1400000200EF05FF80120FCF7B2F808F0AEF8EE
:10F150005C3C0020B43C00200833002010B504467D
:10F1600048B1406908B101F08BF921460620BDE89D
:10F17000104000F0C9BC074B4FF4347206490748F1
:10F180000EF0F4FA20460EF03DF80120FCF790F85E
:10F1900008F08CF85C3C0020D03C002008330020B4
:10F1A00081422DE9F04100F08D8007468846002914
:10F1B0005ED00968814240F081804C68002C45D0C7
:10F1C00063689A883AB300266368204625461C681F
:10F1D00001F0BAFA3318B3F5803F61DA28469EB2DF
:10F1E00001F04EF9002CEFD13A4B1A68974248D003
:10F1F000B8F1000F43D03B68C8F80030394605200D
:10F2000000F082FC344A1388B3425FD39B1B304624
:10F210001380BDE8F0811A68386979697A60FD6801
:10F22000BA6898602046D96001211A605D60BA69A9
:10F230001A6107F04BF8204601F086FA0646204690
:10F2400001F01EF97C68002CBED1CDE7214B1A6875
:10F25000914219D00B6805202646C8F8003000F00E
:10F2600053FC1D4A304613889B1B1380BDE8F08178
:10F270004468002CA4D1174B1A6890420DD0FFF7B8
:10F2800057FF3A681A60B9E70A6805201A6000F06B
:10F290003BFC114A26461388B8E702680146F4E7AA
:10F2A0000E4BCE220E490F480EF060FA00200DF0F2
:10F2B000A9FF0120FBF7FCFF07F0F8FF074BAD2289
:10F2C0000949F0E7054BAB220849ECE7034BD42290
:10F2D0000749E8E74CD00020FE3101205C3C0020CB
:10F2E000FC3C002008330020E83C0020DC3C0020EF
:10F2F0001C3D00202DE9F04705468A460027DFF82F
:10F30000B880D8F80000002848D04FF00009D5F8A0
:10F310000CC0CE4649464B46426962452AD009F1A7
:10F32000010453B9026892B353698E4601469C4565
:10F33000034636D009F10204104693F81F90C27FAD
:10F3400006684A450AD926B3726994450FD001462A
:10F3500030460134C27F06684A45F4D88E460346DB
:10F3600091461EB372699445F1D18E46034601461B
:10F37000A14630462C698269A242D0D18489AA88EC
:10F380009442CCD10268AAB101461046C4E78E4629
:10F3900003464BB9574501DA012CB2DC3846BDE8CB
:10F3A000F087A1461046E5E771461846FFF7F8FEDC
:10F3B0000744EFE74C46ECE74CD0002038B50A4B49
:10F3C0001C684CB10025E37F204624685A1E23B1F7
:10F3D0000546C277002CF6D138BD2946FFF7E0FE7E
:10F3E000002CF0D1F8E700BF4CD000202DE9F04F01
:10F3F000476883B006463B7803F00F03052B40F0C7
:10F40000D9807D886DBAADB2132D40F2D380B7F8A4
:10F41000068001F099F9A24B81461B8803440A2B10
:10F4200000F3E3809F4B1968002900F0EB80F86837
:10F4300003E00968002900F0E5804B698342F8D1B8
:10F440003B698A699A42F4D18A89BB889A42F0D191
:10F45000FB8858BAC0F30C00002800F0B3804C6859
:10F4600098FA98FCA5F1140213F02003CCF30C0CCD
:10F4700093469A464FEACC0C0AD10CEB02039BB29E
:10F480009C4500F28B804FF6EB72934200F286802F
:10F49000D6F804E0BEF802309EF800205BBA02F015
:10F4A0000F029BB2B3EB820F78D3A3EB8203BEF8BB
:10F4B000062052BAC2F30C02D2001344AEF8042064
:10F4C00098B2AEF806300023824201908EF80030E8
:10F4D0008EF801308EF802308EF803305ED8002CA2
:10F4E00000F039814FF001080FE063D0DF88BA42A5
:10F4F00060D335B1EC88844214BF4FF0000808F0A7
:10F5000001081C68002C00F0BD801D4663689888C7
:10F510008242EAD2CEF80040002D00F0BB80019C70
:10F52000EB88844246D89A4244D39A4214BF4FF0A3
:10F53000000808F001082E60BAF1000F00F0838087
:10F540008B7FDB0740F18C80B8F1000F00F08880E2
:10F550004B68002B00F084805B689A887AB9DEF8EB
:10F560000000002800F00181019C04E010680028E0
:10F5700000F09A80D48842689088A042F6D0484A29
:10F5800013884B441380BAF1000F16D18B7FDC44F3
:10F5900043F00103A1F81CC08B770EE054B9414B36
:10F5A0001B688B4240F0F2800B6805203D4A1360D7
:10F5B00000F0AAFA304600F063FF0025284603B0A9
:10F5C000BDE8F08FC88940BAC0F30C0000283FF4B2
:10F5D00046AF3B687A68BC68F8688B60CA600C61AB
:10F5E00048613B698B61FB8839E701463846FFF784
:10F5F00081FE0028DED02A4B1B884B440A2B7FF764
:10F6000011AFD7E7052000F06BFA014668B3254A31
:10F61000002413688C600B600F23CC600C614C617C
:10F620008C61CC614C60CB7711603B68D7F804C02B
:10F63000BA68F8688B60C1F80CC00A6148613B6920
:10F640008B61FB880CE7B8F1000F02D04B68002BF0
:10F6500082D18B7FDC4443F00103A1F81CC08B777F
:10F660000F4A13884B441380A7E749463846FFF7F3
:10F6700041FE81459EDC052000F032FA014600285B
:10F68000C5D197E7BA4214BF4FF0000808F001084F
:10F690001E6051E7019B83428CD84E604CE700BF4F
:10F6A000FE3101204CD00020934260D03D480288BA
:10F6B0004A440280BAF1000F4BD1887F0BEB0C0259
:10F6C00040F001008A8388778D6814320C6948699C
:10F6D00052BACE689C605E60D86000201C681D60D5
:10F6E0008D695A801D6198714D68D8719872D87271
:10F6F0006CB10F4614212046666800F059FE214681
:10F70000284601F037F83468002CF3D13946264BEF
:10F710001B688B4206D0002B3DD01A688A4215D058
:10F720001346F8E70B68204A1360052000F0ECF957
:10F73000284601F009F81B4B1B8883422DD31B1A66
:10F74000184A2846138003B0BDE8F08F0A681A6093
:10F75000EBE78A8BB8E74E60BAF1000F3FF476AF63
:10F760008B7FDA073FF5F4AE7AE79E459ED10F4BCB
:10F770004FF4F1720E490F480DF0F8FF00200DF024
:10F7800041FD0120FBF794FD07F090FD074B40F28F
:10F79000AD220949EFE7FFF7CBFC044B40F29D2275
:10F7A0000649E8E7FE3101204CD000205C3C0020F7
:10F7B000403D002008330020903D0020743D002093
:10F7C0002DE9F04FD0F804A08DB09AF8003003F086
:10F7D0000F03052B40F0C08043890546132B40F2F0
:10F7E000BB800389143B9BB21E46002B00F0AF8008
:10F7F0008B8E14270024DFF8A091B3F11400B046DB
:10F8000048BFA3F10D00CDE90A1220F00702BAF8B3
:10F810000630C110CDF814A05BBA92B209910492DF
:10F82000C3F30C02C3F34033039208934FF42072E6
:10F830001421102000F08EFE834600284CD043890E
:10F84000132B40F29B8005994368C8680A68D1F879
:10F8500004C08E68D86004981A604045C3F804C09C
:10F860009E6028BF40460A6902901A61DBF80420B6
:10F8700000286ED06C89BC4271D3029ECDE9062867
:10F880001AE0019403466A68214600203A44009237
:10F89000412200F033FD824618B3361B284600F0A3
:10F8A0005DFF5146B6B25846C8E9049500F062FFC4
:10F8B000FEB12D6800276C89E41BA4B2B44228BFB6
:10F8C0003446002CF5D0062000F00AF980460028C6
:10F8D000D7D1584600F0D4FD4FF0FF300DB0BDE851
:10F8E000F08F4146062000F00FF9584600F0C8FDA1
:10F8F000F2E72744DDE90628BFB20A99039E8B8E02
:10F900000898133B4345D8BF40F00100C6F30C03F1
:10F9100043EA403308465BBAD380029B14335BBA98
:10F92000538000239372D3720B6959460B9A984700
:10F93000584600F0A5FD029BA8EB030B099B1FFA9C
:10F940008BF833440393B8F1000F7FF46FAF0020BE
:10F95000C4E72744BFB2D0E76FF00500BEE70A4B0B
:10F9600040F22F3209490A480DF000FF00200DF047
:10F9700049FC0120FBF79CFC07F098FC024B40F28D
:10F9800026320449EFE700BF5C3C0020D03D002058
:10F9900008330020B03D0020A9BF0100704700BF20
:10F9A000704700BF08B50BF081FC90B1C31C23F079
:10F9B000030398420DD0074BC822074907480DF0B2
:10F9C000D5FE00200DF01EFC0120FBF771FC07F0B6
:10F9D0006DFC08BDE03D0020303E002008330020D3
:10F9E00010B540B1C31C23F00303984211D1BDE808
:10F9F00010400BF063BC094BD922094909480DF0AE
:10FA0000B5FE00200DF0FEFB0120FBF751FC07F0D6
:10FA10004DFC024BDA220449F0E700BFE03D002034
:10FA2000543E002008330020643E00200BF0ACBBA5
:10FA300008B54FF48C72064B064907480DF096FE48
:10FA400000200DF0DFFB0120FBF732FC07F02EFC5D
:10FA50007C3E0020CC3E00200833002008B54FF447
:10FA6000B672064B064907480DF080FE00200DF0E7
:10FA7000C9FB0120FBF71CFC07F018FC7C3E0020B2
:10FA8000F03E002008330020F0B5DFF850E00424F9
:10FA9000104B0026104D0EF12C075EF8042B2E6043
:10FAA00074B103330021B2F800C023F003030A4607
:10FAB00000E06344013219601946A242F9D12B607B
:10FAC000774505D0DEF80020D2E901355488E4E717
:10FAD000F0BD00BF986E212004D0002048710020A6
:10FAE0000A280BD808B5074B53F820309B681868D4
:10FAF00018B102681A60830702D108BD0020704760
:10FB0000FFF796FF4871002061B10A280AD808B5AE
:10FB10008B0708D1054B53F820309B681A680A60A0
:10FB2000196008BD7047FFF799FF00BF48710020BA
:10FB30006FF00B00704700BF68B190F83D2002F0F5
:10FB40000501052900D070470368002BFBD0930600
:10FB5000F9D5FEF795BE10B50446074B4FF4647215
:10FB6000064907480DF002FE20460DF04BFB012030
:10FB7000FBF79EFB07F09AFB103F0020603F002040
:10FB800008330020704700BF10B5054A044640F214
:10FB90005B310448FBF798FB034B1C6010BD00BFB2
:10FBA0004C6B0020103F002020D0002030B50546CF
:10FBB00085B0184A40F271311748FBF785FB1DB13B
:10FBC00095F83D30DA0701D505B030BD134943F053
:10FBD000010301220C6885F83D308DF804204CB1FA
:10FBE00001AA08212846D4E900349847002CF7D10F
:10FBF00095F83D3003F00502052AE5D12A68002A70
:10FC0000E2D09B06E0D5284605B0BDE83040FEF7BF
:10FC100037BE00BF286B0020103F00207C9F0020D3
:10FC200030B5054685B0144A40F2BF311348FBF7A2
:10FC30004BFB1DB195F83D30DA0701D405B030BD5E
:10FC40000F4900220C688DF804204CB101AA08214C
:10FC50002846D4E900349847002CF7D195F83D3078
:10FC600023F001021B0785F83D20E7D5284605B0A3
:10FC7000BDE83040FEF74CBA0C6B0020103F00206E
:10FC80007C9F002038B50546244A40F20A312448BA
:10FC9000FBF71AFBB5B1234B1C683CB100220221D3
:10FCA0002846D4E900349847002CF7D12B68D3B903
:10FCB00095F83D309A060ED4DB0704D41A4C23681D
:10FCC000AB4221D038BD184C2846FFF7A9FF236866
:10FCD000AB42F7D118E02846FEF7BCFD95F83D3061
:10FCE000DB07EBD5EFE70021284601F0B5FF002147
:10FCF000284604F0F3FE0021284600F0BDFF95F8E9
:10FD00003D309A06D8D5E6E7084A40F25B31044810
:10FD1000FBF7DAFA0023236038BD00BFCC6900206E
:10FD2000103F00207C9F002020D000204C6B002042
:10FD300030B5054685B01B4A40F204411A48FBF72E
:10FD4000C3FA1DB195F83D305A0701D505B030BD55
:10FD500043F00403284685F83D30FDF73FFD284673
:10FD6000FCF7F0FC95F83D3003F00502052A10D0B1
:10FD70000E4A012314688DF80430002CE6D001AA45
:10FD800004212846D4E900349847002CF7D105B067
:10FD900030BD2A68002AEBD09B06E9D52846FEF73D
:10FDA0006FFDE5E7EC6A0020103F00207C9F0020FB
:10FDB00030B5054685B0144A40F22A411348FBF796
:10FDC00083FA1DB195F83D305A0701D405B030BD16
:10FDD00023F00403284685F83D30FCF7B5FC28469F
:10FDE00006F056F80A4A002314688DF80430002CF7
:10FDF000ECD001AA04212846D4E900349847002C0D
:10FE0000F7D105B030BD00BFB46A0020103F00201C
:10FE10007C9F002010B50446094A40F2CE61094893
:10FE2000FBF752FA54B1084B186830B190F84030E3
:10FE30000133DBB2A34218BF002010BD204610BD25
:10FE4000646A0020103F002020D0002038B504460E
:10FE50000D46164A40F20A711548FBF735FA34B1DF
:10FE6000A5B1144B25601A681C60626038BD104B48
:10FE700040F20B72104911480DF078FC20460DF04D
:10FE8000C1F90120FBF714FA07F010FA084B40F211
:10FE90000C720B4909480DF069FC28460DF0B2F9C7
:10FEA0000120FBF705FA07F001FA00BF8069002086
:10FEB000103F00207C9F0020843F0020083300205A
:10FEC000A03F002010B50446164A40F21D711648A6
:10FED000FBF7FAF9BCB1154B196871B1A1420DD00D
:10FEE0004B6823B907E05A68194622B113469C4271
:10FEF000F9D163684B600023636010BD62681A60CB
:10FF000000236360F9E7084B40F21E720849094874
:10FF10000DF02CFC20460DF075F90120FBF7C8F917
:10FF200007F0C4F9E0680020103F00207C9F00200B
:10FF3000843F002008330020F8B5054668B10E4B19
:10FF40000E4617461C683CB13A4631462846D4E96D
:10FF500000349847002CF7D1F8BD084B40F23E72B0
:10FF6000074908480DF002FC28460DF04BF9012026
:10FF7000FBF79EF907F09AF97C9F0020103F0020C4
:10FF8000B43F002008330020F0B50D4689B0174675
:10FF90000446544A4FF4307153481E46FBF794F917
:10FFA000002D36D007B316B32B6823B300231946B0
:10FFB0003F68D4E90120974226D0676001923268F9
:10FFC00001AE8242069641F0400626D0A26002AA07
:10FFD000029007922BB346F0A00189B205AA2046F1
:10FFE000FFF7AAFF09B0F0BD404F002EDCD12B680F
:10FFF0003E4E002BDAD12168002943D13F6801230E
:02000004600298
:10000000D4E901209742D8D13268824258D00E46B6
:10001000DCE7364D002FC6D1E6E753B141F0C00111
:10002000DCE723682A6893420AD146F4946189B2D6
:10003000D4E723682A68934204D141F49861CDE75C
:1000400046F0200603AF2A6804A93846CDE90332FA
:1000500001F002FE04A9384604F040FD04A9384628
:1000600000F00AFE04AA3946204605F0F3FF2B688B
:10007000012120462360FFF75FFD46F49263059758
:1000800099B2ABE703A8039105A9059301F0E4FD3C
:1000900005A903A804F022FD05A903A800F0ECFDC2
:1000A00005AA03A9204605F0D5FF2B6801212046AB
:1000B0002360FFF741FD03AB10210593012377E790
:1000C0001BB100298ED0902188E723682A689342CB
:1000D00006D100290CBF4FF480614FF492617DE797
:1000E0000E46AFE7DC690020103F00207C70002046
:1000F000F0B583B004460D46164640F22D11364A3F
:1001000036480193FBF7E0F8354A019B1768002F4A
:100110004DD1002C3BD0099A002A38D0002D3ED07A
:10012000002E37D0002B38D0089832462946A061DF
:100130000A98E0600020C4E90000A060A08684F86E
:100140003D00E06120626062A062E062606484F869
:100150004000A064234820612046FFF715FF204699
:10016000099B984798B994F83C30062B2ED894F800
:100170003D309B0617D41C4B1D683DB10022012168
:100180002046D5E900359847002DF7D12746384657
:1001900003B0F0BD154E002BC6D1144BC4E7134D70
:1001A000002EBFD1F6E72046FEF73CFBE3E70B4B02
:1001B00040F231120E490F480DF0D8FA00200DF030
:1001C00021F80120FBF774F807F070F8034B40F2B8
:1001D0008B120949EFE700BFF8690020103F0020AB
:1001E00020D000207DC901007C9F00207C70002071
:1001F000CC3F002008330020E83F002000B59C469B
:1002000085B00023CDF808C0CDE900121A46194682
:10021000FFF76EFF05B000BD08B540F24632064B51
:10022000064907480DF0A2FA00200CF0EBFF012070
:10023000FBF73EF807F03AF8144000206440002035
:100240000833002008B540F24C52064B06490748D7
:100250000DF08CFA00200CF0D5FF0120FBF728F8F8
:1002600007F024F8144000207840002008330020D4
:1002700007490022074B08681A7010B906E0C068E9
:1002800020B1436F002BFAD001F03ABD704700BF98
:10029000283101203432012030B522F0400483B0EF
:1002A000012C15D105460920CDE90012FFF718FCF5
:1002B00060B100230099019A0360437361F30F0357
:1002C000456061F31F430273C481836003B030BD96
:1002D000074B4FF4A672074907480DF047FA002074
:1002E0000CF090FF0120FAF7E3FF06F0DFFF00BFFC
:1002F000144000208C40002008330020033020F000
:10030000030010B501EB000EBDF80CC01446029AB4
:10031000E64513D84FF0000C61F30F0C61F31F4C4E
:1003200002B10244002002215A60012218601846DE
:10033000C3F808C01C735973DA8110BD002010BDCA
:1003400010B5F0B1B1F5803F0BD2C1B18AB20389CB
:1003500013449BB29A4204D890F90CC0BCF1000F30
:1003600001DB012010BD446800F1100C611A6145E9
:10037000F7D3B0F80AC04160624403814281002093
:1003800010BD0446074B4FF4F272074907480DF0C1
:10039000EDF920460CF036FF0120FAF789FF06F050
:1003A00085FF00BF14400020A0400020083300203B
:1003B00010B5A8B1B1F5803F10D269B18AB24389B6
:1003C00093420BD344689B1A04EB010C01894381CF
:1003D0008B1AC0F804C00381002010BD012010BD9D
:1003E0000446074B4FF41472064907480DF0BEF956
:1003F00020460CF007FF0120FAF75AFF06F056FFDF
:1004000014400020A040002008330020002918DB01
:1004100010B5F8B199B18AB2038913449BB29A42DC
:1004200016D890F90CC04468BCF1000FA4EB010190
:100430000ADBB0F80AC041606244038142810020B7
:1004400010BD4942FFF7B4BF00F1100C6145F0D276
:10045000012010BD0446074B4FF4F27206490748CD
:100460000DF084F920460CF0CDFE0120FAF720FFB4
:1004700006F01CFF14400020A0400020083300209C
:10048000F8B50546002849D0002608E02C69002C64
:100490003AD02846A0470136F6B2D7B13D46AC7BEC
:1004A0001CB3013CE4B2AC739CB96B7B2F6813F0B6
:1004B0000204EBD12B7B03F00F03022B0BD0012B9B
:1004C0000ED033BB01362846FFF78AFAF6B2002F6A
:1004D000E4D13046F8BD29460A20FFF715FBDAE7DC
:1004E00029460920FFF710FBD5E7144B40F2F5220F
:1004F000134914480DF03AF920460CF083FE012010
:10050000FAF7D6FE06F0D2FE0C4B40F203320E494B
:10051000EFE70A4B40F213320C49EAE7074B4FF47E
:1005200038720B4907480DF021F928460CF06AFE95
:100530000120FAF7BDFE06F0B9FE00BF144000200E
:10054000AC40002008330020C4400020E8400020D8
:10055000A0400020B2F5C17F2DE9F84381460F4647
:100560003AD012D822F04003012B30D0364B40F263
:100570002912364936480DF0F9F800200CF042FEF9
:100580000120FAF795FE06F091FEB2F5207FEDD13D
:10059000CB1C033023F0030320F003001033184476
:1005A000FFF700FA804678B100212A4B81440A46C1
:1005B000C36009F1130367F30F0223F0030367F32A
:1005C0001F42C0E9001382604046BDE8F883002066
:1005D000BDE8F843FFF760BE002240F2EC551E4C28
:1005E000904606E03260FB1A4FF000099FB2002FE0
:1005F000EAD00A201646FFF773FA0246C0B109F1A5
:10060000030300EB09010020178123F003031331DA
:100610001060EB1A21F00301D4609BB25160BB4221
:1006200028BF3B465381B8F1000FDBD19046DAE793
:100630000A4B01221A70B8F1000F02D04046FFF7B2
:100640001FFF4FF00008BFE714400020FC400020CF
:1006500008330020800001008200010034320120B4
:10066000F8B5044600285DD003898B4222D90D4697
:10067000C91A06E02289EB1A0A449DB22281246835
:1006800094B36389AB42F5D3227B120706D1AB4208
:1006900004D0637B13F002031E460CD000232068B5
:1006A00065F30F0365F31F43A36008B1FFF7E8FE8E
:1006B00000232360F8BD636820461B1B5919FFF710
:1006C0006FF90746F8B18442E8D0194B40F2C112E5
:1006D000184919480DF04AF830460CF093FD0120F6
:1006E000FAF7E6FD06F0E2FD114B40F2B1121349B4
:1006F00011480DF03BF820460CF084FD0120FAF77C
:10070000D7FD06F0D3FD0A4B40F2BF120C490A4850
:100710000DF02CF838460CF075FD0120FAF7C8FDF5
:1007200006F0C4FD024B4FF4CD720649E0E700BF6E
:100730001440002064410020083300203041002094
:100740004841002018410020034630B1002001300C
:100750001B6880B2002BFAD17047704730B108B5E2
:10076000837B0133DBB283730BB108BD7047FFF7A6
:1007700053FD00BFD0B110B5B1FA81F46409A1B145
:10078000884214D0036843B10289B1F808C06244BA
:10079000028118461B68002BF6D1028943899342D7
:1007A00014D10A8901601344038110BD70470F4BB7
:1007B00040F25F320E490F480CF0D8FF20460CF093
:1007C00021FD0120FAF774FD06F070FD074B40F2A1
:1007D0006732094907480CF0C9FF00200CF012FDF0
:1007E0000120FAF765FD06F061FD00BF144000200E
:1007F00080410020083300209C41002000B583B0D8
:100800000191FFF7B7FF019921B18B7B0133DBB277
:100810008B730BB103B000BDFFF7FEFC002900F0A5
:100820008B802DE9F84391460A890E464A4561D3EB
:10083000054600285ED0018903EB0902914259DB8D
:10084000B0FA80F81F464FEA58186C897389E41B88
:100850006868A3EB0803716838449C42414428BF90
:100860001C464C4528BF4C462246274406F08AFACF
:100870006A89BA4251D3A044738943453ED3A9EB58
:1008800004041FFA84F91DD0BA422AD032899A4250
:100890000AD01DB16A892B899A420CD0B9F1000F98
:1008A000D3D14846BDE8F8833368002BF1D06FF010
:1008B0000500BDE8F8832B68002BF8D1B9F1000FD3
:1008C000C3D1EEE7B9F10003366818BF012306B9BA
:1008D00083B9BA424FF0000807D0002ED9D07389EF
:1008E000D4E7B9F1000318BF01232D6805B90BB98E
:1008F0000027F2E76FF00F00BDE8F883104B40F2DD
:10090000FB32104910480CF031FF00200CF07AFC4B
:100910000120FAF7CDFC06F0C9FC094B40F2FA328F
:100920000A4909480CF022FF00200CF06BFC012062
:10093000FAF7BEFC06F0BAFC6FF00F00704700BF7C
:1009400014400020E441002008330020CC41002066
:1009500019B100230A89FFF761BF6FF00F007047DC
:100960002DE9F84379B1054668B10F4616469AB3AA
:10097000B5F80AC063B16345A3EB0C0208D32D6838
:1009800093B2002DF4D14FF000084046BDE8F88343
:100990004FF0000801E0B5F80AC0ACEB030C696841
:1009A00007EB08001FFA8CF41944B442A14628BF93
:1009B000B1464A46C84406F0E5F92D68A6EB090998
:1009C0001FFA88F80023002DDFD0B4421FFA89F601
:1009D000E1D34046BDE8F8839046D6E7B9B32DE9A8
:1009E000F843054608B3038993421BD3BAB1B0FA62
:1009F00080F79146884616467F0901E02D68BDB113
:100A00006C8908EB07016868B44228BF3446224667
:100A1000274406F0B7F9361BF0D1B9451AD10020AA
:100A2000BDE8F8834FF0FF30FAE76FF00F00F7E70B
:100A3000104B40F2E542104910480CF097FE284652
:100A40000CF0E0FB0120FAF733FC06F02FFC6FF00E
:100A50000F007047074B4FF49E62094907480CF09E
:100A600085FE30460CF0CEFB0120FAF721FC06F0A3
:100A70001DFC00BF1440002000420020083300206D
:100A800018420020002835D09C46034670B582B03D
:100A900003E01B681FFA80FC43B35C896445ACEB40
:100AA0000400F6D918890CEB0205A8421EDB586831
:100AB0006044A4EB0C0C624504DC06F063F90020F2
:100AC00002B070BD1FFA8CF2CDE90013164606F095
:100AD00059F92A1B92B2DDE90013002AEFD0314404
:100AE000186802B0BDE87040FFF778BF4FF0FF30E4
:100AF00002B070BD4FF0FF30704700BF38B51446EC
:100B00000A462189FFF726FD054628B100232289E0
:100B10002146FFF783FE08B9284638BDFFF792FB50
:100B200018B90AE0006899B230B143898B42A1EB51
:100B30000303F7D94368585C7047704740B1438955
:100B40008B42A1EB030306D8006899B20028F6D1C6
:100B50004FF0FF3070474368585C704718B90AE09F
:100B6000006899B230B143898B42A1EB0303F7D9F6
:100B700043685A54704770472DE9F84F384E814604
:100B800031687069FEF70AFA364BD3F800B0BBF152
:100B9000000F54D08046D9F804200020557A04462E
:100BA00005E0DBF80C305C46002B34D09B469BF80C
:100BB0001030AB42F5D19BF8081031B1736893F84F
:100BC00040300133DBB29942EBD1DBF80010B8F1D1
:100BD000000F22D00029E4D19BF81130DB0704D5A7
:100BE000DBF8041033699942DBD1DBF81470002F75
:100BF000D7D092461C4B4A465946DBF81800B847F6
:100C000088B9D9F8042052451BD1DBF80C300220FA
:100C10005C46002BCAD1BDE8F88F0029DCD073698F
:100C20009942BED1D8E744B10E49DBF80C200B68DD
:100C3000E260C1F800B0CBF80C300120EBE7584679
:100C4000E9E70746094BC02209490A480CF08EFD26
:100C500038460CF0D7FA0120FAF72AFB06F026FBFB
:100C6000A89F002048D00020B89F002030420020DC
:100C7000804200200833002010B1026801B102B99F
:100C800070470B68002BFBD0084B1B68002BF7D07C
:100C900010B400E002681C68944201D10A681A602E
:100CA000DB68002BF6D110BC704700BF48D0002095
:100CB00010B50446E0B1037D042B03D0072B0BD005
:100CC000032B07D102F0AAFD58B90523204623754E
:100CD00002F040FF002010BD02F0A0FD08B909237A
:100CE000F4E7431CF7D1638B43F008036383F1E718
:100CF000074B4FF4CE72074907480CF037FD2046EA
:100D00000CF080FA0120FAF7D3FA06F0CFFA00BF10
:100D1000CC4200201C4300200833002008B5D42218
:100D2000064B074907480CF021FD00200CF06AFA39
:100D30000120FAF7BDFA06F0B9FA00BFCC42002054
:100D4000284300200833002008B5FAF7E7FA024BE1
:100D5000024A0343138008BD00C0FFFF6A7E0020E3
:100D600008B5037D012B05D001460220BDE80840EF
:100D7000FEF7CABEFFF7D2FF38B50446E0B1038DD7
:100D800040F6683EC16A426A658E581A754510443D
:100D900094BFA0EB050CA0EB0E0CBCF1000F05DA24
:100DA0008B1A05D4B3F5803F15D20020638538BD7A
:100DB00000231846638538BD094B40F2AA32094921
:100DC00009480CF0D3FC00200CF01CFA0120FAF7C3
:100DD0006FFA06F06BFA024B40F2BA320349EFE7C2
:100DE000CC4200203C430020083300206043002018
:100DF00070B504460D461B4A40F2D1311A48FAF745
:100E000063FAB4B1237D012B1E461CD0238DE91853
:100E100089B28B4203D841F2D063994201D941F2A1
:100E2000D06120462185FFF7A7FF40F2B3539842D7
:100E300000D870BD638B204643F002036383BDE896
:100E4000704002F087BE084B40F2D632074908488E
:100E50000CF08CFC00200CF0D5F93046FAF728FA9B
:100E600006F024FA606B0020CC4200207C43002076
:100E70000833002070B138B50446254624686868F8
:100E800008B1FFF7FDFA29460420FEF73DFE002CCD
:100E9000F3D138BD704700BF88B10146406858B1F2
:100EA00000B583B00191FFF7EBFA0199042003B07C
:100EB0005DF804EBFEF728BE0420FEF725BE704760
:100EC00010B5044682B0B0B10420FEF709FE034617
:100ED00070B12068D4F804C0A168E268C3F804C007
:100EE000186099605868DA600193FFF737FC019B3E
:100EF000184602B010BD074B40F28662064907480B
:100F00000CF034FC20460CF07DF90120FAF7D0F902
:100F100006F0CCF9CC420020A44300200833002086
:100F200020B1037D0A2B01D0012B00D8704730B5CA
:100F30000546806F83B018B1FFF7A2FA0023AB67B4
:100F40006C6F6CB121462468486818B10191FFF7B5
:100F500097FA01990420FEF7D7FD002CF2D16C67B7
:100F60004FF6FF73EC6E2B8664B121462468486807
:100F700018B10191FFF784FA01990420FEF7C4FD2E
:100F8000002CF2D12C6F64B121462468486818B156
:100F90000191FFF775FA01990420FEF7B5FD002CC9
:100FA000F2D1A5F86840C5E91B4403B030BD00BFCD
:100FB0002DE9F04FA74F87B0DFF8B4923B68DFF818
:100FC000B4A201333B6099F80030013389F8003056
:100FD000A14B1C68002C7CD04FF0000B257D002D10
:100FE00000F0F581012D00F0E3810A2D00F0FE8173
:100FF00099F80030A27F9A4200F02581022DA37754
:1010000094F8423000F0A2800B2B40F2AA80012617
:10101000062D00F0CC80637A1B0740F19A80042DE6
:1010200002D0072D40F09580D4F894108B483B688F
:10103000226A08188A4D9B1AA5FB0050B3EB501F7B
:1010400040F2D58001364FF00108F6B2656F9DB1D0
:101050003B689A1AB4F9403003EB4303B2EB430FF9
:1010600080F00A81237D032B48D0092B4BD13B68AC
:10107000226A9B1AF02B46D92046D4F89050FFF7ED
:101080004FFF754B1B68BBF1000F00F072819C4253
:1010900000F0C481E368CBF80C30B8F1000F40F0E9
:1010A0005B81237D012B00F0AB8121460220D4E936
:1010B0000346FEF729FD00238AF800303DB16FF0AA
:1010C0000C013046A8479AF80030002B80D1002C44
:1010D00084D1644E346874B10025237D0A2B40F01E
:1010E0008A813B68226A9B1AF02B00F29180254688
:1010F000E468002CF1D107B0BDE8F08F3B68226AAC
:101100009B1A282BB8D8002EB6D1237F627F0133DB
:10111000E568DBB29A42237712D8D4F88C30267770
:101120008AF80060002B00F013812146206998475F
:101130009AF80030002B7FF44BAF002800F00881B4
:10114000A3462C46002C7FF449AFC2E7052B08D9F3
:101150000126656F002D00F0ED804FF00008226A37
:1011600076E794F89960002E00F09680226F002AAE
:1011700040F04A81E36E002B00F0558194F89A30DC
:101180000B2B3FF644AF384B334413F8011C94F853
:1011900098308B42C0F0FA80B4F86060A6B920465F
:1011A00002F012FFB8B1257D062D7FF434AF638BBA
:1011B000DA0628D53B68226A9B1A282B23D90136E8
:1011C0004FF00008F6B241E73146204602F0D2F96E
:1011D000002800F0E48094F899300026257D062B45
:1011E00084F898609CBF013384F89930DCE794F868
:1011F0009B201E4800FB0211194AA2FB0121B3EB00
:10120000511F00F29980656F002DA6D1A8467AE79C
:101210002046FFF785FE3368002D00F0B0809C4229
:1012200000F0F780D4F80C80C5F80C80237D012BEA
:1012300000F0E680214644460220FEF765FC002CC3
:101240007FF44BAF57E7A346E468002C7FF4C6AEAB
:101250003FE700BF3831012028310120B84C0A0097
:10126000D34D62103C310120A0710020F824010010
:101270003B3201203932012005942C462D686068EC
:1012800008B1FFF7FDF821460420FEF73DFC002DD4
:10129000F3D1059C6567E5E6B4F9303047F6FE7199
:1012A0009AB28A4202D8013213B22386B4F940209E
:1012B0009A423FF7ADAE204602F0E2FA257D38B102
:1012C000236F002B7FF4A4AEE36E002B3FF4A0AE9F
:1012D000022D14D094F84220B4F93C100C2AB4F931
:1012E0003E3028BF0C2203EBE10356498A5C934051
:1012F00047F6FF729342A8BF1346A4F84030638EAE
:101300002046B4F84810A4F848305B009AB2B4F80C
:1013100060308B4228BF0B465B08934238BF1346B0
:10132000A4F84A3000232386A4F86A3002F0C8FDEE
:10133000257D6DE6A84695E6204602F00BFE0028C6
:101340007FF407AF94F89B30013384F89B3000E7BB
:10135000204602F0FFFBF3E6238B2046626A216DF4
:101360000293E38A0193231D0093234602F066FB58
:1013700097E69C425CD1E368334A13608DE69C4259
:101380005BD1D4F80C80C6F800804FE70133DBB2A4
:101390008B4284F89830BFF4FFAE164638E62046FC
:1013A00002F0D8FB00287FF416AF0646257D2FE615
:1013B000264B40F2C342264926480CF0D7F90020BC
:1013C0000BF020FF2846F9F773FF05F06FFF1F4B66
:1013D00040F2C24220491F480CF0C8F900200BF02F
:1013E00011FF0120F9F764FF05F060FF174B40F291
:1013F000C4421A49EFE7154B40F2A5521849EAE7F3
:10140000124BD4221749E6E7104B4FF49B62164962
:10141000E1E70E4B40F2B3521449DCE70B4B40F2CC
:1014200071521349D7E7094B40F2D9421149D2E72B
:10143000064B40F275521049CDE7044B40F2B752CB
:101440000E49C8E78071002028310120CC420020DD
:10145000EC43002008330020C04300201844002043
:10146000084500202843002044440020384500203F
:10147000B044002078440020DC4400206045002077
:1014800070B50C46002934D0002841D003688B4247
:101490001FD02BB1DA68A24228D01346002BF9D115
:1014A00000232046E360FFF73BFD237D0A2B1AD083
:1014B000012B0AD0638BDA070ED4E36E002B31D1F7
:1014C000256F002D33D1636F3BBB00232375E3826F
:1014D00070BDCB680360E3E743F0020320466383FB
:1014E00002F038FB237D012BE7D1EEE7E268DA60FA
:1014F000D6E7114B40F68D02104911480CF036F931
:1015000000200BF07FFE0120F9F7D2FE05F0CEFEA1
:10151000094B40F68E020B49EFE7074B4FF40A6286
:101520000949EAE7044B40F69D020849E5E7024B0A
:1015300040F69E020649E0E7CC42002088450020A4
:1015400008330020A4450020F8450020C4450020B1
:10155000DC4500202DE9F04F054687B00E46534A82
:1015600040F23B215248F9F7AFFE002D5DD02C7DB3
:10157000012C00F08C800A2C79D02B6D9A466B6A76
:101580009B46D5F890301F462B699846EB8A9946C2
:10159000002C42D1002B4BD14FF0000900262C6FBC
:1015A00064B121462468486818B10591FEF768FFC8
:1015B00005990420FEF7A8FA002CF2D1EC6E64B174
:1015C00021462468486818B10591FEF759FF05992E
:1015D0000420FEF799FA002CF2D16C6F64B1214619
:1015E0002468486818B10591FEF74AFF0599042060
:1015F000FEF78AFA002CF2D14EBB2B7D012B44D092
:1016000029460220FEF780FA3B4677B16FF00C01C5
:10161000404607B0BDE8F04F184729462548FFF778
:101620002FFF254B01221A70B9E707B0BDE8F08FF4
:10163000224A1368AB4217D033B1DA68AA4201D00C
:101640001346F9E7EA68DA600023EB60A4E7CDF817
:1016500004905A462B8B5146284602932B1D00932B
:101660002B4602F0EBF9C8E7EB681360ECE729467C
:101670001348FFF705FF2B7D012B06D029460220DA
:1016800007B0BDE8F04FFEF73FBAFFF747FB084B46
:101690004FF410720B490C480CF068F800200BF066
:1016A000B1FD2046F9F704FE05F000FEEC690020CC
:1016B000CC42002028310120393201202C31012078
:1016C0003C31012010460020083300200121FFF7A3
:1016D00041BF00BF70B5634A82B040F23271064626
:1016E0006148F9F7F1FD0220FEF7FAF9044620B34C
:1016F0009C22002120460CF073FA5C4B5C4941F2BD
:10170000D0601A685B4B09782262A362FF235A4AB1
:10171000A4F86400A17759485949A2644FF0061211
:10172000E372584B6675C4F88400C4F89410C4F88A
:101730003E202363204602B070BD534B1B686BB143
:101740001846DB68428B1107F9D522F00802019395
:101750004283FFF7ADFA019B002BF1D14B4B1B6885
:1017600083B1424A002110681A6A821A914201D854
:101770001C461146DB68002BF6D11CB10121204626
:10178000FFF7E8FE0220FEF7ABF904460028AFD1D0
:101790003D4B196899B1354B2246186801E0C9687C
:1017A00049B10B7D092BFAD10B6AC31A9A42F6D8BC
:1017B0000C461A46F3E714B12046FFF7CBFE022091
:1017C000FEF78EF90446002892D12F4B196899B183
:1017D000264B2246186801E0C96849B10B7D082BE9
:1017E000FAD10B6AC31A9A42F6D80C461A46F3E7A6
:1017F00014B12046FFF7AEFE0220FEF771F9044651
:1018000000287FF475AF33062AD40EB332461E4B40
:101810001B68EBB1013A15494FF0000CD2B2D1F878
:1018200000E006E0186AAEEB000C0A461C46DB68D6
:101830004BB1597D9142F5D3F9D1186AAEEB000551
:101840006545F4D3EFE71CB101212046FFF782FE86
:101850000220FEF745F9044600287FF449AF69E706
:101860007F22D4E7006B0020CC42002038310120D9
:101870003B320120D016D0160100D01699E80100A5
:1018800000DD6D00FFFF1802283101203C310120EE
:1018900030B5044685B0002800F09680037D19B16C
:1018A000042B15D0072B13D0012B65D0022B41D070
:1018B000002B55D1E38A002B46D0594A1368A34226
:1018C0007FD0002B7AD0DA68A24275D01346F8E7B1
:1018D000A36F002B3FD0638B13F010031D4600F065
:1018E0009080218B201DE28A2346CDE90121626A86
:1018F000216D0090204602F0A1F82046FFF710FB72
:10190000484A1368A34231D033B1DA68A24201D009
:101910001346F9E7E268DA60434B0020434A0121AD
:101920001B68E060A342117023D0237D012B0BD1F3
:10193000FFF7F4F921463B48FFF7A2FD0121237D83
:101940003A4A8B421170F3D021460220FEF7DCF8B0
:10195000002005B030BD228D41F2D0639A42BAD149
:10196000204605B0BDE83040FFF7A2B9E368136038
:10197000D2E701F0C5FCEBE72D49002001F10C0C8A
:1019800051F8043F1B6833B1DA6F944208BFD8673F
:10199000DB68002BF8D18C45F2D121462548FFF7B2
:1019A0006FFD237D012B1D461DD021460320FEF730
:1019B000ABF8002005B030BDE268DA600023E360D8
:1019C000C2E7E3681360F9E71B4B4FF4AF721B49A2
:1019D0001B480BF0CBFE20460BF014FC0120F9F75E
:1019E00067FC05F063FC144BDF22164914480BF02A
:1019F000BDFE00200BF006FC2846F9F759FC05F067
:101A000055FC0D4B4FF4B2720F490D480BF0AEFE72
:101A100028460BF0F7FB0120F9F74AFC05F046FCDD
:101A20002C310120283101203031012039320120B0
:101A30009071002034310120CC4200204446002027
:101A400008330020804600206446002039B3184641
:101A50000B4600B583B052B1184611890192FFF7C9
:101A6000C7F90198FEF70CFD002003B000BD002867
:101A7000FAD10C4A01914FF4F3710B48F9F724FCA9
:101A8000019B1A7D012A03D05A8B42F010025A831F
:101A90000121184603B05DF804EBFFF7F9BE6FF0C3
:101AA0000F007047046A0020CC420020002838D084
:101AB000826F002370B5D0F8845082B0517B044609
:101AC00083670E4665B1014600690192A847019AF5
:101AD00068B10D3021D06FF00400A26702B070BD74
:101AE00011890192FFF784F90198FEF7C9FCB3064A
:101AF00010D5238D41F2D062934201D0013323856A
:101B0000D4F8845035B10023214620691A46A847ED
:101B10000D3002D0002002B070BD6FF00C0002B09A
:101B200070BD6FF00F0070472DE9F0411C4D00278C
:101B3000DFF874802B781B4E01332B70D8F80040EF
:101B4000B4B1A37F2A78934214D0638BA277D907CC
:101B500019D41A0710D4A36F2046E468002BEFD0E5
:101B60003770FFF7A3FF3378002BE7D1002CE8D1C3
:101B7000BDE8F081E468E3E723F0080320466383CF
:101B8000FFF796F8E7E743F002032046638301F08E
:101B9000E1FF638B23F003039BB26383D9E700BFAC
:101BA0003B320120393201202831012008B5FFF7EE
:101BB000BBFF054A137801331370DB0700D408BD5F
:101BC000BDE80840FFF7F4B93A32012020B1038B99
:101BD000021DC18A03F076BA10B50446074B40F6E1
:101BE000B402074907480BF0C1FD20460BF00AFB81
:101BF0000120F9F75DFB05F059FB00BFCC42002046
:101C00009C460020083300207AB169B18A8E282AC8
:101C1000134638BF2823283B9BB2834228BF034684
:101C20009BB2002A18BF1846704710B51446074BE0
:101C300040F6CF02064907480BF098FD20460BF00E
:101C4000E1FA0120F9F734FB05F030FBCC4200202B
:101C5000B84600200833002008B1036803B9704774
:101C600070B50E462349024682B00868B0B10168DB
:101C7000C4688B4206D08CB1204613680168C468E2
:101C80008B42F8D19BB24FF6A9650121AB42F2D04D
:101C90000092FFF75FFC009A002CEDD1164B1B68F9
:101CA0004BB14FF6A964196818461568DB68A9425C
:101CB00012D0002BF7D16EB133685BB10F4B1B68AC
:101CC00043B118681168884201D131681960DB6836
:101CD000002BF6D102B070BD1FFA81FC0121A44592
:101CE000E7D0CDE90032FFF735FCDDE90032002B0B
:101CF000D9D1E0E7283101202C31012034310120F5
:101D000070B5446F6CB1064625462468686808B112
:101D1000FEF7B6FB29460420FDF7F6FE002CF3D1B2
:101D2000746770BD0C4A0D4913880988581C994284
:101D300010800FD90A4A12681AB10A4909888B42E1
:101D400004D2094A12681344187D70475B1ADBB24B
:101D5000D05C704700207047043201200832012017
:101D6000443101200632012040310120C2680B4677
:101D7000F0B5928983B00646D10530D41A4DD3F818
:101D80000CC018463289D5F800E0DCF804407244F3
:101D90001F89111BC91B002912DBBCF80C20D205BE
:101DA00004D5F1688A8942F480728A811C68FFF741
:101DB00073F82346002CE2D10023336003B0F0BD5A
:101DC000A21A002AF9DAA4EB0E017068019389B215
:101DD0003181FEF745FC019B336003B0F0BD18462E
:101DE000FFF748F8E8E700BF0C310120F8B51D4BBC
:101DF0001C88BCB100221C4D074613462A809C4219
:101E000010D9FFF78FFF012829D002280BD048B145
:101E1000FFF788FF012805D92B88023B03449BB2BA
:101E20002B80ECE7F8BDFFF77DFF0428FAD12B8863
:101E30000133A342F6DAFFF775FF0646FFF772FF9C
:101E400040F2B45140EA062240F2B35092B2531E1F
:101E50009BB2834288BF0A462B887A86CFE72B88BD
:101E6000CDE700BF0832012004320120104B1B785F
:101E700013F0100301D118467047428B0346D20677
:101E800000B583B008D4D0F890202AB16FF00E01CD
:101E9000006901939047019B194606480193FFF79B
:101EA000EFFA0198FEF75CFF012003B000BD00BF10
:101EB000353201202831012000294AD02DE9F8438C
:101EC0008846164604462B4F2B4DD8F80C203B680D
:101ED0005168B8F8080009BA92895B1A02F4407296
:101EE0001B1A002A18BF013B002B1DDBD8E900900C
:101EF000FEF72AFCB4F8663098422CD829881B1AC1
:101F0000B8F808204046A4F866300A442A80FEF754
:101F1000C3FFB4F8663013B156EA09080AD0B9F124
:101F2000000F04D0C846D0E74046BDE8F883002043
:101F3000BDE8F883114B40F26E42114911480BF095
:101F400015FC40460BF05EF90120F9F7B1F905F0F8
:101F5000ADF900207047094B40F264420A49094834
:101F60000BF004FC00200BF04DF90120F9F7A0F96B
:101F700005F09CF99499002000320120E0460020F1
:101F80005C4700200833002034470020F0B5027D74
:101F900083B0032A40F2C583984B0446984D1B78C2
:101FA000D8064CD4974F38882B68002800F08B80D7
:101FB000227D062A00F28780626AD11A9E1AB1F148
:101FC000010C00F12B8106F1FF3E1EEB000F00F12A
:101FD00025818D4B5E680193002E00F0C9834FF67A
:101FE000FE73994200F2BF8389B230898842C0F003
:101FF000B583019A13895B1A1381738999420BD9AE
:10200000401A4FF0000CC91AA6F80AC03081366891
:1020100089B273898B42F6D33046FEF7C9F9019A2B
:10202000636AD168208D4B602B600146002840F028
:10203000F081204603B0BDE8F04001F045BD2B68BB
:10204000606D7249C61AB4F860C0D4F858E0002E2A
:1020500009684EDB984248D08E4500F02881666CB6
:10206000701A002856DB674F3888002800F0B880C7
:10207000666B002E9DD0A36B5B1A002B93DA644B2A
:10208000B4F93C201968B4F93E30A3EBA300A1EBEE
:10209000E203C1EBE2019B1B31449BB289B213F412
:1020A000004F1A4418BF0B4612B203443888A28767
:1020B000E38703EBE203A4F84030002363632B685B
:1020C00000287FF475AF626A991A002907DB218D19
:1020D000013A0A44D31A002B01DB03B0F0BD638B35
:1020E00043F00203638303B0F0BDAEEB01000028B0
:1020F000B2DA48480068C089B4F86260A4F86000A9
:102100008642666C38BFA4F86200701A0028C4E9E1
:102110001531A8DAF343CB4200F1D080236D5B1A6E
:10212000002BC0F2CB80638BB4F84A2013F004007C
:1021300040F04D818E1BA4F842006164B4F93C006C
:10214000B6B2E18F01EBE001A4F84010B4F84810FA
:10215000914280F0FC8213F4006F638E0CBF022268
:10216000012213FB02F39BB2B34294BFCA188A192F
:1021700093B28B4280F03D824FF6FF73A4F8483053
:102180002046D4E91B21FFF797FEE16E0246206747
:102190002046FFF791FE0023226F2377B2FA82F3E5
:1021A000E0665B095B422386002800F025821A4B1B
:1021B0001988B4F864300B44A4F86430638B1905B3
:1021C0007FD5002A00F05082D2685268E16C12BAC2
:1021D000521A002A75DB23F400630A4F638371E00F
:1021E000B4F86000F444A26D0244624500F0D68069
:1021F000666B002E7FF43FAF65E700BF30320120F1
:102200000C3101200A320120989F0020949900206F
:10221000383101204031012000320120002EC0F26F
:10222000B880208D10EB0C0F01463FF502AF9342B2
:1022300000F0ED80626F002A00F01B82D2F80CC023
:10224000DCF80410994200F0DA81581A0028C0F234
:10225000468203F1FF3E16461268002A39D0D2F8B2
:102260000CC0DCF80410994200F0CA81F0684068A4
:10227000AEEB00000028EEDBC81A0128EBD493482F
:102280000192FEF71DFE074600283FF4D2AEF36828
:10229000296858683389019A0344CB1A002BC0F28D
:1022A0003682114638463760FFF760FDC1E6884840
:1022B0000068C0898445BFF4D2AE1DE7204601F016
:1022C00003FC844F666B002E3FF46DAE824B1968A1
:1022D000D1E6C91A9142BFF6ACAEBCF80C30DB05B2
:1022E0003FF5A7AE7948FEF7EBFD306000283FF4DC
:1022F000A0AEF2682B68516832890A449A1A002A03
:10230000C0F21482D5F800E03A88D4F824C07244B0
:10231000238DACEB0202DA427FF58BAE3068C268E7
:102320000192918911F4807F4FEA112207D002F0C7
:102330003E0221F47C5152BA0A4301998A81A3EBEF
:102340000E01614489B201814068FEF789F9336862
:102350002968DA681B89928902F44072002A18BF42
:102360000133228D11FA83F13B80636A1344994251
:102370003FF45FAE594B4FF4E162594959480BF0B5
:10238000F5F900200AF03EFF0120F8F791FF04F074
:102390008DFF638B43F0020363834AE6228ED20BE8
:1023A0007FF426AF8E427FF423AF94F84320FF2AB8
:1023B00000F0A1810132D2B2032A84F8432000F256
:1023C0009A817FF415AF204601F0F8FA7AE723F0FE
:1023D00004038E1B61646383B4F93C10E38FA4F89B
:1023E000482003EBE103A4F840300023A4F86A304E
:1023F000A4F84230B4F86A301E44B6B2B34200F2D8
:10240000ED80964280F0EC80A4F86A60B8E62F4B2D
:102410000193019BDA681B89968916F4407F4FEA85
:10242000162C40F0058183423B8016D9019E7068CE
:102430003181FEF715F9F368208D9989338901F40C
:102440004071002918BF013329683B8011FA83F3DA
:10245000616A01448B4240F07581666F002E00F086
:102460000D81019BDB689B89DA0540F1838033682D
:1024700030466367FEF710FD666F002EF7D139888E
:102480002B68208D01EB030C8842C4F824C0C0F0F7
:102490006081411A20462185FEF76EFC019A53683F
:1024A000198919B110490B6000235360019BDB6847
:1024B0009B89D80504D50D4A137843F02003137087
:1024C000676F002F00F08180084E3DE0989F00204C
:1024D000403101200A32012094990020E04600207A
:1024E000C847002008330020BC30012035320120CD
:1024F00061449445616200F22081A2EB0C02121A41
:1025000020462285FEF738FC79680A893AB19B4B50
:102510001868002856D0FEF72DF900227A60FA6874
:102520009289D10508D5327842F020023270227D9E
:10253000042A01D1072222753A6838466267FEF7FD
:10254000ABFC676F002F40D0FA68606A5168814227
:102550003BD129609089B7F808C010F44070228DF3
:10256000C6D00CF1010001449042616200F2E580A6
:102570000120C2E7F06839882A683389D0F804E07E
:1025800001EB020C7344ACEB0303002B7BDB838970
:10259000DB050AD5019AD1688B89980505D443F4E7
:1025A00080738B81138901333B8030463668FEF798
:1025B00073FC002EDED139882B6801EB030C208DD3
:1025C000666761E76D4B1960A7E7638BDA0747D54C
:1025D00023F0010343F0020363837EE54FF6FF76A9
:1025E000638EB61A1344A4F86A609BB29342FFF458
:1025F000C3ADA4F84830C3E5A4F86800D7E50026C9
:102600005F481389018999427FF613AD1368002B47
:102610003FF40FAD0192FEF753FC00283FF409ADE3
:10262000019A002E7BD030601146FFF79FFB00E53A
:1026300001339BB283423B807FF60FAF1CF0010F4A
:1026400006D00CF03E0326F47C565BBA1E439681FE
:1026500016F4007F00F1FF3189B208BF0146E5E6BC
:1026600043F00103638338E500283FF4B4ADC2684A
:10267000ABE54348FEF724FC6067DAE439882B6851
:1026800001EB030C00E7AEEB0C03002B97DAAEEB8B
:102690000201019A89B2D36811819B899B0502D5F9
:1026A000013989B21181019A5068FDF7D9FF019A69
:1026B000D36811899B8903F44073002B18BF013143
:1026C000F36889B23980D3F804C02B680B446345A2
:1026D0003FF475AF2B4B40F202622B494EE628487F
:1026E0000192FEF7EDFB00283FF4A3AC019960676F
:1026F000FFF73CFB9DE4B4F84820638E13449BB283
:102700009A4201D94FF6FF73A4F848305BE6091AE4
:10271000706889B23181FDF7A3FF019AC1E5606756
:1027200082E7184B4FF49162184927E65B1A7068EC
:1027300099B23181FDF794FFE4E5124B40F231622A
:1027400013491BE60F4B40F2D152124916E60A46D6
:1027500050E60C4B40F20D620F490FE6094B40F278
:102760009D520E490AE6074B40F29B520C4905E682
:10277000044B40F29A520B4900E600BFBC300120E6
:10278000989F0020E0460020004800207C47002061
:102790005C480020C84700203C480020B847002083
:1027A000A8470020984700202DE9F04F06468BB03F
:1027B000564A82215648F8F787FD002E00F08384A0
:1027C0007389544F7268132B3A6005D830460BB0AA
:1027D000BDE8F04FFDF754BEDFF85C81D8F800107B
:1027E000D8F81400FCF7DAFB0028EFD1D8F8143041
:1027F00003F0F003E02BE9D03B689989C1F30311A2
:1028000089001329E2D933898B42DFD3424BA1F1EE
:102810001402424C186070892280884280F06482E1
:102820003568002D00F0848414213046FDF7C0FD8A
:102830002388748930463A4A21461D1B148004932C
:10284000FDF7B6FD3068ADB24289AA42BED34268F8
:102850002946314B1A60FDF7ABFD3389049A2344B6
:102860009B1A72899BB23381002A40F0AC84326893
:1028700012899342934640F0A284D7F800E0294A97
:10288000DEF804301BBA0793CEF80430BEF802C05D
:102890001360DEF808309CFA9CFC234A1BBAAEF8A1
:1028A00002C01FFA8CFC13600893CEF80830BEF803
:1028B0000C301E4A190ABEF80E305BBAAEF80E3064
:1028C000BEF800305BBA1FFA83F9AEF8003001F0B1
:1028D0003F03059313708B0740F00E82144B069351
:1028E000A3F800B0134B1B680493002B00F0F78093
:1028F000CDF824E00022B646D8F80400D8F81050ED
:102900000E46049CD8F814A01EE000BFFC6800200E
:10291000E0460020403101204431012008320120EE
:10292000063201200C310120949900203032012020
:102930000A32012028310120A89F0020E3682246A6
:10294000002B00F0CA801C46237D002B00F05E8324
:102950000A2B00F04D83012B00F05C83217A29B112
:1029600090F840300133DBB29942E7D1238B4B45DD
:10297000E4D1E38A6345E1D16368AB42DED12368E9
:102980005345DBD1E36831467646DDF824E0A342C7
:1029900000F01D843AB1D360884B1C60049BA342B5
:1029A000E36000F0C0830023854ADFF834821360BF
:1029B000844D854AC8F800302B7013800B07A8F8A7
:1029C00008B0C8F80CE0C8F8046003D5737B43F086
:1029D00001037373A36F7BB12046FFF767F80D30D7
:1029E00000F0D381A36F23B1069B1B88002B40F01E
:1029F000CC81764B1B780593059B754E5807346048
:102A000040F19881277D022F00F0EB82714B626AC2
:102A100019688A4200F0BF81881A2B78002803F0D9
:102A2000080307DB521A218DD14203D4628B42F096
:102A300002026283002B40F0B981634B1A8852B1C5
:102A4000D4F8803023B12146206998470D3036D024
:102A500000235D4A13802046FFF708FA00282ED194
:102A6000574B1A68BAB1A36F002B40F06583638B94
:102A700013F0100340F03783D4F88470002F00F077
:102A8000838321462069B84710F10D0F17D010B18C
:102A90004B4B1B68A3672B789B0607D5A36F002BB6
:102AA00000F028835A7B42F020025A73002320460C
:102AB0003360FFF7DBF910B9204601F04BF8002432
:102AC0003F4BD8F8040034601C6018B1FDF7D8FC07
:102AD000C8F804400BB0BDE8F08F314676463E4A58
:102AE000106800283DD0D8F80440D8F8105002E013
:102AF000C068002835D0037D0A2B40F0E882027AB6
:102B00002AB194F840300133DBB29A42F0D1038B02
:102B10004B45EDD1C38A6345EAD14368AB42E7D167
:102B20000268D8F814309A42E2D14F073FF54EAE12
:102B3000069B8D071A8840F1CF82416A079B5C1A79
:102B4000002C04DBC91A048DE14240F12283002AE3
:102B50003FF43CAE438B43F00203438300F0FAFFA3
:102B600034E61E4B1C68002C00F0AC80D8F8142012
:102B70008A46D8F80430A346049286462246059633
:102B8000014604461D46049E099303E0D368964619
:102B900043B31A46107A28B195F840300133DBB2BE
:102BA0009842F3D1D38A6345F0D11368B34200F061
:102BB000AD80002B04BF71461446E7E728310120A1
:102BC000BC3001203532012000320120303201209A
:102BD000303101200C3101203C3101203431012001
:102BE000989F0020254608465C465146059E002DCC
:102BF00068D020B1EA68994BC2601D60EC6048075C
:102C00003FF5E4AD11F010039A4640F085808A0745
:102C10007FF5DCAD687DFEF75DFD0446002800F021
:102C2000D4803968D8E90432804648F8042B4360E0
:102C30008B4B0A781B684978013342EA0122E98A02
:102C40004362C3620323C18202830375FEF7BEFFA2
:102C5000834BA0651B682065013B6064E06563658C
:102C60002B69E56723616B7A7E4A03F00C0363727C
:102C70002B7A237213681460E36001F09FFA7A4B99
:102C8000012220461A70FFF7B1F83B684046658E76
:102C9000DA89534662F30F0362F31F432366FBF79F
:102CA00061FF424601462846FEF7AEFF12216086CC
:102CB000204600F01BFD002840F09180204600F0E7
:102CC00049FF83E54C073FF581AD069B0899CDE9A7
:102CD00001C91A88079BD8F804001A44634B009373
:102CE000043300F0C9FE71E5614B30461A80FDF7F0
:102CF0005FFB33899B46C0E50BF101025D4892B250
:102D000006905A450280BFF4EDAD5FE551465C4642
:102D1000059E154670466CE7069BCDE901C91A88E9
:102D2000079B1A44514BDDE908100093043300F06F
:102D3000A3FE4BE5059A638B910704D5227D023AE9
:102D4000012A00F2B881DA0602D44B4B1B682362D9
:102D500000232046A4F89A30FFF748F8474B1A782A
:102D6000237D12F002003FD0991E012909D8032BC0
:102D700040F0C0803A4B1A68636A013B934200F00E
:102D800042822B7803F0080354E6638D002B00F099
:102D900096813B4E93E6002F00F01E822B7843F085
:102DA00008032B70638B23F001036383D4F8903006
:102DB0001BB16FF00D012069984721462948FEF7A5
:102DC0005FFB2046FDF7CCFF79E6AB69002B3FF4B3
:102DD000FDAC01464FF0FF3228699847F6E45146B2
:102DE0002046FEF7B7FBF1E4023B072BC9D8DFE82A
:102DF00003F081BAAA664BAA15042046FFF7C6F86D
:102E00001E4B1A782B78D20605D51E4A216D126802
:102E1000914200F0308203F008030BE62046FFF7F2
:102E2000B5F8164B1B78D906ABD5164B226D1B682F
:102E30009A42A6D1E36E002BA3D12046FEF770F88C
:102E4000084B1B68A34200F03A82002B00F003827B
:102E5000DA68A24200F0FD811346F6E73431012022
:102E60000C3101202831012039320120B89F002087
:102E7000063201200A32012038310120303201208F
:102E800030310120949900202046FFF77FF82B78FD
:102E90009806C0D5638B204643F002036383FEF798
:102EA0003FF8A84B1B68A34200F00982002B00F0FA
:102EB000D281DA68A24200F0CC811346F6E72046C0
:102EC000FFF764F8A04B1A782B7802F010029F06E7
:102ED00040F18781618B41F002012AB19B4A106861
:102EE000226D824200F0CF81082203F00803618343
:102EF00022759FE5D3067FF544AF944B3F68196870
:102F0000934B1B6820B1626C01328A4200F08680CC
:102F1000069A204612881A443B8802937B880193C4
:102F20008C4B0093043300F089FD94F84230052B5C
:102F30003FF627AF00232046238600F0E3FF2B78DF
:102F400003F0080376E52046FFF720F82A7802F020
:102F5000080392067FF56EAD628B42F00202628337
:102F60000722227566E5D0067FF50BAF774B19680F
:102F7000636CDB43CB4200F14D81236D5B1A002B68
:102F8000C0F2488104232375E36F002B00F0AE806C
:102F90009F69002F00F00A81002221462069B8476E
:102FA000002840F0BC802046FEF7F0FF6A4A1388F4
:102FB0000BB1013B1380628E41F21C1153008B4216
:102FC000184638BF0846B0EB820F40F2F4809300F9
:102FD0002A78A4F84830910602F008037FF52AAD5C
:102FE000BAE75A4B226D1B689A423FF4D7AEC8E647
:102FF0005A4BFC225A495B480AF0B8FB00200AF001
:1030000001F90120F8F754F904F050F9534BFB2271
:103010005549F0E7514BFD225449ECE762645A1CD4
:10302000013B6262E262FA896365002362F30F0387
:1030300062F31F4323660423E7182375638E384623
:103040000493FBF78FFD3A4601460498FEF7DCFD3A
:1030500041F21C12430060869342194638BF114664
:10306000B1EB800F40F222818300B4F86670A4F8BF
:103070004830002F00F0E880013FA4F86670276F09
:10308000002F00F0DB803B6823673846FDF704FF24
:10309000236F002B00F0CF80002384F8423023867A
:1030A000D4F8883033B100222146206998470D308A
:1030B0003FF405AD638B43F00203638361E6204672
:1030C00000F002FD65E6254B8322294993E7234B57
:1030D00040F21F1227498EE7CC077FF538AD264B0B
:1030E0001B68036233E51046FDF7CAF92046FEF778
:1030F000EDFAE4E4238D41F2D062934201D0013332
:103100002385D4F88470002F3FF4D0AC00232146EF
:1031100020691A46B8470D307FF4C8ACCFE40D30B3
:103120003FF4CDACE2E70D4B40F21512134962E7D4
:103130000A4BC22212495EE7084B4FF4F372114961
:1031400059E700BF28310120303201209499002036
:103150000C310120B89F002000320120E046002001
:10316000FC48002008330020D448002028490020D3
:1031700080480020A8490020383101207C490020E7
:1031800098480020444A00203B462146FEF75EFC5A
:103190007AE41A444C4B089900930433CDF8089014
:1031A000CDF804C000F04AFCFFF710BB474B4FF4CA
:1031B0006E7247491FE78B4238BF0B4608E7434B07
:1031C000E022444917E7414BDF22434913E73F4BD5
:1031D00040F20D1241490EE73C4B40F23B32404970
:1031E00009E703F00803002A3FF424AC3D4A216DAF
:1031F000126891427FF41EACE26E002A7FF41AAC92
:103200000622227516E4204600F086FB2B7803F098
:1032100008030FE4069A3B681088334A1268024498
:103220001888029020465B880193274B0093043353
:1032300000F004FCA5E54FF0FF3330E7E76E002F08
:1032400038D03B68E36620E7204B40F277322749CD
:10325000D1E6E268DA60264B0A2222751A681C6001
:10326000E2600122234B1A7000F0A8FF2B7803F0D4
:103270000803FFF7DFBBE26E002A7FF4CCAD43F01A
:1032800010022A70C7E5E26E002A7FF42DAE2046B8
:103290006183FDF745FE184B1B68A3420FD0002B3E
:1032A000D9D0DA68A242D4D01346F8E7934238BFA7
:1032B0001346DAE6054B40F27F3210499BE6E3689D
:1032C0000D4A1360C7E700BFB89F0020E04600200A
:1032D000244A0020B4480020A8480020504900207B
:1032E000D8490020949900200C310120F849002091
:1032F0003C3101203932012028310120104A0020C0
:10330000024A137843F010031370704735320120DE
:103310002DE9F04383B006469DF8284000284BD0A5
:103320000420019190469946FCF7DAFB0199054685
:1033300080B38472A4000B89002704F00404416068
:103340000760A3422AD31B1B038108461421FCF704
:10335000F7FFD0B96968A402B6F816C099FA89F3E4
:10336000496804F5A044E96048EA0402348B4B60E4
:103370009CFA9CF352BA88740B8063BA8A81C87431
:103380004B80284603B0BDE8F0832846FDF784FD56
:103390000025F6E70846FDF773F8F9E70D4BB32271
:1033A0000D490E480AF0E2F9384609F02BFF0120DA
:1033B000F7F77EFF03F07AFF064BA622084907487D
:1033C0000AF0D4F9304609F01DFF0120F7F770FF2D
:1033D00003F06CFF604A0020D44A0020083300202C
:1033E000B44A002014312DE9F84389B207469046CB
:1033F00024204FF420729946BDF820509DF82440B7
:10340000BDF82860FDF7A6F8C0B14389132B17D982
:1034100044F4A041426899FA99F495FA95FE49BAA4
:1034200097FA87FC73BA148091810021A2F802E018
:10343000C2F80480C2F808C0D3811161BDE8F883E6
:10344000074B40F22772074907480AF08FF900201E
:1034500009F0D8FE0120F7F72BFF03F027FF00BF8C
:10346000604A0020EC4A00200833002070B5044672
:1034700086B00D46164620B3007AB0B918460593BB
:10348000FBF770FB059AB0B1E37AA47A00940624A6
:103490000290314601942846FBF768FD0446284611
:1034A000FCF7EEFF204606B070BD0593FCF7B2FCBA
:1034B000059A0028E8D128466FF00304FCF7E0FFE6
:1034C000F0E718460593FBF74DFB0028F3D0FF23E8
:1034D000059ADBE72DE9F843BDF82050BDF82460DC
:1034E00012B383B3074688464FF420721421242078
:1034F000FDF730F8B0B14389132B29D9436896FA08
:1035000096FC98FA88F239BA95FA95FEA3F802C0AB
:103510009A600022DFF858C0A3F800E05960C3F8B1
:103520000CC01A61BDE8F8830C4B40F2C4720C4920
:103530000C480AF01BF9002009F064FE0120F7F79F
:10354000B7FE03F0B3FE054B40F2C5720649EFE744
:10355000024B40F227720549EAE700BF604A0020AB
:103560001C4B002008330020384B0020EC4A002080
:103570005014D0162DE9F047054684B0002800F01D
:10358000A080C46E002C00F08A800F46002900F055
:10359000898026898E4274D9438E8B42C0F09680F2
:1035A000A37AA6EB01084FF4207238209A469B00BC
:1035B0001FFA88F803F0040303EB0801039389B2B0
:1035C000FCF7C8FF8146002869D0039B6068D9F8E2
:1035D00004102289194403899B1A42463B449BB23A
:1035E000FDF7BEF9404557D1E1688B891B0A13F0FE
:1035F00008024AD103F03F0818F0010F03D008F089
:10360000FE0842F001024B6828464946CDF800A06A
:103610001BBA3B44FFF77CFE814600283FD0606820
:10362000BE1BFDF791F86268B5F8663011891B1A68
:1036300010463144A5F8663089B2FDF711F82289A9
:1036400098FA98F360681644E268268191890B43E2
:103650009381FDF779F8B5F866300344D9F8040092
:10366000A5F86630FDF770F8B5F8663018442368A1
:10367000A5F86600C9F80030C4F80090D9F8003009
:103680003BB1002004B0BDE8F08703F03708082202
:10369000B2E7A5F86830F4E74846FCF7F1FE4FF0D2
:1036A000FF30EFE70C4B40F256320C490C480AF061
:1036B0005DF8002009F0A6FD0120F7F7F9FD03F001
:1036C000F5FD054B40F24E320649EFE7024B40F262
:1036D0005E320549EAE700BF604A0020784B0020CF
:1036E00008330020544B00209C4B0020F0B511F013
:1036F000030685B078D00446002870D0C1F3400797
:103700000D4601F002064FF42072B90038200391F3
:10371000FCF720FF0399002846D043898B4268D3E9
:10372000014600972A46E36D2046FFF7F1FD002889
:103730003AD0C36813F003074CD10389002B3AD168
:10374000E36E3BB31A461B68002BFBD110600023CD
:1037500005F00105A4F86830B6B935B1E36D013361
:10376000E365638B43F0200363834068FCF7ECFF61
:10377000B4F86630184480B2A4F8660010B1206F27
:1037800050B1002005B0F0BDE36D0133E365002DBD
:10379000EBD0E6E7E066DAE7E46E002CF2D1174BF7
:1037A00040F2694216490AE0638B4FF0FF3043F064
:1037B00080036383E6E7114B40F247421149124808
:1037C00009F0D4FF002009F01DFD0120F7F770FD7E
:1037D00003F06CFD094B40F246420C49EFE7074B02
:1037E00040F215420A49EAE7044B40F21342094904
:1037F000E5E7024B40F23D420749E0E7604A00201E
:10380000A44C0020784C002008330020604C00209D
:10381000044C0020AC4B0020244C0020C0B1C36EEF
:1038200043B11A461B68002BFBD1D1688A8912F478
:10383000E06F02D00121FFF759BFB0F81AC042F47F
:1038400080724CF0200C8A81A0F81AC0184670478C
:1038500010B50446074B40F2EF320749074809F01C
:1038600085FF204609F0CEFC0120F7F721FD03F08B
:103870001DFD00BF604A0020CC4C00200833002012
:10388000002831D0D0F870C0BCF1000F0ED06246D5
:10389000D2E90031897B3BB1012907D11A46D2E92F
:1038A0000031897B002BF7D1012903D06FF005038C
:1038B00018467047C16E1160418BC0E91BC341F4CB
:1038C0000061D2F80CC012894183DCF80410BCF806
:1038D0000CC009BA43630CF4407C9C4518BF01320C
:1038E0000A44C2641846704710B50446074B40F2BC
:1038F00067620749074809F039FF204609F082FC52
:103900000120F7F7D5FC03F0D1FC00BF604A00208E
:10391000E84C00200833002010B5002838D0D0F83B
:1039200070E0BEF1000F2CD0DEF804309B7B012B41
:1039300027D1DEF8003000F16C0CC26E03676AB16B
:10394000DEF80C30596809BA02E0944612682AB1D0
:10395000D3685B681BBA5B1A002BF6DBCEF800203D
:10396000CCF800E0DEF800307BB190F84230FF2B5D
:1039700002D0013380F8423000231A4643631046D8
:1039800010BD6FF00502104610BDA0F86830ECE7DE
:103990000446074B40F2C5620649074809F0E6FEB7
:1039A000204609F02FFC0120F7F782FC03F07EFC93
:1039B000604A00200C4D00200833002010B504465A
:1039C00030B3036F13B1438B5B0700D510BDFFF716
:1039D000A3FF0028FAD1B4F86030B4F84810628E22
:1039E0008B4228BF0B465B10B3EB420FA4F84A3062
:1039F00002D25300A4F84A30618B02EB420200204D
:103A0000134441F004022086A4F84830628310BDBC
:103A1000074B40F2FD620749074809F0A7FE204620
:103A200009F0F0FB0120F7F743FC03F03FFC00BF77
:103A3000604A0020244D00200833002030B585B0B6
:103A4000054608461146BDF824201C46089B0092F6
:103A5000BDF82820039301922246FFF73BFD40B1B9
:103A60000146039B2246284605B0BDE83040FFF7DB
:103A7000FDBC05B030BD00BFF0B585B09C460A9EC8
:103A8000BDF82CE0BDF83030D8B1074608461146E5
:103A900062466546CDE900E33346FFF71BFD044669
:103AA00078B129460023062532460297CDE9003534
:103AB000FF23FBF75BFA204605B0BDE8F040FCF7BA
:103AC000DFBC05B0F0BD00BF10B5044684B060B3E4
:103AD000026D1023418D008B12BACDE90131002116
:103AE000E38A0090606AFFF77DFCB0B1B4F82AC0A9
:103AF000231D626A014620466244E2622246FFF7C5
:103B0000B5FC638B20B923F00303638304B010BDBD
:103B100043F00303638304B010BD638B6FF00100B7
:103B200043F00303638304B010BD074B4FF40362FB
:103B30000649074809F01AFE204609F063FB0120F8
:103B4000F7F7B6FB03F0B2FB604A0020444D0020BB
:103B5000083300202DE9F04F044687B09E4A40F21A
:103B6000E3419E48F7F7B0FB002C00F09781257DDC
:103B7000012D00F08E819A4B1B68A34231D0E56E77
:103B80002DB3207AB4F84880B4F86060002840F083
:103B90005381201DFAF7E6FF8146B9F1000F00F0CE
:103BA0006181B045236828BFB04613B9D9F8003009
:103BB0002360EB68606C29895A68081A12BA861863
:103BC000464512D9B4F86030434500F02381B4F87B
:103BD0001AE01EF0020F40F017812EF0800EA4F8BC
:103BE0001AE0002007B0BDE8F08F002684F8996045
:103BF000266F002E00F01E8137463668002EFBD15E
:103C0000CDF810900026B946DFF8D8B12F461D46F2
:103C10001044404500F21A81B5F80CC01CF4806FC6
:103C200040F02381236F6BB1B4F81AE01EF0440F0B
:103C300008D1E36E0593002B00F0BB801B68002BBE
:103C400000F0B080237D022B00F093804CF4805C68
:103C50007868A5F80CC0837B012B31D03868E0660A
:103C6000638B23F003036383AD89236D15F4407FD9
:103C700073D18D185B1B002B1ADBE1B1236F3E6003
:103C8000002B74D0D9F80C10496809BA511A0029D0
:103C9000C0F2AA80C9F80070B9460746002F00F0AC
:103CA000CF80FD68606C6A68398912BA081AAFE77C
:103CB00025650029E2D13846FDF7EEF8E76EEDE71D
:103CC000636A628D19BA134452BAA960EA81E36249
:103CD000BB7A13F0010353D105F11402B4F930108B
:103CE0000029616BB8BF268629B9DBF80010616333
:103CF000696809BAA163002B43684189A5EB0303F6
:103D00004560A1EB030141810189A1EB030303811C
:103D10000CBF142318232E746E742B449A4240F067
:103D2000B380049B221D2146029306230193A37AAC
:103D30000093E37AFBF71AF9002840F08E80FD68C3
:103D4000237D6A683868022B398912BAE06687D108
:103D5000AD89236D15F4407F8BD0114401315B1A7E
:103D6000002B8BDA236F21653E60002B8AD12767F9
:103D700092E77868837B012BA2D03868E06673E70E
:103D8000221D049940F2B450FDF73EFF40F001704F
:103D900005F1180200BA6861BB7AFD6803F00103FF
:103DA00078689BE7059B1B891846638E9842BFF491
:103DB00049AFB4F86430002B3FF444AFB4F8663038
:103DC0000F2B3FF63FAF1EF0A00F7FF43BAF0598DF
:103DD00000287FF402AF35E008690020604A002027
:103DE000303101203831012004F17000D968496870
:103DF00009BA891A002903DA18461B68002BF5D185
:103E00003B600760E76E49E7204607B0BDE8F04F2A
:103E1000FFF75ABE236F002B7FF4D9AE94F8993088
:103E2000002B7FF4D4AE4FF4807284F89A30A4F85B
:103E30009820CCE63746E3E6FBF7ECFF8146ACE69C
:103E4000B4F81AE00023A4F86830C6E6E06EB4F8CF
:103E50001AE000287FF4C1AEF4E7638B43F08003DF
:103E60006383BFE66FF00300BCE60F4B40F23A52AB
:103E70000E490F4809F07AFC002009F0C3F901202F
:103E8000F7F716FA03F012FA074B4FF4C462094928
:103E9000EFE7054B40F2E7420749EAE7024B40F201
:103EA000E5420649E5E700BF604A0020A44D002036
:103EB00008330020BC4D00207C4D0020644D0020C4
:103EC00040B190F84230FF2B02D0013380F84230ED
:103ED000FFF740BE10B50446074B40F29C6207490D
:103EE000074809F043FC204609F08CF90120F7F758
:103EF000DFF903F0DBF900BF604A0020D04D00205D
:103F00000833002010B5044678B1FFF7B9FC00B1C2
:103F100010BD94F84230FF2B02D0013384F84230B8
:103F20002046BDE81040FFF715BE074B40F2B162D6
:103F30000649074809F01AFC204609F063F90120F8
:103F4000F7F7B6F903F0B2F9604A0020F44D00200B
:103F50000833002010B5044684B000B3026D10236E
:103F6000418D013A008B12BACDE901310021E38A7B
:103F70000090606AFFF736FA68B1B4F82AC00146CB
:103F8000626A231D20466244E262224604B0BDE814
:103F90001040FFF76BBA4FF0FF3004B010BD074B75
:103FA00040F66A020649074809F0E0FB204609F09E
:103FB00029F90120F7F77CF903F078F9604A00202D
:103FC000104E002008330020F0B5044685B00028CC
:103FD00065D0C56E002D5BD090F89A30FF2B02D0D3
:103FE000013380F89A30EB689A89D20530D45A6848
:103FF0001023618DCDE90131218BE38A00910121EC
:10400000606AFFF7EFF90646002844D0638D626AC4
:1040100071681344E36268681431B5F808C001227E
:104020000389A3EB0C039BB2FCF79AFCEB683146C7
:10403000226D20465B681BBA0133D21A002A224641
:10404000B8BF2365231D05B0BDE8F040FFF70EBAE9
:104050005A68638D2989029310230F460039019312
:10406000238B18BF01210093E38A606AFFF7BAF936
:10407000064680B1628D636A41681344E362002F93
:10408000C9D18B8923F47C5343F488538B81CDE7CA
:10409000284605B0F0BD4FF0FF3005B0F0BD074B2E
:1040A00040F695020649074809F060FB204609F0F2
:1040B000A9F80120F7F7FCF803F0F8F8604A0020AF
:1040C0002C4E00200833002030B583B00546082070
:1040D000CDE90021FBF704FD0446DDE9002198B19C
:1040E000002381600F49C260C0E900350B681BB92D
:1040F00007E019461B681BB15A68AA1A002AF8DAA9
:1041000023600C6003B030BD074BBE22074908484E
:1041100009F02CFB204609F075F80120F7F7C8F8E4
:1041200003F0C4F824D00020504E0020A44E0020FC
:104130000833002000B583B0436801909847F7F733
:104140002BF9019A074BD2F800C01B686344191A77
:1041500000290549B4BF6044184603B05DF804EB7C
:10416000FFF7B2BF989A0020810F020008B5FDF753
:104170001DFD0C4B1B6873B10B4A40F227110B4815
:10418000F7F7A2F8F7F708F900220949FA30BDE875
:104190000840FFF799BF074B1B68002BECD1064A7C
:1041A000136008BD28310120786A0020504E00209D
:1041B000B90F02003C31012048310120114AA821E9
:1041C000114808B5F7F780F8104B1A68CAB9104AB9
:1041D000126892B14FF0010C0E4A40F227110A48C2
:1041E000C3F800C0F7F770F8F7F7D6F800220A49CD
:1041F000FA30BDE80840FFF767BF084A1268002A96
:10420000E8D108BD906A0020504E002048310120BE
:1042100028310120786A0020B90F02003C310120CA
:1042200070B5134C04F13806256840F22711114A85
:104230001148F7F749F8B5F1804F0AD2F7F7ACF813
:10424000224608340D492844FFF73EFFB442EBD123
:1042500070BD094B40F2291209490A4809F086FA53
:10426000002008F0CFFF0120F7F722F803F01EF836
:104270008C700020786A0020504E0020810F0200D0
:10428000E44E00200833002070B504460D46164663
:1042900040F227110F4A1048F7F716F8B4F1804F93
:1042A00008D2F7F779F8324629462044BDE8704035
:1042B000FFF70ABF084B40F229120849084809F0E5
:1042C00055FA002008F09EFF0120F6F7F1FF02F0FA
:1042D000EDFF00BF786A0020504E0020E44E002021
:1042E0000833002038B5114A04460D46104840F204
:1042F0004111F6F7E9FF0F48016899B1002203E088
:104300000B680A4619466BB18B68A342F8D1CB689B
:10431000AB42F5D10B6832B113600820BDE83840DC
:10432000FBF7F2BB38BD0360F7E700BF286A002047
:10433000504E002024D000202DE9F8431E4A40F2C0
:1043400067111E48F6F7C0FF1D4EF7F725F81D4C04
:1043500005461D4F10E02168B1B14B68EA1A002AEA
:1043600016DB0A6808203B602260D1E90289FBF76E
:10437000CBFBB8F1000F1CD13378002BEBD0FBF74F
:1043800077FF21680029E8D14FF0FF30BDE8F883BE
:10439000581BFBD5094B4FF4BD720C490C4809F072
:1043A000E5F9002008F02EFF0120F6F781FF02F06A
:1043B0007DFF4846C047DFE798690020504E002047
:1043C0003432012024D00020989A00201C4F002075
:1043D0000833002008B5F6F7A1FF024B024A034359
:1043E000138008BD00C0FFFF6C7E00202DE9F04F58
:1043F000044685B089467D4ACD217D48F6F764FFA5
:10440000002C00F0EB80B9F1000F00F0EB80638925
:10441000072B40F2A680774F666839687869FAF70B
:10442000BDFD754B8046D7F814C0196800297CD0B3
:1044300072880B463588002052BAD7F804E06DBA6E
:104440004FF0000B92B2ADB2CDE90241414604E01B
:10445000DC681846002C63D02346B3F812809045E0
:10446000F6D11C7A3CB19EF8408008F101085FFA51
:1044700088F84445ECD11C6800293FD054B1BCF108
:10448000FF3F00F0828084EA0C08D9F8046018EA43
:10449000060FDDD193F810A01AF0040F08D1BBF17C
:1044A000000F37D0BCF1FF3F77D0002C18BF9B46E0
:1044B000B3F81480A845CBD15C6814B13E69B4420E
:1044C000C6D1DDE90241002871D04B4A1E46136077
:1044D000DA68C260D96008212046FBF769FF00282E
:1044E0006DD133461E6A002E3BD0586A19462246CB
:1044F000424B0095B04705B0BDE8F08F002C36D098
:104500006445A5D193F810A01AF0040FD0D1BBF1E7
:10451000000FCAD1B3F814809B46A84598D1CBE7C9
:104520005E46029C8846002ED5D1D9F800306345FE
:1045300017D108212046FBF73BFF00283FD1B8F1F7
:10454000000F0ED17B6903F0F003E02B09D0B9898D
:104550002046083109B2FBF759FF0321204601F03C
:10456000B1FE204605B0BDE8F04FFBF789BF93F8D8
:10457000108018F0040F9BD1B3F814808B4508BF4E
:104580009B46A8457FF464AF96E793F810A01AF015
:10459000040F8DD1BBF1000FBCD0D9F80080DBF83F
:1045A0000060464584D0A04508BF9B4680E70821AF
:1045B00020460293FBF7FCFE029B002892D00C4B96
:1045C0004FF4B8720E490F4809F0D0F8002008F0F7
:1045D00019FE0120F6F76CFE02F068FE044BCF22B4
:1045E0000949F0E7024BD0220849ECE76C6B002048
:1045F000304F0020A89F0020DC310120B89F002010
:10460000B44F002008330020804F0020984F002036
:10461000F8B50F4615460446394A4FF46B713948D0
:10462000F6F752FE002F3BD0002C63D0364ED6F862
:1046300000E0BEF1000F2AD0704601E0C06810B162
:104640008442FBD10120002D2DD03F68734601E04C
:10465000DB68BBB19C42FBD0617A490702D55A7A2C
:104660005207F5D45A8AAA42F2D11A68002A18BF12
:10467000BA4201D0002FEBD16FF00700F8BD3F68C0
:10468000ACF800502760658228B10020F8BD4DB11C
:104690003B68658223600020C4F80CE03460F5E7D5
:1046A0001A4FC1E77046DFF868C04FF6FF72BCF8DA
:1046B0000030934218D001339DB2BEF1000FDED01E
:1046C0004FF48041734602E0DB68002BD7D05A8A52
:1046D000AA42F9D1013989B279B14FF6FF739D42EF
:1046E00005D00135ADB2EDE74FF44045E5E74FF4B5
:1046F0004045E7E76FF00F00F8BDACF80050BBE7AE
:104700001C6B0020304F0020DC3101207C70002029
:104710006C7E00202DE9F04186B00E461746044617
:10472000494A40F2CF2149489846F6F7CDFDDDE9E8
:104730000C23002A18BF002B0CBF01220022002FDF
:1047400008BF42F00102002E08BF42F00102002A19
:1047500065D1002C63D0628A002A3FD032894FF69F
:10476000F7739A425ED808213046FBF7E9FD00282E
:1047700046D135466B89072B57D9618A98FA98F24A
:104780006B6849BA5A80002219809A71DA712A89B5
:10479000207C51BA3A68000702F0F0021AD4E02AED
:1047A00099802BD0E37A0C9A11200D990292A27A6B
:1047B0000190284600923A46FAF7C4FBB5420346F8
:1047C00004D005902846FBF75BFE059B184606B013
:1047D000BDE8F081E02A0CD09980E3E7214620462D
:1047E000FFF716FF03460028B8D0184606B0BDE80C
:1047F000F0816A7B42F004026A739980637FD2E79A
:104800004FF4207208212420FBF7A4FE054648B18E
:104810003389002BAED03146FBF7F0FFAAE76FF0EB
:104820000F03D3E74FF0FF33D0E7084B40F20D32D0
:104830000749084808F09AFF002008F0E3FC01202F
:10484000F6F736FD02F032FD386B0020304F0020C5
:10485000D04F00200833002010B582B0DDF810E002
:10486000BEF1000F18BF002A0CBF4FF0010C4FF033
:10487000000C002908BF4CF0010CBCF1000F16D150
:10488000A8B1D0F800C0BCF1000F06D1F446CDE9C4
:1048900000ECFFF73FFF02B010BD0CF0F004E02C7D
:1048A000F4D0DEF80040A44504D18446EFE76FF071
:1048B0000F00F0E76FF00300EDE700BF002A18BF1C
:1048C00000294ED000284CD030B50446007A87B07D
:1048D00080BB106800F0F000E02817D1207F98BB63
:1048E000A06998B1DFF888C0DCF80050A8420DD06C
:1048F00004F118000391CDE90423FAF733F9844653
:104900000399DDE90423BCF1000F0CD1104603929A
:10491000CDE90413FAF726F9059B8446DDE9032166
:10492000BCF1000F20D02046CDF800C0FFF794FF67
:1049300007B030BDCDE904230391FBF76BFA059B6B
:104940008446DDE90312EBE7CDE904230391FBF78D
:1049500061FA8446059BDDE90312BCF1000FE2D148
:10496000D4E76FF00F0070476FF00300E0E700BF7F
:104970008070002070B50D460446164640F237415F
:10498000134A1448F6F7A0FCFDB1F4B1628AAAB14B
:104990002A68237C104943F0040362600A68A682F7
:1049A00023743AB1134601E0DB681BB19C42FBD192
:1049B000002070BD0020E2600C60FAE7214620462E
:1049C000FFF726FE0028E3D070BD6FF00F0070BD2A
:1049D000C86A0020304F0020DC31012070B5044649
:1049E0000E46154640F28C41034A0448F6F76CFC2B
:1049F0000CB1C4E9086570BD846A0020304F002006
:104A000010B50446104A40F2A3411048F6F75CFC8A
:104A1000CCB10F4A1368A3420DD033B11A46DB68FC
:104A20001BB1A342FAD1E368D36021460120BDE85F
:104A30001040FBF769B8E368214601201360BDE828
:104A40001040FBF761B810BD386A0020304F0020DD
:104A5000DC31012000B50C4A83B040F2CB410B4859
:104A6000F6F732FC0120FBF73BF8034640B1282261
:104A70000021019009F0B4F8FF22019BDA725A7705
:104A8000184603B000BD00BFAC690020304F0020C5
:104A900000B50F4A83B040F2F2410E48F6F714FC1D
:104AA0000D4A40F2CB410B48F6F70EFC0120FBF714
:104AB00017F8034640B128220021019009F090F830
:104AC000FF22019BDA725A77184603B000BD00BF7F
:104AD00014690020304F0020AC69002010B102683A
:104AE00001B102B970470B68002BFBD0084B1B6863
:104AF000002BF7D010B400E002681C68944201D18A
:104B00000A681A60DB68002BF6D110BC704700BF42
:104B1000DC31012030B5044683B00D462A4A5921C4
:104B20002A48F6F7D1FB6389102B21D96068E27B14
:104B3000C3891AB995F840200132E2738278D1070F
:104B40000DD5012A34D0062202302149019308F004
:104B500073FF019B18B9627B42F008026273082B55
:104B60000CD0B3F5C16F03D195F83D301B0714D4B9
:104B70002046FBF785FC002003B030BD95F83D30A2
:104B80001A07F5D510212046FBF712FC0028EFD1BB
:104B900029462046FAF700F8EDE710212046FBF7FA
:104BA00007FC0028E4D129462046F9F7D1FAE2E7CC
:104BB000C278002AD3D102795E2AD0D1627B42F03A
:104BC00010026273CBE700BFB469002000500020E0
:104BD0006C7000202DE9F0470C4606461021174660
:104BE00020469846BDF82050FBF7AAFBF0B9194AB9
:104BF00081464FF4A2711848F6F766FB6DBA6368F8
:104C0000DD81D8F80020C3F80220B8F80420DA804B
:104C10003A689A60BA889A8196F83C30062B09D196
:104C2000736921463046BDE8F04718476FF0010030
:104C3000BDE8F087084B40F24B120849084808F0DD
:104C400095FD484608F0DEFA0120F6F731FB02F048
:104C50002DFB00BF2469002000500020545000208C
:104C6000083300200A68036892B159684FF0010CBC
:104C7000104600B583B081F800C00193F6F78AFBB7
:104C8000019B9A68506001221B681A7003B000BD36
:104C90001B6801221A707047012A03D10B68036058
:104CA00000207047022A00B583B00ED0032A05D039
:104CB00012B1002003B000BD0260FAE700680028CE
:104CC000F7D00C2102F0FEF8F3E70A6801900C20FF
:104CD000009202F0F1F8009A8446019B07CAC3F8DB
:104CE00000C08CE80700E4E712B330B5144683B087
:104CF0000D46F6F751FBD4E90423801A98420CD3F1
:104D0000A3681BB10322214620469847182120465C
:104D100003B0BDE8304002F0D5B8A368019543B1B7
:104D2000E36801A920469847A368002BEAD1EDE784
:104D3000704703F09DFC00BF012801D90020704797
:104D400000B583B04B68C0B201A9019300F078FEB2
:104D5000012003B000BD00BF2DE9F0438F6887B08C
:104D600000286CD0B7FA87F56D09002F67D00E4682
:104D700080461820914602F09FF8044602223146F0
:104D800002950595C0E90055C0E90255C0E90455F2
:104D9000CDE9035502A8B847E268A3686F460592BB
:104DA000B2680493A260F268DDE90201E260CDE935
:104DB000000194E80300CDE90201DDE9000184E887
:104DC00003001BB1032202A902A89847F6F7E4FAF0
:104DD00023461E4A3946C4E90409404600F0C2FF92
:104DE00010F1050F804626D0A0B1A3681BB10322A5
:104DF0002146204698471821204602F063F8404695
:104E0000F6F7CCFA044609F091FA0460002007B0E6
:104E1000BDE8F083A3681BB10322214620469847D2
:104E20001821204602F04EF8B368029763B1F36888
:104E300002A930469847012007B0BDE8F08309F089
:104E400075FA16230360E1E703F012FC351B02003C
:104E500030B5002389B005460C2014468DF80E307D
:104E600001918DF80F30059302F026F80199034661
:104E70001C4A81600DF10F010792284619600DF15F
:104E80000E01194A596004A9069222460493FFF7BD
:104E900063FF069D03462DB104A901900322084635
:104EA000A847019B13B9184609B030BDF6F774FA4C
:104EB0009DF80F3005462BB10DE003F0A3FA9DF8E5
:104EC0000F3043B9F6F768FA401BA042F5D309F05A
:104ED0002DFA742303609DF80E30DBB2184609B03A
:104EE00030BD00BFB11A0200E51A0200194B0020C4
:104EF000194A196810B5194CC2E900404A1C1A60D9
:104F000081B1174A1749184803F060FB174A136824
:104F1000591C1160BBB1124A15491648BDE8104032
:104F200003F054BB144C4FF4EE72144808F058FED2
:104F300020468834F5F722FE114B9C42F8D1114BE4
:104F40000E4A1A60DDE7104C20460FF017FE0F4B9B
:104F50001C60E0E7448F0020B88C0020086000202F
:104F60008C7B00200D0200005C920020E08D002070
:104F7000D901000044920020908F00204C8F002027
:104F800028910020488F0020E88D0020E48D00202B
:104F90000F4A1368DB0407D51368002023F48253FB
:104FA00043F48053136070470A4B126C0A4903F1B3
:104FB0004000C91A43F8042B5A5843F8042B834283
:104FC000FAD1064B402202490120096C1A60704751
:104FD00000C00C40086F212040C00C405C910020B4
:104FE000064BD3F8800010F4405006D0A3F54033B0
:104FF000186880F40050C0F34030704700C00F4084
:105000002DE9F84F204B07468A461A68D2040AD584
:105010001A681E4922F4825242F480521A60DA6FF2
:105020001B6C00230B60BAF1000F24D0DFF85C800A
:105030005646154DD8F80040DFF8549044B92B6817
:1050400013F4A05FFBD0FFF7A3FFB8B1D8F800407E
:10505000B442A346C4F14001384628BFB346494490
:105060005A46A4EB0B0401F08DFEB6EB0B065F4431
:10507000C8F80040E2D15046BDE8F88FAAEB060A16
:105080005046BDE8F88F00BF00C00C405C91002086
:10509000086F212010B5042182B004460DEB0100F9
:1050A000FFF7AEFF042804D1019B0120236002B06A
:1050B00010BD09F03BF90522034600201A6002B03A
:1050C00010BD00BFF0B51A4C85B006460F462578D6
:1050D0005DB910211748CDE90223F6F73DF91028F4
:1050E000DDE9022316D10121217013480780438096
:1050F000034611680C2241600421346800920D4A75
:105100008460022000F020F80446F6F7CFF820442F
:1051100005B0F0BD094B2D2209490A4808F026FBCD
:10512000284608F06FF80120F6F7C2F802F0BEF842
:1051300010320120C08D0020D08D0020885000202A
:10514000E8500020083300202DE9F04F8BB057685D
:105150008346DFF89CA205911946149B87EA0A0A48
:10516000DFF8909203F1080095689C4E87EA0909E0
:10517000C0089B4FD2F800C06E40D2686F40DFF885
:1051800078820128974C984B8CEA0808974D82EA60
:1051900004048CEA030382EA05056BD0A0F1020C3B
:1051A0001A460846E646CDE906C10368D0F804C0B1
:1051B0005F408CEA0505BBF1000F4AD00393002144
:1051C0001346CDF810C0CDE901E016EB080C4FEA0C
:1051D000074E4FEA463201F101014AEB0408FB1881
:1051E0000EEB154E45EB090002EBD4422D048EEA7E
:1051F000030E640382EA0C0205EB174504EBD64468
:1052000045404FEA4E5784EA080418EB0E084FEA6F
:1052100042464CEB050A12EB030907EBD52744EB9A
:10522000000306EBD4366D058B454FEA444487EA0C
:10523000080705EBDE2586EA090604EBD23485EA89
:105240000A0584EA0304C0D11A46DDE901E0DDE97C
:10525000033C0EF1FF3E83EA08088CEA0A0A083094
:10526000BEF1FF3FA1D11346DDE906C101F10802FD
:1052700002EBCC01019308A8149B1A06099203F0D3
:1052800007020023089301F07DFD0899099A4F4019
:10529000019B5540BBF1000F45D00020CDE9011224
:1052A0001A4616EB080C4FEA074E4FEA463300F158
:1052B00001004AEB0408BA180EEB154E45EB090144
:1052C00003EBD4432D048EEA020E640383EA0C033D
:1052D00005EB174504EBD6444D404FEA4E5784EAA0
:1052E000080418EB0E084FEA43464CEB050A13EB93
:1052F000020907EBD52744EB010206EBD4366D0516
:1053000083454FEA444487EA080705EBDE2586EA31
:10531000090604EBD33485EA0A0584EA0204C0D105
:1053200013460199029A83F0FF0E059B81EA08005B
:1053300082EA0A014A46002B45D04FF0000CF346A2
:1053400016EB000A4FEA074E4FEA46390CF1010C02
:1053500044EB01000EEB154117EB0B0E4FEA054B2A
:1053600009EBD4434FEA443845EB02090BEB174BEA
:1053700081EA0E0208EBD64883EA0A038BEA090B9E
:10538000570588EA000880184FEA4B544AEB0B0196
:105390004FEA484504EBD22413EB0E024FEA434692
:1053A00048EB090E05EBD33384EA010507EBDB2755
:1053B00083EA0E04059B06EBD83647406345F34667
:1053C00086EA0206BCD187EA0E0755407E406C4053
:1053D000704061400BB0BDE8F08F00BF6D6F646E30
:1053E0007365747961726F646172656E626465740D
:1053F000656D6F736567796C75657370234BF0B578
:10540000044683B0224E03F130071D687DB11A7A3D
:10541000A2420CD14FF48A705A6800FB046010302D
:10542000CDE90013A8470022019B00991A600C33B4
:10543000BB42EAD14FF48A701549002700FB046093
:10544000FAB20137944202D08A7A022A16D0042F87
:1054500001F58A71F4D14FF48A7202FB0466F27B83
:10546000032A09D80B4C54F82200FFF7C9FAF27B43
:105470000021F77344F8221003B0F0BDCD7BC27B4E
:105480009542E4D10423C373F6E700BFE09A0020FD
:10549000189B0020C08800202DE9F04FDFF88CA178
:1054A0004FF48A7487B004FB00A4E37A012B00F266
:1054B000A180584A064652F8233023B994F8105177
:1054C000002D00F090804FF48A7406FB04F404F180
:1054D00010075744384609F02DF900F112014FF436
:1054E0002072382089B2FBF735F8804600286ED04C
:1054F00054440C22013F0C2523894FF6FE790DEB15
:1055000002015BBAADF80C300023CDF80F30CDF8B6
:1055100013308DF8173001238DF80E304FF480735F
:10552000ADF81030FBF75AFA01967A787E1C2E2AD5
:1055300050D0002A4ED03246144612F8013F2E2B8E
:1055400001D0002BF8D1E41B17465FFA84FBA4B20C
:105550005A462A444A4537DC5A4629464046AB4417
:10556000FBF7FCFA681C2246314683B240460BF139
:105570000105FBF787FA3A78ADB2002AD5D1294662
:105580004046019EFBF7EAFA4FF001220BF10203BD
:1055900002A940469BB202920422FBF773FA4FF431
:1055A0008A7303FB06AA9AF810319AF80F00B3B970
:1055B0009AF80B203523174901EB8202164951F85E
:1055C00020004146FFF77AF94046FAF759FF07B045
:1055D000BDE8F08F0022374614469346B9E741F202
:1055E000E9430E4AEAE72946FFF708FFA57207B02C
:1055F000BDE8F08F0A4B40F20D320A490A4808F024
:10560000B5F8002007F0FEFD0120F5F751FE01F08E
:105610004DFE00BF109B0020C08800201C700020A1
:10562000045100205451002008330020189B002012
:10563000414A4FF48A7303FB002310B59B7A04465A
:10564000032B6AD8DFE803F00E1231024FF48A739D
:1056500000FB03F3D15800293ED14FF48A7303FBBA
:105660000423997210BD1989614508D1F5F756FEDA
:10567000314B1FFA80FC1A46997A0229F3D003F5C0
:105680008A732E499942F7D14FF48A73A1F24E41A1
:10569000204604FB03F31A440833A2F808C0284A42
:1056A000CA50BDE81040FFF7F7BE4FF48A7004FB04
:1056B00000F011180B7B013BDBB20B73002BD1D137
:1056C0004B7B0133DBB2042B4B730AD00B732046A8
:1056D000BDE81040FFF7E0BE0139D1500029BCD031
:1056E000C0E7CB7A6BB9174B5B6853B191F81031B7
:1056F0003BB90830144A40F2011C22F800C04B7339
:10570000E5E700212046FFF779FE4FF48A730A4A45
:10571000002103FB0423997210BD0C4B40F26E4232
:105720000B490C4808F022F8002007F06BFD01201F
:10573000F5F7BEFD01F0BAFD189B0020689F002020
:1057400002000100109B00201B9B00200451002040
:105750006C510020083300202DE9F0471E461389C4
:105760008AB014460F2B05D82046FAF789FE0AB0F6
:10577000BDE8F08700230C2204A92046FBF7F0F8CF
:105780000C28F1D1A84B0025BDF810109A7A49BA1F
:10579000022A89B207D0013503F58A73042DE3D0BC
:1057A0009A7A022AF7D11A898A42F4D1BDF81430C4
:1057B000B3F5807FD8D19DF81230DB09D4D09A4A56
:1057C0004FF48A7303FB052393F8102132B9D97A79
:1057D000964B326853F821309A42C5D14FF48A7300
:1057E000A8462746BDF8169003FB05F3054603F1CE
:1057F00010029A468C4BD41829463846FBF79EF97E
:1058000000282DDB4FF6FF739D4229D000F0C00227
:10581000C02A25D00135ADB220B3261819E0217871
:10582000681C834A0134525C02F00302012A804A58
:10583000D25C08BF203102F00302012A08BF2033E6
:1058400099420DD14FF6FF739D4285B208D0B44204
:1058500008D029463846FBF771F9031EDBB2DEDAC1
:105860003C4681E729463846FBF768F90028F7DB14
:1058700004F10104C0D12E464FF6FF7245463C4666
:1058800096423FF471AF731C9BB293423FF46CAFEE
:10589000042202A938460193FBF762F804287FF43A
:1058A00063AFBDF80A20B2F5807F7FF45DAFBDF82D
:1058B0000820B2F5807F7FF457AF4FF6FB72019B53
:1058C00093423FF651AF9DF813305FFA88F81B07FB
:1058D00050D199FA99F2731DA946264697B29CB207
:1058E000002F00F090803389A34209D88BE03289E1
:1058F00093423DDA2146FBF721F9002838DB10D02E
:10590000651C21463046FBF719F9031EADB230463F
:1059100003F0C0022B442BDB9CB24DB3C02AE6D16E
:105920002C464FF6FF739C4222D0651CADB29D42BF
:105930001ED02B460A2207A93046FBF711F80A2889
:1059400016D14FF6F5739D4212D8079904F10B0357
:10595000BDF82420B1F1012F9BB224D054BA13FA20
:1059600084F4B4F5803F03DA7B1EA4B29FB2B7E79C
:105970003446F9E64FF48A732B4A03FB0523DB7A9E
:10598000002B42D1294B5B68002B3ED04FF48A7329
:10599000284A40F20131404605FB03F30833D15257
:1059A000FFF746FEE0E6B2F5806FD7D1042203A9E7
:1059B00030463446FAF7D4FF04287FF4D5AE4FF4CE
:1059C0008A743046184E09FB04F4039B35196B604A
:1059D000FAF756FD089B0AF10401174A40461BBA24
:1059E0003144934228BF134633510323AB72FFF770
:1059F00005FD3359002B7FF4BAAEAA7A032A7FF44F
:105A0000B6AEAB72B3E64D4634462046FAF738FDE3
:105A100000214046FFF7F2FC4FF48A73024900224E
:105A200003FB05139A72A2E6189B0020109B00202E
:105A3000796B00201C9B0020803A0900704700BF52
:105A4000012800D9704721B1054B0A6843F820208E
:105A50007047044A024B126843F82020704700BF89
:105A6000109B00207C70002010B50024E0B20134AF
:105A7000FFF7DEFD042CF9D110BD00BF002900F0B6
:105A800059812DE9F04F044683B0002800F00581CC
:105A90000578002D00F001819A4691460D4608F0E8
:105AA00049FE00F1FF3814F808302E2B18BF80464D
:105AB000B8F1FF0F00F2F18029462046F9F78CFA81
:105AC00018B1002003B0BDE8F08F9C4F264600952A
:105AD00004463946BB469A4F0D4615F8063C032B43
:105AE00049D0013405F58A75042CF6D13446954920
:105AF0003E465F46204608F0FFFAA8F1060323441D
:105B0000984273D0904B1B68002B00F00A814FF035
:105B1000000B002517F8063C022B40D0013507F595
:105B20008A77042DF6D1894B002218781346B17A72
:105B3000D7B2002948D0032902F1010208D1B17B74
:105B4000411AC9B28B4238BF3D468B4238BF0B4623
:105B5000042A06F58A76EAD1042D07D0784A4FF454
:105B60008A7303FB05239A7A032A42D04FF0FF3051
:105B700003B0BDE8F08F424629463046F6F7C8FC30
:105B80000028AED115F80830002BAAD14FF48A7244
:105B90006B49009D02FB04135B682B6091E7424652
:105BA00039462046F6F7B4FC0028B7D117F808307C
:105BB000002BB3D1664A11680C32002900F09C809A
:105BC0000133042BF7D1A9E74FF48A735C4903FB37
:105BD00002165F4B00251A46009313680C325BB126
:105BE0000135042DF9D14FF0FF30C1E74FF0010B23
:105BF0008FE71E462F46ECE705EB45020193009B1D
:105C00002146B07306F1100043F8229003EB8202A4
:105C1000504CC2F804A04FEA450A17720122B27232
:105C2000424601F0AFF8B044019B224688F810309C
:105C30009846136804329BB308F10108B8F1040FC9
:105C4000F7D145480422017801315FFA81F8B8F1B3
:105C5000030FA2F102030CD921684FF002080029BA
:105C60005CD1012A10D06268002A5DD113F0FF02D6
:105C70000AD054F8281008F10103013A61BB12F070
:105C8000FF025FFA83F8E2D104225544009BF273CD
:105C90000022B27243F8252068E76FF00F0011E789
:105CA0002E20FEF7F5FE8146002840D0F5F736FBA2
:105CB00082B2B2F5806FF9D328494846FEF7A8FCB6
:105CC00010F1080FF2D010BB024625494846FEF7F6
:105CD00085FE214844F828901C4A80F80080384608
:105CE000137886F810B1013386F80F801370FFF730
:105CF0009FFC6FF00400E5E603EB4302144941F812
:105D0000229001EB8202C2F804A01572F1E7484626
:105D1000FEF776FE002244F8282092E74FF00008B4
:105D2000DAE76FF00500CDE64FF00108D4E744F85C
:105D3000289086E76FF00F00704700BF289B002077
:105D4000189B00208C510020109B00202D32012038
:105D5000E09A0020C08800202C3201207C700020B6
:105D6000A525020000B54FF0000C83B0CDF800C0AF
:105D7000FFF784FE03B000BD70B54FF0000E00F0D9
:105D80000104714505DD24B110F8013B013963F3CD
:105D90001F2E012928DD8E1E490803464FF0000CF6
:105DA0004D1E00EB410233F8021B93428C44FAD1A2
:105DB000C5EBC573023006EB4301A0EB430001299C
:105DC00002D1037863F3070E0EEB0C039AB202EBD9
:105DD000134398B200EB134003BAC3F30F43002CF4
:105DE00018BF184680B270BD4FF0000CE7E700BF47
:105DF00008B5FFF7C1FFC04380B208BD70B51546B6
:105E000006460C46114A7C211148F5F75DFA75B13A
:105E1000B26C25613AB1134601E01B681BB19C428C
:105E2000FBD1002070BD22600020B46470BD084B1F
:105E30007D220849084807F099FC284607F0E2F956
:105E40000120F5F735FA01F031FA00BFC4690020EE
:105E500094510020E85100200833002010B50123A0
:105E6000002482B04A600C730B810191F5F756FA59
:105E7000064B024620460199A3FB0243DB0803EBD5
:105E80008303A2EB43024A8102B010BDCDCCCCCC3F
:105E9000836C23B100221A721B68002BFBD1704760
:105EA00038B5374B1D68002D36D0AC6C74B933E073
:105EB000013B042A9BB2638139D8022A4ED8013AA9
:105EC000012A01D8002B3AD024682CB3237B0BB1D4
:105ED000013B23736389227A002BE9D1042A1CD861
:105EE000022A29D9637A13B9637304232372211D0B
:105EF0002846F8F789FB637A4FF014020133628178
:105F0000DBB2012B2DD9052300212846A36023698C
:105F100098472468002CD9D138BD072AD4D14FF036
:105F2000000223690121284622729847CCE7072AFC
:105F3000CAD1002BC8D1F2E7013A012AC4D8022302
:105F4000211D28462372F8F747FB637A0133DBB241
:105F5000022B637207D90B4BA360B5E7002BB3D1BB
:105F6000C0E76372B0E7F5F7D9F9074BA3FB00234D
:105F7000DB0803EB8303A0EB43000A306081A3E757
:105F800020D0002003001400CDCCCCCC2DE9F04370
:105F9000054685B0D0F836006B8FAC6C0290ADF83A
:105FA0000C306CB30E46D1F80E808F690AE03BB11D
:105FB000636843452FD0BB4202D1B8F1000F22D015
:105FC0002468ECB1237A032BF1D91A1F022AF7D8DF
:105FD00062684245F4D1062206F1080102A8019345
:105FE00007F02AFD019B0028EAD0062B2AD0237B4C
:105FF0008BB9211D2846F8F707FB64232373DFE7DD
:1060000005B0BDE8F083062206F1080102A807F0FA
:1060100013FD0028D4D0637B02212846013363732B
:1060200023699847637B092B05D9072323724FF413
:1060300016736381C4E70023012128462372236974
:106040009847BDE700230221284623722369984719
:10605000B6E700BF002930D08C46096869B362B347
:10606000136853B3836C43B330B5154685B06246AD
:1060700002E01B68FBB111685C688C42F9D189B2FF
:106080004FF6A964A142F4D12988A142F1D0197A2E
:10609000052916D8032911D801390229E9D8002188
:1060A00003921A6919720221029001939047039A90
:1060B000DDE90130DDE705B030BD7047062119721A
:1060C000D7E70729D5D1EAE72DE9F043058989B05B
:1060D000074688461C2D91464FF024004FF420724D
:1060E00028BF1C2505F10804A4B22146FAF732FAAC
:1060F00050B343890646A34229D37B682A464468A5
:10610000002505933946082384F8008084F801901F
:1061100025716571A571E571FAF780FB059B07A8EC
:10612000DB680793F8F71EFD58B10123A570E570F1
:1061300007AA0290294601933046FF230095F8F7FD
:1061400015FF3046FAF79CF909B0BDE8F083074B1C
:106150004FF4BB720649074807F008FB002007F020
:1061600051F80120F5F7A4F801F0A0F8085200203A
:106170005C520020083300202DE9F0414B4D86B0E1
:106180000446AE68337803F00F039B00132B14D939
:106190004289032A11D942681278082A0DD1686908
:1061A00000F0F002E02A08D00F4629680493F8F7BF
:1061B000F5FE10B92289072A05D8204606B0BDE8A9
:1061C000F041FAF75DB9049B204603F110010593F5
:1061D0000491FAF7B5F8DDE90413002848D02289C4
:1061E000991889B28A42E8D84FF42072102004939B
:1061F000FAF7B0F980460028DFD0049B418903F10B
:106200000802914249D331461A464068049300F08F
:10621000B9FD04994046FAF7CBF8002841D1214650
:106220004046FAF795FB002837D120464446FAF756
:1062300027F9049B194620466668FAF781F800287A
:10624000BBD16268D5E90413D360FF2311613070BC
:10625000E073B070F0709072D072137201220090EF
:106260001349CDE9012702462046F8F77FFEA4E74F
:1062700020460493FAF79CF8049B0028DAD00D4BD3
:10628000CC220D490D4807F071FA002006F0BAFF44
:106290000120F5F70DF801F009F84046FAF7F0F89B
:1062A0008BE7044BBB220649ECE700BFA89F002008
:1062B000BC9F002008520020BC5200200833002060
:1062C000885200200A460321FFF7FEBE0A460B2132
:1062D000FFF7FABE10B572B6DFF8C0C0BCF80020F8
:1062E00091B9036883B190F804E0BEF10F0F0CD8A8
:1062F00042FA0EF414F0010445D0264C7444B3EB7A
:10630000441F02D162B610BD002142FA01F3DB073F
:1063100007D501311029F8D162B60023017103605D
:1063200010BD01238B401A43ACF8002062B61A4A14
:1063300081F0030C0171D36F43F0C003D367A2F562
:10634000A03240F28243136002F58072114B02F8D2
:10635000E61CCB1802F8E21C02F8E81C5B0102F80C
:10636000E11C9FED0A7B036083ED007B83ED027BE4
:1063700083ED047B83ED067B1CF8023063F03F0362
:106380000CF8023010BD2146BFE700BF000000003E
:10639000000000008074000200C00F40FA310120AC
:1063A00003790F2B11D8094A937672B60849012256
:1063B00090F804C00B8802FA0CF223EA02030B8067
:1063C00062B61022002302710360704700800E4005
:1063D000FA310120EFF3108272B6437F33B9017FA7
:1063E000012907D0032911D0012343770AB962B6E6
:1063F00070477047DFF868C0DCF80010F9B1164943
:1064000043610B68086083615861EDE700B5DFF810
:1064100054E01249DEF800C0BCF1000F16D0436111
:106420000B68836158614FF0E0234FF0805C086097
:10643000C3F804CD0123437702B962B600BD064B11
:10644000CCF800001860C0E90511CDE7C0E905CC23
:10645000CEF80000E7E700BF40910020389100200F
:10646000349100203C91002070B5EFF3108272B699
:106470000C4C206880B10C4E00254369236073B139
:106480009D6102B962B6836845779847EFF3108241
:1064900072B620680028F0D102B962B670BD3360D0
:1064A000EFE700BF3C91002038910020FFF7DCBFF0
:1064B0000346EFF3108272B6407F50B1197F012975
:1064C00000B50AD0032913D00021597702B962B66A
:1064D00000BD0AB962B670477047D3E905C1A1B1E2
:1064E000C1F814C0BCF1000F14D0CCF81810EBE7C1
:1064F000D3E905C199B1C1F814C0BCF1000FF4D1C2
:10650000DFF82CC0CCF80010DEE7DFF828E0CEF88A
:1065100000C0E7E7DFF820C0CCF80010D4E7DFF8D0
:106520001CE0CEF800C0BCF1000FDED1E8E700BFF0
:106530003891002034910020409100203C910020AF
:10654000037F012B0ED0032B00D07047437F33B164
:10655000D0E90523C3B15A6162B90E4A1360002322
:1065600003777047437F002BF9D0D0E905232BB187
:106570005A6132B1936100230377704706490A607C
:10658000F7E7064A1360EAE705490A60002AF1D1F5
:10659000E3E700BF389100203491002040910020B3
:1065A0003C9100200449054A4968054B196013686D
:1065B00001331360704700BF001000E0203101205C
:1065C0001C310120084601F08DBE00BFF8B50D4614
:1065D0000D4FC41CC61D14F8011F00230A222846B3
:1065E00000F0B2F8B4424FF02E0006D02B681B68C2
:1065F000BB4204D101F076FEEDE70420F8BD2E2168
:1066000028469847E7E700BF11340200704700BFF3
:10661000704700BF704700BF704700BF38B5064CD9
:10662000A4F1600554F8083C2046183CDB68984704
:10663000AC42F7D138BD00BFB0870020074B002027
:10664000DFF824C0064A0749C3F800C0C3F818C0E1
:10665000C3F830C0C3F848C001F0B8BF608700205D
:106660008C7B0020693402000C5E0020012A70B58A
:1066700008BF0A228AB005461E4659B34FF0210CC6
:1066800001E05FFA84FC0CF1FF34B1FBF2F302FB92
:10669000131EBEF1090F0EF1370098BF0EF1300046
:1066A0000DEB0C0E914219468EF80400E9D23EB172
:1066B0000CF1FF3C2D225FFA8CFC0DEB0C031A71E0
:1066C0002B6801A9CCF1220228465B6861449847F7
:1066D0000AB070BD30234FF0210C8DF82530E6E76D
:1066E000002903DB00230A22FFF7C0BF49422D2304
:1066F0000A22FFF7BBBF00BF00B5036883B040F6B6
:106700000D2C022201A95B68ADF804C0984703B0C4
:1067100000BD00BF044B022888BF0346D3F800C069
:106720001846DCF804301847647900200EB400B530
:1067300082B003AA52F8041B019207F0C9F802B014
:106740005DF804EB03B0704742B90368C9B2054A6B
:106750001B68934204D1084601F0C4BDFFF786BF11
:10676000184700BF1134020000000000B4EE400BD7
:1067700070B5F1EE10FA86B0864680F18280B0EEF8
:10678000C07B9FED486BB4EE467BF1EE10FA6CDCFB
:106790009FED467BB4EEC70BF1EE10FA5CDC9FED8B
:1067A000457BB4EEC70BF1EE10FA55D4B5EEC00B35
:1067B000F1EE10FA61D40023B6EE007B002964D01C
:1067C0004FF0000C9FED3D6B0CF1010C27EE067BAA
:1067D0006145F9D130EE070B0C460A227046764629
:1067E000FCEEC07BB8EE676B17EE901A30EE460BEE
:1067F0008DED000BFFF73AFF0F2C21464FF02E03D3
:1068000028BF0F2105468DF808300DF10903481EF9
:10681000B2EE046B02AA53FA80F09DED000B20EE5D
:10682000060BFCEEC07BCDED007A9DF8003007EE44
:10683000903A3033B8EEE77B02F8013F904230EEF9
:10684000470BECD133684A1C304602A95B68D2B2D0
:106850009847284606B070BDDEF80030032219497B
:106860005B6806B0BDE8704018470368032216490C
:106870005B6806B0BDE870401847B1EE400B0123DD
:106880009AE7036803221149EAE730EE070B0A2270
:106890007046FCEEC07B17EE901A06B0BDE8704063
:1068A000FFF7E4BEFFFFFFFFFFFFEF7F000000E008
:1068B000FFFFEF41000000E0FFFFEFC19A999999B7
:1068C0009999B93F9C5B0020985B0020945B002065
:1068D00001F0F8BC01F08EBCA94AAA4B90422DE908
:1068E000F047A94CD3F814E09969D4F80CC000F231
:1068F000088103F1437303F5F4530333A3FB00232F
:10690000DB0D03EB830303EB830202F2B63240F2AA
:1069100027639A4228BF1A469C4BA3FB0232D20837
:10692000203A984D0CF01F04D5F88030944243F083
:10693000C003C5F880300BD22CF01F0C924C4CEAEF
:10694000020CC4F80CC02368002BFCDA0CF01F0406
:106950001EF0007327D18E4D2E698E4DB54300F089
:10696000FA8081F4805576464FF4805716F0605FC8
:1069700006D02EF0605E4EEA030E824BC3F814E0A0
:1069800015F4405F07D021F440517E4D3943A96191
:10699000AB6C1B07FCD44EF0007E7A49C1F814E0C2
:1069A0008B6C9F06FCD47C49884200F2DF80012674
:1069B00035460EE0082D0CD1042E00F291800136F0
:1069C000022506FB00F38B4200F2C3805B008B4282
:1069D00006D8013506FB05F300FB03F38B42E9D92A
:1069E000771E05F1FF384FEA872A8EEA87276B4921
:1069F00059186B4B99427CD9DFF8E4916C236948B4
:106A00006349B0FBF5F0684DB0FBF6F00E68354019
:106A10004D4508D043F400534FF480550D600B6092
:106A20000B68002BFCDA57490B6903F00703434559
:106A300004D0C1F810808B6CDE03FCD417F4E05F47
:106A40000BD02EF4E05E0AF4E0534E4943EA0E0EFA
:106A5000C1F814E08B6C9D07FCD4544D5449451982
:106A60008D4239D8534BED09A3FB05352D0B6B1E19
:106A70001B028EEA030111F4407F07D02EF4407E02
:106A800003F440733F4943EA0E034B613D494B69B0
:106A900023F000734B618B6C9B06FCD4464BA242E7
:106AA000A3FB00134FF0FF314FEA9343B0FBF5F522
:106AB000B1FBF3F34149086041490D6041490B6066
:106AC00008D22CF01F0C30494CEA0202CA600B6855
:106AD000002BFCDABDE8F0874FF440730425C8E7CB
:106AE000771E2E494FF007084FEA872A59188EEA79
:106AF0008727294B99421CD8DFF8E8903623324883
:106B00007EE7324B984201D80E220AE7304B98427A
:106B100028D9304A904227D9821A2F4B120AA3FB58
:106B20000232D20902EB820202EB820202F2E2425C
:106B3000EDE6A3F182532948DFF8AC90A3F5893341
:106B40007E3BA3FB01310B0D03FB00F043EA090977
:106B500056E7012544E71F468EF0C0560D464FF01C
:106B6000C05303E70F22DCE61222DAE601260346D1
:106B70004FF0000A77464FF00008354637E700BF70
:106B8000001C4E0E00C00F40000008401F85EB5156
:106B900000800D4040300080FFB19F26808D5B005B
:106BA000FF7EF64D00643F4D7F3001807FD1F008BD
:106BB0007F17B42C9F10E50083DE1B437078002004
:106BC0006C7800200831012000B29F26FF0A6B1B61
:106BD00000A4781F0046C32323B24C00001BB7005B
:106BE0006C200080362000800020008000B97047B3
:106BF0002DE9F84F01218146224C234E234D54E8C4
:106C0000003F3268286844E80013002BF7D1204980
:106C10004B684FF47A7BDFF87CA01B1A01270BFB33
:106C200002F8DAF80020A2FB03235B4594BF9844E6
:106C3000D84454E8003F3268286844E80073002BC9
:106C4000F7D14B68DAF800C01B1A0BFB02F2ACFB61
:106C500003C3B3F57A7F94BFD21802F57A72A2EB20
:106C60000802B2F57A7F08D3B9F1010F08F57A78F6
:106C700009F1FF39DDD1BDE8F88F01F0C3FB04490C
:106C8000D7E700BF24310120203101201C31012031
:106C9000001000E00831012010B50F4B4FF0010C3F
:106CA0000E4CDFF844E053E8002F2068DEF80010B7
:106CB00043E800C2002AF6D1094B5B68094A5B1A17
:106CC0004FF47A71126801FB00F0A2FB03238B42A0
:106CD00094BFC018401810BD24310120203101207C
:106CE000001000E0083101201C310120362831D885
:106CF00002011B4B012903EB00109B5800B55A6899
:106D0000D0E902EC12D0042910D022EA0C025A6019
:106D1000C9B102291FD003294FF015020CBF114B36
:106D2000114BCEF8003043681A6000BD42EA0C02F5
:106D300001295A6007D040F63803CEF80030436886
:106D400015221A6000BD38231522CEF800304368A2
:106D50001A6000BD7047054BCEF80030EFE700BF6A
:106D6000AC6C0020383001003800010038F0010020
:106D700008B5DCF781FFDDF79FF801F043FBFAE788
:106D800030BFFDE7844641EA000313F003036DD1F1
:106D9000403A41D351F8043B40F8043B51F8043BDE
:106DA00040F8043B51F8043B40F8043B51F8043BE5
:106DB00040F8043B51F8043B40F8043B51F8043BD5
:106DC00040F8043B51F8043B40F8043B51F8043BC5
:106DD00040F8043B51F8043B40F8043B51F8043BB5
:106DE00040F8043B51F8043B40F8043B51F8043BA5
:106DF00040F8043B51F8043B40F8043B51F8043B95
:106E000040F8043B51F8043B40F8043B51F8043B84
:106E100040F8043B403ABDD2303211D351F8043B24
:106E200040F8043B51F8043B40F8043B51F8043B64
:106E300040F8043B51F8043B40F8043B103AEDD2D3
:106E40000C3205D351F8043B40F8043B043AF9D224
:106E5000043208D0D2071CBF11F8013B00F8013BF7
:106E600001D30B8803806046704700BF082A13D304
:106E70008B078DD010F003038AD0C3F10403D21A1C
:106E8000DB071CBF11F8013B00F8013B80D331F850
:106E9000023B20F8023B7BE7043AD9D3013A11F8D0
:106EA000013B00F8013BF9D20B7803704B7843703B
:106EB0008B7883706046704704F0F8B904F0F6B937
:106EC00004F0FCB904F0FAB904F0F8B901F1FF3CA0
:106ED00070B566464FF0000E01E00EF1010EB0FBFA
:106EE000F2F402FB1403092B03F1370598BF03F1F9
:106EF00030059042204606F8015FEED201EB0E030A
:106F000000225A70BEF1000F11D0481C70440CF1E1
:106F100002021CF8014F10F8015DA1EB0C03521A9C
:106F20008CF80050013B047073449A42EFDB084632
:106F300070BD00BF10B500234FF470440F224FF412
:106F4000806EA0F88C411946A0F88E214FF4604461
:106F5000A0F890310A46B0F8883148F2B82C43F0D6
:106F6000F003A0F8883101EB4103013100EB43133A
:106F700004299C80A3F806E05A841A865A805A8114
:106F8000A3F80EC05A82DA825A83DA83EBD1B0F8C2
:106F9000883143F00F03A0F88831B0F8883143F40A
:106FA0007063A0F8883110BD374B384A996F384864
:106FB00041F47F0170B5996741F20106D3F8801062
:106FC00045F6C05543F226040A43C3F88020FFF774
:106FD000B1FF00F58040FFF7ADFF00F58040FFF7FF
:106FE000A9FF00F58040FFF7A5FF0022A0F50310E0
:106FF0004FF00F0E114600EB42134FEA421C0132D4
:107000009981042A5981A3F80EE09E82DD8020F840
:107010000C1019829C81EED100221E484FF00F0EF9
:1070200041F20106114645F6C05543F2260400EB35
:1070300042134FEA421C01329981042A5981A3F874
:107040000EE09E82DD8020F80C1019829C81EED12A
:10705000002211480F2641F20105114645F6C054A1
:1070600043F2260E00EB42134FEA421C0132998193
:10707000042A5981DE819D82DC8020F80C1019825F
:10708000A3F80CE0EED170BD00C00F40000003FC7F
:1070900000C03D4000001E4000401E4083290DD826
:1070A00057280BD821F0010C074AC9073CF80230D9
:1070B00005D423F0FF0318432CF802007047DBB21D
:1070C00043EA0020F8E700BF00C03B4072B6EFF390
:1070D0000583524CC4F884301EF0040F0CBFEFF34C
:1070E0000882EFF309824FF0E0234D4DD3F8280DCD
:1070F000D3F82C1DC4E92201D3F8341DD3F8383D50
:10710000C4E924139369A83444F8103CD36944F8C3
:107110000C3C00F0CFF804ED020A01F0DFF90B237C
:1071200044F8040C4FF0FF323E4844F8283C2B68EA
:10713000202104355A4042F30003013903EA0003D9
:1071400083EA5202F7D1A542F1D1344BC3F8A8200B
:10715000BFF34F8F4FF0E0233149334AC3F8701F1C
:10716000C3F8702FBFF34F8FBFF36F8F2F4A0224E6
:107170002F48D36E2F4943F44053D3660460D3693C
:107180002D4823F07F0343F04003D3610B68834213
:1071900040D8274D00204FF0E0234FF0FF32286009
:1071A0000121C5F8080125480C460E46C5F8000126
:1071B000C5F80811C3F88021C3F88421C3F88821D9
:1071C000C3F88C21C3F8902101E000F073F9D5F8E1
:1071D0000C31002BF9D04F2CC5F80C6104F10104DF
:1071E000F3D9174B022017494FF00042C1F8400174
:1071F0005A63D5F80C313BB9134814490C4A016362
:10720000D2F80C31002BFAD04FF0E023104AC3F82B
:107210000C2DFEE7FFF760FBBBE700BF00FF272058
:1072200080FF27202083B8EDA0FF272000C00F405B
:107230000040084070780020803DCD0B009F240066
:1072400000900D4000002E4000800F40F100AD0B7B
:107250000400FA05094A08B50346106823B103443F
:1072600007498B4201D8136008BD07F05FF80C2274
:1072700003464FF0FF301A6008BD00BF887B002036
:1072800000002820002070474FF0FF30704700BFFB
:107290004FF4005300204B60704700BF012070473F
:1072A0004FF0FF30704700BF30BFFDE730BFFDE754
:1072B000FFF70CBF124AD2F880305B07FBD5D2F83B
:1072C00080301048C3F30B230F4990ED007A07EE8E
:1072D000903A91ED006AB8EE477A0C4AF8EEE77AF8
:1072E0000B4BD2ED006A77EEC77A93ED007AB8EED9
:1072F000477A67EE867A87EEA60A37EE400A70472D
:1073000000810D40F83001200031012004310120BE
:10731000FC300120836B70B586460E4610461BB1CB
:10732000536843F40043536072B6DEF8342042B32E
:107330001B4B1060D3F8B02132421ED1194C656846
:1073400005E06268A2EB050CBCF5166F0BD2D3F812
:10735000402142F48042C3F84021D3F8B811D3F859
:1073600040215204EDD5314007D10D4ACEE902014A
:10737000D2F8B0313343C2F8B031CEF8340062B63F
:1073800070BD0749CEE90202D1F8B0313343C1F8EC
:10739000B031CEF83000CEF8340062B670BD00BF18
:1073A00000002E40001000E070B5056B95B12B4633
:1073B000002403E01B680134012B0CD05A6812062C
:1073C000F8D5036306462CB12846B36B2D68984761
:1073D000013CF9D170BD00220023C0E90C23F1E784
:1073E00000B501BBDFF8A0C0234B0021234A4FF0BA
:1073F000010E4FF001109960C3F800E0CCE90231B2
:107400004FF0800CC3F804C0C2F8BC01D2F8B03110
:107410001B4843EA0E03C2F8B0310160D2F8B03124
:10742000002BFBD100BD0904164BDFF85CC04FF008
:10743000010E41F080019860104A596000F58051BA
:10744000C3F800E0D96000F50051CCF8483019616C
:1074500000F5405100F58040596100219861CCF859
:107460004C10D2F8B03143F48033C2F8B031D2F8C6
:10747000B031002BFBD1B7E7E088002000002E40A0
:10748000709F002000890020000000200749012291
:107490000B78824023EA02030B7033B9044AD2F816
:1074A000483123F08003C2F8483170473832012058
:1074B00000002E402DE9F047A64C82B0D4F844617C
:1074C000F107C4F844614CD5D4F8AC31002B43D05B
:1074D000A14DA24FDFF8B882C4F8AC31D5E90A203B
:1074E000D4F8403143F40053C4F84031D4F840316B
:1074F0009B04F5D5D4F840314FF0011123F400532B
:10750000C4F84031C4F8B411D4F8B43113F0011305
:10751000FAD191B284463B60B1F5086F00F03A8130
:1075200000F2958040F2023E714500F0928100F237
:10753000A480822900F0E181B1F5817F00F0B38160
:10754000802940F09580864802210380FFF748FF9C
:10755000D4F8AC31002BBFD17E4AD2F8BC31002B1D
:1075600042D1720616D57B4BD3F8AC21C3F8AC21BF
:10757000D3F8BC21C3F8BC21D3F8B041002CFBD117
:107580004FF0FF32C3F8B421D3F8843100F042FD4C
:10759000744B1C60F40103D5734B1B6803B198470F
:1075A000B00103D5714B1B6803B19847710708D52B
:1075B000684BD3F8843113F4007345D06C4B01222F
:1075C0001A70644BD3F848311A060AD5330608D529
:1075D000684A13782BB1013BDBB21370002B00F02B
:1075E0006D8202B0BDE8F0875C49C2F8BC31086822
:1075F000034240F098815B4A12681340B1D01C0CE2
:10760000554D1FFA83F810D094FAA4F7B7FA87F70C
:1076100005EBC7104030FFF7C7FE012303FA07F759
:10762000BC43F1D1B8F1000F9BD0012798FAA8F420
:10763000B4FA84F405EBC41007FA04F4FFF7B4FEBF
:1076400038EA0408F2D18CE7494A1370B9E742F2EC
:10765000212E71455AD049D8B1F5106F00F0A280A3
:1076600042F2210C614503D1010C072900F08C8105
:107670004FF00113C4F8C0316AE7B1F5A06F00F014
:10768000CA80A1F5D0610129F2D83B4B5968002985
:10769000EED01FFA8CFE120C03E019690C3300299E
:1076A000E6D0B3F800C09445F7D1B3F802C0F44572
:1076B000F3D14FEA122C000CBCF1030F00F0CB8188
:1076C0001B89834228BF0346B2F5007F9A4640F0EB
:1076D0009A81274B1B78002B40F0EE8127495246B8
:1076E0002748DFF89C90FFF74DFB9EE142F22133E3
:1076F000994214D04FF6C0039942B9D183B2FF2BFF
:10770000B6D843F46E4363F30F0CBEE780B230B9D2
:107710001C4B120C19681C4B19601C4B1A7000236F
:10772000C5F84880EB64C8F808300123C8F8003079
:107730008023C8F804304FF00113C4F8BC31D4F8EA
:10774000B03143F48033C4F8B031D4F8B031002BF9
:10775000FBD1FDE600002E4000000020709F0020BD
:10776000C0300120749F0020EC310120F031012055
:107770004132012042320120A8710020902F006088
:10778000606F212020310120E83101203F320120AB
:10779000E0880020B34B0121B3481B780370FFF74A
:1077A0001FFED5E6AF49120C01930A70AF4AC4F828
:1077B000C821AF4AC4F8CC21AE4AC4F8D02100F0A9
:1077C0002BFC80220199AC4806F00AFAAB498022D2
:1077D000019BA9644A60AA4AEB64C5F8A02002F1A3
:1077E0003C428B6002F56C2202F56F72C5F8E02016
:1077F00001220A604FF00112C4F8BC21D4F8B02174
:1078000042F48032C4F8B0219E4A3B60D2F8B031D5
:10781000002BFBD19CE69949EB648B600123A964A2
:107820000B6080234B604FF001139649C4F8BC31C4
:10783000D4F8B03143F48033C4F8B031D1F8B0316A
:10784000002BFBD1130C5B0643F08073C1F854315D
:107850007EE610F0780F7FF40BAF00F07F028A4BCA
:10786000000653F822104CBF41F4803141F0010171
:1078700043F822100021814BE96499600121AB6437
:10788000196080217F4A59604FF00113C2F8BC3162
:10789000D2F8B03143F48033C2F8B031D2F8B0310D
:1078A000002BFBD154E610F0780F7FF4E1AE00F02E
:1078B0007F02754B000653F822104CBF21F4803133
:1078C00021F0010143F8221000216C4BE96499601A
:1078D0000121AB64196080216A4A59604FF001139D
:1078E000C2F8BC31D2F8B03143F48033C2F8B031C1
:1078F000D2F8B031002BFBD12AE610F078037FF4E8
:10790000B7AE00F07F01604A000652F82110564AD7
:10791000138036D5C90301D50123137002215248C3
:10792000FFF75EFD14E60020086058490C8848689F
:1079300042F221018C427FF45EAE80B200287FF4D7
:107940005AAE5349534C03C9A18086284FEA1141CE
:107950002060A1717FF44FAE72B64F48017841F0BC
:1079600008010170D2F848110D0605D480200143AA
:10797000C2F84401C2F8481162B6484A5021117059
:1079800039E6CB07CAD5C7E74049EB60444BC1E9AC
:1079900000200122AB601A60424A5A603C4A9A6059
:1079A000D4F8B01141F00101C4F8B01102F58051D2
:1079B000D96002F50051196102F5405102F580428B
:1079C00059619A612F4AD2F8B031002BFBD12B4973
:1079D000EB648B600123A9640B6048F280034B6069
:1079E0004FF00113C2F8BC31D2F8B03143F4803308
:1079F000C2F8B0314FF48033224A3B60D2F8B03144
:107A0000002BFBD1A4E5B2F5E06F7FF468AE264B06
:107A10001B78002B4ED12549DFF8949052464846FA
:107A2000FFF7B0F9072389F8013029F01F0309EBAC
:107A30000A02BFF34F8F4FF0E021C1F8703F2033AF
:107A40009A42FAD8BFF34F8FBFF36F8F1848514651
:107A5000FFF7C6FC7CE50B78834228BF03469A46B5
:107A60003DE600BF40320120C03001200200CC00C2
:107A7000C80002000200C80080000020E08800204A
:107A80005DCFC6B800002E40C0012E40208C0020E3
:107A9000689F0020E031012038320120423201206D
:107AA000008900208000070041320120F42F00608F
:107AB000606F21200449AFE7044910E60320FFF777
:107AC000E5FC0DF06FF800BF902F0060F42F006010
:107AD0002DE9F043841E83B0022C02D903B0BDE827
:107AE000F083124D90460F46C60105EBC0143C22B0
:107AF00000210190201D994606F072F8B8FA88F22C
:107B00003904520941EA42710122A951C4F838905E
:107B1000A260B9F1000FE1D00549019B9A400B68C2
:107B20001A430A6003B0BDE8F08300BF00000020E4
:107B3000749F00202DE9F043A0F1020E83B0BEF146
:107B4000020F02D903B0BDE8F0839146C201124F83
:107B5000884602F1400605463C220021F4190193B3
:107B6000201D06F03DF8B9FA89FC4FEA0842019B56
:107B70004FEA5C1C42EA4C72BA510122A363A26034
:107B8000002BDFD0054905F110000B6882401A4335
:107B90000A6003B0BDE8F08300000020749F00205D
:107BA00012044FF0010C816042F08002C0F800C066
:107BB000C36101F5805C01F54053426001F500525C
:107BC00001F58041C0F80CC08161C0E90423704711
:107BD000831E022B00D9704700F1100C064B0A4699
:107BE00003EBC01000B54FF0010E0EFA0CF15DF87A
:107BF00004EBFFF78FBB00BF40000020831E022B69
:107C000000D970474FF0010C034B0A460CFA00F103
:107C100003EBC010FFF77EBB0000002040687047F8
:107C2000144B0A22DFF850C0D3F8200220F07F4026
:107C300000EB800300B55B0085B0604538BF184697
:107C40006946FFF743F9DFF834C06B46002260460F
:107C500019780132013341B10A2A20F8021FF7D105
:107C600016228CF8002005B000BD52008CF80020D0
:107C700005B000BD00441F4080969800547E00204F
:107C800000F0E8BA00F0D8BA00F06EBB00F048BBD4
:107C90000846114600F03ABB70B5164D4FF0E0248F
:107CA00015494FF40032154E05EB401582B001EB3B
:107CB0004021C4F88C210346328828460191FFF701
:107CC0006FFF019933880B44BFF34F8FC4F85C1FDB
:107CD00020318B42FAD8BFF34F8FBFF36F8F032051
:107CE0002946FFF78BFF4FF40033C4F80C3102B084
:107CF00070BD00BF20890020E06F212002320120EA
:107D0000264B1A884368C3F30E43D21A002AF0B5F3
:107D1000C46983B028DD2248224D01782D78CBB28A
:107D2000DFF894C0A942204D09D01CF803100F467B
:107D300035F811100E46C1F500718A421AD9013387
:107D4000002125F81420082B184D88BF0B4625F874
:107D5000141098BF19460CF80340154B01701968B0
:107D60000A441A6003B0F0BD204603B0BDE8F040FD
:107D7000FFF792BF0F4906EB47200192084401EB41
:107D80004421FEF7FFFF019A09492046B31825F860
:107D900017300B6813440B60E7E700BF0232012085
:107DA0003632012037320120CC300120DC30012076
:107DB000C8300120E06F2120EC300120224B1A78DE
:107DC000002A3FD102F0FF03204A1278002A39D05E
:107DD0001F4A1288002A35D01E49C2F5006210B52C
:107DE000087884B01C4901EB40141C4901EBC02108
:107DF0002046CDE902230191FFF7D2FEDDE9011211
:107E00000A44BFF34F8F4FF0E020039BC0F8701F70
:107E100020318A42FAD80193BFF34F8FBFF36F8F9F
:107E200004202146FFF7D4FE0A480021084B0278BF
:107E300019800132019BD2B2032A98BF1346037006
:107E400004B010BD704700BF3E3201204032012017
:107E50000C3201203D320120208A0020E07F2120C9
:107E60002DE9F04F87B00490002900F0BF80002377
:107E70005F4C604F4FF00109DFF890A15E4E029316
:107E800003915E4B5E4A1D783B8802EB451284F8F5
:107E900000900192002B40F0A58098461D469B461D
:107EA0000198FFF7BBFE10F0800000F08B80BFF35D
:107EB0004F8F9AF8003084F800B00DB9D6F80080E2
:107EC000002B7BD13368A3EB0803782B00F283806F
:107ED0004C4B1B78002B71D000F094FA3B880125A5
:107EE00084F80090002BDBD044491A46C3F50060AB
:107EF0000D78039900EBC520DFF814B19142584486
:107F000017D20593DDE903210192FEF73BFF019AA9
:107F10004FF04041059B9B1A3B803B4BC3F88410BC
:107F2000BFF34F8F029800231044237007B0BDE8C1
:107F3000F08F0499FEF726FF00230BEBC5214FF4C9
:107F400000620198FFF72CFE0BEBC521BFF34F8FAA
:107F500001F1200201F50063934294BF0123402305
:107F60004FF0E02201EB4313C2F8701F20318B4227
:107F7000FAD1BFF34F8FBFF36F8F04200199FFF742
:107F800027FE1E4A13780133DBB2042B28BF0023DF
:107F900013703B88039AD11A029A1A4403910292F1
:107FA000049A1A4400230492174A3B80C2F8843092
:107FB000BFF34F8F237000297FF463AF029807B09F
:107FC000BDE8F08F4FF400620C4B8AF800001D787A
:107FD00013463A808DE7012302988AF8003007B0F3
:107FE000BDE8F08F1A46C3F5006082E70846E6E771
:107FF0003E3201200C320120203101203D3201208F
:10800000208A00204032012000002E403C32012016
:10801000E07F2120704700BF2D4B002180222D489A
:1080200070B51B7800242C4E8B420CBF40234FF4BC
:1080300000732A4D33802B8005F0D2FD284A21465B
:10804000284B14704FF4807227481C8005F0C8FD3F
:10805000264A1021264B0220C2E90044C2E902440C
:10806000244AC3E900441470234AC3E90244234B61
:108070001C70234614602246FFF75CFD204B22460D
:1080800031880320FFF724FD23460122298804209C
:10809000FFF750FD20460134FFF7FEFD082CF9D113
:1080A000184B00214A221848184C0460C3F8841069
:1080B000C3F88020D3F84821154942F08072C3F8F4
:1080C000482121B1134A137843F00103137070BDA6
:1080D00041320120208A0020023201200E3201208C
:1080E0003D3201200C32012020890020CC300120BB
:1080F000DC30012036320120C83001203732012027
:108100004D4B020000002E40EC310120094C0200D2
:1081100000000000433201202DE9F84F4FF40032F7
:108120004FF0E023C3F88C212B4B1C78002950D052
:1081300082468B46E4B20027DFF8B490274B5046C6
:10814000274AABEB07081B78A34204F1010437D0A0
:10815000092C244B244928BF00241E5D39F8163011
:1081600031F8165003EB4621ED1A1144A8452A4672
:1081700017D21E4C42465046FEF704FE236839F8DB
:1081800016105846A3EB0B0388443B4429F816808D
:1081900023604FF0E0234FF40032C3F80C21BDE818
:1081A000F88FFEF7EFFD114A2F4430461368AA44BA
:1081B0005B1B1360084A1470FFF76EFDBB45BDD80A
:1081C0004FF0E0234FF400323846C3F80C21BDE8ED
:1081D000F88F0846DDE700BF373201203632012034
:1081E000E06F2120EC300120CC300120C83001208C
:1081F000DC3001200B4B0C4A12781978D3B28A423A
:108200000DD0013309480A4A092B0A4928BF002327
:10821000C35C31F8131002EB4323585C70474FF0F6
:10822000FF3070473632012037320120EC30012018
:10823000E06F2120DC300120054B186800B1704749
:1082400000B583B0019000F0DDF8019803B000BDE7
:10825000C83001202DE9F84F144E154D33782A7897
:10826000934220D0DCB2DFF85090DFF850B0DFF856
:108270005080104F0134082CA24601D90024A24698
:1082800019F80400DBF8003038F8102037F8101027
:10829000521A9B1ACBF80030FFF7FEFC86F800A0BC
:1082A0002B78A342E6D1BDE8F88F00BF373201201A
:1082B00036320120DC300120EC300120C8300120B2
:1082C000CC30012000B583B001210DF10700FFF78C
:1082D00023FF18B19DF8070003B000BD4FF0FF3039
:1082E000FAE700BF084B00B583B01B788DF8070094
:1082F00033B101210DF10700FFF7B2FD03B000BD5E
:1083000003F0FF0003B000BD40320120034B1B7897
:108310000BB1FFF7A5BD03F0FF007047403201200D
:108320002DE9F04100240D4E01230D4DA0460D4FC7
:1083300033703B782846A34205D0FFF76FFC030655
:1083400058BF08F5006801342035042CF1D1BFF383
:108350004F8F002340463370BDE8F0813E3201204C
:10836000208A00203D320120204B1B7813B1204B86
:108370001A8802B970471F4BC2F500621E481F4998
:1083800030B51B7883B01E4C00EB431001EBC321CA
:108390000123054623700023CDE90012FFF700FCFE
:1083A000DDE900120A44BFF34F8F4FF0E023C3F81A
:1083B000701F20318A42FAD8BFF34F8FBFF36F8FFF
:1083C00004202946FFF704FC0A49002208480B78DC
:1083D00002800133DBB2042B28BF13460B70BFF3BE
:1083E0004F8F074B1A7003B030BD00BF40320120E1
:1083F0000C3201203D320120208A0020E07F212024
:108400003E3201202E4B2DE9F0411E7886B1DFF877
:10841000C88098F800305BB90123F10788F8003074
:1084200040D4B20727D4002388F80030730701D462
:10843000BDE8F081234B1A68002AF9D0EFF30582DA
:10844000002AF5D1EFF3108572B61868002830D0F5
:108450001D4C217800292CD10122227042691A601A
:10846000002A2AD0916105B962B600258368457754
:1084700098472570DCE7154B1B78002BD3D0144FA1
:10848000002557F8044F236820461B69984710B110
:1084900063699B6898470D4B01351A78EBB29A4295
:1084A000EFD8C0E7FFF7C8FE0028BAD0AFF30080CE
:1084B000B7E7002DBCD162B6BAE7064B1A60D2E727
:1084C0004332012034910020113201201232012068
:1084D000BC870020409100201A320120074A506AD0
:1084E000936A19468446506A936A9942F9D1844541
:1084F000F7D1DB0B43EA4040704700BF00400D401E
:1085000008B5D0E900325BB1BAB10F4BA3FB02133F
:10851000DB0803EB4303B2EB83030AD1012008BD60
:10852000094BA3FB0213DB0803EB4303B2EB83030A
:1085300001D0D21A4260F02AF0D805F0F7FE1C22D2
:10854000034600201A6008BDABAAAAAA30B583B0C2
:1085500060B3044621B11D46B2FA82F35B09A2B9A9
:10856000206818B362680AB3164B174902FB03F37D
:10857000B1EBB30F1AD3A368FBB900232360636088
:10858000A360E360012003B030BD0193069BC0E906
:108590000012C360FFF7B4FF60B1002DF2D0626833
:1085A00001992068A56005F01BFBEBE705F0BEFE16
:1085B00016230360002003B030BD002105F010FB3E
:1085C000DBE700BFABAAAAAA5555551503460846D6
:1085D000194603F0B5BB00BF38B50546082000F0CA
:1085E000CFF82946044600F065FF054A05492046B4
:1085F00000F0DCFD204600F0DBF800F061F900BF80
:10860000F1610200445E002038B50546082000F004
:10861000B7F82946044600F08FFF054A0549204671
:1086200000F0C4FD204600F0C3F800F049F900BF97
:1086300031620200505E002000487047A05B0020BD
:1086400010B5034B0360044600F002FA204610BD4B
:108650008466002010B5054B0360044600F0F8F96D
:108660002046FEF72DFC204610BD00BF846600208A
:1086700008B5042000F084F8024B034A0349036064
:1086800000F094FD846600208D540200685E002096
:1086900022494A6830B5A0F108044AB350F8083CB2
:1086A00004EB030E72451D4622D8536827D001F112
:1086B000040C33B92DE0596802F1040C1A4651B18B
:1086C0000B469E45F7D822D1536819685B68536002
:1086D000DCF800300D441A6899188C420CD05B68A5
:1086E00040F8043CDCF8003040F8085C5C6030BDC9
:1086F00040F8042C4C6030BD2A441A6030BD12682A
:1087000040F8043C2A4440F8082C4C6030BD134625
:10871000E1E7134601F1040CDDE700BFB08A002059
:10872000164910F1090F98BF00F10F02486894BF75
:1087300022F007020822043118B97047011D406871
:10874000B0B103689342F9D308680368A3EB020C45
:10875000BCF1070F00B5D0F804E00AD98318C3F8BC
:1087600004E040F802C0086802600B60083000BDF9
:108770007047036073460B60083000BDB08A00206C
:1087800010B500F18004803002F090FD034630B156
:1087900080220021184605F023FA803010BD2046C3
:1087A000FFF7BEFF03460028F2D100F08FFC00BFA8
:1087B000064BD3E9022380381344984203D2824205
:1087C00001D2FFF765BF02F079BD00BFB08A00207B
:1087D00070B5364D36488AB00024C5E90144EC60D6
:1087E00002F018FD334B344A0821CDE905340491D9
:1087F00004230921CDE907120993A0B10446237887
:108800002E483A2B08BF01340F22214605F014F9F7
:1088100010B9E37B2E2B16D020463A2105F024FA1E
:1088200004460028EBD1099A069C402AA8BF4022A2
:10883000002C08BF06243E3402FB04F4A400EC60C4
:10884000ACB90AB070BD103404AB1E682146324684
:108850002EB15868019305F0EFF8019B10B9A25DA5
:108860003D2A0ED00C330AAA9342EED1D4E720461B
:1088700002F01CFDA860B0B10023C0E900436860AD
:10888000DFE7701C2044002203A9019303F048FA9B
:10889000039C019B22783A2A01D0002ABCD10028EF
:1088A000A8BF9860B8E7E860CBE700BFB08A0020B7
:1088B000B45B0020C85B0020D45B0020E05B00209C
:1088C0001EB400F08DF81EBC02F040FAF0B502783C
:1088D000472A83B00C461F4619D0264E0020336825
:1088E00001909B683046984778B1019B1B680193C3
:1088F00002252368314620461E6901AA0123B0479C
:1089000038BB0546284603B0F0BD0125F1E74378A2
:108910004E2BE2D18378552BDFD1C378432BDCD1AA
:108920000379462B1AD0432BD7D143792B2BD4D1A3
:1089300083792B2BD1D1C379012BCED850F8206C61
:108940004FF0000301930ABF3046583056F8786C58
:10895000C5E7019B3B60284603B0F0BD43794F2B30
:10896000BBD18379522BB8D1C0790028B5D1024E42
:10897000B5E700BF305E00201C5E002010B5044645
:1089800000F07CF8234613F82029472A04D0826897
:1089900022BB8360012010BD62784E2AF7D1A278F5
:1089A000552AF4D1E278432AF1D12279432AEED133
:1089B00062792B2AEBD1A2792B2AE8D1E279012A1C
:1089C000E5D854F8042C0132012A44F8042CE1D1F2
:1089D000826844F8082C8360012010BD00F076FB0B
:1089E00008B500F04BF883687BB393F82020472A42
:1089F00004D00022826003F1200008BD93F82120FA
:108A00004E2AF6D193F82220552AF2D193F823204A
:108A1000432AEED193F82420432AEAD193F8252063
:108A20002B2AE6D193F826202B2AE2D193F827208F
:108A3000012ADED8DA69013ADA61002ADBD19969C4
:108A400081609A6103F1200008BD00F03FFB00BF88
:108A5000704700BF704700BF00487047F05B0020C0
:108A600000B583B004210190FEF72CFA019803B001
:108A700000BD00BF004870472891002000487047A3
:108A800028910020502870B51D461ED000F00F031D
:108A900084460E460C2B55D8DFE803F00744260722
:108AA0001E545454542A22071E00104650F8043B0A
:108AB0004BB10CF07001102918BF324613441CF062
:108AC000800F18BF1B682B6070BDD01C20F0030006
:108AD00050F8043B2B6070BD104650F8083BE7E7A8
:108AE000104630F9023BE3E7104630F8023BDFE77F
:108AF00000231046194610F8014B04F07F0E0EFAC1
:108B000001FE14F0800F43EA0E0301F10701F2D1D8
:108B10001F29CDD86406CBD54FF0FF3404FA01F1FC
:108B20000B43C6E700231046194610F8014B04F02A
:108B30007F0E0EFA01FE240643EA0E0301F107013F
:108B4000F3D4B5E7FEF7B2FBFF281FD008B500F05D
:108B50007003302B15D006D8202B0BD1BDE8084070
:108B6000084602F00CBB402B07D1BDE80840084680
:108B700002F0F2BA03D8002008BD502BFBD0FEF75C
:108B800095FBBDE80840084602F0F6BA00207047A1
:108B900030B5034683B00D46144618B1019002F07B
:108BA000DBFA019B20602A4612F8015BFF2D2ED1D3
:108BB0006060104610F8013BFF2B39D010234FF0B6
:108BC000000C2375624610F8011B01F07F039340EF
:108BD00009064CEA030C02F10702F4D400EB0C0383
:108BE000E36010F8013B63754FF0000C624610F82B
:108BF000011B01F07F0393404CEA030C0B0602F1CA
:108C00000702F4D400EB0C03236103B030BD194616
:108C100028460192FFF798FF019A0146231D284636
:108C2000FFF730FF0246104610F8013BFF2BC5D17D
:108C300023750023D4E700BF2DE9F04F00F00303B4
:108C400097B00024012B02940C948946904600F0C2
:108C5000A680022B0AD14146484602F065FA002858
:108C600040F09280082017B0BDE8F08F002B40F054
:108C70001F8210F00804EED110AB01250393039B73
:108C8000009300230C2219464046CDF8409001F095
:108C90008FFC404602F066FA05900028DBD044EADB
:108CA00005030493029B039A05998DF854304046BE
:108CB0000023CDE91333FFF76BFF9DF85430029387
:108CC000044641461846139BDDF850A00693FFF773
:108CD0003BFF0FAF00230790194600970F22404635
:108CE00001F040FC54450F9B37D223F001039DF85F
:108CF0005550DDF840B05E1E00212846FFF724FFE6
:108D0000224601460DAB2846FFF7BCFE0021044673
:108D10002846FFF719FF224601460EAB2846FFF70B
:108D2000B1FE002104462846FFF70EFF2246014609
:108D30003B462846FFF7A6FE04460020024614F8EC
:108D4000011B01F07F03934018430B0602F1070259
:108D5000F5D40D9B5B44B3421AD9049BDC0725D59F
:108D600000252E4600231946009740460D220C9CF4
:108D700001F0F8FB059BC9E90B360F9BC9F82030C1
:108D8000C9E9094506206EE7092017B0BDE8F08F54
:108D90000E9A1344B3425BD85445ADD3DDE710F0CF
:108DA00008040AD010AB0393022568E7049B180758
:108DB00000F17C81484600F096FC10AB0D6A0393ED
:108DC0000093029B0D221946404601F0CBFB109BFD
:108DD0009D42E9D1039B0093029BCDF840900C2269
:108DE0001946404601F0E4FBD9F83060002EE1D08E
:108DF000D9E90A530FAF0593002DC0F21281032465
:108E000000231A46194600974046CDF83C9001F0E1
:108E1000CFFB002319460122009740460F9501F031
:108E2000C7FB002319460F220097404601F09AFB2A
:108E30000F9A009702F00102002332430F9240463E
:108E40000F22194601F0B4FB022C6ED007200AE76E
:108E50000F9E002E3FF4FFAE119A1644002800F03A
:108E60001581002E3FF4F7AE049B013813F0080380
:108E70000AEB00040A9300F00D818E4BC9F8003014
:108E80008D4BC9F80430029B089603F007030B933F
:108E90004B464FF0000AB9464FF0010BCDF8248045
:108EA0001F4600252A4614F8011B01F07F0393405A
:108EB000080645EA030502F10702F4D41F2A08D880
:108EC0000BFA02F35B4211F0400F43EA050318BFAF
:108ED0001D4600262046324610F8011B01F07F0394
:108EE00093401E430B0602F10702F5D41F2A40D817
:108EF0004B063ED50BFA02F35B421E43002D75D0A4
:108F0000049B022B0FD0002D39DC069A6FF04043F2
:108F10005B1B02EB830817B10A9A002A6AD0D8F8C3
:108F20000030BBB12EB13444BBE74846FFF726FD05
:108F30008CE73B46089EDDF824804F469946BAF1FF
:108F4000000F3FF488AE049BDD073FF584AE00259B
:108F5000022455E73B464F469946049B089EDDF8A0
:108F60002480DA073FF5FEAE002D3FF448AF00F055
:108F7000BBF885B1049B022BD4D0002DC5DD029B2C
:108F8000FF2B76D00B9A042A00F29280DFE802F0E1
:108F900008902A0826004FF0010A002EC3D1C8E726
:108FA000069BA3EB8502079902984B46FFF76AFDE3
:108FB0000F9941B1002FB5D00CAB00223846FFF716
:108FC00085FC0028AED03B464F469946049B089E40
:108FD000DDF82480D9073FF5C5AE10E7069BA3EB6B
:108FE000C502E0E7069BA3EB4502DCE74FF0010A70
:108FF000344456E7069A52F8231000293BD00C9BC4
:109000000F9303E058F8041F002934D041444B4625
:1090100000223846FFF75AFC0028F3D0002E82D1F8
:1090200087E7069B039A059913934046029B8DF8A8
:109030005430FFF7ADFD9DF85400DDF84CA04146DB
:10904000FFF782FD6FF040435B1B0AEB83045AF885
:10905000233033B12246002352F8041F0133002984
:10906000FAD1C9E90A300423C9F83440C9F83030CC
:10907000C5E6069A97E73B464F469946049B089EED
:10908000DDF82480DB073FF56DAEB5E6002E7FF4FA
:109090005AAFE0E599F80730012B0CBF59F8203C96
:1090A00009F158030C93EEE600F098FB00F00EF87F
:1090B000FEF7FCF8474E5543464F520008B580472F
:1090C000FEF7F4F800F08AFBFEF7F0F808B5034B62
:1090D0001868BFF35B8FFFF7F1FF00BF74790020C2
:1090E00008B58047FFF7F2FF08B5034B1868BFF3D8
:1090F0005B8FFFF7F5FF00BF78790020024B1868FF
:10910000BFF35B8F704700BF74790020024B186873
:10911000BFF35B8F704700BF7879002000B501284E
:1091200083B01CD8BFF35B8FA1F1280353E8002F55
:10913000013A43E800200028F8D1BFF35B8F62B901
:1091400051F81C3C01F1580013B101909847019867
:1091500003B05DF804EBFFF72BBB03B000BD51F883
:10916000140CFFF7ABFF00BF002310B540E91E123F
:1091700040F8803C0446FFF7C9FF44F8700CFFF745
:10918000BDFF0749074A084B44F8581C44F8542CC3
:1091900044F86C0C44F8503CA4F1800010BD00BFB2
:1091A000474E5543432B2B00695F020070B50446C0
:1091B0000D461646FFF762FC4368013332464360B2
:1091C00029462046FFF7D0FF0446012344F8283BF8
:1091D000204601F0ABFD204600F000FBFFF776FFD4
:1091E00010B5FFF74BFCD0E90042013242606CB190
:1091F00094F82020472A0BD00022026004F12000BE
:1092000001F0B4FD04F1200000F0E8FAFFF75EFF82
:1092100094F821204E2AEFD194F82220552AEBD140
:1092200094F82320432AE7D194F82420432AE3D159
:1092300094F825202B2ADFD194F826202B2ADBD185
:1092400094F82720012AD7D8626952426261D5E793
:1092500010B5034B0360044600F0C8F9204610BD6A
:109260004060002010B5054B0360044600F0BEF9D5
:1092700020460C21FDF726FE204610BD4060002050
:1092800070B582B00546069C94420E460BD0A86885
:10929000D0F800C00694DCF820403146A44602B065
:1092A000BDE87040604719460192009300F062F8F3
:1092B000DDE900320028EAD0062002B070BD00BF10
:1092C0002DE9F04383B00F46194601920093DDE982
:1092D0000A48DDE90C65814600F04CF8DDE9003212
:1092E00078B9B44220D0D9F8080039460768CDE9EA
:1092F0000C65CDE90A48FC69A44603B0BDE8F0431B
:109300006047002F2C602A7109DB3C44A64214BF41
:1093100001240624AC71002003B0BDE8F0830237BD
:10932000F9D10123AB71F6E741464846CDE9002368
:1093300000F020F8DDE900230028D4D06A71EAE7C4
:109340002DE9F04107460E4615461C4600F088F907
:1093500050B9B8680168D1F818E023462A4631466A
:10936000F446BDE8F0416047BDE8F081704700BFBA
:1093700000207047814211D008B5406803782A2B3D
:109380000AD049680B782A2B08BF013105F012F882
:10939000B0FA80F0400908BD002008BD01207047E8
:1093A0004068704710B543680C4A0D490446A3F164
:1093B0000C00904282B0216005D12046FFF748FBA7
:1093C000204602B010BD53F8042C511E002A43F869
:1093D000041CF2DC01A900F0E7F8EEE7609200203F
:1093E0004866002010B543680C4A0D490446A3F1B5
:1093F0000C00904282B0216005D12046FFF728FB87
:10940000204602B010BD53F8042C511E002A43F828
:10941000041CF2DC01A900F0C7F8EEE7609200201E
:109420004866002010B543680E4A0F490446A3F170
:109430000C00904282B0216008D12046FFF708FB63
:109440002046FDF73DFD204602B010BD53F8042C28
:10945000511E002A43F8041CEFDC01A900F0A4F817
:10946000EBE700BF609200204866002010B543681B
:109470000E4A0F490446A3F10C00904282B02160CD
:1094800008D12046FFF7E4FA2046FDF719FD2046F3
:1094900002B010BD53F8042C511E002A43F8041CDE
:1094A000EFDC01A900F080F8EBE700BF609200203C
:1094B00048660020F0B51C4B85B00446036079B3C4
:1094C00008460D4605F036F90646B0B103AA00215C
:1094D00000F03CF8012E034600F10C0712D0019079
:1094E000294632463846FDF74DFC019B0F4A934210
:1094F0000BD12046676005B0F0BD0D4F6760204678
:1095000005B0F0BD2A780273F0E700229A601E6071
:1095100033441A73EDE72046FFF79AFAFFF7D0F9C4
:109520000448FFF759F800BF486600206092002009
:109530006C920020045C002010B50446FFF7BAFFCF
:10954000014B2360204610BD5C66002000B5144A24
:10955000904283B020D88842034612D94800834203
:1095600038BF034603F11D00B0F5805F09D9994269
:1095700007D203F58053C0F30B001B1A934228BF98
:10958000134603F10D000193FDF796FC019B0022A9
:10959000C0E9013203B000BD0248FFF735F800BF53
:1095A000FCFFFF3F305C0020FDF78ABC70B503680C
:1095B00084B000249E690394102315460293CDE9DC
:1095C00000446B461268B0479DF8043003F0060370
:1095D000062B03BF009B2B600120204604B070BD0A
:1095E000009890420CBF06200120704710B5034B35
:1095F00003600446FFF7BAFE204610BD1460002049
:1096000010B5054B03600446FFF7B0FE2046082165
:10961000FDF758FC204610BD1460002030B583B023
:1096200015460899069A8A4204460DD019462046E6
:10963000FFF7A0FE28B1099A069911600123157160
:109640009371002003B030BD07990193FFF792FE9C
:10965000019B0028EAD0099B00205D7103B030BD5A
:1096600010B582B014460193FFF784FE019B20B130
:10967000082106221C60D9601A7102B010BD00BF1B
:109680002DE9F041074616461D460C46FFF772FECF
:1096900048B9032D07D823683246394620465B690E
:1096A000BDE8F0411847BDE8F08100BF0378472BC3
:1096B00017D143784E2B14D18378552B11D1C37811
:1096C000432B0ED10379432B0BD143792B2B08D19C
:1096D00083792B2B05D1C07901288CBF0020012074
:1096E00070470020704708B550B1044600F076F886
:1096F0002046FFF7DBFF18B154F8140CFFF7DEFC2F
:10970000FFF7E4FC2DE9F04F83B00246FFF7CEFFF0
:1097100038B152E90674D2E90C69D2F828A00025C4
:1097200005E0044607460125814606468246104666
:1097300000F054F80DB1FFF7D7FC3846FFF7D0FC26
:1097400000F04CF80DB1FFF7C1FCFFF793F9D0F82A
:10975000008098F82730012B0CBFD8F8003008F1B2
:10976000780300934FEA960B0027BA451DDD07FBEF
:109770000BF309EB830259F8236006B116446B46DC
:109780000022314608F12000FFF7A0F808B1FFF7EA
:1097900027FD336801900E49304601AA1E69012356
:1097A000B0472843C5B20137DFE745B10420FEF7D3
:1097B000E7FF084B084A06490360FFF7F7FC20461D
:1097C000FFF77CFC00F04EF800F04CF8FFF778F85B
:1097D0005C5E002070660020A158020010B50446AF
:1097E00082B0FFF74BF92246036812F82019472987
:1097F00005D0002B34D10260184602B010BD61784C
:109800004E29F6D1A1785529F3D1E1784329F0D139
:1098100021794329EDD161792B29EAD1A1792B292D
:10982000E7D1E1790129E4D854F80C1C002914DBB4
:10983000013144F80C1C416801394160934218BF62
:1098400044F8103C636A18BF02602046019300F0A0
:1098500081FE019B184602B010BDC1F10101E8E78D
:10986000FFF734FC08B5FFF705F903687BB393F8FD
:109870002020472A07D00022026003F12000BDE823
:10988000084000F069BE93F821204E2AF3D193F8E6
:109890002220552AEFD193F82320432AEBD193F8C5
:1098A0002420432AE7D193F825202B2AE3D193F8EB
:1098B00026202B2ADFD193F82720012ADBD85A69EA
:1098C000002A05DB013A08D0511C0ED05A6108BDB0
:1098D0000132FBD119690160F8E71A69026003F1EE
:1098E0002000BDE8084000F037BEFFF7EFFB00BFE7
:1098F000304B314910B5D3E9114E9EF80400C877BA
:109900001A6C94F804C081F81CC0087752B1B2F503
:10991000004F23D329495118274A1964D07682F879
:109920001BC010BD19680F24D86C8C6540F201343F
:10993000CA610C614FF47C544C61032104682468B3
:1099400083F83D101E4B9C4220D1037F4260022BC6
:10995000C26020D18368BDE8104018472468E18BBD
:10996000090421D4E283DEF80010B4F81EE0A4F864
:1099700016E0CC8B240412D4CA83CA8BCA8200217D
:109980000D4A1964D07682F81BC010BD23461146DB
:10999000BDE810401847BDE81040FCF71BBDCC8B5C
:1099A00062F30804CC83E8E7E18B62F30801E1830A
:1099B000D9E700BFC478002000800E400180FFFF7F
:1099C000E1660100304B314910B5D3E9114E9EF8E4
:1099D0000400C8771A6C94F804C081F81CC008779A
:1099E00052B1B2F5004F23D329495118274A1964BF
:1099F000D07682F81BC010BD19680F24D86C8C6516
:109A000040F20134CA610C614FF47C544C61032173
:109A10000468246883F83D101E4B9C4220D1037FCC
:109A20004260022BC26020D18368BDE81040184715
:109A30002468E18B090421D4E283DEF80010B4F835
:109A40001EE0A4F816E0CC8B240412D4CA83CA8B7F
:109A5000CA8200210D4A1964D07682F81BC010BD5D
:109A600023461146BDE810401847BDE81040FCF7FA
:109A7000B1BCCC8B62F30804CC83E8E7E18B62F3E2
:109A80000801E183D9E700BF7478002000800E4010
:109A90000180FFFFE166010043682DE9F04FD3E943
:109AA0000041814D4FF0B80922684FF00F0B22EAB8
:109AB00001027E492260AA6911407D4A0A43AA61D7
:109AC00090F810E07B4A03EB0E0603EB8E0E317C20
:109AD00002EB01118968C1F8009090F811C003EB06
:109AE0000C050CF10A0C95F8241002EB01118968A1
:109AF000C1F80090817C03EB010803EB810198F829
:109B000038A002EB0A1ADAF808A0CAF80090D4F8D4
:109B100000905F6849EA0709C4F80090347CDEF8D9
:109B200014E002EB04146468C4F800E095F82440E3
:109B300053F82CC002EB04146468C4F800C098F811
:109B40003840C96B02EB0412526811609A6C98F8A5
:109B5000441011601A6A317F5B6B116095F83020F8
:109B60001A60022203681A61C3F858B0C27C002A46
:109B700032D072B6C37CDD0708D54FF0E0214469CE
:109B8000D1F8802122408262C1F880219C0708D54B
:109B90004FF0E0218469D1F884212240C262C1F8EB
:109BA0008421590708D54FF0E021C469D1F88821F4
:109BB00022400263C1F888211A0708D54FF0E0213E
:109BC000046AD1F88C2122404263C1F88C21DF065F
:109BD0005CD462B6C27C0368374D8168A9425FD00D
:109BE000314985608969354CC1F30117C1F3826140
:109BF000334E54F827400131B4FBF1F4B44230D86D
:109C00000021C16000241C6103245C6207241964E4
:109C100001211C66196112B3D60704D5816A4FF081
:109C2000E023C3F80011950704D5C16A4FF0E02383
:109C3000C3F80411540704D5016B4FF0E023C3F8B7
:109C40000811110704D5416B4FF0E023C3F80C1144
:109C5000D30604D5826B4FF0E023C3F81021BDE892
:109C6000F08F1849A1FB0461090DB4FBF1F4AC427B
:109C700088BF0131B1F5817F14D20229C0D90239E0
:109C80004C0804EB042441EA0421BAE74FF0E02237
:109C9000416AD2F890310B408363C2F8903198E763
:109CA000C168AFE70849ACE700C00F40CFFFFFE352
:109CB00010000008AC6C002000093D00586800202E
:109CC000FF083D0083DE1B43FF7F7F004268437C2B
:109CD000134493F824308B4207D092F824309942F1
:109CE00004D092F82530994225D0704700218C4647
:109CF00030B51468D4F800E054681EEA040F18D098
:109D0000DFF838E0B8250EEB03139C6802EB0C0378
:109D10000CF10A0C256052F82C4093F824C0526BC9
:109D20000EEB0C1EDEF804C0CCF8004093F8303087
:109D30001360417430BD01218C46D9E7AC6C002022
:109D40004268037C13441B7C8B4205D0137C9942F0
:109D500003D0537C994224D0704700218C4630B503
:109D60001468D4F800E054681EEA040F17D0DFF836
:109D700038E0B8250EEB03139C6802EB0C0302EBF2
:109D80008C0C126A2560DCF8144093F810C00EEBBE
:109D90000C1EDEF804C0CCF800401B7F1360017479
:109DA00030BD01218C46DAE7AC6C00204268837C30
:109DB000134493F838308B4207D092F838309942E8
:109DC00004D092F83930994225D0704700218C4652
:109DD00030B51468D4F800E054681EEA040F18D0B7
:109DE000DFF838E0B8250EEB03139C6802EB0C0398
:109DF00002EB8C0C926C2560DCF83C4093F838C088
:109E00000EEB0C1EDEF804C0CCF8004093F8443092
:109E10001360817430BD01218C46D9E7AC6C002001
:109E20004268D2E900130968194200D1704703461D
:109E30000020052110B51C6882B02061187C0193B8
:109E40000244107CFCF752FF019B0521587C5A68A4
:109E5000024492F82400FCF749FF019B05215A684F
:109E60009B7C134493F8380002B0BDE81040FCF727
:109E70003DBF00BF53B94AB9002908BF00281CBF25
:109E80004FF0FF314FF0FF3001F07CB9ADF1080C1D
:109E90006DE904CE00F006F8DDF804E0DDE9022308
:109EA00004B070472DE9F04782B00646DDF828E09F
:109EB0000846B4460D46002B4ED18A4214466DD951
:109EC000B2FA82F242B1C2F12003954026FA03F3BE
:109ED00094401D4306FA02FC260CA7B2B5FBF6F12E
:109EE0004FEA1C4306FB115543EA054301FB07F00B
:109EF000984209D9E31801F1FF3580F003819842B7
:109F000040F20081023923441B1A1FFA8CFCB3FB78
:109F1000F6F006FB10334CEA034C00FB07F36345F5
:109F20000AD914EB0C0C00F1FF3580F0ED8063458D
:109F300040F2EA80A444023840EA0140ACEB030C52
:109F40000021BEF1000F04D02CFA02F30022CEE96A
:109F5000003202B0BDE8F0878B4209D9BEF1000F94
:109F600001D0CEE900610021084602B0BDE8F087CB
:109F7000B3FA83F1174600294DD1834202D3B2428E
:109F800000F20F81B6EB070C60EB030301201D46C6
:109F9000BEF1000FDDD0CEE900C5DAE7002A00F0FF
:109FA00098801A46B4FA84F3002B40F0AF800B1B64
:109FB000270CA6B20121B3FBF7F54FEA1C4007FBC3
:109FC000153340EA034306FB05F8984507D9E31823
:109FD00005F1FF3002D2984500F2E8800546A3EB78
:109FE00008031FFA8CFCB3FBF7F007FB10334CEAB5
:109FF000034C06FB00F3634508D914EB0C0C00F18D
:10A00000FF3602D2634500F2CE803046ACEB030C43
:10A0100040EA054095E7C1F120058B4022FA05FC96
:10A020004CEA030C00FA01F426FA05F3E84002FAC0
:10A0300001F943EA04084FEA1C4206FA01FAB0FBB0
:10A04000F2F71FFA8CF602FB17004FEA184444EAB5
:10A05000004407FB06F0A0420AD91CEB040407F1F8
:10A06000FF3380F09C80A04240F29980023F64441C
:10A07000241A1FFA88F3B4FBF2F002FB104443EAFF
:10A08000044300FB06F69E4209D91CEB030300F1D2
:10A09000FF3480F082809E427FD90238634440EAD8
:10A0A0000740A0FB09749B1BA3423E46A04664D315
:10A0B00061D0BEF1000F0AD0BAEB060263EB0803D1
:10A0C00003FA05F5CA401543CB40CEE90053002101
:10A0D0003FE7730843EAC1734A08190C41EA024199
:10A0E0004FEAC67C9BB2B2FBF4F02646A046274658
:10A0F0001F2243EA0143B1FBF4F1A3EB080341EA59
:10A10000004158E72946FFE6284615E71A46C3F1FD
:10A1100020019C4026FA01F320FA01F1904003430C
:10A12000270C06FA02FCB1FBF7F0A6B207FB1015EC
:10A13000190C41EA054100FB06F58D423BD9611837
:10A1400001D28D4220D8491B0138B1FBF7F50195AA
:10A1500005FB06F8019D9BB207FB151143EA01437D
:10A16000434526D2E31805F1FF31C6D24345C4D298
:10A17000A91E2344C1E7BA459BD2B7EB090664EB9D
:10A180000C040138A04694E7651B29440238B1FB52
:10A19000F7F5019505FB06F8DCE720467FE71F464B
:10A1A00066E70846F4E6A44402382FE7023D23445C
:10A1B00015E70199A1E7491BB1FBF7F5019505FBEF
:10A1C00006F8C7E703685A004CBF43F0004323F08A
:10A1D00000431844704700BF2DE9F04751B301F127
:10A1E000FF381746054646464FF0000A0AEB0601BF
:10A1F00001EBD171491005EBC1094846FFF7E2FFB9
:10A2000088454FEAC10410D0B84204F10800284440
:10A2100007D8FFF7D7FF0138B84208D201F1010A89
:10A22000E4E78A4506D04E1EE0E7B842F9D8484632
:10A23000BDE8F0874FF000094846BDE8F08700BF51
:10A24000012806D0022802D028B9044870470448E3
:10A250007047044870470020704700BF6D770200C8
:10A260007D7702007577020010B5234B84B0044659
:10A270008A1E4BB303A910460192AFF30080F0B1E0
:10A280000399019AFFF7A8FF0146C0B1FFF79AFFB3
:10A29000A0644B68012B2BD0002B01F1040025DBBF
:10A2A000FFF790FF002323650368E064002B12DBB7
:10A2B000FFF788FF03460020236104B010BD002390
:10A2C0000920236104B010BD0C4B0D49C91AC910F7
:10A2D00018460391D6E7C3F30360FFF7B1FF031EEF
:10A2E0000CBF09200020236104B010BD0123DAE770
:10A2F00000230520E0E700BF00000000041A03006F
:10A30000AC1C03000368DA0710B5044606D49B07AB
:10A3100000F1500009D500F0A1FC2368590709D5C8
:10A320001A070ED5DB0613D510BD00F08FFC23688D
:10A330005907F5D404F1D80000F098FC23681A07F7
:10A34000F0D404F5AC7000F099FC2368DB06EBD484
:10A3500004F5EC70BDE8104000F0D4BC036803B114
:10A3600003441846704700BF704700BF70B50446ED
:10A370000D46296C2046FFF777FF064688B92A6C00
:10A38000626123692A462146012098470828F0D0B7
:10A39000072806D13046296CFFF7E6FF281D00F09C
:10A3A00049FCFCF783FF00BF2DE9F04F0C1DD0F8EE
:10A3B0000C90D0F818A0074615460FCCADF5777D68
:10A3C0000DF10C0CACE80F000FCCACE80F000FCC7B
:10A3D000ACE80F0094E80F0002AE4FF0000E8CE8DE
:10A3E0000F00C6F800E020E0336C7B614FF4F4729C
:10A3F00031467CA8FCF7C6FC3B697CAA3946584626
:10A4000098478A9BB3642946CDE9006A04463B46D7
:10A4100001203A46C847054618BB4FF4F4727CA9A0
:10A420003046FCF7AFFC082C19D1316C3846FFF7E9
:10A430001BFF093504465FFA85FB0028D4D0B36BB7
:10A44000B3643A46CDE9006A3B464BF01001012067
:10A45000C84730B920460DF5777DBDE8F08F072C51
:10A4600005D0092420460DF5777DBDE8F08F2846FC
:10A47000316CFFF779FF03A800F0DCFBF0B5CB6B84
:10A48000FBB001F1040E0B640E460446BEE80F005B
:10A490000DF1040CACE80F00BEE80F00ACE80F00B3
:10A4A000BEE80F00ACE80F009EE80F004FF0FF374A
:10A4B0008CE80F00009706E023696A46214698471A
:10A4C0000828074608D110992046FFF7CDFE00283E
:10A4D000F2D009207BB0F0BD6846FFF713FF062FCE
:10A4E000F7D131462046FFF741FF00BFC1608261CE
:10A4F000DA6B1A6419460022FFF756BF436970B53C
:10A500000B64C668AEB903690A4604460D460146A7
:10A5100002209847072805D008280FD12946204651
:10A52000FFF724FF3046296CFFF71EFF281D00F0BF
:10A5300081FB0122FFF738FFFCF7B8FEFCF7B6FEFF
:10A54000C26822B1CA6B0A640022FFF72DBFFFF771
:10A5500095BF00BF704700BF836813B1014601205B
:10A5600018477047052915D8DFE801F00A031403DE
:10A57000030501207047009A436C13600020704768
:10A5800043B90F2A06D800EB8200009A4368136093
:10A59000002070470220704700B585B00A460023AE
:10A5A00003A900911946FFF7DDFF039805B000BD30
:10A5B000052915D8DFE801F00A031403030501207B
:10A5C0007047009B1B6843640020704743B90F2A03
:10A5D00006D8009B00EB82001B6843600020704798
:10A5E0000220704700B585B00DF10C0C00230392DA
:10A5F000CDF800C00A461946FFF7DAFF05B000BDE6
:10A600002DE9F041D36BADF5107D02F1040C13641C
:10A6100006460F46BCE80F000DF15C0EAEE80F00D9
:10A62000BCE80F00AEE80F00BCE80F00AEE80F007A
:10A630009CE80F004FF0FF388EE80F00CDF85880EF
:10A6400010E0FFF7CFFF394616A8B047034616AA19
:10A650000820694683B9049B9847052880460DD099
:10A66000092809D026996846FFF7FEFD03460C210C
:10A670006A4616A8002BE4D04FF0090816A8FFF789
:10A6800041FE40460DF5107DBDE8F0812DE9F04F0B
:10A690001646CA6C89B00C4652F8041B069200F0AC
:10A6A000030CE3B10D0C8DF81D500904EDB20591BA
:10A6B00002EB850202218DF81C10216DBCF1020F06
:10A6C00008BFA26B11F001010FD005A9304600F0C0
:10A6D000A7FB00283AD1082009B0BDE8F08F090295
:10A6E00005918DF81D300321E5E7D2F80080B8F11F
:10A6F000000FEAD000F00800CDE90101C2469946FA
:10A70000E046B9F1020F25D0B2F800A05788151D18
:10A71000A36C27F0010B0F2130469B44FFF73CFF51
:10A72000834515D82AF001035B44834294BF00207F
:10A7300001207B0003F002030AF0010A43EA0A0346
:10A74000012B0BD0022B4BD0002B41D00920C3E7AB
:10A750000020EEE7576802F10805D9E7B8F1000FCD
:10A760006CD1A8B16B689A1CF0D004F15807013382
:10A770002A68049700F0C780281DFFF7EFFDD20F6D
:10A78000014604AB2046FEF7A1F8002840F0938074
:10A7900005F10802D2F800A0BAF1000FB1D105A965
:10A7A000304600F03DFB0028D0D1029B002B92D018
:10A7B0000F213046FFF7F0FE0E2102463046FFF72C
:10A7C00011FF564A0F213046FFF70CFF072083E7A1
:10A7D000B8F1000F02D0002840F083802A1DD9E78D
:10A7E0002F6827F0004BB8F1000F0ED128B1019B64
:10A7F000002B3BD0BBF1000F38D0002F00DA04351E
:10A800000BF1010305EB8302C4E70D213046FFF78E
:10A81000C3FED4F820A08245EFD1A26A9542ECD1C4
:10A8200000270422C4E90B72AA18C4F828B0626396
:10A830002A68BA426DDB01230293E1E70D2130461D
:10A84000FFF7AAFE276A8742A2D1A36A9D429FD141
:10A850002846FFF7B7FC0F2102463046FFF7C2FE3D
:10A86000224600213046FFF7BDFEAFE7CDF80C8051
:10A8700005F1040AA046002758340CE05046049421
:10A88000FFF76CFD0022014604AB4046FEF71EF8C0
:10A890000AF1040A00BB5F4507F10107EED10D2163
:10A8A0003046FFF779FE049BC8F828500246C8E9F5
:10A8B0000823062010E701900D213046FFF76CFEBB
:10A8C000019A049F2062022A04BFE76204F12C0768
:10A8D000C4E909750620FFE644462F68DDF80C80C0
:10A8E0008BE72846FFF76EFC04350746A563204634
:10A8F000FEF744F800283FF429AF3A460F213046CE
:10A90000FFF770FE62E70D213046FFF745FE20623B
:10A91000DEE70BF1010205EB82009AE751650200C8
:10A920000023FFF7B3BE00BF0123FFF7AFBE00BF98
:10A930000223FFF7ABBE00BF2DE9F0410446C4B0CF
:10A94000052908D8DFE801F016310779A00B11447A
:10A95000102940F2C080022044B0BDE8F081002AF6
:10A96000F9D1A36B53F8042B6264A363002044B0B5
:10A97000BDE8F081002BEED1D4F838C095B24FF08D
:10A98000010E0EFA03F12942604606D050F8041B6E
:10A9900004F1040C4CF8231084460133102BF0D141
:10A9A0009104E3D4C4F838C0E0E7110C012B0E4643
:10A9B00092B2CCD0052BCED111442029CBD80F2E6A
:10A9C00040F2CA80002AD1D0216817464A0740F1D8
:10A9D0002181204621F0040140F8D81B009300F0AB
:10A9E00049F902A8804600F045F9D4F838E0009B08
:10A9F0004FF002024FF0FF31102E17FB021C3146C0
:10AA000038BF102108EBC10184396246704650F806
:10AA1000045B41F8045F013A551CF8D10EF1040EB5
:10AA2000012B0EEB8C0200F0EC800F2EA26340F2A3
:10AA3000F380404600F01AF998E7032B8BD193B2CC
:10AA40001E4603EB1243102B4FEA124783D82368AC
:10AA50001A0700F1AC8022AD284600F031F9A16B55
:10AA6000730066B105EBC702013B881A013B52F83F
:10AA700000C042F804CB5F1CF8D101EBC601A16312
:10AA8000284600F0FBF871E7002B7FF464AF102A32
:10AA90003FF661AF2368DD067FD422A8009200F064
:10AAA0003BF9D4F838E0009A22A80023012199400C
:10AAB0001142F44603F1010303D05CF8041B01606A
:10AAC000E646042B00F10400F0D1C4F838E022A8D7
:10AAD00000F018F94AE7102E3FF43DAF2168C8078F
:10AAE0000AD5204621F0030140F8501BCDE9002390
:10AAF00000F0B0F8DDE9002322AD2846CDE90023BF
:10AB000000F0A8F8009AD4F838E0002A7BD0019B26
:10AB100000274FF0FF3112B201EB420205EBC601F4
:10AB2000904604397046013A50F804CB41F804CFFE
:10AB3000B2F1FF3FF7D10EF1040E0EEB880E002F9D
:10AB40003DD1012B5FD00F2EC4F838E03FF60EAF99
:10AB5000284600F083F809E72068102900F0010575
:10AB600030D865B120F00101204641F0020140F8E3
:10AB7000501BCDE9002300F075F8DDE9002322AD7C
:10AB80002846CDE9002300F06DF8DDE90023002A16
:10AB9000DED0D4F838E00027BBE723F010032360B1
:10ABA00004F5EC70009200F0B7F8009A75E723F016
:10ABB0000803236004F5AC7000F082F84BE70DF158
:10ABC000080815E7A1F110075DB120F00102204649
:10ABD00042F0020240F8502B009300F043F8206846
:10ABE000009B42071CD4009322AD284600F03AF89F
:10ABF00002A800F03FF8A26B009B9646C6F1100237
:10AC000087E7964622AD0EF10403A363284600F0C1
:10AC10001DF8ABE60093E4E622A800F01FF808E771
:10AC200020F004022046009340F8D82B00F022F8D0
:10AC3000DAE700BF00F1340191E838009C46A646EF
:10AC40004CF8045D90E8FF0FE54600BD90EC210B49
:10AC5000704700BF80EC210B704700BF90EC200BC9
:10AC6000704700BF80EC200B704700BFD0EC200B7A
:10AC7000704700BFC0EC200B704700BFF0EC020132
:10AC8000F0EC0211F0EC0221F0EC0231F0EC0241A8
:10AC9000F0EC0251F0EC0261F0EC0271F0EC028198
:10ACA000F0EC0291F0EC02A1F0EC02B1F0EC02C188
:10ACB000F0EC02D1F0EC02E1F0EC02F1704700BFE1
:10ACC000E0EC0201E0EC0211E0EC0221E0EC0231E8
:10ACD000E0EC0241E0EC0251E0EC0261E0EC0271D8
:10ACE000E0EC0281E0EC0291E0EC02A1E0EC02B1C8
:10ACF000E0EC02C1E0EC02D1E0EC02E1E0EC02F1B8
:10AD0000704700BFB0FC0181B0FC0191B0FC01A113
:10AD1000B0FC01B1704700BFA0FC0181A0FC019113
:10AD2000A0FC01A1A0FC01B1704700BFEC4600B53A
:10AD30002DE900502DE9FF1F4FF000030CB401A9CD
:10AD4000FFF79CFBDDF840E012B07047EC4600B521
:10AD50002DE900502DE9FF1F4FF000030CB401A9AD
:10AD6000FFF7CCFBDDF840E012B07047EC4600B5D1
:10AD70002DE900502DE9FF1F4FF000030CB401A98D
:10AD8000FFF7DEFBDDF840E012B07047EC4600B59F
:10AD90002DE900502DE9FF1F4FF000030CB401AB6B
:10ADA000FFF7A4FBDDF840E012B07047EC4600B5B9
:10ADB0002DE900502DE9FF1F4FF000030CB401AA4C
:10ADC000FFF71EFCDDF840E012B07047027A034640
:10ADD0007AB9427AA2B14168013A42720868032204
:10ADE00001F1040C1A720202C3F804C0000E1A60CA
:10ADF00070470068013A1A7202021A60000E70472A
:10AE0000B020704700B585B003AA00230092194610
:10AE10000C22FFF7A7FB039805B000BDFFF7F2BFB8
:10AE20002DE9F041064686B00D464FF00008284651
:10AE3000FFF7CCFFB028044600F0228107065CD55E
:10AE400000F0F003A02B1AD031D8802B00F08280C4
:10AE5000902B28D100F00D030D2B24D004AF00233C
:10AE600000F00F02194600973046FFF77BFB0023E6
:10AE700000970D2219463046FFF79AFBD7E7C343E8
:10AE800003F007034FF47F621A41010702F47F6267
:10AE90004FF0000348BF42F4804219463046FFF7A6
:10AEA0004BFD0028C3D0092006B0BDE8F081B02BCF
:10AEB00066D0C02B3CD1C62800F0CF80C72800F058
:10AEC000E48000F0F803C02B00F0F180C82800F007
:10AED000FC80C928E7D12846FFF778FF020300F07D
:10AEE0000F0002F470220130024301210523304695
:10AEF000FFF722FD00289AD0D5E78300DBB20433A8
:10AF0000039304AF0023194600970D223046FFF744
:10AF100029FBDDE9033260064CBFD21A9A180023E0
:10AF2000049200970D2219463046FFF741FB7EE759
:10AF300000F0F803D02BB6D100F007020132052350
:10AF400042F4002201213046FFF7F6FC00283FF4CE
:10AF50006EAFA8E72846FFF739FF40EA0420B0F5B6
:10AF6000004FA0D004010023A2B219463046FFF7DB
:10AF7000E3FC002897D1C4F3C03048EA000856E744
:10AF8000A0F1B103042B00F2BC80DFE803F05429E8
:10AF9000160C030005AA0023009219460D22304624
:10AFA000FFF7E0FA43E700231A4605213046FFF792
:10AFB000C3FC00283FF43BAF75E72846FFF706FFC8
:10AFC000020300F00F00013002F47022012302435B
:10AFD00019463046FFF7B0FC00283FF428AF62E77F
:10AFE000002304AF0D22194600973046FFF7BAFA46
:10AFF0002846FFF7EBFE0206049C4FF002030DD536
:10B0000000F07F00984004440733284603930494DB
:10B01000FFF7DCFE10F0800F039BF1D1984004F5A0
:10B02000017420440023049000970D2219463046F5
:10B03000FFF7BEFAFBE62846FFF7C8FE431EDBB269
:10B040000E2B3FF630AF0023024619463046FFF77D
:10B0500073FC00283FF4EBAE25E72846FFF7B6FE69
:10B06000020300F00F00013002F4702203230243B8
:10B0700019463046FFF760FC00283FF4D8AE12E7CF
:10B08000B8F1000F2DD000200EE72846FFF79EFEF6
:10B09000431EDBB20E2B3FF606AF0246002304210F
:10B0A0003046FFF749FC00283FF4C1AEFBE600F054
:10B0B0000F020132032342F4202219463046FFF7E3
:10B0C0003BFC00283FF4B3AEEDE62846FFF77EFEDA
:10B0D00000F0F00200F00F031032013343EA0232B5
:10B0E00003E704AC4346414600940E223046FFF786
:10B0F00039FA0F220094434641463046FFF758FA8A
:10B10000C1E700F0FC03B42B3FF4CDAE00F0070222
:10B110000132012342F4002219463046FFF70CFCAD
:10B1200000283FF484AEBEE600B5C26C536885B01B
:10B130004FEA032E4FF0030C08321B0E084601A9FC
:10B14000CDF804E002928DF80CC08DF80D30FFF7B9
:10B1500067FE05B000BD00BF08B5FFF75FFE806C5D
:10B1600008BD00BF08B5FFF759FEC06CC37900EBFE
:10B170008300083008BD00BF08B5FCF797F808B594
:10B18000FFF7FAFF704700BFDFF80CC00A46014620
:10B19000DCF8000000F002B8F87D002010B5A1FB3B
:10B1A000021482B074BB00F091F8034670B350F8FB
:10B1B000042C22F00302043A242A10D8132A16D9A8
:10B1C0001B2AC0E900441AD9242AC0E902440ABF54
:10B1D000C0E9044400F1100100F1180108E0214623
:10B1E000019002F0FDFC019B184602B010BD014623
:10B1F00000221846C1E900228A6002B010BD00F1A9
:10B200000801F5E703F092F80C23036000231846C9
:10B2100002B010BD00B5044B83B0014601AA186806
:10B2200000F004F803B000BDF87D00202DE9F043E4
:10B230001D4F83B080460E46914603F029FB3D68C2
:10B240004DB133781C4673B1344602E014F8013F27
:10B2500043B13D2BFAD1404603F020FB002003B060
:10B26000BDE8F083A41B28680028F4D022463146AC
:10B2700002F062FD20B92B681A5D3D2A234404D0F8
:10B2800055F8040F0028F1D1E5E73A680193AA1AAE
:10B2900092104046C9F8002003F000FB019B581CA7
:10B2A00003B0BDE8F08300BF107E0020024B0146D2
:10B2B000186800F00BB800BFF87D0020024B014673
:10B2C000186803F047BB00BFF87D00202DE9F04F60
:10B2D00001F10B02162A85B0804624D8102900F20D
:10B2E000AB8000F0C9FA022518211022B74C214486
:10B2F000A1F108004E68864200F062817268F16830
:10B30000B46822F003023244E1608C60516841F07D
:10B3100001014046516000F0B5FA06F108042046EC
:10B3200005B0BDE8F08F32F0070200F18580914250
:10B3300000F28280019200F09FFA019AB2F5FC7F40
:10B34000C0F0BA81570A7FD0042F00F272819709AA
:10B3500007F139052BB207F1380CDB009B4C234475
:10B36000A3F108065B689E4207D10DE00028DF6864
:10B3700080F21381BE4207D03B46596821F0030199
:10B38000881A0F28F2DD6546236991498B4200F047
:10B39000F1805E6826F00306B11A0F2900F391814F
:10B3A0008B480029C4E9040080F27981B6F5007F5A
:10B3B000676880F01981F10801310FFA81FC760984
:10B3C0000121B14054F83C0098600F4304EBCC01DC
:10B3D0000839D960676044F83C30C360AB1001267F
:10B3E0009E40BE4236D83E4206D125F00305760087
:10B3F0003E4205F10405FAD004EBC50A04EBC5078B
:10B40000A946F9680EE0486820F0030EAEEB020C86
:10B41000BCF10F0F0B46C96800F31881BCF1000F97
:10B4200080F22D818F42EED109F1010919F0030F4D
:10B4300007F10807E5D17FE10C23C8F800300024AC
:10B44000204605B0BDE8F08F4FF4007340254FF063
:10B450003F0C83E7A768796821F0030393429A467B
:10B4600003D3991A0F2900F387805A495A4E096865
:10B47000103111440820CDE9011202F08BFF01992F
:10B480004B1E03444542834630681D40B0F1FF3FE8
:10B4900018BF29464046019102F020FF411C054695
:10B4A000DDE9011200F02B8107EB0A0C844500F264
:10B4B00024814A4B186800EB01090BF1FF3EC3F8E9
:10B4C000009000F08981306801301BBFA5EB0C0CA7
:10B4D00009EB0C003560186015F00700814600F09C
:10B4E0004881C0F108000544CDE901236B1803EA47
:10B4F0000E015844401A00EA0E06314640469B466B
:10B5000002F0ECFE421CDDE9012300F09581401BB6
:10B51000304440F001011868A56000EB0609A7421D
:10B520006960C3F8009017D0BAF10F0F40F25E8146
:10B53000AAF10C0121F0070C796801F0010141EA40
:10B540000C017960052607EB0C01BCF10F0FC1E976
:10B55000016600F263816968214B1E684E4538BF61
:10B56000C3F800901F4B1E684E4501D2C3F80090EF
:10B570002F46C6E0676831E7BD1841F0010142F08F
:10B5800001027A604046A560696000F07BF907F12E
:10B590000804204605B0BDE8F08F9A68019319446D
:10B5A000D760BA604A6842F0010240464A6000F043
:10B5B00069F9019B03F10804204605B0BDE8F08F4E
:10B5C000CE68B1427FF49AAE0235DDE660720020AB
:10B5D0006872002054980020E47D00202498002008
:10B5E0004C98002050980020B6F5206F4FEA562066
:10B5F0007CD3142800F2D38000F15C0109B25B30E7
:10B60000C90004EB010C6158ACF1080C8C4503D166
:10B61000A8E089688C4504D0486820F00300B04257
:10B62000F7D8D1F80CC0C3E9021CCCF80830CB60C5
:10B63000D4E6142F72D9542F00F2BA80170B07F1F9
:10B640006F052BB207F16E0CDB0087E69D1842F008
:10B6500001025A609E68864AF1608E60C4E9045512
:10B66000C5E902224CF001026A60404643F80EC070
:10B67000019300F007F9019B03F10804E0E69E4402
:10B680001C46DEF8043043F00103CEF8043054F8D1
:10B69000083F4046D9608B6000F0F4F8D0E61E44C5
:10B6A00040467268019342F00102726000F0EAF8CD
:10B6B000019B03F10804C3E6D508691C09B2C9005F
:10B6C00014E69D1842F001025A60694A0193C4E9E8
:10B6D0000455C5E9022241F001026A6040469951D1
:10B6E00000F0D0F8019B03F10804A9E6B00900F1CD
:10B6F000390109B23830C90083E7A74263D0A7688F
:10B70000796821F003009042A0EB020102D30F29D7
:10B710003FF732AF404600F0B5F890E607F15C0520
:10B720002BB207F15B0CDB0018E6514651F80839E3
:10B730008B428A4640F09A8015F0030F05F1FF35E1
:10B74000F3D1636823EA0603636076009E423FF606
:10B7500081AE1EB97EE6760009F104091E42FAD0D8
:10B760004D4649E68010012606FA00F0074367605F
:10B7700059E7CDE902236B1803EA0E01ABEB010692
:10B7800006EA0E0631464046019302F0A7FD431C2F
:10B79000019B04BF4E461846DDE90223B7E6542854
:10B7A00027D8300B00F16F0109B26E30C90028E7CD
:10B7B000B7F5AA7F27D8D70B07F178052BB207F189
:10B7C000770CDB00CAE52B4B186800EB01090BF185
:10B7D000FF3EC3F8009076E615EA0E0F7FF473AED5
:10B7E000A568514441F001016960B5E601236B6031
:10B7F00090E7B0F5AA7F25D8F00B00F1780109B2E7
:10B800007730C900FDE640F254539F4224D8930C90
:10B8100003F17D0503F17C0CEB009FE507F10801C6
:10B820004046CDE9012303F095F8A568029B6968BD
:10B83000D3F80090019A8FE6A9F108010BEB010003
:10B84000002664E640F2545188420BD8B00C00F157
:10B850007D01C9007C30D4E64FF47E737F254FF024
:10B860007E0C7BE54FF47E717E20CAE663686CE750
:10B870006872002024980020014802F087BD00BFB4
:10B880001C980020014802F083BD00BF1C980020D6
:10B8900000B5044B83B01968019003F093F9019847
:10B8A00003B000BDF87D0020DFF80CC00A46014659
:10B8B000DCF8000000F002B8F87D0020002900F05C
:10B8C0009F802DE9F04383B00C4600928046FFF73D
:10B8D000D3FF009901F10B03162B60D81023994276
:10B8E00060D854F804EC2EF003029A42A4F1080543
:10B8F00065DAB348806805EB020C6045DCF804604B
:10B9000000F0908026F0010060444068C0076CD4CD
:10B9100026F00306901983424CDD1EF0010F0FD173
:10B9200054F8080C281A0746406820F00300064423
:10B930001644B34240F3EF801618B34240F3C98077
:10B940004046CDE90023FFF7C1FCDDE900230646B0
:10B95000002800F0178154F8041C21F0010129444B
:10B96000A0F1080C614500F0AE80043A242A00F2F0
:10B97000CE80132A00F29C8003462246116819608B
:10B980005168596092689A602146404602F0E2FF91
:10B990004046FFF777FF304603B0BDE8F08333F051
:10B9A00007039CD50C23C8F800300026304603B0AE
:10B9B000BDE8F0830246DCE90201C1608860696885
:10B9C000D01A0F2801F0010105EB02061BD8114324
:10B9D0006960736843F0010373604046FFF752FFEC
:10B9E0002646304603B0BDE8F0831EF0010FA7D114
:10B9F00054F8080C281A0746406820F003009BE71B
:10BA00001146FFF763BC19436960E91840F0010073
:10BA10004860736843F0010308317360404602F0E8
:10BA200099FFDAE726F00306B01803F1100C604521
:10BA300080F28B801EF0010F82D154F8080C281A76
:10BA40000746406820F0030006441644B445B1465A
:10BA50003FF772AF3E46F96856F8080F043A242AB9
:10BA6000C160886000F2A580132A40F2A08021689E
:10BA7000B9606168F9601B2A00F2A480083407F1FC
:10BA800010022168116061685160A1689160F91825
:10BA9000A9EB03024A4D42F00102A9604A607A68AC
:10BAA00002F00102134340467B60FFF7EBFE98E78C
:10BAB00023680360636843601B2A3BD804F10802D3
:10BAC00000F108035AE750F8041C21F003010A446E
:10BAD00075E7043A3D46F96855F8080F242AC16015
:10BAE000886020D8132A1CD92168B9606168F96080
:10BAF0001B2A3DD8083407F11002216811606168E3
:10BB00005160A16891602C4632463D4657E7214678
:10BB100001F0D4FF38E7DCE90201043AC160886033
:10BB2000D8E72A46E9E721462846009301F0C6FFF8
:10BB3000009BE8E7A3688360E368C360242A25D0FC
:10BB400004F1100200F1100318E71D4A1D4495602E
:10BB5000C21A42F001026A6054F8042C02F0010299
:10BB60001343404644F8043CFFF78CFE264638E772
:10BB7000A1683961E1687961242A10D0103407F195
:10BB80001802BAE74046FFF77DFE0EE7236903611E
:10BB90006169416104F1180200F11803EEE62269BF
:10BBA000BA616269FA61183407F12002A5E73246EA
:10BBB00067E721463046009301F080FF009B66E76F
:10BBC00060720020A1683961E1687961242A03D09C
:10BBD000103407F1180254E72269BA616269FA6108
:10BBE000183407F120024CE72DE9F0471D464A4B77
:10BBF00016460C4682460A46114612F801EB13F827
:10BC00000EC01CF0080CF7D1BEF12D0F5AD0BEF1BA
:10BC10002B0F03BF92F800E063468A1C634645B9C8
:10BC2000BEF1300F5CD00A253C4F4FF00509A84605
:10BC30000AE0102D4BD04FF0FF37B7FBF5F705FBAF
:10BC400007F96FEA0909A8460021084605E02CD04B
:10BC500008FB00C0012112F801EBAEF1300CBCF181
:10BC6000090F06D9AEF1410CBCF1190F0BD8AEF19A
:10BC7000370C654510DDB1F1FF3FECD0B842E6D995
:10BC80004FF0FF31E7E7AEF1610CBCF1190F03D8BB
:10BC9000AEF1570C6545EEDC4D1C0BD003B14042B4
:10BCA0000EB169B93460BDE8F087CC45D0DD4FF006
:10BCB000FF31D0E72223CAF800300846002EF2D028
:10BCC000541EEFE792F800E001238A1CA7E7BEF1BB
:10BCD000300F11D04FF00F096FF07047A846B3E74F
:10BCE000117801F0DF0158290BD008254FF0070922
:10BCF0006FF06047A846A7E7117801F0DF015829E7
:10BD0000E8D14FF0100892F801E04FF00F0902322D
:10BD10006FF07047454697E7796B0020999999191C
:10BD200000B5DFF818E084461346DEF800005DF841
:10BD300004EB0A466146FFF757BF00BFF87D0020BD
:10BD400013460A460146022002F060BD0EB400B55B
:10BD500082B003ABDFF81CC053F8042B01930146FB
:10BD6000DCF8000000F008F802B05DF804EB03B066
:10BD7000704700BFF87D00202DE9F04FC5B00DF1F0
:10BD8000500A8346049116460021082250461C465C
:10BD90000B9301F025FFBBF1000F04D0DBF834302A
:10BDA000002B00F04987049B5A6EB3F90C30D00782
:10BDB00040F14181990400F1A985049943F40053AD
:10BDC00022F400528B814A66930401F1AE80049BF9
:10BDD000B3F90C301D0740F1BD80049A1269002AA6
:10BDE00000F0B88003F01A020A2A00F0C280002393
:10BDF000CDE91933CDE90E331BAADFF86C980D930A
:10BE0000189217460793B0464546D9F8CC4102F040
:10BE10001DFACDF800A003462A4612A95846A047AD
:10BE2000002800F0C580C0F2BB80129A252A034684
:10BE300001D01D44E9E7B5EB0806044640F0BC809C
:10BE4000002319468DF8433008934FF0FF326B788A
:10BE5000059205F10108039108F101081946A1F1C5
:10BE600020035A2B00F2F280DFE813F0E603F00023
:10BE7000F000DF03F000F000F000BF03F000F0007E
:10BE800007025302F00012020004F000F1035B000D
:10BE90005B005B005B005B005B005B005B005B00CA
:10BEA000F000F000F000F000F000F000F000F00012
:10BEB000F000D8019F03F000F000F000F000F00067
:10BEC000F000F000F000F000F0001902F000F000C7
:10BED000F000AA01F000FB02F000F000BA05F0004B
:10BEE000F000F000F000F000F000F000F000F000D2
:10BEF000F000D8016801F000F000F000950368013F
:10BF00006D00F0008B03F0007D036A0320036D00D9
:10BF1000F000AA016A005902F000F000FB05F000F1
:10BF20006A00A1F13003002218F8011B02EB820223
:10BF300003EB4202A1F13003092BF5D908928EE7F9
:10BF400098F8003088E7039B43F02003039398F8A8
:10BF5000003081E7049D5846294601F0C9FC0028BD
:10BF600040F0F687B5F90C3003F01A020A2A7FF484
:10BF70003EAF0499B1F90E20002AFFF638AF4A6EA1
:10BF8000D20702D49F0540F1908704992346324698
:10BF9000584601F015F80790079845B0BDE8F08FB6
:10BFA00008220021504601F01BFE01231D442CE70E
:10BFB000B5EB0806044610D01A9B33441A93199B1C
:10BFC0000133072BC7E90086199310DC0837079B5C
:10BFD00033440793002C7FF433AF1A9B002B40F0BF
:10BFE0006E87049B0022B3F90C30199218E0049973
:10BFF00018AA584601F024F878B91BAFE7E704996E
:10C0000018AA584601F01CF8002800F08380099B0C
:10C010001BB10999584602F09DFC049BB3F90C3002
:10C02000049A526ED0077FD55B0600F166870798A9
:10C0300045B0BDE8F08F9F0540F114819D047FF568
:10C04000BCAE90047FF5C6AE00F071BF0029C4D02D
:10C05000002301228DF8AC108DF8433009930A9229
:10C0600005932BAD0692DDE919C0039C14F08406FC
:10C070000146624626D1089B069C1C1B002C00F33F
:10C08000ED839DF8433003B300260C960132012363
:10C0900001317B60072A0DF14303CDE919213B6093
:10C0A00000F3868308370C9B63B1013211AB023178
:10C0B0003B60072A4FF00203CDE919217B6000F3B2
:10C0C0006B830837802E00F0EE82059B0A981C1ABD
:10C0D000002C00F326830A9B3D6001321944072A95
:10C0E000CDE919217B6000F34C830837039B5C0783
:10C0F00005D5089B069A9C1A002C00F36583DDE9A0
:10C10000073206988242ACBF9B181B180793002980
:10C110007FF475AF00231993099B1BB10999584609
:10C1200002F018FC1BAF6FE69A053FF57DAF049C4B
:10C13000A06D02F02DF9B4F90C3075E7039B980659
:10C1400040F13C840B9B073323F00702536852F8FD
:10C15000084B0B921E46002BC0F23882059A002A2B
:10C1600007DB039B23F08003039354EA060300F0EC
:10C170008C840A2C76F1000380F0F7803034059A25
:10C180009DF843308DF80F41012AB8BF0122069275
:10C19000002B00F0AF83069B01330025069301239B
:10C1A000CDE909530DF20F15DDE91921039B13F0B9
:10C1B0008406084694463FF45EAF00230C9365E77F
:10C1C0000B9E00238DF8433056F8043B0993002B57
:10C1D00000F05585532900F07284039B13F010047E
:10C1E00040F06D84059A002AC0F213850998214613
:10C1F00002F050FA9DF84330099D002800F08B862C
:10C20000421B0A9222EAE2720692002B00F00E858F
:10C210000132059406920B960994C5E7432903D091
:10C22000039BDD0640F127840822002116A801F0B7
:10C23000D7FC0B9A2BAD126816AB2946584603F073
:10C24000F7F80A90013000F04F860A9B23EAE37367
:10C2500006930B9B04330B9300238DF84330099313
:10C26000059300E7049DA86D02F090F8B5F90C3035
:10C270006A6E99043FF5A8AD9FE50B9B53F8042B1C
:10C280000892002A80F23D83089A0B93524208924A
:10C29000039B43F00403039398F80030DCE5039B11
:10C2A00043F010009B0640F14E830B9B073323F0B5
:10C2B00007031A46596852F8083B0B9200228DF882
:10C2C0004320059A002AC0F2118320F49062039261
:10C2D00053EA010200F01E8344AD03F00702DB08BD
:10C2E00043EA4173C908303253EA0104284605F88D
:10C2F000012DF2D1039B13F0010340F09E82059AB9
:10C30000099344AB5B1B9A42B8BF1A460A93069244
:10C31000A9E62B238DF8433098F800309CE503996B
:10C320008E0600F1A48003990B9A11F0100052F8C8
:10C33000043B40F02783039911F0400100F0CA84C8
:10C340008DF843009BB205990026B1421C4606DBDE
:10C35000039921F080010391002B00F07B850A2CCA
:10C3600076F100030B92FFF409AF039B09970020BD
:10C37000CDF830B044A9DDF834B0069003F48067FE
:10C38000CDF8288025E00690A319B54843F10003B5
:10C39000A0FB032C2CF0030202EB9C029B1AE31A75
:10C3A0004FF0CC32A046B64602FB03F266F100061F
:10C3B00000FB0622A3FB0043B8F10A0F13444FEA27
:10C3C00054047EF1000E294644EAC3744FEA530632
:10C3D0002ED3069BA24A01330693A31943F100030F
:10C3E0001046A2FB032525F0030202EB95029B1ADF
:10C3F000E31AA3FB003266F1000500FB05225B088F
:10C4000043EAC27303EB8303A4EB4303303301F825
:10C41000013C4D1E002FB7D006989BF80030834298
:10C42000B1D1FF28AFD00A2C76F1000380F0AF84A1
:10C4300005999DF84330CDF834B044AA521B91427F
:10C44000B8BF1146DDE90978DDF830B00A920691EF
:10C45000002B00F0EE83069B013306930023099323
:10C46000A2E6039B43F010019B0640F189820B9BDF
:10C47000073323F0070200238DF84330059B5668ED
:10C4800052F8084B0B92002BC0F2EE8221F0800391
:10C49000039354EA06037FF46CAE059B002B40F037
:10C4A000DE840A930693099344ADDCE5059C0B9961
:10C4B0000398002247F630039442ADF844308DF8DB
:10C4C000432051F8043BC0F2D28220F0800040F0BB
:10C4D00002000390002B00F0E58303F00F04614895
:10C4E0001B09045D8DF80F410B9100F05685022168
:10C4F00006910DF20F1503F00F011B09415C05F8C1
:10C50000011D43EA0273120953EA0201F3D144AB5D
:10C510005A1B059B0A929342B8BF1346069A002AFB
:10C5200000F03985DDE91921039C023314F08406FB
:10C5300006930846944600F0E98200230993B4E587
:10C54000039886063FF5B1AE03990B9ACD0652F8D3
:10C55000043B00F114850398440640F1C8839BB264
:10C560000B920021AAE603990B9A8C0602F10403B0
:10C5700040F1F081126807991160C91751600B935F
:10C5800042E498F800306C2B00F08F82039A42F05E
:10C590001002039260E498F80030682B00F07B8270
:10C5A000039A42F04002039256E4039A940642F042
:10C5B000100300F100820B9A04320B9903930C686C
:10C5C0000B92E6173346002BBFF6C8AD2D238DF82E
:10C5D0004330059B644266EB4606002BFFF6C9AD6F
:10C5E000039B23F080030393C3E5584601F034FE18
:10C5F00043680F93184602F09DF80E900446584683
:10C6000001F02AFE826898F800300D92002C3FF469
:10C6100023AC002A3FF420AC1278002A3FF41CAC73
:10C62000039A42F48062039216E4039B43F00103F1
:10C63000039398F800300FE49DF8432098F80030F9
:10C64000002A7FF409AC20228DF8432004E4039BE8
:10C6500043F08003039398F80030FFF7FDBB00BF61
:10C66000CDCCCCCC5C5C0020907B0020404610F808
:10C67000011B2A2900F07784A1F13003092B98BF10
:10C68000002200F2178410F8011B02EB820203EB78
:10C690004202A1F13003092BF5D942EAE273059376
:10C6A0008046FFF7DCBB089B06981C1A002C7FF71E
:10C6B0000CAD102C40F3268438460C95AE4F049DEB
:10C6C000102604E0103C102C00F1080015DD0132AA
:10C6D0001031072AC0E90076CDE91921F2DD18AA48
:10C6E0002946584600F0ACFC00287FF490AC103C82
:10C6F000102CDDE919211BA8E9DC0C9D3B460746FF
:10C7000001322144072ACDE919213B607C6000F306
:10C71000A482059B0A981C1A002C07F108077FF7D2
:10C72000DAAC102C40F3ED8238461026924F04E02C
:10C73000103C102C00F1080016DD01328E4B103138
:10C74000072AC0E90036CDE91921F1DD049918AABC
:10C75000584600F075FC00287FF459AC103C102CB2
:10C76000DDE919211BA8E8DC3B46074601322144DC
:10C77000072ACDE919213B607C6000F3AA800837C5
:10C78000A9E4049918AA584600F05AFC00287FF43E
:10C790003EAC1A991BAFA9E4049918AA584600F0B8
:10C7A0004FFC00287FF433ACDDE919211BAF89E48D
:10C7B000049918AA584600F043FC00287FF427ACDF
:10C7C000DDE919211BAF6EE4102C199B40F3818326
:10C7D0003A46049E694F102504E0103C102C02F1EB
:10C7E000080215DD01331031072BC2E90075CDE9D0
:10C7F0001931F2DD18AA3146584600F021FC002814
:10C800007FF405AC103C102CDDE919311BAAE9DCE2
:10C810003E46174601332144072BC7E90064CDE9A2
:10C8200019317FF76CAC049918AA584600F008FC3F
:10C8300000287FF4ECAB1A9961E4302A00F0018201
:10C840003023059A05F8013C023844AB1B1A9A4282
:10C85000B8BF1A460A9306920546EFE000230C93F0
:10C86000102C464E624623DD394610232F46049D88
:10C8700004E0103C102C01F1080117DD01321030EA
:10C88000072AC1E90063CDE91920F2DD18AA29467B
:10C89000584600F0D5FB00287FF4B9AB103C102CB3
:10C8A000DDE919201BA94FF01003E7DC3D460F46D8
:10C8B00001322118072ACDE919213E607C6000F37E
:10C8C0007A819DF843600837002E36D00026FFF7A6
:10C8D000DDBB049918AA584600F0B2FB00287FF48B
:10C8E00096ABDDE919211BAFFFF7F5BB20F48062A1
:10C8F0000392F1E4099301230A930DF20F15FFF758
:10C90000B2BB0B9398F80030FFF7A6BA92047FF5FC
:10C9100061AAF2E2059A002A7FF4DEAC10F001026F
:10C92000069200F0428130238DF80F31059B0A9268
:10C9300009930DF20F15FFF796BB0C9B002B7FF4AC
:10C94000B4ABFFF7C2BB0B9B1A1D0B9B0B921B6872
:10C950000021B3E4039AD00600F18C81039A5106BA
:10C9600000F19582039A920540F184810B9A079910
:10C970001268117003E600BF307200207C6C00204A
:10C980000B9B1A1D0B9B05981B680026B0428DF867
:10C9900043601C4667DB21F080010391002B7FF48C
:10C9A000DEAC0B92002840F05A820A900690099063
:10C9B00044ADFFF758BB0393FFF7C4BB039B0B9A2F
:10C9C000D90652F8044B3FF5F8AD039B5E0640F1E3
:10C9D000768144F3C0360B9224B23346FFF7BBBBDB
:10C9E000AD48039B9D0640F1B5800B9B073323F0B8
:10C9F00007031A465C6852F8083B0B92039A12F040
:10CA00000102069240F08C808DF84320059A002A9E
:10CA1000C0F2B780039A22F49062039253EA0402B0
:10CA200040F0F380059A002A00F0F68103788DF833
:10CA30000F31012306920A930DF20F15DDE919213A
:10CA4000039B13F084060846944600F0A1829DF8EB
:10CA50004330002B00F0AB82002309930C93FFF7C7
:10CA600015BB8E48BDE70B920391FFF782BB40F0E8
:10CA70000200039031E50B9B1B688DF8AC3001235D
:10CA800006930A932BADFFF7E4BB002A00F0D48194
:10CA90003024FFF774BB039B43F40073039308F146
:10CAA000010898F80030FFF7D7B9039B43F0200343
:10CAB000039308F1010898F80030FFF7CDB9099BFE
:10CAC00013930822002116A801F08AF8059B002B79
:10CAD000C0F219810024069725461F460EE02BA9B7
:10CAE000584602F0A5FC411C284400F0FD81B842E4
:10CAF00009DC04F1040400F008820546139A125977
:10CB000016AB002AEBD1069F05950AE1089C069B0F
:10CB10000996E41A002C7FF7C8AA02230C939FE61B
:10CB200053EA04025ED100238DF84330059B002BAD
:10CB3000C0F22181039B23F49063039300F087816B
:10CB400003788DF80F31069B0A93059B06930DF22F
:10CB50000F1573E70B9A52F8043B0B92039AD40615
:10CB600008D4520602D59BB2002447E7039A9605E3
:10CB700000F18181002441E742F002020392022287
:10CB80000692039A22F48062039203F00F02825C01
:10CB90008DF80F211B0943EA0473220953EA141488
:10CBA0007FF4A7AC0DF20F15B1E4059B44ADCDE9C0
:10CBB0000933FFF758BA049918AA584600F040FA0A
:10CBC000064600287FF423AA9DF84330DDE91921A9
:10CBD000002B40F089800C9B1BAF002B7FF465AAD3
:10CBE000FFF773BA30228DF8442000228DF84320DD
:10CBF000059A8DF84510002A039ABDDB22F4906255
:10CC000042F0020203920222069203F00F02825CBB
:10CC1000BEE7099D284601F08DFD9DF843300A903E
:10CC200020EAE0720692002B7FF4F2AA099D059398
:10CC30000B960993FFF717BA584600F0CFFBFFF7A2
:10CC4000B2B8059A44AB5B1B9A42B8BF1A460A9326
:10CC5000002306920993FFF706BA049918AA5846CA
:10CC600000F0EEF900287FF4D2A9DDE919211BAF0D
:10CC7000FFF72BBA0B9A0799126811607FE4059BA6
:10CC8000074D0B96062B28BF062306930A93099B94
:10CC90000593FFF7E8B900BF485C00205C5C00200A
:10CCA000705C00200B91002C00F0DC80302301220E
:10CCB0008DF80F310DF20F1523460A9232E4039BD3
:10CCC0000B929D054ABF44F3C016E61764B2334683
:10CCD000FFF741BA039810F4007600F0CF808DF88A
:10CCE0004310DBB2FFF72FBB1BAFFFF7CFB90398A1
:10CCF00010F4007100F0BB80DBB20B920021FFF753
:10CD0000DDBAAC4B32E516AB0093002313AA1946EB
:10CD1000584602F0B5FB0590013000F0E580099B14
:10CD20001393059B002B7CD0632B00F3B68000236C
:10CD300009932BAD0822002116A800F051FF059C95
:10CD400016AB009313AA23462946584602F098FBD7
:10CD5000844240F01681059900236B5421EAE17268
:10CD600006929DF84320002A40F0B580CDE90A16CE
:10CD70000592FFF778B903788DF80F31039B23F400
:10CD800080630393069B0A930DF20F1556E60E9AE5
:10CD90000F99AD1A284601F00BF89BF801300BB142
:10CDA0000BF1010B844AA31943F10003A2FB030C0E
:10CDB0002CF0030000EB9C001B1AE31A4FF0CC315F
:10CDC00066F1000603FB01F102FB0611A3FB023032
:10CDD00001445B0843EAC1744E08A31943F1000300
:10CDE000A2FB031020F0030101EB90015B1AE31A90
:10CDF000A3FB023166F1000002FB00125B0843EA6C
:10CE0000C27303EB8303A4EB4303303305F8013C07
:10CE10000120013DFFF701BB059B0A9344A805468D
:10CE20000CE69DF84330099D0B96003B18BF01238B
:10CE30000693059B0A9301E69DF843303BB1059BA1
:10CE4000CDE90933012344AD0693FFF7ADB9059B46
:10CE5000FFF727BB059B0B92002B3FF422AB00246E
:10CE6000FFF78CB9059B0A9344ADFFF75BBB0398B2
:10CE70000B92FFF723BADBB20024BFE505998DF8CA
:10CE8000436000291C46BFF663AAFFF768BA0B9AF5
:10CE9000079912681180FFF772BB591C5846FEF7BC
:10CEA00015FA054600B3099044E7886D01F070FA61
:10CEB000FFF76BB8002380460593FEF7D0BF0499B7
:10CEC00018AA584600F0BCF800283FF48AA8FFF7DB
:10CED000A4B83A4E9EE4059A0A92069A0B9601323D
:10CEE00006920593FFF760B90498B0F90C30426ED2
:10CEF00043F04001D207818109D54FF0FF330793FA
:10CF0000FFF795B82B4BFFF7FBBB069F09E7990589
:10CF1000F3D4FFF70CB99BB1059B0B965A1C0692F4
:10CF20000A9305900990FFF73FB9D707E5D4049B12
:10CF30009B899E05E1D4049B986D01F029FADCE7FA
:10CF4000059A0993CDE905320B960A92FFF78BB843
:10CF5000049A536ED807D0D493899905CDD4906D97
:10CF600001F016FAC9E70B9A98F8013052F8041B41
:10CF70000B9241EAE17180460591FEF76DBF0846CC
:10CF8000E3E4049A938943F040039381FFF73FB8A9
:10CF90000996FFF770B8069350E5059B0122012B17
:10CFA000B8BF01230DF20F150A92FFF7BBBA099320
:10CFB000FFF788B830720020CDCCCCCC7C6C002040
:10CFC000F0B50D46ADF2744D164689896A6E1B9216
:10CFD000EA89ADF8162021F00201EA69ADF81410D3
:10CFE00009921CA96A6A0291074606910B924FF4B6
:10CFF0008061002218A8019304910791089201F022
:10D00000C1F93246019B02A93846FEF7B5FE061E5D
:10D0100007DB02A9384600F0BDF8002818BF4FF022
:10D02000FF36BDF814305B0603D5AB8943F04003EF
:10D03000AB81189801F0A8F930460DF2744DF0BD9F
:10D04000936810B514461BB918460023636010BDE1
:10D0500000F0EEF90023A3600023636010BD00BF61
:10D06000B1F90C202DE9F041804610070C4650D450
:10D07000496842F400630029A38164DDA66A002E9A
:10D0800044D0002112F48052D8F80050C8F80010A3
:10D0900065D1E16901234046B047411C02466CD08E
:10D0A000B4F90C30A66A5B0705D56368D21A236B06
:10D0B0000BB1E36BD21A0023E1694046B047471C2D
:10D0C000B4F90C304DD1D8F800101D2940D8304AA1
:10D0D000CA40D6073CD52269226023F40062A281AF
:10D0E000D9044FF00002626003D5D8F80030002B5D
:10D0F00041D0216BC8F8005041B104F1400399427E
:10D1000002D0404601F026FC002323630020BDE846
:10D11000F0810E69002EF9D00D680E6092070CBFE9
:10D120004B690023AD1B8B600AE02B463246E16958
:10D13000676A4046B8470028A5EB0005064406DDAF
:10D14000002DF2DCE2E7E16B002997DCDEE7A38942
:10D1500043F04003A3814FF0FF30BDE8F081226D22
:10D16000A1E72269226023F40062A281DB044FF070
:10D1700000026260BDD52065BBE7D8F80030002B07
:10D180008ED01D2B01D0162BE1D1C8F80050BDE781
:10D190000100402000B5034683B008B1426B52B392
:10D1A000B1F90C0098B14A6ED20701D4820512D5AC
:10D1B00018460091FFF754FF00994A6E0346D007C6
:10D1C00002D48A8992050ED5184603B000BD0346E5
:10D1D000184603B000BD886D0193009101F0D6F8A8
:10D1E000DDE90013E4E7886D009301F0D1F8009BBE
:10D1F000184603B000BDCDE9000100F0EFF8DDE90D
:10D200000031CDE7002838D000B51E4B1B6883B035
:10D2100001460BB15A6BD2B1B1F90C0098B14A6E0C
:10D22000D20701D482051AD518460091FFF718FFDE
:10D2300000994A6E0346D00702D48A89920516D512
:10D24000184603B000BD0346184603B000BD019068
:10D250001846009300F0C2F8DDE90031DCE7886D84
:10D260000193009101F092F8DDE90013DCE7886D8D
:10D27000009301F08DF8009BE2E7034A034904485C
:10D2800000F052BAF87D0020EC7D0020E19F020002
:10D2900068760020024A0349034800F045BA00BFFF
:10D2A000EC7D002091050300687600200C4B41685E
:10D2B000994210B5044601D006F044FAA168094B22
:10D2C000994202D0204606F03DFAE168064B9942A9
:10D2D00004D02046BDE8104006F034BA10BD00BFAF
:10D2E00058980020C0980020289900202DE9F84384
:10D2F000314A324C3249DFF8DC90DFF8DC80314FC4
:10D300001160002504232946082204F15C00C4E9C9
:10D3100003352D4EA560C4E90055C4E90555656681
:10D3200000F05EFC04F15800C4E90749C4E909872C
:10D33000E66201F027F82946244B6367082204F1CE
:10D34000C400C4E91A55C4E91E552567C4F8CC5079
:10D35000C4F8805000F044FC04F1680304F1C000FC
:10D36000C4F88430C4E92298C4E9247601F00AF8AC
:10D37000174BC4F8DC30294604F596700822C4E93E
:10D380003455C4E93855C4F8D850C4F83451C4F8F9
:10D39000E85000F025FC04F1D003C4E93D87C4F84F
:10D3A000F09004F59470C4F8FC60C4F8EC30BDE86B
:10D3B000F84300F0E7BF00BF909900205898002084
:10D3C000E1A00200A5A60200C9A602000900010012
:10D3D0001200020041A6020065A6020010B5044634
:10D3E0000A4800F0D3FF636B23B9094B094A1B6855
:10D3F000626323B1BDE81040044800F0C9BFFFF7E5
:10D4000075FFBDE81040014800F0C2BF2098002021
:10D4100090990020F9A00200014800F0B7BF00BFBA
:10D4200020980020014800F0B3BF00BF20980020E2
:10D430009368002B00F0B7802DE9F04FB1F90CC0D4
:10D440001CF0080F83B00C46804617462DD00B69A0
:10D450005BB31CF002033E6833D04FF0000ADFF8E4
:10D46000C4B25546B9465D452B46524628BF5B4679
:10D470004046B5B1E169676AB847002840F38B8040
:10D48000D9F808301B1A8244C9F80830002B79D02B
:10D490002D1A5D452B46524628BF5B464046002D5F
:10D4A000E8D1D6E900A50836DDE72146404600F080
:10D4B0001FFA002874D1B4F90CC03E681CF00203B6
:10D4C000CBD11CF0010A70D1236800975546002D7E
:10D4D00054D01CF4007FD4F80890184600F0AB80BC
:10D4E000A945CB4600F2E4801CF4906F34D021694A
:10D4F0006269A3EB010902EB420202EBD27209F16D
:10D50000010352102B44934294BF93469B4693428F
:10D5100088BF1A461CF4806F00F0E980114640462F
:10D52000FDF7D4FE002800F0F7804A4621690190FB
:10D53000F9F728FCA289019B22F4906242F0800254
:10D54000A28103EB09002361ABEB0903C4F814B01B
:10D55000A3602060A946AB4651465A4600F0AEFA99
:10D56000A2682368A2EB0902A260009A91685B445A
:10D57000491B2360916029B1B4F90CC0D6E900A51C
:10D580000836A4E7002003B0BDE8F08F21464046EE
:10D59000FFF700FE68B3B4F90C3043F04003A381F9
:10D5A0004FF0FF30EFE7002070471D469A461846BF
:10D5B000B946009365B3002831D05246D4E904132C
:10D5C0002068AA4228BF2A46884204D9A16803EBF2
:10D5D000010B5A457CDC93426DDCE169009A676A75
:10D5E0004046B847B0F1000BD5DDBAEB0B0ACDD001
:10D5F0000120D9F80830A3EB0B03C9F80830002B41
:10D60000C0D0009BA5EB0B055B440093002DD2D14D
:10D61000756833460836002DFAD01B680093009FCA
:10D620002A460A21384601F035F8002871D0013029
:10D63000A0EB070AC1E722699A4221D36269AA4294
:10D640001ED86FF00043AB4228BF2B46E16993FB25
:10D65000F2F3676A02FB03F340465246B847B0F163
:10D66000000998DD009A9368A3EB0903A5EB09056F
:10D670009360002B86D0B4F90CC02368CA4426E717
:10D68000A94528BFA94618464A46514600F016FA51
:10D69000A2682368A2EB09024B44A2602360002A1F
:10D6A000E0D121464046FFF775FD0028DAD072E749
:10D6B000A946AB4650E70099019200F0FFF9019AA4
:10D6C000A3689B1AA36023681344236093468CE7E6
:10D6D00000995A4600F0F2F923685B442360214622
:10D6E0004046FFF757FD00283FF47FAF53E7404621
:10D6F000FEF7E4F8034600287FF423AF2169404693
:10D7000001F028F9A3890C22C8F8002023F0800337
:10D7100043E76A1C924651E70C22B4F90C30C8F872
:10D7200000203AE700FCFF7F2DE9F84307468846D2
:10D7300016464FF000097568013D11D4B468A389FD
:10D74000012B08D9B4F90E3001332146384602D0F6
:10D75000C04749EA0009013D6B1C04F16804EED1A1
:10D760003668002EE7D14846BDE8F8830FB400B50F
:10D77000074983B004AB086853F8042B8168019310
:10D7800003F0B0FE03B05DF804EB04B0704700BFD7
:10D79000F87D00200CB430B5144B0D1E1C689DB0F4
:10D7A0001FDB14BF01220022AA1A114B059300218E
:10D7B00021AB1B91029006900492079202A9209A35
:10D7C0000193204601F06AFE431CBCBF8B232360FB
:10D7D00015B1029B00221A701DB0BDE8304002B0A6
:10D7E00070478B2323604FF0FF30F5E7F87D002072
:10D7F0000802FFFF10B50C46B1F90E1000F058FDFD
:10D80000002803DB236D0344236510BDA38923F4A3
:10D810008053A38110BD00BF2DE9F0411F46B1F92F
:10D820000C301646DA050C4605460BD423F480531B
:10D83000A381B4F90E103B4632462846BDE8F041BC
:10D8400000F05EBD0223B1F90E10002200F01AFDB7
:10D85000B4F90C30EAE700BF10B50C46B1F90E1070
:10D8600000F010FDB4F90C30421C0EBF23F48053BD
:10D8700043F480532065A38110BD00BFB1F90E10A1
:10D8800000F0EEBC70B5ADF5067D0E460093134674
:10D890004FF40072059206A905AA054600F096F815
:10D8A00098B10246059B03903146284600F028FDBA
:10D8B000039A059006AB9A4204D02846114601F01F
:10D8C00049F805980DF5067D70BD4FF0FF30F9E77A
:10D8D00000B5DFF818E084461346DEF800005DF876
:10D8E00004EB0A466146FFF7CDBF00BFF87D00207C
:10D8F00010B5354B0446186882B00B4610B1426B28
:10D90000002A53D0B3F90C20110711D51869C8B1FA
:10D91000B3F90C2012F0010126D059694FF0000C28
:10D920004942C3F808C0996120B3002002B010BD7D
:10D93000D00640D5510723D4186942F008029A81D5
:10D940000028E5D19A8902F42072B2F5007FDFD079
:10D9500019462046019305F057FF019BB3F90C20AF
:10D96000186912F00101D8D1940758BF596999601C
:10D970000028DAD11106D9D542F040029A811FE081
:10D98000196B61B103F14000814206D0204601933A
:10D9900000F0E0FF019BB3F90C2000211963186926
:10D9A0000021C3E9000122F02402C6E70191FFF73C
:10D9B00015FD019BA6E7092142F0400221609A81F2
:10D9C0004FF0FF30B2E700BFF87D002010B59AB0ED
:10D9D00021B1D2F800C0BCF1000F1CD100214FF4DE
:10D9E000227CADF80CC01991009104914FF6FF7C98
:10D9F00002910591144669461A461C9BADF80EC06B
:10DA000001F04CFD002814DB009B206000221A70FE
:10DA100004981AB010BD0091049161464FF4C16C96
:10DA2000ADF80CC04FF0000CCDF864C0DEDA8B23EB
:10DA3000036000201AB010BD032A11D8002A3BD081
:10DA4000013A431E0139024401E09A4234D013F8EE
:10DA5000010F11F801CF6045F7D0A0EB0C00704723
:10DA600010B541EA0004A40784460B460FD0013AE2
:10DA7000431E0139024401E09A421BD013F8010F02
:10DA800011F801CF6045F7D0A0EB0C0010BDDCF819
:10DA90000040D3F800E074451946604603F10403E2
:10DAA0000CF1040CE3D1043A032AF0D8604619467D
:10DAB000002ADCD1002010BD00207047884270B5DC
:10DAC00031D98B1883422ED9032A00EB02011DD9CC
:10DAD00041EA030C1CF0030F1D4618D14FEA920CCB
:10DAE0000CF1FF36A1EB8C048C4653F804ED4CF896
:10DAF00004EDA445F9D1C6EB867301EB830105EB78
:10DB0000830CACF10403043902F0030252B102F1B8
:10DB1000FF3C6FEA0C0C9C4413F8012D01F8012D19
:10DB20006345F9D170BD032A50D941EA00039B0730
:10DB30004ED10F2A51D922F00F0301F1100601F145
:10DB4000100C103B203100F1100E19445CF8104C01
:10DB50004EF8104C5CF80C4C4EF80C4C5CF8084C31
:10DB60004EF8084C5CF8044C4EF8044C0CF1100CC8
:10DB70008C450EF1100EE9D1F11812F00C0F034490
:10DB800002F00F0503F1100325D025F0030CACF1D2
:10DB9000040426461A1F1C198C465CF804EB42F854
:10DBA00004EFA242F9D1043104333144334405F087
:10DBB0000302002AB6D0013A0132013B0A4411F8AF
:10DBC00001CB03F801CF9142F9D170BD0346F0E7D4
:10DBD000013A0346F0E72A46EBE703461546D4E749
:10DBE00030B584078646034606D0A2B303F8011B6E
:10DBF000980702F1FF32F8D1032A26D95FFA81FC97
:10DC00000CEB0C2C0F2A0CEB0C402AD922F00F0C39
:10DC10009C44C3E90000C3E9020010336345F8D116
:10DC200012F00C0F02F00F0417D04FEA940C0CF115
:10DC3000FF351A4603EB8C0C42F8040B6245FBD10E
:10DC4000043304F0030203EB850322B11A4403F802
:10DC5000011B9A42FBD1704630BD2246002AF5D105
:10DC6000F9E71446E1E700BF11F0FF01034600F0B9
:10DC700003023AD092BB026801EB012303EB03439A
:10DC800083EA020C10B51C46A2F1013323EA020319
:10DC9000ACF1013222EA0C02134313F0803F0FD1A2
:10DCA00050F804CF8CEA040EACF10133AEF101322E
:10DCB00023EA0C0322EA0E02134313F0803FEFD055
:10DCC000037823B936E010F8013F002B32D0994297
:10DCD000F9D110BD8A4228D09A0729D01A7818465F
:10DCE0000133002AF6D110467047CAB90268A2F182
:10DCF000013323EA020313F0803F08D150F8042FC8
:10DD0000A2F1013323EA020313F0803FF6D0037837
:10DD10005BB110F8013F002BFBD17047990705D08C
:10DD20001A7818460133002AF8D170471846DDE703
:10DD30001846A0E7184610BD8AB340EA01039B07C6
:10DD400030B504468E4618D1032A07D815E0043AA8
:10DD500023D01CF0803F20D1032A26D92368DEF887
:10DD60000050A3F10131AB4221EA030C2046714679
:10DD700004F104040EF1040EE9D003780C78A342F8
:10DD80000FD1013A024406E06BB110F8013F11F8DF
:10DD9000014FA34205D19042F6D1002030BD10467C
:10DDA0007047181B30BD184630BD20467146E4E769
:10DDB00010B504460843830701D1032A19D8A446A5
:10DDC00001F1FF3E07E01EF8011F03F8011B501E82
:10DDD00031B19C4602466346002AF4D1204610BD6C
:10DDE00094440028FAD003F8011B6345FBD1204678
:10DDF00010BD0B46A44618681946A0F1013323EA6A
:10DE0000000313F0803F01F10403D9D1043A032A3F
:10DE10004CF8040BEFD81946D2E700BF01292DE9D1
:10DE2000F04115465BD94FF00108C64600224FF07D
:10DE3000FF34434608E0A3EB04081A464FF0010EF6
:10DE400002EB0E03994210D900EB040CC75C1CF8DE
:10DE50000E60B742EFD332D04FF001081446C646E9
:10DE6000424402EB0E039942EED80127C5F8008028
:10DE7000BE4600224FF0FF363B4607E09F1B1A4686
:10DE80004FF0010E02EB0E03994210D900EB060C85
:10DE900010F803801CF80EC0E045EFD817D001271A
:10DEA0001646BE463A4402EB0E039942EED80136BE
:10DEB000601C864201D32F603046BDE8F081C64524
:10DEC0000ABF72440EF1010E4FF0010EB8E7BE45D5
:10DED0000ABF72440EF1010E4FF0010ED2E7012786
:10DEE0000026E8E72DE9F04F9346ADF21C4D0746BA
:10DEF000894605AA194658461C46FFF78FFF05AB11
:10DF000082460DF2144143F8044F8B42FBD16CB1B1
:10DF1000601E58440BF1FF3212F8011FA31A013B97
:10DF200006AE5B44824246F82130F5D1059B029350
:10DF300052460BEB03015846FFF77EFD002878D1CF
:10DF400044F4006380460546A9EB04010393661E72
:10DF5000A94213D307EB050E06AA1EF8063052F8A5
:10DF60002330D3B1B8F1000F03D0029A9A4288BF90
:10DF7000A31A1D44A9424FF00008EBD2039907EB06
:10DF8000090005F0B3FC8144A9EB0401A942E1D2E8
:10DF900000200DF21C4DBDE8F08FD045434638BF40
:10DFA0005346B3421BD20BF1FF3018440EEB030271
:10DFB000019502E00133B34210D0157810F801CF7B
:10DFC000AC4502F10102F5D09E42019D07D9CAF18C
:10DFD00001022A44D5184FF00008B9E7019DD04549
:10DFE00080F0888007EB0A022A440AF1FF330BEB2A
:10DFF0000A00019502E0984511D0013B10F801CDCF
:10E0000012F8015DAC45F6D0019D013308F101081D
:10E01000984509D8029B1D44A4EB030898E708F132
:10E0200001089845019DF5D970460DF21C4DBDE8DB
:10E03000F08FA4EB0A03534538BF534601330293D4
:10E04000661E44F400630025A9EB0401019307EB6D
:10E050000608A94208D318F8052006AB53F8223069
:10E060009BB11D44A942F6D2019907EB090005F0C6
:10E070003DFC8144A9EB0401A94289D318F805208D
:10E0800006AB53F82230002BEBD1564519D90BF1D2
:10E09000FF3007EB0A0350442B44524602E00132A2
:10E0A00096420ED093F800C010F801EFE64503F158
:10E0B0000103F4D0964204D9CAF101032B449D1800
:10E0C000C7E7BAF1000F10D007EB0A0028440BEBAA
:10E0D0000A0201E05A4508D010F801CD12F801ED0E
:10E0E000E645F7D0029B1D44BCE778190DF21C4DA4
:10E0F000BDE8F08F534689E72DE9F0410D7890B0E7
:10E100000446002D48D04A78002A68D08B78002B2E
:10E1100046D0C878002877D00B79002B65D0084608
:10E120000E4600F007FB054640F40071204605F05E
:10E13000DDFB854242D8FE2D7FD8401B27184022A8
:10E14000691C6846FFF74CFD5DB1721EA81812F8F5
:10E15000013F03F03F036B44B11A29449042197008
:10E16000F5D1013C635D03F03F036B441B781C4415
:10E17000A74203D227E04444A74224D314F805C0A1
:10E180000CF03F0CEC442A46314620469CF80080B7
:10E19000FFF752FC0028EED1204610B0BDE8F08118
:10E1A000007842EA054238B140EA03439A4214F843
:10E1B000010FF8D1023CEFE79A42FBD00024204641
:10E1C00010B0BDE8F0817B5D7819002BF6D04FF4DC
:10E1D000006105F08BFB0744A742C2D2EEE7294657
:10E1E00010B0BDE8F041FFF73FBD2278002AE5D02E
:10E1F000096809BA42EA0323204614F8012FB2B194
:10E200009942F7D1C41EC7E7120442EA0562217899
:10E2100042EA0323024641EA020059B1B3EB002F60
:10E2200014F8011F4FEA0022F5D1033CB4E79942EC
:10E23000C4D1E7E79342C1D1F7E701462B46324606
:10E24000204610B0BDE8F041FFF74CBE014B93F8FB
:10E2500010027047907B002000487047687D0020C6
:10E2600038B5074C0023054608462360F9F70CF83B
:10E27000431C00D038BD2368002BFBD02B6038BD79
:10E28000789F002038B58C46084C114605461A4642
:10E29000604600232360F9F703F8431C00D038BD23
:10E2A0002368002BFBD02B6038BD00BF789F002077
:10E2B00038B58C46084C114605461A466046002380
:10E2C0002360F8F7DFFF431C00D038BD2368002B24
:10E2D000FBD02B6038BD00BF789F002038B5074CBD
:10E2E0000023054608462360F8F7B4FF431C00D01E
:10E2F00038BD2368002BFBD02B6038BD789F0020F1
:10E3000038B58C46084C114605461A46604600232F
:10E310002360F8F7FFF9431C00D038BD2368002BB9
:10E32000FBD02B6038BD00BF789F0020014B1868E0
:10E33000704700BFF87D002070B50E4E0E4DAE4206
:10E3400008D0761BB610002455F8043B01349847DA
:10E35000A642F9D8094E0A4D06F000FCAE4208D09C
:10E36000761BB610002455F8043B01349847A642AA
:10E37000F9D870BD202F0060202F00605C2F006056
:10E38000202F0060704700BF704700BF704700BF7C
:10E39000704700BF082802D14FF48050704708B57D
:10E3A000FFF7C4FF162303604FF0FF3008BD00BF26
:10E3B0000000000002780B78012A28BF9A4240F042
:10E3C000D8806DE9044540EA0104CDE902676FF0A9
:10E3D000000C4FEA44721AB380EA010414F0070FEC
:10E3E0006BD100F0070420F0070004F0030521F0D2
:10E3F00007014FEAC505F0E8042314F0040FF1E823
:10E4000004670CFA05F462EA040266EA04060BD01B
:10E4100063EA0403624667EA0407664604E000BF55
:10E42000F0E80423F1E8046782FA4CF582EA060476
:10E43000A4FA8CF46CBB83FA4CF583EA0705A5FAC1
:10E440008CF595B950E9022351E9026782FA4CF53F
:10E4500082EA0604A4FA8CF483FA4CF583EA0705F1
:10E46000A5FA8CF52543DBD09CB92DBAB5FA85F415
:10E4700024F0070427FA04F1DDE9026723FA04F324
:10E4800003F0FF0001F0FF01FDE80445A0EB0100EF
:10E49000704724BAB4FA84F424F0070426FA04F18D
:10E4A000DDE9026722FA04F202F0FF0001F0FF0149
:10E4B000FDE80445A0EB0100704714F0030F3CD1C8
:10E4C00010F0030428D150F8082B51F8083B82FAC9
:10E4D0004CF582EA0305A5FA8CF55DB950F8042CD9
:10E4E00051F8043C82FA4CF582EA0305A5FA8CF552
:10E4F000002DE8D02DBAB5FA85F424F0070423FAEC
:10E5000004F122FA04F202F0FF0001F0FF01FDE83D
:10E510000445A0EB010070474FEAC40420F003005B
:10E5200050F8082B21F0030151F8083B0CFA04F4D1
:10E5300062EA040263EA0403C9E710F003041DD091
:10E54000A1EB040120F00300E40750F8042B06D0EF
:10E5500012D28B785FFAA2F4E41A06D12BB1CB78F1
:10E560005FFAB2F4E41A00D133B920465DF8104BDB
:10E570007047A2EB0300704701F1040150F8042B2F
:10E58000CC0721F0030151F8043B48D824D222F0F3
:10E590007F4482FA4CF594EA1325A5FA8CF50AD14A
:10E5A00065B951F8043B84EA0204B4EB036F0ED161
:10E5B00050F8042BEBE74FEA132355E035F07F4585
:10E5C0004DD10878FDE80445C0F1000070474FEADE
:10E5D000126203F0FF0347E002EA1C4482FA4CF5A2
:10E5E00094EA1345A5FA8CF50AD165B951F8043BB4
:10E5F00084EA0204B4EB034F0CD150F8042BEBE790
:10E600004FEA134330E015EA1C4528D10B884FEA46
:10E61000124229E04FEA124203EA1C4324E002F0CE
:10E62000FF0482FA4CF594EA1365A5FA8CF50AD139
:10E6300065B951F8043B84EA0204B4EB032F09D115
:10E6400050F8042BEBE74FEA13630DE015F0FF0FD2
:10E6500005D10B684FEA122223F07F4304E04FF00C
:10E660000000FDE80445704712BA1BBA82FA4CF468
:10E6700082EA0304A4FA8CF5B5FA85F402FA04F2EE
:10E6800003FA04F34FEA1260FDE80445A0EB1360BF
:10E69000704700BF01F0FF01102A2BDB10F0070FBD
:10E6A00008D010F8013B013A8B422DD010F0070F33
:10E6B00042B3F6D1F0B441EA012141EA014122F02E
:10E6C00007047FF000070023F0E80256083C85EAC3
:10E6D000010586EA010685FA47F5A3FA87F586FA69
:10E6E00047F6A5FA87F68EB9EED1F0BC01F0FF012E
:10E6F00002F0070232B110F8013B013A83EA01034C
:10E7000013B1F8D10020704701387047002D06BFC3
:10E7100035460338073815F0010F07D1013015F4DD
:10E72000807F02BF013015F4C03F0130F0BC0138DA
:10E73000704700BF30B490F800F020F007016FF090
:10E74000000C10F0070491F820F040F048804FF0E2
:10E7500000046FF00700D1E9002391F840F000F1C8
:10E76000080082FA4CF2A4FA8CF283FA4CF3A2FA73
:10E770008CF34BBBD1E9022382FA4CF200F1080082
:10E78000A4FA8CF283FA4CF3A2FA8CF3E3B9D1E940
:10E79000042382FA4CF200F10800A4FA8CF283FA06
:10E7A0004CF3A2FA8CF37BB9D1E9062301F12001E5
:10E7B00082FA4CF200F10800A4FA8CF283FA4CF3CE
:10E7C000A2FA8CF3002BC6D0002A04BF04301A46EC
:10E7D00012BAB2FA82F200EBD20030BC7047D1E933
:10E7E000002304F00305C4F100004FEAC50514F04E
:10E7F000040F91F840F00CFA05F562EA05021CBF1F
:10E8000063EA050362464FF00004AAE7F0B51D4C29
:10E8100083B005462068019116461F46FFF7B6FDF6
:10E82000194A0199136823B35A6820681F2A23DC08
:10E830004DB9541C02325C6043F82210FFF7A8FD6A
:10E84000002003B0F0BD03EB820E0124CEF88860F7
:10E85000D3F88861944046EA040C022DC3F888C1BD
:10E86000CEF80871E5D1D3F88C512543C3F88C510B
:10E87000DFE7064B1360D7E7FFF78AFD4FF0FF3065
:10E88000DFE700BF847B0020809600208496002074
:10E890000148FFF77BBD00BF189800200148FFF733
:10E8A00077BD00BF18980020F8B5064608200C4632
:10E8B000FFF770FD07463046FCF7DEFF224A9368FB
:10E8C0005D6825F00305A5F111031C1B3C44B4FB56
:10E8D000F7F4013C07FB04F4A74208DC00213046B2
:10E8E000FFF7FCFC184A93682B44984204D030464A
:10E8F000FCF7C8FF0020F8BD61423046FFF7EEFC90
:10E900000130114A0DD0114993682D1B45F00105C6
:10E910005D600B6830461B1B0B60FCF7B3FF0120EA
:10E92000F8BD00213046FFF7D9FC074A9268831AE8
:10E930000F2BDCDD43F001035360054B03491B68DB
:10E94000C01A0860D3E700BF60720020249800203E
:10E95000E47D0020002965D02DE9F0410C460746F2
:10E96000FCF78AFF54F804EC7D49A4F1080C2EF062
:10E9700001030CEB03028D685068954220F0030000
:10E980000EF0010600F08B80151850606D6805F0E0
:10E990000105A846AEBB54F8084CACEB040C23446C
:10E9A000DCF8084001F1080E74456BD0DCF80C501F
:10E9B000E560AC60B8F1000F00F08C8043F001001E
:10E9C000CCF804001360B3F5007F35D2DA0848684C
:10E9D0005C090132012312B2A34003434B6051F89A
:10E9E0003200CCF8080001EBC203083BCCF80C3035
:10E9F00041F832C0C0F80CC03846BDE8F041FCF721
:10EA000041BF85B9034401F1080E9068704543F099
:10EA100001047AD0D268C2609060CCF804404CF80F
:10EA20000330D0E770474EF00102B3F5007F44F8A1
:10EA3000042C4CF80330C9D3B3F5206F4FEA5320B0
:10EA40004AD2980900F1390212B200F13804D2001A
:10EA500088188A580838904203D15FE09268904243
:10EA600004D0516821F003019942F7D8D068CCE96D
:10EA70000220C0F808C03846C2F80CC0BDE8F0411A
:10EA8000FCF700BFA5BB1844D2E90223D3609A600B
:10EA900040F00103CCF804304CF80000ACE7184417
:10EAA00046B954F8083CACEB030C1844DCE90223EB
:10EAB000D3609A6040F00103CCF80430294BC1F8D0
:10EAC00008C01B68834297D8274B38461968FFF760
:10EAD000EBFE91E7034498E714280FD9542824D873
:10EAE000180B00F16F0212B200F16E04D200AFE712
:10EAF00043F00101CCF8041013607DE700F15C02E3
:10EB000012B200F15B04D200A2E7C1E904CCCCE967
:10EB100002EECCF804404CF803306DE7A41001235A
:10EB2000A3404C6823434B60A1E7B0F5AA7F07D808
:10EB3000D80B00F1780212B200F17704D20087E717
:10EB400040F25452904206D8980C00F17D0200F138
:10EB50007C04D2007CE74FF47E727E2478E700BF0D
:10EB600060720020E87D002054980020DFF850C03B
:10EB700010B50CF5806E5CF8083F5C6824F0030467
:10EB80000F2CD4BF002001202146DCF80C309C451E
:10EB900008D05A68DB6822F003029C45114400F15A
:10EBA0000100F6D10CF1080CE645EED1034B1A68D2
:10EBB0005860521AC3E907215C6210BD24980020F6
:10EBC0006072002038B5044608460D46FCF754FE36
:10EBD000FFF7CCFFDFF824E0BEE80F00A446ACE866
:10EBE0000F00BEE80F00ACE80F009EE803008CE8C1
:10EBF00003002846FCF746FE204638BD2498002036
:10EC000082B049B15AB16BB113780B601278101E03
:10EC100018BF012002B0704701A9002AF3D11046A5
:10EC200002B070476FF00100F4E700BF30B5436CED
:10EC300083B005460C4653B153F8240088B10268EE
:10EC400043F824200023C0E9033303B030BD212260
:10EC50000421FCF7A3FA034668640028ECD10020E5
:10EC6000F3E7012101FA04F35A1D920028460193AB
:10EC7000FCF794FA0028F2D0019B44608360E1E73E
:10EC800031B1436C4A6853F82200086043F82210FF
:10EC9000704700BF2DE9F0410E6917460D461C462E
:10ECA00001F114024FF0000E11688BB207FB034311
:10ECB0004FEA134C090C07FB01CC0EF1010E9BB27D
:10ECC00003EB0C43764542F8043B4FEA1C44EBDC73
:10ECD0003CB1AB68B34207DD05EB860301365C61EE
:10ECE0002E612846BDE8F081696801318046FFF752
:10ECF0009DFF0746B0B12A69023205F10C0192006E
:10ED00000C30F8F73FF8D8F844306A6853F822100E
:10ED1000296043F822503D4605EB860301365C61CD
:10ED20002E61DEE7024B03483A46BA2104F05AFE50
:10ED3000BC5C0020D05C0020B0F5803F034636BFAD
:10ED4000030400201020B3F1807F3CBF1B02083079
:10ED5000B3F1805F06D3B3F1804F0FD29A0012D483
:10ED6000033070471A01B2F1804F00F1040006D25F
:10ED70009B0108D45B00F3D4202070471A46002A78
:10ED8000FBDB013070470230704700BF0368590752
:10ED900008D0DA071FD499072AD55B08036001223F
:10EDA000104670479AB282B91B0CDAB2B2B1102287
:10EDB000190701D104321B09990714D0D90701D4CE
:10EDC00001325B08036010467047DAB24AB11A0795
:10EDD00017D10422EFE700221046704718221B0AC1
:10EDE000E6E70822FBE7590707D502329B08E9E767
:10EDF0009B080222036010467047DB0804D12022E2
:10EE0000CEE7DB080322DDE70332DBE738B5436CEE
:10EE100004460D464BB15868B0B102685A600022F2
:10EE20000123C0E90323456138BD21220421FCF7F9
:10EE3000B5F9034660640028EDD1094B094800226A
:10EE400040F2451104F0CEFD1C2201212046FCF7C2
:10EE5000A5F90028F1D001220223C0E90123DEE751
:10EE6000BC5C0020D05C00202DE9F04F0F691569D3
:10EE7000AF4285B00E46904605DB2A4643463D46E6
:10EE8000884617461E46D8F80830D8F80410EC1902
:10EE9000A342B8BF0131FFF7C9FE8446002800F045
:10EEA0009C80143000EB840E704505D2034600218F
:10EEB00043F8041B9E45FBD8143606EB87029642A6
:10EEC0007CD208F1140707EB8505A5EB080308F1D0
:10EED0001508A845A3F11503CDE902E44FEA930A0A
:10EEE0008CBF002401249146E34605E0090C34D18F
:10EEF000B14500F104005ED956F8041B8AB2002A1D
:10EF0000F4D0CDE90090B8468646002358F8041B9B
:10EF1000DEF800001FFA81F94FEA114C81B202FBC2
:10EF20000911000C194402FB0C0000EB114089B2DE
:10EF300041EA004145454EF8041B4FEA1043E5D82D
:10EF4000DDE90090002C4FEA8A0208BF002202444B
:10EF5000536056F8041C090CCAD00368CDF8009021
:10EF60008846BC46864600221946BCF8009008FB3D
:10EF7000092909EB11499BB243EA09434EF8043BC6
:10EF80005CF8043BDEF800101B0C8AB208FB03237C
:10EF900003EB194365454FEA1342E6D8002C4FEACC
:10EFA0008A02DDF8009008BF00220244B145536098
:10EFB00000F10400A0D8DDE902E4DC46002C02DC0C
:10EFC00005E0013C03D05EF8043D002BF9D060461B
:10EFD000CCF8104005B0BDE8F08F034B0348624603
:10EFE0004FF4B17104F0FEFCBC5C0020D05C00204A
:10EFF000F8B512F00303144607462FD10E46A410AD
:10F000002AD03D6C002D32D004F0010364103BB9CE
:10F010002868B8B1054604F001036410002BF7D04E
:10F020002A4631463846FFF71FFF36B17B6C7168C0
:10F0300053F82120326043F8216074B106462868F5
:10F040000028E7D12A4629463846FFF70DFF00235E
:10F05000286003600546DEE73046F8BD013B0F4AF5
:10F0600052F823200023FFF715FE0646C7E70121CB
:10F070003846FFF7DBFD054640B1012340F271221F
:10F08000C0E90432002338640360BDE7044B05483F
:10F090002A4640F2451104F0A5FC00BF747100201F
:10F0A000BC5C0020D05C00202DE9F0470D46914665
:10F0B0002E69AB68496806EB6216741C9C420746D1
:10F0C0004FEA621804DD5B009C4201F10101FADCA9
:10F0D0003846FFF7ABFD844600284FD0B8F1000F4B
:10F0E00000F114000BDD08F105010CEB8101034672
:10F0F000002243F8042B8B42FBD100EB88002969E6
:10F1000005F1140319F01F0803EB810E2ED0C8F18E
:10F11000200902464FF0000A196801FA08F141EA95
:10F120000A0142F8041B53F8041B9E4521FA09FA10
:10F13000F2D8AEEB0503153B23F0030305F11502EE
:10F14000964538BF0023043340F803A0BAF1000FFE
:10F1500000D134467B6C6A68CCF8104053F822101A
:10F160002960604643F82250BDE8F087043853F820
:10F17000042B40F8042F9E45F9D8EAE7034B0448D6
:10F1800062464FF4EF7104F02DFC00BFBC5C002020
:10F19000D05C002003690A6900B5B3EB020E12D1FE
:10F1A00000F1140C14310CEB820301EB820101E03D
:10F1B0009C4508D253F8040D51F8042D9042F7D025
:10F1C00003D24FF0FF3E704600BD4FF0010E704677
:10F1D00000BD00BF2DE9F04F17460A693B69A2EB5D
:10F1E0000308B8F1000F83B00C4615D1143107F1B4
:10F1F000140505EB830501EB830302E0994280F0DF
:10F20000858053F8046D55F8042D9642F6D080F0B1
:10F210008A804FF0010805E0FBDB3B464FF0000819
:10F220000F461C467968FFF701FD002800F0868034
:10F230003A692669C0F80C8007F1100107F114083B
:10F24000834600F1140704F1140008EB820E944683
:10F2500000EB86060023B946C2460A46019450F8E0
:10F26000041B52F8045F8CB21FFA85F8A8EB04085F
:10F27000090C9844C1EB154101EB28411FFA88F8AD
:10F2800048EA0144864249F8044B4FEA2143E6D854
:10F29000A146019C301B1538153420F00300A6420E
:10F2A00038BF00200AEB00010431C4198E456246C4
:10F2B0000846DC4698BF23461AD9A7EB0A07043450
:10F2C000C61950F8045B13FA85F82B442D0C05EB96
:10F2D00028459BB243EA05498645C6F800904FEAA7
:10F2E0002543EDD80EF1FF335B1A23F003032344CB
:10F2F000B9F1000F04D153F8041D013A0029FAD0E6
:10F300006046CCF8102003B0BDE8F08F0021FFF775
:10F310008DFC844658B101220023C0E904236046D5
:10F3200003B0BDE8F08F3B4627461C467AE7074B03
:10F330000748624640F2372104F054FB0246034B73
:10F34000034840F2452104F04DFB00BFBC5C0020A7
:10F35000D05C00202DE9F043894683B0012157ECB1
:10F36000106B9046FFF762FC0446002846D0C7F3B6
:10F370000A55C7F313030DB143F480130193331EF1
:10F3800015D101A8FFF702FD019B63610121203027
:10F39000216115B3A5F233450544C0F13500C9F824
:10F3A0000050C8F80000204603B0BDE8F08368466E
:10F3B0000093FFF7EBFCDDE9002328B1C0F1200149
:10F3C00003FA01F10A43C340002B0CBF01210221C3
:10F3D0006261A3612161002DDCD104EB8103A0F205
:10F3E0003240C9F800001869FFF7A6FCC0EB4110D5
:10F3F000C8F80000204603B0BDE8F083034B044882
:10F40000224640F20F3104F0EDFA00BFBC5C002050
:10F41000D05C002049B1FF2A02D80A700120704751
:10F420008A2303604FF0FF3070470846704700BFE3
:10F4300030B5044687B05BB110480193D0F8C8518D
:10F4400071B12046A847421C019B10D007B030BDC7
:10F4500000F5827309480193D0F8C8510029F0D112
:10F460000A46204603A9A847421C019BEED1002171
:10F470008A221960226007B030BD00BF907B002057
:10F4800010B582B0049CCDE900344FF0FF3305F095
:10F49000EFFA02B010BD00BF000000002DE9F04FF0
:10F4A0002DED028BD1B00C46079190460993824610
:10F4B000FEF7D2FE036811931846FFF73BF90822C6
:10F4C0001090002120A8FEF78BFBA389180603D516
:10F4D0002369002B01F06E8000239FED728BCDE934
:10F4E0002533CDE9143327AA0D932492174612939E
:10F4F0001393059345462C466C4BD3F8CC61FEF72D
:10F50000A5FE20AA034600921AA922465046B047FB
:10F51000002800F09880C0F28E801A9A252A0346AF
:10F5200001D01C44E8E7B4EB0508064640F08F80A4
:10F5300000234FF0FF328DF85F309B460693013475
:10F540002378049201349946A9F120035A2B00F242
:10F55000AF80DFE813F0FE02AD00AD00FA02AD00AF
:10F56000AD00AD00DD02AD00AD00A802B702AD00F8
:10F57000B302C002AD00BC025B005B005B005B003D
:10F580005B005B005B005B005B00AD00AD00AD00AD
:10F59000AD00AD00AD00AD002101AD009C01AC039C
:10F5A000210121012101AD00AD00AD00AD00A80396
:10F5B000AD00AD000803AD00AD00AD007302AD00BD
:10F5C0006103AD00AD009807AD00AD00AD00AD002A
:10F5D000AD00AD00AD00AD002101AD009C01870183
:10F5E000210121012101ED0387016C00AD00080418
:10F5F000AD00F8033D0413046C00AD0073026A0013
:10F600008303AD00AD00FB07AD006A00A9F1300334
:10F61000002214F8019B02EB820203EB4202A9F1E3
:10F620003003092BF5D906928EE723788AE72378F1
:10F630004BF0200B86E70822002120A8FEF7D0FA25
:10F6400001231C4458E7B4EB0508064610D0259961
:10F65000269B013143440729C7E900582693259189
:10F6600017DC0837059B43440593002E7FF460AFF9
:10F67000269B002B41F00383079B9B8903F04003EB
:10F68000002B41F0CF86059851B0BDEC028BBDE850
:10F69000F08F079924AA504604F028F80028EBD1EF
:10F6A00027AFDFE70000000000000000907B002093
:10F6B000B9F1000FDCD00023CDE90B3301228DF826
:10F6C000DC908DF85F3008930A9204930E9337AD67
:10F6D0000292269A1BF08403904600F005819DF863
:10F6E0005F1009B3DDF894C000260CF10101012080
:10F6F0000132786007290DF15F00CDE925123860ED
:10F7000000F33E8408377EB1DDF894C00CF10101AE
:10F7100018A80232386007294FF00200CDE92512FF
:10F72000786000F320840837802B00F06583049B09
:10F730000A995E1A002E00F3E8801BF4807F40F0E7
:10F7400021810A9B7B601A44259B3D600133072B76
:10F750002692259300F3BC8308371BF0040F05D0D5
:10F76000069B02995D1A002D00F31884DDE905312E
:10F7700002988142ACBF5B181B180593002A40F029
:10F78000778300232593089B1BB108995046FFF708
:10F79000E1F827AF2546AEE6099B073323F00703C0
:10F7A000B3EC028B9FEDA17BB0EEC86BB4EE476B60
:10F7B000F1EE10FA099300F33986B4EE488BF1EEBE
:10F7C00010FA81F14685B9F1610F01F07A83B9F140
:10F7D000410F01F07084049B013301F07F82B9F185
:10F7E000670F18EE903A4BF4807801F0F584B9F188
:10F7F000470F01F0F1840023089318EE903A002B94
:10F80000C1F20885B0EE487B0026A9F14103252B03
:10F8100001F2DD81DFE813F0A50CDB09DB09DB0970
:10F82000700ADD0ADB09DB09DB09DB09DB09DB091F
:10F83000DB09DB09DB09DB09DB09DB09DB09DB09A8
:10F84000DB09DB09DB09DB09DB09DB09DB09DB0998
:10F85000DB09DB09DB09DB09A50CDB09DB09DB09BB
:10F86000700ADD0A1BF0200F40F0DE85099A1BF0BC
:10F87000100F52F8046B41F01C861BF0400F0992E8
:10F8800001F08E8046F3C038434636B21FE2B9F12C
:10F89000430F03D01BF0100F00F0658608220021F3
:10F8A00022A8FEF79DF9099A37AD126822AB2946C6
:10F8B0005046FFF7BDFD0A90013001F0AE850A9B6E
:10F8C00023EAE3730293099B269A043309930023E6
:10F8D000CDE90B338DF85F30089304930E931BF042
:10F8E000840390467FF4FBAE0699029E8E1B002E89
:10F8F00000F321849DF85F1000297FF4F3AE049B90
:10F900000A995E1A002E7FF718AF4A49259B0F917E
:10F91000102E27DD39464FF0100837462E46254673
:10F92000079C04E0103F102F01F1080116DD0133A0
:10F9300040481032072BC1E90008CDE92532F1DD3E
:10F9400024AA2146504603F0D1FE002840F09882B8
:10F95000103F102FDDE9253227A9E8DC2C4635467B
:10F960003E460F4601330F9939603244072BCDE9EB
:10F9700025327E6000F364841BF4807F07F1080762
:10F980003FF4DFAEB9F1650F40F3AC82B5EE408BCA
:10F99000F1EE10FA40F05283259B2749396001337C
:10F9A00001320121072B26922593796000F37F878E
:10F9B0000837199B0D998B4280F2EB84109B1199AB
:10F9C0001A44C7E90013259B26920133072B259380
:10F9D00000F3D38508370D9B5D1E002D7FF7BDAE6C
:10F9E0001449259B0F91102D40F39787A146DDF810
:10F9F0001C8010260C4604E00837103D102D40F303
:10FA00008B8701331032072BC7E90046CDE9253239
:10FA1000F2DD24AA4146504603F068FE002840F07B
:10FA20002F82DDE9253227AFE7E700BFFFFFFFFFA9
:10FA3000FFFFEF7F40720020C0400020DDF82480EF
:10FA400058F8045B00238DF85F30002D00F0A1858D
:10FA5000B9F1530F00F037871BF010030B9340F000
:10FA60003287049B002BC1F2FC801A460B99284672
:10FA7000FEF710FE9DF85F300890002801F04884E2
:10FA8000089A521B0A9222EAE27202920BB10132E8
:10FA900002920B9BCDF8248004930E930C93089351
:10FAA0004FF0730915E6099B53F8042B0692002AC0
:10FAB00080F27584069A09935242069223784BF09D
:10FAC000040B3FE52B238DF85F3023783AE523784C
:10FAD0004BF0800B36E5214611F8019BB9F12A0F56
:10FAE00001F09084A9F13003092B98BF002201F2A4
:10FAF000DD8211F8019B02EB820203EB4202A9F1C5
:10FB00003003092BF5D942EAE27304930C461BE556
:10FB10005046FEF7A1FB436813931846FEF70AFE12
:10FB2000159006465046FEF797FB8268237814929C
:10FB3000002E3FF407AD002A3FF404AD1278002AEE
:10FB40003FF400AD4BF4806BFCE423784BF0010BE9
:10FB5000F8E49DF85F202378002A7FF4F3AC20229C
:10FB60008DF85F20EEE41BF0200F4BF0100000F04A
:10FB70002884099B073323F007031A46596852F873
:10FB8000083B099200228DF85F20049A002A18DBB6
:10FB900053EA010220F4906B15D1049A9AB910F03F
:10FBA00001031A46029300F0738630238DF83F312B
:10FBB000049B0A92CDE90B330E9308930DF23F1587
:10FBC00087E520F4806B50AD03F00702DB0843EAC1
:10FBD0004173C908303253EA0106284605F8012D61
:10FBE000F2D11BF0010F00F01582302A00F01282D2
:10FBF0003023049905F8013C023850AB1B1A994296
:10FC00004FF00002B8BF1946CDE90B2208920A93C3
:10FC1000054602910E925CE51BF0200F4BF010019F
:10FC200021D1099B1A1D099B04981B684FF00008FD
:10FC300040458DF85F801E4659DB21F0800B002B7C
:10FC400040F08C850992002840F0E983CDE90B0053
:10FC50000A900E900290089050AD3AE51BF0200FEC
:10FC600000F0BE835946099B073323F007020023A7
:10FC70008DF85F30049BD2F8048052F8086B09922B
:10FC8000002B35DB56EA080321F0800B31D1049BB1
:10FC9000002B40F0C483CDE90B330A930E930293FB
:10FCA000089350AD15E523784BF0080B4AE41BF0A0
:10FCB000200F4BF0100300F07A83099A073222F0EC
:10FCC00007029B46536852F8086B09929846002B2E
:10FCD000C0F2C282049A002A0BDB56EA08032BF01A
:10FCE000800B06D1002A00F04187302607E00992F8
:10FCF0008B460A2E78F1000380F0BF823036049ADA
:10FD00009DF85F308DF83F61012AB8BF0122029251
:10FD100001220A920DF23F15002B01F06D83029B28
:10FD2000013302930023CDE90B3308930E93D0E403
:10FD30002378682B03BF63784BF4007B01344BF0CE
:10FD4000400BFFF7FFBB099A1BF0200F02F10403E1
:10FD500000F08883126805991160C91751600993F2
:10FD60002546FFF7C8BB23786C2B03BF63784BF0A5
:10FD7000200B01344BF0100BFFF7E4BB099A049EF3
:10FD800052F8041B002047F630038642ADF860307D
:10FD90008DF85F000B46C0F2DB832BF0800545F049
:10FDA000020B002940F0D683002E00F0E68609926F
:10FDB00030230122CDE90A210E918DF83F310296C0
:10FDC0000DF23F154FF078098E4608910C91A5E38E
:10FDD0001BF0200F40F02583099A1BF0100F52F8FA
:10FDE000043B41F05E831BF0400F00F0E9859BB2BD
:10FDF000099258460021C5E6069B02995E1A002E1C
:10FE00007FF795AC8B49259B0F91102E24DD38464A
:10FE10004FF010082F4619462546864C04E0103E48
:10FE2000102E00F1080013DD013110320729C0E95E
:10FE30000048CDE92512F2DD079924AA504603F0C7
:10FE400055FCE8B9103E102EDDE9251227A8EBDCA1
:10FE50002C460B463D46074601330F993960324424
:10FE6000072BCDE925327E6000F3638508375EE419
:10FE7000079924AA504603F039FC00283FF481ACCE
:10FE8000089B002B3FF4F8AB08995046FEF762FD43
:10FE9000079B9B8903F04003FFF7F2BB109B11996E
:10FEA0001A44C7E90013259B26920133072B25939B
:10FEB00000F3068707F108010028C1F21E810D98A2
:10FEC0000D6001330244072BCDE92532486046DD41
:10FED000079924AA504603F009FC0028D0D1269A9D
:10FEE00027AF3AE40D98259B012802F1010203F1A6
:10FEF000010307F1080140F364810120072BCDE9DC
:10FF000025323D60786000F32C821098119E0133F9
:10FF10000244072BC1E90060CDE9253200F32D82B0
:10FF200008310D98B5EE408BF1EE10FA00F1FF3676
:10FF300000F05F81013301353244072BCDE92532D2
:10FF40000D604E6000F3498108311298486001331A
:10FF50000244072B1CA8CDE925320860B8DC01F16A
:10FF60000807FFF7FABB07990F9324AA504603F03E
:10FF7000BDFB002884D1269A0F9B27AFFFF7D4BB87
:10FF800007990F9324AA504603F0B0FB00287FF492
:10FF900077AF269A0F9B27AFFFF7B5BB102D259B98
:10FFA00041F3D580A046DDF81C90234C102604E0D8
:10FFB000103D102D07F1080715DD01331032072B16
:10FFC000C7E90046CDE92532F2DD24AA494650466C
:10FFD00003F08CFB00287FF453AF103D102DDDE9BA
:10FFE000253227AFE9DC21464446884601332A44BE
:10FFF000072BC7E90085CDE925327FF7B7AB079915
:02000004600397
:1000000024AA504603F072FB00287FF439AF269AE9
:10001000FFF7ACBB049950AA521B91424FF000036A
:10002000B8BF1146CDE90B3308930A9202910E93A3
:10003000FFF74FBB407200208C6C002019980028FD
:1000400040F300840B9B0D998B42A8BF0B46002BFD
:1000500098460ADD1A44C7E90053259B26920133CE
:10006000072B259300F3B48708370B9EB8F1000FD8
:10007000A8BFA6EB0806002E00F3AB820B9B1BF477
:10008000806F03EB050940F0CA82199B0D998B42E2
:1000900003DB1BF0010F00F07D85109911980A44D5
:1000A000C7E900012599269201310729259100F31E
:1000B0009B8708370D996E18A6EB0906CD1AAE423C
:1000C000A8BF2E46002E0BDD259BC7F800900133FC
:1000D0003244072B7E602692259300F3D38708379E
:1000E000002EA8BFAD1B002D7FF737ABB949259B6C
:1000F0000F91102D40F31184A146DDF81C801026CD
:100100000C4604E00837103D102D40F30584013300
:100110001032072BC7E90046CDE92532F2DD24AACB
:100120004146504603F0E2FA00287FF4A9AEDDE92B
:10013000253227AFE7E72599102E404640F3618727
:100140000F943A46A846079CA34D1F4604E0103E74
:10015000102E02F1080216DD01311030102307299C
:10016000CDE9251015605360F1DD24AA21465046E3
:1001700003F0BCFA00287FF483AE103E102EDDE9B8
:10018000251027AAE8DC3B460F9C17462A46454621
:10019000904601F1010C3218BCF1070FCDE925C2E0
:1001A000C7F800807E6000F336839DF85F10083743
:1001B000002940F0F880002B3FF4B9AA0B46FFF766
:1001C000A5BA1BF0010F7FF498AE0120072BCDE9F3
:1001D00025323D6078607FF7B8AE079924AA504673
:1001E00003F084FA00287FF44BAEDDE9253227A91D
:1001F000ABE60D9801287FF7A8AE112875480F903F
:1002000040F3B783A046079F1025044604E0083159
:10021000103E102E40F3AC8301331032072BC1E99E
:100220000045CDE92532F2DD24AA3946504603F0D7
:100230005DFA00287FF424AEDDE9253227A9E7E73F
:10024000079924AA504603F051FA00287FF418AE0B
:10025000269A27AFFFF771BA2D238DF85F30049BE4
:10026000764268EB4808002BFFF643AD0A2E78F182
:1002700000032BF0800BFFF441AD0294CDF82890E1
:1002800050A9DDF8509008974FF0000C0BF48064F3
:1002900026E016EB0803514843F10003A0FB0320BE
:1002A00020F0030202EB90029B1AF31A4B484FF026
:1002B000CC32B646474602FB03F268F1000800FB69
:1002C0000822A3FB0063BEF10A0F13444FEA56064F
:1002D00077F10007294646EAC3764FEA53082DD343
:1002E0003E4D16EB080343F10003A5FB032020F06D
:1002F000030202EB90029B1AF31AA3FB053268F18A
:10030000000005FB00225B0843EAC27303EB830392
:10031000A6EB430330330CF1010C01F8013C4D1EF8
:10032000002CB6D099F800306345B2D1BCF1FF0F74
:10033000AFD00A2E78F1000380F0B3830499029CB9
:10034000CDF8509050AB5A1B9142B8BF1146DDF822
:100350002890089F9DF85F30CDF834C00A92029132
:10036000DAE4079924AA504603F0C0F900287FF484
:1003700087ADDDE9253227A9C7E5079924AA5046AC
:1003800003F0B4F900287FF47BADDDE9253227A91D
:10039000C7E51BF0010F3FF4E0A9FFF70FBB09937E
:1003A0002378FFF7CFB81E460023FFF79EB9099ABE
:1003B0000432099909920E684FEAE6789B46434653
:1003C00085E4099B1A1D099B09921B680021FFF710
:1003D000D9BB00BF407200208C6C0020CDCCCCCCAF
:1003E000099A1BF0100052F8043B41F057801BF0B3
:1003F000400100F0A8818DF85F009BB204994FF096
:10040000000841451E46C0F2A9812BF0800B002B4D
:1004100040F0A481049B0992002B3FF43CAC0026E1
:100420006CE45846FFF7A5BB5B4646E4B5EEC08BCF
:10043000F1EE10FA2BF0800B00F11E839DF85F3077
:10044000B9F1470FCCBFA44DA44D002B40F052870B
:100450000322CDE90B3308930A9204930E93029280
:10046000FFF737B91BF0100F40F07C821BF0400FF4
:1004700040F0A7831BF4007F00F07482099A05996D
:10048000126811706BE4964E1BF0200F00F07D8116
:10049000099B073323F007031A46586852F8083BB4
:1004A00009921BF0010140F05C81049A8DF85F1005
:1004B000002AC0F28B8153EA00022BF4906B00F00B
:1004C000948103F00F02B25C8DF83F211B0943EACF
:1004D0000073020953EA10100DF23F150BD003F020
:1004E0000F001B09305C05F8010D43EA0273120985
:1004F00053EA0200F3D1049A50AB4FF0000E5B1B9D
:100500009A42CDE90BEEB8BF1A460A930292CDF893
:1005100020E0CDF838E000293FF4DBA8029BDDE9BC
:1005200025C2023302931BF084039046614604D136
:10053000069E0298361A002E06DCBEF1000F3FF42C
:10054000E5A80226FFF7D1B80223F5E5654E9BE743
:100550004BF0020B0992634E03F00F020221B25CD2
:100560004FF07809B0E7099B1B688DF8DC30012358
:1005700002930A9337ADFFF7A6B9079924AA50460C
:1005800003F0B4F800287FF47BAC269A27AFFFF77E
:1005900022BA049B0895062B28BF062302930A93D0
:1005A0002B460495CDE90B334F4DCDF824800E93A7
:1005B000FFF78FB840215046FAF788FE079B186076
:1005C0001861002800F06087079A40235361FEF706
:1005D00083BF102E259B40F32E874448DDF81C80F6
:1005E0000F9039464FF01009074604E00831103EDD
:1005F000102E40F32B8201331032072BC1E9007912
:10060000CDE92532F2DD24AA4146504603F06EF8CA
:1006100000287FF435ACDDE9253227A9E7E70D9BFB
:10062000DDF83880CDF83CB0EB1804930C9BDDF876
:100630001CB00B94002B4E463946DDF85090159FA8
:100640000E9531DDB8F1000F40F32B8108F1FF3832
:100650002598139B01303A440728C1E900372692B8
:10066000259000F39F800831049B99F800009D1BA2
:100670008542A8BF0546002D0CDD259801302A448F
:100680000728C1E900652692259000F35E8199F85C
:1006900000000831002DACBF441B0446002C14DCC4
:1006A00006440C9B002BCDDCB8F1000FCEDCDDE95D
:1006B0000D35EB189E42CDF850900B9CDDF83CB008
:1006C000B1460F4628BF9946DFE4102C2598074B0A
:1006D0002BDD10250A9310E0985B00202C5D002094
:1006E000485C00205C5C0020705C002040720020B0
:1006F000103C102C01F1080116DD0130AE4B103218
:100700000728C1E90035CDE92502F1DD24AA5946C3
:10071000504602F0EBFF00287FF4B2AB103C102CE7
:10072000DDE9250227A9E8DC0A9B0B6001302244A1
:100730000728CDE925024C6000F3588399F80000A2
:1007400008310644ADE71BF4007840F0328204998A
:100750008DF85F8000291E46BFF657AE0992FFF75D
:10076000C8BA53EA000237D030228DF86020002248
:100770008DF85F20049A8DF86190002A23DB2BF41A
:10078000906242F0020B02219BE6099A1BF0100FC7
:1007900052F8043B099214D11BF0400F0DD09BB2CC
:1007A00000207EE624AA5946504602F09FFF00280A
:1007B0007FF466AB269A27A956E71BF4007F40F02A
:1007C000F58100206DE64BF0020B022103F00F02D1
:1007D0002BF4806BB25C77E6049B00218B428DF892
:1007E0005F10C0F241812BF4906B049A002A00F054
:1007F000CB80012A33788DF83F31B8BF0122002326
:1008000002920122CDE90B3308930A920E930DF266
:100810003F15FEF75EBF07990F9324AA504602F0DA
:1008200065FF00287FF42CAB9DF85F10269A0F9B84
:10083000002900F0AC801E46DDF894C0034627AFC7
:10084000FEF753BF259B5D49396001330132012119
:10085000072B26922593796000F37C8108370028C6
:100860007FF41CAB0D990BF001030B433EF475AF05
:10087000109B11991A44C7E90013259B2692013356
:10088000072B259300F31C8207F10801FFF717BB24
:10089000049B0A93CDE90B330E93089350ADFEF7FA
:1008A00018BF0C9B013B09F1FF390C93D0E6079967
:1008B00024AA504602F01AFF00287FF4E1AA269AE3
:1008C00027AFFFF776B80822002122A81B95FDF775
:1008D00087F9049B002B7DDB00260294CDF8208055
:1008E000344698460EE037A95046FEF7A1FD411C5C
:1008F000204400F09484404509DC06F1040600F031
:10090000008504461B9A925922AB002AEBD10A9427
:10091000DDF82080029C6AE04C4601330F99396073
:100920002A44072B7D60CDE925327EF715AFFFF70E
:10093000CFBA079924AA504602F0D8FE00287FF4C7
:100940009FAA269A27AFFEF7F2BE24AA5946504620
:1009500002F0CCFE00287FF493AA99F80000269AB2
:1009600027A997E6099A059912681160FFF7F7B968
:10097000444601330F9808603244072BCDE92532F5
:100980004E607FF7E1AA28E4049BFFF784B9002BAF
:1009900000F00981DDF894C00B4627AFFEF7B6BE24
:1009A0001BF4007F16BF46F3C0184FEAE67876B214
:1009B0004346FFF78CB900BF40720020C0400020C2
:1009C0001BF4007100F0F980DBB209925846002157
:1009D000FFF7D8B822AB009300231BAA1946504654
:1009E000FEF74EFD0A90013000F019841B950A9B1A
:1009F000002B00F09F80632B00F34C8100230893B1
:100A000037AD0822002122A8FDF7EAF80A9E22ABA2
:100A100000931BAA334629465046FEF731FD864215
:100A200040F042850A9A0023AB5422EAE272029215
:100A30009DF85F20049312B1029A01320292CDE92F
:100A40000B33CDF824800E93FEF743BE0F460133DF
:100A50000F9939603244072BCDE925327E6000F3CF
:100A600023810837FFF70ABB33788DF83F312BF429
:100A7000806B0DF23F153EE52D238DF85F30B9F107
:100A8000470F4FF000030893049340F3E6800322DE
:100A9000964D0A92CDE90B330E9304230293FEF791
:100AA00018BE159A1399AD1A2846FDF781F999F8E1
:100AB00001300BB109F101098D4A16EB080343F12E
:100AC0000003A2FB030727F0030000EB97001B1AAB
:100AD000F31A4FF0CC3168F1000803FB01F102FB7F
:100AE0000811A3FB023001445B0843EAC1764FEAD8
:100AF000510816EB080343F10003A2FB031020F09A
:100B0000030101EB90015B1AF31AA3FB023168F1B8
:100B100000005B0802FB001243EAC27303EB83038D
:100B2000A6EB4303303305F8013C4FF0010C013DC7
:100B3000FFF7F8BB9DF85F30CDF82480003B18BF6D
:100B4000012302930A9B0493CDE90B330E93089380
:100B5000FEF7BFBD079924AA504602F0C7FD002842
:100B60007FF48EA91998269A27AF78E69DF85F3012
:100B700002920A9250ADFFF7CFB8049B0992CDE9DB
:100B80000A330E930C93029350AD4FF078099E46B2
:100B90000893C3E46E18A6EB0906CD1AAE42A8BFAF
:100BA0002E46FFF79DBA27AFFEF7C1BDDBB200208E
:100BB00077E48DF85F10DBB220E409925846FEF727
:100BC000E1BF099A059912681180FFF7C8B822ABF6
:100BD00001931BAB0093B0EE470B049A19AB0221B3
:100BE00050468DED027B02F0B1FF9DED027B054684
:100BF0001BF0010F40F05582229B5A1B199B0D924E
:100C0000D81C0B93C0F2018204999942C0F20B8167
:100C10009A4200F392820B9B0A931BF4806F03D0DD
:100C20000B9B002B00F32D830A9B23EAE373C3463F
:100C300002934FF0670900230E930C930BF002010F
:100C4000002E00F0CA804FF02D0E8DF85FE0029B61
:100C500001330293002304935DE40322254D0A929D
:100C600018E72846FDF766FD9DF85F300A9020EAF8
:100C7000E0720292002B3EF40CAFFEF708BF079C17
:100C800024AA2146504602F031FDA38903F0400317
:100C9000FEF7F6BC591C5046FAF718FB054600282B
:100CA00000F0F6830890ACE6079924AA504602F0BB
:100CB0001DFD00287FF4E4A8269A27AFFFF7DEB9D0
:100CC000079924AA504602F011FD00287FF4D8A805
:100CD000DDE92532199827A9FFF7EEB8002308931C
:100CE000062304934BF48078FEF787BD985B0020C1
:100CF000CDCCCCCC2C5D0020049B01330D93022184
:100D000022AB01931BAB0093B0EE470B19AB0D9ACE
:100D100050468DED027B02F019FF0D9B29F0200C4F
:100D2000BCF1460F9DED027B054600EB030100F090
:100D30009880B5EE407BF1EE10FA00F0D882229B4D
:100D4000994288BF4FF0450C40F2CF8230205A1CA8
:100D500022921870229B8B42F9D35B1B0D93BCF13E
:100D6000470F199B0B9356D0BCF1460F00F08F80B4
:100D70000B9B8DF87090013B002B1993C0F24C81B6
:100D80002B22092B8DF8712000F34F8130228DF832
:100D900072200DF17302303302F8013B1CABD31A01
:100DA00012930D9B129A012B1A440A9240F341822E
:100DB0000A9B109A13440A930A9A2BF4806343F413
:100DC000807B22EAE2720023CDE90B330E9302927C
:100DD00034E7049B0D93032192E79DF85FE0BEF199
:100DE000000F7FF434AF0496FFF795BB24AA594651
:100DF000504602F07BFC00287FF442A899F80000DE
:100E0000269A27A906444CE4199B0B934B1BBCF173
:100E1000470F0D933BD10B9B0333C0F2F680049B2D
:100E20000B9A93420FDA0B9B013BA9F10209002BAD
:100E30008DF870901993A3DA0B9B2D22C3F1010357
:100E40008DF87120A2E70D9B0B9A934200F37581F8
:100E50001BF0010F0B9B00F0B282109A13440A930F
:100E6000DBE62B78302B00F06182199B1944B5EE3C
:100E7000407BF1EE10FAC7D0229B8B42FFF466AFA5
:100E80005B1B0D93BCF1470F199B0B93C3D00B99C0
:100E9000049A0BF00103002943EA020340F3CF82D6
:100EA000002B40F01A820B9B0A934FF066091BF44B
:100EB000806F40F0E8810A9B23EAE373C346029304
:100EC000B9E647F63003ADF86030049B632B4BF076
:100ED000020B00F35C8118EE903A002BC0F23B81CC
:100EE000B0EE480B19A802F039FDB4EE007B20EEFD
:100EF000077BB5EE407BF1EE10FA40F04082012313
:100F00000026199337AD0896AE480499B3EE004B0E
:100F10002B4606E0B5EE407BF1EE10FA00F00F82B2
:100F2000114627EE047BFDEEC76B4A1E16EE90CAF3
:100F300010F80CE0B8EEE65B9C4637EE457B03F814
:100F400001EB0029E6D1B6EE005BB4EEC57BF1EE15
:100F500010FA08DCB4EE457BF1EE10FA1ED116EE65
:100F6000902AD2071AD5CDF888C013F8011C90F842
:100F70000FC08C451A460AD14FF0300E02F801EC32
:100F8000229A511E229112F8011C6145F6D039298E
:100F900016BF0131817AC9B202F8011C199A5B1B94
:100FA0000D93B9F1610F02F1FF33199300F01F8225
:100FB00050214FF04109002B8DF87010C0F20E82C5
:100FC0002B22092B8DF871202FDC0DF17202E2E645
:100FD000079924AA504602F089FB00287EF450AFFE
:100FE000269A27AFFFF741B8079924AA504602F086
:100FF0007DFB00287EF444AF199B269A27AFFFF7AC
:1010000059B8DFF8CC81FFF7C4B80B9BA9F10209EE
:10101000013B8DF8709019930B9A2D238DF8713048
:10102000C2F101030832BFF6B1AE0DF17F0CDFF85B
:10103000A4E162461046AEFB0312D20802EB820125
:10104000A3EB41013031632B00F8011C134600F182
:10105000FF32EFDC303302F8013C831E634580F041
:10106000C8810DF1710213F8011B02F8011F6345DD
:10107000F9D103F5A0736B44CC3B1B1A1CAA9B1A35
:1010800012938EE6079924AA504602F02FFB0028FF
:101090007EF4F6AE199D0D9B269A5D1B27AFFFF7D8
:1010A0001FB8049B4FF0470CE918E0E600230C46FC
:1010B0000493FEF749BA45F63003ADF86030049B5F
:1010C000632B4BF0020B62DC18EE903A002B42DBF4
:1010D000B0EE480B19A802F041FCB4EE007B20EE04
:1010E000077BB5EE407BF1EE10FA01D10123199395
:1010F00000263548089637AD07E74642103033489A
:101100000F9052DA1027804603E00831103E102E6F
:101110004BDD01331032072BC1E90087CDE92532C1
:10112000F3DD079924AA504602F0E0FA00287EF485
:10113000A7AEDDE9253227A9E8E70D9B109A9A189A
:101140000B9B0A92002B79DD4FF06709AFE6DFF8C1
:101150008080FEF74BBF0023089337AD2D26B1EEFC
:10116000487BB0EE470B19A802F0F8FBB4EE007B09
:1011700020EE077BB5EE407BF1EE10FA04BF0123B1
:101180001993B9F1610F3FF4BFAE0F48BDE6049B60
:101190005046591CFAF79AF80546002800F03D81A0
:1011A00008904BF48078FEF728BB01330F98086055
:1011B0003244072BCDE925324E6000F3028108311D
:1011C000FEF77DBE5C5C0020485C00204072002081
:1011D0008C6C0020CDCCCCCC049A002A00F0D480BA
:1011E000002BC0F22481B0EE487B002622AB019395
:1011F0001BAB0093B0EE470B19AB049A022150468B
:101200008DED027B02F0A2FC00239DED027B0546E2
:101210000893EDE42D26B1EE487BFEF7F6BA079B66
:101220009B890022089243F04003079A9381FEF7BE
:1012300027BE1BF0010F3FF4BFADB9E5C3F10103B9
:101240001A4422EAE273C3460A9202934FF06709F6
:10125000F1E418EE903A13F000432BF0800B0B935F
:1012600000F09A802D238DF85F30B9F1470F4FF0D1
:1012700000030893049340F3F8800322944D0A92EC
:1012800008E44FF0670914990B78FF2B00F0F88001
:1012900000200B9A0E90844603E001300131FF2BB1
:1012A00009D0934207DAD21A4B78002BF5D10B788C
:1012B0000CF1010CF3E7CDE90B201491CDF838C007
:1012C0000C9A0E9B159913440A9A01FB03230A9367
:1012D00023EAE373C3460293B0E4109B02EB0109D7
:1012E0004B440A934FF06609E1E55B1B0D93199B94
:1012F0000B933DE50023032208930A920493FFF722
:10130000C9BB049B029CDDF820800A93FFF76FBBEA
:10131000CDF824801BB3049B0A935A1C02920490BC
:101320000E900C904FF07309FEF7D3B9B5EE407BE9
:10133000F1EE10FA1ED1199B0B93194466E5002AB1
:101340000491FFF62BAE0499302001EB030C1946F3
:1013500001F8010B6145FBD11A44531C1EE6049BA6
:101360000A930293089B0E930C9304934FF0730916
:10137000FEF7AFB90D9BC3F10103199376E5002683
:101380005448089637ADC0E5934273DBB0EE487B16
:101390000123049E049329E79DF85F30B9F1470FBC
:1013A000CCBF4B4D4C4D002B40F086800322049364
:1013B0000A920E930C9308930292FEF78AB90A934D
:1013C0002BE4079924AA504602F090F900287EF4F5
:1013D00057ADDDE9253227A9FEF771BD2D238DF824
:1013E0007130C2F101030832FFF61FAEEDE5702146
:1013F000E1E502231293D4E4CDE90B3308930E9375
:10140000FEF767B9099A63780C4652F8041B0992F3
:1014100041EAE1710491FEF795B8079A938943F088
:10142000400393814FF0FF330593FEF72CB92D262F
:10143000B1EE487BDAE629490F91FFF708BBC346B6
:1014400033B9012302934FF066090A93FFF7F3BB08
:10145000109B03F10109049B4B440A9323EAE373B5
:1014600002934FF06609FFF7E6BB03221A4D0A927A
:10147000FFF710BB01232D260493B1EE487BB5E6A0
:1014800000230E930C931BE70C23CAF80030C9E726
:10149000079B08909B8943F04003C6E65946FEF738
:1014A000C2BB5846FEF78FBF079B9B8943F04003A2
:1014B000BBE65B46FEF77DBF002304930E930C93BF
:1014C000089303230A9304230293FEF702B900BF93
:1014D000945B00205C5C0020305D002040720020A6
:1014E000000000002DE9F04F2DED028BD1B09046A9
:1014F00004911C4682460993FCF7AEFE03681193E3
:101500001846FDF717F908221090002120A8FCF7D3
:1015100067FBBAF1000F04D0DAF83430002B01F089
:10152000AF81049B5A6EB3F90C30D70740F14C855C
:101530009E0400F1C886049943F4005322F400523B
:101540008B814A66950401F1F387049BB3F90C3053
:101550001A0740F11185049A1269002A00F00C85DF
:1015600003F01A020A2A00F0168500239FED8D8BE6
:10157000CDE92533CDE9143327AA0D9324921746DC
:1015800012931393069345462C46884BD3F8CC61AF
:10159000FCF75CFE20AA034600921AA92246504698
:1015A000B047002800F0FD83C0F2F2831A9A252A82
:1015B000034601D01C44E8E7B4EB0508064640F0BA
:1015C000F48300234FF0FF328DF85F309B46079382
:1015D00001342378059201349946A9F120035A2B4E
:1015E0005CD8DFE813F0E2025B005B00DE025B0028
:1015F0005B005B00C1025B005B00230232025B0008
:101600002E02A4025B00A002D000D000D000D000C7
:10161000D000D000D000D000D0005B005B005B00A9
:101620005B005B005B005B00E5005B002C014E0390
:10163000E500E500E5005B005B005B005B009C02F1
:101640005B005B0043025B005B005B00EE015B0044
:10165000A3035B005B00E8075B005B005B005B00D3
:101660005B005B005B005B00E5005B002C01170189
:10167000E500E500E5004403170113015B003A03B0
:101680005B000003EC020F0313015B00EE0111018C
:101690006E035B005B004B085B001101B9F1000FAA
:1016A00000F095830023CDE90B3301228DF8DC9007
:1016B0008DF85F3008930A9205930E9337AD02922E
:1016C000269A1BF08403904600F0DA809DF85F10A4
:1016D00009B3DDF894C000260CF1010101200132AC
:1016E000786007290DF15F00CDE92512386000F31D
:1016F000758408377EB1DDF894C00CF1010118A89B
:101700000232386007294FF00200CDE925127860D7
:1017100000F372840837802B00F06383059B0A99DD
:101720005E1A002E00F3BD801BF4807F40F0F6802F
:101730000A9B7B601A44259B3D600133072B269250
:10174000259300F3C58308371BF0040F05D0079BD2
:1017500002995D1A002D00F35D84DDE906310298DF
:101760008142ACBF5B181B180693002A40F07583BA
:1017700000232593089B1BB108995046FDF7EAF812
:1017800027AF254600E7A9F13003002214F8019B9A
:1017900002EB820203EB4202A9F13003092BF5D9D7
:1017A00007921AE70000000000000000907B002074
:1017B000099B073323F00703B3EC028B9FEDA57B56
:1017C000B0EEC86BB4EE476BF1EE10FA099340F33C
:1017D000E585B5EEC08BF1EE10FA2BF0800B01F130
:1017E000BA839DF85F30B9F1470FCCBF9B4D9C4D3C
:1017F000002B41F030860322CDE90B3308930A9287
:1018000005930E9302925BE72378E4E623784BF08E
:10181000200BE0E61BF0200F40F01586099A1BF024
:10182000100F52F8046B41F015871BF0400F09921E
:1018300001F0E48046F3C038434636B231E2B9F1F4
:10184000430F00F051871BF0100F40F04D87099BAC
:101850001B688DF8DC30012302930A9337AD099B96
:10186000269A043309930023CDE90B338DF85F30BA
:10187000089305930E931BF0840390467FF426AFE4
:101880000799029E8E1B002E00F3A5849DF85F1021
:1018900000297FF41EAF059B0A995E1A002E7FF780
:1018A00043AF7049259B0F91102E27DD39464FF02D
:1018B000100837462E462546049C04E0103F102FA2
:1018C00001F1080116DD013366481032072BC1E92A
:1018D0000008CDE92532F1DD24AA21465046FBF768
:1018E000AFFB002840F0C182103F102FDDE9253208
:1018F00027A9E8DC2C4635463E460F4601330F99B2
:1019000039603244072BCDE925327E6000F3CF8465
:101910001BF4807F07F108073FF40AAFB9F1650FA8
:1019200040F3E082B5EE408BF1EE10FA40F0BE835A
:10193000259B4D493960013301320121072B269245
:101940002593796000F3A1870837199B0D998B4285
:1019500080F2BE84109B11991A44C7E90013259B9D
:1019600026920133072B259300F3A18608370D9BA0
:101970005D1E002D7FF7E8AE3A49259B0F91102D93
:1019800040F3EE87A146DDF8108010260C4604E0F7
:101990000837103D102D40F3E28701331032072B3A
:1019A000C7E90046CDE92532F2DD24AA414650467A
:1019B000FBF746FB002840F05882DDE9253227AFCF
:1019C000E7E7DDF8248058F8045B00238DF85F30EA
:1019D000002D00F07886B9F1530F00F062871BF0FC
:1019E00010030B9340F05D87059B002BC1F23F81F4
:1019F0001A460B992846FCF74DFE9DF85F3008907B
:101A0000002801F0F184089A521B0A9222EAE2723D
:101A100002920BB1013202920B9BCDF82480059308
:101A20000E930C9308934FF0730949E6099B53F802
:101A3000042B0792002A80F25184079A099352429C
:101A4000079223784BF0040BC5E52B238DF85F300C
:101A50002378C0E5FFFFFFFFFFFFEF7F985B0020CB
:101A60002C5D002050720020C04000201BF0200F91
:101A70004BF0100000F08384099B073323F0070329
:101A80001A46596852F8083B099200228DF85F20E7
:101A9000059A002A18DB53EA010220F4906B15D155
:101AA000059A9AB910F001031A46029300F0DF86F6
:101AB00030238DF83F31059B0A92CDE90B330E930D
:101AC00008930DF23F15FBE520F4806B50AD03F059
:101AD0000702DB0843EA4173C908303253EA0106C2
:101AE000284605F8012DF2D11BF0010F00F04181CD
:101AF000302A00F03E813023059905F8013C023878
:101B000050AB1B1A99424FF00002B8BF1946CDE9FD
:101B10000B2208920A93054602910E92D0E5237893
:101B20004BF0080B57E523784BF0800B53E521462B
:101B300011F8019BB9F12A0F01F05D85A9F130037D
:101B4000092B98BF002201F24E8311F8019B02EB92
:101B5000820203EB4202A9F13003092BF5D942EAD4
:101B6000E27305930C4638E55046FCF775FB436875
:101B700013931846FCF7DEFD159006465046FCF719
:101B80006BFB826823781492002E3FF424AD002A68
:101B90003FF421AD1278002A3FF41DAD4BF4806B69
:101BA00019E523784BF0010B15E59DF85F202378AC
:101BB000002A7FF410AD20228DF85F200BE51BF08A
:101BC000200F40F0F584099A1BF0100F52F8043BE7
:101BD00041F03D851BF0400F00F01B879BB209923E
:101BE0005846002151E7099A1BF0200F02F1040327
:101BF00000F0B483126806991160C9175160099307
:101C00002546C1E4099A059E52F8041B002047F6B8
:101C100030038642ADF860308DF85F000B46C0F2AD
:101C20002F852BF0800545F0020B002940F02A8516
:101C3000002E00F0448730238DF83F3101230C91B2
:101C4000099202960DF23F154FF078090B918E46DE
:101C50000E9108910A9300F0F9BC23786C2B03BF16
:101C600063784BF0200B01344BF0100BB3E4237876
:101C7000682B03BF63784BF4007B01344BF0400BBF
:101C8000A9E41BF0200F4BF0100300F0FF83099A2A
:101C9000073222F007029B46536852F8086B0992FC
:101CA0009846002BC0F2FE83059A002A1FDB56EAF5
:101CB00008032BF0800B1AD1002A00F0B3863026DF
:101CC0001BE01BF0200F00F0C0835946099B07332F
:101CD00023F0070200238DF85F30059BD2F80480C3
:101CE00052F8086B0992002B80F2FC828B460A2E78
:101CF00078F1000380F0E7833036059A9DF85F3075
:101D00008DF83F61012AB8BF0122029201220A9296
:101D10000DF23F15002B01F05A84029B0133029310
:101D20000023CDE90B3308930E93C9E41BF0200F79
:101D30004BF01001CAD1099B1A1D099B05981B681D
:101D40004FF0000840458DF85F801E46C1F2FF80CD
:101D500021F0800B002B40F0E9840992002840F02C
:101D60009383CDE90B000A900E900290089050AD3D
:101D7000A6E4059950AA521B91424FF00003B8BF48
:101D80001146CDE90B3308930A9202910E9397E422
:101D90000822002120A8FBF723FF01231C44FFF7A2
:101DA000F4BBB4EB0508064611D02599269B0131FA
:101DB00043440729C7E900582693259100F3D380AF
:101DC0000837069B43440693002E7FF4FAAB269B0C
:101DD000002B40F09E86049B0022B3F90C30259224
:101DE0004CE0079B02995E1A002E7FF797ACAD4935
:101DF000259B0F91102E24DD38464FF010082F46FA
:101E000019462546A74C04E0103E102E00F10800AC
:101E100013DD013110320729C0E90048CDE9251250
:101E2000F2DD049924AA5046FBF70AF9E8B9103EFE
:101E3000102EDDE9251227A8EBDC2C460B463D468B
:101E4000074601330F9939603244072BCDE925321B
:101E50007E6000F32084083760E4049924AA504689
:101E6000FBF7EEF800283FF483AC089B1BB1089900
:101E70005046FCF76FFD049BB3F90C30049A526E88
:101E8000D00702D49A0540F1D3845B0601F14B835D
:101E9000069851B0BDEC028BBDE8F08F109B1199F4
:101EA0001A44C7E90013259B26920133072B25937B
:101EB00000F3F08607F108010028C1F2C0810D98F7
:101EC0000D6001330244072BCDE92532486046DD21
:101ED000049924AA5046FBF7B3F80028C5D1269AE6
:101EE00027AF31E40D98259B012802F1010203F18F
:101EF000010307F1080140F356810120072BCDE9CA
:101F000025323D60786000F342841098119E0133C1
:101F10000244072BC1E90060CDE9253200F32A8491
:101F200008310D98B5EE408BF1EE10FA00F1FF3656
:101F300000F09681013301353244072BCDE925327B
:101F40000D604E6000F33B81083112984860013308
:101F50000244072B1CA8CDE925320860B8DC01F14A
:101F60000807FFF7F1BB049924AA5046FBF768F86D
:101F7000002880D127AF24E7049D50462946FBF76F
:101F8000B7FC002841F0C882B5F90C3003F01A0202
:101F90000A2A7FF4EAAA0499B1F90E20002AFFF672
:101FA000E4AA4A6ED60702D49D0540F181860499C1
:101FB00023464246504601F059FB0690069851B020
:101FC000BDEC028BBDE8F08F98055FD599047FF5D5
:101FD000B2AA97047FF5BCAA01F0ACBA04990F939A
:101FE00024AA5046FBF72CF800287FF43EAF269A2F
:101FF0000F9B27AFFFF77EBB04990F9324AA50468F
:10200000FBF71EF800287FF430AF269A0F9B27AF0E
:10201000FFF781BB102D259B41F30D81A046DDF814
:102020001090214C102604E0103D102D07F10807F8
:1020300015DD01331032072BC7E90046CDE9253203
:10204000F2DD24AA49465046FAF7FAFF00287FF449
:102050000CAF103D102DDDE9253227AFE9DC21461C
:102060004446884601332A44072BC7E90085CDE959
:1020700025327FF772AB049924AA5046FAF7E0FFA5
:1020800000287FF4F2AE269AFFF767BB049DA86D87
:10209000FCF77CF9B5F90C306A6E9E043FF552AA44
:1020A000FFF749BA507200209C6C00201998002854
:1020B00040F32F810B9B0D998B42A8BF0B46002B41
:1020C00098460ADD1A44C7E90053259B269201333E
:1020D000072B259300F3D48708370B9EB8F1000F28
:1020E000A8BFA6EB0806002E00F35A840B9B1BF436
:1020F000806F03EB050940F03D86199B0D998B42DB
:1021000003DB1BF0010F00F0E784109911980A44DB
:10211000C7E900012599269201310729259101F38C
:10212000148008370D996E18A6EB0906CD1AAE4239
:10213000A8BF2E46002E0BDD259BC7F8009001336B
:102140003244072B7E602692259301F35680083790
:10215000002EA8BFAD1B002D7FF7F6AA8C49259B4A
:102160000F91102D40F3FC83A146DDF8108010265E
:102170000C4604E00837103D102D40F3F083013386
:102180001032072BC7E90046CDE92532F2DD24AA3B
:1021900041465046FAF754FF00287FF466AEDDE969
:1021A000253227AFE7E71BF0010F7FF4A6AE012031
:1021B000072BCDE925323D6078607FF7C6AE0499E4
:1021C00024AA5046FAF73CFF00287FF44EAEDDE922
:1021D000253227A9B9E62599102E404640F3FF87FE
:1021E0000F943A46A846049C6A4D1F4604E0103EF0
:1021F000102E02F1080216DD0131103010230729DC
:10220000CDE9251015605360F1DD24AA2146504622
:10221000FAF716FF00287FF428AE103E102EDDE9F5
:10222000251027AAE8DC3B460F9C17462A46454660
:10223000904601F1010C3218BCF1070FCDE925C21F
:10224000C7F800807E6000F3FB829DF85F100837BE
:1022500000295AD1002B3FF461AA0B46FFF74DBA73
:102260000D9801287FF771AE112849480F9040F36F
:102270008C83A046049F1025044604E00831103EDC
:10228000102E40F3818301331032072BC1E9004542
:10229000CDE92532F2DD24AA39465046FAF7D0FEC0
:1022A00000287FF4E2ADDDE9253227A9E7E70499AC
:1022B00024AA5046FAF7C4FE00287FF4D6AD269A29
:1022C00027AFFFF731BA95047FF542A901F02BB98A
:1022D0001BF0010F3FF438AAFFF73CBB09932378AA
:1022E000FFF779B956EA080321F0800B7FF4FFACC1
:1022F000059B002B40F0C880CDE90B330A930E9369
:102300000293089350ADFFF7DBB91E460023FFF799
:10231000E3B9259B20493960013301320121072BA4
:1023200026922593796000F36086083700287FF4B1
:10233000B5AD0D990BF001030B433FF405AA109BBB
:1023400011991A44C7E90013259B26920133072BE4
:10235000259300F39F8407F10801B0E51BF0100FEF
:1023600040F00A831BF0400F40F0C5831BF4007F50
:1023700000F00283099A0699126811703FE4099BE4
:102380001A1D099B09921B680021FFF77EBB00BF45
:10239000507200209C6C0020C0400020B4EE488B9E
:1023A000F1EE10FA80F1FA87B9F1610F00F0A8861A
:1023B000B9F1410F00F0B783059B013300F0CB87E3
:1023C000B9F1670F18EE903A4BF4807800F07A87F5
:1023D000B9F1470F00F076870023089318EE903A82
:1023E000002BC0F26A87B0EE487B0026A9F14103BA
:1023F000252B00F21E83DFE813F08A071C031C0361
:102400001C036004B1041C031C031C031C031C03F9
:102410001C031C031C031C031C031C031C031C03C4
:102420001C031C031C031C031C031C031C031C03B4
:102430001C031C031C031C031C038A071C031C0332
:102440001C036004B1045B4621E4099A1BF01000F0
:1024500052F8043B41F0DA801BF0400100F05B8150
:102460008DF85F009BB205994FF0000841451E466C
:10247000C0F25C812BF0800B002B40F05781059B54
:102480000992002B3FF438AF002635E4099A043254
:10249000099909920E684FEAE6789B464346002B5D
:1024A000BFF602AC2D238DF85F30059B764268EBBA
:1024B0004808002BFFF61BAC0A2E78F100032BF026
:1024C000800BFFF419AC0294CDF8289050A9DDF8E8
:1024D000509008974FF0000C0BF4806426E016EB48
:1024E0000803B94843F10003A0FB032020F00302D6
:1024F00002EB90029B1AF31AB3484FF0CC32B64667
:10250000474602FB03F268F1000800FB0822A3FB28
:102510000063BEF10A0F13444FEA560677F1000735
:10252000294646EAC3764FEA53082DD3A64D16EB4B
:10253000080343F10003A5FB032020F0030202EB94
:1025400090029B1AF31AA3FB053268F1000005FB09
:1025500000225B0843EAC27303EB8303A6EB430349
:1025600030330CF1010C01F8013C4D1E002CB6D0AB
:1025700099F800306345B2D1BCF1FF0FAFD00A2EFD
:1025800078F1000380F09A840599029CCDF8509070
:1025900050AB5A1B9142B8BF1146DDF82890089FF6
:1025A0009DF85F30CDF834C00A920291FFF7B2BBBC
:1025B0005846FFF761BA854E1BF0200F00F0CD8022
:1025C000099B073323F007031A46586852F8083B63
:1025D00009921BF0010140F0AC80059A8DF85F1064
:1025E000002AC0F2EA8053EA00022BF4906B00F05C
:1025F000FC8003F00F02B25C8DF83F211B0943EA17
:102600000073020953EA10100DF23F150BD003F0CE
:102610000F001B09305C05F8010D43EA0273120933
:1026200053EA0200F3D1059A50AB4FF0000E5B1B4A
:102630009A42CDE90BEEB8BF1A460A930292CDF842
:1026400020E0CDF838E000293FF43AA8029BDDE90C
:1026500025C2023302931BF084039046614604D1E5
:10266000079E0298361A002E06DCBEF1000F3FF4DA
:1026700044A80226FFF730B80223ADE5544E9BE78D
:102680004BF0020B0992524E03F00F020221B25C92
:102690004FF07809B0E7049924AA5046FAF7D0FC25
:1026A00000287FF4E2AB269A27AFFFF737B80499EA
:1026B00024AA5046FAF7C4FC00287FF4D6AB269A29
:1026C00027AFFFF754B9059B0895062B28BF0623B3
:1026D00002930A932B460595CDE90B333D4DCDF87A
:1026E00024800E93FEF7ECBF0822002122A8FBF7FE
:1026F00077FA099A37AD126822AB29465046FCF7A3
:1027000097FE0A90013000F086800A9B23EAE3736B
:102710000293FFF7A4B81BF4007840F0F681059906
:102720008DF85F8000291E46BFF6A4AE0992FFF720
:10273000DEBA53EA00024FD030228DF8602000222A
:102740008DF85F20059A8DF86190002A32DB2BF41A
:10275000906242F0020B02214BE7099A1BF0100F26
:1027600052F8043B099223D11BF0400F1CD09BB2BE
:1027700000202EE7049924AA5046FAF761FC0028AD
:102780007FF473ABDDE9253227A9FFF7CABB0499B3
:1027900024AA5046FAF754FC00287FF466ABDDE922
:1027A000253227A9FFF7B1BB1BF4007F40F0A081C1
:1027B00000200EE74BF0020B022103F00F022BF476
:1027C000806BB25C18E700BFCDCCCCCC485C00205D
:1027D0005C5C0020705C0020059B00218B428DF822
:1027E0005F10C0F2E9832BF4906B059A002A00F089
:1027F000C980012A33788DF83F31B8BF0122002308
:1028000002920122CDE90B3308930A920E930DF246
:102810003F15FEF755BF0498B0F90C30426E43F0F7
:1028200040018181D00700F17E86990500F17B8609
:10283000049CA06DFBF7ACFDB4F90C30FFF725BB91
:1028400004990F9324AA5046FAF7FAFB00287FF464
:102850000CAB9DF85F10269A0F9B002900F0C680F4
:102860001E46DDF894C0034627AFFEF735BF059B33
:102870000A93CDE90B330E93089350ADFEF720BFBA
:102880005046FAF7ABFDFEF74CBE049924AA504619
:10289000FAF7D6FB00287FF4E8AA269A27AFFFF7BD
:1028A00054B80822002122A81B95FBF799F9059B33
:1028B000002BC0F2738300260294CDF820803446AA
:1028C00098460EE037A95046FCF7B2FD431C204461
:1028D00000F04985404509DC06F1040600F0B485A6
:1028E00004461B9A925922AB002AEBD10A94DDF8D8
:1028F0002080029C0A9B002B00F06783632B40F32F
:10290000BE84591C5046F8F7E1FC0546002800F04B
:10291000888608900822002122A8FBF761F90A9E08
:1029200022AB00931BAA334629465046FCF7A8FD6C
:10293000864240F087860A9A0023AB5422EAE2726C
:1029400002929DF85F20059312B1029A0132029221
:10295000CDE90B33CDF824800E93FEF7B1BE4C4683
:1029600001330F9939602A44072B7D60CDE9253268
:102970007EF7E9AEFFF7ACBA099A069912681160C2
:10298000FFF73DB9059BB7E4444601330F98086053
:102990003244072BCDE925324E607FF7D5AA0EE4ED
:1029A000102E259B40F31086B848DDF810800F905C
:1029B00039464FF01009074604E00831103E102E4A
:1029C00040F3DE8201331032072BC1E90079CDE9F3
:1029D0002532F2DD24AA41465046FAF731FB0028A1
:1029E0007FF443AADDE9253227A9E7E7002B7CD055
:1029F000DDF894C00B4627AFFEF77FBE1BF4007FC7
:102A000016BF46F3C0184FEAE67876B24346FFF7A2
:102A100048B91BF4007174D0DBB20992584600210A
:102A2000FFF733B89DF85F3002920A9250ADFFF77E
:102A300071B922AB01931BAB0093B0EE470B059A23
:102A400019AB022150468DED027B01F07FF89DED20
:102A5000027B05461BF0010F40F0CA83229B5A1BE4
:102A6000199B0D92D91C0B93C0F27C830599994256
:102A7000C0F220839A4200F3D3830B9B0A931BF48A
:102A8000806F03D00B9B002B00F3EB840A9B23EA9F
:102A9000E373C34602934FF0670900230E930C9330
:102AA0000BF00201002E00F05D814FF02D0E8DF82D
:102AB0005FE0029B0133029300230593C3E5059B6E
:102AC0000992CDE90B330E930A93029350AD4FF068
:102AD00078099E460893B9E56E18A6EB0906CD1A4B
:102AE000AE42A8BF2E46FFF733BB27AFFEF716BE98
:102AF000DBB200206DE5099A069912681180FFF794
:102B00007EB809925846FEF7C0BF8DF85F10DBB261
:102B1000A9E4049924AA5046FAF792FA00283FF44F
:102B20005AA9FFF7A8B945F63003ADF86030059B08
:102B3000632B4BF0020B00F3008418EE903A002B4D
:102B4000C0F2DF83B0EE480B19A800F007FFB4EE27
:102B5000007B20EE077BB5EE407BF1EE10FA01D151
:102B60000123199300264A48089637AD0599B3EE1C
:102B7000004B2B4606E0B5EE407BF1EE10FA00F07C
:102B80004384114627EE047BFDEEC76B4A1E16EE0A
:102B900090CA10F80CE0B8EEE65B9C4637EE457B39
:102BA00003F801EB0029E6D1B6EE005BB4EEC57B7D
:102BB000F1EE10FA08DCB4EE457BF1EE10FA1ED10E
:102BC00016EE902AD2071AD5CDF888C013F8011C4A
:102BD00090F80FC08C451A460AD14FF0300E02F81B
:102BE00001EC229A511E229112F8011C6145F6D087
:102BF000392916BF0131817AC9B202F8011C199A2C
:102C00005B1B0D93B9F1610F02F1FF33199300F0D3
:102C1000A48450214FF04109002B8DF87010C0F2B0
:102C200092842B22092B8DF8712000F3AB820DF1D9
:102C30007202303302F8013B1CABD31A12930D9B86
:102C4000129A012B1A440A9240F397830A9B109A16
:102C500013440A930A9A2BF4806343F4807B22EA9C
:102C6000E2720023CDE90B330E93029218E7284657
:102C7000FBF760FD9DF85F300A9020EAE072029257
:102C8000002B3EF4C9AEFEF7C5BE00BF5072002057
:102C9000485C0020049924AA5046FAF7D1F900288C
:102CA0007FF4E3A8DDE92532199827A9FFF704B9D5
:102CB000886DFBF76DFBFFF77AB9059B01330D9328
:102CC000022122AB01931BAB0093B0EE470B19AB73
:102CD0000D9A50468DED027B00F038FF0D9B29F0D8
:102CE000200CBCF1460F9DED027B054600EB030175
:102CF00000F09681B5EE407BF1EE10FA00F06883AB
:102D0000229B8B4238BF4FF0450C80F05F83302010
:102D10005A1C22921870229B8B42F9D35B1B0D9395
:102D2000BCF1470F199B0B9300F0BD81BCF1460F1E
:102D300000F08C810B9B8DF87090013B002B199358
:102D4000C0F217822B22092B8DF8712000F31A8212
:102D500030228DF872200DF173026AE7059B0D9306
:102D60000321AEE79DF85FE0BEF1000F7FF4A1AE56
:102D7000059668E40D9BDDF83880CDF83CB0EB1883
:102D800005930C9BDDF810B00B94002B4E46394692
:102D9000DDF85090159F0E952EDDB8F1000F7ADD0D
:102DA00008F1FF382598139B01303A440728C1E900
:102DB00000372692259063DC0831059B99F80000C6
:102DC0009D1B8542A8BF0546002D0BDD25980130CF
:102DD0002A440728C1E900652692259061DC99F80C
:102DE00000000831002DACBF441B0446002C15DC4C
:102DF00006440C9B002BD0DCB8F1000FD0DCDDE9E1
:102E00000D35EB189E42CDF850900B9CDDF83CB090
:102E1000B1460F4628BF9946FFF76FB9102C259889
:102E2000B44B1FDD10250A9304E0103C102C01F177
:102E3000080116DD0130AF4B10320728C1E900351B
:102E4000CDE92502F1DD24AA59465046FAF7F8F8F3
:102E500000287FF40AA8103C102CDDE9250227A9E0
:102E6000E8DC0A9B0B60013022440728CDE92502EB
:102E70004C6000F3C78099F8000008310644B8E7B9
:102E800024AA59465046FAF7DBF800287EF4EDAF45
:102E9000269A27A991E70C9B013B09F1FF390C9376
:102EA00080E724AA59465046FAF7CAF800287EF46B
:102EB000DCAF99F80000269A27A993E7159A139991
:102EC000AD1A2846FAF774FF99F801300BB109F1F1
:102ED0000109894A16EB080343F10003A2FB03072B
:102EE00027F0030000EB97001B1AF31A4FF0CC31C8
:102EF00068F1000803FB01F102FB0811A3FB02309B
:102F000001445B0843EAC1764FEA510816EB080317
:102F100043F10003A2FB031020F0030101EB900139
:102F20005B1AF31AA3FB023168F100005B0802FB95
:102F3000001243EAC27303EB8303A6EB430330336F
:102F400005F8013C4FF0010C013DFFF711BB099260
:102F50008B46FEF7CCBE2D238DF85F30B9F1470FBD
:102F60004FF000030893059340F356810322634D0D
:102F70000A92CDE90B330E9304230293FEF7A0BB14
:102F80000F4601330F9939603244072BCDE92532C2
:102F90007E6000F386810837FFF7A8B822AB009364
:102FA00000231BAA19465046FCF76AFA0A90013022
:102FB00000F0D9811B959DE433788DF83F312BF4D7
:102FC000806B0DF23F15FFF72EBB9DF85F30CDF8FB
:102FD0002480003B18BF012302930A9B0593CDE98F
:102FE0000B330E930893FEF76BBB049924AA50464B
:102FF000FAF726F800287EF438AF1998269A27AFFA
:10300000FFF794B924AA59465046FAF719F8002850
:103010007EF42BAF99F80000269A27A90644E8E62B
:103020002B78302B00F0D781199B1944B5EE407BEB
:10303000F1EE10FA30D0229B8B42FFF468AE5B1B9E
:103040000D93BCF1470F199B0B932CD00B99059A4C
:103050000BF00103002943EA020340F39F82002B97
:1030600040F02C820B9B0A934FF066091BF4806F93
:1030700040F0F9810A9B23EAE373C34602930CE50F
:10308000049924AA5046F9F7DBFF00287EF4EDAE40
:10309000269A27AFFFF721B8199B0B934B1BBCF166
:1030A000470F0D93D2D10B9B03335BDB059B0B9A30
:1030B000934210DA0B9B013BA9F10209002B8DF81A
:1030C00070901993BFF63EAE0B9B2D22C3F1010306
:1030D0008DF871203CE60D9B0B9A934200F3A08083
:1030E0001BF0010F0B9B00F0F181109A13440A931F
:1030F000C5E400BF50720020CDCCCCCC985B002042
:1031000047F63003ADF86030059B632B4BF0020BA4
:1031100000F3138118EE903A002BC0F2F280B0EE6B
:10312000480B19A800F01AFCB4EE007B20EE077BD8
:10313000B5EE407BF1EE10FA40F0DD810123002670
:10314000199337AD0896B94810E5049924AA50465A
:10315000F9F776FF00287EF488AE199B269A27AFF0
:10316000FEF7E0BF0B9BA9F10209013B8DF87090BF
:1031700019930B9A2D238DF87130C2F10103083297
:10318000BFF6E6AD0DF17F0CDFF8B4E26246104603
:10319000AEFB0312D20802EB8201A3EB41013031F6
:1031A000632B00F8011C134600F1FF32EFDC3033D3
:1031B00002F8013C831E634580F00F820DF171021D
:1031C00013F8011B02F8011F6345F9D103F5A07341
:1031D0006B44CC3B1B1A1CAA9B1A12932FE5DFF8F9
:1031E0006482FFF726B800230C460593FEF7F5B975
:1031F000059B4FF0470CE91818E7049924AA50469C
:10320000F9F71EFF00287EF430AE199D0D9B269A1B
:103210005D1B27AFFEF79CBF0322854D0A92A8E6EF
:103220000D9B109A9A180B9B0A92002B40F3AA80D0
:103230004FF067091AE7DFF80C82FEF713BF46422A
:1032400010307C480F901FDA1027804603E00831C9
:10325000103E102E18DD01331032072BC1E9008714
:10326000CDE92532F3DD049924AA5046F9F7E8FEAA
:1032700000287EF4FAADDDE9253227A9E8E700232E
:10328000089337ADFFF746BB01330F98086032440F
:10329000072BCDE925324E6000F320810831FEF77F
:1032A0000EBE049924AA5046F9F7CAFE00287EF4FF
:1032B000DCAD269A27AFFEF719BF2D26B1EE487B6D
:1032C000FFF794B8059A002A00F04A81002BC0F25B
:1032D0006181B0EE487B002622AB01931BAB0093CB
:1032E000B0EE470B19AB059A022150468DED027BDB
:1032F00000F02CFC00239DED027B05460893FFF7B0
:10330000A9BB0023089337AD2D26B1EE487BB0EE64
:10331000470B19A800F022FBB4EE007B20EE077BE0
:10332000B5EE407BF1EE10FA04BF01231993B9F119
:10333000610F3FF408AF404818E4059B5046591C04
:10334000F7F7C4FF054600283FF465AA08904BF440
:103350008078FFF743B800230893062305934BF4C6
:103360008078FFF73BB8049B9B890022089243F0CA
:103370004003049A9381FEF778BD1BF0010F3FF4E0
:1033800069AC63E4C3F101031A4422EAE273C34661
:103390000A9202934FF06709FFF77FBB18EE903A4D
:1033A00013F000432BF0800B0B9300F0E1802D23F2
:1033B0008DF85F30B9F1470F4FF000030893059384
:1033C00040F30F8103221D4D0A92D2E55B1B0D9342
:1033D000199B0B93AEE4B5EE407BF1EE10FA78D179
:1033E000199B0B93194459E6CDF82480002B00F06B
:1033F0008880059B0A935A1C029205900E900C90AF
:103400004FF07309FEF75CB9002A0591FFF6F7ABA0
:103410000599302001EB030C194601F8010B6145B9
:10342000FBD11A44531CFFF7EABB00BF5C5C0020D1
:103430002C5D002050720020485C0020945B00202E
:10344000CDCCCCCC9C6C0020059B029CDDF8208070
:103450000A93FFF74FBA0023032208930A920593B9
:1034600087E54FF0670914990B78FF2B00F0D180A6
:1034700000200B9A0E90844603E001300131FF2BAF
:1034800009D0934207DAD21A4B78002BF5D10B788A
:103490000CF1010CF3E7CDE90B201491CDF838C005
:1034A0000C9A0E9B159913440A9A01FB03230A9365
:1034B00023EAE373C3460293FFF7F2BA109B02EBD1
:1034C00001094B440A934FF06609CFE50A93FFF7D1
:1034D000D6BA0D9BC3F101031993A6E5049924AA5A
:1034E0005046F9F7ADFD00287EF4BFACDDE925328A
:1034F00027A9FEF7E4BC00265848089637ADFFF729
:1035000035BB059B0A930293089B0E930C9305937E
:103510004FF07309FEF7D4B8049A536EDB0702D458
:1035200093899F0579D54FF0FF330693FEF7B0BC22
:10353000D007F8D4049B9B899905F4D4049B986D1B
:10354000FAF726FFEFE72D238DF87130C2F1010362
:103550000832FFF617AEFFF76ABB7021FFF75CBBBE
:10356000934242DBB0EE487B0123059E0593B3E610
:103570009DF85F30B9F1470FCCBF394D394D002B65
:1035800055D1032205930A920E930C93089302924D
:10359000FEF796B82D26B1EE487B9DE6C34633B9BB
:1035A000012302934FF066090A93FFF776BA109B46
:1035B00003F10109059B4B440A9323EAE373029349
:1035C0004FF06609FFF769BA27490F91D9E4CDE9B1
:1035D0000B3308930E93FEF773B802231293FFF791
:1035E0002EBB03221F4D0A92C3E401232D2605930F
:1035F000B1EE487B70E6099A63780C4652F8041BDA
:10360000099241EAE1710591FDF7E5BF5946FEF7E0
:1036100094BB00230E930C9342E7906DFAF7B8FE2B
:1036200081E7049B08909B8943F04003A1E60023B7
:1036300005930E930C93089303230A930423029398
:10364000FEF73EB8049B9B8943F0400391E6584641
:10365000FEF797BE5B46FEF71BBF00BF5C5C002019
:10366000945B0020305D002050720020F0B50D46C4
:10367000ADF2744D164689896A6E1B92EA89ADF8DF
:10368000162021F00201EA69ADF8141009921CA974
:103690006A6A0291074606910B924FF480610022FC
:1036A00018A80193049107910892FAF76BFE32462D
:1036B000019B02A93846FDF715FF061E07DB02A98C
:1036C0003846F9F767FD002818BF4FF0FF36BDF800
:1036D00014305B0603D5AB8943F04003AB811898E7
:1036E000FAF752FE30460DF2744DF0BD2DE9F0416F
:1036F0001546926802B32C6807468846083401E0F4
:103700000834C9B16B68581E002B1146686013DD80
:1037100054F8046C002EF3D0334654F8082C41467C
:10372000384601F0B9F9431C07D0AA68921B11462C
:10373000AA6008340029E5D100200023C5E901333F
:10374000BDE8F08170B5002941D006460C4610B1A5
:10375000436B002B3ED0F9F75FFE636EB4F90C208B
:10376000DD0730D4900538D521463046F9F778FC8E
:10377000E36A054633B1E169304698470028B8BF8F
:103780004FF0FF35A3891A0639D4216B41B104F1FA
:103790004003994202D03046FBF7DCF80023236354
:1037A000616C21B13046FBF7D5F800236364636E8A
:1037B0000022DB07A2811ED5A06DFAF7E5FDF9F71F
:1037C00031FE284670BD002ACED1F9F72BFE002528
:1037D000284670BDF9F702FEBDE7A06DFAF7D6FDE9
:1037E000B4F90C30002BBFD1636ED907EDD4A06DB6
:1037F000FAF7CEFDE9E7A06DFAF7CAFDDCE721692B
:103800003046FBF7A7F8C0E7B1F90C20930706D5BF
:1038100001F143030122C1E904320B60704730B566
:103820000B46B1F90E10002999B0044632DB02AA0A
:10383000009300F06BF80028009B29DB4FF48061B7
:1038400020460093039DF7F741FD009BB3F90C2040
:10385000002839D005F4704142F0800218601861E8
:10386000B1F5005F4FF480609A8158613AD1B3F9A5
:103870000E100093204600F05DF8009BB3F90C2079
:1038800080B322F0030242F001024FF4006117E01E
:10389000B3F90C20019312F0800F0CBF4FF480613C
:1038A000402120460091F7F711FD019B0099B3F9E3
:1038B0000C2048B1C3E9040142F0800218600021E5
:1038C0000A439A8119B030BD9105FBD422F003025E
:1038D00003F1430142F002020120C3E904109A817E
:1038E0001960EFE74FF40061EAE700BF59B1034602
:1038F00000EB010C02E001339C4504D01A78002A49
:10390000F9D1181A70470846704700BF38B5084CFF
:1039100000230546084611462360F3F7B9FC431C13
:1039200000D038BD2368002BFBD02B6038BD00BF12
:10393000789F002038B5074C0023054608462360D1
:10394000F3F7ACFC431C00D038BD2368002BFBD040
:103950002B6038BD789F0020000000004DF804BDAA
:1039600083B08DED000B019ADFF870C022F00043A8
:1039700000216345016025D8DDF800C053EA0C0C36
:1039800020D0DFF85CC002EA0C0CBCF1000F0AD1B9
:103990009FED107B20EE077B8DED007B019A6FF091
:1039A000350122F00043DDE900BC6FF31E5242F006
:1039B0007F5C1B154CF4001CA3F2FE33CDE900BC68
:1039C0000B4403609DED000B03B05DF804BB704732
:1039D000AFF300800000000000005043FFFFEF7FC6
:1039E0000000F07F00B50B4C2468864685B0E06887
:1039F0009C460C4652B108490094CDE90112734629
:103A000006496246F8F7A2F9F3F750FC04490A4662
:103A1000F2E700BFF87D0020345D0020445D002007
:103A2000903400202DE9F04F03690C69A34283B064
:103A3000C0F28880013C01F1140500F1140855F82A
:103A4000243058F82420013308EB84069A4200966B
:103A50004FEA840B05EB8407B2FBF3F63AD300235D
:103A60000191C64629469C4651F8042BDEF8009089
:103A70001FFA82FA06FB0A334FEA134A120C06FBBE
:103A800002A29BB21FFA89FAAAEB030363441FFA4E
:103A900082FCCCEB234C0CEB194C9BB243EA0C435D
:103AA0008F424EF8043B4FEA2C4C4FEA1243DBD2D4
:103AB00058F80B3001996BB9009B043B984504D32F
:103AC00007E0984504F1FF3403D21A68043B002A4A
:103AD000F7D004618146FBF75DFB00282EDB013641
:103AE0004146002255F8040BD1F800C01FFA80FEB1
:103AF0001FFA8CF3A3EB0E031344020CC2EB234218
:103B000002EB1C429BB243EA0243AF4241F8043B42
:103B10004FEA2242E6D258F8242008EB84036AB91F
:103B2000043B984504D307E0984504F1FF3403D2E1
:103B30001A68043B002AF7D0C9F81040304603B099
:103B4000BDE8F08F002003B0BDE8F08F2DE9F04F05
:103B500093B08DED000B0491816B1C9D069257EC88
:103B6000106B0446089341B1C26B4A600123934035
:103B70008B60FBF785F80023A363B7F10008B4BF9F
:103B8000012300232B60A34BBCBF28F00048CDF8D5
:103B9000048033EA080300F092809DED007BB5EECF
:103BA000407BF1EE10FA0DD1089A012313601D9BA2
:103BB00013B11D9A984B1360984B0293029813B05F
:103BC000BDE8F08F10AAB0EE470B11A920468DED8D
:103BD000027BFBF7BFFB5FEA18539DED027B109A57
:103BE000834640F08280119B134403F23241202926
:103BF00040F3E281C1F1400108FA01F803F21241F9
:103C000026FA01F148EA010106EE101AB8EE466BF9
:103C1000013B16EE901A4FF00108A1F1F8719FEDEB
:103C2000772BB7EE081B9FED775B9FED784B06EE89
:103C3000901A03EE903A36EE416BB8EEE33BA6EEF7
:103C4000025BB0EE456BA3EE046BFDEEC65BB5EE1A
:103C5000C06BF1EE10FACDED055A00F1C080059968
:103C6000D21A162902F1FF3A00F2A4806C4B03EB42
:103C7000C10393ED006BB4EEC67BF1EE10FA00F1D8
:103C8000A281002A40F3C0840027CDE90A178A44A4
:103C900000230993049B092B3DD8052BC4BF043B8B
:103CA0000493049BA3F10203CCBF00250125032B41
:103CB00033D8DFE813F0FA01F701ED019201089A19
:103CC000C8F3130842F20F7358EA060813601BD1B9
:103CD0001D9B002B00F04286524B029308331D9A25
:103CE0000298136013B0BDE8F08F17EE901AB0EE93
:103CF000476BC1F3130141F07F51A3F2FF3341F44D
:103D000040114FF000088AE71D9B002B40F06181B5
:103D1000454B029352E7002304930025E5632946AF
:103D200020468DED067BFAF781FF9DED067B029024
:103D3000002800F0B485119A029BA363002A75DB6A
:103D400005990E2972DC364B03EBC10393ED003B62
:103D500087EE036BBDEEC66B029916EE103A303358
:103D600001F8013B4FF0FF39B8EEC65BA5EE437B8F
:103D70000123B2EE044B11E087EE036BBDEEC66B80
:103D8000013316EE102A4B4502F13002B8EEC65B45
:103D900001F8012BA5EE437B00F0A38427EE047B02
:103DA000B5EE407BF1EE10FAE6D1059B01330493AA
:103DB0000D46ECE001230B93059BBAF1000FBABF4F
:103DC000C2F101074FF0000A0027002B80F2F180BA
:103DD000059BFF1A5B42099300230A935AE7B8EE4A
:103DE000E55BB4EE465BF1EE10FA3FF438AF0599AF
:103DF0000139059133E700BFAFF3008061436F6382
:103E0000A787D23FB3C8608B288AC63FFB799F50F3
:103E10001344D33F0000F07FC1400020C040002089
:103E200018070020745D0020805D00204FF0FF39EE
:103E30000695CDF83090B8F1000F00F0E984DDF878
:103E4000248002F23342012120469244BD18FAF741
:103E5000DDFF0646002F40F09F82099B002B00F0FB
:103E60009383B8F1000F40F077835946099A2046B2
:103E7000FBF7BEF801238346099301212046FAF798
:103E8000C5FF0A9B8046002B40F04582049B012B16
:103E900040F3AA820120504410F01F0000F0088176
:103EA0001B2800F3D582C0F11C000544074482445E
:103EB000002D05DD59462A462046FBF7F5F88346D6
:103EC000BAF1000F05DD414652462046FBF7ECF8FB
:103ED00080460B9B002B40F00082B9F1000F40F3AD
:103EE000D781099B002B40F02481059B013304936B
:103EF000029F012507E0594600230A222046FAF7CF
:103F0000C9FE0135834641465846FFF78BFD4D45B6
:103F100000F1300A07F801ABEDDB029BB9F1000FAD
:103F200003F1010209F1FF394FF00003D8BF4FF050
:103F3000000991440093594601222046FBF7B4F84A
:103F400041468346FBF726F9002840F32083029A76
:103F500002E0914500F026834D4609F1FF3915F83E
:103F6000013C392BF5D0013389F800304146204619
:103F7000FAF786FE5EB1009B2BB1B34203D019461F
:103F80002046FAF77DFE31462046FAF779FE59467B
:103F90002046FAF775FE00232B70089B049A1A60DE
:103FA0001D9B002B3FF40AAE02981D6013B0BDE8C4
:103FB000F08F9A440A936BE6C1F1200106FA01F1F1
:103FC00006EE101A22E6059B013B059300230B9396
:103FD000F2E6AC4B0293033381E601230D93DDE956
:103FE0000523134403F101094E46012E0C93B8BF7B
:103FF0000126172E40F39C84012204235B0003F169
:104000001400B042114602F10102F7D9E1632046E3
:104010008DED0E7BFAF70AFE0290002800F03F8437
:10402000B9F10E0F9DED0E7BA06346D8002D44D054
:104030000599002940F3F182934B01F00F0203EB45
:10404000C203CD0593ED006B4FEA211340F18A8343
:104050008E4A92ED085B03F00F03032187EE054BB8
:10406000002B00F0FB81894A01E05B100832D80781
:1040700003D45B100832DE07F7D592ED005B5B10CE
:1040800001F1010126EE056B00F0E8810832F2E74C
:1040900001230D93069B002B40F38B81069E0C960B
:1040A000B146A6E700230D9399E700230D93F1E7AE
:1040B0001C20054407448244FAE6119A002AC0F203
:1040C0004081059B0E2B00F33C816F4B059A03EB5F
:1040D000C20393ED003B069B002B80F2ED82B9F109
:1040E000000F00F3E98240F08682B1EE046B23EE0C
:1040F000066BB4EEC67BF1EE10FA494640F27C82C4
:10410000029D312305F8013B2046FAF7B9FD059BD6
:10411000023304933BE7314600230A222046FAF794
:10412000B9FD0C9B002B064640F3FA83DDF8309076
:104130000595002F05DD31463A462046FAF7B4FFD3
:1041400006460A9B002B40F0F6823746029D6B1E06
:104150004B440A93009B03F001030C9341465846DD
:10416000FFF760FC31460B9000F1300A5846FBF730
:1041700011F8414681463A462046FBF72BF8C368C2
:104180000146002B36D109905846FBF703F80999F0
:1041900006902046FAF774FD069A002A5AD1049B2D
:1041A0001BB90C9B002B00F0A483B9F1000F43DB7B
:1041B0000A9BA9469D4209F801AB00F0D7825946F7
:1041C00000230A222046FAF765FDBE4283463146A7
:1041D0004FF000034FF00A02204635D0FAF75AFD9F
:1041E0003946064600230A222046FAF753FD4D467B
:1041F0000746B3E72046FAF743FDB9F1000F08DBA5
:10420000009B03F00102049B49EA030952EA0902F8
:104210002ED1594601222046FAF746FF41468346F1
:10422000FAF7B8FF002840F34183BAF1390F00F0E4
:1042300024830B9B03F1310A05F801AB059B009623
:10424000013304933E4691E6FAF724FD4D460646B7
:10425000074683E7B9F1000FC0F28483049B49EA63
:1042600003090C9B53EA090900F07C83002A9FDDB7
:10427000BAF1390F00F001830AF1010305F8013B9F
:10428000DCE700BF805D002018070020F00600205A
:10429000049B022B7FF725AEB9F1000F40F000829E
:1042A00041464B4605222046FAF7F4FC014680467B
:1042B0005846FAF76FFF484540F3F281029D3123DB
:1042C00005F8013B41462046FAF7DAFC059B02332C
:1042D0000493002E7FF457AE59E641465846FAF74C
:1042E00059FF0028BFF6F9AD594600230A2220469F
:1042F000059DFAF7CFFC099B013D8346002B7FF417
:104300000AAF0C9B002B40F3FE82059BDDF830903A
:1043100004930595ECE51A4601462046FAF768FE37
:10432000049B012B804640F3F98100230A93D8F8BF
:10433000103008EB83031869FAF7FEFCC0F1200087
:10434000A9E50D9B73B9002F67D1099B002B74D190
:104350001D461E4691E5119A002A03DB05990E2998
:104360007FF7B4AE049B012B7FF765AD099B09F184
:10437000FF384345C0F27781B9F1000FA3EB08087D
:1043800080F2BE82A7EB0903012120460D93FAF7C4
:104390003DFD3D460D9F0646BAF1000F7FF75DAD2E
:1043A00057453B46A8BF5346ED1AFF1AAAEB030A2E
:1043B00053E50021E16320468DED067BFAF736FCDC
:1043C0009DED067B0290002800F06982029BA363AA
:1043D000002D40F09F81119AAA42C0F27C820123F5
:1043E0000C93994606936CE6009B002B7FF452AD2C
:1043F000019BC3F31303002B7FF44CAD019B23F00F
:1044000000431B0D1B05002B3FF444AD0123013578
:104410000AF1010A0A9318463DE5BAF1000F00F0CF
:10442000FE8157453B46099EA8BF5346FD1AAAEB9D
:10443000030A2F46002E3FF420AD5946099A204624
:10444000FAF7D6FD0023834609933D461E4614E540
:104450001C283FF42DADC0F13C002AE684EE065B3B
:104460000B9B3BB1B7EE006BB4EEC65BF1EE10FAFE
:1044700000F1E081B1EE0C4B06EE901AB8EEE66B5F
:10448000A6EE054B14EE901A53EC142BA1F15073C9
:10449000B9F1000F00F09B80DDF814C0484643ECF2
:1044A000142BB64B029DFDEEC53B03EBC00212ED93
:1044B000022B13EE902A02F1300E0D9A691CB8EE11
:1044C000E36B0E4635EE466B002A00F05B81B6EEDC
:1044D000003B83EE025B35EE445BB4EEC65BF1EE6F
:1044E00010FA85F800E000F32782B7EE001BB2EE69
:1044F000043B002518E001358542BFF62CAF26EEBF
:10450000036B25EE035BFDEEC64B14EE902AB8EE6E
:10451000E42B303236EE426BB4EEC56BF1EE10FA9E
:1045200001F8012B00F1DF8131EE464BB4EEC54BB3
:10453000F1EE10FADFD5029A0CF1010C02E0914283
:1045400000F097810D4611F8013D392BF7D001336A
:104550000B70CDF810C01AE5314642462046FAF7F6
:1045600047FD5A46014606462046FAF77DFC594665
:104570000D902046FAF784FB099BDDF834B0B3EBCD
:10458000080309937FF471AC0123099375E403D107
:104590001AF0010F7FF4DBAC4D4619F8013D302BCA
:1045A000FAD0E3E4059B029A02330493312313709B
:1045B000DCE406EE901AB1EE0C4BB8EEE66BA5EE1D
:1045C000064B14EE901A53EC142BA1F1507343ECEC
:1045D000142BB1EE046B35EE466BB4EEC46BF1EE0A
:1045E00010FA00F35681B1EE444BB4EEC46BF1EE19
:1045F00010FA7FF562AD00212046FAF741FB069BD9
:10460000029D5B420493C2E4059B0A939A460023F1
:10461000C2F101070B93FFF73BBB00F00781059A3E
:10462000564B524202F00F0103EBC10393ED005BC6
:10463000131127EE055B00F07981514A022101E058
:104640005B100832DD0703D45B100832D807F7D5BA
:1046500092ED006B5B1001F1010125EE065B3FF46A
:10466000FFAE0832F2E7099B0A9AA8EB03031A444B
:10467000012120460A92FAF7C9FBCA4407EB090553
:104680000646CDF82480002F3FF4EFAB57453B465C
:10469000A8BF5346ED1AFF1AAAEB030AFFF7E5BBC2
:1046A00041462046FAF7ECFA069B029D5B420493D2
:1046B000002E7FF468AC6AE4029B5E1C87EE036BFD
:1046C000BDEEC66B029A16EE103AB9F1010F03F176
:1046D0003003B8EEC65B31461370A3EE457B7FF422
:1046E00047AB37EE077BB4EEC37B059BF1EE10FAC8
:1046F00003F1010304939C4608DCB4EE437BF1EE26
:1047000010FA05D116EE103ADB0701D5029A19E727
:104710000D463CE40C95A946069589E4009B002BC8
:104720007FF403AEDDE90012C2F31303002B00F0A7
:10473000C4800A91FBE571682046FAF777FA0546CE
:10474000002800F00481336902339A0006F10C015D
:104750000C30F2F717FB294601222046FAF7A4FC99
:104760000746F3E40221B0EE474B79E4059B00963F
:1047700001333E460493FFF7DEBB00BF180700205D
:10478000F0060020029A24EE022B012882F800E0B5
:1047900014D0B2EE043B029A151826EE036BFDEE20
:1047A000C65B15EE902A303201F8012BA942B8EE13
:1047B000E54B36EE446BF0D1711E0144B6EE005B62
:1047C00032EE054BB4EEC64BF1EE10FA3FF5B3AE48
:1047D00035EE425BB4EEC65BF1EE10FA0DDC119AD9
:1047E000002AFFF6B0AD059A0E2A3FF7ACAD059A48
:1047F00003EBC20393ED003B60E70D46013915F86A
:10480000013C302BF9D00CF101030493FFF7BFBB3F
:10481000109ADDF82480C2F13602FFF714BB099E1E
:10482000002E7FF40AAE3D46FFF727BB0221B0EE13
:10483000475B15E6B9F1000F3FF4BBAE0C980028BA
:104840007FF73BACB2EE043BB1EE0C4B013106EE10
:10485000901A25EE035B059BB8EEE66BA5EE064BC2
:1048600014EE901A03F1FF3C53EC142BA1F150739A
:1048700015E60CF1010C31236AE6A946392309F843
:10488000013B059B00960133029A04933E46FFF7D5
:1048900063BB029D312305F8013B002134E4334B17
:1048A0003348002240F2AF11FFF79CF87FF4C4AC0C
:1048B0001AF0010F7FF4B9ACBEE4019B23F0004372
:1048C0001B0D1B05002B3FF431AD012301350AF10F
:1048D000010A0A932BE50D9B002B33D101230C9386
:1048E000994606932FE50CF1010304930D46FFF75B
:1048F0004EBBBAF1390FC0D091453FF79AAC9BE45B
:104900004A46FFF7A0BA049A022A05DC059A0492E7
:1049100099460595FFF7ECBA0595DDF83090BBE4B4
:10492000049A0595022AF8DC994602E4022197E5EB
:104930000021E163FFF76BBB0CF1010304930D460B
:10494000FFF725BB0D9B069399460C930EE5074B8D
:1049500007482A4640F2EF21FFF744F8054B02933F
:10496000FFF72CB9002A3FF754AC65E4BC5C00208B
:10497000845D0020745D00202DE9F04F8BB0DDE9EF
:104980001589149F02901C46B8F1000F57D0166885
:1049900001960029C34608BF4FF0FF37002588461F
:1049A0000391924606E0019B53F8040B0193002803
:1049B00037D06546AF423ED9002C3CD0DBF8003002
:1049C0000493DBF804300593019B02981A68D9F828
:1049D000C8615B4606A9B047431C33D000EB050C09
:1049E000BC453AD8039B013C002BDCD000280DDDF0
:1049F00008F1FF32019E06A900EB020E11F8013BFF
:104A000002F8013F7245F9D101968044019BDAF822
:104A1000002053F8040B01930432CAF80020002848
:104A2000C7D10399D84609B1CAF800000022C8F8D6
:104A300000200CF1FF3528460BB0BDE8F08F00F5E3
:104A40008678A4E7029B05468A2100222846196041
:104A5000CBF800200BB0BDE8F08FD846DDF810A0F1
:104A6000DDF814B02846C8E900AB0BB0BDE8F08F04
:104A700000B585B0DFF81CC006980090079801903B
:104A800003480068CDF808C0FFF776FF05B000BD09
:104A9000F87D0020907B00202DE9F0438E681D46B4
:104AA000AE420B6883B00C4690463AD8B1F90CC0C0
:104AB0001CF4906F0FD13546184641462A46F8F748
:104AC000FDFFA3689E1B2368A6602B440020236083
:104AD00003B0BDE8F0834A69096902EB42025E1A3D
:104AE00002EBD2726B1C52103344934294BF1746B0
:104AF0001F46934288BF1A461CF4806F814612D02D
:104B00001146F6F7E3FBF0B1324621690190F2F766
:104B100039F9A289019B22F4906242F08002A281BD
:104B200005E02E46C8E7F6F7C9FE034638B1236113
:104B30003344BE1BA660676123602E46BCE7216933
:104B40004846F9F707FFA3890C2243F04003C9F850
:104B500000204FF0FF30A381BAE700BF5FF800F0FC
:104B6000292E00605FF800F0FD1B00605FF800F088
:104B7000951600605FF800F0091D00605FF800F016
:104B8000191600605FF800F0511D00605FF800F03A
:104B90001D1700605FF800F0391F00605FF800F03B
:104BA000D11600605FF800F0D52D00600000000015
:044BB0000000000001
:044BB400F8B500BF91
:104BB8008140FF7FA908B100FFFF01080E041C0017
:104BC800180E00006D40FF7FA908B100FFFF010823
:104BD8000E041C00180E000008B10181B0B000845A
:104BE8000000000008B10181B0B00084000000009E
:104BF8004140FF7FB0AF1600FF1019011122D60502
:104C08000000B60604F00801F4068802000001005E
:104C1800000000001D40FF7F8408B101B0B0B00063
:104C2800FF100D0104020608010100000000000049
:104C380008B10181B0B000840000000008B1018112
:104C4800B0B0008400000000E93FFF7FB0AB040073
:104C5800FFFF010C1C046200680400006E0462007F
:104C6800D13FFF7FB0AF0200FF1019010F320A3C9D
:104C780001840136C00100C80104000001000000E1
:104C880000000000AD3FFF7FB0A80100FFFF01005A
:104C980008B10181B0B000840000000008B10181B2
:104CA800B0B00084000000001C39FF7F0100000044
:104CB8002039FF7FFCFEFF7F4839FF7F08FFFF7F19
:104CC8007039FF7F01000000A039FF7F0CFFFF7FD4
:104CD800B839FF7F01000000EC3BFF7FB0AB0280DA
:104CE800943CFF7F01000000943DFF7FB0B0AA8094
:104CF800503EFF7FF0FEFF7F903EFF7FB0A902800D
:104D0800303FFF7FECFEFF7FAC43FF7F08FFFF7F54
:104D1800B443FF7F01000000C043FF7F14FFFF7F03
:104D2800C043FF7F18FFFF7FCC43FF7F01000000D7
:104D3800E443FF7F008402802844FF7F01000000D5
:104D48006444FF7FB0B0AA809044FF7FB0B0A880D1
:104D5800F844FF7F01000000E045FF7FB0B0AC8061
:104D68000446FF7F010000004447FF7FDCFEFF7F11
:104D7800C047FF7FB0B0A880CC47FF7F0084028087
:104D88002048FF7F010000001C48FF7FB0AA038075
:104D98004848FF7F010000006449FF7FC4FEFF7F91
:104DA800344AFF7FE0FEFF7FB44AFF7F0100000026
:104DB800B054FF7FB0A803804455FF7FB0B0A880EF
:104DC8009455FF7F010000009C55FF7FB0B0AA807A
:104DD800D055FF7FAF76B2809C56FF7FAB3F3A80BD
:104DE8000457FF7F010000000C57FF7FB0B0AA8076
:104DF8004857FF7F010000000058FF7FAC0FB280CA
:104E08008458FF7FB0AF0880105BFF7F010000006F
:104E1800205BFF7FAC3F0380145EFF7F0100000032
:104E2800DC5FFF7F00840480EC5FFF7F01000000EF
:104E3800E85FFF7FB0AC0580E862FF7F00840480F4
:104E48001063FF7F4CFEFF7F1463FF7F50FEFF7FE0
:084E58002063FF7F0100000050
:104E60000000000000000000000000000000000042
:104E70000000000000000000000000000000000032
:104E80000000000000000000000000000000000022
:104E90000000000000000000000000000000000012
:104EA0000000000000000000000000000000000002
:104EB00000000000000000000000000000000000F2
:104EC00000000000000000000000000000000000E2
:104ED00000000000000000000000000000000000D2
:104EE00000000000000000000000000000000000C2
:104EF00000000000000000000000000000000000B2
:104F000000000000000000000000000000000000A1
:104F10000000000000000000000000000000000091
:104F20000000000000000000000000000000000081
:104F30000000000000000000000000000000000071
:104F40000000000000000000000000000000000061
:104F50000000000000000000000000000000000051
:104F60000000000000000000000000000000000041
:104F70000000000000000000000000000000000031
:104F80000000000000000000000000000000000021
:104F90000000000000000000000000000000000011
:104FA0000000000000000000000000000000000001
:104FB00000000000000000000000000000000000F1
:104FC00000000000000000000000000000000000E1
:104FD00000000000000000000000000000000000D1
:104FE00000000000000000000000000000000000C1
:104FF00000000000000000000000000000000000B1
:1050000000000000000000000000000000000000A0
:105010000000000000000000000000000000000090
:105020000000000000000000000000000000000080
:105030000000000000000000000000000000000070
:105040000000000000000000000000000000000060
:105050000000000000000000000000000000000050
:105060000000000000000000000000000000000040
:105070000000000000000000000000000000000030
:105080000000000000000000000000000000000020
:105090000000000000000000000000000000000010
:1050A0000000000000000000000000000000000000
:1050B00000000000000000000000000000000000F0
:1050C00000000000000000000000000000000000E0
:1050D00000000000000000000000000000000000D0
:1050E00000000000000000000100010002000300B9
:1050F0000400060008000A000D001000130018004C
:105100001C00210027002E0035003C0045004E0009
:10511000580062006E007A0087009500A400B40079
:10512000C400D600E800FC00110127013D01550133
:105130006E018901A401C101DE01FD011E023F02D1
:1051400062028702AC02D302FC02260351037E03F3
:10515000AD03DD030E0441047504AB04E2041B053A
:1051600056059305D105110653069606DC0623075E
:105170006C07B70704085208A308F5084909A009F5
:10518000F809520AAF0A0D0B6D0BD00B340C9B0CB7
:10519000040D6F0DDC0D4C0EBD0E310FA70F20104E
:1051A0009B10181198111A129E122513AE133A145F
:1051B000C8145915ED1582161B17B6175418F41894
:1051C00097193D1AE51A8F1B3D1CED1C9F1D541E9F
:1051D0000C1FC61F832042210322C7228D23562481
:1051E0002A25FB25D026A72782285F29402A232BA2
:1051F0000A2CF42CE12DD12EC42FBA30B431B032A8
:10520000B033B334BA35C336D037E038F3390A3B5C
:10521000243C413D623E863FAD40D841074338447F
:105220006E45A646E2472249654AAC4BF64C444ED1
:10523000964FEB504452A05300556456CB57375904
:10524000A65A185C8F5D095F87600A628F631965D3
:10525000A7663968CF69686B066DA76E4D70F771E8
:10526000A57357750D77C778857A477C0E7ED97FF1
:10527000A8817C83538530871089F58ADE8CCB8E9C
:10528000BD90B392AE94AD96B098B89AC49CD59E9A
:10529000EAA004A323A545A76DA999ABC9ADFEAFAC
:1052A00038B276B4B9B600B94CBB9CBDF1BF4AC2A6
:1052B000A8C40BC772C9DDCB4DCEC1D03AD3B8D587
:1052C00039D8BFDA4ADDD9DF6CE203E59FE73EEA71
:1052D000E2EC8AEF36F2E6F49AF752FA0DFDFFFFA0
:1052E00000000000000000000100010002000300B7
:1052F0000400060008000A000D001000130018004A
:105300001C00210027002E0035003C0045004E0007
:10531000580062006E007A0087009500A400B30078
:10532000C400D600E800FC00110127013D01550131
:105330006E018901A401C101DE01FE011E023F02CE
:1053400062028702AC02D302FC02260351037E03F1
:10535000AC03DC030D0440047404AA04E2041B053E
:1053600056059305D105110653069606DC0623075C
:105370006C07B70703085208A208F50849099F09F6
:10538000F809520AAE0A0D0B6D0BD00B340C9B0CB6
:10539000040D6F0DDC0D4C0EBE0E320FA80F201049
:1053A0009B10181198111A129E122513AE1339145E
:1053B000C7145815EB1580161817B3175018F018A6
:1053C0009219371ADF1A891B361CE51C981D4D1ED1
:1053D000051FC01F7D203D210022C6228F235B2494
:1053E0002A25FB25D026A72782285F29402A232BA0
:1053F0000A2CF32CE02DD02EC32FB930B231AF32AE
:10540000AE33B134B735C136CD37DD38F139073B6E
:10541000213C3E3D5F3E833FAA40D5410343354496
:105420006A45A346DF471F49624AA94BF44C424EE6
:10543000944FE95042529F53FF546356CB5736590D
:10544000A65A195C905D0A5F89600B6291631C65C6
:10545000AA663B68D1696B6B096DAA6E5070FA71D0
:10546000A87359750F77C978877A4A7C107EDA7FDE
:10547000A9817C8353852E870D89F18AD98CC58EAD
:10548000B690AB92A494A196A398A99AB49CC39EFB
:10549000D7A0EFA20BA52CA752A97BABAAADDDAF7D
:1054A00014B251B491B6D7B821BB6FBDC3BF1BC2F4
:1054B00077C4D9C63FC9AACB19CE8ED007D385D51C
:1054C00007D88FDA1CDDADDF43E2DEE47EE723EAB6
:1054D000CDEC7CEF30F2E9F4A7F76AFA32FDFFFF7A
:1054E0000A0000004C0100003C0300000C01000019
:1054F00050010000400300000B02000054010000B6
:10550000440300000D0300005801000048030000A0
:10551000060A00007401000064030000090B00008B
:105520007801000068030000200C00007C010000EE
:105530006C030000081000008C0100007C030000D8
:10554000071100009001000080030000000000002F
:105550000080E03779C34143176E05B5B5B893466F
:10556000F5F93FE9034F384D321D30F94877825A3B
:105570003CBF737FDD4F1575000000000000F03F59
:10558000000000000000244000000000000059401E
:105590000000000000408F40000000000088C34071
:1055A00000000000006AF8400000000080842E41E6
:1055B00000000000D01263410000000084D7974132
:1055C0000000000065CDCD41000000205FA0024238
:1055D000000000E876483742000000A2941A6D42AD
:1055E000000040E59C30A2420000901EC4BCD642A0
:1055F00000003426F56B0C430080E03779C341434B
:1056000000A0D8855734764300C84E676DC1AB43C0
:10561000003D9160E458E143408CB5781DAF1544DE
:1056200050EFE2D6E41A4B4492D54D06CFF08044B9
:10563000F64AE1C7022DB544B49DD9794378EA44CE
:1056400001031C060200000003000000040000002B
:105650000500000006000000070000000800000030
:1056600000000000CB000000AD0300001D0700009B
:10567000470A0000A70B00004F0E0000CB000000FF
:10568000E2020000700300002A0300006001000035
:10569000A8020000BA010000FFFFFF00FA000000AE
:1056A0007102000077010000180100001C1F00209B
:1056B0004172742D4E65740000000000FFFFFF0072
:1056C000000D0B0C011B1A01022D2B2A00000000FB
:1056D0000100000038270020000000000200000048
:1056E000882700200100000006000000E0270020BD
:1056F0000100000006000000482800200100000012
:1057000007000000942800200100000007000000AE
:10571000002900200100000008000000602900208E
:105720000100000008000000BC290020FFFFFFFF6F
:10573000FFFFFFFFFFFFFFFFFFFFFFFFFFFFFFFF79
:10574000FFFFFFFFFFFFFFFFFFFFFFFFFFFFFF0068
:1057500000003A4000C0394000403940A41E0020FB
:10576000AC1E0020B01E0020D01E0020B81E00205D
:10577000BC1E0020C41E0020CC1E0020D41E002011
:10578000E41E0020EC1E0020F41E0020001F00205C
:10579000081F0020700C00207B22646961676E6F17
:1057A00073746963223A2266697273745F73686FF7
:1057B000775F656E746572222C22686561705F7513
:1057C0006E616C6C6F6361746564223A256C752C34
:1057D000226172656E615F66726565223A25752C7D
:1057E000226172656E615F75736564223A25752C5E
:1057F000226C65645F6C696D6974223A25757D0A57
:10580000000000007B22646961676E6F73746963D6
:10581000223A2266697273745F73686F775F72658C
:105820007475726E222C22686561705F756E616C92
:105830006C6F6361746564223A256C752C22617209
:10584000656E615F66726565223A25752C2261720C
:10585000656E615F75736564223A25757D0A000087
:10586000747275650000000066616C73650000006D
:105870007B226669726D77617265223A2274656572
:105880006E737934312D6172746E65742D302E31E2
:10589000222C2270696E6F75745F636F6E66697219
:1058A0006D6564223A25732C22756E776972656482
:1058B0005F62656E6368223A25732C226C65645FB3
:1058C0006C696D6974223A25752C2261726D65646C
:1058D000223A25732C22626C61636B223A25732C69
:1058E000226970223A2225752E25752E25752E25C2
:1058F00075222C226C696E6B223A25732C22706102
:10590000636B657473223A256C752C227564705F25
:105910007265636569766564223A256C752C22751B
:1059200064705F71756575655F64726F7073223A3C
:10593000256C752C2271756575655F7065616B22CC
:105940003A256C752C2272656A6563746564223A27
:10595000256C752C22666F726569676E223A256C1C
:10596000752C2269676E6F726564223A256C752CFE
:1059700022636F6D706C657465223A256C752C22FC
:10598000696E636F6D706C657465223A256C752C59
:10599000227374616C65223A256C752C22647570D3
:1059A0006C696361746573223A256C752C226F767D
:1059B00065727772697474656E223A256C752C2253
:1059C0007375626D6974746564223A256C752C2256
:1059D000626C61636B6F757473223A256C752C224F
:1059E000636F6D706C6574655F667073223A252E07
:1059F00033662C227375626D69745F667073223A28
:105A0000252E33662C2273686F775F63616C6C5F41
:105A10007573223A256C752C226D61785F73686FFF
:105A2000775F63616C6C5F7573223A256C752C220D
:105A30006D61785F6C6F6F705F7573223A256C755E
:105A40002C2274656C656D657472795F736B697017
:105A5000706564223A256C752C22646D615F636FFA
:105A60006D706C65746564223A256C752C22646DCA
:105A7000615F656C61707365645F7573223A256C54
:105A8000752C22646D615F627573795F646566650C
:105A90007272616C73223A256C752C22706879736E
:105AA0006963616C5F6670735F766572696669656C
:105AB00064223A66616C73657D0A00007465656EE8
:105AC00073792D6172746E65742D74657374000042
:105AD0005354554200000000433A5C636F6465789C
:105AE0002D746F6F6C735C7465656E737934312DD2
:105AF0006C6962735C7465656E737934315F756E61
:105B000077697265645F62656E63685C4661737431
:105B10004C45445C7372632F666C2F6368616E6ED4
:105B2000656C732F6368616E6E656C2E6370702E8A
:105B3000687070004368616E6E656C20270000001D
:105B4000273A20626F756E642064726976657220F0
:105B500027000000272069732063757272656E74D8
:105B60006C792044495341424C4544206279206578
:105B700078636C75736976652D64726976657220D9
:105B800073656C656374696F6E202700272E20464D
:105B900072616D652077696C6C2062652073696C39
:105BA000656E746C792064726F707065642E20006D
:105BB0005265736F6C766520776974683A20466128
:105BC00073744C45442E656E61626C6544726976EF
:105BD0006572733C666C3A3A4275733A3A0000005B
:105BE0003E2829206F7220466173744C45442E650F
:105BF0006E61626C65416C6C447269766572732883
:105C0000292E0000272069732063757272656E74F7
:105C10006C792044495341424C45442E20467261E0
:105C20006D652077696C6C2062652073696C656EA8
:105C3000746C792064726F707065642E20000000AF
:105C4000433A5C636F6465782D746F6F6C735C743A
:105C500065656E737934312D6C6962735C7465654A
:105C60006E737934315F756E77697265645F6265F2
:105C70006E63685C466173744C45445C7372632F59
:105C8000666C2F6368616E6E656C732F6164617002
:105C9000746572732F7370695F6368616E6E656C93
:105CA0005F616461707465722E6370702E687070CD
:105CB00000000000293A20005370694368616E6E4D
:105CC000656C456E67696E65416461707465723AB2
:105CD0002052656C656173696E67200020636F6D8B
:105CE000706C65746564206368616E6E656C7300CA
:105CF0005370694368616E6E656C456E67696E6569
:105D0000416461707465723A20446573747275639E
:105D1000746F7220666F722027000000433A5C6344
:105D20006F6465782D746F6F6C735C7465656E73EA
:105D30007934312D6C6962735C7465656E73793486
:105D4000315F756E77697265645F62656E63685C0A
:105D5000466173744C45445C7372632F666C2F63A9
:105D600068616E6E656C732F6D616E616765722E12
:105D70006370702E687070004368616E6E656C4D64
:105D8000616E616765723A2054696D656F75742044
:105D90006F63637572726564207768696C652077DC
:105DA000616974696E6720666F722052454144597B
:105DB00020737461746500004368616E6E656C4D9C
:105DC000616E616765723A204465737472756374BD
:105DD0006F722063616C6C656400000053706943EE
:105DE00068616E6E656C456E67696E654164617071
:105DF0007465723A204E756C6C206368616E6E65D6
:105E00006C20646174612070617373656420746FC9
:105E100020656E71756575652829000053706943AA
:105E200068616E6E656C456E67696E654164617030
:105E30007465723A2043616E6E6F742068616E649F
:105E40006C65206E6F6E2D535049206368616E6ED5
:105E5000656C20646174612028636869707365747F
:105E6000206D69736D617463682900005370694324
:105E700068616E6E656C456E67696E6541646170E0
:105E80007465723A20456E71756575656420636846
:105E9000616E6E656C2028746F74616C3A2000002E
:105EA000433A5C636F6465782D746F6F6C735C74D8
:105EB00065656E737934312D6C6962735C746565E8
:105EC0006E737934315F756E77697265645F626590
:105ED0006E63685C466173744C45445C7372632FF7
:105EE000666C2F6368616E6E656C732F6472697681
:105EF00065722E6370702E68707000004368616E6A
:105F00006E656C5F000000004368616E6E656C4DED
:105F1000616E616765723A20496E697469616C6986
:105F20007A696E67000000004368616E6E656C4DB3
:105F3000616E616765723A3A73656C656374447249
:105F400069766572466F724368616E6E656C28296A
:105F5000202D204E756C6C206368616E6E656C2020
:105F600064617461000000004368616E6E656C4D91
:105F7000616E616765723A20416666696E6974791F
:105F80002064726976657220270000002720636113
:105F90006E6E6F742068616E646C65206368616EFC
:105FA0006E656C2064617461202863686970736534
:105FB000742F627573206D69736D61746368292E27
:105FC0002000000046616C6C696E67206261636B43
:105FD00020746F204155544F2F7072696F7269742D
:105FE000792064697370617463682E004368616E20
:105FF0006E656C4D616E616765723A204E6F20630D
:106000006F6D70617469626C652064726976657227
:1060100020666F756E6420666F72206368616E6EB5
:10602000656C206461746100273A2044726976656A
:106030007220270027207761736E277420696E73A2
:1060400074616E7469617465642E205265736F6C3F
:10605000766520776974683A20000000283129208D
:10606000666C3A3A656E61626C6544726976657217
:10607000733C666C3A3A4275733A3A003E282920DE
:1060800000000000286C696E6B73206F6E6C7920C5
:106090007468697320647269766572292C20000027
:1060A00028322920466173744C45442E656E616226
:1060B0006C65416C6C44726976657273282920287E
:1060C0006C696E6B7320657665727920647269768F
:1060D0006572292C206F72200000000028332920CF
:1060E000466173744C45442E6164644C6564733C32
:1060F0002E2E2E2C20666C3A3A4275733A3A0000E6
:106100003E282E2E2E292000286C65676163792099
:106110004150493B2070696E7320427573202B20DB
:106120007472696767657273206C696E6B65722043
:106130006B6565702D616C697665292E2000000005
:1061400027206973207265676973746572656420BE
:106150006275742063616E6E6F742068616E646C2A
:10616000652074686973206368616E6E656C27735F
:10617000206368697073657420000000286275737D
:106180002F63686970736574206D69736D617463E2
:1061900068292E2044656661756C74696E67207489
:1061A0006F204155544F2F7072696F726974792056
:1061B00064697370617463682E000000273A204E92
:1061C0006F20636F6D70617469626C6520647269C1
:1061D00076657220666F756E64202D2063616E6E29
:1061E0006F74207472616E736D6974004368616EC0
:1061F0006E656C4D616E616765723A2054696D65BC
:106200006F7574206F636375727265642077686957
:106210006C652077616974696E6720666F722063B0
:106220006F6E646974696F6E000000004368616E90
:106230006E656C4D616E616765723A3A6164644483
:1062400072697665722829202D204E756C6C206449
:1062500072697665722070726F7669646564000099
:106260004368616E6E656C4D616E616765723A3A46
:106270006164644472697665722829202D20456E18
:1062800067696E652068617320656D707479206E32
:10629000616D6520286472697665722D3E6765744C
:1062A0004E616D6528292072657475726E65642073
:1062B000656D70747920737472696E6729000000CF
:1062C0004368616E6E656C4D616E616765723A3AE6
:1062D0006164644472697665722829202D205265B4
:1062E000706C6163696E67206578697374696E6745
:1062F0002064726976657220270000004368616E31
:106300006E656C4D616E616765723A3A61646444B2
:1063100072697665722829202D2027002720616C5C
:10632000726561647920726567697374657265640A
:10633000206174207072696F7269747920000000A6
:1063400020286964656D706F74656E74206E6F2DA2
:106350006F7029004368616E6E656C4D616E616798
:1063600065723A2057616974696E6720666F7220A2
:10637000616C6C206472697665727320746F206240
:1063800065636F6D65205245414459206265666FB3
:106390007265207265706C6163656D656E74000076
:1063A0004368616E6E656C4D616E616765723A201F
:1063B00052656D6F76696E67206F6C6420647269D8
:1063C00076657220270000002720287368617265B7
:1063D000645F707472206D61792064656C657465AA
:1063E000290000007C0000004E4F4E4500000000D8
:1063F0004368616E6E656C4D616E616765723A20CF
:1064000041646465642064726976657220270000C7
:106410002720287072696F7269747920000000006B
:106420002C20636170733A20000000004368616EA5
:106430006E656C4D616E616765723A2054696D6579
:106440006F7574206F636375727265642077686915
:106450006C652077616974696E6720666F7220527F
:1064600045414459206F7220445241494E494E479C
:1064700020737461746500005370694368616E6EC7
:10648000656C456E67696E65416461707465723AEA
:106490003A6372656174653A204E6F20636F6E7463
:1064A000726F6C6C6572732070726F76696465646C
:1064B000000000005370694368616E6E656C456E44
:1064C00067696E65416461707465723A3A637265BA
:1064D0006174653A2053697A65206D69736D6174E2
:1064E000636820696E20617267756D656E747300F4
:1064F0005370694368616E6E656C456E67696E6561
:10650000416461707465723A3A6372656174653AA8
:1065100020456D7074792061646170746572206EBD
:10652000616D65005370694368616E6E656C456EA0
:1065300067696E65416461707465723A204E756C6E
:106540006C20636F6E74726F6C6C65722061742066
:10655000696E6465782000005370694368616E6EEF
:10656000656C456E67696E65416461707465723A09
:10657000205265676973746572656420636F6E7419
:10658000726F6C6C65722027000000002C206C611B
:106590006E65733A200000005370694368616E6E47
:1065A000656C456E67696E65416461707465723AC9
:1065B000204E6F2076616C696420636F6E74726F19
:1065C0006C6C65727320726567697374657265645B
:1065D000000000005370694368616E6E656C456E23
:1065E00067696E65416461707465723A20436F6ECD
:1065F00074726F6C6C6572200000000020616C7218
:106600006561647920696E697469616C697A656431
:10661000207769746820646966666572656E7420A7
:10662000636C6F636B2070696E0000005370694388
:1066300068616E6E656C456E67696E654164617018
:106640007465723A204661696C656420746F2069D4
:106650006E697469616C697A6520000053706943E2
:1066600068616E6E656C456E67696E6541646170E8
:106670007465723A20496E697469616C697A6564FF
:1066800020000000207769746820636C6F636B20C2
:1066900070696E20000000005370694368616E6E7F
:1066A000656C456E67696E65416461707465723AC8
:1066B000204D756C74692D6C616E6520696E69740E
:1066C000206E6F742079657420696D706C656D65DE
:1066D0006E746564000000005370694368616E6EFB
:1066E000656C456E67696E65416461707465723A88
:1066F000204E6F6E2D535049206368697073657426
:1067000020696E2067726F75704279436C6F636B9E
:1067100050696E005370694368616E6E656C456EBA
:1067200067696E65416461707465723A204E6F6E80
:106730002D535049206368697073657420696E2019
:106740007472616E736D69744261746368000000F5
:106750005370694368616E6E656C456E67696E65FE
:10676000416461707465723A204E6F206176616990
:106770006C61626C6520636F6E74726F6C6C6572B5
:1067800020666F7220636C6F636B2070696E2000EF
:106790005370694368616E6E656C456E67696E65BE
:1067A000416461707465723A20456D70747920633C
:1067B00068616E6E656C206461746100537069433A
:1067C00068616E6E656C456E67696E654164617087
:1067D0007465723A205472616E736D697474696E77
:1067E00067206368616E6E656C20766961200000C9
:1067F000202870696E20000020627974657329007A
:106800005370694368616E6E656C456E67696E654D
:10681000416461707465723A204661696C656420F8
:10682000746F206163717569726520444D41206207
:10683000756666657220286572726F7220000000AE
:106840005370694368616E6E656C456E67696E650D
:10685000416461707465723A20444D4120627566EE
:1068600066657220746F6F20736D616C6C202800F8
:10687000203C20005370694368616E6E656C456E04
:1068800067696E65416461707465723A2054726123
:106890006E736D697373696F6E206661696C656490
:1068A000000000005370694368616E6E656C456E50
:1068B00067696E65416461707465723A20547261F3
:1068C0006E736D697373696F6E207175657565643C
:1068D000207375636365737366756C6C7900000073
:1068E0005370694368616E6E656C456E67696E656D
:1068F000416461707465723A205472616E736D699F
:106900007373696F6E2074696D656F757400000034
:106910005370694368616E6E656C456E67696E653C
:10692000416461707465723A2042617463682074D6
:1069300072616E736D697373696F6E20636F6D70D2
:106940006C657465000000005370694368616E6E89
:10695000656C456E67696E65416461707465723A15
:106960002073686F7728292063616C6C65642077D9
:106970006974682000000000206368616E6E656CB9
:10698000730000005370694368616E6E656C456EFC
:1069900067696E65416461707465723A2047726F11
:1069A0007570656420696E746F20000020636C6FE1
:1069B000636B2070696E2067726F757073000000E2
:1069C0005370694368616E6E656C456E67696E658C
:1069D000416461707465723A205472616E736D69BE
:1069E0007474696E672067726F7570207769746858
:1069F00020636C6F636B2070696E2000202800009C
:106A0000206368616E6E656C732900005370694382
:106A100068616E6E656C456E67696E654164617034
:106A20007465723A204661696C656420746F2074E5
:106A300072616E736D697420626174636820666F41
:106A40007220636C6F636B2070696E200000000021
:106A50005370694368616E6E656C456E67696E65FB
:106A6000416461707465723A2073686F77282920D9
:106A7000636F6D706C65746500000000554353379B
:106A80003630342063616E6E6F7420636172727988
:106A900020352D6368616E6E656C205247425757F2
:106AA00020E280942074686973206368697073655C
:106AB0007420616C7761797320656D69747320341B
:106AC0002D6368616E6E656C20524742572E2054CC
:106AD0006865207761726D2F636F6F6C20776869CE
:106AE0007465206368616E6E656C7320696E2079D1
:106AF0006F757220526762777720636F6E66696781
:106B00002077696C6C2062652064726F70706564B8
:106B10002E20536574204368616E6E656C4F7074EF
:106B2000696F6E732E6D5768697465436667203DA3
:106B300020526762777B2E2E2E7D20696E737465DE
:106B4000616420746F2073696C656E63652074687E
:106B50006973207761726E696E672E00273A205341
:106B60006B697070696E6720616464546F44726110
:106B7000774C6973742829202D20616C72656164DB
:106B80007920696E2064726177206C6973740000EB
:106B9000273A2073686F77506978656C73282920CD
:106BA00063616C6C6564207768696C65206D43680F
:106BB000616E6E656C4461746120697320696E203A
:106BC000757365206279206472697665722C206124
:106BD0007474656D7074696E6720746F2077616975
:106BE00074000000273A2054696D656F7574206F3A
:106BF00063637572726564207768696C652077617C
:106C00006974696E6720666F722064726976657256
:106C100020746F206265636F6D6520524541445951
:106C200000000000273A20456E67696E65206265A6
:106C300063616D65205245414459206166746572F7
:106C40002077616974696E6700000000273A205858
:106C5000594D61702064696D656E73696F6E732044
:106C6000280000002920646F6E2774206D61746312
:106C700068204C454420636F756E74202800000026
:106C8000292E2041646472657373696E6720747283
:106C9000616E73666F726D6174696F6E206D61797C
:106CA0002070726F6475636520756E6578706563BA
:106CB00074656420726573756C74732E0000000037
:106CC000273A204E6F2064726976657220626F7574
:106CD0006E642079657420746865206D4368616E08
:106CE0006E656C4461746120697320696E207573F0
:106CF00065202D2063616E6E6F74207472616E73F7
:106D00006D6974004155544F00000000524D54000D
:106D10005041524C494F0000493253004932535FB1
:106D2000535049004C43445F524742004C43445F38
:106D3000535049004C43445F434C4F434B4C4553E5
:106D4000530000005541525400000000464C455885
:106D50005F494F004F424A4543545F464C4544000B
:106D60004C505541525400004249545F42414E47F5
:106D700000000000554E4E414D45442043484950C7
:106D800053455400433A5C636F6465782D746F6FAC
:106D90006C735C7465656E737934312D6C696273E4
:106DA0005C7465656E737934315F756E7769726591
:106DB000645F62656E63685C466173744C45445CF5
:106DC0007372632F666C2F6766782F726762772EF7
:106DD0006370702E68707000524742573A206B52B1
:106DE000474257436F6C6F72696D657472696320B7
:106DF00072657175657374656420627574204641AF
:106E000053544C45445F524742575F434F4C4F5297
:106E1000494D4554524943206973206E6F74206474
:106E20006566696E656420E280942066616C6C69B9
:106E30006E67206261636B20746F206B524742570C
:106E40004578616374436F6C6F72732E204465667E
:106E5000696E6520464153544C45445F5247425742
:106E60005F434F4C4F52494D45545249433D3120A9
:106E7000746F20656E61626C652074686520636F55
:106E80006C6F72696D657472696320706174682ECD
:106E900000000000524742573A206B524742574386
:106EA0006F6C6F72696D6574726963426F6F737432
:106EB00065642072657175657374656420627574AC
:106EC00020464153544C45445F524742575F434F1D
:106ED0004C4F52494D4554524943206973206E6FBF
:106EE0007420646566696E656420E2809420666142
:106EF0006C6C696E67206261636B20746F206B52EB
:106F00004742574578616374436F6C6F72732E20EC
:106F1000446566696E6520464153544C45445F5252
:106F20004742575F434F4C4F52494D455452494396
:106F30003D3120746F20656E61626C6520746865F8
:106F400020636F6C6F72696D657472696320706124
:106F500074682E00433A5C636F6465782D746F6FBC
:106F60006C735C7465656E737934312D6C69627312
:106F70005C7465656E737934315F756E77697265BF
:106F8000645F62656E63685C466173744C45445C23
:106F90007372632F666C2F6766782F7267627777DC
:106FA0002E6370702E6870700000000052474257C8
:106FB000573A206B5247425757436F6C6F72696D57
:106FC00065747269632072657175697265732046B4
:106FD0004153544C45445F524742575F434F4C4FD7
:106FE00052494D45545249433D312028746865202B
:106FF0006D617468206C6962726172792074686175
:10700000742070726F766964657320736F6C766537
:107010005F726762636374292E204F757470757494
:1070200074696E67207A65726F732E0052474257FB
:10703000573A206B5247425757436F6C6F72696DD6
:107040006574726963426F6F7374656420726571F1
:10705000756972657320464153544C45445F5247ED
:1070600042575F434F4C4F52494D45545249433D5F
:10707000312E204F757470757474696E67207A654F
:10708000726F732E00000000293A205741524E3A89
:1070900020000000293A204552524F523A20000069
:1070A000293A20494E464F3A20000000433A5C639B
:1070B0006F6465782D746F6F6C735C7465656E7347
:1070C0007934312D6C6962735C7465656E737934E3
:1070D000315F756E77697265645F62656E63685C67
:1070E000466173744C45445C7372632F666C2F74F5
:1070F00061736B2F7363686564756C65722E637062
:10710000702E6870700000005B666C3A3A746173B0
:107110006B5D205761726E696E673A206E6F2074E6
:1071200068656E28292063616C6C6261636B2073F3
:10713000657420666F72205461736B230000000039
:10714000206C61756E6368656420617420000000C6
:10715000433A5C636F6465782D746F6F6C735C7415
:1071600065656E737934312D6C6962735C74656525
:107170006E737934315F756E77697265645F6265CD
:107180006E63685C466173744C45445C7372632F34
:10719000666C2F7461736B2F6578656375746F729D
:1071A0002E6370702E687070000000007461736B45
:1071B0003A3A72756E2072652D656E7472616E63F7
:1071C000792064657465637465642C20736B6970E1
:1071D00070696E67206E65737465642063616C6CA2
:1071E00000000000433A5C636F6465782D746F6F34
:1071F0006C735C7465656E737934312D6C69627380
:107200005C7465656E737934315F756E776972652C
:10721000645F62656E63685C466173744C45445C90
:107220007372632F706C6174666F726D732F61720D
:107230006D2F7465656E73792F636F726F757469E6
:107240006E655F7465656E73792E696D706C2E68FE
:1072500070700000436F726F7574696E65506C6179
:1072600074666F726D5465656E73793A2046616914
:107270006C656420746F20616C6C6F636174652051
:10728000737461636B000000433A5C636F646578FC
:107290002D746F6F6C735C7465656E737934312D0A
:1072A0006C6962735C7465656E737934315F756E99
:1072B00077697265645F62656E63685C466173746A
:1072C0004C45445C7372632F706C6174666F726DB1
:1072D000732F61726D2F7465656E73792F74656598
:1072E0006E7379345F636F6D6D6F6E2F72785F664A
:1072F0006C6578696F5F6368616E6E656C2E637034
:10730000702E6870700000005B466C6578494F20F5
:1073100052585D207761697428292054494D454FA2
:107320005554206166746572200000006D733A0048
:1073300020444D4120636F6D706C6574653D0000A5
:10734000206572726F723D002043495445523D00E2
:107350002F00000020287472616E73666572735F7F
:10736000646F6E653D0000005B466C6578494F2098
:1073700052585D20706F73742D74696D656F7574EC
:1073800020464C4558494F313A00000020534849A7
:107390004654535441543D3078000000205348492E
:1073A00046544552523D3078000000002054494D6B
:1073B000535441543D307800204354524C3D307872
:1073C000000000005B466C6578494F2052585D20F4
:1073D0006D436170747572654275666665725B3087
:1073E0002E2E375D3A203078000000005B466C6539
:1073F00078494F2052585D207761697428292053BD
:107400005543434553533A207472616E73666572F7
:10741000735F646F6E653D00433A5C636F646578CB
:107420002D746F6F6C735C7465656E737934312D78
:107430006C6962735C7465656E737934315F756E07
:1074400077697265645F62656E63685C46617374D8
:107450004C45445C7372632F706C6174666F726D1F
:10746000732F61726D2F7465656E73792F74656506
:107470006E7379345F636F6D6D6F6E2F7370695FBC
:1074800068775F325F6D787274313036322E637098
:10749000702E6870700000005370694877324D5844
:1074A0005254313036323A20427573206D69736D13
:1074B00061746368202D206578706563746564204D
:1074C000000000002C20676F742000005370694892
:1074D00077324D585254313036323A20496E766107
:1074E0006C696420627573206E756D626572200030
:1074F0005370694877324D585254313036323A2001
:107500004475616C2D5350492072657175697265BF
:107510007320626F746820646174613020616E64EE
:107520002064617461312070696E73005370694822
:1075300077324D585254313036323A20496E7661A6
:107540006C69642070696E20636F6D62696E61742E
:10755000696F6E20666F72206275732000000000F4
:10756000202045787065637465643A2053434B3D31
:10757000000000002044303D000000002044313D68
:10758000000000002020476F743A2053434B3D0019
:10759000554E53455400000050696E206E756D6263
:1075A00065722065786365656473204E554D5F4450
:1075B00049474954414C5F50494E5320666F7220F1
:1075C0007468697320626F617264202D2070696E27
:1075D000206973206F7574206F662076616C696412
:1075E0002072616E6765000050696E20646F65737C
:1075F000206E6F74206D617020746F206120766141
:107600006C6964204750494F20706F72742028477E
:1076100050494F362D3929202D206D617920626522
:1076200020612067726F756E642F706F7765722F9F
:10763000726561642D6F6E6C792070696E00000058
:107640005741524E494E473A2050696E2069732087
:1076500053657269616C3120554152542028303D88
:107660005258312C20313D54583129202D206D6144
:1076700079206361757365206E6F6973652F736917
:10768000676E616C2069737375657320616E642029
:107690006166666563742073657269616C206465F8
:1076A00062756767696E67005741524E494E473AA7
:1076B0002050696E2069732053657269616C3220B5
:1076C000554152542028373D5258322C20383D54D1
:1076D000583229202D206D617920636175736520F2
:1076E0006E6F6973652F7369676E616C2069737360
:1076F000756573005741524E494E473A2050696EA6
:107700002069732053504920627573202831313D20
:107710004D4F53492C2031323D4D49534F2C203190
:10772000333D53434B29202D206D617920636175D2
:107730007365206E6F69736520616E6420636F6E80
:10774000666C696374207769746820666C6173681D
:107750002F5344207065726970686572616C7300A4
:107760005741524E494E473A2050696E2069732066
:107770005350493120627573202832363D4D4F53A6
:1077800049312C2032373D53434B3129202D206D78
:107790006179206361757365206E6F69736520611F
:1077A0006E6420636F6E666C6963742077697468B9
:1077B000207065726970686572616C73000000000A
:1077C0005741524E494E473A2050696E2069732006
:1077D00049324320627573202831383D534441308B
:1077E0002C2031393D53434C3029202D206D6179B7
:1077F000206361757365206E6F69736520616E64C7
:1078000020636F6E666C69637420776974682049C1
:107810003243206465766963657300005741524EB8
:10782000494E473A2050696E2069732049324320FF
:10783000627573202831363D53434C312C2031374B
:107840003D5344413129202D206D617920636175BC
:107850007365206E6F69736520616E6420636F6E5F
:10786000666C6963742077697468204932432064C8
:107870006576696365730000433A5C636F6465789D
:107880002D746F6F6C735C7465656E737934312D14
:107890006C6962735C7465656E737934315F756EA3
:1078A00077697265645F62656E63685C4661737474
:1078B0004C45445C7372632F706C6174666F726DBB
:1078C000732F61726D2F7465656E73792F696E69A0
:1078D000745F7465656E7379342E6370702E687092
:1078E000700000005465656E737920342E783A205C
:1078F000506C6174666F726D20696E697469616C39
:10790000697A6174696F6E207374617274696E67ED
:10791000000000005465656E737920342E783A209B
:10792000506C6174666F726D20696E697469616C08
:10793000697A6174696F6E20636F6D706C657465D0
:1079400000000000433A5C636F6465782D746F6FCC
:107950006C735C7465656E737934312D6C69627318
:107960005C7465656E737934315F756E77697265C5
:10797000645F62656E63685C466173744C45445C29
:107980007372632F706C6174666F726D732F73689E
:10799000617265642F636F726F7574696E655F6382
:1079A0006F6E746578742E6370702E68707000004E
:1079B000464154414C3A20537461636B206F7665A5
:1079C00072666C6F772064657465637465642069A2
:1079D0006E20636F726F7574696E6500433A5C6305
:1079E0006F6465782D746F6F6C735C7465656E730E
:1079F0007934312D6C6962735C7465656E737934AA
:107A0000315F756E77697265645F62656E63685C2D
:107A1000466173744C45445C7372632F706C61747F
:107A2000666F726D732F61726D2F7465656E7379F9
:107A30002F7465656E7379345F636F6D6D6F6E2F34
:107A40007370695F68775F6D616E616765725F6DA6
:107A5000787274313036322E6370702E6870700018
:107A60005465656E737920342E783A20496E6974B6
:107A700069616C697A696E67205350492068617248
:107A800064776172650000005465656E7379203417
:107A90002E783A205265676973746572696E672043
:107AA00053706948773420696E7374616E636573CF
:107AB000000000005350493100000000535049328B
:107AC000000000005465656E737920342E783A20EA
:107AD00053706948773420696E7374616E6365739F
:107AE0002072656769737465726564005465656EBC
:107AF000737920342E783A20526567697374657201
:107B0000696E672053706948773220696E737461BB
:107B10006E636573000000005465656E73792034F0
:107B20002E783A2053706948773220696E737461F9
:107B30006E6365732072656769737465726564004E
:107B40005465656E737920342E783A20535049205D
:107B5000686172647761726520696E697469616CCD
:107B6000697A656400000000433A5C636F6465787D
:107B70002D746F6F6C735C7465656E737934312D21
:107B80006C6962735C7465656E737934315F756EB0
:107B900077697265645F62656E63685C4661737481
:107BA0004C45445C7372632F706C6174666F726DC8
:107BB000732F61726D2F7465656E73792F746565AF
:107BC0006E7379345F636F6D6D6F6E2F696E69745C
:107BD0005F6368616E6E656C5F6472697665725F23
:107BE0006D787274313036322E6370702E6870701A
:107BF000000000005465656E737920342E783A20B9
:107C00004C617A7920696E697469616C697A617412
:107C1000696F6E206F66206368616E6E656C2064AC
:107C200072697665727300005465656E73792034ED
:107C30002E783A205265676973746572696E6720A1
:107C4000466C6578494F206368616E6E656C206490
:107C500072697665720000005465656E7379203430
:107C60002E783A20526567697374657265642046A0
:107C70006C6578494F20647269766572202870724D
:107C8000696F726974792038290000005465656E47
:107C9000737920342E783A2052656769737465725F
:107CA000696E67204F626A656374464C4544206381
:107CB00068616E6E656C20647269766572000000A2
:107CC0005465656E737920342E783A205265676961
:107CD000737465726564204F626A656374464C45CF
:107CE000442064726976657220287072696F7269C7
:107CF00074792035290000005465656E737920344D
:107D00002E783A205265676973746572696E6720D0
:107D1000756E696669656420485720535049206331
:107D200068616E6E656C2064726976657200000031
:107D30005465656E737920342E783A20466F756EDF
:107D4000642000002053706948773420636F6E749C
:107D5000726F6C6C657273002053706948773220C3
:107D6000636F6E74726F6C6C657273005350495F11
:107D7000554E4946494544005465656E7379203433
:107D80002E783A2052656769737465726564207550
:107D90006E6966696564205350492064726976652E
:107DA000722077697468200020636F6E74726F6C44
:107DB0006C65727320287072696F72697479200023
:107DC0005465656E737920342E783A204661696C6B
:107DD000656420746F2063726561746520756E69D7
:107DE00066696564205350492061646170746572EE
:107DF000000000005465656E737920342E783A20B7
:107E00004E6F20535049206861726477617265201B
:107E1000636F6E74726F6C6C6572732061766169EA
:107E20006C61626C650000005465656E7379203486
:107E30002E783A204368616E6E656C2064726976B4
:107E400065727320696E697469616C697A65640032
:107E5000433A5C636F6465782D746F6F6C735C7408
:107E600065656E737934312D6C6962735C74656518
:107E70006E737934315F756E77697265645F6265C0
:107E80006E63685C466173744C45445C7372632F27
:107E900074686972645F70617274792F6F626A6569
:107EA00063745F666C65642F7372632F4F6A6563DA
:107EB00074464C45442E6370702E6870700000004C
:107EC0003D3D3D3D3D3D3D3D3D3D3D3D3D3D3D3DE2
:107ED0003D3D3D3D3D3D3D3D3D3D3D3D3D3D3D3DD2
:107EE0003D3D3D3D3D3D3D3D3D3D3D3D3D3D3D3DC2
:107EF0003D3D3D3D3D3D3D3D3D3D3D3D3D3D3D3DB2
:107F00003D3D3D3D3D3D3D3D3D3D3D3D3D3D3D3DA1
:107F100000000000464153544C454420435249540C
:107F20004943414C204552524F523A204E6F2076E1
:107F3000616C69642070696E7320636F6E66696737
:107F40007572656421000000416C6C200000000027
:107F50002070696E73206661696C65642076616C5F
:107F600069646174696F6E2E000000004F626A657B
:107F70006374464C45442064726976657220697367
:107F80002064697361626C6564202D206E6F204CE3
:107F90004544732077696C6C20626520757064615C
:107FA0007465642E00000000464153544C45442043
:107FB0004552524F523A2050696E2000206973207A
:107FC000494E56414C494420616E642068617320DB
:107FD0006265656E2064697361626C6564000000AF
:107FE000464153544C4544205741524E494E473A1E
:107FF0002050696E20000000206D61792068617654
:1080000065206973737565730000000020646F65F7
:1080100073206E6F74206D617020746F204750491B
:108020004F362D3920286F66667365743D00000059
:10803000546869732070696E206D617920626520D3
:10804000612067726F756E642F706F7765722F7223
:108050006561642D6F6E6C792070696E202D2073C0
:10806000747269702064697361626C6564000000F9
:10807000464153544C4544205741524E494E473A8D
:10808000204F6E6C79200000206F662000000000F9
:108090002070696E73206172652076616C6964007E
:1080A000537472697073206F6E20696E76616C69AB
:1080B000642070696E732077696C6C206E6F742019
:1080C00066756E6374696F6E2E000000716E657464
:1080D0006865726E65742D6C776970002575000097
:1080E000433A5C636F6465782D746F6F6C735C7476
:1080F00065656E737934312D6C6962735C74656586
:108100006E737934315F756E77697265645F62652D
:108110006E63685C514E45746865726E65745C731D
:1081200072635C716E65746865726E65745C514EE5
:1081300045746865726E65742E637070000000008F
:10814000457870656374656420636F6D706C6574E9
:108150006520696E74657266616365206E616D6528
:108160002066696C6C000000417373657274696FFE
:108170006E2022257322206661696C65642061741B
:10818000206C696E6520256420696E2025730A00C5
:1081900025730000766563746F723A3A5F4D5F72C3
:1081A000616E67655F696E73657274004F75747098
:1081B0007574207061636B657420746F6F206C61DF
:1081C00072676500433A5C636F6465782D746F6F06
:1081D0006C735C7465656E737934312D6C69627390
:1081E0005C7465656E737934315F756E776972653D
:1081F000645F62656E63685C514E45746865726E5B
:1082000065745C7372635C716E65746865726E65CB
:10821000745C514E45746865726E65745544502E99
:108220006370700063616E6E6F7420637265617459
:1082300065207374643A3A766563746F72206C617A
:1082400072676572207468616E206D61785F736912
:108250007A65282900000000433A5C636F64657802
:108260002D746F6F6C735C7465656E737934312D2A
:108270006C6962735C7465656E737934315F756EB9
:1082800077697265645F62656E63685C514E4574C0
:108290006865726E65745C7372635C716E65746838
:1082A00065726E65745C647269766572735C647223
:1082B000697665725F7465656E737934312E6370AB
:1082C00070000000457870656374656420737061A8
:1082D000636520666F7220706275662066696C6CDB
:1082E0000000000025733A25643A257328290D0AF9
:1082F00000000000433A5C636F6465782D746F6F13
:108300006C735C7465656E737934312D6C6962735E
:108310005C7465656E737934315F756E776972650B
:10832000645F62656E63685C514E45746865726E29
:1083300065745C7372635C716E65746865726E659A
:10834000745C716E65746865726E65745F68616C8B
:108350002E6370700000000046756E6374696F6E66
:108360002063616C6C65642066726F6D20696E7449
:1083700065727275707420636F6E74657874000036
:10838000656E74726F70792067656E65726174696D
:108390006F6E206572726F7200000000433A5C637A
:1083A0006F6465782D746F6F6C735C7465656E7344
:1083B0007934312D6C6962735C7465656E737934E0
:1083C000315F756E77697265645F62656E63685C64
:1083D000514E45746865726E65745C7372635C6C53
:1083E0007769705C617070735C6D646E735C6D64F2
:1083F0006E732E63000000006D646E735F726573B0
:10840000705F72656D6F76655F6E657469663A2040
:108410004E756C6C20706F696E74657200000000A0
:1084200025640000696E2D61646472006172706180
:10843000000000006C6F63616C0000005F73657288
:1084400076696365730000005F646E732D7364006A
:108450005F756470000000005F74637000000000CE
:10846000433A5C636F6465782D746F6F6C735C74F2
:1084700065656E737934312D6C6962735C74656502
:108480006E737934315F756E77697265645F6265AA
:108490006E63685C514E45746865726E65745C739A
:1084A00072635C6C7769705C697076345C6175745A
:1084B0006F69702E630000006E6574696620213D4F
:1084C000204E554C4C0000006175746F697020217E
:1084D0003D204E554C4C00006E6574696620616C01
:1084E00072656164792068617320612073747275AC
:1084F0006374206175746F69702073657400000087
:10850000433A5C636F6465782D746F6F6C735C7451
:1085100065656E737934312D6C6962735C74656561
:108520006E737934315F756E77697265645F626509
:108530006E63685C514E45746865726E65745C73F9
:1085400072635C6C7769705C697076345C646863D4
:10855000702E6300646863705F6372656174655F49
:108560006D73673A20636865636B2074686174207B
:10857000666972737420706275662063616E20682C
:108580006F6C642073747275637420646863705FC9
:108590006D736700646863705F696E635F706362C8
:1085A0005F726566636F756E7428293A206D656D1C
:1085B0006F7279206C65616B000000006468637005
:1085C0005F6F7074696F6E3A206F7074696F6E734D
:1085D0005F6F75745F6C656E202B2032202B206FCF
:1085E0007074696F6E5F6C656E203C3D204448433B
:1085F000505F4F5054494F4E535F4C454E00000062
:10860000646863705F6F7074696F6E5F62797465C0
:108610003A206F7074696F6E735F6F75745F6C650D
:108620006E203C20444843505F4F5054494F4E53B6
:108630005F4C454E00000000646863705F6F7074AB
:10864000696F6E5F6C6F6E673A206F7074696F6EE2
:10865000735F6F75745F6C656E202B2034203C3D1A
:1086600020444843505F4F5054494F4E535F4C4550
:108670004E000000646863705F7063625F726566DD
:10868000636F756E7428293A20726566636F756E24
:1086900074206572726F7200444843503A20686FCC
:1086A00073746E616D6520697320746F6F206C6FD9
:1086B0006E672100636865636B206465636F646542
:1086C0005F696478000000006468637020213D20C9
:1086D0004E554C4C000000006E6574696620616C5C
:1086E00072656164792068617320612073747275AA
:1086F000637420646863702073657400696E7661CA
:108700006C696420646863702D3E737461746500E5
:10871000433A5C636F6465782D746F6F6C735C743F
:1087200065656E737934312D6C6962735C7465654F
:108730006E737934315F756E77697265645F6265F7
:108740006E63685C514E45746865726E65745C73E7
:1087500072635C6C7769705C697076345C657468B0
:108760006172702E63000000636865636B2074683B
:10877000617420666972737420706275662063612B
:108780006E20686F6C6420737472756374206574F6
:10879000686172705F686472000000006E657469E1
:1087A000662D3E6877616464725F6C656E206D75DE
:1087B0007374206265207468652073616D65206143
:1087C00073204554485F4857414444525F4C454EDE
:1087D00020666F722065746861727021000000006D
:1087E0006172705F7461626C655B695D2E71203DC2
:1087F0003D204E554C4C00006172705F7461626C9C
:10880000655B695D2E7374617465203D3D20455440
:10881000484152505F53544154455F454D5054595F
:10882000000000006172705F7461626C655B617270
:10883000705F6964785D2E7374617465203E3D20BD
:108840004554484152505F53544154455F5354413D
:10885000424C450069706164647220213D204E5590
:108860004C4C00006574685F72657420213D204E99
:10887000554C4C006E657469662D3E687761646482
:10888000725F6C656E203D3D204554485F485741FE
:108890004444525F4C454E006E6F207061636B65BF
:1088A000742071756575657320616C6C6F77656494
:1088B000210000007120213D204E554C4C0000004D
:1088C000433A5C636F6465782D746F6F6C735C748E
:1088D00065656E737934312D6C6962735C7465659E
:1088E0006E737934315F756E77697265645F626546
:1088F0006E63685C514E45746865726E65745C7336
:1089000072635C6C7769705C697076345C69676D02
:10891000702E630069676D705F6C6F6F6B75705F51
:1089200067726F75703A2066697273742067726F30
:108930007570206D75737420626520616C6C73793D
:108940007374656D7300000069676D705F6C6F6FA5
:108950006B75705F67726F75703A20616C6C206523
:1089600078636570742066697273742067726F75BE
:1089700070206D757374206E6F7420626520616C59
:108980006C73797374656D730000000069676D70B6
:108990005F73656E643A20636865636B2074686119
:1089A0007420666972737420706275662063616EEC
:1089B00020686F6C64207374727563742069676DCE
:1089C000705F6D7367000000433A5C636F646578A5
:1089D0002D746F6F6C735C7465656E737934312DB3
:1089E0006C6962735C7465656E737934315F756E42
:1089F00077697265645F62656E63685C514E457449
:108A00006865726E65745C7372635C6C7769705CC8
:108A1000697076345C6970342E630000702D3E728C
:108A20006566203D3D203100636865636B20746896
:108A30006174206669727374207062756620636168
:108A40006E20686F6C642073747275637420697033
:108A50005F68647200000000433A5C636F6465788D
:108A60002D746F6F6C735C7465656E737934312D22
:108A70006C6962735C7465656E737934315F756EB1
:108A800077697265645F62656E63685C514E4574B8
:108A90006865726E65745C7372635C6C7769705C38
:108AA000697076345C6970345F616464722E63004F
:108AB000756E68616E646C6564000000433A5C63C7
:108AC0006F6465782D746F6F6C735C7465656E731D
:108AD0007934312D6C6962735C7465656E737934B9
:108AE000315F756E77697265645F62656E63685C3D
:108AF000514E45746865726E65745C7372635C6C2C
:108B00007769705C697076345C6970345F66726135
:108B1000672E630073616E69747920636865636BA7
:108B2000206C696E6B6564206C69737400000000D2
:108B300070637220213D204E554C4C00707265765A
:108B400020213D2069707200707265762D3E6E6541
:108B50007874203D3D206970720000007062756677
:108B6000735F6672656564202B20636C656E203CC4
:108B70003D203078666666660000000069705F72AE
:108B8000656173735F70627566636F756E74203EA6
:108B90003D2070627566735F6672656564000000F3
:108BA00073616E69747920636865636B000000000F
:108BB00076616C69646174655F6461746167726138
:108BC0006D3A6E6578745F70627566213D4E554CE6
:108BD0004C00000069705F72656173735F7062754D
:108BE00066636F756E74203E3D20636C656E000099
:108BF0006E6F74206669727374616C74686F7567E8
:108C000068206A75737420656E717565756564009A
:108C100074686973206E6565647320612070627585
:108C20006620696E206F6E6520706965636521003E
:108C3000702D3E6C656E203E3D20706F66660000B4
:108C4000433A5C636F6465782D746F6F6C735C740A
:108C500065656E737934312D6C6962735C7465651A
:108C60006E737934315F756E77697265645F6265C2
:108C70006E63685C514E45746865726E65745C73B2
:108C800072635C6C7769705C6D656D2E63000000CB
:108C90006D616C6C6F632829206D7573742072652B
:108CA0007475726E20616C69676E6564206D656DA8
:108CB0006F727900726D656D20213D204E554C4CD0
:108CC00000000000726D656D203D3D204D454D5FFB
:108CD000414C49474E28726D656D2900433A5C63EB
:108CE0006F6465782D746F6F6C735C7465656E73FB
:108CF0007934312D6C6962735C7465656E73793497
:108D0000315F756E77697265645F62656E63685C1A
:108D1000514E45746865726E65745C7372635C6C09
:108D20007769705C6D656D702E6300006D656D70A8
:108D30005F6D616C6C6F633A206D656D7020707251
:108D40006F7065726C7920616C69676E6564000094
:108D50006D656D705F667265653A206D656D20703A
:108D6000726F7065726C7920616C69676E65640002
:108D7000433A5C636F6465782D746F6F6C735C74D9
:108D800065656E737934312D6C6962735C746565E9
:108D90006E737934315F756E77697265645F626591
:108DA0006E63685C514E45746865726E65745C7381
:108DB00072635C6C7769705C6E657469662E6300C3
:108DC0006E657469665F69737375655F7265706FF0
:108DD0007274733A20696E76616C6964206E657492
:108DE0006966000063616C6C6261636B206D757312
:108DF0007420626520213D204E554C4C000000003F
:108E0000666E206D75737420626520213D204E557D
:108E10004C4C00006E65746966206D757374206239
:108E20006520213D204E554C4C00000073696E6753
:108E30006C65206E6574696620616C726561647929
:108E400020736574000000006E657469662D3E68CD
:108E500077616464725F6C656E203C3D204E4554C2
:108E600049465F4D41585F4857414444525F4C4525
:108E70004E000000433A5C636F6465782D746F6F39
:108E80006C735C7465656E737934312D6C696273D3
:108E90005C7465656E737934315F756E7769726580
:108EA000645F62656E63685C514E45746865726E9E
:108EB00065745C7372635C6C7769705C7062756614
:108EC0002E6300007062756620726566206F76659D
:108ED00072666C6F77000000706275665F636F701A
:108EE00079206661696C656400000000696E7661D6
:108EF0006C696420706275665F747970650000004B
:108F00007020213D204E554C4C000000706275666B
:108F10005F667265653A20702D3E726566203E2060
:108F20003000000070632D3E637573746F6D5F6673
:108F30007265655F66756E6374696F6E20213D2092
:108F40004E554C4C00000000696E76616C696420DF
:108F500070627566207479706500000070627566D5
:108F60005F616C6C6F633A206572726F6E656F75CE
:108F70007320747970650000706275665F72656158
:108F80006C6C6F633A207020213D204E554C4C0094
:108F9000706275665F7265616C6C6F633A207120F8
:108FA000213D204E554C4C006D656D5F7472696DAE
:108FB0002072657475726E65642072203D3D204E8E
:108FC000554C4C006D656D5F7472696D20726574EF
:108FD00075726E6564207220213D207100000000D2
:108FE0004372656174696E6720616E20696E66699F
:108FF0006E697465206C6F6F70000000702D3E7498
:109000006F745F6C656E203D3D20702D3E6C656E0B
:1090100020286F66206C6173742070627566206909
:109020006E20636861696E29000000006F666673D8
:1090300065745F746F203C3D20705F746F2D3E6CD3
:10904000656E00006F66667365745F66726F6D2093
:109050003C3D20705F66726F6D2D3E6C656E00004A
:10906000706275665F74616B653A20696E76616CDB
:109070006964207062756600646964206E6F742094
:10908000636F707920616C6C206461746100000012
:10909000433A5C636F6465782D746F6F6C735C74B6
:1090A00065656E737934312D6C6962735C746565C6
:1090B0006E737934315F756E77697265645F62656E
:1090C0006E63685C514E45746865726E65745C735E
:1090D00072635C6C7769705C7261772E630000006C
:1090E0007261772070636220726563762063616CC1
:1090F0006C6261636B20616C746572656420706280
:109100007566207061796C6F616420706F696E7430
:10911000657220776974686F757420656174696E13
:1091200067207061636B657400000000433A5C6304
:109130006F6465782D746F6F6C735C7465656E73A6
:109140007934312D6C6962735C7465656E73793442
:10915000315F756E77697265645F62656E63685CC6
:10916000514E45746865726E65745C7372635C6CB5
:109170007769705C7463702E630000007063622016
:10918000213D204E554C4C007463705F66726565DE
:109190003A204C495354454E000000007463705F00
:1091A0007570646174655F7263765F616E6E5F7720
:1091B0006E643A20696E76616C6964207063620047
:1091C0006E65775F7263765F616E6E5F776E642047
:1091D0003C3D20307866666666000000646F6E274E
:1091E000742063616C6C207463705F726563766574
:1091F0006420666F72206C697374656E2D70636293
:10920000730000007463705F7365675F636F7079EC
:109210003A20696E76616C696420736567000000AE
:109220007463705F736C6F77746D723A20616374EE
:10923000697665207063622D3E73746174652021C8
:109240003D20434C4F534544000000007463705F61
:10925000736C6F77746D723A206163746976652000
:109260007063622D3E737461746520213D204C490A
:109270005354454E000000007463705F736C6F7749
:10928000746D723A20616374697665207063622D33
:109290003E737461746520213D2054494D452D571E
:1092A000414954007463705F736C6F7774696D72B9
:1092B0003A2070657273697374207469636B696EA8
:1092C00067207769746820696E2D666C69676874B9
:1092D00020646174610000007463705F736C6F7769
:1092E00074696D723A207065727369737420746961
:1092F000636B696E67207769746820656D70747937
:109300002073656E642062756666657200000000F9
:109310007463705F736C6F77746D723A206D6964FB
:10932000646C652074637020213D207463705F61FC
:1093300063746976655F7063627300007463705F65
:10934000736C6F77746D723A2066697273742070F3
:109350006362203D3D207463705F6163746976656C
:109360005F706362730000007463705F736C6F778B
:10937000746D723A2054494D452D5741495420701F
:1093800063622D3E7374617465203D3D2054494DE8
:10939000452D5741495400007463705F736C6F77BB
:1093A000746D723A206D6964646C6520746370201A
:1093B000213D207463705F74775F70636273000097
:1093C0007463705F736C6F77746D723A2066697244
:1093D000737420706362203D3D207463705F747706
:1093E0005F706362730000007463705F7063625F3C
:1093F00072656D6F76653A20696E76616C6964207E
:10940000706362007463705F7063625F72656D6F3A
:1094100076653A20696E76616C6964207063626C6F
:1094200069737400756E73656E74207365676D651E
:109430006E7473206C65616B696E6700756E616335
:109440006B6564207365676D656E7473206C656110
:109450006B696E67000000006F6F73657120736544
:10946000676D656E7473206C65616B696E67000073
:10947000646F6E27742063616C6C207463705F612D
:10948000626F72742F7463705F6162616E646F6E7D
:1094900020666F72206C697374656E2D70636273E1
:1094A000000000007463705F636C6F73655F7368C6
:1094B0007574646F776E3A20696E76616C696420AA
:1094C000706362007063622D3E666C616773202674
:1094D0002054465F5258434C4F534544000000000F
:1094E0007463705F667265655F6C697374656E3A0C
:1094F00020214C495354454E000000007463705FB6
:109500006E6578745F6973733A20696E76616C6911
:1095100064207063620000007463705F6566665F5C
:1095200073656E645F6D73735F6E657469663A2010
:10953000696E76616C6964206473745F69700000A1
:10954000433A5C636F6465782D746F6F6C735C7401
:1095500065656E737934312D6C6962735C74656511
:109560006E737934315F756E77697265645F6265B9
:109570006E63685C514E45746865726E65745C73A9
:1095800072635C6C7769705C7463705F696E2E6384
:10959000000000007063622D3E736E645F7175653C
:1095A00075656C656E203E3D20706275665F636C0C
:1095B000656E286E6578742D3E7029007463705F47
:1095C000726563656976653A2076616C69642071BD
:1095D00075657565206C656E677468007463705F8F
:1095E000726563656976653A2077726F6E6720737E
:1095F0007461746500000000696E7365672E7020E9
:10960000213D204E554C4C00696E73616E65206F94
:1096100066667365742100007062756620746F6FF2
:109620002073686F727421007463705F7265636584
:109630006976653A207365676D656E74206E6F7428
:10964000207472696D6D656420636F7272656374F6
:109650006C7920746F207263765F776E640000000F
:109660007463705F726563656976653A20736567D8
:109670006D656E74206E6F74207472696D6D6564B3
:1096800020636F72726563746C7920746F206F6FE2
:109690007365712071756575650000007463705F96
:1096A000726563656976653A207463706C656E20D7
:1096B0003E207263765F776E640000007463705FB3
:1096C000726563656976653A206F6F7365712074A2
:1096D00063706C656E203E207263765F776E640007
:1096E0007463705F696E7075743A20696E76616C30
:1096F0006964207062756600702D3E6E6578742016
:10970000213D204E554C4C00702D3E6C656E203D29
:109710003D203000702D3E746F745F6C656E203D8F
:109720003D20702D3E6E6578742D3E746F745F6CB5
:10973000656E00007463705F696E7075743A2061C5
:109740006374697665207063622D3E73746174651D
:1097500020213D20434C4F53454400007463705F0B
:10976000696E7075743A2061637469766520706300
:10977000622D3E737461746520213D2054494D452E
:109780002D574149540000007463705F696E707515
:10979000743A20616374697665207063622D3E734C
:1097A0007461746520213D204C495354454E00009E
:1097B0007463705F696E7075743A207063622D3ED9
:1097C0006E65787420213D20706362202862656692
:1097D0006F72652063616368652900007463705F60
:1097E000696E7075743A207063622D3E6E65787490
:1097F00020213D20706362202861667465722063B9
:1098000061636865290000007463705F696E70753C
:10981000743A2054494D452D574149542070636294
:109820002D3E7374617465203D3D2054494D452D96
:1098300057414954000000007463705F696E707591
:10984000743A207063622D3E737461746520213D0B
:1098500020434C4F534544007063622D3E736E6449
:109860005F71756575656C656E203E203000000087
:109870006E6F207365676D656E7420746F206672FD
:10988000656500007063622D3E6C697374656E657A
:10989000722D3E61636365707420213D204E554CEE
:1098A0004C0000007063622D3E72656675736564DE
:1098B0005F64617461203D3D204E554C4C000000BA
:1098C000433A5C636F6465782D746F6F6C735C747E
:1098D00065656E737934312D6C6962735C7465658E
:1098E0006E737934315F756E77697265645F626536
:1098F0006E63685C514E45746865726E65745C7326
:1099000072635C6C7769705C7463705F6F75742EE2
:10991000630000007463705F6372656174655F73F8
:1099200065676D656E743A20696E76616C69642056
:1099300070636200702D3E746F745F6C656E203EC4
:109940003D206F70746C656E000000006368656395
:109950006B2074686174206669727374207062751C
:10996000662063616E20686F6C6420737472756327
:1099700074207463705F6864720000007463705FC9
:109980007273743A20696E76616C6964206C6F63DF
:10999000616C5F69700000007463705F7273743A89
:1099A00020696E76616C69642072656D6F74655FA5
:1099B000697000007463705F73706C69745F756EBA
:1099C00073656E745F7365673A20696E76616C6962
:1099D000642070636200000043616E27742073701E
:1099E0006C6974207365676D656E7420696E746F41
:1099F000206C656E677468203000000073706C69BD
:109A000074203C3D206D7373000000007463705F30
:109A1000656E71756575655F666C6167733A206E1A
:109A200065656420656974686572205443505F53AE
:109A3000594E206F72205443505F46494E20696E44
:109A400020666C616773202870726F6772616D6D3C
:109A500065722076696F6C61746573204150492985
:109A6000000000007463705F656E71756575655FF9
:109A7000666C6167733A20696E76616C6964207008
:109A8000636200007463705F656E71756575655F14
:109A9000666C6167733A20636865636B2074686104
:109AA0007420666972737420706275662063616EDB
:109AB00020686F6C64206F70746C656E000000002D
:109AC0007365672D3E746370686472206E6F7420D6
:109AD000616C69676E6564007463705F656E717553
:109AE0006575655F666C6167733A20696E76616C57
:109AF0006964207365676D656E74206C656E67744C
:109B0000680000007463705F656E71756575655FF0
:109B1000666C6167733A20696E76616C6964207166
:109B200075657565206C656E677468007463705F39
:109B300073656E645F66696E3A20696E76616C6902
:109B400064207063620000007463705F7265786DFA
:109B500069745F72746F5F707265706172653A20CC
:109B6000696E76616C696420706362007463705F13
:109B70007265786D69743A20696E76616C696420EB
:109B8000706362007463705F7265786D69745F669C
:109B90006173743A20696E76616C696420706362E7
:109BA000000000007463705F73656E645F656D70C4
:109BB00074795F61636B3A20696E76616C696420C9
:109BC000706362007463705F6F75747075743A20AF
:109BD000696E76616C69642070636200646F6E27E1
:109BE000742063616C6C207463705F6F7574707542
:109BF0007420666F72206C697374656E2D70636279
:109C000073000000525354206E6F742065787065A5
:109C10006374656420686572652100006F70746903
:109C20006F6E73206E6F742066696C6C65640000E3
:109C30007463705F7265786D69745F72746F5F636F
:109C40006F6D6D69743A20696E76616C696420701D
:109C5000636200007463705F7265786D69745F722F
:109C6000746F3A20696E76616C696420706362007B
:109C70007463705F6B656570616C6976653A2069C5
:109C80006E76616C69642070636200007463705F5B
:109C90007A65726F5F77696E646F775F70726F62FB
:109CA000653A20696E76616C6964207063620000B9
:109CB000433A5C636F6465782D746F6F6C735C748A
:109CC00065656E737934312D6C6962735C7465659A
:109CD0006E737934315F756E77697265645F626542
:109CE0006E63685C514E45746865726E65745C7332
:109CF00072635C6C7769705C74696D656F757473A1
:109D00002E6300007379735F74696D656F75743AC3
:109D10002074696D656F757420213D204E554C4C43
:109D20002C20706F6F6C204D454D505F5359535F21
:109D300054494D454F555420697320656D707479B1
:109D40000000000054696D656F75742074696D655D
:109D500020746F6F206C6F6E672C206D61782069A6
:109D600073204C5749505F55494E5433325F4D4133
:109D7000582F34206D73656373000000696E76613F
:109D80006C696420736C65657074696D65000000B2
:109D9000433A5C636F6465782D746F6F6C735C74A9
:109DA00065656E737934312D6C6962735C746565B9
:109DB0006E737934315F756E77697265645F626561
:109DC0006E63685C514E45746865726E65745C7351
:109DD00072635C6C7769705C7564702E6300000060
:109DE0007564705F696E7075743A20696E76616C27
:109DF00069642070627566007564705F696E707565
:109E0000743A20696E76616C6964206E6574696667
:109E100000000000706275665F72656D6F76655F49
:109E2000686561646572206661696C656400000044
:109E3000636865636B20746861742066697273740B
:109E400020706275662063616E20686F6C64207399
:109E50007472756374207564705F686472000000CA
:109E6000433A5C636F6465782D746F6F6C735C74D8
:109E700065656E737934312D6C6962735C746565E8
:109E80006E737934315F756E77697265645F626590
:109E90006E63685C514E45746865726E65745C7380
:109EA00072635C6E657469665C65746865726E6524
:109EB000742E63006E657469662D3E687761646414
:109EC000725F6C656E206D7573742062652036203C
:109ED000666F722065746865726E65745F6F757405
:109EE0007075742100000000433A5C636F6465780C
:109EF0002D746F6F6C735C7465656E737934312D7E
:109F00006C6962735C7465656E737934315F756E0C
:109F100077697265645F62656E63685C514E457413
:109F20006865726E65745C7372635C716E6574688B
:109F300065726E65745C6C7769705F686F6F6B7368
:109F40002E63707000000000456E74726F7079208F
:109F500067656E65726174696F6E206572726F728B
:109F600000000000433A5C636F6465782D746F6F86
:109F70006C735C7465656E737934312D6C696273D2
:109F80005C7465656E737934315F756E776972657F
:109F9000645F62656E63685C514E45746865726E9D
:109FA00065745C7372635C6C7769705C646E732E4D
:109FB00063000000646E7320736572766572206FB3
:109FC0007574206F6620617272617900756E6B6EB8
:109FD0006F776E20646E735F7461626C6520656E6E
:109FE0007472792073746174653A00002E6C6F632B
:109FF000616C0000433A5C636F6465782D746F6F29
:10A000006C735C7465656E737934312D6C69627341
:10A010005C7465656E737934315F756E77697265EE
:10A02000645F62656E63685C514E45746865726E0C
:10A0300065745C7372635C6C7769705C69707634AC
:10A040005C6163642E6300006163645F636F6E66CE
:10A050006C6963745F63616C6C6261636B20213D4A
:10A06000204E554C4C000000433A5C636F646578A9
:10A070002D746F6F6C735C7465656E737934312DFC
:10A080006C6962735C7465656E737934315F756E8B
:10A0900077697265645F62656E63685C514E457492
:10A0A0006865726E65745C7372635C6C7769705C12
:10A0B000697076345C69636D702E630063686563F4
:10A0C0006B207468617420666972737420706275A5
:10A0D000662063616E20686F6C642069636D702018
:10A0E0006D6573736167650069636D705F696E703C
:10A0F00075743A206D6F76696E6720722D3E7061BF
:10A10000796C6F616420746F2069636D702068657D
:10A1100061646572206661696C65640069636D7075
:10A120005F696E7075743A20726573746F72696ED0
:10A1300067206F726967696E616C20702D3E706177
:10A14000796C6F6164206661696C65640000000071
:10A1500043726173685265706F72743A0000000058
:10A160002020412070726F626C656D206F63637593
:10A1700072726564206174202873797374656D2030
:10A1800074696D65292000002020436F6465207785
:10A19000617320657865637574696E672066726F98
:10A1A0006D20616464726573732030780000000074
:10A1B0002020434653523A2000000000092849411C
:10A1C000434356494F4C2920496E7374727563742A
:10A1D000696F6E204163636573732056696F6C61AC
:10A1E00074696F6E000000000928444143435649DA
:10A1F0004F4C29204461746120416363657373206F
:10A2000056696F6C6174696F6E00000009284D55C6
:10A210004E53544B45525229204D656D4D616E672A
:10A2200065204661756C74206F6E20556E73746185
:10A23000636B696E6700000009284D53544B45520B
:10A240005229204D656D4D616E6765204661756CC4
:10A2500074206F6E20737461636B696E6700000019
:10A2600009284D4C535045525229204D656D4D6182
:10A270006E6765204661756C74206F6E20465020B5
:10A280004C617A79205374617465000009284D4D42
:10A29000415256414C4944292041636365737365BB
:10A2A0006420416464726573733A20307800000062
:10A2B00020286E756C6C707472290D0A0920204379
:10A2C0006865636B20636F6465206174203078007B
:10A2D000202D2076657279206C696B656C79206120
:10A2E00020627567210D0A09202052756E202261B7
:10A2F000646472326C696E65202D65206D79736BB4
:10A30000657463682E696E6F2E656C662030780008
:10A310002220666F722066696C656E616D6520260D
:10A32000206C696E65206E756D6265722E0000008E
:10A330002028537461636B2070726F626C656D29A5
:10A340000D0A092020436865636B20666F722073D5
:10A350007461636B206F766572666C6F77732C2007
:10A36000617272617920626F756E64732C206574FE
:10A37000632E00000928494255534552522920496D
:10A380006E737472756374696F6E204275732045C5
:10A3900072726F7200000000092850524543495301
:10A3A00045525229204461746120627573206572A0
:10A3B000726F7220286164647265737320696E2005
:10A3C00042464152290000000928494D5052454358
:10A3D00049534552522920446174612062757320AB
:10A3E0006572726F72206275742061646472657345
:10A3F00073206E6F742072656C6174656420746F75
:10A4000020696E737472756374696F6E000000006A
:10A410000928554E53544B455252292042757320FA
:10A420004661756C74206F6E20756E737461636B1A
:10A43000696E6720666F7220612072657475726E36
:10A440002066726F6D20657863657074696F6E0049
:10A45000092853544B4552522920427573204661B6
:10A46000756C74206F6E20737461636B696E672006
:10A47000666F7220657863657074696F6E20656EB3
:10A480007472790009284C53504552522920427564
:10A4900073204661756C74206F6E204650206C618D
:10A4A0007A79207374617465207072657365727651
:10A4B0006174696F6E00000009284246415256419E
:10A4C0004C4944292041636365737365642041648A
:10A4D00064726573733A2030780000000928554E85
:10A4E000444546494E5354522920556E6465666969
:10A4F0006E656420696E737472756374696F6E0043
:10A500000928494E5653544154452920496E7374C5
:10A5100072756374696F6E206D616B657320696C11
:10A520006C6567616C20757365206F6620455053BC
:10A53000520000000928494E5650432920557361A6
:10A540006765206661756C743A20696E76616C6926
:10A5500064204558435F52455455524E0000000058
:10A5600009284E4F435029204E6F20436F70726F61
:10A57000636573736F7200000928554E414C49475B
:10A580004E45442920556E616C69676E6564206193
:10A5900063636573732055736167654661756C7499
:10A5A00000000000092844495642595A45524F2993
:10A5B00020446976696465206279207A65726F004B
:10A5C0002020485453523A200000000009285645E4
:10A5D000435454424C2920427573204661756C7473
:10A5E000206F6E20566563205461626C6520526551
:10A5F000616400000928464F524345442920466FB4
:10A60000726365642048617264204661756C7400F1
:10A61000202054656D706572617475726520696E75
:10A620007369646520746865206368697020776168
:10A630007320000020C2B0430000000020205374AB
:10A6400061727475702043505520636C6F636B208A
:10A650007370656564206973200000004D487A00BE
:10A660004E6F204372617368204461746120546F9F
:10A67000205265706F7274002020486F7065667597
:10A680006C6C7920616C6C2069732077656C6C2C24
:10A6900020627574206365727461696E20747970CC
:10A6A0006573206F662063726173686573206361F0
:10A6B0006E2774206265207265706F727465643AEB
:10A6C0000000000009737475636B20696E20616E71
:10A6D00020696E66696E697465206C6F6F702028E2
:10A6E000746563686E6963616C6C792C2068617253
:10A6F0006477617265207374696C6C2072756E6E1C
:10A70000696E672070726F7065726C792900000045
:10A710000972656D61696E696E6720696E206120DE
:10A720006C6F7720706F77657220736C6565702031
:10A730006D6F6465000000000961636365737320D9
:10A74000746F206365727461696E207065726970E0
:10A75000686572616C7320776974686F75742074B2
:10A760006865697220636C6F636B20656E61626CF3
:10A770006564202865672C20466C6578494F290060
:10A78000096368616E6765206F6620435055206FCE
:10A79000722062757320636C6F636B2073706565E4
:10A7A0006420776974686F757420757365206F66AF
:10A7B00020676C697463686C657373206D757800CD
:10A7C00020205265626F6F7420776173206361751A
:10A7D000736564206279206175746F207265626FA1
:10A7E0006F74206166746572206661756C74206F89
:10A7F000722062616420696E746572727570742073
:10A80000646574656374656400000000202052650F
:10A81000626F6F7420776173206361757365642064
:10A82000627920736F6674776172652077726974DC
:10A830006520746F205343425F4149524352206F59
:10A840007220435055206C6F636B757000000000E0
:10A8500020205265626F6F74207761732063617589
:10A8600073656420627920736563757269747920F9
:10A870006D6F6E69746F720020205265626F6F7425
:10A88000207761732063617573656420627920703D
:10A890006F776572206F6E2F6F66662062757474B5
:10A8A0006F6E000020205265626F6F7420776173B5
:10A8B00020636175736564206279207761746368D1
:10A8C000646F672031206F722032000020205265B3
:10A8D000626F6F74207761732063617573656420A4
:10A8E0006279204A54414720626F756E64617279C3
:10A8F000207363616E00000020205265626F6F74E8
:10A900002077617320636175736564206279204AE2
:10A91000544147206465627567000000202052653D
:10A92000626F6F7420776173206361757365642053
:10A930006279207761746368646F67203300000078
:10A9400020205265626F6F74207761732063617598
:10A950007365642062792074656D706572617475C9
:10A9600072652073656E736F7200000050616E69CE
:10A97000632054656D702045786365656465642067
:10A980005368757474696E6720446F776E000000B9
:10A9900043616E206265206361757365642062792E
:10A9A000204F766572636C6F636B696E6720772FDB
:10A9B0006F204865617473696E6B206F72206F74CD
:10A9C00068657220756E6B6E6F776E20726561734D
:10A9D0006F6E0000202042726561646372756D6263
:10A9E00020230000207761732000000020283078A9
:10A9F000000000006E616E00696E66006F76660092
:10AA00006261645F66756E6374696F6E5F63616CCB
:10AA10006C000000474C49424358585F54554E4122
:10AA2000424C4553000000006F626A5F73697A65AB
:10AA3000000000006F626A5F636F756E7400000053
:10AA4000676C69626378782E65685F706F6F6C0001
:10AA50007374643A3A6261645F65786365707469BF
:10AA60006F6E000062617369635F737472696E6711
:10AA70003A3A5F535F636F6E737472756374206EDE
:10AA8000756C6C206E6F742076616C6964000000D8
:10AA900062617369635F737472696E673A3A5F5398
:10AAA0005F63726561746500303132333435363737
:10AAB00038394142434445460000000030313233CA
:10AAC00034353637383961626364656600000000EA
:10AAD000286E756C6C2900004C435F434F4C4C4111
:10AAE000544500004C435F4354595045000000005A
:10AAF0004C435F4D4F4E4554415259004C435F4EBD
:10AB0000554D4552494300004C435F54494D450063
:10AB10004C435F4D455353414745530042616C6C74
:10AB20006F6320737563636565646564000000008E
:10AB30002F646174612F6A656E6B696E732F776F16
:10AB4000726B73706163652F474E552D746F6F6C18
:10AB5000636861696E2F61726D2D31352D352F73EC
:10AB600072632F6E65776C69622D63796777696EA2
:10AB70002F6E65776C69622F6C6962632F737464E2
:10AB80006C69622F6D707265632E6300494E4600DA
:10AB90004E414E002C2066756E6374696F6E3A20CC
:10ABA00000000000617373657274696F6E20222566
:10ABB0007322206661696C65643A2066696C652061
:10ABC000222573222C206C696E652025642573254F
:10ABD000730A0000496E66696E69747900000000AE
:10ABE0004E614E002F646174612F6A656E6B696EF1
:10ABF000732F776F726B73706163652F474E552D9E
:10AC0000746F6F6C636861696E2F61726D2D313581
:10AC10002D352F7372632F6E65776C69622D6379A2
:10AC20006777696E2F6E65776C69622F6C696263F6
:10AC30002F7374646C69622F64746F612E630000FB
:10AC40007800CB0000007A00E202CB007F007003A6
:10AC5000AD0385002A031D078B006001470A8E00A3
:10AC6000A802A70B9200BA014F0E0000593402004F
:10AC70005D3402006134020065340200146000207B
:10AC8000845E002040600020A45E00207C5E0020E6
:10AC900014600020C85E002040600020EC5E0020B0
:10ACA000245E002040600020145F0020745E0020BD
:10ACB00040600020245F0020445E002040600020AF
:10ACC000385F0020745E0020406000204C5F002050
:10ACD000745E002014600020645F00201460002077
:10ACE000745F00204E31305F5F637878616269760F
:10ACF0003131355F5F666F726365645F756E77696A
:10AD00006E6445004E31305F5F63787861626976CA
:10AD10003131375F5F636C6173735F747970655F46
:10AD2000696E666F450000004E31305F5F63787872
:10AD3000616269763131395F5F666F726569676E2E
:10AD40005F657863657074696F6E45004E31305F82
:10AD50005F637878616269763132305F5F73695F13
:10AD6000636C6173735F747970655F696E666F455C
:10AD700000000000537431316C6F6769635F657266
:10AD8000726F7200537431326C656E6774685F6500
:10AD900072726F7200000000537431336261645F3D
:10ADA000657863657074696F6E00000053743137A5
:10ADB0006261645F66756E6374696F6E5F63616C18
:10ADC0006C000000537439657863657074696F6E48
:10ADD00000000000537439747970655F696E666FA6
:10ADE000000000000000000000000000E16601001B
:10ADF0000000000000000000391F0060000000009B
:10AE00000000000011340200DD4A0200D94A0200AD
:10AE1000D54A0200D14A02001D3702002137020044
:10AE2000CD4A020000000000000000000DC200003A
:10AE30000DC100000000000000000000F54002000D
:10AE4000ED29000081C4000079110000991800006C
:10AE5000CD180000E91800007D110000F540020047
:10AE60000000000000000000193402000000000093
:10AE7000245E0020396402004D640200BD610200BE
:10AE8000BD610200CD640200F9630200AD640200FE
:10AE9000696402002D64020000000000385E00209A
:10AEA0009D600200B1600200BD610200BD61020050
:10AEB000CD640200F96302008D6102000D610200A1
:10AEC000CD6002000000000000000000D1CF0000B3
:10AED000F1CF000099CF0000E9D000006DD0000054
:10AEE000000000000000000089F900000DFA0000D9
:10AEF000C1D7000061110000C5D700006511000036
:10AF0000691100006D110000711100007511000041
:10AF10000000000000000000BDD7000059D800006C
:10AF200021D90000A1D700009DD70000ADD70000B7
:10AF30000000000000000000B9D7000045D8000064
:10AF400015D80000A1D700006DD80000ADD70000D3
:10AF50000000000000000000F5400200F540020083
:10AF60000000000000000000F5400200ED29000094
:10AF700081C400007911000095480100CD1800003F
:10AF8000E91800007D110000000000000000000032
:10AF90006D3F00005D400000796F0000611100000E
:10AFA000B976000065110000691100006D11000004
:10AFB0007111000075110000000000000000000089
:10AFC000A5180100B5190100050B01000D170100BE
:10AFD000AD320100E91B0100310101004501010012
:10AFE000490101004D010100510101000101010071
:10AFF000A107010000000000000000002D19010061
:10B00000451A01008D07010081170100B9330100C5
:10B010001D1D010055010100690101006D010100C4
:10B02000710101007501010005010100990601008F
:10B030000000000000000000ED040100B92B010039
:10B04000A90F0100310B0100B9000100FD1401003E
:10B0500091110000454C000089100100F110010021
:10B060000000000000000000DD0B0100010C0100E9
:10B07000351301004D2A0100B12B01009901010097
:10B08000A5010100CD0B0100000000000000000040
:10B09000A505010005110100B5010100BD01010078
:10B0A0009D0501000000000000000000ED0401000B
:10B0B0000D20010001050100190B0100C100010074
:10B0C000490B010091110000454C00002D050100C5
:10B0D000750501000000000000000000FD430000B5
:10B0E000E18700001D3C00009D180000B111000028
:10B0F000C111000091110000454C00003D3D0000D1
:10B10000513E00000000000000000000A10201000C
:10B11000D904010001160100ED0E0100000000003D
:10B1200000000000DDCF000009D0000025D00000A5
:10B13000D5CF00000000000000000000192600002C
:10B1400049260000A96600008918000000000000E0
:10B1500000000000F9D7000005D80000A1D80000C9
:10B16000FDD7000000000000000000002D030100DA
:10B17000C50301005D0C0100CD02010000000000CC
:10B180000000000019030100A9030100910C010057
:10B19000C5020100000000000000000041030100A2
:10B1A000E1030100290C0100D502010000000000AC
:10B1B00000000000050301008D03010039100100AB
:10B1C000BD0201000000000000000000DD020100DF
:10B1D00055030100F50D0100AD0201000000000063
:10B1E000000000008D000000A100000041020000EE
:10B1F00069000000000000000000000005260000BB
:10B200002D260000393F00008118000000000000DA
:10B2100000000000F102010071030100690F01004C
:10B22000B50201000000000000000000F125000050
:10B2300065260000053F0000911800000000000096
:10B24000000000000DC200000DC1000051A500006B
:10B2500051A600009D110000ED290000F1C2000080
:10B26000A111000099180000CD180000E918000095
:10B270007D110000ADAD00008111000089110000BA
:10B28000C8FFFFFF0000000049A6000069A60000FB
:10B29000851100008D11000000000000000000007A
:10B2A000251700006518000081260000000000003E
:10B2B000000000001917000061180000952600002A
:10B2C0000000000000000000791700007518000061
:10B2D000D1260000000000000000000061170000FF
:10B2E00071180000E52600000000000000000000CA
:10B2F000491700006D180000A9260000000000009A
:10B30000000000003117000069180000BD26000091
:10B310000000000000000000A91700007D180000D8
:10B32000F926000000000000000000009117000056
:10B33000791800000D270000000000000000000048
:10B340000000000000000000C1D7000061110000F3
:10B35000C5D7000065110000691100006D110000E3
:10B3600071110000D1000100F5400200C900010088
:10B37000D5310100CD0001000000000000000000F8
:10B38000A9020100B1040100E9000100DD00010093
:10B39000ED000100F1000100F5000100F9000100DD
:10B3A000E1000100E5000100FD00010000000000D7
:10B3B000000000003511010055110100C1D7000047
:10B3C00061110000C5D7000065110000691100007F
:10B3D0006D11000071110000D100010085310100E4
:10B3E000C9000100D5310100CD00010000000000BE
:10B3F00000000000A5020100C5040100D900010001
:10B40000DD000100D1050100890501006906010088
:10B41000B91E010009010100150101009506010096
:10B420000000000000000000016E0100D16F01006B
:10B43000856D0100D56C0100D96C0100F16C010033
:10B44000116D010071780100797801002D6D010006
:10B4500049720100A1720100517501001D700100C7
:10B46000A56D0100CD700100696D0100BD6C01008A
:10B47000157301009D73010029710100C56C010065
:10B4800071710100CD6C0100F0FFFFFF00000000B2
:10B49000B97101000D700100017201001570010009
:10B4A00000000000445E0020F161020071620200B1
:10B4B000ED61020000000000505E002031620200D9
:10B4C000B9620200ED610200000000005C5E002035
:10B4D000A1580200AD580200A5580200000000006B
:10B4E000685E00208D540200A154020085540200C1
:10B4F0009D190000111C0000B5190000CD190000B5
:10B50000411A0000B51A0000291B00009D1B000015
:10B5100059480000E5190000591A0000CD1A000032
:10B52000411B0000B51B0000894E0000C152000005
:10B53000E95100001151000039500000614F000036
:10B5400021270000011D0000191D00003D1D000005
:10B550005D1D0000652700004D20000065200000F3
:10B5600089200000A9200000092900007D1D00009D
:10B570009D1F0000FD1D0000311E00003D22000047
:10B580006522000085220000B5220000E9220000AB
:10B59000ED270000452100005D2100008121000011
:10B5A000A121000069290000BD1D0000F51F000059
:10B5B000CD1E0000011F0000FD2300002524000017
:10B5C0004524000075240000A9240000A9270000DC
:10B5D000C9200000E1200000052100002521000015
:10B5E000392900009D1D0000C91F0000651E0000D4
:10B5F000991E00001D230000452300006523000064
:10B6000095230000C923000031280000C12100005B
:10B61000D9210000FD2100001D2200009929000011
:10B62000DD1D000021200000351F0000691F000003
:10B63000DD2400000525000025250000552500001B
:10B6400089250000591C0000291C0000711C000005
:10B65000411C00004D010000650100004D19000073
:10B660007D190000050100001D01000035010000EA
:10B67000B11C00000519000029190000B9010000E3
:10B68000ED00000001DA0000C9D70000CDD70000AE
:10B69000D1D70000E5D70000EDD700008DF0000005
:10B6A00031F80000E9F70000BD000000D5000000FF
:10B6B000E11C0000C91C0000D8399D270054EA2A6B
:10B6C00000A4781F007B9A17000000000000000013
:10B6D0000000000000000000141F00206175746F5E
:10B6E00069705F73746F7000646863705F72656C1B
:10B6F000656173655F616E645F73746F70000000F5
:10B700006574686172705F6F7574707574000000A5
:10B7100069676D705F6C6561766567726F75705F84
:10B720006E657469660000006970345F6F757470CF
:10B7300075745F69665F6F70745F73726300000099
:10B740006E657469665F72656D6F76655F65787446
:10B750005F63616C6C6261636B0000007463705FB7
:10B76000696E7075740000007463705F6F7574703B
:10B77000757400007564705F6E65775F69705F74E3
:10B780007970650065746865726E65745F6F757455
:10B79000707574006D646E735F726573705F616E57
:10B7A0006E6F756E636500006175746F69705F73AD
:10B7B0007461727400000000646863705F72656E8B
:10B7C000657700006574686172705F696E7075748A
:10B7D000000000006970345F696E707574000000CD
:10B7E0006E657469665F6164645F6578745F6361E8
:10B7F0006C6C6261636B00007379735F636865638F
:10B800006B5F74696D656F75747300007564705F4C
:10B810006E65770065746865726E65745F696E70D9
:10B82000757400006163645F616464006E657469CF
:10B83000665F72656D6F7665000000006E65746905
:10B84000665F7365745F6164647200007463705F47
:10B850006162616E646F6E006E657469665F6164DB
:10B86000640000007463705F636C6F7365000000B8
:10B8700069676D705F6A6F696E67726F75705F6E12
:10B8800065746966000000007379735F756E746992
:10B890006D656F75740000007564705F72656D6F23
:10B8A000766500006175746F69705F7365745F73AE
:10B8B0007472756374000000646863705F73746110
:10B8C000727400006E657469665F6765745F6279A3
:10B8D0005F696E64657800007379735F74696D6584
:10B8E0006F7574007564705F7265637600000000A8
:10B8F0007463705F74696D65725F6E6565646564BD
:10B9000000000000646863705F7365745F73747235
:10B91000756374006E657469665F7365745F6C69E6
:10B920006E6B5F646F776E007564705F636F6E6ED1
:10B93000656374006D646E735F726573705F7265CA
:10B940006D6F76655F6E6574696600006E6574691B
:10B95000665F7365745F6C696E6B5F757000000085
:10B960007463705F616C6C6F630000006E65746976
:10B97000665F7365745F646F776E00007564705FF7
:10B9800062696E64000000006E657469665F7365CD
:10B99000745F7570000000007564705F73656E649D
:10B9A000746F5F69665F7372630000006E6574692F
:10B9B000665F7365745F64656661756C7400000032
:10B9C0007463705F72656376656400007564705FB0
:10B9D000696E707574000000002020202020202057
:10B9E000202028282828282020202020202020202F
:10B9F000202020202020202020881010101010103F
:10BA0000101010101010101010040404040404048A
:10BA10000404041010101010101041414141414124
:10BA20000101010101010101010101010101010106
:10BA30000101010110101010101042424242424216
:10BA400002020202020202020202020202020202D6
:10BA5000020202021010101020000000000000007E
:10BA600000000000000000000000000000000000D6
:10BA700000000000000000000000000000000000C6
:10BA800000000000000000000000000000000000B6
:10BA900000000000000000000000000000000000A6
:10BAA0000000000000000000000000000000000096
:10BAB0000000000000000000000000000000000086
:10BAC0000000000000000000000000000000000076
:10BAD00000000000000000000000000020202020E6
:10BAE0002020202020202020202020202020202056
:10BAF0002020202020202020202020202020202046
:10BB00002020202020202020202020200000004273
:10BB1000C8801F40B8821F4008000000000000429B
:10BB2000C4801F40B4821F400400000000C00042D7
:10BB300024801F4014821F401000000000C00042FB
:10BB400028801F4018821F402000000000C00042D3
:10BB50002C801F401C821F404000000000C000429B
:10BB600034801F4024821F4000010000004000423A
:10BB700064811F4054831F400004000000400042C5
:10BB800080811F4070831F4000000200004000427F
:10BB90007C811F406C831F40000001000040004278
:10BBA00068811F4058831F40000800000040004289
:10BBB0003C811F402C831F400100000000400042D8
:10BBC00044811F4034831F400400000000400042B5
:10BBD00040811F4030831F400200000000400042AF
:10BBE00048811F4038831F400800000000000042C9
:10BBF00004811F40F4821F40000004000000004246
:10BC000008811F40F8821F40000008000000004229
:10BC100018811F4008831F40000080000000004280
:10BC200014811F4004831F400000400000000042B8
:10BC300000811F40F0821F4000000200000000420F
:10BC4000FC801F40EC821F40000001000000004209
:10BC500024811F4014831F400000000400000042A4
:10BC600028811F4018831F40000000080000004288
:10BC70001C811F400C831F40000000010000004297
:10BC800020811F4010831F4000000002000000427E
:10BC9000EC801F40DC821F400010000000000042CA
:10BCA000F0801F40E0821F400020000000000042A2
:10BCB00034811F4024831F400000004000000042E8
:10BCC00038811F4028831F40000000800080004210
:10BCD00094801F4084821F400000040000C0004286
:10BCE00090801F4080821F40000000800080004242
:10BCF000A8801F4098821F40000080000080004202
:10BD0000A4801F4094821F40000040000040004279
:10BD10006C811F405C831F400010000000C0004287
:10BD200030801F4020821F40800000000040004201
:10BD3000B0811F40A0831F4000000020004000424F
:10BD4000AC811F409C831F40000000100040004257
:10BD500084811F4074831F400000040000400042A3
:10BD600088811F4078831F400000080000000042C7
:10BD70002C811F401C831F40000000100000004267
:10BD800030811F4020831F4000000020000000423F
:10BD90000C811F40FC821F40000010000000004288
:10BDA00010811F4000831F400000200000800042DF
:10BDB000C8811F40B8831F400080000000800042FF
:10BDC000C4811F40B4831F40004000000080004237
:10BDD000C0811F40B0831F4000200000008000424F
:10BDE000BC811F40AC831F40001000000080004257
:10BDF000D0811F40C0831F4000000200008000422D
:10BE0000CC811F40BC831F400000010000C00042E5
:10BE100074801F4064821F400000000100C0004287
:10BE200080801F4070821F400000000800C0004258
:10BE300084801F4074821F400000001000C0004238
:10BE40006C801F405C821F400000400000C0004228
:10BE50007C801F406C821F400000000400C0004234
:10BE600078801F4068821F400000000200C000422E
:10BE700088801F4078821F4000000020E00000FB07
:10BE8000F0350020F8350020000000000C00000014
:10BE9000690000000B000000760000007700000041
:10BEA000160000000B000000700000007800000089
:10BEB0007F00000080000000FFFFFFFF7100000016
:10BEC000680000008000000005000000FFFFFFFF89
:10BED000FFFF000000000000000000000000000064
:10BEE000FFFFFFFFFA000000F9E90100E80300008E
:10BEF00009C20100E8030000D9AE010060EA0000B9
:10BF000021A90100F401000025AB0100640000003C
:10BF1000ED2C02006400000031B90100E8030000CC
:10BF2000B528020018000F0090642120F4CF0020F3
:10BF30001000090000642120F8CF0020100010003C
:10BF400000622120FCCF0020FC05100040022120CF
:10BF500000D000201C000400986E212004D0002096
:10BF600020000500F865212008D0002010001000F6
:10BF7000006321200CD000209C000800786821205C
:10BF800010D000201C0008009867212014D0002049
:10BF9000100010009866212018D00020280008000A
:10BFA000586D21201CD00020F47000203C7100202E
:10BFB00018710020247100203071002000710020D1
:10BFC000C4700020D07000200C710020DC700020B4
:10BFD000E870002005000000190000007D0000004E
:10BFE000010203040506070707070707070000000B
:10BFF000343101202C310120283101203C31012035
:10C0000003060C183060780000010000FC7D002061
:10C010001200000000060000583000600A00000016
:10C0200000020000F42F0060620000000007000022
:10C03000902F006062000000EE0300003C7E0020B4
:10C0400012000000000004EE147E00202800000012
:10C05000000300008C2F00600000000001030904B1
:10C06000742F006000000000020309045C2F0060D0
:10C070000000000003030904547E002000000000BB
:10C08000000000000000000000000000E00000FBD5
:10C0900030303030303030303030303030303030A0
:10C0A0003030303030303030303030303030303090
:10C0B0003030303030303030303030303030303080
:10C0C000000000000000000060720020607200208C
:10C0D0006872002068720020707200207072002068
:10C0E0007872002078720020807200208072002018
:10C0F00088720020887200209072002090720020C8
:10C100009872002098720020A0720020A072002077
:10C11000A8720020A8720020B0720020B072002027
:10C12000B8720020B8720020C0720020C0720020D7
:10C13000C8720020C8720020D0720020D072002087
:10C14000D8720020D8720020E0720020E072002037
:10C15000E8720020E8720020F0720020F0720020E7
:10C16000F8720020F8720020007300200073002095
:10C170000873002008730020107300201073002043
:10C1800018730020187300202073002020730020F3
:10C1900028730020287300203073002030730020A3
:10C1A0003873002038730020407300204073002053
:10C1B0004873002048730020507300205073002003
:10C1C00058730020587300206073002060730020B3
:10C1D0006873002068730020707300207073002063
:10C1E0007873002078730020807300208073002013
:10C1F00088730020887300209073002090730020C3
:10C200009873002098730020A0730020A073002072
:10C21000A8730020A8730020B0730020B073002022
:10C22000B8730020B8730020C0730020C0730020D2
:10C23000C8730020C8730020D0730020D073002082
:10C24000D8730020D8730020E0730020E073002032
:10C25000E8730020E8730020F0730020F0730020E2
:10C26000F8730020F8730020007400200074002090
:10C27000087400200874002010740020107400203E
:10C2800018740020187400202074002020740020EE
:10C29000287400202874002030740020307400209E
:10C2A000387400203874002040740020407400204E
:10C2B00048740020487400205074002050740020FE
:10C2C00058740020587400206074002060740020AE
:10C2D000687400206874002070740020707400205E
:10C2E000787400207874002080740020807400200E
:10C2F00088740020887400209074002090740020BE
:10C300009874002098740020A0740020A07400206D
:10C31000A8740020A8740020B0740020B07400201D
:10C32000B8740020B8740020C0740020C0740020CD
:10C33000C8740020C8740020D0740020D07400207D
:10C34000D8740020D8740020E0740020E07400202D
:10C35000E8740020E8740020F0740020F0740020DD
:10C36000F8740020F874002000750020007500208B
:10C370000875002008750020107500201075002039
:10C3800018750020187500202075002020750020E9
:10C390002875002028750020307500203075002099
:10C3A0003875002038750020407500204075002049
:10C3B00048750020487500205075002050750020F9
:10C3C00058750020587500206075002060750020A9
:10C3D0006875002068750020707500207075002059
:10C3E0007875002078750020807500208075002009
:10C3F00088750020887500209075002090750020B9
:10C400009875002098750020A0750020A075002068
:10C41000A8750020A8750020B0750020B075002018
:10C42000B8750020B8750020C0750020C0750020C8
:10C43000C8750020C8750020D0750020D075002078
:10C44000D8750020D8750020E0750020E075002028
:10C45000E8750020E8750020F0750020F0750020D8
:10C46000F8750020F8750020007600200076002086
:10C470000876002008760020107600201076002034
:10C4800018760020187600202076002020760020E4
:10C490002876002028760020307600203076002094
:10C4A0003876002038760020407600204076002044
:10C4B00048760020487600205076002050760020F4
:10C4C0005876002058760020000000005898002080
:10C4D000C098002028990020000000000000000003
:10C4E000000000000000000000000000000000004C
:10C4F000000000000000000000000000000000003C
:10C50000000000000000000000000000000000002B
:10C51000000000000000000000000000000000001B
:10C52000000000000000000000000000000000000B
:10C5300000000000000000000000000000000000FB
:10C5400000000000000000000000000000000000EB
:10C5500000000000000000000000000000000000DB
:10C5600001000000000000000E33CDAB34126DE678
:10C57000ECDE05000B0000000000000000000000E1
:10C5800000000000000000000000000000000000AB
:10C59000000000000000000000000000000000009B
:10C5A000000000000000000000000000000000008B
:10C5B000000000000000000000000000000000007B
:10C5C000000000000000000000000000000000006B
:10C5D000000000000000000000000000000000005B
:10C5E000000000000000000000000000000000004B
:10C5F000000000000000000000000000000000003B
:10C60000000000000000000000000000000000002A
:10C61000000000000000000000000000000000001A
:10C62000000000000000000000000000000000000A
:10C6300000000000000000000000000000000000FA
:10C6400000000000000000000000000000000000EA
:10C6500000000000000000000000000000000000DA
:10C6600000000000000000000000000000000000CA
:10C6700000000000000000000000000000000000BA
:10C6800000000000000000000000000000000000AA
:10C69000000000000000000000000000000000009A
:10C6A000000000000000000000000000000000008A
:10C6B000000000000000000000000000000000007A
:10C6C0000000000000000000985F00200029DE0745
:10C6D000007B9A1700003A404431006000000000DF
:10C6E000000000000000000000000000000000004A
:10C6F000000000000000000000000000000000003A
:10C700000000000000000000000000000000000029
:10C710000000000000000000000000000000000019
:10C720000000000000C03940D4300060000000006C
:10C7300000000000000000000000000000000000F9
:10C7400000000000000000000000000000000000E9
:10C7500000000000000000000000000000000000D9
:10C7600000000000000000000000000000000000C9
:10C77000000000000040394064300060000000000C
:10C7800000000000000000000000000000000000A9
:10C790000000000000000000000000000000000099
:10C7A0000000000000000000000000000000000089
:10C7B0000000000000000000000000000000000079
:10C7C00000000000A45F002000000000E80300005B
:10C7D00000000000CD3B0200195F0200D1D800002C
:10C7E000D5D800006400000001010000C0820020D4
:10C7F000C08600208C5F00200000000000000000C8
:10C800000000000000000000000000000000000028
:10C8100000000000B86000200000000000000000E0
:10C82000D125000000000000000000000000000012
:10C83000D52500000000000000000000C95B0000DA
:10C84000000000000000000000000000A5550000EE
:10C850000000000000000000A11501000000000021
:10C860000000000000000000911301000000000023
:10C870000000000071150100000000000000000031
:10C88000000000005513010000000000000000003F
:10C89000914A0100000000000000000000000000BC
:10C8A000054A01000000000000000000D115010051
:10C8B000000000000000000000000000C1140100A2
:10C8C0000000000000000000151201000000000040
:10C8D00000000000000000007D11010000000000C9
:10C8E00000000000294E00000000000000000000D1
:10C8F000000000002D4A00000000000000000000C1
:10C90000594E000000000000000000000000000080
:10C91000A54A00000000000000000000414E000099
:10C92000000000000000000000000000694A000054
:10C930000000000000000000714E00000000000038
:10C940000000000000000000E14A000000000000BC
:10C9500000000000595D0000000000000000000021
:10C9600000000000E1550000000000000000000091
:10C97000C9290000000000000000000000000000C5
:10C98000D129000000000000000000008D5D0000C3
:10C990000000000000000000000000002956000018
:10C9A0000000000000000000C101010000000000C4
:10C9B0000000000000000000C501010000000000B0
:10C9C0000000000041FC000000000000000000002A
:10C9D0000000000005FC0000D860002001005E009F
:10C9E0000000000014980020E09F212000000000BB
:10C9F00043000000000000000000000000000000F4
:10CA00000000000000000000000000000000000026
:10CA100043000000000000000000000000000000D3
:10CA20000000000000000000000000000000000006
:10CA300043000000000000000000000000000000B3
:10CA400000000000000000000000000000000000E6
:10CA50004300000000000000000000000000000093
:10CA600000000000000000000000000000000000C6
:10CA70004300000000000000000000000000000073
:10CA800000000000000000000000000000000000A6
:10CA90004300000000000000000000000000000053
:10CAA0000000000000000000000000000000000086
:10CAB0004300000000000000000000000000000033
:10CAC0000000000000000000000000000000000066
:10CAD0004300000000000000000000000000000013
:10CAE0000000000000000000000000000000000046
:10CAF0000000000000000000000000000000000036
:10CB00000000000000000000000000000000000025
:10CB10000000000000000000000000000000000015
:10CB20000000000000000000000000000000000005
:10CB300000000000000000000000000000000000F5
:10CB400000000000000000000000000000000000E5
:10CB500000000000000000000000000000000000D5
:10CB600000000000000000000000000000000000C5
:10CB700000000000000000000000000000000000B5
:10CB800000000000000000000000000000000000A5
:10CB90000000000000000000000000000000000095
:10CBA0000000000000000000000000000000000085
:10CBB000000000000000000061C202004DBA020047
:10CBC00000000000786B00205813002090340020F3
:10CBD00090340020903400209034002090340020C5
:10CBE00090340020903400209034002090340020B5
:10CBF000FFFFFFFFFFFFFFFFFFFFFFFFFFFF000043
:10CC000001004153434949000000000000000000BA
:10CC10000000000000000000000000000000000014
:10CC2000000041534349490000000000000000009B
:10CC300000000000000000000000000000000000F4
:10CC400000000000FFFFFFFF0000020000000000E6
:10CC500003000000589800206876002012010002AE
:10CC6000EF020140C01683048002010203010000AC
:10CC7000949F002028000000000104000100000033
:10CC800000000000020157494E55534200000000C9
:10CC900000000000000000000000000012034D0032
:10CCA000530046005400310030003000F80000000E
:10CCB000700300000C0300000000000000000000F2
:10CCC0000000000000000000000000C000C00104DF
:10CCD0000101000000000000000000000000000052
:10CCE0000000000000000000000000000000000044
:10CCF0000000000000000000000000000000000034
:10CD00000000000000000000000000000000000023
:10CD10000000000000000000000000000000000013
:10CD20000000000000000000000000000000000003
:10CD300000000000000000000000000000000000F3
:10CD400000000000000000000000000000000000E3
:10CD500000000000000000000000000000000000D3
:10CD600000000000000000000000000000000000C3
:10CD700000000000000000000000000000000000B3
:10CD800000000000000000000000000000000000A3
:10CD90000000000000000000000000000000000093
:10CDA0000000000000000000000000000000000083
:10CDB0000000000000000000000000000000000073
:10CDC0000000000000000000000000000000000063
:10CDD0000000000000000000000000000000000053
:10CDE0000000000000000000000000000000000043
:10CDF0000000000000000000000000000000000033
:10CE00000000000000000000000000000000000022
:10CE10000000000000000000000000000000000012
:10CE20000000000000000000000000000000000002
:10CE300000000000000000000000000000000000F2
:10CE400000000000000000000000000000000000E2
:10CE500000000000000000000000000000000000D2
:10CE600000000000000000000000000000000000C2
:10CE700000000000000000000000000000000000B2
:10CE800000000000000000000000000000000000A2
:10CE90000000000000000000000000000000000092
:10CEA0000000000000000000000000000000000082
:10CEB0000000000000000000000000000000000072
:10CEC0000000000000000000000000000000000062
:10CED0000000000000000000000000000000000052
:10CEE0000000000000000000000000000000000042
:10CEF0000000000000000000000000000000000032
:10CF00000000000000000000000000000000000021
:10CF10000000000000000000000000000000000011
:10CF20000000000000000000000000000000000001
:10CF300000000000000000000000000000000000F1
:10CF400000000000000000000000000000000000E1
:10CF500000000000000000000000000000000000D1
:10CF600000000000000000000000000000000000C1
:10CF700000000000000000000000000000000000B1
:10CF800000000000000000000000000000000000A1
:10CF90000000000000000000000000000000000091
:10CFA0000000000000000000000000000000000081
:10CFB0000000000000000000000000000000000071
:10CFC0000000000000000000000000000000000061
:10CFD0000000000000000000000000000000000051
:10CFE0000000000000000000000000000000000041
:10CFF0000000000000000000000000000000000031
:10D000000000000000000000000000000000000020
:10D010000000000000000000000000000000000010
:10D020000000000000000000000000000000000000
:10D0300000000000000000000000000000000000F0
:10D0400000000000000000000000000000000000E0
:10D0500000000000000000000000000000000000D0
:10D0600000000000000000000000000000000000C0
:10D0700000000000000000000000000000000000B0
:10D0800000000000000000000000000000000000A0
:10D090000000000000000000000000000000000090
:10D0A0000000000000000000000000000000000080
:10D0B0000000000000000000000000000000000070
:10D0C0000000000000000000000000000000000060
:10D0D0000000000000000000000000000000000050
:10D0E0000000000000000000000000000000000040
:10D0F0000000000000000000000000000000000030
:10D10000000000000000000000000000000000001F
:10D11000000000000000000000000000000000000F
:10D12000FFFFFFFFFFFFFFFFFFFFFFFFFFFFFFFF0F
:10D13000FFFFFFFFFFFFFFFFFFFFFFFFFFFFFFFFFF
:10D14000FFFFFFFFFFFFFFFFFFFFFFFFFFFFFFFFEF
:10D15000FFFFFFFFFFFFFFFFFFFFFFFFFFFFFFFFDF
:10D16000FFFFFFFFFFFFFFFFFFFFFFFFFFFFFFFFCF
:10D17000FFFFFFFFFFFFFFFFFFFFFFFFFFFFFFFFBF
:10D18000FFFFFFFFFFFFFFFFFFFFFFFFFFFFFFFFAF
:10D19000FFFFFFFFFFFFFFFFFFFFFFFFFFFFFFFF9F
:10D1A000FFFFFFFFFFFFFFFFFFFFFFFFFFFFFFFF8F
:10D1B000FFFFFFFFFFFFFFFFFFFFFFFFFFFFFFFF7F
:10D1C000FFFFFFFFFFFFFFFFFFFFFFFFFFFFFFFF6F
:10D1D000FFFFFFFFFFFFFFFFFFFFFFFFFFFFFFFF5F
:10D1E000FFFFFFFFFFFFFFFFFFFFFFFFFFFFFFFF4F
:10D1F000FFFFFFFFFFFFFFFFFFFFFFFFFFFFFFFF3F
:10D20000FFFFFFFFFFFFFFFFFFFFFFFFFFFFFFFF2E
:10D21000FFFFFFFFFFFFFFFFFFFFFFFFFFFFFFFF1E
:10D22000FFFFFFFFFFFFFFFFFFFFFFFFFFFFFFFF0E
:10D23000FFFFFFFFFFFFFFFFFFFFFFFFFFFFFFFFFE
:10D24000FFFFFFFFFFFFFFFFFFFFFFFFFFFFFFFFEE
:10D25000FFFFFFFFFFFFFFFFFFFFFFFFFFFFFFFFDE
:10D26000FFFFFFFFFFFFFFFFFFFFFFFFFFFFFFFFCE
:10D27000FFFFFFFFFFFFFFFFFFFFFFFFFFFFFFFFBE
:10D28000FFFFFFFFFFFFFFFFFFFFFFFFFFFFFFFFAE
:10D29000FFFFFFFFFFFFFFFFFFFFFFFFFFFFFFFF9E
:10D2A000FFFFFFFFFFFFFFFFFFFFFFFFFFFFFFFF8E
:10D2B000FFFFFFFFFFFFFFFFFFFFFFFFFFFFFFFF7E
:10D2C000FFFFFFFFFFFFFFFFFFFFFFFFFFFFFFFF6E
:10D2D000FFFFFFFFFFFFFFFFFFFFFFFFFFFFFFFF5E
:10D2E000FFFFFFFFFFFFFFFFFFFFFFFFFFFFFFFF4E
:10D2F000FFFFFFFFFFFFFFFFFFFFFFFFFFFFFFFF3E
:10D30000FFFFFFFFFFFFFFFFFFFFFFFFFFFFFFFF2D
:10D31000FFFFFFFFFFFFFFFFFFFFFFFFFFFFFFFF1D
:10D32000FFFFFFFFFFFFFFFFFFFFFFFFFFFFFFFF0D
:10D33000FFFFFFFFFFFFFFFFFFFFFFFFFFFFFFFFFD
:10D34000FFFFFFFFFFFFFFFFFFFFFFFFFFFFFFFFED
:10D35000FFFFFFFFFFFFFFFFFFFFFFFFFFFFFFFFDD
:10D36000FFFFFFFFFFFFFFFFFFFFFFFFFFFFFFFFCD
:10D37000FFFFFFFFFFFFFFFFFFFFFFFFFFFFFFFFBD
:10D38000FFFFFFFFFFFFFFFFFFFFFFFFFFFFFFFFAD
:10D39000FFFFFFFFFFFFFFFFFFFFFFFFFFFFFFFF9D
:10D3A000FFFFFFFFFFFFFFFFFFFFFFFFFFFFFFFF8D
:10D3B000FFFFFFFFFFFFFFFFFFFFFFFFFFFFFFFF7D
:10D3C000FFFFFFFFFFFFFFFFFFFFFFFFFFFFFFFF6D
:10D3D000FFFFFFFFFFFFFFFFFFFFFFFFFFFFFFFF5D
:10D3E000FFFFFFFFFFFFFFFFFFFFFFFFFFFFFFFF4D
:10D3F000FFFFFFFFFFFFFFFFFFFFFFFFFFFFFFFF3D
:10D40000000000000000000000000000000000001C
:10D41000000000000000000000000000000000000C
:10D4200000000000000000000000000000000000FC
:10D4300000000000000000000000000000000000EC
:10D4400000000000000000000000000000000000DC
:10D4500000000000000000000000000000000000CC
:10D4600000000000000000000000000000000000BC
:10D4700000000000000000000000000000000000AC
:10D48000000000000000000000000000000000009C
:10D49000000000000000000000000000000000008C
:10D4A000000000000000000000000000000000007C
:10D4B000000000000000000000000000000000006C
:10D4C000000000000000000000000000000000005C
:10D4D000000000000000000000000000000000004C
:10D4E000000000000000000000000000000000003C
:10D4F000000000000000000000000000000000002C
:10D50000000000000000000000000000000000001B
:10D51000000000000000000000000000000000000B
:10D5200000000000000000000000000000000000FB
:10D5300000000000000000000000000000000000EB
:10D5400000000000000000000000000000000000DB
:10D5500000000000000000000000000000000000CB
:10D5600000000000000000000000000000000000BB
:10D5700000000000000000000000000000000000AB
:10D58000000000000000000000000000000000009B
:10D59000000000000000000000000000000000008B
:10D5A000000000000000000000000000000000007B
:10D5B000000000000000000000000000000000006B
:10D5C000000000000000000000000000000000005B
:10D5D000000000000000000000000000000000004B
:10D5E000000000000000000000000000000000003B
:10D5F000000000000000000000000000000000002B
:10D60000000000000000000000000000000000001A
:10D61000000000000000000000000000000000000A
:10D6200000000000000000000000000000000000FA
:10D6300000000000000000000000000000000000EA
:10D6400000000000000000000000000000000000DA
:10D6500000000000000000000000000000000000CA
:10D6600000000000000000000000000000000000BA
:10D6700000000000000000000000000000000000AA
:10D68000000000000000000000000000000000009A
:10D69000000000000000000000000000000000008A
:10D6A000000000000000000000000000000000007A
:10D6B000000000000000000000000000000000006A
:10D6C000000000000000000000000000000000005A
:10D6D000000000000000000000000000000000004A
:10D6E000000000000000000000000000000000003A
:10D6F000000000000000000000000000000000002A
:10D700000000000000000000000000000000000019
:10D710000000000000000000000000000000000009
:10D7200000000000000000000000000000000000F9
:10D7300000000000000000000000000000000000E9
:10D7400000000000000000000000000000000000D9
:10D7500000000000000000000000000000000000C9
:10D7600000000000000000000000000000000000B9
:10D7700000000000000000000000000000000000A9
:10D780000000000000000000000000000000000099
:10D790000000000000000000000000000000000089
:10D7A0000000000000000000000000000000000079
:10D7B0000000000000000000000000000000000069
:10D7C0000000000000000000000000000000000059
:10D7D0000000000000000000000000000000000049
:10D7E0000000000000000000000000000000000039
:10D7F0000000000000000000000000000000000029
:10D800000000000000000000000000000000000018
:10D810000000000000000000000000000000000008
:10D8200000000000000000000000000000000000F8
:10D8300000000000000000000000000000000000E8
:10D8400000000000000000000000000000000000D8
:10D8500000000000000000000000000000000000C8
:10D8600000000000000000000000000000000000B8
:10D8700000000000000000000000000000000000A8
:10D880000000000000000000000000000000000098
:10D890000000000000000000000000000000000088
:10D8A0000000000000000000000000000000000078
:10D8B0000000000000000000000000000000000068
:10D8C0000000000000000000000000000000000058
:10D8D0000000000000000000000000000000000048
:10D8E0000000000000000000000000000000000038
:10D8F0000000000000000000000000000000000028
:10D900000000000000000000000000000000000017
:10D910000000000000000000000000000000000007
:10D9200000000000000000000000000000000000F7
:10D9300000000000000000000000000000000000E7
:10D9400000000000000000000000000000000000D7
:10D9500000000000000000000000000000000000C7
:10D9600000000000000000000000000000000000B7
:10D9700000000000000000000000000000000000A7
:10D980000000000000000000000000000000000097
:10D990000000000000000000000000000000000087
:10D9A0000000000000000000000000000000000077
:10D9B0000000000000000000000000000000000067
:10D9C0000000000000000000000000000000000057
:10D9D0000000000000000000000000000000000047
:10D9E0000000000000000000000000000000000037
:10D9F0000000000000000000000000000000000027
:10DA00000000000000000000000000000000000016
:10DA10000000000000000000000000000000000006
:10DA200000000000000000000000000000000000F6
:10DA300000000000000000000000000000000000E6
:10DA400000000000000000000000000000000000D6
:10DA500000000000000000000000000000000000C6
:10DA600000000000000000000000000000000000B6
:10DA700000000000000000000000000000000000A6
:10DA80000000000000000000000000000000000096
:10DA90000000000000000000000000000000000086
:10DAA0000000000000000000000000000000000076
:10DAB0000000000000000000000000000000000066
:10DAC0000000000000000000000000000000000056
:10DAD0000000000000000000000000000000000046
:10DAE0000000000000000000000000000000000036
:10DAF0000000000000000000000000000000000026
:10DB00000000000000000000000000000000000015
:10DB10000000000000000000000000000000000005
:10DB200000000000000000000000000000000000F5
:10DB300000000000000000000000000000000000E5
:10DB400000000000000000000000000000000000D5
:10DB500000000000000000000000000000000000C5
:10DB600000000000000000000000000000000000B5
:10DB700000000000000000000000000000000000A5
:10DB80000000000000000000000000000000000095
:10DB90000000000000000000000000000000000085
:10DBA0000000000000000000000000000000000075
:10DBB0000000000000000000000000000000000065
:10DBC0000000000000000000000000000000000055
:10DBD0000000000000000000000000000000000045
:10DBE0000000000000000000000000000000000035
:10DBF0000000000000000000000000000000000025
:10DC00000000000000000000000000000000000014
:10DC10000000000000000000000000000000000004
:10DC200000000000000000000000000000000000F4
:10DC300000000000000000000000000000000000E4
:10DC400000000000000000000000000000000000D4
:10DC500000000000000000000000000000000000C4
:10DC600000000000000000000000000000000000B4
:10DC700000000000000000000000000000000000A4
:10DC80000000000000000000000000000000000094
:10DC90000000000000000000000000000000000084
:10DCA0000000000000000000000000000000000074
:10DCB0000000000000000000000000000000000064
:10DCC0000000000000000000000000000000000054
:10DCD0000000000000000000000000000000000044
:10DCE0000000000000000000000000000000000034
:10DCF0000000000000000000000000000000000024
:10DD00000000000000000000000000000000000013
:10DD10000000000000000000000000000000000003
:10DD200000000000000000000000000000000000F3
:10DD300000000000000000000000000000000000E3
:10DD400000000000000000000000000000000000D3
:10DD500000000000000000000000000000000000C3
:10DD600000000000000000000000000000000000B3
:10DD700000000000000000000000000000000000A3
:10DD80000000000000000000000000000000000093
:10DD90000000000000000000000000000000000083
:10DDA0000000000000000000000000000000000073
:10DDB0000000000000000000000000000000000063
:10DDC0000000000000000000000000000000000053
:10DDD0000000000000000000000000000000000043
:10DDE0000000000000000000000000000000000033
:10DDF0000000000000000000000000000000000023
:10DE00000000000000000000000000000000000012
:10DE10000000000000000000000000000000000002
:10DE200000000000000000000000000000000000F2
:10DE300000000000000000000000000000000000E2
:10DE400000000000000000000000000000000000D2
:10DE500000000000000000000000000000000000C2
:10DE600000000000000000000000000000000000B2
:10DE700000000000000000000000000000000000A2
:10DE80000000000000000000000000000000000092
:10DE90000000000000000000000000000000000082
:10DEA0000000000000000000000000000000000072
:10DEB0000000000000000000000000000000000062
:10DEC0000000000000000000000000000000000052
:10DED0000000000000000000000000000000000042
:10DEE0000000000000000000000000000000000032
:10DEF0000000000000000000000000000000000022
:10DF00000000000000000000000000000000000011
:10DF10000000000000000000000000000000000001
:10DF200000000000000000000000000000000000F1
:10DF300000000000000000000000000000000000E1
:10DF400000000000000000000000000000000000D1
:10DF500000000000000000000000000000000000C1
:10DF600000000000000000000000000000000000B1
:10DF700000000000000000000000000000000000A1
:10DF80000000000000000000000000000000000091
:10DF90000000000000000000000000000000000081
:10DFA0000000000000000000000000000000000071
:10DFB0000000000000000000000000000000000061
:10DFC0000000000000000000000000000000000051
:10DFD0000000000000000000000000000000000041
:10DFE0000000000000000000000000000000000031
:10DFF0000000000000000000000000000000000021
:040000056000100087
:00000001FF
