:0200000460009A
:100000004643464200000156000000000101020084
:1000100000000000000000000000000000000000E0
:1000200000000000000000000000000000000000D0
:1000300000000000000000000000000000000000C0
:1000400000000000010406010000000000000000A4
:100050000000800000000000000000000000000020
:100060000000000000000000000000000000000090
:100070000000000000000000000000000000000080
:10008000EB04180AFF1E04320126000000000000E5
:100090000000000000000000000000000000000060
:1000A0000000000000000000000000000000000050
:1000B0000000000000000000000000000000000040
:1000C0000000000000000000000000000000000030
:1000D0000000000000000000000000000000000020
:1000E0000000000000000000000000000000000010
:1000F0000000000000000000000000000000000000
:1001000000000000000000000000000000000000EF
:1001100000000000000000000000000000000000DF
:1001200000000000000000000000000000000000CF
:1001300000000000000000000000000000000000BF
:1001400000000000000000000000000000000000AF
:10015000000000000000000000000000000000009F
:10016000000000000000000000000000000000008F
:10017000000000000000000000000000000000007F
:10018000000000000000000000000000000000006F
:10019000000000000000000000000000000000005F
:1001A000000000000000000000000000000000004F
:1001B000000000000000000000000000000000003F
:1001C000000100000010000001000000000000001D
:1001D000000001000000000000000000000000001E
:1001E000000000000000000000000000000000000F
:1001F00000000000000000000000000000000000FF
:10020000FFFFFFFFFFFFFFFFFFFFFFFFFFFFFFFFFE
:10021000FFFFFFFFFFFFFFFFFFFFFFFFFFFFFFFFEE
:10022000FFFFFFFFFFFFFFFFFFFFFFFFFFFFFFFFDE
:10023000FFFFFFFFFFFFFFFFFFFFFFFFFFFFFFFFCE
:10024000FFFFFFFFFFFFFFFFFFFFFFFFFFFFFFFFBE
:10025000FFFFFFFFFFFFFFFFFFFFFFFFFFFFFFFFAE
:10026000FFFFFFFFFFFFFFFFFFFFFFFFFFFFFFFF9E
:10027000FFFFFFFFFFFFFFFFFFFFFFFFFFFFFFFF8E
:10028000FFFFFFFFFFFFFFFFFFFFFFFFFFFFFFFF7E
:10029000FFFFFFFFFFFFFFFFFFFFFFFFFFFFFFFF6E
:1002A000FFFFFFFFFFFFFFFFFFFFFFFFFFFFFFFF5E
:1002B000FFFFFFFFFFFFFFFFFFFFFFFFFFFFFFFF4E
:1002C000FFFFFFFFFFFFFFFFFFFFFFFFFFFFFFFF3E
:1002D000FFFFFFFFFFFFFFFFFFFFFFFFFFFFFFFF2E
:1002E000FFFFFFFFFFFFFFFFFFFFFFFFFFFFFFFF1E
:1002F000FFFFFFFFFFFFFFFFFFFFFFFFFFFFFFFF0E
:10030000FFFFFFFFFFFFFFFFFFFFFFFFFFFFFFFFFD
:10031000FFFFFFFFFFFFFFFFFFFFFFFFFFFFFFFFED
:10032000FFFFFFFFFFFFFFFFFFFFFFFFFFFFFFFFDD
:10033000FFFFFFFFFFFFFFFFFFFFFFFFFFFFFFFFCD
:10034000FFFFFFFFFFFFFFFFFFFFFFFFFFFFFFFFBD
:10035000FFFFFFFFFFFFFFFFFFFFFFFFFFFFFFFFAD
:10036000FFFFFFFFFFFFFFFFFFFFFFFFFFFFFFFF9D
:10037000FFFFFFFFFFFFFFFFFFFFFFFFFFFFFFFF8D
:10038000FFFFFFFFFFFFFFFFFFFFFFFFFFFFFFFF7D
:10039000FFFFFFFFFFFFFFFFFFFFFFFFFFFFFFFF6D
:1003A000FFFFFFFFFFFFFFFFFFFFFFFFFFFFFFFF5D
:1003B000FFFFFFFFFFFFFFFFFFFFFFFFFFFFFFFF4D
:1003C000FFFFFFFFFFFFFFFFFFFFFFFFFFFFFFFF3D
:1003D000FFFFFFFFFFFFFFFFFFFFFFFFFFFFFFFF2D
:1003E000FFFFFFFFFFFFFFFFFFFFFFFFFFFFFFFF1D
:1003F000FFFFFFFFFFFFFFFFFFFFFFFFFFFFFFFF0D
:10040000FFFFFFFFFFFFFFFFFFFFFFFFFFFFFFFFFC
:10041000FFFFFFFFFFFFFFFFFFFFFFFFFFFFFFFFEC
:10042000FFFFFFFFFFFFFFFFFFFFFFFFFFFFFFFFDC
:10043000FFFFFFFFFFFFFFFFFFFFFFFFFFFFFFFFCC
:10044000FFFFFFFFFFFFFFFFFFFFFFFFFFFFFFFFBC
:10045000FFFFFFFFFFFFFFFFFFFFFFFFFFFFFFFFAC
:10046000FFFFFFFFFFFFFFFFFFFFFFFFFFFFFFFF9C
:10047000FFFFFFFFFFFFFFFFFFFFFFFFFFFFFFFF8C
:10048000FFFFFFFFFFFFFFFFFFFFFFFFFFFFFFFF7C
:10049000FFFFFFFFFFFFFFFFFFFFFFFFFFFFFFFF6C
:1004A000FFFFFFFFFFFFFFFFFFFFFFFFFFFFFFFF5C
:1004B000FFFFFFFFFFFFFFFFFFFFFFFFFFFFFFFF4C
:1004C000FFFFFFFFFFFFFFFFFFFFFFFFFFFFFFFF3C
:1004D000FFFFFFFFFFFFFFFFFFFFFFFFFFFFFFFF2C
:1004E000FFFFFFFFFFFFFFFFFFFFFFFFFFFFFFFF1C
:1004F000FFFFFFFFFFFFFFFFFFFFFFFFFFFFFFFF0C
:10050000FFFFFFFFFFFFFFFFFFFFFFFFFFFFFFFFFB
:10051000FFFFFFFFFFFFFFFFFFFFFFFFFFFFFFFFEB
:10052000FFFFFFFFFFFFFFFFFFFFFFFFFFFFFFFFDB
:10053000FFFFFFFFFFFFFFFFFFFFFFFFFFFFFFFFCB
:10054000FFFFFFFFFFFFFFFFFFFFFFFFFFFFFFFFBB
:10055000FFFFFFFFFFFFFFFFFFFFFFFFFFFFFFFFAB
:10056000FFFFFFFFFFFFFFFFFFFFFFFFFFFFFFFF9B
:10057000FFFFFFFFFFFFFFFFFFFFFFFFFFFFFFFF8B
:10058000FFFFFFFFFFFFFFFFFFFFFFFFFFFFFFFF7B
:10059000FFFFFFFFFFFFFFFFFFFFFFFFFFFFFFFF6B
:1005A000FFFFFFFFFFFFFFFFFFFFFFFFFFFFFFFF5B
:1005B000FFFFFFFFFFFFFFFFFFFFFFFFFFFFFFFF4B
:1005C000FFFFFFFFFFFFFFFFFFFFFFFFFFFFFFFF3B
:1005D000FFFFFFFFFFFFFFFFFFFFFFFFFFFFFFFF2B
:1005E000FFFFFFFFFFFFFFFFFFFFFFFFFFFFFFFF1B
:1005F000FFFFFFFFFFFFFFFFFFFFFFFFFFFFFFFF0B
:10060000FFFFFFFFFFFFFFFFFFFFFFFFFFFFFFFFFA
:10061000FFFFFFFFFFFFFFFFFFFFFFFFFFFFFFFFEA
:10062000FFFFFFFFFFFFFFFFFFFFFFFFFFFFFFFFDA
:10063000FFFFFFFFFFFFFFFFFFFFFFFFFFFFFFFFCA
:10064000FFFFFFFFFFFFFFFFFFFFFFFFFFFFFFFFBA
:10065000FFFFFFFFFFFFFFFFFFFFFFFFFFFFFFFFAA
:10066000FFFFFFFFFFFFFFFFFFFFFFFFFFFFFFFF9A
:10067000FFFFFFFFFFFFFFFFFFFFFFFFFFFFFFFF8A
:10068000FFFFFFFFFFFFFFFFFFFFFFFFFFFFFFFF7A
:10069000FFFFFFFFFFFFFFFFFFFFFFFFFFFFFFFF6A
:1006A000FFFFFFFFFFFFFFFFFFFFFFFFFFFFFFFF5A
:1006B000FFFFFFFFFFFFFFFFFFFFFFFFFFFFFFFF4A
:1006C000FFFFFFFFFFFFFFFFFFFFFFFFFFFFFFFF3A
:1006D000FFFFFFFFFFFFFFFFFFFFFFFFFFFFFFFF2A
:1006E000FFFFFFFFFFFFFFFFFFFFFFFFFFFFFFFF1A
:1006F000FFFFFFFFFFFFFFFFFFFFFFFFFFFFFFFF0A
:10070000FFFFFFFFFFFFFFFFFFFFFFFFFFFFFFFFF9
:10071000FFFFFFFFFFFFFFFFFFFFFFFFFFFFFFFFE9
:10072000FFFFFFFFFFFFFFFFFFFFFFFFFFFFFFFFD9
:10073000FFFFFFFFFFFFFFFFFFFFFFFFFFFFFFFFC9
:10074000FFFFFFFFFFFFFFFFFFFFFFFFFFFFFFFFB9
:10075000FFFFFFFFFFFFFFFFFFFFFFFFFFFFFFFFA9
:10076000FFFFFFFFFFFFFFFFFFFFFFFFFFFFFFFF99
:10077000FFFFFFFFFFFFFFFFFFFFFFFFFFFFFFFF89
:10078000FFFFFFFFFFFFFFFFFFFFFFFFFFFFFFFF79
:10079000FFFFFFFFFFFFFFFFFFFFFFFFFFFFFFFF69
:1007A000FFFFFFFFFFFFFFFFFFFFFFFFFFFFFFFF59
:1007B000FFFFFFFFFFFFFFFFFFFFFFFFFFFFFFFF49
:1007C000FFFFFFFFFFFFFFFFFFFFFFFFFFFFFFFF39
:1007D000FFFFFFFFFFFFFFFFFFFFFFFFFFFFFFFF29
:1007E000FFFFFFFFFFFFFFFFFFFFFFFFFFFFFFFF19
:1007F000FFFFFFFFFFFFFFFFFFFFFFFFFFFFFFFF09
:10080000FFFFFFFFFFFFFFFFFFFFFFFFFFFFFFFFF8
:10081000FFFFFFFFFFFFFFFFFFFFFFFFFFFFFFFFE8
:10082000FFFFFFFFFFFFFFFFFFFFFFFFFFFFFFFFD8
:10083000FFFFFFFFFFFFFFFFFFFFFFFFFFFFFFFFC8
:10084000FFFFFFFFFFFFFFFFFFFFFFFFFFFFFFFFB8
:10085000FFFFFFFFFFFFFFFFFFFFFFFFFFFFFFFFA8
:10086000FFFFFFFFFFFFFFFFFFFFFFFFFFFFFFFF98
:10087000FFFFFFFFFFFFFFFFFFFFFFFFFFFFFFFF88
:10088000FFFFFFFFFFFFFFFFFFFFFFFFFFFFFFFF78
:10089000FFFFFFFFFFFFFFFFFFFFFFFFFFFFFFFF68
:1008A000FFFFFFFFFFFFFFFFFFFFFFFFFFFFFFFF58
:1008B000FFFFFFFFFFFFFFFFFFFFFFFFFFFFFFFF48
:1008C000FFFFFFFFFFFFFFFFFFFFFFFFFFFFFFFF38
:1008D000FFFFFFFFFFFFFFFFFFFFFFFFFFFFFFFF28
:1008E000FFFFFFFFFFFFFFFFFFFFFFFFFFFFFFFF18
:1008F000FFFFFFFFFFFFFFFFFFFFFFFFFFFFFFFF08
:10090000FFFFFFFFFFFFFFFFFFFFFFFFFFFFFFFFF7
:10091000FFFFFFFFFFFFFFFFFFFFFFFFFFFFFFFFE7
:10092000FFFFFFFFFFFFFFFFFFFFFFFFFFFFFFFFD7
:10093000FFFFFFFFFFFFFFFFFFFFFFFFFFFFFFFFC7
:10094000FFFFFFFFFFFFFFFFFFFFFFFFFFFFFFFFB7
:10095000FFFFFFFFFFFFFFFFFFFFFFFFFFFFFFFFA7
:10096000FFFFFFFFFFFFFFFFFFFFFFFFFFFFFFFF97
:10097000FFFFFFFFFFFFFFFFFFFFFFFFFFFFFFFF87
:10098000FFFFFFFFFFFFFFFFFFFFFFFFFFFFFFFF77
:10099000FFFFFFFFFFFFFFFFFFFFFFFFFFFFFFFF67
:1009A000FFFFFFFFFFFFFFFFFFFFFFFFFFFFFFFF57
:1009B000FFFFFFFFFFFFFFFFFFFFFFFFFFFFFFFF47
:1009C000FFFFFFFFFFFFFFFFFFFFFFFFFFFFFFFF37
:1009D000FFFFFFFFFFFFFFFFFFFFFFFFFFFFFFFF27
:1009E000FFFFFFFFFFFFFFFFFFFFFFFFFFFFFFFF17
:1009F000FFFFFFFFFFFFFFFFFFFFFFFFFFFFFFFF07
:100A0000FFFFFFFFFFFFFFFFFFFFFFFFFFFFFFFFF6
:100A1000FFFFFFFFFFFFFFFFFFFFFFFFFFFFFFFFE6
:100A2000FFFFFFFFFFFFFFFFFFFFFFFFFFFFFFFFD6
:100A3000FFFFFFFFFFFFFFFFFFFFFFFFFFFFFFFFC6
:100A4000FFFFFFFFFFFFFFFFFFFFFFFFFFFFFFFFB6
:100A5000FFFFFFFFFFFFFFFFFFFFFFFFFFFFFFFFA6
:100A6000FFFFFFFFFFFFFFFFFFFFFFFFFFFFFFFF96
:100A7000FFFFFFFFFFFFFFFFFFFFFFFFFFFFFFFF86
:100A8000FFFFFFFFFFFFFFFFFFFFFFFFFFFFFFFF76
:100A9000FFFFFFFFFFFFFFFFFFFFFFFFFFFFFFFF66
:100AA000FFFFFFFFFFFFFFFFFFFFFFFFFFFFFFFF56
:100AB000FFFFFFFFFFFFFFFFFFFFFFFFFFFFFFFF46
:100AC000FFFFFFFFFFFFFFFFFFFFFFFFFFFFFFFF36
:100AD000FFFFFFFFFFFFFFFFFFFFFFFFFFFFFFFF26
:100AE000FFFFFFFFFFFFFFFFFFFFFFFFFFFFFFFF16
:100AF000FFFFFFFFFFFFFFFFFFFFFFFFFFFFFFFF06
:100B0000FFFFFFFFFFFFFFFFFFFFFFFFFFFFFFFFF5
:100B1000FFFFFFFFFFFFFFFFFFFFFFFFFFFFFFFFE5
:100B2000FFFFFFFFFFFFFFFFFFFFFFFFFFFFFFFFD5
:100B3000FFFFFFFFFFFFFFFFFFFFFFFFFFFFFFFFC5
:100B4000FFFFFFFFFFFFFFFFFFFFFFFFFFFFFFFFB5
:100B5000FFFFFFFFFFFFFFFFFFFFFFFFFFFFFFFFA5
:100B6000FFFFFFFFFFFFFFFFFFFFFFFFFFFFFFFF95
:100B7000FFFFFFFFFFFFFFFFFFFFFFFFFFFFFFFF85
:100B8000FFFFFFFFFFFFFFFFFFFFFFFFFFFFFFFF75
:100B9000FFFFFFFFFFFFFFFFFFFFFFFFFFFFFFFF65
:100BA000FFFFFFFFFFFFFFFFFFFFFFFFFFFFFFFF55
:100BB000FFFFFFFFFFFFFFFFFFFFFFFFFFFFFFFF45
:100BC000FFFFFFFFFFFFFFFFFFFFFFFFFFFFFFFF35
:100BD000FFFFFFFFFFFFFFFFFFFFFFFFFFFFFFFF25
:100BE000FFFFFFFFFFFFFFFFFFFFFFFFFFFFFFFF15
:100BF000FFFFFFFFFFFFFFFFFFFFFFFFFFFFFFFF05
:100C0000FFFFFFFFFFFFFFFFFFFFFFFFFFFFFFFFF4
:100C1000FFFFFFFFFFFFFFFFFFFFFFFFFFFFFFFFE4
:100C2000FFFFFFFFFFFFFFFFFFFFFFFFFFFFFFFFD4
:100C3000FFFFFFFFFFFFFFFFFFFFFFFFFFFFFFFFC4
:100C4000FFFFFFFFFFFFFFFFFFFFFFFFFFFFFFFFB4
:100C5000FFFFFFFFFFFFFFFFFFFFFFFFFFFFFFFFA4
:100C6000FFFFFFFFFFFFFFFFFFFFFFFFFFFFFFFF94
:100C7000FFFFFFFFFFFFFFFFFFFFFFFFFFFFFFFF84
:100C8000FFFFFFFFFFFFFFFFFFFFFFFFFFFFFFFF74
:100C9000FFFFFFFFFFFFFFFFFFFFFFFFFFFFFFFF64
:100CA000FFFFFFFFFFFFFFFFFFFFFFFFFFFFFFFF54
:100CB000FFFFFFFFFFFFFFFFFFFFFFFFFFFFFFFF44
:100CC000FFFFFFFFFFFFFFFFFFFFFFFFFFFFFFFF34
:100CD000FFFFFFFFFFFFFFFFFFFFFFFFFFFFFFFF24
:100CE000FFFFFFFFFFFFFFFFFFFFFFFFFFFFFFFF14
:100CF000FFFFFFFFFFFFFFFFFFFFFFFFFFFFFFFF04
:100D0000FFFFFFFFFFFFFFFFFFFFFFFFFFFFFFFFF3
:100D1000FFFFFFFFFFFFFFFFFFFFFFFFFFFFFFFFE3
:100D2000FFFFFFFFFFFFFFFFFFFFFFFFFFFFFFFFD3
:100D3000FFFFFFFFFFFFFFFFFFFFFFFFFFFFFFFFC3
:100D4000FFFFFFFFFFFFFFFFFFFFFFFFFFFFFFFFB3
:100D5000FFFFFFFFFFFFFFFFFFFFFFFFFFFFFFFFA3
:100D6000FFFFFFFFFFFFFFFFFFFFFFFFFFFFFFFF93
:100D7000FFFFFFFFFFFFFFFFFFFFFFFFFFFFFFFF83
:100D8000FFFFFFFFFFFFFFFFFFFFFFFFFFFFFFFF73
:100D9000FFFFFFFFFFFFFFFFFFFFFFFFFFFFFFFF63
:100DA000FFFFFFFFFFFFFFFFFFFFFFFFFFFFFFFF53
:100DB000FFFFFFFFFFFFFFFFFFFFFFFFFFFFFFFF43
:100DC000FFFFFFFFFFFFFFFFFFFFFFFFFFFFFFFF33
:100DD000FFFFFFFFFFFFFFFFFFFFFFFFFFFFFFFF23
:100DE000FFFFFFFFFFFFFFFFFFFFFFFFFFFFFFFF13
:100DF000FFFFFFFFFFFFFFFFFFFFFFFFFFFFFFFF03
:100E0000FFFFFFFFFFFFFFFFFFFFFFFFFFFFFFFFF2
:100E1000FFFFFFFFFFFFFFFFFFFFFFFFFFFFFFFFE2
:100E2000FFFFFFFFFFFFFFFFFFFFFFFFFFFFFFFFD2
:100E3000FFFFFFFFFFFFFFFFFFFFFFFFFFFFFFFFC2
:100E4000FFFFFFFFFFFFFFFFFFFFFFFFFFFFFFFFB2
:100E5000FFFFFFFFFFFFFFFFFFFFFFFFFFFFFFFFA2
:100E6000FFFFFFFFFFFFFFFFFFFFFFFFFFFFFFFF92
:100E7000FFFFFFFFFFFFFFFFFFFFFFFFFFFFFFFF82
:100E8000FFFFFFFFFFFFFFFFFFFFFFFFFFFFFFFF72
:100E9000FFFFFFFFFFFFFFFFFFFFFFFFFFFFFFFF62
:100EA000FFFFFFFFFFFFFFFFFFFFFFFFFFFFFFFF52
:100EB000FFFFFFFFFFFFFFFFFFFFFFFFFFFFFFFF42
:100EC000FFFFFFFFFFFFFFFFFFFFFFFFFFFFFFFF32
:100ED000FFFFFFFFFFFFFFFFFFFFFFFFFFFFFFFF22
:100EE000FFFFFFFFFFFFFFFFFFFFFFFFFFFFFFFF12
:100EF000FFFFFFFFFFFFFFFFFFFFFFFFFFFFFFFF02
:100F0000FFFFFFFFFFFFFFFFFFFFFFFFFFFFFFFFF1
:100F1000FFFFFFFFFFFFFFFFFFFFFFFFFFFFFFFFE1
:100F2000FFFFFFFFFFFFFFFFFFFFFFFFFFFFFFFFD1
:100F3000FFFFFFFFFFFFFFFFFFFFFFFFFFFFFFFFC1
:100F4000FFFFFFFFFFFFFFFFFFFFFFFFFFFFFFFFB1
:100F5000FFFFFFFFFFFFFFFFFFFFFFFFFFFFFFFFA1
:100F6000FFFFFFFFFFFFFFFFFFFFFFFFFFFFFFFF91
:100F7000FFFFFFFFFFFFFFFFFFFFFFFFFFFFFFFF81
:100F8000FFFFFFFFFFFFFFFFFFFFFFFFFFFFFFFF71
:100F9000FFFFFFFFFFFFFFFFFFFFFFFFFFFFFFFF61
:100FA000FFFFFFFFFFFFFFFFFFFFFFFFFFFFFFFF51
:100FB000FFFFFFFFFFFFFFFFFFFFFFFFFFFFFFFF41
:100FC000FFFFFFFFFFFFFFFFFFFFFFFFFFFFFFFF31
:100FD000FFFFFFFFFFFFFFFFFFFFFFFFFFFFFFFF21
:100FE000FFFFFFFFFFFFFFFFFFFFFFFFFFFFFFFF11
:100FF000FFFFFFFFFFFFFFFFFFFFFFFFFFFFFFFF01
:10100000D1002043F1150060000000000000000046
:101010002010006000100060001C02600000000052
:10102000000000600028020000000000FFFFFFFF3A
:10103000FFFFFFFFFFFFFFFFFFFFFFFFFFFFFFFFC0
:10104000FFFFFFFFFFFFFFFFFFFFFFFFFFFFFFFFB0
:10105000FFFFFFFFFFFFFFFFFFFFFFFFFFFFFFFFA0
:10106000FFFFFFFFFFFFFFFFFFFFFFFFFFFFFFFF90
:10107000FFFFFFFFFFFFFFFFFFFFFFFFFFFFFFFF80
:10108000FFFFFFFFFFFFFFFFFFFFFFFFFFFFFFFF70
:10109000FFFFFFFFFFFFFFFFFFFFFFFFFFFFFFFF60
:1010A000FFFFFFFFFFFFFFFFFFFFFFFFFFFFFFFF50
:1010B000FFFFFFFFFFFFFFFFFFFFFFFFFFFFFFFF40
:1010C000FFFFFFFFFFFFFFFFFFFFFFFFFFFFFFFF30
:1010D000FFFFFFFFFFFFFFFFFFFFFFFFFFFFFFFF20
:1010E000FFFFFFFFFFFFFFFFFFFFFFFFFFFFFFFF10
:1010F000FFFFFFFFFFFFFFFFFFFFFFFFFFFFFFFF00
:10110000FFFFFFFFFFFFFFFFFFFFFFFFFFFFFFFFEF
:10111000FFFFFFFFFFFFFFFFFFFFFFFFFFFFFFFFDF
:10112000FFFFFFFFFFFFFFFFFFFFFFFFFFFFFFFFCF
:10113000FFFFFFFFFFFFFFFFFFFFFFFFFFFFFFFFBF
:10114000FFFFFFFFFFFFFFFFFFFFFFFFFFFFFFFFAF
:10115000FFFFFFFFFFFFFFFFFFFFFFFFFFFFFFFF9F
:10116000FFFFFFFFFFFFFFFFFFFFFFFFFFFFFFFF8F
:10117000FFFFFFFFFFFFFFFFFFFFFFFFFFFFFFFF7F
:10118000FFFFFFFFFFFFFFFFFFFFFFFFFFFFFFFF6F
:10119000FFFFFFFFFFFFFFFFFFFFFFFFFFFFFFFF5F
:1011A000FFFFFFFFFFFFFFFFFFFFFFFFFFFFFFFF4F
:1011B000FFFFFFFFFFFFFFFFFFFFFFFFFFFFFFFF3F
:1011C000FFFFFFFFFFFFFFFFFFFFFFFFFFFFFFFF2F
:1011D000FFFFFFFFFFFFFFFFFFFFFFFFFFFFFFFF1F
:1011E000FFFFFFFFFFFFFFFFFFFFFFFFFFFFFFFF0F
:1011F000FFFFFFFFFFFFFFFFFFFFFFFFFFFFFFFFFF
:10120000FFFFFFFFFFFFFFFFFFFFFFFFFFFFFFFFEE
:10121000FFFFFFFFFFFFFFFFFFFFFFFFFFFFFFFFDE
:10122000FFFFFFFFFFFFFFFFFFFFFFFFFFFFFFFFCE
:10123000FFFFFFFFFFFFFFFFFFFFFFFFFFFFFFFFBE
:10124000FFFFFFFFFFFFFFFFFFFFFFFFFFFFFFFFAE
:10125000FFFFFFFFFFFFFFFFFFFFFFFFFFFFFFFF9E
:10126000FFFFFFFFFFFFFFFFFFFFFFFFFFFFFFFF8E
:10127000FFFFFFFFFFFFFFFFFFFFFFFFFFFFFFFF7E
:10128000FFFFFFFFFFFFFFFFFFFFFFFFFFFFFFFF6E
:10129000FFFFFFFFFFFFFFFFFFFFFFFFFFFFFFFF5E
:1012A000FFFFFFFFFFFFFFFFFFFFFFFFFFFFFFFF4E
:1012B000FFFFFFFFFFFFFFFFFFFFFFFFFFFFFFFF3E
:1012C000FFFFFFFFFFFFFFFFFFFFFFFFFFFFFFFF2E
:1012D000FFFFFFFFFFFFFFFFFFFFFFFFFFFFFFFF1E
:1012E000FFFFFFFFFFFFFFFFFFFFFFFFFFFFFFFF0E
:1012F000FFFFFFFFFFFFFFFFFFFFFFFFFFFFFFFFFE
:10130000FFFFFFFFFFFFFFFFFFFFFFFFFFFFFFFFED
:10131000FFFFFFFFFFFFFFFFFFFFFFFFFFFFFFFFDD
:10132000FFFFFFFFFFFFFFFFFFFFFFFFFFFFFFFFCD
:10133000FFFFFFFFFFFFFFFFFFFFFFFFFFFFFFFFBD
:10134000FFFFFFFFFFFFFFFFFFFFFFFFFFFFFFFFAD
:10135000FFFFFFFFFFFFFFFFFFFFFFFFFFFFFFFF9D
:10136000FFFFFFFFFFFFFFFFFFFFFFFFFFFFFFFF8D
:10137000FFFFFFFFFFFFFFFFFFFFFFFFFFFFFFFF7D
:10138000FFFFFFFFFFFFFFFFFFFFFFFFFFFFFFFF6D
:10139000FFFFFFFFFFFFFFFFFFFFFFFFFFFFFFFF5D
:1013A000FFFFFFFFFFFFFFFFFFFFFFFFFFFFFFFF4D
:1013B000FFFFFFFFFFFFFFFFFFFFFFFFFFFFFFFF3D
:1013C000FFFFFFFFFFFFFFFFFFFFFFFFFFFFFFFF2D
:1013D000FFFFFFFFFFFFFFFFFFFFFFFFFFFFFFFF1D
:1013E000FFFFFFFFFFFFFFFFFFFFFFFFFFFFFFFF0D
:1013F000FFFFFFFFFFFFFFFFFFFFFFFFFFFFFFFFFD
:10140000824205D051F8043B40F8043B8242F9D8AF
:10141000704700BF044A05494FF0000342F8043BFF
:101420009142FBD8704700BFC03E002000E300207F
:1014300008B5BFF34F8F00F085FD544C544B082086
:101440005449C3F85401544AC3F800115348C3F82F
:10145000F0405349FFF7D4FF524A53495348FFF72E
:10146000CFFF534CFFF7D6FF4FF470004FF0E02151
:101470000023504AC1F8880D44F823200133B02BD3
:10148000FAD14D4B80214D4A03F8011B9342FBD109
:101490004FF0E0254A4E4B4A4FF0FF31C5F8084D5A
:1014A000D5F8243D43F4E023C5F8243DF36923F047
:1014B0007F0343F04003F361736A23F07F0343F03B
:1014C000400373629166D1661167516700F042FD77
:1014D0003D4A3E4BA2636322E36300246A61032317
:1014E0003B4AAC612B61C5F8202DD5F8FC2D394B5A
:1014F00042F080723849C5F8FC2D1A6842F00102AA
:101500001A605B680B6000F0F5FE344801F0D8F813
:10151000F16E334B334A41F44051F1661C60C3F81D
:101520000841C3F81841C3F82841C3F83841936B08
:10153000DB0708D442F615632B4951651365936B9D
:1015400043F001039363274A284C936843F0011347
:10155000936000F08DFD01F039F801F085F800F09E
:10156000FBFE00F0F1FC2368132BFCD900F090FF88
:101570002368B3F5967FFBD300F0EAFC00F0E6FCAD
:1015800001F05AF801F080F830BFFDE70C0D11139F
:1015900000800D401B101820B8B1010000000000B1
:1015A0001C280060C03E0020D8D901600000002047
:1015B000003C002031DC000000E400E0A0E400E09A
:1015C00000C00F4000C00A4055D400004DD50000B7
:1015D00000002020001000E0B4E100200046C323FA
:1015E0000040084000400D400000C056B8E1002017
:1015F000054B4FF42A01054A05485A641864054A08
:1016000099639546FFF714FF00C00A40FFAAAAAAF3
:10161000070020000000062010B5002104461C4BE6
:101620004FF0FF3021811A682175C4F81B20F02289
:10163000C4F81510A4F81910C4E903015868C4F8D7
:101640001F009868DB68C4F8230004F12B00C4F87D
:101650002730C4E9001101F01FF800210123A4F88C
:101660002411A4F8263184F82811C4E94711C4E9EB
:101670004B11C4E94D11C4E94F11C4E95111C4E93A
:101680005311C4E9551101F013F8204610BD00BFF5
:10169000E005002010B5044600F0E2FFD4F8543114
:1016A00023B104F5A671032208469847D4F84431C3
:1016B00023B104F59E71032208469847D4F83431CB
:1016C00023B104F59671032208469847204610BDC1
:1016D00070B5044600F0B8FF0F4B05681A782AB9B8
:1016E00000F0B2FF034620461D6070BD206800F088
:1016F000EFFF0022084B22601A7022710028EFD001
:1017000000F09EFF064600F09FFF066000F09CFF81
:10171000034620461D6070BDABE2002070B5754CDD
:10172000236833F0020300D070BD73494FF4803555
:10173000724A4CF20F00CB6E43F44063CB664FF419
:1017400080536F49C2F8E450C2F8E800C2F8E410D0
:10175000C2F8E830D2F8E030002BFBDA69494FF4E8
:101760008030694B4FF23805C2F8E80038204A68EB
:101770004FF4804622F400524A604A6842F4020262
:101780004A6043F238020521C3F87C23C3F884235E
:10179000C3F880535D4DC3F89823C3F86803C3F8BA
:1017A00064034FF62900C3F87811C3F874114FF49D
:1017B00000416A6842F440426A600022C5F888101D
:1017C000C5F88460C3F8A8034BF2E900C3F8A4038A
:1017D0003120C3F8B821C3F8B421D3F8302422F063
:1017E000030242F00202C3F83024C3F89403162027
:1017F000474AC3F8A4013220536C23F07E0343F020
:1018000012035364C5F8841000F04EFF4149424A68
:10181000C5F88860414B48681268A3FB0232920CFD
:1018200002EB820202EB82024B681B1A9342FBD34B
:10183000364B4FF480420220C3F8842000F034FF7E
:10184000334B4FF40001364A59601A645A6810024B
:10185000FCD51A6C4FF4000192B25960B2F5005FEA
:1018600011D130482A4A5960186453681902FCD5CE
:10187000136C4AF240104FF4000123F00F03516043
:101880009BB283421ED0DFF884C04FF480361D48DF
:101890004FF0010EDCF80430184923F44043164A97
:1018A000214DCCF80430436823F400334360C1F881
:1018B000E460C1F8E050D36E23F44063D366C4F80B
:1018C00000E070BD1948124B516010645A68120252
:1018D000FCD54FF4000116480D4A59605960186450
:1018E00053681B02FCD54FF40001032351602360B1
:1018F00070BD00BF8846002000C00F4000800D4032
:101900000120200000C00A4000801F40004000422B
:1019100000802D40001000E04437002083DE1B4390
:1019200000000A6000000E60011001008002625099
:1019300081005E504FF0013340F2011203604360BA
:101940000281704710B5784C2368042B00F0EA80C0
:10195000FFF7E4FE2268032A01D0002010BD734B7C
:101960004BF2E9017248C3F87C13C3F88013C3F843
:101970008413C3F89813C3F88813C3F88C13C3F8FF
:101980009013C3F88C21C3F89021C3F8A821C3F8A1
:101990009421C3F8A021C3F89821C3F89C21A02268
:1019A000D3F82C1441F00101C3F82C14D3F83414EB
:1019B00041F00101C3F83414D3F8381441F00101A7
:1019C000C3F83814D3F83C1441F00101C3F83C14B7
:1019D000D3F8401441F00101C3F84014002100F095
:1019E0005BFEA0220021534800F056FE52490346F8
:1019F000524A4F481360086000F1A00C0346504A59
:101A00004FF4004080215A60203323F81E0C02F569
:101A1000C06223F8161C6345F5D145494FF4806038
:101A2000DFF810E1B1F88230464A0EF1A00C43F421
:101A30000053A1F8823073464FF4B0415A6020330E
:101A400023F81E0C02F5C06223F8161C6345F5D17D
:101A5000BEF8821000223C4B41F400519A60AEF86F
:101A600082103A49C3F884104FF48271C3F8C4104D
:101A70001921C3F8C011C721C3F8C411D3F8441108
:101A800041F48071C3F844112949C3F89021C3F887
:101A900080114FF4C061C3F884E1C3F888111421A8
:101AA000C3F80021C3F8F020C3F8EC10C3F8942168
:101AB000586E274940F000405866C3F81821C3F813
:101AC0001C21C3F82021C3F824219A681140214A1F
:101AD00041F00071996090681F49D0F8080292683F
:101AE00008601E49C2F80812BFF34F8F1C4A4FF41A
:101AF0008021D1601B484FF001011B4A5860BFF3A1
:101B00005B8FD2E84F0FC2E84C1FBCF1000FF8D139
:101B10004FF0807215480421BFF35B8F58621A6141
:101B20005A612160012010BD8846002000801F40BE
:101B3000C03E0020803F0020683700206C37002026
:101B4000001E20200000202000802D4024D1F245DE
:101B50000080FF7D00ED00E0844600206D1D000048
:101B600000E100E00080FF7F8C4600201201007041
:101B700010B40023044C05480549064A236003605D
:101B80000B60136010BC7047904600209446002004
:101B9000984600209C460020F8B1114A40F2DC51E2
:101BA00038B504460F4B10480025A18625630F4920
:101BB000C4E904209A88186843F606236287A3873D
:101BC000C4F83600204600F053FD2046084900F0D6
:101BD0007BFD084B2846636438BD6FF00F007047EB
:101BE000FD540000E04500208D220000E845002063
:101BF000684600209D22000070B584B00E46044661
:101C00000192FFF79FFE019A002838D012B11046CA
:101C1000FFF790FE002C47D0334B1A78154642BB95
:101C200006222146314800F003FD68BB204600F043
:101C300057FDB0B12D4800F03FFD044688B12C4B54
:101C40001B781D46002B34D0284A2A4B10689188F7
:101C50000622C3F83600598783F83C20204604B09A
:101C600070BD00F0F1FC0E2303600024204604B098
:101C700070BD00F039FD00221B4B1A70D6E700F052
:101C8000E3FC13230360F0E7194B1A78002ACDD048
:101C9000284600F0C9FC174800F002FD164800F085
:101CA000DBFC134B1D70C1E702A802AC00F0E8FC9E
:101CB000B2E73146104800F00FFD104B104A29469C
:101CC0000C4800F0E5FC30B10A4800F0ADFC0123FF
:101CD000074A1370C2E7084800F0BEFC00F0B4FCED
:101CE00073230360C1E700BF7E3A0020E045002077
:101CF000A9E200201C460020D8450020BDBB000002
:101D0000991B00600D490E4A087808B5002313603E
:101D1000938018B9BDE80840FFF72ABF184600F0C5
:101D200083FC084800F0BCFC074800F095FC002349
:101D300002490B70BDE80840FFF71ABFA9E2002076
:101D4000E04500201C460020D84500203748384B8D
:101D5000D0F88020DFF8FCC042F44052354900B58D
:101D6000C0F88020344AC3F800C034485A60344A6E
:101D70001862DFF8E4C05A623248334AC3F828C018
:101D8000DA6246F6201218635963996340F6A3118C
:101D9000D868DFF8C8E000F07F40DFF8C4C0024335
:101DA00040F6C410DA609A686FF30F021143274AB5
:101DB0009960D9696FF3150141F4C841D9619969F6
:101DC0006FF3150141F4C8619961196821F48651D6
:101DD0001960196801EA0E0EC3F800E04FF0000E1A
:101DE00019680A401A4942F002021A605A696FF3F0
:101DF000090242F03F025A611A6992B242F0486207
:101E00001A611A696FF30F0210431861D3F8A0200A
:101E100022F00202C3F8A0201A6802EA0C0CC3F8F0
:101E200000C0DA6F1B6CC1F800E000BD00C00F40BD
:101E300000C00C402F002E002200010068050C019C
:101E40009501B2004B0040007D005800BCEFFFFF41
:101E5000D045002040100100DC007A00B3EFFFFF06
:101E6000BFEFFEFF084A094B11680B4043F4803373
:101E7000136013689B04FCD5054AD2F8803023F424
:101E80004053C2F88030704700C00C40BFEFFEFFE7
:101E900000C00F40294A00210123C2F8A000C2F867
:101EA000A410C2F8B0305369D907FCD501234FF410
:101EB000803C22495361C2F8A000C2F8A4C0C2F815
:101EC000B0304B69DB07FCD501234FF4003C1B4AC3
:101ED0004B61C1F8A000C1F8A4C0C1F8B03053698B
:101EE000D907FCD50123DFF858C014495361C2F863
:101EF000A000C2F8A4C0C2F8B0304B69DB07FCD523
:101F0000D1F8003145F60D504FF0210C9AB2C1F8CE
:101F100014C0824210D045F69D518A420AD1C3F3C3
:101F20004253032B08D0A3F10403B3FA83F35B09F4
:101F300018017047002070470820704700402A4071
:101F400004000300704700BF704700BF704700BF28
:101F500000BF70474FF0E02300214FF0100C3448D1
:101F6000C3F8941DC3F89CCD4FF0110CC3F8A00D1D
:101F70003048C3F89CCD4FF0120CC3F8A00D2E488A
:101F8000C3F89CCD2D4AC3F8A00DDFF8D0C042F0B5
:101F900015022B48C3F89CCDC3F8A00DDFF8C0C0D4
:101FA0002848C3F89CCDC3F8A00DDFF8B8C0C3F82B
:101FB0009C2D2548254AC3F8A0CDC3F89C0DC3F835
:101FC000A02D02F5A022DFF8A0C00C322048C3F8F3
:101FD0009CCDC3F8A02D1F4AC3F89C0DC3F8A02DBB
:101FE00002F14062DFF884C002321B48C3F89CCD86
:101FF000C3F8A02D0A32C3F89C0DC3F8A02D00BF72
:1020000000BF00BF00BF00BF0122C3F8942DBFF383
:102010004F8FBFF36F8FC3F8501FBFF34F8FBFF3C6
:102020006F8FD3F8142D42F44032C3F8142D70474B
:102030003F000010250008070900100000E3002001
:1020400021000207250008131600202027000B138B
:10205000180000602F000B071A00008013002000FA
:102060001400002009000010170000401900007043
:1020700030B5864B85B0DFF874E21822844D01201C
:10208000C3F85CE28349C3F86052A5F58055DFF8D8
:1020900060C2814CC3F864E2C3F868522125C3F8DA
:1020A0006CC2C3F870C2C3F874C2C3F878C248F2F5
:1020B0000C7CDA661A675A679A67DA67C3F8802079
:1020C000C3F88420C3F88820C1F82C03734AC1F8F0
:1020D0003003C1F83403C1F83803C1F83C03C1F838
:1020E0005003A1696E4B0A406E486F4913436F4A13
:1020F000A361D4F8843043F00C03C4F884304FF06B
:10210000FF34036843F002030360036803EA0C032F
:102110001A43674B026044608A68664C1340664A03
:1021200043F000538360C36823F07803C360036AFD
:1021300023401A43604B0262026A22405F4C134301
:10214000002243628462C46240F20564D1F8B83070
:1021500023F03F0343F00103C0F8B830D1F8BC309E
:10216000574923F03F0343F00103C0F8BC3002613C
:102170000567C0F880404567C0F8844002240368C2
:1021800023F00203036081614E4B4F49C46143F861
:10219000042B8B42FBD1434C236843F001032360A3
:1021A000256815F00105FBD14548022240F2F56192
:1021B000A06140F29940E26140F26642C4F8001228
:1021C00042F20141C4F81022404AC4F82002C4F887
:1021D000302240F23542C4F834123D48C4F840225F
:1021E0003C4AC4F850022846C4F8542242F2012264
:1021F0003949C4F86012C4F86422FFF74BFE024666
:10220000002839D0810201234FF48020216625491E
:10221000C4F8A050C4F8A400C4F8B0304B69D80783
:10222000FCD515050124039228464C61FFF732FEC8
:10223000039A2A4B0244D2B21A7080B11949800223
:102240004FF4802348660846C1F8A050C1F8A43076
:10225000C1F8B0404369DB07FCD501234361204945
:102260000024204801230094401A00EB02521E482B
:1022700000F002FA05B030BD1B4B18491860087019
:10228000D860C3E9010005B030BD00BF00801F4029
:10229000F910010000841F4000C00F40FFFCFF1F29
:1022A0000003008000402A4000802A401200FFFF07
:1022B000FF37F70000FFF07C40000080FF000F8335
:1022C000F05AF05A00422A4000432A409F04183036
:1022D000EB06180A063201263806180AB6E2002074
:1022E000000000700000007018500020F9B00100DC
:1022F000F970010010B5174A4FF480544FF4005E96
:102300004FF4404C4FF4803043F24201136913F014
:10231000020F0DD113F4005F0FD013F4805F0FD0C4
:10232000002BF3DA13F4803F0CD15B060ED510BD01
:10233000C2F818C050619161E8E7C2F814E0E5E71F
:102340005461E3E74FF480339361DFE74023536147
:10235000DCE700BF00800D40414A03204149F3EE15
:10236000095AD2F880309FED406A23F001039FEDB7
:102370003F5ADFF814C100B5C2F88030C2F89000AF
:10238000D1F8E010DFF804E1CBB23948CEF80030E4
:1023900007EE903A0B0DC1F30B21F8EEE77A06EE4B
:1023A000903A07EE101A334BB8EEC77ACCF800100B
:1023B000F8EEE66A304937EEC66A37EEC55A76EE71
:1023C000C76A77EEE57A26EE266AC3ED006A25EE47
:1023D000265AD2F8803067EEA64AC0ED007AC6EEE3
:1023E000275A264885EE276AC4EEA76A75EE875AF3
:1023F000FCEEE55A36EE076A15EE90CABCEEC66AE8
:1024000043EA0C5376EE877AC2F8803016EE103A23
:10241000D2F890C1FCEEE77A01EA034141EA0C01EF
:102420004FF0000C17EE903AC2F89011C3F30B0373
:10243000D2F890110B431249C2F89031D2F8803093
:1024400043F00203C2F880300E4B80F840C0C1F860
:1024500040314FF0E0230122C3F8082100BD00BF46
:1024600000810D4000441F400000AA420000B44219
:1024700098E100209CE100200000FF0F00E400E054
:10248000003C002011DE000090E1002094E10020DB
:10249000314B40F6617210B5C3F8202140F204447C
:1024A00000F0D6F82D4A2E49D2F880302D4843F05E
:1024B0000303C2F880302C4BC1F8604102681A4215
:1024C00003D1D1F8A8319A071BD0254A4FF000411B
:1024D000244B5963D2F8403143F00203C2F8403133
:1024E000D2F840319B07FBD44FF400304FF0E0218D
:1024F0001C4B4FF00042C1F88C0219209A6300F087
:10250000D3F8184B0021164C4FF080420A209A63F2
:102510004FF420721960C4F8A801144800F0BCF808
:102520004FF4800203464FF4810040F243111860DB
:10253000C4F858311A640E4B0E4AC4F84811C3F857
:1025400004224FF0E0224FF400310123C2F80C11B5
:10255000C4F8403110BD00BF00800D4000C00F40E6
:1025600000002E4000900D40001C1E0000000020C6
:10257000003C002015E0000008B50E4B1B6E9B07C9
:1025800000D4FBBE72B60C4B00200C4AC3F84001CD
:1025900003F160430A49A3F55F2311649D46BFF32D
:1025A0004F8F4FF40013074A0748DB6902609B68AE
:1025B000984700BF00441F4000002E4000C00A4062
:1025C00003002000000012EB008020200F4B40F29F
:1025D000376C0F4AA020D96E41F44031D966D96ECC
:1025E00041F44071D966C2F844C09064936C1B06F4
:1025F000FCD4084A40F23761A02351649364936C81
:1026000013F08003FBD1044A1370704700C00F40E1
:1026100000400C4000800C40B1E20020F8B500BF43
:10262000F8BC08BC9E4670475FF800F0316C0000B3
:102630005FF800F01D2701005FF800F01530010081
:102640005FF800F0452400005FF800F00930010059
:102650005FF800F081E700005FF800F06D6F0000A8
:102660005FF800F0D50C00005FF800F0B9F0000052
:102670005FF800F0754700005FF800F01DF2000001
:102680005FF800F0991D00005FF800F075DA0000B7
:102690005FF800F0A57200005FF800F0C5280100A7
:1026A0005FF800F02D6D00005FF800F075D90000B4
:1026B0005FF800F0B12300005FF800F09D1D0000FE
:1026C0005FF800F061D600005FF800F029360000E6
:1026D0005FF800F0DD2400005FF800F0F56E000008
:1026E0005FF800F0CD1D00005FF800F0013600003B
:1026F00045000000C5030000550E0000451B00000A
:10270000511C0000D91C00002D23000095BF0000C3
:04271000A1F4000030
:102714001603550053004200200053006500720068
:10272400690061006C000000180354006500650036
:102734006E00730079006400750069006E006F001C
:102744000403090409026200030100C032080B00FB
:102754000202020100090400000102020100052432
:1027640000100105240101010424020605240600C9
:10277400010705820310001009040100020A000089
:102784000007050302400000070584024000000919
:1027940004020002FF6AFF000705810240000107EE
:1027A400050102400001000009026200030100C0AB
:1027B40032080B00020202010009040000010202B7
:1027C400010005240010010524010101042402066E
:1027D4000524060001070582031000050904010011
:1027E400020A000000070503020002000705840234
:1027F4000002000904020002FF6AC7000705810203
:102804000002010705010200020100000A0600029D
:08281400EF0201400100000089
:10281C0000000000000000000000000000000000AC
:10282C00000000000000000000000000000000009C
:10283C000548064B1B1AD90F01EBA301491002D016
:10284C00034B03B118477047C03E0020C03E002028
:10285C000000000008B5054B1BB105490548AFF356
:10286C000080BDE80840FFF7E3BF00BF0000000098
:10287C00C0800020002802600A4A1368013B1360E4
:10288C0003B1704700B5084A83B0CDE90030106839
:10289C001AF032FF0199044A009B0846136003B0FA
:1028AC0000BD00BF6C420020704200200A4A136831
:1028BC00013B136003B1704700B5084A83B0CDE902
:1028CC00003010681AF014FF0199044A009B084666
:1028DC00136003B000BD00BFD0430020D4430020E0
:1028EC002DE9F04FDFF81C82ADF2246D6E4ED8F856
:1028FC00005034682C1B03D10DF2246DBDE8F08F11
:10290C006A4B28AFD3F800903846494600F044FE95
:10291C00674B1B78002B00F0B880664B664A2593FA
:10292C00664B1B78002B00F0AD80624B2693BB7975
:10293C00484627922393FB7997F804A097F805B0A3
:10294C00249300F021FE279A002800F09880DFF8ED
:10295C0064E107EE904A5A4CDFF8AC91E068B8EEAF
:10296C00676B584B0F90D9F80070DFF8A0C1149723
:10297C001B68FB1A544F07EE103A544B9FED485B03
:10298C00B8EE477B1B68C31A514827EE057B87EED0
:10299C00064B07EE103A4F4BB8EE477B27EE057B04
:1029AC0087EE065B8DED184B8DED165B1B68209347
:1029BC00494B1B681F93494B1B681E93484B1B6864
:1029CC001C93484B1B681B93474B1B681A93474B34
:1029DC001B6815933B681D93E3691393A3691293CA
:1029EC006369119323691093CDF81CE02499CDF8F9
:1029FC000CA0069123993E4BCDE904B12699029186
:102A0C002599CDE90021A2684FF4AF610E92DCF854
:102A1C0000200D9202682AA80B92D3F88820099204
:102A2C00D3F88430334A0A932368089363680C9371
:102A3C00214B12F097F982460EF0A0FE2E4B1B781C
:102A4C0073B12E4B1B78DB070AD52D4AD8F8003012
:102A5C0012689B1A0E2B03D90EF01EFE824517DD51
:102A6C003B6801333B60E368184A35601360D9F862
:102A7C000030144A13600DF2246DBDE8F08FDFF8BE
:102A8C0038E066E70C4B269351E70B4A259247E753
:102A9C0051462AA80EF0F6FDE5E700BFAFF3008023
:102AAC000000000000408F4058500020A446002039
:102ABC00B0E2002080030020880300207F3A002031
:102ACC00E8800020DC800020E4E10020D880002099
:102ADC007C8000206C4B0020744B0020704B00203D
:102AEC007880002080800020ACE100202C4B00205E
:102AFC00E8E1002090030020C6E20020C5E200209F
:102B0C0080E20020B8E10020B0E100202850002035
:102B1C00F0B5402483B0274D274E284F0DE0511CB3
:102B2C00274B2F2929D893F800C0BCF1000F24D1D2
:102B3C00244B29609854013C1DD00EF039FDD0B1C6
:102B4C000EF07CFD2A68C0B20A2801D00D28E6D10F
:102B5C001B4B4FF0000C1B49187801F802C028B928
:102B6C000A68B2420CD00A68BA4215D00022013C65
:102B7C002A601A70E1D103B0F0BD01221A70DAE7B5
:102B8C000A79002AEFD110498A65A1F8692081F8E9
:102B9C006B200E490A70E9E70D4A45F25531108851
:102BAC008842E3D19278002AE0D10193FFF798FE96
:102BBC00019BDBE7E446002053544F5053544154DF
:102BCC00ADE20020E8460020E8E00020B0E2002062
:102BDC00EC4600201B4B19684A1C10B51A60C9B191
:102BEC00194A1A491A480EF061FF1A4A1368591CFF
:102BFC00116003B3144A184918480EF057FF6021AE
:102C0C00174801F087FA104A16491548BDE81040DC
:102C1C000EF04CBF144C4FF4EE72144812F05AFAEA
:102C2C002046883401F006FC114B9C42F8D1114B24
:102C3C000E4A1A60D4E7104C20461AF04DFD0F4B8B
:102C4C001C60D7E7D0430020A03700209D00000077
:102C5C00BC4600206C42002069000000A846002001
:102C6C00E8E10020711500001C440020D84300202E
:102C7C00B4450020D4430020744200207042002050
:102C8C002DE9F8431B4D40F2EE281B4C1B4FDFF88F
:102C9C0080902E680EF072FD2378EBB13B78DB0749
:102CAC001AD52B68D9F800209B1A0E2B14D9144B6B
:102CBC0014491C68204600F0B9FC204600F0E6FBE5
:102CCC0041F63611104801F009FB00380F4B18BFC4
:102CDC0001201870BDE8F8832B6822789B1B2AB161
:102CEC00B3F5FA6FE3D80EF049FDD3E74345FAD9B3
:102CFC00DDE700BFB8E10020C6E20020C5E20020FD
:102D0C00A4460020CC050020E8E10020B9E2002018
:102D1C0080E200202DE9F04F89B08A4C0DF088FA42
:102D2C00894B80461B681846039300F0AFFA237852
:102D3C00002B00F0D780854FFFF7EAFE8025844CEE
:102D4C00844E07F5C04ADFF84092CDF8088005E0C4
:102D5C00814A136801331360013D6DD0236B20460B
:102D6C0032689A4238BF336000F08EFE002863DB75
:102D7C00F2D0214606A800F02DFD079B4B45E7D16C
:102D8C00A36DD4E910820193A2EB080B3A68BBF156
:102D9C00110F02F101023A6048DD08226F494046EA
:102DAC0012F0C4F8002841D198F80820002A3DD12F
:102DBC0098F80920502A39D198F80A1098F80B2065
:102DCC0002EB01220D2A31D998F8101098F8112035
:102DDC0002EB0122911EB1F5FF7F27D8D30725D432
:102DEC0002F112018B4521D198F90F1098F80F00C0
:102DFC0000291BDB98F80E104FF0AA0E01EB0023F4
:102E0C00574901F12A0BB1F800C0A3EB0C00634544
:102E1C000EFB00FC03D348888445C0F0B780063114
:102E2C005945F0D1BB680133BB6095E77B68013D28
:102E3C0003F101037B6091D14A4ADAF85830DDF88E
:102E4C000880146823B1DAF85C30E31A642B3DD89F
:102E5C00DAF86430E31AB3F57A7F02D90023AAF8C2
:102E6C006A30414D2B78002B46D10DF0E1F93F4BE8
:102E7C0029781B68C01AC9B148F23523984203D986
:102E8C009AF86930002B50D10DF0D2F9384BA0EBE9
:102E9C0008001A68824238BF1860364B1B68E41A67
:102EAC00B4F57A7F19D209B0BDE8F08F324D2B788A
:102EBC00012BE9D046F64B039842E5D943F21B02AD
:102ECC002E4812F007F901232B70DDE73B69013323
:102EDC003B610023CAF85830BAE709B0BDE8F04F9F
:102EEC00FFF7FEBC41F63611194801F0F7F900382E
:102EFC0018BF012020701EE7039800F045FB58B165
:102F0C001F4B1B68E31AB3F57A7FAED9DAF8603041
:102F1C00E31AB3F57A7FA8D900232B70CAF858307E
:102F2C00AAF869308AF86B309FE743F21B02154907
:102F3C0012480DF0B1F900230F4A8AF8693013706A
:102F4C00A2E700BFB9E20020A4460020E8800020E0
:102F5C00E8E100207C800020285000207403002031
:102F6C00C4270020B8E10020B0E20020A8E1002036
:102F7C0078800020585000207F3A00205C500020C0
:102F8C00384A002023B100200A00007DA0EB0C0081
:102F9C0000EB4000B0F5FF7F28BF4FF4FF7082427A
:102FAC008646FFF443AF8A880592DAF858205AB166
:102FBC00DAF85C2001998A1A642A05D93A69013237
:102FCC003A610022CAF85820DAF8642001998A1A6A
:102FDC00B2F57A7F7BD90022AAF86A2098F80CB057
:102FEC00BBF1000F4FD0DAF858202AB13A69013200
:102FFC003A610022CAF8582001228AF868B0AAF86F
:10300C006A20A3F17802012101FA02F3DAF85820C0
:10301C001A42049357D1002A4DD005987246484B5A
:10302C0008F11201604400EB400018440DF034F933
:10303C0007F5C043019A04995A669A6D0A434149AF
:10304C008A429A657FF488AE93F8693013B1FB69B4
:10305C000133FB6143F21B0239493B480DF01CF96B
:10306C00019BCAF86030BBF1000318BF01238AF83A
:10307C006B30FB680133FB600023CAF85830012326
:10308C008AF8693068E6A3F17802012101FA02F3AB
:10309C00DAF858200493049B002112EA0300AAF8E2
:1030AC006A1046D0BA698B46CAF858100132BA6118
:1030BC003A6901323A61019BCAF85C30ADE79AF883
:1030CC006B20002A9DD0BB690133BB6144E698F8A4
:1030DC000CB09AF86A10BBF1000F16D0002982D000
:1030EC009AF868209345EAD0ABEB0202FF21FF323D
:1030FC00B2FBF1F1C1EB0121521A7F2A1BD8DAF88D
:10310C005820002A3FF475AF70E7A3F17802012034
:10311C0000FA02F3DAF8582004930029BBD012B15C
:10312C003A6901323A610022CAF85820AAF86A209A
:10313C00C1E783466FE77B6901337B610CE600BF17
:10314C0008810020FFFFFB1F23B1002090F81CC05A
:10315C004160BCF1020FC26001D1836818470CF0CA
:10316C0015BD00BF10B5074B82B003600190EFF3A3
:10317C00108472B60CF0C0FD019804B962B602B0AE
:10318C0010BD00BF6029002010B5244C84B0D4F8C9
:10319C0000C0DCF81C31834201D004B010BD0B46DA
:1031AC00590714D5DCF8341189B182B111780CF5BA
:1031BC00967001930039DCF83831009218BF012168
:1031CC008DF80F100DF10F019847DDE9002313F076
:1031DC00F00F0CD02068D0F8441141B1D0F8481150
:1031EC0000F59E70CDE900328847DDE900321B07FF
:1031FC00D3D52068D0F85431002BCED0002ACCD0B7
:10320C0013780DF10F01D0F8582100F5A670003B92
:10321C0018BF01238DF80F309047BEE7A44600205D
:10322C00184B70B51D68044601F068FC01F010FDE8
:10323C002B69C01A7C2814D82368134A1B68934244
:10324C0019D1227F0023022A6360E36004D1A368B2
:10325C002046BDE8704018472046BDE870400CF091
:10326C0095BC01F061FC01F0F3FC2368064A1B6875
:10327C0028619342E5D0002220461146BDE87040FB
:10328C00184700BFA44600203D09000010B50446B5
:10329C0001F034FC01F0DCFC2369C01A7C2800D856
:1032AC0010BD01F041FC01F0D3FC206110BD00BF4A
:1032BC00D0F81C1109B10B6843B990F8262112B152
:1032CC0090F828314BB10122104670474FF00003A3
:1032DC000122A0F827311046704710B582B0CDE915
:1032EC000002084603F088FE0121009B0028019A89
:1032FC0083F8271118BF002183F8281102D110463A
:10330C0002B010BD01F0A6FC044612F085FA009B39
:10331C0093F828210460F2E770B5044682B0C068C7
:10332C0001F09AF901F082F9002870D0D4F81C0150
:10333C0028B106F099F9D4F81C0106F0CDF801F08B
:10334C00D1FBC4F81C0190F83E3084F8203190F881
:10335C003F3084F8213190F84030092B4FD9632B42
:10336C008CBF03250225404A042104F5917011F00D
:10337C00F9FC854269D1237D04F11505002B40D061
:10338C0022463A4928461AF0ABF938B9C4F81C0160
:10339C0084F820010025284602B070BD284601F0B3
:1033AC00A9FB054600283BD0E27ED4F81C01002A7C
:1033BC0032D008B11B34046306F054F82C4A13784D
:1033CC00002BE8D14FF001061670EFF3108100913D
:1033DC0072B6284C019320460CF08EFC2648274AE6
:1033EC000099A2600278267742F00402027011B3B1
:1033FC00019B6360E3601F480CF0C8FBCBE7012521
:10340C00B1E7284601F072FB01232375B8E712F0EF
:10341C0003FA13230360BDE70028CDD00263CBE78A
:10342C001AF056F9C4F81C5184F8205112F0F4F932
:10343C000E230360AEE762B6227F6160022AE16070
:10344C00D9D1A26820469047A5E70D4B4FF49F7247
:10345C000C490D4811F072FC002011F037FB0120D3
:10346C0001F082FB0DF0DAF8F0050020790900007C
:10347C00ACE2002070370020C9E20020110A0000E5
:10348C00F40500204806002070060020144B10B5EF
:10349C00044684B05B68D0F81C010393CDE901337A
:1034AC0018B113B194F828319BB92046FFF734FFBB
:1034BC0068B10B4900200BF09BF8D4F81C0103AB4E
:1034CC0002AA01A906F0BCF92046FFF7F1FE04B0F0
:1034DC0010BD03F0D1FE002384F82831E5E700BFCE
:1034EC0038420020D0F81C31002B42D0214B1A78E6
:1034FC0010B5044682B05ABB1F4B186800F07CFF15
:10350C001E4900200BF074F894F82831D4F81C01F3
:10351C00C3B91B4B1A46194606F092F90023D4F88E
:10352C001C0184F8273106F09FF8D4F81C0105F033
:10353C00D3FF1AF0CDF80023C4F81C3184F82031E5
:10354C0002B010BD03F098FE002384F82831E5E7A3
:10355C0000220C481A700CF087FBEFF310830193D8
:10356C0072B608480CF0C8FB019B002BC4D162B6A4
:10357C00C2E77047ACE20020D4450020384200205E
:10358C00502F002070370020D0F81C0118B190F893
:10359C003D00C0F380007047D1F81C3123B11A688C
:1035AC00044BC0E900327047034B024A5B68C0E928
:1035BC00002370479429002038420020D0F81C01C9
:1035CC0010B582B040B14B6801A9019304F03CFEE8
:1035DC0048B9012002B010BD12F01EF9732303602C
:1035EC00002002B010BD01F035FB044612F014F9B6
:1035FC000460F5E7D0F81C0110B582B040B14B68FF
:10360C0001A9019304F076FE48B9012002B010BD67
:10361C0012F002F973230360002002B010BD01F018
:10362C0019FB044612F0F8F80460F5E738B500F120
:10363C001B058D4210D00B46044671B1084A4FF45D
:10364C008071284611F08EFBD4F81C3123B1E27E38
:10365C00002A08BF15461D6338BDC176F4E700BFCC
:10366C00980600201E4B00201E4A196810B51E4CEF
:10367C00C2E900404A1C1A60C9B11C4A1C491D48C9
:10368C000EF014FA1C4A1368591C116003B31B4C3E
:10369C00164A1B491B480EF009FA24681A4B134AA8
:1036AC001C601A491A48BDE810400EF0FFB9194CBD
:1036BC004FF4EE72184811F00DFD2046883400F0DE
:1036CC00B9FE164B9C42F8D1154B134A1A60D4E73D
:1036DC0014481AF001F8094C124B2360D8E700BFCC
:1036EC00D04300203842002094290020A03700202D
:1036FC009D000000C04600206C420020704200205B
:10370C0069000000AC460020A446002055090000CA
:10371C00703700201C440020D8430020B445002002
:10372C00D443002074420020B0F8500080B270479F
:10373C00406900B1807A7047406900B1C07A704727
:10374C00704700BFC26D002A06DBD0E91003181ABF
:10375C00824201D2801A704700207047C36D002B43
:10376C0008DBD0E91012521A934203D25A1CC265DC
:10377C00C85C70474FF0FF30704700BFC36D002B23
:10378C0006DBD0E91012521A934201D2C85C704782
:10379C004FF0FF30704700BF10B50446406930B1A0
:1037AC00A37E2BB90AF088FD00236361238310BD2F
:1037BC00064B04F11C011868FFF71CFF044B002298
:1037CC0060695B68A2762362ECE700BFA446002028
:1037DC004042002010B5044601F14C0001F036FACD
:1037EC00024B02462046C4E9003210BD9429002049
:1037FC0090F8603053B14FF6E272D0E91A135B1AAD
:10380C00934203DC4FF6E370C01A704700207047F8
:10381C000AB3C36D002B1EDB30B5D0E910E483B0C6
:10382C00A4EB0E0C634518D2ACEB030C0C4605460E
:10383C00624528BF624649B1012A0EEB03010FD045
:10384C002046019211F0B4FBEB6D019A1344104623
:10385C00EB6503B030BD00207047002003B030BDD5
:10386C001EF803302370C36DF0E700BF90F8603092
:10387C00ABB14FF6E27CD0E91A23F0B515469A1A93
:10388C0083B0624502DD002003B0F0BD046FA3429B
:10389C0007D01970C36E0133C3660120F4E71846D4
:1038AC007047012A2CBF9318531C074601911846E8
:1038BC001E4600920CF08AFD0346DDE9002181547E
:1038CC007AB9013228461A4435B1611BCDE900237F
:1038DC000CF080FDDDE900239919C7E91A3239672C
:1038EC00DBE7294601900CF0D7FCDDE90023E8E783
:1038FC009A4275D02DE9F04FA3EB020816464768A3
:10390C0083B082680D4604469146D21B904525D85B
:10391C007A1A9045914664D2A7EB08023B46511E99
:10392C00C2EB470C11F8010F03F8010B6345F9D1F9
:10393C00636843446360AB1A521BF818012A71DDAB
:10394C00294611F035FBB8F1010F67DD42463146CF
:10395C00284603B0BDE8F04F11F02ABB03686FF0A6
:10396C0000429A46FB1AD11A884561D898452CBF5B
:10397C004344DB18934228BF1346184601930CF0BE
:10398C0025FD5545034683460AD0A5EB0A000AF1EE
:10399C00FF32184412F8011F03F8011B8342F9D1BE
:1039AC003146424618460CF077FCBD4200EB080647
:1039BC0006D07F1B304629463E443A460CF06CFC40
:1039CC00BAF1000F04D0A9EB0A0150460CF002FD2D
:1039DC00019B5B44C4E900B6A36003B0BDE8F08F63
:1039EC007047B1185A1A002A20DD38460CF054FCE6
:1039FC006368A8EB0908BD424344636009D06A1EA2
:103A0C0003EB090012F8011F03F8011B8342F9D1E3
:103A1C0063684A464B44012A636098DCDDD13378F5
:103A2C002B70DAE78FD12A78FA548CE73B46E0E723
:103A3C0001480EF059F800BF9C060020002A18BF60
:103A4C00002910B514D090F86030012B10D1944699
:103A5C000A46C16E4FF6E37450F8683FCB1AE41A6D
:103A6C00644528BF64461319FFF742FF204610BD7A
:103A7C000024204610BD00BF406800B1807A70471A
:103A8C00406800B1C07A70474369002B4FD0294B76
:103A9C0030B5044689B01868FFF7F8FB216B002994
:103AAC003FD0A36B013900202163591C4FEA431E00
:103ABC00D4E909C2A2EB0C020CEB43135211B1FB7B
:103ACC00F2F502FB15119A8ADD68A163ADF814209A
:103ADC003CF80EE05968D86058609A68986018698C
:103AEC0004909869DB690690206C0793A4F83CE07D
:103AFC00A36CA564C4E9101220B1191A0CF06AFC6D
:103B0C00D4E91012BDF81430501A0499A4F85030AE
:103B1C00E164DDE9063263650023A265E36509B063
:103B2C0030BD4FF0FF334FF0FF30E365F7E74FF058
:103B3C00FF307047A44600200AB3C36D002B1EDB78
:103B4C0030B5D0E910E483B0A4EB0E0C634518D269
:103B5C00ACEB030C0C460546624528BF624649B1E6
:103B6C00012A0EEB03010FD02046019211F020FA2E
:103B7C00EB6D019A13441046EB6503B030BD002089
:103B8C007047002003B030BD1EF803302370C36DA6
:103B9C00F0E700BF436913B101209972704700B57B
:103BAC0083B0CDE900012E200AF0CEFB009A03462B
:103BBC000199506118B10120997203B000BD064AF9
:103BCC0000901068FFF762FB11F026FE0C210246F4
:103BDC0000981160F1E700BFA4460020436913B1BF
:103BEC000120D972704700B583B0CDE900012E20B9
:103BFC000AF0AAFB009A03460199506118B1012002
:103C0C00D97203B000BD064A00901068FFF73EFB66
:103C1C0011F002FE0C21024600981160F1E700BF82
:103C2C00A4460020436813B101209972704700B577
:103C3C0083B0CDE900012E200AF086FB009A0346E2
:103C4C000199506018B10120997203B000BD064A69
:103C5C0000901068FFF71AFB11F0DEFD0C210246F4
:103C6C0000981160F1E700BFA4460020436813B12F
:103C7C000120D972704700B583B0CDE900012E2028
:103C8C000AF062FB009A03460199506018B10120BA
:103C9C00D97203B000BD064A00901068FFF7F6FA1F
:103CAC0011F0BAFD0C21024600981160F1E700BF3B
:103CBC00A446002010B54C6882B04169034669B136
:103CCC00A3F8782001225C6783F86020D3E91A10EE
:103CDC008142104618BFD96602B010BDCDE9000272
:103CEC002E200AF031FB009B019A58610028E7D185
:103CFC00054B00901868FFF7C9FA11F08DFD0C22E6
:103D0C00034600981A60E7E7A446002030B500236C
:103D1C0085B0044608461849154641F28832CDE96B
:103D2C00021302A90AF0F0FC08B905B030BD6369B2
:103D3C00039A6BB16267A4F87850D4E91A318B42BC
:103D4C0018BFE3660123184684F8603005B030BD17
:103D5C002E2001920AF0F8FA019A60610028E9D14C
:103D6C00064A01901068FFF791FA11F055FD0C21ED
:103D7C00024601981160D8E794290020A44600203F
:103D8C001E4B70B503F16802054640692B602A6131
:103D9C0018B1AB7E23BB0AF08FFAA86E18B1296F4D
:103DAC00091A0CF017FB286C18B1A96C091A0CF045
:103DBC0011FBD5E90946B4420AD0636818461BB119
:103DCC00E168C91A0CF006FB2034A642F5D16E6AE4
:103DDC0026B1E96A3046891B0CF0FCFA284670BD06
:103DEC00074B05F11C011868FFF704FC054B00227A
:103DFC0068695B68AA762B62CDE700BFF8290020C2
:103E0C00A44600204042002010B50446FFF7B8FF3E
:103E1C008C2120460CF0DEFA204610BD2DE9F04F27
:103E2C0089B0BDF848A0002947D09B4616460546E8
:103E3C000F46002A00F08E8000F00AFF0190D5E9B1
:103E4C000931D5E90C02C91A4FEA4219B0EB611FCE
:103E5C004FEA611C03EB421432D00130286301326B
:103E6C000021B2FBFCF00CFB10226A6323F8091052
:103E7C00D4E901829045464A126818BFC4F80880FC
:103E8C002261A2610022A282E2613289029222BBEB
:103E9C00DBF800203046019922613E4AA4F814A0B8
:103EAC005269E161A2617A8923F8092005F044FF87
:103EBC00D5F888300133C5F8883009B0BDE8F08FEB
:103ECC00A86BD5F8841001300131C5F88410B0FB13
:103EDC00FCF10CFB1100A863C1E7E268211D0298FC
:103EEC00A2EB08020391A1689042059216D8DDF866
:103EFC000C8002952546039634461E4600E0A968C0
:103F0C006268404663891344FFF7F2FC2468002C76
:103F1C00F5D133462C46DDE90256B9E7A1EB080290
:103F2C00079304920CF052FA049A079B0690F2B98C
:103F3C00B8F1000F05D00599404607930CF04AFAEA
:103F4C00079B06980499029A014460600244C4E9F4
:103F5C000212CCE740690028AFD0AB7E63B90AF0FF
:103F6C00ABF900236B612B8309B0BDE8F08F4146A0
:103F7C000CF092F9079BDBE7074B05F11C01186865
:103F8C00FFF738FB054B68695B68AE762B62E6E79A
:103F9C00502F002040500020A4460020404200201A
:103FAC000EB400B582B003AA52F8041B019210F0B3
:103FBC0077FF02B05DF804EB03B0704790F8603007
:103FCC00002B6FD0D0E91A3170B5C91A84B00446F1
:103FDC00B1F5803F80F284808BB24FF42072382090
:103FEC001946039305F012FF054600285CD0D4E96E
:103FFC001A12914203D0039A06F04CF968BBB4F83C
:10400C00783004F17402294660699BB20AF0B2F868
:10401C000023A26E064684F860302846A4F864306B
:10402C00E36E9A42364B18BFE26600221B68A4F876
:10403C0078206367C4F88020E36705F07DFE16B92D
:10404C00012004B070BD304600F004FE044611F0AF
:10405C00E3FB0460002004B070BD0390284605F01B
:10406C006BFE0022039B84F86020A4F86420244A91
:10407C0003931268D4E91A10626781422148E267FF
:10408C0018BFE16600210068A4F87810C4F880100D
:10409C00FFF7FCF8039800F0DDFD044611F0BCFBC3
:1040AC000460D7E700207047D4E91A3215499342CF
:1040BC004FF0000284F8600018BFE366104BA4F8C0
:1040CC0078201B68A4F864006367E3670868C4F889
:1040DC008020FFF7DBF811F09FFB0C230360B9E79E
:1040EC00094C40F29513094A09490094FFF758FF0F
:1040FC00002010F0EBFC012000F036FD0CF08EFAE5
:10410C00502F0020A4460020CC060020B40600202E
:10411C0070060020F8B54FF47A720024294B01295F
:10412C000E46047338BF01260360B1F1806F04831F
:10413C008476C0E9014203F16802234BC0E90424F0
:10414C00C0E907343AD2054670010CF03FF91F4F15
:10415C0000EB461603466862EE62202200211846E8
:10416C0010F0B8FF03463A684FF000012033848208
:10417C000261B342C4618261EFD1AB624FF0FF3395
:10418C00A5F850402846AC652C63A5F87840AC8760
:10419C006A65EB6585F86010A5F86440EA67C5F8B8
:1041AC008040C5E90D44C5E91044C5E91242C5E992
:1041BC001A44C5E91C42C5E92144F8BD04480DF078
:1041CC0093FC00BFF829002094290020502F0020D8
:1041DC002407002030B51546027E044683B00B46FA
:1041EC004069002A32D0428A8A4202D1627EAA42B7
:1041FC0029D0A27E002A41D101930AF05DF8002259
:10420C00019B626122832E2001930AF09DF8019B91
:10421C006061002850D025B1427A42F0040242720B
:10422C0060691A46294909F04FFE0346606993B943
:10423C000121224665762176254901930AF02AF858
:10424C00019BC4E92133012003B030BD0028DAD032
:10425C00002DE6D0E0E740B1A27EF2B901930AF05E
:10426C002BF80022019B62612283184600F0F2FCBD
:10427C00044611F0D1FA04600020E5E7154A04F178
:10428C001C0101931068FFF7B5F9134A002160690E
:10429C005268019BA1762262AEE70E4A04F11C0122
:1042AC0001931068FFF7A6F90B4A00216069526868
:1042BC00019BA1762262D1E7064B1868FEF7E6FF58
:1042CC0011F0AAFA0C230360D6E700BF502F002090
:1042DC000D160000A4460020404200200022FFF7EB
:1042EC0079BF00BF30B50D4683B01146002204469D
:1042FC00FFF770FF10B9002003B030BD134B2946F7
:10430C001B6818460093FFF759F9034628B10120A2
:10431C00A0766B68236203B030BD60690028EAD0D8
:10432C00A27E2AB909F0C8FF002363612383E2E768
:10433C0004F11C0100980193FFF75CF9019B044AFE
:10434C00A376536860692362ECE700BFA4460020A3
:10435C0040420020194B0020194A196810B5194C1D
:10436C00C2E900404A1C1A6081B1174A1749184823
:10437C000DF09CFB174A1368591C1160BBB1124A13
:10438C0015491648BDE810400DF090BB144C4FF485
:10439C00EE72144810F09EFE2046883400F04AF865
:1043AC00114B9C42F8D1114B0E4A1A60DDE7104CB0
:1043BC00204619F091F90F4B1C60E0E7D043002028
:1043CC004042002094290020A03700209D000000CE
:1043DC00C44600206C42002069000000B04600205A
:1043EC001C440020D8430020B4450020D4430020B6
:1043FC0074420020704200200D4A137803B97047B4
:10440C000346006810B582B0019300F06FFC0021E8
:10441C00019B074A19601170197108B902B010BDDF
:10442C0000F018FC044611F0F7F9046002B010BD5E
:10443C00ABE2002038B50446002540220530294661
:10444C002560257110F046FE4022294604F14500F6
:10445C0010F040FE204684F88550A4F8865038BDF4
:10446C0038B5194B1D686A1C1A604DB1174C184AA7
:10447C00184919480DF01AFB184B22681A6038BD00
:10448C00174C4FF4EE722946154810F023FE656464
:10449C00402284F84850002104F1490010F01AFE23
:1044AC0004F189004022002110F014FE88340D4BD9
:1044BC0084F84150A4F842509C42E8D1034CA3F537
:1044CC00CC732360D3E700BFD0430020D44300203B
:1044DC00A03700209D000000C8460020D4450020D5
:1044EC00D843002070450020174B19684A1C10B5A2
:1044FC001A6081B1154A164916480DF0D7FA164ABA
:10450C001368591C1160BBB1104A14491448BDE81A
:10451C0010400DF0CBBA134C4FF4EE72124810F061
:10452C00D9FD20468834FFF785FF104B9C42F8D10B
:10453C000F4B0D4A1A60DDE70E4C204619F0CCF8F3
:10454C000D4B1C60E0E700BFD0430020A0370020DB
:10455C009D000000CC4600206C4200206900000049
:10456C00B44600201C440020D8430020B445002051
:10457C00D44300207442002070420020084B5A683B
:10458C00920100D470474FF00071064A59604FF009
:10459C000003BFF35B8F1370BFF35B8F704700BFDB
:1045AC0000802D408C46002000F034BB094BDB6EA4
:1045BC0013F440630BD0084A0123D2F8E410D2F86C
:1045CC00E82009BA0160110E120C017142711846F3
:1045DC00704700BF00C00F4000802D40114BDB6EB8
:1045EC0013F440631CD0EFF3108172B6BFF35F8FEE
:1045FC00BFF34F8FBFF36F8F03680B4A1BBAC2F820
:10460C00E43083885BBA1B04C2F8E83081F310886D
:10461C00BFF35F8FBFF34F8FBFF36F8F01207047D6
:10462C001846704700C00F4000802D40094A08B55D
:10463C001368012B0CD0023B022B01D8012008BDC2
:10464C0019F062F8034A1068013818BF012008BD40
:10465C00002008BD88460020704700BF30B56C4C68
:10466C0083B02368002B51D1002978D0092900F39D
:10467C008780684801680B4606E05A88950454BF49
:10468C002033654B99427BD05A881404F5D44A8860
:10469C00920454BF203160490160588810F03700F3
:1046AC0072D119884FF4C172019305F0AFFB019BD5
:1046BC000446002868D0018958681F3120F01F0279
:1046CC0021F01F010144BFF34F8F4FF0E020C0F8E1
:1046DC005C2F20329142FAD8BFF34F8FBFF36F8F0C
:1046EC00596820462289019305F0D4FD019B0028CE
:1046FC007ED15988494A01F4005149480A435A80ED
:10470C004FF080730361204603B030BD454A1268F8
:10471C00042A20D1012B39D0022B0BD1404B5A68E3
:10472C00120263D5D3F840C03F4AA2F800C04FF440
:10473C0000025A603D4B1B7890F83D20C2F380027A
:10474C009A4208D0002B39D1394B1B781BB90191F7
:10475C0004F08AFF019900232360002986D1354A91
:10476C004FF00101BFF35B8FD2E84F3FC2E8401F0F
:10477C000028F9D1DBB2BFF35B8F002B3FF479AF8C
:10478C000024204603B030BD0024B2E7244AD2F8FE
:10479C0004C01CF4000FDFD0136C4FF4000C234D3D
:1047AC00C3F3800E13F00403C2F804C085F800E0D4
:1047BC00C2D0214BC2F804C01364AFE71A4B1F4A96
:1047CC001B88019113F0020F0CBF4FF0640C4FF0DB
:1047DC000A0CC2F800C0C3F3800CC3F3803382F818
:1047EC0004C0937104F000FF0199B4E70223B3E70E
:1047FC00134B40F2C7221349134810F09FFA0020C4
:10480C0010F064F9012000F0AFF90BF007FF00BFC6
:10481C00A046002068370020C03E00200080FFFF2B
:10482C0000802D408846002090E20020AFE200205E
:10483C00AAE200208C460020000042606037002075
:10484C0058070020BC07002070060020394B1B685D
:10485C00042B39D1384B1A68012A10B582B037DDD8
:10486C00022A56D1354A5168090255D5D2F840C0B2
:10487C003349A1F800C04FF4000C3249C2F804C00F
:10488C000A7890F83D10C1F38001914218D0002AAB
:10489C0044D02B4A2C491288019312F0020FC2F318
:1048AC00800EC2F380320CBF4FF0640C4FF00A0C38
:1048BC0081F804E0C1F800C08A7104F095FE019BF8
:1048CC0000221A6002B010BD1B4B00221A60704708
:1048DC00002A1EDB012A06D0184A4FF4000C1B4993
:1048EC00C2F804C0116415494A6814021FD50A6C39
:1048FC004FF4000C134CC2F3800E12F00402C1F8FA
:10490C0004C084F800E0BCD0114AC1F804C00A64A9
:10491C00A8E70C4A1278B4E70222D2E70D4A1278C3
:10492C00002ACDD1019304F09FFE019BC8E7012220
:10493C00C7E700BF88460020A046002000802D401D
:10494C0090E20020AFE200206037002000000660FB
:10495C0000004260AAE2002070B51E4D06462C688D
:10496C0063881A04FCD4002361683289304605F050
:10497C0053FC3389834229D100F11F02616822F074
:10498C001F0221F01F030A44BFF34F8F4FF0E021A9
:10499C00C1F8703F20339A42FAD8BFF34F8FBFF360
:1049AC006F8F20804FF0807163880B4A03F40053A3
:1049BC0043F40C436380516163889B0404D42B68DB
:1049CC00203300202B6070BD044BFAE76FF0010020
:1049DC0070BD00BF6C37002000802D40803F002050
:1049EC0030B5044650B30D460630A6464FF0FF32A4
:1049FC0021491EF8013B4FF0080C5A4042F30003CA
:104A0C00BCF1010C03EA010383EA5202F6D186459C
:104A1C00EFD1C2F3846001232178002A03FA00F35A
:104A2C0001F001010BDB19B31449154A65B110688B
:104A3C00184215D00A6828461A430A6030BDA1B145
:104A4C001049114A002DF2D10868146860EA03007D
:104A5C00204010600A6813420CBF0120002030BDBA
:104A6C00116828460B431360E8E70849084ADDE75C
:104A7C000849094ADAE700BF2083B8ED90460020C8
:104A8C0024812D409446002020812D409C460020FE
:104A9C0018812D40984600201C812D4011B10846EC
:104AAC00FFF75ABF6FF00F00704700BF08B50B46F9
:104ABC000AB1012A0ED17BB193F801C01146084806
:104ACC000CF07F02C2709A780271DB784371FFF7A9
:104ADC0087FF08B1002008BD6FF0070008BD00BFBC
:104AEC0090370020004870471C46002008B1FFF7A3
:104AFC005BBD704708B1FFF759BD704770B5002416
:104B0C00084D21462846FFF7A9FD013406462946E3
:104B1C0038B1EB6898470028F3D0304605F00CF913
:104B2C00EFE770BD1C46002008B509F061F802489B
:104B3C00BDE80840FFF78ABE1C4600204C2200212D
:104B4C00044808B510F0C6FA46F66563014AD387E7
:104B5C0008BD00BF1C460020014B1868704700BF01
:104B6C00B8E100200BF064BB38B1044B421E012AA3
:104B7C0098BF18460368DB68184770474837002011
:104B8C0008B5EFF3058303B908BD13460A46014681
:104B9C00074810F0D3F8074BFD220749074810F0DF
:104BAC00CDF800200FF092FF0CF09AFD0BF036FDC3
:104BBC00DC070020EC0700204408002070060020D1
:104BCC0008B509F069FE00B108BDBDE8084018F051
:104BDC008BBD00BF10B582B001A809F0B7FE10B1B3
:104BEC00019802B010BD0446064B40F2471206492C
:104BFC00064810F0A3F820460FF068FF0CF070FD8B
:104C0C000BF00CFDEC0700206C0800207006002057
:104C1C0009F052BEB0B10C4B0022D3F83016D3F8C9
:104C2C0020364FEA112C43716CF307024FEA136CD8
:104C3C0061F30F22190C1B0A6CF31742037161F319
:104C4C001F620260704700BF00401F400068704741
:104C5C00FFF782BF00F11003DBB2102B04D8034B1B
:104C6C00404253F82000704705207047FC2E00206E
:104C7C00164A00234FF0100C127800EB8202D26916
:104C8C00CB608B608B6181F80EC0C1E90033C1E948
:104C9C000433136C0BB181F80FC0536C0BB11023A0
:104CAC000B74936C0BB110234B7403680BB1012381
:104CBC008B74136C0BB140230B75536C0BB14023ED
:104CCC004B75936C0BB140238B757047B8E2002089
:104CDC00024B1B7800EB8300C0697047B8E20020E0
:104CEC00014B1868704700BF888000202DE9F04107
:104CFC000546204A40F687111F48FFF741FF4DB388
:104D0C00DFF8888098F8003005EB8303DE69F6B194
:104D1C0006F13C0406F148072946184808F03EFF06
:104D2C0054F8040F08B104F0B7FABC42F8D1144996
:104D3C00284603F0DFFA304604F0AEFA002298F869
:104D4C000030104605EB8305EA61BDE8F0816FF099
:104D5C000500FAE7084B40F688120A490A480FF09A
:104D6C00EDFF28460FF0B2FE0120FFF7FDFE0BF021
:104D7C0055FC00BF182D00208808002021260000BB
:104D8C0000310020D808002070060020B8E2002076
:104D9C0010B5044688B0224A40F6A8212148FFF7F6
:104DAC00EFFE5CB1204B1B7804EB8303DB692BB16A
:104DBC0093F84D20032A01D922680AB908B010BD16
:104DCC0000220321012005928DF81610196C039214
:104DDC0001928DF80E0002920492CDE9062211B1D7
:104DEC00F0228DF818205A6C12B1F0228DF819208F
:104DFC009B6C13B1F0238DF81A3041F2E9410B4A48
:104E0C00842301A8ADF80C10214602928DF80630CF
:104E1C0000F0F8FE204608B0BDE8104000F04ABF94
:104E2C00782B002088080020B8E20020E00000FB6E
:104E3C00384B30B51B788BB0044600EB8303DB6931
:104E4C0093F84D20022A24D9033A012A1FD893F84B
:104E5C004C205AB9042183F8CC2083F84D102E49EC
:104E6C000D681DB101210193A847019B20460193B8
:104E7C00FFF78EFF019B93F84C200132D2B2012A2E
:104E8C0083F84C203CD94FF4A062A3F84C200BB013
:104E9C0030BD0268AAB993F84C20022A0CD81AB17A
:104EAC0093F8CC30012B30D022461C49FA200BB0A1
:104EBC00BDE8304008F044BE4FF44072A3F84C20DB
:104ECC00F2E703A90193FFF7D3FE41F2E9424FF059
:104EDC00000C0846ADF814202146114AADF80CC060
:104EEC00049200F08FFE019B93F84C200028D4D143
:104EFC0001320221D2B283F84D1083F84C20CCE75A
:104F0C00224606494FF47A70D1E72246034941F212
:104F1C008830CCE7B8E200208480002021260000F5
:104F2C00E00000FB062B2DE9F04746D09A460746D9
:104F3C001646884613E0B8F1FF0F3EDC06F80C402D
:104F4C0005EB0408A6F800E105F066F9B6F80031A7
:104F5C0084421FFA88F81C442CD1A6F80041414623
:104F6C00384605F039FA044608F10105384604F0D4
:104F7C00C00C611CADB22246BCF1C00F2B4621D037
:104F8C003F2C1AD8B6F800C104EB0C090CF1010E39
:104F9C0001EB0C08B9F1FF0F16FA8EF10DDC002CA9
:104FAC00C9D10CF1010306F80C40A6F800312846D3
:104FBC00BDE8F087013BA6F800314FF6FF75284697
:104FCC00BDE8F0873B89AB42F7D9294605F004FAD6
:104FDC00230203F47C5303431BB20B2BEDDD99B27C
:104FEC003B898B42E9D90AF1010332463846FFF777
:104FFC0099FF4FF6FF739842DFD008F102081FFAB1
:10500C0088F5D4E72DE9F04FC9B00E460446174693
:10501C000DF11C0B358804910021029258464FF477
:10502C00827210F057F800235A4629462046FFF7A3
:10503C0079FF4FF6FF733A46B7F80071984237D0B4
:10504C00002F35D031884FF0000ABBF80091B846DC
:10505C00401A164654460591C3B200970393A9EB28
:10506C00070309E03278013414440132E4B21644E7
:10507C00009AA24694421FD2A8EB0402D2B24A452F
:10508C00F0D81D19022AEDB2ECD90299039F081928
:10509C00A91CB9420BEB050113DA01930FF046FF83
:1050AC00019B0028DED105995746049B0D441D80B9
:1050BC00384649B0BDE8F08F1746384649B0BDE8D0
:1050CC00F08F009F384649B0BDE8F08F3F2A29D8B1
:1050DC001346B0F800C1D2B110B5541C82B0644470
:1050EC00FF2C22DC044600F80C200CF1010001928C
:1050FC00A4F8000114FA80F00BF0CEF8B4F80021FB
:10510C00019B00201344A4F8003102B010BDBCF187
:10511C00FF0F07D80CF1010200F80C30A0F80021A9
:10512C00002070476FF0050070476FF00500ECE74A
:10513C00B1F80021B0F800C1AAB1531C6344FF2B95
:10514C001CDC0346604400B583B0019200930BF065
:10515C00A3F8009B0020019AB3F800110A44A3F8AD
:10516C00002103B000BDBCF1FF0F07D80CF1010307
:10517C0000F80C20A0F80031002070476FF00500FB
:10518C00704700BF00285BD070B50E46B1FA81F1B4
:10519C0082B04909002E50D0351D4FF4827204465E
:1051AC000FF098FF042115F8013D274A0DEB010083
:1051BC000FF0D8FD01A810F04BFD01A9C2B220469A
:1051CC00FFF784FF034698BBAE42EBD1B4F8001155
:1051DC00F7292DD807204A1C605492B21B49A4F819
:1051EC000021A5180868A0508A88AA808A79AA711B
:1051FC00B4F80021D11D89B2FA29A4F8001117D8EE
:10520C0004200832605492B21149A4F800210868B5
:10521C00A050B4F800110A1D92B2FF2AA4F8002184
:10522C0006D80531A354A4F80011184602B070BD7D
:10523C006FF00503184602B070BD6FF00F03F4E772
:10524C006FF00F0318467047000900200409002076
:10525C000C09002038B50D464FF48272002104462B
:10526C000FF038FF3DB3284610F0F2FC2946C2B2CD
:10527C002046FFF72BFF0346E8B9B4F80011F929D3
:10528C0019D805204A1C605492B20C49A4F800218C
:10529C00A5180868A0500A792A71B4F800114A1DA3
:1052AC0092B2FF2AA4F8002105D80631A354A4F821
:1052BC000011184638BD6FF00503FAE714090020F9
:1052CC0010B504464FF4827200210FF003FF224602
:1052DC000921234BDFF894C002F8011B03CBC4F85F
:1052EC00010093F800E00723DCF80000516082F81D
:1052FC0008E004229CF80610C4F80B00A3721223D9
:10530C00BCF804006174A4F80F0020461549A4F8F9
:10531C000031FFF7DBFE00BBB4F80011F9291CD8F3
:10532C00034605204A1C60540F4992B2086804EBEE
:10533C00020CA4F80021A0500A798CF80420B4F8CF
:10534C0000114A1D92B2FF2AA4F8002105D806319B
:10535C00A354A4F80011184610BD6FF00503FAE72A
:10536C001C09002030090020140900202809002005
:10537C0070B5164682B00D464FF482720021044679
:10538C000FF0A8FE66B105F582710846019110F088
:10539C005FFC0199C2B22046FFF798FE002839D174
:1053AC0005F5A2710846019110F052FC0199C2B2A8
:1053BC002046FFF78BFE68BB184BB5F88C2153F8D1
:1053CC002250284610F044FC2946C2B22046FFF772
:1053DC007DFE0346F0B9B4F80011F9291AD805205E
:1053EC004A1C605492B20E49A4F80021A518086812
:1053FC00A0500A792A71B4F800114A1D92B2FF2A02
:10540C00A4F8002106D80631A354A4F800111846BC
:10541C0002B070BD6FF00503F9E700BFF42E002059
:10542C001409002070B516460D464FF48272002107
:10543C0004460FF04FFE46B1284610F009FC2946F1
:10544C00C2B22046FFF742FE90BB05F14001204658
:10545C00FFF76EFE60BB184BB5F84C2153F8225089
:10546C00284610F0F5FB2946C2B22046FFF72EFE67
:10547C000346E8B9B4F80011F92919D805204A1CDB
:10548C00605492B20D49A4F80021A5180868A050E8
:10549C000A792A71B4F800114A1D92B2FF2AA4F8B5
:1054AC00002105D80631A354A4F80011184670BD8C
:1054BC006FF00503FAE700BFF42E0020140900205A
:1054CC002DE9F04391F8027183B088460546B1F896
:1054DC0000612FB1002E37D1002003B0BDE8F0835E
:1054EC0000F10C0400F1200908E0FFF78BFDB0423D
:1054FC0002D2BDF8067006464C450ED034F8023F79
:10550C00ADF80630002BF7D0286842460DF10601A5
:10551C000028EAD1B8F80001E9E7B6B9002FDBD0D2
:10552C0017490222AB883943286849BAADF80610EE
:10553C000DF1060104F002FF0028CED1AB88023336
:10554C00AB8003B0BDE8F0830027AB884146324600
:10555C00286804F0F3FE0028BFD105F10C0333F8E2
:10556C00022F42B101300A28F9D1AB881E44AE801B
:10557C00002FD5D1B0E7AB8805EB4000C381F5E730
:10558C0000C0FFFF08B5FFF7A3FB002380F85130E4
:10559C0008BD00BF08B5FFF79BFB002380F87030F7
:1055AC0008BD00BFF0B50446006883B00D46164632
:1055BC001F46002834D0A288B5F800310189043385
:1055CC0012FA83F38B4237DC29462046FFF778FF2B
:1055DC0008B103B0F0BD72BAA3880DF106012068C2
:1055EC00ADF80620022204F0A9FE0028F1D1A38810
:1055FC000222874214BF4FF4C0704FF480700DF13B
:10560C0006011344ADF806009BB22068A38004F099
:10561C0095FE0028DDD1A3880233A38003B0F0BD32
:10562C004FF4207240F2AA51382004F0EFFB2060B6
:10563C0010B10C22A280BFE74FF0FF30C9E700BFCA
:10564C00F0B50446006885B00D461746002851D0C9
:10565C00B4F804C0B5F800110C9A0A310B9E89B24B
:10566C008A1892B2002E18BF11460D9A1AB1B2F8D0
:10567C000021114489B26144028991424ADC3A46C4
:10568C0029462046FFF78EFF0A9B042203A91BBA6A
:10569C0020680393A38804F051FE48BBA5880B9A9D
:1056AC00AB1D9BB2A3806AB1BDF830200B9920686A
:1056BC000193009204F042FED0B9A188009A019B9C
:1056CC000A44A2800D9A32B10D9920460093FFF73F
:1056DC00F7FE009B60B9A188043502222068C91A24
:1056EC00ABB249BAADF80A100DF10A0104F026FE6E
:1056FC0005B0F0BD4FF4207240F2AA51382000934F
:10570C0004F084FB009B206020B14FF00C0CA4F83B
:10571C0004C09FE74FF0FF30EAE700BF10B5C2B0FE
:10572C00044601A8FFF796FD0123FF2201A920469C
:10573C00FFF738FF42B010BD10B5C2B004460122CD
:10574C0001A8FFF715FE0123FF2201A92046FFF750
:10575C0029FF42B010BD00BF30B5ADF5077D0D4639
:10576C000446114604A80022FFF702FE45A8FFF7E5
:10577C00A7FD2B7B6BB1E3880BB10A220BE00C224B
:10578C0045A92046FFF70EFF80B901230A22E380CA
:10579C0001E041F294120023204604AC45A9CDE966
:1057AC000023CDE902340C22FFF74AFF0DF5077DEB
:1057BC0030BD00BF70B5C6B00D4604461046164647
:1057CC00FFF786FA014605A8FFF744FD2B7B7BB15A
:1057DC00E38813B14FF00A0C0CE0012205A9204616
:1057EC00FFF7E0FE98B901234FF00A0CE38001E0CB
:1057FC004FF0780C204601960424AB7A0025012248
:10580C0005A9CDF800C0CDE90245FFF719FF46B058
:10581C0070BD00BFF0B5ADF5097D17460D460122F0
:10582C001946044606A81E46FFF7A2FD394647A8AE
:10583C00FFF710FD2B7B93B14FF001038DF81E3257
:10584C00E3880BB10A230BE0212206A92046FFF7BF
:10585C00A9FED0B94FF00103E3800A2300E07823BE
:10586C0047AA009320460624039206A9B6F88EE1B7
:10587C002122AB7A04AD9EFA9EFE0294002401957F
:10588C00ADF814E00494FFF7DBFE0DF5097DF0BDD7
:10589C0070B51446ADF5067D0E4600222146054630
:1058AC0004A8FFF765FD2146012245A8FFF760FD1E
:1058BC00337B6BB1EB880BB10A220AE00C2204A9F2
:1058CC002846FFF76FFE78B901230A22EB8000E02F
:1058DC007822002345AC04A92846CDE90023CDE964
:1058EC0002340C22FFF7ACFE0DF5067D70BD00BF37
:1058FC0030B5ADF5097D044610460D460592FFF70F
:10590C00E7F9014606A8FFF7A5FC059947A8FFF79C
:10591C0039FC2B7B6BB1E3880BB10A220AE00C2219
:10592C0047A92046FFF73EFE80B901230A22E380F7
:10593C0000E07822204606ACAB7A47A903940024F9
:10594C0000920C22CDE90144FFF77AFE0DF5097D9A
:10595C0030BD00BFA9B130B5C3B00C4605460A78BE
:10596C0001A8FFF75FFD002394F84E2101A92846FA
:10597C00FFF718FE18B9EB8800200133EB8043B019
:10598C0030BD0020704700BF70B51446C6B0012270
:10599C0005460E4605A82146FFF7EAFC4FF4827235
:1059AC00002120460FF096FBD4F884311BB1D4F8BB
:1059BC00881120469847337B6BB1EB880BB10A23D7
:1059CC000AE0102205A92846FFF7ECFD88B901234F
:1059DC00EB800A2300E0782300931022B37A05A908
:1059EC0001942846B4F80041029400240394FFF774
:1059FC0027FE46B070BD00BF2DE9F04F144685B0B0
:105A0C000D4607460190FFF763F9A96900902046FF
:105A1C00FFF7A0FF064618B1304605B0BDE8F08F81
:105A2C003846FFF755F9AB7B8146DF0600F1CA809B
:105A3C0009F13C0705F10F0809F1480957F8041F53
:105A4C0019B198F80030D8064BD44F4508F101082D
:105A5C00F4D1AB7C13F0010940F0BE809A074FD40F
:105A6C00009B05F11408039603F13C0A47464833A2
:105A7C00D34602935BF8046F56B13A78D3066FD4D1
:105A8C00900678D4510600F18280130600F18C80C8
:105A9C00029B01379B45EDD195F90230039E002BFB
:105AAC0028DB63894B44DDE9019763815AF8043F95
:105ABC007BB198F8002090064AD551062AD51206DB
:105ACC003AD5AB7CDB0704D4D9F80030002B40F07E
:105ADC008E80BA4508F10108E8D1304605B0BDE822
:105AEC00F08F2046FFF728FE002866D1E3880133AB
:105AFC00E380AAE723894B44DDE901972381D5E7AD
:105B0C00019A29462046FFF7F3FE002855D109F1EA
:105B1C000109A5E7009A294620460193FFF77AFE72
:105B2C0000284AD1A289019B0132A28198F9001068
:105B3C0098F8002081420BDB1A4629462046FFF7D5
:105B4C0023FF002839D1A3890133A38198F80020C1
:105B5C00AB7C02F0600203F005011143B9D0B1E750
:105B6C00324629462046FFF7F7FD30BB3A7809F15B
:105B7C000109900686D5324629462046FFF788FE55
:105B8C00D8B93A7809F1010951067FF57EAF334651
:105B9C00009A29462046FFF73DFE70B93A7809F184
:105BAC00010913067FF574AF324629462046FFF7EC
:105BBC00EBFE10B909F101096AE70646304605B05B
:105BCC00BDE8F08F01462046FFF7A8FD0028F4D170
:105BDC00E3880133E3802BE7019A29462046FFF73F
:105BEC00E9FD0028E9D1AB7C4FF0010936E74A46C4
:105BFC0029462046FFF7DEFD0028DED1A3890133BC
:105C0C00A38166E770B592B004460D4624220021AC
:105C1C0008A80FF05FFA08AA21462846FFF7ECFE09
:105C2C00034600283CD1089800283FD0A2781E4695
:105C3C00BDF82A108DF8122049BABDF82C20BDF8F9
:105C4C0026E089B252BABDF828C09EFA9EFE92B2E6
:105C5C008DF8133061F30F031FFA8EFE9CFA9CFC37
:105C6C0004A962F31F4322881FFA8CFC6EF30F0603
:105C7C0052BA06936CF31F46ADF810200C22059611
:105C8C0004F008FBBDF82410089804F045F9FFF760
:105C9C0027F82389221D0899009508F039FA034644
:105CAC00089818B1039304F047F8039B184612B0F8
:105CBC0070BD00BF38B50546FFF70AF890F85130B3
:105CCC00044663B32946274807F068FF2A4625494E
:105CDC004FF47A7007F034FF012294F8523084F8B4
:105CEC0051204BB32946204807F058FF2A461E493D
:105CFC00FA2007F025FF012294F8703084F8522026
:105D0C0033B32946194807F049FF2A46174947F289
:105D1C00305007F015FF012384F8703038BD2A4647
:105D2C0010494FF47A7007F00BFF012294F85230AF
:105D3C0084F85120002BD5D12A460B49FA2007F0C4
:105D4C00FFFE012294F8703084F85220002BD8D139
:105D5C002A46064947F2305007F0F2FE012384F838
:105D6C00703038BD752D000061350000852D0000A8
:105D7C0010B582B00446FEF7ABFF002190F850201E
:105D8C0080F852100AB902B010BD034621465430B7
:105D9C000193FFF737FF019B02460028F3D1204601
:105DAC00A3F8542083F85620C3F85E20C3F8622071
:105DBC00C3F8662083F86A2083F8502002B0BDE84F
:105DCC001040FFF777BF00BF70B500F1FF3C0546F0
:105DDC001646481E04E0A24215D1DD4215D0A1B1F1
:105DEC001CF8011F10F801EFA6EB0C0341F0200288
:105DFC0071454EF0200403F1FF33A2F1610EECD09B
:105E0C00BEF1190FE7D9012070BD002070BD00BF95
:105E1C0008B503F01FFA03F093FA03F00FFB07F039
:105E2C0035FF04F0EDFB02F049F909F063FABDE827
:105E3C00084007F051BE00BF38B505460C46144A61
:105E4C0064211448FEF79CFE5DB1E4B12B6AB3B932
:105E5C0023606360A360E36023616361A3612C62D0
:105E6C0038BD0C4B65220C490C480EF067FF002026
:105E7C000EF02CFE0120FEF777FE0AF0CFFB054B4F
:105E8C0067220749F0E7034B66220649ECE700BF9F
:105E9C00882C00204009002090090020700600206A
:105EAC00B0090020A009002030B5054683B0274A70
:105EBC00F92127482C6AFEF763FE95F83D30DB0785
:105ECC003ED57CB3237913B1002003B030BD04F16F
:105EDC000801204A2846019109F0ECFB4FF6A96312
:105EEC00228801999A4206D10123226828462371FF
:105EFC0009F010FCE8E76A8F174BD3182A6A52791D
:105F0C001A44164B92B21343154A934212D803F516
:105F1C007E431BBA2846236001232268237109F0B3
:105F2C00F9FBD1E71C21012003F0DCF9044650B148
:105F3C002862C7E70B4A934288BFA3F57E43E8E784
:105F4C006FF00F00C1E74FF0FF30BEE78C2B002045
:105F5C0040090020593700000001FEA90000FEA9ED
:105F6C00FF00FEA9FFFEFEA90129D0F820C038D001
:105F7C00022910B5044684B00FD061B94FF6FF72F8
:105F8C004FF0020E039103AB0292614602AA8CF809
:105F9C0004E003F055FC04B010BD9CF80530002162
:105FAC00134A0133CCF8001040F259118CF805302B
:105FBC00036A10480193FEF7E3FD019B002BEAD026
:105FCC004FF000021A714FF6A96322889A42E2D16F
:105FDC00094B20461A46194604B0BDE8104003F0A0
:105FEC002FBC9CF8053001338CF80530FFF75CBFF3
:105FFC00C02A002040090020502F0020704700BF0D
:10600C00036A0BB11A7902B9704710B582B0044615
:10601C000C4A40F259110C480193FEF7B1FD019B5B
:10602C0000214FF6A96219712388934201D002B066
:10603C0010BD064B20461A46194602B0BDE810406A
:10604C0003F0FEBBC02A002040090020502F002086
:10605C00006A20B10A6803689A4201D00020704798
:10606C000079A0F10200B0FA80F04009704700BF3F
:10607C002DE9F843002972D0B0FA80F84FEA58188D
:10608C0000286CD0154607460C464FF420724FF48E
:10609C009A713820994603F0B9FE064600285ED066
:1060AC004389B3F59A7F66D3032D3FD0A379002B98
:1060BC0059D0384B186873684FF49A7220600021DD
:1060CC0018460FF007F840F201120346028097F8C9
:1060DC003C208270226812BA4260EA1F012A47D81B
:1060EC003A68DA6007F1350107F13B0403F11B0C48
:1060FC0011F801EFA1420CF801EFF9D163226FF016
:10610C007D0183F8F250304683F8EC2083F8EF20C1
:10611C0040F2351283F8ED105321A3F8F02003223E
:10612C0083F8EE10A9F80020BDE8F8836379032BFF
:10613C00BCD043684FF49A72414618460EF0CAFF21
:10614C0040F201120346028097F83C2082702268CC
:10615C0012BA42606279043A012AC3D8C0E7002619
:10616C003046BDE8F883FEF735FD0A4B1860A2E710
:10617C00032DB7D1EEE7084B40F27B720749084874
:10618C000EF0DCFD40460EF0A1FC0120FEF7ECFC0D
:10619C000AF044FA8CE20020D8090020240A0020DE
:1061AC007006002070B5194D2C78CCB9184E336898
:1061BC00D3B908F0ABF8306028B3427A154942F0F5
:1061CC0020024272442207F07FFE432211493068BC
:1061DC0008F02CF822461049306808F05BF82C784F
:1061EC00013400202C7070BD0C4B4FF48A720C499A
:1061FC000C480EF0A3FD20460EF068FC0120FEF7C3
:10620C00B3FC0AF00BFA4FF0FF3070BDB2E2002085
:10621C00344B0020502F002071400000D809002082
:10622C00640A002070060020002800F08880C169F4
:10623C00002900F084808B6A0022B3F1FF3F00B587
:10624C0083B04A8207D01E33B3F5701F43D23B2B69
:10625C006FD801238B82CB6A5A1C07D01E33B3F53F
:10626C00701F3FD23B2B54D801233DE04B890A6B66
:10627C00B2F1FF3F09D01E32B2F5701F37D23B2A64
:10628C004DD84FF0000C012235E0B1F80CC00CF1E8
:10629C00FF3C1FFA8CFC634531D8CB79DB0713D557
:1062AC000B6A4A7900930A2A4B6A019305D04FF086
:1062BC000A020023A1F805200B8101AB6A461C31B0
:1062CC0003F0BEFA03B000BD91F91C300A7F002B1D
:1062DC0018DBFF23E5E74FF6FF738B82CB6A5A1C62
:1062EC00BCD1C3E74FF6FF734B81CB81BFE74FF6B1
:1062FC00FE7C4FF6FF7263458A810A82CDD900235A
:10630C004B81CAE7BF2A4FF6FF7388BF6FF07F43FC
:10631C00C7E70B4AA2FB0323C3F34F13E4E7DFF8F1
:10632C0020C0ACFB02C2520902F1FF3C1FFA8CFCEC
:10633C00E1E7A2F17732A2FB03235B09CDE77047BB
:10634C008988888808B540F2A152064B064907484F
:10635C000EF0F4FC00200EF0B9FB0120FEF704FC5B
:10636C000AF05CF9D80900208C0A00207006002085
:10637C0008B540F2AD52064B064907480EF0DEFC5C
:10638C0000200EF0A3FB0120FEF7EEFB0AF046F90D
:10639C00D8090020D00A00207006002008B503465A
:1063AC000430442803D812BA80B2CA5008BD074B37
:1063BC0040F2BE52064907480EF0C0FC00200EF019
:1063CC0085FB0120FEF7D0FB0AF028F9D809002044
:1063DC00080B002070060020114A10B5147882B00A
:1063EC0074B1631EDBB213700BB102B010BD0D4C57
:1063FC000193206807F060FF019B236002B010BD81
:10640C00094B4FF49772094909480EF097FC204646
:10641C000EF05CFB0120FEF7A7FB0AF0FFF800BFB3
:10642C00B2E20020344B0020D8090020440B00209D
:10643C0070060020244B002210B5DC7882B0C0E935
:10644C00082214B1214AD26882621A79002A38D003
:10645C001E4A12695C79C262002C2DD01B4A52690B
:10646C0002639C790969C279C16114B3174942F07E
:10647C000102896909BA0162C271DA791AB1134A47
:10648C00D26912BA42621A7A8AB1104C002001A960
:10649C00226A12BA019208F02FFF0B4B5B7A33B1D0
:1064AC00636A01A901201BBA019308F025FF02B011
:1064BC0010BD02F0FE02DFE7826AC2EBC202D20814
:1064CC00CEE7826A5208C5E7384B0020444B0020C7
:1064DC008AB310B582B00C460090104601920FF0B2
:1064EC00B7FB009B20B3C3F1410C019A604532D835
:1064FC00FF283FD803F1020C00EB0C0EBEF1440F49
:10650C0047D803F1010E0C211FFA8EFEE154611ED7
:10651C00634604F80E001044614401E0442B0BD098
:10652C0012F801CB013382429BB201F801CFF5D1B5
:10653C00184602B010BD7047174B40F2AD521749C8
:10654C0017480EF0FBFB00200EF0C0FA0120FEF7FE
:10655C000BFB0AF063F8104B40F2D2521149104871
:10656C000EF0ECFB00200EF0B1FA0120FEF7FCFA65
:10657C000AF054F8084B40F2D4520A4908480EF07D
:10658C00DDFB00200EF0A2FA0120FEF7EDFA0AF076
:10659C0045F8FFF7D7FE00BFD8090020D00A00202D
:1065AC0070060020680B0020F0B5C46987B0054662
:1065BC00A379082B00F29B8062790023062AE36101
:1065CC0004D04FF006022381A4F805200DF1160328
:1065DC00012221462846FFF74BFD064600286DD0C8
:1065EC00BDF81620101D442800F28480776802F153
:1065FC00010C4FF0390E80B207F1F0011FFA8CFC40
:10660C0001F802E04FF0020E039101F80CE002EBEE
:10661C000E0CB5F834E003321FFA8CFC4FEA1E2343
:10662C0092B201F80C3001F802E02A6BFFF750FF30
:10663C0000F1060EBEF1440F5CD807F1EF0C831C81
:10664C00421C03994FF037079BB292B20F540420AF
:10665C001FFA8EFE9C448854274802780CF8012FB0
:10666C001A4601339BB2734505D0442B00F101004F
:10667C00F3D1FFF77DFE901C4FF0FF0C80B201F8B8
:10668C0003C0432807D8C2F142020844002192B249
:10669C000EF020FD442000F1F001304689B203F0E9
:1066AC003BFC1649164A4323009508683146019273
:1066BC00144A07F08BFC304603F03EFBA379FF2B0A
:1066CC0011D00133DAB2052AA2710CD84FF47A73C7
:1066DC000D49934003F2F3139BB2A1FB03135B0927
:1066EC00238107B0F0BD7823238107B0F0BDFFF7FD
:1066FC00DBFB61E7FFF726FE70030020344B002024
:10670C00502F0020542F0020D34D6210002800F091
:10671C00AA80F0B5C46987B0002C00F0A080637922
:10672C00012B05D04FF001020023A4F80520238192
:10673C000DF11603032221460546FFF799FC064688
:10674C00002879D0BDF81600011D442900F28C8078
:10675C007268431C02F1F007039239229BB23A543F
:10676C000222FA548218B5F834C0C31C92B29BB200
:10677C004FEA1C2E07F802E007F803C000F10A03E9
:10678C00442B71D8431D322206307A549BB204221A
:10679C0080B23946FA54E26912BAFFF7FFFD831D45
:1067AC00442B61D840F2364339463B520230A26941
:1067BC0080B212BAFFF7F2FD811D442954D8039B15
:1067CC0040F2374289B2F1333A52284A034402303C
:1067DC00013092F800C080B203F801CF884205D096
:1067EC00442802F10102F3D1FFF7C2FD2A6B3946AE
:1067FC00FFF76EFEFF2302463B54013080B2432864
:10680C0007D8C2F143023844002192B20EF062FC68
:10681C00442000F1F001304689B203F07DFB1449AD
:10682C00144A43230095086831460192124A07F036
:10683C00CDFB304603F080FAA379FF2B11D0013346
:10684C00DAB2052AA2710CD84FF47A730B49934033
:10685C0003F2F3139BB2A1FB03135B09238107B073
:10686C00F0BD7823FAE77047FFF76CFD700300204A
:10687C00344B0020502F0020542F0020D34D621099
:10688C00A04B2DE9F04F5D6814468BB0EA69002AE5
:10689C0000F0AE801379002B00F0AA80B4F80AC087
:1068AC00BCF12B0F40F2A480D4F804E09EF8003029
:1068BC00022B40F09D8095F83C60D6B10EF11B0187
:1068CC00F046E14605F1350000231746AE46B446C6
:1068DC0010F8015F11F8012F954240F089800133C7
:1068EC00DBB2634501D2062BF2D175463A46C64659
:1068FC00CC46DEF8043011681BBA8B4278D10023E9
:10690C0081494FF0F00A04920B810393C1E90033E3
:10691C002946B4F808E0224655460BE01268002AD6
:10692C0066D0A5EB0C05AEEB0C0EB2F80AC0ADB2FE
:10693C001FFA8EFEAC45F1D9AE4540F24281536848
:10694C009446A346079199462B4619F80310FF2944
:10695C0000F035819C1CA4B29C4248D35A1CBCF854
:10696C000A00824280F2228109EB03056D783B29F3
:10697C0044D8DFE811F05F000F0143000101430030
:10698C004300ED0043004300430043004300430039
:10699C0043004300430043004300430043004300D3
:1069AC0043004300430043004300430043004300C3
:1069BC0043004300430043004300430043004300B3
:1069CC0043004300430043004300430043004300A3
:1069DC00430043004300430043004300E100CD006B
:1069EC00BB00B100430043004300A70061005C46BC
:1069FC0020460BB0BDE8F04F03F09EB9EA184FF6F5
:106A0C00FD739A42F3DC2C44A4B223468342C0F0BB
:106A1C00D3801B1AAEEB00009BB21FFA80FE7345AD
:106A2C00E5D2DCF800C0BCF1000FE0D0DCF80420AB
:106A3C0091468AE793B2E9E7042DD8D14FF6F97065
:106A4C008342D4D8063305269BB200202E49E0465B
:106A5C0009902E48CDE905E300EB860723468C19F7
:106A6C0027E0042D2A4609A9404628BF0422029398
:106A7C00019203F0D1FB019A8242B8D1042D40F26D
:106A8C003B8115F00300B2D14FF00103099A04F8D1
:106A9C00013B12BA029B3A601A1D92B29A42A6D3DB
:106AAC00731C043D04370A2B1E46EDB200F08C819A
:106ABC0013462278002AD4D0DDE905E3C446BCF89D
:106ACC000A00A3E7042D92D14FF6F97083428ED8B9
:106ADC0006332E469BB2B8E7042D88D14FF6F970D9
:106AEC00834284D8063302269BB2AEE7012D7FF495
:106AFC007EAF4FF6FE7082423FF479AF03332E46E1
:106B0C009BB2A2E740500020384B0020444B0020A1
:106B1C00BAF1F00F7FF46BAF681E18BF012000288C
:106B2C007FF465AF4FF6FE75AA423FF460AF0333B6
:106B3C00064601259BB288E7042D7FF458AF4FF62B
:106B4C00F97083423FF653AF063303269BB27CE7C2
:106B5C00AA077FF44CAFEA184FF6FD739A423FF741
:106B6C0046AF2B199BB2002D3FF450AF082D4FF0C0
:106B7C00080628BF082568E7032D7FF638AF2B449D
:106B8C004FF6FD7083423FF732AF2B1907260425D1
:106B9C009BB25AE7042D7FF42AAF4FF6F97083426B
:106BAC003FF625AF063306269BB24EE7DCF80050C5
:106BBC0025B36D682D78DAE67345FFF4C6AE0799F8
:106BCC005C46894B1B7863B1884B002286481B6856
:106BDC000270012B00F0A280022B06D0032B00F0D8
:106BEC009B80039B002B00F09E8000234FF06C0ECB
:106BFC004FF02C0A0393B4F80AC08CE63B293FF6FD
:106C0C0004AF01A353F821F025420000DF4100003E
:106C1C00FB410000DF410000FB410000FB41000094
:106C2C00FB410000FB410000FB410000FB41000068
:106C3C00FB410000FB410000FB410000FB41000058
:106C4C00FB410000FB410000FB410000FB41000048
:106C5C00FB410000FB410000FB410000FB41000038
:106C6C00FB410000FB410000FB410000FB41000028
:106C7C00FB410000FB410000FB410000FB41000018
:106C8C00FB410000FB410000FB410000FB41000008
:106C9C00FB410000FB410000FB410000FB410000F8
:106CAC00FB410000FB410000FB410000FB410000E8
:106CBC00FB410000FB410000FB410000FB410000D8
:106CCC00FB410000FB410000FB410000FB410000C8
:106CDC00FB410000DF410000DF410000DF4100000C
:106CEC00DF410000FB410000FB410000FB410000C4
:106CFC00DF410000DF410000DDE905E3C44608D0B8
:106D0C009DF82400394941F8260001203649885560
:106D1C00D5E6099800BAF5E7012303934FF0EC0E82
:106D2C004FF06C0A67E7304B0D46049A5B78002BEA
:106D3C003FF45EAE2D4861680379052B19D0062B04
:106D4C0027D0022B7FF454AE5379062B7FF450AE30
:106D5C00254B9B78002B3FF44BAE8268EB69039874
:106D6C0012BA188128469A610A69DA61FFF7CEFCDB
:106D7C003EE6537903F0FD02012A03D0043B012BBC
:106D8C003FF636AEE869FFF755FB2846FFF74CFA9D
:106D9C002EE65379DA1E022A02D9012B7FF428AE93
:106DAC00EB695A790C2A05D04FF00C010022A3F89C
:106DBC0005101A810E4B28461A46194602F040FD62
:106DCC002846FFF7F1FB13E604460A4B40F28162BA
:106DDC0009490A480DF0B2FF20460DF077FE01205C
:106DEC00FDF7C2FE09F01AFC384B0020444B002082
:106DFC00502F0020D8090020840B002070060020A2
:106E0C002DE9F043C46985B007466379032B05D09F
:106E1C004FF003020023A4F8052023810DF10E038B
:106E2C00032221463846FFF723F9064600287CD07A
:106E3C00BDF80E00011D442900F29480756800F124
:106E4C00010C821C4FF0020E05F1F0081FFA8CFCAD
:106E5C0092B2C31C4FF039099BB208F8009008F8A5
:106E6C000CE008F802E0402208F8032000F10A03C5
:106E7C00442B77D8431D3222063008F801209BB2F0
:106E8C000422414680B208F80320E26912BAFFF7E7
:106E9C0085FA811D442965D840F2374205F1F1038A
:106EAC0089B228F8002003442F4A023001301578AB
:106EBC0080B203F8015F884212D0442802F101022B
:106ECC00F4D12A4B40F2AD5229492A480DF036FF35
:106EDC0000200DF0FBFD0120FDF746FE09F09EFBA6
:106EEC003A6B4146FFF7F4FAFF23024608F80030EC
:106EFC00013080B2432807D8C2F14302404400213C
:106F0C0092B20EF0E7F8442000F1F001304689B25D
:106F1C0003F002F8184A0097432310683146174AC9
:106F2C0007F0F6F8304602F007FFA379FF2B14D0D8
:106F3C000133DBB2092BA3710FD8C3EB4311104AF9
:106F4C0003EB8103DB0003F2F3139BB2A2FB0323DD
:106F5C005B09238105B0BDE8F0831423238105B0C0
:106F6C00BDE8F083FFF7EEF970030020D80900208C
:106F7C00D00A002070060020344B0020542F002033
:106F8C00D34D621038B505460C46154A40F2F72130
:106F9C001448FDF7F5FD55B1ECB1E969B1B93422EE
:106FAC0020460EF097F80223E371EC6138BD0D4BCF
:106FBC004FF43E720C490D480DF0C0FE00200DF050
:106FCC0085FD0120FDF7D0FD09F028FB054B40F2B3
:106FDC00FA220749EFE7034B40F2F9220549EAE7A9
:106FEC00E82C0020D8090020900900207006002011
:106FFC00A80B0020980B002070B50546234A40F2E0
:10700C002D312348FDF7BCFD002D3CD095F83D30CB
:10701C00DA0738D5AB8EB3F5107F31D3EC6934B3C6
:10702C0023790BBBE67934220021204606F00206B8
:10703C000EF050F8E671FFF7B5F8064600BB0122DA
:10704C00227195F83D20530709D46279022A04D0A5
:10705C004FF002022081A4F80520304670BD28466E
:10706C00FFF7A2FA304670BDFFF7B6F9DAE7342025
:10707C0002F0F4F8044618B10023C371E861D1E7BB
:10708C004FF0FF36E9E76FF00F06E6E79C2C002087
:10709C00D809002008B5C3692BB15A79052A03D841
:1070AC00022A03D852B908BD0A2A05D100229A71C6
:1070BC00BDE80840FFF7A4BE0C2A05D800229A713F
:1070CC00BDE80840FFF770BA074B40F2BE320749E3
:1070DC0007480DF033FE00200DF0F8FC0120FDF701
:1070EC0043FD09F09BFA00BFD8090020CC0B00200F
:1070FC00700600202DE9F041054686B0574A40F253
:10710C008F41EC695648FDF73BFD6379052B05D0A3
:10711C004FF005020023A4F8052023810DF116037E
:10712C00032221462846FEF7A3FF0646002800F05E
:10713C009080BDF81600071D442F00F28D80D6F804
:10714C0004E03922431C0EF1F0019BB20A540222D6
:10715C00CA548218B5F834C0C31C92B24FEA1C282A
:10716C009BB201F8028001F803C000F10A0CBCF1DB
:10717C00440F71D8431D37221FFA8CFC9BB2CA55A1
:10718C000422CA5400F1F503364A06301EFA83F382
:10719C00013092F800E080B203F801EF604512D0A4
:1071AC00442802F10102F3D12D4B40F2AD522E498D
:1071BC002E480DF0C3FD00200DF088FC0120FDF7DA
:1071CC00D3FC09F02BFA2A6B0391FFF781F9FF230B
:1071DC00039902460B54013080B2432807D8C2F100
:1071EC0043020844002192B20DF074FF442000F1D8
:1071FC00F001304689B202F08FFE1D4A0095432300
:10720C001068314604F1180206F082FF054630463C
:10721C0002F092FDA379FF2B15D00133DBB2092BC1
:10722C00A37110D8C3EB4311124A284603EB810318
:10723C001B0103F2F3139BB2A2FB03235B09238113
:10724C0006B0BDE8F08128232846238106B0BDE8AE
:10725C00F0814FF0FF35DDE7FFF774F89C2B002031
:10726C00D809002070030020D00A002070060020EE
:10727C00344B0020D34D621070B5054686B03F4AA2
:10728C0040F23351EC693E48FDF77AFC002C64D097
:10729C006379002B61D00023EA69A169A36205918F
:1072AC00C4F80E30C4F81230C4E90633C4E908330C
:1072BC00C4E90B33002A52D053791A1F012A01D981
:1072CC000A2B4CD100210DF1120307222846A4F8F9
:1072DC00051021812146FEF7CBFE0646002834D04E
:1072EC00BDF81200831D442B46D87168431C36220E
:1072FC00F0319BB20A54042202300391CA54059A0D
:10730C0080B212BAFFF74AF8FF23039902460B54D6
:10731C00013080B2432807D8C2F14302084400214F
:10732C0092B20DF0D7FE442000F1F001304689B244
:10733C0002F0F2FD134A009543231068314605AA6A
:10734C0006F0E6FE304602F0F7FC0F4B28461A46D4
:10735C00194602F075FA237943B906B070BD0023C3
:10736C00A4F8053023812379002BF6D0FFF734F8ED
:10737C000023237106B070BDFEF7E4FFCC2A002079
:10738C00D8090020344B0020502F0020784B2DE9D9
:10739C00F0411D6886B09DB1EC698CB163797BB10D
:1073AC00A18A29B1628A013292B29142628278D06A
:1073BC00228A42B9E2891AB1511E012AE18179D09F
:1073CC0006B0BDE8F081511E012A2182F2D15A1E6D
:1073DC00D2B2092AF4D840F2192121FA02F2D207CA
:1073EC00EED5042B05D04FF004020023A4F80520A1
:1073FC0023810DF11603032221462846FEF738FEA1
:10740C008046002800F09280BDF8160000F1040EB2
:10741C00BEF1440F00F2AA80D8F804603922431C54
:10742C0006F1F0019BB20A540222CA548218B5F834
:10743C0034C0C31C92B24FEA1C279BB28F5401F884
:10744C0003C000F10A0CBCF1440F00F28F80431D05
:10745C0037221FFA8CFC9BB201F80E200422CA546E
:10746C0000F1F502434B063016FA82F2013093F824
:10747C0000E080B202F801EF604532D0442803F1FD
:10748C000103F3D13C4B40F2AD523C493C480DF06A
:10749C0055FC00200DF01AFB0120FDF765FB09F0EF
:1074AC00BDF82846FFF7E8FE284606B0BDE8F041D7
:1074BC00FFF7A2BD013BDBB2092B81D840F21122B0
:1074CC0022FA03F3DB077FF57BAF2846FFF712FEAA
:1074DC00A389628A9B1A012B7FF772AF5B10E38141
:1074EC006EE72A6B0391FEF7F3FFFF220399034625
:1074FC000A54013080B2432807D8C3F1430308442F
:10750C0000219AB20DF0E6FD442000F1F001404656
:10751C0089B202F001FD1B4A0095432310684146D5
:10752C00194A06F0F5FD404602F006FCA379FF2B44
:10753C001AD00133DBB2092BA37115D8C3EB43115D
:10754C00124A03EB8103DB0003F2F3139BB2A2FBA1
:10755C0003235B09A28A618A2381531A012B7FF7CB
:10756C002FAF5B1023822BE71423F3E7FEF7EAFE21
:10757C00B880002070030020D8090020D00A002019
:10758C0070060020344B0020542F0020D34D621085
:10759C00224B186840B1C36933B11A89012A02D948
:1075AC00013A1A81704700D070475A790021013A8C
:1075BC0019810B2AF8D801A151F822F0EB4D0000EB
:1075CC00994D0000E14D0000994D0000994D0000CF
:1075DC00DD4D0000994D0000994D0000994D0000C3
:1075EC00994D0000994D0000DD4D0000FEF7DCBF09
:1075FC009B79012BFAD8FFF703BC9B79052B01D89B
:10760C00FFF784B800B583B00190FFF735FE019801
:10761C0003B05DF804EBFFF7EFBC00BFB8800020AF
:10762C00F0B585B00446BDF83450002847D00E465E
:10763C0017461C214FF420721020039302F0E6FB36
:10764C000146002838D04289039B1B2A4BD942683B
:10765C006DBAD58094F83C0006283FD1186840F6E6
:10766C0006050391906040F206409B8893810B9B2A
:10767C001B68C2F812300B9B9B88D3820A9B1B6839
:10768C00C2F80E300C9B1B68908093610A9B188883
:10769C00174B13604FF6A96332460095984220466B
:1076AC000CBF144B3B4606F0F1FE0399084602F062
:1076BC0043FB002005B0F0BD4FF0FF30FAE70E4B56
:1076CC004FF48C620D490E480DF038FB00200DF084
:1076DC00FDF90120FDF748FA08F0A0FF064B40F237
:1076EC0072420849EFE7044B40F26B420649EAE765
:1076FC0000010800402F0020E00B00209009002022
:10770C0070060020640C0020300C00202DE9F04F96
:10771C0000230A2585B0514C2F4698462246AC468C
:10772C00AB460191CDE9023304E0F4460133183243
:10773C000A2B1BD0BCF10A0F0FFA83FE92F814909F
:10774C003FD1B9F1000FF0D018B1066851688E42E4
:10775C006AD0B9F1010FB2F812A036D0C245E5D308
:10776C000133D046774618320A2BE3D1019E594695
:10777C00012E5BD1BCF10A0F80462FD10A2F37D0D6
:10778C0007EB47033D4654F83330002B51D105EB42
:10779C00450200216B00BC4604EBC2021175B8F126
:1077AC00000F05D05A19D8F8001004EBC202516032
:1077BC002B44002204EBC3046282604605B0BDE892
:1077CC00F08FB9F1000FB1D0BEE7116809B302997F
:1077DC008A45ABD37546CDF808A0A7E70CEB4C0354
:1077EC00654604EBC3031B7D93BB4FEA4C03D6E702
:1077FC000A2915D001EB41060D4654F8360030B17C
:10780C00019102F099FA0023019944F836300F46A1
:10781C00BDE703998A4589D3F346CDF80CA085E7DB
:10782C000A2D03D02946E5E7F446C6E74FF0FF3CA6
:10783C00C3E70B4B4FF4B7720A490B480DF07EFAB5
:10784C0000200DF043F93046FDF78EF908F0E6FE06
:10785C00034B40F285120549EFE700BF3C4A00207C
:10786C00E00B0020A80C002070060020C00C0020AB
:10787C002E4B02EB4202F0B503EBC2050F4687B06C
:10788C00297D012943D9D2000229044602F10C0CAE
:10789C000CEB03060CD004F136014FF400650A46DC
:1078AC00334639462046009506F0F0FD07B0F0BD92
:1078BC00698AB1F58E7F17D8B1F5877FEBD3043287
:1078CC0000F1360100901A44012305910393184BE3
:1078DC000292324601930B46FFF7A2FE059900284F
:1078EC00DBD103232B75D8E7043200F1360100906D
:1078FC001A440123059103930D4B029201930B46FD
:10790C000C4AFFF78DFE05990028C6D1E9E70A4B12
:10791C0040F2EF2209490A480DF010FA00200DF050
:10792C00D5F80120FDF720F908F078FE3C4A00203C
:10793C00482F0020402F0020E00B0020EC0C0020F2
:10794C007006002070B51D4C84B0002604F1F005C3
:10795C000AE0012A1FD0032A2CD0042A01D10223C9
:10796C0023741834AC4214D0227C002AF9D0E38959
:10797C0001339BB2B3F5967FE381EAD354F8040C40
:10798C0018B102F0D9F944F8046C26741834AC42DE
:10799C00EAD104B070BD042BF0D803926068084A99
:1079AC0000F13603029401921946064A0090FFF743
:1079BC0037FED6E704232374D3E700BF404A0020E8
:1079CC00482F0020402F00200D4B10B503F1F00183
:1079DC0082B004461A7D12B19A68A24204D01833C0
:1079EC008B42F7D102B010BD186830B1019302F090
:1079FC00A3F90022019B03491A6000221A75EEE7D5
:107A0C003C4A00202C4B00202DE9F0470E4688B054
:107A1C000546554A40F289215448FDF7B1F8002E2D
:107A2C007DD06C682388B3F5807F02D12379062B37
:107A3C0005D0284608B0BDE8F04702F07DB963795F
:107A4C00042BF6D16388082BF3D12146304607F07E
:107A5C00F9FED4F80E3032680793002A62D19246B0
:107A6C0004F108080227914696F83C20062A6CD1AE
:107A7C00002B3CD031461846059300F0EBFEB0BB12
:107A8C00059B03F0F003E02B31D00590394607A895
:107A9C00FFF73CFE431C2AD0DFF8DCC000EB4000B3
:107AAC000223059A0CEBC00E8EF81430C300CEF8EE
:107ABC00086003F10C01D8F800004CF80100614497
:107ACC00B8F8040088805CF80310AEF8122071B18D
:107ADC004CF803204FF4006306F136023046009355
:107AEC004346059106F0D2FC059802F025F9E3888F
:107AFC00B3F5807F9DD18AF0010319EA030F98D06A
:107B0C00022106F1360342463046039107A9CDF80F
:107B1C000480029119460096FFF782FD89E708B0B0
:107B2C00BDE8F087A169A2EB030A04F10808BAFAD0
:107B3C008AFA8A424FEA5A1A03D14FF001090127F7
:107B4C0092E74FF0000902278EE7084B4FF4D572ED
:107B5C00074908480DF0F2F800200CF0B7FF01209F
:107B6C00FDF702F808F05AFDA82B0020E00B0020CE
:107B7C003C0D0020700600203C4A0020002900F03B
:107B8C00B4800B68002B00F0B0802DE9F041054665
:107B9C0086B00C4601461846174600F05BFE0028DE
:107BAC0040F08980236803F0F003E02B00F0838021
:107BBC0001212046FFF7AAFD411C064664D04C4A21
:107BCC0000EB400805F1360302EBC80898F81420C6
:107BDC00EAB90122C8F808501946284688F814203A
:107BEC0000950593CDE90242424A0192424AFFF7C1
:107BFC0017FD0038059B18BF0120404227B198F8AB
:107C0C001420012A25D806D006B0BDE8F081002F3B
:107C1C0054D0012A1DD13B4605E01A7B52062BD4C9
:107C2C001B68002B35D059891A899142F5D11A68F5
:107C3C00002AF2D0314B40F2FA32314931480DF082
:107C4C007DF800200CF042FF0120FCF78DFF08F0BE
:107C5C00E5FC1A46264C06EB46033946284604EB4F
:107C6C00C3034FF4006400940C33274C267006F0C9
:107C7C000DFC06B0BDE8F0813A464FF4207110209F
:107C8C0002F098FB074638B94FF0FF3006B0BDE85C
:107C9C00F081384602F0BEF906EB4603144A52F85E
:107CAC00330008B102F048F806EB4606104B43F8D7
:107CBC0036700020A8E76FF00F00A5E701222846D8
:107CCC001946029403920B4A009501920A4AFFF757
:107CDC00A7FC0028D8D11823054A03FB06231B7DDB
:107CEC00012BE6D1A8F81200E3E76FF00F00704704
:107CFC003C4A0020482F0020402F0020E00B0020A1
:107D0C00600D002070060020B5E2002070B505461D
:107D1C0084B014460E46554A40F21E315448FCF7C6
:107D2C002FFF002D00F09380002E00F08180002C9E
:107D3C006FD02946206800F08DFD002857D12368AC
:107D4C0003F0F002E02A38D02A6869685A400A42E7
:107D5C000ED09BB24FF6A962934209D07368DB68D0
:107D6C009BB2934204D0AB68002B4FD005F10804B2
:107D7C00DFF818C13F4B9CF8002002EB420103EBEB
:107D8C00C103197D012903D95B68216899423AD056
:107D9C00384B00201A7D012A03D921685A68914278
:107DAC0027D0013018330A28F4D132462146284610
:107DBC0004B0BDE87040FFF7E1BE01216388627832
:107DCC00ADF808105E2102F07F02ADF80C3002AB6A
:107DDC008DF80A108DF80B204FF4006405F1360273
:107DEC0031462846009406F051FB04B070BD224B7E
:107DFC00F2E7C2B2314628468CF8002004B0BDE848
:107E0C007040FFF735BD31462846F7E76FF00300A9
:107E1C00EBE7174B40F22132184919480CF08EFF52
:107E2C0020460CF053FE0120FCF79EFE08F0F6FBFA
:107E3C000F4B4FF44872134911480CF07FFF30463A
:107E4C000CF044FE0120FCF78FFE08F0E7FB084B1A
:107E5C0040F21F320C490A480CF070FF28460CF017
:107E6C0035FE0120FCF780FE08F0D8FBE42A002048
:107E7C00E00B00203C4A0020402F00201C0D00206D
:107E8C00700600207C0D002090090020B5E2002037
:107E9C0000B5012285B0DFF824C000F13603CDE92E
:107EAC000212044A1946CDE9002C034AFFF7B8FB2D
:107EBC0005B000BD502F0020402F0020482F00207F
:107ECC0000B58C4685B000F136030121054ACDF88A
:107EDC0000C00192044ACDE902C11946FFF7A0FB8C
:107EEC0005B000BD482F0020402F002010B5846A3B
:107EFC0082B004B30A68204601E0006820B14368F0
:107F0C009342FAD102B010BD0720009101F044FA5F
:107F1C00009970B10B6843600023836003731F4B9F
:107F2C000A681B689A421CD023680360206002B068
:107F3C0010BD0020E6E7CDE90001072001F02CFA86
:107F4C00DDE900310028F4D0F9B9144A0173146842
:107F5C00C0E901110A68A24212D1002202609862A3
:107F6C00D0E70F4B4FF489720E490F480CF0E6FE28
:107F7C0000200CF0ABFD0120FCF7F6FD08F04EFBE9
:107F8C00074B4FF486720949EFE70A688460047363
:107F9C00024C426024680A68DDE700BF344A0020C6
:107FAC00880D0020080E002070060020D40D002043
:107FBC00437A022B07D0012B00D070474389013B39
:107FCC009BB29942F9D8022904D80122428101229C
:107FDC004272704700B583B0CDE90001FCF7FAFDA1
:107FEC000199009BB0FBF1F202FB1100588108B91A
:107FFC0001225A8101225A7203B000BD2A4B2DE98D
:10800C00F0411B688AB006460D46174608214FF40E
:10801C0020723820089301F0F9FE002831D04389F2
:10802C000446072B30D93268162F436808926A68C9
:10803C005A6002D0DFF8808003E0012205F10408C9
:10804C002A720025082118461F705D709D70DD7026
:10805C00079307F029FB079B40F294414246588056
:10806C0002200991042101900123049109A92046C1
:10807C000296039108A9009500F0A8FB204601F098
:10808C005BFE0AB0BDE8F081084B40F202320849B1
:10809C0008480CF053FE00200CF018FD0120FCF7F2
:1080AC0063FD08F0BBFA00BF502F0020880D0020A4
:1080BC004C0E002070060020304A00200349044872
:1080CC00044B054A08601A60704700BF344A002010
:1080DC00E0000001304A0020E000000210B50A491F
:1080EC000446FFF703FF60B1037B022201334272A7
:1080FC000373636C1BB1012203492046984700208F
:10810C0010BD4FF0FF3010BD344A002070B5002375
:10811C00846A836274B10646736C2546002230462D
:10812C0024680BB1291D98472946072001F048F90E
:10813C00002CF1D1204670BD836A1BB370B51C684E
:10814C00FCB1114E012501E02468D4B1637A022BF5
:10815C0006D0012BF8D16389013B9BB2042BF3D9D8
:10816C00FCF738FDA6FB0032657222F0030303EB2B
:10817C009203C01A012838BF012060812468002CAA
:10818C00E4D170BD704700BFCDCCCCCC806A30B18F
:10819C000A6801E0006810B143689342FAD1704755
:1081AC0070B50E46418982B0044607291BD9456833
:1081BC000192284607F078FAA8B9B16A99B1019AE8
:1081CC000846126801E0006868B143689342FAD12E
:1081DC002B78112B0DD0162B05D1437A012B02D104
:1081EC004FF400738360204602B0BDE8704001F08C
:1081FC00A3BD144BD3F800C06B68944505D0002B7D
:10820C00F1D06978FFF7D4FEEDE7ABB96B7823B901
:10821C000A236B70B16A0029E5D008680028E2D007
:10822C0069780190FFF7C4FE019800680028F7D127
:10823C00D9E709680029D6D04A689A42F9D108468C
:10824C00DFE700BF344A002070B50D46254A82B0E6
:10825C00044640F2E9112448FCF792FC2B6803F029
:10826C00F002E02A37D1214A1268934233D094F8B5
:10827C003D309B062FD529462046FFF737FE034697
:10828C0060B3427A2AB11A7B002001321A7302B011
:10829C0070BD027B3AB9666C2EB101900122294661
:1082AC002046B047019B1946162220460193FFF742
:1082BC00A5FEFCF78FFC0E4A0121019BA2FB00429C
:1082CC00597222F0030101EB9202801A012838BF87
:1082DC0001205881D7E76FF00500D8E74FF0FF3049
:1082EC00D5E700BF542C0020880D0020344A002014
:1082FC00CDCCCCCC70B50D4682B00446244A254872
:10830C0040F24921FCF73CFC286800F0F003E02B1C
:10831C002DD1214B1B68984229D094F83D309B06F7
:10832C0025D5A26A1AB3134601E01B68FBB1596844
:10833C008842FAD1197B012904D90139197300201B
:10834C0002B070BD114612689A4214D0002AF9D1BD
:10835C001A7AAAB9666C2EB10022294620460193DE
:10836C00B047019B1946072001F02AF8E7E76FF0A8
:10837C00050002B070BD1A680A601A7A002AE9D0AA
:10838C001946172220460193FFF738FE019BE1E7BF
:10839C00F42A0020880D0020344A00201D4B186858
:1083AC0000282CD0816A19B970470968002927D098
:1083BC004A89531E002AF8D09BB24B81002BF4D172
:1083CC004B7A012BF1D110B582B0134B4FF0020C4C
:1083DC004C6816221B689C4213D1096869B14A8902
:1083EC00531E002AF9D09BB24B81002BF5D14B7A4E
:1083FC00012BEAD009680029F1D102B010BD7047F9
:10840C00704781F809C0CDE90001FFF7F7FDDDE900
:10841C000001E2E7B8800020344A00200B4B1B68B7
:10842C005BB193F83D2002F00502052A07D11A68CA
:10843C0042B102787F2A08BF0023184670470023F8
:10844C001846704713461846704700BFB880002086
:10845C002DE9F04104467F4A82B00F467E4840F237
:10846C00D911FCF78DFB626813781909042933D1F3
:10847C00518803F00F03208949BA9B008DB2A842A2
:10848C0031D86089984227D32089A84224D3132B52
:10849C0022D91169D06801F0F00E704D97F83DC0EB
:1084AC00BEF1E00FC5E9040126D11CF0200F78D1F4
:1084BC00517A112900F0858070B100263946CDE93A
:1084CC00003200F0C7F938B9296901F0F001E02950
:1084DC0002D0DDE900328EBB204601F02DFC0020DD
:1084EC0002B0BDE8F08129462046CDE9003201F00A
:1084FC0013FDDDE90032C4E71CF0010F5CD0D7F8A6
:10850C0000C0BCF1000FD3D08C4514D008463946BE
:10851C00CDE9003200F09EF9DDE9003250B905F1E9
:10852C0014013846CDE90032FDF792FDDDE9003249
:10853C00002841D02869002874D13E46D18821F00A
:10854C00C00141B12046009300F0ACFB044600286A
:10855C00C5D04268009BAA60204601930092C5E9F1
:10856C000067117801F00F018900A981394601F0EB
:10857C005FFF0128804644D00199204601F074FB2E
:10858C00009A019B527A013A102A21D8DFE802F0B6
:10859C005C5620202051202020202020202020202C
:1085AC004C0005F114013846CDE90032FFF7EEFD21
:1085BC00DDE900320028BDD1517A11292CD028696F
:1085CC007AE7D1184988B1F5884F7FF475AFB4E7D5
:1085DC00B8F1020F12D031466869009300F03AF9F5
:1085EC0060B96A6902F0F002E02A07D000992046CF
:1085FC0001F068FB0221204607F0C0FA204601F08A
:10860C009BFB00230020C5E90033AB60AB81C5E9BF
:10861C00043302B0BDE8F081D1184988B1F5884F18
:10862C00CDD18AE73E4649E73946204605F03AFB6C
:10863C00E7E73946204603F013FDE2E7084A3946DE
:10864C002046FFF7ADFDDCE73946204607F0F0F990
:10865C00D7E700BFB82B0020880E00204050002028
:10866C00545000202DE9F04F044685B0884615463D
:10867C0040F275314E4A4F489A469DF838909DF815
:10868C003C70BDF84860FCF77BFAA37B012B7AD1D8
:10869C00002D5AD0002E55D0282E71D8F31C204610
:1086AC0023F003039BB2194603F1140B009301F062
:1086BC00A3FA0190002860D132461199606807F046
:1086CC00EBFD009B9E424BD31421204601F094FA03
:1086DC000646002851D16389132B63D94FEA9B02BC
:1086EC006368062F42F0400283F808A05F72296885
:1086FC001A7083F801902289196151BA9871D87156
:10870C00598001D1442A04D92B4A1688711C76BA97
:10871C0011809E80B8F1000F1FD0D8F80020DA60CD
:10872C0000229A72DA72109B9B8E13B122899A42A4
:10873C001DD8109B2A46214610981B69984705B0F6
:10874C00BDE8F08F4FF0140BBEE76389132B14D9DF
:10875C00636803AD1B690393E5E7184A1268DEE70B
:10876C0060689A1B019930440CF0B4FCACE72A46C3
:10877C001099204600F080FCE1E76FF00100DEE785
:10878C006FF00500DBE70B4B40F276320C490D48DD
:10879C000CF0D4FA00200CF099F90120FCF7E4F964
:1087AC0007F03CFF034B40F2AA320749EFE700BF4A
:1087BC000C2B0020880E002092E20020502F00206D
:1087CC00D40E002070060020E00E0020F0B59DF8BD
:1087DC0014E09DF81840BDF82460DDE907C51AB116
:1087EC0009B10F6807B96146CDF814E0CDE9085618
:1087FC00CDE9064CBDE8F040FFF734BF10B586B0AC
:10880C009DF820C00A9CCDF800C04FF0000C0294DB
:10881C00CDE903CC9DF824C0CDF804C0FFF722FFAE
:10882C0006B010BD30B587B09DF828E09DF82C40FF
:10883C00DDF830C01AB109B10D6805B96146CDF843
:10884C0000E0CDE9014C0024CDE90344FFF70AFF19
:10885C0007B030BD431E033314D891F83D3013F0EC
:10886C0002030DD00B6883420FD04A684340134279
:10887C000BD1D34320EA0200C31AB3FA83F35B098A
:10888C001846704701231846704700231846704756
:10889C00F0B5514C85B00278A35C5B0738D50F4618
:1088AC0003AE6D46302A36D04FF00A0E013000214F
:1088BC0007E0BEF1080F1CD001FB0E210278303905
:1088CC000130A35C13F0040FF3D1BEF1100F15D1DE
:1088DC0013F0440F12D003F0030302F10A0C0278D8
:1088EC00022B14BF41236123ACEB030343EA0111B8
:1088FC00E6E7A2F1300CBCF1070FDDD92E2A18D116
:10890C00B54205D0027845F8041BA35C5907C9D4BD
:10891C00002005B0F0BD427802F0DF03582B03D0E5
:10892C0001304FF0080EC1E782784FF0100E023084
:10893C00BCE70AB11B07EBD56B46EB1A9B10013356
:10894C00042B3AD801A252F823F000BF01610000B9
:10895C0061610000516100008F6100006B610000DB
:10896C00B1F1807FD4D2009BFF2BD1D841EA0361B7
:10897C000FB109BA39600120CBE7FF29C8D800989C
:10898C00FF28C5D8019BFF2BC2D8029AFF2ABFD85B
:10899C001B0443EA006343EA02231943E8E7B1F5F9
:1089AC00803FB5D2009AFF2AB2D8019BFF2BAFD8DB
:1089BC001B0443EA02631943DAE7084BFB2208491C
:1089CC0008480CF0BBF900200CF080F80120FCF7F3
:1089DC00CBF807F023FE00BFBD2D0020100F0020A8
:1089EC00600F00207006002008B540F24712064BBD
:1089FC00064907480CF0A2F900200CF067F801209A
:108A0C00FCF7B2F807F00AFE6C0F0020BC0F002038
:108A1C007006002010B5044648B1406908B101F059
:108A2C008BF921460620BDE8104000F0C9BC074B6D
:108A3C004FF43472064907480CF080F920460CF0CC
:108A4C0045F80120FCF790F807F0E8FD6C0F0020CA
:108A5C00D80F00207006002081422DE9F04100F073
:108A6C008D800746884600295ED00968814240F017
:108A7C0081804C68002C45D063689A883AB30026F4
:108A8C006368204625461C6801F0BAFA3318B3F522
:108A9C00803F61DA28469EB201F04EF9002CEFD1EE
:108AAC003A4B1A68974248D0B8F1000F43D03B6854
:108ABC00C8F800303946052000F082FC344A13888F
:108ACC00B3425FD39B1B30461380BDE8F0811A681C
:108ADC00386979697A60FD68BA6898602046D9600F
:108AEC0001211A605D60BA691A6107F04BF82046E3
:108AFC0001F086FA0646204601F01EF97C68002C2F
:108B0C00BED1CDE7214B1A68914219D00B680520D4
:108B1C002646C8F8003000F053FC1D4A3046138836
:108B2C009B1B1380BDE8F0814468002CA4D1174B2B
:108B3C001A6890420DD0FFF757FF3A681A60B9E7F0
:108B4C000A6805201A6000F03BFC114A264613887F
:108B5C00B8E702680146F4E70E4BCE220E490F48E7
:108B6C000CF0ECF800200BF0B1FF0120FBF7FCFF40
:108B7C0007F054FD074BAD220949F0E7054BAB223A
:108B8C000849ECE7034BD4220749E8E7E4800020CE
:108B9C0094E200206C0F00200410002070060020CE
:108BAC00F00F0020E40F0020241000202DE9F047E6
:108BBC0005468A460027DFF8B880D8F80000002860
:108BCC0048D04FF00009D5F80CC0CE4649464B466C
:108BDC00426962452AD009F1010453B9026892B383
:108BEC0053698E4601469C45034636D009F1020472
:108BFC00104693F81F90C27F06684A450AD926B3DF
:108C0C00726994450FD0014630460134C27F066824
:108C1C004A45F4D88E46034691461EB37269944574
:108C2C00F1D18E4603460146A14630462C69826935
:108C3C00A242D0D18489AA889442CCD10268AAB12C
:108C4C0001461046C4E78E4603464BB9574501DA38
:108C5C00012CB2DC3846BDE8F087A1461046E5E7AA
:108C6C0071461846FFF7F8FE0744EFE74C46ECE771
:108C7C00E480002038B50A4B1C684CB10025E37F1A
:108C8C00204624685A1E23B10546C277002CF6D123
:108C9C0038BD2946FFF7E0FE002CF0D1F8E700BF05
:108CAC00E48000202DE9F04F476883B006463B78FE
:108CBC0003F00F03052B40F0D9807D886DBAADB25F
:108CCC00132D40F2D380B7F8068001F099F9A24B2E
:108CDC0081461B8803440A2B00F3E3809F4B1968E1
:108CEC00002900F0EB80F86803E00968002900F027
:108CFC00E5804B698342F8D13B698A699A42F4D189
:108D0C008A89BB889A42F0D1FB8858BAC0F30C0010
:108D1C00002800F0B3804C6898FA98FCA5F1140276
:108D2C0013F02003CCF30C0C93469A464FEACC0C70
:108D3C000AD10CEB02039BB29C4500F28B804FF6E0
:108D4C00EB72934200F28680D6F804E0BEF8023053
:108D5C009EF800205BBA02F00F029BB2B3EB820FBD
:108D6C0078D3A3EB8203BEF8062052BAC2F30C02EE
:108D7C00D2001344AEF8042098B2AEF806300023AB
:108D8C00824201908EF800308EF801308EF802305D
:108D9C008EF803305ED8002C00F039814FF00108BA
:108DAC000FE063D0DF88BA4260D335B1EC888442DF
:108DBC0014BF4FF0000808F001081C68002C00F0EC
:108DCC00BD801D46636898888242EAD2CEF8004086
:108DDC00002D00F0BB80019CEB88844246D89A425F
:108DEC0044D39A4214BF4FF0000808F001082E60DB
:108DFC00BAF1000F00F083808B7FDB0740F18C8091
:108E0C00B8F1000F00F088804B68002B00F08480D4
:108E1C005B689A887AB9DEF80000002800F00181BE
:108E2C00019C04E01068002800F09A80D488426805
:108E3C009088A042F6D0484A13884B441380BAF16C
:108E4C00000F16D18B7FDC4443F00103A1F81CC04A
:108E5C008B770EE054B9414B1B688B4240F0F2808B
:108E6C000B6805203D4A136000F0AAFA304600F06A
:108E7C0063FF0025284603B0BDE8F08FC88940BACF
:108E8C00C0F30C0000283FF446AF3B687A68BC681E
:108E9C00F8688B60CA600C6148613B698B61FB8828
:108EAC0039E701463846FFF781FE0028DED02A4B11
:108EBC001B884B440A2B7FF711AFD7E7052000F036
:108ECC006BFA014668B3254A002413688C600B606A
:108EDC000F23CC600C614C618C61CC614C60CB7706
:108EEC0011603B68D7F804C0BA68F8688B60C1F8A9
:108EFC000CC00A6148613B698B61FB880CE7B8F1D7
:108F0C00000F02D04B68002B82D18B7FDC4443F0E6
:108F1C000103A1F81CC08B770F4A13884B441380B4
:108F2C00A7E749463846FFF741FE81459EDC052000
:108F3C0000F032FA01460028C5D197E7BA4214BFB7
:108F4C004FF0000808F001081E6051E7019B8342B6
:108F5C008CD84E604CE700BF94E20020E4800020E7
:108F6C00934260D03D4802884A440280BAF1000F17
:108F7C004BD1887F0BEB0C0240F001008A83887781
:108F8C008D6814320C69486952BACE689C605E6078
:108F9C00D86000201C681D608D695A801D61987115
:108FAC004D68D8719872D8726CB10F461421204656
:108FBC00666800F059FE2146284601F037F83468FF
:108FCC00002CF3D13946264B1B688B4206D0002B64
:108FDC003DD01A688A4215D01346F8E70B68204A30
:108FEC001360052000F0ECF9284601F009F81B4B42
:108FFC001B8883422DD31B1A184A2846138003B0B2
:10900C00BDE8F08F0A681A60EBE78A8BB8E74E6010
:10901C00BAF1000F3FF476AF8B7FDA073FF5F4AE71
:10902C007AE79E459ED10F4B4FF4F1720E490F48D3
:10903C000BF084FE00200BF049FD0120FBF794FDA2
:10904C0007F0ECFA074B40F2AD220949EFE7FFF7C6
:10905C00CBFC044B40F29D220649E8E794E2002049
:10906C00E48000206C0F00204810002070060020C7
:10907C00981000207C1000202DE9F04FD0F804A0AF
:10908C008DB09AF8003003F00F03052B40F0C08030
:10909C0043890546132B40F2BB800389143B9BB2DA
:1090AC001E46002B00F0AF808B8E14270024DFF8B7
:1090BC00A091B3F11400B04648BFA3F10D00CDE967
:1090CC000A1220F00702BAF80630C110CDF814A02D
:1090DC005BBA92B209910492C3F30C02C3F340330E
:1090EC00039208934FF420721421102000F08EFE8E
:1090FC00834600284CD04389132B40F29B80059962
:10910C004368C8680A68D1F804C08E68D8600498AF
:10911C001A604045C3F804C09E6028BF40460A69E7
:10912C0002901A61DBF8042000286ED06C89BC42D6
:10913C0071D3029ECDE906281AE0019403466A68B1
:10914C00214600203A440092412200F033FD824631
:10915C0018B3361B284600F05DFF5146B6B2584690
:10916C00C8E9049500F062FFFEB12D6800276C89F8
:10917C00E41BA4B2B44228BF3446002CF5D0062020
:10918C0000F00AF980460028D7D1584600F0D4FDEB
:10919C004FF0FF300DB0BDE8F08F4146062000F0D7
:1091AC000FF9584600F0C8FDF2E72744DDE9062820
:1091BC00BFB20A99039E8B8E0898133B4345D8BFC8
:1091CC0040F00100C6F30C0343EA403308465BBA97
:1091DC00D380029B14335BBA538000239372D372F7
:1091EC000B6959460B9A9847584600F0A5FD029B0F
:1091FC00A8EB030B099B1FFA8BF833440393B8F1CC
:10920C00000F7FF46FAF0020C4E72744BFB2D0E754
:10921C006FF00500BEE70A4B40F22F3209490A48AD
:10922C000BF08CFD00200BF051FC0120FBF79CFC9B
:10923C0007F0F4F9024B40F226320449EFE700BF85
:10924C006C0F0020D810002070060020B8100020F1
:10925C0005620000704700BF704700BF08B50AF0F8
:10926C0029FE90B1C31C23F0030398420DD0074B89
:10927C00C822074907480BF061FD00200BF026FCC3
:10928C000120FBF771FC07F0C9F908BDE8100020BC
:10929C00301100207006002010B540B1C31C23F023
:1092AC000303984211D1BDE810400AF00BBE094BE4
:1092BC00D922094909480BF041FD00200BF006FCAE
:1092CC000120FBF751FC07F0A9F9024BDA22044903
:1092DC00F0E700BFE81000205411002070060020B9
:1092EC00641100200AF054BD08B54FF48C72064B83
:1092FC00064907480BF022FD00200BF0E7FB01208C
:10930C00FBF732FC07F08AF97C110020C411002015
:10931C007006002008B54FF4B672064B0649074894
:10932C000BF00CFD00200BF0D1FB0120FBF71CFC1B
:10933C0007F074F97C110020E81100207006002061
:10934C00F0B5DFF850E00424104B0026104D0EF160
:10935C002C075EF8042B2E6074B103330021B2F895
:10936C0000C023F003030A4600E063440132196095
:10937C001946A242F9D12B60774505D0DEF80020C2
:10938C00D2E901355488E4E7F0BD00BF58A820208D
:10939C009C8000201C3000200A280BD808B5074BF5
:1093AC0053F820309B68186818B102681A6083075C
:1093BC0002D108BD00207047FFF796FF1C3000203B
:1093CC0061B10A280AD808B58B0708D1054B53F8A8
:1093DC0020309B681A680A60196008BD7047FFF757
:1093EC0099FF00BF1C3000206FF00B00704700BFCE
:1093FC0068B190F83D2002F00501052900D07047B6
:10940C000368002BFBD09306F9D5FEF795BE10B57B
:10941C000446074B4FF46472064907480BF08EFC68
:10942C0020460BF053FB0120FBF79EFB07F0F6F8F0
:10943C00081200205012002070060020704700BF58
:10944C0010B5054A044640F25B310448FBF798FB23
:10945C00034B1C6010BD00BF902D00200812002093
:10946C00B880002030B5054685B0184A40F27131FD
:10947C001748FBF785FB1DB195F83D30DA0701D590
:10948C0005B030BD134943F0010301220C6885F887
:10949C003D308DF804204CB101AA08212846D4E9AE
:1094AC0000349847002CF7D195F83D3003F00502B5
:1094BC00052AE5D12A68002AE2D09B06E0D5284689
:1094CC0005B0BDE83040FEF737BE00BF6C2D002064
:1094DC00081200201450002030B5054685B0144AFF
:1094EC0040F2BF311348FBF74BFB1DB195F83D30F3
:1094FC00DA0701D405B030BD0F4900220C688DF895
:10950C0004204CB101AA08212846D4E9003498471C
:10951C00002CF7D195F83D3023F001021B0785F89C
:10952C003D20E7D5284605B0BDE83040FEF74CBAE3
:10953C00502D0020081200201450002038B505468C
:10954C00244A40F20A312448FBF71AFBB5B1234BED
:10955C001C683CB1002202212846D4E9003498470B
:10956C00002CF7D12B68D3B995F83D309A060ED460
:10957C00DB0704D41A4C2368AB4221D038BD184CFD
:10958C002846FFF7A9FF2368AB42F7D118E028461D
:10959C00FEF7BCFD95F83D30DB07EBD5EFE700217E
:1095AC00284601F0B5FF0021284604F0F3FE002107
:1095BC00284600F0BDFF95F83D309A06D8D5E6E771
:1095CC00084A40F25B310448FBF7DAFA00232360C7
:1095DC0038BD00BF102C00200812002014500020B1
:1095EC00B8800020902D002030B5054685B01B4A70
:1095FC0040F204411A48FBF7C3FA1DB195F83D300F
:10960C005A0701D505B030BD43F00403284685F850
:10961C003D30FDF73FFD2846FCF7F0FC95F83D305A
:10962C0003F00502052A10D00E4A012314688DF8A8
:10963C000430002CE6D001AA04212846D4E90034D9
:10964C009847002CF7D105B030BD2A68002AEBD022
:10965C009B06E9D52846FEF76FFDE5E7302D002087
:10966C00081200201450002030B5054685B0144A6D
:10967C0040F22A411348FBF783FA1DB195F83D30AF
:10968C005A0701D405B030BD23F00403284685F8F1
:10969C003D30FCF7B5FC284606F056F80A4A002384
:1096AC0014688DF80430002CECD001AA0421284653
:1096BC00D4E900349847002CF7D105B030BD00BF79
:1096CC00F82C0020081200201450002010B504467D
:1096DC00094A40F2CE610948FBF752FA54B1084BE3
:1096EC00186830B190F840300133DBB2A34218BF98
:1096FC00002010BD204610BDA82C00200812002010
:10970C00B880002038B504460D46164A40F20A715E
:10971C001548FBF735FA34B1A5B1144B25601A681E
:10972C001C60626038BD104B40F20B72104911483E
:10973C000BF004FB20460BF0C9F90120FBF714FADF
:10974C0006F06CFF084B40F20C720B4909480BF009
:10975C00F5FA28460BF0BAF90120FBF705FA06F0EA
:10976C005DFF00BFC42B0020081200201450002005
:10977C0074120020700600209012002010B50446D0
:10978C00164A40F21D711648FBF7FAF9BCB1154B9D
:10979C00196871B1A1420DD04B6823B907E05A6822
:1097AC00194622B113469C42F9D163684B600023E1
:1097BC00636010BD62681A6000236360F9E7084BB0
:1097CC0040F21E72084909480BF0B8FA20460BF01B
:1097DC007DF90120FBF7C8F906F020FF242B0020AF
:1097EC000812002014500020741200207006002073
:1097FC00F8B5054668B10E4B0E4617461C683CB1D1
:10980C003A4631462846D4E900349847002CF7D123
:10981C00F8BD084B40F23E72074908480BF08EFA2F
:10982C0028460BF053F90120FBF79EF906F0F6FEE3
:10983C001450002008120020A412002070060020F2
:10984C00F0B50D4689B017460446544A4FF43071B2
:10985C0053481E46FBF794F9002D36D007B316B3C8
:10986C002B6823B3002319463F68D4E901209742A3
:10987C0026D067600192326801AE8242069641F0B2
:10988C00400626D0A26002AA029007922BB346F0A3
:10989C00A00189B205AA2046FFF7AAFF09B0F0BDC6
:1098AC00404F002EDCD12B683E4E002BDAD12168C4
:1098BC00002943D13F680123D4E901209742D8D134
:1098CC003268824258D00E46DCE7364D002FC6D1A6
:1098DC00E6E753B141F0C001DCE723682A68934204
:1098EC000AD146F4946189B2D4E723682A6893427A
:1098FC0004D141F49861CDE746F0200603AF2A6805
:10990C0004A93846CDE9033201F002FE04A9384619
:10991C0004F040FD04A9384600F00AFE04AA3946BA
:10992C00204605F0F3FF2B68012120462360FFF74A
:10993C005FFD46F49263059799B2ABE703A80391D8
:10994C0005A9059301F0E4FD05A903A804F022FD87
:10995C0005A903A800F0ECFD05AA03A9204605F013
:10996C00D5FF2B68012120462360FFF741FD03AB97
:10997C0010210593012377E71BB100298ED090218C
:10998C0088E723682A68934206D100290CBF4FF45C
:10999C0080614FF492617DE70E46AFE7202C0020EA
:1099AC0008120020502F0020F0B583B004460D465D
:1099BC00164640F22D11364A36480193FBF7E0F873
:1099CC00354A019B1768002F4DD1002C3BD0099ACA
:1099DC00002A38D0002D3ED0002E37D0002B38D0A6
:1099EC00089832462946A0610A98E0600020C4E934
:1099FC000000A060A08684F83D00E06120626062F7
:109A0C00A062E062606484F84000A0642348206196
:109A1C002046FFF715FF2046099B984798B994F804
:109A2C003C30062B2ED894F83D309B0617D41C4B9B
:109A3C001D683DB1002201212046D5E9003598472B
:109A4C00002DF7D12746384603B0F0BD154E002B3C
:109A5C00C6D1144BC4E7134D002EBFD1F6E72046F8
:109A6C00FEF73CFBE3E70B4B40F231120E490F487B
:109A7C000BF064F900200BF029F80120FBF774F8C7
:109A8C0006F0CCFD034B40F28B120949EFE700BF07
:109A9C003C2C002008120020B8800020D96B00005C
:109AAC0014500020502F0020BC1200207006002003
:109ABC00D812002000B59C4685B00023CDF808C014
:109ACC00CDE900121A461946FFF76EFF05B000BD2E
:109ADC0008B540F24632064B064907480BF02EF902
:109AEC0000200AF0F3FF0120FBF73EF806F096FD8C
:109AFC00041300204C1300207006002008B540F21F
:109B0C004C52064B064907480BF018F900200AF096
:109B1C00DDFF0120FBF728F806F080FD0413002080
:109B2C00601300207006002007490022074B0868CC
:109B3C001A7010B906E0C06820B1436F002BFAD040
:109B4C0001F03ABD704700BFC0E10020BAE200202E
:109B5C0030B522F0400483B0012C15D10546092004
:109B6C00CDE90012FFF718FC60B100230099019AAF
:109B7C000360437361F30F03456061F31F4302738A
:109B8C00C481836003B030BD074B4FF4A672074904
:109B9C0007480BF0D3F800200AF098FF0120FAF7E1
:109BAC00E3FF06F03BFD00BF0413002074130020FC
:109BBC0070060020033020F0030010B501EB000EFE
:109BCC00BDF80CC01446029AE64513D84FF0000CB1
:109BDC0061F30F0C61F31F4C02B10244002002210F
:109BEC005A60012218601846C3F808C01C735973D8
:109BFC00DA8110BD002010BD10B5F0B1B1F5803F79
:109C0C000BD2C1B18AB2038913449BB29A4204D8D5
:109C1C0090F90CC0BCF1000F01DB012010BD4468B1
:109C2C0000F1100C611A6145F7D3B0F80AC041601D
:109C3C00624403814281002010BD0446074B4FF45F
:109C4C00F272074907480BF079F820460AF03EFFFC
:109C5C000120FAF789FF06F0E1FC00BF0413002095
:109C6C00881300207006002010B5A8B1B1F5803F14
:109C7C0010D269B18AB2438993420BD344689B1AC0
:109C8C0004EB010C018943818B1AC0F804C00381D9
:109C9C00002010BD012010BD0446074B4FF4147278
:109CAC00064907480BF04AF820460AF00FFF01203E
:109CBC00FAF75AFF06F0B2FC0413002088130020B8
:109CCC0070060020002918DB10B5F8B199B18AB2E2
:109CDC00038913449BB29A4216D890F90CC044687D
:109CEC00BCF1000FA4EB01010ADBB0F80AC0416023
:109CFC00624403814281002010BD4942FFF7B4BF8A
:109D0C0000F1100C6145F0D2012010BD0446074B48
:109D1C004FF4F272064907480BF010F820460AF08F
:109D2C00D5FE0120FAF720FF06F078FC0413002082
:109D3C008813002070060020F8B50546002849D08D
:109D4C00002608E02C69002C3AD02846A0470136A2
:109D5C00F6B2D7B13D46AC7B1CB3013CE4B2AC735C
:109D6C009CB96B7B2F6813F00204EBD12B7B03F0B7
:109D7C000F03022B0BD0012B0ED033BB0136284620
:109D8C00FFF78AFAF6B2002FE4D13046F8BD294627
:109D9C000A20FFF715FBDAE729460920FFF710FB2D
:109DAC00D5E7144B40F2F522134914480AF0C6FFCC
:109DBC0020460AF08BFE0120FAF7D6FE06F02EFCA8
:109DCC000C4B40F203320E49EFE70A4B40F21332D0
:109DDC000C49EAE7074B4FF438720B4907480AF075
:109DEC00ADFF28460AF072FE0120FAF7BDFE06F020
:109DFC0015FC00BF041300209413002070060020F3
:109E0C00AC130020D013002088130020B2F5C17FC2
:109E1C002DE9F84381460F463AD012D822F0400380
:109E2C00012B30D0364B40F22912364936480AF015
:109E3C0085FF00200AF04AFE0120FAF795FE06F095
:109E4C00EDFBB2F5207FEDD1CB1C033023F00303E7
:109E5C0020F0030010331844FFF700FA804678B165
:109E6C0000212A4B81440A46C36009F1130367F3AE
:109E7C000F0223F0030367F31F42C0E90013826053
:109E8C004046BDE8F8830020BDE8F843FFF760BE0C
:109E9C00002240F2EC551E4C904606E03260FB1A54
:109EAC004FF000099FB2002FEAD00A201646FFF7A8
:109EBC0073FA0246C0B109F1030300EB090100205B
:109ECC00178123F0030313311060EB1A21F0030107
:109EDC00D4609BB25160BB4228BF3B465381B8F162
:109EEC00000FDBD19046DAE70A4B01221A70B8F169
:109EFC00000F02D04046FFF71FFF4FF00008BFE7EE
:109F0C0004130020E41300207006002080000100E0
:109F1C0082000100BAE20020F8B5044600285DD0AA
:109F2C0003898B4222D90D46C91A06E02289EB1A05
:109F3C000A449DB22281246894B36389AB42F5D361
:109F4C00227B120706D1AB4204D0637B13F00203D1
:109F5C001E460CD00023206865F30F0365F31F43E6
:109F6C00A36008B1FFF7E8FE00232360F8BD636827
:109F7C0020461B1B5919FFF76FF90746F8B18442AD
:109F8C00E8D0194B40F2C112184919480AF0D6FE14
:109F9C0030460AF09BFD0120FAF7E6FD06F03EFB89
:109FAC00114B40F2B112134911480AF0C7FE20467A
:109FBC000AF08CFD0120FAF7D7FD06F02FFB0A4BB7
:109FCC0040F2BF120C490A480AF0B8FE38460AF0B3
:109FDC007DFD0120FAF7C8FD06F020FB024B4FF483
:109FEC00CD720649E0E700BF041300204C1400209A
:109FFC0070060020181400203014002000140020DB
:10A00C00034630B1002001301B6880B2002BFAD11E
:10A01C007047704730B108B5837B0133DBB2837373
:10A02C000BB108BD7047FFF753FD00BFD0B110B5A1
:10A03C00B1FA81F46409A1B1884214D0036843B128
:10A04C000289B1F808C06244028118461B68002BD3
:10A05C00F6D102894389934214D10A8901601344D1
:10A06C00038110BD70470F4B40F25F320E490F4811
:10A07C000AF064FE20460AF029FD0120FAF774FD6F
:10A08C0006F0CCFA074B40F26732094907480AF050
:10A09C0055FE00200AF01AFD0120FAF765FD06F0C6
:10A0AC00BDFA00BF041300206814002070060020C5
:10A0BC008414002000B583B00191FFF7B7FF01991C
:10A0CC0021B18B7B0133DBB28B730BB103B000BDC1
:10A0DC00FFF7FEFC002900F08B802DE9F843914638
:10A0EC000A890E464A4561D3054600285ED001898F
:10A0FC0003EB0902914259DBB0FA80F81F464FEA94
:10A10C0058186C897389E41B6868A3EB08037168A1
:10A11C0038449C42414428BF1C464C4528BF4C4601
:10A12C002246274406F0B8F86A89BA4251D3A044B3
:10A13C00738943453ED3A9EB04041FFA84F91DD05F
:10A14C00BA422AD032899A420AD01DB16A892B8927
:10A15C009A420CD0B9F1000FD3D14846BDE8F88330
:10A16C003368002BF1D06FF00500BDE8F8832B6845
:10A17C00002BF8D1B9F1000FC3D1EEE7B9F1000310
:10A18C00366818BF012306B983B9BA424FF00008EC
:10A19C0007D0002ED9D07389D4E7B9F1000318BFCA
:10A1AC0001232D6805B90BB90027F2E76FF00F00FA
:10A1BC00BDE8F883104B40F2FB32104910480AF00E
:10A1CC00BDFD00200AF082FC0120FAF7CDFC06F060
:10A1DC0025FA094B40F2FA320A4909480AF0AEFD59
:10A1EC0000200AF073FC0120FAF7BEFC06F016FA08
:10A1FC006FF00F00704700BF04130020CC14002038
:10A20C0070060020B414002019B100230A89FFF74E
:10A21C0061BF6FF00F0070472DE9F84379B1054627
:10A22C0068B10F4616469AB3B5F80AC063B16345D8
:10A23C00A3EB0C0208D32D6893B2002DF4D14FF090
:10A24C0000084046BDE8F8834FF0000801E0B5F87F
:10A25C000AC0ACEB030C696807EB08001FFA8CF41E
:10A26C001944B442A14628BFB1464A46C84406F038
:10A27C0013F82D68A6EB09091FFA88F80023002DA6
:10A28C00DFD0B4421FFA89F6E1D34046BDE8F8832B
:10A29C009046D6E7B9B32DE9F843054608B30389D0
:10A2AC0093421BD3BAB1B0FA80F791468846164652
:10A2BC007F0901E02D68BDB16C8908EB0701686866
:10A2CC00B44228BF34462246274405F0E5FF361B2E
:10A2DC00F0D1B9451AD10020BDE8F8834FF0FF301A
:10A2EC00FAE76FF00F00F7E7104B40F2E542104928
:10A2FC0010480AF023FD28460AF0E8FB0120FAF783
:10A30C0033FC06F08BF96FF00F007047074B4FF4DE
:10A31C009E62094907480AF011FD30460AF0D6FB47
:10A32C000120FAF721FC06F079F900BF0413002094
:10A33C00E81400207006002000150020002835D0FD
:10A34C009C46034670B582B003E01B681FFA80FC84
:10A35C0043B35C896445ACEB0400F6D918890CEB6B
:10A36C000205A8421EDB58686044A4EB0C0C624545
:10A37C0004DC05F091FF002002B070BD1FFA8CF2D6
:10A38C00CDE90013164605F087FF2A1B92B2DDE9D2
:10A39C000013002AEFD03144186802B0BDE87040B9
:10A3AC00FFF778BF4FF0FF3002B070BD4FF0FF30B9
:10A3BC00704700BF38B514460A462189FFF726FDC1
:10A3CC00054628B1002322892146FFF783FE08B9F0
:10A3DC00284638BDFFF792FB18B90AE0006899B21D
:10A3EC0030B143898B42A1EB0303F7D94368585C26
:10A3FC007047704740B143898B42A1EB030306D8E9
:10A40C00006899B20028F6D14FF0FF3070474368CE
:10A41C00585C704718B90AE0006899B230B14389AA
:10A42C008B42A1EB0303F7D943685A54704770472A
:10A43C002DE9F84F384E814631687069FEF70AFAFB
:10A44C00364BD3F800B0BBF1000F54D08046D9F88E
:10A45C0004200020557A044605E0DBF80C305C46FD
:10A46C00002B34D09B469BF81030AB42F5D19BF8B7
:10A47C00081031B1736893F840300133DBB2994264
:10A48C00EBD1DBF80010B8F1000F22D00029E4D199
:10A49C009BF81130DB0704D5DBF8041033699942C3
:10A4AC00DBD1DBF81470002FD7D092461C4B4A46F8
:10A4BC005946DBF81800B84788B9D9F8042052453A
:10A4CC001BD1DBF80C3002205C46002BCAD1BDE856
:10A4DC00F88F0029DCD073699942BED1D8E744B11A
:10A4EC000E49DBF80C200B68E260C1F800B0CBF829
:10A4FC000C300120EBE75846E9E70746094BC02230
:10A50C0009490A480AF01AFC38460AF0DFFA012019
:10A51C00FAF72AFB06F082F840500020E080002079
:10A52C0050500020181500206015002070060020E7
:10A53C0010B1026801B102B970470B68002BFBD057
:10A54C00084B1B68002BF7D010B400E002681C68A5
:10A55C00944201D10A681A60DB68002BF6D110BC5A
:10A56C00704700BFE080002010B50446E0B1037DC9
:10A57C00042B03D0072B0BD0032B07D102F0AAFD21
:10A58C0058B905232046237502F040FF002010BD6A
:10A59C0002F0A0FD08B90923F4E7431CF7D1638B43
:10A5AC0043F008036383F1E7074B4FF4CE7207497E
:10A5BC0007480AF0C3FB20460AF088FA0120FAF794
:10A5CC00D3FA06F02BF800BFAC150020F4150020D0
:10A5DC007006002008B5D422064B074907480AF03C
:10A5EC00ADFB00200AF072FA0120FAF7BDFA06F072
:10A5FC0015F800BFAC1500200016002070060020D6
:10A60C0008B5FAF7E7FA024B024A0343138008BD78
:10A61C0000C0FFFF7A3A002008B5037D012B05D05E
:10A62C0001460220BDE80840FEF7CABEFFF7D2FF84
:10A63C0038B50446E0B1038D40F6683EC16A426A03
:10A64C00658E581A7545104494BFA0EB050CA0EB11
:10A65C000E0CBCF1000F05DA8B1A05D4B3F5803F54
:10A66C0015D20020638538BD00231846638538BD9C
:10A67C00094B40F2AA32094909480AF05FFB002055
:10A68C000AF024FA0120FAF76FFA05F0C7FF024B23
:10A69C0040F2BA320349EFE7AC1500201416002043
:10A6AC00700600203816002070B504460D461B4A73
:10A6BC0040F2D1311A48FAF763FAB4B1237D012B79
:10A6CC001E461CD0238DE91889B28B4203D841F267
:10A6DC00D063994201D941F2D06120462185FFF720
:10A6EC00A7FF40F2B353984200D870BD638B20464D
:10A6FC0043F002036383BDE8704002F087BE084B51
:10A70C0040F2D632074908480AF018FB00200AF03C
:10A71C00DDF93046FAF728FA05F080FFA42D002069
:10A72C00AC150020541600207006002070B138B50E
:10A73C00044625462468686808B1FFF7FDFA2946E7
:10A74C000420FEF73DFE002CF3D138BD704700BF4E
:10A75C0088B10146406858B100B583B00191FFF74C
:10A76C00EBFA0199042003B05DF804EBFEF728BE68
:10A77C000420FEF725BE704710B5044682B0B0B178
:10A78C000420FEF709FE034670B12068D4F804C01B
:10A79C00A168E268C3F804C0186099605868DA6070
:10A7AC000193FFF737FC019B184602B010BD074B15
:10A7BC0040F28662064907480AF0C0FA20460AF0C1
:10A7CC0085F90120FAF7D0F905F028FFAC15002027
:10A7DC007C1600207006002020B1037D0A2B01D0CE
:10A7EC00012B00D8704730B50546806F83B018B187
:10A7FC00FFF7A2FA0023AB676C6F6CB1214624689B
:10A80C00486818B10191FFF797FA01990420FEF7F7
:10A81C00D7FD002CF2D16C674FF6FF73EC6E2B86D4
:10A82C0064B121462468486818B10191FFF784FA95
:10A83C0001990420FEF7C4FD002CF2D12C6F64B1F9
:10A84C0021462468486818B10191FFF775FA0199FF
:10A85C000420FEF7B5FD002CF2D1A5F86840C5E93F
:10A86C001B4403B030BD00BF2DE9F04FA74F87B09C
:10A87C00DFF8B4923B68DFF8B4A201333B6099F87F
:10A88C000030013389F80030A14B1C68002C7CD0BF
:10A89C004FF0000B257D002D00F0F581012D00F00F
:10A8AC00E3810A2D00F0FE8199F80030A27F9A42D4
:10A8BC0000F02581022DA37794F8423000F0A2809D
:10A8CC000B2B40F2AA800126062D00F0CC80637A77
:10A8DC001B0740F19A80042D02D0072D40F0958083
:10A8EC00D4F894108B483B68226A08188A4D9B1A3E
:10A8FC00A5FB0050B3EB501F40F2D58001364FF052
:10A90C000108F6B2656F9DB13B689A1AB4F94030F4
:10A91C0003EB4303B2EB430F80F00A81237D032B3F
:10A92C0048D0092B4BD13B68226A9B1AF02B46D995
:10A93C002046D4F89050FFF74FFF754B1B68BBF1C6
:10A94C00000F00F072819C4200F0C481E368CBF8E8
:10A95C000C30B8F1000F40F05B81237D012B00F02F
:10A96C00AB8121460220D4E90346FEF729FD0023E2
:10A97C008AF800303DB16FF00C013046A8479AF8C8
:10A98C000030002B80D1002C84D1644E346874B11B
:10A99C000025237D0A2B40F08A813B68226A9B1A92
:10A9AC00F02B00F291802546E468002CF1D107B021
:10A9BC00BDE8F08F3B68226A9B1A282BB8D8002E72
:10A9CC00B6D1237F627F0133E568DBB29A422377ED
:10A9DC0012D8D4F88C3026778AF80060002B00F05F
:10A9EC0013812146206998479AF80030002B7FF498
:10A9FC004BAF002800F00881A3462C46002C7FF4B6
:10AA0C0049AFC2E7052B08D90126656F002D00F070
:10AA1C00ED804FF00008226A76E794F89960002EDA
:10AA2C0000F09680226F002A40F04A81E36E002BE2
:10AA3C0000F0558194F89A300B2B3FF644AF384B0D
:10AA4C00334413F8011C94F898308B42C0F0FA8010
:10AA5C00B4F86060A6B9204602F012FFB8B1257DAB
:10AA6C00062D7FF434AF638BDA0628D53B68226A57
:10AA7C009B1A282B23D901364FF00008F6B241E778
:10AA8C003146204602F0D2F9002800F0E48094F818
:10AA9C0099300026257D062B84F898609CBF0133E5
:10AAAC0084F89930DCE794F89B201E4800FB0211D7
:10AABC00194AA2FB0121B3EB511F00F29980656F7B
:10AACC00002DA6D1A8467AE72046FFF785FE33680D
:10AADC00002D00F0B0809C4200F0F780D4F80C8080
:10AAEC00C5F80C80237D012B00F0E68021464446FE
:10AAFC000220FEF765FC002C7FF44BAF57E7A34612
:10AB0C00E468002C7FF4C6AE3FE700BFD0E1002024
:10AB1C00C0E10020B84C0A00D34D6210D4E10020F3
:10AB2C0074300020F8240100C1E20020BFE20020B4
:10AB3C0005942C462D68606808B1FFF7FDF8214696
:10AB4C000420FEF73DFC002DF3D1059C6567E5E67E
:10AB5C00B4F9303047F6FE719AB28A4202D801320B
:10AB6C0013B22386B4F940209A423FF7ADAE20468B
:10AB7C0002F0E2FA257D38B1236F002B7FF4A4AEEE
:10AB8C00E36E002B3FF4A0AE022D14D094F84220BB
:10AB9C00B4F93C100C2AB4F93E3028BF0C2203EB5C
:10ABAC00E10356498A5C934047F6FF729342A8BF73
:10ABBC001346A4F84030638E2046B4F84810A4F82D
:10ABCC0048305B009AB2B4F860308B4228BF0B4619
:10ABDC005B08934238BF1346A4F84A3000232386FF
:10ABEC00A4F86A3002F0C8FD257D6DE6A84695E60E
:10ABFC00204602F00BFE00287FF407AF94F89B3040
:10AC0C00013384F89B3000E7204602F0FFFBF3E6AB
:10AC1C00238B2046626A216D0293E38A0193231DE4
:10AC2C000093234602F066FB97E69C425CD1E368F6
:10AC3C00334A13608DE69C425BD1D4F80C80C6F885
:10AC4C0000804FE70133DBB28B4284F89830BFF4BD
:10AC5C00FFAE164638E6204602F0D8FB00287FF4FB
:10AC6C0016AF0646257D2FE6264B40F2C3422649F9
:10AC7C0026480AF063F8002009F028FF2846F9F767
:10AC8C0073FF05F0CBFC1F4B40F2C24220491F481A
:10AC9C000AF054F8002009F019FF0120F9F764FFBD
:10ACAC0005F0BCFC174B40F2C4421A49EFE7154BB8
:10ACBC0040F2A5521849EAE7124BD4221749E6E7AD
:10ACCC00104B4FF49B621649E1E70E4B40F2B35226
:10ACDC001449DCE70B4B40F271521349D7E7094B8F
:10ACEC0040F2D9421149D2E7064B40F27552104955
:10ACFC00CDE7044B40F2B7520E49C8E75430002060
:10AD0C00C0E10020AC150020C41600207006002005
:10AD1C0098160020F0160020E017002000160020E6
:10AD2C001C17002010180020881700205017002036
:10AD3C00B41700203818002070B50C46002934D008
:10AD4C00002841D003688B421FD02BB1DA68A24295
:10AD5C0028D01346002BF9D100232046E360FFF7DF
:10AD6C003BFD237D0A2B1AD0012B0AD0638BDA070B
:10AD7C000ED4E36E002B31D1256F002D33D1636FD0
:10AD8C003BBB00232375E38270BDCB680360E3E714
:10AD9C0043F002032046638302F038FB237D012B32
:10ADAC00E7D1EEE7E268DA60D6E7114B40F68D02A8
:10ADBC001049114809F0C2FF002009F087FE01205C
:10ADCC00F9F7D2FE05F02AFC094B40F68E020B492E
:10ADDC00EFE7074B4FF40A620949EAE7044B40F6E8
:10ADEC009D020849E5E7024B40F69E020649E0E762
:10ADFC00AC15002060180020700600207C18002084
:10AE0C00D01800209C180020B41800202DE9F04F19
:10AE1C00054687B00E46534A40F23B215248F9F79B
:10AE2C00AFFE002D5DD02C7D012C00F08C800A2C07
:10AE3C0079D02B6D9A466B6A9B46D5F890301F469D
:10AE4C002B699846EB8A9946002C42D1002B4BD1AA
:10AE5C004FF0000900262C6F64B121462468486825
:10AE6C0018B10591FEF768FF05990420FEF7A8FAC2
:10AE7C00002CF2D1EC6E64B121462468486818B1FC
:10AE8C000591FEF759FF05990420FEF799FA002C5D
:10AE9C00F2D16C6F64B121462468486818B10591F1
:10AEAC00FEF74AFF05990420FEF78AFA002CF2D12E
:10AEBC004EBB2B7D012B44D029460220FEF780FA95
:10AECC003B4677B16FF00C01404607B0BDE8F04F40
:10AEDC00184729462548FFF72FFF254B01221A70EA
:10AEEC00B9E707B0BDE8F08F224A1368AB4217D020
:10AEFC0033B1DA68AA4201D01346F9E7EA68DA609E
:10AF0C000023EB60A4E7CDF804905A462B8B5146F6
:10AF1C00284602932B1D00932B4602F0EBF9C8E751
:10AF2C00EB681360ECE729461348FFF705FF2B7D10
:10AF3C00012B06D02946022007B0BDE8F04FFEF7E2
:10AF4C003FBAFFF747FB084B4FF410720B490C4804
:10AF5C0009F0F4FE002009F0B9FD2046F9F704FED3
:10AF6C0005F05CFB302C0020AC150020C0E100206B
:10AF7C00BFE20020C4E10020D4E10020E81800204A
:10AF8C00700600200121FFF741BF00BF70B5634A76
:10AF9C0082B040F2327106466148F9F7F1FD0220A9
:10AFAC00FEF7FAF9044620B39C22002120460AF051
:10AFBC0091F85C4B5C4941F2D0601A685B4B0978A4
:10AFCC002262A362FF235A4AA4F86400A17759486D
:10AFDC005949A2644FF00612E372584B6675C4F8D7
:10AFEC008400C4F89410C4F83E202363204602B0B9
:10AFFC0070BD534B1B686BB11846DB68428B110755
:10B00C00F9D522F0080201934283FFF7ADFA019BB8
:10B01C00002BF1D14B4B1B6883B1424A00211068C5
:10B02C001A6A821A914201D81C461146DB68002B21
:10B03C00F6D11CB101212046FFF7E8FE0220FEF7F5
:10B04C00ABF904460028AFD13D4B196899B1354B8B
:10B05C002246186801E0C96849B10B7D092BFAD169
:10B06C000B6AC31A9A42F6D80C461A46F3E714B187
:10B07C002046FFF7CBFE0220FEF78EF9044600288F
:10B08C0092D12F4B196899B1264B2246186801E0D2
:10B09C00C96849B10B7D082BFAD10B6AC31A9A42C5
:10B0AC00F6D80C461A46F3E714B12046FFF7AEFE6D
:10B0BC000220FEF771F9044600287FF475AF3306C1
:10B0CC002AD40EB332461E4B1B68EBB1013A15491C
:10B0DC004FF0000CD2B2D1F800E006E0186AAEEBEB
:10B0EC00000C0A461C46DB684BB1597D9142F5D3E6
:10B0FC00F9D1186AAEEB00056545F4D3EFE71CB146
:10B10C0001212046FFF782FE0220FEF745F9044696
:10B11C0000287FF449AF69E77F22D4E7442D002053
:10B12C00AC150020D0E10020C1E20020D016D016D2
:10B13C000100D016F58A000000DD6D00FFFF18023B
:10B14C00C0E10020D4E1002030B5044685B00028D1
:10B15C0000F09680037D19B1042B15D0072B13D06A
:10B16C00012B65D0022B41D0002B55D1E38A002B4B
:10B17C0046D0594A1368A3427FD0002B7AD0DA68A4
:10B18C00A24275D01346F8E7A36F002B3FD0638B18
:10B19C0013F010031D4600F09080218B201DE28AD5
:10B1AC002346CDE90121626A216D0090204602F010
:10B1BC00A1F82046FFF710FB484A1368A34231D090
:10B1CC0033B1DA68A24201D01346F9E7E268DA60DB
:10B1DC00434B0020434A01211B68E060A3421170DD
:10B1EC0023D0237D012B0BD1FFF7F4F921463B48EB
:10B1FC00FFF7A2FD0121237D3A4A8B421170F3D057
:10B20C0021460220FEF7DCF8002005B030BD228D6F
:10B21C0041F2D0639A42BAD1204605B0BDE8304025
:10B22C00FFF7A2B9E3681360D2E701F0C5FCEBE7C6
:10B23C002D49002001F10C0C51F8043F1B6833B16F
:10B24C00DA6F944208BFD867DB68002BF8D18C45C5
:10B25C00F2D121462548FFF76FFD237D012B1D46BA
:10B26C001DD021460320FEF7ABF8002005B030BD01
:10B27C00E268DA600023E360C2E7E3681360F9E791
:10B28C001B4B4FF4AF721B491B4809F057FD20466E
:10B29C0009F01CFC0120F9F767FC05F0BFF9144B11
:10B2AC00DF221649144809F049FD002009F00EFC74
:10B2BC002846F9F759FC05F0B1F90D4B4FF4B27271
:10B2CC000F490D4809F03AFD284609F0FFFB012013
:10B2DC00F9F74AFC05F0A2F9C4E10020C0E1002016
:10B2EC00C8E10020BFE2002064300020CCE1002047
:10B2FC00AC1500201C1900207006002058190020E5
:10B30C003C19002039B318460B4600B583B052B136
:10B31C00184611890192FFF7C7F90198FEF70CFD49
:10B32C00002003B000BD0028FAD10C4A01914FF463
:10B33C00F3710B48F9F724FC019B1A7D012A03D009
:10B34C005A8B42F010025A830121184603B05DF863
:10B35C0004EBFFF7F9BE6FF00F007047482C00208C
:10B36C00AC150020002838D0826F002370B5D0F8BF
:10B37C00845082B0517B044683670E4665B101460A
:10B38C0000690192A847019A68B10D3021D06FF085
:10B39C000400A26702B070BD11890192FFF784F915
:10B3AC000198FEF7C9FCB30610D5238D41F2D0628B
:10B3BC00934201D001332385D4F8845035B1002356
:10B3CC00214620691A46A8470D3002D0002002B051
:10B3DC0070BD6FF00C0002B070BD6FF00F007047C5
:10B3EC002DE9F0411C4D0027DFF874802B781B4EA3
:10B3FC0001332B70D8F80040B4B1A37F2A78934264
:10B40C0014D0638BA277D90719D41A0710D4A36F61
:10B41C002046E468002BEFD03770FFF7A3FF33789A
:10B42C00002BE7D1002CE8D1BDE8F081E468E3E71C
:10B43C0023F0080320466383FFF796F8E7E743F011
:10B44C0002032046638301F0E1FF638B23F00303C7
:10B45C009BB26383D9E700BFC1E20020BFE20020AA
:10B46C00C0E1002008B5FFF7BBFF054A1378013394
:10B47C001370DB0700D408BDBDE80840FFF7F4B932
:10B48C00C0E2002020B1038B021DC18A03F076BA02
:10B49C0010B50446074B40F6B4020749074809F0BB
:10B4AC004DFC204609F012FB0120F9F75DFB05F07D
:10B4BC00B5F800BFAC1500207419002070060020F0
:10B4CC007AB169B18A8E282A134638BF2823283BC3
:10B4DC009BB2834228BF03469BB2002A18BF184672
:10B4EC00704710B51446074B40F6CF020649074883
:10B4FC0009F024FC204609F0E9FA0120F9F734FBA5
:10B50C0005F08CF8AC150020901900207006002076
:10B51C0008B1036803B9704770B50E46234902465B
:10B52C0082B00868B0B10168C4688B4206D08CB197
:10B53C00204613680168C4688B42F8D19BB24FF661
:10B54C00A9650121AB42F2D00092FFF75FFC009A93
:10B55C00002CEDD1164B1B684BB14FF6A964196842
:10B56C0018461568DB68A94212D0002BF7D16EB1D2
:10B57C0033685BB10F4B1B6843B118681168884284
:10B58C0001D131681960DB68002BF6D102B070BDB7
:10B59C001FFA81FC0121A445E7D0CDE90032FFF769
:10B5AC0035FCDDE90032002BD9D1E0E7C0E1002009
:10B5BC00C4E10020CCE1002070B5446F6CB10646AC
:10B5CC0025462468686808B1FEF7B6FB29460420B6
:10B5DC00FDF7F6FE002CF3D1746770BD0C4A0D49D3
:10B5EC0013880988581C994210800FD90A4A12688E
:10B5FC001AB10A4909888B4204D2094A12681344C9
:10B60C00187D70475B1ADBB2D05C70470020704726
:10B61C009AE200209EE20020DCE100209CE2002067
:10B62C00D8E10020C2680B46F0B5928983B006467B
:10B63C00D10530D41A4DD3F80CC018463289D5F840
:10B64C0000E0DCF8044072441F89111BC91B00295F
:10B65C0012DBBCF80C20D20504D5F1688A8942F4BF
:10B66C0080728A811C68FFF773F82346002CE2D1A4
:10B67C000023336003B0F0BDA21A002AF9DAA4EB60
:10B68C000E017068019389B23181FEF745FC019B74
:10B69C00336003B0F0BD1846FFF748F8E8E700BF89
:10B6AC00A4E10020F8B51D4B1C88BCB100221C4D38
:10B6BC00074613462A809C4210D9FFF78FFF0128BA
:10B6CC0029D002280BD048B1FFF788FF012805D9F3
:10B6DC002B88023B03449BB22B80ECE7F8BDFFF7B1
:10B6EC007DFF0428FAD12B880133A342F6DAFFF749
:10B6FC0075FF0646FFF772FF40F2B45140EA06228E
:10B70C0040F2B35092B2531E9BB2834288BF0A469A
:10B71C002B887A86CFE72B88CDE700BF9EE20020EE
:10B72C009AE20020104B1B7813F0100301D118463D
:10B73C007047428B0346D20600B583B008D4D0F8CC
:10B74C0090202AB16FF00E01006901939047019B84
:10B75C00194606480193FFF7EFFA0198FEF75CFFD4
:10B76C00012003B000BD00BFBBE20020C0E10020FF
:10B77C0000294AD02DE9F8438846164604462B4F3B
:10B78C002B4DD8F80C203B685168B8F8080009BA62
:10B79C0092895B1A02F440721B1A002A18BF013BF3
:10B7AC00002B1DDBD8E90090FEF72AFCB4F86630BC
:10B7BC0098422CD829881B1AB8F808204046A4F8BF
:10B7CC0066300A442A80FEF7C3FFB4F8663013B122
:10B7DC0056EA09080AD0B9F1000F04D0C846D0E7E0
:10B7EC004046BDE8F8830020BDE8F883114B40F2D9
:10B7FC006E421149114809F0A1FA404609F066F968
:10B80C000120F9F7B1F904F009FF00207047094B4A
:10B81C0040F264420A49094809F090FA002009F004
:10B82C0055F90120F9F7A0F904F0F8FE2C4A002094
:10B83C0096E20020B8190020281A0020700600207B
:10B84C00001A0020F0B5027D83B0032A40F2C583B4
:10B85C00984B0446984D1B78D8064CD4974F388893
:10B86C002B68002800F08B80227D062A00F287804E
:10B87C00626AD11A9E1AB1F1010C00F12B8106F10A
:10B88C00FF3E1EEB000F00F125818D4B5E6801938E
:10B89C00002E00F0C9834FF6FE73994200F2BF836D
:10B8AC0089B230898842C0F0B583019A13895B1A3A
:10B8BC001381738999420BD9401A4FF0000CC91AA5
:10B8CC00A6F80AC03081366889B273898B42F6D3E8
:10B8DC003046FEF7C9F9019A636AD168208D4B6036
:10B8EC002B600146002840F0F081204603B0BDE8F3
:10B8FC00F04001F045BD2B68606D7249C61AB4F872
:10B90C0060C0D4F858E0002E09684EDB984248D04D
:10B91C008E4500F02881666C701A002856DB674F44
:10B92C003888002800F0B880666B002E9DD0A36B81
:10B93C005B1A002B93DA644BB4F93C201968B4F908
:10B94C003E30A3EBA300A1EBE203C1EBE2019B1B96
:10B95C0031449BB289B213F4004F1A4418BF0B4602
:10B96C0012B203443888A287E38703EBE203A4F8FE
:10B97C004030002363632B6800287FF475AF626A44
:10B98C00991A002907DB218D013A0A44D31A002B9E
:10B99C0001DB03B0F0BD638B43F00203638303B0A0
:10B9AC00F0BDAEEB01000028B2DA48480068C0894F
:10B9BC00B4F86260A4F860008642666C38BFA4F8E4
:10B9CC006200701A0028C4E91531A8DAF343CB429F
:10B9DC0000F1D080236D5B1A002BC0F2CB80638BFF
:10B9EC00B4F84A2013F0040040F04D818E1BA4F8EB
:10B9FC0042006164B4F93C00B6B2E18F01EBE001A6
:10BA0C00A4F84010B4F84810914280F0FC8213F472
:10BA1C00006F638E0CBF0222012213FB02F39BB258
:10BA2C00B34294BFCA188A1993B28B4280F03D82FC
:10BA3C004FF6FF73A4F848302046D4E91B21FFF7DA
:10BA4C0097FEE16E024620672046FFF791FE002329
:10BA5C00226F2377B2FA82F3E0665B095B4223869E
:10BA6C00002800F025821A4B1988B4F864300B4476
:10BA7C00A4F86430638B19057FD5002A00F050823E
:10BA8C00D2685268E16C12BA521A002A75DB23F4A0
:10BA9C0000630A4F638371E0B4F86000F444A26D54
:10BAAC000244624500F0D680666B002E7FF43FAFF7
:10BABC0065E700BFB7E20020A4E10020A0E200206F
:10BACC00305000202C4A0020D0E10020D8E100208A
:10BADC0096E20020002EC0F2B880208D10EB0C0FE7
:10BAEC0001463FF502AF934200F0ED80626F002AF1
:10BAFC0000F01B82D2F80CC0DCF80410994200F064
:10BB0C00DA81581A0028C0F2468203F1FF3E16462D
:10BB1C001268002A39D0D2F80CC0DCF80410994213
:10BB2C0000F0CA81F0684068AEEB00000028EEDB44
:10BB3C00C81A0128EBD493480192FEF71DFE074664
:10BB4C0000283FF4D2AEF368296858683389019A0B
:10BB5C000344CB1A002BC0F23682114638463760AC
:10BB6C00FFF760FDC1E688480068C0898445BFF4D2
:10BB7C00D2AE1DE7204601F003FC844F666B002E0D
:10BB8C003FF46DAE824B1968D1E6C91A9142BFF6EB
:10BB9C00ACAEBCF80C30DB053FF5A7AE7948FEF730
:10BBAC00EBFD306000283FF4A0AEF2682B685168C2
:10BBBC0032890A449A1A002AC0F21482D5F800E09D
:10BBCC003A88D4F824C07244238DACEB0202DA42DA
:10BBDC007FF58BAE3068C2680192918911F4807F39
:10BBEC004FEA112207D002F03E0221F47C5152BAE6
:10BBFC000A4301998A81A3EB0E01614489B2018148
:10BC0C004068FEF789F933682968DA681B899289DC
:10BC1C0002F44072002A18BF0133228D11FA83F10D
:10BC2C003B80636A134499423FF45FAE594B4FF427
:10BC3C00E1625949594809F081F8002008F046FFA3
:10BC4C000120F8F791FF04F0E9FC638B43F0020349
:10BC5C0063834AE6228ED20B7FF426AF8E427FF4AA
:10BC6C0023AF94F84320FF2A00F0A1810132D2B215
:10BC7C00032A84F8432000F29A817FF415AF204602
:10BC8C0001F0F8FA7AE723F004038E1B61646383F6
:10BC9C00B4F93C10E38FA4F8482003EBE103A4F8BB
:10BCAC0040300023A4F86A30A4F84230B4F86A306B
:10BCBC001E44B6B2B34200F2ED80964280F0EC80A6
:10BCCC00A4F86A60B8E62F4B0193019BDA681B89D4
:10BCDC00968916F4407F4FEA162C40F0058183427A
:10BCEC003B8016D9019E70683181FEF715F9F36817
:10BCFC00208D9989338901F44071002918BF0133D3
:10BD0C0029683B8011FA83F3616A01448B4240F04D
:10BD1C007581666F002E00F00D81019BDB689B899D
:10BD2C00DA0540F18380336830466367FEF710FD17
:10BD3C00666F002EF7D139882B68208D01EB030C30
:10BD4C008842C4F824C0C0F06081411A2046218585
:10BD5C00FEF76EFC019A5368198919B110490B60F2
:10BD6C0000235360019BDB689B89D80504D50D4AE1
:10BD7C00137843F020031370676F002F00F081805D
:10BD8C00084E3DE030500020D8E10020A0E2002019
:10BD9C002C4A0020B8190020941A002070060020AC
:10BDAC0054E10020BBE2002061449445616200F242
:10BDBC002081A2EB0C02121A20462285FEF738FCD9
:10BDCC0079680A893AB19B4B1868002856D0FEF75F
:10BDDC002DF900227A60FA689289D10508D532785B
:10BDEC0042F020023270227D042A01D107222275F2
:10BDFC003A6838466267FEF7ABFC676F002F40D09D
:10BE0C00FA68606A516881423BD129609089B7F821
:10BE1C0008C010F44070228DC6D00CF10100014412
:10BE2C009042616200F2E5800120C2E7F068398837
:10BE3C002A683389D0F804E001EB020C7344ACEBB4
:10BE4C000303002B7BDB8389DB050AD5019AD168C0
:10BE5C008B89980505D443F480738B811389013346
:10BE6C003B8030463668FEF773FC002EDED13988F5
:10BE7C002B6801EB030C208D666761E76D4B196035
:10BE8C00A7E7638BDA0747D523F0010343F00203DE
:10BE9C0063837EE54FF6FF76638EB61A1344A4F8DF
:10BEAC006A609BB29342FFF4C3ADA4F84830C3E57B
:10BEBC00A4F86800D7E500265F48138901899942E8
:10BECC007FF613AD1368002B3FF40FAD0192FEF714
:10BEDC0053FC00283FF409AD019A002E7BD0306052
:10BEEC001146FFF79FFB00E501339BB283423B8079
:10BEFC007FF60FAF1CF0010F06D00CF03E0326F4BA
:10BF0C007C565BBA1E43968116F4007F00F1FF311C
:10BF1C0089B208BF0146E5E643F00103638338E5C7
:10BF2C0000283FF4B4ADC268ABE54348FEF724FCEF
:10BF3C006067DAE439882B6801EB030C00E7AEEBA1
:10BF4C000C03002B97DAAEEB0201019A89B2D3688D
:10BF5C0011819B899B0502D5013989B21181019A06
:10BF6C005068FDF7D9FF019AD36811899B8903F4B6
:10BF7C004073002B18BF0131F36889B23980D3F8B4
:10BF8C0004C02B680B4463453FF475AF2B4B40F258
:10BF9C0002622B494EE628480192FEF7EDFB002881
:10BFAC003FF4A3AC01996067FFF73CFB9DE4B4F848
:10BFBC004820638E13449BB29A4201D94FF6FF730B
:10BFCC00A4F848305BE6091A706889B23181FDF734
:10BFDC00A3FF019AC1E5606782E7184B4FF49162A9
:10BFEC00184927E65B1A706899B23181FDF794FF06
:10BFFC00E4E5124B40F2316213491BE60F4B40F261
:10C00C00D152124916E60A4650E60C4B40F20D622C
:10C01C000F490FE6094B40F29D520E490AE6074BB9
:10C02C0040F29B520C4905E6044B40F29A520B49E4
:10C03C0000E600BF54E1002030500020B819002069
:10C04C00CC1A0020481A0020281B0020941A00202B
:10C05C00081B0020841A0020741A0020641A002087
:10C06C002DE9F04F06468BB0564A82215648F8F718
:10C07C0087FD002E00F083847389544F7268132B54
:10C08C003A6005D830460BB0BDE8F04FFDF754BE12
:10C09C00DFF85C81D8F80010D8F81400FCF7DAFB54
:10C0AC000028EFD1D8F8143003F0F003E02BE9D0DE
:10C0BC003B689989C1F3031189001329E2D93389AB
:10C0CC008B42DFD3424BA1F11402424C18607089B1
:10C0DC002280884280F064823568002D00F08484D0
:10C0EC0014213046FDF7C0FD2388748930463A4A46
:10C0FC0021461D1B14800493FDF7B6FD3068ADB2CC
:10C10C004289AA42BED342682946314B1A60FDF7D8
:10C11C00ABFD3389049A23449B1A72899BB23381F9
:10C12C00002A40F0AC84326812899342934640F066
:10C13C00A284D7F800E0294ADEF804301BBA079332
:10C14C00CEF80430BEF802C01360DEF808309CFA5A
:10C15C009CFC234A1BBAAEF802C01FFA8CFC13607D
:10C16C000893CEF80830BEF80C301E4A190ABEF8F7
:10C17C000E305BBAAEF80E30BEF800305BBA1FFA68
:10C18C0083F9AEF8003001F03F03059313708B0771
:10C19C0040F00E82144B0693A3F800B0134B1B68AF
:10C1AC000493002B00F0F780CDF824E00022B64673
:10C1BC00D8F80400D8F810500E46049CD8F814A0F7
:10C1CC001EE000BF402B0020B8190020D8E1002051
:10C1DC00DCE100209EE200209CE20020A4E1002093
:10C1EC002C4A0020B7E20020A0E20020C0E1002091
:10C1FC0040500020E3682246002B00F0CA801C4609
:10C20C00237D002B00F05E830A2B00F04D83012B65
:10C21C0000F05C83217A29B190F840300133DBB215
:10C22C009942E7D1238B4B45E4D1E38A6345E1D1B5
:10C23C006368AB42DED123685345DBD1E3683146FA
:10C24C007646DDF824E0A34200F01D843AB1D360B9
:10C25C00884B1C60049BA342E36000F0C083002366
:10C26C00854ADFF834821360844D854AC8F8003063
:10C27C002B7013800B07A8F808B0C8F80CE0C8F8AE
:10C28C00046003D5737B43F001037373A36F7BB11D
:10C29C002046FFF767F80D3000F0D381A36F23B170
:10C2AC00069B1B88002B40F0CC81764B1B780593AA
:10C2BC00059B754E5807346040F19881277D022FFD
:10C2CC0000F0EB82714B626A19688A4200F0BF8100
:10C2DC00881A2B78002803F0080307DB521A218DEB
:10C2EC00D14203D4628B42F002026283002B40F0F5
:10C2FC00B981634B1A8852B1D4F8803023B12146EE
:10C30C00206998470D3036D000235D4A13802046B3
:10C31C00FFF708FA00282ED1574B1A68BAB1A36F51
:10C32C00002B40F06583638B13F0100340F03783D0
:10C33C00D4F88470002F00F0838321462069B8471D
:10C34C0010F10D0F17D010B14B4B1B68A3672B7856
:10C35C009B0607D5A36F002B00F028835A7B42F075
:10C36C0020025A73002320463360FFF7DBF910B923
:10C37C00204601F04BF800243F4BD8F80400346001
:10C38C001C6018B1FDF7D8FCC8F804400BB0BDE830
:10C39C00F08F314676463E4A106800283DD0D8F8DA
:10C3AC000440D8F8105002E0C068002835D0037D56
:10C3BC000A2B40F0E882027A2AB194F8403001331B
:10C3CC00DBB29A42F0D1038B4B45EDD1C38A634566
:10C3DC00EAD14368AB42E7D10268D8F814309A42EC
:10C3EC00E2D14F073FF54EAE069B8D071A8840F100
:10C3FC00CF82416A079B5C1A002C04DBC91A048D9E
:10C40C00E14240F12283002A3FF43CAE438B43F0DF
:10C41C000203438300F0FAFF34E61E4B1C68002C29
:10C42C0000F0AC80D8F814208A46D8F80430A34623
:10C43C000492864622460596014604461D46049EF5
:10C44C00099303E0D368964643B31A46107A28B191
:10C45C0095F840300133DBB29842F3D1D38A63456F
:10C46C00F0D11368B34200F0AD80002B04BF7146CD
:10C47C001446E7E7C0E1002054E10020BBE20020B5
:10C48C0096E20020B7E20020C8E10020A4E10020E1
:10C49C00D4E10020CCE10020305000202546084695
:10C4AC005C465146059E002D68D020B1EA68994B38
:10C4BC00C2601D60EC6048073FF5E4AD11F010035D
:10C4CC009A4640F085808A077FF5DCAD687DFEF7E3
:10C4DC005DFD0446002800F0D4803968D8E90432A8
:10C4EC00804648F8042B43608B4B0A781B684978CC
:10C4FC00013342EA0122E98A4362C3620323C18207
:10C50C0002830375FEF7BEFF834BA0651B68206595
:10C51C00013B6064E06563652B69E56723616B7AB9
:10C52C007E4A03F00C0363722B7A23721368146037
:10C53C00E36001F09FFA7A4B012220461A70FFF754
:10C54C00B1F83B684046658EDA89534662F30F03B7
:10C55C0062F31F432366FBF761FF42460146284600
:10C56C00FEF7AEFF12216086204600F01BFD00286E
:10C57C0040F09180204600F049FF83E54C073FF5E1
:10C58C0081AD069B0899CDE901C91A88079BD8F89B
:10C59C0004001A44634B0093043300F0C9FE71E5A8
:10C5AC00614B30461A80FDF75FFB33899B46C0E533
:10C5BC000BF101025D4892B206905A450280BFF41D
:10C5CC00EDAD5FE551465C46059E154670466CE741
:10C5DC00069BCDE901C91A88079B1A44514BDDE92A
:10C5EC0008100093043300F0A3FE4BE5059A638B0F
:10C5FC00910704D5227D023A012A00F2B881DA06AD
:10C60C0002D44B4B1B68236200232046A4F89A30BB
:10C61C00FFF748F8474B1A78237D12F002003FD001
:10C62C00991E012909D8032B40F0C0803A4B1A6897
:10C63C00636A013B934200F042822B7803F00803BB
:10C64C0054E6638D002B00F096813B4E93E6002F51
:10C65C0000F01E822B7843F008032B70638B23F0C1
:10C66C0001036383D4F890301BB16FF00D01206986
:10C67C00984721462948FEF75FFB2046FDF7CCFF83
:10C68C0079E6AB69002B3FF4FDAC01464FF0FF326D
:10C69C0028699847F6E451462046FEF7B7FBF1E4CB
:10C6AC00023B072BC9D8DFE803F081BAAA664BAA74
:10C6BC0015042046FFF7C6F81E4B1A782B78D206C5
:10C6CC0005D51E4A216D1268914200F0308203F0AC
:10C6DC0008030BE62046FFF7B5F8164B1B78D90676
:10C6EC00ABD5164B226D1B689A42A6D1E36E002B7C
:10C6FC00A3D12046FEF770F8084B1B68A34200F04C
:10C70C003A82002B00F00382DA68A24200F0FD812D
:10C71C001346F6E7CCE10020A4E10020C0E10020A4
:10C72C00BFE20020505000209CE20020A0E200203C
:10C73C00D0E10020B7E20020C8E100202C4A002004
:10C74C002046FFF77FF82B789806C0D5638B2046E0
:10C75C0043F002036383FEF73FF8A84B1B68A34228
:10C76C0000F00982002B00F0D281DA68A24200F0BE
:10C77C00CC811346F6E72046FFF764F8A04B1A78F5
:10C78C002B7802F010029F0640F18781618B41F0FB
:10C79C0002012AB19B4A1068226D824200F0CF81BF
:10C7AC00082203F00803618322759FE5D3067FF509
:10C7BC0044AF944B3F681968934B1B6820B1626C73
:10C7CC0001328A4200F08680069A204612881A446A
:10C7DC003B8802937B8801938C4B0093043300F0CD
:10C7EC0089FD94F84230052B3FF627AF00232046F5
:10C7FC00238600F0E3FF2B7803F0080376E5204650
:10C80C00FFF720F82A7802F0080392067FF56EAD48
:10C81C00628B42F0020262830722227566E5D00623
:10C82C007FF50BAF774B1968636CDB43CB4200F1A0
:10C83C004D81236D5B1A002BC0F2488104232375B4
:10C84C00E36F002B00F0AE809F69002F00F00A818F
:10C85C00002221462069B847002840F0BC802046C1
:10C86C00FEF7F0FF6A4A13880BB1013B1380628E0E
:10C87C0041F21C1153008B42184638BF0846B0EBEE
:10C88C00820F40F2F48093002A78A4F84830910685
:10C89C0002F008037FF52AADBAE75A4B226D1B68EC
:10C8AC009A423FF4D7AEC8E65A4BFC225A495B4831
:10C8BC0008F044FA002008F009F90120F8F754F9BF
:10C8CC0003F0ACFE534BFB225549F0E7514BFD22D4
:10C8DC005449ECE762645A1C013B6262E262FA89D9
:10C8EC006365002362F30F0362F31F432366042383
:10C8FC00E7182375638E38460493FBF78FFD3A4691
:10C90C0001460498FEF7DCFD41F21C1243006086E0
:10C91C009342194638BF1146B1EB800F40F2228189
:10C92C008300B4F86670A4F84830002F00F0E8805B
:10C93C00013FA4F86670276F002F00F0DB803B6886
:10C94C0023673846FDF704FF236F002B00F0CF80E0
:10C95C00002384F842302386D4F8883033B1002287
:10C96C002146206998470D303FF405AD638B43F0A9
:10C97C000203638361E6204600F002FD65E6254B69
:10C98C008322294993E7234B40F21F1227498EE754
:10C99C00CC077FF538AD264B1B68036233E5104698
:10C9AC00FDF7CAF92046FEF7EDFAE4E4238D41F2D7
:10C9BC00D062934201D001332385D4F88470002FC8
:10C9CC003FF4D0AC0023214620691A46B8470D30FD
:10C9DC007FF4C8ACCFE40D303FF4CDACE2E70D4BA7
:10C9EC0040F21512134962E70A4BC22212495EE764
:10C9FC00084B4FF4F372114959E700BFC0E1002016
:10CA0C00B7E200202C4A0020A4E100205050002066
:10CA1C0096E20020B8190020C81B002070060020E8
:10CA2C00A01B0020F41B00204C1B0020741C0020B9
:10CA3C00D0E10020481C0020641B0020101D0020A9
:10CA4C003B462146FEF75EFC7AE41A444C4B0899AF
:10CA5C0000930433CDF80890CDF804C000F04AFCE4
:10CA6C00FFF710BB474B4FF46E7247491FE78B42E1
:10CA7C0038BF0B4608E7434BE022444917E7414BCC
:10CA8C00DF22434913E73F4B40F20D1241490EE7B9
:10CA9C003C4B40F23B32404909E703F00803002AC3
:10CAAC003FF424AC3D4A216D126891427FF41EACD8
:10CABC00E26E002A7FF41AAC0622227516E4204698
:10CACC0000F086FB2B7803F008030FE4069A3B6812
:10CADC001088334A126802441888029020465B88FA
:10CAEC000193274B0093043300F004FCA5E54FF0B1
:10CAFC00FF3330E7E76E002F38D03B68E36620E762
:10CB0C00204B40F277322749D1E6E268DA60264BB7
:10CB1C000A2222751A681C60E2600122234B1A70EB
:10CB2C0000F0A8FF2B7803F00803FFF7DFBBE26EE1
:10CB3C00002A7FF4CCAD43F010022A70C7E5E26EF8
:10CB4C00002A7FF42DAE20466183FDF745FE184B7D
:10CB5C001B68A3420FD0002BD9D0DA68A242D4D0E4
:10CB6C001346F8E7934238BF1346DAE6054B40F21A
:10CB7C007F3210499BE6E3680D4A1360C7E700BF9C
:10CB8C0050500020B8190020F01C0020801B002001
:10CB9C00741B00201C1C0020A41C00202C4A00200C
:10CBAC00A4E10020C41C0020D4E10020BFE200203E
:10CBBC00C0E10020DC1C0020024A137843F0100373
:10CBCC0013707047BBE200202DE9F04383B006469A
:10CBDC009DF8284000284BD004200191904699469E
:10CBEC00FCF7DAFB0199054680B38472A4000B892B
:10CBFC00002704F0040441600760A3422AD31B1BE6
:10CC0C00038108461421FCF7F7FFD0B96968A40228
:10CC1C00B6F816C099FA89F3496804F5A044E9609E
:10CC2C0048EA0402348B4B609CFA9CF352BA887429
:10CC3C000B8063BA8A81C8744B80284603B0BDE868
:10CC4C00F0832846FDF784FD0025F6E70846FDF73E
:10CC5C0073F8F9E70D4BB3220D490E4808F06EF846
:10CC6C00384607F033FF0120F7F77EFF03F0D6FCC0
:10CC7C00064BA6220849074808F060F8304607F032
:10CC8C0025FF0120F7F770FF03F0C8FC2C1D0020D6
:10CC9C00981D002070060020781D002014312DE90D
:10CCAC00F84389B20746904624204FF420729946E7
:10CCBC00BDF820509DF82440BDF82860FDF7A6F87B
:10CCCC00C0B14389132B17D944F4A041426899FA97
:10CCDC0099F495FA95FE49BA97FA87FC73BA1480C1
:10CCEC0091810021A2F802E0C2F80480C2F808C0C9
:10CCFC00D3811161BDE8F883074B40F227720749D5
:10CD0C00074808F01BF8002007F0E0FE0120F7F7B9
:10CD1C002BFF03F083FC00BF2C1D0020B01D002056
:10CD2C007006002070B5044686B00D46164620B33A
:10CD3C00007AB0B918460593FBF770FB059AB0B1B1
:10CD4C00E37AA47A00940624029031460194284692
:10CD5C00FBF768FD04462846FCF7EEFF204606B0BC
:10CD6C0070BD0593FCF7B2FC059A0028E8D1284663
:10CD7C006FF00304FCF7E0FFF0E718460593FBF7B0
:10CD8C004DFB0028F3D0FF23059ADBE72DE9F84390
:10CD9C00BDF82050BDF8246012B383B30746884613
:10CDAC004FF4207214212420FDF730F8B0B14389E0
:10CDBC00132B29D9436896FA96FC98FA88F239BA5B
:10CDCC0095FA95FEA3F802C09A600022DFF858C0CD
:10CDDC00A3F800E05960C3F80CC01A61BDE8F883F1
:10CDEC000C4B40F2C4720C490C4807F0A7FF002012
:10CDFC0007F06CFE0120F7F7B7FE03F00FFC054BB4
:10CE0C0040F2C5720649EFE7024B40F22772054922
:10CE1C00EAE700BF2C1D0020E01D0020700600205A
:10CE2C00FC1D0020B01D00205014D0162DE9F04739
:10CE3C00054684B0002800F0A080C46E002C00F0E1
:10CE4C008A800F46002900F0898026898E4274D989
:10CE5C00438E8B42C0F09680A37AA6EB01084FF468
:10CE6C00207238209A469B001FFA88F803F00403BE
:10CE7C0003EB0801039389B2FCF7C8FF8146002835
:10CE8C0069D0039B6068D9F804102289194403897E
:10CE9C009B1A42463B449BB2FDF7BEF9404557D125
:10CEAC00E1688B891B0A13F008024AD103F03F0892
:10CEBC0018F0010F03D008F0FE0842F001024B6895
:10CECC0028464946CDF800A01BBA3B44FFF77CFE30
:10CEDC00814600283FD06068BE1BFDF791F8626860
:10CEEC00B5F8663011891B1A10463144A5F8663026
:10CEFC0089B2FDF711F8228998FA98F36068164404
:10CF0C00E268268191890B439381FDF779F8B5F896
:10CF1C0066300344D9F80400A5F86630FDF770F8C4
:10CF2C00B5F8663018442368A5F86600C9F80030D7
:10CF3C00C4F80090D9F800303BB1002004B0BDE833
:10CF4C00F08703F037080822B2E7A5F86830F4E759
:10CF5C004846FCF7F1FE4FF0FF30EFE70C4B40F288
:10CF6C0056320C490C4807F0E9FE002007F0AEFDE4
:10CF7C000120F7F7F9FD03F051FB054B40F24E325F
:10CF8C000649EFE7024B40F25E320549EAE700BF83
:10CF9C002C1D00203C1E002070060020181E0020B6
:10CFAC00601E0020F0B511F0030685B078D0044661
:10CFBC00002870D0C1F340070D4601F002064FF473
:10CFCC002072B90038200391FCF720FF0399002848
:10CFDC0046D043898B4268D3014600972A46E36DBD
:10CFEC002046FFF7F1FD00283AD0C36813F0030781
:10CFFC004CD10389002B3AD1E36E3BB31A461B6824
:10D00C00002BFBD11060002305F00105A4F868305B
:10D01C00B6B935B1E36D0133E365638B43F020039F
:10D02C0063834068FCF7ECFFB4F86630184480B2B8
:10D03C00A4F8660010B1206F50B1002005B0F0BD0F
:10D04C00E36D0133E365002DEBD0E6E7E066DAE74C
:10D05C00E46E002CF2D1174B40F2694216490AE0FB
:10D06C00638B4FF0FF3043F080036383E6E7114B93
:10D07C0040F247421149124807F060FE002007F0C9
:10D08C0025FD0120F7F770FD03F0C8FA094B40F2BB
:10D09C0046420C49EFE7074B40F215420A49EAE7D2
:10D0AC00044B40F213420949E5E7024B40F23D4282
:10D0BC000749E0E72C1D0020681F00203C1F0020C2
:10D0CC0070060020241F0020C81E0020701E0020A7
:10D0DC00E81E0020C0B1C36E43B11A461B68002B7A
:10D0EC00FBD1D1688A8912F4E06F02D00121FFF7DD
:10D0FC0059BFB0F81AC042F480724CF0200C8A81EF
:10D10C00A0F81AC01846704710B50446074B40F2F9
:10D11C00EF320749074807F011FE204607F0D6FC0E
:10D12C000120F7F721FD03F079FA00BF2C1D002038
:10D13C00901F002070060020002831D0D0F870C05D
:10D14C00BCF1000F0ED06246D2E90031897B3BB1B5
:10D15C00012907D11A46D2E90031897B002BF7D17E
:10D16C00012903D06FF0050318467047C16E11609A
:10D17C00418BC0E91BC341F40061D2F80CC0128989
:10D18C004183DCF80410BCF80CC009BA43630CF4FE
:10D19C00407C9C4518BF01320A44C2641846704753
:10D1AC0010B50446074B40F267620749074807F081
:10D1BC00C5FD204607F08AFC0120F7F7D5FC03F0EB
:10D1CC002DFA00BF2C1D0020AC1F00207006002083
:10D1DC0010B5002838D0D0F870E0BEF1000F2CD07C
:10D1EC00DEF804309B7B012B27D1DEF8003000F1F8
:10D1FC006C0CC26E03676AB1DEF80C30596809BA60
:10D20C0002E0944612682AB1D3685B681BBA5B1AB9
:10D21C00002BF6DBCEF80020CCF800E0DEF8003076
:10D22C007BB190F84230FF2B02D0013380F84230B2
:10D23C0000231A464363104610BD6FF005021046DA
:10D24C0010BDA0F86830ECE70446074B40F2C5620D
:10D25C000649074807F072FD204607F037FC01200D
:10D26C00F7F782FC03F0DAF92C1D0020D01F002008
:10D27C007006002010B5044630B3036F13B1438B16
:10D28C005B0700D510BDFFF7A3FF0028FAD1B4F857
:10D29C006030B4F84810628E8B4228BF0B465B108E
:10D2AC00B3EB420FA4F84A3002D25300A4F84A3030
:10D2BC00618B02EB42020020134441F004022086F1
:10D2CC00A4F84830628310BD074B40F2FD62074959
:10D2DC00074807F033FD204607F0F8FB0120F7F76D
:10D2EC0043FC03F09BF900BF2C1D0020E81F00201D
:10D2FC007006002030B585B0054608461146BDF8CD
:10D30C0024201C46089B0092BDF828200393019210
:10D31C002246FFF73BFD40B10146039B22462846BF
:10D32C0005B0BDE83040FFF7FDBC05B030BD00BF17
:10D33C00F0B585B09C460A9EBDF82CE0BDF83030A7
:10D34C00D8B107460846114662466546CDE900E36A
:10D35C003346FFF71BFD044678B12946002306250A
:10D36C0032460297CDE90035FF23FBF75BFA2046E6
:10D37C0005B0BDE8F040FCF7DFBC05B0F0BD00BF68
:10D38C0010B5044684B060B3026D1023418D008B40
:10D39C0012BACDE901310021E38A0090606AFFF7EF
:10D3AC007DFCB0B1B4F82AC0231D626A0146204648
:10D3BC006244E2622246FFF7B5FC638B20B923F08E
:10D3CC000303638304B010BD43F00303638304B011
:10D3DC0010BD638B6FF0010043F00303638304B053
:10D3EC0010BD074B4FF403620649074807F0A6FC33
:10D3FC00204607F06BFB0120F7F7B6FB03F00EF9A4
:10D40C002C1D002008200020700600202DE9F04F74
:10D41C00044687B09E4A40F2E3419E48F7F7B0FBC2
:10D42C00002C00F09781257D012D00F08E819A4B08
:10D43C001B68A34231D0E56E2DB3207AB4F8488036
:10D44C00B4F86060002840F05381201DFAF7E6FF25
:10D45C008146B9F1000F00F06181B045236828BF07
:10D46C00B04613B9D9F800302360EB68606C298999
:10D47C005A68081A12BA8618464512D9B4F86030A0
:10D48C00434500F02381B4F81AE01EF0020F40F07F
:10D49C0017812EF0800EA4F81AE0002007B0BDE82A
:10D4AC00F08F002684F89960266F002E00F01E8104
:10D4BC0037463668002EFBD1CDF810900026B946C1
:10D4CC00DFF8D8B12F461D461044404500F21A81B2
:10D4DC00B5F80CC01CF4806F40F02381236F6BB146
:10D4EC00B4F81AE01EF0440F08D1E36E0593002B3C
:10D4FC0000F0BB801B68002B00F0B080237D022B5A
:10D50C0000F093804CF4805C7868A5F80CC0837BA9
:10D51C00012B31D03868E066638B23F003036383FF
:10D52C00AD89236D15F4407F73D18D185B1B002BD7
:10D53C001ADBE1B1236F3E60002B74D0D9F80C10CC
:10D54C00496809BA511A0029C0F2AA80C9F80070BA
:10D55C00B9460746002F00F0CF80FD68606C6A6802
:10D56C00398912BA081AAFE725650029E2D1384685
:10D57C00FDF7EEF8E76EEDE7636A628D19BA1344B6
:10D58C0052BAA960EA81E362BB7A13F0010353D16A
:10D59C0005F11402B4F930100029616BB8BF26866E
:10D5AC0029B9DBF800106163696809BAA163002B23
:10D5BC0043684189A5EB03034560A1EB030141815D
:10D5CC000189A1EB030303810CBF142318232E74D0
:10D5DC006E742B449A4240F0B380049B221D21466A
:10D5EC00029306230193A37A0093E37AFBF71AF9CB
:10D5FC00002840F08E80FD68237D6A683868022B15
:10D60C00398912BAE06687D1AD89236D15F4407F54
:10D61C008BD0114401315B1A002B8BDA236F2165FF
:10D62C003E60002B8AD1276792E77868837B012BB9
:10D63C00A2D03868E06673E7221D049940F2B4501A
:10D64C00FDF73EFF40F0017005F1180200BA686169
:10D65C00BB7AFD6803F0010378689BE7059B1B8987
:10D66C001846638E9842BFF449AFB4F86430002B6F
:10D67C003FF444AFB4F866300F2B3FF63FAF1EF0CB
:10D68C00A00F7FF43BAF059800287FF402AF35E084
:10D69C004C2B00202C1D0020C8E10020D0E10020E4
:10D6AC0004F17000D968496809BA891A002903DAAB
:10D6BC0018461B68002BF5D13B600760E76E49E705
:10D6CC00204607B0BDE8F04FFFF75ABE236F002B82
:10D6DC007FF4D9AE94F89930002B7FF4D4AE4FF48C
:10D6EC00807284F89A30A4F89820CCE63746E3E6AA
:10D6FC00FBF7ECFF8146ACE6B4F81AE00023A4F883
:10D70C006830C6E6E06EB4F81AE000287FF4C1AECB
:10D71C00F4E7638B43F080036383BFE66FF0030091
:10D72C00BCE60F4B40F23A520E490F4807F006FB8D
:10D73C00002007F0CBF90120F7F716FA02F06EFF84
:10D74C00074B4FF4C4620949EFE7054B40F2E7423F
:10D75C000749EAE7024B40F2E5420649E5E700BF1C
:10D76C002C1D002068200020700600208020002046
:10D77C00402000202820002040B190F84230FF2BA0
:10D78C0002D0013380F84230FFF740BE10B504469A
:10D79C00074B40F29C620749074807F0CFFA204636
:10D7AC0007F094F90120F7F7DFF902F037FF00BF1B
:10D7BC002C1D0020942000207006002010B504467B
:10D7CC0078B1FFF7B9FC00B110BD94F84230FF2BD3
:10D7DC0002D0013384F842302046BDE81040FFF7F8
:10D7EC0015BE074B40F2B1620649074807F0A6FA8E
:10D7FC00204607F06BF90120F7F7B6F902F00EFF9F
:10D80C002C1D0020B82000207006002010B5044606
:10D81C0084B000B3026D1023418D013A008B12BA13
:10D82C00CDE901310021E38A0090606AFFF736FAF6
:10D83C0068B1B4F82AC00146626A231D20466244CE
:10D84C00E262224604B0BDE81040FFF76BBA4FF01D
:10D85C00FF3004B010BD074B40F66A02064907487A
:10D86C0007F06CFA204607F031F90120F7F77CF944
:10D87C0002F0D4FE2C1D0020D420002070060020C5
:10D88C00F0B5044685B0002865D0C56E002D5BD080
:10D89C0090F89A30FF2B02D0013380F89A30EB6865
:10D8AC009A89D20530D45A681023618DCDE90131A3
:10D8BC00218BE38A00910121606AFFF7EFF906469C
:10D8CC00002844D0638D626A71681344E36268680F
:10D8DC001431B5F808C001220389A3EB0C039BB2E9
:10D8EC00FCF79AFCEB683146226D20465B681BBA4C
:10D8FC000133D21A002A2246B8BF2365231D05B076
:10D90C00BDE8F040FFF70EBA5A68638D298902937F
:10D91C0010230F4600390193238B18BF012100936C
:10D92C00E38A606AFFF7BAF9064680B1628D636AD2
:10D93C0041681344E362002FC9D18B8923F47C53D3
:10D94C0043F488538B81CDE7284605B0F0BD4FF0EA
:10D95C00FF3005B0F0BD074B40F69502064907486D
:10D96C0007F0ECF9204607F0B1F80120F7F7FCF8C6
:10D97C0002F054FE2C1D0020F02000207006002028
:10D98C0030B583B005460820CDE90021FBF704FD36
:10D99C000446DDE9002198B1002381600F49C26083
:10D9AC00C0E900350B681BB907E019461B681BB1B1
:10D9BC005A68AA1A002AF8DA23600C6003B030BD4A
:10D9CC00074BBE220749084807F0B8F9204607F074
:10D9DC007DF80120F7F7C8F802F020FEBC8000208B
:10D9EC0014210020602100207006002000B583B0B7
:10D9FC00436801909847F7F72BF9019A074BD2F837
:10DA0C0000C01B686344191A00290549B4BF60445F
:10DA1C00184603B05DF804EBFFF7B2BF304B0020A3
:10DA2C00DDB1000008B5FDF71DFD0C4B1B6873B193
:10DA3C000B4A40F227110B48F7F7A2F8F7F708F951
:10DA4C0000220949FA30BDE80840FFF799BF074B9F
:10DA5C001B68002BECD1064A136008BDC0E1002006
:10DA6C00BC2C00201421002015B20000D4E10020B1
:10DA7C00E0E10020114AA821114808B5F7F780F819
:10DA8C00104B1A68CAB9104A126892B14FF0010CC7
:10DA9C000E4A40F227110A48C3F800C0F7F770F895
:10DAAC00F7F7D6F800220A49FA30BDE80840FFF72C
:10DABC0067BF084A1268002AE8D108BDD42C0020A0
:10DACC0014210020E0E10020C0E10020BC2C00204B
:10DADC0015B20000D4E1002070B5134C04F13806E7
:10DAEC00256840F22711114A1148F7F749F8B5F1AA
:10DAFC00804F0AD2F7F7ACF8224608340D49284477
:10DB0C00FFF73EFFB442EBD170BD094B40F2291236
:10DB1C0009490A4807F012F9002006F0D7FF012046
:10DB2C00F7F722F802F07AFD602F0020BC2C0020C1
:10DB3C0014210020DDB10000A0210020700600207F
:10DB4C0070B504460D46164640F227110F4A104890
:10DB5C00F7F716F8B4F1804F08D2F7F779F8324698
:10DB6C0029462044BDE87040FFF70ABF084B40F23D
:10DB7C0029120849084807F0E1F8002006F0A6FF32
:10DB8C000120F6F7F1FF02F049FD00BFBC2C00208C
:10DB9C0014210020A02100207006002038B5114A65
:10DBAC0004460D46104840F24111F6F7E9FF0F48C4
:10DBBC00016899B1002203E00B680A4619466BB163
:10DBCC008B68A342F8D1CB68AB42F5D10B6832B16C
:10DBDC0013600820BDE83840FBF7F2BB38BD03608A
:10DBEC00F7E700BF6C2C002014210020BC80002023
:10DBFC002DE9F8431E4A40F267111E48F6F7C0FFA4
:10DC0C001D4EF7F725F81D4C05461D4F10E02168F9
:10DC1C00B1B14B68EA1A002A16DB0A6808203B608F
:10DC2C002260D1E90289FBF7CBFBB8F1000F1CD1C4
:10DC3C003378002BEBD0FBF777FF21680029E8D174
:10DC4C004FF0FF30BDE8F883581BFBD5094B4FF460
:10DC5C00BD720C490C4807F071F8002006F036FF35
:10DC6C000120F6F781FF02F0D9FC4846C047DFE7F8
:10DC7C00DC2B002014210020BAE20020BC80002004
:10DC8C00304B0020D82100207006002008B5F6F794
:10DC9C00A1FF024B024A0343138008BD00C0FFFFE3
:10DCAC007C3A00202DE9F04F044685B089467D4A28
:10DCBC00CD217D48F6F764FF002C00F0EB80B9F124
:10DCCC00000F00F0EB806389072B40F2A680774FA2
:10DCDC00666839687869FAF7BDFD754B8046D7F8E8
:10DCEC0014C0196800297CD072880B463588002036
:10DCFC0052BAD7F804E06DBA4FF0000B92B2ADB245
:10DD0C00CDE90241414604E0DC681846002C63D0A2
:10DD1C002346B3F812809045F6D11C7A3CB19EF89C
:10DD2C00408008F101085FFA88F84445ECD11C6882
:10DD3C0000293FD054B1BCF1FF3F00F0828084EA4F
:10DD4C000C08D9F8046018EA060FDDD193F810A07E
:10DD5C001AF0040F08D1BBF1000F37D0BCF1FF3F14
:10DD6C0077D0002C18BF9B46B3F81480A845CBD1B4
:10DD7C005C6814B13E69B442C6D1DDE902410028A9
:10DD8C0071D04B4A1E461360DA68C260D960082114
:10DD9C002046FBF769FF00286DD133461E6A002E22
:10DDAC003BD0586A19462246424B0095B04705B005
:10DDBC00BDE8F08F002C36D06445A5D193F810A0A7
:10DDCC001AF0040FD0D1BBF1000FCAD1B3F81480F4
:10DDDC009B46A84598D1CBE75E46029C8846002E10
:10DDEC00D5D1D9F80030634517D108212046FBF76F
:10DDFC003BFF00283FD1B8F1000F0ED17B6903F037
:10DE0C00F003E02B09D0B9892046083109B2FBF7A1
:10DE1C0059FF0321204601F0B1FE204605B0BDE8B4
:10DE2C00F04FFBF789BF93F8108018F0040F9BD1CB
:10DE3C00B3F814808B4508BF9B46A8457FF464AFAC
:10DE4C0096E793F810A01AF0040F8DD1BBF1000FD8
:10DE5C00BCD0D9F80080DBF80060464584D0A045E2
:10DE6C0008BF9B4680E7082120460293FBF7FCFE87
:10DE7C00029B002892D00C4B4FF4B8720E490F48FD
:10DE8C0006F05CFF002006F021FE0120F6F76CFE88
:10DE9C0002F0C4FB044BCF220949F0E7024BD0221D
:10DEAC000849ECE7B02D0020EC2100204050002068
:10DEBC0074E20020505000206822002070060020E0
:10DECC00342200204C220020F8B50F46154604469B
:10DEDC00394A4FF46B713948F6F752FE002F3BD09C
:10DEEC00002C63D0364ED6F800E0BEF1000F2AD0DD
:10DEFC00704601E0C06810B18442FBD10120002DB6
:10DF0C002DD03F68734601E0DB68BBB19C42FBD06F
:10DF1C00617A490702D55A7A5207F5D45A8AAA422D
:10DF2C00F2D11A68002A18BFBA4201D0002FEBD1E7
:10DF3C006FF00700F8BD3F68ACF8005027606582B1
:10DF4C0028B10020F8BD4DB13B68658223600020EC
:10DF5C00C4F80CE03460F5E71A4FC1E77046DFF8FF
:10DF6C0068C04FF6FF72BCF80030934218D00133F2
:10DF7C009DB2BEF1000FDED04FF48041734602E03B
:10DF8C00DB68002BD7D05A8AAA42F9D1013989B261
:10DF9C0079B14FF6FF739D4205D00135ADB2EDE777
:10DFAC004FF44045E5E74FF44045E7E76FF00F00CD
:10DFBC00F8BDACF80050BBE7602D0020EC21002030
:10DFCC0074E20020502F00207C3A00202DE9F04113
:10DFDC0086B00E4617460446494A40F2CF214948BE
:10DFEC009846F6F7CDFDDDE90C23002A18BF002B6F
:10DFFC000CBF01220022002F08BF42F00102002EAC
:10E00C0008BF42F00102002A65D1002C63D0628A5D
:10E01C00002A3FD032894FF6F7739A425ED8082116
:10E02C003046FBF7E9FD002846D135466B89072BB6
:10E03C0057D9618A98FA98F26B6849BA5A800022CB
:10E04C0019809A71DA712A89207C51BA3A680007D2
:10E05C0002F0F0021AD4E02A99802BD0E37A0C9AC1
:10E06C0011200D990292A27A0190284600923A460C
:10E07C00FAF7C4FBB542034604D005902846FBF7DB
:10E08C005BFE059B184606B0BDE8F081E02A0CD07B
:10E09C009980E3E721462046FFF716FF0346002848
:10E0AC00B8D0184606B0BDE8F0816A7B42F0040295
:10E0BC006A739980637FD2E74FF420720821242081
:10E0CC00FBF7A4FE054648B13389002BAED0314690
:10E0DC00FBF7F0FFAAE76FF00F03D3E74FF0FF3326
:10E0EC00D0E7084B40F20D320749084806F026FEEF
:10E0FC00002006F0EBFC0120F6F736FD02F08EFA5C
:10E10C007C2D0020EC2100208422002070060020B1
:10E11C0010B582B0DDF810E0BEF1000F18BF002A78
:10E12C000CBF4FF0010C4FF0000C002908BF4CF055
:10E13C00010CBCF1000F16D1A8B1D0F800C0BCF195
:10E14C00000F06D1F446CDE900ECFFF73FFF02B01B
:10E15C0010BD0CF0F004E02CF4D0DEF80040A44527
:10E16C0004D18446EFE76FF00F00F0E76FF0030087
:10E17C00EDE700BF002A18BF00294ED000284CD074
:10E18C0030B50446007A87B080BB106800F0F00010
:10E19C00E02817D1207F98BBA06998B1DFF888C020
:10E1AC00DCF80050A8420DD004F118000391CDE921
:10E1BC000423FAF733F984460399DDE90423BCF10F
:10E1CC00000F0CD110460392CDE90413FAF726F98F
:10E1DC00059B8446DDE90321BCF1000F20D02046CD
:10E1EC00CDF800C0FFF794FF07B030BDCDE9042394
:10E1FC000391FBF76BFA059B8446DDE90312EBE711
:10E20C00CDE904230391FBF761FA8446059BDDE914
:10E21C000312BCF1000FE2D1D4E76FF00F0070478E
:10E22C006FF00300E0E700BF542F002070B50D46DF
:10E23C000446164640F23741134A1448F6F7A0FC40
:10E24C00FDB1F4B1628AAAB12A68237C104943F06B
:10E25C00040362600A68A68223743AB1134601E093
:10E26C00DB681BB19C42FBD1002070BD0020E2603A
:10E27C000C60FAE721462046FFF726FE0028E3D083
:10E28C0070BD6FF00F0070BD0C2D0020EC21002034
:10E29C0074E2002070B504460E46154640F28C41DF
:10E2AC00034A0448F6F76CFC0CB1C4E9086570BD70
:10E2BC00C82C0020EC21002010B50446104A40F276
:10E2CC00A3411048F6F75CFCCCB10F4A1368A3428B
:10E2DC000DD033B11A46DB681BB1A342FAD1E36807
:10E2EC00D36021460120BDE81040FBF769B8E36814
:10E2FC00214601201360BDE81040FBF761B810BD4A
:10E30C007C2C0020EC21002074E2002000B50C4A8B
:10E31C0083B040F2CB410B48F6F732FC0120FBF7FF
:10E32C003BF8034640B128220021019006F0D2FEB2
:10E33C00FF22019BDA725A77184603B000BD00BF6A
:10E34C00F02B0020EC21002000B50F4A83B040F2E6
:10E35C00F2410E48F6F714FC0D4A40F2CB410B4843
:10E36C00F6F70EFC0120FBF717F8034640B1282204
:10E37C000021019006F0AEFEFF22019BDA725A7763
:10E38C00184603B000BD00BF582B0020EC21002024
:10E39C00F02B002010B1026801B102B970470B6874
:10E3AC00002BFBD0084B1B68002BF7D010B400E0FF
:10E3BC0002681C68944201D10A681A60DB68002B61
:10E3CC00F6D110BC704700BF74E2002030B5044693
:10E3DC0083B00D462A4A59212A48F6F7D1FB6389A6
:10E3EC00102B21D96068E27BC3891AB995F84020BB
:10E3FC000132E2738278D1070DD5012A34D006227E
:10E40C0002302149019306F091FD019B18B9627B02
:10E41C0042F008026273082B0CD0B3F5C16F03D124
:10E42C0095F83D301B0714D42046FBF785FC0020E3
:10E43C0003B030BD95F83D301A07F5D510212046B4
:10E44C00FBF712FC0028EFD129462046FAF700F81A
:10E45C00EDE710212046FBF707FC0028E4D1294604
:10E46C002046F9F7D1FAE2E7C278002AD3D1027933
:10E47C005E2AD0D1627B42F010026273CBE700BF00
:10E48C00F82B0020B4220020402F00202DE9F0476B
:10E49C000C4606461021174620469846BDF82050DB
:10E4AC00FBF7AAFBF0B9194A81464FF4A271184840
:10E4BC00F6F766FB6DBA6368DD81D8F80020C3F807
:10E4CC000220B8F80420DA803A689A60BA889A81F7
:10E4DC0096F83C30062B09D1736921463046BDE8CD
:10E4EC00F04718476FF00100BDE8F087084B40F289
:10E4FC004B120849084806F021FC484606F0E6FA9B
:10E50C000120F6F731FB02F089F800BF682B0020E0
:10E51C00B422002000230020700600200A68036843
:10E52C0092B159684FF0010C104600B583B081F8D8
:10E53C0000C00193F6F78AFB019B9A685060012298
:10E54C001B681A7003B000BD1B6801221A7070475B
:10E55C00012A03D10B68036000207047022A00B522
:10E56C0083B00ED0032A05D012B1002003B000BD39
:10E57C000260FAE700680028F7D00C2101F02AFFAE
:10E58C00F3E70A6801900C20009201F01FFF009A3B
:10E59C008446019B07CAC3F800C08CE80700E4E777
:10E5AC0012B330B5144683B00D46F6F751FBD4E9DF
:10E5BC000423801A98420CD3A3681BB10322214672
:10E5CC00204698471821204603B0BDE8304001F0A2
:10E5DC0001BFA368019543B1E36801A920469847A0
:10E5EC00A368002BEAD1EDE7704703F0B1FA00BF46
:10E5FC00012801D90020704700B583B04B68C0B228
:10E60C0001A9019300F078FE012003B000BD00BF0A
:10E61C002DE9F0438F6887B000286CD0B7FA87F5E6
:10E62C006D09002F67D00E4680461820914601F0E8
:10E63C00CDFE04460222314602950595C0E90055EF
:10E64C00C0E90255C0E90455CDE9035502A8B84705
:10E65C00E268A3686F460592B2680493A260F26800
:10E66C00DDE90201E260CDE9000194E80300CDE9A7
:10E67C000201DDE9000184E803001BB1032202A9B9
:10E68C0002A89847F6F7E4FA23461E4A3946C4E92D
:10E69C000409404600F0C2FF10F1050F804626D059
:10E6AC00A0B1A3681BB1032221462046984718212C
:10E6BC00204601F08FFE4046F6F7CCFA044607F0F0
:10E6CC00ABF80460002007B0BDE8F083A3681BB171
:10E6DC0003222146204698471821204601F07AFE55
:10E6EC00B368029763B1F36802A9304698470120DA
:10E6FC0007B0BDE8F08307F08FF816230360E1E75D
:10E70C0003F026FA91BD000030B5002389B0054610
:10E71C000C2014468DF80E3001918DF80F300593B6
:10E72C0001F054FE019903461C4A81600DF10F0162
:10E73C000792284619600DF10E01194A596004A977
:10E74C00069222460493FFF763FF069D03462DB104
:10E75C0004A9019003220846A847019B13B9184647
:10E76C0009B030BDF6F774FA9DF80F3005462BB1A1
:10E77C000DE003F003F89DF80F3043B9F6F768FA93
:10E78C00401BA042F5D307F047F8742303609DF8B3
:10E79C000E30DBB2184609B030BD00BF0DBD000015
:10E7AC0041BD0000194B0020194A196810B5194CCD
:10E7BC00C2E900404A1C1A6081B1174A174918482F
:10E7CC0003F074F9174A1368591C1160BBB1124A53
:10E7DC0015491648BDE8104003F068B9144C4FF4C5
:10E7EC00EE72144806F076FC20468834F5F722FECB
:10E7FC00114B9C42F8D1114B0E4A1A60DDE7104CBC
:10E80C0020460EF069FF0F4B1C60E0E7D043002060
:10E81C004842002094290020A03700209D000000D1
:10E82C00D04600206C42002069000000B846002051
:10E83C001C440020D8430020B4450020D4430020C1
:10E84C0074420020704200200F4A1368DB0407D585
:10E85C001368002023F4825343F4805313607047F1
:10E86C000A4B126C0A4903F14000C91A43F8042BF5
:10E87C005A5843F8042B8342FAD1064B40220249E2
:10E88C000120096C1A60704700C00C40C8A82020F9
:10E89C0040C00C40D0450020064BD3F8800010F44B
:10E8AC00405006D0A3F54033186880F40050C0F3F4
:10E8BC004030704700C00F402DE9F84F204B074601
:10E8CC008A461A68D2040AD51A681E4922F4825262
:10E8DC0042F480521A60DA6F1B6C00230B60BAF1A1
:10E8EC00000F24D0DFF85C805646154DD8F8004058
:10E8FC00DFF8549044B92B6813F4A05FFBD0FFF7FA
:10E90C00A3FFB8B1D8F80040B442A346C4F140010B
:10E91C00384628BFB34649445A46A4EB0B0401F0D1
:10E92C00BBFCB6EB0B065F44C8F80040E2D1504686
:10E93C00BDE8F88FAAEB060A5046BDE8F88F00BF79
:10E94C0000C00C40D0450020C8A8202010B50421E0
:10E95C0082B004460DEB0100FFF7AEFF042804D192
:10E96C00019B0120236002B010BD06F055FF05226B
:10E97C00034600201A6002B010BD00BFF0B51A4C5F
:10E98C0085B006460F4625785DB910211748CDE9AC
:10E99C000223F6F73DF91028DDE9022316D10121F7
:10E9AC002170134807804380034611680C22416094
:10E9BC000421346800920D4A8460022000F020F893
:10E9CC000446F6F7CFF8204405B0F0BD094B2D22D4
:10E9DC0009490A4806F0B2F9284606F077F80120F2
:10E9EC00F6F7C2F801F01AFEA6E200205042002011
:10E9FC006042002034230020882300207006002071
:10EA0C002DE9F04F8BB057688346DFF89CA2059137
:10EA1C001946149B87EA0A0ADFF8909203F1080062
:10EA2C0095689C4E87EA0909C0089B4FD2F800C034
:10EA3C006E40D2686F40DFF878820128974C984B73
:10EA4C008CEA0808974D82EA04048CEA030382EAF4
:10EA5C0005056BD0A0F1020C1A460846E646CDE936
:10EA6C0006C10368D0F804C05F408CEA0505BBF111
:10EA7C00000F4AD0039300211346CDF810C0CDE906
:10EA8C0001E016EB080C4FEA074E4FEA463201F153
:10EA9C0001014AEB0408FB180EEB154E45EB09007F
:10EAAC0002EBD4422D048EEA030E640382EA0C02BC
:10EABC0005EB174504EBD64445404FEA4E5784EA24
:10EACC00080418EB0E084FEA42464CEB050A12EB11
:10EADC00030907EBD52744EB000306EBD4366D0591
:10EAEC008B454FEA444487EA080705EBDE2586EAA6
:10EAFC00090604EBD23485EA0A0584EA0304C0D182
:10EB0C001A46DDE901E0DDE9033C0EF1FF3E83EA44
:10EB1C0008088CEA0A0A0830BEF1FF3FA1D113465F
:10EB2C00DDE906C101F1080202EBCC01019308A852
:10EB3C00149B1A06099203F007020023089301F0B4
:10EB4C00ABFB0899099A4F40019B5540BBF1000F54
:10EB5C0045D00020CDE901121A4616EB080C4FEAFD
:10EB6C00074E4FEA463300F101004AEB0408BA188D
:10EB7C000EEB154E45EB090103EBD4432D048EEA45
:10EB8C00020E640383EA0C0305EB174504EBD64431
:10EB9C004D404FEA4E5784EA080418EB0E084FEA32
:10EBAC0043464CEB050A13EB020907EBD52744EB64
:10EBBC00010206EBD4366D0583454FEA444487EADF
:10EBCC00080705EBDE2586EA090604EBD33485EA53
:10EBDC000A0584EA0204C0D113460199029A83F013
:10EBEC00FF0E059B81EA080082EA0A014A46002BC7
:10EBFC0045D04FF0000CF34616EB000A4FEA074ED7
:10EC0C004FEA46390CF1010C44EB01000EEB1541B7
:10EC1C0017EB0B0E4FEA054B09EBD4434FEA443884
:10EC2C0045EB02090BEB174B81EA0E0208EBD648B9
:10EC3C0083EA0A038BEA090B570588EA0008801857
:10EC4C004FEA4B544AEB0B014FEA484504EBD224F4
:10EC5C0013EB0E024FEA434648EB090E05EBD33398
:10EC6C0084EA010507EBDB2783EA0E04059B06EB20
:10EC7C00D83647406345F34686EA0206BCD187EA9C
:10EC8C000E0755407E406C40704061400BB0BDE8B3
:10EC9C00F08F00BF6D6F646E7365747961726F6411
:10ECAC006172656E62646574656D6F736567796CAE
:10ECBC0075657370234BF0B5044683B0224E03F197
:10ECCC0030071D687DB11A7AA2420CD14FF48A70BC
:10ECDC005A6800FB04601030CDE90013A8470022ED
:10ECEC00019B00991A600C33BB42EAD14FF48A7035
:10ECFC001549002700FB0460FAB20137944202D098
:10ED0C008A7A022A16D0042F01F58A71F4D14FF4B5
:10ED1C008A7202FB0466F27B032A09D80B4C54F866
:10ED2C002200FFF7C9FAF27B0021F77344F8221096
:10ED3C0003B0F0BDCD7BC27B9542E4D10423C373F9
:10ED4C00F6E700BF784B0020B04B0020404000207D
:10ED5C002DE9F04FDFF88CA14FF48A7487B004FBD7
:10ED6C0000A4E37A012B00F2A180584A064652F81F
:10ED7C00233023B994F81051002D00F090804FF4FB
:10ED8C008A7406FB04F404F110075744384606F065
:10ED9C005FFF00F112014FF42072382089B2FBF7AB
:10EDAC0035F8804600286ED054440C22013F0C25C7
:10EDBC0023894FF6FE790DEB02015BBAADF80C30EE
:10EDCC000023CDF80F30CDF813308DF81730012318
:10EDDC008DF80E304FF48073ADF81030FBF75AFA03
:10EDEC0001967A787E1C2E2A50D0002A4ED03246BC
:10EDFC00144612F8013F2E2B01D0002BF8D1E41B46
:10EE0C0017465FFA84FBA4B25A462A444A4537DCBB
:10EE1C005A4629464046AB44FBF7FCFA681C22468E
:10EE2C00314683B240460BF10105FBF787FA3A787D
:10EE3C00ADB2002AD5D129464046019EFBF7EAFA2D
:10EE4C004FF001220BF1020302A940469BB2029241
:10EE5C000422FBF773FA4FF48A7303FB06AA9AF8A1
:10EE6C0010319AF80F00B3B99AF80B2035231749D3
:10EE7C0001EB8202164951F820004146FFF77AF95E
:10EE8C004046FAF759FF07B0BDE8F08F002237462D
:10EE9C0014469346B9E741F2E9430E4AEAE729469C
:10EEAC00FFF708FFA57207B0BDE8F08F0A4B40F2E0
:10EEBC000D320A490A4805F041FF002005F006FE14
:10EECC000120F5F751FE01F0A9FB00BFA84B002073
:10EEDC0040400020F02E0020A4230020EC23002032
:10EEEC0070060020B04B0020414A4FF48A7303FB9C
:10EEFC00002310B59B7A0446032B6AD8DFE803F095
:10EF0C000E1231024FF48A7300FB03F3D15800291F
:10EF1C003ED14FF48A7303FB0423997210BD1989F7
:10EF2C00614508D1F5F756FE314B1FFA80FC1A46A5
:10EF3C00997A0229F3D003F58A732E499942F7D1B5
:10EF4C004FF48A73A1F24E41204604FB03F31A449A
:10EF5C000833A2F808C0284ACA50BDE81040FFF791
:10EF6C00F7BE4FF48A7004FB00F011180B7B013BC9
:10EF7C00DBB20B73002BD1D14B7B0133DBB2042BF7
:10EF8C004B730AD00B732046BDE81040FFF7E0BE70
:10EF9C000139D1500029BCD0C0E7CB7A6BB9174BE3
:10EFAC005B6853B191F810313BB90830144A40F208
:10EFBC00011C22F800C04B73E5E700212046FFF747
:10EFCC0079FE4FF48A730A4A002103FB04239972D9
:10EFDC0010BD0C4B40F26E420B490C4805F0AEFED6
:10EFEC00002005F073FD0120F5F7BEFD01F016FBC6
:10EFFC00B04B00200050002002000100A84B002064
:10F00C00B34B0020A4230020042400207006002011
:10F01C002DE9F0471E4613898AB014460F2B05D8EC
:10F02C002046FAF789FE0AB0BDE8F08700230C22CF
:10F03C0004A92046FBF7F0F80C28F1D1A84B0025C9
:10F04C00BDF810109A7A49BA022A89B207D0013554
:10F05C0003F58A73042DE3D09A7A022AF7D11A8920
:10F06C008A42F4D1BDF81430B3F5807FD8D19DF825
:10F07C001230DB09D4D09A4A4FF48A7303FB052370
:10F08C0093F8102132B9D97A964B326853F8213063
:10F09C009A42C5D14FF48A73A8462746BDF81690FC
:10F0AC0003FB05F3054603F110029A468C4BD4186A
:10F0BC0029463846FBF79EF900282DDB4FF6FF73E7
:10F0CC009D4229D000F0C002C02A25D00135ADB236
:10F0DC0020B3261819E02178681C834A0134525C4D
:10F0EC0002F00302012A804AD25C08BF203102F0F0
:10F0FC000302012A08BF203399420DD14FF6FF734A
:10F10C009D4285B208D0B44208D029463846FBF758
:10F11C0071F9031EDBB2DEDA3C4681E7294638463C
:10F12C00FBF768F90028F7DB04F10104C0D12E4687
:10F13C004FF6FF7245463C4696423FF471AF731C46
:10F14C009BB293423FF46CAF042202A93846019360
:10F15C00FBF762F804287FF463AFBDF80A20B2F520
:10F16C00807F7FF45DAFBDF80820B2F5807F7FF41F
:10F17C0057AF4FF6FB72019B93423FF651AF9DF890
:10F18C0013305FFA88F81B0750D199FA99F2731D66
:10F19C00A946264697B29CB2002F00F09080338986
:10F1AC00A34209D88BE0328993423DDA2146FBF722
:10F1BC0021F9002838DB10D0651C21463046FBF7BE
:10F1CC0019F9031EADB2304603F0C0022B442BDB01
:10F1DC009CB24DB3C02AE6D12C464FF6FF739C422D
:10F1EC0022D0651CADB29D421ED02B460A2207A927
:10F1FC003046FBF711F80A2816D14FF6F5739D42ED
:10F20C0012D8079904F10B03BDF82420B1F1012F9A
:10F21C009BB224D054BA13FA84F4B4F5803F03DAC9
:10F22C007B1EA4B29FB2B7E73446F9E64FF48A735B
:10F23C002B4A03FB0523DB7A002B42D1294B5B685D
:10F24C00002B3ED04FF48A73284A40F201314046DD
:10F25C0005FB03F30833D152FFF746FEE0E6B2F5A7
:10F26C00806FD7D1042203A930463446FAF7D4FF75
:10F27C0004287FF4D5AE4FF48A743046184E09FB3F
:10F28C0004F4039B35196B60FAF756FD089B0AF1E1
:10F29C000401174A40461BBA3144934228BF134617
:10F2AC0033510323AB72FFF705FD3359002B7FF469
:10F2BC00BAAEAA7A032A7FF4B6AEAB72B3E64D4669
:10F2CC0034462046FAF738FD00214046FFF7F2FCA1
:10F2DC004FF48A730249002203FB05139A72A2E6CB
:10F2EC00B04B0020A84B0020BD2D0020B44B0020BB
:10F2FC00803A0900704700BF012800D9704721B13E
:10F30C00054B0A6843F820207047044A024B1268E8
:10F31C0043F82020704700BFA84B0020502F00203E
:10F32C0010B50024E0B20134FFF7DEFD042CF9D156
:10F33C0010BD00BF002900F059812DE9F04F0446A3
:10F34C0083B0002800F005810578002D00F00181C4
:10F35C009A4691460D4606F07BFC00F1FF3814F8F6
:10F36C0008302E2B18BF8046B8F1FF0F00F2F18049
:10F37C0029462046F9F78CFA18B1002003B0BDE8F5
:10F38C00F08F9C4F2646009504463946BB469A4F53
:10F39C000D4615F8063C032B49D0013405F58A754A
:10F3AC00042CF6D1344695493E465F46204606F07D
:10F3BC001DF9A8F106032344984273D0904B1B68A7
:10F3CC00002B00F00A814FF0000B002517F8063CCB
:10F3DC00022B40D0013507F58A77042DF6D1894BE5
:10F3EC00002218781346B17AD7B2002948D00329E5
:10F3FC0002F1010208D1B17B411AC9B28B4238BF6C
:10F40C003D468B4238BF0B46042A06F58A76EAD174
:10F41C00042D07D0784A4FF48A7303FB05239A7A9C
:10F42C00032A42D04FF0FF3003B0BDE8F08F4246C4
:10F43C0029463046F6F7C8FC0028AED115F808303E
:10F44C00002BAAD14FF48A726B49009D02FB041366
:10F45C005B682B6091E7424639462046F6F7B4FCD0
:10F46C000028B7D117F80830002BB3D1664A1168C1
:10F47C000C32002900F09C800133042BF7D1A9E752
:10F48C004FF48A735C4903FB02165F4B00251A4646
:10F49C00009313680C325BB10135042DF9D14FF098
:10F4AC00FF30C1E74FF0010B8FE71E462F46ECE70C
:10F4BC0005EB45020193009B2146B07306F1100049
:10F4CC0043F8229003EB8202504CC2F804A04FEA9E
:10F4DC00450A17720122B272424600F0DDFEB044BA
:10F4EC00019B224688F810309846136804329BB36F
:10F4FC0008F10108B8F1040FF7D14548042201784E
:10F50C0001315FFA81F8B8F1030FA2F102030CD9B3
:10F51C0021684FF0020800295CD1012A10D06268E2
:10F52C00002A5DD113F0FF020AD054F8281008F11C
:10F53C000103013A61BB12F0FF025FFA83F8E2D1DA
:10F54C0004225544009BF2730022B27243F825202A
:10F55C0068E76FF00F0011E72E20FEF7F5FE8146ED
:10F56C00002840D0F5F736FB82B2B2F5806FF9D3A4
:10F57C0028494846FEF7A8FC10F1080FF2D010BB42
:10F58C00024625494846FEF785FE214844F8289056
:10F59C001C4A80F800803846137886F810B1013385
:10F5AC0086F80F801370FFF79FFC6FF00400E5E600
:10F5BC0003EB4302144941F8229001EB8202C2F89A
:10F5CC0004A01572F1E74846FEF776FE002244F8D7
:10F5DC00282092E74FF00008DAE76FF00500CDE63F
:10F5EC004FF00108D4E744F8289086E76FF00F003D
:10F5FC00704700BFC04B0020B04B002024240020DB
:10F60C00A84B0020B4E20020784B002040400020A2
:10F61C00B3E20020502F002001C8000000B54FF0CD
:10F62C00000C83B0CDF800C0FFF784FE03B000BD22
:10F63C0070B54FF0000E00F00104714505DD24B1EA
:10F64C0010F8013B013963F31F2E012928DD8E1EB2
:10F65C00490803464FF0000C4D1E00EB410233F8F5
:10F66C00021B93428C44FAD1C5EBC573023006EBF6
:10F67C004301A0EB4300012902D1037863F3070E89
:10F68C000EEB0C039AB202EB134398B200EB13404F
:10F69C0003BAC3F30F43002C18BF184680B270BDD9
:10F6AC004FF0000CE7E700BF08B5FFF7C1FFC04300
:10F6BC0080B208BD70B5154606460C46114A7C2131
:10F6CC001148F5F75DFA75B1B26C25613AB1134684
:10F6DC0001E01B681BB19C42FBD1002070BD226075
:10F6EC000020B46470BD084B7D220849084805F021
:10F6FC0025FB284605F0EAF90120F5F735FA00F06C
:10F70C008DFF00BF082C00202C2400207824002022
:10F71C007006002010B50123002482B04A600C73DF
:10F72C000B810191F5F756FA064B024620460199DA
:10F73C00A3FB0243DB0803EB8303A2EB43024A81E6
:10F74C0002B010BDCDCCCCCC836C23B100221A728C
:10F75C001B68002BFBD1704738B5374B1D68002D4B
:10F76C0036D0AC6C74B933E0013B042A9BB2638194
:10F77C0039D8022A4ED8013A012A01D8002B3AD0A6
:10F78C0024682CB3237B0BB1013B23736389227A4E
:10F79C00002BE9D1042A1CD8022A29D9637A13B97F
:10F7AC00637304232372211D2846F8F789FB637ABF
:10F7BC004FF0140201336281DBB2012B2DD90523EA
:10F7CC0000212846A360236998472468002CD9D1CE
:10F7DC0038BD072AD4D14FF00002236901212846F5
:10F7EC0022729847CCE7072ACAD1002BC8D1F2E77E
:10F7FC00013A012AC4D80223211D28462372F8F7A6
:10F80C0047FB637A0133DBB2022B637207D90B4BD4
:10F81C00A360B5E7002BB3D1C0E76372B0E7F5F78F
:10F82C00D9F9074BA3FB0023DB0803EB8303A0EB05
:10F83C0043000A306081A3E7B88000200300140065
:10F84C00CDCCCCCC2DE9F043054685B0D0F83600B4
:10F85C006B8FAC6C0290ADF80C306CB30E46D1F8DB
:10F86C000E808F690AE03BB1636843452FD0BB42E1
:10F87C0002D1B8F1000F22D02468ECB1237A032B0B
:10F88C00F1D91A1F022AF7D862684245F4D1062230
:10F89C0006F1080102A8019305F048FB019B002822
:10F8AC00EAD0062B2AD0237B8BB9211D2846F8F7EA
:10F8BC0007FB64232373DFE705B0BDE8F083062262
:10F8CC0006F1080102A805F031FB0028D4D0637BB7
:10F8DC00022128460133637323699847637B092B04
:10F8EC0005D9072323724FF416736381C4E70023F1
:10F8FC0001212846237223699847BDE70023022182
:10F90C002846237223699847B6E700BF002930D0F8
:10F91C008C46096869B362B3136853B3836C43B301
:10F92C0030B5154685B0624602E01B68FBB1116824
:10F93C005C688C42F9D189B24FF6A964A142F4D12A
:10F94C002988A142F1D0197A052916D8032911D892
:10F95C0001390229E9D8002103921A69197202218E
:10F96C00029001939047039ADDE90130DDE705B081
:10F97C0030BD704706211972D7E70729D5D1EAE7C0
:10F98C002DE9F043058989B0074688461C2D914620
:10F99C004FF024004FF4207228BF1C2505F10804F9
:10F9AC00A4B22146FAF732FA50B343890646A34271
:10F9BC0029D37B682A4644680025059339460823D9
:10F9CC0084F8008084F8019025716571A571E5714A
:10F9DC00FAF780FB059B07A8DB680793F8F71EFD79
:10F9EC0058B10123A570E57007AA0290294601932E
:10F9FC003046FF230095F8F715FF3046FAF79CF9CF
:10FA0C0009B0BDE8F083074B4FF4BB7206490748B9
:10FA1C0005F094F9002005F059F80120F5F7A4F849
:10FA2C0000F0FCFD98240020E42400207006002047
:10FA3C002DE9F0414B4D86B00446AE68337803F0A7
:10FA4C000F039B00132B14D94289032A11D9426846
:10FA5C001278082A0DD1686900F0F002E02A08D06B
:10FA6C000F4629680493F8F7F5FE10B92289072A86
:10FA7C0005D8204606B0BDE8F041FAF75DB9049B05
:10FA8C00204603F1100105930491FAF7B5F8DDE96E
:10FA9C000413002848D02289991889B28A42E8D8E0
:10FAAC004FF4207210200493FAF7B0F98046002826
:10FABC00DFD0049B418903F10802914249D33146BE
:10FACC001A464068049300F0E7FB04994046FAF7A5
:10FADC00CBF8002841D121464046FAF795FB002887
:10FAEC0037D120464446FAF727F9049B194620469D
:10FAFC006668FAF781F80028BBD16268D5E904136F
:10FB0C00D360FF2311613070E073B070F0709072AD
:10FB1C00D0721372012200901349CDE901270246DD
:10FB2C002046F8F77FFEA4E720460493FAF79CF8EA
:10FB3C00049B0028DAD00D4BCC220D490D4805F062
:10FB4C00FDF8002004F0C2FF0120F5F70DF800F0DD
:10FB5C0065FD4046FAF7F0F88BE7044BBB220649EB
:10FB6C00ECE700BF405000205450002098240020A7
:10FB7C004425002070060020102500200A46032191
:10FB8C00FFF7FEBE0A460B21FFF7FABEEFF3108219
:10FB9C0072B6437F33B9017F012907D0032911D0F5
:10FBAC00012343770AB962B670477047DFF868C023
:10FBBC00DCF80010F9B1164943610B6808608361E9
:10FBCC005861EDE700B5DFF854E01249DEF800C0EB
:10FBDC00BCF1000F16D043610B68836158614FF084
:10FBEC00E0234FF0805C0860C3F804CD0123437719
:10FBFC0002B962B600BD064BCCF800001860C0E933
:10FC0C000511CDE7C0E905CCCEF80000E7E700BF51
:10FC1C00CC450020C4450020C0450020C84500202C
:10FC2C0070B5EFF3108272B60C4C206880B10C4E9C
:10FC3C0000254369236073B19D6102B962B6836884
:10FC4C0045779847EFF3108272B620680028F0D100
:10FC5C0002B962B670BD3360EFE700BFC845002043
:10FC6C00C4450020FFF7DCBF0346EFF3108272B6E9
:10FC7C00407F50B1197F012900B50AD0032913D058
:10FC8C000021597702B962B600BD0AB962B6704755
:10FC9C007047D3E905C1A1B1C1F814C0BCF1000F84
:10FCAC0014D0CCF81810EBE7D3E905C199B1C1F821
:10FCBC0014C0BCF1000FF4D1DFF82CC0CCF800104C
:10FCCC00DEE7DFF828E0CEF800C0E7E7DFF820C079
:10FCDC00CCF80010D4E7DFF81CE0CEF800C0BCF183
:10FCEC00000FDED1E8E700BFC4450020C04500206E
:10FCFC00CC450020C8450020037F012B0ED0032BE0
:10FD0C0000D07047437F33B1D0E90523C3B15A61AA
:10FD1C0062B90E4A1360002303777047437F002BB0
:10FD2C00F9D0D0E905232BB15A6132B1936100238C
:10FD3C000377704706490A60F7E7064A1360EAE75B
:10FD4C0005490A60002AF1D1E3E700BFC445002051
:10FD5C00C0450020CC450020C84500200449054A78
:10FD6C004968054B1960136801331360704700BF75
:10FD7C00001000E0B8E10020B4E10020084601F0DA
:10FD8C006DBC00BFF8B50D460D4FC41CC61D14F854
:10FD9C00011F00230A22284600F05AF8B4424FF003
:10FDAC002E0006D02B681B68BB4204D101F056FC18
:10FDBC00EDE70420F8BD2E2128469847E7E700BF61
:10FDCC006DD50000012A70B508BF0A228AB005461D
:10FDDC001E4659B34FF0210C01E05FFA84FC0CF184
:10FDEC00FF34B1FBF2F302FB131EBEF1090F0EF14F
:10FDFC00370098BF0EF130000DEB0C0E91421946F6
:10FE0C008EF80400E9D23EB10CF1FF3C2D225FFAD2
:10FE1C008CFC0DEB0C031A712B6801A9CCF122029E
:10FE2C0028465B68614498470AB070BD30234FF098
:10FE3C00210C8DF82530E6E7044B022888BF0346D9
:10FE4C00D3F800C01846DCF80430184748370020B7
:10FE5C0042B90368C9B2054A1B68934204D10846EB
:10FE6C0001F0FCBBFFF7AEBF184700BF6DD500001B
:10FE7C00A94AAA4B90422DE9F047A94CD3F814E0BB
:10FE8C009969D4F80CC000F2088103F1437303F5AF
:10FE9C00F4530333A3FB0023DB0D03EB830303EBCE
:10FEAC00830202F2B63240F227639A4228BF1A4606
:10FEBC009C4BA3FB0232D208203A984D0CF01F0445
:10FECC00D5F88030944243F0C003C5F880300BD293
:10FEDC002CF01F0C924C4CEA020CC4F80CC023689A
:10FEEC00002BFCDA0CF01F041EF0007327D18E4D92
:10FEFC002E698E4DB54300F0FA8081F4805576461C
:10FF0C004FF4805716F0605F06D02EF0605E4EEA1C
:10FF1C00030E824BC3F814E015F4405F07D021F4B4
:10FF2C0040517E4D3943A961AB6C1B07FCD44EF09C
:10FF3C00007E7A49C1F814E08B6C9F06FCD47C4996
:10FF4C00884200F2DF80012635460EE0082D0CD1E8
:10FF5C00042E00F291800136022506FB00F38B4241
:10FF6C0000F2C3805B008B4206D8013506FB05F31B
:10FF7C0000FB03F38B42E9D9771E05F1FF384FEAFA
:10FF8C00872A8EEA87276B4959186B4B99427CD983
:10FF9C00DFF8E4916C2369486349B0FBF5F0684DD8
:10FFAC00B0FBF6F00E6835404D4508D043F40053D5
:10FFBC004FF480550D600B600B68002BFCDA574931
:10FFCC000B6903F00703434504D0C1F810808B6C18
:10FFDC00DE03FCD417F4E05F0BD02EF4E05E0AF4E1
:10FFEC00E0534E4943EA0E0EC1F814E08B6C9D07AA
:04FFFC00FCD4544D90
:02000004600199
:10000000544945198D4239D8534BED09A3FB0535A9
:100010002D0B6B1E1B028EEA030111F4407F07D0EB
:100020002EF4407E03F440733F4943EA0E034B61D4
:100030003D494B6923F000734B618B6C9B06FCD4EC
:10004000464BA242A3FB00134FF0FF314FEA93430C
:10005000B0FBF5F5B1FBF3F34149086041490D6090
:1000600041490B6008D22CF01F0C30494CEA0202C7
:10007000CA600B68002BFCDABDE8F0874FF44073D0
:100080000425C8E7771E2E494FF007084FEA872A54
:1000900059188EEA8727294B99421CD8DFF8E89037
:1000A000362332487EE7324B984201D80E220AE7C7
:1000B000304B984228D9304A904227D9821A2F4B88
:1000C000120AA3FB0232D20902EB820202EB820285
:1000D00002F2E242EDE6A3F182532948DFF8AC9048
:1000E000A3F589337E3BA3FB01310B0D03FB00F02D
:1000F00043EA090956E7012544E71F468EF0C0563A
:100100000D464FF0C05303E70F22DCE61222DAE679
:10011000012603464FF0000A77464FF000083546A7
:1001200037E700BF001C4E0E00C00F400000084023
:100130001F85EB5100800D4040300080FFB19F26AD
:10014000808D5B00FF7EF64D00643F4D7F30018067
:100150007FD1F0087F17B42C9F10E50083DE1B438E
:100160004437002040370020A0E1002000B29F2645
:10017000FF0A6B1B00A4781F0046C32323B24C0068
:10018000001BB7006C20008036200080002000801B
:1001900000B970472DE9F84F01218146224C234ECA
:1001A000234D54E8003F3268286844E80013002BD0
:1001B000F7D120494B684FF47A7BDFF87CA01B1AFB
:1001C00001270BFB02F8DAF80020A2FB03235B45B2
:1001D00094BF9844D84454E8003F3268286844E803
:1001E0000073002BF7D14B68DAF800C01B1A0BFB29
:1001F00002F2ACFB03C3B3F57A7F94BFD21802F5C9
:100200007A72A2EB0802B2F57A7F08D3B9F1010F36
:1002100008F57A7809F1FF39DDD1BDE8F88F01F0F2
:10022000B3FA0449D7E700BFBCE10020B8E10020E1
:10023000B4E10020001000E0A0E1002010B50F4B59
:100240004FF0010C0E4CDFF844E053E8002F20681B
:10025000DEF8001043E800C2002AF6D1094B5B68C3
:10026000094A5B1A4FF47A71126801FB00F0A2FB95
:1002700003238B4294BFC018401810BDBCE100207E
:10028000B8E10020001000E0A0E10020B4E100206F
:1002900008B5F2F7FBFCF2F743FD01F075FAFAE757
:1002A00030BFFDE7844641EA000313F003036DD13C
:1002B000403A41D351F8043B40F8043B51F8043B29
:1002C00040F8043B51F8043B40F8043B51F8043B30
:1002D00040F8043B51F8043B40F8043B51F8043B20
:1002E00040F8043B51F8043B40F8043B51F8043B10
:1002F00040F8043B51F8043B40F8043B51F8043B00
:1003000040F8043B51F8043B40F8043B51F8043BEF
:1003100040F8043B51F8043B40F8043B51F8043BDF
:1003200040F8043B51F8043B40F8043B51F8043BCF
:1003300040F8043B403ABDD2303211D351F8043B6F
:1003400040F8043B51F8043B40F8043B51F8043BAF
:1003500040F8043B51F8043B40F8043B103AEDD21E
:100360000C3205D351F8043B40F8043B043AF9D26F
:10037000043208D0D2071CBF11F8013B00F8013B42
:1003800001D30B8803806046704700BF082A13D34F
:100390008B078DD010F003038AD0C3F10403D21A67
:1003A000DB071CBF11F8013B00F8013B80D331F89B
:1003B000023B20F8023B7BE7043AD9D3013A11F81B
:1003C000013B00F8013BF9D20B7803704B78437086
:1003D0008B7883706046704703F072BD03F078BD80
:1003E00003F076BD01F1FF3C70B566464FF0000E9C
:1003F00001E00EF1010EB0FBF2F402FB1403092B35
:1004000003F1370598BF03F130059042204606F806
:10041000015FEED201EB0E0300225A70BEF1000F15
:1004200011D0481C70440CF102021CF8014F10F866
:10043000015DA1EB0C03521A8CF80050013B0470D3
:1004400073449A42EFDB084670BD00BF72B6EFF30B
:100450000583524CC4F884301EF0040F0CBFEFF338
:100460000882EFF309824FF0E0234D4DD3F8280DB9
:10047000D3F82C1DC4E92201D3F8341DD3F8383D3C
:10048000C4E924139369A83444F8103CD36944F8B0
:100490000C3C00F0CDF804ED020A01F095FA0B23B4
:1004A00044F8040C4FF0FF323E4844F8283C2B68D7
:1004B000202104355A4042F30003013903EA0003C6
:1004C00083EA5202F7D1A542F1D1344BC3F8A820F8
:1004D000BFF34F8F4FF0E0233149334AC3F8701F09
:1004E000C3F8702FBFF34F8FBFF36F8F2F4A0224D3
:1004F0002F48D36E2F4943F44053D3660460D36929
:100500002D4823F07F0343F04003D3610B688342FF
:1005100040D8274D00204FF0E0234FF0FF322860F5
:100520000121C5F8080125480C460E46C5F8000112
:10053000C5F80811C3F88021C3F88421C3F88821C5
:10054000C3F88C21C3F8902101E000F071F9D5F8CF
:100550000C31002BF9D04F2CC5F80C6104F10104CB
:10056000F3D9174B022017494FF00042C1F8400160
:100570005A63D5F80C313BB9134814490C4A01634E
:10058000D2F80C31002BFAD04FF0E023104AC3F818
:100590000C2DFEE7FFF772FCBBE700BF00FF272032
:1005A00080FF27202083B8EDA0FF272000C00F4048
:1005B0000040084044370020803DCD0B009F2400C0
:1005C00000900D4000002E4000800F40F100AD0B68
:1005D0000400FA05094A08B50346106823B103442C
:1005E00007498B4201D8136008BD05F01BF90C22A6
:1005F00003464FF0FF301A6008BD00BF9C37002053
:1006000000002820002070474FF0FF30704700BFE7
:100610004FF4005300204B60704700BF012070472B
:100620004FF0FF30704700BF30BFFDE7FFF70EBF50
:10063000124AD2F880305B07FBD5D2F880301048E0
:10064000C3F30B230F4990ED007A07EE903A91ED3A
:10065000006AB8EE477A0C4AF8EEE77A0B4BD2ED17
:10066000006A77EEC77A93ED007AB8EE477A67EEC4
:10067000867A87EEA60A37EE400A704700810D4061
:1006800090E1002098E100209CE1002094E100200E
:10069000836B70B586460E4610461BB1536843F413
:1006A0000043536072B6DEF8342042B31B4B106037
:1006B000D3F8B02132421ED1194C656805E062685A
:1006C000A2EB050CBCF5166F0BD2D3F8402142F417
:1006D0008042C3F84021D3F8B811D3F84021520426
:1006E000EDD5314007D10D4ACEE90201D2F8B03143
:1006F0003343C2F8B031CEF8340062B670BD07495A
:10070000CEE90202D1F8B0313343C1F8B031CEF8AE
:100710003000CEF8340062B670BD00BF00002E403D
:10072000001000E070B5056B95B12B46002403E086
:100730001B680134012B0CD05A681206F8D50363EC
:1007400006462CB12846B36B2D689847013CF9D179
:1007500070BD00220023C0E90C23F1E700B501BB06
:10076000DFF8A0C0234B0021234A4FF0010E4FF0C9
:1007700001109960C3F800E0CCE902314FF0800C21
:10078000C3F804C0C2F8BC01D2F8B0311B4843EA38
:100790000E03C2F8B0310160D2F8B031002BFBD1AA
:1007A00000BD0904164BDFF85CC04FF0010E41F0AC
:1007B00080019860104A596000F58051C3F800E04C
:1007C000D96000F50051CCF84830196100F540516E
:1007D00000F58040596100219861CCF84C10D2F8A6
:1007E000B03143F48033C2F8B031D2F8B031002BCD
:1007F000FBD1B7E76040002000002E4008500020E9
:100800008040002000000020074901220B78824030
:1008100023EA02030B7033B9044AD2F8483123F0BB
:100820008003C2F848317047BEE2002000002E402D
:100830002DE9F047A64C82B0D4F84461F107C4F822
:1008400044614CD5D4F8AC31002B43D0A14DA24F1C
:10085000DFF8B882C4F8AC31D5E90A20D4F84031C9
:1008600043F40053C4F84031D4F840319B04F5D52B
:10087000D4F840314FF0011123F40053C4F8403153
:10088000C4F8B411D4F8B43113F00113FAD191B211
:1008900084463B60B1F5086F00F03A8100F2958024
:1008A00040F2023E714500F0928100F2A48082295C
:1008B00000F0E181B1F5817F00F0B381802940F043
:1008C0009580864802210380FFF748FFD4F8AC31B9
:1008D000002BBFD17E4AD2F8BC31002B42D1720628
:1008E00016D57B4BD3F8AC21C3F8AC21D3F8BC218F
:1008F000C3F8BC21D3F8B041002CFBD14FF0FF323C
:10090000C3F8B421D3F8843100F046FD744B1C6069
:10091000F40103D5734B1B6803B19847B00103D5AD
:10092000714B1B6803B19847710708D5684BD3F822
:10093000843113F4007345D06C4B01221A70644B60
:10094000D3F848311A060AD5330608D5684A137811
:100950002BB1013BDBB21370002B00F06D8202B0B3
:10096000BDE8F0875C49C2F8BC310868034240F03A
:1009700098815B4A12681340B1D01C0C554D1FFA88
:1009800083F810D094FAA4F7B7FA87F705EBC710ED
:100990004030FFF7C7FE012303FA07F7BC43F1D14C
:1009A000B8F1000F9BD0012798FAA8F4B4FA84F4A8
:1009B00005EBC41007FA04F4FFF7B4FE38EA0408A4
:1009C000F2D18CE7494A1370B9E742F2212E714502
:1009D0005AD049D8B1F5106F00F0A28042F2210C34
:1009E000614503D1010C072900F08C814FF0011300
:1009F000C4F8C0316AE7B1F5A06F00F0CA80A1F574
:100A0000D0610129F2D83B4B59680029EED01FFA7A
:100A10008CFE120C03E019690C330029E6D0B3F800
:100A200000C09445F7D1B3F802C0F445F3D14FEAC2
:100A3000122C000CBCF1030F00F0CB811B89834208
:100A400028BF0346B2F5007F9A4640F09A81274BB3
:100A50001B78002B40F0EE81274952462748DFF8EB
:100A60009C90FFF71FFC9EE142F22133994214D083
:100A70004FF6C0039942B9D183B2FF2BB6D843F4E5
:100A80006E4363F30F0CBEE780B230B91C4B120CFF
:100A900019681C4B19601C4B1A700023C5F848805C
:100AA000EB64C8F808300123C8F800308023C8F888
:100AB00004304FF00113C4F8BC31D4F8B03143F422
:100AC0008033C4F8B031D4F8B031002BFBD1FDE64F
:100AD00000002E40000000200850002058E10020B7
:100AE0000C50002084E2002088E20020C7E20020B1
:100AF000C8E200207C3000204827006020A9202088
:100B0000B8E1002080E20020C5E200206040002023
:100B1000B34B0121B3481B780370FFF71FFED5E6E6
:100B2000AF49120C01930A70AF4AC4F8C821AF4A0A
:100B3000C4F8CC21AE4AC4F8D02100F02FFC8022AA
:100B40000199AC4804F0CCFAAB498022019BA9641E
:100B50004A60AA4AEB64C5F8A02002F13C428B60CF
:100B600002F56C2202F56F72C5F8E02001220A60DE
:100B70004FF00112C4F8BC21D4F8B02142F4803205
:100B8000C4F8B0219E4A3B60D2F8B031002BFBD1B3
:100B90009CE69949EB648B600123A9640B60802378
:100BA0004B604FF001139649C4F8BC31D4F8B03112
:100BB00043F48033C4F8B031D1F8B031002BFBD10D
:100BC000130C5B0643F08073C1F854317EE610F0DD
:100BD000780F7FF40BAF00F07F028A4B000653F8CA
:100BE00022104CBF41F4803141F0010143F8221042
:100BF0000021814BE96499600121AB641960802177
:100C00007F4A59604FF00113C2F8BC31D2F8B031BD
:100C100043F48033C2F8B031D2F8B031002BFBD1AD
:100C200054E610F0780F7FF4E1AE00F07F02754BD0
:100C3000000653F822104CBF21F4803121F001014D
:100C400043F8221000216C4BE96499600121AB64E8
:100C5000196080216A4A59604FF00113C2F8BC3113
:100C6000D2F8B03143F48033C2F8B031D2F8B031A9
:100C7000002BFBD12AE610F078037FF4B7AE00F02A
:100C80007F01604A000652F82110564A138036D57B
:100C9000C90301D50123137002215248FFF75EFDFD
:100CA00014E60020086058490C88486842F2210187
:100CB0008C427FF45EAE80B200287FF45AAE534976
:100CC000534C03C9A18086284FEA11412060A171CD
:100CD0007FF44FAE72B64F48017841F008010170C1
:100CE000D2F848110D0605D480200143C2F8440112
:100CF000C2F8481162B6484A5021117039E6CB0754
:100D0000CAD5C7E74049EB60444BC1E90020012246
:100D1000AB601A60424A5A603C4A9A60D4F8B011FB
:100D200041F00101C4F8B01102F58051D96002F51B
:100D30000051196102F5405102F5804259619A61F2
:100D40002F4AD2F8B031002BFBD12B49EB648B60DA
:100D50000123A9640B6048F280034B604FF001133C
:100D6000C2F8BC31D2F8B03143F48033C2F8B031AC
:100D70004FF48033224A3B60D2F8B031002BFBD1D4
:100D8000A4E5B2F5E06F7FF468AE264B1B78002B2C
:100D90004ED12549DFF8949052464846FFF782FA33
:100DA000072389F8013029F01F0309EB0A02BFF37A
:100DB0004F8F4FF0E021C1F8703F20339A42FAD8AC
:100DC000BFF34F8FBFF36F8F18485146FFF7C6FC34
:100DD0007CE50B78834228BF03469A463DE600BF78
:100DE000C6E2002058E100200200CC00C80002004A
:100DF0000200C80080000020604000205DCFC6B81F
:100E000000002E40C0012E40304200200050002043
:100E100078E20020BEE20020C8E2002080400020EE
:100E200080000700C7E20020AC27006020A9202036
:100E30000449AFE7044910E60320FFF7E5FC0CF096
:100E40006DFC00BF48270060AC2700602DE9F0432F
:100E5000841E83B0022C02D903B0BDE8F083124D8A
:100E600090460F46C60105EBC0143C2200210190BC
:100E7000201D994604F034F9B8FA88F23904520971
:100E800041EA42710122A951C4F83890A260B9F137
:100E9000000FE1D00549019B9A400B681A430A6094
:100EA00003B0BDE8F08300BF000000200C5000201C
:100EB0002DE9F043A0F1020E83B0BEF1020F02D97A
:100EC00003B0BDE8F0839146C201124F884602F19B
:100ED000400605463C220021F4190193201D04F030
:100EE000FFF8B9FA89FC4FEA0842019B4FEA5C1C03
:100EF00042EA4C72BA510122A363A260002BDFD0F8
:100F0000054905F110000B6882401A430A6003B0DE
:100F1000BDE8F083000000200C50002012044FF0C8
:100F2000010C816042F08002C0F800C0C36101F58D
:100F3000805C01F54053426001F5005201F58041AB
:100F4000C0F80CC08161C0E904237047831E022BE6
:100F500000D9704700F1100C064B0A4603EBC01095
:100F600000B54FF0010E0EFA0CF15DF804EBFFF73F
:100F70008FBB00BF40000020831E022B00D97047AA
:100F80004FF0010C034B0A460CFA00F103EBC010C2
:100F9000FFF77EBB0000002040687047144B0A2218
:100FA000DFF850C0D3F8200220F07F4000EB800330
:100FB00000B55B0085B0604538BF18466946FFF74D
:100FC00011FADFF834C06B4600226046197801320E
:100FD000013341B10A2A20F8021FF7D116228CF8FA
:100FE000002005B000BD52008CF8002005B000BD07
:100FF00000441F4080969800643A002000F0ECBA4C
:1010000000F0BABA00F020BB00F0D8BA00F06EBB16
:1010100000F048BB0846114600F03ABB70B5164DCB
:101020004FF0E02415494FF40032154E05EB401502
:1010300082B001EB4021C4F88C2103463288284657
:101040000191FFF76BFF019933880B44BFF34F8F7A
:10105000C4F85C1F20318B42FAD8BFF34F8FBFF327
:101060006F8F03202946FFF787FF4FF40033C4F842
:101070000C3102B070BD00BFA0400020A0A920200C
:1010800098E20020264B1A884368C3F30E43D21A15
:10109000002AF0B5C46983B028DD2248224D0178CA
:1010A0002D78CBB2DFF894C0A942204D09D01CF8AE
:1010B00003100F4635F811100E46C1F500718A4233
:1010C0001AD90133002125F81420082B184D88BFA8
:1010D0000B4625F8141098BF19460CF80340154B21
:1010E000017019680A441A6003B0F0BD204603B0CD
:1010F000BDE8F040FFF792BF0F4906EB4720019291
:10110000084401EB4421FFF7CDF8019A0949204634
:10111000B31825F817300B6813440B60E7E700BFDE
:1011200098E20020BCE20020BDE2002064E1002043
:1011300074E1002060E10020A0A9202084E10020CB
:10114000224B1A78002A3FD102F0FF03204A12787E
:10115000002A39D01F4A1288002A35D01E49C2F50C
:10116000006210B5087884B01C4901EB40141C499A
:1011700001EBC0212046CDE902230191FFF7CEFE0D
:10118000DDE901120A44BFF34F8F4FF0E020039BCB
:10119000C0F8701F20318A42FAD80193BFF34F8FF5
:1011A000BFF36F8F04202146FFF7D0FE0A480021CD
:1011B000084B027819800132019BD2B2032A98BFF2
:1011C0001346037004B010BD704700BFC4E2002096
:1011D000C6E20020A2E20020C3E20020A0410020DD
:1011E000A0B920202DE9F04F87B00490002900F02D
:1011F000BF8000235F4C604F4FF00109DFF890A1E2
:101200005E4E029303915E4B5E4A1D783B8802EB73
:10121000451284F800900192002B40F0A58098467A
:101220001D469B460198FFF7B7FE10F0800000F0C6
:101230008B80BFF34F8F9AF8003084F800B00DB95F
:10124000D6F80080002B7BD13368A3EB0803782B02
:1012500000F283804C4B1B78002B71D000F094FA85
:101260003B88012584F80090002BDBD044491A46C6
:10127000C3F500600D78039900EBC520DFF814B1C9
:101280009142584417D20593DDE903210192FFF7FB
:1012900009F8019A4FF04041059B9B1A3B803B4B5C
:1012A000C3F88410BFF34F8F0298002310442370BB
:1012B00007B0BDE8F08F0499FEF7F4FF00230BEBB5
:1012C000C5214FF400620198FFF728FE0BEBC52102
:1012D000BFF34F8F01F1200201F50063934294BFE9
:1012E000012340234FF0E02201EB4313C2F8701FAB
:1012F00020318B42FAD1BFF34F8FBFF36F8F0420A1
:101300000199FFF723FE1E4A13780133DBB2042B49
:1013100028BF002313703B88039AD11A029A1A44FB
:1013200003910292049A1A4400230492174A3B80C4
:10133000C2F88430BFF34F8F237000297FF463AF6E
:10134000029807B0BDE8F08F4FF400620C4B8AF8AA
:1013500000001D7813463A808DE7012302988AF831
:10136000003007B0BDE8F08F1A46C3F5006082E791
:101370000846E6E7C4E20020A2E20020B8E100202F
:10138000C3E20020A0410020C6E2002000002E4061
:10139000C2E20020A0B92020704700BF2D4B0021E1
:1013A00080222D4870B51B7800242C4E8B420CBF38
:1013B00040234FF400732A4D33802B8003F090FEBE
:1013C000284A2146284B14704FF4807227481C800D
:1013D00003F086FE264A1021264B0220C2E9004473
:1013E000C2E90244244AC3E900441470234AC3E911
:1013F0000244234B1C70234614602246FFF758FD1D
:10140000204B224631880320FFF720FD234601228E
:1014100029880420FFF74CFD20460134FFF7FEFD2C
:10142000082CF9D1184B00214A221848184C0460A6
:10143000C3F88410C3F88020D3F84821154942F03E
:101440008072C3F8482121B1134A137843F0010395
:10145000137070BDC7E20020A041002098E2002078
:10146000A4E20020C3E20020A2E20020A04000206D
:1014700064E1002074E10020BCE2002060E1002073
:10148000BDE2002069E8000000002E4084E2002058
:1014900025E9000000000000C9E200202DE9F84F16
:1014A0004FF400324FF0E023C3F88C212B4B1C7813
:1014B000002950D082468B46E4B20027DFF8B49072
:1014C000274B5046274AABEB07081B78A34204F191
:1014D000010437D0092C244B244928BF00241E5D69
:1014E00039F8163031F8165003EB4621ED1A114445
:1014F000A8452A4617D21E4C42465046FEF7D2FE59
:10150000236839F816105846A3EB0B0388443B4474
:1015100029F8168023604FF0E0234FF40032C3F81F
:101520000C21BDE8F88FFEF7BDFE114A2F4430466E
:101530001368AA445B1B1360084A1470FFF76EFD22
:10154000BB45BDD84FF0E0234FF400323846C3F816
:101550000C21BDE8F88F0846DDE700BFBDE20020A2
:10156000BCE20020A0A9202084E1002064E100204A
:1015700060E1002074E100200B4B0C4A12781978CE
:10158000D3B28A420DD0013309480A4A092B0A49CD
:1015900028BF0023C35C31F8131002EB4323585CCF
:1015A00070474FF0FF307047BCE20020BDE20020E2
:1015B00084E10020A0A9202074E10020054B1868D8
:1015C00000B1704700B583B0019000F0DDF80198DC
:1015D00003B000BD60E100202DE9F84F144E154D19
:1015E00033782A78934220D0DCB2DFF85090DFF8CD
:1015F00050B0DFF85080104F0134082CA24601D9BA
:101600000024A24619F80400DBF8003038F8102056
:1016100037F81010521A9B1ACBF80030FFF7FEFC77
:1016200086F800A02B78A342E6D1BDE8F88F00BF72
:10163000BDE20020BCE2002074E1002084E1002033
:1016400060E1002064E1002000B583B001210DF1CC
:101650000700FFF723FF18B19DF8070003B000BD96
:101660004FF0FF30FAE700BF084B00B583B01B789E
:101670008DF8070033B101210DF10700FFF7B2FD2E
:1016800003B000BD03F0FF0003B000BDC6E20020C0
:10169000034B1B780BB1FFF7A5BD03F0FF007047AC
:1016A000C6E200202DE9F04100240D4E01230D4D2E
:1016B000A0460D4F33703B782846A34205D0FFF774
:1016C0006BFC030658BF08F5006801342035042C74
:1016D000F1D1BFF34F8F002340463370BDE8F08156
:1016E000C4E20020A0410020C3E20020204B1B7870
:1016F00013B1204B1A8802B970471F4BC2F5006224
:101700001E481F4930B51B7883B01E4C00EB4310B8
:1017100001EBC3210123054623700023CDE900120C
:10172000FFF7FCFBDDE900120A44BFF34F8F4FF0D7
:10173000E023C3F8701F20318A42FAD8BFF34F8FDD
:10174000BFF36F8F04202946FFF700FC0A490022EF
:1017500008480B7802800133DBB2042B28BF134604
:101760000B70BFF34F8F074B1A7003B030BD00BF33
:10177000C6E20020A2E20020C3E20020A041002037
:10178000A0B92020C4E200202E4B2DE9F0411E78A4
:1017900086B1DFF8C88098F800305BB90123F10703
:1017A00088F8003040D4B20727D4002388F80030EE
:1017B000730701D4BDE8F081234B1A68002AF9D0E1
:1017C000EFF30582002AF5D1EFF3108572B61868A1
:1017D000002830D01D4C217800292CD10122227004
:1017E00042691A60002A2AD0916105B962B60025C3
:1017F0008368457798472570DCE7154B1B78002BED
:10180000D3D0144F002557F8044F236820461B6996
:10181000984710B163699B6898470D4B01351A785A
:10182000EBB29A42EFD8C0E7FFF7C8FE0028BAD063
:10183000AFF30080B7E7002DBCD162B6BAE7064B24
:101840001A60D2E7C9E20020C0450020A7E20020CC
:10185000A8E200201C400020CC450020AEE2002081
:1018600010B500234FF470440F224FF4806EA0F89F
:101870008C411946A0F88E214FF46044A0F89031B5
:101880000A46B0F8883148F2B82C43F0F003A0F8CB
:10189000883101EB4103013100EB431304299C80A3
:1018A000A3F806E05A841A865A805A81A3F80EC01B
:1018B0005A82DA825A83DA83EBD1B0F8883143F066
:1018C0000F03A0F88831B0F8883143F47063A0F8B2
:1018D000883110BD374B384A996F384841F47F0141
:1018E00070B5996741F20106D3F8801045F6C055EE
:1018F00043F226040A43C3F88020FFF7B1FF00F546
:101900008040FFF7ADFF00F58040FFF7A9FF00F52D
:101910008040FFF7A5FF0022A0F503104FF00F0E47
:10192000114600EB42134FEA421C01329981042A0E
:101930005981A3F80EE09E82DD8020F80C101982F8
:101940009C81EED100221E484FF00F0E41F201069D
:10195000114645F6C05543F2260400EB42134FEA08
:10196000421C01329981042A5981A3F80EE09E821B
:10197000DD8020F80C1019829C81EED100221148E4
:101980000F2641F20105114645F6C05443F2260EDA
:1019900000EB42134FEA421C01329981042A59811B
:1019A000DE819D82DC8020F80C101982A3F80CE007
:1019B000EED170BD00C00F40000003FC00C03D40F0
:1019C00000001E4000401E40074A506A936A1946B4
:1019D0008446506A936A9942F9D18445F7D1DB0B6A
:1019E00043EA4040704700BF00400D4008B5D0E9D1
:1019F00000325BB1BAB10F4BA3FB0213DB0803EB60
:101A00004303B2EB83030AD1012008BD094BA3FBBA
:101A10000213DB0803EB4303B2EB830301D0D21ABA
:101A20004260F02AF0D803F0FDFE1C22034600209D
:101A30001A6008BDABAAAAAA30B583B060B3044649
:101A400021B11D46B2FA82F35B09A2B9206818B32E
:101A500062680AB3164B174902FB03F3B1EBB30FED
:101A60001AD3A368FBB9002323606360A360E3601B
:101A7000012003B030BD0193069BC0E90012C36092
:101A8000FFF7B4FF60B1002DF2D0626801992068C1
:101A9000A56003F025FBEBE703F0C4FE162303600B
:101AA000002003B030BD002103F01AFBDBE700BFCC
:101AB000ABAAAAAA5555551503460846194602F081
:101AC00033BF00BF38B50546082000F0CFF82946DF
:101AD000044600F065FF054A0549204600F0DCFD9C
:101AE000204600F0DBF800F061F900BF750001004E
:101AF0001828002038B50546082000F0B7F8294618
:101B0000044600F08FFF054A0549204600F0C4FD59
:101B1000204600F0C3F800F049F900BFB50001000D
:101B200024280020004870477825002010B5034B7A
:101B30000360044600F002FA204610BDB42A0020DB
:101B400010B5054B0360044600F0F8F92046FEF797
:101B500045FC204610BD00BFB42A002008B5042073
:101B600000F084F8024B034A0349036000F094FD3F
:101B7000B42A002011F300003C28002022494A68C2
:101B800030B5A0F108044AB350F8083C04EB030E4A
:101B900072451D4622D8536827D001F1040C33B991
:101BA0002DE0596802F1040C1A4651B10B469E45CE
:101BB000F7D822D1536819685B685360DCF80030AD
:101BC0000D441A6899188C420CD05B6840F8043CAC
:101BD000DCF8003040F8085C5C6030BD40F8042C54
:101BE0004C6030BD2A441A6030BD126840F8043C95
:101BF0002A4440F8082C4C6030BD1346E1E71346F8
:101C000001F1040CDDE700BF20420020164910F16D
:101C1000090F98BF00F10F02486894BF22F0070235
:101C20000822043118B97047011D4068B0B103683B
:101C30009342F9D308680368A3EB020CBCF1070FC9
:101C400000B5D0F804E00AD98318C3F804E040F8DE
:101C500002C0086802600B60083000BD7047036076
:101C600073460B60083000BD2042002010B500F123
:101C70008004803002F024F9034630B18022002134
:101C8000184603F02DFA803010BD2046FFF7BEFF46
:101C900003460028F2D100F08FFC00BF064BD3E9C9
:101CA000022380381344984203D2824201D2FFF7C4
:101CB00065BF02F00DB900BF2042002070B5364D5F
:101CC00036488AB00024C5E90144EC6002F0ACF863
:101CD000334B344A0821CDE905340491042309210A
:101CE000CDE907120993A0B1044623782E483A2B78
:101CF00008BF01340F22214603F01EF910B9E37B1F
:101D00002E2B16D020463A2103F02EFA0446002846
:101D1000EBD1099A069C402AA8BF4022002C08BF9C
:101D200006243E3402FB04F4A400EC60ACB90AB013
:101D300070BD103404AB1E68214632462EB158687F
:101D4000019303F0F9F8019B10B9A25D3D2A0ED072
:101D50000C330AAA9342EED1D4E7204602F0B0F841
:101D6000A860B0B10023C0E900436860DFE7701CE1
:101D70002044002203A9019302F0C6FD039C019BAD
:101D800022783A2A01D0002ABCD10028A8BF986046
:101D9000B8E7E860CBE700BF204200208C25002098
:101DA000A0250020AC250020B82500201EB400F09E
:101DB0008DF81EBC01F0D6FDF0B50278472A83B03D
:101DC0000C461F4619D0264E0020336801909B68B0
:101DD0003046984778B1019B1B6801930225236820
:101DE000314620461E6901AA0123B04738BB05468B
:101DF000284603B0F0BD0125F1E743784E2BE2D130
:101E00008378552BDFD1C378432BDCD10379462B64
:101E10001AD0432BD7D143792B2BD4D183792B2BB9
:101E2000D1D1C379012BCED850F8206C4FF00003EC
:101E300001930ABF3046583056F8786CC5E7019BCD
:101E40003B60284603B0F0BD43794F2BBBD183796B
:101E5000522BB8D1C0790028B5D1024EB5E700BFEA
:101E600004280020F027002010B5044600F07CF87C
:101E7000234613F82029472A04D0826822BB8360B6
:101E8000012010BD62784E2AF7D1A278552AF4D1EC
:101E9000E278432AF1D12279432AEED162792B2AC2
:101EA000EBD1A2792B2AE8D1E279012AE5D854F8BE
:101EB000042C0132012A44F8042CE1D1826844F850
:101EC000082C8360012010BD00F076FB08B500F0FF
:101ED0004BF883687BB393F82020472A04D0002274
:101EE000826003F1200008BD93F821204E2AF6D12C
:101EF00093F82220552AF2D193F82320432AEED1D9
:101F000093F82420432AEAD193F825202B2AE6D1FE
:101F100093F826202B2AE2D193F82720012ADED835
:101F2000DA69013ADA61002ADBD1996981609A6144
:101F300003F1200008BD00F03FFB00BF704700BF69
:101F4000704700BF00487047C825002000B583B027
:101F500004210190FEF744FA019803B000BD00BFD0
:101F600000487047B445002000487047B445002041
:101F7000502870B51D461ED000F00F0384460E4653
:101F80000C2B55D8DFE803F0074426071E545454A1
:101F9000542A22071E00104650F8043B4BB10CF0A7
:101FA0007001102918BF324613441CF0800F18BF6F
:101FB0001B682B6070BDD01C20F0030050F8043B60
:101FC0002B6070BD104650F8083BE7E7104630F92B
:101FD000023BE3E7104630F8023BDFE70023104600
:101FE000194610F8014B04F07F0E0EFA01FE14F0B2
:101FF000800F43EA0E0301F10701F2D11F29CDD86A
:102000006406CBD54FF0FF3404FA01F10B43C6E769
:1020100000231046194610F8014B04F07F0E0EFA0B
:1020200001FE240643EA0E0301F10701F3D4B5E7EC
:10203000FEF7FAFAFF281FD008B500F07003302B26
:1020400015D006D8202B0BD1BDE80840084601F07A
:10205000A2BE402B07D1BDE80840084601F088BE6B
:1020600003D8002008BD502BFBD0FEF7DDFABDE8F9
:102070000840084601F08CBE0020704730B503468A
:1020800083B00D46144618B1019001F071FE019B1A
:1020900020602A4612F8015BFF2D2ED160601046A9
:1020A00010F8013BFF2B39D010234FF0000C2375A3
:1020B000624610F8011B01F07F03934009064CEAC9
:1020C000030C02F10702F4D400EB0C03E36010F8F8
:1020D000013B63754FF0000C624610F8011B01F0E4
:1020E0007F0393404CEA030C0B0602F10702F4D481
:1020F00000EB0C03236103B030BD19462846019262
:10210000FFF798FF019A0146231D2846FFF730FF8D
:102110000246104610F8013BFF2BC5D12375002362
:10212000D4E700BF2DE9F04F00F0030397B000247F
:10213000012B02940C948946904600F0A680022B55
:102140000AD14146484601F0FBFD002840F092804C
:10215000082017B0BDE8F08F002B40F01F8210F070
:102160000804EED110AB01250393039B00930023D9
:102170000C2219464046CDF8409001F025F8404623
:1021800001F0FCFD05900028DBD044EA0503049330
:10219000029B039A05998DF8543040460023CDE9FF
:1021A0001333FFF76BFF9DF854300293044641460A
:1021B0001846139BDDF850A00693FFF73BFF0FAFC7
:1021C00000230790194600970F22404600F0D6FFE3
:1021D00054450F9B37D223F001039DF85550DDF88D
:1021E00040B05E1E00212846FFF724FF224601462C
:1021F0000DAB2846FFF7BCFE002104462846FFF73A
:1022000019FF224601460EAB2846FFF7B1FE00211A
:1022100004462846FFF70EFF224601463B46284665
:10222000FFF7A6FE04460020024614F8011B01F049
:102230007F03934018430B0602F10702F5D40D9B70
:102240005B44B3421AD9049BDC0725D500252E46F2
:1022500000231946009740460D220C9C00F08EFF8B
:10226000059BC9E90B360F9BC9F82030C9E9094520
:1022700006206EE7092017B0BDE8F08F0E9A1344D0
:10228000B3425BD85445ADD3DDE710F008040AD063
:1022900010AB0393022568E7049B180700F17C81CB
:1022A000484600F096FC10AB0D6A03930093029B26
:1022B0000D221946404600F061FF109B9D42E9D176
:1022C000039B0093029BCDF840900C221946404698
:1022D00000F07AFFD9F83060002EE1D0D9E90A5336
:1022E0000FAF0593002DC0F21281032400231A467C
:1022F000194600974046CDF83C9000F065FF00235A
:1023000019460122009740460F9500F05DFF00231B
:1023100019460F220097404600F030FF0F9A0097B1
:1023200002F00102002332430F9240460F22194669
:1023300000F04AFF022C6ED007200AE70F9E002E05
:102340003FF4FFAE119A1644002800F01581002ECC
:102350003FF4F7AE049B013813F008030AEB0004C6
:102360000A9300F00D818E4BC9F800308D4BC9F8EF
:102370000430029B089603F007030B934B464FF083
:10238000000AB9464FF0010BCDF824801F46002506
:102390002A4614F8011B01F07F039340080645EA22
:1023A000030502F10702F4D41F2A08D80BFA02F33E
:1023B0005B4211F0400F43EA050318BF1D4600269B
:1023C0002046324610F8011B01F07F0393401E4364
:1023D0000B0602F10702F5D41F2A40D84B063ED562
:1023E0000BFA02F35B421E43002D75D0049B022BB7
:1023F0000FD0002D39DC069A6FF040435B1B02EBD7
:10240000830817B10A9A002A6AD0D8F80030BBB105
:102410002EB13444BBE74846FFF726FD8CE73B4628
:10242000089EDDF824804F469946BAF1000F3FF42C
:1024300088AE049BDD073FF584AE0025022455E7F6
:102440003B464F469946049B089EDDF82480DA07F8
:102450003FF5FEAE002D3FF448AF00F0BBF885B16C
:10246000049B022BD4D0002DC5DD029BFF2B76D020
:102470000B9A042A00F29280DFE802F008902A0802
:1024800026004FF0010A002EC3D1C8E7069BA3EB3C
:102490008502079902984B46FFF76AFD0F9941B1F3
:1024A000002FB5D00CAB00223846FFF785FC002882
:1024B000AED03B464F469946049B089EDDF82480EB
:1024C000D9073FF5C5AE10E7069BA3EBC502E0E7D1
:1024D000069BA3EB4502DCE74FF0010A344456E7C4
:1024E000069A52F8231000293BD00C9B0F9303E06F
:1024F00058F8041F002934D041444B460022384686
:10250000FFF75AFC0028F3D0002E82D187E7069B04
:10251000039A059913934046029B8DF85430FFF7B8
:10252000ADFD9DF85400DDF84CA04146FFF782FD5B
:102530006FF040435B1B0AEB83045AF8233033B13E
:102540002246002352F8041F01330029FAD1C9E9B9
:102550000A300423C9F83440C9F83030C5E6069A79
:1025600097E73B464F469946049B089EDDF824803A
:10257000DB073FF56DAEB5E6002E7FF45AAFE0E520
:1025800099F80730012B0CBF59F8203C09F158038A
:102590000C93EEE600F098FB00F00EF8FEF744F81E
:1025A000474E5543464F520008B58047FEF73CF86A
:1025B00000F08AFBFEF738F808B5034B1868BFF344
:1025C0005B8FFFF7F1FF00BF5837002008B5804749
:1025D000FFF7F2FF08B5034B1868BFF35B8FFFF7F7
:1025E000F5FF00BF5C370020024B1868BFF35B8F1C
:1025F000704700BF58370020024B1868BFF35B8F4D
:10260000704700BF5C37002000B5012883B01CD89C
:10261000BFF35B8FA1F1280353E8002F013A43E891
:1026200000200028F8D1BFF35B8F62B951F81C3C41
:1026300001F1580013B101909847019803B05DF87B
:1026400004EBFFF72BBB03B000BD51F8140CFFF7F0
:10265000ABFF00BF002310B540E91E1240F8803CDC
:102660000446FFF7C9FF44F8700CFFF7BDFF0749A8
:10267000074A084B44F8581C44F8542C44F86C0C96
:1026800044F8503CA4F1800010BD00BF474E5543B4
:10269000432B2B00EDFD000070B504460D46164699
:1026A000FFF762FC43680133324643602946204607
:1026B000FFF7D0FF0446012344F8283B204601F0F1
:1026C00041F9204600F000FBFFF776FF10B5FFF759
:1026D0004BFCD0E90042013242606CB194F82020FA
:1026E000472A0BD00022026004F1200001F04AF9D1
:1026F00004F1200000F0E8FAFFF75EFF94F82120D3
:102700004E2AEFD194F82220552AEBD194F82320B9
:10271000432AE7D194F82420432AE3D194F82520D2
:102720002B2ADFD194F826202B2ADBD194F82720FE
:10273000012AD7D8626952426261D5E710B5034BCE
:102740000360044600F0C8F9204610BDCC290020E3
:1027500010B5054B0360044600F0BEF920460C217D
:10276000FDF73EFE204610BDCC29002070B582B09A
:102770000546069C94420E460BD0A868D0F800C0CF
:102780000694DCF820403146A44602B0BDE8704013
:10279000604719460192009300F062F8DDE90032CB
:1027A0000028EAD0062002B070BD00BF2DE9F0433A
:1027B00083B00F46194601920093DDE90A48DDE92E
:1027C0000C65814600F04CF8DDE9003278B9B4427E
:1027D00020D0D9F8080039460768CDE90C65CDE965
:1027E0000A48FC69A44603B0BDE8F0436047002FE7
:1027F0002C602A7109DB3C44A64214BF0124062444
:10280000AC71002003B0BDE8F0830237F9D1012399
:10281000AB71F6E741464846CDE9002300F020F8C9
:10282000DDE900230028D4D06A71EAE72DE9F04100
:1028300007460E4615461C4600F088F950B9B868A0
:102840000168D1F818E023462A463146F446BDE82F
:10285000F0416047BDE8F081704700BF002070473D
:10286000814211D008B5406803782A2B0AD0496804
:102870000B782A2B08BF013103F020F8B0FA80F062
:10288000400908BD002008BD01207047406870471E
:1028900010B543680C4A0D490446A3F10C00904260
:1028A00082B0216005D12046FFF748FB204602B0E8
:1028B00010BD53F8042C511E002A43F8041CF2DC0E
:1028C00001A900F0E7F8EEE7D4460020782A0020BE
:1028D00010B543680C4A0D490446A3F10C00904220
:1028E00082B0216005D12046FFF728FB204602B0C8
:1028F00010BD53F8042C511E002A43F8041CF2DCCE
:1029000001A900F0C7F8EEE7D4460020782A00209D
:1029100010B543680E4A0F490446A3F10C009042DB
:1029200082B0216008D12046FFF708FB2046FDF762
:1029300055FD204602B010BD53F8042C511E002A4C
:1029400043F8041CEFDC01A900F0A4F8EBE700BF9A
:10295000D4460020782A002010B543680E4A0F495B
:102960000446A3F10C00904282B0216008D12046B9
:10297000FFF7E4FA2046FDF731FD204602B010BD16
:1029800053F8042C511E002A43F8041CEFDC01A963
:1029900000F080F8EBE700BFD4460020782A002042
:1029A000F0B51C4B85B00446036079B308460D466C
:1029B00003F054F90646B0B103AA002100F03CF838
:1029C000012E034600F10C0712D001902946324631
:1029D0003846FDF767FC019B0F4A93420BD1204616
:1029E000676005B0F0BD0D4F6760204605B0F0BDD3
:1029F0002A780273F0E700229A601E6033441A734B
:102A0000EDE72046FFF79AFAFFF7D0F90448FFF701
:102A100059F800BF782A0020D4460020E046002064
:102A2000DC25002010B50446FFF7BAFF014B2360F8
:102A3000204610BD8C2A002000B5144A904283B075
:102A400020D88842034612D94800834238BF034643
:102A500003F11D00B0F5805F09D9994207D203F553
:102A60008053C0F30B001B1A934228BF134603F197
:102A70000D000193FDF7B0FC019B0022C0E901327B
:102A800003B000BD0248FFF735F800BFFCFFFF3F71
:102A900008260020FDF7A2BC70B5036884B00024AE
:102AA0009E690394102315460293CDE900446B46BA
:102AB0001268B0479DF8043003F00603062B03BFED
:102AC000009B2B600120204604B070BD009890420E
:102AD0000CBF06200120704710B5034B036004466D
:102AE000FFF7BAFE204610BDA029002010B5054B07
:102AF00003600446FFF7B0FE20460821FDF770FC96
:102B0000204610BDA029002030B583B01546089995
:102B1000069A8A4204460DD019462046FFF7A0FEC9
:102B200028B1099A0699116001231571937100204B
:102B300003B030BD07990193FFF792FE019B002877
:102B4000EAD0099B00205D7103B030BD10B582B0A2
:102B500014460193FFF784FE019B20B10821062251
:102B60001C60D9601A7102B010BD00BF2DE9F041A0
:102B7000074616461D460C46FFF772FE48B9032D60
:102B800007D823683246394620465B69BDE8F041E4
:102B90001847BDE8F08100BF0378472B17D1437871
:102BA0004E2B14D18378552B11D1C378432B0ED1E2
:102BB0000379432B0BD143792B2B08D183792B2B12
:102BC00005D1C07901288CBF00200120704700206A
:102BD000704708B550B1044600F076F82046FFF77C
:102BE000DBFF18B154F8140CFFF7DEFCFFF7E4FC30
:102BF0002DE9F04F83B00246FFF7CEFF38B152E91E
:102C00000674D2E90C69D2F828A0002505E0044634
:102C100007460125814606468246104600F054F8D4
:102C20000DB1FFF7D7FC3846FFF7D0FC00F04CF8A9
:102C30000DB1FFF7C1FCFFF793F9D0F8008098F8C9
:102C40002730012B0CBFD8F8003008F1780300932F
:102C50004FEA960B0027BA451DDD07FB0BF309EB86
:102C6000830259F8236006B116446B4600223146B0
:102C700008F12000FFF7A0F808B1FFF727FD33683F
:102C800001900E49304601AA1E690123B04728432E
:102C9000C5B20137DFE745B10420FEF7E7FF084B77
:102CA000084A06490360FFF7F7FC2046FFF77CFC63
:102CB00000F04EF800F04CF8FFF778F830280020CC
:102CC000A02A002025F7000010B5044682B0FFF7C7
:102CD0004BF92246036812F82019472905D0002B2A
:102CE00034D10260184602B010BD61784E29F6D189
:102CF000A1785529F3D1E1784329F0D121794329ED
:102D0000EDD161792B29EAD1A1792B29E7D1E1799C
:102D10000129E4D854F80C1C002914DB013144F8D3
:102D20000C1C416801394160934218BF44F8103CC3
:102D3000636A18BF02602046019300F017FA019BF6
:102D4000184602B010BDC1F10101E8E7FFF734FCFD
:102D500008B5FFF705F903687BB393F82020472AED
:102D600007D00022026003F12000BDE8084000F017
:102D7000FFB993F821204E2AF3D193F82220552A47
:102D8000EFD193F82320432AEBD193F82420432A50
:102D9000E7D193F825202B2AE3D193F826202B2A7C
:102DA000DFD193F82720012ADBD85A69002A05DBF6
:102DB000013A08D0511C0ED05A6108BD0132FBD136
:102DC00019690160F8E71A69026003F12000BDE8A3
:102DD000084000F0CDB9FFF7EFFB00BF03685A00D1
:102DE0004CBF43F0004323F000431844704700BF3A
:102DF0002DE9F04751B301F1FF3817460546464625
:102E00004FF0000A0AEB060101EBD171491005EB06
:102E1000C1094846FFF7E2FF88454FEAC10410D0D8
:102E2000B84204F10800284407D8FFF7D7FF01385B
:102E3000B84208D201F1010AE4E78A4506D04E1EE5
:102E4000E0E7B842F9D84846BDE8F0874FF00009FE
:102E50004846BDE8F08700BF012806D0022802D00E
:102E600028B9044870470448704704487047002058
:102E7000704700BF1D0D01002D0D0100250D010043
:102E800010B5234B84B004468A1E4BB303A91046E9
:102E90000192AFF30080F0B10399019AFFF7A8FF08
:102EA0000146C0B1FFF79AFFA0644B68012B2BD0FD
:102EB000002B01F1040025DBFFF790FF00232365C1
:102EC0000368E064002B12DBFFF788FF0346002055
:102ED000236104B010BD00230920236104B010BD9C
:102EE0000C4B0D49C91AC91018460391D6E7C3F314
:102EF0000360FFF7B1FF031E0CBF09200020236110
:102F000004B010BD0123DAE700230520E0E700BF8D
:102F10000000000014AF0100BCB101000368DA0733
:102F200010B5044606D49B0700F1500009D500F007
:102F3000A1FC2368590709D51A070ED5DB0613D55E
:102F400010BD00F08FFC23685907F5D404F1D800B8
:102F500000F098FC23681A07F0D404F5AC7000F078
:102F600099FC2368DB06EBD404F5EC70BDE8104057
:102F700000F0D4BC036803B103441846704700BF97
:102F8000704700BF70B504460D46296C2046FFF718
:102F900077FF064688B92A6C626123692A46214672
:102FA000012098470828F0D0072806D13046296C20
:102FB000FFF7E6FF281D00F049FCFDF735FB00BFD9
:102FC0002DE9F04F0C1DD0F80C90D0F818A0074652
:102FD00015460FCCADF5777D0DF10C0CACE80F006C
:102FE0000FCCACE80F000FCCACE80F0094E80F005A
:102FF00002AE4FF0000E8CE80F00C6F800E020E0B3
:10300000336C7B614FF4F47231467CA8FDF74AF9CA
:103010003B697CAA3946584698478A9BB36429463F
:10302000CDE9006A04463B4601203A46C8470546BA
:1030300018BB4FF4F4727CA93046FDF733F9082C25
:1030400019D1316C3846FFF71BFF093504465FFA8A
:1030500085FB0028D4D0B36BB3643A46CDE9006A4F
:103060003B464BF010010120C84730B920460DF512
:10307000777DBDE8F08F072C05D0092420460DF59B
:10308000777DBDE8F08F2846316CFFF779FF03A804
:1030900000F0DCFBF0B5CB6BFBB001F1040E0B6470
:1030A0000E460446BEE80F000DF1040CACE80F001C
:1030B000BEE80F00ACE80F00BEE80F00ACE80F0060
:1030C0009EE80F004FF0FF378CE80F00009706E0F6
:1030D00023696A46214698470828074608D110996F
:1030E0002046FFF7CDFE0028F2D009207BB0F0BDCE
:1030F0006846FFF713FF062FF7D131462046FFF74A
:1031000041FF00BFC1608261DA6B1A641946002278
:10311000FFF756BF436970B50B64C668AEB9036963
:103120000A4604460D46014602209847072805D066
:1031300008280FD129462046FFF724FF3046296C86
:10314000FFF71EFF281D00F081FB0122FFF738FF6B
:10315000FDF76AFAFDF768FAC26822B1CA6B0A6421
:103160000022FFF72DBFFFF795BF00BF704700BFDC
:10317000836813B10146012018477047052915D807
:10318000DFE801F00A031403030501207047009AE9
:10319000436C13600020704743B90F2A06D800EB38
:1031A0008200009A43681360002070470220704735
:1031B00000B585B00A46002303A900911946FFF720
:1031C000DDFF039805B000BD052915D8DFE801F043
:1031D0000A031403030501207047009B1B68436426
:1031E0000020704743B90F2A06D8009B00EB8200ED
:1031F0001B684360002070470220704700B585B00F
:103200000DF10C0C00230392CDF800C00A461946BC
:10321000FFF7DAFF05B000BD2DE9F041D36BADF546
:10322000107D02F1040C136406460F46BCE80F0043
:103230000DF15C0EAEE80F00BCE80F00AEE80F0029
:10324000BCE80F00AEE80F009CE80F004FF0FF381D
:103250008EE80F00CDF8588010E0FFF7CFFF394619
:1032600016A8B047034616AA0820694683B9049BEE
:103270009847052880460DD0092809D02699684628
:10328000FFF7FEFD03460C216A4616A8002BE4D08A
:103290004FF0090816A8FFF741FE40460DF5107DD6
:1032A000BDE8F0812DE9F04F1646CA6C89B00C4696
:1032B00052F8041B069200F0030CE3B10D0C8DF8DC
:1032C0001D500904EDB2059102EB850202218DF833
:1032D0001C10216DBCF1020F08BFA26B11F001019F
:1032E0000FD005A9304600F0A7FB00283AD10820EE
:1032F00009B0BDE8F08F090205918DF81D3003215A
:10330000E5E7D2F80080B8F1000FEAD000F008003D
:10331000CDE90101C2469946E046B9F1020F25D038
:10332000B2F800A05788151DA36C27F0010B0F21E0
:1033300030469B44FFF73CFF834515D82AF0010334
:103340005B44834294BF002001207B0003F0020312
:103350000AF0010A43EA0A03012B0BD0022B4BD0DF
:10336000002B41D00920C3E70020EEE7576802F1A7
:103370000805D9E7B8F1000F6CD1A8B16B689A1CA9
:10338000F0D004F1580701332A68049700F0C78091
:10339000281DFFF7EFFDD20F014604AB2046FEF7D4
:1033A0000BFD002840F0938005F10802D2F800A040
:1033B000BAF1000FB1D105A9304600F03DFB00285D
:1033C000D0D1029B002B92D00F213046FFF7F0FEA8
:1033D0000E2102463046FFF711FF564A0F213046B4
:1033E000FFF70CFF072083E7B8F1000F02D0002899
:1033F00040F083802A1DD9E72F6827F0004BB8F1F1
:10340000000F0ED128B1019B002B3BD0BBF1000F68
:1034100038D0002F00DA04350BF1010305EB8302ED
:10342000C4E70D213046FFF7C3FED4F820A0824543
:10343000EFD1A26A9542ECD100270422C4E90B72B5
:10344000AA18C4F828B062632A68BA426DDB012367
:103450000293E1E70D213046FFF7AAFE276A874273
:10346000A2D1A36A9D429FD12846FFF7B7FC0F2146
:1034700002463046FFF7C2FE224600213046FFF7E3
:10348000BDFEAFE7CDF80C8005F1040AA046002789
:1034900058340CE050460494FFF76CFD00220146BE
:1034A00004AB4046FEF788FC0AF1040A00BB5F4506
:1034B00007F10107EED10D213046FFF779FE049B9D
:1034C000C8F828500246C8E90823062010E70190F2
:1034D0000D213046FFF76CFE019A049F2062022AFC
:1034E00004BFE76204F12C07C4E909750620FFE672
:1034F00044462F68DDF80C808BE72846FFF76EFC0A
:1035000004350746A5632046FEF7AEFC00283FF4CD
:1035100029AF3A460F213046FFF770FE62E70D21D2
:103520003046FFF745FE2062DEE70BF1010205EBB6
:1035300082009AE7D50301000023FFF7B3BE00BF66
:103540000123FFF7AFBE00BF0223FFF7ABBE00BFF2
:103550002DE9F0410446C4B0052908D8DFE801F0A0
:1035600016310779A00B1144102940F2C0800220C7
:1035700044B0BDE8F081002AF9D1A36B53F8042BC5
:103580006264A363002044B0BDE8F081002BEED15B
:10359000D4F838C095B24FF0010E0EFA03F129426B
:1035A000604606D050F8041B04F1040C4CF82310BC
:1035B00084460133102BF0D19104E3D4C4F838C011
:1035C000E0E7110C012B0E4692B2CCD0052BCED1E8
:1035D00011442029CBD80F2E40F2CA80002AD1D026
:1035E000216817464A0740F12181204621F0040155
:1035F00040F8D81B009300F049F902A8804600F07B
:1036000045F9D4F838E0009B4FF002024FF0FF314B
:10361000102E17FB021C314638BF102108EBC101E8
:1036200084396246704650F8045B41F8045F013A01
:10363000551CF8D10EF1040E012B0EEB8C0200F09C
:10364000EC800F2EA26340F2F380404600F01AF99E
:1036500098E7032B8BD193B21E4603EB1243102B3A
:103660004FEA124783D823681A0700F1AC8022ADD5
:10367000284600F031F9A16B730066B105EBC70273
:10368000013B881A013B52F800C042F804CB5F1C92
:10369000F8D101EBC601A163284600F0FBF871E701
:1036A000002B7FF464AF102A3FF661AF2368DD067C
:1036B0007FD422A8009200F03BF9D4F838E0009AB9
:1036C00022A80023012199401142F44603F101038D
:1036D00003D05CF8041B0160E646042B00F10400F3
:1036E000F0D1C4F838E022A800F018F94AE7102E0B
:1036F0003FF43DAF2168C8070AD5204621F00301F9
:1037000040F8501BCDE9002300F0B0F8DDE90023BC
:1037100022AD2846CDE9002300F0A8F8009AD4F89D
:1037200038E0002A7BD0019B00274FF0FF3112B216
:1037300001EB420205EBC601904604397046013A9E
:1037400050F804CB41F804CFB2F1FF3FF7D10EF1AE
:10375000040E0EEB880E002F3DD1012B5FD00F2EF3
:10376000C4F838E03FF60EAF284600F083F809E7CA
:103770002068102900F0010530D865B120F0010162
:10378000204641F0020140F8501BCDE9002300F033
:1037900075F8DDE9002322AD2846CDE9002300F0CD
:1037A0006DF8DDE90023002ADED0D4F838E00027E8
:1037B000BBE723F01003236004F5EC70009200F0E7
:1037C000B7F8009A75E723F00803236004F5AC709E
:1037D00000F082F84BE70DF1080815E7A1F110079A
:1037E0005DB120F00102204642F0020240F8502B69
:1037F000009300F043F82068009B42071CD400931C
:1038000022AD284600F03AF802A800F03FF8A26B7B
:10381000009B9646C6F1100287E7964622AD0EF150
:103820000403A363284600F01DF8ABE60093E4E62A
:1038300022A800F01FF808E720F0040220460093B9
:1038400040F8D82B00F022F8DAE700BF00F134018D
:1038500091E838009C46A6464CF8045D90E8FF0FBE
:10386000E54600BD90EC210B704700BF80EC210BBA
:10387000704700BF90EC200B704700BF80EC200B1E
:10388000704700BFD0EC200B704700BFC0EC200B8E
:10389000704700BFF0EC0201F0EC0211F0EC0221E5
:1038A000F0EC0231F0EC0241F0EC0251F0EC02617C
:1038B000F0EC0271F0EC0281F0EC0291F0EC02A16C
:1038C000F0EC02B1F0EC02C1F0EC02D1F0EC02E15C
:1038D000F0EC02F1704700BFE0EC0201E0EC0211F5
:1038E000E0EC0221E0EC0231E0EC0241E0EC0251BC
:1038F000E0EC0261E0EC0271E0EC0281E0EC0291AC
:10390000E0EC02A1E0EC02B1E0EC02C1E0EC02D19B
:10391000E0EC02E1E0EC02F1704700BFB0FC018195
:10392000B0FC0191B0FC01A1B0FC01B1704700BF37
:10393000A0FC0181A0FC0191A0FC01A1A0FC01B1AF
:10394000704700BFEC4600B52DE900502DE9FF1F80
:103950004FF000030CB401A9FFF79CFBDDF840E039
:1039600012B07047EC4600B52DE900502DE9FF1F5D
:103970004FF000030CB401A9FFF7CCFBDDF840E0E9
:1039800012B07047EC4600B52DE900502DE9FF1F3D
:103990004FF000030CB401A9FFF7DEFBDDF840E0B7
:1039A00012B07047EC4600B52DE900502DE9FF1F1D
:1039B0004FF000030CB401ABFFF7A4FBDDF840E0CF
:1039C00012B07047EC4600B52DE900502DE9FF1FFD
:1039D0004FF000030CB401AAFFF71EFCDDF840E035
:1039E00012B07047027A03467AB9427AA2B14168AE
:1039F000013A42720868032201F1040C1A720202B1
:103A0000C3F804C0000E1A6070470068013A1A72C9
:103A100002021A60000E7047B020704700B585B0F2
:103A200003AA0023009219460C22FFF7A7FB039874
:103A300005B000BDFFF7F2BF2DE9F041064686B0A4
:103A40000D464FF000082846FFF7CCFFB02804468B
:103A500000F0228107065CD500F0F003A02B1AD0FD
:103A600031D8802B00F08280902B28D100F00D03FC
:103A70000D2B24D004AF002300F00F02194600974D
:103A80003046FFF77BFB002300970D221946304696
:103A9000FFF79AFBD7E7C34303F007034FF47F62B6
:103AA0001A41010702F47F624FF0000348BF42F45D
:103AB000804219463046FFF74BFD0028C3D009204D
:103AC00006B0BDE8F081B02B66D0C02B3CD1C62833
:103AD00000F0CF80C72800F0E48000F0F803C02B8E
:103AE00000F0F180C82800F0FC80C928E7D1284602
:103AF000FFF778FF020300F00F0002F4702201309C
:103B00000243012105233046FFF722FD00289AD009
:103B1000D5E78300DBB20433039304AF00231946D7
:103B200000970D223046FFF729FBDDE903326006DE
:103B30004CBFD21A9A180023049200970D221946FE
:103B40003046FFF741FB7EE700F0F803D02BB6D1FB
:103B500000F007020132052342F400220121304621
:103B6000FFF7F6FC00283FF46EAFA8E72846FFF702
:103B700039FF40EA0420B0F5004FA0D00401002333
:103B8000A2B219463046FFF7E3FC002897D1C4F3F0
:103B9000C03048EA000856E7A0F1B103042B00F258
:103BA000BC80DFE803F05429160C030005AA0023AB
:103BB000009219460D223046FFF7E0FA43E7002352
:103BC0001A4605213046FFF7C3FC00283FF43BAFFF
:103BD00075E72846FFF706FF020300F00F000130EB
:103BE00002F470220123024319463046FFF7B0FC6D
:103BF00000283FF428AF62E7002304AF0D221946E6
:103C000000973046FFF7BAFA2846FFF7EBFE0206A8
:103C1000049C4FF002030DD500F07F00984004444F
:103C20000733284603930494FFF7DCFE10F0800F5F
:103C3000039BF1D1984004F50174204400230490C3
:103C400000970D2219463046FFF7BEFAFBE62846DC
:103C5000FFF7C8FE431EDBB20E2B3FF630AF00234A
:103C6000024619463046FFF773FC00283FF4EBAEDE
:103C700025E72846FFF7B6FE020300F00F000130EB
:103C800002F470220323024319463046FFF760FC1A
:103C900000283FF4D8AE12E7B8F1000F2DD0002075
:103CA0000EE72846FFF79EFE431EDBB20E2B3FF6C3
:103CB00006AF0246002304213046FFF749FC0028E6
:103CC0003FF4C1AEFBE600F00F020132032342F4E1
:103CD000202219463046FFF73BFC00283FF4B3AEE4
:103CE000EDE62846FFF77EFE00F0F00200F00F033D
:103CF0001032013343EA023203E704AC4346414643
:103D000000940E223046FFF739FA0F220094434602
:103D100041463046FFF758FAC1E700F0FC03B42BE8
:103D20003FF4CDAE00F007020132012342F400223D
:103D300019463046FFF70CFC00283FF484AEBEE67F
:103D400000B5C26C536885B04FEA032E4FF0030CE8
:103D500008321B0E084601A9CDF804E002928DF846
:103D60000CC08DF80D30FFF767FE05B000BD00BF39
:103D700008B5FFF75FFE806C08BD00BF08B5FFF710
:103D800059FEC06CC37900EB8300083008BD00BF4A
:103D900008B5FCF749FC08B5FFF7FAFFDFF80CC0DF
:103DA0000A460146DCF8000000F002B80C3A002098
:103DB00010B5A1FB021482B074BB00F091F8034669
:103DC00070B350F8042C22F00302043A242A10D8CD
:103DD000132A16D91B2AC0E900441AD9242AC0E99B
:103DE00002440ABFC0E9044400F1100100F11801C7
:103DF00008E02146019001F073F9019B184602B0DA
:103E000010BD014600221846C1E900228A6002B0B6
:103E100010BD00F10801F5E701F004FD0C2303607B
:103E20000023184602B010BD00B5044B83B0014614
:103E300001AA186800F004F803B000BD0C3A002095
:103E40002DE9F0431D4F83B080460E46914601F0A8
:103E5000B3FF3D684DB133781C4673B1344602E080
:103E600014F8013F43B13D2BFAD1404601F0AAFFBF
:103E7000002003B0BDE8F083A41B28680028F4D01C
:103E80002246314601F0D8F920B92B681A5D3D2A47
:103E9000234404D055F8040F0028F1D1E5E73A682F
:103EA0000193AA1A92104046C9F8002001F08AFF37
:103EB000019B581C03B0BDE8F08300BF243A0020EA
:103EC000024B0146186800F00BB800BF0C3A002006
:103ED000024B0146186801F0D1BF00BF0C3A002028
:103EE0002DE9F04F01F10B02162A85B0804624D847
:103EF000102900F2AB8000F0C9FA02251821102227
:103F0000B74C2144A1F108004E68864200F062815E
:103F10007268F168B46822F003023244E1608C6098
:103F2000516841F001014046516000F0B5FA06F1D8
:103F30000804204605B0BDE8F08F32F0070200F11A
:103F40008580914200F28280019200F09FFA019AEE
:103F5000B2F5FC7FC0F0BA81570A7FD0042F00F27F
:103F60007281970907F139052BB207F1380CDB0094
:103F70009B4C2344A3F108065B689E4207D10DE0E9
:103F80000028DF6880F21381BE4207D03B465968A3
:103F900021F00301881A0F28F2DD65462369914953
:103FA0008B4200F0F1805E6826F00306B11A0F29FB
:103FB00000F391818B480029C4E9040080F27981E3
:103FC000B6F5007F676880F01981F10801310FFABA
:103FD00081FC76090121B14054F83C0098600F4300
:103FE00004EBCC010839D960676044F83C30C36009
:103FF000AB1001269E40BE4236D83E4206D125F087
:10400000030576003E4205F10405FAD004EBC50A2B
:1040100004EBC507A946F9680EE0486820F0030ED6
:10402000AEEB020CBCF10F0F0B46C96800F3188110
:10403000BCF1000F80F22D818F42EED109F1010910
:1040400019F0030F07F10807E5D17FE10C23C8F849
:1040500000300024204605B0BDE8F08F4FF4007317
:1040600040254FF03F0C83E7A768796821F00303F0
:1040700093429A4603D3991A0F2900F387805A492D
:104080005A4E0968103111440820CDE9011201F09F
:10409000FDFB01994B1E03444542834630681D4099
:1040A000B0F1FF3F18BF29464046019101F092FB55
:1040B000411C0546DDE9011200F02B8107EB0A0CDB
:1040C000844500F224814A4B186800EB01090BF18A
:1040D000FF3EC3F8009000F08981306801301BBFBB
:1040E000A5EB0C0C09EB0C003560186015F007000F
:1040F000814600F04881C0F108000544CDE9012364
:104100006B1803EA0E015844401A00EA0E063146C5
:1041100040469B4601F05EFB421CDDE9012300F0B6
:104120009581401B304440F001011868A56000EB08
:104130000609A7426960C3F8009017D0BAF10F0FC3
:1041400040F25E81AAF10C0121F0070C796801F0C0
:10415000010141EA0C017960052607EB0C01BCF175
:104160000F0FC1E9016600F263816968214B1E6887
:104170004E4538BFC3F800901F4B1E684E4501D214
:10418000C3F800902F46C6E0676831E7BD1841F0DC
:10419000010142F001027A604046A560696000F0CA
:1041A0007BF907F10804204605B0BDE8F08F9A6856
:1041B00001931944D760BA604A6842F00102404650
:1041C0004A6000F069F9019B03F10804204605B03C
:1041D000BDE8F08FCE68B1427FF49AAE0235DDE6DD
:1041E0003831002040310020EC480020F839002010
:1041F000BC480020E4480020E8480020B6F5206FC5
:104200004FEA56207CD3142800F2D38000F15C01E1
:1042100009B25B30C90004EB010C6158ACF1080C29
:104220008C4503D1A8E089688C4504D0486820F00B
:104230000300B042F7D8D1F80CC0C3E9021CCCF897
:104240000830CB60D4E6142F72D9542F00F2BA8014
:10425000170B07F16F052BB207F16E0CDB0087E639
:104260009D1842F001025A609E68864AF1608E6095
:10427000C4E90455C5E902224CF001026A604046D7
:1042800043F80EC0019300F007F9019B03F1080405
:10429000E0E69E441C46DEF8043043F00103CEF80D
:1042A000043054F8083F4046D9608B6000F0F4F8C1
:1042B000D0E61E4440467268019342F001027260EB
:1042C00000F0EAF8019B03F10804C3E6D508691C75
:1042D00009B2C90014E69D1842F001025A60694A09
:1042E0000193C4E90455C5E9022241F001026A6064
:1042F0004046995100F0D0F8019B03F10804A9E66B
:10430000B00900F1390109B23830C90083E7A7428A
:1043100063D0A768796821F003009042A0EB020106
:1043200002D30F293FF732AF404600F0B5F890E6D0
:1043300007F15C052BB207F15B0CDB0018E6514678
:1043400051F808398B428A4640F09A8015F0030FE5
:1043500005F1FF35F3D1636823EA06036360760055
:104360009E423FF681AE1EB97EE6760009F1040951
:104370001E42FAD04D4649E68010012606FA00F0AA
:104380000743676059E7CDE902236B1803EA0E0182
:10439000ABEB010606EA0E0631464046019301F0FA
:1043A00019FA431C019B04BF4E461846DDE902235F
:1043B000B7E6542827D8300B00F16F0109B26E30F0
:1043C000C90028E7B7F5AA7F27D8D70B07F17805EA
:1043D0002BB207F1770CDB00CAE52B4B186800EB1A
:1043E00001090BF1FF3EC3F8009076E615EA0E0FC7
:1043F0007FF473AEA568514441F001016960B5E6F0
:1044000001236B6090E7B0F5AA7F25D8F00B00F18F
:10441000780109B27730C900FDE640F254539F425B
:1044200024D8930C03F17D0503F17C0CEB009FE590
:1044300007F108014046CDE9012301F01FFDA56801
:10444000029B6968D3F80090019A8FE6A9F10801F0
:104450000BEB0100002664E640F2545188420BD871
:10446000B00C00F17D01C9007C30D4E64FF47E73BE
:104470007F254FF07E0C7BE54FF47E717E20CAE6EF
:1044800063686CE740310020BC480020014801F01F
:10449000F9B900BFB4480020014801F0F5B900BFE8
:1044A000B4480020002900F09F802DE9F04383B03C
:1044B0000C4600928046FFF7E9FF009901F10B03DB
:1044C000162B60D81023994260D854F804EC2EF0D3
:1044D00003029A42A4F1080565DAB348806805EB47
:1044E000020C6045DCF8046000F0908026F00100CA
:1044F00060444068C0076CD426F0030690198342DC
:104500004CDD1EF0010F0FD154F8080C281A074695
:10451000406820F0030006441644B34240F3EF80A5
:104520001618B34240F3C9804046CDE90023FFF797
:10453000D7FCDDE900230646002800F0178154F877
:10454000041C21F001012944A0F1080C614500F090
:10455000AE80043A242A00F2CE80132A00F29C8016
:1045600003462246116819605168596092689A6042
:104570002146404601F082FC4046FFF78DFF304661
:1045800003B0BDE8F08333F007039CD50C23C8F8D3
:1045900000300026304603B0BDE8F0830246DCE977
:1045A0000201C16088606968D01A0F2801F001011A
:1045B00005EB02061BD811436960736843F00103E1
:1045C00073604046FFF768FF2646304603B0BDE8FB
:1045D000F0831EF0010FA7D154F8080C281A0746E3
:1045E000406820F003009BE71146FFF779BC1943B0
:1045F0006960E91840F001004860736843F0010306
:1046000008317360404601F039FCDAE726F0030612
:10461000B01803F1100C604580F28B801EF0010F82
:1046200082D154F8080C281A0746406820F003008D
:1046300006441644B445B1463FF772AF3E46F968AA
:1046400056F8080F043A242AC160886000F2A58059
:10465000132A40F2A0802168B9606168F9601B2AC2
:1046600000F2A480083407F110022168116061682B
:104670005160A1689160F918A9EB03024A4D42F01C
:104680000102A9604A607A6802F0010213434046C1
:104690007B60FFF701FF98E723680360636843606E
:1046A0001B2A3BD804F1080200F108035AE750F82E
:1046B000041C21F003010A4475E7043A3D46F968F9
:1046C00055F8080F242AC160886020D8132A1CD905
:1046D0002168B9606168F9601B2A3DD8083407F188
:1046E00010022168116061685160A16891602C46D8
:1046F00032463D4657E7214600F060FC38E7DCE9EA
:104700000201043AC1608860D8E72A46E9E72146F9
:104710002846009300F052FC009BE8E7A368836002
:10472000E368C360242A25D004F1100200F11003CD
:1047300018E71D4A1D449560C21A42F001026A60E2
:1047400054F8042C02F001021343404644F8043CA0
:10475000FFF7A2FE264638E7A1683961E168796172
:10476000242A10D0103407F11802BAE74046FFF7A8
:1047700093FE0EE7236903616169416104F1180248
:1047800000F11803EEE62269BA616269FA61183431
:1047900007F12002A5E7324667E72146304600933D
:1047A00000F00CFC009B66E738310020A1683961FD
:1047B000E1687961242A03D0103407F1180254E724
:1047C0002269BA616269FA61183407F120024CE784
:1047D0002DE9F0471D464A4B16460C4682460A46CE
:1047E000114612F801EB13F80EC01CF0080CF7D1BB
:1047F000BEF12D0F5AD0BEF12B0F03BF92F800E08F
:1048000063468A1C634645B9BEF1300F5CD00A2569
:104810003C4F4FF00509A8460AE0102D4BD04FF051
:10482000FF37B7FBF5F705FB07F96FEA0909A8465B
:104830000021084605E02CD008FB00C0012112F839
:1048400001EBAEF1300CBCF1090F06D9AEF1410C11
:10485000BCF1190F0BD8AEF1370C654510DDB1F185
:10486000FF3FECD0B842E6D94FF0FF31E7E7AEF1B9
:10487000610CBCF1190F03D8AEF1570C6545EEDCA5
:104880004D1C0BD003B140420EB169B93460BDE894
:10489000F087CC45D0DD4FF0FF31D0E72223CAF8B6
:1048A00000300846002EF2D0541EEFE792F800E0E8
:1048B00001238A1CA7E7BEF1300F11D04FF00F097A
:1048C0006FF07047A846B3E7117801F0DF0158296F
:1048D0000BD008254FF007096FF06047A846A7E7FF
:1048E000117801F0DF015829E8D14FF0100892F853
:1048F00001E04FF00F0902326FF07047454697E72D
:10490000BD2D00209999991900B5DFF818E084466B
:104910001346DEF800005DF804EB0A466146FFF737
:1049200057BF00BF0C3A002013460A46014602203A
:1049300001F000BAB1F90C202DE9F04180461007D2
:104940000C4650D4496842F400630029A38164DD19
:10495000A66A002E44D0002112F48052D8F80050EC
:10496000C8F8001065D1E16901234046B047411CF9
:1049700002466CD0B4F90C30A66A5B0705D56368B3
:10498000D21A236B0BB1E36BD21A0023E1694046C4
:10499000B047471CB4F90C304DD1D8F800101D2990
:1049A00040D8304ACA40D6073CD52269226023F459
:1049B0000062A281D9044FF00002626003D5D8F8EA
:1049C0000030002B41D0216BC8F8005041B104F1F8
:1049D0004003994202D0404601F050FA002323637D
:1049E0000020BDE8F0810E69002EF9D00D680E6040
:1049F00092070CBF4B690023AD1B8B600AE02B466E
:104A00003246E169676A4046B8470028A5EB0005D1
:104A1000064406DD002DF2DCE2E7E16B002997DCBD
:104A2000DEE7A38943F04003A3814FF0FF30BDE8E8
:104A3000F081226DA1E72269226023F40062A28145
:104A4000DB044FF000026260BDD52065BBE7D8F8FB
:104A50000030002B8ED01D2B01D0162BE1D1C8F8D1
:104A60000050BDE70100402000B5034683B008B107
:104A7000426B52B3B1F90C0098B14A6ED20701D41F
:104A8000820512D518460091FFF754FF00994A6E2F
:104A90000346D00702D48A8992050ED5184603B082
:104AA00000BD0346184603B000BD886D0193009118
:104AB00000F0E8FEDDE90013E4E7886D009300F004
:104AC000E3FE009B184603B000BDCDE9000100F0F5
:104AD000EFF8DDE90031CDE7002838D000B51E4BF6
:104AE0001B6883B001460BB15A6BD2B1B1F90C000F
:104AF00098B14A6ED20701D482051AD518460091A2
:104B0000FFF718FF00994A6E0346D00702D48A893E
:104B1000920516D5184603B000BD0346184603B0EB
:104B200000BD01901846009300F0C2F8DDE90031A5
:104B3000DCE7886D0193009100F0A4FEDDE900132D
:104B4000DCE7886D009300F09FFE009BE2E7034ADC
:104B50000349044800F0D6B80C3A0020003A00207F
:104B60004D22010040350020024A0349034800F06D
:104B7000C9B800BF003A0020718301004035002011
:104B80000C4B4168994210B5044601D005F0FEFF78
:104B9000A168094B994202D0204605F0F7FFE16871
:104BA000064B994204D02046BDE8104005F0EEBF08
:104BB00010BD00BFF048002058490020C049002027
:104BC0002DE9F843314A324C3249DFF8DC90DFF806
:104BD000DC80314F1160002504232946082204F1AE
:104BE0005C00C4E903352D4EA560C4E90055C4E955
:104BF0000555656600F074FA04F15800C4E90749E8
:104C0000C4E90987E66200F039FE2946244B636750
:104C1000082204F1C400C4E91A55C4E91E552567E9
:104C2000C4F8CC50C4F8805000F05AFA04F168037C
:104C300004F1C000C4F88430C4E92298C4E92476A1
:104C400000F01CFE174BC4F8DC30294604F59670C2
:104C50000822C4E93455C4E93855C4F8D850C4F81A
:104C60003451C4F8E85000F03BFA04F1D003C4E931
:104C70003D87C4F8F09004F59470C4F8FC60C4F863
:104C8000EC30BDE8F84300F0F9BD00BF284A002031
:104C9000F04800204D230100192601003D260100A7
:104CA0000900010012000200B5250100D92501000C
:104CB00010B504460A4800F0E5FD636B23B9094BC3
:104CC000094A1B68626323B1BDE81040044800F044
:104CD000DBBDFFF775FFBDE81040014800F0D4BD13
:104CE000B8480020284A002065230100014800F050
:104CF000C9BD00BFB8480020014800F0C5BD00BFD5
:104D0000B84800202DE9F8430746884616464FF07C
:104D100000097568013D11D4B468A389012B08D935
:104D2000B4F90E3001332146384602D0C04749EA73
:104D30000009013D6B1C04F16804EED13668002EB9
:104D4000E7D14846BDE8F8830FB400B5074983B002
:104D500004AB086853F8042B8168019303F0D6FD77
:104D600003B05DF804EB04B0704700BF0C3A0020BC
:104D70000CB430B5144B0D1E1C689DB01FDB14BF66
:104D800001220022AA1A114B0593002121AB1B918D
:104D9000029006900492079202A9209A019320465D
:104DA00001F090FD431CBCBF8B23236015B1029B17
:104DB00000221A701DB0BDE8304002B070478B234E
:104DC00023604FF0FF30F5E70C3A00200802FFFFA8
:104DD00010B50C46B1F90E1000F0E6FC002803DB1C
:104DE000236D0344236510BDA38923F48053A3815D
:104DF00010BD00BF2DE9F0411F46B1F90C30164639
:104E0000DA050C4605460BD423F48053A381B4F98C
:104E10000E103B4632462846BDE8F04100F0ECBC9F
:104E20000223B1F90E10002200F0A8FCB4F90C30F6
:104E3000EAE700BF10B50C46B1F90E1000F09EFC79
:104E4000B4F90C30421C0EBF23F4805343F480535A
:104E50002065A38110BD00BFB1F90E1000F07CBC2D
:104E600070B5ADF5067D0E46009313464FF4007203
:104E7000059206A905AA054600F028F898B1024651
:104E8000059B03903146284600F0B6FC039A059036
:104E900006AB9A4204D02846114600F0EFFF059871
:104EA0000DF5067D70BD4FF0FF30F9E700B5DFF876
:104EB00018E084461346DEF800005DF804EB0A466D
:104EC0006146FFF7CDBF00BF0C3A002010B59AB085
:104ED00021B1D2F800C0BCF1000F1CD100214FF469
:104EE000227CADF80CC01991009104914FF6FF7C23
:104EF00002910591144669461A461C9BADF80EC0F6
:104F000001F0E0FC002814DB009B206000221A70F6
:104F100004981AB010BD0091049161464FF4C16C21
:104F2000ADF80CC04FF0000CCDF864C0DEDA8B2376
:104F3000036000201AB010BD032A11D8002A3BD00C
:104F4000013A431E0139024401E09A4234D013F879
:104F5000010F11F801CF6045F7D0A0EB0C007047AE
:104F600010B541EA0004A40784460B460FD0013A6D
:104F7000431E0139024401E09A421BD013F8010F8D
:104F800011F801CF6045F7D0A0EB0C0010BDDCF8A4
:104F90000040D3F800E074451946604603F104036D
:104FA0000CF1040CE3D1043A032AF0D86046194608
:104FB000002ADCD1002010BD00207047884270B567
:104FC00031D98B1883422ED9032A00EB02011DD957
:104FD00041EA030C1CF0030F1D4618D14FEA920C56
:104FE0000CF1FF36A1EB8C048C4653F804ED4CF821
:104FF00004EDA445F9D1C6EB867301EB830105EB03
:10500000830CACF10403043902F0030252B102F143
:10501000FF3C6FEA0C0C9C4413F8012D01F8012DA4
:105020006345F9D170BD032A50D941EA00039B07BB
:105030004ED10F2A51D922F00F0301F1100601F1D0
:10504000100C103B203100F1100E19445CF8104C8C
:105050004EF8104C5CF80C4C4EF80C4C5CF8084CBC
:105060004EF8084C5CF8044C4EF8044C0CF1100C53
:105070008C450EF1100EE9D1F11812F00C0F03441B
:1050800002F00F0503F1100325D025F0030CACF15D
:10509000040426461A1F1C198C465CF804EB42F8DF
:1050A00004EFA242F9D1043104333144334405F012
:1050B0000302002AB6D0013A0132013B0A4411F83A
:1050C00001CB03F801CF9142F9D170BD0346F0E75F
:1050D000013A0346F0E72A46EBE703461546D4E7D4
:1050E00030B584078646034606D0A2B303F8011BF9
:1050F000980702F1FF32F8D1032A26D95FFA81FC22
:105100000CEB0C2C0F2A0CEB0C402AD922F00F0CC4
:105110009C44C3E90000C3E9020010336345F8D1A1
:1051200012F00C0F02F00F0417D04FEA940C0CF1A0
:10513000FF351A4603EB8C0C42F8040B6245FBD199
:10514000043304F0030203EB850322B11A4403F88D
:10515000011B9A42FBD1704630BD2246002AF5D190
:10516000F9E71446E1E700BF11F0FF01034600F044
:1051700003023AD092BB026801EB012303EB034325
:1051800083EA020C10B51C46A2F1013323EA0203A4
:10519000ACF1013222EA0C02134313F0803F0FD12D
:1051A00050F804CF8CEA040EACF10133AEF10132B9
:1051B00023EA0C0322EA0E02134313F0803FEFD0E0
:1051C000037823B936E010F8013F002B32D0994222
:1051D000F9D110BD8A4228D09A0729D01A781846EA
:1051E0000133002AF6D110467047CAB90268A2F10D
:1051F000013323EA020313F0803F08D150F8042F53
:10520000A2F1013323EA020313F0803FF6D00378C2
:105210005BB110F8013F002BFBD17047990705D017
:105220001A7818460133002AF8D170471846DDE78E
:105230001846A0E7184610BD8AB340EA01039B0751
:1052400030B504468E4618D1032A07D815E0043A33
:1052500023D01CF0803F20D1032A26D92368DEF812
:105260000050A3F10131AB4221EA030C2046714604
:1052700004F104040EF1040EE9D003780C78A34283
:105280000FD1013A024406E06BB110F8013F11F86A
:10529000014FA34205D19042F6D1002030BD104607
:1052A0007047181B30BD184630BD20467146E4E7F4
:1052B00010B504460843830701D1032A19D8A44630
:1052C00001F1FF3E07E01EF8011F03F8011B501E0D
:1052D00031B19C4602466346002AF4D1204610BDF7
:1052E00094440028FAD003F8011B6345FBD1204603
:1052F00010BD0B46A44618681946A0F1013323EAF5
:10530000000313F0803F01F10403D9D1043A032ACA
:105310004CF8040BEFD81946D2E700BF01292DE95C
:10532000F04115465BD94FF00108C64600224FF008
:10533000FF34434608E0A3EB04081A464FF0010E81
:1053400002EB0E03994210D900EB040CC75C1CF869
:105350000E60B742EFD332D04FF001081446C64674
:10536000424402EB0E039942EED80127C5F80080B3
:10537000BE4600224FF0FF363B4607E09F1B1A4611
:105380004FF0010E02EB0E03994210D900EB060C10
:1053900010F803801CF80EC0E045EFD817D00127A5
:1053A0001646BE463A4402EB0E039942EED8013649
:1053B000601C864201D32F603046BDE8F081C645AF
:1053C0000ABF72440EF1010E4FF0010EB8E7BE4560
:1053D0000ABF72440EF1010E4FF0010ED2E7012711
:1053E0000026E8E72DE9F04F9346ADF21C4D074645
:1053F000894605AA194658461C46FFF78FFF05AB9C
:1054000082460DF2144143F8044F8B42FBD16CB13C
:10541000601E58440BF1FF3212F8011FA31A013B22
:1054200006AE5B44824246F82130F5D1059B0293DB
:1054300052460BEB03015846FFF77EFD002878D15A
:1054400044F4006380460546A9EB04010393661EFD
:10545000A94213D307EB050E06AA1EF8063052F830
:105460002330D3B1B8F1000F03D0029A9A4288BF1B
:10547000A31A1D44A9424FF00008EBD2039907EB91
:10548000090005F0CFFD8144A9EB0401A942E1D256
:1054900000200DF21C4DBDE8F08FD045434638BFCB
:1054A0005346B3421BD20BF1FF3018440EEB0302FC
:1054B000019502E00133B34210D0157810F801CF06
:1054C000AC4502F10102F5D09E42019D07D9CAF117
:1054D00001022A44D5184FF00008B9E7019DD045D4
:1054E00080F0888007EB0A022A440AF1FF330BEBB5
:1054F0000A00019502E0984511D0013B10F801CD5A
:1055000012F8015DAC45F6D0019D013308F10108A8
:10551000984509D8029B1D44A4EB030898E708F1BD
:1055200001089845019DF5D970460DF21C4DBDE866
:10553000F08FA4EB0A03534538BF5346013302935F
:10554000661E44F400630025A9EB0401019307EBF8
:105550000608A94208D318F8052006AB53F82230F4
:105560009BB11D44A942F6D2019907EB090005F051
:1055700059FD8144A9EB0401A94289D318F80520FB
:1055800006AB53F82230002BEBD1564519D90BF15D
:10559000FF3007EB0A0350442B44524602E001322D
:1055A00096420ED093F800C010F801EFE64503F1E3
:1055B0000103F4D0964204D9CAF101032B449D188B
:1055C000C7E7BAF1000F10D007EB0A0028440BEB35
:1055D0000A0201E05A4508D010F801CD12F801ED99
:1055E000E645F7D0029B1D44BCE778190DF21C4D2F
:1055F000BDE8F08F534689E72DE9F0410D7890B072
:105600000446002D48D04A78002A68D08B78002BB9
:1056100046D0C878002877D00B79002B65D0084693
:105620000E4600F01BFB054640F40071204605F0D5
:10563000F9FC854242D8FE2D7FD8401B2718402216
:10564000691C6846FFF74CFD5DB1721EA81812F880
:10565000013F03F03F036B44B11A29449042197093
:10566000F5D1013C635D03F03F036B441B781C44A0
:10567000A74203D227E04444A74224D314F805C02C
:105680000CF03F0CEC442A46314620469CF8008042
:10569000FFF752FC0028EED1204610B0BDE8F081A3
:1056A000007842EA054238B140EA03439A4214F8CE
:1056B000010FF8D1023CEFE79A42FBD000242046CC
:1056C00010B0BDE8F0817B5D7819002BF6D04FF467
:1056D000006105F0A7FC0744A742C2D2EEE72946C5
:1056E00010B0BDE8F041FFF73FBD2278002AE5D0B9
:1056F000096809BA42EA0323204614F8012FB2B11F
:105700009942F7D1C41EC7E7120442EA0562217824
:1057100042EA0323024641EA020059B1B3EB002FEB
:1057200014F8011F4FEA0022F5D1033CB4E7994277
:10573000C4D1E7E79342C1D1F7E701462B46324691
:10574000204610B0BDE8F041FFF74CBE014B93F886
:1057500010027047A437002038B5074C00230546D7
:1057600008462360FAF750FF431C00D038BD236879
:10577000002BFBD02B6038BD1050002038B58C4674
:10578000084C114605461A46604600232360FAF786
:1057900047FF431C00D038BD2368002BFBD02B6093
:1057A00038BD00BF1050002038B58C46084C11465B
:1057B00005461A46604600232360FAF723FF431C80
:1057C00000D038BD2368002BFBD02B6038BD00BF54
:1057D0001050002038B5074C0023054608462360CA
:1057E000FAF7F8FE431C00D038BD2368002BFBD02D
:1057F0002B6038BD1050002038B58C46084C11463F
:1058000005461A46604600232360FAF71BFB431C3B
:1058100000D038BD2368002BFBD02B6038BD00BF03
:1058200010500020014B1868704700BF0C3A002050
:1058300070B50E4E0E4DAE4208D0761BB610002449
:1058400055F8043B01349847A642F9D8094E0A4D51
:1058500007F05CFFAE4208D0761BB610002455F866
:10586000043B01349847A642F9D870BDF026006089
:10587000F026006014270060F0260060704700BF2B
:10588000704700BF704700BF704700BF082802D1B3
:105890004FF48050704708B5FFF7C4FF162303602C
:1058A0004FF0FF3008BD00BF000000000000000006
:1058B00000000000000000000000000002780B78EB
:1058C000012A28BF9A4240F0D8806DE9044540EA99
:1058D0000104CDE902676FF0000C4FEA44721AB37D
:1058E00080EA010414F0070F6BD100F0070420F0E8
:1058F000070004F0030521F007014FEAC505F0E8B1
:10590000042314F0040FF1E804670CFA05F462EACA
:10591000040266EA04060BD063EA0403624667EAFF
:105920000407664604E000BFF0E80423F1E80467DA
:1059300082FA4CF582EA0604A4FA8CF46CBB83FA72
:105940004CF583EA0705A5FA8CF595B950E90223D1
:1059500051E9026782FA4CF582EA0604A4FA8CF453
:1059600083FA4CF583EA0705A5FA8CF52543DBD0CD
:105970009CB92DBAB5FA85F424F0070427FA04F18E
:10598000DDE9026723FA04F303F0FF0001F0FF01F1
:10599000FDE80445A0EB0100704724BAB4FA84F492
:1059A00024F0070426FA04F1DDE9026722FA04F282
:1059B00002F0FF0001F0FF01FDE80445A0EB01004B
:1059C000704714F0030F3CD110F0030428D150F8B5
:1059D000082B51F8083B82FA4CF582EA0305A5FA38
:1059E0008CF55DB950F8042C51F8043C82FA4CF562
:1059F00082EA0305A5FA8CF5002DE8D02DBAB5FA98
:105A000085F424F0070423FA04F122FA04F202F0E8
:105A1000FF0001F0FF01FDE80445A0EB0100704725
:105A20004FEAC40420F0030050F8082B21F00301D2
:105A300051F8083B0CFA04F462EA040263EA040336
:105A4000C9E710F003041DD0A1EB040120F003000E
:105A5000E40750F8042B06D012D28B785FFAA2F438
:105A6000E41A06D12BB1CB785FFAB2F4E41A00D174
:105A700033B920465DF8104B7047A2EB0300704726
:105A800001F1040150F8042BCC0721F0030151F877
:105A9000043B48D824D222F07F4482FA4CF594EAA1
:105AA0001325A5FA8CF50AD165B951F8043B84EAAF
:105AB0000204B4EB036F0ED150F8042BEBE74FEA6E
:105AC000132355E035F07F454DD10878FDE80445B6
:105AD000C0F1000070474FEA126203F0FF0347E095
:105AE00002EA1C4482FA4CF594EA1345A5FA8CF5B7
:105AF0000AD165B951F8043B84EA0204B4EB034FC0
:105B00000CD150F8042BEBE74FEA134330E015EAD1
:105B10001C4528D10B884FEA124229E04FEA124275
:105B200003EA1C4324E002F0FF0482FA4CF594EAF5
:105B30001365A5FA8CF50AD165B951F8043B84EADE
:105B40000204B4EB032F09D150F8042BEBE74FEA22
:105B500013630DE015F0FF0F05D10B684FEA122219
:105B600023F07F4304E04FF00000FDE80445704758
:105B700012BA1BBA82FA4CF482EA0304A4FA8CF536
:105B8000B5FA85F402FA04F203FA04F34FEA12605C
:105B9000FDE80445A0EB1360704700BF01F0FF0172
:105BA000102A2BDB10F0070F08D010F8013B013A48
:105BB0008B422DD010F0070F42B3F6D1F0B441EA7A
:105BC000012141EA014122F007047FF00007002390
:105BD000F0E80256083C85EA010586EA010685FAE6
:105BE00047F5A3FA87F586FA47F6A5FA87F68EB940
:105BF000EED1F0BC01F0FF0102F0070232B110F863
:105C0000013B013A83EA010313B1F8D10020704748
:105C100001387047002D06BF35460338073815F0A8
:105C2000010F07D1013015F4807F02BF013015F458
:105C3000C03F0130F0BC0138704700BF00000000D9
:105C40000000000000000000000000000000000054
:105C500000000000000000000000000030B490F8D8
:105C600000F020F007016FF0000C10F0070491F82D
:105C700020F040F048804FF000046FF00700D1E9B9
:105C8000002391F840F000F1080082FA4CF2A4FAE7
:105C90008CF283FA4CF3A2FA8CF34BBBD1E90223CA
:105CA00082FA4CF200F10800A4FA8CF283FA4CF369
:105CB000A2FA8CF3E3B9D1E9042382FA4CF200F1A1
:105CC0000800A4FA8CF283FA4CF3A2FA8CF37BB9A5
:105CD000D1E9062301F1200182FA4CF200F108001B
:105CE000A4FA8CF283FA4CF3A2FA8CF3002BC6D000
:105CF000002A04BF04301A4612BAB2FA82F200EB4C
:105D0000D20030BC7047D1E9002304F00305C4F190
:105D100000004FEAC50514F0040F91F840F00CFAAA
:105D200005F562EA05021CBF63EA050362464FF00F
:105D30000004AAE7F0B51D4C83B005462068019128
:105D400016461F46FFF79EFD194A0199136823B3B3
:105D50005A6820681F2A23DC4DB9541C02325C604B
:105D600043F82210FFF790FD002003B0F0BD03EBD5
:105D7000820E0124CEF88860D3F88861944046EA08
:105D8000040C022DC3F888C1CEF80871E5D1D3F810
:105D90008C512543C3F88C51DFE7064B1360D7E7DE
:105DA000FFF772FD4FF0FF30DFE700BF98370020AC
:105DB000184700201C4700200148FFF763BD00BFC3
:105DC000B04800200148FFF75FBD00BFB048002089
:105DD000F8B5064608200C46FFF758FD0746304642
:105DE000FEF754FB224A93685D6825F00305A5F190
:105DF00011031C1B3C44B4FBF7F4013C07FB04F407
:105E0000A74208DC00213046FFF7E4FC184A9368FB
:105E10002B44984204D03046FEF73EFB0020F8BDEC
:105E200061423046FFF7D6FC0130114A0DD01149CE
:105E300093682D1B45F001055D600B6830461B1B08
:105E40000B60FEF729FB0120F8BD00213046FFF76B
:105E5000C1FC074A9268831A0F2BDCDD43F0010373
:105E60005360054B03491B68C01A0860D3E700BFA5
:105E700038310020BC480020F8390020002965D0C6
:105E80002DE9F0410C460746FEF700FB54F804EC00
:105E90007D49A4F1080C2EF001030CEB03028D6880
:105EA0005068954220F003000EF0010600F08B8050
:105EB000151850606D6805F00105A846AEBB54F892
:105EC000084CACEB040C2344DCF8084001F1080E4C
:105ED00074456BD0DCF80C50E560AC60B8F1000F95
:105EE00000F08C8043F00100CCF804001360B3F59F
:105EF000007F35D2DA0848685C090132012312B20A
:105F0000A34003434B6051F83200CCF8080001EB8A
:105F1000C203083BCCF80C3041F832C0C0F80CC0CA
:105F20003846BDE8F041FEF7B7BA85B9034401F140
:105F3000080E9068704543F001047AD0D268C260C0
:105F40009060CCF804404CF80330D0E770474EF036
:105F50000102B3F5007F44F8042C4CF80330C9D398
:105F6000B3F5206F4FEA53204AD2980900F1390265
:105F700012B200F13804D20088188A5808389042CA
:105F800003D15FE09268904204D0516821F0030190
:105F90009942F7D8D068CCE90220C0F808C038464A
:105FA000C2F80CC0BDE8F041FEF776BAA5BB1844B4
:105FB000D2E90223D3609A6040F00103CCF80430A8
:105FC0004CF80000ACE7184446B954F8083CACEB78
:105FD000030C1844DCE90223D3609A6040F001030B
:105FE000CCF80430294BC1F808C01B68834297D80D
:105FF000274B38461968FFF7EBFE91E7034498E713
:1060000014280FD9542824D8180B00F16F0212B2AB
:1060100000F16E04D200AFE743F00101CCF80410A8
:1060200013607DE700F15C0212B200F15B04D20064
:10603000A2E7C1E904CCCCE902EECCF804404CF86C
:1060400003306DE7A4100123A3404C6823434B6049
:10605000A1E7B0F5AA7F07D8D80B00F1780212B2F9
:1060600000F17704D20087E740F25452904206D8FC
:10607000980C00F17D0200F17C04D2007CE74FF423
:106080007E727E2478E700BF38310020FC39002082
:10609000EC48002082B049B15AB16BB113780B6063
:1060A0001278101E18BF012002B0704701A9002A03
:1060B000F3D1104602B070476FF00100F4E700BF63
:1060C00030B5436C83B005460C4653B153F82400F9
:1060D00088B1026843F824200023C0E9033303B0E9
:1060E00030BD21220421FDF763FE034668640028C9
:1060F000ECD10020F3E7012101FA04F35A1D9200CC
:1061000028460193FDF754FE0028F2D0019B44601D
:106110008360E1E731B1436C4A6853F822000860BC
:1061200043F82210704700BF2DE9F0410E69174671
:106130000D461C4601F114024FF0000E11688BB29F
:1061400007FB03434FEA134C090C07FB01CC0EF18C
:10615000010E9BB203EB0C43764542F8043B4FEA39
:106160001C44EBDC3CB1AB68B34207DD05EB8603B6
:1061700001365C612E612846BDE8F0816968013115
:106180008046FFF79DFF0746B0B12A69023205F14C
:106190000C0192000C30FAF785F8D8F844306A68A0
:1061A00053F82210296043F822503D4605EB860340
:1061B00001365C612E61DEE7024B03483A46BA21A4
:1061C00004F088FF682600207C260020B0F5803F80
:1061D000034636BF030400201020B3F1807F3CBF8C
:1061E0001B020830B3F1805F06D3B3F1804F0FD2AA
:1061F0009A0012D4033070471A01B2F1804F00F1B7
:10620000040006D29B0108D45B00F3D42020704721
:106210001A46002AFBDB013070470230704700BF8E
:106220000368590708D0DA071FD499072AD55B08F5
:1062300003600122104670479AB282B91B0CDAB291
:10624000B2B11022190701D104321B09990714D0E9
:10625000D90701D401325B08036010467047DAB2F7
:106260004AB11A0717D10422EFE7002210467047FF
:1062700018221B0AE6E70822FBE7590707D5023276
:106280009B08E9E79B080222036010467047DB0881
:1062900004D12022CEE7DB080322DDE70332DBE76F
:1062A00038B5436C04460D464BB15868B0B102682E
:1062B0005A6000220123C0E90323456138BD212231
:1062C0000421FDF775FD034660640028EDD1094BFC
:1062D0000948002240F2451104F0FCFE1C22012175
:1062E0002046FDF765FD0028F1D001220223C0E918
:1062F0000123DEE7682600207C2600202DE9F04FF0
:106300000F691569AF4285B00E46904605DB2A46F7
:1063100043463D46884617461E46D8F80830D8F80A
:106320000410EC19A342B8BF0131FFF7C9FE84463F
:10633000002800F09C80143000EB840E704505D2DC
:106340000346002143F8041B9E45FBD8143606EB98
:10635000870296427CD208F1140707EB8505A5EB6E
:10636000080308F11508A845A3F11503CDE902E4D7
:106370004FEA930A8CBF002401249146E34605E0CE
:10638000090C34D1B14500F104005ED956F8041B64
:106390008AB2002AF4D0CDE90090B84686460023A0
:1063A00058F8041BDEF800001FFA81F94FEA114C7F
:1063B00081B202FB0911000C194402FB0C0000EB36
:1063C000114089B241EA004145454EF8041B4FEAAD
:1063D0001043E5D8DDE90090002C4FEA8A0208BF9F
:1063E00000220244536056F8041C090CCAD003680A
:1063F000CDF800908846BC46864600221946BCF877
:10640000009008FB092909EB11499BB243EA0943B3
:106410004EF8043B5CF8043BDEF800101B0C8AB21B
:1064200008FB032303EB194365454FEA1342E6D803
:10643000002C4FEA8A02DDF8009008BF00220244D7
:10644000B145536000F10400A0D8DDE902E4DC4668
:10645000002C02DC05E0013C03D05EF8043D002B7B
:10646000F9D06046CCF8104005B0BDE8F08F034B82
:10647000034862464FF4B17104F02CFE68260020F8
:106480007C260020F8B512F00303144607462FD1EE
:106490000E46A4102AD03D6C002D32D004F001032A
:1064A00064103BB92868B8B1054604F001036410D4
:1064B000002BF7D02A4631463846FFF71FFF36B18A
:1064C0007B6C716853F82120326043F8216074B10D
:1064D000064628680028E7D12A4629463846FFF7AD
:1064E0000DFF0023286003600546DEE73046F8BD57
:1064F000013B0F4A52F823200023FFF715FE064602
:10650000C7E701213846FFF7DBFD054640B101230F
:1065100040F27122C0E90432002338640360BDE711
:10652000044B05482A4640F2451104F0D3FD00BF54
:1065300048300020682600207C2600202DE9F04706
:106540000D4691462E69AB68496806EB6216741CCD
:106550009C4207464FEA621804DD5B009C4201F151
:106560000101FADC3846FFF7ABFD844600284FD026
:10657000B8F1000F00F114000BDD08F105010CEB80
:1065800081010346002243F8042B8B42FBD100EB30
:106590008800296905F1140319F01F0803EB810E27
:1065A0002ED0C8F1200902464FF0000A196801FAFE
:1065B00008F141EA0A0142F8041B53F8041B9E4506
:1065C00021FA09FAF2D8AEEB0503153B23F00303D9
:1065D00005F11502964538BF0023043340F803A0A7
:1065E000BAF1000F00D134467B6C6A68CCF81040D9
:1065F00053F822102960604643F82250BDE8F08726
:10660000043853F8042B40F8042F9E45F9D8EAE7E4
:10661000034B044862464FF4EF7104F05BFD00BF8A
:10662000682600207C26002003690A6900B5B3EBC8
:10663000020E12D100F1140C14310CEB820301EBA9
:10664000820101E09C4508D253F8040D51F8042D55
:106650009042F7D003D24FF0FF3E704600BD4FF09E
:10666000010E704600BD00BF2DE9F04F17460A69C4
:106670003B69A2EB0308B8F1000F83B00C4615D1BB
:10668000143107F1140505EB830501EB830302E0E8
:10669000994280F0858053F8046D55F8042D964298
:1066A000F6D080F08A804FF0010805E0FBDB3B4626
:1066B0004FF000080F461C467968FFF701FD0028DF
:1066C00000F086803A692669C0F80C8007F1100155
:1066D00007F11408834600F1140704F1140008EBD5
:1066E000820E944600EB86060023B946C2460A464F
:1066F000019450F8041B52F8045F8CB21FFA85F81D
:10670000A8EB0408090C9844C1EB154101EB2841A2
:106710001FFA88F848EA0144864249F8044B4FEAD8
:106720002143E6D8A146019C301B1538153420F0D2
:106730000300A64238BF00200AEB00010431C4194F
:106740008E4562460846DC4698BF23461AD9A7EB19
:106750000A070434C61950F8045B13FA85F82B4471
:106760002D0C05EB28459BB243EA05498645C6F842
:1067700000904FEA2543EDD80EF1FF335B1A23F06A
:1067800003032344B9F1000F04D153F8041D013A67
:106790000029FAD06046CCF8102003B0BDE8F08F95
:1067A0000021FFF78DFC844658B101220023C0E987
:1067B0000423604603B0BDE8F08F3B4627461C46E5
:1067C0007AE7074B0748624640F2372104F082FC23
:1067D0000246034B034840F2452104F07BFC00BF16
:1067E000682600207C2600202DE9F043894683B0EE
:1067F000012157EC106B9046FFF762FC044600281D
:1068000046D0C7F30A55C7F313030DB143F4801301
:106810000193331E15D101A8FFF702FD019B6361AF
:1068200001212030216115B3A5F233450544C0F1A3
:106830003500C9F80050C8F80000204603B0BDE894
:10684000F08368460093FFF7EBFCDDE9002328B1F5
:10685000C0F1200103FA01F10A43C340002B0CBF31
:10686000012102216261A3612161002DDCD104EBD1
:106870008103A0F23240C9F800001869FFF7A6FCB6
:10688000C0EB4110C8F80000204603B0BDE8F0831B
:10689000034B0448224640F20F3104F01BFC00BFBA
:1068A000682600207C26002049B1FF2A02D80A7001
:1068B000012070478A2303604FF0FF30704708467D
:1068C000704700BF2DE9F04F2DED028BD1B00C4683
:1068D000079190460993824604F0B4FB0368119334
:1068E0001846FFF7BBF908221090002120A8FEF7F8
:1068F000F7FBA389180603D52369002B01F06E80EE
:1069000000239FED728BCDE92533CDE9143327AAFF
:106910000D932492174612931393059345462C46E4
:106920006C4BD3F8CC61FEF711FF20AA034600920E
:106930001AA922465046B047002800F09880C0F2BD
:106940008E801A9A252A034601D01C44E8E7B4EB4E
:106950000508064640F08F8000234FF0FF328DF887
:106960005F309B46069301342378049201349946A4
:10697000A9F120035A2B00F2AF80DFE813F0FE02EA
:10698000AD00AD00FA02AD00AD00AD00DD02AD001E
:10699000AD00A802B702AD00B302C002AD00BC0258
:1069A0005B005B005B005B005B005B005B005B000F
:1069B0005B00AD00AD00AD00AD00AD00AD00AD00C1
:1069C0002101AD009C01AC03210121012101AD0099
:1069D000AD00AD00AD00A803AD00AD000803AD00F3
:1069E000AD00AD007302AD006103AD00AD009807CE
:1069F000AD00AD00AD00AD00AD00AD00AD00AD002F
:106A00002101AD009C018701210121012101ED033C
:106A100087016C00AD000804AD00F8033D041304C9
:106A20006C00AD0073026A008303AD00AD00FB078C
:106A3000AD006A00A9F13003002214F8019B02EBBB
:106A4000820203EB4202A9F13003092BF5D9069229
:106A50008EE723788AE723784BF0200B86E708221D
:106A6000002120A8FEF73CFB01231C4458E7B4EBAF
:106A70000508064610D02599269B01314344072975
:106A8000C7E900582693259117DC0837059B434436
:106A90000593002E7FF460AF269B002B41F003830B
:106AA000079B9B8903F04003002B41F0CF8605989C
:106AB00051B0BDEC028BBDE8F08F079924AA504677
:106AC00004F038F80028EBD127AFDFE70000000022
:106AD00000000000A4370020B9F1000FDCD0002333
:106AE000CDE90B3301228DF8DC908DF85F300893EF
:106AF0000A9204930E9337AD0292269A1BF08403F8
:106B0000904600F005819DF85F1009B3DDF894C050
:106B100000260CF1010101200132786007290DF1F6
:106B20005F00CDE92512386000F33E8408377EB15E
:106B3000DDF894C00CF1010118A802323860072971
:106B40004FF00200CDE92512786000F32084083769
:106B5000802B00F06583049B0A995E1A002E00F3D7
:106B6000E8801BF4807F40F021810A9B7B601A44FF
:106B7000259B3D600133072B2692259300F3BC83B0
:106B800008371BF0040F05D0069B02995D1A002DF3
:106B900000F31884DDE9053102988142ACBF5B182F
:106BA0001B180593002A40F0778300232593089B48
:106BB0001BB108995046FFF761F927AF2546AEE6AD
:106BC000099B073323F00703B3EC028B9FEDA17BF6
:106BD000B0EEC86BB4EE476BF1EE10FA099300F318
:106BE0003986B4EE488BF1EE10FA81F14685B9F1A1
:106BF000610F01F07A83B9F1410F01F07084049BB9
:106C0000013301F07F82B9F1670F18EE903A4BF42F
:106C1000807801F0F584B9F1470F01F0F184002389
:106C2000089318EE903A002BC1F20885B0EE487B2D
:106C30000026A9F14103252B01F2DD81DFE813F0E5
:106C4000A50CDB09DB09DB09700ADD0ADB09DB09BE
:106C5000DB09DB09DB09DB09DB09DB09DB09DB0914
:106C6000DB09DB09DB09DB09DB09DB09DB09DB0904
:106C7000DB09DB09DB09DB09DB09DB09DB09DB09F4
:106C8000A50CDB09DB09DB09700ADD0A1BF0200F0C
:106C900040F0DE85099A1BF0100F52F8046B41F0AA
:106CA0001C861BF0400F099201F08E8046F3C0381D
:106CB000434636B21FE2B9F1430F03D01BF0100F69
:106CC00000F065860822002122A8FEF709FA099A39
:106CD00037AD126822AB2946504605F0C5F90A9037
:106CE000013001F0AE850A9B23EAE3730293099B0E
:106CF000269A043309930023CDE90B338DF85F30D6
:106D0000089304930E931BF0840390467FF4FBAE2C
:106D10000699029E8E1B002E00F321849DF85F10C1
:106D200000297FF4F3AE049B0A995E1A002E7FF7C8
:106D300018AF4A49259B0F91102E27DD39464FF099
:106D4000100837462E462546079C04E0103F102FBA
:106D500001F1080116DD013340481032072BC1E96B
:106D60000008CDE92532F1DD24AA2146504603F082
:106D7000E1FE002840F09882103F102FDDE9253217
:106D800027A9E8DC2C4635463E460F4601330F99CD
:106D900039603244072BCDE925327E6000F36484EC
:106DA0001BF4807F07F108073FF4DFAEB9F1650FF0
:106DB00040F3AC82B5EE408BF1EE10FA40F0528316
:106DC000259B27493960013301320121072B269287
:106DD0002593796000F37F870837199B0D998B42C3
:106DE00080F2EB84109B11991A44C7E90013259B8C
:106DF00026920133072B259300F3D38508370D9B8B
:106E00005D1E002D7FF7BDAE1449259B0F91102DFF
:106E100040F39787A146DDF81C8010260C4604E05D
:106E20000837103D102D40F38B8701331032072BAC
:106E3000C7E90046CDE92532F2DD24AA4146504695
:106E400003F078FE002840F02F82DDE9253227AFDD
:106E5000E7E700BFFFFFFFFFFFFFEF7F04310020E8
:106E6000A8130020DDF8248058F8045B00238DF877
:106E70005F30002D00F0A185B9F1530F00F0378786
:106E80001BF010030B9340F03287049B002BC1F2E0
:106E9000FC801A460B992846FEF780FE9DF85F306D
:106EA0000890002801F04884089A521B0A9222EAAE
:106EB000E27202920BB1013202920B9BCDF8248058
:106EC00004930E930C9308934FF0730915E6099BF6
:106ED00053F8042B0692002A80F27584069A0993CF
:106EE0005242069223784BF0040B3FE52B238DF89A
:106EF0005F3023783AE523784BF0800B36E5214666
:106F000011F8019BB9F12A0F01F09084A9F1300327
:106F1000092B98BF002201F2DD8211F8019B02EBE0
:106F2000820203EB4202A9F13003092BF5D942EAB0
:106F3000E27304930C461BE5504604F083F8436863
:106F400013931846FEF78AFE15900646504604F045
:106F500079F8826823781492002E3FF407AD002A56
:106F60003FF404AD1278002A3FF400AD4BF4806B7F
:106F7000FCE423784BF0010BF8E49DF85F202378C4
:106F8000002A7FF4F3AC20228DF85F20EEE41BF0A2
:106F9000200F4BF0100000F02884099B073323F0EA
:106FA00007031A46596852F8083B099200228DF8E7
:106FB0005F20049A002A18DB53EA010220F4906B48
:106FC00015D1049A9AB910F001031A46029300F001
:106FD000738630238DF83F31049B0A92CDE90B3341
:106FE0000E9308930DF23F1587E520F4806B50ADAA
:106FF00003F00702DB0843EA4173C908303253EA61
:107000000106284605F8012DF2D11BF0010F00F012
:107010001582302A00F012823023049905F8013CD1
:10702000023850AB1B1A99424FF00002B8BF194604
:10703000CDE90B2208920A93054602910E925CE577
:107040001BF0200F4BF0100121D1099B1A1D099B49
:1070500004981B684FF0000840458DF85F801E467D
:1070600059DB21F0800B002B40F08C850992002821
:1070700040F0E983CDE90B000A900E900290089051
:1070800050AD3AE51BF0200F00F0BE835946099B36
:10709000073323F0070200238DF85F30049BD2F8FA
:1070A000048052F8086B0992002B35DB56EA08037E
:1070B00021F0800B31D1049B002B40F0C483CDE93B
:1070C0000B330A930E930293089350AD15E5237882
:1070D0004BF0080B4AE41BF0200F4BF0100300F0BC
:1070E0007A83099A073222F007029B46536852F8C6
:1070F000086B09929846002BC0F2C282049A002ABB
:107100000BDB56EA08032BF0800B06D1002A00F0B7
:107110004187302607E009928B460A2E78F100035A
:1071200080F0BF823036049A9DF85F308DF83F6161
:10713000012AB8BF0122029201220A920DF23F15E4
:10714000002B01F06D83029B013302930023CDE9F4
:107150000B3308930E93D0E42378682B03BF637836
:107160004BF4007B01344BF0400BFFF7FFBB099A57
:107170001BF0200F02F1040300F0888312680599C8
:107180001160C917516009932546FFF7C8BB2378E2
:107190006C2B03BF63784BF0200B01344BF0100BCA
:1071A000FFF7E4BB099A049E52F8041B002047F63F
:1071B00030038642ADF860308DF85F000B46C0F2B8
:1071C000DB832BF0800545F0020B002940F0D683CD
:1071D000002E00F0E686099230230122CDE90A2133
:1071E0000E918DF83F3102960DF23F154FF0780960
:1071F0008E4608910C91A5E31BF0200F40F02583EB
:10720000099A1BF0100F52F8043B41F05E831BF00B
:10721000400F00F0E9859BB2099258460021C5E66F
:10722000069B02995E1A002E7FF795AC8B49259B31
:107230000F91102E24DD38464FF010082F461946C6
:107240002546864C04E0103E102E00F1080013DDA8
:10725000013110320729C0E90048CDE92512F2DDDD
:10726000079924AA504603F065FCE8B9103E102E99
:10727000DDE9251227A8EBDC2C460B463D460746E8
:1072800001330F9939603244072BCDE925327E60F6
:1072900000F3638508375EE4079924AA504603F09B
:1072A00049FC00283FF481AC089B002B3FF4F8AB6D
:1072B00008995046FEF7E2FD079B9B8903F04003C7
:1072C000FFF7F2BB109B11991A44C7E90013259BE5
:1072D00026920133072B259300F3068707F1080157
:1072E0000028C1F21E810D980D6001330244072B66
:1072F000CDE92532486046DD079924AA504603F0BF
:1073000019FC0028D0D1269A27AF3AE40D98259B86
:10731000012802F1010203F1010307F1080140F322
:1073200064810120072BCDE925323D60786000F3B0
:107330002C821098119E01330244072BC1E9006092
:10734000CDE9253200F32D8208310D98B5EE408B42
:10735000F1EE10FA00F1FF3600F05F8101330135E4
:107360003244072BCDE925320D604E6000F3498190
:1073700008311298486001330244072B1CA8CDE95C
:1073800025320860B8DC01F10807FFF7FABB07995E
:107390000F9324AA504603F0CDFB002884D1269AEF
:1073A0000F9B27AFFFF7D4BB07990F9324AA504632
:1073B00003F0C0FB00287FF477AF269A0F9B27AF1E
:1073C000FFF7B5BB102D259B41F3D580A046DDF816
:1073D0001C90234C102604E0103D102D07F10807E7
:1073E00015DD01331032072BC7E90046CDE9253200
:1073F000F2DD24AA4946504603F09CFB00287FF4A6
:1074000053AF103D102DDDE9253227AFE9DC2146D1
:107410004446884601332A44072BC7E90085CDE955
:1074200025327FF7B7AB079924AA504603F082FBB9
:1074300000287FF439AF269AFFF7ACBB049950AA15
:10744000521B91424FF00003B8BF1146CDE90B33F8
:1074500008930A9202910E93FFF74FBB043100206C
:10746000C02E00201998002840F300840B9B0D9932
:107470008B42A8BF0B46002B98460ADD1A44C7E989
:107480000053259B26920133072B259300F3B487E5
:1074900008370B9EB8F1000FA8BFA6EB0806002E18
:1074A00000F3AB820B9B1BF4806F03EB050940F0EC
:1074B000CA82199B0D998B4203DB1BF0010F00F070
:1074C0007D85109911980A44C7E9000125992692F3
:1074D00001310729259100F39B8708370D996E1814
:1074E000A6EB0906CD1AAE42A8BF2E46002E0BDD34
:1074F000259BC7F8009001333244072B7E6026920B
:10750000259300F3D3870837002EA8BFAD1B002DAD
:107510007FF737ABB949259B0F91102D40F31184AC
:10752000A146DDF81C8010260C4604E00837103D0B
:10753000102D40F3058401331032072BC7E90046B4
:10754000CDE92532F2DD24AA4146504603F0F2FA95
:1075500000287FF4A9AEDDE9253227AFE7E72599BA
:10756000102E404640F361870F943A46A846079C88
:10757000A34D1F4604E0103E102E02F1080216DD56
:107580000131103010230729CDE925101560536013
:10759000F1DD24AA2146504603F0CCFA00287FF4FE
:1075A00083AE103E102EDDE9251027AAE8DC3B460D
:1075B0000F9C17462A464546904601F1010C3218A9
:1075C000BCF1070FCDE925C2C7F800807E6000F34B
:1075D00036839DF85F100837002940F0F880002BB3
:1075E0003FF4B9AA0B46FFF7A5BA1BF0010F7FF4D1
:1075F00098AE0120072BCDE925323D6078607FF7FA
:10760000B8AE079924AA504603F094FA00287FF4F4
:107610004BAEDDE9253227A9ABE60D9801287FF7AF
:10762000A8AE112875480F9040F3B783A046079F76
:107630001025044604E00831103E102E40F3AC83C0
:1076400001331032072BC1E90045CDE92532F2DDC7
:1076500024AA3946504603F06DFA00287FF424AE80
:10766000DDE9253227A9E7E7079924AA504603F068
:1076700061FA00287FF418AE269A27AFFFF771BA97
:107680002D238DF85F30049B764268EB4808002B71
:10769000FFF643AD0A2E78F100032BF0800BFFF4C8
:1076A00041AD0294CDF8289050A9DDF8509008978C
:1076B0004FF0000C0BF4806426E016EB08035148F1
:1076C00043F10003A0FB032020F0030202EB900231
:1076D0009B1AF31A4B484FF0CC32B646474602FB92
:1076E00003F268F1000800FB0822A3FB0063BEF16F
:1076F0000A0F13444FEA560677F10007294646EA77
:10770000C3764FEA53082DD33E4D16EB080343F1E1
:107710000003A5FB032020F0030202EB90029B1A5A
:10772000F31AA3FB053268F1000005FB00225B0899
:1077300043EAC27303EB8303A6EB430330330CF13C
:10774000010C01F8013C4D1E002CB6D099F8003018
:107750006345B2D1BCF1FF0FAFD00A2E78F1000320
:1077600080F0B3830499029CCDF8509050AB5A1B23
:107770009142B8BF1146DDF82890089F9DF85F3010
:10778000CDF834C00A920291DAE4079924AA50464F
:1077900003F0D0F900287FF487ADDDE9253227A971
:1077A000C7E5079924AA504603F0C4F900287FF4DE
:1077B0007BADDDE9253227A9C7E51BF0010F3FF4BA
:1077C000E0A9FFF70FBB09932378FFF7CFB81E4658
:1077D0000023FFF79EB9099A0432099909920E68AD
:1077E0004FEAE6789B46434685E4099B1A1D099BB0
:1077F00009921B680021FFF7D9BB00BF04310020AC
:10780000C02E0020CDCCCCCC099A1BF0100052F831
:10781000043B41F057801BF0400100F0A8818DF837
:107820005F009BB204994FF0000841451E46C0F22C
:10783000A9812BF0800B002B40F0A481049B0992BE
:10784000002B3FF43CAC00266CE45846FFF7A5BB88
:107850005B4646E4B5EEC08BF1EE10FA2BF0800BE0
:1078600000F11E839DF85F30B9F1470FCCBFA44DE6
:10787000A44D002B40F052870322CDE90B3308932F
:107880000A9204930E930292FFF737B91BF0100F80
:1078900040F07C821BF0400F40F0A7831BF4007F78
:1078A00000F07482099A0599126811706BE4964E83
:1078B0001BF0200F00F07D81099B073323F00703A5
:1078C0001A46586852F8083B09921BF0010140F033
:1078D0005C81049A8DF85F10002AC0F28B8153EA14
:1078E00000022BF4906B00F0948103F00F02B25C65
:1078F0008DF83F211B0943EA0073020953EA101077
:107900000DF23F150BD003F00F001B09305C05F89A
:10791000010D43EA0273120953EA0200F3D1049AFB
:1079200050AB4FF0000E5B1B9A42CDE90BEEB8BF97
:107930001A460A930292CDF820E0CDF838E00029EB
:107940003FF4DBA8029BDDE925C2023302931BF062
:1079500084039046614604D1069E0298361A002E92
:1079600006DCBEF1000F3FF4E5A80226FFF7D1B810
:107970000223F5E5654E9BE74BF0020B0992634E3F
:1079800003F00F020221B25C4FF07809B0E7099BC7
:107990001B688DF8DC30012302930A9337ADFFF7A3
:1079A000A6B9079924AA504603F0C4F800287FF42A
:1079B0007BAC269A27AFFFF722BA049B0895062BCB
:1079C00028BF062302930A932B460495CDE90B3377
:1079D0004F4DCDF824800E93FFF78FB840215046CD
:1079E000FCF77EFA079B18601861002800F060879A
:1079F000079A40235361FEF783BF102E259B40F367
:107A00002E874448DDF81C800F9039464FF010094E
:107A1000074604E00831103E102E40F32B8201335C
:107A20001032072BC1E90079CDE92532F2DD24AA15
:107A30004146504603F07EF800287FF435ACDDE97E
:107A4000253227A9E7E70D9BDDF83880CDF83CB05B
:107A5000EB1804930C9BDDF81CB00B94002B4E46E6
:107A60003946DDF85090159F0E9531DDB8F1000FC5
:107A700040F32B8108F1FF382598139B01303A44DD
:107A80000728C1E900372692259000F39F8008312E
:107A9000049B99F800009D1B8542A8BF0546002D58
:107AA0000CDD259801302A440728C1E9006526929B
:107AB000259000F35E8199F800000831002DACBFDD
:107AC000441B0446002C14DC06440C9B002BCDDC2C
:107AD000B8F1000FCEDCDDE90D35EB189E42CDF894
:107AE00050900B9CDDF83CB0B1460F4628BF99463C
:107AF000DFE4102C2598074B2BDD10250A9310E0AE
:107B0000DC260020D8260020FC260020E8260020C5
:107B10001027002004310020103C102C01F1080136
:107B200016DD0130AE4B10320728C1E90035CDE932
:107B30002502F1DD24AA5946504602F0FBFF002839
:107B40007FF4B2AB103C102CDDE9250227A9E8DC5C
:107B50000A9B0B60013022440728CDE925024C60C6
:107B600000F3588399F8000008310644ADE71BF490
:107B7000007840F0328204998DF85F8000291E461B
:107B8000BFF657AE0992FFF7C8BA53EA000237D0E2
:107B900030228DF8602000228DF85F20049A8DF845
:107BA0006190002A23DB2BF4906242F0020B022149
:107BB0009BE6099A1BF0100F52F8043B099214D16E
:107BC0001BF0400F0DD09BB200207EE624AA594640
:107BD000504602F0AFFF00287FF466AB269A27A933
:107BE00056E71BF4007F40F0F58100206DE64BF076
:107BF000020B022103F00F022BF4806BB25C77E6DC
:107C0000049B00218B428DF85F10C0F241812BF460
:107C1000906B049A002A00F0CB80012A33788DF80B
:107C20003F31B8BF0122002302920122CDE90B337C
:107C300008930A920E930DF23F15FEF75EBF079967
:107C40000F9324AA504602F075FF00287FF42CAB56
:107C50009DF85F10269A0F9B002900F0AC801E460D
:107C6000DDF894C0034627AFFEF753BF259B5D495F
:107C70003960013301320121072B26922593796067
:107C800000F37C81083700287FF41CAB0D990BF0C2
:107C900001030B433EF475AF109B11991A44C7E9D9
:107CA0000013259B26920133072B259300F31C829A
:107CB00007F10801FFF717BB049B0A93CDE90B33CB
:107CC0000E93089350ADFEF718BF0C9B013B09F1D2
:107CD000FF390C93D0E6079924AA504602F02AFFF8
:107CE00000287FF4E1AA269A27AFFFF776B808228A
:107CF000002122A81B95FDF7F3F9049B002B7DDBE7
:107D000000260294CDF82080344698460EE037A92C
:107D1000504604F0A9F9411C204400F094844045E9
:107D200009DC06F1040600F0008504461B9A92590E
:107D300022AB002AEBD10A94DDF82080029C6AE095
:107D40004C4601330F9939602A44072B7D60CDE9F9
:107D500025327EF715AFFFF7CFBA079924AA504610
:107D600002F0E8FE00287FF49FAA269A27AFFEF7CC
:107D7000F2BE24AA5946504602F0DCFE00287FF4E9
:107D800093AA99F80000269A27A997E6099A0599D7
:107D900012681160FFF7F7B9444601330F98086085
:107DA0003244072BCDE925324E607FF7E1AA28E463
:107DB000049BFFF784B9002B00F00981DDF894C023
:107DC0000B4627AFFEF7B6BE1BF4007F16BF46F387
:107DD000C0184FEAE67876B24346FFF78CB900BF89
:107DE00004310020A81300201BF4007100F0F9807A
:107DF000DBB2099258460021FFF7D8B822AB0093B6
:107E000000231BAA1946504604F056F90A90013087
:107E100000F019841B950A9B002B00F09F80632BB8
:107E200000F34C810023089337AD0822002122A8DB
:107E3000FDF756F90A9E22AB00931BAA334629464A
:107E4000504604F039F9864240F042850A9A0023F0
:107E5000AB5422EAE27202929DF85F20049312B1C1
:107E6000029A01320292CDE90B33CDF824800E93B1
:107E7000FEF743BE0F4601330F9939603244072B9A
:107E8000CDE925327E6000F323810837FFF70ABB76
:107E900033788DF83F312BF4806B0DF23F153EE5C2
:107EA0002D238DF85F30B9F1470F4FF00003089391
:107EB000049340F3E6800322964D0A92CDE90B33FA
:107EC0000E9304230293FEF718BE159A1399AD1A68
:107ED0002846FDF7EDF999F801300BB109F10109D8
:107EE0008D4A16EB080343F10003A2FB030727F0BA
:107EF000030000EB97001B1AF31A4FF0CC3168F126
:107F0000000803FB01F102FB0811A3FB023001444E
:107F10005B0843EAC1764FEA510816EB080343F1C8
:107F20000003A2FB031020F0030101EB90015B1A98
:107F3000F31AA3FB023168F100005B0802FB001298
:107F400043EAC27303EB8303A6EB4303303305F824
:107F5000013C4FF0010C013DFFF7F8BB9DF85F308D
:107F6000CDF82480003B18BF012302930A9B0493A1
:107F7000CDE90B330E930893FEF7BFBD079924AAF2
:107F8000504602F0D7FD00287FF48EA91998269A52
:107F900027AF78E69DF85F3002920A9250ADFFF766
:107FA000CFB8049B0992CDE90A330E930C93029348
:107FB00050AD4FF078099E460893C3E46E18A6EBC7
:107FC0000906CD1AAE42A8BF2E46FFF79DBA27AFCD
:107FD000FEF7C1BDDBB2002077E48DF85F10DBB2A5
:107FE00020E409925846FEF7E1BF099A0599126804
:107FF0001180FFF7C8B822AB01931BAB0093B0EE22
:10800000470B049A19AB022150468DED027B03F019
:1080100015F99DED027B05461BF0010F40F05582DE
:10802000229B5A1B199B0D92D81C0B93C0F2018204
:1080300004999942C0F20B819A4200F392820B9B01
:108040000A931BF4806F03D00B9B002B00F32D834E
:108050000A9B23EAE373C34602934FF067090023A8
:108060000E930C930BF00201002E00F0CA804FF02B
:108070002D0E8DF85FE0029B0133029300230493E1
:108080005DE40322254D0A9218E72846FDF7E6FD38
:108090009DF85F300A9020EAE0720292002B3EF4D5
:1080A0000CAFFEF708BF079C24AA2146504602F0F9
:1080B00041FDA38903F04003FEF7F6BC591C50466E
:1080C000FBF70EFF0546002800F0F6830890ACE6AB
:1080D000079924AA504602F02DFD00287FF4E4A859
:1080E000269A27AFFFF7DEB9079924AA504602F077
:1080F00021FD00287FF4D8A8DDE92532199827A9A9
:10810000FFF7EEB800230893062304934BF480781E
:10811000FEF787BDDC260020CDCCCCCCD8260020B5
:10812000049B01330D93022122AB01931BAB0093FF
:10813000B0EE470B19AB0D9A50468DED027B03F064
:108140007DF80D9B29F0200CBCF1460F9DED027BC4
:10815000054600EB030100F09880B5EE407BF1EEA0
:1081600010FA00F0D882229B994288BF4FF0450C4C
:1081700040F2CF8230205A1C22921870229B8B42F0
:10818000F9D35B1B0D93BCF1470F199B0B9356D092
:10819000BCF1460F00F08F800B9B8DF87090013B77
:1081A000002B1993C0F24C812B22092B8DF87120E2
:1081B00000F34F8130228DF872200DF173023033BD
:1081C00002F8013B1CABD31A12930D9B129A012BA0
:1081D0001A440A9240F341820A9B109A13440A936C
:1081E0000A9A2BF4806343F4807B22EAE272002334
:1081F000CDE90B330E93029234E7049B0D930321D8
:1082000092E79DF85FE0BEF1000F7FF434AF049673
:10821000FFF795BB24AA5946504602F08BFC002874
:108220007FF442A899F80000269A27A906444CE456
:10823000199B0B934B1BBCF1470F0D933BD10B9B31
:108240000333C0F2F680049B0B9A93420FDA0B9B28
:10825000013BA9F10209002B8DF870901993A3DA64
:108260000B9B2D22C3F101038DF87120A2E70D9B1A
:108270000B9A934200F375811BF0010F0B9B00F0EA
:10828000B282109A13440A93DBE62B78302B00F06D
:108290006182199B1944B5EE407BF1EE10FAC7D00C
:1082A000229B8B42FFF466AF5B1B0D93BCF1470F23
:1082B000199B0B93C3D00B99049A0BF0010300296F
:1082C00043EA020340F3CF82002B40F01A820B9B5B
:1082D0000A934FF066091BF4806F40F0E8810A9B17
:1082E00023EAE373C3460293B9E647F63003ADF8D9
:1082F0006030049B632B4BF0020B00F35C8118EEA3
:10830000903A002BC0F23B81B0EE480B19A802F066
:108310009DFEB4EE007B20EE077BB5EE407BF1EED8
:1083200010FA40F0408201230026199337AD0896D9
:10833000AE480499B3EE004B2B4606E0B5EE407B09
:10834000F1EE10FA00F00F82114627EE047BFDEEED
:10835000C76B4A1E16EE90CA10F80CE0B8EEE65B4A
:108360009C4637EE457B03F801EB0029E6D1B6EEDB
:10837000005BB4EEC57BF1EE10FA08DCB4EE457B91
:10838000F1EE10FA1ED116EE902AD2071AD5CDF8CA
:1083900088C013F8011C90F80FC08C451A460AD10A
:1083A0004FF0300E02F801EC229A511E229112F881
:1083B000011C6145F6D0392916BF0131817AC9B255
:1083C00002F8011C199A5B1B0D93B9F1610F02F1C0
:1083D000FF33199300F01F8250214FF04109002B09
:1083E0008DF87010C0F20E822B22092B8DF87120AF
:1083F0002FDC0DF17202E2E6079924AA504602F042
:1084000099FB00287EF450AF269A27AFFFF741B8BA
:10841000079924AA504602F08DFB00287EF444AF51
:10842000199B269A27AFFFF759B8DFF8CC81FFF7E1
:10843000C4B80B9BA9F10209013B8DF87090199308
:108440000B9A2D238DF87130C2F101030832BFF66B
:10845000B1AE0DF17F0CDFF8A4E162461046AEFB31
:108460000312D20802EB8201A3EB41013031632BEE
:1084700000F8011C134600F1FF32EFDC303302F844
:10848000013C831E634580F0C8810DF1710213F831
:10849000011B02F8011F6345F9D103F5A0736B447A
:1084A000CC3B1B1A1CAA9B1A12938EE6079924AA8E
:1084B000504602F03FFB00287EF4F6AE199D0D9B5E
:1084C000269A5D1B27AFFFF71FB8049B4FF0470CA0
:1084D000E918E0E600230C460493FEF749BA45F696
:1084E0003003ADF86030049B632B4BF0020B62DC71
:1084F00018EE903A002B42DBB0EE480B19A802F0C0
:10850000A5FDB4EE007B20EE077BB5EE407BF1EEDF
:1085100010FA01D10123199300263548089637AD8A
:1085200007E74642103033480F9052DA1027804652
:1085300003E00831103E102E4BDD01331032072BC3
:10854000C1E90087CDE92532F3DD079924AA504619
:1085500002F0F0FA00287EF4A7AEDDE9253227A963
:10856000E8E70D9B109A9A180B9B0A92002B79DD75
:108570004FF06709AFE6DFF88080FEF74BBF0023BE
:10858000089337AD2D26B1EE487BB0EE470B19A806
:1085900002F05CFDB4EE007B20EE077BB5EE407B85
:1085A000F1EE10FA04BF01231993B9F1610F3FF402
:1085B000BFAE0F48BDE6049B5046591CFBF790FC2C
:1085C0000546002800F03D8108904BF48078FEF7C6
:1085D00028BB01330F9808603244072BCDE92532C0
:1085E0004E6000F302810831FEF77DBEE8260020D0
:1085F000FC26002004310020C02E0020CDCCCCCCA5
:10860000049A002A00F0D480002BC0F22481B0EE3E
:10861000487B002622AB01931BAB0093B0EE470BC7
:1086200019AB049A022150468DED027B02F006FE42
:1086300000239DED027B05460893EDE42D26B1EE67
:10864000487BFEF7F6BA079B9B890022089243F00D
:108650004003079A9381FEF727BE1BF0010F3FF4FA
:10866000BFADB9E5C3F101031A4422EAE273C34680
:108670000A9202934FF06709F1E418EE903A13F072
:1086800000432BF0800B0B9300F09A802D238DF884
:108690005F30B9F1470F4FF000030893049340F3A4
:1086A000F8800322944D0A9208E44FF06709149968
:1086B0000B78FF2B00F0F88000200B9A0E90844678
:1086C00003E001300131FF2B09D0934207DAD21ABF
:1086D0004B78002BF5D10B780CF1010CF3E7CDE9C9
:1086E0000B201491CDF838C00C9A0E9B15991344A9
:1086F0000A9A01FB03230A9323EAE373C346029316
:10870000B0E4109B02EB01094B440A934FF0660959
:10871000E1E55B1B0D93199B0B933DE500230322C1
:1087200008930A920493FFF7C9BB049B029CDDF8EF
:1087300020800A93FFF76FBBCDF824801BB3049B06
:108740000A935A1C029204900E900C904FF07309F9
:10875000FEF7D3B9B5EE407BF1EE10FA1ED1199BAE
:108760000B93194466E5002A0491FFF62BAE049999
:10877000302001EB030C194601F8010B6145FBD1D8
:108780001A44531C1EE6049B0A930293089B0E9303
:108790000C9304934FF07309FEF7AFB90D9BC3F12F
:1087A0000103199376E500265448089637ADC0E5D5
:1087B000934273DBB0EE487B0123049E049329E7C8
:1087C0009DF85F30B9F1470FCCBF4B4D4C4D002B9E
:1087D00040F08680032204930A920E930C93089330
:1087E0000292FEF78AB90A932BE4079924AA50460D
:1087F00002F0A0F900287EF457ADDDE9253227A963
:10880000FEF771BD2D238DF87130C2F101030832DE
:10881000FFF61FAEEDE57021E1E502231293D4E4EB
:10882000CDE90B3308930E93FEF767B9099A637885
:108830000C4652F8041B099241EAE1710491FEF7DB
:1088400095B8079A938943F0400393814FF0FF3323
:108850000593FEF72CB92D26B1EE487BDAE62949BF
:108860000F91FFF708BBC34633B9012302934FF0C2
:1088700066090A93FFF7F3BB109B03F10109049B00
:108880004B440A9323EAE37302934FF06609FFF720
:10889000E6BB03221A4D0A92FFF710BB01232D26D7
:1088A0000493B1EE487BB5E600230E930C931BE7CF
:1088B0000C23CAF80030C9E7079B08909B8943F056
:1088C0004003C6E65946FEF7C2BB5846FEF78FBFC7
:1088D000079B9B8943F04003BBE65B46FEF77DBFE9
:1088E000002304930E930C93089303230A93042309
:1088F0000293FEF702B900BFE4260020E82600201C
:10890000E026002004310020000000002DE9F04F97
:108910002DED028BD1B0904604911C4682460993FE
:1089200002F090FB036811931846FDF797F90822AF
:108930001090002120A8FCF7D3FBBAF1000F04D05F
:10894000DAF83430002B01F0AF81049B5A6EB3F992
:108950000C30D70740F14C859E0400F1C88604997D
:1089600043F4005322F400528B814A66950401F1CE
:10897000F387049BB3F90C301A0740F11185049A70
:108980001269002A00F00C8503F01A020A2A00F08E
:10899000168500239FED8D8BCDE92533CDE914336A
:1089A00027AA0D93249217461293139306934546D4
:1089B0002C46884BD3F8CC61FCF7C8FE20AA0346AE
:1089C00000921AA922465046B047002800F0FD83C5
:1089D000C0F2F2831A9A252A034601D01C44E8E724
:1089E000B4EB0508064640F0F48300234FF0FF3255
:1089F0008DF85F309B46079301342378059201344C
:108A00009946A9F120035A2B5CD8DFE813F0E20263
:108A10005B005B00DE025B005B005B00C1025B0091
:108A20005B00230232025B002E02A4025B00A00264
:108A3000D000D000D000D000D000D000D000D000B6
:108A4000D0005B005B005B005B005B005B005B00D9
:108A5000E5005B002C014E03E500E500E5005B004E
:108A60005B005B005B009C025B005B0043025B0001
:108A70005B005B00EE015B00A3035B005B00E807AB
:108A80005B005B005B005B005B005B005B005B000E
:108A9000E5005B002C011701E500E500E50044035B
:108AA000170113015B003A035B000003EC020F03A4
:108AB00013015B00EE0111016E035B005B004B08CC
:108AC0005B001101B9F1000F00F095830023CDE99F
:108AD0000B3301228DF8DC908DF85F3008930A92F9
:108AE00005930E9337AD0292269A1BF084039046AD
:108AF00000F0DA809DF85F1009B3DDF894C000261D
:108B00000CF1010101200132786007290DF15F00AD
:108B1000CDE92512386000F3758408377EB1DDF8A1
:108B200094C00CF1010118A80232386007294FF0F7
:108B30000200CDE92512786000F372840837802B9B
:108B400000F06383059B0A995E1A002E00F3BD8036
:108B50001BF4807F40F0F6800A9B7B601A44259BC3
:108B60003D600133072B2692259300F3C583083718
:108B70001BF0040F05D0079B02995D1A002D00F32E
:108B80005D84DDE9063102988142ACBF5B181B1899
:108B90000693002A40F0758300232593089B1BB1A0
:108BA00008995046FDF76AF927AF254600E7A9F175
:108BB0003003002214F8019B02EB820203EB420215
:108BC000A9F13003092BF5D907921AE7000000003C
:108BD00000000000A4370020099B073323F007039F
:108BE000B3EC028B9FEDA57BB0EEC86BB4EE476B88
:108BF000F1EE10FA099340F3E585B5EEC08BF1EE86
:108C000010FA2BF0800B01F1BA839DF85F30B9F1B7
:108C1000470FCCBF9B4D9C4D002B41F0308603226B
:108C2000CDE90B3308930A9205930E9302925BE70A
:108C30002378E4E623784BF0200BE0E61BF0200FCE
:108C400040F01586099A1BF0100F52F8046B41F0A2
:108C500015871BF0400F099201F0E48046F3C038FD
:108C6000434636B231E2B9F1430F00F051871BF0B1
:108C7000100F40F04D87099B1B688DF8DC300123F5
:108C800002930A9337AD099B269A04330993002374
:108C9000CDE90B338DF85F30089305930E931BF0ED
:108CA000840390467FF426AF0799029E8E1B002E08
:108CB00000F3A5849DF85F1000297FF41EAF059B8B
:108CC0000A995E1A002E7FF743AF7049259B0F91DA
:108CD000102E27DD39464FF0100837462E46254620
:108CE000049C04E0103F102F01F1080116DD013350
:108CF00066481032072BC1E90008CDE92532F1DDC5
:108D000024AA2146504601F005FF002840F0C18208
:108D1000103F102FDDE9253227A9E8DC2C46354627
:108D20003E460F4601330F9939603244072BCDE997
:108D300025327E6000F3CF841BF4807F07F10807A3
:108D40003FF40AAFB9F1650F40F3E082B5EE408B16
:108D5000F1EE10FA40F0BE83259B4D493960013396
:108D600001320121072B26922593796000F3A18718
:108D70000837199B0D998B4280F2BE84109B119984
:108D80001A44C7E90013259B26920133072B25932C
:108D900000F3A18608370D9B5D1E002D7FF7E8AE1E
:108DA0003A49259B0F91102D40F3EE87A146DDF83F
:108DB000108010260C4604E00837103D102D40F3BB
:108DC000E28701331032072BC7E90046CDE925328F
:108DD000F2DD24AA4146504601F09CFE002840F0F6
:108DE0005882DDE9253227AFE7E7DDF8248058F81F
:108DF000045B00238DF85F30002D00F07886B9F118
:108E0000530F00F062871BF010030B9340F05D8757
:108E1000059B002BC1F23F811A460B992846FCF7AF
:108E2000BDFE9DF85F300890002801F0F184089A9B
:108E3000521B0A9222EAE27202920BB101320292B2
:108E40000B9BCDF8248005930E930C9308934FF061
:108E5000730949E6099B53F8042B0792002A80F214
:108E60005184079A09935242079223784BF0040BDE
:108E7000C5E52B238DF85F302378C0E5FFFFFFFFAA
:108E8000FFFFEF7FDC260020D826002014310020D1
:108E9000A81300201BF0200F4BF0100000F083847B
:108EA000099B073323F007031A46596852F8083B19
:108EB000099200228DF85F20059A002A18DB53EAF8
:108EC000010220F4906B15D1059A9AB910F00103B4
:108ED0001A46029300F0DF8630238DF83F31059B60
:108EE0000A92CDE90B330E9308930DF23F15FBE583
:108EF00020F4806B50AD03F00702DB0843EA4173B6
:108F0000C908303253EA0106284605F8012DF2D18E
:108F10001BF0010F00F04181302A00F03E81302328
:108F2000059905F8013C023850AB1B1A99424FF0E5
:108F30000002B8BF1946CDE90B2208920A930546F4
:108F400002910E92D0E523784BF0080B57E5237879
:108F50004BF0800B53E5214611F8019BB9F12A0F24
:108F600001F05D85A9F13003092B98BF002201F2C1
:108F70004E8311F8019B02EB820203EB4202A9F13E
:108F80003003092BF5D942EAE27305930C4638E524
:108F9000504602F057F8436813931846FCF75EFEFC
:108FA00015900646504602F04DF8826823781492D8
:108FB000002E3FF424AD002A3FF421AD1278002AA0
:108FC0003FF41DAD4BF4806B19E523784BF0010B9A
:108FD00015E59DF85F202378002A7FF410AD20224C
:108FE0008DF85F200BE51BF0200F40F0F584099A07
:108FF0001BF0100F52F8043B41F03D851BF0400F71
:1090000000F01B879BB209925846002151E7099A4C
:109010001BF0200F02F1040300F0B48312680699DC
:109020001160C917516009932546C1E4099A059E4C
:1090300052F8041B002047F630038642ADF860303A
:109040008DF85F000B46C0F22F852BF0800545F0B0
:10905000020B002940F02A85002E00F044873023BF
:109060008DF83F3101230C91099202960DF23F15C4
:109070004FF078090B918E460E9108910A9300F0FB
:10908000F9BC23786C2B03BF63784BF0200B0134C1
:109090004BF0100BB3E42378682B03BF63784BF4D9
:1090A000007B01344BF0400BA9E41BF0200F4BF088
:1090B000100300F0FF83099A073222F007029B4653
:1090C000536852F8086B09929846002BC0F2FE8351
:1090D000059A002A1FDB56EA08032BF0800B1AD1F1
:1090E000002A00F0B38630261BE01BF0200F00F0B2
:1090F000C0835946099B073323F0070200238DF8EC
:109100005F30059BD2F8048052F8086B0992002B5F
:1091100080F2FC828B460A2E78F1000380F0E78310
:109120003036059A9DF85F308DF83F61012AB8BF4F
:109130000122029201220A920DF23F15002B01F04A
:109140005A84029B013302930023CDE90B33089329
:109150000E93C9E41BF0200F4BF01001CAD1099BFC
:109160001A1D099B05981B684FF0000840458DF8B3
:109170005F801E46C1F2FF8021F0800B002B40F083
:10918000E9840992002840F09383CDE90B000A900E
:109190000E900290089050ADA6E4059950AA521B7B
:1091A00091424FF00003B8BF1146CDE90B3308934D
:1091B0000A9202910E9397E40822002120A8FBF75F
:1091C0008FFF01231C44FFF7F4BBB4EB05080646F0
:1091D00011D02599269B013143440729C7E900583E
:1091E0002693259100F3D3800837069B43440693CA
:1091F000002E7FF4FAAB269B002B40F09E86049B4A
:109200000022B3F90C3025924CE0079B02995E1ABC
:10921000002E7FF797ACAD49259B0F91102E24DDD2
:1092200038464FF010082F4619462546A74C04E053
:10923000103E102E00F1080013DD01311032072915
:10924000C0E90048CDE92512F2DD049924AA504670
:1092500001F060FCE8B9103E102EDDE9251227A8C8
:10926000EBDC2C460B463D46074601330F9939602F
:109270003244072BCDE925327E6000F32084083785
:1092800060E4049924AA504601F044FC00283FF40D
:1092900083AC089B1BB108995046FCF7EFFD049B7B
:1092A000B3F90C30049A526ED00702D49A0540F1FB
:1092B000D3845B0601F14B83069851B0BDEC028B61
:1092C000BDE8F08F109B11991A44C7E90013259B44
:1092D00026920133072B259300F3F08607F108014E
:1092E0000028C1F2C0810D980D6001330244072BA4
:1092F000CDE92532486046DD049924AA504601F0A4
:1093000009FC0028C5D1269A27AF31E40D98259B8A
:10931000012802F1010203F1010307F1080140F302
:1093200056810120072BCDE925323D60786000F39E
:1093300042841098119E01330244072BC1E900605A
:10934000CDE9253200F32A8408310D98B5EE408B23
:10935000F1EE10FA00F1FF3600F09681013301358D
:109360003244072BCDE925320D604E6000F33B817E
:1093700008311298486001330244072B1CA8CDE93C
:1093800025320860B8DC01F10807FFF7F1BB04994A
:1093900024AA504601F0BEFB002880D127AF24E765
:1093A000049D5046294601F0CFFD002841F0C882B7
:1093B000B5F90C3003F01A020A2A7FF4EAAA0499DC
:1093C000B1F90E20002AFFF6E4AA4A6ED60702D4AD
:1093D0009D0540F18186049923464246504601F09E
:1093E00059FB0690069851B0BDEC028BBDE8F08F9A
:1093F00098055FD599047FF5B2AA97047FF5BCAABA
:1094000001F0ACBA04990F9324AA504601F082FBF4
:1094100000287FF43EAF269A0F9B27AFFFF77EBB55
:1094200004990F9324AA504601F074FB00287FF49E
:1094300030AF269A0F9B27AFFFF781BB102D259BDE
:1094400041F30D81A046DDF81090214C102604E078
:10945000103D102D07F1080715DD01331032072BE1
:10946000C7E90046CDE92532F2DD24AA4946504637
:1094700001F050FB00287FF40CAF103D102DDDE90A
:10948000253227AFE9DC21464446884601332A4489
:10949000072BC7E90085CDE925327FF772AB049928
:1094A00024AA504601F036FB00287FF4F2AE269A3B
:1094B000FFF767BB049DA86DFCF7E4F9B5F90C3024
:1094C0006A6E9E043FF552AAFFF749BA1431002094
:1094D000D02E00201998002840F32F810B9B0D9966
:1094E0008B42A8BF0B46002B98460ADD1A44C7E9F9
:1094F0000053259B26920133072B259300F3D48735
:1095000008370B9EB8F1000FA8BFA6EB0806002E87
:1095100000F35A840B9B1BF4806F03EB050940F0AA
:109520003D86199B0D998B4203DB1BF0010F00F068
:10953000E784109911980A44C7E9000125992692F9
:1095400001310729259101F3148008370D996E1810
:10955000A6EB0906CD1AAE42A8BF2E46002E0BDDA3
:10956000259BC7F8009001333244072B7E6026927A
:10957000259301F356800837002EA8BFAD1B002DA0
:109580007FF7F6AA8C49259B0F91102D40F3FC83A1
:10959000A146DDF8108010260C4604E00837103D87
:1095A000102D40F3F08301331032072BC7E900463A
:1095B000CDE92532F2DD24AA4146504601F0AAFA4F
:1095C00000287FF466AEDDE9253227AFE7E71BF020
:1095D000010F7FF4A6AE0120072BCDE925323D60B7
:1095E00078607FF7C6AE049924AA504601F092FA3B
:1095F00000287FF44EAEDDE9253227A9B9E625998A
:10960000102E404640F3FF870F943A46A846049C2C
:109610006A4D1F4604E0103E102E02F1080216DDCE
:109620000131103010230729CDE925101560536052
:10963000F1DD24AA2146504601F06CFA00287FF49F
:1096400028AE103E102EDDE9251027AAE8DC3B46A7
:109650000F9C17462A464546904601F1010C3218E8
:10966000BCF1070FCDE925C2C7F800807E6000F38A
:10967000FB829DF85F10083700295AD1002B3FF478
:1096800061AA0B46FFF74DBA0D9801287FF771AE1E
:10969000112849480F9040F38C83A046049F102561
:1096A000044604E00831103E102E40F3818301335C
:1096B0001032072BC1E90045CDE92532F2DD24AA9D
:1096C0003946504601F026FA00287FF4E2ADDDE984
:1096D000253227A9E7E7049924AA504601F01AFA8F
:1096E00000287FF4D6AD269A27AFFFF731BA95044C
:1096F0007FF542A901F02BB91BF0010F3FF438AA06
:10970000FFF73CBB09932378FFF779B956EA0803C2
:1097100021F0800B7FF4FFAC059B002B40F0C8804C
:10972000CDE90B330A930E930293089350ADFFF7E4
:10973000DBB91E460023FFF7E3B9259B20493960BA
:10974000013301320121072B26922593796000F322
:109750006086083700287FF4B5AD0D990BF0010342
:109760000B433FF405AA109B11991A44C7E9001353
:10977000259B26920133072B259300F39F8407F145
:109780000801B0E51BF0100F40F00A831BF0400FFA
:1097900040F0C5831BF4007F00F00283099A06990C
:1097A000126811703FE4099B1A1D099B09921B68FE
:1097B0000021FFF77EBB00BF14310020D02E002017
:1097C000A8130020B4EE488BF1EE10FA80F1FA876E
:1097D000B9F1610F00F0A886B9F1410F00F0B7832D
:1097E000059B013300F0CB87B9F1670F18EE903A73
:1097F0004BF4807800F07A87B9F1470F00F0768754
:109800000023089318EE903A002BC0F26A87B0EE5E
:10981000487B0026A9F14103252B00F21E83DFE8D7
:1098200013F08A071C031C031C036004B1041C030F
:109830001C031C031C031C031C031C031C031C0330
:109840001C031C031C031C031C031C031C031C0320
:109850001C031C031C031C031C031C031C031C0310
:109860001C038A071C031C031C036004B1045B4631
:1098700021E4099A1BF0100052F8043B41F0DA8011
:109880001BF0400100F05B818DF85F009BB20599F1
:109890004FF0000841451E46C0F25C812BF0800B62
:1098A000002B40F05781059B0992002B3FF438AF05
:1098B000002635E4099A0432099909920E684FEAA4
:1098C000E6789B464346002BBFF602AC2D238DF86D
:1098D0005F30059B764268EB4808002BFFF61BAC17
:1098E0000A2E78F100032BF0800BFFF419AC0294E0
:1098F000CDF8289050A9DDF8509008974FF0000C53
:109900000BF4806426E016EB0803B94843F100032A
:10991000A0FB032020F0030202EB90029B1AF31A33
:10992000B3484FF0CC32B646474602FB03F268F12B
:10993000000800FB0822A3FB0063BEF10A0F1344DA
:109940004FEA560677F10007294646EAC3764FEA02
:1099500053082DD3A64D16EB080343F10003A5FBD6
:10996000032020F0030202EB90029B1AF31AA3FBE0
:10997000053268F1000005FB00225B0843EAC27370
:1099800003EB8303A6EB430330330CF1010C01F826
:10999000013C4D1E002CB6D099F800306345B2D181
:1099A000BCF1FF0FAFD00A2E78F1000380F09A844B
:1099B0000599029CCDF8509050AB5A1B9142B8BF0C
:1099C0001146DDF82890089F9DF85F30CDF834C02F
:1099D0000A920291FFF7B2BB5846FFF761BA854E73
:1099E0001BF0200F00F0CD80099B073323F0070305
:1099F0001A46586852F8083B09921BF0010140F0E2
:109A0000AC80059A8DF85F10002AC0F2EA8053EA14
:109A100000022BF4906B00F0FC8003F00F02B25CAC
:109A20008DF83F211B0943EA0073020953EA101025
:109A30000DF23F150BD003F00F001B09305C05F849
:109A4000010D43EA0273120953EA0200F3D1059AA9
:109A500050AB4FF0000E5B1B9A42CDE90BEEB8BF46
:109A60001A460A930292CDF820E0CDF838E000299A
:109A70003FF43AA8029BDDE925C2023302931BF0B2
:109A800084039046614604D1079E0298361A002E40
:109A900006DCBEF1000F3FF444A80226FFF730B801
:109AA0000223ADE5544E9BE74BF0020B0992524E58
:109AB00003F00F020221B25C4FF07809B0E704997D
:109AC00024AA504601F026F800287FF4E2AB269A3B
:109AD00027AFFFF737B8049924AA504601F01AF8C7
:109AE00000287FF4D6AB269A27AFFFF754B9059B21
:109AF0000895062B28BF062302930A932B4605954B
:109B0000CDE90B333D4DCDF824800E93FEF7ECBF2D
:109B10000822002122A8FBF7E3FA099A37AD126860
:109B200022AB2946504602F09FFA0A90013000F01D
:109B300086800A9B23EAE3730293FFF7A4B81BF421
:109B4000007840F0F68105998DF85F8000291E4667
:109B5000BFF6A4AE0992FFF7DEBA53EA00024FD077
:109B600030228DF8602000228DF85F20059A8DF854
:109B70006190002A32DB2BF4906242F0020B02214A
:109B80004BE7099A1BF0100F52F8043B099223D1BE
:109B90001BF0400F1CD09BB200202EE7049924AA92
:109BA000504600F0B7FF00287FF473ABDDE92532A3
:109BB00027A9FFF7CABB049924AA504600F0AAFFC0
:109BC00000287FF466ABDDE9253227A9FFF7B1BB9A
:109BD0001BF4007F40F0A08100200EE74BF0020B49
:109BE000022103F00F022BF4806BB25C18E700BF78
:109BF000CDCCCCCCFC260020E8260020102700206D
:109C0000059B00218B428DF85F10C0F2E9832BF495
:109C1000906B059A002A00F0C980012A33788DF8EC
:109C20003F31B8BF0122002302920122CDE90B335C
:109C300008930A920E930DF23F15FEF755BF049854
:109C4000B0F90C30426E43F040018181D00700F141
:109C50007E86990500F17B86049CA06DFBF714FEBF
:109C6000B4F90C30FFF725BB04990F9324AA504692
:109C700000F050FF00287FF40CAB9DF85F10269A8F
:109C80000F9B002900F0C6801E46DDF894C00346F5
:109C900027AFFEF735BF059B0A93CDE90B330E9333
:109CA000089350ADFEF720BF5046FBF701F8FEF7D2
:109CB0004CBE049924AA504600F02CFF00287FF4E3
:109CC000E8AA269A27AFFFF754B80822002122A855
:109CD0001B95FBF705FA059B002BC0F2738300264A
:109CE0000294CDF82080344698460EE037A95046BD
:109CF00002F0BAF9431C204400F04985404509DCD4
:109D000006F1040600F0B48504461B9A925922AB72
:109D1000002AEBD10A94DDF82080029C0A9B002BDC
:109D200000F06783632B40F3BE84591C5046FAF75A
:109D3000D7F80546002800F0888608900822002100
:109D400022A8FBF7CDF90A9E22AB00931BAA33464B
:109D50002946504602F0B0F9864240F087860A9ABA
:109D60000023AB5422EAE27202929DF85F20059331
:109D700012B1029A01320292CDE90B33CDF8248060
:109D80000E93FEF7B1BE4C4601330F9939602A4459
:109D9000072B7D60CDE925327EF7E9AEFFF7ACBA3F
:109DA000099A069912681160FFF73DB9059BB7E45F
:109DB000444601330F9808603244072BCDE9253221
:109DC0004E607FF7D5AA0EE4102E259B40F3108637
:109DD000B848DDF810800F9039464FF0100907465B
:109DE00004E00831103E102E40F3DE8201331032C1
:109DF000072BC1E90079CDE92532F2DD24AA4146DD
:109E0000504600F087FE00287FF443AADDE92532A2
:109E100027A9E7E7002B7CD0DDF894C00B4627AFDD
:109E2000FEF77FBE1BF4007F16BF46F3C0184FEA53
:109E3000E67876B24346FFF748B91BF4007174D058
:109E4000DBB2099258460021FFF733B89DF85F3026
:109E500002920A9250ADFFF771B922AB01931BAB8E
:109E60000093B0EE470B059A19AB022150468DEDD9
:109E7000027B01F0E3F99DED027B05461BF0010F2B
:109E800040F0CA83229B5A1B199B0D92D91C0B933D
:109E9000C0F27C8305999942C0F220839A4200F374
:109EA000D3830B9B0A931BF4806F03D00B9B002B77
:109EB00000F3EB840A9B23EAE373C34602934FF05B
:109EC000670900230E930C930BF00201002E00F0A3
:109ED0005D814FF02D0E8DF85FE0029B0133029300
:109EE00000230593C3E5059B0992CDE90B330E933F
:109EF0000A93029350AD4FF078099E460893B9E556
:109F00006E18A6EB0906CD1AAE42A8BF2E46FFF783
:109F100033BB27AFFEF716BEDBB200206DE5099A12
:109F2000069912681180FFF77EB809925846FEF72D
:109F3000C0BF8DF85F10DBB2A9E4049924AA504693
:109F400000F0E8FD00283FF45AA9FFF7A8B945F64C
:109F50003003ADF86030059B632B4BF0020B00F330
:109F6000008418EE903A002BC0F2DF83B0EE480B6D
:109F700019A801F06BF8B4EE007B20EE077BB5EE7C
:109F8000407BF1EE10FA01D10123199300264A48D3
:109F9000089637AD0599B3EE004B2B4606E0B5EEBB
:109FA000407BF1EE10FA00F04384114627EE047B6B
:109FB000FDEEC76B4A1E16EE90CA10F80CE0B8EE24
:109FC000E65B9C4637EE457B03F801EB0029E6D1C2
:109FD000B6EE005BB4EEC57BF1EE10FA08DCB4EE31
:109FE000457BF1EE10FA1ED116EE902AD2071AD553
:109FF000CDF888C013F8011C90F80FC08C451A46A4
:10A000000AD14FF0300E02F801EC229A511E229133
:10A0100012F8011C6145F6D0392916BF0131817A49
:10A02000C9B202F8011C199A5B1B0D93B9F1610FBB
:10A0300002F1FF33199300F0A48450214FF041093D
:10A04000002B8DF87010C0F292842B22092B8DF812
:10A05000712000F3AB820DF17202303302F8013B44
:10A060001CABD31A12930D9B129A012B1A440A921D
:10A0700040F397830A9B109A13440A930A9A2BF48D
:10A08000806343F4807B22EAE2720023CDE90B3344
:10A090000E93029218E72846FBF7E0FD9DF85F302B
:10A0A0000A9020EAE0720292002B3EF4C9AEFEF75D
:10A0B000C5BE00BF14310020FC260020049924AA4C
:10A0C000504600F027FD00287FF4E3A8DDE92532A3
:10A0D000199827A9FFF704B9886DFBF7D5FBFFF79F
:10A0E0007AB9059B01330D93022122AB01931BAB7F
:10A0F0000093B0EE470B19AB0D9A50468DED027BE5
:10A1000001F09CF80D9B29F0200CBCF1460F9DED51
:10A11000027B054600EB030100F09681B5EE407B23
:10A12000F1EE10FA00F06883229B8B4238BF4FF0AB
:10A13000450C80F05F8330205A1C22921870229BBD
:10A140008B42F9D35B1B0D93BCF1470F199B0B930B
:10A1500000F0BD81BCF1460F00F08C810B9B8DF8A7
:10A160007090013B002B1993C0F217822B22092B10
:10A170008DF8712000F31A8230228DF872200DF1D3
:10A1800073026AE7059B0D930321AEE79DF85FE03C
:10A19000BEF1000F7FF4A1AE059668E40D9BDDF8DB
:10A1A0003880CDF83CB0EB1805930C9BDDF810B06F
:10A1B0000B94002B4E463946DDF85090159F0E95B6
:10A1C0002EDDB8F1000F7ADD08F1FF382598139BDA
:10A1D00001303A440728C1E900372692259063DC14
:10A1E0000831059B99F800009D1B8542A8BF0546D4
:10A1F000002D0BDD259801302A440728C1E90065B0
:10A200002692259061DC99F800000831002DACBF42
:10A21000441B0446002C15DC06440C9B002BD0DCB0
:10A22000B8F1000FD0DCDDE90D35EB189E42CDF81A
:10A2300050900B9CDDF83CB0B1460F4628BF9946C4
:10A24000FFF76FB9102C2598B44B1FDD10250A932A
:10A2500004E0103C102C01F1080116DD0130AF4B79
:10A2600010320728C1E90035CDE92502F1DD24AA25
:10A270005946504600F04EFC00287FF40AA8103CD6
:10A28000102CDDE9250227A9E8DC0A9B0B600130D0
:10A2900022440728CDE925024C6000F3C78099F8D5
:10A2A000000008310644B8E724AA5946504600F099
:10A2B00031FC00287EF4EDAF269A27A991E70C9B8C
:10A2C000013B09F1FF390C9380E724AA5946504617
:10A2D00000F020FC00287EF4DCAF99F80000269AFC
:10A2E00027A993E7159A1399AD1A2846FAF7E0FFC4
:10A2F00099F801300BB109F10109894A16EB0803FD
:10A3000043F10003A2FB030727F0030000EB9700D3
:10A310001B1AF31A4FF0CC3168F1000803FB01F16E
:10A3200002FB0811A3FB023001445B0843EAC1763B
:10A330004FEA510816EB080343F10003A2FB031098
:10A3400020F0030101EB90015B1AF31AA3FB023129
:10A3500068F100005B0802FB001243EAC27303EBE2
:10A360008303A6EB4303303305F8013C4FF0010CA7
:10A37000013DFFF711BB09928B46FEF7CCBE2D23A2
:10A380008DF85F30B9F1470F4FF000030893059344
:10A3900040F356810322634D0A92CDE90B330E93AD
:10A3A00004230293FEF7A0BB0F4601330F993960D7
:10A3B0003244072BCDE925327E6000F386810837D1
:10A3C000FFF7A8B822AB009300231BAA19465046FA
:10A3D00001F072FE0A90013000F0D9811B959DE4D6
:10A3E00033788DF83F312BF4806B0DF23F15FFF77A
:10A3F0002EBB9DF85F30CDF82480003B18BF0123B1
:10A4000002930A9B0593CDE90B330E930893FEF755
:10A410006BBB049924AA504600F07CFB00287EF414
:10A4200038AF1998269A27AFFFF794B924AA59464E
:10A43000504600F06FFB00287EF42BAF99F8000027
:10A44000269A27A90644E8E62B78302B00F0D7811E
:10A45000199B1944B5EE407BF1EE10FA30D0229BE7
:10A460008B42FFF468AE5B1B0D93BCF1470F199B49
:10A470000B932CD00B99059A0BF00103002943EAAA
:10A48000020340F39F82002B40F02C820B9B0A9327
:10A490004FF066091BF4806F40F0F9810A9B23EAB4
:10A4A000E373C34602930CE5049924AA504600F0D6
:10A4B00031FB00287EF4EDAE269A27AFFFF721B8D6
:10A4C000199B0B934B1BBCF1470F0D93D2D10B9BE8
:10A4D00003335BDB059B0B9A934210DA0B9B013B2A
:10A4E000A9F10209002B8DF870901993BFF63EAECA
:10A4F0000B9B2D22C3F101038DF871203CE60D9BCF
:10A500000B9A934200F3A0801BF0010F0B9B00F00D
:10A51000F181109A13440A93C5E400BF143100205E
:10A52000CDCCCCCCDC26002047F63003ADF8603033
:10A53000059B632B4BF0020B00F3138118EE903A4E
:10A54000002BC0F2F280B0EE480B19A800F07EFD9F
:10A55000B4EE007B20EE077BB5EE407BF1EE10FA07
:10A5600040F0DD8101230026199337AD0896B948E4
:10A5700010E5049924AA504600F0CCFA00287EF495
:10A5800088AE199B269A27AFFEF7E0BF0B9BA9F177
:10A590000209013B8DF8709019930B9A2D238DF8C9
:10A5A0007130C2F101030832BFF6E6AD0DF17F0C48
:10A5B000DFF8B4E262461046AEFB0312D20802EBAB
:10A5C0008201A3EB41013031632B00F8011C1346DB
:10A5D00000F1FF32EFDC303302F8013C831E6345AB
:10A5E00080F00F820DF1710213F8011B02F8011FB8
:10A5F0006345F9D103F5A0736B44CC3B1B1A1CAA2D
:10A600009B1A12932FE5DFF86482FFF726B8002328
:10A610000C460593FEF7F5B9059B4FF0470CE9187A
:10A6200018E7049924AA504600F074FA00287EF432
:10A6300030AE199D0D9B269A5D1B27AFFEF79CBF80
:10A640000322854D0A92A8E60D9B109A9A180B9B3F
:10A650000A92002B40F3AA804FF067091AE7DFF84F
:10A660000C82FEF713BF464210307C480F901FDA71
:10A670001027804603E00831103E102E18DD01330C
:10A680001032072BC1E90087CDE92532F3DD0499AB
:10A6900024AA504600F03EFA00287EF4FAADDDE927
:10A6A000253227A9E8E70023089337ADFFF746BB1B
:10A6B00001330F9808603244072BCDE925324E60F4
:10A6C00000F320810831FEF70EBE049924AA5046FB
:10A6D00000F020FA00287EF4DCAD269A27AFFEF7C2
:10A6E00019BF2D26B1EE487BFFF794B8059A002AD2
:10A6F00000F04A81002BC0F26181B0EE487B002659
:10A7000022AB01931BAB0093B0EE470B19AB059A3C
:10A71000022150468DED027B00F090FD00239DED5F
:10A72000027B05460893FFF7A9BB0023089337ADCA
:10A730002D26B1EE487BB0EE470B19A800F086FC41
:10A74000B4EE007B20EE077BB5EE407BF1EE10FA15
:10A7500004BF01231993B9F1610F3FF408AF4048DA
:10A7600018E4059B5046591CF9F7BAFB054600282A
:10A770003FF465AA08904BF48078FFF743B80023B4
:10A780000893062305934BF48078FFF73BB8049BAE
:10A790009B890022089243F04003049A9381FEF7BC
:10A7A00078BD1BF0010F3FF469AC63E4C3F1010312
:10A7B0001A4422EAE273C3460A9202934FF06709F1
:10A7C000FFF77FBB18EE903A13F000432BF0800B9D
:10A7D0000B9300F0E1802D238DF85F30B9F1470F26
:10A7E0004FF000030893059340F30F8103221D4DA2
:10A7F0000A92D2E55B1B0D93199B0B93AEE4B5EE69
:10A80000407BF1EE10FA78D1199B0B93194459E66D
:10A81000CDF82480002B00F08880059B0A935A1CF9
:10A82000029205900E900C904FF07309FEF75CB900
:10A83000002A0591FFF6F7AB0599302001EB030CD8
:10A84000194601F8010B6145FBD11A44531CFFF76F
:10A85000EABB00BFE8260020D826002014310020E3
:10A86000FC260020E4260020CDCCCCCCD02E00202D
:10A87000059B029CDDF820800A93FFF74FBA002366
:10A88000032208930A92059387E54FF0670914990C
:10A890000B78FF2B00F0D18000200B9A0E9084469D
:10A8A00003E001300131FF2B09D0934207DAD21ABD
:10A8B0004B78002BF5D10B780CF1010CF3E7CDE9C7
:10A8C0000B201491CDF838C00C9A0E9B15991344A7
:10A8D0000A9A01FB03230A9323EAE373C346029314
:10A8E000FFF7F2BA109B02EB01094B440A934FF0B9
:10A8F0006609CFE50A93FFF7D6BA0D9BC3F10103B2
:10A900001993A6E5049924AA504600F003F90028FB
:10A910007EF4BFACDDE9253227A9FEF7E4BC0026B2
:10A920005848089637ADFFF735BB059B0A9302934D
:10A93000089B0E930C9305934FF07309FEF7D4B860
:10A94000049A536EDB0702D493899F0579D54FF0A3
:10A95000FF330693FEF7B0BCD007F8D4049B9B8965
:10A960009905F4D4049B986DFAF78EFFEFE72D2339
:10A970008DF87130C2F101030832FFF617AEFFF710
:10A980006ABB7021FFF75CBB934242DBB0EE487BB1
:10A990000123059E0593B3E69DF85F30B9F1470F9B
:10A9A000CCBF394D394D002B55D1032205930A9266
:10A9B0000E930C9308930292FEF796B82D26B1EEF3
:10A9C000487B9DE6C34633B9012302934FF06609E5
:10A9D0000A93FFF776BA109B03F10109059B4B44DC
:10A9E0000A9323EAE37302934FF06609FFF769BA0B
:10A9F00027490F91D9E4CDE90B3308930E93FEF765
:10AA000073B802231293FFF72EBB03221F4D0A9245
:10AA1000C3E401232D260593B1EE487B70E6099A25
:10AA200063780C4652F8041B099241EAE1710591E2
:10AA3000FDF7E5BF5946FEF794BB00230E930C9338
:10AA400042E7906DFAF720FF81E7049B08909B890D
:10AA500043F04003A1E6002305930E930C93089363
:10AA600003230A9304230293FEF73EB8049B9B89B9
:10AA700043F0400391E65846FEF797BE5B46FEF76B
:10AA80001BBF00BFE8260020E4260020E0260020AF
:10AA900014310020F0B50D46ADF2744D164689898B
:10AAA0006A6E1B92EA89ADF8162021F00201EA696C
:10AAB000ADF8141009921CA96A6A02910746069122
:10AAC0000B924FF48061002218A801930491079122
:10AAD0000892FAF7D3FE3246019B02A93846FDF7E9
:10AAE00015FF061E07DB02A93846F9F7BDFF00284F
:10AAF00018BF4FF0FF36BDF814305B0603D5AB89A5
:10AB000043F04003AB811898FAF7BAFE30460DF2D5
:10AB1000744DF0BD936810B514461BB91846002358
:10AB2000636010BD00F094F80023A360002363600D
:10AB300010BD00BF2DE9F0411546926802B32C68A4
:10AB400007468846083401E00834C9B16B68581ECE
:10AB5000002B1146686013DD54F8046C002EF3D00E
:10AB6000334654F8082C4146384602F02BFC431C6F
:10AB700007D0AA68921B1146AA6008340029E5D1C3
:10AB800000200023C5E90133BDE8F08170B500293C
:10AB900041D006460C4610B1436B002B3ED0FAF76D
:10ABA000A5F8636EB4F90C20DD0730D4900538D5D4
:10ABB00021463046F9F7BEFEE36A054633B1E16946
:10ABC000304698470028B8BF4FF0FF35A3891A06D2
:10ABD00039D4216B41B104F14003994202D030468F
:10ABE000FBF74CF900232363616C21B13046FBF77E
:10ABF00045F900236364636E0022DB07A2811ED542
:10AC0000A06DFAF73DFEFAF777F8284670BD002AE6
:10AC1000CED1FAF771F80025284670BDFAF748F84A
:10AC2000BDE7A06DFAF72EFEB4F90C30002BBFD1B2
:10AC3000636ED907EDD4A06DFAF726FEE9E7A06DA3
:10AC4000FAF722FEDCE721693046FBF717F9C0E787
:10AC50009368002B00F0B7802DE9F04FB1F90CC0DC
:10AC60001CF0080F83B00C46804617462DD00B69A8
:10AC70005BB31CF002033E6833D04FF0000ADFF8EC
:10AC8000C4B25546B9465D452B46524628BF5B4681
:10AC90004046B5B1E169676AB847002840F38B8048
:10ACA000D9F808301B1A8244C9F80830002B79D033
:10ACB0002D1A5D452B46524628BF5B464046002D67
:10ACC000E8D1D6E900A50836DDE72146404600F088
:10ACD0003BF9002874D1B4F90CC03E681CF00203A3
:10ACE000CBD11CF0010A70D1236800975546002D86
:10ACF00054D01CF4007FD4F80890184600F0AB80C4
:10AD0000A945CB4600F2E4801CF4906F34D0216951
:10AD10006269A3EB010902EB420202EBD27209F174
:10AD2000010352102B44934294BF93469B46934297
:10AD300088BF1A461CF4806F00F0E9801146404637
:10AD4000F9F7CEF8002800F0F7804A462169019013
:10AD5000F5F7A8FAA289019B22F4906242F08002E2
:10AD6000A28103EB09002361ABEB0903C4F814B023
:10AD7000A3602060A946AB4651465A46FAF71EF931
:10AD8000A2682368A2EB0902A260009A91685B4462
:10AD9000491B2360916029B1B4F90CC0D6E900A524
:10ADA0000836A4E7002003B0BDE8F08F21464046F6
:10ADB000F9F75AFE68B3B4F90C3043F04003A381AD
:10ADC0004FF0FF30EFE7002070471D469A461846C7
:10ADD000B946009365B3002831D05246D4E9041334
:10ADE0002068AA4228BF2A46884204D9A16803EBFA
:10ADF000010B5A457CDC93426DDCE169009A676A7D
:10AE00004046B847B0F1000BD5DDBAEB0B0ACDD008
:10AE10000120D9F80830A3EB0B03C9F80830002B48
:10AE2000C0D0009BA5EB0B055B440093002DD2D155
:10AE3000756833460836002DFAD01B680093009FD2
:10AE40002A460A213846FAF7A9FE002871D00130B7
:10AE5000A0EB070AC1E722699A4221D36269AA429C
:10AE60001ED86FF00043AB4228BF2B46E16993FB2D
:10AE7000F2F3676A02FB03F340465246B847B0F16B
:10AE8000000998DD009A9368A3EB0903A5EB090577
:10AE90009360002B86D0B4F90CC02368CA4426E71F
:10AEA000A94528BFA94618464A465146FAF786F8EA
:10AEB000A2682368A2EB09024B44A2602360002A27
:10AEC000E0D121464046F9F7CFFD0028DAD072E7FD
:10AED000A946AB4650E700990192FAF76FF8019A3C
:10AEE000A3689B1AA36023681344236093468CE7EE
:10AEF00000995A46FAF762F823685B4423602146BA
:10AF00004046F9F7B1FD00283FF47FAF53E74046D4
:10AF1000F9F7C8FA034600287FF423AF21694046B9
:10AF2000FAF7ACFFA3890C22C8F8002023F08003B5
:10AF300043E76A1C924651E70C22B4F90C30C8F87A
:10AF400000203AE700FCFF7F10B5354B0446186837
:10AF500082B00B4610B1426B002A53D0B3F90C20DB
:10AF6000110711D51869C8B1B3F90C2012F001010D
:10AF700026D059694FF0000C4942C3F808C09961C6
:10AF800020B3002002B010BDD00640D5510723D415
:10AF9000186942F008029A810028E5D19A8902F4E2
:10AFA0002072B2F5007FDFD019462046019302F0EF
:10AFB0006BFA019BB3F90C20186912F00101D8D18A
:10AFC000940758BF596999600028DAD11106D9D57C
:10AFD00042F040029A811FE0196B61B103F1400019
:10AFE000814206D020460193FAF748FF019BB3F94E
:10AFF0000C200021196318690021C3E9000122F027
:10B000002402C6E70191F9F753FE019BA6E7092147
:10B0100042F0400221609A814FF0FF30B2E700BF5A
:10B020000C3A002059B1034600EB010C02E0013359
:10B030009C4504D01A78002AF9D1181A704708469E
:10B04000704700BF004870477C3900204DF804BDB0
:10B0500083B08DED000B019ADFF870C022F0004341
:10B0600000216345016025D8DDF800C053EA0C0CCF
:10B0700020D0DFF85CC002EA0C0CBCF1000F0AD152
:10B080009FED107B20EE077B8DED007B019A6FF02A
:10B09000350122F00043DDE900BC6FF31E5242F09F
:10B0A0007F5C1B154CF4001CA3F2FE33CDE900BC01
:10B0B0000B4403609DED000B03B05DF804BB7047CB
:10B0C000AFF300800000000000005043FFFFEF7F5F
:10B0D0000000F07F00B50B4C2468864685B0E06820
:10B0E0009C460C4652B108490094CDE901127346C2
:10B0F0000649624600F0ECFFF5F796FA04490A4665
:10B10000F2E700BF0C3A0020182700202827002073
:10B11000E80700202DE9F04F03690C69A34283B0D2
:10B12000C0F28880013C01F1140500F1140855F8C3
:10B13000243058F82420013308EB84069A42009604
:10B140004FEA840B05EB8407B2FBF3F63AD30023F6
:10B150000191C64629469C4651F8042BDEF8009022
:10B160001FFA82FA06FB0A334FEA134A120C06FB57
:10B1700002A29BB21FFA89FAAAEB030363441FFAE7
:10B1800082FCCCEB234C0CEB194C9BB243EA0C43F6
:10B190008F424EF8043B4FEA2C4C4FEA1243DBD26D
:10B1A00058F80B3001996BB9009B043B984504D3C8
:10B1B00007E0984504F1FF3403D21A68043B002AE3
:10B1C000F7D004618146FBF72FFA00282EDB013609
:10B1D0004146002255F8040BD1F800C01FFA80FE4A
:10B1E0001FFA8CF3A3EB0E031344020CC2EB2342B1
:10B1F00002EB1C429BB243EA0243AF4241F8043BDC
:10B200004FEA2242E6D258F8242008EB84036AB9B8
:10B21000043B984504D307E0984504F1FF3403D27A
:10B220001A68043B002AF7D0C9F81040304603B032
:10B23000BDE8F08F002003B0BDE8F08F2DE9F04F9E
:10B2400093B08DED000B0491816B1C9D069257EC21
:10B25000106B0446089341B1C26B4A6001239340CE
:10B260008B60FAF757FF0023A363B7F10008B4BF60
:10B27000012300232B60A34BBCBF28F00048CDF86E
:10B28000048033EA080300F092809DED007BB5EE68
:10B29000407BF1EE10FA0DD1089A012313601D9B3B
:10B2A00013B11D9A984B1360984B0293029813B0F8
:10B2B000BDE8F08F10AAB0EE470B11A920468DED26
:10B2C000027BFBF791FA5FEA18539DED027B109A1F
:10B2D000834640F08280119B134403F232412029BF
:10B2E00040F3E281C1F1400108FA01F803F2124192
:10B2F00026FA01F148EA010106EE101AB8EE466B93
:10B30000013B16EE901A4FF00108A1F1F8719FED84
:10B31000772BB7EE081B9FED775B9FED784B06EE22
:10B32000901A03EE903A36EE416BB8EEE33BA6EE90
:10B33000025BB0EE456BA3EE046BFDEEC65BB5EEB3
:10B34000C06BF1EE10FACDED055A00F1C080059901
:10B35000D21A162902F1FF3A00F2A4806C4B03EBDB
:10B36000C10393ED006BB4EEC67BF1EE10FA00F171
:10B37000A281002A40F3C0840027CDE90A178A443D
:10B3800000230993049B092B3DD8052BC4BF043B24
:10B390000493049BA3F10203CCBF00250125032BDA
:10B3A00033D8DFE813F0FA01F701ED019201089AB2
:10B3B000C8F3130842F20F7358EA060813601BD152
:10B3C0001D9B002B00F04286524B029308331D9ABE
:10B3D0000298136013B0BDE8F08F17EE901AB0EE2C
:10B3E000476BC1F3130141F07F51A3F2FF3341F4E6
:10B3F00040114FF000088AE71D9B002B40F061814F
:10B40000454B029352E7002304930025E563294648
:10B4100020468DED067BFAF753FE9DED067B0290EC
:10B42000002800F0B485119A029BA363002A75DB03
:10B4300005990E2972DC364B03EBC10393ED003BFB
:10B4400087EE036BBDEEC66B029916EE103A3033F1
:10B4500001F8013B4FF0FF39B8EEC65BA5EE437B28
:10B460000123B2EE044B11E087EE036BBDEEC66B19
:10B47000013316EE102A4B4502F13002B8EEC65BDE
:10B4800001F8012BA5EE437B00F0A38427EE047B9B
:10B49000B5EE407BF1EE10FAE6D1059B0133049343
:10B4A0000D46ECE001230B93059BBAF1000FBABFE8
:10B4B000C2F101074FF0000A0027002B80F2F18053
:10B4C000059BFF1A5B42099300230A935AE7B8EEE3
:10B4D000E55BB4EE465BF1EE10FA3FF438AF059948
:10B4E0000139059133E700BFAFF3008061436F631B
:10B4F000A787D23FB3C8608B288AC63FFB799F508D
:10B500001344D33F0000F07FA9130020A8130020AC
:10B51000A802002058270020642700204FF0FF39A0
:10B520000695CDF83090B8F1000F00F0E984DDF811
:10B53000248002F23342012120469244BD18FAF7DA
:10B54000AFFE0646002F40F09F82099B002B00F0C3
:10B550009383B8F1000F40F077835946099A20464B
:10B56000FAF790FF01238346099301212046FAF759
:10B5700097FE0A9B8046002B40F04582049B012BDE
:10B5800040F3AA820120504410F01F0000F008810F
:10B590001B2800F3D582C0F11C00054407448244F7
:10B5A000002D05DD59462A462046FAF7C7FF834697
:10B5B000BAF1000F05DD414652462046FAF7BEFFBC
:10B5C00080460B9B002B40F00082B9F1000F40F346
:10B5D000D781099B002B40F02481059B0133049304
:10B5E000029F012507E0594600230A222046FAF768
:10B5F0009BFD0135834641465846FFF78BFD4D457F
:10B6000000F1300A07F801ABEDDB029BB9F1000F46
:10B6100003F1010209F1FF394FF00003D8BF4FF0E9
:10B62000000991440093594601222046FAF786FF0B
:10B6300041468346FAF7F8FF002840F32083029A38
:10B6400002E0914500F026834D4609F1FF3915F8D7
:10B65000013C392BF5D0013389F8003041462046B2
:10B66000FAF758FD5EB1009B2BB1B34203D01946E7
:10B670002046FAF74FFD31462046FAF74BFD594672
:10B680002046FAF747FD00232B70089B049A1A60A6
:10B690001D9B002B3FF40AAE02981D6013B0BDE85D
:10B6A000F08F9A440A936BE6C1F1200106FA01F18A
:10B6B00006EE101A22E6059B013B059300230B932F
:10B6C000F2E6AC4B0293033381E601230D93DDE9EF
:10B6D0000523134403F101094E46012E0C93B8BF14
:10B6E0000126172E40F39C84012204235B0003F102
:10B6F0001400B042114602F10102F7D9E16320467D
:10B700008DED0E7BFAF7DCFC0290002800F03F8400
:10B71000B9F10E0F9DED0E7BA06346D8002D44D0ED
:10B720000599002940F3F182934B01F00F0203EBDE
:10B73000C203CD0593ED006B4FEA211340F18A83DC
:10B740008E4A92ED085B03F00F03032187EE054B51
:10B75000002B00F0FB81894A01E05B100832D8071A
:10B7600003D45B100832DE07F7D592ED005B5B1067
:10B7700001F1010126EE056B00F0E8810832F2E7E5
:10B7800001230D93069B002B40F38B81069E0C96A4
:10B79000B146A6E700230D9399E700230D93F1E747
:10B7A0001C20054407448244FAE6119A002AC0F29C
:10B7B0004081059B0E2B00F33C816F4B059A03EBF8
:10B7C000C20393ED003B069B002B80F2ED82B9F1A2
:10B7D000000F00F3E98240F08682B1EE046B23EEA5
:10B7E000066BB4EEC67BF1EE10FA494640F27C825D
:10B7F000029D312305F8013B2046FAF78BFC059B9F
:10B80000023304933BE7314600230A222046FAF72D
:10B810008BFC0C9B002B064640F3FA83DDF830903E
:10B820000595002F05DD31463A462046FAF786FE9B
:10B8300006460A9B002B40F0F6823746029D6B1E9F
:10B840004B440A93009B03F001030C934146584676
:10B85000FFF760FC31460B9000F1300A5846FAF7CA
:10B86000E3FE414681463A462046FAF7FDFEC368AC
:10B870000146002B36D109905846FAF7D5FE0999B2
:10B8800006902046FAF746FC069A002A5AD1049BF5
:10B890001BB90C9B002B00F0A483B9F1000F43DB14
:10B8A0000A9BA9469D4209F801AB00F0D782594690
:10B8B00000230A222046FAF737FCBE42834631466F
:10B8C0004FF000034FF00A02204635D0FAF72CFC67
:10B8D0003946064600230A222046FAF725FC4D4643
:10B8E0000746B3E72046FAF715FCB9F1000F08DB6D
:10B8F000009B03F00102049B49EA030952EA090292
:10B900002ED1594601222046FAF718FE41468346B9
:10B91000FAF78AFE002840F34183BAF1390F00F0AC
:10B9200024830B9B03F1310A05F801AB059B0096BC
:10B93000013304933E4691E6FAF7F6FB4D46064680
:10B94000074683E7B9F1000FC0F28483049B49EAFC
:10B9500003090C9B53EA090900F07C83002A9FDD50
:10B96000BAF1390F00F001830AF1010305F8013B38
:10B97000DCE700BF64270020A8020020800200202E
:10B98000049B022B7FF725AEB9F1000F40F0008237
:10B9900041464B4605222046FAF7C6FB0146804643
:10B9A0005846FAF741FE484540F3F281029D3123A3
:10B9B00005F8013B41462046FAF7ACFB059B0233F4
:10B9C0000493002E7FF457AE59E641465846FAF7E5
:10B9D0002BFE0028BFF6F9AD594600230A22204667
:10B9E000059DFAF7A1FB099B013D8346002B7FF4DF
:10B9F0000AAF0C9B002B40F3FE82059BDDF83090D4
:10BA000004930595ECE51A4601462046FAF73AFDFF
:10BA1000049B012B804640F3F98100230A93D8F858
:10BA2000103008EB83031869FAF7D0FBC0F120004F
:10BA3000A9E50D9B73B9002F67D1099B002B74D129
:10BA40001D461E4691E5119A002A03DB05990E2931
:10BA50007FF7B4AE049B012B7FF765AD099B09F11D
:10BA6000FF384345C0F27781B9F1000FA3EB080816
:10BA700080F2BE82A7EB0903012120460D93FAF75D
:10BA80000FFC3D460D9F0646BAF1000F7FF75DADF6
:10BA900057453B46A8BF5346ED1AFF1AAAEB030AC7
:10BAA00053E50021E16320468DED067BFAF708FBA4
:10BAB0009DED067B0290002800F06982029BA36343
:10BAC000002D40F09F81119AAA42C0F27C8201238E
:10BAD0000C93994606936CE6009B002B7FF452ADC5
:10BAE000019BC3F31303002B7FF44CAD019B23F0A8
:10BAF00000431B0D1B05002B3FF444AD0123013512
:10BB00000AF1010A0A9318463DE5BAF1000F00F068
:10BB1000FE8157453B46099EA8BF5346FD1AAAEB36
:10BB2000030A2F46002E3FF420AD5946099A2046BD
:10BB3000FAF7A8FC0023834609933D461E4614E508
:10BB40001C283FF42DADC0F13C002AE684EE065BD4
:10BB50000B9B3BB1B7EE006BB4EEC65BF1EE10FA97
:10BB600000F1E081B1EE0C4B06EE901AB8EEE66BF8
:10BB7000A6EE054B14EE901A53EC142BA1F1507362
:10BB8000B9F1000F00F09B80DDF814C0484643EC8B
:10BB9000142BB64B029DFDEEC53B03EBC00212ED2C
:10BBA000022B13EE902A02F1300E0D9A691CB8EEAA
:10BBB000E36B0E4635EE466B002A00F05B81B6EE75
:10BBC000003B83EE025B35EE445BB4EEC65BF1EE08
:10BBD00010FA85F800E000F32782B7EE001BB2EE02
:10BBE000043B002518E001358542BFF62CAF26EE58
:10BBF000036B25EE035BFDEEC64B14EE902AB8EE08
:10BC0000E42B303236EE426BB4EEC56BF1EE10FA37
:10BC100001F8012B00F1DF8131EE464BB4EEC54B4C
:10BC2000F1EE10FADFD5029A0CF1010C02E091421C
:10BC300000F097810D4611F8013D392BF7D0013303
:10BC40000B70CDF810C01AE5314642462046FAF78F
:10BC500019FC5A46014606462046FAF74FFB59465C
:10BC60000D902046FAF756FA099BDDF834B0B3EB95
:10BC7000080309937FF471AC0123099375E403D1A0
:10BC80001AF0010F7FF4DBAC4D4619F8013D302B63
:10BC9000FAD0E3E4059B029A023304933123137034
:10BCA000DCE406EE901AB1EE0C4BB8EEE66BA5EEB6
:10BCB000064B14EE901A53EC142BA1F1507343EC85
:10BCC000142BB1EE046B35EE466BB4EEC46BF1EEA3
:10BCD00010FA00F35681B1EE444BB4EEC46BF1EEB2
:10BCE00010FA7FF562AD00212046FAF713FA069BA1
:10BCF000029D5B420493C2E4059B0A939A4600238B
:10BD0000C2F101070B93FFF73BBB00F00781059AD7
:10BD1000564B524202F00F0103EBC10393ED005B5F
:10BD2000131127EE055B00F07981514A022101E0F1
:10BD30005B100832DD0703D45B100832D807F7D553
:10BD400092ED006B5B1001F1010125EE065B3FF403
:10BD5000FFAE0832F2E7099B0A9AA8EB03031A44E4
:10BD6000012120460A92FAF79BFACA4407EB09051B
:10BD70000646CDF82480002F3FF4EFAB57453B46F5
:10BD8000A8BF5346ED1AFF1AAAEB030AFFF7E5BB5B
:10BD900041462046FAF7BEF9069B029D5B4204939A
:10BDA000002E7FF468AC6AE4029B5E1C87EE036B96
:10BDB000BDEEC66B029A16EE103AB9F1010F03F10F
:10BDC0003003B8EEC65B31461370A3EE457B7FF4BB
:10BDD00047AB37EE077BB4EEC37B059BF1EE10FA61
:10BDE00003F1010304939C4608DCB4EE437BF1EEBF
:10BDF00010FA05D116EE103ADB0701D5029A19E7C1
:10BE00000D463CE40C95A946069589E4009B002B61
:10BE10007FF403AEDDE90012C2F31303002B00F040
:10BE2000C4800A91FBE571682046FAF749F9054696
:10BE3000002800F00481336902339A0006F10C01F6
:10BE40000C30F4F72FFA294601222046FAF776FB48
:10BE50000746F3E40221B0EE474B79E4059B0096D8
:10BE600001333E460493FFF7DEBB00BFA80200206B
:10BE700080020020029A24EE022B012882F800E0C2
:10BE800014D0B2EE043B029A151826EE036BFDEEB9
:10BE9000C65B15EE902A303201F8012BA942B8EEAC
:10BEA000E54B36EE446BF0D1711E0144B6EE005BFB
:10BEB00032EE054BB4EEC64BF1EE10FA3FF5B3AEE1
:10BEC00035EE425BB4EEC65BF1EE10FA0DDC119A72
:10BED000002AFFF6B0AD059A0E2A3FF7ACAD059AE1
:10BEE00003EBC20393ED003B60E70D46013915F803
:10BEF000013C302BF9D00CF101030493FFF7BFBBD9
:10BF0000109ADDF82480C2F13602FFF714BB099EB7
:10BF1000002E7FF40AAE3D46FFF727BB0221B0EEAC
:10BF2000475B15E6B9F1000F3FF4BBAE0C98002853
:10BF30007FF73BACB2EE043BB1EE0C4B013106EEA9
:10BF4000901A25EE035B059BB8EEE66BA5EE064B5B
:10BF500014EE901A03F1FF3C53EC142BA1F1507333
:10BF600015E60CF1010C31236AE6A946392309F8DC
:10BF7000013B059B00960133029A04933E46FFF76E
:10BF800063BB029D312305F8013B002134E4334BB0
:10BF90003348002240F2AF11FFF79CF87FF4C4ACA5
:10BFA0001AF0010F7FF4B9ACBEE4019B23F000430B
:10BFB0001B0D1B05002B3FF431AD012301350AF1A8
:10BFC000010A0A932BE50D9B002B33D101230C931F
:10BFD000994606932FE50CF1010304930D46FFF7F4
:10BFE0004EBBBAF1390FC0D091453FF79AAC9BE4F4
:10BFF0004A46FFF7A0BA049A022A05DC059A049281
:10C0000099460595FFF7ECBA0595DDF83090BBE44D
:10C01000049A0595022AF8DC994602E4022197E584
:10C020000021E163FFF76BBB0CF1010304930D46A4
:10C03000FFF725BB0D9B069399460C930EE5074B26
:10C0400007482A4640F2EF21FFF744F8054B0293D8
:10C05000FFF72CB9002A3FF754AC65E468260020AE
:10C06000682700205827002030B5044687B05BB110
:10C0700010480193D0F8C85171B12046A847421C1E
:10C08000019B10D007B030BD00F5827309480193C1
:10C09000D0F8C8510029F0D10A46204603A9A84784
:10C0A000421C019BEED100218A221960226007B058
:10C0B00030BD00BFA437002010B582B0049CCDE98C
:10C0C00000344FF0FF3301F0F3FA02B010BD00BFAF
:10C0D0000EB400B582B003ABDFF81CC053F8042BDC
:10C0E00001930146DCF8000000F008F802B05DF8AA
:10C0F00004EB03B0704700BF0C3A00202DE9F04F6D
:10C10000C5B00DF1500A834604911646002108225D
:10C1100050461C460B93F8F7E3FFBBF1000F04D029
:10C12000DBF83430002B00F04987049B5A6EB3F9DA
:10C130000C30D00740F14181990400F1A9850499A0
:10C1400043F4005322F400528B814A66930401F1B8
:10C15000AE80049BB3F90C301D0740F1BD80049AFA
:10C160001269002A00F0B88003F01A020A2A00F0CF
:10C17000C2800023CDE91933CDE90E331BAADFF8C5
:10C180006C980D93189217460793B0464546D9F818
:10C19000CC41F9F7DBFACDF800A003462A4612A9F4
:10C1A0005846A047002800F0C580C0F2BB80129A14
:10C1B000252A034601D01D44E9E7B5EB08060446ED
:10C1C00040F0BC80002319468DF8433008934FF0AF
:10C1D000FF326B78059205F10108039108F101081F
:10C1E0001946A1F120035A2B00F2F280DFE813F088
:10C1F000E603F000F000DF03F000F000F000BF0302
:10C20000F000F00007025302F00012020004F000F8
:10C21000F1035B005B005B005B005B005B005B00AD
:10C220005B005B00F000F000F000F000F000F000B8
:10C23000F000F000F000D8019F03F000F000F000E3
:10C24000F000F000F000F000F000F000F000190243
:10C25000F000F000F000AA01F000FB02F000F00096
:10C26000BA05F000F000F000F000F000F000F0007F
:10C27000F000F000F000D8016801F000F000F000DC
:10C28000950368016D00F0008B03F0007D036A03E5
:10C2900020036D00F000AA016A005902F000F000CE
:10C2A000FB05F0006A00A1F13003002218F8011B21
:10C2B00002EB820203EB4202A1F13003092BF5D914
:10C2C00008928EE798F8003088E7039B43F020033C
:10C2D000039398F8003081E7049D58462946FEF7FD
:10C2E00033FE002840F0F687B5F90C3003F01A024F
:10C2F0000A2A7FF43EAF0499B1F90E20002AFFF616
:10C3000038AF4A6ED20702D49F0540F19087049956
:10C3100023463246584601F015F80790079845B075
:10C32000BDE8F08F082200215046F8F7D9FE01231E
:10C330001D442CE7B5EB0806044610D01A9B334485
:10C340001A93199B0133072BC7E90086199310DC58
:10C350000837079B33440793002C7FF433AF1A9BB5
:10C36000002B40F06E87049B0022B3F90C30199229
:10C3700018E0049918AA5846FEF7CCFB78B91BAF11
:10C38000E7E7049918AA5846FEF7C4FB002800F016
:10C390008380099B1BB109995846F9F76FFD049BEF
:10C3A000B3F90C30049A526ED0077FD55B0600F1CA
:10C3B0006687079845B0BDE8F08F9F0540F114816E
:10C3C0009D047FF5BCAE90047FF5C6AE00F071BF52
:10C3D0000029C4D0002301228DF8AC108DF8433021
:10C3E00009930A9205932BAD0692DDE919C0039CCF
:10C3F00014F084060146624626D1089B069C1C1B4D
:10C40000002C00F3ED839DF8433003B300260C9617
:10C410000132012301317B60072A0DF14303CDE98D
:10C4200019213B6000F3868308370C9B63B101320E
:10C4300011AB02313B60072A4FF00203CDE919210D
:10C440007B6000F36B830837802E00F0EE82059B43
:10C450000A981C1A002C00F326830A9B3D600132C7
:10C460001944072ACDE919217B6000F34C83083772
:10C47000039B5C0705D5089B069A9C1A002C00F3C9
:10C480006583DDE9073206988242ACBF9B181B1812
:10C49000079300297FF475AF00231993099B1BB103
:10C4A00009995846F9F7EAFC1BAF6FE69A053FF584
:10C4B0007DAF049CA06DF9F7E7F9B4F90C3075E78E
:10C4C000039B980640F13C840B9B073323F0070243
:10C4D000536852F8084B0B921E46002BC0F238826C
:10C4E000059A002A07DB039B23F08003039354EA99
:10C4F000060300F08C840A2C76F1000380F0F780AC
:10C500003034059A9DF843308DF80F41012AB8BFA9
:10C5100001220692002B00F0AF83069B0133002519
:10C5200006930123CDE909530DF20F15DDE9192119
:10C53000039B13F08406084694463FF45EAF002345
:10C540000C9365E70B9E00238DF8433056F8043BAF
:10C550000993002B00F05585532900F07284039B4A
:10C5600013F0100440F06D84059A002AC0F2138580
:10C5700009982146F9F712FB9DF84330099D0028E0
:10C5800000F08B86421B0A9222EAE2720692002B8E
:10C5900000F00E850132059406920B960994C5E7CA
:10C5A000432903D0039BDD0640F1278408220021A4
:10C5B00016A8F8F795FD0B9A2BAD126816AB294615
:10C5C0005846FFF751FD0A90013000F04F860A9B54
:10C5D00023EAE37306930B9B04330B9300238DF83C
:10C5E00043300993059300E7049DA86DF9F74AF9D4
:10C5F000B5F90C306A6E99043FF5A8AD9FE50B9B29
:10C6000053F8042B0892002A80F23D83089A0B937A
:10C6100052420892039B43F00403039398F80030BE
:10C62000DCE5039B43F010009B0640F14E830B9B1F
:10C63000073323F007031A46596852F8083B0B9258
:10C6400000228DF84320059A002AC0F2118320F4BD
:10C650009062039253EA010200F01E8344AD03F09E
:10C660000702DB0843EA4173C908303253EA010488
:10C67000284605F8012DF2D1039B13F0010340F089
:10C680009E82059A099344AB5B1B9A42B8BF1A4637
:10C690000A930692A9E62B238DF8433098F80030D0
:10C6A0009CE503998E0600F1A48003990B9A11F082
:10C6B000100052F8043B40F02783039911F0400129
:10C6C00000F0CA848DF843009BB205990026B14260
:10C6D0001C4606DB039921F080010391002B00F03A
:10C6E0007B850A2C76F100030B92FFF409AF039BC4
:10C6F00009970020CDF830B044A9DDF834B0069099
:10C7000003F48067CDF8288025E00690A319B5488A
:10C7100043F10003A0FB032C2CF0030202EB9C026C
:10C720009B1AE31A4FF0CC32A046B64602FB03F246
:10C7300066F1000600FB0622A3FB0043B8F10A0FD6
:10C7400013444FEA54047EF1000E294644EAC374B0
:10C750004FEA53062ED3069BA24A01330693A31930
:10C7600043F100031046A2FB032525F0030202EB70
:10C7700095029B1AE31AA3FB003266F1000500FB49
:10C7800005225B0843EAC27303EB8303A4EB430374
:10C79000303301F8013C4D1E002FB7D006989BF8AE
:10C7A00000308342B1D1FF28AFD00A2C76F10003CC
:10C7B00080F0AF8405999DF84330CDF834B044AA99
:10C7C000521B9142B8BF1146DDE90978DDF830B05F
:10C7D0000A920691002B00F0EE83069B013306932C
:10C7E00000230993A2E6039B43F010019B0640F14E
:10C7F00089820B9B073323F0070200238DF8433017
:10C80000059B566852F8084B0B92002BC0F2EE8243
:10C8100021F08003039354EA06037FF46CAE059B7A
:10C82000002B40F0DE840A930693099344ADDCE5C7
:10C83000059C0B990398002247F630039442ADF80B
:10C8400044308DF8432051F8043BC0F2D28220F0EE
:10C85000800040F002000390002B00F0E58303F01D
:10C860000F0461481B09045D8DF80F410B9100F026
:10C870005685022106910DF20F1503F00F011B09D9
:10C88000415C05F8011D43EA0273120953EA0201F3
:10C89000F3D144AB5A1B059B0A929342B8BF13468F
:10C8A000069A002A00F03985DDE91921039C02333C
:10C8B00014F0840606930846944600F0E9820023AB
:10C8C0000993B4E5039886063FF5B1AE03990B9A38
:10C8D000CD0652F8043B00F114850398440640F15C
:10C8E000C8839BB20B920021AAE603990B9A8C068F
:10C8F00002F1040340F1F081126807991160C91731
:10C9000051600B9342E498F800306C2B00F08F825A
:10C91000039A42F01002039260E498F80030682B0A
:10C9200000F07B82039A42F04002039256E4039A9D
:10C93000940642F0100300F100820B9A04320B9926
:10C9400003930C680B92E6173346002BBFF6C8AD75
:10C950002D238DF84330059B644266EB4606002B81
:10C96000FFF6C9AD039B23F080030393C3E558464C
:10C97000FEF768FB43680F931846F9F76FF90E90BE
:10C9800004465846FEF75EFB826898F800300D9228
:10C99000002C3FF423AC002A3FF420AC1278002A8C
:10C9A0003FF41CAC039A42F48062039216E4039BAA
:10C9B00043F00103039398F800300FE49DF84320FF
:10C9C00098F80030002A7FF409AC20228DF843202B
:10C9D00004E4039B43F08003039398F80030FFF7CF
:10C9E000FDBB00BFCDCCCCCCE8260020A437002076
:10C9F000404610F8011B2A2900F07784A1F130038A
:10CA0000092B98BF002200F2178410F8011B02EBDB
:10CA1000820203EB4202A1F13003092BF5D942EA6D
:10CA2000E27305938046FFF7DCBB089B06981C1A4F
:10CA3000002C7FF70CAD102C40F3268438460C9563
:10CA4000AE4F049D102604E0103C102C00F10800AD
:10CA500015DD01321031072AC0E90076CDE9192130
:10CA6000F2DD18AA29465846FEF754F800287FF44C
:10CA700090AC103C102CDDE919211BA8E9DC0C9DC1
:10CA80003B46074601322144072ACDE919213B6084
:10CA90007C6000F3A482059B0A981C1A002C07F105
:10CAA00008077FF7DAAC102C40F3ED8238461026E9
:10CAB000924F04E0103C102C00F1080016DD01320A
:10CAC0008E4B1031072AC0E90036CDE91921F1DD7E
:10CAD000049918AA5846FEF71DF800287FF459ACAF
:10CAE000103C102CDDE919211BA8E8DC3B46074669
:10CAF00001322144072ACDE919213B607C6000F313
:10CB0000AA800837A9E4049918AA5846FEF702F843
:10CB100000287FF43EAC1A991BAFA9E4049918AA27
:10CB20005846FDF7F7FF00287FF433ACDDE9192103
:10CB30001BAF89E4049918AA5846FDF7EBFF0028BB
:10CB40007FF427ACDDE919211BAF6EE4102C199B93
:10CB500040F381833A46049E694F102504E0103C5F
:10CB6000102C02F1080215DD01331031072BC2E948
:10CB70000075CDE91931F2DD18AA31465846FDF7A6
:10CB8000C9FF00287FF405AC103C102CDDE91931F9
:10CB90001BAAE9DC3E46174601332144072BC7E9AF
:10CBA0000064CDE919317FF76CAC049918AA584696
:10CBB000FDF7B0FF00287FF4ECAB1A9961E4302A4E
:10CBC00000F001823023059A05F8013C023844AB9D
:10CBD0001B1A9A42B8BF1A460A9306920546EFE01E
:10CBE00000230C93102C464E624623DD3946102359
:10CBF0002F46049D04E0103C102C01F1080117DDC4
:10CC000001321030072AC1E90063CDE91920F2DDB5
:10CC100018AA29465846FDF77DFF00287FF4B9ABD6
:10CC2000103C102CDDE919201BA94FF01003E7DCA4
:10CC30003D460F4601322118072ACDE919213E60F1
:10CC40007C6000F37A819DF843600837002E36D06F
:10CC50000026FFF7DDBB049918AA5846FDF75AFFD6
:10CC600000287FF496ABDDE919211BAFFFF7F5BB78
:10CC700020F480620392F1E4099301230A930DF2F8
:10CC80000F15FFF7B2BB0B9398F80030FFF7A6BA69
:10CC900092047FF561AAF2E2059A002A7FF4DEACE5
:10CCA00010F00102069200F0428130238DF80F311E
:10CCB000059B0A9209930DF20F15FFF796BB0C9B8B
:10CCC000002B7FF4B4ABFFF7C2BB0B9B1A1D0B9B71
:10CCD0000B921B680021B3E4039AD00600F18C810B
:10CCE000039A510600F19582039A920540F18481DE
:10CCF0000B9A07991268117003E600BF24310020D7
:10CD0000E02E00200B9B1A1D0B9B05981B6800262C
:10CD1000B0428DF843601C4667DB21F0800103912F
:10CD2000002B7FF4DEAC0B92002840F05A820A9070
:10CD30000690099044ADFFF758BB0393FFF7C4BBBF
:10CD4000039B0B9AD90652F8044B3FF5F8AD039BB1
:10CD50005E0640F1768144F3C0360B9224B233462E
:10CD6000FFF7BBBBAD48039B9D0640F1B5800B9B15
:10CD7000073323F007031A465C6852F8083B0B920E
:10CD8000039A12F00102069240F08C808DF8432045
:10CD9000059A002AC0F2B780039A22F490620392A7
:10CDA00053EA040240F0F380059A002A00F0F6816D
:10CDB00003788DF80F31012306920A930DF20F15B7
:10CDC000DDE91921039B13F084060846944600F020
:10CDD000A1829DF84330002B00F0AB820023099321
:10CDE0000C93FFF715BB8E48BDE70B920391FFF73D
:10CDF00082BB40F00200039031E50B9B1B688DF86D
:10CE0000AC30012306930A932BADFFF7E4BB002A55
:10CE100000F0D4813024FFF774BB039B43F400730C
:10CE2000039308F1010898F80030FFF7D7B9039B86
:10CE300043F02003039308F1010898F80030FFF74E
:10CE4000CDB9099B13930822002116A8F8F748F9D9
:10CE5000059B002BC0F219810024069725461F462A
:10CE60000EE02BA95846FFF7FFF8411C284400F0BC
:10CE7000FD81B84209DC04F1040400F00882054693
:10CE8000139A125916AB002AEBD1069F05950AE1B9
:10CE9000089C069B0996E41A002C7FF7C8AA022377
:10CEA0000C939FE653EA04025ED100238DF84330D1
:10CEB000059B002BC0F22181039B23F49063039315
:10CEC00000F0878103788DF80F31069B0A93059B4C
:10CED00006930DF20F1573E70B9A52F8043B0B9271
:10CEE000039AD40608D4520602D59BB2002447E721
:10CEF000039A960500F18181002441E742F0020285
:10CF0000039202220692039A22F48062039203F0B3
:10CF10000F02825C8DF80F211B0943EA047322097A
:10CF200053EA14147FF4A7AC0DF20F15B1E4059B7E
:10CF300044ADCDE90933FFF758BA049918AA584609
:10CF4000FDF7E8FD064600287FF423AA9DF843304C
:10CF5000DDE91921002B40F089800C9B1BAF002BD1
:10CF60007FF465AAFFF773BA30228DF844200022BF
:10CF70008DF84320059A8DF84510002A039ABDDBF1
:10CF800022F4906242F0020203920222069203F01F
:10CF90000F02825CBEE7099D2846F8F75FFE9DF808
:10CFA00043300A9020EAE0720692002B7FF4F2AA46
:10CFB000099D05930B960993FFF717BA5846F7F7A3
:10CFC00077FEFFF7B2B8059A44AB5B1B9A42B8BF35
:10CFD0001A460A93002306920993FFF706BA0499AA
:10CFE00018AA5846FDF796FD00287FF4D2A9DDE97E
:10CFF00019211BAFFFF72BBA0B9A07991268116022
:10D000007FE4059B074D0B96062B28BF062306934E
:10D010000A93099B0593FFF7E8B900BFFC2600209F
:10D02000E8260020102700200B91002C00F0DC8067
:10D03000302301228DF80F310DF20F1523460A928D
:10D0400032E4039B0B929D054ABF44F3C016E617DA
:10D0500064B23346FFF741BA039810F4007600F04B
:10D06000CF808DF84310DBB2FFF72FBB1BAFFFF76C
:10D07000CFB9039810F4007100F0BB80DBB20B92C3
:10D080000021FFF7DDBAAC4B32E516AB009300236D
:10D0900013AA19465846FFF70FF80590013000F023
:10D0A000E580099B1393059B002B7CD0632B00F339
:10D0B000B680002309932BAD0822002116A8F8F7AB
:10D0C0000FF8059C16AB009313AA23462946584631
:10D0D000FEF7F2FF844240F01681059900236B545D
:10D0E00021EAE17206929DF84320002A40F0B580C3
:10D0F000CDE90A160592FFF778B903788DF80F315C
:10D10000039B23F480630393069B0A930DF20F1590
:10D1100056E60E9A0F99AD1A2846F8F7C9F89BF80B
:10D1200001300BB10BF1010B844AA31943F1000349
:10D13000A2FB030C2CF0030000EB9C001B1AE31A6B
:10D140004FF0CC3166F1000603FB01F102FB061142
:10D15000A3FB023001445B0843EAC1744E08A319E3
:10D1600043F10003A2FB031020F0030101EB900147
:10D170005B1AE31AA3FB023166F1000002FB001206
:10D180005B0843EAC27303EB8303A4EB430330332E
:10D1900005F8013C0120013DFFF701BB059B0A9307
:10D1A00044A805460CE69DF84330099D0B96003BCC
:10D1B00018BF01230693059B0A9301E69DF84330AF
:10D1C0003BB1059BCDE90933012344AD0693FFF73D
:10D1D000ADB9059BFFF727BB059B0B92002B3FF4D6
:10D1E00022AB0024FFF78CB9059B0A9344ADFFF7EF
:10D1F0005BBB03980B92FFF723BADBB20024BFE5B9
:10D2000005998DF8436000291C46BFF663AAFFF715
:10D2100068BA0B9A079912681180FFF772BB591C04
:10D220005846F6F75DFE054600B3099044E7886D61
:10D23000F8F72AFBFFF76BB8002380460593FEF74B
:10D24000D0BF049918AA5846FDF764FC00283FF4A3
:10D250008AA8FFF7A4B83A4E9EE4059A0A92069A65
:10D260000B96013206920593FFF760B90498B0F966
:10D270000C30426E43F04001D207818109D54FF056
:10D28000FF330793FFF795B82B4BFFF7FBBB069FC8
:10D2900009E79905F3D4FFF70CB99BB1059B0B96F1
:10D2A0005A1C06920A9305900990FFF73FB9D707D9
:10D2B000E5D4049B9B899E05E1D4049B986DF8F707
:10D2C000E3FADCE7059A0993CDE905320B960A9259
:10D2D000FFF78BB8049A536ED807D0D49389990579
:10D2E000CDD4906DF8F7D0FAC9E70B9A98F80130D1
:10D2F00052F8041B0B9241EAE17180460591FEF75A
:10D300006DBF0846E3E4049A938943F04003938198
:10D31000FFF73FB80996FFF770B8069350E5059BF5
:10D320000122012BB8BF01230DF20F150A92FFF75E
:10D33000BBBA0993FFF788B824310020CDCCCCCC00
:10D34000E02E0020F0B50D46ADF2744D16468989E9
:10D350006A6E1B92EA89ADF8162021F00201EA6993
:10D36000ADF8141009921CA96A6A02910746069149
:10D370000B924FF48061002218A801930491079149
:10D380000892F8F77BFA3246019B02A93846FEF76D
:10D39000B5FE061E07DB02A93846F7F765FB002835
:10D3A00018BF4FF0FF36BDF814305B0603D5AB89CC
:10D3B00043F04003AB811898F8F762FA30460DF25B
:10D3C000744DF0BD2DE9F0438E681D46AE420B68EA
:10D3D00083B00C4690463AD8B1F90CC01CF4906F5B
:10D3E0000FD13546184641462A46F7F7E7FDA368B0
:10D3F0009E1B2368A6602B440020236003B0BDE879
:10D40000F0834A69096902EB42025E1A02EBD272AA
:10D410006B1C52103344934294BF17461F469342ED
:10D4200088BF1A461CF4806F814612D01146F6F769
:10D4300057FDF0B1324621690190F2F733FFA2891E
:10D44000019B22F4906242F08002A28105E02E4608
:10D45000C8E7F7F727F8034638B123613344BE1B0A
:10D46000A660676123602E46BCE721694846F8F74D
:10D4700005FDA3890C2243F04003C9F800204FF0BA
:10D48000FF30A381BAE700BFB1F90C20930706D59E
:10D4900001F143030122C1E904320B60704730B54A
:10D4A0000B46B1F90E10002999B0044632DB02AAEE
:10D4B000009300F05BF80028009B29DB4FF48061AB
:10D4C00020460093039DF6F70BFD009BB3F90C205B
:10D4D000002839D005F4704142F0800218601861CC
:10D4E000B1F5005F4FF480609A8158613AD1B3F989
:10D4F0000E100093204600F04DF8009BB3F90C206D
:10D5000080B322F0030242F001024FF4006117E001
:10D51000B3F90C20019312F0800F0CBF4FF480611F
:10D52000402120460091F6F7DBFC019B0099B3F9FE
:10D530000C2048B1C3E9040142F0800218600021C8
:10D540000A439A8119B030BD9105FBD422F0030241
:10D5500003F1430142F002020120C3E904109A8161
:10D560001960EFE74FF40061EAE700BF38B5084CF7
:10D5700000230546084611462360F3F749F8431C8B
:10D5800000D038BD2368002BFBD02B6038BD00BF16
:10D590001050002038B5074C00230546084623608C
:10D5A000F3F73CF8431C00D038BD2368002BFBD0B8
:10D5B0002B6038BD105000202DE9F04F8BB0DDE915
:10D5C0001589149F02901C46B8F1000F57D01668B9
:10D5D00001960029C34608BF4FF0FF370025884653
:10D5E0000391924606E0019B53F8040B0193002837
:10D5F00037D06546AF423ED9002C3CD0DBF8003036
:10D600000493DBF804300593019B02981A68D9F85B
:10D61000C8615B4606A9B047431C33D000EB050C3C
:10D62000BC453AD8039B013C002BDCD000280DDD23
:10D6300008F1FF32019E06A900EB020E11F8013B32
:10D6400002F8013F7245F9D101968044019BDAF856
:10D65000002053F8040B01930432CAF8002000287C
:10D66000C7D10399D84609B1CAF800000022C8F80A
:10D6700000200CF1FF3528460BB0BDE8F08F00F517
:10D680008678A4E7029B05468A2100222846196075
:10D69000CBF800200BB0BDE8F08FD846DDF810A025
:10D6A000DDF814B02846C8E900AB0BB0BDE8F08F38
:10D6B00000B585B0DFF81CC006980090079801906F
:10D6C00003480068CDF808C0FFF776FF05B000BD3D
:10D6D0000C3A0020A4370020000000005FF800F0A2
:10D6E000051D00605FF800F0191600605FF800F09B
:10D6F000F91B00605FF800F04D1D00605FF800F05E
:10D70000D11600605FF800F0951600605FF800F039
:10D710001D2600605FF800F01D1700605FF800F044
:0CD72000792500600000000000000000FF
:04D72C00F8B500BF8D
:10D73000F549FF7FA908B100FFFF01080E041C0096
:10D74000180E0000E149FF7FA908B100FFFF0108A2
:10D750000E041C00180E000008B10181B0B0008456
:10D760000000000008B10181B0B00084000000009A
:10D77000B549FF7FB0AF1600FF1019011122D60581
:10D780000000B60604F00801F4068802000001005B
:10D79000000000009149FF7F8408B101B0B0B000E3
:10D7A000FF100D0104020608010100000000000046
:10D7B00008B10181B0B000840000000008B101810F
:10D7C000B0B00084000000005D49FF7FB0AB0400F2
:10D7D000FFFF010C1C046200680400006E0462007C
:10D7E0004549FF7FB0AF0200FF1019010F320A3C1C
:10D7F00001840136C00100C80104000001000000DE
:10D80000000000002149FF7FB0A80100FFFF0100D8
:10D8100008B10181B0B000840000000008B10181AE
:10D82000B0B00084000000009042FF7F01000000C3
:10D830009442FF7FFCFEFF7FBC42FF7F08FFFF7F1B
:10D84000E442FF7F010000001443FF7F0CFFFF7FD5
:10D850002C43FF7F010000006045FF7FB0AB0280DA
:10D860000846FF7F010000000847FF7FB0B0AA8094
:10D87000C447FF7FF0FEFF7F0448FF7FB0A902800E
:10D88000A448FF7FECFEFF7F204DFF7F08FFFF7F56
:10D89000284DFF7F01000000344DFF7F14FFFF7F04
:10D8A000344DFF7F18FFFF7F404DFF7F01000000D8
:10D8B000584DFF7F008402809C4DFF7F01000000D7
:10D8C000D84DFF7FB0B0AA80044EFF7FB0B0A880D3
:10D8D0006C4EFF7F01000000544FFF7FB0B0AC8062
:10D8E000784FFF7F01000000B850FF7FDCFEFF7F14
:10D8F0003451FF7FB0B0A8804051FF7F0084028088
:10D900009451FF7F010000009051FF7FB0AA038077
:10D91000BC51FF7F01000000D852FF7FC4FEFF7F93
:10D92000A853FF7FE0FEFF7F2854FF7F0100000027
:10D930005055FF7FB0A80380E455FF7FB0B0A880AA
:10D940003456FF7F010000003C56FF7FB0B0AA8034
:10D950007056FF7FAF76B2803C57FF7FAB3F3A8077
:10D96000A457FF7F01000000AC57FF7FB0B0AA8032
:10D97000E857FF7F01000000A058FF7FAC0FB28086
:10D980002459FF7FB0AF0880B05BFF7F010000002B
:10D99000C05BFF7FAC3F0380B45EFF7F01000000EF
:10D9A0007C60FF7F008404808C60FF7F01000000AA
:10D9B0008860FF7FB0AC05808863FF7F00840480AF
:10D9C000B063FF7F4CFEFF7FB463FF7F50FEFF7F9D
:08D9D000C063FF7F01000000AD
:10D9D800000000000000000000000000000000003F
:10D9E800000000000000000000000000000000002F
:10D9F800000000000000000000000000000000001F
:10DA0800000000000000000000000000000000000E
:10DA180000000000000000000000000000000000FE
:10DA280000000000000000000000000000000000EE
:10DA380000000000000000000000000000000000DE
:10DA480000000000000000000000000000000000CE
:10DA580000000000000000000000000000000000BE
:10DA680000000000000000000000000000000000AE
:10DA7800000000000000000000000000000000009E
:10DA8800000000000000000000000000000000008E
:10DA9800000000000000000000000000000000007E
:10DAA800000000000000000000000000000000006E
:10DAB800000000000000000000000000000000005E
:10DAC800000000000000000000000000000000004E
:10DAD800000000000000000000000000000000003E
:10DAE800000000000000000000000000000000002E
:10DAF800000000000000000000000000000000001E
:10DB0800000000000000000000000000000000000D
:10DB180000000000000000000000000000000000FD
:10DB280000000000000000000000000000000000ED
:10DB380000000000000000000000000000000000DD
:10DB480000000000000000000000000000000000CD
:10DB580000000000000000000000000000000000BD
:10DB680000000000000000000000000000000000AD
:10DB7800000000000000000000000000000000009D
:10DB8800000000000000000000000000000000008D
:10DB9800000000000000000000000000000000007D
:10DBA800000000000000000000000000000000006D
:10DBB800000000000000000000000000000000005D
:10DBC800000000000000000000000000000000004D
:10DBD800000000000000000000000000000000003D
:10DBE800000000000000000000000000000000002D
:10DBF800000000000000000000000000000000001D
:10DC0800000000000000000000000000000000000C
:10DC180000000000000000000000000000000000FC
:10DC280000000000000000000000000000000000EC
:10DC380000000000000000000000000000000000DC
:10DC480000000000000000000000000000000000CC
:10DC58000080E03779C34143176E05B5B5B89346E0
:10DC6800F5F93FE9034F384D321D30F94877825AAC
:10DC78003CBF737FDD4F1575000000000000F03FCA
:10DC8800000000000000244000000000000059408F
:10DC98000000000000408F40000000000088C340E2
:10DCA80000000000006AF8400000000080842E4157
:10DCB80000000000D01263410000000084D79741A3
:10DCC8000000000065CDCD41000000205FA00242A9
:10DCD800000000E876483742000000A2941A6D421E
:10DCE800000040E59C30A2420000901EC4BCD64211
:10DCF80000003426F56B0C430080E03779C34143BC
:10DD080000A0D8855734764300C84E676DC1AB4331
:10DD1800003D9160E458E143408CB5781DAF15444F
:10DD280050EFE2D6E41A4B4492D54D06CFF080442A
:10DD3800F64AE1C7022DB544B49DD9794378EA443F
:10DD480001031C064172742D4E657400000000002A
:10DD5800747275650000000066616C7365000000F0
:10DD68007B226669726D77617265223A22746565F5
:10DD78006E737934312D6172746E65742D302E3165
:10DD8800222C2270696E6F75745F636F6E6669729C
:10DD98006D6564223A25732C22756E776972656405
:10DDA8005F62656E6368223A25732C2261726D6525
:10DDB80064223A25732C22626C61636B223A2573C4
:10DDC8002C226970223A2225752E25752E25752E4E
:10DDD8002575222C226C696E6B223A25732C2270D1
:10DDE80061636B657473223A256C752C22756470B7
:10DDF8005F7265636569766564223A256C752C22C5
:10DE08007564705F71756575655F64726F70732294
:10DE18003A256C752C2271756575655F7065616B47
:10DE2800223A256C752C2272656A656374656422D2
:10DE38003A256C752C22666F726569676E223A25E1
:10DE48006C752C2269676E6F726564223A256C7551
:10DE58002C22636F6D706C657465223A256C752C85
:10DE680022696E636F6D706C657465223A256C75F6
:10DE78002C227374616C65223A256C752C226475AA
:10DE8800706C696361746573223A256C752C226F16
:10DE98007665727772697474656E223A256C752C92
:10DEA800227375626D6974746564223A256C752CE9
:10DEB80022626C61636B6F757473223A256C752CE2
:10DEC80022636F6D706C6574655F667073223A25A6
:10DED8002E33662C227375626D69745F66707322C7
:10DEE8003A252E33662C2273686F775F63616C6CFA
:10DEF8005F7573223A256C752C226D61785F7368A3
:10DF08006F775F63616C6C5F7573223A256C752C53
:10DF1800226D61785F6C6F6F705F7573223A256C44
:10DF2800752C2274656C656D657472795F736B69A5
:10DF380070706564223A256C752C22646D615F638C
:10DF48006F6D706C65746564223A256C752C22645B
:10DF58006D615F656C61707365645F7573223A25E6
:10DF68006C752C22646D615F627573795F64656698
:10DF7800657272616C73223A256C752C227068790F
:10DF8800736963616C5F6670735F766572696669F1
:10DF98006564223A66616C73657D0A007465656E16
:10DFA80073792D6172746E65742D746573740000D5
:10DFB800716E65746865726E65742D6C7769700032
:10DFC80025750000433A5C636F6465782D746F6F44
:10DFD8006C735C7465656E737934312D6C6962732A
:10DFE8005C7465656E737934315F736166655C5125
:10DFF8004E45746865726E65745C7372635C716EAD
:10E0080065746865726E65745C514E4574686572B6
:10E018006E65742E6370700045787065637465640E
:10E0280020636F6D706C65746520696E74657266C7
:10E03800616365206E616D652066696C6C00000027
:10E04800417373657274696F6E202225732220668E
:10E0580061696C6564206174206C696E6520256453
:10E0680020696E2025730A002573000076656374A5
:10E078006F723A3A5F4D5F72616E67655F696E7382
:10E08800657274004F7574707574207061636B6588
:10E098007420746F6F206C6172676500433A5C632B
:10E0A8006F6465782D746F6F6C735C7465656E73DF
:10E0B8007934312D6C6962735C7465656E7379347B
:10E0C800315F736166655C514E45746865726E6553
:10E0D800745C7372635C716E65746865726E657486
:10E0E8005C514E45746865726E65745544502E6374
:10E0F8007070000063616E6E6F7420637265617486
:10E1080065207374643A3A766563746F72206C6143
:10E1180072676572207468616E206D61785F7369DB
:10E128007A65282900000000433A5C636F646578CB
:10E138002D746F6F6C735C7465656E737934312DF3
:10E148006C6962735C7465656E737934315F736191
:10E1580066655C514E45746865726E65745C737271
:10E16800635C716E65746865726E65745C6472690F
:10E17800766572735C6472697665725F7465656EE4
:10E18800737934312E637070000000004578706533
:10E198006374656420737061636520666F722070B4
:10E1A8006275662066696C6C0000000025733A256C
:10E1B800643A257328290D0A00000000433A5C637D
:10E1C8006F6465782D746F6F6C735C7465656E73BE
:10E1D8007934312D6C6962735C7465656E7379345A
:10E1E800315F736166655C514E45746865726E6532
:10E1F800745C7372635C716E65746865726E657465
:10E208005C716E65746865726E65745F68616C2EAA
:10E218006370700046756E6374696F6E2063616C1D
:10E228006C65642066726F6D20696E7465727275B4
:10E23800707420636F6E746578740000656E747214
:10E248006F70792067656E65726174696F6E20659D
:10E2580072726F7200000000433A5C636F64657805
:10E268002D746F6F6C735C7465656E737934312DC2
:10E278006C6962735C7465656E737934315F736160
:10E2880066655C514E45746865726E65745C737240
:10E29800635C6C7769705C617070735C6D646E73DD
:10E2A8005C6D646E732E63006D646E735F7265736C
:10E2B800705F72656D6F76655F6E657469663A202A
:10E2C8004E756C6C20706F696E746572000000008A
:10E2D80025640000696E2D6164647200617270616A
:10E2E800000000006C6F63616C0000005F73657272
:10E2F80076696365730000005F646E732D73640054
:10E308005F756470000000005F74637000000000B7
:10E31800433A5C636F6465782D746F6F6C735C74DB
:10E3280065656E737934312D6C6962735C746565EB
:10E338006E737934315F736166655C514E457468FC
:10E3480065726E65745C7372635C6C7769705C6926
:10E358007076345C6175746F69702E63000000001C
:10E368006E6574696620213D204E554C4C000000B6
:10E378006175746F697020213D204E554C4C00002A
:10E388006E6574696620616C726561647920686184
:10E3980073206120737472756374206175746F697A
:10E3A8007020736574000000433A5C636F6465789D
:10E3B8002D746F6F6C735C7465656E737934312D71
:10E3C8006C6962735C7465656E737934315F73610F
:10E3D80066655C514E45746865726E65745C7372EF
:10E3E800635C6C7769705C697076345C64686370D0
:10E3F8002E630000646863705F6372656174655FB3
:10E408006D73673A20636865636B20746861742074
:10E41800666972737420706275662063616E206825
:10E428006F6C642073747275637420646863705FC2
:10E438006D736700646863705F696E635F706362C1
:10E448005F726566636F756E7428293A206D656D15
:10E458006F7279206C65616B0000000064686370FE
:10E468005F6F7074696F6E3A206F7074696F6E7346
:10E478005F6F75745F6C656E202B2032202B206FC8
:10E488007074696F6E5F6C656E203C3D2044484334
:10E49800505F4F5054494F4E535F4C454E0000005B
:10E4A800646863705F6F7074696F6E5F62797465BA
:10E4B8003A206F7074696F6E735F6F75745F6C6507
:10E4C8006E203C20444843505F4F5054494F4E53B0
:10E4D8005F4C454E00000000646863705F6F7074A5
:10E4E800696F6E5F6C6F6E673A206F7074696F6EDC
:10E4F800735F6F75745F6C656E202B2034203C3D14
:10E5080020444843505F4F5054494F4E535F4C4549
:10E518004E000000646863705F7063625F726566D6
:10E52800636F756E7428293A20726566636F756E1D
:10E5380074206572726F7200444843503A20686FC5
:10E5480073746E616D6520697320746F6F206C6FD2
:10E558006E672100636865636B206465636F64653B
:10E568005F696478000000006468637020213D20C2
:10E578004E554C4C000000006E6574696620616C55
:10E5880072656164792068617320612073747275A3
:10E59800637420646863702073657400696E7661C3
:10E5A8006C696420646863702D3E737461746500DF
:10E5B800433A5C636F6465782D746F6F6C735C7439
:10E5C80065656E737934312D6C6962735C74656549
:10E5D8006E737934315F736166655C514E4574685A
:10E5E80065726E65745C7372635C6C7769705C6984
:10E5F8007076345C6574686172702E630000000088
:10E60800636865636B2074686174206669727374EB
:10E6180020706275662063616E20686F6C64207379
:10E628007472756374206574686172705F6864726F
:10E63800000000006E657469662D3E687761646449
:10E64800725F6C656E206D757374206265207468E6
:10E65800652073616D65206173204554485F485794
:10E66800414444525F4C454E20666F722065746881
:10E6780061727021000000006172705F7461626CE9
:10E68800655B695D2E71203D3D204E554C4C000068
:10E698006172705F7461626C655B695D2E73746131
:10E6A8007465203D3D204554484152505F535441C4
:10E6B80054455F454D505459000000006172705F29
:10E6C8007461626C655B6172705F6964785D2E73FA
:10E6D80074617465203E3D204554484152505F5353
:10E6E800544154455F535441424C4500697061643C
:10E6F800647220213D204E554C4C00006574685FC3
:10E7080072657420213D204E554C4C006E6574692D
:10E71800662D3E6877616464725F6C656E203D3D6E
:10E72800204554485F4857414444525F4C454E0089
:10E738006E6F207061636B657420717565756573A4
:10E7480020616C6C6F776564210000007120213DA9
:10E75800204E554C4C000000433A5C636F6465786A
:10E768002D746F6F6C735C7465656E737934312DBD
:10E778006C6962735C7465656E737934315F73615B
:10E7880066655C514E45746865726E65745C73723B
:10E79800635C6C7769705C697076345C69676D700E
:10E7A8002E63000069676D705F6C6F6F6B75705FCB
:10E7B80067726F75703A2066697273742067726F3A
:10E7C8007570206D75737420626520616C6C737947
:10E7D8007374656D7300000069676D705F6C6F6FAF
:10E7E8006B75705F67726F75703A20616C6C20652D
:10E7F80078636570742066697273742067726F75C8
:10E8080070206D757374206E6F7420626520616C62
:10E818006C73797374656D730000000069676D70BF
:10E828005F73656E643A20636865636B2074686122
:10E838007420666972737420706275662063616EF5
:10E8480020686F6C64207374727563742069676DD7
:10E85800705F6D7367000000433A5C636F646578AE
:10E868002D746F6F6C735C7465656E737934312DBC
:10E878006C6962735C7465656E737934315F73615A
:10E8880066655C514E45746865726E65745C73723A
:10E89800635C6C7769705C697076345C6970342E7F
:10E8A80063000000702D3E726566203D3D203100FA
:10E8B800636865636B207468617420666972737439
:10E8C80020706275662063616E20686F6C642073C7
:10E8D80074727563742069705F6864720000000068
:10E8E800433A5C636F6465782D746F6F6C735C7406
:10E8F80065656E737934312D6C6962735C74656516
:10E908006E737934315F736166655C514E45746826
:10E9180065726E65745C7372635C6C7769705C6950
:10E928007076345C6970345F616464722E630000D1
:10E93800756E68616E646C6564000000433A5C63E0
:10E948006F6465782D746F6F6C735C7465656E7336
:10E958007934312D6C6962735C7465656E737934D2
:10E96800315F736166655C514E45746865726E65AA
:10E97800745C7372635C6C7769705C697076345C24
:10E988006970345F667261672E63000073616E6937
:10E99800747920636865636B206C696E6B656420AD
:10E9A8006C6973740000000070637220213D204E72
:10E9B800554C4C007072657620213D2069707200BC
:10E9C800707265762D3E6E657874203D3D206970C5
:10E9D8007200000070627566735F66726565642018
:10E9E8002B20636C656E203C3D2030786666666639
:10E9F8000000000069705F72656173735F70627513
:10EA080066636F756E74203E3D2070627566735F35
:10EA1800667265656400000073616E6974792063CD
:10EA28006865636B0000000076616C6964617465F9
:10EA38005F646174616772616D3A6E6578745F7066
:10EA4800627566213D4E554C4C00000069705F723E
:10EA5800656173735F70627566636F756E74203E6F
:10EA68003D20636C656E00006E6F7420666972737A
:10EA780074616C74686F756768206A757374206553
:10EA88006E7175657565640074686973206E656577
:10EA980064732061207062756620696E206F6E65F0
:10EAA8002070696563652100702D3E6C656E203E9F
:10EAB8003D20706F66660000433A5C636F6465785A
:10EAC8002D746F6F6C735C7465656E737934312D5A
:10EAD8006C6962735C7465656E737934315F7361F8
:10EAE80066655C514E45746865726E65745C7372D8
:10EAF800635C6C7769705C6D656D2E630000000067
:10EB08006D616C6C6F632829206D75737420726554
:10EB18007475726E20616C69676E6564206D656DD1
:10EB28006F727900726D656D20213D204E554C4CF9
:10EB380000000000726D656D203D3D204D454D5F24
:10EB4800414C49474E28726D656D2900433A5C6314
:10EB58006F6465782D746F6F6C735C7465656E7324
:10EB68007934312D6C6962735C7465656E737934C0
:10EB7800315F736166655C514E45746865726E6598
:10EB8800745C7372635C6C7769705C6D656D702E14
:10EB9800630000006D656D705F6D616C6C6F633A4A
:10EBA800206D656D702070726F7065726C79206170
:10EBB8006C69676E656400006D656D705F6672658F
:10EBC800653A206D656D2070726F7065726C792082
:10EBD800616C69676E656400433A5C636F6465786D
:10EBE8002D746F6F6C735C7465656E737934312D39
:10EBF8006C6962735C7465656E737934315F7361D7
:10EC080066655C514E45746865726E65745C7372B6
:10EC1800635C6C7769705C6E657469662E6300006E
:10EC28006E657469665F69737375655F7265706F29
:10EC38007274733A20696E76616C6964206E6574CB
:10EC48006966000063616C6C6261636B206D75734B
:10EC58007420626520213D204E554C4C0000000078
:10EC6800666E206D75737420626520213D204E55B7
:10EC78004C4C00006E65746966206D757374206273
:10EC88006520213D204E554C4C00000073696E678D
:10EC98006C65206E6574696620616C726561647963
:10ECA80020736574000000006E657469662D3E6807
:10ECB80077616464725F6C656E203C3D204E4554FC
:10ECC80049465F4D41585F4857414444525F4C455F
:10ECD8004E000000433A5C636F6465782D746F6F73
:10ECE8006C735C7465656E737934312D6C6962730D
:10ECF8005C7465656E737934315F736166655C5108
:10ED08004E45746865726E65745C7372635C6C778B
:10ED180069705C706275662E6300000070627566CB
:10ED280020726566206F766572666C6F77000000EA
:10ED3800706275665F636F7079206661696C65647F
:10ED480000000000696E76616C6964207062756607
:10ED58005F747970650000007020213D204E554C8D
:10ED68004C000000706275665F667265653A2070D7
:10ED78002D3E726566203E203000000070632D3EF7
:10ED8800637573746F6D5F667265655F66756E63D4
:10ED980074696F6E20213D204E554C4C00000000D8
:10EDA800696E76616C69642070627566207479702A
:10EDB80065000000706275665F616C6C6F633A2075
:10EDC8006572726F6E656F75732074797065000077
:10EDD800706275665F7265616C6C6F633A20702053
:10EDE800213D204E554C4C00706275665F7265611E
:10EDF8006C6C6F633A207120213D204E554C4C00BD
:10EE08006D656D5F7472696D2072657475726E657B
:10EE1800642072203D3D204E554C4C006D656D5F61
:10EE28007472696D2072657475726E6564207220E3
:10EE3800213D2071000000004372656174696E67AE
:10EE480020616E20696E66696E697465206C6F6FEB
:10EE580070000000702D3E746F745F6C656E203D0D
:10EE68003D20702D3E6C656E20286F66206C6173A6
:10EE780074207062756620696E20636861696E2906
:10EE8800000000006F66667365745F746F203C3D18
:10EE980020705F746F2D3E6C656E00006F66667340
:10EEA80065745F66726F6D203C3D20705F66726F9F
:10EEB8006D2D3E6C656E0000706275665F74616BE7
:10EEC800653A20696E76616C6964207062756600C7
:10EED800646964206E6F7420636F707920616C6C54
:10EEE8002064617461000000433A5C636F64657874
:10EEF8002D746F6F6C735C7465656E737934312D26
:10EF08006C6962735C7465656E737934315F7361C3
:10EF180066655C514E45746865726E65745C7372A3
:10EF2800635C6C7769705C7261772E630000000027
:10EF38007261772070636220726563762063616C0A
:10EF48006C6261636B20616C7465726564207062C9
:10EF58007566207061796C6F616420706F696E747A
:10EF6800657220776974686F757420656174696E5D
:10EF780067207061636B657400000000433A5C634E
:10EF88006F6465782D746F6F6C735C7465656E73F0
:10EF98007934312D6C6962735C7465656E7379348C
:10EFA800315F736166655C514E45746865726E6564
:10EFB800745C7372635C6C7769705C7463702E63E5
:10EFC8000000000070636220213D204E554C4C002B
:10EFD8007463705F667265653A204C495354454EB8
:10EFE800000000007463705F7570646174655F721F
:10EFF80063765F616E6E5F776E643A20696E7661E4
:10F008006C696420706362006E65775F7263765F17
:10F01800616E6E5F776E64203C3D20307866666670
:10F0280066000000646F6E27742063616C6C207446
:10F0380063705F72656376656420666F72206C69C1
:10F048007374656E2D706362730000007463705F83
:10F058007365675F636F70793A20696E76616C6972
:10F0680064207365670000007463705F736C6F776A
:10F07800746D723A20616374697665207063622DDD
:10F088003E737461746520213D20434C4F534544C1
:10F09800000000007463705F736C6F77746D723A70
:10F0A80020616374697665207063622D3E737461B4
:10F0B800746520213D204C495354454E0000000002
:10F0C8007463705F736C6F77746D723A20616374E8
:10F0D800697665207063622D3E73746174652021C2
:10F0E8003D2054494D452D57414954007463705F84
:10F0F800736C6F7774696D723A2070657273697397
:10F1080074207469636B696E672077697468206915
:10F118006E2D666C69676874206461746100000014
:10F128007463705F736C6F7774696D723A20706581
:10F138007273697374207469636B696E6720776989
:10F14800746820656D7074792073656E64206275CB
:10F1580066666572000000007463705F736C6F7799
:10F16800746D723A206D6964646C652074637020F4
:10F17800213D207463705F6163746976655F7063B5
:10F18800627300007463705F736C6F77746D723AAA
:10F1980020666972737420706362203D3D20746339
:10F1A800705F6163746976655F7063627300000005
:10F1B8007463705F736C6F77746D723A2054494D45
:10F1C800452D57414954207063622D3E7374617414
:10F1D80065203D3D2054494D452D57414954000077
:10F1E8007463705F736C6F77746D723A206D6964C5
:10F1F800646C652074637020213D207463705F74B3
:10F20800775F7063627300007463705F736C6F770D
:10F21800746D723A20666972737420706362203D5F
:10F228003D207463705F74775F70636273000000E1
:10F238007463705F7063625F72656D6F76653A20A4
:10F24800696E76616C696420706362007463705FD4
:10F258007063625F72656D6F76653A20696E76617C
:10F268006C6964207063626C69737400756E736591
:10F278006E74207365676D656E7473206C65616B61
:10F28800696E6700756E61636B6564207365676D91
:10F29800656E7473206C65616B696E6700000000B1
:10F2A8006F6F736571207365676D656E7473206C1D
:10F2B80065616B696E670000646F6E277420636117
:10F2C8006C6C207463705F61626F72742F7463700A
:10F2D8005F6162616E646F6E20666F72206C697325
:10F2E80074656E2D70636273000000007463705F54
:10F2F800636C6F73655F73687574646F776E3A20BB
:10F30800696E76616C696420706362007063622D57
:10F318003E666C61677320262054465F5258434C02
:10F328004F534544000000007463705F6672656562
:10F338005F6C697374656E3A20214C495354454E8D
:10F34800000000007463705F6E6578745F697373A2
:10F358003A20696E76616C6964207063620000000F
:10F368007463705F6566665F73656E645F6D737303
:10F378005F6E657469663A20696E76616C696420AF
:10F388006473745F69700000433A5C636F64657806
:10F398002D746F6F6C735C7465656E737934312D81
:10F3A8006C6962735C7465656E737934315F73611F
:10F3B80066655C514E45746865726E65745C7372FF
:10F3C800635C6C7769705C7463705F696E2E630050
:10F3D8007063622D3E736E645F71756575656C65EB
:10F3E8006E203E3D20706275665F636C656E286EA8
:10F3F8006578742D3E7029007463705F726563656B
:10F408006976653A2076616C696420717565756501
:10F41800206C656E677468007463705F72656365FD
:10F428006976653A2077726F6E67207374617465C8
:10F4380000000000696E7365672E7020213D204E24
:10F44800554C4C00696E73616E65206F6666736516
:10F45800742100007062756620746F6F2073686F86
:10F46800727421007463705F726563656976653ACA
:10F47800207365676D656E74206E6F742074726991
:10F488006D6D656420636F72726563746C79207446
:10F498006F207263765F776E640000007463705F3C
:10F4A800726563656976653A207365676D656E7424
:10F4B800206E6F74207472696D6D656420636F725D
:10F4C800726563746C7920746F206F6F7365712037
:10F4D80071756575650000007463705F72656365BA
:10F4E8006976653A207463706C656E203E2072639D
:10F4F800765F776E640000007463705F72656365A1
:10F508006976653A206F6F736571207463706C65F6
:10F518006E203E207263765F776E64007463705F5E
:10F52800696E7075743A20696E76616C69642070D2
:10F5380062756600702D3E6E65787420213D204E00
:10F54800554C4C00702D3E6C656E203D3D203000C2
:10F55800702D3E746F745F6C656E203D3D20702D7C
:10F568003E6E6578742D3E746F745F6C656E000036
:10F578007463705F696E7075743A2061637469763C
:10F5880065207063622D3E737461746520213D208F
:10F59800434C4F53454400007463705F696E707547
:10F5A800743A20616374697665207063622D3E73D6
:10F5B8007461746520213D2054494D452D574149BA
:10F5C800540000007463705F696E7075743A20614E
:10F5D8006374697665207063622D3E737461746527
:10F5E80020213D204C495354454E00007463705F00
:10F5F800696E7075743A207063622D3E6E6578741A
:10F6080020213D2070636220286265666F72652044
:10F6180063616368652900007463705F696E707563
:10F62800743A207063622D3E6E65787420213D2007
:10F63800706362202861667465722063616368651F
:10F64800290000007463705F696E7075743A205405
:10F65800494D452D57414954207063622D3E7374BE
:10F66800617465203D3D2054494D452D574149540D
:10F67800000000007463705F696E7075743A2070E2
:10F6880063622D3E737461746520213D20434C4FA5
:10F69800534544007063622D3E736E645F717565F7
:10F6A80075656C656E203E20300000006E6F20731B
:10F6B80065676D656E7420746F20667265650000FD
:10F6C8007063622D3E6C697374656E65722D3E6160
:10F6D800636365707420213D204E554C4C0000003A
:10F6E8007063622D3E726566757365645F646174EC
:10F6F80061203D3D204E554C4C000000433A5C6370
:10F708006F6465782D746F6F6C735C7465656E7368
:10F718007934312D6C6962735C7465656E73793404
:10F72800315F736166655C514E45746865726E65DC
:10F73800745C7372635C6C7769705C7463705F6F20
:10F7480075742E63000000007463705F63726561F6
:10F7580074655F7365676D656E743A20696E76616E
:10F768006C69642070636200702D3E746F745F6C06
:10F77800656E203E3D206F70746C656E0000000061
:10F78800636865636B20746861742066697273745A
:10F7980020706275662063616E20686F6C642073E8
:10F7A8007472756374207463705F6864720000001B
:10F7B8007463705F7273743A20696E76616C696401
:10F7C800206C6F63616C5F69700000007463705F28
:10F7D8007273743A20696E76616C69642072656D23
:10F7E8006F74655F697000007463705F73706C6933
:10F7F800745F756E73656E745F7365673A20696EC2
:10F8080076616C69642070636200000043616E2752
:10F81800742073706C6974207365676D656E7420ED
:10F82800696E746F206C656E677468203000000024
:10F8380073706C6974203C3D206D73730000000088
:10F848007463705F656E71756575655F666C616719
:10F85800733A206E65656420656974686572205422
:10F8680043505F53594E206F72205443505F4649AE
:10F878004E20696E20666C616773202870726F670E
:10F8880072616D6D65722076696F6C617465732045
:10F8980041504929000000007463705F656E7175FE
:10F8A8006575655F666C6167733A20696E76616C31
:10F8B80069642070636200007463705F656E7175BF
:10F8C8006575655F666C6167733A20636865636B2D
:10F8D800207468617420666972737420706275663A
:10F8E8002063616E20686F6C64206F70746C656E45
:10F8F800000000007365672D3E74637068647220B1
:10F908006E6F7420616C69676E6564007463705F04
:10F91800656E71756575655F666C6167733A2069B8
:10F928006E76616C6964207365676D656E74206CB2
:10F93800656E6774680000007463705F656E71754A
:10F948006575655F666C6167733A20696E76616C90
:10F958006964207175657565206C656E67746800EB
:10F968007463705F73656E645F66696E3A20696E72
:10F9780076616C6964207063620000007463705F74
:10F988007265786D69745F72746F5F7072657061AB
:10F9980072653A20696E76616C69642070636200F2
:10F9A8007463705F7265786D69743A20696E766108
:10F9B8006C696420706362007463705F7265786D4F
:10F9C80069745F666173743A20696E76616C696404
:10F9D80020706362000000007463705F73656E647A
:10F9E8005F656D7074795F61636B3A20696E7661EB
:10F9F8006C696420706362007463705F6F75747003
:10FA080075743A20696E76616C696420706362006F
:10FA1800646F6E27742063616C6C207463705F6F11
:10FA2800757470757420666F72206C697374656E76
:10FA38002D70636273000000525354206E6F74205F
:10FA48006578706563746564206865726521000077
:10FA58006F7074696F6E73206E6F742066696C6C5A
:10FA6800656400007463705F7265786D69745F72B5
:10FA7800746F5F636F6D6D69743A20696E76616C3F
:10FA880069642070636200007463705F7265786DEA
:10FA980069745F72746F3A20696E76616C6964206C
:10FAA800706362007463705F6B656570616C697622
:10FAB800653A20696E76616C696420706362000043
:10FAC8007463705F7A65726F5F77696E646F775F72
:10FAD80070726F62653A20696E76616C6964207035
:10FAE80063620000433A5C636F6465782D746F6FDE
:10FAF8006C735C7465656E737934312D6C696273EF
:10FB08005C7465656E737934315F736166655C51E9
:10FB18004E45746865726E65745C7372635C6C776D
:10FB280069705C74696D656F7574732E630000008D
:10FB38007379735F74696D656F75743A2074696D54
:10FB4800656F757420213D204E554C4C2C20706FEC
:10FB58006F6C204D454D505F5359535F54494D4587
:10FB68004F555420697320656D707479000000004A
:10FB780054696D656F75742074696D6520746F6F55
:10FB8800206C6F6E672C206D6178206973204C574C
:10FB980049505F55494E5433325F4D41582F3420F8
:10FBA8006D73656373000000696E76616C6964202B
:10FBB800736C65657074696D65000000433A5C6339
:10FBC8006F6465782D746F6F6C735C7465656E73A4
:10FBD8007934312D6C6962735C7465656E73793440
:10FBE800315F736166655C514E45746865726E6518
:10FBF800745C7372635C6C7769705C7564702E6397
:10FC0800000000007564705F696E7075743A206951
:10FC18006E76616C69642070627566007564705FE9
:10FC2800696E7075743A20696E76616C6964206ECD
:10FC38006574696600000000706275665F72656DC4
:10FC48006F76655F686561646572206661696C6579
:10FC580064000000636865636B20746861742066E3
:10FC68006972737420706275662063616E20686FB4
:10FC78006C6420737472756374207564705F686453
:10FC880072000000433A5C636F6465782D746F6F8F
:10FC98006C735C7465656E737934312D6C6962734D
:10FCA8005C7465656E737934315F736166655C5148
:10FCB8004E45746865726E65745C7372635C6E65DC
:10FCC8007469665C65746865726E65742E6300009D
:10FCD8006E657469662D3E6877616464725F6C65F1
:10FCE8006E206D757374206265203620666F7220F1
:10FCF80065746865726E65745F6F7574707574216C
:10FD080000000000433A5C636F6465782D746F6F80
:10FD18006C735C7465656E737934312D6C696273CC
:10FD28005C7465656E737934315F736166655C51C7
:10FD38004E45746865726E65745C7372635C716E4F
:10FD480065746865726E65745C6C7769705F686FFE
:10FD58006F6B732E63707000456E74726F707920CC
:10FD680067656E65726174696F6E206572726F7215
:10FD780000000000433A5C636F6465782D746F6F10
:10FD88006C735C7465656E737934312D6C6962735C
:10FD98005C7465656E737934315F736166655C5157
:10FDA8004E45746865726E65745C7372635C6C77DB
:10FDB80069705C646E732E6300000000646E7320CB
:10FDC800736572766572206F7574206F6620617234
:10FDD80072617900756E6B6E6F776E20646E735FFB
:10FDE8007461626C6520656E7472792073746174D5
:10FDF800653A00002E6C6F63616C0000433A5C63E7
:10FE08006F6465782D746F6F6C735C7465656E7361
:10FE18007934312D6C6962735C7465656E737934FD
:10FE2800315F736166655C514E45746865726E65D5
:10FE3800745C7372635C6C7769705C697076345C4F
:10FE48006163642E630000006163645F636F6E66C4
:10FE58006C6963745F63616C6C6261636B20213DE4
:10FE6800204E554C4C000000433A5C636F64657843
:10FE78002D746F6F6C735C7465656E737934312D96
:10FE88006C6962735C7465656E737934315F736134
:10FE980066655C514E45746865726E65745C737214
:10FEA800635C6C7769705C697076345C69636D70EB
:10FEB8002E630000636865636B2074686174206654
:10FEC8006972737420706275662063616E20686F52
:10FED8006C642069636D70206D657373616765007C
:10FEE80069636D705F696E7075743A206D6F7669BD
:10FEF8006E6720722D3E7061796C6F616420746F3B
:10FF08002069636D70206865616465722066616947
:10FF18006C65640069636D705F696E7075743A2012
:10FF2800726573746F72696E67206F726967696E44
:10FF3800616C20702D3E7061796C6F616420666120
:10FF4800696C6564000000006261645F66756E63D9
:10FF580074696F6E5F63616C6C000000474C4942C6
:10FF68004358585F54554E41424C455300000000D9
:10FF78006F626A5F73697A65000000006F626A5F8A
:10FF8800636F756E74000000676C69626378782E21
:10FF980065685F706F6F6C007374643A3A6261648D
:10FFA8005F657863657074696F6E0000626173697C
:10FFB800635F737472696E673A3A5F535F636F6E1B
:10FFC800737472756374206E756C6C206E6F742018
:10FFD80076616C696400000062617369635F7374C1
:10FFE80072696E673A3A5F535F6372656174650060
:08FFF8002E0000004C435F43A2
:02000004600298
:100000004F4C4C41544500004C435F4354595045BC
:10001000000000004C435F4D4F4E45544152590083
:100020004C435F4E554D4552494300004C435F548D
:10003000494D45004C435F4D45535341474553009F
:1000400042616C6C6F63207375636365656465649E
:10005000000000002F646174612F6A656E6B696E29
:10006000732F776F726B73706163652F474E552DD9
:10007000746F6F6C636861696E2F61726D2D3135BD
:100080002D352F7372632F6E65776C69622D6379DE
:100090006777696E2F6E65776C69622F6C69626332
:1000A0002F7374646C69622F6D707265632E6300C8
:1000B000494E4600696E66004E414E006E616E000C
:1000C00030313233343536373839616263646566CE
:1000D0000000000030313233343536373839414290
:1000E0004344454600000000286E756C6C290000F2
:1000F0002C2066756E6374696F6E3A2000000000F4
:10010000617373657274696F6E2022257322206695
:1001100061696C65643A2066696C652022257322EA
:100120002C206C696E65202564257325730A0000F8
:10013000496E66696E697479000000004E614E0078
:100140002F646174612F6A656E6B696E732F776FB0
:10015000726B73706163652F474E552D746F6F6CB2
:10016000636861696E2F61726D2D31352D352F7386
:1001700072632F6E65776C69622D63796777696E3C
:100180002F6E65776C69622F6C6962632F7374647C
:100190006C69622F64746F612E6300007800CB007D
:1001A00000007A00E202CB007F007003AD038500FF
:1001B0002A031D078B006001470A8E00A802A70BC7
:1001C0009200BA014F0E0000A029002058280020FC
:1001D000CC2900207828002050280020A0290020C9
:1001E0009C280020CC290020C0280020F8270020CF
:1001F000CC290020E828002048280020CC29002015
:10020000F828002018280020CC2900200C290020E4
:1002100048280020CC290020202900204828002040
:10022000A029002038290020A029002048290020EA
:100230004E31305F5F637878616269763131355F66
:100240005F666F726365645F756E77696E644500A3
:100250004E31305F5F637878616269763131375F44
:100260005F636C6173735F747970655F696E666FED
:10027000450000004E31305F5F63787861626976D7
:100280003131395F5F666F726569676E5F6578638C
:10029000657074696F6E45004E31305F5F637878CA
:1002A000616269763132305F5F73695F636C61737D
:1002B000735F747970655F696E666F45000000005A
:1002C000537431316C6F6769635F6572726F72006E
:1002D000537431326C656E6774685F6572726F72E9
:1002E00000000000537431336261645F65786365B8
:1002F0007074696F6E000000537431376261645F1F
:1003000066756E6374696F6E5F63616C6C0000008C
:10031000537439657863657074696F6E000000000E
:10032000537439747970655F696E666F0000000000
:1003300000000000000000003D0900000000000077
:10034000000000006DD50000F9E70000F5E70000AF
:10035000F1E70000EDE70000E9E70000E5E7000055
:10036000E1E70000000000000000000075D500007B
:1003700000000000F8270020BD020100D1020100AA
:100380004100010041000100510301007D02010014
:1003900031030100ED020100B10201000000000084
:1003A0000C28002021FF000035FF00004100010063
:1003B00041000100510301007D0201001100010014
:1003C00091FF000051FF000000000000000000004D
:1003D0005D1000002D120000E10F0000310F000041
:1003E000350F00004D0F00006D0F0000CD1A00000A
:1003F000D51A0000890F0000A5140000FD140000AC
:10040000AD17000079120000011000002913000050
:10041000C50F0000190F000071150000F91500004C
:1004200085130000210F0000CD130000290F0000EC
:10043000F0FFFFFF0000000015140000691200002B
:100440005D14000071120000000000001828002058
:1004500075000100F50001007100010000000000BE
:1004600024280020B50001003D01010071000100B9
:10047000000000003028002025F7000031F70000C0
:1004800029F70000000000003C28002011F30000C4
:1004900025F3000009F300006175746F69705F73E4
:1004A000746F7000646863705F72656C656173651A
:1004B0005F616E645F73746F7000000065746861E3
:1004C00072705F6F757470757400000069676D708D
:1004D0005F6C6561766567726F75705F6E65746974
:1004E000660000006970345F6F75747075745F69C1
:1004F000665F6F70745F7372630000006E6574698D
:10050000665F72656D6F76655F6578745F63616C59
:100510006C6261636B0000007463705F696E70757C
:10052000740000007463705F6F7574707574000000
:100530007564705F6E65775F69705F747970650070
:1005400065746865726E65745F6F7574707574003C
:100550006D646E735F726573705F616E6E6F756EE2
:10056000636500006175746F69705F7374617274A4
:1005700000000000646863705F72656E657700005C
:100580006574686172705F696E7075740000000058
:100590006970345F696E7075740000006E6574690F
:1005A000665F6164645F6578745F63616C6C6261EF
:1005B000636B00007379735F636865636B5F746975
:1005C0006D656F75747300007564705F6E6577009C
:1005D00065746865726E65745F696E70757400002D
:1005E0006163645F616464006E657469665F72650F
:1005F0006D6F7665000000006E657469665F7365F7
:10060000745F6164647200007463705F6162616E44
:10061000646F6E006E657469665F616464000000FB
:100620007463705F636C6F736500000069676D7061
:100630005F6A6F696E67726F75705F6E6574696609
:10064000000000007379735F756E74696D656F7576
:10065000740000007564705F72656D6F76650000F0
:100660006175746F69705F7365745F7374727563BD
:1006700074000000646863705F73746172740000DA
:100680006E657469665F6765745F62795F696E64E1
:10069000657800007379735F74696D656F757400B8
:1006A0007564705F72656376000000007463705F4C
:1006B00074696D65725F6E65656465640000000055
:1006C000646863705F7365745F73747275637400DC
:1006D0006E657469665F7365745F6C696E6B5F6489
:1006E0006F776E007564705F636F6E6E6563740024
:1006F0006D646E735F726573705F72656D6F766542
:100700005F6E6574696600006E657469665F736527
:10071000745F6C696E6B5F75700000007463705F6E
:10072000616C6C6F630000006E657469665F736571
:10073000745F646F776E00007564705F62696E64E9
:10074000000000006E657469665F7365745F7570A4
:10075000000000007564705F73656E64746F5F699C
:10076000665F7372630000006E657469665F73652F
:10077000745F64656661756C740000007463705F1B
:1007800072656376656400007564705F696E70758C
:100790007400000000202020202020202020282875
:1007A0002828282020202020202020202020202031
:1007B0002020202020881010101010101010101071
:1007C00010101010100404040404040404040410A1
:1007D000101010101010414141414141010101012F
:1007E00001010101010101010101010101010101F9
:1007F0001010101010104242424242420202020205
:1008000002020202020202020202020202020202C8
:100810001010101020000000000000000000000078
:1008200000000000000000000000000000000000C8
:1008300000000000000000000000000000000000B8
:1008400000000000000000000000000000000000A8
:100850000000000000000000000000000000000098
:100860000000000000000000000000000000000088
:100870000000000000000000000000000000000078
:100880000000000000000000000000000000000068
:100890000000000000000000202020202020202058
:1008A0002020202020202020202020202020202048
:1008B0002020202020202020202020202020202038
:1008C0002020202020202020E00000FB30090020F4
:1008D00038090020000000000C0000006900000042
:1008E0000B000000760000007700000016000000FA
:1008F0000B00000070000000780000007F00000086
:1009000080000000FFFFFFFF710000006800000092
:100910008000000005000000FFFFFFFFFFFF000058
:10092000000000000000000000000000FFFFFFFFCB
:10093000FA000000558C0000E80300006564000028
:10094000E80300003551000060EA00007D4B000024
:10095000F4010000814D00006400000049CF000058
:10096000640000008D5B0000E803000011CB000074
:1009700018000F00509E20208C80002010000900DD
:10098000C09D20209080002010001000C09B2020DF
:1009900094800020FC051000003C2020988000205E
:1009A0001C00040058A820209C8000202000050086
:1009B000B89F2020A080002010001000C09C2020A4
:1009C000A48000209C00080038A22020A8800020DD
:1009D0001C00080058A12020AC800020100010004E
:1009E00058A02020B08000202800080018A7202050
:1009F000B4800020C82F002010300020EC2F0020F1
:100A0000F82F002004300020D42F0020982F002041
:100A1000A42F0020E02F0020B02F0020BC2F0020AA
:100A200005000000190000007D0000000102030421
:100A3000050607070707070707000000CCE10020AD
:100A4000C4E10020C0E10020D4E1002003060C181E
:100A50003060780000010000103A00201200000011
:100A600000060000102800600A00000000020000DC
:100A7000AC2700606200000000070000482700600B
:100A800062000000EE030000503A00201200000057
:100A9000000004EE283A00202800000000030000B7
:100AA0004427006000000000010309042C270060B7
:100AB0000000000002030904142700600000000089
:100AC00003030904643A0020000000000000000055
:100AD0000000000000000000E00000FB303030307B
:100AE0003030303030303030303030303030303006
:100AF00030303030303030303030303030303030F6
:100B000030303030303030303030303000000000A5
:100B100000000000000000003831002038310020C3
:100B20004031002040310020483100204831002071
:100B30005031002050310020583100205831002021
:100B400060310020603100206831002068310020D1
:100B50007031002070310020783100207831002081
:100B60008031002080310020883100208831002031
:100B700090310020903100209831002098310020E1
:100B8000A0310020A0310020A8310020A831002091
:100B9000B0310020B0310020B8310020B831002041
:100BA000C0310020C0310020C8310020C8310020F1
:100BB000D0310020D0310020D8310020D8310020A1
:100BC000E0310020E0310020E8310020E831002051
:100BD000F0310020F0310020F8310020F831002001
:100BE00000320020003200200832002008320020AD
:100BF000103200201032002018320020183200205D
:100C0000203200202032002028320020283200200C
:100C100030320020303200203832002038320020BC
:100C2000403200204032002048320020483200206C
:100C3000503200205032002058320020583200201C
:100C400060320020603200206832002068320020CC
:100C5000703200207032002078320020783200207C
:100C6000803200208032002088320020883200202C
:100C700090320020903200209832002098320020DC
:100C8000A0320020A0320020A8320020A83200208C
:100C9000B0320020B0320020B8320020B83200203C
:100CA000C0320020C0320020C8320020C8320020EC
:100CB000D0320020D0320020D8320020D83200209C
:100CC000E0320020E0320020E8320020E83200204C
:100CD000F0320020F0320020F8320020F8320020FC
:100CE00000330020003300200833002008330020A8
:100CF0001033002010330020183300201833002058
:100D00002033002020330020283300202833002007
:100D100030330020303300203833002038330020B7
:100D20004033002040330020483300204833002067
:100D30005033002050330020583300205833002017
:100D400060330020603300206833002068330020C7
:100D50007033002070330020783300207833002077
:100D60008033002080330020883300208833002027
:100D700090330020903300209833002098330020D7
:100D8000A0330020A0330020A8330020A833002087
:100D9000B0330020B0330020B8330020B833002037
:100DA000C0330020C0330020C8330020C8330020E7
:100DB000D0330020D0330020D8330020D833002097
:100DC000E0330020E0330020E8330020E833002047
:100DD000F0330020F0330020F8330020F8330020F7
:100DE00000340020003400200834002008340020A3
:100DF0001034002010340020183400201834002053
:100E00002034002020340020283400202834002002
:100E100030340020303400203834002038340020B2
:100E20004034002040340020483400204834002062
:100E30005034002050340020583400205834002012
:100E400060340020603400206834002068340020C2
:100E50007034002070340020783400207834002072
:100E60008034002080340020883400208834002022
:100E700090340020903400209834002098340020D2
:100E8000A0340020A0340020A8340020A834002082
:100E9000B0340020B0340020B8340020B834002032
:100EA000C0340020C0340020C8340020C8340020E2
:100EB000D0340020D0340020D8340020D834002092
:100EC000E0340020E0340020E8340020E834002042
:100ED000F0340020F0340020F8340020F8340020F2
:100EE000003500200035002008350020083500209E
:100EF000103500201035002018350020183500204E
:100F000020350020203500202835002028350020FD
:100F1000303500203035002000000000F04800206F
:100F200058490020C04900200000000000000000D7
:100F300000000000000000000000000000000000B1
:100F400000000000000000000000000000000000A1
:100F50000000000000000000000000000000000091
:100F60000000000000000000000000000000000081
:100F70000000000000000000000000000000000071
:100F80000000000000000000000000000000000061
:100F90000000000000000000000000000000000051
:100FA0000000000000000000000000000000000041
:100FB00001000000000000000E33CDAB34126DE6DE
:100FC000ECDE05000B000000000000000000000047
:100FD0000000000000000000000000000000000011
:100FE0000000000000000000000000000000000001
:100FF00000000000000000000000000000000000F1
:1010000000000000000000000000000000000000E0
:1010100000000000000000000000000000000000D0
:1010200000000000000000000000000000000000C0
:1010300000000000000000000000000000000000B0
:1010400000000000000000000000000000000000A0
:101050000000000000000000000000000000000090
:101060000000000000000000000000000000000080
:101070000000000000000000000000000000000070
:101080000000000000000000000000000000000060
:101090000000000000000000000000000000000050
:1010A0000000000000000000000000000000000040
:1010B0000000000000000000000000000000000030
:1010C0000000000000000000000000000000000020
:1010D0000000000000000000000000000000000010
:1010E0000000000000000000000000000000000000
:1010F00000000000000000000000000000000000F0
:1011000000000000000000000000000000000000DF
:1011100000000000000000000029DE07007B9A1795
:101120006C29002000000000E8030000000000001F
:1011300085DA00009DFD0000640000000101000050
:10114000C03E0020803F00206029002000000000F9
:10115000000000000000000000000000000000008F
:10116000000000000000000001005E000000000020
:10117000AC480020A0D9202000000000430000005F
:10118000000000000000000000000000000000005F
:10119000000000000000000000000000430000000C
:1011A000000000000000000000000000000000003F
:1011B00000000000000000000000000043000000EC
:1011C000000000000000000000000000000000001F
:1011D00000000000000000000000000043000000CC
:1011E00000000000000000000000000000000000FF
:1011F00000000000000000000000000043000000AC
:1012000000000000000000000000000000000000DE
:10121000000000000000000000000000430000008B
:1012200000000000000000000000000000000000BE
:10123000000000000000000000000000430000006B
:10124000000000000000000000000000000000009E
:10125000000000000000000000000000430000004B
:10126000000000000000000000000000000000007E
:10127000000000000000000000000000000000006E
:10128000000000000000000000000000000000005E
:10129000000000000000000000000000000000004E
:1012A000000000000000000000000000000000003E
:1012B000000000000000000000000000000000002E
:1012C000000000000000000000000000000000001E
:1012D000000000000000000000000000000000000E
:1012E00000000000000000000000000000000000FE
:1012F00000000000000000000000000000000000EE
:1013000000000000000000000000000000000000DD
:1013100000000000000000000000000000000000CD
:1013200000000000000000000000000000000000BD
:1013300000000000000000000000000000000000AD
:10134000000000008D40010079380100000000001D
:10135000BC2D002020260020E8070020E807002000
:10136000E8070020E8070020E8070020E807002041
:10137000E8070020E8070020E8070020FFFFFFFF44
:10138000FFFFFFFFFFFFFFFFFFFF000001004153D2
:101390004349490000000000000000000000000078
:1013A00000000000000000000000000000004153A9
:1013B0004349490000000000000000000000000058
:1013C000000000000000000000000000000000001D
:1013D000FFFFFFFF0000020000000000030000000C
:1013E000F04800204035002012010002EF020140C9
:1013F000C016830480020102030100002C5000206B
:1014000028000000000104000100000000000000AE
:10141000020157494E5553420000000000000000F1
:10142000000000000000000012034D0053004600C1
:101430005400310030003000F80000000C030000C0
:10144000000000000000000000000000000000009C
:10145000000000C000C0010100000000000000000A
:10146000000000000000000000000000000000007C
:10147000000000000000000000000000000000006C
:10148000000000000000000000000000000000005C
:10149000000000000000000000000000000000004C
:1014A000000000000000000000000000000000003C
:1014B000000000000000000000000000000000002C
:1014C000000000000000000000000000000000001C
:1014D000000000000000000000000000000000000C
:1014E00000000000000000000000000000000000FC
:1014F00000000000000000000000000000000000EC
:1015000000000000000000000000000000000000DB
:1015100000000000000000000000000000000000CB
:1015200000000000000000000000000000000000BB
:1015300000000000000000000000000000000000AB
:10154000000000000000000000000000000000009B
:10155000000000000000000000000000000000008B
:10156000000000000000000000000000000000007B
:10157000000000000000000000000000000000006B
:10158000000000000000000000000000000000005B
:10159000000000000000000000000000000000004B
:1015A000000000000000000000000000000000003B
:1015B000000000000000000000000000000000002B
:1015C000000000000000000000000000000000001B
:1015D000000000000000000000000000000000000B
:1015E00000000000000000000000000000000000FB
:1015F00000000000000000000000000000000000EB
:1016000000000000000000000000000000000000DA
:1016100000000000000000000000000000000000CA
:1016200000000000000000000000000000000000BA
:1016300000000000000000000000000000000000AA
:10164000000000000000000000000000000000009A
:10165000000000000000000000000000000000008A
:10166000000000000000000000000000000000007A
:10167000000000000000000000000000000000006A
:10168000000000000000000000000000000000005A
:10169000000000000000000000000000000000004A
:1016A000000000000000000000000000000000003A
:1016B000000000000000000000000000000000002A
:1016C000000000000000000000000000000000001A
:1016D000000000000000000000000000000000000A
:1016E00000000000000000000000000000000000FA
:1016F00000000000000000000000000000000000EA
:1017000000000000000000000000000000000000D9
:1017100000000000000000000000000000000000C9
:1017200000000000000000000000000000000000B9
:1017300000000000000000000000000000000000A9
:101740000000000000000000000000000000000099
:101750000000000000000000000000000000000089
:101760000000000000000000000000000000000079
:101770000000000000000000000000000000000069
:101780000000000000000000000000000000000059
:101790000000000000000000000000000000000049
:1017A0000000000000000000000000000000000039
:1017B0000000000000000000000000000000000029
:1017C0000000000000000000000000000000000019
:1017D0000000000000000000000000000000000009
:1017E00000000000000000000000000000000000F9
:1017F00000000000000000000000000000000000E9
:1018000000000000000000000000000000000000D8
:1018100000000000000000000000000000000000C8
:1018200000000000000000000000000000000000B8
:1018300000000000000000000000000000000000A8
:101840000000000000000000000000000000000098
:101850000000000000000000000000000000000088
:101860000000000000000000000000000000000078
:101870000000000000000000000000000000000068
:101880000000000000000000000000000000000058
:08189000000000000000000050
:10189800FFFFFFFFFFFFFFFFFFFFFFFFFFFFFFFF50
:1018A800FFFFFFFFFFFFFFFFFFFFFFFFFFFFFFFF40
:1018B800FFFFFFFFFFFFFFFFFFFFFFFFFFFFFFFF30
:1018C800FFFFFFFFFFFFFFFFFFFFFFFFFFFFFFFF20
:1018D800FFFFFFFFFFFFFFFFFFFFFFFFFFFFFFFF10
:1018E800FFFFFFFFFFFFFFFFFFFFFFFFFFFFFFFF00
:1018F800FFFFFFFFFFFFFFFFFFFFFFFFFFFFFFFFF0
:10190800FFFFFFFFFFFFFFFFFFFFFFFFFFFFFFFFDF
:10191800FFFFFFFFFFFFFFFFFFFFFFFFFFFFFFFFCF
:10192800FFFFFFFFFFFFFFFFFFFFFFFFFFFFFFFFBF
:10193800FFFFFFFFFFFFFFFFFFFFFFFFFFFFFFFFAF
:10194800FFFFFFFFFFFFFFFFFFFFFFFFFFFFFFFF9F
:10195800FFFFFFFFFFFFFFFFFFFFFFFFFFFFFFFF8F
:10196800FFFFFFFFFFFFFFFFFFFFFFFFFFFFFFFF7F
:10197800FFFFFFFFFFFFFFFFFFFFFFFFFFFFFFFF6F
:10198800FFFFFFFFFFFFFFFFFFFFFFFFFFFFFFFF5F
:10199800FFFFFFFFFFFFFFFFFFFFFFFFFFFFFFFF4F
:1019A800FFFFFFFFFFFFFFFFFFFFFFFFFFFFFFFF3F
:1019B800FFFFFFFFFFFFFFFFFFFFFFFFFFFFFFFF2F
:1019C800FFFFFFFFFFFFFFFFFFFFFFFFFFFFFFFF1F
:1019D800FFFFFFFFFFFFFFFFFFFFFFFFFFFFFFFF0F
:1019E800FFFFFFFFFFFFFFFFFFFFFFFFFFFFFFFFFF
:1019F800FFFFFFFFFFFFFFFFFFFFFFFFFFFFFFFFEF
:101A0800FFFFFFFFFFFFFFFFFFFFFFFFFFFFFFFFDE
:101A1800FFFFFFFFFFFFFFFFFFFFFFFFFFFFFFFFCE
:101A2800FFFFFFFFFFFFFFFFFFFFFFFFFFFFFFFFBE
:101A3800FFFFFFFFFFFFFFFFFFFFFFFFFFFFFFFFAE
:101A4800FFFFFFFFFFFFFFFFFFFFFFFFFFFFFFFF9E
:101A5800FFFFFFFFFFFFFFFFFFFFFFFFFFFFFFFF8E
:101A6800FFFFFFFFFFFFFFFFFFFFFFFFFFFFFFFF7E
:101A7800FFFFFFFFFFFFFFFFFFFFFFFFFFFFFFFF6E
:101A8800FFFFFFFFFFFFFFFFFFFFFFFFFFFFFFFF5E
:101A9800FFFFFFFFFFFFFFFFFFFFFFFFFFFFFFFF4E
:101AA800FFFFFFFFFFFFFFFFFFFFFFFFFFFFFFFF3E
:101AB800FFFFFFFFFFFFFFFFFFFFFFFFFFFFFFFF2E
:101AC800FFFFFFFFFFFFFFFFFFFFFFFFFFFFFFFF1E
:101AD800FFFFFFFFFFFFFFFFFFFFFFFFFFFFFFFF0E
:101AE800FFFFFFFFFFFFFFFFFFFFFFFFFFFFFFFFFE
:101AF800FFFFFFFFFFFFFFFFFFFFFFFFFFFFFFFFEE
:101B0800FFFFFFFFFFFFFFFFFFFFFFFFFFFFFFFFDD
:101B1800FFFFFFFFFFFFFFFFFFFFFFFFFFFFFFFFCD
:101B2800FFFFFFFFFFFFFFFFFFFFFFFFFFFFFFFFBD
:101B3800FFFFFFFFFFFFFFFFFFFFFFFFFFFFFFFFAD
:101B4800FFFFFFFFFFFFFFFFFFFFFFFFFFFFFFFF9D
:101B5800FFFFFFFFFFFFFFFFFFFFFFFFFFFFFFFF8D
:101B6800FFFFFFFFFFFFFFFFFFFFFFFFFFFFFFFF7D
:101B7800FFFFFFFFFFFFFFFFFFFFFFFFFFFFFFFF6D
:101B8800FFFFFFFFFFFFFFFFFFFFFFFFFFFFFFFF5D
:101B9800FFFFFFFFFFFFFFFFFFFFFFFFFFFFFFFF4D
:101BA800FFFFFFFFFFFFFFFFFFFFFFFFFFFFFFFF3D
:101BB800FFFFFFFFFFFFFFFFFFFFFFFFFFFFFFFF2D
:101BC800FFFFFFFFFFFFFFFFFFFFFFFFFFFFFFFF1D
:101BD800FFFFFFFFFFFFFFFFFFFFFFFFFFFFFFFF0D
:101BE800FFFFFFFFFFFFFFFFFFFFFFFFFFFFFFFFFD
:101BF800FFFFFFFFFFFFFFFF0000000000000000E5
:101C080000000000000000000000000000000000CC
:101C180000000000000000000000000000000000BC
:101C280000000000000000000000000000000000AC
:101C3800000000000000000000000000000000009C
:101C4800000000000000000000000000000000008C
:101C5800000000000000000000000000000000007C
:101C6800000000000000000000000000000000006C
:101C7800000000000000000000000000000000005C
:101C8800000000000000000000000000000000004C
:101C9800000000000000000000000000000000003C
:101CA800000000000000000000000000000000002C
:101CB800000000000000000000000000000000001C
:101CC800000000000000000000000000000000000C
:101CD80000000000000000000000000000000000FC
:101CE80000000000000000000000000000000000EC
:101CF80000000000000000000000000000000000DC
:101D080000000000000000000000000000000000CB
:101D180000000000000000000000000000000000BB
:101D280000000000000000000000000000000000AB
:101D3800000000000000000000000000000000009B
:101D4800000000000000000000000000000000008B
:101D5800000000000000000000000000000000007B
:101D6800000000000000000000000000000000006B
:101D7800000000000000000000000000000000005B
:101D8800000000000000000000000000000000004B
:101D9800000000000000000000000000000000003B
:101DA800000000000000000000000000000000002B
:101DB800000000000000000000000000000000001B
:101DC800000000000000000000000000000000000B
:101DD80000000000000000000000000000000000FB
:101DE80000000000000000000000000000000000EB
:101DF80000000000000000000000000000000000DB
:101E080000000000000000000000000000000000CA
:101E180000000000000000000000000000000000BA
:101E280000000000000000000000000000000000AA
:101E3800000000000000000000000000000000009A
:101E4800000000000000000000000000000000008A
:101E5800000000000000000000000000000000007A
:101E6800000000000000000000000000000000006A
:101E7800000000000000000000000000000000005A
:101E8800000000000000000000000000000000004A
:101E9800000000000000000000000000000000003A
:101EA800000000000000000000000000000000002A
:101EB800000000000000000000000000000000001A
:101EC800000000000000000000000000000000000A
:101ED80000000000000000000000000000000000FA
:101EE80000000000000000000000000000000000EA
:101EF80000000000000000000000000000000000DA
:101F080000000000000000000000000000000000C9
:101F180000000000000000000000000000000000B9
:101F280000000000000000000000000000000000A9
:101F38000000000000000000000000000000000099
:101F48000000000000000000000000000000000089
:101F58000000000000000000000000000000000079
:101F68000000000000000000000000000000000069
:101F78000000000000000000000000000000000059
:101F88000000000000000000000000000000000049
:101F98000000000000000000000000000000000039
:101FA8000000000000000000000000000000000029
:101FB8000000000000000000000000000000000019
:101FC8000000000000000000000000000000000009
:101FD80000000000000000000000000000000000F9
:101FE80000000000000000000000000000000000E9
:101FF80000000000000000000000000000000000D9
:1020080000000000000000000000000000000000C8
:1020180000000000000000000000000000000000B8
:1020280000000000000000000000000000000000A8
:102038000000000000000000000000000000000098
:102048000000000000000000000000000000000088
:102058000000000000000000000000000000000078
:102068000000000000000000000000000000000068
:102078000000000000000000000000000000000058
:102088000000000000000000000000000000000048
:102098000000000000000000000000000000000038
:1020A8000000000000000000000000000000000028
:1020B8000000000000000000000000000000000018
:1020C8000000000000000000000000000000000008
:1020D80000000000000000000000000000000000F8
:1020E80000000000000000000000000000000000E8
:1020F80000000000000000000000000000000000D8
:1021080000000000000000000000000000000000C7
:1021180000000000000000000000000000000000B7
:1021280000000000000000000000000000000000A7
:102138000000000000000000000000000000000097
:102148000000000000000000000000000000000087
:102158000000000000000000000000000000000077
:102168000000000000000000000000000000000067
:102178000000000000000000000000000000000057
:102188000000000000000000000000000000000047
:102198000000000000000000000000000000000037
:1021A8000000000000000000000000000000000027
:1021B8000000000000000000000000000000000017
:1021C8000000000000000000000000000000000007
:1021D80000000000000000000000000000000000F7
:1021E80000000000000000000000000000000000E7
:1021F80000000000000000000000000000000000D7
:1022080000000000000000000000000000000000C6
:1022180000000000000000000000000000000000B6
:1022280000000000000000000000000000000000A6
:102238000000000000000000000000000000000096
:102248000000000000000000000000000000000086
:102258000000000000000000000000000000000076
:102268000000000000000000000000000000000066
:102278000000000000000000000000000000000056
:102288000000000000000000000000000000000046
:102298000000000000000000000000000000000036
:1022A8000000000000000000000000000000000026
:1022B8000000000000000000000000000000000016
:1022C8000000000000000000000000000000000006
:1022D80000000000000000000000000000000000F6
:1022E80000000000000000000000000000000000E6
:1022F80000000000000000000000000000000000D6
:1023080000000000000000000000000000000000C5
:1023180000000000000000000000000000000000B5
:1023280000000000000000000000000000000000A5
:102338000000000000000000000000000000000095
:102348000000000000000000000000000000000085
:102358000000000000000000000000000000000075
:102368000000000000000000000000000000000065
:102378000000000000000000000000000000000055
:102388000000000000000000000000000000000045
:102398000000000000000000000000000000000035
:1023A8000000000000000000000000000000000025
:1023B8000000000000000000000000000000000015
:1023C8000000000000000000000000000000000005
:1023D80000000000000000000000000000000000F5
:1023E80000000000000000000000000000000000E5
:1023F80000000000000000000000000000000000D5
:1024080000000000000000000000000000000000C4
:1024180000000000000000000000000000000000B4
:1024280000000000000000000000000000000000A4
:102438000000000000000000000000000000000094
:102448000000000000000000000000000000000084
:102458000000000000000000000000000000000074
:102468000000000000000000000000000000000064
:102478000000000000000000000000000000000054
:102488000000000000000000000000000000000044
:102498000000000000000000000000000000000034
:1024A8000000000000000000000000000000000024
:1024B8000000000000000000000000000000000014
:1024C8000000000000000000000000000000000004
:1024D80000000000000000000000000000000000F4
:1024E80000000000000000000000000000000000E4
:1024F80000000000000000000000000000000000D4
:1025080000000000000000000000000000000000C3
:1025180000000000000000000000000000000000B3
:1025280000000000000000000000000000000000A3
:102538000000000000000000000000000000000093
:102548000000000000000000000000000000000083
:102558000000000000000000000000000000000073
:102568000000000000000000000000000000000063
:102578000000000000000000000000000000000053
:102588000000000000000000000000000000000043
:102598000000000000000000000000000000000033
:1025A8000000000000000000000000000000000023
:1025B8000000000000000000000000000000000013
:1025C8000000000000000000000000000000000003
:1025D80000000000000000000000000000000000F3
:1025E80000000000000000000000000000000000E3
:1025F80000000000000000000000000000000000D3
:1026080000000000000000000000000000000000C2
:1026180000000000000000000000000000000000B2
:1026280000000000000000000000000000000000A2
:102638000000000000000000000000000000000092
:102648000000000000000000000000000000000082
:102658000000000000000000000000000000000072
:102668000000000000000000000000000000000062
:102678000000000000000000000000000000000052
:102688000000000000000000000000000000000042
:102698000000000000000000000000000000000032
:1026A8000000000000000000000000000000000022
:1026B8000000000000000000000000000000000012
:1026C8000000000000000000000000000000000002
:1026D80000000000000000000000000000000000F2
:1026E80000000000000000000000000000000000E2
:1026F80000000000000000000000000000000000D2
:1027080000000000000000000000000000000000C1
:1027180000000000000000000000000000000000B1
:1027280000000000000000000000000000000000A1
:102738000000000000000000000000000000000091
:102748000000000000000000000000000000000081
:102758000000000000000000000000000000000071
:102768000000000000000000000000000000000061
:102778000000000000000000000000000000000051
:102788000000000000000000000000000000000041
:102798000000000000000000000000000000000031
:1027A8000000000000000000000000000000000021
:1027B8000000000000000000000000000000000011
:1027C8000000000000000000000000000000000001
:1027D80000000000000000000000000000000000F1
:1027E80000000000000000000000000000000000E1
:0827F8000000000000000000D9
:040000056000100087
:00000001FF
