:0200000460009A
:100000004643464200000156000000000101020084
:1000100000000000000000000000000000000000E0
:1000200000000000000000000000000000000000D0
:1000300000000000000000000000000000000000C0
:1000400000000000010406010000000000000000A4
:100050000000800000000000000000000000000020
:100060000000000000000000000000000000000090
:100070000000000000000000000000000000000080
:10008000EB04180AFF1E04320126000000000000E5
:100090000000000000000000000000000000000060
:1000A0000000000000000000000000000000000050
:1000B0000000000000000000000000000000000040
:1000C0000000000000000000000000000000000030
:1000D0000000000000000000000000000000000020
:1000E0000000000000000000000000000000000010
:1000F0000000000000000000000000000000000000
:1001000000000000000000000000000000000000EF
:1001100000000000000000000000000000000000DF
:1001200000000000000000000000000000000000CF
:1001300000000000000000000000000000000000BF
:1001400000000000000000000000000000000000AF
:10015000000000000000000000000000000000009F
:10016000000000000000000000000000000000008F
:10017000000000000000000000000000000000007F
:10018000000000000000000000000000000000006F
:10019000000000000000000000000000000000005F
:1001A000000000000000000000000000000000004F
:1001B000000000000000000000000000000000003F
:1001C000000100000010000001000000000000001D
:1001D000000001000000000000000000000000001E
:1001E000000000000000000000000000000000000F
:1001F00000000000000000000000000000000000FF
:10020000FFFFFFFFFFFFFFFFFFFFFFFFFFFFFFFFFE
:10021000FFFFFFFFFFFFFFFFFFFFFFFFFFFFFFFFEE
:10022000FFFFFFFFFFFFFFFFFFFFFFFFFFFFFFFFDE
:10023000FFFFFFFFFFFFFFFFFFFFFFFFFFFFFFFFCE
:10024000FFFFFFFFFFFFFFFFFFFFFFFFFFFFFFFFBE
:10025000FFFFFFFFFFFFFFFFFFFFFFFFFFFFFFFFAE
:10026000FFFFFFFFFFFFFFFFFFFFFFFFFFFFFFFF9E
:10027000FFFFFFFFFFFFFFFFFFFFFFFFFFFFFFFF8E
:10028000FFFFFFFFFFFFFFFFFFFFFFFFFFFFFFFF7E
:10029000FFFFFFFFFFFFFFFFFFFFFFFFFFFFFFFF6E
:1002A000FFFFFFFFFFFFFFFFFFFFFFFFFFFFFFFF5E
:1002B000FFFFFFFFFFFFFFFFFFFFFFFFFFFFFFFF4E
:1002C000FFFFFFFFFFFFFFFFFFFFFFFFFFFFFFFF3E
:1002D000FFFFFFFFFFFFFFFFFFFFFFFFFFFFFFFF2E
:1002E000FFFFFFFFFFFFFFFFFFFFFFFFFFFFFFFF1E
:1002F000FFFFFFFFFFFFFFFFFFFFFFFFFFFFFFFF0E
:10030000FFFFFFFFFFFFFFFFFFFFFFFFFFFFFFFFFD
:10031000FFFFFFFFFFFFFFFFFFFFFFFFFFFFFFFFED
:10032000FFFFFFFFFFFFFFFFFFFFFFFFFFFFFFFFDD
:10033000FFFFFFFFFFFFFFFFFFFFFFFFFFFFFFFFCD
:10034000FFFFFFFFFFFFFFFFFFFFFFFFFFFFFFFFBD
:10035000FFFFFFFFFFFFFFFFFFFFFFFFFFFFFFFFAD
:10036000FFFFFFFFFFFFFFFFFFFFFFFFFFFFFFFF9D
:10037000FFFFFFFFFFFFFFFFFFFFFFFFFFFFFFFF8D
:10038000FFFFFFFFFFFFFFFFFFFFFFFFFFFFFFFF7D
:10039000FFFFFFFFFFFFFFFFFFFFFFFFFFFFFFFF6D
:1003A000FFFFFFFFFFFFFFFFFFFFFFFFFFFFFFFF5D
:1003B000FFFFFFFFFFFFFFFFFFFFFFFFFFFFFFFF4D
:1003C000FFFFFFFFFFFFFFFFFFFFFFFFFFFFFFFF3D
:1003D000FFFFFFFFFFFFFFFFFFFFFFFFFFFFFFFF2D
:1003E000FFFFFFFFFFFFFFFFFFFFFFFFFFFFFFFF1D
:1003F000FFFFFFFFFFFFFFFFFFFFFFFFFFFFFFFF0D
:10040000FFFFFFFFFFFFFFFFFFFFFFFFFFFFFFFFFC
:10041000FFFFFFFFFFFFFFFFFFFFFFFFFFFFFFFFEC
:10042000FFFFFFFFFFFFFFFFFFFFFFFFFFFFFFFFDC
:10043000FFFFFFFFFFFFFFFFFFFFFFFFFFFFFFFFCC
:10044000FFFFFFFFFFFFFFFFFFFFFFFFFFFFFFFFBC
:10045000FFFFFFFFFFFFFFFFFFFFFFFFFFFFFFFFAC
:10046000FFFFFFFFFFFFFFFFFFFFFFFFFFFFFFFF9C
:10047000FFFFFFFFFFFFFFFFFFFFFFFFFFFFFFFF8C
:10048000FFFFFFFFFFFFFFFFFFFFFFFFFFFFFFFF7C
:10049000FFFFFFFFFFFFFFFFFFFFFFFFFFFFFFFF6C
:1004A000FFFFFFFFFFFFFFFFFFFFFFFFFFFFFFFF5C
:1004B000FFFFFFFFFFFFFFFFFFFFFFFFFFFFFFFF4C
:1004C000FFFFFFFFFFFFFFFFFFFFFFFFFFFFFFFF3C
:1004D000FFFFFFFFFFFFFFFFFFFFFFFFFFFFFFFF2C
:1004E000FFFFFFFFFFFFFFFFFFFFFFFFFFFFFFFF1C
:1004F000FFFFFFFFFFFFFFFFFFFFFFFFFFFFFFFF0C
:10050000FFFFFFFFFFFFFFFFFFFFFFFFFFFFFFFFFB
:10051000FFFFFFFFFFFFFFFFFFFFFFFFFFFFFFFFEB
:10052000FFFFFFFFFFFFFFFFFFFFFFFFFFFFFFFFDB
:10053000FFFFFFFFFFFFFFFFFFFFFFFFFFFFFFFFCB
:10054000FFFFFFFFFFFFFFFFFFFFFFFFFFFFFFFFBB
:10055000FFFFFFFFFFFFFFFFFFFFFFFFFFFFFFFFAB
:10056000FFFFFFFFFFFFFFFFFFFFFFFFFFFFFFFF9B
:10057000FFFFFFFFFFFFFFFFFFFFFFFFFFFFFFFF8B
:10058000FFFFFFFFFFFFFFFFFFFFFFFFFFFFFFFF7B
:10059000FFFFFFFFFFFFFFFFFFFFFFFFFFFFFFFF6B
:1005A000FFFFFFFFFFFFFFFFFFFFFFFFFFFFFFFF5B
:1005B000FFFFFFFFFFFFFFFFFFFFFFFFFFFFFFFF4B
:1005C000FFFFFFFFFFFFFFFFFFFFFFFFFFFFFFFF3B
:1005D000FFFFFFFFFFFFFFFFFFFFFFFFFFFFFFFF2B
:1005E000FFFFFFFFFFFFFFFFFFFFFFFFFFFFFFFF1B
:1005F000FFFFFFFFFFFFFFFFFFFFFFFFFFFFFFFF0B
:10060000FFFFFFFFFFFFFFFFFFFFFFFFFFFFFFFFFA
:10061000FFFFFFFFFFFFFFFFFFFFFFFFFFFFFFFFEA
:10062000FFFFFFFFFFFFFFFFFFFFFFFFFFFFFFFFDA
:10063000FFFFFFFFFFFFFFFFFFFFFFFFFFFFFFFFCA
:10064000FFFFFFFFFFFFFFFFFFFFFFFFFFFFFFFFBA
:10065000FFFFFFFFFFFFFFFFFFFFFFFFFFFFFFFFAA
:10066000FFFFFFFFFFFFFFFFFFFFFFFFFFFFFFFF9A
:10067000FFFFFFFFFFFFFFFFFFFFFFFFFFFFFFFF8A
:10068000FFFFFFFFFFFFFFFFFFFFFFFFFFFFFFFF7A
:10069000FFFFFFFFFFFFFFFFFFFFFFFFFFFFFFFF6A
:1006A000FFFFFFFFFFFFFFFFFFFFFFFFFFFFFFFF5A
:1006B000FFFFFFFFFFFFFFFFFFFFFFFFFFFFFFFF4A
:1006C000FFFFFFFFFFFFFFFFFFFFFFFFFFFFFFFF3A
:1006D000FFFFFFFFFFFFFFFFFFFFFFFFFFFFFFFF2A
:1006E000FFFFFFFFFFFFFFFFFFFFFFFFFFFFFFFF1A
:1006F000FFFFFFFFFFFFFFFFFFFFFFFFFFFFFFFF0A
:10070000FFFFFFFFFFFFFFFFFFFFFFFFFFFFFFFFF9
:10071000FFFFFFFFFFFFFFFFFFFFFFFFFFFFFFFFE9
:10072000FFFFFFFFFFFFFFFFFFFFFFFFFFFFFFFFD9
:10073000FFFFFFFFFFFFFFFFFFFFFFFFFFFFFFFFC9
:10074000FFFFFFFFFFFFFFFFFFFFFFFFFFFFFFFFB9
:10075000FFFFFFFFFFFFFFFFFFFFFFFFFFFFFFFFA9
:10076000FFFFFFFFFFFFFFFFFFFFFFFFFFFFFFFF99
:10077000FFFFFFFFFFFFFFFFFFFFFFFFFFFFFFFF89
:10078000FFFFFFFFFFFFFFFFFFFFFFFFFFFFFFFF79
:10079000FFFFFFFFFFFFFFFFFFFFFFFFFFFFFFFF69
:1007A000FFFFFFFFFFFFFFFFFFFFFFFFFFFFFFFF59
:1007B000FFFFFFFFFFFFFFFFFFFFFFFFFFFFFFFF49
:1007C000FFFFFFFFFFFFFFFFFFFFFFFFFFFFFFFF39
:1007D000FFFFFFFFFFFFFFFFFFFFFFFFFFFFFFFF29
:1007E000FFFFFFFFFFFFFFFFFFFFFFFFFFFFFFFF19
:1007F000FFFFFFFFFFFFFFFFFFFFFFFFFFFFFFFF09
:10080000FFFFFFFFFFFFFFFFFFFFFFFFFFFFFFFFF8
:10081000FFFFFFFFFFFFFFFFFFFFFFFFFFFFFFFFE8
:10082000FFFFFFFFFFFFFFFFFFFFFFFFFFFFFFFFD8
:10083000FFFFFFFFFFFFFFFFFFFFFFFFFFFFFFFFC8
:10084000FFFFFFFFFFFFFFFFFFFFFFFFFFFFFFFFB8
:10085000FFFFFFFFFFFFFFFFFFFFFFFFFFFFFFFFA8
:10086000FFFFFFFFFFFFFFFFFFFFFFFFFFFFFFFF98
:10087000FFFFFFFFFFFFFFFFFFFFFFFFFFFFFFFF88
:10088000FFFFFFFFFFFFFFFFFFFFFFFFFFFFFFFF78
:10089000FFFFFFFFFFFFFFFFFFFFFFFFFFFFFFFF68
:1008A000FFFFFFFFFFFFFFFFFFFFFFFFFFFFFFFF58
:1008B000FFFFFFFFFFFFFFFFFFFFFFFFFFFFFFFF48
:1008C000FFFFFFFFFFFFFFFFFFFFFFFFFFFFFFFF38
:1008D000FFFFFFFFFFFFFFFFFFFFFFFFFFFFFFFF28
:1008E000FFFFFFFFFFFFFFFFFFFFFFFFFFFFFFFF18
:1008F000FFFFFFFFFFFFFFFFFFFFFFFFFFFFFFFF08
:10090000FFFFFFFFFFFFFFFFFFFFFFFFFFFFFFFFF7
:10091000FFFFFFFFFFFFFFFFFFFFFFFFFFFFFFFFE7
:10092000FFFFFFFFFFFFFFFFFFFFFFFFFFFFFFFFD7
:10093000FFFFFFFFFFFFFFFFFFFFFFFFFFFFFFFFC7
:10094000FFFFFFFFFFFFFFFFFFFFFFFFFFFFFFFFB7
:10095000FFFFFFFFFFFFFFFFFFFFFFFFFFFFFFFFA7
:10096000FFFFFFFFFFFFFFFFFFFFFFFFFFFFFFFF97
:10097000FFFFFFFFFFFFFFFFFFFFFFFFFFFFFFFF87
:10098000FFFFFFFFFFFFFFFFFFFFFFFFFFFFFFFF77
:10099000FFFFFFFFFFFFFFFFFFFFFFFFFFFFFFFF67
:1009A000FFFFFFFFFFFFFFFFFFFFFFFFFFFFFFFF57
:1009B000FFFFFFFFFFFFFFFFFFFFFFFFFFFFFFFF47
:1009C000FFFFFFFFFFFFFFFFFFFFFFFFFFFFFFFF37
:1009D000FFFFFFFFFFFFFFFFFFFFFFFFFFFFFFFF27
:1009E000FFFFFFFFFFFFFFFFFFFFFFFFFFFFFFFF17
:1009F000FFFFFFFFFFFFFFFFFFFFFFFFFFFFFFFF07
:100A0000FFFFFFFFFFFFFFFFFFFFFFFFFFFFFFFFF6
:100A1000FFFFFFFFFFFFFFFFFFFFFFFFFFFFFFFFE6
:100A2000FFFFFFFFFFFFFFFFFFFFFFFFFFFFFFFFD6
:100A3000FFFFFFFFFFFFFFFFFFFFFFFFFFFFFFFFC6
:100A4000FFFFFFFFFFFFFFFFFFFFFFFFFFFFFFFFB6
:100A5000FFFFFFFFFFFFFFFFFFFFFFFFFFFFFFFFA6
:100A6000FFFFFFFFFFFFFFFFFFFFFFFFFFFFFFFF96
:100A7000FFFFFFFFFFFFFFFFFFFFFFFFFFFFFFFF86
:100A8000FFFFFFFFFFFFFFFFFFFFFFFFFFFFFFFF76
:100A9000FFFFFFFFFFFFFFFFFFFFFFFFFFFFFFFF66
:100AA000FFFFFFFFFFFFFFFFFFFFFFFFFFFFFFFF56
:100AB000FFFFFFFFFFFFFFFFFFFFFFFFFFFFFFFF46
:100AC000FFFFFFFFFFFFFFFFFFFFFFFFFFFFFFFF36
:100AD000FFFFFFFFFFFFFFFFFFFFFFFFFFFFFFFF26
:100AE000FFFFFFFFFFFFFFFFFFFFFFFFFFFFFFFF16
:100AF000FFFFFFFFFFFFFFFFFFFFFFFFFFFFFFFF06
:100B0000FFFFFFFFFFFFFFFFFFFFFFFFFFFFFFFFF5
:100B1000FFFFFFFFFFFFFFFFFFFFFFFFFFFFFFFFE5
:100B2000FFFFFFFFFFFFFFFFFFFFFFFFFFFFFFFFD5
:100B3000FFFFFFFFFFFFFFFFFFFFFFFFFFFFFFFFC5
:100B4000FFFFFFFFFFFFFFFFFFFFFFFFFFFFFFFFB5
:100B5000FFFFFFFFFFFFFFFFFFFFFFFFFFFFFFFFA5
:100B6000FFFFFFFFFFFFFFFFFFFFFFFFFFFFFFFF95
:100B7000FFFFFFFFFFFFFFFFFFFFFFFFFFFFFFFF85
:100B8000FFFFFFFFFFFFFFFFFFFFFFFFFFFFFFFF75
:100B9000FFFFFFFFFFFFFFFFFFFFFFFFFFFFFFFF65
:100BA000FFFFFFFFFFFFFFFFFFFFFFFFFFFFFFFF55
:100BB000FFFFFFFFFFFFFFFFFFFFFFFFFFFFFFFF45
:100BC000FFFFFFFFFFFFFFFFFFFFFFFFFFFFFFFF35
:100BD000FFFFFFFFFFFFFFFFFFFFFFFFFFFFFFFF25
:100BE000FFFFFFFFFFFFFFFFFFFFFFFFFFFFFFFF15
:100BF000FFFFFFFFFFFFFFFFFFFFFFFFFFFFFFFF05
:100C0000FFFFFFFFFFFFFFFFFFFFFFFFFFFFFFFFF4
:100C1000FFFFFFFFFFFFFFFFFFFFFFFFFFFFFFFFE4
:100C2000FFFFFFFFFFFFFFFFFFFFFFFFFFFFFFFFD4
:100C3000FFFFFFFFFFFFFFFFFFFFFFFFFFFFFFFFC4
:100C4000FFFFFFFFFFFFFFFFFFFFFFFFFFFFFFFFB4
:100C5000FFFFFFFFFFFFFFFFFFFFFFFFFFFFFFFFA4
:100C6000FFFFFFFFFFFFFFFFFFFFFFFFFFFFFFFF94
:100C7000FFFFFFFFFFFFFFFFFFFFFFFFFFFFFFFF84
:100C8000FFFFFFFFFFFFFFFFFFFFFFFFFFFFFFFF74
:100C9000FFFFFFFFFFFFFFFFFFFFFFFFFFFFFFFF64
:100CA000FFFFFFFFFFFFFFFFFFFFFFFFFFFFFFFF54
:100CB000FFFFFFFFFFFFFFFFFFFFFFFFFFFFFFFF44
:100CC000FFFFFFFFFFFFFFFFFFFFFFFFFFFFFFFF34
:100CD000FFFFFFFFFFFFFFFFFFFFFFFFFFFFFFFF24
:100CE000FFFFFFFFFFFFFFFFFFFFFFFFFFFFFFFF14
:100CF000FFFFFFFFFFFFFFFFFFFFFFFFFFFFFFFF04
:100D0000FFFFFFFFFFFFFFFFFFFFFFFFFFFFFFFFF3
:100D1000FFFFFFFFFFFFFFFFFFFFFFFFFFFFFFFFE3
:100D2000FFFFFFFFFFFFFFFFFFFFFFFFFFFFFFFFD3
:100D3000FFFFFFFFFFFFFFFFFFFFFFFFFFFFFFFFC3
:100D4000FFFFFFFFFFFFFFFFFFFFFFFFFFFFFFFFB3
:100D5000FFFFFFFFFFFFFFFFFFFFFFFFFFFFFFFFA3
:100D6000FFFFFFFFFFFFFFFFFFFFFFFFFFFFFFFF93
:100D7000FFFFFFFFFFFFFFFFFFFFFFFFFFFFFFFF83
:100D8000FFFFFFFFFFFFFFFFFFFFFFFFFFFFFFFF73
:100D9000FFFFFFFFFFFFFFFFFFFFFFFFFFFFFFFF63
:100DA000FFFFFFFFFFFFFFFFFFFFFFFFFFFFFFFF53
:100DB000FFFFFFFFFFFFFFFFFFFFFFFFFFFFFFFF43
:100DC000FFFFFFFFFFFFFFFFFFFFFFFFFFFFFFFF33
:100DD000FFFFFFFFFFFFFFFFFFFFFFFFFFFFFFFF23
:100DE000FFFFFFFFFFFFFFFFFFFFFFFFFFFFFFFF13
:100DF000FFFFFFFFFFFFFFFFFFFFFFFFFFFFFFFF03
:100E0000FFFFFFFFFFFFFFFFFFFFFFFFFFFFFFFFF2
:100E1000FFFFFFFFFFFFFFFFFFFFFFFFFFFFFFFFE2
:100E2000FFFFFFFFFFFFFFFFFFFFFFFFFFFFFFFFD2
:100E3000FFFFFFFFFFFFFFFFFFFFFFFFFFFFFFFFC2
:100E4000FFFFFFFFFFFFFFFFFFFFFFFFFFFFFFFFB2
:100E5000FFFFFFFFFFFFFFFFFFFFFFFFFFFFFFFFA2
:100E6000FFFFFFFFFFFFFFFFFFFFFFFFFFFFFFFF92
:100E7000FFFFFFFFFFFFFFFFFFFFFFFFFFFFFFFF82
:100E8000FFFFFFFFFFFFFFFFFFFFFFFFFFFFFFFF72
:100E9000FFFFFFFFFFFFFFFFFFFFFFFFFFFFFFFF62
:100EA000FFFFFFFFFFFFFFFFFFFFFFFFFFFFFFFF52
:100EB000FFFFFFFFFFFFFFFFFFFFFFFFFFFFFFFF42
:100EC000FFFFFFFFFFFFFFFFFFFFFFFFFFFFFFFF32
:100ED000FFFFFFFFFFFFFFFFFFFFFFFFFFFFFFFF22
:100EE000FFFFFFFFFFFFFFFFFFFFFFFFFFFFFFFF12
:100EF000FFFFFFFFFFFFFFFFFFFFFFFFFFFFFFFF02
:100F0000FFFFFFFFFFFFFFFFFFFFFFFFFFFFFFFFF1
:100F1000FFFFFFFFFFFFFFFFFFFFFFFFFFFFFFFFE1
:100F2000FFFFFFFFFFFFFFFFFFFFFFFFFFFFFFFFD1
:100F3000FFFFFFFFFFFFFFFFFFFFFFFFFFFFFFFFC1
:100F4000FFFFFFFFFFFFFFFFFFFFFFFFFFFFFFFFB1
:100F5000FFFFFFFFFFFFFFFFFFFFFFFFFFFFFFFFA1
:100F6000FFFFFFFFFFFFFFFFFFFFFFFFFFFFFFFF91
:100F7000FFFFFFFFFFFFFFFFFFFFFFFFFFFFFFFF81
:100F8000FFFFFFFFFFFFFFFFFFFFFFFFFFFFFFFF71
:100F9000FFFFFFFFFFFFFFFFFFFFFFFFFFFFFFFF61
:100FA000FFFFFFFFFFFFFFFFFFFFFFFFFFFFFFFF51
:100FB000FFFFFFFFFFFFFFFFFFFFFFFFFFFFFFFF41
:100FC000FFFFFFFFFFFFFFFFFFFFFFFFFFFFFFFF31
:100FD000FFFFFFFFFFFFFFFFFFFFFFFFFFFFFFFF21
:100FE000FFFFFFFFFFFFFFFFFFFFFFFFFFFFFFFF11
:100FF000FFFFFFFFFFFFFFFFFFFFFFFFFFFFFFFF01
:10100000D1002043F1150060000000000000000046
:101010002010006000100060005805600000000013
:10102000000000600064050000000000FFFFFFFFFB
:10103000FFFFFFFFFFFFFFFFFFFFFFFFFFFFFFFFC0
:10104000FFFFFFFFFFFFFFFFFFFFFFFFFFFFFFFFB0
:10105000FFFFFFFFFFFFFFFFFFFFFFFFFFFFFFFFA0
:10106000FFFFFFFFFFFFFFFFFFFFFFFFFFFFFFFF90
:10107000FFFFFFFFFFFFFFFFFFFFFFFFFFFFFFFF80
:10108000FFFFFFFFFFFFFFFFFFFFFFFFFFFFFFFF70
:10109000FFFFFFFFFFFFFFFFFFFFFFFFFFFFFFFF60
:1010A000FFFFFFFFFFFFFFFFFFFFFFFFFFFFFFFF50
:1010B000FFFFFFFFFFFFFFFFFFFFFFFFFFFFFFFF40
:1010C000FFFFFFFFFFFFFFFFFFFFFFFFFFFFFFFF30
:1010D000FFFFFFFFFFFFFFFFFFFFFFFFFFFFFFFF20
:1010E000FFFFFFFFFFFFFFFFFFFFFFFFFFFFFFFF10
:1010F000FFFFFFFFFFFFFFFFFFFFFFFFFFFFFFFF00
:10110000FFFFFFFFFFFFFFFFFFFFFFFFFFFFFFFFEF
:10111000FFFFFFFFFFFFFFFFFFFFFFFFFFFFFFFFDF
:10112000FFFFFFFFFFFFFFFFFFFFFFFFFFFFFFFFCF
:10113000FFFFFFFFFFFFFFFFFFFFFFFFFFFFFFFFBF
:10114000FFFFFFFFFFFFFFFFFFFFFFFFFFFFFFFFAF
:10115000FFFFFFFFFFFFFFFFFFFFFFFFFFFFFFFF9F
:10116000FFFFFFFFFFFFFFFFFFFFFFFFFFFFFFFF8F
:10117000FFFFFFFFFFFFFFFFFFFFFFFFFFFFFFFF7F
:10118000FFFFFFFFFFFFFFFFFFFFFFFFFFFFFFFF6F
:10119000FFFFFFFFFFFFFFFFFFFFFFFFFFFFFFFF5F
:1011A000FFFFFFFFFFFFFFFFFFFFFFFFFFFFFFFF4F
:1011B000FFFFFFFFFFFFFFFFFFFFFFFFFFFFFFFF3F
:1011C000FFFFFFFFFFFFFFFFFFFFFFFFFFFFFFFF2F
:1011D000FFFFFFFFFFFFFFFFFFFFFFFFFFFFFFFF1F
:1011E000FFFFFFFFFFFFFFFFFFFFFFFFFFFFFFFF0F
:1011F000FFFFFFFFFFFFFFFFFFFFFFFFFFFFFFFFFF
:10120000FFFFFFFFFFFFFFFFFFFFFFFFFFFFFFFFEE
:10121000FFFFFFFFFFFFFFFFFFFFFFFFFFFFFFFFDE
:10122000FFFFFFFFFFFFFFFFFFFFFFFFFFFFFFFFCE
:10123000FFFFFFFFFFFFFFFFFFFFFFFFFFFFFFFFBE
:10124000FFFFFFFFFFFFFFFFFFFFFFFFFFFFFFFFAE
:10125000FFFFFFFFFFFFFFFFFFFFFFFFFFFFFFFF9E
:10126000FFFFFFFFFFFFFFFFFFFFFFFFFFFFFFFF8E
:10127000FFFFFFFFFFFFFFFFFFFFFFFFFFFFFFFF7E
:10128000FFFFFFFFFFFFFFFFFFFFFFFFFFFFFFFF6E
:10129000FFFFFFFFFFFFFFFFFFFFFFFFFFFFFFFF5E
:1012A000FFFFFFFFFFFFFFFFFFFFFFFFFFFFFFFF4E
:1012B000FFFFFFFFFFFFFFFFFFFFFFFFFFFFFFFF3E
:1012C000FFFFFFFFFFFFFFFFFFFFFFFFFFFFFFFF2E
:1012D000FFFFFFFFFFFFFFFFFFFFFFFFFFFFFFFF1E
:1012E000FFFFFFFFFFFFFFFFFFFFFFFFFFFFFFFF0E
:1012F000FFFFFFFFFFFFFFFFFFFFFFFFFFFFFFFFFE
:10130000FFFFFFFFFFFFFFFFFFFFFFFFFFFFFFFFED
:10131000FFFFFFFFFFFFFFFFFFFFFFFFFFFFFFFFDD
:10132000FFFFFFFFFFFFFFFFFFFFFFFFFFFFFFFFCD
:10133000FFFFFFFFFFFFFFFFFFFFFFFFFFFFFFFFBD
:10134000FFFFFFFFFFFFFFFFFFFFFFFFFFFFFFFFAD
:10135000FFFFFFFFFFFFFFFFFFFFFFFFFFFFFFFF9D
:10136000FFFFFFFFFFFFFFFFFFFFFFFFFFFFFFFF8D
:10137000FFFFFFFFFFFFFFFFFFFFFFFFFFFFFFFF7D
:10138000FFFFFFFFFFFFFFFFFFFFFFFFFFFFFFFF6D
:10139000FFFFFFFFFFFFFFFFFFFFFFFFFFFFFFFF5D
:1013A000FFFFFFFFFFFFFFFFFFFFFFFFFFFFFFFF4D
:1013B000FFFFFFFFFFFFFFFFFFFFFFFFFFFFFFFF3D
:1013C000FFFFFFFFFFFFFFFFFFFFFFFFFFFFFFFF2D
:1013D000FFFFFFFFFFFFFFFFFFFFFFFFFFFFFFFF1D
:1013E000FFFFFFFFFFFFFFFFFFFFFFFFFFFFFFFF0D
:1013F000FFFFFFFFFFFFFFFFFFFFFFFFFFFFFFFFFD
:10140000824205D051F8043B40F8043B8242F9D8AF
:10141000704700BF044A05494FF0000342F8043BFF
:101420009142FBD8704700BFC04E0120A08403202A
:1014300008B5BFF34F8F01F0B3F9544C544B08205B
:101440005449C3F85401544AC3F800115348C3F82F
:10145000F0405349FFF7D4FF524A53495348FFF72E
:10146000CFFF534CFFF7D6FF4FF470004FF0E02151
:101470000023504AC1F8880D44F823200133B02BD3
:10148000FAD14D4B80214D4A03F8011B9342FBD109
:101490004FF0E0254A4E4B4A4FF0FF31C5F8084D5A
:1014A000D5F8243D43F4E023C5F8243DF36923F047
:1014B0007F0343F04003F361736A23F07F0343F03B
:1014C000400373629166D1661167516701F070F94C
:1014D0003D4A3E4BA2636322E36300246A61032317
:1014E0003B4AAC612B61C5F8202DD5F8FC2D394B5A
:1014F00042F080723849C5F8FC2D1A6842F00102AA
:101500001A605B680B6001F023FB344801F0C4FCF7
:10151000F16E334B334A41F44051F1661C60C3F81D
:101520000841C3F81841C3F82841C3F83841936B08
:10153000DB0708D442F615632B4951651365936B9D
:1015400043F001039363274A284C936843F0011347
:10155000936001F0BBF901F0A3F801F06DFC01F01C
:1015600029FB01F01FF92368132BFCD901F0BEFB06
:101570002368B3F5967FFBD301F018F901F014F955
:1015800001F08EFC01F080FC30BFFDE70C0D111363
:1015900000800D401B101820A8D60300000000009A
:1015A00058320060C04E0120040904600000002091
:1015B000004C01205DF5020000E400E0A0E400E042
:1015C00000C00F4000C00A4041E5020039E60200B9
:1015D00000002020001000E0C88303200046C32341
:1015E0000040084000400D400000C056CC8303205E
:1015F000054B4FF42A01054A05485A641864054A08
:1016000099639546FFF714FF00C00A40FFFFAAAA9E
:10161000070020000000042010B5002104461C4BE8
:101620004FF0FF3021811A682175C4F81B20F02289
:10163000C4F81510A4F81910C4E903015868C4F8D7
:101640001F009868DB68C4F8230004F12B00C4F87D
:101650002730C4E9001101F013FC00210123A4F894
:101660002411A4F8263184F82811C4E94711C4E9EB
:101670004B11C4E94D11C4E94F11C4E95111C4E93A
:101680005311C4E9551101F0DFFB204610BD00BF26
:101690000C74002010B5044601F006FCD4F8543157
:1016A00023B104F5A671032208469847D4F84431C3
:1016B00023B104F59E71032208469847D4F83431CB
:1016C00023B104F59671032208469847204610BDC1
:1016D00070B5044601F01CFC0F4B05681A782AB956
:1016E00001F016FC034620461D6070BD206801F025
:1016F000E7FB0022084B22601A7022710028EFD00D
:1017000001F09EFB064601F003FC066001F000FCC0
:10171000034620461D6070BD3B84032070B5754CA8
:10172000236833F0020300D070BD73494FF4803555
:10173000724A4CF20F00CB6E43F44063CB664FF419
:1017400080536F49C2F8E450C2F8E800C2F8E410D0
:10175000C2F8E830D2F8E030002BFBDA69494FF4E8
:101760008030694B4FF23805C2F8E80038204A68EB
:101770004FF4804622F400524A604A6842F4020262
:101780004A6043F238020521C3F87C23C3F884235E
:10179000C3F880535D4DC3F89823C3F86803C3F8BA
:1017A00064034FF62900C3F87811C3F874114FF49D
:1017B00000416A6842F440426A600022C5F888101D
:1017C000C5F88460C3F8A8034BF2E900C3F8A4038A
:1017D0003120C3F8B821C3F8B421D3F8302422F063
:1017E000030242F00202C3F83024C3F89403162027
:1017F000474AC3F8A4013220536C23F07E0343F020
:1018000012035364C5F8841001F06AFB4149424A4F
:10181000C5F88860414B48681268A3FB0232920CFD
:1018200002EB820202EB82024B681B1A9342FBD34B
:10183000364B4FF480420220C3F8842001F050FB65
:10184000334B4FF40001364A59601A645A6810024B
:10185000FCD51A6C4FF4000192B25960B2F5005FEA
:1018600011D130482A4A5960186453681902FCD5CE
:10187000136C4AF240104FF4000123F00F03516043
:101880009BB283421ED0DFF884C04FF480361D48DF
:101890004FF0010EDCF80430184923F44043164A97
:1018A000214DCCF80430436823F400334360C1F881
:1018B000E460C1F8E050D36E23F44063D366C4F80B
:1018C00000E070BD1948124B516010645A68120252
:1018D000FCD54FF4000116480D4A59605960186450
:1018E00053681B02FCD54FF40001032351602360B1
:1018F00070BD00BFA46C032000C00F4000800D40ED
:101900000120200000C00A4000801F40004000422B
:1019100000802D40001000E0B8BF002083DE1B4394
:1019200000000A6000000E60011001008002625099
:1019300081005E504FF0013340F2011203604360BA
:101940000281704710B5794C2368042B00F0EB80BE
:10195000FFF7E4FE2268032A01D0002010BD744B7B
:101960004BF2E9017348C3F87C13C3F88013C3F842
:101970008413C3F89813C3F88813C3F88C13C3F8FF
:101980009013C3F88C21C3F89021C3F8A821C3F8A1
:101990009421C3F8A021C3F89821C3F89C214FF4E7
:1019A0008062D3F82C1441F00101C3F82C14D3F851
:1019B000341441F00101C3F83414D3F8381441F061
:1019C0000101C3F83814D3F83C1441F00101C3F805
:1019D0003C14D3F8401441F00101C3F84014002135
:1019E00001F04EFAA0220021534801F049FA534970
:1019F0000346534A4F481360086000F5806C034665
:101A0000504A4FF4004080215A60203323F81E0CC6
:101A100002F5C06223F8161C6345F5D145494FF421
:101A20008060DFF814E1B1F8E233474A0EF1A00C10
:101A300043F40053A1F8E23373464FF4B0415A60C7
:101A4000203323F81E0C02F5C06223F8161C6345F0
:101A5000F5D1BEF8821000223C4B41F400519A604F
:101A6000AEF882103A49C3F884104FF48271C3F87B
:101A7000C4101921C3F8C011C721C3F8C411D3F889
:101A8000441141F48071C3F844112A49C3F89021EC
:101A9000C3F880114FF4C061C3F884E1C3F8881122
:101AA0001421C3F80021C3F8F020C3F8EC10C3F8E8
:101AB0009421586E274940F000405866C3F8182119
:101AC000C3F81C21C3F82021C3F824219A681140CF
:101AD000214A41F00071996090682049D0F80802CD
:101AE000926808601E49C2F80812BFF34F8F1D4A62
:101AF0004FF48021D1601C484FF001011B4A58600F
:101B0000BFF35B8FD2E84F0FC2E84C1FBCF1000F50
:101B1000F8D14FF0807216480421BFF35B8F5862F2
:101B20001A615A612160012010BD00BFA46C03201E
:101B300000801F40C04E0120C052012054430120AC
:101B400058430120404220204024202000802D4086
:101B500024D1F2450080FF7D00ED00E0A06C032061
:101B6000D509020000E100E00080FF7FA86C03209F
:101B70001201007010B40023044C05480549064AC0
:101B8000236003600B60136010BC7047AC6C0320D3
:101B9000B06C0320B46C0320B86C0320F8B1114A78
:101BA00040F2DC5138B504460F4B10480025A186A1
:101BB00025630F49C4E904209A88186843F6062370
:101BC0006287A387C4F83600204601F049F9204611
:101BD000084901F08DF9084B2846636438BD6FF061
:101BE0000F0070474D570200FC6B0320DD240200FC
:101BF000046C0320846C0320ED24020070B584B0D3
:101C00000E4604460192FFF79DFE019A002838D047
:101C100012B11046FFF78EFE002C47D0334B1A78D6
:101C2000154642BB06222146314801F031F968BB16
:101C3000204601F01DF9B0B12D4801F045F90446E8
:101C400088B12C4B1B781D46002B34D0284A2A4BD8
:101C5000106891880622C3F83600598783F83C2023
:101C6000204604B070BD01F053F90E230360002438
:101C7000204604B070BD01F0EFF800221B4B1A7033
:101C8000D6E701F045F913230360F0E7194B1A7802
:101C9000002ACDD0284601F00BF9174801F018F9B9
:101CA000164801F0E9F8134B1D70C1E702A802AC19
:101CB00001F026F9B2E73146104801F025F9104B42
:101CC000104A29460C4801F027F930B10A4801F0C2
:101CD000EFF80123074A1370C2E7084801F0CCF877
:101CE00001F016F973230360C1E700BF35480120F6
:101CF000FC6B032039840320386C0320F46B032031
:101D0000A9CB02009D1B00600D490E4A087808B55A
:101D100000231360938018B9BDE80840FFF72ABF7D
:101D2000184601F0C5F8084801F0D2F8074801F05C
:101D3000A3F8002302490B70BDE80840FFF71ABF63
:101D400039840320FC6B0320386C0320F46B0320E0
:101D50003748384BD0F88020DFF8FCC042F44052BE
:101D6000354900B5C0F88020344AC3F800C0344873
:101D70005A60344A1862DFF8E4C05A623248334A83
:101D8000C3F828C0DA6246F62012186359639963D3
:101D900040F6A311D868DFF8C8E000F07F40DFF814
:101DA000C4C0024340F6C410DA609A686FF30F02B1
:101DB0001143274A9960D9696FF3150141F4C8416D
:101DC000D96199696FF3150141F4C8619961196886
:101DD00021F486511960196801EA0E0EC3F800E07B
:101DE0004FF0000E19680A401A4942F002021A60C8
:101DF0005A696FF3090242F03F025A611A6992B2BE
:101E000042F048621A611A696FF30F0210431861B9
:101E1000D3F8A02022F00202C3F8A0201A6802EA38
:101E20000C0CC3F800C0DA6F1B6CC1F800E000BDF9
:101E300000C00F4000C00C402F002E002200010007
:101E400068050C019501B2004B0040007D00580070
:101E5000BCEFFFFFEC6B032040100100DC007A00B8
:101E6000B3EFFFFFBFEFFEFF084A094B11680B40BD
:101E700043F48033136013689B04FCD5054AD2F801
:101E8000803023F44053C2F88030704700C00C40CB
:101E9000BFEFFEFF00C00F40214B002010B4C3E98C
:101EA0002000C3E92200C3E92400C3E92600C3F8E7
:101EB000A800BFF34F8F4FF0E0231A491A4AC3F826
:101EC000701FC3F8702FBFF34F8FBFF36F8F174B87
:101ED0000146174C0122D3F808C004F6DC74C3F89D
:101EE00008C01863134B44F81C0C184602330088D2
:101EF000A34212FA80F21144F7D192B20C4B42EA9B
:101F00000142C3F8DC2FBFF34F8F4FF0E023094AA3
:101F1000C3F8682FBFF34F8FBFF36F8F10BC7047AC
:101F200000FF272080FF2720A0FF272000800F40F0
:101F300000F02720C0FF2720994BD3F880300B2BCF
:101F40002DE9F0410D4682B040F0F8804FF0FF31AE
:101F50009448954B954E026820240430514041F33B
:101F60000002013C02EA030282EA5101F7D1B042C9
:101F7000F1D1DFF82C82D8F8A830994240F0DE8009
:101F80002B680C228A4928465B689847284600F04F
:101F90005FFF2A68D8F8A41028465268854BCDE91F
:101FA0000012A3FB012784497F09A3FB07232622F4
:101FB0005E09019BC8F8A460984780490A22284618
:101FC000A1FB06312346090901EB4101A6EBC10142
:101FD00000F04AFF2B68C6EB061601225B68284614
:101FE000774998472346A7EB86010A222846C7EB84
:101FF000071700F039FF2B68012271495B682846FA
:102000009847009923460A22A1EB8701284600F051
:102010002BFF284600F01CFF2B68242269495B68CF
:102020002846984723461022D8F89810284600F0F2
:102030001BFF284600F00CFFD8F888602B68002EA4
:1020400040F05781564ED6F88C40002C40F07A81F3
:1020500022225B685C4928469847514B022128465A
:1020600093ED280AB7EEC00A00F03EFF2B68042269
:1020700056495B6828469847284600F0E9FE2B68D9
:102080001D2253495B6828469847524A524800230C
:1020900011680A22A0FB01012846890C00F0E4FE29
:1020A0002B6803224D495B6828469847284600F074
:1020B000CFFE4B4B9C68A2070DD5196B494A2B6884
:1020C00091425B6800F03681402247492846984794
:1020D000284600F0BDFE670700F19680260700F154
:1020E0009F80E00600F1A880A10600F1B1806206A1
:1020F00000F1BA80230600F1C38014F4807440F02C
:10210000CC80274BD3F8C06096B1D3F8DC700122A5
:10211000C0333648194602330988834212FA81F2E5
:102120001444F7D193B243EA04439F4200F0238161
:10213000FFF7B2FE012002B0BDE8F0812B68172244
:102140002B4928465B689847284600F081FE2B689B
:10215000482228495B6828469847284600F078FEC0
:102160002B68492224495B6828469847284600F096
:102170006FFE2B68242221495B6828469847284631
:1021800000F066FE2B6847221D495B682846984789
:10219000284600F05DFE2B683F221A4983E700BF06
:1021A00000FF272080FF27202083B8EDA8FF2720ED
:1021B000A898002089888888B8980020ABAAAAAA85
:1021C000B0660020E0980020689D00208C9D0020D3
:1021D000949D0020B8BF002083DE1B43B49D0020E7
:1021E00000800F40F100AD0B649F0020DCFF272032
:1021F000B89D0020D09D00201C9E0020689E0020DD
:10220000909E0020D89E00202B6827229C492846BB
:102210005B689847284600F01BFE26077FF561AFF4
:102220002B682A22974928465B689847284600F081
:102230000FFEE0067FF558AF2B682622924928460C
:102240005B689847284600F003FEA1067FF54FAF74
:102250002B6829228D4928465B689847284600F05C
:10226000F7FD62067FF546AF2B6821228849284694
:102270005B689847284600F0EBFD23067FF53DAFED
:102280002B682122834928465B689847284600F03E
:10229000DFFD14F480743FF434AF2B6829227E49AB
:1022A00028465B689847284600F0D2FD7B4928689D
:1022B00021228B684468284623F480738B60784918
:1022C000A047284600F0C4FD2B68422275495B6890
:1022D00028469847284600F0BBFD734A734B0721F8
:1022E0001964936B43F040039363BFF34F8F30BF88
:1022F000FDE75B6808226E4928469847234610226E
:10230000D8F88810284600F0AFFD284600F0A0FD60
:102310002B68F7075C686ED4B00700F14D81310778
:1023200000F14181F20600F15381B7066BD52A22F4
:10233000604962E04822604928469847284600F0F4
:1023400087FDC8E65B6808225C4928469847002359
:10235000D6F88C101022284600F086FD284600F0A2
:1023600077FD2B68A0075E6863D461007FF570AECF
:102370001B2253495FE0002406E0062F3C463FF451
:10238000D7AE504BD3F8C0604FF0010808FA04F301
:1023900004EB08073342F0D02B680E224A49284646
:1023A0005B6898473946284600F096FD2B68052261
:1023B00046495B6828469847454B0A22284603EB66
:1023C00084040023616800F04FFD2B68042241491A
:1023D0005B6828469847616800231022284600F071
:1023E00043FD2B6842463C495B682846984728468F
:1023F00000F02EFDC1E7282238492846A04728468C
:1024000000F026FD2B68340672D4F0055C6819D400
:10241000B10500F1CE80720500F1C880370500F1EA
:10242000D480F00400F1CE80B10413D531222C49C0
:102430000AE026222B492846B047284600F008FD2E
:102440002B6805E6202228492846A047284600F0A8
:10245000FFFC2B68320470D4F7035C6864D4B003CB
:1024600000F1AD8071037AD4320300F1B780F70137
:1024700000F1B180B6017FF5E5AD1B221B4955E0A7
:10248000A89F0020D09F0020FC9F002024A00020B7
:1024900050A0002074A0002098A0002000800F40D1
:1024A000C4A00020E8A0002000400D4000C00A4069
:1024B00008990020B8990020189F0020189D00203E
:1024C0004C9D002000FF27202CA100203CA10020D3
:1024D000C0FF272044A10020307000201499002064
:1024E000DC9B0020249D0020CC9A0020FC9C002036
:1024F0003F4C21225B6828463E4998471022002322
:10250000D4F89010284600F0AFFCD4F890201F2A91
:1025100028D9394B9A4202D320339A4261D32846B4
:1025200000F096FC2B6870E7232234492846A04728
:10253000284600F08DFC2B6884E55B682122304939
:10254000284698472A4900231022D1F8941028469B
:1025500000F08AFC284600F07BFC2B687CE72822F0
:102560002849E3E72B681F22274928465B689847DC
:10257000D4F8981000231022284600F075FC2B6830
:102580003F2222495B6828469847D4F898100023D8
:102590001022284600F068FC2B681D221C495B684D
:1025A00028469847BBE729221A4926E744221A49B8
:1025B0004AE72D22194947E7212219491DE731220F
:1025C0001849B3E7332218493EE73F2217493BE752
:1025D0002522174911E728221649A7E7162216498E
:1025E000A4E72B684222154928465B68984796E77E
:1025F00000FF2720E4990020A0840320349C0020C1
:10260000109C00208C9C0020089A0020289A002012
:10261000689A002064990020209B0020F09A0020F6
:1026200040990020589C0020A89B0020689B002017
:1026300090990020D09C0020B89C0020889A00200F
:10264000134BD3F880300B2B1FD14FF0FF32DFF844
:1026500048C0104800B5DFF844E0DCF80030202125
:102660000CF1040C5A4042F30003013903EA000361
:1026700083EA5202F7D1F445EFD1054BD3F8A80015
:10268000801AB0FA80F0400900BD0020704700BFFA
:1026900000FF27202083B8ED80FF2720A8FF2720F8
:1026A0000F4B40F2376C0F4AA020D96E41F44031F5
:1026B000D966D96E41F44071D966C2F844C09064BD
:1026C000936C1B06FCD4084A40F23761A023516486
:1026D0009364936C13F08003FBD1044A137070472A
:1026E00000C00F4000400C4000800C404C84032090
:1026F000294A00210123C2F8A000C2F8A410C2F8A0
:10270000B0305369D907FCD501234FF4803C2249EE
:102710005361C2F8A000C2F8A4C0C2F8B0304B693F
:10272000DB07FCD501234FF4003C1B4A4B61C1F889
:10273000A000C1F8A4C0C1F8B0305369D907FCD5D6
:102740000123DFF858C014495361C2F8A000C2F851
:10275000A4C0C2F8B0304B69DB07FCD5D1F800311A
:1027600045F60D504FF0210C9AB2C1F814C08242C8
:1027700010D045F69D518A420AD1C3F34253032B30
:1027800008D0A3F10403B3FA83F35B09180170477F
:10279000002070470820704700402A4004000300D2
:1027A000704700BF704700BF704700BF00BF704751
:1027B0004FF0E02300214FF0100C3448C3F8941D73
:1027C000C3F89CCD4FF0110CC3F8A00D3048C3F8EE
:1027D0009CCD4FF0120CC3F8A00D2E48C3F89CCD31
:1027E0002D4AC3F8A00DDFF8D0C042F015022B48E7
:1027F000C3F89CCDC3F8A00DDFF8C0C02848C3F8CB
:102800009CCDC3F8A00DDFF8B8C0C3F89C2D2548B7
:10281000254AC3F8A0CDC3F89C0DC3F8A02D02F53E
:10282000A022DFF8A0C00C322048C3F89CCDC3F82A
:10283000A02D1F4AC3F89C0DC3F8A02D02F14062E1
:10284000DFF884C002321B48C3F89CCDC3F8A02D2A
:102850000A32C3F89C0DC3F8A02D00BF00BF00BF13
:1028600000BF00BF0122C3F8942DBFF34F8FBFF309
:102870006F8FC3F8501FBFF34F8FBFF36F8FD3F825
:10288000142D42F44032C3F8142D70473F0000105D
:102890002500080709001000A0840320210002077A
:1028A000250008131600202027000B1318000060D5
:1028B0002F000B071A0000801300200014000020D6
:1028C00009000010170000401900007030B5864B59
:1028D00085B0DFF874E21822844D0120C3F85CE271
:1028E0008349C3F86052A5F58055DFF860C2814C7A
:1028F000C3F864E2C3F868522125C3F86CC2C3F878
:1029000070C2C3F874C2C3F878C248F20C7CDA66AD
:102910001A675A679A67DA67C3F88020C3F8842079
:10292000C3F88820C1F82C03734AC1F83003C1F8FA
:102930003403C1F83803C1F83C03C1F85003A1695E
:102940006E4B0A406E486F4913436F4AA361D4F837
:10295000843043F00C03C4F884304FF0FF34036834
:1029600043F002030360036803EA0C031A43674B56
:10297000026044608A68664C1340664A43F0005324
:102980008360C36823F07803C360036A23401A435B
:10299000604B0262026A22405F4C13430022436292
:1029A0008462C46240F20564D1F8B83023F03F037A
:1029B00043F00103C0F8B830D1F8BC30574923F0D8
:1029C0003F0343F00103C0F8BC3002610567C0F863
:1029D00080404567C0F884400224036823F0020366
:1029E000036081614E4B4F49C46143F8042B8B4215
:1029F000FBD1434C236843F001032360256815F0A5
:102A00000105FBD14548022240F2F561A06140F288
:102A10009940E26140F26642C4F8001242F201417C
:102A2000C4F81022404AC4F82002C4F8302240F210
:102A30003542C4F834123D48C4F840223C4AC4F838
:102A400050022846C4F8542242F201223949C4F8FF
:102A50006012C4F86422FFF74BFE0246002839D00A
:102A6000810201234FF4802021662549C4F8A0503B
:102A7000C4F8A400C4F8B0304B69D807FCD51505DC
:102A80000124039228464C61FFF732FE039A2A4B39
:102A90000244D2B21A7080B1194980024FF48023E7
:102AA00048660846C1F8A050C1F8A430C1F8B0404B
:102AB0004369DB07FCD501234361204900242048FA
:102AC00001230094401A00EB02521E4800F014FA51
:102AD00005B030BD1B4B184918600870D860C3E9B9
:102AE000010005B030BD00BF00801F40F91001009B
:102AF00000841F4000C00F40FFFCFF1F0003008048
:102B000000402A4000802A401200FFFFFF37F700F4
:102B100000FFF07C40000080FF000F83F05AF05A65
:102B200000422A4000432A409F041830EB06180A4E
:102B3000063201263806180A51840320000000706E
:102B4000000000705C820320F9B00100F970010000
:102B500010B5174A4FF480544FF4005E4FF4404CC8
:102B60004FF4803043F24201136913F0020F0DD18C
:102B700013F4005F0FD013F4805F0FD0002BF3DA53
:102B800013F4803F0CD15B060ED510BDC2F818C0FF
:102B900050619161E8E7C2F814E0E5E75461E3E7CA
:102BA0004FF480339361DFE740235361DCE700BFDC
:102BB00000800D40414A03204149F3EE095AD2F802
:102BC00080309FED406A23F001039FED3F5ADFF80C
:102BD00014C100B5C2F88030C2F89000D1F8E010FE
:102BE000DFF804E1CBB23948CEF8003007EE903A76
:102BF0000B0DC1F30B21F8EEE77A06EE903A07EEE3
:102C0000101A334BB8EEC77ACCF80010F8EEE66A2B
:102C1000304937EEC66A37EEC55A76EEC76A77EEA8
:102C2000E57A26EE266AC3ED006A25EE265AD2F82A
:102C3000803067EEA64AC0ED007AC6EE275A2648D5
:102C400085EE276AC4EEA76A75EE875AFCEEE55A50
:102C500036EE076A15EE90CABCEEC66A43EA0C531C
:102C600076EE877AC2F8803016EE103AD2F890C12C
:102C7000FCEEE77A01EA034141EA0C014FF0000C57
:102C800017EE903AC2F89011C3F30B03D2F89011EB
:102C90000B431249C2F89031D2F8803043F002035E
:102CA000C2F880300E4B80F840C0C1F840314FF080
:102CB000E0230122C3F8082100BD00BF00810D40C0
:102CC00000441F400000AA420000B44238830320A1
:102CD0003C8303200000FF0F00E400E0004C0120D3
:102CE00041F702003083032034830320314B40F648
:102CF000617210B5C3F8202140F2044400F0DCF802
:102D00002D4A2E49D2F880302D4843F00303C2F8F3
:102D100080302C4BC1F8604102681A4203D1D1F8CF
:102D2000A8319A071BD0254A4FF00041244B596324
:102D3000D2F8403143F00203C2F84031D2F84031BA
:102D40009B07FBD44FF400304FF0E0211C4B4FF0B9
:102D50000042C1F88C0219209A6300F0C1F8184BA8
:102D60000021164C4FF080420A209A634FF42072E3
:102D70001960C4F8A801144800F082F84FF48002EA
:102D800003464FF4810040F243111860C4F85831F3
:102D90001A640E4B0E4AC4F84811C3F804224FF0CF
:102DA000E0224FF400310123C2F80C11C4F8403185
:102DB00010BD00BF00800D4000C00F4000002E403D
:102DC00000900D40001C1E0000000020004C01205F
:102DD00045F9020008B50E4B1B6E9B0700D4FBBEE5
:102DE00072B60C4B00200C4AC3F8400103F160435B
:102DF0000A49A3F55F2311649D46BFF34F8F4FF43B
:102E00000013074A0748DB6902609B68984700BFC8
:102E100000441F4000002E4000C00A400300200074
:102E2000000012EB00802020F8B500BFF8BC08BC01
:102E30009E467047000000005FF800F039F4020081
:102E40005FF800F0952602005FF800F0012602000E
:102E50005FF800F08DE702005FF800F051380200E3
:102E60005FF800F0C54902005FF800F0C1E702001A
:102E70005FF800F0350A02005FF800F0BD71020053
:102E80005FF800F0D14D03005FF800F001F202009E
:102E90005FF800F0294C03005FF800F04DE90200F4
:102EA0005FF800F0215503005FF800F05DE70100D6
:102EB0005FF800F0816E02005FF800F0B1000300DF
:102EC0005FF800F02D2702005FF800F0050A02000D
:102ED0005FF800F07D6F02005FF800F075E7020018
:102EE0005FF800F061EC02005FF800F0E1E702003B
:102EF0005FF800F0793802005FF800F0DD090300A8
:102F00005FF800F0010A02005FF800F0457102006E
:102F10005FF800F0155503005FF800F0F57402004B
:102F2000450000007D4A0000F17E0000A94201003A
:102F3000C54201001175010005C501008DCC0100DD
:102F4000E5E80100D5F601004DFA0100F1060200A6
:102F5000FD07020041090200492402007D2502000C
:0C2F600081CF0200D1E602006D0D0300DD
:102F70009A9999999999B93F7B14AE47E17A843F20
:102F80002D431CEBE2361A3F3A8C30E28E79453EF7
:102F9000BC89D897B2D29C3C33A7A8D523F649392F
:102FA0003DA7F444FD0FA5329D978CCF08BA5B2551
:102FB000436FAC642806C80A0000000000002440EB
:102FC0000000000000005940000000000088C340DD
:102FD0000000000084D797410080E03779C3414367
:102FE000176E05B5B5B89346F5F93FE9034F384D6F
:102FF000321D30F94877825A3CBF737FDD4F15751B
:103000001603550053004200200053006500720073
:10301000690061006C000000180354006500650041
:103020006E00730079006400750069006E006F0027
:103030000403090409026200030100C032080B0006
:10304000020202010009040000010202010005243D
:1030500000100105240101010424020605240600D4
:10306000010705820310001009040100020A000094
:103070000007050302400000070584024000000924
:1030800004020002FF6AFF000705810240000107F9
:10309000050102400001000009026200030100C0B6
:1030A00032080B00020202010009040000010202C2
:1030B0000100052400100105240101010424020679
:1030C000052406000107058203100005090401001C
:1030D000020A00000007050302000200070584023F
:1030E0000002000904020002FF6AC700070581020E
:1030F0000002010705010200020100000A060002A9
:10310000EF020140010000006CC00F40030000000E
:103110000E0D00008D1D03002A3600001400000073
:103120001300000001000000F4841F402B32000057
:10313000140000001300000001000000F8841F408C
:103140002D310000140000001300000001000000F9
:10315000F0841F402CFFFF0014000000000000005E
:10316000000000000100000000000000EC841F408F
:1031700000000000000000006CC00F4030000000A4
:10318000100F00008D1D0300012700001700000034
:10319000120000000001000014851F401AFF00000B
:1031A00012000000000000000100000018851F4010
:1031B0001BFF0000120000000000000001000000E2
:1031C00010851F400026FF001700000012000000BD
:1031D0000000000001010000010000000C851F40FC
:1031E0000C851F40000000006CC00F40C0000000B4
:1031F000504F0000611E03000CFF00001300000090
:10320000000000000000000024851F400BFF0000AC
:1032100013000000000000000000000028851F408F
:103220000DFF00001300000000000000000000007F
:1032300020851F400A252400130000001200000012
:103240001200000001020300000000000000000066
:08325000000000000000000076
:103258000000000000000000000000000000000066
:103268000000000000000000000000000000000056
:103278000548064B1B1AD90F01EBA301491002D0D0
:10328800034B03B118477047C04E0120C04E0120C0
:103298000000000008B5054B1BB105490548AFF310
:1032A8000080BDE80840FFF7E3BF00BF0000000052
:1032B800D482032000640560704700BF03685B6820
:1032C800184700BF0A4A1368013B136003B17047EF
:1032D80000B5084A83B0CDE9003010683DF0A4F984
:1032E8000199044A009B0846136003B000BD00BF63
:1032F800B8850220BC8502200A4A1368013B136086
:1033080003B1704700B5084A83B0CDE900301068B2
:103318003DF086F90199044A009B0846136003B002
:1033280000BD00BF1C870220208702202DE9F04342
:10333800164683B000295CD00368054644680846F1
:103348000193009135F084FC019B8046009903EBC2
:10335800000C644554D900F1FF399CF800208AB963
:10336800B8F1000F36D003F1FF3C01F1FF3E09EB45
:10337800030701E0BC452DD01CF8012F1EF8010FF2
:103388008242F7D01A781AB113F8010F0028FBD13E
:10339800013303EB080C6445DFD808F10103AA6880
:1033A80023449A4223D36B60B8F1000F09D04B1E17
:1033B800621E08EB030513F8010FAB4202F8010F78
:1033C800F9D10023084604F8083035F041FC2346BB
:1033D800804601E0002BE0D0327AC6E9003822F0BE
:1033E8007F0343F00503337203B0BDE8F083012384
:1033F8002B74337A23F07F03337203B0BDE8F08374
:10340800431CAA6823449342F1D86B60002CF0D087
:10341800CAE700BF00B101B970471346014A34F04A
:10342800D9BB00BF6C3D00201C491D4BF0B51D4E9B
:1034380083B01D4D01F178042B44186A19601C6192
:10344800B8B14268013A42609AB90268174F926867
:10345800BA4212D18268013A826052B90268DFF832
:1034680050C0D7680093674513D152689047009BB6
:103478000A49B342E0D103B0F0BDCDE9000390475B
:103488000649DDE900038268013A8260002AF0D12A
:10349800E4E7B8470149009BEBE700BFE4AB002035
:1034A8004C430120D4C1002044BFFFFF6900000045
:1034B8006D000000F8B568B371B30568ADB1084692
:1034C8000E4635F0C5FBEC68074664B1204635F07A
:1034D800BFFBB8420ED0B5F90A3043B105EB03156E
:1034E800EC68002CF2D1002FF5D12846F8BD1D4616
:1034F8002846F8BD002FF8D0731E621E03EB070C98
:1035080001E06345F1D013F8014F12F8010F84422E
:10351800F7D0E0E70546E8E70D46E6E710B50446CC
:1035280082B01FF0F7F800234FF47A724FF48071DD
:10353800206A237362612183C4E90132C4E9073335
:1035480098B14368013B43607BB903680C4A9B68A8
:1035580093420FD18368013B836033B903680949FB
:10356800DA688A420AD15B689847002384F82430D5
:1035780002B010BD019098470198EBE79047F4E737
:10358800690000006D000000417E03462DE9F04708
:1035980082B0002900F0A18090F818C00021012411
:1035A8000A468A468E465976A2B11A7E83F819E0F1
:1035B80094451ED0002A00F0AC805C2A24D099687B
:1035C800DD68481CA8421BD29860586842545A7E4D
:1035D800002AEAD15A69D2E90101814280F0938038
:1035E80010684D1C9560425C83F819E094451A7682
:1035F800E0D11B68187C8000C0B202B0BDE8F0873B
:1036080019685A7E0C74CFE75A69D2E90171B94238
:1036180080F0C8801668481C9060715C5C761976EA
:10362800002976D0752913D0684A2F2002F1100599
:10363800814207D012F8020FAA42F9D1032002B042
:10364800BDE8F0875278002AF8D083F819E0B6E789
:103658000025042083F819E0A84691688F4201F1FB
:10366800010940F29B80C2F8089016F8019029F0F1
:10367800200183F81890B9F1000F00F091803739D4
:10368800B9F1400FC9B202DCA9F13001C9B241EA6F
:1036980005190F2900F1FF301FFA89F52DD810F010
:1036A800FF0083F81980D8D105F5205189B2B1F50A
:1036B800806F1FD305F5105189B2B1F5806F2AD3F9
:1036C8007F2D2ED8D3E90201451C8D4262D25A685B
:1036D8009D6002F800905A7E66E74269D2E901408F
:1036E800A04271D21168441C946011F800C083F89C
:1036F80018C053E7C9F3090A6DE7032001225A7677
:1037080002B0BDE8F08700221A83BCF1000F3FF435
:1037180070AF022093E7C9F3090545EA8A2505F544
:10372800803505F03F02AD0962F07F021F2D8DF84C
:1037380001204FF000028DF8002023D905F03F0248
:1037480062F07F028DF80220C5F38912ADB20F2A0C
:103758002CD862F01F0201AED2B28DF80320013ED0
:10376800012707E058689D60425416F8012D002A89
:103778003FF42DAFD3E902104D1C8542F2D31A68ED
:103788001774F2E765F03F050DF10306EAB28DF80C
:103798000220E4E71968012008741CE700221A7661
:1037A8000220ABE74FF480721A83B2E702F03F02BF
:1037B8002D0B0DF1050662F07F028DF8032045F010
:1037C800F0028DF80420CAE78C4690E7703D00208F
:1037D8002DE9F0470C4601782B2900F005812D29A9
:1037E80040F0B28041784FF001090130A1F1300674
:1037F800F6B22E2918BF092E8CBF0121002100F234
:10380800F880092E8C460A4600F20481B64F12E071
:1038180010F801EFF318AEF1300645F100059C46AB
:10382800F6B22A46092E00F2928013F1663F75EB34
:10383800070880F08C8095004FF0000E4FEA8C034B
:1038480045EA9C7513EB0C0342EB0505DB186D414B
:1038580016EB03089C4655F100082A4628BF4FF08E
:10386800010EBEF1000FD3D04FF0000E9F4D4FF068
:10387800CC371CEB020316460EF1010E43F1000390
:103888000FFA8EFEA5FB032828F0030202EB98022C
:103898009B1ABCEB030366F1000807FB03F2A3FBCA
:1038A800053CB6F5200F05FB08224FEA5303624496
:1038B80043EAC27C4FEA5202DBD20378A3F1300517
:1038C800092D09D810F8013F0EF1010EA3F13005BA
:1038D8000FFA8EFE092DF5D92E2B00F09C80077863
:1038E80007F0DF037646452B50D147782D2F00F09F
:1038F80087802B2F00F0E580A7F13005EBB2092B6C
:1039080044D801304FF0000A002308E010F8017F86
:10391800A7F130055FFA85F8B8F1090F31D803EB44
:10392800830305EB430303EB0E06B6F59A7FEDDD43
:103938000020BAF1000F00F0B780B9F1000F00F0D5
:10394800CD804FF00041B3E04FF000094EE7BEF1E3
:10395800000F40F0A280B9F1000F00F095804FF001
:1039680000469E45AE41FFF47FAF227A5B4222F0CB
:103978007F0265EB4505236042F00A036560237208
:103988002EE0BAF1000F01D0AEEB03064FBB604644
:10399800114631F06BFFBE4241EC170B2DDD544A46
:1039A800002E02F14800B8BF764206F001017610F9
:1039B80021B192ED006B27EE067B26B108328242D8
:1039C800F3D19FED477BB9F1000F01D0B1EE477BF2
:1039D800237A23F07F0343F00C0384ED007B2372EA
:1039E80001210846BDE8F08741784FF00009013011
:1039F800FCE600210846BDE8F087E4D03D4ACFE761
:103A08008778A7F13005EBB2092BBFD802304FF009
:103A1800010A79E78E464778461CA7F13005EDB2D2
:103A2800092D20D8DFF8D880BCF1993F0EF1FF337B
:103A380072EB080019D2900016F8017F0FFA83FE86
:103A48004FEA8C0340EA9C7013EB0C0342EB000036
:103A5800DB18404115EB030CA7F1300540F10002DB
:103A6800EDB2092DE0D930463AE77778701CA7F116
:103A78003003092B3FF634AF16F8027FA7F1300365
:103A8800092BF2D930462BE7227AC4E9003522F017
:103A98007F0343F008032372A2E7B5F5801FBFF444
:103AA800E3AE4FF0000E08E7B9F1000F14D1124948
:103AB800237A23F07F0343F00C03C4E90001237247
:103AC8008EE78778A7F13005EBB2092B3FF65EAF9A
:103AD80002304FF0000A17E70849E9E70021E7E755
:103AE800000000000000F87F99999919CDCCCCCC42
:103AF800B82F0060702F00600000F07F0000F0FF1A
:103B080099990100437E2DE9F043154683B0B3B17E
:103B180090F818C0BCF1000F25D0ACF1090E2E4664
:103B28000C4603465FFA8EFEBEF1170F21D8A44A51
:103B380022FA0EFE1EF0010F4FD000224276436992
:103B4800D3E90124944280F023821A6804F1010C1D
:103B5800C3F808C0012312F804C0437680F818C0DF
:103B6800BCF1000FD9D1007C0130C0B203B0BDE870
:103B7800F08301220274427E002A00F07A81BCF1AF
:103B88007B0F30D8BCF15A0F40F20D82ACF15B02CA
:103B9800202A28D8DFE812F0030127002700270091
:103BA80027002700270027002700270027001C01DF
:103BB80027002700270027002700270027006C0080
:103BC8002700270027002700270045012700270096
:103BD80027002700270027008F0001220274427E59
:103BE800002A00F04681002003F11F0E22E07549EB
:103BF800BCF12A0F21FA02F229D9D20727D53F288A
:103C080000F1010223D04FF00001D0B259760EF82E
:103C180001CF5A69D2E90151A94280F01482D2F841
:103C280000C04D1C95604FF001021CF801C05A7687
:103C380083F818C0ACF13002092AE0D9ACF12B02A4
:103C4800BCF1450FD2B2D2D9BCF1650FD7D01A1842
:103C58004FF0000C214603F1200082F820C0FFF746
:103C6800B7FD002800F01D81002003B0BDE8F083F7
:103C78005A7E002A00F0D482197E534A002900F0A7
:103C880015811078884240F00C8101324F4900209C
:103C980091425876E8D05969D1E90140A04280F0B4
:103CA8000281D1F800C0441C8C6001241CF800106B
:103CB8005C761976E2E7227A0021F0B222F07F02E0
:103CC800074642F02002C4E900112272002874D08D
:103CD8005A694FF0010E5068064690685976B0420E
:103CE80080F05A81156800F1010CC2F808C0285C00
:103CF80083F819E01876002800F05181A0F1090C2A
:103D08002F4D5FFA8CFCBCF1170F25FA0CF500F269
:103D18009E81E807E1D483F810E01868416859608B
:103D28008568691A0025C3E9025119B94FF0010CD9
:103D380080F810C0587E002800F002831A7E222ADC
:103D480002D0272A40F0728218460093FFF71CFC25
:103D5800009B00287FF40AAF5A7E82B11A7E002A9F
:103D680000F01D81A2F10901C9B2172900F2A4814E
:103D7800134ACA40D50740F1F28200225A765A699E
:103D8800D2E90101814280F00781106801F1010C3C
:103D9800C2F808C0425C01211A765976DFE7227A18
:103DA80000215FFA86FC22F07F0242F04002C4E95B
:103DB80000112272BCF1000F7AD10520D6E600BFAF
:103DC800130080000D000004943D0020983D002061
:103DD800227A002122F07F02217042F0060222722C
:103DE8005A7E002A00F02082197EA04A00295DD060
:103DF8001078884255D101329D4900209142587669
:103E08003FF432AF5969D1E90140A0424BD2D1F811
:103E180000C0441C8C6001241CF800105C761976E4
:103E2800E4E7227A012122F07F02217042F00602A3
:103E380022725A7E002A00F0F581197E8D4AA9B3B4
:103E4800107888422DD101328B4900209142587652
:103E58003FF40AAF5969D1E90140A04223D2D1F811
:103E680000C0441C8C6001241CF800105C76197694
:103E7800E5E75A69D2E90101814280F0858210683C
:103E880001F1010CC2F808C0012210F801C05A76ED
:103E980083F818C073E601221A745A7E002A00F0CB
:103EA8000582032062E64FF480721A8302205DE6E1
:103EB8005A695068064690685976B0426CD21568BF
:103EC80000F1010EC2F808E0285C4FF001051876F1
:103ED8005D76002863D0A0F1090E684D5FFA8EFE6A
:103EE800BEF1170F25FA0EF500F2BA80EF07E2D4FB
:103EF8004FF001021A74D3F81CE0DEE90112103108
:103F08008A42C0F047820CF1FF350020A2F110016F
:103F1800CEF80810002800F0E381A1EB000C4FEA6E
:103F28002C1CA0F80AC04FF000006160009322F832
:103F3800060C002042F8040C02F8080C2A46184621
:103F4800FFF7E0FD00287FF411AE009B5A7E7AB19E
:103F58001A7E22B3A2F10901C9B2172900F2908092
:103F6800464A22FA01F1CE0795D54FF000025A765B
:103F78005A69D2E9010181420ED2106801F1010C9F
:103F8800C2F808C0425C4FF001011A765976E0E7A2
:103F98004FF480730383E6E54FF480721A83187C2C
:103FA8000130C0B2E2E5BCF1220F40F00F8219687F
:103FB800486858608A68121A0020C3E902020AB9E0
:103FC80001220A7418460093FFF7DEFA00287FF4EE
:103FD800CDAD009B1A6899685568904612680846E6
:103FE8000E462F465118A9420DD2013845190978B5
:103FF800D9B1117819B112F8011F0029FBD101328A
:1040080091198F42F3D8BA190132C8F80420002256
:10401800BA553A469B681E46237A23F07F0343F03D
:104028000503C4E9002623721EE64EB1791E501E10
:1040380011F801EF10F801CFE645DAD1A942F7D11E
:10404800002AE9D1DFE74FF480721A83FFE57D2863
:1040580083F810E07FF461AE002210465A7685E5B9
:104068004FF001025D281A74F6D044E78C3D002019
:10407800913D0020843D0020883D002013008000F1
:104088004FF001011974597E002900F00F815D2A53
:10409800E2D02C2A7FF405AF4FF00002D3F81CE0E1
:1040A8005A76DEF8042002F11001DEF808208A4270
:1040B800C0F07081606829E701211974597E0029D0
:1040C80000F053813A2A7FF4ECAE0022D3E90101D3
:1040D8005A7642545868804600284AD022681546C5
:1040E800002A46D0009334F0B3FDE9680646009BE9
:1040F80081B108460093019134F0AAFDB042009BBB
:104108007CD0B5F90A20002A33D005EB0215E968FE
:104118000029EED1002EF4D129467A1E18460093C4
:10412800FFF7F0FC00287FF421AD009B5A7E82B196
:104138001A7E002A3FF433AFA2F10901C9B2172948
:1041480000F2D080B34ACA40D00740F1448100222F
:104158005A765A69D2E901018142BFF41DAF10684D
:1041680001F1010CC2F808C0425C01211A765976A7
:10417800DFE719689D688946A846D1E900205119EA
:1041880088420ED90978002900F00A81117819B1FE
:1041980012F8011F0029FBD1013202EB0801884205
:1041A800F0D800EB08020132C9F80420002200F818
:1041B80008200246D3F81CC0DCF80410DCF808001C
:1041C80010318842C0F02281A0F11001CCF808100B
:1041D800D4F804C0BCF1000F00F01681A1EB0C0E5E
:1041E8004FEA2E1EACF80AE0616040F8042C002269
:1041F80020F8062C802200F8082C8EE7002E8BD0A1
:10420800019908F1FF32013902EB060E12F801CFCD
:1042180011F8010F84457FF474AF9645F6D17BE71A
:104228007D4A38E57D4A15E67D4AEBE5A2F1300086
:10423800092808D9A2F15F001B2804D9A2F141007E
:1042480019283FF62EAE0020864620E01A684FF067
:10425800010111745A69D2E90110884236D21168F5
:1042680000F1010CC2F808C00A5C4FF001011A768F
:104278005976A2F13001A2F15F00092905D91B285E
:10428800A2F1410101D9192923D8D3E9020100F18A
:10429800010C83F819E08C45D8D25968C3F808C0D6
:1042A8000A545A7E002AD5D01A7EE2E75A69D2E922
:1042B8000101814280F0A480106801F1010CC2F86C
:1042C80008C0425C01211A765976E0E64FF4807204
:1042D8001A831A68127C002A3FF43EAD042045E494
:1042E800216020E601211974597E002979D07D2AA0
:1042F8003FF4B2AE2C2A7FF4D4AD5A694FF0000CCB
:104308004FF0010E51680E46916883F819C0B1420A
:10431800BFF4C9AD4D1C3F4895601568695C83F8CA
:1043280019E0197600293FF4C1AD0939C9B2172936
:1043380020FA01F001D8C107E6D401211974ECE490
:10434800D2E9015CAC456DD210680CF1010EC2F8DF
:1043580008E010F80C2001201A765876EFE40122C4
:104368001A745A7E002A7FF49CAD5A69D2E9010179
:10437800814245D2106801F1010CC2F808C0425CC4
:1043880001211A7659769DE64FF480724FF0000CA1
:104398001A8328E4012304208EF81030FFF7E6BBC7
:1043A800B8F1000F0ED008F1FF3102F1FF3C0E18F2
:1043B800411E11F8015F1CF801EF75457FF4E6AE68
:1043C8008E42F6D1002A7FF4F5AEEAE6BCF1270F5B
:1043D8003FF4EDAD07E401221A745A7E002A7FF4F7
:1043E80060AD5A69D2E90101814209D2106801F130
:1043F800010CC2F808C0425C01211A76597676E7AA
:104408004FF480721A834CE52160EDE601238CF8A5
:10441800103063E713008000943D0020843D0020A5
:104428008C3D002002464FF48070188306E700BFD9
:10443800037A03F07F030C2B08D8DFE803F01C078E
:10444800070707071A07090709071000012070471F
:10445800D0E90032134314BF01200020704790EDCB
:10446800007BB5EE407BF1EE10FA14BF012000206E
:104478007047007870470020704700BF2DE9F04F63
:104488000D4685B090460446002110466C2233F054
:10449800C7FDB5F5C06F00F28481032D04D92B1F29
:1044A800E218E35C0D2B04D04FF4C87005B0BDE8EA
:1044B800F08F5378511C0A2BF6D111F8013F0D2BC0
:1044C800F2D14B780A2BEFD104EB050C621E0CF1EC
:1044D800FF3C12F8013F591EA3F109007D29E3D8DA
:1044E8001F2B03D80D2B01D00128DDD86245F0D150
:1044F800B049204634F020F881460028D4D04FF047
:10450800000720210770204633F0CEFD034600281F
:10451800CAD0021B072AC7D803F8017B1E462146CA
:104528000090404634F0D4FA2021304633F0BCFDE8
:10453800002800F03B81811B5F2900F23781009B36
:1045480007705B782F2BAFD100900921304633F0EC
:10455800ABFD0028A8D1314608F1080034F0B8FABC
:10456800009A954901321046009234F041F9034609
:10457800002800F0E28101909049009834F038F961
:10458800019B002890D1AA1E09F10205A218AA428F
:10459800934640F2198200222C46039392460292D7
:1045A800CDE900228349204633F0C6FF064600289D
:1045B8003FF47AAFA0423FF477AF2378202B3FF443
:1045C80073AFA3F10903B3FA83F35B09002B7FF4FC
:1045D8006BAF03703A21204633F066FD00283FF4A4
:1045E80063AF031BB3FA83F35B09002B7FF45CAF63
:1045F8000370227882B1214622F02003A2F130050F
:10460800413B192B04D9092D02D92D2A7FF44CAF2F
:1046180011F8012F002AEFD14378451C202B03D134
:1046280015F8013F202BFBD0092BF9D0AE420CD94D
:10463800334604E04FF00002AB421A7005D013F87D
:10464800012D202AF6D0092AF4D0671E04F1FF3E76
:10465800A946DFF874C125460E3412E0A645C0B25B
:10466800C9B21AD0192898BF0B46A2F1410002F12D
:104678002001C0B2C9B2192898BF0A46934240F037
:1046880059811EF8013F0CF1010C1CF8012CA3F113
:10469800410003F12001002BE0D193422C464D4606
:1046A80000F05481A946DFF824C12546BE460C34E3
:1046B80011E0A645C0B2C9B219D0192898BF0B4657
:1046C800A2F1410002F12001C0B2C9B2192898BF75
:1046D8000A4693427CD11EF8013F0CF1010C1CF8EC
:1046E800012CA3F1410003F12001002BE1D19A42F2
:1046F8002C464D466ED1BAF1000F7FF4D5AE3B2162
:10470800484633F0D1FC08B180F800A005F1FF3C21
:1047180005F1100E2A4C12E0F445C0B2C9B219D006
:10472800192898BF0B46A2F1410002F12001C0B23E
:10473800C9B2192898BF0A46934240F021811CF853
:10474800013F013414F8012CA3F1410003F12001C9
:10475800002BE1D19B1A4FF0010AB3FA83F35B09EE
:104768000193B41C5C45FFF41DAFDDE9022312B9C7
:10477800002B3FF499AE1349404634F039F800282D
:1047880040F01181009B002B00F02481019B002B3D
:1047980000F01481D8F86830002B3FF485AE002073
:1047A80084E640F2AF1005B0BDE8F08F4FF4CF704B
:1047B8007CE600BFC4440020AC3D0020B83D00208A
:1047C800E43D0020283E0020C43D0020D43D0020C8
:1047D8002C464D46A946DFF814C22546BE4611347C
:1047E80012E0A645C0B2C9B21AD0192898BF0B4624
:1047F800A2F1410002F12001C0B2C9B2192898BF44
:104808000A46934240F0B9801EF8013F0CF1010CB2
:104818001CF8012CA3F1410003F12001002BE0D189
:104828009A422C464D463FF43FAEA946DFF8C0C138
:104838002546BE46103412E0A645C0B2C9B21AD009
:10484800192898BF0B46A2F1410002F12001C0B21D
:10485800C9B2192898BF0A46934240F096801EF8BC
:10486800013F0CF1010C1CF8012CA3F1410003F1EC
:104878002001002BE0D19A422C464D463FF414AE5D
:10488800A946DFF870C125463846063416E0A0422E
:10489800C9B21BD003F1200E5FFA8EFE192998BF0A
:1048A8007346A2F1410E02F120015FFA8EFEC9B2F1
:1048B800BEF1190F98BF0A46934269D110F8013F1B
:1048C8001CF8012FA3F14101002BE0D193422C46A3
:1048D8004D4676D004F1040CBE46414C13E0E64543
:1048E800C8B2D1B217D014F8012B192898BF0B46BB
:1048F80002F12001A2F14100C9B2192898BF0A4665
:1049080093427FF42EAF1EF8013FA3F1410103F15A
:104918002002002BE3D122789A427FF422AF029B37
:10492800002B7FF4C1AD2B78002B3FF4BDAD0123E4
:10493800029316E72C464D46B4E6AA1E09F1020575
:10494800A218AA4293463FF626AEADE5009B002B7F
:104958007FF4AAAD99F8002032B9A5E5B3F5C05F98
:104968001ED815F8012FB2B1303A03EB8303D1B248
:1049780002EB43030929F1D996E52C464D4654E745
:1049880000234FF0010A0193EBE62C464D4677E7EA
:104998002C464D469EE7C8F8683001230093E0E6B0
:1049A80040F29D1082E50F49404633F021FFA0B93F
:1049B800D8F86830002B3FF4F2AE75E540F29F104E
:1049C80074E540F2A11071E50749404633F010FF45
:1049D8000028E8D140F29B1068E540F2951065E5A3
:1049E8009C3D0020303E0020283E0020F83D00205D
:1049F8000C3E00201F3E0020002918BF002A14BFCB
:104A0800012300232DE9F0470D46164680469A46B5
:104A180057D14378013B3B2B30D8C6460027764C0C
:104A28009EF81A30052B20D8BEF81630B3F5966FCD
:104A380076D89EF814200BB9002A71D103F1A90C7D
:104A4800BEF81800A4FB0C3CC30B00EBDC1C5DD1CA
:104A5800BCF5004F5AD8A2B90137082F3ED09EF8AE
:104A680022300EF1080E052BDED9BAF1000F05D061
:104A7800624B3146624A284633F0ACF80020BDE864
:104A8800F087002F00F08B80424602E00832724522
:104A9800E2D0137D002BF9D0D38A118BA933A4FB64
:104AA800039301EBD3139842F0D26145EED2BAF1E9
:104AB800000FE3D0534B3146514A284633F08AF869
:104AC800DCE700230B704378013B3B2BA5D94E4B09
:104AD80031464B4A284633F07DF8CFE798F8020074
:104AE8000028CCD1D8F8072011BACB4322B1022B29
:104AF80002D94A421A421DD0BAF1000FBED0434B28
:104B080031463F4A284633F065F8B7E7BAF1000F57
:104B1800B4D03F4B31463A4A284633F05BF8ADE70C
:104B2800BAF1000FAAD03B4B3146354A284633F03C
:104B380051F8A3E7D8F80340E2B2501EDE288CBF34
:104B4800002001207F2A08BF002048B9BAF1000FD1
:104B580094D0314B31462A4A284633F03BF88DE74A
:104B680027BA13EA0702F1D09A42EFD0D8F80BC05F
:104B7800BCF1000F28D05FFA8CF202F1FF3EBEF1C3
:104B8800DE0F01D87F2A0ED1BAF1000F3FF476AFBD
:104B9800224B31461A4A284633F01CF86EE70EF1CC
:104BA800080E01273CE79CFA8CF257400F42EBD1E4
:104BB8001A400CBF012100219A4208BF41F00101AF
:104BC8000029E1D16445DFD0D8F80F30002B3FF43D
:104BD80056AFDBB2581EDE288CBF002001207F2B89
:104BE80008BF002000287FF44AAF0D4A3146284606
:104BF800FEF710FC42E700BFC1C0C0C04C3E002019
:104C08006C3D0020CC3E0020343E0020F43E0020C5
:104C1800A43E0020603E0020203F00204C3F0020A2
:104C2800843F002030B1037A03F07F03042B04D0C3
:104C3800052B02D0002318467047D0E9003200B592
:104C480083B018460192009334F002F8DDE900328F
:104C5800904218BF0023184603B000BD00000000B2
:104C68002DE9F047037A9EB0044603F07F03023B28
:104C78003E2B40D8DFE813F0450045004C004C00BF
:104C88006E003F0033013F0074003F00BD003F004D
:104C98003F003F003F003F003F003F003F003F0014
:104CA8003F003F003F003F003F003F003F003F0004
:104CB8003F003F00F2003F003F003F003F003F0041
:104CC8003F003F003F003F003F003F003F003F00E4
:104CD8003F003F003F003F003F003F003F003F00D4
:104CE8003F003F003F003F003F003F003F003F00C4
:104CF8003F003F001E014868043048601EB0BDE810
:104D0800F08740684B68184448601EB0BDE8F087DB
:104D18004E68D0E90073013630464E60002B00F033
:104D2800248107EB030CBC4D17F8010B2224BB4B65
:104D38005A78824200F0128113F8024FAB42F7D141
:104D4800002800F01081701C6745486000F00D8154
:104D58000646E9E703784868002BCDD10530CCE753
:104D6800D0E900804E68002806DAD8F1000806F17C
:104D7800010660EB40004E60A94C4FF0CC334FF079
:104D8800050C0DF1760718EB0009C646054649F1F2
:104D98000009A4FB092A2AF0030202EB9A02A9EBF4
:104DA8000209B8EB090860F1000203FB08F004FBF4
:104DB8000200A8FB0482104408F001024FEA5808D8
:104DC800A2FB0C2A48EAC07812EB0902BEF10A0FCE
:104DD8004FEA500002F1300275F1000507F8012D85
:104DE800D1D20DF17603DB1B981948601EB0BDE8DF
:104DF800F08790ED007BB4EE477BF1EE10FA7FF47C
:104E08007AAFB5EE407BF1EE10FA00F0B88037EEDD
:104E1800076BB4EE467BF1EE10FA3FF46CAFB5EEDB
:104E2800C07BF1EE10FA40F1BE814E68B1EE476BDF
:104E38009FED755B0136B4EEC57B4E60F1EE10FA5E
:104E480040F261819FED725BB4EEC57BF1EE10FA22
:104E580080F28781B0EE467B002492E04B680668BA
:104E68000133002E00F086806B4CF56801334B60EF
:104E7800287878B1694B22275A78824269D013F88A
:104E8800027F9C42F8D14B6801334B6015F8010F43
:104E98000028EFD10233304601914B60FFF7E0FE66
:104EA8000199B6F90A204B68002A63D0013306EB52
:104EB8000216DAE74868246801304860002C54D0AC
:104EC80020460191FFF7CCFE0199B4F90A304868F1
:104ED800002B4AD0013004EB03144860F0E70DF1D1
:104EE8002E034F4C4FF0CC3A4FF005099E46D0E9BF
:104EF8000027D6191546BC4646F10006A4FB06084D
:104F080028F0030000EB9800361A921B67F10000A6
:104F18000AFB02F704FB0077A2FB0420074402F017
:104F280001005208A0FB090842EAC77280190A2D3D
:104F38004FEA570700F130007CF1000C0EF8010D24
:104F4800D7D24A68A3EB0E03981848601EB0BDE894
:104F5800F0874B68002F97D0023396E7002C3FF478
:104F6800EFAEB01CF0E6B01DEEE6013048601EB0B2
:104F7800BDE8F087581C48601EB0BDE8F0870024E3
:104F88004E68FCEEC76B16EE905A092D40F2E2808F
:104F98002B460822DFF88CE0214FA7FB0EC04FEA12
:104FA800D00E1846A7FB03C39446632802F1FF32CC
:104FB8004FEAD303F1D806EE90EA4FFA8CFCB8EE2C
:104FC800E66B05EE905AB8EE655B37EE457B27EE4B
:104FD800067BFCEEC76BB8EE665B16EE903A37EED2
:104FE800457B37EE077BBCEEC77B17EE107A1F4474
:104FF800774564D3013514B1092D00F2A28000274A
:10500800074BDFF824E019E000000000D01263C16C
:10501800F168E388B5F8E4BE803D0020723D0020C9
:10502800CDCCCCCC00CA9A3B99999919C7084FFAAC
:1050380082FC03FB07F2BEEB720F06D3BCF1000F34
:10504800A3FB07200CF1FF32F0DC0DF14600DFF87E
:10505800A0818646A8FB0532092D4FEAD20202EB51
:105068008203A5EB4303154603F130030EF8013D17
:10507800F0D8A0EB0E0030444860BCF1000F26D1F8
:10508800002C3FF43BAEA4B260DB01300DF15E07AB
:10509800574E48603D46A6FB0432092C4FEAD2021F
:1050A80002EB8203A4EB430394B203F1300305F847
:1050B800013DF0D848687F1B384448601EE64C4BD9
:1050C8004C4A07FB03F3B2EB730F99D2BDE70CF11F
:1050D800FF331EAA06AEDFF818E1DBB2A2EB030C21
:1050E800ACF1610CAEFB0725ED0805EB8502A7EBDB
:1050F80042022F46303206F8012D6645F2D10233BE
:1051080018444860BCE7B0EE467B3B4F00243B4860
:105118004FF4807207F140031519521093ED006B9C
:10512800B4EEC76BF1EE10FA04D82CB290ED006B18
:1051380027EE067B9F42A0F10800A3F10803EBD1FC
:105148001FE701340125002724B259E764420230E1
:10515800A4B29BE79FED206B4FF0090CDFF8A8E0A5
:105168002FE7B0EE467B264FB2EE045B25484FF49E
:10517800807207F140030024A51A521093ED006BCA
:1051880026EE056BB4EEC76BF1EE10FA04DD2CB217
:1051980090ED006B27EE067BBB42A0F10800A3F15F
:1051A8000803E9D1EDE69FED0E6BB4EEC67BF1EE98
:1051B80010FA01DB4E68A8E7B5EEC07BF1EE10FAF5
:1051C8007FF7DDAE9FED086BB4EEC67BF1EE10FA0B
:1051D8003FF6D5AE4E68C6E70000000065CDCD416C
:1051E80000000000D0126341F168E388B5F8E43E9E
:1051F800CDCCCCCC99999919B82F0060B02F00600C
:10520800702F0060F82F006000CA9A3B90B1037AB3
:1052180003F07F03082B03D00A2B01D0002070472E
:10522800D0E9003CBCF1000FF8D19942136034BFBB
:1052380000200120704700BF037A03F07F03043B7E
:10524800082B16D8DFE803F017172E153B15301575
:10525800050090ED007B9FED3E6BB4EEC67BF1EE52
:1052680010FA06DB9FED3C6BB4EEC67BF1EE10FA4C
:1052780044D90020704700B589B00023006869460A
:105288008DF80830FEF7A4FA9DF8083003F07F0384
:10529800043B082B24D8DFE803F0262655231C23DB
:1052A8004B23360000787047D0E9003213F10041F3
:1052B80042F10002002A0CBF184600207047D0E9CE
:1052C8000032B3F1004F72F1000228BF00231846E4
:1052D8007047DDE90003B0F1004F73F1000300D31C
:1052E800002009B000BD0023009804A98DF81830EB
:1052F800FEF76EFA04A8FFF79FFFF2E7FDEEC77B03
:1053080017EE900A70479FED126B9DED007BB4EE8F
:10531800C67BF1EE10FAE3DB9FED0F6BB4EEC67BB4
:10532800F1EE10FADCD8FDEEC77B17EE900AD8E74D
:10533800DDE9000310F1004243F10003002B18BF20
:105348000020CEE79DF80000CBE700BFAFF3008058
:10535800000000000000E0C10000C0FFFFFFDF41C7
:10536800037A03F07F03043B082B1AD8DFE803F025
:105378001B1B3219051905190B00D0E90003002B76
:1053880018BF0020704790ED007BB5EEC07BF1EEB2
:1053980010FA06DB9FED2A6BB4EEC67BF1EE10FA2D
:1053A8001DD90020704700B589B000230068694600
:1053B8008DF80830FEF70CFA9DF8083003F07F03EB
:1053C800043B082B08D8DFE803F00F0F2D0735073B
:1053D80030071A0000787047002009B000BDFCEEC5
:1053E800C77B17EE900A70470023009804A98DF830
:1053F8001830FEF7EDF904A8FFF7B2FFEDE79DEDD1
:10540800007BB5EEC07BF1EE10FAE5DB9FED0C6B8F
:10541800B4EEC67BF1EE10FADED8FCEEC77B17EED1
:10542800900ADAE79DF80000D7E7019B002BD3D15B
:105438000098D2E7DDE90003002B18BF0020CCE775
:105448000000E0FFFFFFEF41002A18BF002B2DE905
:10545800F04F1D4614BF01230023ADB01446064685
:105468008B469A4641D100283AD03768B8465FB390
:10547800D8F80C90B9F1000F04D0484633F0E8FB97
:105488000D280ED0B8F90A30EBB108EB0318D8F89C
:105498000C90B9F1000FF5D0484633F0D9FB0D2830
:1054A800F0D1A14B09F1FF3209F10C0C01E0944550
:1054B8000AD01878013312F8011F8842F7D0B8F9DA
:1054C8000A30002BE1D198464046012105AAFFF792
:1054D8009DFE10B1059B012B19D0BAF1000F0FD119
:1054E800002738462DB0BDE8F08F00231370002840
:1054F800BBD18E4B29468E4A204632F06BFBEFE734
:105508008C4B29468A4A204632F064FBE8E767B3A9
:10551800B946B046D9F80C6026B1304633F098FB4E
:105528000F280DD0B9F90A30FBB109EB0319D9F8E6
:105538000C60002EF6D0304633F08AFB0F28F1D1EC
:105548007D4B721E06F10E0C1878013312F8011FFC
:105558008842E7D16245F7D199F80830464603F00A
:105568007F03042B0BD0052B09D0BAF1000FB7D05D
:10557800724B29466E4A204632F02CFBB0E7D9E937
:1055880000381846019333F063FB4045EDD101988C
:105598006B4933F02DF90028E7D1A1463C46542247
:1055A800684917A82CF05EFFD4F80C80B8F1000FFA
:1055B80004D0404633F04CFB0A281DD0B4F90A3019
:1055C8003BB104EB0314D4F80C80B8F1000FF0D110
:1055D800F4E74C469846404605AAFF21FFF716FE19
:1055E800D0B9BAF1000F3FF47BAF574B2946504A68
:1055F800204632F0EFFA73E7544B08F1FF3208F116
:10560800090C1878013312F8011F8842D6D1944545
:10561800F7D1A0464C46DEE7A1463C46059BD4F8A8
:105628000C808DF85C30B8F1000F04D0404633F0A0
:105638000FFB09282BD0B4F90A303BB104EB031453
:10564800D4F80C80B8F1000FF0D1F4E74C46984636
:10565800404605AA3C21FFF7D9FD40B3059B33B36B
:10566800B846A94625468DF85D30D8F80C4024B1D7
:10567800204633F0EDFA072831D0B8F90A300BB3D9
:1056880008EB0318D8F80C40002CF1D1F5E7304AA4
:1056980008F1FF3308F1080C13F8011F12F8010F85
:1056A8008842C8D16345F7D1A0464C46D0E7BAF145
:1056B800000F3FF415AF274B29461D4A204632F00C
:1056C80089FA0DE72C464D46BAF1000F3FF408AFB2
:1056D800214B2946164A204632F07CFA00E7631E21
:1056E80004F1060C1D4A13F8011F12F8010F884235
:1056F800C3D19C45F7D198F808302C464D469A06F8
:10570800E2D5A046FC6824B1204633F0A1FA072868
:1057180026D0B7F90A30002B56D007EB0317FC68E0
:10572800002CF1D1F5E700BFCC3F0020AC3F0020B2
:105738006C3D0020EC3F0020DC3F0020144000209E
:10574800CC3C0020E40700205040002044400020CA
:10575800774000208C400020B0400020834000208B
:10576800631EA21D934913F8010F11F801CF844558
:10577800CFD19342F7D13B7A44469B0619D53B6873
:105788000293B3B19846A9462546D8F80C4024B1EF
:10579800204633F05DFA042818D0B8F90A3033B13E
:1057A80008EB0318D8F80C40002CF1D1F5E72C468B
:1057B8004D46BAF1000F3FF493AE7F4B29467F4A1E
:1057C800204632F007FA8BE64446F2E77C4A631E2D
:1057D800E01C92F800E0013213F801CFE645DCD175
:1057E8008342F6D198F808302C464D4603F07F03E3
:1057F800062BDED138467249FDF75CFE034610B130
:10580800FEF716FE03460DF15F020DF12C0C8DF824
:105818005E30A14606920DF163026A4B0DF118083D
:1058280007920DF1670264462F4608920DF16B024C
:10583800039609920FCB8CE80F002668002E46D0FD
:105848003046BA4633F004FA029DCDF80480A046EB
:10585800EC68374606466CB1204633F0F9F9B04299
:1058680040D0B5F90A30002B34D005EB0315EC68AD
:10587800002CF1D1002EF4D12B7A44465746DDF89E
:10588800048003F07F03043B012B20D82B681846C3
:10589800019333F0DDF96A68904218D1D8F8000016
:1058A8000DF13C0E019B00210A4693F800C002EB63
:1058B8008205ACF130060CEB4505092E21D80131E3
:1058C800A5F130020133042901D0FF2AEDD94C4655
:1058D8003D4601E04C4655463B4A29462046FDF7E1
:1058E80099FDFDE5002EC7D07A1E631E941901E0CC
:1058F800A242C1D012F8010F13F8011F8842F7D055
:10590800AFE70029E3D00EF8012B10AA964504D082
:10591800BCF12E0FDBD10133C5E7BCF1000FD6D1A6
:105928000F9B043408F1040803600FAB9C4284D138
:10593800039E4C4625493D463046FDF7BBFDA8B1C0
:10594800037A580612D521493046FDF7B3FD68B1F0
:10595800037A03F060034BB103683BB10022B3F94B
:105968000A70013247B103EB0713F8E7184A2946D2
:105978002046FDF74FFDB3E5082AF7D11349304615
:10598800FDF798FD58B3037A590628D5D0F800805A
:10599800B8F1000F23D0A146AA46CDE9017698F8C0
:1059A80008309A0679D40B4A51464846FDF732FD2D
:1059B80096E500BF83400020D44000206C3D0020C5
:1059C800CC40002038080020F44000207843002014
:1059D8002C41002058410020029E4C4655462A463C
:1059E800214617A8FFF708F8074600283FF478ADC6
:1059F8004FF00008202200210FA832F011FB17AA4F
:105A08000FAB41460192107D08F1010843F8041BD1
:105A180008B1D08A0144B8F1080F02F10802F2D1A6
:105A28009F493046FDF746FD00287BD0037A5B0688
:105A380078D50368002B75D0A146AA461C46237A60
:105A4800984913F0200F14BF254600252846FDF776
:105A580031FDD8B193492846FDF72CFD05AA4FF42E
:105A68001651FFF7D3FB002854D08F492846FDF77D
:105A780021FD034610B1FFF773FC03462CA9059AD4
:105A880001EB830353F8743C934243D1B4F90A30D1
:105A9800002B45D004EB0314D1E783494046FDF7BA
:105AA80009FD05AA0721FFF7B1FB68B3059D019B16
:105AB80023FA05F717F0010720D17C494046FDF786
:105AC800F9FCFFF7AFF898B1794932F091FE78B94F
:105AD80078494046FDF7EEFC20B1037A03F07F03D6
:105AE800062B6FD0744A51464846FDF793FCF7E4FD
:105AF800724A51464846FDF78DFCF1E4704A51461A
:105B08004846FDF787FCEBE46E4A51464846FDF7E8
:105B180081FCE5E46C4A51464846FDF77BFCDFE42E
:105B28004C46554669493046FDF7C4FCC0B1674943
:105B38003046FDF7BFFC05AA4FF41651FFF766FB88
:105B4800002833D017AB08210022187D08B1D88A65
:105B58000244013903F10803F7D1059B934225D18B
:105B68005B493046FDF7A6FCD0B159493046FDF7F0
:105B7800A1FC05AA4021FFF749FBE8B10022AA21B0
:105B88000198037D23B1C38AA933B3FBF1F31A4407
:105B9800B8F1010800F10800F3D1059B93420BD13D
:105BA800542217A958462CF05DFC9AE4494A294624
:105BB8002046FDF72FFC93E4474A29462046FDF787
:105BC80029FC8DE445494046FDF774FC002889D03E
:105BD800037A03F07F03062B84D136494046FDF74C
:105BE80069FC08B1FEF724FCAC1C2CAA03463B490F
:105BF80002EBC402404602F8503CFDF75BFC02464B
:105C080010B1FEF715FC02462CAB3049404603EBB9
:105C1800C40606F8492CFDF74DFC05AA4FF4966119
:105C2800FFF7F4FA00286CD0059A40462C4926F86C
:105C38004E2CFDF73FFC05AA47F6FF71FFF7E6FA81
:105C4800002857D0059A4046264926F84C2CFDF7DF
:105C580031FC05AAFF21FFF7D9FAD8B10622224B59
:105C680002FB05335A78059B9A4213D11F494046D7
:105C7800FDF720FC70B1037A03F07F03082B47D0AF
:105C88000A2B07D1036813F10043436843F100036B
:105C9800002B44D0164A51464846FDF7BBFB1FE48B
:105CA800784300200443002078410020084A00205F
:105CB800A8410020D8410020E8410020B041002040
:105CC800944100207C410020104300201042002015
:105CD800804300205043002090430020E0410020F2
:105CE8003842002068420020FC3C0020704200201E
:105CF8007C420020324A51464846FDF78BFBFFF7AD
:105D0800EFBB304A51464846FDF784FBFFF7E8BB36
:105D1800D0E90023B2F1004F73F10003BAD22A4947
:105D28004046FDF7C7FB0028B4D0FFF785FA0130DD
:105D3800B0D126494046FDF7BDFBFEF773FF58B1C9
:105D480003940446224E31682046043632F050FD52
:105D580048B10137062FF6D11E4A51464846FDF78D
:105D680059FBFFF7BDBB039C2CAB1B49404603EB1B
:105D7800C40404F84A7CFDF79DFB68B11649404607
:105D8800FDF798FB05AA3C21FFF740FA88B19DF87A
:105D98005D20059B9A420CD1B8F90A30002B3FF4DC
:105DA8001BAE08EB03180123019AAB401A4301927A
:105DB800F5E50A4A51464846FDF72CFBFFF790BB2C
:105DC800484200201C42002070420020543E00201F
:105DD800F8090020B442002078400020D04200207A
:105DE800B4EE400B2DE9F04FF1EE10FA87B040F019
:105DF8001D81B5EE400BF1EE10FA48D10026D0E92E
:105E08000095FCEEC07B17EE90CABCF1090F40F27A
:105E1800BC8163460821C04AC04FA7FB02421C460A
:105E2800A7FB03E38E46632C4FEAD20201F1FF3150
:105E38004FEAD303F1D807EE902A4FFA8EFEB8EE58
:105E4800E76B07EE90CAB8EE677B30EE470B20EEA3
:105E5800060BFCEEC07BB8EE676B17EE901A30EEBF
:105E6800460B30EE000BBCEEC00B10EE103A0B44A4
:105E78009342C0F0D2800CF1010CDEB3BCF1090FE3
:105E880038D9013600234FF0010C36B233E030EE3A
:105E9800007BB4EE470BF1EE10FA00F0DC80B5EEB3
:105EA800C00BF1EE10FA40F19C81D0E900954D4508
:105EB80080F06981691C2D23012241602B70D0E993
:105EC80000959FED916B8368B1EE407BB4EEC60BF5
:105ED80013448360F1EE10FA40F237819FED8C6B2A
:105EE800B4EEC60BF1EE10FA80F25981B0EE470B12
:105EF800002686E70023894A894F07E0E3084FFA1E
:105F080081FE02FB03F1B7EB710F06D3BEF1000F60
:105F1800A2FB03140EF1FF31F0DC0DF116087F4FE0
:105F28004446A7FB0C21BCF1090F4FEAD10101EB54
:105F38008102ACEB42028C4602F1300204F8012DDA
:105F4800EFD84D45AA46A8EB040C80F02481BCF19B
:105F5800000F00F020812946274602E0026891429E
:105F68000CD217F8015B01F10109ACEB0702C0F88C
:105F780004900D70D44241680D46EFD1A1EB0A0A96
:105F880082680AEB02048460BEF1000F78D1002E0B
:105F980040D0D0F800904D4580F0B1806B1C436034
:105FA80065232B700123D0E900958268002EB1B2D9
:105FB80013448360C0F2BA804446584FA7FB0132AD
:105FC80009294FEAD20202EB8203A1EB430391B203
:105FD80003F1300304F8013DF0D84D45A8EB040166
:105FE80080F0A280002900F09F802B46224602E024
:105FF8000668B3420AD212F8017B03F1010C8E1A2B
:10600800C0F804C01F70F4424368F1D15B1B82687A
:106018001A44826007B0BDE8F08F404A404903FB4C
:1060280002F2B1EB720FBFF466AF76E7D0E9003643
:106038009E4279D2334604223A4900E04AB15D1CB7
:1060480011F8014B013A45601C70D0E90043A342A6
:10605800F4D39B1BDBE7D0E900369E4264D233467B
:106068000422304901E0002AF3D05D1C11F8014BED
:10607800013A45601C70D0E90043A342F3D3E8E736
:106088000EF1FF3E06AA0DF1100CDFF890A05FFAA2
:106098008EFE6746A2EB0E09A9F10909AAFB032B9C
:1060A8004FEADB0B0BEB8B02A3EB42025B46303271
:1060B80007F8012D4F45F1D106AAACEB0E03A2EB70
:1060C8000E0E2E22023B0EF80A2C0268ACEB0307D8
:1060D800954210D27FB103EB070C02E002689542AB
:1060E80008D21A4601336C1C1278634544602A7042
:1060F8004568F3D18468691A2144816047E7002321
:1061080053E700BFAFF3008000000000D01263C166
:10611800F168E388B5F8E4BE00CA9A3BCDCCCCCC94
:1061280099999919943D0020002370E74D4508D2AC
:106138006B1C43602D232B70D0F80090D0E90153DD
:1061480001334942836089B236E7B0EE470B384FD6
:10615800002638494FF4807207F140039419521011
:1061680093ED007BB4EEC07BF1EE10FA04D826B2B2
:1061780091ED007B20EE070BBB42A1F10801A3F1D2
:106188000803EBD13DE600229BE69FED236B4FF021
:10619800090E294A55E629464FF0000AF0E6B0EE06
:1061A800470B264FB2EE046B25494FF4807207F176
:1061B80040030026B41A521093ED007B27EE067BAD
:1061C800B4EEC07BF1EE10FA04DD26B291ED007B4F
:1061D80020EE070B9F42A1F10801A3F10803E9D1C2
:1061E8000FE69FED0F7BB4EEC70BF1EE10FA02DB62
:1061F800D0E90095ABE7B5EEC00BF1EE10FA7FF7EA
:10620800FDAD9FED097BB4EEC70BF1EE10FA3FF63A
:10621800F5ADD0E90095C4E70000000065CDCD419B
:1062280000000000D0126341F168E388B5F8E43E4D
:10623800B82F0060B02F006000CA9A3B702F006032
:10624800F82F00602DE9F04F027A89B00B4602F072
:106258007F02023A3E2A40D8DFE812F05A005A007C
:106268007500750055013F006F013F00C0003F00F9
:1062780017013F003F003F003F003F003F003F0045
:106288003F003F003F003F003F003F003F003F000E
:106298003F003F003F003F0022013F003F003F001A
:1062A8003F003F003F003F003F003F003F003F00EE
:1062B8003F003F003F003F003F003F003F003F00DE
:1062C8003F003F003F003F003F003F003F003F00CE
:1062D8003F003F003F003F002901D3E90025AA42C3
:1062E80040F279812A460421BC4800E049B1561C95
:1062F80010F8014B01395E601470D3E90042A242E4
:10630800F4D3521B99685018986009B0BDE8F08F13
:10631800D3E900244568A24240F25D81002D00F0D7
:106328005A8106682246314602E01868824208D23D
:1063380011F8010B571C5F601070681A5A68C64242
:10634800F3D1121BDEE7D3E9001CD0E900568C45D7
:1063580080F0B9810CF1010201205A6022228CF8E8
:106368000020D3E9001C9A6802449A6036B30A46B2
:106378002E4461469A4CAE4694461EF8010B2225DF
:10638800984A5778874200F0338112F8025F9442A6
:10639800F7D18846002800F04881614580F0658182
:1063A8004A1C5A6001220870D3E900C19868024467
:1063B800B6459A60E1D162468C4611468C4580F01C
:1063C80056810CF101012222012059608CF800202D
:1063D8009A681044986009B0BDE8F08FD0E900458C
:1063E800D3E9001C002D22462846C0F259810DF140
:1063F8001E06DFF8F8E14FF00508344615189146F7
:10640800074645F10005AEFB05AB2BF0030A0AEB86
:106418009B0AA5EB0A05521B60F1000A4FF0CC302D
:1064280000FB02F00EFB0A00A2FB0EA210440AF0C9
:1064380001024FEA5A0AA2FB082B5519B9F10A0FB3
:106448004AEAC07205F1300577F100074FEA5000BB
:1064580004F8015DD2D28C45A6EB040680F0BB801F
:10646800002E00F0B8806246214602E01868824299
:1064780008D211F8010B551C5D601070701A5A682B
:10648800C442F3D1A2EB0C023CE790ED000B184696
:106498000193FFF7A5FC019B986809B0BDE8F08F50
:1064A8000146184600F01CF909B0BDE8F08FD3E9A1
:1064B80000128A4280F009815B21541C5C601170D3
:1064C80001219A6804680A449A60002C00F0C3808D
:1064D8002C251E4620463146FFF7B4FEB4F90A3093
:1064E800012204EB0314002B00F0B480D6E900135A
:1064F8008B4203EB020180F0BC8071601D70B368B1
:106508001344B360E6E70278D3E90015002A00F0E7
:10651800B2808D425FD22A460421334802E0002926
:106528003FF4EFAE561C10F8014B01395E60147051
:10653800D3E90042A242F2D3E3E6D0E900280DF104
:106548001E062A484FF0CC3E05273446C14612EBBA
:10655800090894464D4648F10008A0FB081A2AF09D
:10656800030101EB9A01A8EB0108B2EB080269F1FB
:1065780000010EFB02F900FB0199A2FB00218944EE
:1065880002F001015208A1FB071A42EAC97211EB95
:106598000801BCF10A0F4FEA590901F1300175F100
:1065A800000504F8011DD2D2361BD3E90025954217
:1065B80011D286B12A46214603E018688242BFF408
:1065C800A0AE11F8010B571C5F601070701A5A6862
:1065D800C442F2D195E6002294E600BF943D002023
:1065E800803D0020723D0020843D0020CDCCCCCCE5
:1065F8008846002D3FF4CEAE614514D24A1C5A603D
:106608004FF05C020A709A68D3E900C10132614513
:106618009A60BFF4CDAE4A1C5A600D709A68D3E9EF
:1066280000C10132C4E69A68C2E661454FD20A4603
:106638000620294D00E050B1571C15F8011B013800
:106648005F601170D3E900C262451146F3D3A2EB33
:106658000802ABE63346D3E900128A4207D2541C3B
:106668005D2101205C601170B2E600229EE60020E8
:10667800AEE6002243E78D42BFF444AE2A46052128
:10668800164802E000293FF43CAE561C10F8014BB6
:1066980001395E601470D3E90042A242F2D330E6B9
:1066A8008C4516D20CF1010201265A602D228CF875
:1066B8000020D3E9001C644222469C6865EB450033
:1066C80034449C6093E600204DE60021F9E602463A
:1066D8006CE60026EFE700BFC44300208C3D002095
:1066E8002DE9F047044640682568854240F29780C6
:1066F800421C7B2362600370A3680F680133D4E9EE
:106708000050A360002F7AD0A8424FF0220A474ECB
:10671800FA6855D2431C0121636080F800A0D4E9CF
:106728000050A3680B44A3601178D9B196464FF086
:106738005C083F4B4FF022095A788A4242D013F83E
:10674800029F9E42F8D1854255D9421C01236260BE
:106758000170D4E90050A2681344A3601EF8011F19
:106768000029E6D1A84256D2431C636080F800A0F5
:106778002168D4E9012301338A42A36005D23A2370
:10678800511C61601370A3680133A3602146384629
:10679800FFF758FDB7F90A30D4E900507BB3A84297
:1067A80007EB031739D2411C2C23012261600370C7
:1067B800D4E90050A368A8421344FA68A360A9D397
:1067C8000021AEE7B9F1000FBDD0A84215D2431C95
:1067D800636080F800802568D4E901030133A8428A
:1067E800A360BAD2431C636080F800902568D4E99E
:1067F80001030133B1E70023ADE7A368ADE7A84281
:1068080011D2411C7D22012361600270A268981890
:10681800A060BDE8F087A368B7E70022CAE70F6861
:10682800002F7FF471AF0023F0E700BF803D002008
:10683800723D00202DE9F843037A13F07F0405D058
:1068480013F0200709D13846BDE8F88323F07F0309
:1068580043F02003C0E9004403720F460029F2D038
:10686800076816460D468146CFB1084632F0F0F962
:10687800FC68804664B1204632F0EAF9404526D0EB
:10688800B7F90A305BB107EB0317FC68002CF2D1AB
:10689800B8F1000FD7D0B7F90A30002BF3D1D6E9F9
:1068A800013210339A4228D3A2F11007D9F80430E4
:1068B800B760FBB1F91A091159810023C9F80470AE
:1068C80042F8045C22F8063C02F8083CBBE7B8F141
:1068D800000FB8D06B1E04F1FF3C08EB030213F85D
:1068E80001EF1CF8014FA645CAD19342F7D13846AB
:1068F800BDE8F883C9F80070DFE701230027337487
:10690800A1E700BF2DE9F041344C1546344A88B060
:1069180023680646884602F118000133314923608E
:106928000024136814745360D368936092F820307D
:1069380023F07F0382F82030FFF77CFF30B1037A21
:10694800047023F07F0343F006030372244A2649A8
:1069580002F11800FFF76EFF044650B1284632F0E6
:1069680077F9237A23F07F0343F00403C4E9005046
:10697800237241F6A86543F6A864002704A975198F
:1069880034191A480697CDE90445FFF75BFCB0F5C2
:10699800005F0246434638BF2F54204606F5804420
:1069A80002924FF40071C4F8B0200022C4F8B85025
:1069B800C4F8AC20C4F8B4200D4A03920D4A0192E1
:1069C8000D4A00920D4A31F005F90123C4F8A800D8
:1069D80086F8263008B0BDE8F08100BFDC6B0320E4
:1069E800D03A0220CC430020D0430020E83A0220CD
:1069F800803D0020E43D0020C8440020D84300200A
:106A0800254B30B51C7C8BB0054644B906A903F16B
:106A180018000794FEF724F9B0F5005F08D31F4A61
:106A28004FF4FA7128460BB0BDE83040FFF76ABF53
:106A380041F6A86243F6A86306A91948AA18EB18F4
:106A480008940792059206930493FFF7FBFBB0F5B1
:106A5800005F0146DDE9043238BF145405F580446F
:106A680002911846C4F8B82000230E4AC4F8B4307E
:106A7800C4E92B3103924FF400710B4B0B4A01937D
:106A8800C82300920A4A31F0A5F80123C4F8A800E7
:106A980085F826300BB030BDD03A0220DC44002007
:106AA800E83A0220803D0020E43D0020F044002028
:106AB800D8430020000000002DE9F04F91B0804637
:106AC8000F461446CDE90A12002944D0A249384697
:106AD800FFF7B0FE48B1037A012223F07F0343F0A9
:106AE800080303720023C0E9002322469B49384665
:106AF800FFF7A0FE002800F07B82037A224698491F
:106B080023F07F0343F004030372964B03601523BD
:106B18004360384698F80050FFF78CFE002800F0D4
:106B28007182037A056023F07F0343F00803037240
:106B38000023436098F8015022468B493846FFF7F6
:106B480079FE40B1037A056023F07F0343F0080320
:106B580003720023436008F11C05464608F15C09EE
:106B68004FF0000A2B4613F8082C12B133F8062C04
:106B7800924408339945F6D17FB122467B4938467D
:106B8800FFF758FE48B1037AC0F800A023F07F034E
:106B980043F008030372002343604FF0000A744A6D
:106BA80015F8083C33B135F8063CA933A2FB0313AA
:106BB8000AEBD31A0835A945F2D1002F00F0258237
:106BC80022466C493846FFF735FE48B1037AC0F8CB
:106BD80000A023F07F0343F00803037200234360FF
:106BE800224665493846FFF725FE0546002800F08D
:106BF8000C82037A2246614923F07F0343F0200385
:106C08000372002398F80290C0E90033FFF712FEE0
:106C180038B1037A80F8009023F07F0343F006032D
:106C2800037298F806301021554A0CA8029398F878
:106C38000530019398F80430009398F8033030F049
:106C4800C9FF22464F492846FFF7F4FD20B1024606
:106C58000CA92046FCF76AFB98F80A301021484A2C
:106C68000CA8029398F80930019398F8083000931B
:106C780098F8073030F0AEFF224643492846FFF720
:106C8800D9FD20B102460CA92046FCF74FFB98F825
:106C98000E3010213A4A0CA8029398F80D3001934F
:106CA80098F80C30009398F80B3030F093FF224698
:106CB80036492846FFF7BEFD20B102460CA92046FA
:106CC800FCF734FB98F8123010212D4A0CA80293D7
:106CD80098F81130019398F81030009398F80F3015
:106CE80030F078FF224628462949FFF7A3FD20B156
:106CF80002460CA92046FCF719FB384625492246CE
:106D0800FFF798FD074640B1037A23F07F0343F06D
:106D1800400303720023C0E9003308F140013A46FA
:106D2800CDF824804FF0000E089100270021DFF8ED
:106D380068809ABB307DF38A00B19E44013706F122
:106D48000806089B08F1060841F100019E42F0D1AF
:106D580011B0BDE8F08F00BFCC3F0020DC3F002021
:106D680044400020CC3C0020784000201042002005
:106D7800C1C0C0C08043002084400020CC40002017
:106D8800F4440020008F00200C450020044500201A
:106D98000045002078430020FC3C002063680491F3
:106DA800CDE906E203F11002A3689342C0F00E8118
:106DB8000798A3F110054268A560002A00F0108129
:106DC800A91A0911518145600022B549284623F8BE
:106DD800062C43F8042C43E90422202203F8082C4B
:106DE8002246FFF727FD40B1049B07604360037A02
:106DF80023F07F0343F0080303722246A94928467B
:106E0800FFF718FD002800F0CA80A74B0360037A3B
:106E180023F07F0343F0040303720723436096F8CB
:106E280014B02246A1492846FFF704FDF38A0593CA
:106E380038B1037A80F800B023F07F0343F00603EB
:106E4800037222469A492846FFF7F4FCB6F818A0C0
:106E580048B1059B0360037A23F07F0343F00803DE
:106E6800037200234360224692492846FFF7E2FC5A
:106E780098F8019048B1037AC0F800A023F07F0386
:106E880043F0080303720023436022468A492846D8
:106E9800FFF7D0FC48B1037AC0F8009023F07F03D5
:106EA80043F00803037200234360224683492846BF
:106EB800FFF7C0FCB27E00285CD0037A052A23F0D5
:106EC8007F039FED757B43F00A0380ED007B03721F
:106ED80052D922467A492846FFF7ACFC824660B16F
:106EE8000720DFF8F8919AF8083023F07F0343F081
:106EF8000403CAE900908AF80830224671492846F6
:106F080096F81B90FFF796FC38B1037A80F800904A
:106F180023F07F0343F00603037222466A4928469A
:106F2800FFF788FC002857D0069B0360037A23F0FC
:106F38007F0343F00803037200234360099B93F81F
:106F48000190284622466149FFF774FC48B1037A4C
:106F5800C0F8009023F07F0343F008030372002376
:106F68004360BBF1000F1DD0079A0499DDE9053E87
:106F78009E44E3E6052AACD8554B2846504953F8B9
:106F880022902246FFF756FC82460028B5D0B9F178
:106F9800000F29D1037A23F07F030372ADE796F837
:106FA80014B03EE70137049B06F1080608F106080D
:106FB80043F100030493089B9E423FF4C9AE636803
:106FC80003F11002A3689342BFF4F2AE01230499BF
:106FD800DDE906E22374ADE6099B93F80190B0E77A
:106FE800079AC2E90055EFE6484631F031FE7AE7E4
:106FF80022463849384698F80050FFF71BFC00280D
:107008007FF48FAD98F8015096E598F80630102176
:10701800314A0CA8029398F80530019398F8043087
:10702800009398F8033030F0D5FD98F80A302A4AD2
:10703800102102930CA898F80930019398F80830A9
:10704800009398F8073030F0C5FD98F80E30224AC2
:10705800102102930CA898F80D30019398F80C3081
:10706800009398F80B3030F0B5FD98F812300CA862
:10707800194A0293102198F81130019398F81030AA
:10708800009398F80F3030F0A5FD002F3FF445AE7F
:1070980033E600BFAFF30080FFFFFFFFFFFFFFFFF6
:1070A80078410020084A0020A8410020D84100204B
:1070B8001042002038420020684200207042002020
:1070C800543E0020E0410020044300207840002086
:1070D800F809002044400020F4440020A047002084
:1070E800F8B5057A15F0200518D061B30568ADB17B
:1070F80008460E4631F0ACFDEC68074664B1204600
:1071080031F0A6FDB8420ED0B5F90A3043B105EB0F
:107118000315EC68002CF2D1002FF5D12846F8BDF4
:107128001D462846F8BD002FF8D0731E621E03EBDB
:10713800070C01E06345F1D013F8014F12F8010F75
:107148008442F7D0E0E70D46E8E700BF2DE9F047B5
:10715800DFF87482D0B08D4C0546D8F8003041F67F
:107168003C6094F820704FF0000A013341F64469FE
:1071780007F080072818C8F8003005EB09062368CF
:1071880083496360E36884F810A0A36084F82070E2
:1071980031F02EFB002854D17E49304631F028FBCF
:1071A8008246002800F0A9817B49304631F020FB57
:1071B8008246002800F00A817849304631F018FBF1
:1071C800002800F0BA8115F809302F2B40F0D7803D
:1071D8007378002B40F0D380714E724C304604F126
:1071E800200753B1A74200F07F8154F8101F31F0F7
:1071F800FFFA03463046002BF4D1626843F6A860D4
:1072080001922818D4E9021205F580440292C4F8C4
:10721800B8106549C4F8B430C4E92B32634AC823AE
:1072280003914FF400710092614A30F0D3FCB0F53D
:10723800007F80F0EC810123C4F8A80085F826308F
:107248009AE005F5805005F130034FF4C06208AFAD
:10725800D0F8381EADF814200B44ADF82C2004F1FA
:107268001801C2F307223B60D0F8A43E20A820945E
:107278008DF890A08DF899A0259727947B60C7F882
:1072880008A0FCF73FFCD7E901C258B99DF898302F
:107298001BB194F82030190704D4624520D24FF06E
:1072A800000E03E0624561D24FF0010E531E3968AB
:1072B800002019440132BA6011F8013F092B08D0A7
:1072C800202B06D00A2B18BF0D2B14BF0123002337
:1072D80018439445EED8002848D1BEF1000F45D197
:1072E80094F820309B0641D50021C02220A830F018
:1072F80097FE2849304631F07BFA002800F0628179
:107308002C49304631F074FA002800F036812A49B9
:10731800304631F06DFA002800F07F812749304669
:1073280031F066FA002800F0EF812549304631F047
:107338005FFA002840F0EB81A769002F00F0038274
:10734800B846D8F80C602EB1304631F081FC0628DA
:1073580000F06F81B8F90A30002B00F0F48108EBD7
:107368000318D8F80C60002EEED1F3E7154A4FF455
:10737800C8712846FFF7C6FA50B0BDE8F08708493B
:10738800304631F035FA034627E700BFD03A0220ED
:10739800303E0020204500202C450020C845002014
:1073A80014450020043C0020E8450020F04400205B
:1073B800D843002034460020404600204C46002098
:1073C8005846002024460020E06B032004F11806EC
:1073D80047F020070C940B9684F82070C4E9060047
:1073E800DDE90B0102F0B8FB22463046AE49D8F879
:1073F8000040FFF71FFA38B1037A23F07F0343F008
:107408000803C0E9004A0372A84AA94BA94902F136
:1074180018001C68FFF70EFA40B1037A00220460D6
:1074280023F07F03426043F0080303729F4AA24B94
:10743800A24902F118001C68FFF7FCF940B1037A71
:107448000022046023F07F03426043F008030372C4
:10745800964A9B4B9B4902F118001C68FFF7EAF912
:1074680040B1037A0022046023F07F03426043F0B6
:10747800080303728D4A944B944902F118001C6862
:10748800FFF7D8F940B1037A0022046023F07F03A4
:10749800426043F008030372844A8D4B8D4902F120
:1074A80018001C78FFF7C6F930B1037A047023F08E
:1074B8007F0343F0060303727C4A874B874902F136
:1074C80018001C68FFF7B6F940B1037A002204607F
:1074D80023F07F03426043F008030372284650B04C
:1074E800BDE8F047FFF78CBA7D4A4FF4CA712846C9
:1074F800FFF708FA50B0BDE8F08701F05DFE236899
:1075080084F810A06360E368C4F818A0A36094F836
:107518002030C4F81CA023F07F030794183443F0EC
:10752800200323720694DDE90612FFF7C5FA284600
:1075380050B0BDE8F047FFF763BA05F58044029004
:10754800684BC4F8B800C4F8B4006749674AC4E98E
:107558002B0043F6A8600393CC232818CDE900211B
:10756800634A4FF4007130F035FB4FF48272012307
:10757800C4F8A82085F82630FEE6C02120A801F02E
:10758800DFFE00284ED094F82030216823F07F03D6
:10759800E068464A84F8203000236160A06002F168
:1075A800180054492374FFF745F938B1037A0122CA
:1075B80023F07F03027043F0060303722846FFF7A7
:1075C8001FFAD9E654224C490BA82AF04BFF4B4925
:1075D8000DF142020DF182004B680832083142F881
:1075E800083C9BB2003B18BF012302F80A3C8242C8
:1075F800F2D1C02320AA0BA94148FDF725FF002896
:107608004AD0C0220BA820A901F0DAFDB9E7284624
:1076180050B0BDE8F047FBF781BFC02120A801F0BA
:107628000FFFAEE720AA40F299112846FFF76AF942
:10763800A2E6721E334B05361878013312F8011F83
:1076480088427FF487AE9642F6D198F8083003F066
:107658007F03082B00F0BA800A2B74D1D8F80430C5
:10766800002B70DB002BCCBF00230123002B6AD03A
:10767800B846D8F80C6026B1304631F0E9FA072848
:1076880068D0B8F90A30002B5DD008EB0318D8F899
:107698000C60002EF0D1F4E720AA4FF4C8712846F8
:1076A800FFF730F968E600BF38450020D03A0220DD
:1076B800DC6B032048450020E46B0320584500207C
:1076C800E86B032068450020C86B03207C45002038
:1076D8003884032094450020C46B0320B045002063
:1076E80018460020803D0020D8450020C8440020CE
:1076F800D8430020CC430020E40700204C3C002065
:10770800E83A0220AC42002002F0EAF83BE74D4993
:10771800304631F06DF800287FF4E6AEC02120A88D
:1077280002F038F92DE7721E474B053618780133F9
:1077380012F8011F88422ED19642F7D14046FDF734
:107748000FFE082831D9414A4FF4C8712846FFF77F
:10775800D9F811E6731E3E4A063613F8011F12F8CF
:10776800010F88428DD19E42F7D198F8083003F076
:107778007F03082B61D00A2BE5D1D8F80430002B01
:10778800E1DBE0DCB846D8F80C6026B1304631F0D1
:107798005FFA0628C7D0B8F90A3033B108EB0318E6
:1077A800D8F80C60002EF1D1F5E7FE6826B1304616
:1077B80031F04EFA07280FD0B7F90A30002BC2D0A3
:1077C80007EB0317FE68002EF1D1F5E7D8F804306F
:1077D800B3FA83F35B0949E7731E1D4A063613F8AB
:1077E800011F12F8010F8842E6D1B342F7D138469B
:1077F800FDF7B6FD0028A6D016491748FFF770FC1C
:1078080020B1FDF7ADFDB0F5167F9CD80E491248A2
:10781800FFF766FC08B1FDF7A3FD0E4906460E48C2
:10782800FFF75EFC014610B1FDF79AFD01463046B0
:10783800C02320AA01F000FFA3E6D8F80430002BEB
:10784800A0D080E790460020AC4200206C46002083
:107858006346002064460020E83A02202DE9F04FF4
:107868008FB09B4C2AF07AFB9A4B83469A4D9B4EDD
:1078780041F287391F6840F2DB5ADFF8888294F8B2
:107888002430002B53D1964905A81BF06FF905A8A1
:107898001AF022FB0D9B002800F03681069A206A18
:1078A8006260079A9842A2609DF8202022730A9A83
:1078B8006261BDF82C2022830C9AE2611ED013B1BC
:1078C8005A6801325A60C0B14268013A4260A2B9AE
:1078D8000268844992688A4240F0D3818268013AFA
:1078E800826052B90268DFF818C2D1680193614515
:1078F80040F0D98152689047019B23620022012100
:10790800204662761AF0FCFF774B00220D9805930B
:10791800783309930123636245E90222C4E90A77AF
:1079280028B14368013B4360002B00F010812046DA
:107938001AF08AFA00284BD0A36AFB1A4B4500F2CA
:107948008C80E36AFB1A534500F2878094F827304D
:10795800002B40F0AB8094F8263020460193002B92
:1079680052D11AF047FC00283ADD55F8083CB3F527
:10797800F05F00F04F81C3F5F05204F1300102933B
:10798800B2F5007F0391194428BF4FF40072824278
:1079980028BF024620461AF07DFB002820DD55F856
:1079A800082C019B0244A11845F8082C81F83030B6
:1079B80094F82510E762002900F0FB8055F8043C94
:1079C800A96E0B4493420BD82046FFF7BFFB07E094
:1079D80020461AF00FFC0028AED12046FBF79EFD8A
:1079E80044F2BC031C441D441E4444457FF447AF85
:1079F8002AF0B4FA3D4BA0EB0B001A68824200D281
:107A080018600FB0BDE8F08F1AF00CFB0028E7DD16
:107A1800B0F5007F0346D6E9802128BF4FF40073F4
:107A28009142C0F0A980D6E982219142C0F0068136
:107A38009142D5D194F8253043B1AA6E55F8043C4B
:107A4800134455F8082C9A4200F0F18020461AF0A9
:107A580065FE012384F82730C2E755F8080C244B4B
:107A68000428844694F8252038BF4FF0040C186089
:107A7800204B21491A70ACF10403002298420A6095
:107A88000CD904F12B03634404F12F0C844413F83C
:107A9800010F634540EA0222F9D10A60174A2046DD
:107AA8001368013313601AF059FE96E720461AF05E
:107AB800A1FB021E94DDB2F5007F4FF000012046C5
:107AC80028BF4FF400721AF0E5FAE76288E700BFB2
:107AD800D4C10020CC83032010E000207C000120CA
:107AE800CC6B032069000000E4AB0020E86B0320A6
:107AF800C86B032038840320C46B0320E46B032085
:107B08006D0000004C4301206A4A059278320992C0
:107B1800002B3FF465AF5A68013A5A60002A7FF497
:107B28005FAF1A68644992688A4240F0B2809A68E6
:107B3800013A9A60002A7FF453AF1A685F48D16807
:107B4800814240F0B38052681846904748E703687E
:107B5800594A9B68934240F085808368013B836063
:107B6800002B7FF4E4AE03685449DA688A4240F097
:107B78008E805B689847DAE6521A204631440193B2
:107B88009A4228BF1A461AF0F7F9D6F80422019B40
:107B98000244C6F80422002843D0D6F80012E7624F
:107BA8008A42FFF41DAF1B1A7FF43DAFD6E982214C
:107BB8003EE7029B032B38BF03239A4256D9591C30
:107BC80004F12C0303E0914201F101014ED013F8B6
:107BD80001C05818BCF10D0FF5D190F801C0013063
:107BE800BCF10A0FEFD110F801CFBCF10D0FEAD1AB
:107BF80040780A28E7D145F8041C2A460398FCF780
:107C08003DFC0146002849D1012355F8082C84F889
:107C18002530D3E62A4A40F29D112046FEF772FE2F
:107C2800DEE6D6F8001291427FF6FDAED8E6204691
:107C38001AF0E0FA00287FF409AFCEE6521A20467F
:107C48009A4228BF1A46D6F8103219441AF094F905
:107C5800D6F80C120144C6F80C1200B1E762D6F847
:107C68000822E5E601909847019876E7B2F5C06FDB
:107C7800FFF4B6AE134A40F2AF112046FEF742FEBB
:107C8800AEE6CDE901039047DDE9010326E690471A
:107C98004DE6184601939047019B48E70A4A20465B
:107CA800FEF730FE9CE68847019B26E61846884783
:107CB80096E600BFE4AB0020690000006D000000FC
:107CC8009C460020C8460020B0460020234B196877
:107CD80070B54A1C224D1A6005F5405631B3214A49
:107CE800214922482BF0E2FF214A1368591C1160F0
:107CF8006BB31C4A1F4920482BF0D8FF50211F485E
:107D08001AF0E4FE174A1E491C482BF0CFFF154A0B
:107D18001C4900202BF0CAFF1B4B0022C3E9005569
:107D2800C3E902661A7483F8202070BD174C4FF41B
:107D3800EE72174830F074F9204688341BF070FE54
:107D4800144B9C42F8D1144B114A1A60C7E7134CE4
:107D5800204638F075FC124B1C60CAE71C870220CD
:107D6800F83A022054450120A9000000E86C0320DD
:107D7800B885022075000000C46C0320CC6B03207A
:107D880005F80100D9010000D03A022068870220D6
:107D9800248702200089022020870220C085022033
:107DA800BC85022001481AF0D9BE00BFCC6B032065
:107DB80000F1400C027D0B7D9A4215D1C28ACB8A14
:107DC8009A4211D1028B0B8B9A420DD1827E8B7E07
:107DD8009A4209D1C27E0831CB7C08309A4203D13D
:107DE8008445E7D101207047002070471A4A4FF4B4
:107DF80096714FF0000C10B5184C02F1400E21603E
:107E080012F8080C60B132F8063CC3EB03135B00B0
:107E180003F59673994238BF8446994238BF19468C
:107E280008329645ECD1BCF1000F0CD00C4A0D4B32
:107E380052782160D318B3FBF2F3994238BF194640
:107E4800094B196010BD064B06495B785918B1FB00
:107E5800F3F1054B196010BD6CB900201CC100205E
:107E680050B900203F420F0020C1002003685B6822
:107E7800184700BF034B10B50446036011F03EFCE1
:107E8800204610BD20A90020054B10B5044603600C
:107E980011F034FC204611F007FC204610BD00BF4D
:107EA80020A9002000B583B00422694600900DEB9C
:107EB800020011F0FBFB03B000BD00BF00B583B0AA
:107EC8000422694600900DEB020011F0EFFB03B0AD
:107ED80000BD00BF00B583B00422694600900DEBD9
:107EE800020011F0E3FB03B000BD00BF00B583B092
:107EF8000422694600900DEB020011F0D7FB03B095
:107F080000BD00BF00B583B00422694600900DEBA8
:107F1800020011F0CBFB03B000BD00BF00B583B079
:107F28000422694600900DEB020011F0BFFB03B07C
:107F380000BD00BF00B583B00422694600900DEB78
:107F4800020011F0B3FB03B000BD00BF00B583B061
:107F58000422694600900DEB020011F0A7FB03B064
:107F680000BD00BF03464068B8B100B583B00193B7
:107F780011F0CEFB019B68B158680268926890477F
:107F8800019B58688268013A82601AB90268D2680F
:107F98009047019B184603B000BD1846704700BFC4
:107FA80000B5042283B0009069460DEB020011F081
:107FB8007DFB019803B05DF804EB10F0DBBC00BF5B
:107FC80010B50446103029F05DFB04F1080029F0D3
:107FD80059FB204629F056FB204610BD38B505460A
:107FE80029F0BCFF04461148017817F097FD29F0E5
:107FF800B5FF0F4B001B0F4A0F4910601A689042DB
:108008004FF0000288BF186001200C4B1C600C4B1D
:1080180018700B680B48013302700B480B60027034
:108028001DB10A4A13680133136038BDA0560120F8
:10803800348902201089022064FA0220288902204B
:108048002E8403202D84032031840320EC6A03202E
:1080580090F8783003B9704700B585B000F10C0C82
:10806800042203A9019002A8CDF80CC011F01EFB50
:1080780002980268126A90470022019B83F87820D0
:1080880005B000BD08B533493348FFF791FE30B15C
:10809800314A324B91789A78914202D008BD01203A
:1080A80008BD2D4AD178DA789142F7D12A4A117958
:1080B8001A799142F2D1284A51795A799142EDD1EF
:1080C800254A91799A799142E8D123491A4611F8BB
:1080D80007EF12F807CFE645E0D149785278914288
:1080E800DCD11D4A517A5A7A9142D7D11A4A9B7AE1
:1080F800927A9A42D2D1DFF86CC019499CF80020D4
:108108000B789A42CAD19CF801204B789A42C5D183
:108118009CF802208B789A42C0D19CF80320CB7837
:108128009A42BBD162460B4612F804EF13F8040FCB
:108138008645B4D152785B789A42B0D19CF8062033
:108148008B799A42ABD19CF80720CB799A42A6D179
:10815800002008BD50B9002078C10020C4C000200C
:10816800CFC0002083C100202DE9F043164683B01C
:1081780000295CD0036805464468084601930091CD
:1081880030F066FD019B8046009903EB000C6445C6
:1081980054D900F1FF399CF800208AB9B8F1000FD2
:1081A80036D003F1FF3C01F1FF3E09EB030701E084
:1081B800BC452DD01CF8012F1EF8010F8242F7D0C4
:1081C8001A781AB113F8010F0028FBD1013303EB19
:1081D800080C6445DFD808F10103AA6823449A42D1
:1081E80023D36B60B8F1000F09D04B1E621E08EB59
:1081F800030513F8010FAB4202F8010FF9D1002370
:10820800084604F8083030F023FD2346804601E094
:10821800002BE0D0327AC6E9003822F07F0343F021
:108228000503337203B0BDE8F08301232B74337A5E
:1082380023F07F03337203B0BDE8F083431CAA68C0
:1082480023449342F1D86B60002CF0D0CAE700BFFA
:1082580038B5054630F0FCFC04462BF043FC104BC7
:108268001B787BB10F4B1B78DB070BD50E4B0F4AE6
:108278001B6812689B1A0E2B04D92BF0C1FB631CD8
:10828800834204DD0A4A13680133136038BD21466E
:1082980028462BF0ABFB0A20BDE838402BF092BBF8
:1082A8006184032060840320CC830320048403209A
:1082B800D0F902202DE9F047A4B0C1EB41144FF0EA
:1082C800000A5C220DF110080DF10F090DF18B0663
:1082D8004549C8EB84054C4607462AF0C3F80135E2
:1082E800281929F0FBFEFF2804F8010F18BF87F8AA
:1082F80001A0B442F4D19DF88B30A52B03D03846A9
:1083080024B0BDE8F087394B049A9A42F7D1BDF8FA
:108318001430012BF3D1BDF816304B2BEFD1DDF81B
:10832800674008F156054FF0FF32314819F8013F10
:1083380008215A4042F30003013903EA000383EAA3
:108348005202F7D1A945F1D1D2439442D7D19DF831
:108358001E300699BDF81C20012B79603A813FD860
:1083680003F0010307F10B0107F10F02BB7207F1DC
:108378001303009107F11701CDE901230DF11F0245
:108388006B46039153F8041B52F8040B43450860ED
:10839800F8D103F1200207F11E01583312F8010C3D
:1083A800012800F001041BD801F8024C1479106868
:1083B800052C086014D8507907320C71012800F098
:1083C80001040DD893424C7101F10801E6D1002255
:1083D80007F108001146FCF70FFB03463B708EE7D8
:1083E80000233B708BE700BF480800204F544331FF
:1083F8002083B8ED00222DE9F04F1146E7B007467B
:10840800FCF7FAFA20B90024204667B0BDE8F08FDF
:108418000021044620A8FFF74DFF012137A8FFF7E8
:1084280049FF9DF88030219A002B00F06D819DF85E
:10843800DC303978002B47D0389B9B1A002B43DD62
:108448009DF8E4308B4240F068819DF8E5107B7818
:10845800994240F06281B9789DF8E630994240F03F
:108468005C819DF8E710FB78994240F056819DF8B1
:10847800E8103B79994240F050819DF8E9107B79EA
:10848800994240F04A819DF8EA10BB79994240F040
:1084980044819DF8EB10FB79994240F03E819DF8AC
:1084A800EC103B7A994240F038819DF8ED107B7AC8
:1084B800994240F032819DF8EE10BB7A994240F023
:1084C8002C8139AB01206EE19DF888308B4205D1B3
:1084D80079789DF88930994200F02D81531C4FF02E
:1084E800F70B7C25019301230393584629F0F6FDE9
:1084F80040B15846002129F00BFF584629F0EEFDFF
:10850800002880D108AC5B22002120462FF088FD8E
:10851800019B0DF12F020DF13F00A360A64B2360D4
:10852800012323714B23A3713B88A381BB78A373D9
:10853800FB1C04934E93FB1D05934F9307F10B030C
:108548000693509307F10F03079351934EAB53F8DB
:10855800041B096842F8041B8242F8D1B94607F1A6
:108568001C0307F15C0613F8080C002108330732D6
:1085780060F3070133F80E0C60F30F21000A60F373
:10858800174133F80C0C60F31F61000A42F8071C0E
:1085980013F80A1C02F8030C02F8021C13F8091C51
:1085A800B34202F8011CDED10DF11F080DF1760C63
:1085B8004FF0FF328149464616F8013F08205A40DD
:1085C80042F30003013803EA010383EA5202F7D1B8
:1085D8006645F1D1D243029704F15A07C4F85720EF
:1085E80018F801AFA8EB0406701929F077FD824549
:1085F800514606EB050001D029F08AFEB845EFD1B7
:108608002646029F5B34AD1BA819013629F066FD8A
:1086180016F8013C83427FF4F6AEB442F4D15846D2
:1086280029F05CFDA52803D05846A52129F070FE45
:1086380003994EA8FFF73EFE9DF83841002C3FF401
:10864800E2AE4F9B019A9A427FF4DDAE9DF840213D
:108658003B789A427FF4D7AE9DF841217B789A42C5
:108668007FF4D1AE9DF84221BB789A427FF4CBAE1D
:10867800049904220DF243102FF0FEFB00287FF42A
:10868800C2AE059904220DF247102FF0F5FB002821
:108698007FF4B9AE069904220DF24B102FF0ECFBD3
:1086A80000287FF4B0AE079904220DF24F102FF086
:1086B800E3FB00287FF4A7AE4EAB4037197F99F84B
:1086C800142091427FF49FAED98BB9F816209142BD
:1086D8007FF499AE198CB9F8182091427FF493AEC3
:1086E80093F8221099F81A2091427FF48CAE93F8EF
:1086F800231009F1080999F81320083391427FF4EF
:1087080082AE4F45DAD17FE69DF8DC506DB19DF819
:10871800E4103B7899423FF498AE389B00254FF01F
:108728007B0B013303950193DFE601234FF07B0BAD
:1087380003950193D9E6B9789DF88A3099427FF478
:10874800CDAEFB789DF88B1099427FF4C7AE39798E
:108758009DF88C308B427FF4C1AE79799DF88D30CD
:108768008B427FF4BBAEB9799DF88E308B427FF493
:10877800B5AEFB799DF88F1099427FF4AFAE397A88
:108788009DF890308B427FF4A9AE797A9DF89130AC
:108798008B427FF4A3AEB97A9DF892308B427FF476
:1087A8009DAE002022ABDD7AF97A8D4208D00028F0
:1087B8003FF494AEB1E700BF4F5443312083B8ED86
:1087C8001D7B397B8D42F2D15D7B797B8D42EED169
:1087D8009D7BB97B8D42EAD1DD7BF97B8D42E6D169
:1087E8001D7C397C8D42E2D15D7C797C8D42DED165
:1087F8009D7CB97C8D42DAD1394603F1400593F866
:1088080014C00E7DB445D2D1B3F816C0CE8AB44593
:10881800CDD1B3F818C00E8BB445C8D193F81AC09F
:108828008E7EB445C3D193F81BC00831CE7C083383
:10883800B445BCD1AB42E2D1E6E500BF2DE9F04F2B
:10884800EDB08A46002607462022002104A80DF133
:108858000C0B2FF0E5FB35460AF10203344603976B
:108868000093CDF804A0584BA3FB05235B084BF8F5
:10887800043F009B33F82670B7F5966F29D807F1A7
:10888800A903002F4AD0514AA2FB0323019A32F8C8
:10889800260000EBD312DB09B2F5004F029318D87B
:1088A800402C16D00DF1300904EB440C4FEA470A6E
:1088B80009EB4C0C07EB470E7CB14FF000084B4618
:1088C800002201E0A24209D0198801320633884209
:1088D800F8D100206DB0BDE8F08FA04607EB0A0381
:1088E800BEF5FF7F08F1010804F101042B44ACF840
:1088F8000000A3EB0E03ACF80230734628BF4FF418
:10890800FF73ACF80430029B984509D2402CE0D0A4
:10891800AEF5FF7E0CF1060C0130D0E74FEA470AAE
:1089280001360AEB0703082E1D449CD1039F04EB74
:1089380044020CA9520007F1200029F093FDC7F862
:10894800C45104AD402CC7F8C0410FCDC7F8A001F1
:10895800C7F8A411C7F8A821C7F8AC310FCDC7F8DC
:10896800B001C7F8B411C7F8B821C7F8BC3127D08F
:108978000121A4F12003C4F1200201FA03F301FA52
:1089880004F421FA02F2013C43EA020343F1FF3303
:10899800002507F56046002000212022C7E9740160
:1089A800C7E9724338462946A6F8E55286F8E752E1
:1089B8002FF036FB0120C6E9B7556DB0BDE8F08F42
:1089C8004FF0FF342346E3E7ABAAAAAAC1C0C0C050
:1089D80010B588B004462022002168462FF020FBFD
:1089E80020466B4604F1400E027DB0F818C01146CF
:1089F800A3F800C002B1C18A083059800433704519
:108A0800F2D169461248FFF719FFF8B1DFF868C0DC
:108A1800104BDCF800C01049C3F800C009680F4BC0
:108A28000B4C0F4A19601268D4F80CC00D4B0E4954
:108A38001A6000220023C1F800C00C490C4CC1E99F
:108A480000230C49C4E90023C1E9002308B010BD84
:108A5800D05601202489022064FA02202C890220A1
:108A6800F06A0320C0F90220CCF90220C856012080
:108A7800C0560120B8390220CC8303202DE9F043E9
:108A88009DB00C4606463022002110A82FF0C8FAE7
:108A98002378002B00F01781202B10AA06D0A3F111
:108AA8000903B3FA83F35B09002B75D0002514F88A
:108AB800011F2029FBD00929F9D0002950D00C2DFD
:108AC8001AD023780135146013F0DF0F05D123E0A5
:108AD80014F8013F13F0DF0F1ED0092BF8D1002343
:108AE80004F8013B2178E1B1202902F10402DED02B
:108AF8000929DCD00C2DE4D10023022147F23052A1
:108B08003360B3617160F261C6E90233C6E90433C8
:108B180030461DB0BDE8F083002BE0D12178002954
:108B2800E2D108AC202220462FF07AFA012D35D068
:108B3800AB1E012B60D90B2D00F08480022347F275
:108B480030522546B4460F9209930FCDACE80F007A
:108B580095E80F008CE80F0030461DB0BDE8F083A3
:108B680008AC202220462FF05BFA002DDED100222F
:108B7800022325463446CDE90823002247F2305324
:108B8800CDE90E230FCD0FC495E80F0084E80F0040
:108B980030461DB0BDE8F0831D4690E7109F7C4924
:108BA80038462FF025FEA8B17A4938462FF020FE26
:108BB800002800F08E80784938462FF019FE0028EA
:108BC80000F08C80754938462FF012FEB0FA80F517
:108BD8006D09AD0047F230520223B44608950F9252
:108BE80009930FCCACE80F0094E80F008CE80F0055
:108BF80030461DB0BDE8F083694910982FF0F8FDA4
:108C0800024600289AD1119B66491846CDE90032E0
:108C18002FF0EEFD002200285DD0009B1978A1F10D
:108C2800310007285CD85B78002B59D130390622EF
:108C3800032D57D047F230530F93B44602230892BE
:108C48000E91CDE7584910982FF0D2FD00287FF4F7
:108C580075AF564911982FF0CBFD00287FF46EAF01
:108C6800DFF854E10DF1080C0746DDF84890654639
:108C78004FF00208BEE80F00ACE80F009EE80300C2
:108C88008CE8030055F8043B4949052B02D8494AAA
:108C980052F82310484600932FF0AAFD10B9DDF8CA
:108CA80000800127A542EDD1AFBB47F230532C46D7
:108CB800CDF8248035460F930FCC0FC594E80F00EC
:108CC80085E80F0024E708ACCDE90A33CDE90C3379
:108CD8004DE702257EE711460622A9E7032579E735
:108CE8001146A5E7129D287800283FF405AF002318
:108CF80006E0B3F5167F3FF6FFAE15F8010F30B367
:108D0800303803EB83035FFA80FC00EB4303BCF1CC
:108D1800090FEED9F0E612A80DF1680E0DF1260C38
:108D2800002150F8045F2A78CAB1002306E0B3F5A1
:108D3800966F3FF6E1AE15F8012F8AB1303A03EB92
:108D48008303D7B202EB4303092FF0D9D4E6002BF3
:108D58003FF4D2AE4FF47A7000FB03F36CE713468E
:108D6800704519442CF8023FDBD100293FF4C4AE0A
:108D7800052347F23052B446CDF824800F92089369
:108D88000FCCACE80F0094E80F008CE80F00BFE6AA
:108D9800A44C00206047002068470020704700204E
:108DA800744700207C470020404D0020A841002047
:108DB800A0470020280A0020A408002010B590F839
:108DC800C03004466BB904F150000FF0E3FB94F88F
:108DD8004C30A3B994F84030E3B9237F23BB204635
:108DE80010BD154A013B683052F82330984704F10A
:108DF80050000FF0CFFB94F84C30002BEAD00F4A0C
:108E0800013B04F1480052F82330984794F8403069
:108E1800002BE2D00A4A013B04F1340052F8233017
:108E28009847237F002BDAD0064A013B204652F8A8
:108E380023309847204610BD88AE0020B4AE0020ED
:108E480070AE002060AE00202DE9F04FDFF8BC9234
:108E5800D9B009F0C1FB8046D9F8003013F00104FD
:108E680000F05C8126AF16AE9C4CD4E9005414B1D6
:108E7800204610F045FC40463A4642F210712695CD
:108E8800279408F0F9FF279820B110F041FC00283A
:108E980040F01581924A0125002414A8536F8DF8DB
:108EA8003A50ADF834301B0C8DF848408DF8363008
:108EB800B2F87430ADF8373092F876308DF8393032
:108EC80002238DF854300B238DF84C30FEF7F6FF53
:108ED8004FF07E523346002000218DF854508DF813
:108EE8003A401492E3E80201BB42FBD1DFF820B21A
:108EF800B046DFF82092DFF820A203964BE0794BCA
:108F080053F822300DAA06A93846009204AA08F0A0
:108F180057FA04A839460CF045FAD8F80030049AF4
:108F2800D8F80400C8F800200493059BC8F804305A
:108F3800059070B110F0ECFB58B1059803689B6878
:108F4800984705988368013B836013B90368DB6819
:108F58009847D8F80040002C00F01C819DF8583143
:108F6800002B52D13AA80FF015FB9DF8E430002BE6
:108F780044D19DF8D830002B39D19DF8B4307BBB53
:108F88000BF1080B584B08F1080809F106099B4535
:108F98000AF5616A40D09BF81430002BF0D099F89C
:108FA8000130BC469BF81A20BE46069300234F4D5D
:108FB80007AE8DF83030BBF8163002920593CDF825
:108FC80010A00FCD2D68ACE80F00CCF80050BEE81B
:108FD8000F000FC6029A3560052A90D9422391E7FF
:108FE800434A013B384652F823309847C8E7414A7C
:108FF800013B33A852F823309847BEE73E4A013B6D
:1090080038A852F823309847B3E73C4A013B40A8B8
:1090180052F823309847A5E7039E06F140053446E9
:109028002368D3B16068CDE9263008B110F068FB39
:10903800384616F039FD279878B110F069FB60B111
:10904800279803689B689847279A93681046013BBE
:10905800936013B91368DB6898470834A542DFD1D9
:10906800274C00210125204616F024FD254B1B78AE
:109078002370254B1D7006F13804606878B110F034
:1090880047FB60B1606803689B68984762689368AB
:109098001046013B936013B91368DB689847B442E4
:1090A800A4F10804E9D19DF85430002B6BD19DF848
:1090B8004830002B5DD1284659B0BDE8F08F27987D
:1090C80003689B68984727988368013B8360002B57
:1090D8007FF4E0AE0368DB689847DBE600760320A0
:1090E80048080020D409002090B90020C0080020BA
:1090F80060AE002070AE0020B4AE002088AE002024
:10910800A0560120324801203084032070840220B8
:1091180050B900202C3D002068FA02207C21042050
:1091280010F0BEFA4FF0010A16AE1D4A26AF00F144
:109138000C03C0F804A00546394680F87840C0F80A
:1091480008A0026004223046269310F0AFFAD6F841
:1091580000B0144C584614F021FE134A1349204617
:1091680085F878A0C9F800A0C4E900B52AF09EFDEA
:109178007BE60F4A013B0FA852F823309847284650
:1091880059B0BDE8F08F0B4A013B14A852F82330C0
:1091980098478CE73846039E2546FFF70FFE6AE797
:1091A80020A900200076032054450120154D000019
:1091B80070AE0020B4AE00200048704778C100208F
:1091C800504B002918BF002A1B6803F1FF33F0B584
:1091D80014BF01240024032BABB00D46164602D958
:1091E800494B1B787BB1DFF84CE1DFF83CC19EE8C6
:1091F8000F00ACE80700ACF80030002C3ED100238B
:1092080018462BB0F0BD414B1B78002B27D1A0226C
:1092180002A90746FBF7F0FB00284DD03C4A019015
:109228001278002A31D0542239463A4829F01AF9DE
:109238003A8839490A8039490A7039490A70019BC4
:109248000193FEF7D3FD00223649019B0A70364987
:109258000A70002CD4D018462A702BB0F0BDDFF865
:10926800D8E0DFF8C4C09EE80F00ACE807002CF88F
:10927800023B1B0C8CF80030002CC0D073462B4AE4
:10928800314628462EF0A6FCB9E73846FFF7A0FB82
:1092980008B3274E542239461E4829F0E3F84022E5
:1092A80007F1140130462EF029FE3A881B4926F8AA
:1092B800142C0A70019BC3E702AB1C4AA0211A4870
:1092C8002EF088FC002C9AD002AB184A314628466A
:1092D8002EF080FC93E7DFF864C0DFF84CE0BCE8D0
:1092E8000F00AEE80F009CE803008EE80300002C96
:1092F80085D0ACF110030D4A314628462EF06AFCA1
:109308007DE700BF60FA02202E8403203284032008
:109318003084032078C1002050B900203248012051
:10932800A056012033840320F46A03206C3D0020FA
:1093380064B90020244D0020804700209047002079
:10934800334B002818BF00291B6803F1FF33F0B521
:1093580014BF01240024032B83B005460E4602D90E
:109368002C4B1B7873B12C4FDFF8C4C097E80F0063
:10937800ACE80700ACF80030002C2CD100231846CC
:1093880003B0F0BD254B1F78BFB92548FFF732F869
:1093980040B3542222490190224829F063F8224A16
:1093A8000121019B1160214A1770214A1770002C76
:1093B800E5D018462F7003B0F0BD1E4FDFF870C01F
:1093C80097E80F00ACE807002CF8023B1B0C8CF860
:1093D8000030002CD2D03B46174A314628462EF0A2
:1093E800F9FBCBE7DFF854C0114FBCE80F000FC7FB
:1093F800DCF8003027F8023B1B0C3B70002CBDD07A
:10940800ACF110030C4A314628462EF0E3FBB5E7D1
:1094180060FA02202E840320244D00203284032089
:1094280078C1002024C10020308902203384032021
:10943800F46A0320804700206C3D0020A8470020E4
:10944800F8B5694F002818BF002905460E463B6845
:1094580014BF01240024013B032B02D9634B1B7862
:109468006BB1634FDFF8B4C197E80F00ACE80700B1
:10947800ACF80030002C40F083800020F8BD5D4B34
:109488001B78002B37D15C4B1B78002B5CD1FEF787
:10949800F9FD00287BD1594B03F1400113F8082C42
:1094A80012B133F8062C104408339942F6D100283B
:1094B80034D0534A534B11781B78534A1370002900
:1094C80073D0524A9FED467B1370514A514B02F5B7
:1094D80060411868002382ED747B4F4AA1F8E53299
:1094E8001060022281F8E7323A604C4A137004B1E6
:1094F8002B700120F8BDDFF834C1484F9CE80F00FD
:1095080007C727F8023B1B0C3B70002CB5D06346FD
:10951800434A314628462EF05DFBAEE7DFF810C11E
:109528003E4FBCE80F000FC7DCF8003027F8023BBD
:109538001B0C3B70002CA0D0ACF11003384A31460C
:1095480028462EF047FB98E7364FDFF8D0C00FCFFC
:10955800ACE80F000FCFACE80F000FCFACE80F005E
:109568003B682CF8023B1B0C8CF80030002C84D094
:10957800A7F130032A4A314628462EF02BFB7CE718
:109588003B46274A314628462EF024FB75E7DFF88C
:10959800A4C0224FBCE80F000FC79CE8070003C710
:1095A8003A70002C3FF469AFC6E7FFF74DFC10B1E5
:1095B800154A137885E71C4FDFF860C00FCFACE879
:1095C8000F0097E803008CE80300002C3FF455AF28
:1095D800A7F11003124A314628462EF0FBFA4CE751
:1095E800000000000000000060FA02202E84032022
:1095F800244D002032840320338403206CB90020DA
:109608003084032050B9002032480120A0560120A0
:10961800D0560120CC830320E86A0320F46A032093
:109628006C3D0020BC4700202048002080470020D7
:109638000C480020F0470020F0B5002A18BF002B86
:109648001D4601F1FF3383B014BF01260026B3F590
:10965800167F14465CD208285AD8884B1B68013BF1
:10966800032B40F28280864B1B78002B7DD1854BE3
:109678001B78002B40F08C80834B1B78002B40F02C
:10968800A980CDE90001FEF7FDFCDDE900210028F5
:1096980053D17E4B844603F1400E13F8080C10B1E9
:1096A80033F8060C844408339E45F6D1BCF1000F0C
:1096B8007ED0774B2AB103EBC200007B002800F074
:1096C800B3801B787348082B734F007828BF082392
:1096D8003B70002800F09F80DFF8DCC16F488CF8F1
:1096E80000306F4B05684FF47A701A606D4B00FBC1
:1096F80001F10020614A1D606B4B19606B4B1860CB
:10970800012313606A4B187006B12070012012E023
:10971800DFF8A8E1DFF898C1BEE80F00ACE80F0059
:109728009EE803004CF8040B2CF8021B090C8CF87B
:10973800001096B9002003B0F0BDDFF884E1DFF82F
:1097480070C1BEE80F00ACE80F009EE80700ACE867
:1097580003008CF80020002EECD0AEF11003554A1F
:10976800294620462EF036FAE4E7DFF858E1DFF81C
:1097780040C19EE80F00ACE80700ACF80030002EAE
:10978800D8D073464B4A294620462EF023FAD1E713
:10979800DFF834E1DFF818C19EE80F00ACE80700F5
:1097A8002CF8023B1B0C8CF80030002EC2D0E8E7E6
:1097B800DFF818E1DFF8F8C0BEE80F00ACE80F00EA
:1097C800DEF800302CF8023B1B0C8CF80030002E21
:1097D800B0D0C2E7DFF8F8E0DFF8D4C0BEE80F0089
:1097E800ACE80F00BEE80F00ACE80F00BEE80F00C1
:1097F800ACE80F00DEF800302CF8023B1B0C8CF8AC
:109808000030002E96D0AEF130032A4A2946204671
:109818002EF0E0F98EE7CDE90021FFF715FBA8B19E
:109828003B78DDE9002157E7DFF8A8E0DFF880C0E2
:10983800BEE80F00ACE80F009EE803004CF8040BEC
:10984800ACF80010002E3FF475AF86E7DFF888C04B
:10985800DFF85CE0BCE80F00AEE80F009CE803000E
:109868008EE80300002E3FF465AFACF11003114AF7
:10987800294620462EF0AEF95CE700BF60FA0220C8
:109888002E84032032840320338403206CB9002003
:1098980050B900203084032032480120CC830320B3
:1098A800986B03203889022018C10020C8F90220CB
:1098B800F46A03206C3D0020A0560120384800209F
:1098C800F0470020244D0020804700200C4800204D
:1098D800BC4700205048002020480020000000001D
:1098E800254B1A68012A15D0022A2FD0234B4FF096
:1098F80000019FED1F7B83ED747B03F56043A3F8A4
:10990800E51283F8E71212B91D48FEF7A1BC052A33
:1099180019D070471B4A4FF0030C1B49126809689D
:109928001648521AC3F800C0184B00F560419FED65
:10993800107B1A604FF0000380ED747BA1F8E532CC
:1099480081F8E73270471248FEF782BC0B4A4FF0A5
:1099580000004FF0030C02F56041C3F800C0A1F805
:10996800E50281F8E7029FED027B82ED747B704788
:10997800000000000000000060FA0220D05601201C
:1099880068480020CC83032038890220C8F90220C7
:109998008848002038B5624B04460D461B68013BD9
:1099A800032B14D95F4B1B788BB95F4A5F4B108828
:1099B8001988884228D0DFF898C1DFF890E19CE840
:1099C8000F008EE80F0004B1BDB9002038BDDFF8E4
:1099D80084E1DFF878C19EE80F00ACE80700ACF836
:1099E8000030002CF1D0002DEFD07346504A2946A4
:1099F80020462EF0EFF80020E8E763464C4A294657
:109A080020462EF0E7F8E0E7907899788842D2D19E
:109A1800D078D9788842CED1107919798842CAD1BC
:109A2800507959798842C6D1907999798842C2D1BA
:109A380012F8070F13F8071F8842BCD152785B78D9
:109A48009A42B8D13B4A3C4B107819788842B2D137
:109A580012F8010F13F8011F8842ACD110461946BD
:109A680010F801EF11F801CFE645A4D14078497804
:109A78008842A0D1D078D97888429CD110791979B8
:109A8800884298D11046194610F805EF11F805CF0D
:109A9800E64590D14078497888428CD1D079D979F7
:109AA800884288D1127A1B7A9A4284D11E4B1F4A67
:109AB80003F1400C187D117D88427FF47CAFD88A71
:109AC800D18A88427FF477AF188B118B88427FF454
:109AD80072AF987E917E88427FF46DAFD87E08324F
:109AE800D17C083388427FF466AF9C45E2D1134BA2
:109AF8001B68022B3FF45FAF114B1A783AB9114A31
:109B080001211268197002F52F720F490A600F4A75
:109B1800002313700CB105B12370012038BD00BFBC
:109B280060FA02202E84032078C1002024C100207E
:109B38006C3D002081C100202DC100203089022009
:109B480032840320CC8303200C890220F46A03208A
:109B5800A4480020244D00202DE9F04F784BA3B0F5
:109B6800784A0546CDE9080119681368099CCB1A9B
:109B7800B3F57A7F3DD307EE903A734BDFF828C2EE
:109B88001160B8EE677B1A68704BDCF800E0196862
:109B98006F4FCCF80010A1EB0E016E4E06EE101AB6
:109BA80039683A60B8EE466B521A6B4B6B48DB6803
:109BB8009FED615B26EE056B86EE074B06EE102ADD
:109BC800326833609B1AB8EE466B26EE056B80ED63
:109BD800004B86EE074B06EE103A614BB8EE466B2B
:109BE80026EE056B86EE075B83ED004B5D4B83ED40
:109BF800005B5D4B1E6806F1FF38002D00F078878A
:109C080022465A492846FCF715FE48B1037A23F044
:109C18007F0343F004030372554B0360162343602C
:109C2800224654492846FCF705FE48B1037A23F03A
:109C38007F0343F0040303724F4B03601523436013
:109C480022464E492846FCF7F5FD00285DD0037AE8
:109C5800052E23F07F0343F004030372484B03608F
:109C68004FF01603436052D9224646492846FCF76E
:109C7800E1FD074650B10720DFF830913B7A23F029
:109C88007F0343F00403C7E900903B72A6F1020783
:109C980022463D492846B7FA87F77F09FCF7CAFDEF
:109CA80030B1037A077023F07F0343F00603037291
:109CB800224636492846FCF7BDFD354B1F7838B19A
:109CC800037A23F07F0343F0060303720123037032
:109CD800224630492846FCF7ADFD002868D0037AB3
:109CE800B8F1010F077023F07F0343F006030372F6
:109CF80061D9F31E012B5ED9274B1B78002B5AD153
:109D0800264E274996F8008059E0052EACD8254BF9
:109D180022461C49284653F82690FCF78BFD074637
:109D28000028B3D0B9F1000F40F0DD86037A23F0A4
:109D38007F030372AAE700BF0000000000408F40C5
:109D4800CC83032024890220F06A032064FA0220CD
:109D5800C0F90220CCF90220D0560120B8390220DF
:109D6800C8560120C056012060FA0220BC480020D5
:109D7800C8480020E0480020E43C0020F0480020CB
:109D8800343C002078490020004900200849002080
:109D980030840320807100202E8403203284032025
:109DA80014490020400A00202C890220A0470020E6
:109DB800B8F1010F9DD8AE494FF00108AD4E2246CB
:109DC8002846FCF737FD38B1037A80F8008023F085
:109DD8007F0343F0060303722246A7492846FCF78F
:109DE80029FDA64B93F8008030B1037A077023F061
:109DF8007F0343F0060303722246A1492846FCF775
:109E080019FD002800F05386037A80F8008023F0BB
:109E18007F0343F006030372FEF734F90746224630
:109E280098492846FCF706FD367830B1037A077062
:109E380023F07F0343F00603037222469249284623
:109E4800FCF7F8FC30B1037A067023F07F0343F087
:109E5800060303728D4B8E4A18881188884200F0D9
:109E68002B868C49012622462846FCF7E3FC8A4BC0
:109E78001A68002800F0B485037A022A067023F0D5
:109E88007F0343F00603037240F2AD8522468349FF
:109E98002846FCF7CFFC064648B10720804F337AA6
:109EA80023F07F0343F00403C6E9007033722246AF
:109EB8007C492846FCF7BEFC20B102467A49204678
:109EC800FEF752F9224679492846FCF7B3FC38B127
:109ED800037A23F07F0343F0060303720023037021
:109EE800224673492846FCF7A5FC38B1037A23F0CB
:109EF8007F0343F0060303720023037022466D4973
:109F08002846FCF797FC38B1037A23F07F0343F027
:109F18000603037200230370224667492846FCF7AC
:109F280089FC38B1037A23F07F0343F006030372F8
:109F380001230370614954220DA80DF18A0628F007
:109F480091FA5F490DF14A0348680833083182B233
:109F580043F8080C003A18BF0122B34203F80A2C50
:109F6800F2D10DA95748FDF723FF0646002D51D021
:109F7800224655492846FCF75DFC30B1037A067045
:109F880023F07F0343F00603037222464F49284615
:109F9800FCF750FC4E4B1E7848B1037A23F07F0340
:109FA80043F0040303724B4B0360072343602246CC
:109FB80049492846FCF73EFC002800F07485037ADE
:109FC800066023F07F0343F0080303720023436015
:109FD8003C4B5F78224641492846FCF72BFC404B16
:109FE8001E6840B1037A076023F07F0343F008033B
:109FF80003720023436022463A492846FCF71AFCBC
:10A0080040B1037A066023F07F0343F0080303722C
:10A01800002343602B4E002706F11C0306F15C0168
:10A0280013F8082C12B133F8062C174408338B4266
:10A03800F6D1002D00F0738522462B492846FCF7FF
:10A04800F9FB002800F02A85037A076023F07F03D4
:10A0580043F00803037200234360244BD3F8C07114
:10A06800224623492846FCF7E5FB00284BD041E06F
:10A07800144900203284032024490020338403201B
:10A0880034490020484900205849002078C1002060
:10A0980024C100206849002030890220704900202E
:10A0A800B448002080490020F46A03208C4900202D
:10A0B800A4490020C0490020D8490020D408002025
:10A0C8008C3C002050B90020EC490020044A0020B4
:10A0D80032480120A841002044400020104A0020B6
:10A0E80020C100201C4A00202C4A0020D056012004
:10A0F8003C4A0020037A076023F07F0343F00803FB
:10A108000372002343602246BB492846FCF792FBB2
:10A11800814640B1037A23F07F0343F04003037282
:10A128000023C0E900332246B4492846FCF782FBE5
:10A13800804640B1037A23F07F0343F04003037263
:10A148000023C0E900332246AD492846FCF772FBDC
:10A15800824640B1037A23F07F0343F04003037241
:10A168000023C0E900332246A6492846FCF762FBD3
:10A17800049040B1037A23F07F0343F04003037255
:10A188000023C0E90033A04922462846FCF752FBC9
:10A19800014640B1037A23F07F0343F04003037282
:10A1A8000023C0E90033079500274546DFF880B251
:10A1B80088460499B9F1000F24D0636803F11002AE
:10A1C800A3689342C0F00984A3F11002D9F80400EF
:10A1D800A2609BF801E0002800F0E783A2EB000CE6
:10A1E8004FEA2C1CA0F80AC0C9F804204FF0080256
:10A1F80043F810EC23F8067C43F8047C03F8082C99
:10A2080043F80C7C337D03B1F38A15B36268A06808
:10A2180010329042C0F0D883A0F11002D5F804C0E3
:10A22800A260BCF1000F00F0C383A2EB0C0E4FEA52
:10A238002E1EACF80AE06A604FF00A0240F8103CA3
:10A24800DB1720F8067C40F8047C00F8082C40F85E
:10A258000C3CBAF1000F23D0636803F11002A36825
:10A268009342C0F0B483A3F11000DAF80420A06090
:10A27800002A00F09F83A0EB020C4FEA2C1CA2F8E6
:10A288000AC0CAF8040023F8067C328B43F8047C21
:10A2980043F8102C4FF0080243F80C7C03F8082C04
:10A2A800B37E052B40F2698379B36368574A03F19B
:10A2B8001000A3688342C0F06D83A3F11000D1F8A9
:10A2C80004C0A060BCF1000F00F07C83A0EB0C0E72
:10A2D8004FEA2E1EACF80AE048604FF0000023F861
:10A2E800067C43F8047C03F8080C72B1104605910B
:10A2F800049206932EF0ACFC049A069B059943E958
:10A3080004204FF0040203F8082CB8F1000F21D004
:10A31800636803F11002A3689342C0F05B83A3F162
:10A328001000D8F80420A060002A00F03683A0EBC3
:10A33800020C4FEA2C1CA2F80AC0F27EC8F80400EE
:10A3480023F8067C43F8047C03F8102C4FF006022F
:10A3580003F8082C08362E4B0BF1060BB3427FF49A
:10A3680029AF2C4B0BA8079D1E68314617F078FBC8
:10A378009DF83330284A102102930DA89DF83230F9
:10A3880001939DF8313000939DF830302DF022FC78
:10A39800002D00F0B983224620492846FCF74AFAE6
:10A3A80020B102460DA92046FDF7DEFE304617F023
:10A3B8004FFB224606461A492846FCF73BFA002876
:10A3C80000F06983037A067023F07F0343F00603E5
:10A3D8000372144B9F78224613492846FCF72AFA41
:10A3E800124B1E7830B3037A077023F07F0343F0D3
:10A3F800060303721EE000BF504A0020584A00209E
:10A40800604A0020704A0020E0410020A047002058
:10A4180090B90020C06C0320F4440020008F002075
:10A42800804A0020C4C00020CC4000202F84032094
:10A438002C3D00202246AB492846FCF7FBF90028B2
:10A4480000F02283037A067023F07F03A64E43F0C0
:10A4580006030372D6F888702246A4492846FCF7FA
:10A46800E9F9002800F0DD82037A076023F07F0312
:10A4780043F0080303720023D6F884804360224621
:10A488009B492846FCF7D6F99A4B1F6848B1037ACE
:10A49800C0F8008023F07F0343F008030372002311
:10A4A8004360224694492846FCF7C4F9934BD3F8F5
:10A4B800008040B1037A076023F07F0343F008036C
:10A4C80003720023436022468D492846FCF7B2F9FF
:10A4D8008C4B1F6848B1037AC0F8008023F07F03D3
:10A4E80043F0080303720023436022468649284646
:10A4F800FCF7A0F9854B1A68002800F08882037AD7
:10A50800012A076023F07F0343F0080303724FF02A
:10A518000003436000F07E827D4BD3F80080224622
:10A528007C492846FCF786F97B4B1F6848B1037ABB
:10A53800C0F8008023F07F0343F008030372002370
:10A548004360224675492846FCF774F9744BD3F8E2
:10A55800008040B1037A076023F07F0343F00803CB
:10A5680003720023436022466E492846FCF762F9CD
:10A578006D4B1F6848B1037AC0F8008023F07F0351
:10A5880043F00803037200234360224667492846C4
:10A59800FCF750F9664BD3F8008040B1037A0760A6
:10A5A80023F07F0343F0080303720023436022462D
:10A5B80060492846FCF73EF95F4B1F7848B1037A9B
:10A5C800C0F8008023F07F0343F0080303720023E0
:10A5D8004360224659492846FCF72CF9584B93F812
:10A5E800008030B1037A077023F07F0343F006033D
:10A5F8000372224653492846FCF71CF9524BD3E90B
:10A6080000AB38B1037A80F8008023F07F0343F071
:10A618000603037222464D492846FCF70BF94C4BBA
:10A62800D3E9008938B1037A23F07F0343F00C03A0
:10A63800C0E900AB0372224646492846FCF7FAF8FF
:10A6480038B1037A23F07F0343F00C03C0E9008993
:10A658000372224640492846FCF7ECF83F4BD3E901
:10A6680000AB38B1037A23F07F0343F00C03C0E951
:10A678000089037222463A492846FCF7DBF8394B31
:10A688001F6838B1037A23F07F0343F00C03C0E955
:10A6980000AB0372224634492846FCF7CBF8334B0B
:10A6A800D3F8008040B1037A076023F07F0343F0BA
:10A6B800080303720023436022462D492846FCF70D
:10A6C800B9F82C4BD3F80090002855D0037AC0F87D
:10A6D800008023F07F0343F00803037200234360E4
:10A6E8004AE000BF884A0020D4F90220984A002096
:10A6F800A84A002014890220B84A0020946B03203D
:10A70800C44A0020986B0320D04A002060FA022037
:10A71800C8F90220DC4A002018C10020F04A0020B5
:10A7280064FA0220004B0020EC6A0320144B00203E
:10A73800F06A0320284B00202E840320384B002089
:10A7480031840320444B0020B8390220544B0020A8
:10A75800C8560120604B0020744B0020C0560120D1
:10A768007C4B002010890220944B00203489022061
:10A77800904B0020188902202246AB492846FCF756
:10A7880059F8AA4B1F6848B1037AC0F8009023F023
:10A798007F0343F008030372002343602246A44961
:10A7A8002846FCF747F840B1037A076023F07F0397
:10A7B80043F0080303720023436022469D4928465C
:10A7C800FCF738F848B1037AC0F8008023F07F031B
:10A7D80043F0080303720023436022469649284643
:10A7E800FCF728F8002800F05381037A076023F06B
:10A7F8007F0343F0080303720023D6F88470436094
:10A8080022468E492846FCF715F88D4B1E6840B144
:10A81800037A076023F07F0343F0080303720023E1
:10A828004360224687492846FCF704F8864BD3F84C
:10A83800008040B1037A066023F07F0343F00803E9
:10A84800037200234360814E224681492846FBF764
:10A85800F1FF376848B1037AC0F8008023F07F031E
:10A8680043F00803037200234360224679492846CF
:10A87800FBF7E0FFD6F80C8040B1037A076023F0BD
:10A888007F0343F0080303720023436022467249A2
:10A898002846FBF7CFFF776848B1037AC0F80080F5
:10A8A80023F07F0343F0080303720023436022462A
:10A8B8006A492846FBF7BEFFD6F8088040B1037AFC
:10A8C800076023F07F0343F008030372002343600B
:10A8D800224663492846FBF7ADFF376948B1037A3A
:10A8E800C0F8008023F07F0343F0080303720023BD
:10A8F800436022465B492846FBF79CFFD6F8148044
:10A9080040B1037A076023F07F0343F00803037222
:10A9180000234360224654492846FBF78BFFB7695A
:10A9280048B1037AC0F8008023F07F0343F008039E
:10A9380003720023436022464C492846FBF77AFFFE
:10A94800F66940B1037A076023F07F0343F00803F8
:10A95800037200234360224645492846FBF76AFFF5
:10A9680040B1037A0022066023F07F03426043F07F
:10A978000803037223B0BDE8F08F00293FF4C5AC8B
:10A988003C4A52F82320636803F11000A36883420D
:10A99800BFF493AC01232374B7E4C8E9000023F89B
:10A9A800062C43F8042CF27ECEE4C9F800201BE400
:10A9B8002A6040E4CAE9000023F8062C43F8042C76
:10A9C800328B65E4086087E40123237441E40123A2
:10A9D800237465E401232374BCE40123237411E484
:10A9E800022A3FF653AA244B2846244953F82270DA
:10A9F8002246FBF71FFF064600283FF458AA002FFF
:10AA08006CD1037A23F07F030372FFF750BA012A4F
:10AA18007FF482AD1A4A1B4B12681B68A3EB02082D
:10AA28007DE5D6F884802AE5A84B0020BCF90220F1
:10AA3800A44B0020B84B0020C44B0020D84B00206A
:10AA4800C4F90220E44B0020D0F90220D05601209E
:10AA5800F84B0020104C0020204C0020304C0020E7
:10AA6800404C0020504C0020644C0020744C0020C6
:10AA7800884C0020100A0020EC09002070490020B2
:10AA880038890220CC830320624ED6F88870E3E42C
:10AA9800D6F88470B4E6604B9F789CE45F4BD3F89B
:10AAA800C071FFF7DDBA5E4B5F78FFF793BAFDF729
:10AAB800E9FA0746FFF7B3B992789B789A427FF490
:10AAC800D0A9584A584B1078197888422ED00126B8
:10AAD8005649002D7FF4C7A9FFF72CBA38462EF047
:10AAE800B7F8FFF7DCB948462EF0B2F8FFF7C6B85A
:10AAF8004F4B504A1888118888427FF41BAA9978CE
:10AB080093789942DDD0E2E7304616F0A1FF4A4B30
:10AB18001B68012B7FF42EAF484B1B682AE7A94618
:10AB2800A846AA4629460495FFF73DBB50785978B0
:10AB38008842CCD1907899788842C8D1D078D97891
:10AB48008842C4D11046194610F8047F11F8046FE2
:10AB5800B742BCD1407849788842B8D19079997980
:10AB68008842B4D1D079D9798842B0D112F8080F87
:10AB780013F8081F8842AAD152785B789A42A6D166
:10AB88002F4E304A317813789942A0D116F8011F18
:10AB980012F8013F99429AD13146134611F8017FC4
:10ABA80013F8010F874292D149785B7899428ED188
:10ABB800F178D37899428AD131791379994286D13B
:10ABC800A6F10E030E3A3236187D117D88427FF4C5
:10ABD8007EAFD88AD18A88427FF479AF188B118BDF
:10ABE80088427FF474AF987E917E88427FF46FAF7D
:10ABF800D87E0832D17C083388427FF468AFB342EC
:10AC0800E2D1114B1E68A6F10206B6FA86F676095D
:10AC18005EE700BFD4F90220C4C00020D05601204E
:10AC280050B900207BC1002027C1002068490020BE
:10AC380078C1002024C1002060FA0220CC830320C0
:10AC480085C1002031C100203089022048490B68A5
:10AC5800DA072DE9F041474C86B040F1198294F8A3
:10AC68002030226823F07F03E56843F020030021A9
:10AC78000020414E2174002184F820306260A560D4
:10AC8800CDE90064C4E90601DDE90001FEF764FFCF
:10AC980094F8203013F0200340F0828002AD304653
:10ACA80003932946F9F7DCFF461CB6F5FA6F3AD24A
:10ACB800237C002B54D128F015FF304B1B78002B38
:10ACC8004ED02F4B1B78DB074AD52E4B2E4A1B68DC
:10ACD80012689B1A0E2B43D928F092FE86423FDC5D
:10ACE8002A4B002629462448A3F5FA640293CDE9A5
:10ACF8000346FBF7A7FAB0F5FA6F014638BF2654AA
:10AD0800234828F073FE0A2006B0BDE8F04128F079
:10AD180059BEB8F90A30002B00F0068208EB03137D
:10AD28009B1B1B117381134A1A4902F11800FBF788
:10AD380081FD48B1037A184A23F07F0302600E228E
:10AD480043F0040342600372002329460A48039330
:10AD5800F9F786FF237C1BB9461CB6F5FA6FAAD310
:10AD68000E4A13680133136006B0BDE8F08100BFD6
:10AD7800F0830220F86A0220106B0220618403200D
:10AD880060840320CC83032004840320F074032010
:10AD9800206D0320804900209C4C0020C4F902202B
:10ADA800A569002D00F0E0802F46FE6826B13046E8
:10ADB8002DF04EFF07280CD0B7F90A3063B307EB24
:10ADC8000317FE68002EF7D030462DF041FF072804
:10ADD800F2D1731E9E4A063613F8011F12F8010FAE
:10ADE8008842E9D19E42F7D12A46B2F90A3002EBED
:10ADF80003114BB1B94200F070810A46B2F90A302A
:10AE080002EB0311002BF5D1B7F90A50002D00F021
:10AE1800768107EB0515A5612F46FE6826B13046F9
:10AE28002DF016FF0B280CD0B7F90A3063B307EBE7
:10AE38000317FE68002EF7D030462DF009FF0B28C7
:10AE4800F2D1721E834B0A361878013312F8011FAB
:10AE58008842E9D19642F7D12A46B2F90A3002EB84
:10AE680003114BB1B94200F026810A46B2F90A3003
:10AE780002EB0311002BF5D1B7F90A50002D00F0B1
:10AE88003E8107EB0515A5612F46FE6826B13046C1
:10AE98002DF0DEFE13280CD0B7F90A3063B307EBA8
:10AEA8000317FE68002EF7D030462DF0D1FE132888
:10AEB800F2D1721E684B12361878013312F8011F4E
:10AEC8008842E9D19642F7D12A46B2F90A3002EB14
:10AED80003114BB1B94200F0F7800A46B2F90A30C3
:10AEE80002EB0311002BF5D1B7F90A50002D00F041
:10AEF800068107EB0515A5612F46FE6826B1304689
:10AF08002DF0A6FE0B280CD0B7F90A3063B307EB77
:10AF18000317FE68002EF7D030462DF099FE0B2857
:10AF2800F2D14E4B721E06F10A0C1878013312F852
:10AF3800011F8842E8D19445F7D1B5F90A3005EBED
:10AF480003124BB1974200F0AD801546B5F90A30AF
:10AF580005EB0312002BF5D1B7F90A30002B00F0EE
:10AF6800E08007EB0313A36102AD00233C482946A8
:10AF78000393F9F775FE461CB6F5FA6FFFF498AE21
:10AF8800A669002E3FF4CFAEB046D8F80C7027B1B2
:10AF980038462DF05DFE0C280DD0B8F90A306BB399
:10AFA80008EB0318D8F80C70002FF6D038462DF0AF
:10AFB8004FFE0C28F1D17A1E2A4B0B371878013333
:10AFC80012F8011F8842E8D1BA42F7D13246B2F9E5
:10AFD8000A3002EB03114BB1884500F096800A460F
:10AFE800B2F90A3002EB0311002BF5D1B8F90A6067
:10AFF800002E00F09C8008EB0616A661B046D8F833
:10B008000C7027B138462DF023FE07280FD0B8F969
:10B018000A30002B3FF487AE08EB0318D8F80C7001
:10B02800002FF4D038462DF013FE0728EFD17B1EF1
:10B038000D4A063713F8011F12F8010F8842E6D1AE
:10B04800BB42F7D1B6F90A3006EB0312C3B10DE0E3
:10B05800734B0020B84B0020C44B0020D84B002075
:10B06800106B0220704A0020DF41002090453FF419
:10B0780050AE1646B6F90A3006EB0312002BF5D18E
:10B08800B8F90A30002B55D008EB0313A3614AE640
:10B098002A48012504F1280220230D600546E060B6
:10B0A8002260E4E5B7F90A3063B307EB03135B1BCF
:10B0B8001B116B8158E7B7F90A30BBB107EB0313D3
:10B0C8009B1A1B115381DFE6B7F90A308BB107EBE6
:10B0D80003139B1A1B1153810EE7B7F90A305BB1B2
:10B0E80007EB03139B1A1B11538195E65381E26109
:10B0F800CAE65381E261FFE65381E2618CE6C4E966
:10B10800065531E76B81E5612EE7B8F90A302BB1B6
:10B1180008EB03139B1A1B1153816FE75381E261FC
:10B128006CE71D46A361EEE77381E661FBE5C4E9C0
:10B138000666F8E51E46A361F7E700BF20830220F4
:10B1480038B52C4B19684A1C1A60002938D02A4A8D
:10B158002A492B4828F0AAFD2A4A1368591C11606D
:10B16800002B3FD0244A2849284828F09FFD26F084
:10B1780091FF2749002201F5E140A1F5616343F8F9
:10B18800042C43E903220C339942F8D101F561619B
:10B198008142F2D11F4B002203F5E14143F8042C10
:10B1A80043E903220C339942F8D160211A4818F078
:10B1B800A7FA114A19491848BDE8384028F076BD61
:10B1C800174C4FF4EE72174804F5CC752CF028FF95
:10B1D8002046883418F024FCAC42F9D1124B114AAD
:10B1E8001A60B4E7114C204635F02AFA104B1C605F
:10B1F800B8E700BF1C87022054450120A9000000C1
:10B20800EC6C0320B885022075000000C86C032090
:10B218008408032048890220D4F902203901020059
:10B22800688702202487022020870220C085022008
:10B23800BC8502202DE9F043834DB1B0834C40F228
:10B24800EE28834FDFF84C922E6828F04BFC2378C9
:10B25800002B76D03B78DB0773D52B68D9F8002014
:10B268009B1A0E2B6DD97B49542219A80DF1BA04EB
:10B2780027F0F8F878490DF17A034868083308315F
:10B2880082B243F8080C003A18BF01229C4203F826
:10B298000A2CF2D1542219A9704827F0E3F80021AA
:10B2A80002A8FDF707F8012119A8FDF703F89DF892
:10B2B8000830002B70D09DF86430002B4ED01A9BBC
:10B2C800039A9B1A002B49DD1BA95422634827F0D7
:10B2D800C9F8634A0121634B634C11600021542271
:10B2E800624819705D4927F0BDF854225F496048EB
:10B2F80027F0B8F854225E49204627F0B3F82046D4
:10B30800FDF766FBFCF772FD5A4B22781A705A4B10
:10B318005A491D68284616F0F1FBA37803B328465E
:10B3280016F018FB41F63611554818F0CDFA0038DA
:10B33800544B18BF0120187031B0BDE8F043FCF73A
:10B3480031BD2B6822789B1B2AB1B3F5FA6F8AD8D6
:10B3580028F0C8FB79E74345FAD984E704A9B4E79C
:10B36800D4F803306946484E02AA01932846D4F817
:10B37800073000960393D4F80B3002961A9319AB52
:10B38800199616F0C1FAD4F80F3019A92846CDE954
:10B39800196316F077FBC5E79DF86430002B93D14D
:10B3A8009DF809304BBB2E4A02212E4B116001211A
:10B3B8002D4C542219702D48284927F053F854224F
:10B3C8002A492B4827F04EF854222949204627F0CD
:10B3D80049F82046FDF7FCFAFCF708FD254B2278D2
:10B3E8001A702A4E2A4D0FCE0FC596E80F0007C5D2
:10B3F80025F8023B1B0C2B7089E79DF86550184A0D
:10B4080085F00105174B184C6D0014491748156055
:10B41800C5F340021A70542227F024F85422134925
:10B42800134827F01FF854221149204627F01AF82C
:10B438002046FDF7CDFAFCF7D9FC0E4B2278022DF9
:10B448001A70CED063E700BFCC8303206184032049
:10B4580060840320D40800208C3C002078C10020A0
:10B46800308902203384032050B90020C4C0002052
:10B4780024C1002032480120C06C0320CC4C00209D
:10B48800D4F902202F840320A4A50020AC4C00206E
:10B49800F46A032004840320A64B1B682DE9F04FAF
:10B4A800A54CB7B01846019316F02EF92378002B57
:10B4B80000F010834024A14DA14EA24F0BE0A0F153
:10B4C80020035E2B40F22381092800F0208101230C
:10B4D8002B70013C1DD028F01FFAD0B128F062FA79
:10B4E800C0B20D2801D00A28E9D1DFF8A8820020CF
:10B4F800954BD8F8002029789854002940F01581F8
:10B50800002A40F053810023013CC8F800302B701A
:10B51800E1D14FF080098D4F8D4CDFF88082DFF844
:10B5280080B2236B2046D8F800209A4238BFC8F86A
:10B53800003017F0ADFD00285FDB5BD0DBF8003092
:10B54800266C0133656CD4F858A0AD1BCBF80030DD
:10B558003B68112D03F101033B6048DD08227D495A
:10B5680030462CF089FC002841D1337A002B3ED19B
:10B57800727A502A3BD1B17AF27A02EB01220D2A73
:10B5880035D9327C717C01EB02218A1EB2F5FF7F2E
:10B598002DD811F001022AD101F11200854226D1DD
:10B5A80096F90F00F57B002821DBD7F8C0E1BEF142
:10B5B800000F00F0438496F80EC064480CEB052C8D
:10B5C80003E00132724500F03984058C0630AC4541
:10B5D800F7D1964500F0328402EB4200550007EBA4
:10B5E80040000295808C8142039080F097837B68AD
:10B5F80001337B60B9F1010993D1FCF72FF9564962
:10B60800D7E974320C68134306D0544BD3F8D832B8
:10B61800E31A642B00F2F580504AD2F8DC32E31AC0
:10B62800B3F57A7F02D90023A2F8E6324C4B1B68A7
:10B63800012B00F08B81022B00F09781494B1B787E
:10B64800002B00F0AC81DFF85C81D8F8005015F0D1
:10B65800010500F0F880444814F04CFC002840F044
:10B66800D880424B1A78002A00F02583404D26F0F6
:10B6780075FC2B68C01AB0F5967FC0F0CA803D4EA5
:10B6880026F06CFC3C4B31681A68431A3B499342DC
:10B698000868C0F04A823A490022324DDFF808C1F2
:10B6A8002A700A6801320A60364A1360DCF8002002
:10B6B800934288BFCCF80030002800F0758101253E
:10B6C80026F04CFC3368C01A2F4B1A68244B904262
:10B6D8001B6880F03382032B00F01181042B40F0AB
:10B6E800A280002D40F01782284B1B782BB11C4BF1
:10B6F8001B685A1E012A00F20981254A1368E31AB9
:10B70800B3F57A7F80F0998037B0BDE8F08F2B7859
:10B71800002B7FF4DCAE1F4A1368591C9F293FF6A3
:10B72800D6AE1160084AD054D3E61B48FCF790FD0A
:10B73800E9E600BFC06C03202F8403203E84032069
:10B748005354415453544F50F4740320D05601209D
:10B75800D4F9022028090020CC830320D036022007
:10B7680060FA02202E840320E05301202D84032058
:10B778001C890220288902201CC1002064FA0220AA
:10B78800F06A03201889022020C100203284032097
:10B7980020890220F0740320F44C0020946B0320CD
:10B7A8001489022000840220BCF902201A68B242DF
:10B7B8001CD01A68BA4200F0C280A9491A688A42A5
:10B7C80000F09281A7498A4265D0A74A1968914238
:10B7D80000F09781A54906A8FDF750F9069B062BAE
:10B7E80000F05382A248FCF733FD8CE6998845F2B5
:10B7F80055329142DDD19A79002ADAD1FFF726FA3B
:10B8080081E63B69002201333B610023C7E97423C9
:10B8180002E7984B1B68002B40F04A82964B1B6846
:10B82800DA1E012A6BD9013B012B7FF666AF934BD9
:10B838001B78002B7FF45BAF5FE7146037B0BDE87F
:10B84800F04FFFF703BA8E4E2946304625F0B4FE76
:10B85800294606F1080025F0AFFE294606F110003A
:10B8680025F0AAFE06F140033046864A33620123DA
:10B878008549356686F86C50C6F8DC50C8F8003043
:10B88800C6E9195528F012FA7D4814F033FB002850
:10B898003FF4E7AEBDE79A88482A96D1764B1B68F5
:10B8A800013B032B40F24681784B1B78002B40F07C
:10B8B800418128F017F9764B1B78002B00F03A816C
:10B8C800744B1B78DB0740F13581734A734B1B6857
:10B8D80012689B1A0E2B40F22D817149714834F081
:10B8E80093FE10E65DB14FF4E14200216E482CF062
:10B8F80097FB0120FCF772FB04235F4A13605F4B40
:10B908001B78002B3FF4F9AE5B4B1B68033B012B04
:10B918007FF6F3AE5D4B1B78002B7FF4EEAE634BE6
:10B928001B68E31A002BFFF6E8AEBFF34F8F4FF00A
:10B93800E0235F4AC3F80C2DBFF34F8FDDE61A7979
:10B94800002A7FF43AAFFDF7CBFFDCE5594B5A4AA2
:10B958001B681268E31A9342FFF470AEFDF7C0FF4C
:10B96800454B1B68022B7FF469AE019816F070F8FE
:10B9780070B1524B1B68E31AB3F57A7F7FF65EAE5F
:10B988004F4BD3F8E032E31AB3F57A7F7FF656AE21
:10B99800FDF7A6FF3D4B1B78002B7FF454AE354BCB
:10B9A8001B68002B40F08E81334B1B68032B9AD009
:10B9B800042B00F0B080012B00F0D280022B7FF422
:10B9C80093AE3F4B93F8E532002B3FF48DAED7F89A
:10B9D800C42100263B49DFF8D0803B4826F042FDD1
:10B9E800374B4FF4E1423146404683F8E562374D24
:10B9F8002CF016FB364F4346DFF8CC900FE0184684
:10BA080002EB420226F02EFD034606F56166083574
:10BA180003F561630437B6F5E14F00F02D812A7D07
:10BA2800002AF2D03A68E87E02EB420202EB0901F2
:10BA3800EA8A0028E3D0002AE7D002EB420208EBAA
:10BA4800060010440A44B1F800E0033111F801CCB3
:10BA580003389142A0F800E080F802C0F3D1D4E79F
:10BA680041524D0043524153434F4E46F474032014
:10BA7800484D002064FA022060FA02203284032034
:10BA8800E053012054450120714D00002E8403200D
:10BA9800618403206084032004840320CC83032072
:10BAA800ACC00020B0BF002068FA02200C89022038
:10BAB8000400FA053889022018C10020E86A03202A
:10BAC800D036022028C901203C89022050B9002024
:10BAD8007058012041F636117B4817F0F5FE003802
:10BAE80018BF01202070E5E4A0210EA8FDF7A8FCEE
:10BAF800764B0EAA00280CBF10461846FCF7A8FB88
:10BB080001E59A8844F249739A427FF463AE70481B
:10BB1800FCF79EFBF7E46F4B01226F481A70052370
:10BB28006E4A1360FCF794FBDEE500283FF476AE1E
:10BB38000025C5E56A48FCF78BFBE4E4032B3FF4DA
:10BB4800D1AE042B3FF4CDAD012B06D0022B7FF4F0
:10BB5800CBAD002D7FF435AFCFE5002D3FF4CDAD53
:10BB680000214FF4E1425F482CF05AFA5E4B5F4ADD
:10BB78004FF4967E1B6812685D4DD21A5D4BA3FB8D
:10BB880002135D499B0AA1FB03014FEA510A0AEB24
:10BB98004A01A3EB010A4FF42F6101FB1328574B0D
:10BBA800A3FB08235A09564B1E680EFB1283224634
:10BBB8000393544B019300230199097D002953D025
:10BBC8002878B04201D0002E4ED1411E07294BD80B
:10BBD8000EFB00F1884547D20399952944D8019C6A
:10BBE800E18A8842029128BF084600283CD04FF4D9
:10BBF800616194F81BC03B4F002401FB03F14FF037
:10BC0800FF0B049107E0049901344944A0423944E8
:10BC180081F802B028D0029901F1FF39BCF1000F78
:10BC280000F0F781A9EB0401BAF1000F00F093814D
:10BC3800BAF1010F01EB4109E5D104924FF46169B2
:10BC48004FF0FF0B09FB03F901EB4102611C4A4469
:10BC580081423A4482F801B005D0BCF1000F40F0AF
:10BC6800E8800C46F0E7049A01990133063508315B
:10BC7800082B0191A0D114460020FCF7AFF9224B04
:10BC88001B78002B7FF433AD37E50D9B1F4A0C98CA
:10BC9800A2FB03230EAA9909A023FDF7CDFC1C4B98
:10BCA8000EAA00280CBF10461846FCF7D1FA2AE461
:10BCB800184E002504E50122174D1A7026F04EF99A
:10BCC8002860D4E4134EFAE4D4F90220E44C0020AE
:10BCD800344D0020318403208848002060FA022077
:10BCE800204D002068FA022038890220CC830320E6
:10BCF8002C3D002091739F5DABAAAAAAB5814E1B6B
:10BD0800986B032050B9002032840320D34D621071
:10BD1800EC4C0020288902201C890220D7E97401F4
:10BD280001430DD0C449D1F8D812AAEB0101642906
:10BD380006D939690020013139610021C7E9740148
:10BD4800BD48D0F8DC12AAEB0101B1F57A7F7AD9A7
:10BD58000021A0F8E61296F80CE0BEF1000F00F002
:10BD6800CB800123A2F12005C2F1200103FA05F5D9
:10BD780023FA01F193400D430293D7E974130B435F
:10BD880006D03B69002000210133C7E974013B61FB
:10BD98007346A948012180F8E4E2A0F8E612A64912
:10BDA800C1F8D8A202EB420006F11201A34E07EB3C
:10BDB8004000039A0493408C304426F053FB9E4B7A
:10BDC800D7F8D061D7F8D421C3F8DCA2029B2A4364
:10BDD8001E43C7F8D421D7E97201C7F8D0618A4257
:10BDE80008BF86427FF406AC934B93F8E522049B88
:10BDF80012B1FA690132FA619049D7F8C42101F504
:10BE0800E140029326F02EFB029B8B4A003BC2F8CE
:10BE1800E0A218BF012382F8E732FB680133FB6018
:10BE2800012382F8E53200220023C7E97423FFF7D3
:10BE3800E1BB029A0C46013A511AFFE6BB6801338E
:10BE4800BB60FFF7D7BB7C4996F80CE091F8E6C2D7
:10BE5800BEF1000F2ED0BCF1000F82D0764B93F8C4
:10BE6800E4329E4500F0AC80AEEB03037449FF3327
:10BE7800A1FB0301C909C1EB01215B1A7F2B00F269
:10BE8800C380D7E974130B4302D03B6901333B618C
:10BE98000123A2F12005C2F12001002003FA05F5D3
:10BEA80023FA01F193400D43002102937346C7E939
:10BEB80074016EE70121A2F12005C2F1200001FA08
:10BEC80005F521FA00F0914005430291D7E9740184
:10BED8000491BCF1000F1ED0049950EA010302D06E
:10BEE8003B6901333B61544900230020A1F8E63245
:10BEF8000021C7E9740152E70121A2F12005C2F12E
:10BF0800200001FA05F521FA00F09140054302915D
:10BF1800D7E9740104914FF0000C4749A1F8E6C233
:10BF2800029900EA010C049901EA050E5CEA0E0C7C
:10BF38000BD0B96900200131B96139690131396122
:10BF48000021C7E974012AE77346014604980143B2
:10BF58007FF428AF23E74FF4616B01EB4101013413
:10BF68000BFB03114FF0FF0BA04207F801B03FF4A1
:10BF78007BAEA9EB04014FF4616901EB4101013487
:10BF880009FB03114FF0FF39844207F801903FF491
:10BF98006BAEBCF1000F0FD104EB4409611C4FF4E8
:10BFA8006164884204FB03944FF0FF0907F804908A
:10BFB8003FF45AAE0C46DEE7029901F1FF39D8E7A3
:10BFC8001D4B93F8E732D3B90123A2F12005C2F142
:10BFD800200103FA05F523FA01F1934005930D4377
:10BFE8000293D7F8D431D7F8D0110493059B0846AB
:10BFF80001EA030C049B2B405CEA0303A4D0BB6951
:10C008000133BB61FFF7F6BA7B6901337B61FFF748
:10C01800F1BABAF1000F01D0214609E604EB440950
:10C028004FF46161013401FB03914FF0FF09844231
:10C0380007F80190B0D117E6D0360220A8580120A1
:10C0480081808080704700BF704700BF704700BF85
:10C05800704700BF704700BF704700BF80687047D7
:10C0680000207047C06E7047406B70477030704753
:10C078003830704782B0CDE9001202B0704700BF77
:10C08800704700BF8068704710B1012380F8A43062
:10C09800704700BF0123002082B063F30F2002B075
:10C0A800704700BF086828B1007FA0F10200B0FA0D
:10C0B80080F04009704700BF10B5046894F800C0CC
:10C0C800BCF1000F07D090F80CE0F444BCF1FF0F6E
:10C0D800A8BF4FF0FF0C90F818E00EFB0CCC4FEA0D
:10C0E8002C2C81F800C00168497829B190F80DC05E
:10C0F8006144FF29A8BFFF2190F819C00CFB01116A
:10C10800091211700268927822B1817B0A44FF2AD1
:10C11800A8BFFF22817E01FB022212121A7010BDF5
:10C12800027BC17B437B891A027C90F80EC0D21A2D
:10C13800437C0173A3EB0C0342738373704700BF06
:10C148000368826890F91210013A0B448260036018
:10C15800704700BF4068704780688142CCBF0020AC
:10C168000120704790F81BC081F800C0017F117052
:10C17800427F1A70009A837F1370704790F81BC033
:10C1880081F800C0017F1170427F1A70009A837F86
:10C198001370704710B5046894F800C0BCF1000F24
:10C1A80007D090F80CE0F444BCF1FF0FA8BF4FF0A3
:10C1B800FF0C90F818E00EFB0CCC4FEA2C2C81F801
:10C1C80000C00168897829B190F80EC06144FF2940
:10C1D800A8BFFF2190F81AC00CFB011109121170B9
:10C1E8000268527822B1417B0A44FF2AA8BFFF2285
:10C1F800417E01FB022212121A7010BD027BC17B24
:10C20800437B891A027C90F80EC0D21A437C0173D2
:10C21800A3EB0C0342738373704700BF0368826803
:10C2280090F91210013A0B4482600360704700BF16
:10C238004068704780688142CCBF00200120704769
:10C2480090F81BC081F800C0417F1170027F1A70FE
:10C25800009A837F1370704790F81BC081F800C064
:10C26800417F1170027F1A70009A837F13707047A4
:10C2780010B5046894F801C0BCF1000F07D090F81D
:10C288000DE0F444BCF1FF0FA8BF4FF0FF0C90F88D
:10C2980019E00EFB0CCC4FEA2C2C81F800C0016889
:10C2A800097829B190F80CC06144FF29A8BFFF2183
:10C2B80090F818C00CFB01110912117002689278ED
:10C2C80022B1817B0A44FF2AA8BFFF22817E01FB9D
:10C2D800022212121A7010BD027BC17B437B891A9D
:10C2E800027C90F80EC0D21A437C0173A3EB0C03B6
:10C2F80042738373704700BF0368826890F9121015
:10C30800013A0B4482600360704700BF4068704781
:10C3180080688142CCBF00200120704790F81CC083
:10C3280081F800C0C17E1170427F1A70009A837F25
:10C338001370704790F81CC081F800C0C17E11705E
:10C34800427F1A70009A837F1370704710B5046893
:10C3580094F801C0BCF1000F07D090F80DE0F44448
:10C36800BCF1FF0FA8BF4FF0FF0C90F819E00EFBCF
:10C378000CCC4FEA2C2C81F800C00168897829B1CF
:10C3880090F80EC06144FF29A8BFFF2190F81AC099
:10C398000CFB0111091211700268127822B1017B9D
:10C3A8000A44FF2AA8BFFF22017E01FB02221212C3
:10C3B8001A7010BD027BC17B437B891A027C90F8FE
:10C3C8000EC0D21A437C0173A3EB0C034273837330
:10C3D800704700BF0368826890F91210013A0B4455
:10C3E80082600360704700BF406870478068814280
:10C3F800CCBF00200120704790F81CC081F800C015
:10C40800417F1170C27E1A70009A837F1370704743
:10C4180090F81CC081F800C0417F1170C27E1A706C
:10C42800009A837F1370704710B5046894F802C0AF
:10C43800BCF1000F07D090F80EE0F444BCF1FF0FF8
:10C44800A8BF4FF0FF0C90F81AE00EFB0CCC4FEA97
:10C458002C2C81F800C00168097829B190F80CC02B
:10C468006144FF29A8BFFF2190F818C00CFB0111F7
:10C47800091211700268527822B1417B0A44FF2ADE
:10C48800A8BFFF22417E01FB022212121A7010BDC2
:10C49800027BC17B437B891A027C90F80EC0D21ABA
:10C4A800437C0173A3EB0C0342738373704700BF93
:10C4B8000368826890F91210013A0B4482600360A5
:10C4C800704700BF4068704780688142CCBF002039
:10C4D8000120704790F81DC081F800C0C17E11701E
:10C4E800027F1A70009A837F1370704790F81DC0FE
:10C4F80081F800C0C17E1170027F1A70009A837F94
:10C508001370704710B5046894F802C0BCF1000FAE
:10C5180007D090F80EE0F444BCF1FF0FA8BF4FF02D
:10C52800FF0C90F81AE00EFB0CCC4FEA2C2C81F88B
:10C5380000C00168497829B190F80DC06144FF290D
:10C54800A8BFFF2190F819C00CFB01110912117046
:10C558000268127822B1017B0A44FF2AA8BFFF2291
:10C56800017E01FB022212121A7010BD027BC17BF0
:10C57800437B891A027C90F80EC0D21A437C01735F
:10C58800A3EB0C0342738373704700BF0368826890
:10C5980090F91210013A0B4482600360704700BFA3
:10C5A8004068704780688142CCBF002001207047F6
:10C5B80090F81DC081F800C0017F1170C27E1A700A
:10C5C800009A837F1370704790F81DC081F800C0EF
:10C5D800017F1170C27E1A70009A837F13707047B2
:10C5E80010B40023D1E90042C1E90033046042607D
:10C5F80010BC70470023C0E9003370470A4603693E
:10C6080000F10801406818470A46036900F108016B
:10C618004068184700B5D0F810E013460A4600F104
:10C628000801F44640685DF804EB604700B5D0F8AF
:10C6380010E013460A4600F10801F44640685DF828
:10C6480004EB604700B5D0F810E013460A4600F145
:10C658000801F44640685DF804EB604700B5D0F87F
:10C6680010E013460A4600F10801F44640685DF8F8
:10C6780004EB604700B5D0F810E013460A4600F115
:10C688000801F44640685DF804EB604700B5D0F84F
:10C6980010E013460A4600F10801F44640685DF8C8
:10C6A80004EB6047000000009FED077B10B55022A7
:10C6B80004460021A0EC027B2BF0B2FC002384F896
:10C6C800503010BDAFF300800000000000000000F3
:10C6D8009FED077B10B5502204460021A0EC027B99
:10C6E8002BF09EFC002384F8503010BDAFF300807F
:10C6F80000000000000000009FED077B10B55022ED
:10C7080004460021A0EC027B2BF08AFC002384F86D
:10C71800503010BDAFF300800000000000000000A2
:10C728009FED077B10B5502204460021A0EC027B48
:10C738002BF076FC002384F8503010BDAFF3008056
:10C748000000000000000000704700BF704700BFF5
:10C75800704700BF704700BF704700BF704700BFF9
:10C76800704700BF704700BF03685B68184700BF89
:10C7780003685B68184700BF03685B68184700BF19
:10C788000120704710B5044644310DF031FF2046B2
:10C7980010BD00BF10B582B0044601910DF028FF0E
:10C7A80001998A6D91F85C30A26584F85C3002B01A
:10C7B80010BD00BF0346042200B583B09B7D6946C7
:10C7C8000DEB020000930CF071FF019803B000BD5F
:10C7D80010B5042282B0044600910DEB02006946B0
:10C7E8000CF064FF019BA37502B010BD10B50422C4
:10C7F80082B0044600910DEB020069460CF056FF2A
:10C80800019B93E8070084E8070002B010BD00BF51
:10C8180010B5042282B0044600910DEB020069466F
:10C828000CF044FF019B93E8070084E8070002B07E
:10C8380010BD00BF10B5042282B0044600910DEB74
:10C84800020069460CF032FFDDF804E0A446BEE8B9
:10C858000F00ACE80F009EE807008CE8070002B064
:10C8680010BD00BF10B5042282B0044600910DEB44
:10C87800020069460CF01AFF019B0FCB84E80F00F9
:10C8880002B010BD00B583B00422694600900DEBDC
:10C8980002000CF00BFF03B000BD00BF00B583B071
:10C8A8000422694600900DEB02000CF0FFFE03B075
:10C8B80000BD00BF00B583B00422694600900DEBAF
:10C8C80002000CF0F3FE03B000BD00BF10B5042257
:10C8D80082B0044600910DEB020069460CF0E6FEBA
:10C8E800019B0022A261A2831A46197B2173597BFE
:10C8F8006173997BA173D97BE173197C2174597C8D
:10C90800617452F8181B216092E803000A0CA061B8
:10C91800A183A27793F91220A2745A68C4E901226C
:10C928005B69636102B010BD00B583B0042269463B
:10C9380000900DEB02000CF0B9FE03B000BD00BF83
:10C9480010B5042282B0044600910DEB020069463E
:10C958000CF0ACFE019B0022A261A2831A46197B4F
:10C968002173597B6173997BA173D97BE173197C1E
:10C978002174597C617452F8181B216092E80300F5
:10C988000A0CA061A183A27793F91220A2745A68B5
:10C99800C4E901225B69636102B010BD00B583B0D0
:10C9A8000422694600900DEB02000CF07FFE03B0F4
:10C9B80000BD00BF10B5042282B0044600910DEB03
:10C9C800020069460CF072FE019B0022A261A2835C
:10C9D8001A46197B2173597B6173997BA173D97BA3
:10C9E800E173197C2174597C617452F8181B216019
:10C9F80092E803000A0CA061A183A27793F91220A0
:10CA0800A2745A68C4E901225B69636102B010BD6F
:10CA180000B583B00422694600900DEB02000CF0CB
:10CA280045FE03B000BD00BF10B5042282B0044625
:10CA380000910DEB020069460CF038FE019B0022C4
:10CA4800A261A2831A46197B2173597B6173997B72
:10CA5800A173D97BE173197C2174597C617452F8F4
:10CA6800181B216092E803000A0CA061A183A27739
:10CA780093F91220A2745A68C4E901225B696361C0
:10CA880002B010BD00B583B00422694600900DEBDA
:10CA980002000CF00BFE03B000BD00BF10B504226D
:10CAA80082B0044600910DEB020069460CF0FEFDD1
:10CAB800019B0022A261A2831A46197B2173597B2C
:10CAC8006173997BA173D97BE173197C2174597CBB
:10CAD800617452F8181B216092E803000A0CA061E7
:10CAE800A183A27793F91220A2745A68C4E901229B
:10CAF8005B69636102B010BD00B583B0042269466A
:10CB080000900DEB02000CF0D1FD03B000BD00BF9A
:10CB180000B583B00422694600900DEB02000CF0CA
:10CB2800C5FD03B000BD00BF00B583B0042200916D
:10CB380069460DEB02000CF0B9FD03B000BD00BF63
:10CB480000B583B00422694600900DEB02000CF09A
:10CB5800ADFD03B000BD00BF10B5042282B004468D
:10CB680000910DEB020069460CF0A0FDDDF804E031
:10CB7800A446BEE80F00ACE80F00BEE80F00ACE822
:10CB88000F00BEE80F00ACE80F009EE80F008CE82D
:10CB98000F0002B010BD00BF00B583B004220091A1
:10CBA80069460DEB02000CF081FD03B000BD00BF2B
:10CBB80000B583B00422009169460DEB02000CF029
:10CBC80075FD03B000BD00BF10B5042282B0044655
:10CBD80000910DEB020069460CF068FD019B1B6893
:10CBE800236002B010BD00BF00B583B004226946BF
:10CBF80000900DEB02000CF059FD03B000BD00BF22
:10CC080000B5042283B0009069460DEB02000CF0D9
:10CC18004DFD0198436C1BB103B05DF804EB184758
:10CC280003B000BD00B5042283B0009069460DEB47
:10CC380002000CF03BFD019803685B6803B05DF8E7
:10CC480004EB184700B5042283B0009069460DEB49
:10CC580002000CF02BFD019803685B6803B05DF8D7
:10CC680004EB184710B5042282B0044600910DEB7E
:10CC7800020069460CF01AFD019B1B68236002B094
:10CC880010BD00BF10B5042282B0044600910DEB20
:10CC9800020069460CF00AFD019B1B68236002B084
:10CCA80010BD00BF10B5042282B0044600910DEB00
:10CCB800020069460CF0FAFC019B1B68236002B075
:10CCC80010BD00BF10B5042282B0044600910DEBE0
:10CCD800020069460CF0EAFC019B1B68236002B065
:10CCE80010BD00BF30B5042283B0044600910DEB9F
:10CCF800020069460CF0DAFC019B064803F10801C2
:10CD08005D6820601B696560236103C9C4E902018D
:10CD180003B030BDF0A9002030B5042283B004462A
:10CD280000910DEB020069460CF0C0FC019B06481F
:10CD380003F108015D6820601B696560236103C910
:10CD4800C4E9020103B030BDDCA9002030B50422DB
:10CD580083B0044600910DEB020069460CF0A6FC76
:10CD6800019B064803F108015D6820601B69656046
:10CD7800236103C9C4E9020103B030BD40AA002001
:10CD880030B5042283B0044600910DEB02006946D9
:10CD98000CF08CFC019B064803F108015D682060DB
:10CDA8001B696560236103C9C4E9020103B030BD92
:10CDB8002CAA002030B5042283B0044600910DEB64
:10CDC800020069460CF072FC019B064803F1080159
:10CDD8005D6820601B696560236103C9C4E90201BD
:10CDE80003B030BD18AA002030B5042283B0044631
:10CDF80000910DEB020069460CF058FC019B0648B7
:10CE080003F108015D6820601B696560236103C93F
:10CE1800C4E9020103B030BD04AA002030B50422E1
:10CE280083B0044600910DEB020069460CF03EFC0D
:10CE3800019B064803F108015D6820601B69656075
:10CE4800236103C9C4E9020103B030BD68AA002008
:10CE580030B5042283B0044600910DEB0200694608
:10CE68000CF024FC019B064803F108015D68206072
:10CE78001B696560236103C9C4E9020103B030BDC1
:10CE880054AA002010B5042282B0044600910DEB8C
:10CE9800020069460CF00AFC0199402220464B6CBE
:10CEA80063640B6C236402B0BDE810400CF0FEBB59
:10CEB80010B5042282B0044600910DEB02006946C9
:10CEC8000CF0F4FB0199402220464B6C63640B6C18
:10CED800236402B0BDE810400CF0E8BB10B5042292
:10CEE80082B0044600910DEB020069460CF0DEFBAF
:10CEF8000199402220464B6C63640B6C236402B09A
:10CF0800BDE810400CF0D2BB10B5042282B0044634
:10CF180000910DEB020069460CF0C8FB0199402214
:10CF280020464B6C63640B6C236402B0BDE8104070
:10CF38000CF0BCBB00B583B00422694600900DEB31
:10CF480002000CF0B3FB03B000BD00BF00B5042223
:10CF580083B0009069460DEB02000CF0A7FB019826
:10CF6800436C1BB103B05DF804EB184703B000BD78
:10CF780000B5042283B0009069460DEB02000CF066
:10CF880095FB019803685B6803B05DF804EB1847EC
:10CF980000B5042283B0009069460DEB02000CF046
:10CFA80085FB019803685B6803B05DF804EB1847DC
:10CFB80000B583B00422694600900DEB02000CF026
:10CFC80075FB03B000BD00BF00B5042283B000901C
:10CFD80069460DEB02000CF069FB0198436C1BB12C
:10CFE80003B05DF804EB184703B000BD00B5042298
:10CFF80083B0009069460DEB02000CF057FB0198D6
:10D0080003685B6803B05DF804EB184700B50422B9
:10D0180083B0009069460DEB02000CF047FB0198C5
:10D0280003685B6803B05DF804EB184700B583B08C
:10D038000422694600900DEB02000CF037FB03B0A8
:10D0480000BD00BF00B5042283B0009069460DEB17
:10D0580002000CF02BFB0198436C1BB103B05DF888
:10D0680004EB184703B000BD00B5042283B000905C
:10D0780069460DEB02000CF019FB019803685B6828
:10D0880003B05DF804EB184700B5042283B00090A4
:10D0980069460DEB02000CF009FB019803685B6818
:10D0A80003B05DF804EB184700B583B00422694665
:10D0B80000900DEB02000CF0F9FA03B000BD00BFC0
:10D0C80000B5042283B0009069460DEB02000CF015
:10D0D800EDFA0198436C1BB103B05DF804EB1847F7
:10D0E80003B000BD00B5042283B0009069460DEB83
:10D0F80002000CF0DBFA019803685B6803B05DF886
:10D1080004EB184700B5042283B0009069460DEB84
:10D1180002000CF0CBFA019803685B6803B05DF875
:10D1280004EB184710B5042282B0044600910DEBB9
:10D13800020069460CF0BAFA019B0022D3E900010B
:10D14800C3E90022C4E9000102B010BD10B50422F1
:10D1580082B0044600910DEB020069460CF0A6FA75
:10D16800019B1B68236002B010BD00BF10B584B0DE
:10D1780004460422029103A802A90CF097FA039925
:10D18800402220464B6C019163640B6C23640CF0C5
:10D198008DFA002301994B6404B010BD30B5042208
:10D1A80083B0044600910DEB020069460CF07EFA4C
:10D1B800019B064803F108015D6820601B696560F2
:10D1C800236103C9C4E9020103B030BDF0A90020FE
:10D1D80030B5042283B0044600910DEB0200694685
:10D1E8000CF064FA019B064803F108015D682060B1
:10D1F8001B696560236103C9C4E9020103B030BD3E
:10D20800DCA9002010B5042282B0044600910DEB81
:10D21800020069460CF04AFA019B0022D3E900019A
:10D22800C3E90022C4E9000102B010BD10B5042210
:10D2380082B0044600910DEB020069460CF036FA04
:10D24800019B1B68236002B010BD00BF10B584B0FD
:10D2580004460422029103A802A90CF027FA0399B4
:10D26800402220464B6C019163640B6C23640CF0E4
:10D278001DFA002301994B6404B010BD30B5042297
:10D2880083B0044600910DEB020069460CF00EFADB
:10D29800019B064803F108015D6820601B69656011
:10D2A800236103C9C4E9020103B030BD40AA0020CC
:10D2B80030B5042283B0044600910DEB02006946A4
:10D2C8000CF0F4F9019B064803F108015D68206041
:10D2D8001B696560236103C9C4E9020103B030BD5D
:10D2E8002CAA002010B5042282B0044600910DEB50
:10D2F800020069460CF0DAF9019B0022D3E900012B
:10D30800C3E90022C4E9000102B010BD10B504222F
:10D3180082B0044600910DEB020069460CF0C6F994
:10D32800019B1B68236002B010BD00BF10B584B01C
:10D3380004460422029103A802A90CF0B7F9039944
:10D34800402220464B6C019163640B6C23640CF003
:10D35800ADF9002301994B6404B010BD30B5042227
:10D3680083B0044600910DEB020069460CF09EF96B
:10D37800019B064803F108015D6820601B69656030
:10D38800236103C9C4E9020103B030BD18AA002013
:10D3980030B5042283B0044600910DEB02006946C3
:10D3A8000CF084F9019B064803F108015D682060D0
:10D3B8001B696560236103C9C4E9020103B030BD7C
:10D3C80004AA002010B5042282B0044600910DEB97
:10D3D800020069460CF06AF9019B0022D3E90001BA
:10D3E800C3E90022C4E9000102B010BD10B504224F
:10D3F80082B0044600910DEB020069460CF056F924
:10D40800019B1B68236002B010BD00BF10B584B03B
:10D4180004460422029103A802A90CF047F90399D3
:10D42800402220464B6C019163640B6C23640CF022
:10D438003DF9002301994B6404B010BD30B50422B6
:10D4480083B0044600910DEB020069460CF02EF9FA
:10D45800019B064803F108015D6820601B6965604F
:10D46800236103C9C4E9020103B030BD68AA0020E2
:10D4780030B5042283B0044600910DEB02006946E2
:10D488000CF014F9019B064803F108015D6820605F
:10D498001B696560236103C9C4E9020103B030BD9B
:10D4A80054AA002008B5602200212AF0B9FDBDE881
:10D4B80008400CF051B900BF0BF05CBA59B170B517
:10D4C8000E4604460025013520460BF053FA603419
:10D4D800AE42F8D170BD7047034B10B504460360E7
:10D4E8000CF00CF9204610BD68A90020034B10B5BC
:10D4F800044603600CF002F9204610BD38A900204C
:10D50800034B10B5044603600CF0F8F8204610BD34
:10D5180078A80020054B10B5044603600CF0EEF81F
:10D5280020460CF0C1F8204610BD00BF38A90020E5
:10D53800054B10B5044603600CF0E0F820460CF0EB
:10D54800B3F8204610BD00BF78A80020054B10B5E1
:10D55800044603600CF0D2F820460CF0A5F82046EB
:10D5680010BD00BF68A9002000B583B01421019048
:10D5780025F018F8019803B000BD00BF00B583B0CE
:10D588001421019025F00EF8019803B000BD00BFEA
:10D5980000B583B01421019025F004F8019803B078
:10D5A80000BD00BF00B583B01421019024F0FAFF3C
:10D5B800019803B000BD00BF00B583B014210190ED
:10D5C80024F0F0FF019803B000BD00BF00B583B0A0
:10D5D8001421019024F0E6FF019803B000BD00BFBC
:10D5E80000B583B01421019024F0DCFF019803B04A
:10D5F80000BD00BF00B583B01421019024F0D2FF14
:10D60800019803B000BD00BF00B585B004220290A8
:10D6180002A903A80CF04AF8039B5868A0B101932B
:10D628000CF076F880B1019B5868026892689047C0
:10D63800019B58688368013B83602BB90368DB68EA
:10D6480005B05DF804EB184705B000BD00B585B01E
:10D658000422029002A903A80CF028F8039B58683A
:10D66800A0B101930CF054F880B1019B586802688E
:10D6780092689047019B58688368013B83602BB987
:10D688000368DB6805B05DF804EB184705B000BD1A
:10D6980000B585B00422029002A903A80CF006F890
:10D6A800039B5868A0B101930CF032F880B1019B3C
:10D6B8005868026892689047019B58688368013BE4
:10D6C80083602BB90368DB6805B05DF804EB184785
:10D6D80005B000BD00B585B00422029002A903A8D8
:10D6E8000BF0E4FF039B5868A0B101930CF010F80D
:10D6F80080B1019B5868026892689047019B5868FE
:10D708008368013B83602BB90368DB6805B05DF86B
:10D7180004EB184705B000BD00B585B0042202909F
:10D7280002A903A80BF0C2FF039B5868A0B101939C
:10D738000BF0EEFF80B1019B586802689268904731
:10D74800019B58688368013B83602BB90368DB68D9
:10D7580005B05DF804EB184705B000BD0A6838B598
:10D768000C460260002305460C30D1E90121A36074
:10D7780040F8041C04F10C01636040F8082C0CF01C
:10D7880027FD94F8643085F8643038BD10B582B050
:10D79800044601910CF01CFD01998A6D91F85C30EA
:10D7A800A26584F85C3002B010BD00BF38B50B68C4
:10D7B80004460D460360D1E90130C4E9013008B1DF
:10D7C8000BF09EFF05F10C0104F10C000CF010FFAA
:10D7D80095F8643084F8643038BD00BFD1E900237F
:10D7E800C0E9002313B118460BF08ABF704700BF89
:10D7F80010B5042282B0044600910DEB0200694680
:10D808000BF054FF019BD3E90020C4E9002020B1AC
:10D8180002B0BDE810400BF073BF02B010BD00BFEE
:10D8280010B5042282B0044600910DEB020069464F
:10D838000BF03CFF019BD3E90020C4E9002020B194
:10D8480002B0BDE810400BF05BBF02B010BD00BFD6
:10D8580010B5042282B0044600910DEB020069461F
:10D868000BF024FF019BD3E90020C4E9002020B17C
:10D8780002B0BDE810400BF043BF02B010BD00BFBE
:10D8880010B5042282B0044600910DEB02006946EF
:10D898000BF00CFF019BD3E90020C4E9002020B164
:10D8A80002B0BDE810400BF02BBF02B010BD00BFA6
:10D8B80004300BF053BD00BF59B170B50E46041DBE
:10D8C8000025013520460BF049FD2434AE42F8D13D
:10D8D80070BD704700B583B0019012F039FA019815
:10D8E800002103689B6903B05DF804EB184700BF8B
:10D8F80070B50C4691689AB0002945D00546414854
:10D9080001920AF091FA60220646002102A82AF044
:10D9180087FB02A80BF020FF00223B4902A88DF8E4
:10D9280060200A2219920CF019FA294602A80CF074
:10D93800A1FE364902A80CF011FA214602A80CF003
:10D9480099FE334902A80CF009FA019902A80CF0D3
:10D9580091FE304902A80CF001FA2F4902A80CF0F8
:10D96800FDF9214602A80CF085FE2C4902A80CF00E
:10D97800F5F902AB8722314601200AF015FA02A810
:10D988000AF0F8FF1AB070BD06461E4801910AF069
:10D998004BFA60220199054602A82AF041FB02A829
:10D9A8000BF0DAFE01990A2302A88DF860101649D7
:10D9B80019930CF0D3F9314602A80CF05BFE134919
:10D9C80002A80CF0CBF9214602A80CF053FE14492A
:10D9D80002A80CF0C3F9104902A80CF0BFF92146BF
:10D9E80002A80CF047FE0D4902A80CF0B7F902ABEB
:10D9F8008D22294601200AF0D7F902A80AF0BAFFB9
:10DA08001AB070BDD84D0020384E0020444E00207A
:10DA1800584E0020904E0020B44E0020E44E0020C6
:10DA2800084F002030B593B0844609A8DCF800E020
:10DA38009CF8184080E80E0007C80FAA25469CF8F5
:10DA480019409CF81AC082E80B00BEF800100020AC
:10DA58009EF802309DF840E00A0AADF83810C9B2C5
:10DA6800BEF1020F8DF836008DF837008DF83A3088
:10DA780060D0BEF1030F42D0BEF1010F1AD0844628
:10DA88000346024601468DF83A00ADF838001A9C64
:10DA9800CDF800C00694199C0594189C0494179C12
:10DAA8000394169CCDE901049DF841000AF08AF818
:10DAB80013B030BDCDE9014C0DF1370C0FA800951E
:10DAC800CDF81CC00DF1360CCDF818C00DF1380C8E
:10DAD800CDF80CC00DF13A0CCDF814C00DF1390C8D
:10DAE800CDF810C00AF0ECF89DF838109DF83920F0
:10DAF8009DF83A309DF836C09DF83700C7E7CDE964
:10DB0800014C0DF1370C0FA80095CDF81CC00DF194
:10DB1800360CCDF818C00DF1380CCDF80CC00DF14D
:10DB28003A0CCDF814C00DF1390CCDF810C00AF03C
:10DB38008FF8D9E7CDE9014C0DF1370C0FA8009506
:10DB4800CDF81CC00DF1360CCDF818C00DF1380C0D
:10DB5800CDF80CC00DF13A0CCDF814C00DF1390C0C
:10DB6800CDF810C00AF0E6F8BEE700BF30B593B0B4
:10DB7800844609A8DCF800E09CF8184080E80E000C
:10DB880007C80FAA25469CF819409CF81AC082E8D5
:10DB98000B00BEF8001000209EF802309DF840E00F
:10DBA8000A0AADF83810C9B2BEF1020F8DF8360076
:10DBB8008DF837008DF83A3060D0BEF1030F42D0AF
:10DBC800BEF1010F1AD084460346024601468DF87D
:10DBD8003A00ADF838001A9CCDF800C00694199C9C
:10DBE8000594189C0494179C0394169CCDE9010491
:10DBF8009DF8410009F0E6FF13B030BDCDE9014CB6
:10DC08000DF1370C0FA80095CDF81CC00DF1360C9E
:10DC1800CDF818C00DF1380CCDF80CC00DF13A0C48
:10DC2800CDF814C00DF1390CCDF810C00AF048F841
:10DC38009DF838109DF83A209DF839309DF836C087
:10DC48009DF83700C7E7CDE9014C0DF1370C0FA857
:10DC58000095CDF81CC00DF1360CCDF818C00DF1AB
:10DC6800380CCDF80CC00DF13A0CCDF814C00DF1FC
:10DC7800390CCDF810C009F0EBFFD9E7CDE9014C1C
:10DC88000DF1370C0FA80095CDF81CC00DF1360C1E
:10DC9800CDF818C00DF1380CCDF80CC00DF13A0CC8
:10DCA800CDF814C00DF1390CCDF810C00AF042F8C7
:10DCB800BEE700BF30B593B0844609A8DCF800E0A1
:10DCC8009CF8184080E80E0007C80FAA25469CF863
:10DCD80019409CF81AC082E80B00BEF8001000201A
:10DCE8009EF802309DF840E00A0AADF83810C9B233
:10DCF800BEF1020F8DF836008DF837008DF83A30F6
:10DD080060D0BEF1030F42D0BEF1010F1AD0844695
:10DD18000346024601468DF83A00ADF838001A9CD1
:10DD2800CDF800C00694199C0594189C0494179C7F
:10DD38000394169CCDE901049DF8410009F042FFC7
:10DD480013B030BDCDE9014C0DF1370C0FA800958B
:10DD5800CDF81CC00DF1360CCDF818C00DF1380CFB
:10DD6800CDF80CC00DF13A0CCDF814C00DF1390CFA
:10DD7800CDF810C009F0A4FF9DF839109DF838209F
:10DD88009DF83A309DF836C09DF83700C7E7CDE9D1
:10DD9800014C0DF1370C0FA80095CDF81CC00DF102
:10DDA800360CCDF818C00DF1380CCDF80CC00DF1BB
:10DDB8003A0CCDF814C00DF1390CCDF810C009F0AB
:10DDC80047FFD9E7CDE9014C0DF1370C0FA80095B5
:10DDD800CDF81CC00DF1360CCDF818C00DF1380C7B
:10DDE800CDF80CC00DF13A0CCDF814C00DF1390C7A
:10DDF800CDF810C009F09EFFBEE700BF30B593B064
:10DE0800844609A8DCF800E09CF8184080E80E0079
:10DE180007C80FAA25469CF819409CF81AC082E842
:10DE28000B00BEF8001000209EF802309DF840E07C
:10DE38000A0AADF83810C9B2BEF1020F8DF83600E3
:10DE48008DF837008DF83A3060D0BEF1030F42D01C
:10DE5800BEF1010F1AD084460346024601468DF8EA
:10DE68003A00ADF838001A9CCDF800C00694199C09
:10DE78000594189C0494179C0394169CCDE90104FE
:10DE88009DF8410009F09EFE13B030BDCDE9014C6C
:10DE98000DF1370C0FA80095CDF81CC00DF1360C0C
:10DEA800CDF818C00DF1380CCDF80CC00DF13A0CB6
:10DEB800CDF814C00DF1390CCDF810C009F000FFF1
:10DEC8009DF839109DF83A209DF838309DF836C0F5
:10DED8009DF83700C7E7CDE9014C0DF1370C0FA8C5
:10DEE8000095CDF81CC00DF1360CCDF818C00DF119
:10DEF800380CCDF80CC00DF13A0CCDF814C00DF16A
:10DF0800390CCDF810C009F0A3FED9E7CDE9014CD2
:10DF18000DF1370C0FA80095CDF81CC00DF1360C8B
:10DF2800CDF818C00DF1380CCDF80CC00DF13A0C35
:10DF3800CDF814C00DF1390CCDF810C009F0FAFE77
:10DF4800BEE700BF30B593B0844609A8DCF800E00E
:10DF58009CF8184080E80E0007C80FAA25469CF8D0
:10DF680019409CF81AC082E80B00BEF80010002087
:10DF78009EF802309DF840E00A0AADF83810C9B2A0
:10DF8800BEF1020F8DF836008DF837008DF83A3063
:10DF980060D0BEF1030F42D0BEF1010F1AD0844603
:10DFA8000346024601468DF83A00ADF838001A9C3F
:10DFB800CDF800C00694199C0594189C0494179CED
:10DFC8000394169CCDE901049DF8410009F0FAFD7F
:10DFD80013B030BDCDE9014C0DF1370C0FA80095F9
:10DFE800CDF81CC00DF1360CCDF818C00DF1380C69
:10DFF800CDF80CC00DF13A0CCDF814C00DF1390C68
:10E00800CDF810C009F05CFE9DF83A109DF8382054
:10E018009DF839309DF836C09DF83700C7E7CDE93F
:10E02800014C0DF1370C0FA80095CDF81CC00DF16F
:10E03800360CCDF818C00DF1380CCDF80CC00DF128
:10E048003A0CCDF814C00DF1390CCDF810C009F018
:10E05800FFFDD9E7CDE9014C0DF1370C0FA800956C
:10E06800CDF81CC00DF1360CCDF818C00DF1380CE8
:10E07800CDF80CC00DF13A0CCDF814C00DF1390CE7
:10E08800CDF810C009F056FEBEE700BF30B593B01A
:10E09800844609A8DCF800E09CF8184080E80E00E7
:10E0A80007C80FAA25469CF819409CF81AC082E8B0
:10E0B8000B00BEF8001000209EF802309DF840E0EA
:10E0C8000A0AADF83810C9B2BEF1020F8DF8360051
:10E0D8008DF837008DF83A3060D0BEF1030F42D08A
:10E0E800BEF1010F1AD084460346024601468DF858
:10E0F8003A00ADF838001A9CCDF800C00694199C77
:10E108000594189C0494179C0394169CCDE901046B
:10E118009DF8410009F056FD13B030BDCDE9014C22
:10E128000DF1370C0FA80095CDF81CC00DF1360C79
:10E13800CDF818C00DF1380CCDF80CC00DF13A0C23
:10E14800CDF814C00DF1390CCDF810C009F0B8FDA8
:10E158009DF83A109DF839209DF838309DF836C062
:10E168009DF83700C7E7CDE9014C0DF1370C0FA832
:10E178000095CDF81CC00DF1360CCDF818C00DF186
:10E18800380CCDF80CC00DF13A0CCDF814C00DF1D7
:10E19800390CCDF810C009F05BFDD9E7CDE9014C89
:10E1A8000DF1370C0FA80095CDF81CC00DF1360CF9
:10E1B800CDF818C00DF1380CCDF80CC00DF13A0CA3
:10E1C800CDF814C00DF1390CCDF810C009F0B2FD2E
:10E1D800BEE700BFF0B58FB0047E0DF1240C2646D3
:10E1E800447E8CE80E0003680B9A1988807EA2F1A1
:10E1F800020C9B780022BDF824E0ADF834108DF8AD
:10E2080033200A0A0A9DC9B28DF836300096CDE946
:10E2180001407046BCF1050F00F28C80DFE80CF07D
:10E228002B3E516477030DF1330CCDF818C00DF176
:10E23800340CCDF80CC00DF1360CCDF814C00DF12E
:10E24800350CCDF810C009F0B7FB179B28469DF890
:10E2580033100493169B149C0393159B9DF835204B
:10E2680002939DF83630CDE900149DF8341009F07A
:10E2780087FC0FB0F0BD0DF1330CCDF818C00DF1CF
:10E28800340CCDF80CC00DF1360CCDF814C00DF1DE
:10E29800350CCDF810C009F045F9D6E70DF1330C6F
:10E2A800CDF818C00DF1340CCDF80CC00DF1360CBA
:10E2B800CDF814C00DF1350CCDF810C009F046FBAF
:10E2C800C3E70DF1330CCDF818C00DF1340CCDF8BF
:10E2D8000CC00DF1360CCDF814C00DF1350CCDF88D
:10E2E80010C009F0F3FAB0E70DF1330CCDF818C0FF
:10E2F8000DF1340CCDF80CC00DF1360CCDF814C06E
:10E308000DF1350CCDF810C009F08AFB9DE70DF131
:10E31800330CCDF818C00DF1340CCDF80CC00DF14C
:10E32800360CCDF814C00DF1350CCDF810C009F03D
:10E33800CFFB8AE70DF1330CCDF818C00DF1340C82
:10E34800CDF80CC00DF1360CCDF814C00DF1350C1C
:10E35800CDF810C009F0DEFA77E700BFF0B58FB04E
:10E36800047E0DF1240C2646447E8CE80E000368DA
:10E378000B9A1988807EA2F1020C9B780022BDF8C6
:10E3880024E0ADF834108DF833200A0A0A9DC9B28A
:10E398008DF836300096CDE901407046BCF1050F86
:10E3A80000F28C80DFE80CF02B3E516477030DF10E
:10E3B800330CCDF818C00DF1340CCDF80CC00DF1AC
:10E3C800360CCDF814C00DF1350CCDF810C009F09D
:10E3D800F3FA179B28469DF833100493169B149C58
:10E3E8000393159B9DF8362002939DF83530CDE9AF
:10E3F80000149DF8341009F0C3FB0FB0F0BD0DF107
:10E40800330CCDF818C00DF1340CCDF80CC00DF15B
:10E41800360CCDF814C00DF1350CCDF810C009F04C
:10E4280081F8D6E70DF1330CCDF818C00DF1340C96
:10E43800CDF80CC00DF1360CCDF814C00DF1350C2B
:10E44800CDF810C009F082FAC3E70DF1330CCDF80E
:10E4580018C00DF1340CCDF80CC00DF1360CCDF808
:10E4680014C00DF1350CCDF810C009F02FFAB0E743
:10E478000DF1330CCDF818C00DF1340CCDF80CC0EB
:10E488000DF1360CCDF814C00DF1350CCDF810C0D7
:10E4980009F0C6FA9DE70DF1330CCDF818C00DF15F
:10E4A800340CCDF80CC00DF1360CCDF814C00DF1BC
:10E4B800350CCDF810C009F00BFB8AE70DF1330CD1
:10E4C800CDF818C00DF1340CCDF80CC00DF1360C98
:10E4D800CDF814C00DF1350CCDF810C009F01AFABA
:10E4E80077E700BFF0B58FB0047E0DF1240C264607
:10E4F800447E8CE80E0003680B9A1988807EA2F18E
:10E50800020C9B780022BDF824E0ADF834108DF899
:10E5180033200A0A0A9DC9B28DF836300096CDE933
:10E5280001407046BCF1050F00F28C80DFE80CF06A
:10E538002B3E516477030DF1330CCDF818C00DF163
:10E54800340CCDF80CC00DF1360CCDF814C00DF11B
:10E55800350CCDF810C009F02FFA179B28469DF806
:10E5680033100493169B149C0393159B9DF8342039
:10E5780002939DF83630CDE900149DF8351009F066
:10E58800FFFA0FB0F0BD0DF1330CCDF818C00DF146
:10E59800340CCDF80CC00DF1360CCDF814C00DF1CB
:10E5A800350CCDF810C008F0BDFFD6E70DF1330CDF
:10E5B800CDF818C00DF1340CCDF80CC00DF1360CA7
:10E5C800CDF814C00DF1350CCDF810C009F0BEF926
:10E5D800C3E70DF1330CCDF818C00DF1340CCDF8AC
:10E5E8000CC00DF1360CCDF814C00DF1350CCDF87A
:10E5F80010C009F06BF9B0E70DF1330CCDF818C075
:10E608000DF1340CCDF80CC00DF1360CCDF814C05A
:10E618000DF1350CCDF810C009F002FA9DE70DF1A7
:10E62800330CCDF818C00DF1340CCDF80CC00DF139
:10E63800360CCDF814C00DF1350CCDF810C009F02A
:10E6480047FA8AE70DF1330CCDF818C00DF1340CF8
:10E65800CDF80CC00DF1360CCDF814C00DF1350C09
:10E66800CDF810C009F056F977E700BFF0B58FB0C4
:10E67800047E0DF1240C2646447E8CE80E000368C7
:10E688000B9A1988807EA2F1020C9B780022BDF8B3
:10E6980024E0ADF834108DF833200A0A0A9DC9B277
:10E6A8008DF836300096CDE901407046BCF1050F73
:10E6B80000F28C80DFE80CF02B3E516477030DF1FB
:10E6C800330CCDF818C00DF1340CCDF80CC00DF199
:10E6D800360CCDF814C00DF1350CCDF810C009F08A
:10E6E8006BF9179B28469DF833100493169B149CCE
:10E6F8000393159B9DF8362002939DF83430CDE99D
:10E7080000149DF8351009F03BFA0FB0F0BD0DF17B
:10E71800330CCDF818C00DF1340CCDF80CC00DF148
:10E72800360CCDF814C00DF1350CCDF810C008F03A
:10E73800F9FED6E70DF1330CCDF818C00DF1340C05
:10E74800CDF80CC00DF1360CCDF814C00DF1350C18
:10E75800CDF810C009F0FAF8C3E70DF1330CCDF885
:10E7680018C00DF1340CCDF80CC00DF1360CCDF8F5
:10E7780014C00DF1350CCDF810C009F0A7F8B0E7BA
:10E788000DF1330CCDF818C00DF1340CCDF80CC0D8
:10E798000DF1360CCDF814C00DF1350CCDF810C0C4
:10E7A80009F03EF99DE70DF1330CCDF818C00DF1D5
:10E7B800340CCDF80CC00DF1360CCDF814C00DF1A9
:10E7C800350CCDF810C009F083F98AE70DF1330C48
:10E7D800CDF818C00DF1340CCDF80CC00DF1360C85
:10E7E800CDF814C00DF1350CCDF810C009F092F831
:10E7F80077E700BFF0B58FB0047E0DF1240C2646F4
:10E80800447E8CE80E0003680B9A1988807EA2F17A
:10E81800020C9B780022BDF824E0ADF834108DF886
:10E8280033200A0A0A9DC9B28DF836300096CDE920
:10E8380001407046BCF1050F00F28C80DFE80CF057
:10E848002B3E516477030DF1330CCDF818C00DF150
:10E85800340CCDF80CC00DF1360CCDF814C00DF108
:10E86800350CCDF810C009F0A7F8179B28469DF87D
:10E8780033100493169B149C0393159B9DF8342026
:10E8880002939DF83530CDE900149DF8361009F053
:10E8980077F90FB0F0BD0DF1330CCDF818C00DF1BC
:10E8A800340CCDF80CC00DF1360CCDF814C00DF1B8
:10E8B800350CCDF810C008F035FED6E70DF1330C55
:10E8C800CDF818C00DF1340CCDF80CC00DF1360C94
:10E8D800CDF814C00DF1350CCDF810C009F036F89C
:10E8E800C3E70DF1330CCDF818C00DF1340CCDF899
:10E8F8000CC00DF1360CCDF814C00DF1350CCDF867
:10E9080010C008F0E3FFB0E70DF1330CCDF818C0E4
:10E918000DF1340CCDF80CC00DF1360CCDF814C047
:10E928000DF1350CCDF810C009F07AF89DE70DF11E
:10E93800330CCDF818C00DF1340CCDF80CC00DF126
:10E94800360CCDF814C00DF1350CCDF810C009F017
:10E95800BFF88AE70DF1330CCDF818C00DF1340C6F
:10E96800CDF80CC00DF1360CCDF814C00DF1350CF6
:10E97800CDF810C008F0CEFF77E700BFF0B58FB034
:10E98800047E0DF1240C2646447E8CE80E000368B4
:10E998000B9A1988807EA2F1020C9B780022BDF8A0
:10E9A80024E0ADF834108DF833200A0A0A9DC9B264
:10E9B8008DF836300096CDE901407046BCF1050F60
:10E9C80000F28C80DFE80CF02B3E516477030DF1E8
:10E9D800330CCDF818C00DF1340CCDF80CC00DF186
:10E9E800360CCDF814C00DF1350CCDF810C008F078
:10E9F800E3FF179B28469DF833100493169B149C3D
:10EA08000393159B9DF8352002939DF83430CDE98A
:10EA180000149DF8361009F0B3F80FB0F0BD0DF1F1
:10EA2800330CCDF818C00DF1340CCDF80CC00DF135
:10EA3800360CCDF814C00DF1350CCDF810C008F027
:10EA480071FDD6E70DF1330CCDF818C00DF1340C7B
:10EA5800CDF80CC00DF1360CCDF814C00DF1350C05
:10EA6800CDF810C008F072FFC3E70DF1330CCDF8F4
:10EA780018C00DF1340CCDF80CC00DF1360CCDF8E2
:10EA880014C00DF1350CCDF810C008F01FFFB0E729
:10EA98000DF1330CCDF818C00DF1340CCDF80CC0C5
:10EAA8000DF1360CCDF814C00DF1350CCDF810C0B1
:10EAB80008F0B6FF9DE70DF1330CCDF818C00DF145
:10EAC800340CCDF80CC00DF1360CCDF814C00DF196
:10EAD800350CCDF810C008F0FBFF8AE70DF1330CB8
:10EAE800CDF818C00DF1340CCDF80CC00DF1360C72
:10EAF800CDF814C00DF1350CCDF810C008F00AFFA0
:10EB080077E700BFF0B54C6899B00E4607468CB160
:10EB18008D6805EB051504EBC505AC420AD02368E2
:10EB2800184623B11B68DB69984700286DD18834E3
:10EB3800AC42F4D1D6F8C03093B9D6F8A0303846F4
:10EB480033B900F8043B0AF007FE384619B0F0BDA7
:10EB5800022300F8043B0AF0FFFD384619B0F0BD67
:10EB680060220021684629F05BFA68460AF0F4FD45
:10EB780000220A2326488DF85820179309F054F9E3
:10EB880018B1014668460BF0E9F8224968460BF0CF
:10EB9800E5F84FF48B7168460BF0F0F81E496846AB
:10EBA8000BF0DCF81D4968460BF0D8F8D6F8C01011
:10EBB80068460BF0F9F81A4968460BF0CFF8684632
:10EBC8000BF058FC0AF062FD684609F0D3FED6F84F
:10EBD800BC3083B1D6F8C01003EBC10199420AD00A
:10EBE8000833002053F8082C0AB182F890008B42B1
:10EBF80003F10803F6D106F1BC000AF01BF8D6F8B9
:10EC0800A0303846002B9CD0A2E73846012398E76D
:10EC1800444F0020705F0020BC4F0020C04F0020F0
:10EC2800E44F00202DE9F0433D4B99B060220021CC
:10EC380003600546684629F0F3F968460AF08CFD3A
:10EC480000220A2337488DF85820179309F0ECF86A
:10EC580018B1014668460BF081F8334968460BF055
:10EC68007DF8472168460BF089F8304968460BF073
:10EC780075F82F4968460BF071F805F144016846AC
:10EC88000BF0F8FC2B4968460BF068F868460BF067
:10EC9800F1FB0AF0FBFC684609F06CFE05F19C00EC
:10ECA80009F0C8FF68462946FFF72CFF9DF8004089
:10ECB80001A809F05FFE002CF4D16C68CCB1AF68F4
:10ECC80007EB071704EBC707A74212D0883454F89C
:10ECD800883C2646184643B11B681B6A984720B1F2
:10ECE80054F8880C0368DB689847B74204F1880435
:10ECF800EDD105F1BC000AF031FB05F19C000AF0EA
:10ED08002DFB05F1440009F035FE05F124000AF059
:10ED180025FB281D0AF022FB284619B0BDE8F08320
:10ED280018A80020444F0020705F0020BC4F00202E
:10ED3800F84F0020404E002010B50446FFF772FF40
:10ED4800DC21204623F02EFC204610BD38B50446B1
:10ED58000D46D1E90030C4E9003008B10AF0D0FC12
:10ED6800AB6805F10C0104F10C00A3600BF040FC4A
:10ED780000236A6F042104F16400C4E91B31C4E96B
:10ED88001933C4E91D23C4E91F3305F164010AF0EE
:10ED980001FA95F8843084F8843038BD10B598B0FD
:10EDA800104809F041F8602204460021684629F01D
:10EDB80037F968460AF0D0FC00220A230A49684657
:10EDC8008DF8582017930AF0C9FF6B464FF4057267
:10EDD8002146012008F0E8FF684609F0CBFD18B08D
:10EDE80010BD00BF245000208450002090F8183136
:10EDF80003B9704700B585B000F10C0C042203A9D3
:10EE0800019002A8CDF80CC00AF050FC02980268E4
:10EE1800926890470022019B83F8182105B000BD35
:10EE280090F8E83003B9704700B585B000F10C0CD4
:10EE3800042203A9019002A8CDF80CC00AF036FC00
:10EE480002980268126A90470022019B83F8E82022
:10EE580005B000BD2DE9F043344B99B06022002184
:10EE680003608046684629F0DBF868460AF074FCBF
:10EE780000220A232E488DF85820179308F0D4FF53
:10EE880018B1014668460AF069FF2A4968460AF03F
:10EE980065FF2D2168460AF071FF274968460AF088
:10EEA8005DFF264968460AF059FF68460BF0E2FA0A
:10EEB8000AF0ECFB684609F05DFD0BF065FC414685
:10EEC8000BF0BCFCD8F80440E4B1D8F8087068230B
:10EED80003FB0747A74215D00025DFF8649002E03E
:10EEE8006834A7420ED060680028F9D003689B698F
:10EEF8004B45CDE90055F3D06834DDE90012984759
:10EF0800A742F0D108F1440009F034FD08F12400CB
:10EF18000AF024FA08F104000AF020FA40460BF03F
:10EF2800A7FC404619B0BDE8F08300BFCCA600207E
:10EF380024500020705F0020BC4F0020C4500020E7
:10EF4800258E000010B50446FFF784FFA82120464F
:10EF580023F028FB204610BD0B1A402B2DE9F04169
:10EF68000D4632DD0F1FA1F10808DB10046855F8C3
:10EF7800041C50F8232000EB8303A24240DD8A42A0
:10EF880003DB8C4240DB224603468742196045F882
:10EF9800042C40D0031F044653F8046F21469642C0
:10EFA80004DD51F8042B26600C461A60434555F8D9
:10EFB800042CF1D123682146226045F8043CFFF770
:10EFC800CBFF201D2B1A402BCFDC854216D000F139
:10EFD800040C654512D06045DCF800101DD063466E
:10EFE80003E043F80429834203D053F8042C9142E8
:10EFF800F7DC0CF1040C19606545ECD1BDE8F08133
:10F008008C42C0DB8A42C0DA0A463B468742196016
:10F0180045F8042CBED13C46CCE70CF1040C034661
:10F0280065451960D7D1E9E70B1A402B2DE9F04166
:10F038000D4632DD0F1FA1F10808DB10046855F8F2
:10F04800041C50F8232000EB8303A24240DD8A42CF
:10F0580003DB8C4240DB224603468742196045F8B1
:10F06800042C40D0031F044653F8046F21469642EF
:10F0780004DD51F8042B26600C461A60434555F808
:10F08800042CF1D123682146226045F8043CFFF79F
:10F09800CBFF201D2B1A402BCFDC854216D000F168
:10F0A800040C654512D06045DCF800101DD063469D
:10F0B80003E043F80429834203D053F8042C914217
:10F0C800F7DC0CF1040C19606545ECD1BDE8F08162
:10F0D8008C42C0DB8A42C0DA0A463B468742196046
:10F0E80045F8042CBED13C46CCE70CF1040C034691
:10F0F80065451960D7D1E9E70B1A402B2DE9F04196
:10F108000D4632DD0F1FA1F10808DB10046855F821
:10F11800041C50F8232000EB8303A24240DD8A42FE
:10F1280003DB8C4240DB224603468742196045F8E0
:10F13800042C40D0031F044653F8046F214696421E
:10F1480004DD51F8042B26600C461A60434555F837
:10F15800042CF1D123682146226045F8043CFFF7CE
:10F16800CBFF201D2B1A402BCFDC854216D000F197
:10F17800040C654512D06045DCF800101DD06346CC
:10F1880003E043F80429834203D053F8042C914246
:10F19800F7DC0CF1040C19606545ECD1BDE8F08191
:10F1A8008C42C0DB8A42C0DA0A463B468742196075
:10F1B80045F8042CBED13C46CCE70CF1040C0346C0
:10F1C80065451960D7D1E9E7BAB100EBC20C0B1D50
:10F1D800002230B408304C6853F8045C08316045AC
:10F1E80043F8042C40F8085C03F1080341F8042CA8
:10F1F80040F8044CEED130BC70477047B2B1F8B556
:10F20800174605460C460026013621462846603436
:10F218000AF0DEFF54F8081C14F8043CB742A9654C
:10F2280005F1600505F8043CEED1F8BD704700BF54
:10F2380030B5054699B00C46684629460AF0C8FF1D
:10F24800AA6D95F85C302146284616928DF85C30F8
:10F258000BF080F8A26D694694F85C302046AA65E8
:10F2680085F85C300BF076F8169A9DF85C306846A5
:10F27800A26584F85C3009F07DFB19B030BD00BF91
:10F2880008B56822002128F0CBFE0C30BDE8084004
:10F298000AF062BA2AB32DE9F0410026904600F13F
:10F2A8000C0501F10C04374654F80C3C013628468D
:10F2B800214645F80C3C683554E9023244F8047C90
:10F2C800683445F8703C45F86C2C44F8707C0AF0BA
:10F2D8007FFF14F8103CB04505F8103CE4D1BDE8B8
:10F2E800F081704730B50D689BB0002D6CD0026876
:10F2F8000B46DFF82CC10446526962453FD12A7F8C
:10F30800022A41D1194604F19C0009F043FC60220D
:10F31800002102A828F084FE02A80AF01DFA0022A3
:10F328000A2338488DF86020199308F07DFD18B13C
:10F33800014602A80AF012FD334902A80AF00EFDA0
:10F34800E22102A80AF01AFD304902A80AF006FDD7
:10F358002F4902A80AF002FDD4F8A01002A80AF06A
:10F3680023FD2C4902A80AF0F9FC02A80BF082F848
:10F378000AF08CF902A809F0FDFA1BB030BD019122
:10F388009047019B0028BDD11E48002408F04CFD81
:10F3980060220546002102A828F042FE02A80AF0D1
:10F3A800DBF90A231C4902A819938DF860400AF07A
:10F3B800D5FC02ABDD222946204608F0F5FC02A860
:10F3C80009F0D8FA1BB030BD0E4808F02DFD6022B8
:10F3D8002946044602A828F023FE02A80AF0BCF930
:10F3E8000A230E4902A819938DF860500AF0B6FC5A
:10F3F800284602ABD722214608F0D6FC02A809F01D
:10F40800B9FABAE7444F0020705F0020BC4F0020D3
:10F41800785100203070002028510020E85000204A
:10F42800558E000092B32DE9F8430027904600F16D
:10F438000C0401F10C053E464FF00409294620460C
:10F44800013755E9032345E9036644E9032355F8E1
:10F45800043C44F8043C0AF0BBFEAB6E04F15800CF
:10F4680005F158018835C4E91A36C4E91666C4E9B5
:10F478001869C4E91C6609F0CBFE883415F8103CFD
:10F48800B84504F8103CD9D1BDE8F883704700BFEF
:10F49800D1E900234FF0000CC0E9002391F8503067
:10F4A80080F850C003B9704710B503F1FF3C04461B
:10F4B800084882B00A46083150F82C3004F1080098
:10F4C80001929847019A92F8502084F8502002B08F
:10F4D80010BD00BF74AD0020D1E900234FF0000C2F
:10F4E800C0E9002391F8503080F850C003B9704744
:10F4F80010B503F1FF3C0446084882B00A460831BB
:10F5080050F82C3004F1080001929847019A92F8BB
:10F51800502084F8502002B010BD00BFECAD002090
:10F52800D1E900234FF0000CC0E9002391F85030D6
:10F5380080F850C003B9704710B503F1FF3C04468A
:10F54800084882B00A46083150F82C3004F1080007
:10F5580001929847019A92F8502084F8502002B0FE
:10F5680010BD00BFB0AD0020D1E900234FF0000C62
:10F57800C0E9002391F8503080F850C003B97047B3
:10F5880010B503F1FF3C0446084882B00A4608312A
:10F5980050F82C3004F1080001929847019A92F82B
:10F5A800502084F8502002B010BD00BF28AE0020C3
:10F5B80070B5D1E9002300260D460446C0E90023B2
:10F5C8008B680C30C1E9006640F8043C0C310AF045
:10F5D800FFFD6B6F042205F1640104F16400C4E9C6
:10F5E8001D36C4E91966C4E91B62C4E91F6609F03F
:10F5F8000FFE95F8843084F8843070BD70B50446E9
:10F608008CB01F4A0E4654F8043B054641690293E4
:10F61800136813F0010F1B4B0BD11B4818601B48D4
:10F6280058601B48D8601B4818611B485861012066
:10F638001060002203A8CDE9071300232146039395
:10F64800CDE90933082306930023CDE9042309F003
:10F65800DFFD334653F8042B9C422A6005D0194637
:10F668002046019309F024FE019B029A184603A93B
:10F67800326009F01DFE03A809F070FE0CB070BDE1
:10F688000C8402209C4301208DA50000919300006A
:10F69800A593000079DB000079BF0000002A3FD065
:10F6A8002DE9F04F00F1080483B00D1D4FF000095B
:10F6B800DFF880A01B4EDFF88080DFF880B0019271
:10F6C80055F8042C0023D5F810C04FF0080E44F864
:10F6D800082C2946DAF80020201F134FD2070BD434
:10F6E800124A3761F260124AC6F804B07261012208
:10F6F800C6F80080CAF8002009F10109243544E958
:10F708000133C4E9013EC4E90533C4E903C609F07D
:10F718007FFD019B24344B45D2D103B0BDE8F08F67
:10F72800704700BF9C43012079DB0000A5930000CF
:10F7380079BF00000C8402208DA500009193000081
:10F7480010B5042282B0044600910DEB0200694610
:10F7580009F0ACFF019B0022A261A2831A46197B23
:10F768002173597B6173997BA173D97BE173197CF0
:10F778002174597C617452F8181B216092E80300C7
:10F788000A0CA061A183A27793F91220A2745A6887
:10F79800C4E901225B69636102B010BD1A4A0346DD
:10F7A8004869D2F800C010B51CF0010F0C68DFF8EA
:10F7B8005CC01C6017D1DFF858E0CCF800E0DFF837
:10F7C80054E0CCF804E0DFF850E0CCF80CE0DFF8C7
:10F7D8004CE0CCF810E0DFF848E0CCF814E04FF04B
:10F7E800010EC2F800E000225861082004311A62B4
:10F7F800C3E90320BDE81040181DC3E90122C3E98D
:10F8080006C209F0C7BC00BF0C8402209C4301203B
:10F818008DA5000091930000A593000079DB0000FE
:10F8280079BF00001A4A03464869D2F800C010B5EB
:10F838001CF0010F0C68DFF85CC01C6017D1DFF802
:10F8480058E0CCF800E0DFF854E0CCF804E0DFF84A
:10F8580050E0CCF80CE0DFF84CE0CCF810E0DFF832
:10F8680048E0CCF814E04FF0010EC2F800E00022A6
:10F878005861082004311A62C3E90320BDE810402A
:10F88800181DC3E90122C3E906C209F0C1BC00BFC3
:10F898000C8402209C4301208DA500009193000058
:10F8A800A593000079DB000079BF00002422002125
:10F8B80010B5044628F0B4FB09F004FF0E4B1A6893
:10F8C80012F0010F0D4A0BD10D4911600D4951601D
:10F8D8000D49D1600D4911610D495161012119602E
:10F8E80000230821C4E90502C4E90133C4E903314E
:10F8F800C4E9073310BD00BF0C8402209C430120DB
:10F908008DA5000091930000A593000079DB00000D
:10F9180079BF0000C1B1F8B50E46044600250B4F6B
:10F9280003E001355834AE420DD094F85030002B26
:10F93800F7D0013B013504F10800583457F823305B
:10F948009847AE42F1D1F8BD704700BF60AD0020C6
:10F95800C1B1F8B50E46044600250B4F03E001354A
:10F968005834AE420DD094F85030002BF7D0013BFC
:10F97800013504F10800583457F823309847AE424F
:10F98800F1D1F8BD704700BFD8AD0020C1B1F8B5BE
:10F998000E46044600250B4F03E001355834AE42AD
:10F9A8000DD094F85030002BF7D0013B013504F10D
:10F9B8000800583457F823309847AE42F1D1F8BDC3
:10F9C800704700BF9CAD0020C1B1F8B50E46044693
:10F9D80000250B4F03E001355834AE420DD094F8A2
:10F9E8005030002BF7D0013B013504F108005834A2
:10F9F80057F823309847AE42F1D1F8BD704700BFA1
:10FA080014AE00202DE9F0430D4699B004460029B4
:10FA18006AD10F462368684621469B6898479DF837
:10FA2800006001A808F0A6FF002E59D03C4BD3F87F
:10FA38000080B8F1000F47D009F026FE814609F092
:10FA480023FEA0EB09032146684698453CD9236864
:10FA58009B6898479DF8006001A808F08BFF002E6E
:10FA68003ED0002DEBD009F00DFEC01B8542E6D834
:10FA78002C4808F0D9F9602200210446684628F08D
:10FA8800CFFA684609F068FE00220A23264968462C
:10FA98008DF8582017930AF061F96B462122214608
:10FAA800012008F081F9684608F064FF002019B0C9
:10FAB800BDE8F08325B109F0E5FDC01B854217D9E3
:10FAC800042100200BF078F92368684621469B68DA
:10FAD80098479DF8006001A808F04CFF002EE9D176
:10FAE800012019B0BDE8F08309F0CCFD074691E785
:10FAF8000C4808F099F9602200210446684628F06D
:10FB08008FFA684609F028FE00220A23064968464B
:10FB18008DF8582017930AF021F96B462B22BEE77F
:10FB2800B46B0320AC5100200C550020FFF76ABFCE
:10FB3800A2B32DE9F8430026904600F1080501F12B
:10FB48000804B146164F04E0013658355834B0451C
:10FB58001BD054E9021385F8489045E9021394F83C
:10FB68004830002BF0D0013B2146284657F8233077
:10FB7800984794F8483085F8483043B9013684F8F6
:10FB8800489058355834B045E3D1BDE8F883054A64
:10FB9800013B204652F823309847EFE7704700BFF3
:10FBA8003CAE002014AE0020A2B32DE9F843002695
:10FBB800904600F1080501F10804B146164F04E02B
:10FBC800013658355834B0451BD054E9021385F82E
:10FBD800489045E9021394F84830002BF0D0013BD7
:10FBE8002146284657F82330984794F8483085F836
:10FBF800483043B9013684F8489058355834B045F0
:10FC0800E3D1BDE8F883054A013B204652F823308A
:10FC18009847EFE7704700BFC4AD00209CAD0020B7
:10FC2800A2B32DE9F8430026904600F1080501F13A
:10FC38000804B146164F04E0013658355834B0452B
:10FC48001BD054E9021385F8489045E9021394F84B
:10FC58004830002BF0D0013B2146284657F8233086
:10FC6800984794F8483085F8483043B9013684F805
:10FC7800489058355834B045E3D1BDE8F883054A73
:10FC8800013B204652F823309847EFE7704700BF02
:10FC980000AE0020D8AD0020A2B32DE9F84300261D
:10FCA800904600F1080501F10804B146164F04E03A
:10FCB800013658355834B0451BD054E9021385F83D
:10FCC800489045E9021394F84830002BF0D0013BE6
:10FCD8002146284657F82330984794F8483085F845
:10FCE800483043B9013684F8489058355834B045FF
:10FCF800E3D1BDE8F883054A013B204652F823309A
:10FD08009847EFE7704700BF88AD002060AD00203E
:10FD180090F8503003B97047024A013B083052F856
:10FD28002330184760AD002090F8503003B9704771
:10FD3800024A013B083052F823301847D8AD00205A
:10FD480090F8503003B97047024A013B083052F826
:10FD5800233018479CAD002090F8503003B9704705
:10FD6800024A013B083052F82330184714AE0020ED
:10FD7800F0B597B00D46042203AC039006A805F130
:10FD88001006214609F092FC29460DF11C0E069F2B
:10FD980051F8045B0DF1280C07C98DE8070096E8B7
:10FDA800070084E807009DE807008EE8070094E84C
:10FDB80007008CE8070095F8403053BB184B0DF14D
:10FDC800180C1849AE460E930124174B174A0F9387
:10FDD800174B0D9117490697CDE91023164B174A73
:10FDE800CDE91213164B14921593BCE80F00AEE838
:10FDF8000F00BCE80F00AEE80F00BCE80F00AEE84B
:10FE08000F009CE80F008EE80F0085F8404017B0FF
:10FE1800F0BD0C4A013B284652F823309847CDE7FD
:10FE2800D5A7000085AF0000698E0000D18E0000C4
:10FE3800F18E0000058F0000098F0000158F00006B
:10FE48002D8F000050AE0020F0B597B00D4604226B
:10FE580003AC039006A805F11006214609F026FC1C
:10FE680029460DF11C0E069F51F8045B0DF1280C74
:10FE780007C98DE8070096E8070084E807009DE8B1
:10FE880007008EE8070094E807008CE8070095F85B
:10FE9800403053BB184B0DF1180C1849AE460E9361
:10FEA8000124174B174A0F93174B0D9117490697C3
:10FEB800CDE91023164B174ACDE91213164B1492AD
:10FEC8001593BCE80F00AEE80F00BCE80F00AEE8E1
:10FED8000F00BCE80F00AEE80F009CE80F008EE8AA
:10FEE8000F0085F8404017B0F0BD0C4A013B28468A
:10FEF80052F823309847CDE73DAE00002DB70000FB
:10FF0800B59200001D9300003D930000519300003E
:10FF180055930000619300007993000050AE0020D3
:10FF2800F0B597B00D46042203AC039006A805F17E
:10FF38001006214609F0BAFB29460DF11C0E069F52
:10FF480051F8045B0DF1280C07C98DE8070096E805
:10FF5800070084E807009DE807008EE8070094E89A
:10FF680007008CE8070095F8403053BB184B0DF19B
:10FF7800180C1849AE460E930124174B174A0F93D5
:10FF8800174B0D9117490697CDE91023164B174AC1
:10FF9800CDE91213164B14921593BCE80F00AEE886
:10FFA8000F00BCE80F00AEE80F00BCE80F00AEE899
:10FFB8000F009CE80F008EE80F0085F8404017B04E
:10FFC800F0BD0C4A013B284652F823309847CDE74C
:10FFD800F5AC0000A5B50000D991000041920000E1
:10FFE80061920000759200007992000085920000ED
:08FFF8009D92000050AE0020B4
:02000004600199
:10000000F0B597B00D46042203AC039006A805F1A5
:100010001006214609F04EFB29460DF11C0E069FE5
:1000200051F8045B0DF1280C07C98DE8070096E82C
:10003000070084E807009DE807008EE8070094E8C1
:1000400007008CE8070095F8403053BB184B0DF1C2
:10005000180C1849AE460E930124174B174A0F93FC
:10006000174B0D9117490697CDE91023164B174AE8
:10007000CDE91213164B14921593BCE80F00AEE8AD
:100080000F00BCE80F00AEE80F00BCE80F00AEE8C0
:100090000F009CE80F008EE80F0085F8404017B075
:1000A000F0BD0C4A013B284652F823309847CDE773
:1000B000ADAB00001DB40000FD9000006591000094
:1000C00085910000999100009D910000A991000088
:1000D000C191000050AE0020F0B597B00D4604224B
:1000E00003AC039006A805F11006214609F0E2FAD8
:1000F00029460DF11C0E069F51F8045B0DF1280CEA
:1001000007C98DE8070096E8070084E807009DE826
:1001100007008EE8070094E807008CE8070095F8D0
:10012000403053BB184B0DF1180C1849AE460E93D6
:100130000124174B174A0F93174B0D911749069738
:10014000CDE91023164B174ACDE91213164B149222
:100150001593BCE80F00AEE80F00BCE80F00AEE856
:100160000F00BCE80F00AEE80F009CE80F008EE81F
:100170000F0085F8404017B0F0BD0C4A013B2846FF
:1001800052F823309847CDE765AA000095B20000E9
:100190002190000089900000A9900000BD9000000F
:1001A000C1900000CD900000E590000050AE00200E
:1001B000F0B597B00D46042203AC039006A805F1F4
:1001C0001006214609F076FA29460DF11C0E069F0D
:1001D00051F8045B0DF1280C07C98DE8070096E87B
:1001E000070084E807009DE807008EE8070094E810
:1001F00007008CE8070095F8403053BB184B0DF111
:10020000180C1849AE460E930124174B174A0F934A
:10021000174B0D9117490697CDE91023164B174A36
:10022000CDE91213164B14921593BCE80F00AEE8FB
:100230000F00BCE80F00AEE80F00BCE80F00AEE80E
:100240000F009CE80F008EE80F0085F8404017B0C3
:10025000F0BD0C4A013B284652F823309847CDE7C1
:100260001DA900000DB10000458F0000AD8F0000FA
:10027000CD8F0000E18F0000E58F0000F18F0000BE
:100280000990000050AE002003464068B8B100B5A8
:1002900083B0019309F040FA019B68B15868026885
:1002A00092689047019B58688268013A82601AB947
:1002B0000268D2689047019B184603B000BD1846FB
:1002C000704700BFD1E900234FF0000CC0E90023C4
:1002D00091F8503080F850C003B9704710B503F161
:1002E000FF3C0446124882B00A46083150F82C30D0
:1002F00004F10800019200919847019A009992F840
:10030000500084F8500020B9002382F8503002B029
:1003100010BDDFF820C0431E084600925CF8233071
:100320009847009A002382F8503002B010BD00BFF9
:1003300088AD002060AD0020D1E900234FF0000C13
:10034000C0E9002391F8503080F850C003B97047DD
:1003500010B503F1FF3C0446124882B00A4608314A
:1003600050F82C3004F10800019200919847019A4E
:10037000009992F8500084F8500020B9002382F8C8
:10038000503002B010BDDFF820C0431E0846009276
:100390005CF823309847009A002382F8503002B06E
:1003A00010BD00BF00AE0020D8AD0020D1E9002371
:1003B0004FF0000CC0E9002391F8503080F850C095
:1003C00003B9704710B503F1FF3C0446124882B0F0
:1003D0000A46083150F82C3004F1080001920091CF
:1003E0009847019A009992F8500084F8500020B97B
:1003F000002382F8503002B010BDDFF820C0431E49
:10040000084600925CF823309847009A002382F84F
:10041000503002B010BD00BFC4AD00209CAD002024
:10042000D1E900234FF0000CC0E9002391F85030CF
:1004300080F850C003B9704710B503F1FF3C044683
:10044000124882B00A46083150F82C3004F10800F6
:10045000019200919847019A009992F8500084F80F
:10046000500020B9002382F8503002B010BDDFF8F0
:1004700020C0431E084600925CF823309847009A3B
:10048000002382F8503002B010BD00BF3CAE002007
:1004900014AE0020D1B170B50E4604460025606848
:1004A00078B109F039F960B1606803689B689847D2
:1004B000626893681046013B936013B91368DB6868
:1004C000984701350834AE42E9D170BD704700BF8E
:1004D00009B370B50E4600F10C040025204608F063
:1004E0004DFA54F8040C88B109F016F970B154F8BB
:1004F000040C03689B68984754F8042C93681046D2
:10050000013B936013B91368DB6898470135683481
:10051000AE42E3D170BD704729B370B50E4600F10D
:1005200064040025204608F01DFFA4F1580008F0DF
:1005300025FA54F8600C88B109F0EEF870B154F85F
:10054000600C03689B68984754F8602C93681046C9
:10055000013B936013B91368DB6898470135883411
:10056000AE42DFD170BD704710B542689AB0034605
:100570000C4605920146002251F8080B8DF86020C8
:1005800093F850200490002A43D1206804F1080217
:10059000186091426068586010D093F850000028AD
:1005A0004AD194F8500000285AD1DDE90431C4E959
:1005B00000319DF86030C3B91AB010BDDDE9040107
:1005C00094F85030C4E90001002BF2D03949013BC6
:1005D0001046019251F8233098470023019A84F87D
:1005E00050309DF86030002BE6D03349013B104677
:1005F00051F8233006A998479DF8603084F85030B0
:10060000002BD9D02B4A013B06A852F8233098473B
:10061000D2E72948013A029350F8222006A8019116
:100620009047029B019993F850208DF8602082BB7F
:10063000002283F85020A8E70138DFF878C0019144
:10064000CDE902235CF82030084698470020039B40
:1006500083F8500094F85000DDE901120028A4D07E
:1006600000F1FF3C08461449029351F82C30114622
:100670000192984794F85010029B019A83F8501009
:1006800081B90020DDE9043184F85000C4E900316B
:100690008FE70848013A50F8222008469047DDE9E4
:1006A0000113C5E70139034B104653F82130984731
:1006B000019AE6E714AE00203CAE002010B5426877
:1006C0009AB003460C4605920146002251F8080BE9
:1006D0008DF8602093F850200490002A43D12068C0
:1006E00004F10802186091426068586010D093F8D5
:1006F000500000284AD194F8500000285AD1DDE972
:100700000431C4E900319DF86030C3B91AB010BD9E
:10071000DDE9040194F85030C4E90001002BF2D067
:100720003949013B1046019251F823309847002384
:10073000019A84F850309DF86030002BE6D03349A0
:10074000013B104651F8233006A998479DF86030C8
:1007500084F85030002BD9D02B4A013B06A852F820
:1007600023309847D2E72948013A029350F82220D3
:1007700006A801919047029B019993F850208DF8AB
:10078000602082BB002283F85020A8E70138DFF800
:1007900078C00191CDE902235CF8203008469847E3
:1007A0000020039B83F8500094F85000DDE901120B
:1007B0000028A4D000F1FF3C08461449029351F8E8
:1007C0002C3011460192984794F85010029B019AE0
:1007D00083F8501081B90020DDE9043184F850001D
:1007E000C4E900318FE70848013A50F82220084652
:1007F0009047DDE90113C5E70139034B104653F873
:1008000021309847019AE6E79CAD0020C4AD002056
:1008100010B542689AB003460C4605920146002284
:1008200051F8080B8DF8602093F850200490002AAE
:1008300043D1206804F10802186091426068586052
:1008400010D093F8500000284AD194F850000028A6
:100850005AD1DDE90431C4E900319DF86030C3B9F3
:100860001AB010BDDDE9040194F85030C4E900016C
:10087000002BF2D03949013B1046019251F8233048
:1008800098470023019A84F850309DF86030002B7F
:10089000E6D03349013B104651F8233006A998476A
:1008A0009DF8603084F85030002BD9D02B4A013BA2
:1008B00006A852F823309847D2E72948013A029314
:1008C00050F8222006A801919047029B019993F8C5
:1008D00050208DF8602082BB002283F85020A8E7CA
:1008E0000138DFF878C00191CDE902235CF82030AF
:1008F000084698470020039B83F8500094F8500066
:10090000DDE901120028A4D000F1FF3C084614499B
:10091000029351F82C3011460192984794F85010E8
:10092000029B019A83F8501081B90020DDE904315F
:1009300084F85000C4E900318FE70848013A50F8C4
:10094000222008469047DDE90113C5E70139034B32
:10095000104653F821309847019AE6E7D8AD0020B9
:1009600000AE002010B542689AB003460C460592CE
:100970000146002251F8080B8DF8602093F85020B2
:100980000490002A43D1206804F1080218609142C3
:100990006068586010D093F8500000284AD194F84D
:1009A000500000285AD1DDE90431C4E900319DF836
:1009B0006030C3B91AB010BDDDE9040194F85030BD
:1009C000C4E90001002BF2D03949013B10460192E5
:1009D00051F8233098470023019A84F850309DF84D
:1009E0006030002BE6D03349013B104651F82330EC
:1009F00006A998479DF8603084F85030002BD9D074
:100A00002B4A013B06A852F823309847D2E72948E1
:100A1000013A029350F8222006A801919047029BC8
:100A2000019993F850208DF8602082BB002283F852
:100A30005020A8E70138DFF878C00191CDE9022302
:100A40005CF82030084698470020039B83F850004C
:100A500094F85000DDE901120028A4D000F1FF3C19
:100A600008461449029351F82C30114601929847D8
:100A700094F85010029B019A83F8501081B900201D
:100A8000DDE9043184F85000C4E900318FE70848FB
:100A9000013A50F8222008469047DDE90113C5E7E6
:100AA0000139034B104653F821309847019AE6E785
:100AB00060AD002088AD00204368A3B110B50446A6
:100AC000184608F029FE68B1606803689B6898477B
:100AD00060688368013B836023B90368BDE8104008
:100AE000DB68184710BD7047884200F0AC802DE9E4
:100AF000F04F00F168099DB0494500F09680074627
:100B000000F174080DF1080B0025019158F80C2C28
:100B1000414605A858E9024348E902550493CDE946
:100B2000022409F059FB98F858304F458DF86C3085
:100B300000F084804446CA462DE054E91C3654E94E
:100B40000220AAF1680A44F80C1C44E91C2044E97C
:100B5000023688B108F0E0FD70B154F86C0C026800
:100B60009268904754F86C1C8A680846013A8A607B
:100B700012B90A68D26890470AF10C06204644E987
:100B80001C553146683C09F0E9FB94F8582057455C
:100B900084F8C0204CD054F8741C029A8A42CCDCF1
:100BA0000AF10C06DA45CAF800201AD0DAF8041067
:100BB000039ADAF808000391CAF80420049A049012
:100BC000CAF8082058B108F0A7FD40B1049802689F
:100BD0009268904704988268013A826052B3CDE9E6
:100BE000035505A9304609F0B9FB9DF86C2005A80E
:100BF0008AF8642007F0C2FE049870B108F08CFDFA
:100C000058B1049803689B68984704988368013B2F
:100C1000836013B90368DB68984709F16809019B91
:100C200008F168084B457FF471AF1DB0BDE8F08F47
:100C3000029AB7E70268D2689047D0E7029ABA46AC
:100C400007F10C06AEE7704710B504460C3007F00C
:100C500095FEA06880B108F05FFD68B1A0680368E8
:100C60009B689847A0688368013B836023B9036849
:100C7000BDE81040DB68184710BD00BF10B5044642
:100C8000643008F06FFB04F10C0007F077FE606839
:100C900080B108F041FD68B1606803689B689847BF
:100CA00060688368013B836023B90368BDE8104036
:100CB000DB68184710BD00BF70B50A7D86B00B46D3
:100CC0000446032A1FD1083103AD04220193029187
:100CD000284602A908F0EEFC039A92B1117994F823
:100CE000243000293FD153B1384A013B04F11800A8
:100CF000019152F823309847019984F8241006B0E6
:100D000070BD019B1A7D022A1DD103AD0833042258
:100D100002A92846029308F0CDFC039B9BB19A6878
:100D200094F824C06ABBBCF1000FE8D00CF1FF3C82
:100D3000264B04F11800019253F82C309847019A81
:100D400084F82420DBE794F82430002BD7D01F4A06
:100D5000013B04F1180052F823309847002384F82F
:100D6000243006B070BD07CA85E8070023BB04F134
:100D70001806032395E8070086E8070084F8243066
:100D8000BDE793E8070085E80700BCF1000F09D133
:100D900004F11806022395E8070086E8070084F8A6
:100DA0002430ACE70CF1FF3C084B04F1180053F879
:100DB0002C3006469847EDE7044A013B04F1180041
:100DC00052F8233006469847D3E700BF70AE0020A4
:100DD0000023884210B582B0D0E900C2C0E90033D8
:100DE0004B6806D00C68C0E90043C1E900C202B0FC
:100DF00010BDC0E900C2002BF9D01846019308F0DD
:100E00008BFC0028F3D0019B1A6818469268904723
:100E1000019B9A68013A9A60002AE8D11A6818463C
:100E2000D36802B0BDE81040184700BFF0B59BB0D2
:100E30008268002300F10C070292054602680C4606
:100E40008360394600924268436003A8019209F02A
:100E5000C3F995F8643022468DF864302B4652F879
:100E6000041B43F8041B9A420FD06B686268A868A1
:100E70006A606360A368AB60A06018B108F04CFCC6
:100E8000002847D10023C4E9013304F10C0138469E
:100E900009F064FA94F86430616885F86430A068F9
:100EA000DDE900230191C4E90023029B0290A360C5
:100EB00070B108F031FC58B1029803689B689847FC
:100EC00002988368013B836013B90368DB68984725
:100ED000002303A904F10C00CDE9013309F03EFA27
:100EE0009DF8643003A884F8643007F047FD029849
:100EF00070B108F011FC58B1029803689B689847DC
:100F000002988368013B836013B90368DB689847E4
:100F10001BB0F0BDA06803689B689847A068836811
:100F2000013B8360002BADD10368DB689847A9E7DC
:100F30002DE9F041A2B043680026054601930C4616
:100F4000036800F10C01466005F1640700938368B3
:100F5000066003A8029309F03FF96B6F394619A8A0
:100F60001B961D93042320961C93CDE91966CDE9A9
:100F70001E6608F051F995F88430AC428DF8843043
:100F80000FD02B68226868682A60236063686B60F2
:100F9000606018B108F0C0FB00285AD10023C4E9F2
:100FA0000033A36804F1640605F10C0004F10C01A0
:100FB000AB6009F0D3F9BE4203D03846314608F0A1
:100FC0007BF923686068009A94F884100093019B71
:100FD00085F884100190C4E9002370B108F09CFBEF
:100FE00058B1019803689B68984701988368013B52
:100FF000836013B90368DB689847029B03A904F177
:101000000C00A3600023CDE9003309F0A7F919A96A
:10101000304608F051F99DF8843019A884F88430DE
:1010200008F0A0F903A807F0A9FC019870B108F036
:1010300073FB58B1019803689B68984701988368CF
:10104000013B836013B90368DB68984722B0BDE8B1
:10105000F081606803689B68984760688368013B1B
:101060008360002B9AD10368DB68984796E700BF3E
:10107000502A03462DE9F04190B090F820C000F0CE
:1010800001812ADC112A00F0DE80422A00F0BC80B7
:101090000A2A78D1CA68486817460A8A0646486903
:1010A000904691F91220044651F8180B054603C9E1
:1010B000ADF83C10090C0E908DF83E10BCF1000FFD
:1010C00040F03B819A740122DF609646A3F81080BD
:1010D0009E605C61C3E9005625E0812A74D0882AAD
:1010E00051D1CA68486815460A8A074648691446B5
:1010F00091F91220804651F8180B064603C9ADF845
:101100003C10090C0E908DF83E10BCF1000F40F021
:10111000D8809A740622DD601C829F60C3E9006754
:101120009646C3F8148083F820200DF1080C0EF1C8
:10113000FF340DF1140EDDE90E010A0C986199835C
:101140009A7703F1680207CA8CE8070003F12402CA
:10115000089203F1740207CA8EE807009CE80700B2
:101160000DF1240C8CE807009EE807000DF1300C0F
:101170008CE807007A4A184608A952F824309847A4
:1011800010B0BDE8F08103F1680202AC0DF1140E5D
:1011900007CA84E8070003F12402089203F17402ED
:1011A00007CA8EE8070094E8070009AC84E8070046
:1011B0009EE807000CAC84E80700BCF1000F40F08B
:1011C000C88010B0BDE8F081CA68486814460A8A31
:1011D00006464869174691F91220804651F8180BC7
:1011E000054603C9ADF83C10090C0E908DF83E1071
:1011F000BCF1000F40F095809A740522DC601F82DC
:101200009E60C3E900568BE7CA68486817460A8A99
:1012100006464869144691F91220804651F8180B89
:10122000054603C9ADF83C10090C0E908DF83E1030
:10123000BCF1000F69D19A740322DF601C829E60AA
:10124000C3E900566CE7CA68486816460A8A05462C
:101250004869174691F91220804651F8180B044648
:1012600003C9ADF83C10090C0E908DF83E10BCF18E
:10127000000F3ED19A740222DE601F829D60C3E996
:1012800000454DE7CA68486816460A8A0546486917
:10129000174691F91220804651F8180B044603C9ED
:1012A000ADF83C10090C0E908DF83E10BCF1000F0B
:1012B00013D19A740422DE601F829D60C3E9004549
:1012C0002EE70CF1FF3C27491846019251F82C10EB
:1012D00000938847DDE900321BE70CF1FF3C214910
:1012E0001846019251F82C1000938847DDE900322E
:1012F000DFE70CF1FF3C1B491846019251F82C1016
:1013000000938847DDE90032B4E70CF1FF3C154952
:101310001846019251F82C1000938847DDE90032FD
:1013200089E70CF1FF3C0F491846019251F82C1047
:1013300000938847DDE900325EE70CF1FF3C094984
:101340001846019251F82C1000938847DDE90032CD
:10135000B8E60CF1FF32052A14463FF732AF09E731
:1013600034AD002004AD002010B5134692F858208B
:1013700098B00446012A17D0CB1702A80091019318
:1013800008F0EEF9694602A808F03EFD0D49204636
:1013900008F0E0FD02A9204609F062F902A807F072
:1013A000EDFA204618B010BD0422694602A8009349
:1013B00008F080F90299204609F01EF9204618B07D
:1013C00010BD00BF0C5200208C462DE9F0470446AA
:1013D00017469A4686464FF00109089D4FF00008CF
:1013E0002E46BCE80F00AEE80F009CE807008EE830
:1013F000070084F81C903B6823627B68C4E9093AC3
:1014000056F8033BB278A3851B0C84F8312084F88E
:101410002E30AA79B5F8033084F8322084F8408061
:10142000A4F82F302B7D93B92B7E002284F8443012
:1014300095F8203084F84C20B3B904F1500007F03F
:10144000A1F80223204684F8C030BDE8F0870D4A99
:10145000013B05F1080104F1340052F823309847AC
:101460002B7D84F84030DFE7074A013B05F11C0182
:1014700004F1480052F82330984795F8203084F85A
:101480004C30DAE77CAE0020BCAE002000B5027F15
:1014900085B00346012A0DD1042202A903A8CDE993
:1014A000013308F007F9039A12B1106805B000BDC6
:1014B000019B1A7F022A0AD1042202A903A80293DF
:1014C00008F0F8F8039B13B1186805B000BD4FF0A1
:1014D000FF3005B000BD00BF00B5027F85B00346F8
:1014E000012A0DD1042202A903A8CDE9013308F095
:1014F000E1F8039A12B1106805B000BD019B1A7F94
:10150000022A0AD1042202A903A8029308F0D2F801
:10151000039B13B1186805B000BD4FF0FF3005B054
:1015200000BD00BF037F012B10D1042200B583B0A2
:10153000009069460DEB020008F0BCF8019810B16C
:10154000043003B000BD024803B000BD004870473E
:10155000D4AE002010B50446703007F003FF94F8B5
:1015600068301BB9237F5BB9204610BD084A013B98
:1015700004F1200052F823309847237F002BF3D04A
:10158000044A013B204652F823309847204610BDBC
:101590004CAD002060AE002090F8A83003B9704731
:1015A00000B585B000F1100C042203A9019002A837
:1015B000CDF80CC008F07EF80298FFF7CBFF0022B0
:1015C000019B83F8A82005B000BD00BF30B599B0DD
:1015D000044609F0D7F83E4B236008F077F83D4BFE
:1015E0001A6812F0010F3C4A0BD13C4911603C498A
:1015F00051603C49D1603C4911613C495161012134
:10160000196000236821C4E90502C4E90133C4E973
:101610000331C4E9073308F059F8354A136813F069
:10162000010F344B0BD134491960344959603449A6
:10163000D96034491961344959610121116000258B
:101640006022606304F144002564C4E90B52C4E9DC
:101650000E35C4E9095508F083F82C4B6022294661
:10166000684684F8A450C4E9273426F0DDFC6846B7
:1016700008F076F80A2326488DF85850179306F09C
:10168000D7FB18B10146684608F06CFB2149684653
:1016900008F068FB6846262108F074FB1E4968467E
:1016A00008F060FB1D49684608F05CFB684608F0DE
:1016B000E5FE07F0EFFF684607F060F909F068F80B
:1016C0000022214609F08AF8204619B030BD00BF3B
:1016D000CCA6002034840220B44401205DA5000083
:1016E0000DA5000031C00000D5DB000045C00000A2
:1016F0000884022080430120459500003DA500009C
:1017000055A20000E1BF0000ADBF0000398E00000F
:1017100024500020705F0020BC4F00201852002091
:101720008B68D3B170B54468ACB18668682303FB9D
:101730000646A6420FD00D4602E06834A6420AD003
:10174000294604F10C0008F0A7FF0028F5D094F812
:101750006400013070BD002070BD0020704700BFE4
:10176000F8B59368074603B34C68ECB18D686823FD
:10177000164603FB0545A54203D115E06834AC428B
:1017800012D094F86430002BF8D0314604F10C00EC
:1017900008F082FF0028F1D0D4E90130C7E9003019
:1017A00028B107F0B1FF02E00023C7E90033384653
:1017B000F8BD00BF2DE9F04114689CB00746002C2D
:1017C00073D016469A680D46002A44D16C688CB1D5
:1017D000AD68682303FB0545A5420BD094F864303F
:1017E000314623B1606803685B69984738BB683449
:1017F000AC42F3D15048002406F01AFB60220021CD
:10180000054604A826F010FC04A807F0A9FF0A2347
:101810004A4904A81B938DF8684008F0A3FA04AB6A
:1018200029464FF4D172012006F0C2FA04A807F04D
:10183000A5F8C7E9004438461CB0BDE8F081D4E9FA
:101840000130C7E900300028F5D007F05DFF3846C9
:101850001CB0BDE8F0811A4602A80193FFF780FF93
:10186000029C4CB122683146204652699047C0B96B
:10187000334A1478002C31D003980028A6D007F002
:101880004BFF0028A2D0039803689B6898470398F1
:101890008368013B8360002B98D10368DB6898471D
:1018A00094E7039BC7E90043C5E7234806F0C0FA65
:1018B00060222146054604A826F0B6FB04A807F0DE
:1018C0004FFF0A231F4904A81B938DF8684008F0B6
:1018D00049FA04AB29464FF4BF72A4E70121164828
:1018E000117006F0A5FA21468046602204A826F071
:1018F0009BFB04A807F034FF0A22134904A81B929B
:101900008DF8684008F02EFA019904A808F0B6FE98
:101910000E4904A808F026FA0D4904A808F022FA96
:10192000204604AB414640F2911206F041FA04A869
:1019300007F024F8A0E700BF24500020FC5200204C
:101940004184032038520020785200209C5200200D
:10195000D45200202DE9F043B3B00C46064604A84B
:1019600007F0FEFE94F8693073B10E2B44D8A64AF6
:1019700052F823101AA807F0DBFE1AA904A808F0F1
:10198000EDFC1AA806F0FAFFA04F3D68002D00F00C
:10199000D080DFF8C08298F80030002B00F0C380C0
:1019A0003046294604AB04F1EC02FFF703FF606EFA
:1019B00018B18368013B8360BBB1D6E900130D46C3
:1019C000C4E9181313B19A6801329A6094F8693027
:1019D00013B194F86A308BB1002D7CD004A806F0C6
:1019E000CDFF304633B0BDE8F0834368002BE4D12F
:1019F0000368DB689847E0E78549BBE71AAD71B13A
:101A00000B682846DB68984704A9284608F008FEBA
:101A10008146284606F0B2FFB9F1000F58D0396868
:101A2000002900F0EB8098F80030002B00F0878050
:101A300002A804AAFFF794FE029F7648002F00F048
:101A4000868006F0F5F9602200210746284626F038
:101A5000EBFA284607F084FE00236F4928468DF8EC
:101A6000C0300A23319308F07DF904F17001284653
:101A700008F004FE6949284608F074F904A92846CC
:101A800008F0FCFD6649284608F06CF965492846CF
:101A900008F068F901202B46394640F2AF1206F0F3
:101AA00087F9284606F06AFF0123039884F86A3014
:101AB00070B107F031FE58B1039803689B689847EE
:101AC00003988368013B836013B90368DB68984718
:101AD0003568002D82D14F4806F0AAF960222946C8
:101AE00007461AA826F0A0FA1AA807F039FE0A231A
:101AF00049491AA831938DF8C05008F033F904F120
:101B000070011AA808F0BAFD47491AA808F02AF986
:101B10001AAB39464FF4DB72012006F049F91AA8D6
:101B200006F02CFF5AE7012388F800300DF068F921
:101B300036E73E4D2846FFF749FD3D6029E7012382
:101B4000019188F800300DF05BF9019970E706F01B
:101B50006FF9602239468046284626F065FA284605
:101B600007F0FEFD0A232C49284631938DF8C070FA
:101B700008F0F8F804F17001284608F07FFD2749C5
:101B8000284608F0EFF804A9284608F077FD284910
:101B9000284608F0E7F82749284608F0E3F804A9A2
:101BA000284608F06BFD2449284608F0DBF8234955
:101BB000284608F0D7F82249284608F0D3F82149EA
:101BC000284608F0CFF804A9284608F057FD1E491A
:101BD000284608F0C7F81D49284608F0C3F81C49F4
:101BE000284608F0BFF82B46414640F2A5120120D6
:101BF00006F0DEF8284606F0C1FE55E70B48FFF771
:101C0000E5FC0A4939600EE7580A0020D87703201E
:101C1000803D0020D84D0020384E00203853002051
:101C2000505400208C540020CC540020DC7703203A
:101C3000445300206C5300208C5300209453002008
:101C4000B0530020EC530020105400201854002002
:101C5000A4540020428403202DE9F041AEB00D468B
:101C6000804601A807F07CFD6C68002C43D0AD686D
:101C7000682303FB0545A5423DD000273E460BE007
:101C8000022B2AD0032B01D1039B43B3683418A83D
:101C900006F074FEA5420FD0616817A80B689B6818
:101CA00098479DF85C30012BEAD1683418A81E468D
:101CB00006F064FEA542EFD1039BF3B9A6B927B3A2
:101CC0004046022300F8043B07F04AFD01A806F055
:101CD00055FE40462EB0BDE8F0810127D6E718A991
:101CE00001A808F081FCD1E74046012300F8043B3D
:101CF00007F036FDEAE7039B3BB14046032301A909
:101D000000F8043B08F078FCE0E74046002300F8C8
:101D1000043B07F025FDD9E72DE9F047144698B0BC
:101D20000F460546002A7BD1904668463946FFF7A4
:101D300093FF9DF8006001A806F020FE7EB3474B9C
:101D40001E6886BB4FF0000908EB040A6846394656
:101D5000FFF782FF9DF8006001A806F00FFEF6B1C4
:101D60008CB107F093FCA0EB0800A0425CD207F016
:101D70008DFCA0EB08039C4201D9824503D10020D1
:101D800018B0BDE8F08795F8A43085F8A49003F06A
:101D9000FF00002BDAD1042109F012F8D6E7012068
:101DA00018B0BDE8F08707F073FC814607F070FCBF
:101DB000A0EB090339466846B342C3D2FFF74CFF94
:101DC0009DF800A001A806F0D9FDBAF1000FE6D0F9
:101DD000002CEBD007F05AFCA0EB0800A042E5D3A2
:101DE0001F4806F025F8602200210446684626F0C8
:101DF0001BF9684607F0B4FC00220A23194968461B
:101E00008DF85820179307F0ADFF6B464FF4DF7243
:101E10002146012005F0CCFF684606F0AFFDAEE795
:101E200007F034FC804680E70D4806F001F8602298
:101E300000210446684626F0F7F8684607F090FC53
:101E400000220A23074968468DF85820179307F0A7
:101E500089FF6B464FF4E472DAE700BFB46B0320EE
:101E600024500020FC54002008B501464FF47A723B
:101E7000FFF752FF00B108BDBDE80840FCF792BF74
:101E80002DE9F04F1468CBB0002C00F0518223688C
:101E900004AD06468846DB68214628461746984723
:101EA000AC68002C00F010827468002C00F00481F3
:101EB000B368682202FB03494C4504D1FCE0683456
:101EC000A14500F0F980294604F10C0008F0E4FB7C
:101ED0000028F4D03A6863689A4200F0AE8130ACD2
:101EE0006C4805F0A5FF602200218146204626F0BF
:101EF0009BF8204607F034FC0023674920468DF804
:101F000018310A23479307F02DFF284608F0B6FA48
:101F100018B10146204607F025FF6049204607F02A
:101F200021FF234649467622002005F041FF204646
:101F300006F024FD60220021204626F075F8204698
:101F400007F00EFC002353488DF818310A234793FD
:101F500005F06EFF18B10146204607F003FF504917
:101F6000204607F0FFFE7D21204607F00BFF4D497C
:101F7000204607F0F7FE4C49204607F0F3FE2046C6
:101F800008F07CFA07F086FB204606F0F7FC4FF4D9
:101F90007A7231463046FFF7BFFE002800F0C58157
:101FA000B368002B00F0B3814FF00009CA4605E08A
:101FB000B36809F168099A4580F0A98170682946DB
:101FC0000AF1010A48440C3008F066FB0028EFD003
:101FD00060220021204626F027F8204607F0C0FBAB
:101FE00000232C488DF818310A23479305F020FF71
:101FF00018B10146204607F0B5FE2949204607F0F2
:10200000B1FE8321204607F0BDFE2649204607F099
:10201000A9FE2649204607F0A5FE284608F02EFA1C
:1020200018B10146204607F09DFE2149204607F0E1
:1020300099FE204608F022FA07F02CFB204606F015
:102040009DFC736803EB09025068002800F08E8144
:102050000168DFF860A0896901910021CDE93011A4
:102060000199514540F093812BB1B168682000FB84
:102070000133934203D0B368002B40F07D81F36CB1
:1020800006F1040B03B306F14401284608F004FBF3
:1020900081461BE024500020D0550020404E0020F7
:1020A000705F0020BC4F002064560020B056002016
:1020B000D8560020258E000030ACDFF82CA306F1A6
:1020C000040BF36C002BDED14FF00109CDF8C0807A
:1020D0003B6878683193329008B107F015FB2946C8
:1020E00033A808F089FA584621468DF8249106F065
:1020F0007DFD33A806F042FC329820B107F00CFBBE
:10210000002840F08B8038680368D3F81890D145D8
:1021100040F0008103AF1B69984738801AA807F088
:102120001FFB3B78002B74D17B783BB11C9B002BB1
:1021300040F0F6809B491AA807F014FE1C9B002B68
:1021400062D060220021204625F06EFF204607F075
:1021500007FB002394488DF818310A23479305F0B4
:1021600067FE18B10146204607F0FCFD8F49204666
:1021700007F0F8FDAB21204607F004FE8C4920460D
:1021800007F0F0FD8B49204607F0ECFD284608F0EB
:1021900075F918B10146204607F0E4FD864920464E
:1021A00007F0E0FD4146204607F0ECFD834920465C
:1021B00007F0D8FD1AA808F061F918B101462046C9
:1021C00007F0D0FD7E49204607F0CCFD204608F000
:1021D00055F907F05FFA204606F0D0FB706850B161
:1021E000B368682202FB03F3C118814203D0934213
:1021F00001D0FEF779FC1AA806F0C0FB284606F0CD
:10220000BDFB4BB0BDE8F08F6E491AA807F0B8FFD0
:1022100097E76D491AA807F0A5FD85E7329803688E
:102220009B68984732988368013B8360002B7FF45A
:102230006AAF0368DB68984765E7236843457FF426
:102240004EAE30AC60220021204625F0EDFE204647
:1022500007F086FA00220A2353488DF81821479385
:1022600005F0E6FD18B10146204607F07BFD4F4919
:10227000204607F077FD7021204607F083FD4C498A
:10228000204607F06FFD5149204607F06BFD2846B8
:1022900008F0F4F818B10146204607F063FD4C49F8
:1022A000204607F05FFD4146204607F06BFD494997
:1022B000204607F057FD204608F0E0F807F0EAF95D
:1022C000204606F05BFB1CE0374805F0B1FD6022BC
:1022D0002146064630A825F0A7FE30A807F040FAB0
:1022E0000A233D4930A847938DF8184107F03AFD7D
:1022F000204630AB3146622205F05AFD30A806F088
:102300003DFB284606F03AFB4BB0BDE8F08FDFF806
:10231000D8A0B4E6D6E92712C84738680368F9E6BA
:102320002E491AA807F01EFD04E7FCF73BFD37E62F
:102330001D4805F07DFD60222146054630A825F0A8
:1023400073FE30A807F00CFA0A23254930A84793FA
:102350008DF8184107F006FD204630AB592229467A
:1023600005F026FD30A806F009FB4AE7DFF878A063
:10237000002B7FF47AAE7EE64FEAE9091949301D59
:1023800006F1040B01FB09F106F0C2FC99E694E8A2
:102390000600019B9847736803EB0902002B7FF44A
:1023A00064AE66E64060002024500020705F00208C
:1023B000BC4F00200057002020570020305700203D
:1023C00030700020F8560020486000200C56002095
:1023D0002C5600205056002070550020F456002046
:1023E0003C550020C54EECC4258E00002DE9F04779
:1023F000154698B00F460646002A40F08280904667
:1024000068463946FFF728FC9DF8004001A804F013
:10241000FD0406F0B3FA8CB3484B1C6894BB4FF034
:10242000000908EB050A68463946FFF715FC9DF8D8
:10243000004001A804F0FD0406F0A0FAF4B18DB14B
:1024400007F024F9A0EB0800A8425ED207F01EF9BD
:10245000A0EB08039D4201D9824503D1002018B0AA
:10246000BDE8F08796F8A43086F8A49003F0FF004A
:10247000002BD8D1042108F0A3FCD4E7012018B028
:10248000BDE8F08707F004F9814607F001F9A0EBF9
:10249000090339466846A342C1D2FFF7DDFB9DF828
:1024A00000A001A80AF0FD0A06F068FABAF1000FD0
:1024B000E4D0002DE9D007F0E9F8A0EB0800A8422D
:1024C000E3D31F4805F0B4FC6022002104466846AF
:1024D00025F0AAFD684607F043F900220A231949AE
:1024E00068468DF85820179307F03CFC6B464FF474
:1024F000DF722146012005F05BFC684606F03EFADB
:10250000ACE707F0C3F880467AE70D4805F090FC89
:10251000602200210446684625F086FD684607F0E3
:102520001FF900220A23074968468DF8582017939F
:1025300007F018FC6B464FF4E472DAE7B46B032043
:1025400024500020FC54002030B50A4699B00146C2
:10255000FFF74CFF044610B1204619B030BD1048BB
:1025600005F066FC602221460546684625F05CFDC4
:10257000684607F0F5F80A230A49684617938DF86C
:10258000584007F0EFFB6B4640F22322294601201A
:1025900005F00EFC684606F0F1F9204619B030BD92
:1025A000245000203C57002070B5446806467CB19A
:1025B0008568682303FB0545A54209D094F864307B
:1025C0001BB1606803685B6898476834AC42F5D11A
:1025D00030464FF47A71BDE87040FFF7B5BF00BFD9
:1025E0000C4B186800B583B060B10B4B1A780AB178
:1025F00003B000BD012201901A700CF001FC01989B
:1026000003B000BD0548FEF7E1FF044A014B104648
:102610001A60EAE7D877032042840320DC7703209E
:10262000374B70B503600E46044607F04FF8354946
:102630000B6813F00102344B0AD1DA60334A1A6096
:10264000334A5A60334A1A61334A5A6101220A6096
:1026500000258822A3616061C4E90352C4E90155E1
:10266000C4E9075507F032F80822034631462B4EDD
:1026700004F14400C4E90B52C4E90D35C4E909551D
:10268000C4E90F5507F066FC254D07F01FF83368C5
:10269000DA070BD4234B2B60234B6B60234BEB608F
:1026A000234B2B61234B6B610123336000230822F2
:1026B000C4F8AC00C4F8B050C4E92733C4E92932E7
:1026C000C4E92D3307F002F83368DB070BD4154B50
:1026D0002B60154B6B60154BEB60154B2B61154B4D
:1026E0006B610123336000230822C4E93305C4E988
:1026F0002F332046C4E93132C4E9353370BD00BF01
:1027000018A800203C840220EC440120FDBA0000FF
:1027100061C30000D9DC0000D5C100000C84022098
:102720009C4301208DA5000091930000A59300001B
:1027300079DB000079BF00002DE9F04F4E68ABB0A7
:10274000044656B317465268964202D15A689642DA
:1027500046D04848002505F06BFB60220021064664
:1027600008A825F061FC08A806F0FAFF0A234249F0
:1027700008A81F938DF8785007F0F4FA08AB31469B
:102780001E22284605F014FB08A806F0F7F8C4E955
:10279000005520462BB0BDE8F08F364805F048FBC9
:1027A00060223146054608A825F03EFC08A806F040
:1027B000D7FF0A23314908A81F938DF8786007F0E6
:1027C000D1FA08AB29461922304605F0F1FA08A8DB
:1027D00006F0D4F82046C4E900662BB0BDE8F08FBF
:1027E000349A0AB11278C2B92248002505F020FBBC
:1027F00060220021064608A825F016FC08A806F06D
:10280000AFFF0A231E4908A81F938DF8785007F0E0
:10281000A9FA08AB31462322B3E70D460420EC2188
:10282000019306F041FF174A012608A902604FF004
:102830000002466080F8E82000F10C0286600490F7
:1028400007A80892042206F035FF079A349910462B
:102850000092FFF7E5FE049B6A6883F8E860002AAF
:1028600000F01581BA4600262F46DDF804B0059425
:10287000B5E000BF444F0020C45700208857002017
:102880000058002038A9002020460391019206F04C
:102890003BFF019A2046039952F8262051F8261052
:1028A00002920191CDE908540BAD06F02DFF029A7A
:1028B000019928460A9207F04DFB06F007FF002217
:1028C00025902046219228928DF8A4209FED8E7BA2
:1028D000CDE9262204228DED227B249206F01CFFF6
:1028E00058B12268204692689047A268013AA260D7
:1028F0001AB922682046D3689847009B08A9181D7A
:1029000006F074F921A806F02DFD284606F036F8E9
:10291000099870B106F000FF58B1099803689B68E8
:10292000984709988368013B836013B90368DB68A3
:1029300098476022002108A825F076FB08A806F039
:102940000FFF002372488DF878300A231F9305F09B
:102950006FFA18B1014608A807F004FA6D4908A8F3
:1029600007F000FA332108A807F00CFA6A4908A812
:1029700007F0F8F9694908A807F0F4F9DBF8003026
:1029800053F8081011B108A807F0ECF9644908A839
:1029900007F0E8F9DAF8003008A853F8081007F053
:1029A000F1F9604908A807F0DDF93B6853F8090020
:1029B0000368DB6A9847014608A807F0E3F95A491B
:1029C00008A807F0CFF908A807F058FD06F062FE46
:1029D00008A805F0D3FF01367B689E424ED23B68C3
:1029E0004FEAC60953F8365003EBC60325B35C68BB
:1029F0004FEA8608DAF80020DBF80010002C7FF49C
:102A000043AF52F8262051F8261008950BAD284602
:102A1000CDE9094207F09EFA06F058FE0423002291
:102A2000259024930023219428948DF8A440CDE987
:102A30002644CDE9222360E7354805F0F9F9602204
:102A40002946044608A825F0EFFA08A806F088FEF3
:102A50000A23364908A81F938DF8785007F082F9A9
:102A6000314608A807F0A4F9284608AB21462D22D4
:102A700005F09EF908A805F081FFACE7009B059CD6
:102A80009D6845B1009B2360049B636081E6009BC9
:102A90009D68002DF6D11E4805F0CAF9602229462E
:102AA000064608A825F0C0FA08A806F059FE0A2331
:102AB0001F4908A88DF878501F9307F053F908AB09
:102AC00028463146392205F073F908A805F056FF6B
:102AD0000023049DC4E90033284606F01DFE0028AB
:102AE0003FF457AE2B6828469B689847AB68013B7C
:102AF000AB60002B7FF44DAE2B682846DB6898470F
:102B000047E600BFAFF300800000000000000000B7
:102B1000444F0020705F0020BC4F00206858002008
:102B2000205700209C58002030700020345800208E
:102B3000A8580020436AF0B583B07BB1846A03EBE8
:102B4000C404A34203D109E008339C4206D01A68AA
:102B50008A42F9D15C68204603B0F0BD87684FF027
:102B6000FF34002FF7D0D0F804E0002526469EF869
:102B700084307BB1DEF86430A3B1DEF8682003EB6B
:102B8000820C634502D10DE09C450BD01A680433DA
:102B90009142F9D1DEF80830B342C8BF2C46B342A7
:102BA000C8BF1E4601350EF1880EAF42DFD1631C4F
:102BB000D1D0009124306946019406F017F82046E0
:102BC00003B0F0BDF0B591F884509FB00C4601926F
:102BD00075B14B6E002B77D0886E03EB8000984266
:102BE00072D0196804338A42F9D101201FB0F0BDB8
:102BF00008681F460368DB6A98470128034640F0CF
:102C00008D8067494FF4803620684FF6FF7200933D
:102C1000CDE90251CDE904260268526A9047604925
:102C20008DF808000391206801998DF811708DF8D6
:102C3000101002A90268059692689047009B06460C
:102C4000002800F0898084F8843001A904F1640030
:102C500005F0A4FF6022294606A825F0E5F906A89C
:102C600006F07EFD0A234F488DF870501D9305F045
:102C7000DFF818B1014606A807F074F84A4906A81B
:102C800007F070F806A8BE2107F07CF8474906A8AF
:102C900007F068F8464906A807F064F804F10C014B
:102CA00006A807F0EBFC434906A807F05BF801997A
:102CB00006A807F067F806A807F0E0FB06F0EAFCB4
:102CC00006A805F05BFE90E73648002505F0B0F851
:102CD00060220021064606A825F0A6F906A806F0FF
:102CE0003FFD0A23344906A81D938DF8705007F064
:102CF00039F804F10C0106A807F0C0FC2F4906A81A
:102D000007F030F8284606ABA122314605F050F80E
:102D100006A805F033FE00201FB0F0BD214805F0E5
:102D200087F860222946044606A825F07DF906A802
:102D300006F016FD0A23224906A81D938DF870504F
:102D400007F010F8284606ABB722214605F030F808
:102D500006A805F013FEDEE7124805F069F86022C8
:102D60003146054606A825F05FF906A806F0F8FCEE
:102D70000A23144906A81D938DF8706006F0F2FF2F
:102D800004F10C0106A807F079FC304606ABB2222C
:102D9000294605F00DF806A805F0F0FDBBE700BFD9
:102DA000002D3101444F0020705F0020BC4F0020F7
:102DB0006C59002094590020E45800200C59002040
:102DC000A85900203C5900202DE9F0419AB0164640
:102DD000054606F07BFC4F4B4F491A68D2070BD4CF
:102DE0004E4A0A604E4A4A604E4ACA604E4A0A61DA
:102DF0004E4A4A6101221A60002324222861696137
:102E0000C5E90133C5E90633D6E900462B6004EB7A
:102E1000C606EA60B44222D14AE04548002705F0E0
:102E200007F860220021804602A825F0FDF802A8DC
:102E300006F096FC0A233F4902A819938DF86070AA
:102E400006F090FF384602AB4FF49B72414604F007
:102E5000AFFF02A805F092FD0834A64228D02368EF
:102E6000002BF9D01A7F022AD7D1042202A801939D
:102E70000DEB020106F01EFC029B69685F68D9B188
:102E8000D5F800C001EBC1010023604603E0994280
:102E900000F1240010D05CF823200933BA42F6D1A7
:102EA00050B121460834043005F078FEA642D6D150
:102EB00028461AB0BDE8F08106F008FC1E4A1368E7
:102EC00013F0010F1D4B0BD11D4919601D495960AD
:102ED0001D49D9601D4919611D49596101211160C0
:102EE000002221460297CDE90703002303A803939C
:102EF000CDE90933082306930023CDE9042305F027
:102F00004DFE284602A905F049FE03A806F02AFA5C
:102F1000A2E700BF38840220D04401204DC5000044
:102F2000D5C500005DC60000ADC300004DC4000063
:102F3000444F0020E85900200C8402209C430120CB
:102F40008DA5000091930000A593000079DB00009F
:102F500079BF00004B68002B00F03C810B681B68B8
:102F60002DE9F04F1A7F9FB005460C46022A22D069
:102F7000A848002404F05CFF60220021054606A852
:102F800025F052F806A806F0EBFB0A23A24906A892
:102F90001D938DF8704006F0E5FE06AB4FF4AE725F
:102FA0002046294604F004FF06A805F0E7FC0020AF
:102FB0001FB0BDE8F08F042203A906A8039306F012
:102FC00079FB069B5E6823681868FEF75FFA314656
:102FD00007462846FFF7AEFD031EC0F2FD80686875
:102FE00003EB031132463B4606468A468346284693
:102FF00006EBC1084146FFF7E5FD0028D7D0D4E92C
:10300000006306EBC3094E4500F01A8106F108057E
:10301000B2E06022002106A825F006F806A806F016
:103020009FFB00237B488DF870300A231D9304F02A
:10303000FFFE18B1014606A806F094FE774906A8DF
:1030400006F090FE40F2831106A806F09BFE74493C
:1030500006A806F087FE734906A806F083FE08F16D
:103060000C0106A807F00AFB6F4906A806F07AFED5
:1030700055F8080CFEF70AFA014606A806F082FE8B
:103080006A4906A806F06EFE616F06A806F090FE7B
:10309000674906A806F066FE06A807F0EFF906F0F5
:1030A000F9FA06A805F06AFCD8F80010626F03A8C8
:1030B0000B681B69984703A80BF07CF907460028AA
:1030C00000F00F8103A901A80BF07CF9626F029B4D
:1030D0009A4200F24A81216F019806F0EBFAD8F883
:1030E0000000012103685B6998470446002800F04E
:1030F0006F816022002106A824F096FF06A806F042
:103100002FFB002343488DF870300A231D9304F0F1
:103110008FFE18B1014606A806F024FE3F4906A816
:1031200006F020FE40F2A11106A806F02BFE3C4955
:1031300006A806F017FE3F4906A806F013FE06A8EB
:1031400007F09CF906F0A6FA06A805F017FC04980B
:1031500070B106F0E1FA58B1049803689B6898478B
:1031600004988368013B836013B90368DB68984760
:1031700008360835B14563D055F8084C002CF7D017
:103180000123676F84F89030002F7FF442AF21480D
:1031900004F04EFE60223946044606A824F044FF9F
:1031A00006A806F0DDFA0A23234906A81D938DF828
:1031B000707006F0D7FD06AB21464FF4BF7238465B
:1031C00004F0F6FD06A805F0D9FB55F8083C83F895
:1031D0009070CDE7012070470E48002404F028FECF
:1031E00060220021054606A824F01EFF06A806F06E
:1031F000B7FA0A23114906A81D938DF8704006F00E
:10320000B1FD314606A806F0BDFD06AB40F26712DF
:10321000C6E600BF444F0020245A0020705F002003
:10322000BC4F0020CC5A0020005B0020AC53002093
:10323000085B0020B45B0020A05A0020605A0020E8
:103240005BF83A004FF47A7103689B69984704462B
:1032500078B36022002106A824F0E6FE06A806F056
:103260007FFA00220A236B488DF870201D9304F02A
:10327000DFFD18B1014606A806F074FD664906A8F0
:1032800006F070FD40F2AB1106A806F07BFD634925
:1032900006A806F067FD624906A806F063FD06A8C9
:1032A00007F0ECF806F0F6F906A805F067FB012038
:1032B0007EE6584804F0BCFD60222146054606A87B
:1032C00024F0B2FE06A806F04BFA0A23554906A8D8
:1032D0001D938DF8704006F045FD06AB40F2A71235
:1032E0005EE64C4804F0A4FD60223946044606A878
:1032F00024F09AFE06A806F033FA0A234A4906A8E3
:103300001D938DF8707006F02DFD03A80BF066F884
:10331000014606A806F036FD444906A806F022FD3F
:1033200006AB214640F28912384604F041FD06A85A
:1033300005F024FB336883F89070049800283FF46C
:1033400036AE06F0E9F900283FF431AE0498036880
:103350009B68984704988368013B8360002B7FF447
:1033600026AE0368DB68984721E62A48002504F06A
:103370005FFD60220021074606A824F055FE06A83E
:1033800006F0EEF90A232A4906A81D938DF870501D
:1033900006F0E8FC029906A806F00AFD254906A8F1
:1033A00006F0E0FC616F06A806F002FD1F4906A8C2
:1033B00006F0D8FC06AB39464FF4C972284604F033
:1033C000F7FC06A805F0DAFA336883F89050B4E702
:1033D000104804F02DFD60222146054606A824F081
:1033E00023FE06A806F0BCF90A23134906A81D937C
:1033F0008DF8704006F0B6FC06AB29464FF4CE724D
:10340000204604F0D5FC06A805F0B8FA336883F826
:10341000904092E7444F0020705F0020BC4F002096
:10342000205C0020F05B0020105B0020307000204A
:10343000505B0020805B0020845B00202DE9F0477A
:10344000A0B060220021804608A824F0EDFD08A865
:1034500006F086F900220A2391488DF878201F9300
:1034600004F0E6FC18B1014608A806F07BFC8D4983
:1034700008A806F077FCEA2108A806F083FC8A4930
:1034800008A806F06FFC894908A806F06BFCD8F87C
:10349000A01008A806F08CFC854908A806F062FC7C
:1034A00008A806F0EBFF06F0F5F808A805F066FAA4
:1034B00008F19C0108F1BC0005F0FEFE08F19C003B
:1034C00005F0BCFB41466846D8E92F23CDE9082327
:1034D00008AAFFF779FC6022002108A824F0A4FDC7
:1034E00008A806F03DF900220A236D488DF87820DF
:1034F0001F9304F09DFC18B1014608A806F032FCA9
:10350000684908A806F02EFCF42108A806F03AFC49
:10351000654908A806F026FC664908A806F022FCC2
:10352000019908A806F044FC634908A806F01AFCB3
:1035300008A806F0A3FF06F0ADF808A805F01EFAEB
:10354000019B002B77D000252E46A94604E00136CA
:10355000019B24359E426ED20021602208A8009C67
:1035600024F062FD08A806F0FBF80A234C482C441E
:103570008DF878901F9304F05BFC014608A809B110
:1035800006F0F0FB474908A806F0ECFBFA2108A872
:1035900006F0F8FB444908A806F0E4FB474908A8F0
:1035A00006F0E0FB216808A806F0ECFB444908A8F7
:1035B00006F0D8FBA16808A806F0FAFB414908A864
:1035C00006F0D0FB08A806F059FF06F063F808A83B
:1035D00005F0D4F908A94046D4E90123CDE9082330
:1035E000FFF7B8FC07460028B1D12D48013604F09A
:1035F0001FFC60223946824608A8243524F014FDB9
:1036000008A806F0ADF80A232F4908A81F938DF8E3
:10361000787006F0A7FB216808A806F0B3FB08AB9A
:10362000FE225146384604F0C3FB08A805F0A6F96F
:10363000019B9E4290D36022002108A824F0F4FC54
:1036400008A806F08DF800220A2315488DF8782086
:103650001F9304F0EDFB18B1014608A806F082FBA9
:10366000104908A806F07EFB08A840F2031106F0F6
:1036700089FB0D4908A806F075FB144908A806F057
:1036800071FB08A806F0FAFE06F004F808A805F099
:1036900075F9684605F066FE20B0BDE8F08700BF0A
:1036A000444F0020705F0020BC4F0020585C002079
:1036B000885C0020945C0020BC5C0020D05C002072
:1036C0000C5D0020105D00201C5D0020605D00206E
:1036D000D0F8A03003B97047FFF7B0BE2DE9F04332
:1036E000067D0546436B8DB00C460068002E40F009
:1036F000A380EF680121002F5BD09847002840F09D
:10370000258137468DF82C60CDE90957002E00F051
:10371000A2800AAF3946204605F040FA0DF1290192
:10372000204605F03BFA0DF12A01204605F036FA55
:103730000DF12B01204605F031FA099B0121002BE8
:1037400000F089805A6B18689047002800F0838049
:10375000099A0DF1210108AB1068CDE900310DF196
:10376000230303930DF122030293131DD2F81C903F
:103770000ECBC8479DF82020002362F307039DF875
:10378000212062F30F239DF8222062F317439DF856
:10379000232062F31F630A93099B9A6A1868904773
:1037A000099BDA6A186890474FF001038DF82C30B6
:1037B000B0E79847002851D107463E0ECDE909579A
:1037C00049D00AAF4FF001083946204605F0E6F926
:1037D0000DF12901204605F0E1F90DF12A012046FD
:1037E00005F0DCF9099B0121002B34D05A6B1868D5
:1037F00090470DF123030DF122020DF1210150B389
:103800000998D0F824900068C8479DF822309DF8A8
:1038100023208DF829308DF82A20099B9DF821203E
:103820008DF828209A6A18689047099BDA6A186808
:1038300090478DF82B80C7E701219847002840F07A
:10384000AE800646034607468DF82C708DF82D3065
:10385000CDE9095603BB0DB0BDE8F08309AB0DF10E
:1038600023020DF1220128686E6AB0479DF82220DC
:103870009DF8233062F307079DF82420286863F33E
:103880000F27012362F3174763F31F67AB6A98475B
:10389000EB6A2868984790E70AAF3946204605F05A
:1038A0007DF90DF12901204605F078F90DF12A0185
:1038B000204605F073F90DF12B01204605F06EF955
:1038C0000BA9204605F06AF9099B0121002BC2D003
:1038D0005A6B186890470028BDD0099A0DF11F0354
:1038E0000DF1210C08A9106800930DF12303049336
:1038F0000DF12203039302F11003CDE9011CD2F86C
:1039000020900ECBC8479DF81F20002362F30703C9
:103910009DF8202062F30F239DF8212062F31743C6
:103920009DF8222062F31F639DF823200A93099BD0
:103930008DF82C209A6A18689047099BDA6A1868F3
:1039400090474FF001038DF82D30A6E709AA0DF13D
:103950002303CDE902320DF122020DF12103CDE95D
:1039600000322B1DEF6928680ECBB8479DF8212047
:1039700037469DF822302868012662F307079DF834
:10398000232063F30F279DF8243062F3174763F376
:103990001F67AB6A9847EB6A28689847B2E609AA9E
:1039A0000DF123030DF12201CDE903320DF12103C5
:1039B00008AACDE9013105F110032E6A00922868AA
:1039C0000ECBB0479DF8202000269DF821302868B6
:1039D00062F307069DF822209DF8247063F30F26FA
:1039E0009DF8233062F3174663F31F66AB6A98476E
:1039F000EB6A28689847012326E700BF30B5834D5E
:103A000083B0286808B103B030BD01464FF48C7212
:103A10007F4824F009FB05F059FE7E490B6813F03E
:103A2000010F7D4B0BD17D4A1A607D4A5A607D4A59
:103A3000DA607D4A1A617D4A5A6101220A60744C3B
:103A400000220193A260226284F82420C4E90022AB
:103A5000C4E906225822C4E90403E26005F036FEF8
:103A60006C49019B0A6812F0010F0BD16B4A1A6076
:103A70006B4A5A606B4ADA606B4A1A616B4A5A6148
:103A800001220A6000220193C4E90A222263A2648F
:103A900084F84C20C4E910225822C4E90E03626362
:103AA00005F014FE5B49019B0A6812F0010F0BD16F
:103AB0005A4A1A605A4A5A605A4ADA605A4A1A618D
:103AC0005A4A5A6101220A6000220193C4E9142271
:103AD000A265226784F87420C4E91A225822C4E936
:103AE0001803E26505F0F2FD4A49019B0A6812F0ED
:103AF000010F0BD1494A1A60494A5A60494ADA60B3
:103B0000494A1A61494A5A6101220A600022582131
:103B1000C4F88C30C4F8982084F89C20C4F888003D
:103B2000C4E91E22C4E92021C4E9242205F0CEFD07
:103B30003F4B1A6812F0010F3E4A0BD13E4911600B
:103B40003E4951603E49D1603E4911613E49516153
:103B50000121196000235821C4F8B420C4F8C030F2
:103B600084F8C430C4F8B000C4E92833C4E92A3169
:103B7000C4E92E3305F0AAFD344B1A6812F0010F88
:103B8000334A0BD133491160334951603349D16015
:103B900033491161334951610121196000235821D2
:103BA000C4F8DC20C4F8E83084F8EC30C4F8D8005D
:103BB000C4E93233C4E93431C4E9383305F086FD51
:103BC000294B1A6812F0010F284A0BD128491160BD
:103BD000284951602849D16028491161284951611B
:103BE0000121196000235821C4F800010848C4F8D5
:103BF0000421C4F8103184F814312C60C4E93C333A
:103C0000C4E93E31C4E9423303B030BDBC76032081
:103C1000C0760320248402204444012041C20000D5
:103C20006DD00000599400000DD7000049CA000073
:103C30002C8402207C44012089C20000E1D00000D5
:103C400081940000B9D50000D1C900002884022069
:103C500060440120D1C2000055D10000A9940000A9
:103C600065D4000059C90000308402209844012026
:103C700019C30000C9D10000D194000011D3000085
:103C8000E1C800002DE9F043884683B0B021074623
:103C90000820914605F008FD012300260422436018
:103CA000054683600DEB02011D4B80F8A8600360A0
:103CB00000F110036846019305F0FCFC009C98F8A5
:103CC0001C30267703BB00264FF0010884F868609B
:103CD00005F00AFD4946C4F8800004F17000A667AB
:103CE000C4F88C60C4F87C80C4E91C66C4E9216611
:103CF00005F092FA384684F8906085F8A880C7E904
:103D0000004503B0BDE8F083064A013B414620462A
:103D100052F82330984798F81C302377D3E700BF38
:103D200078A8002068AE00202DE9F047B2B00E461A
:103D3000012104461F4690463A9D0BF0ADFFA14B72
:103D400023604433A363002384F85830337F002B6F
:103D500040F00F8100239C492A7E84F86830A4F843
:103D60006A3084F86920E765984AC4E918330B681B
:103D700013F0010302D1136001230B60136805AE39
:103D800004F17007591CE3660293DB17304611609B
:103D9000039302238DF8C43005F0E2FC02A93046FB
:103DA00006F032F88A49384606F0D4F831463846EB
:103DB00006F056FC304604F0E1FD9DF8C430002BBF
:103DC00040F0CF801BAF834A4FF0000A04F1F400AB
:103DD000136884F8DCA0A4F8C8301B0C84F8E0A0B9
:103DE00084F8CA301388A4F8CB30937884F8CD30A7
:103DF000012384F8CE300223C4E93BAA84F8E830DA
:103E000004F0C0FB05F1080104F1D000D8E900235B
:103E1000A8468142C4E9012358F8033BA4F8C830FE
:103E20004FEA134384F8CA3098F80230B5F80320FB
:103E300084F8CD30A4F8CB20AB7984F8CE3006D00E
:103E400094F8DC30002B7CD12B7D002B70D105F158
:103E50001C0104F1E40A2B7E514584F8E03009D0BE
:103E600094F8E830002B40F09B8095F82030002B30
:103E700040F08B802B6829462046ADF86C301B0C37
:103E80008DF86E301B9B23821B0CA374B5F80320A6
:103E900098F80230ADF86C20BB70BDF86C30A4F817
:103EA0001330BB786375AB79A375FCF705FF05F09C
:103EB0001BFC00231F903A461D9304F13C01229302
:103EC0003046CDE91B33CDE9203301231E93FFF7A4
:103ED000D9FE04F1EC039E4222D0D4F8EC30059ACE
:103EE000D4F8F000C4F8EC200593069B0690C4F8C3
:103EF000F03070B105F010FC58B1069803689B686B
:103F0000984706988368013B836013B90368DB68B0
:103F10009847384605F026FA204632B0BDE8F087CB
:103F200006980028F5D005F0F7FB0028F1D0E4E76B
:103F3000294A013B52F8233098472B7D84F8DC3026
:103F400085E7264A013B019152F8233000909847BB
:103F500084F8DCA02B7DDDE90001002B3FF477AF76
:103F6000E6E71BAF1E4A013B384652F8233098471C
:103F700029E71C4A013B314604F13C0052F823304A
:103F80009847337F84F85830E4E6174A013B50469F
:103F900052F82330984795F8203084F8E83069E7E4
:103FA000124A013B5046009152F8233098470023B3
:103FB000009984F8E83095F82030002B3FF45AAF90
:103FC000E3E700BF80A900206C840220FC75032079
:103FD0000C520020340900207CAE002070AE00207E
:103FE00088AE002068AE0020BCAE0020B4AE002039
:103FF0002DE9F04184B00446FF2588460DF10F01FC
:104000009DF828709DF82C608DF80F5007F00F0771
:1040100006F00F06CDE9003204F0E8FD0DF10F01C6
:1040200020468DF80F5004F0E1FD0DF10F01204600
:104030008DF80F5004F0DAFD0DF10F0120468DF8D8
:104040000F5004F0D3FD0DF10F0120468DF80F50F5
:1040500004F0CCFD0DF10F0120468DF80F50002526
:1040600004F0C4FD0DF10F0120468DF80F5004F04F
:10407000BDFD032120468DF80F100DF10F0104F056
:10408000B5FD0DF10F0120468DF80F8004F0AEFD57
:10409000019A0DF10F01204602F00F028DF80F205A
:1040A00004F0A4FD009B0DF10F01204603F00F0367
:1040B0008DF80F3004F09AFD0DF10F0120468DF8B8
:1040C0000F7004F093FD0DF10F0120468DF80F6085
:1040D00004F08CFD0DF10F0120468DF80F5004F017
:1040E00085FD0DF10F0120468DF80F5004F07EFD87
:1040F00004B0BDE8F08100BF82B02DE9F04F91B06F
:104100008B46042705AD1B931E9C0DF124099DF8D9
:1041100074800DF1280A85E807009DF81C300546DB
:10412000002B40F08480B8F1000F00F088801F9BC6
:104130000EAA0CA91F981B68CDF824B09B68CDE986
:104140000C97CDE90EA79847BDF828300EA9204658
:104150001B0A8DF8383004F049FDBDF828300EA94F
:1041600020468DF8383004F041FDBDF82A300EA904
:1041700020461B0A8DF8383004F038FDBDF82A308F
:104180000EA920468DF8383004F030FDBDF82C30F3
:104190000EA920461B0A8DF8383004F027FDBDF823
:1041A0002C300EA920468DF8383004F01FFDBDF8E4
:1041B0002E300EA920461B0A8DF8383004F016FD6B
:1041C000BDF82E300EA920468DF8383004F00EFDD3
:1041D000002DA8D06B6B0121286898470028A2D039
:1041E0000EAB28680CAA4FF0000B03930DF12303CC
:1041F000CDE901320DF122022B1D0092EE690ECBAA
:10420000B0479DF822209DF8233062F3070B9DF8FC
:104210003020286863F30F2B9DF8383062F3174B7A
:1042200063F31F6BAB6A9847EB6A28689847B8F14D
:10423000000F3FF47CAF1B9BAB427FF478AF11B013
:10424000BDE8F04F02B070472DE9F04F8DB0054644
:104250004FF003080DF1180ACDE90201CDE9002362
:104260009DF80F30BDF80C609DF80EB09DF80790DA
:10427000DDE91647002B65D1B9F1000F68D03B6826
:1042800005A90AAA38469B68ADF814608DF816B0E7
:10429000CDE90818CDE90AA808A99847BDF8183053
:1042A0000AA920461B0A8DF8283004F09FFCBDF8AF
:1042B00018300AA920468DF8283004F097FCBDF884
:1042C0001A300AA920461B0A8DF8283004F08EFC0B
:1042D000BDF81A300AA920468DF8283004F086FC73
:1042E000BDF81C300AA920461B0A8DF8283004F0BE
:1042F0007DFCBDF81C300AA920468DF8283004F05A
:1043000075FC002DB8D06B6B0121286898470028F8
:10431000B2D06E6A0AAB08AA0DF113012868B04743
:104320009DF813104FF000069DF82020AB6A61F352
:10433000070628689DF828B062F30F269847EB6AB5
:1043400028689847B9F1000F99D0009B9D4296D1FB
:104350000DB0BDE8F08F00BF2DE9F04F012AA9B0E4
:1043600004460D461F46329E00F03881032A0CBFDA
:104370004FF09B094FF08B0903F0C8F8C6F3811288
:10438000C6F3C10306F003066A44010C6B446E4495
:10439000ADF824008DF8261092F8241093F824200C
:1043A00096F8243001F00F0BC0F3036102F00F0800
:1043B00003F00F030A900791069397F82030012B22
:1043C00000F083819FED9D0A0BA803F08DFF2B6BFE
:1043D0002868EE6898472B7D82467BB1002E40F01E
:1043E0009480974B1A78002A00F0DF810B9BB9F17B
:1043F000030F04930CBF0323062309E00B9BB9F1C1
:10440000030F049300F0CC81002E0CBF0623082379
:1044100003FB0AFA8B4F079B5A460AF10F0A4946DB
:1044200001932046A7FB0ACE069B2EF0010C0093B9
:1044300043460CEB5E0CAAEB0C0ACAF1030AA7FB7D
:104440000AC727F0010C0CEB5707AAEB070AFFF786
:10445000CFFDBAF1000F0DD04FF0000810AFC346EA
:1044600008F10108394620468DF840B004F0BEFB43
:10447000C245F5D1B9F1030F4FD0734A136813F059
:10448000010300F0E380049B002B00F0EC8010ABF4
:1044900005936B6B01212868002E00F0A2809847DD
:1044A000002840F0A58106460DF134090346049A20
:1044B0008DF8483013AB0392002202948DF83C2013
:1044C000CDE90D2299E80700CDE9105683E80700F1
:1044D000059A139BDDE914018DE8030007CAFFF775
:1044E0000BFE0C9870B105F017F958B10C980368E1
:1044F0009B6898470C988368013B836013B90368F5
:10450000DB68984729B0BDE8F08F0B9BB9F1030F2A
:1045100004930CBF042308237AE76B6B01212868FE
:10452000002E00F0DD809847002840F08B81064681
:1045300003468DF84830CDE91056002BD1D011AF8D
:104540004FF0010A0DF134090DF1230839462046D8
:1045500004F024FB0DF14501204604F01FFB0DF192
:104560004601204604F01AFB0DF14701204604F0F5
:1045700015FB109B0121002BB3D05A6B1868904794
:104580000028AED0109A0DF122010DF12103106820
:10459000CDE90031131DCDE90289D2F81CB00ECB54
:1045A000D8479DF82120002362F307039DF82220BD
:1045B00062F30F239DF8232062F317439DF8342004
:1045C00062F31F631193109B9A6A18689047109BBF
:1045D000DA6A186890478DF848A0B7E74FF00309EA
:1045E000CAE69847D8B1059B0DAA0DF123012868AA
:1045F0006F6AB8479DF82330286863F307069DF873
:10460000343063F30F269DF8403063F317460123DF
:1046100063F31F66AB6A9847EB6A28689847049B68
:10462000002205990193109511960094CDE912226C
:10463000DDE9122303C9FFF707FE52E733333340A6
:1046400040840320ABAAAAAAFC8302209148924985
:10465000C0E9003301231360904A1FF02BFB049B39
:10466000002B7FF414AFDFF82C92D9F800300493BC
:10467000002B7FF40CAF10AB9FED890A1846059311
:1046800003F032FED9F80030109AD9F804001093E4
:10469000119B0492C9F80020C9F804301190002839
:1046A0003FF4F7AE05F038F858B1119803689B68ED
:1046B000984711988368013B836013B90368DB68EE
:1046C0009847D9F800300493E3E61C3704220DA97B
:1046D00010A80D9704F0EEFF109B93ED000A73E60F
:1046E0009847D8B110AB0DAA0DF1230128686F6A65
:1046F000B8479DF823209DF8343062F307069DF8F3
:104700004020286863F30F26012362F3174663F302
:104710001F66AB6A9847EB6A28689847CDE9105640
:10472000360E3FF4DEAE11AF4FF001083946204699
:1047300004F034FA0DF14501204604F02FFA0DF192
:104740004601204604F02AFA109B0121002B3FF479
:10475000C8AE5A6B1868904700283FF4C2AE109854
:104760000DF122010DAB0DF12302D0F82490006869
:10477000C8479DF82320109B8DF845209DF83420D4
:104780008DF846209DF822208DF844209A6A1868FA
:104790009047109BDA6A186890478DF84780C5E704
:1047A000002E0CBF0323042332E601223D481A7079
:1047B00003F03EFB10AB60223146074618460593D6
:1047C00023F032FC059804F0CBFF0A233649059804
:1047D00027938DF8986005F0C5FA3046059B394659
:1047E0004FF4B77203F0E4FA059804F0C7F8FDE55A
:1047F000059B0DF13409CDE902930DF123030193DB
:104800000DF1220300932B1DEE6928680ECBB047F3
:104810009DF82230002063F307009DF8233063F3F6
:104820000F209DF8343063F317409DF8403063F358
:104830001F60AB6A064628689847EB6A2868984765
:10484000012334E610AA0DAB0DF12301CDE90232AC
:104850000DF122022B1DEE69CDE900210ECB286857
:10486000B0479DF8222000269DF82330286862F387
:1048700007069DF8342063F30F269DF8403062F35D
:10488000174663F31F66AB6A9847EB6A2868984738
:1048900001234EE69475032031D0000054450120D9
:1048A00033333340D84D00208C5D00202DE9F04F8C
:1048B0008BB000264FF01F0A4FF08009169D0DF1B6
:1048C00027079DF854B08DF82760DFF85481CDE9B3
:1048D00004239DF81730CDE9060139462846039395
:1048E00004F084F9394628468DF8276004F07EF9F3
:1048F000394628468DF8276004F078F9394628466D
:104900008DF8276004F072F9029664E0039B002B97
:104910006CD01BFB0A93A8FB0323DB097DD1BBF101
:10492000000F7AD0E123394628468DF8273004F06D
:104930005DF907A9284604F031F90DF11D0128465B
:1049400004F02CF90DF11E01284604F027F9069B0E
:10495000002B5ED05A6B012118689047002858D070
:1049600006993B460DF1260208684C6A0DF12501B7
:10497000A0479DF826309DF827209DF825108DF83A
:104980001D30069B8DF81C108DF81E209A6A186841
:104990009047069BDA6A1868904701238DF81F300C
:1049A000149CACB1636B01212068984780B12068EA
:1049B0000DF126030DF1250209A90097A66BB0475A
:1049C000A36A20689DF827B09847E36A2068984753
:1049D000029B013302939DF81F30002B96D0039B5E
:1049E000002B96D0069A049B9A4292D1029E0024F4
:1049F0004FF0FF0876090136B600013439462846E3
:104A00008DF8278004F0F2F8B442F6D30BB0BDE87D
:104A1000F08F00238DF81F30C2E763F01F0382E799
:104A2000818080802DE9F04F8BB000264FF01F0A67
:104A30004FF08009169D0DF127079DF854B08DF8B1
:104A40002760DFF85481CDE904239DF81730CDE9C4
:104A5000060139462846039304F0C8F8394628462B
:104A60008DF8276004F0C2F8394628468DF8276093
:104A700004F0BCF8394628468DF8276004F0B6F8F3
:104A8000029664E0039B002B6CD01BFB0A93A8FBEF
:104A90000323DB097CD1BBF1000F79D0E123394638
:104AA00028468DF8273004F0A1F807A9284604F01D
:104AB00075F80DF11D01284604F070F80DF11E0186
:104AC000284604F06BF8069B002B5DD05A6B012141
:104AD00018689047002857D006993B460DF12602EA
:104AE00008684C6A0DF12501A0479DF826309DF815
:104AF00027209DF825108DF81D30069B8DF81C1081
:104B00008DF81E209A6A18689047069BDA6A186822
:104B1000904701238DF81F30149CACB1636B0121C9
:104B20002068984780B120680DF126030DF1250219
:104B300009A90097A66BB047A36A20689DF827B023
:104B40009847E36A20689847029B013302939DF8D7
:104B50001F30002B96D0039B002B96D0069A049B07
:104B60009A4292D1029E00247609A0460136B600F0
:104B70000134394628468DF8278004F037F8B442CE
:104B8000F6D30BB0BDE8F08F00238DF81F30C3E7DC
:104B900063F01F0383E700BF8180808070B586B01B
:104BA000CDE902019DF80F000A9CCDE900239DF894
:104BB000075048B155B1029A009B9A4206D106B0FF
:104BC00070BD00238DF80F30002DF8D003A92046CA
:104BD00003F0E4FF0DF10D01204603F0DFFF0DF1BE
:104BE0000E01204603F0DAFF029B002BE9D05A6B3E
:104BF0000121186890470028E3D002980DF11703AF
:104C00000DF116020DF11501466A0068B047029BCE
:104C10009DF816C09DF817009DF815109A6A8DF83A
:104C20000DC08DF80C108DF80E0018689047029B8F
:104C3000DA6A1868904701238DF80F30BAE700BF91
:104C400070B586B000260A9C8DF81760CDE9020188
:104C50000DF117012046CDE900239DF8075003F020
:104C6000C5FF0DF1170120468DF8176003F0BEFF58
:104C70000DF1170120468DF8176003F0B7FF0DF115
:104C8000170120468DF8176003F0B0FF9DF80F3034
:104C9000002B54D1002D58D09DF80C3005A99DF85B
:104CA0000EC020469DF80D206FEA93038CF0C00CD7
:104CB0006FEA121203F0300302F00C0243EA9C1375
:104CC000134363F03F038DF8143003F08FFF03A903
:104CD000204603F063FF0DF10D01204603F05EFF57
:104CE0000DF10E01204603F059FF029B002B4BD023
:104CF0005A6B012118689047002845D002980DF1A1
:104D000017030DF116020DF11501466A0068B04750
:104D1000029B9DF816C09DF817009DF815109A6A21
:104D20008DF80DC08DF80C108DF80E0018689047A6
:104D3000029BDA6A1868904701238DF80F30002D26
:104D4000AAD0029A009B9A42A6D100250DF1170124
:104D500020468DF8175003F049FF0DF1170120464A
:104D60008DF8175003F042FF0DF1170120468DF822
:104D7000175003F03BFF0DF1170120468DF8175037
:104D800003F034FF06B070BD00238DF80F3081E7CB
:104D90002DE9F04F89B000270546129C8DF81F7051
:104DA000CDE90401CDE902239DF817200DF11F0183
:104DB0009DF80F302046019200939DF814909DF8C5
:104DC00015809DF816B003F011FF0DF11F0120466C
:104DD0008DF81F7003F00AFF0DF11F0120468DF8BA
:104DE0001F7003F003FF0DF11F0120468DF81F70A7
:104DF00003F0FCFE019A3BE0009A002A44D001F443
:104E0000787103F4F84320460B430DF11F016FEA5C
:104E100043436FEA53431A0A43EADB0A8DF81F2023
:104E200003F0E4FE0DF11F0120468DF81FA003F0F2
:104E3000DDFE0121002D4FD06B6B286898470DF1E6
:104E40001F030DF11E02002846D00DF11D01286838
:104E50006E6AB047AB6A28689DF81D909DF81E8069
:104E60009DF81FB09847EB6A2868984701220137E0
:104E70004FEAC9134FEA8801002ABDD0009A002AE0
:104E8000BDD0029AAA42BAD17F0922D000254FF0A4
:104E9000FF082E460DF11F0120468DF81F8003F0FC
:104EA000A5FE0DF11F01204601358DF81F6003F0AE
:104EB0009DFE0DF11F0120468DF81F6003F096FE48
:104EC0000DF11F0120468DF81F6003F08FFEAF42E9
:104ED000E0D109B0BDE8F08F0022C8E72DE9F04F1E
:104EE00091B0074608264FF000081C9C0DF13F05C5
:104EF000CDE90C01CDE90A239DF834309DF837A0A7
:104F000006939DF8353007939DF8363005939DF84C
:104F10002F300893294620468DF83F8003F066FE27
:104F2000013EF7D1B046DFF850914FF0FF0B0996E4
:104F300003977FE0002B00F08A80069B0DF13A0179
:104F400020468DF83AB039F813308DF83BB0049311
:104F5000079B39F813A0059B39F8136003F046FE50
:104F60000DF13B01204603F041FE049B29462046FB
:104F70001A0A8DF83F2003F039FE049B294620468B
:104F80008DF83F3003F032FE4FEA1A2329462046BF
:104F90008DF83F3003F02AFE294620468DF83FA0C9
:104FA00003F024FE330A294620468DF83F3003F0F3
:104FB0001DFE294620468DF83F6003F017FE039B37
:104FC000002B56D0039F01217B6B3868984700283F
:104FD0004FD00DF13D012B460DF13E0238687E6A3F
:104FE0004FF0010AB0479DF83D309DF83F200693F1
:104FF0009DF83E3038680793BB6A05929847FB6A74
:10500000386898471A9E9EB1736B012130689847A3
:1050100070B130680DF13E030DF13D020FA900950E
:10502000B76BB847B36A30689847F36A30689847F7
:1050300008F10108089BBAF1000F3FF47BAF002B89
:105040003FF47BAF0A9B039A93427FF476AF4FEA1B
:105050005808099EFF2708F1040801362946204612
:105060008DF83F7003F0C2FDB045F6D111B0BDE838
:10507000F08F4FF0000AC5E78002002030B590F8AD
:10508000482083B004460D46012A12D10422694605
:1050900000940DEB020004F00DFB019B3BB118687E
:1050A000294603681B6803B0BDE83040184794F8F0
:1050B0004820022A10D10422694600940DEB020018
:1050C00004F0F8FA019B2BB11B68284603B0BDE839
:1050D0003040184794F84820032A10D1042269462A
:1050E00000940DEB020004F0E5FA019828B1036C7E
:1050F000294603B0BDE83040184794F84820042AF8
:1051000016D1694601A8009404F0D4FA019868B158
:105110000368114A1B689342EAD1036900F1080150
:105120002A46406803B0BDE83040184794F848204C
:10513000052A0ED10422694600940DEB020004F00A
:10514000B9FA019828B10368044A1B689342E4D075
:10515000CEE703B030BD00BFAD930000B9930000AF
:105160004268002A00F0B48090F824302DE9F0471E
:1051700015469CB08A460446002B36D00026B14620
:105180003546276807EB060898F85010E9B14D45F9
:1051900019D05823BA5903FB09F17A500F4408F18A
:1051A0000801D8F8043007F108007B60814209D07B
:1051B00097F85030002B40F0D18098F85030002BF9
:1051C00040F0C280626809F1010901355836954204
:1051D000D7D34946204603F087FE0023656884F84C
:1051E000243015B91CB0BDE8F08704F06FFA042331
:1051F0000026102207930CAB4FF020084FF0100947
:10520000089031460692184640220996059658277E
:105210000493CDE90A8922F007FF804630462368CF
:1052200007FB063393F85020C2B15968B8F1000F5C
:1052300008EB800C434608BF4FF0000C039102E0DE
:10524000126891420AD063451A4603F10403F7D16C
:1052500004A803A903F0A2FCDDE904800136AE42F4
:10526000DDD3B8F1000F0AD008EB8001830041457F
:1052700005D0042B03D04046F9F742FF059840B310
:105280000027582658F827804FF0000903E009F15D
:105290000109A94515D26368002B4FD0236806FB8E
:1052A000093393F850100029F1D059684145EED1E7
:1052B00009F1010903F108005146FFF7DFFEA94596
:1052C000E9D30137059B9F4203D2DDF81080D9E76F
:1052D000704794F824308BB3626891463AB3002645
:1052E000B1463546276807EB060898F85010D1B14B
:1052F000A94516D05823BA5903FB09F17A500F4437
:1053000008F10801D8F8043007F108007B608142F9
:1053100006D097F85030002B37D198F8503053BB57
:10532000626809F10109013558369542DAD34946D8
:10533000204603F0D9FD002384F8243004A804F0AB
:1053400011F81CB0BDE8F087164A013B52F8233033
:10535000984798F8503087F8503033E7124A013BAD
:10536000019152F82330009098470023DDE90001B5
:1053700087F8503021E70B4A013B52F82330984719
:1053800098F8503087F85030CAE7074A013B01913E
:1053900052F82330009098470023DDE9000187F898
:1053A0005030BAE774AD002060AD00202DE9F04127
:1053B0000D469AB006464FF48E7104204FF0010856
:1053C00004F072F91D4BC0F804800446036000230A
:1053D000C0F8088004A980F8183100F10C030422F9
:1053E00003A8049304F066F905F12C03039F04AAB3
:1053F0002946009338462B6A04936B6A0593AB6A7F
:10540000FEF792FC05F16802F96E04A884F8188191
:1054100037607460FBF7A8FF306804A9703004F0AF
:105420009DFF04A803F0AAFAFEF7E8FA31683831C4
:10543000FFF796FE30461AB0BDE8F08168A900205B
:10544000384B014603F1440210B582B004460360B4
:1054500041F8382F0191FEF7D1FA01992830FFF772
:105460007FFE04F1F40003F099F8D4F8F00018B1CD
:1054700004F052F900282ED194F8E830002B3DD1E9
:1054800094F8DC30002B44D104F1700003F076FA7C
:10549000606E18B18368013B836053B194F8583053
:1054A0008BB9214B204623600AF086FC204602B0CF
:1054B00010BD4368002BF1D10368DB68984794F86E
:1054C0005830002BEDD0194A013B04F13C0052F852
:1054D00023309847E5E7D4F8F00003689B689847C5
:1054E000D4F8F0008368013B8360002BC4D10368CB
:1054F000DB68984794F8E830002BC1D00C4A013B98
:1055000004F1E40052F82330984794F8DC30002B83
:10551000BAD0084A013B04F1D00052F82330984732
:10552000B2E700BF80A9002068A5002060AE00207F
:10553000B4AE002070AE0020A0F13800FFF780BFAD
:1055400010B50446FFF77CFF4FF4867120461DF02E
:105550002DF8204610BD00BF10B5A0F1380420463C
:10556000FFF76EFF20464FF486711DF01FF82046AE
:1055700010BD00BF30B599B004460AF0DFFB58B942
:1055800020460AF0C7FBFEF739FA04F13801503023
:10559000FFF7E6FD19B030BD154802F049FC602266
:1055A00005460021684622F03FFD684604F0D8F821
:1055B0000A234FF000020F49684617938DF85820D0
:1055C00004F0D0FB04F17001684605F057F80A4971
:1055D000684604F0C7FB6B4640F2D62229460020FD
:1055E00002F0E6FB684603F0C9F919B030BD00BF10
:1055F000D84D0020384E00206C5E002070B5164655
:1056000090F8482082B00446012A0D4613D10422A6
:10561000009069460DEB020004F04CF8019B43B189
:1056200018683246294603681B6802B0BDE870401E
:10563000184794F84820022A11D1042269460094A0
:105640000DEB020004F036F8019B33B11B683146C4
:10565000284602B0BDE87040184794F84820032A55
:1056600011D10422694600940DEB020004F022F8E7
:10567000019830B1036C3246294602B0BDE8704053
:10568000184794F84820042A18D1694601A80094C4
:1056900004F010F8019878B10368124A1B6893422D
:1056A000E9D1046900F1080133462A464068A4465E
:1056B00002B0BDE87040604794F84820052A0ED13A
:1056C0000422694600940DEB020003F0F3FF0198F9
:1056D00028B10368044A1B689342E2D0CBE702B0CA
:1056E00070BD00BFF59300000D94000013464268A2
:1056F000002A00F0B8802DE9F04F9B4690F8243046
:105700009DB016468A460446002B38D04FF000095B
:105710005823C8464D46266806EB090797F85000FF
:10572000E0B1454518D056F8092003FB08F007F111
:105730000801325006447A6806F10800726081421E
:1057400009D096F85020002A40F0D68097F85020D3
:10575000002A40F0C480626808F10108013509F1AF
:1057600058099542D7D34146204603F0BDFB00239C
:10577000666884F8243016B91DB0BDE8F08F03F0D8
:10578000A5FF00250CAB102204214FF020084FF09C
:105790001009089018460995059558270493CDE9F6
:1057A000062129464022CDE90A8922F03DFCA9467E
:1057B00029468046236807FB093393F85020BAB185
:1057C0005D68B8F1000F08EB8100434608BF002078
:1057D000039502E0126895420AD083421A4603F10B
:1057E0000403F7D103A904A803F0D8F9DDE9048183
:1057F00009F10109B145DDD3B8F1000F0BD008EB79
:1058000081038A00434506D0042A04D01946404645
:10581000F9F70EFC059939B34FF0000958274246B5
:1058200052F82980002502E00135B54214D26268A1
:10583000002A4ED0206807FB050090F85020002A6F
:10584000F2D042684245EFD1013508305A46514600
:10585000FFF7D4FEB542EAD309F10109059A914553
:1058600002D2049ADCE7704794F824308BB3626864
:1058700091463AB30026B1463546276807EB06083D
:1058800098F85010D1B1A94516D05823B95903FB47
:1058900009F2B950174408F10801D8F8043007F1AB
:1058A00008007B60814206D097F85030002B3CD135
:1058B00098F850307BBB626809F101090135583610
:1058C0009542DAD34946204603F00EFB002384F8C4
:1058D000243004A803F046FD1DB0BDE8F08FDFF8CA
:1058E00064C0013A5CF82220904797F85020582372
:1058F00086F8502062682FE7DFF84CC0013A01912A
:105900005CF822200090904700225823DDE9000136
:1059100086F850201AE70B4A013B52F8233098478B
:1059200098F8503087F85030C5E7074A013B01919D
:1059300052F82330009098470023DDE9000187F8F2
:105940005030B5E7B0AD00209CAD002070B51646D4
:1059500090F8482082B00446012A0D4613D1042253
:10596000009069460DEB020003F0A4FE019B43B1D9
:1059700018683246294603681B6802B0BDE87040CB
:10598000184794F84820022A11D10422694600944D
:105990000DEB020003F08EFE019B33B11B68314614
:1059A000284602B0BDE87040184794F84820032A02
:1059B00011D10422694600940DEB020003F07AFE37
:1059C000019830B1036C3246294602B0BDE8704000
:1059D000184794F84820042A18D1694601A8009471
:1059E00003F068FE019878B10368124A1B6893427D
:1059F000E9D1046900F1080133462A464068A4460B
:105A000002B0BDE87040604794F84820052A0ED1E6
:105A10000422694600940DEB020003F04BFE01984E
:105A200028B10368044A1B689342E2D0CBE702B076
:105A300070BD00BF259400003D94000013464268ED
:105A4000002A00F0B8802DE9F04F9B4690F82430F2
:105A50009DB016468A460446002B38D04FF0000908
:105A60005823C8464D46266806EB090797F85000AC
:105A7000E0B1454518D056F8092003FB08F007F1BE
:105A80000801325006447A6806F1080072608142CB
:105A900009D096F85020002A40F0D68097F8502080
:105AA000002A40F0C480626808F10108013509F15C
:105AB00058099542D7D34146204603F015FA0023F2
:105AC000666884F8243016B91DB0BDE8F08F03F085
:105AD000FDFD00250CAB102204214FF020084FF0F3
:105AE0001009089018460995059558270493CDE9A3
:105AF000062129464022CDE90A8922F095FAA946D5
:105B000029468046236807FB093393F85020BAB131
:105B10005D68B8F1000F08EB8100434608BF002024
:105B2000039502E0126895420AD083421A4603F1B7
:105B30000403F7D103A904A803F030F8DDE90481D8
:105B400009F10109B145DDD3B8F1000F0BD008EB25
:105B500081038A00434506D0042A04D019464046F2
:105B6000F9F7FEF9059939B34FF000095827424675
:105B700052F82980002502E00135B54214D262684E
:105B8000002A4ED0206807FB050090F85020002A1C
:105B9000F2D042684245EFD1013508305A465146AD
:105BA000FFF7D4FEB542EAD309F10109059A914500
:105BB00002D2049ADCE7704794F824308BB3626811
:105BC00091463AB30026B1463546276807EB0608EA
:105BD00098F85010D1B1A94516D05823B95903FBF4
:105BE00009F2B950174408F10801D8F8043007F158
:105BF00008007B60814206D097F85030002B3CD1E2
:105C000098F850307BBB626809F1010901355836BC
:105C10009542DAD34946204603F066F9002384F81A
:105C2000243004A803F09EFB1DB0BDE8F08FDFF820
:105C300064C0013A5CF82220904797F8502058231E
:105C400086F8502062682FE7DFF84CC0013A0191D6
:105C50005CF822200090904700225823DDE90001E3
:105C600086F850201AE70B4A013B52F82330984738
:105C700098F8503087F85030C5E7074A013B01914A
:105C800052F82330009098470023DDE9000187F89F
:105C90005030B5E728AE002014AE0020D0F8EC302C
:105CA0002DE9F04F93F89030ADF5077D0590079101
:105CB000002B40F04782059A92F86830002B40F0A4
:105CC0002E8205995BA8FBF745FE5B9B5C9A0693C9
:105CD0000892002B00F00882059C04F1F40002F009
:105CE00085FC94F8DC30E26D8146022B39AC0A92D7
:105CF00040F09082059D042221465BA805F1D00367
:105D0000236003F0D7FC5B9A95F8DC30002A00F0A2
:105D10008182118814AF0D9107CA87E807000E91A0
:105D20000C92032B40F06C82059B042221465BA859
:105D3000D033236003F0BEFC5B9A002A00F060823F
:105D4000918817ABADF8421007CA83E807000F909F
:105D50000B920D9A23AD4FF0000A4FF0020C3A80DF
:105D60000E9A8DF8B0A17A600C9A8DF88CC1BA6049
:105D70000F9A1A60BDF842209A800B9A9A60059A91
:105D800002F1700697E807001AAF119687E807003E
:105D900093E807001DAB83E8070097E807001DABF9
:105DA00085E8070093E807007EAB8DF8F4C1079FF4
:105DB00084E8070095E80700CDE984AA83E8070096
:105DC00094E8070081AB83E807000A9A394664A883
:105DD000FBF74EF9B9F1000F00F0FC807B684846F4
:105DE0009FB2129302F04EFC8046484602F04CFCF3
:105DF00018FB00FB1FFA8BFB5F4540F06382DFF866
:105E000048B6079BDBF800A01B680993BAF1000FA6
:105E100000F0EB83504602F011FFBDF848105046E9
:105E200003F062F86FB34FF0000B4346A0465946AB
:105E30005E461C4642464846B1FBF4F304FB131190
:105E4000A8F800302980294602F0D2FB874231466B
:105E50004FF0000C00EB400304D9099AD018D15A36
:105E600090F802C00BEB4B00DAF800300BF1010B9D
:105E7000195203441FFA8BF183F802C08F42D9D81C
:105E80004446079B9DF88C219869998B9B7FDAE9A2
:105E9000009A2860A980AB7195E80300ADF8001165
:105EA000090C3F908DF80211002A40F038835BAF57
:105EB0000323CDF86C914FF0000904228DF87E3158
:105EC00001232F600DF5A6788DF88C3156AFCDF8F3
:105ED0007891ADF87C91CDF88091DDE93F01CDE975
:105EE0005CAAADF88811090C619020468DF88A11E2
:105EF000294603F0DFFB022220ABD4F800C084F86F
:105F000064201AAA84F8209007CA83E807000D9A33
:105F10001A800E9A5A600C9A9A601DAA07CA85E8E0
:105F200007000F9A2A60BDF84220AA800B9AAA6047
:105F300093E8070088E8070095E8070087E807006E
:105F40000A9A61462046C4E92099FBF791F89DF82A
:105F5000B031002B40F0198394F82030002B40F032
:105F600002839DF8F431002B40F0F38294F8643002
:105F7000002B40F0DC82DDF810C27EAED4E9203286
:105F80008493859B859298E8070086E8070097E848
:105F9000070081AEC4E920C386E8070083B1184634
:105FA00003F0BAFB60B1D4F8840003689B6898479B
:105FB000D4F884008368013B8360002B00F02783C2
:105FC00094F86430002B40F0988294F82030002B35
:105FD00040F09E829DF8F431012B40F024816DAB9E
:105FE0000422294620462B6003F064FBD4F800808D
:105FF000059ED6F8EC3003F17009484602F01EFE0B
:1060000096F85830012B00F05D82022B00F0CF8211
:10601000FDF7F4FC059BC830DFF8309403F1380736
:10602000D3F8EC203946FFF761FB069928460B6848
:10603000DB689847D9F80000002800F0AF82DFF84D
:10604000108498F80030002B00F0F0802946FBF710
:1060500067FB012800F0F780022803D10023059A8E
:1060600082F86B30069B059A1B68D2F8F000D3F8D3
:106070000080D2F8EC306060236008B103F044FB8C
:1060800006982146C047606820B103F045FB002810
:1060900040F05F81FDF7B2FC0699064620460B688A
:1060A000DB68984706F1F00022463946FFF7C6FC48
:1060B000204602F063FC284602F060FC859820B17F
:1060C00003F02AFB002840F0EE809DF8F431002B0D
:1060D00040F0E2809DF8B031002B40F0D6809DF872
:1060E0008C31002B40F0CA80089B002B00F084808C
:1060F000089C204603F010FB00287DD02368204632
:106100009B689847A368013BA360002B74D120468D
:106110002368DB680DF5077DBDE8F04F1847516E29
:106120000891002968D04B68002B65D04B68002B84
:1061300062D04B68126E013306924B60002A7FF4E6
:10614000CBADD5E75BAFB24801F072FE60220446EA
:1061500000213846002521F067FF4FF00A09384634
:1061600003F0FEFAAB4938468DF8C451CDF8C8911A
:1061700003F0F8FD059E384606F17008414604F02C
:106180007DFAA549384603F0EDFD21463B464FF424
:10619000E372284601F00CFE384602F0EFFB746E05
:1061A0001CB16368002B40F0E380994801F040FE89
:1061B000602200210446384621F036FF384603F0BD
:1061C000CFFA00220A23934938468DF8C4217293EE
:1061D00003F0C8FD4146384604F050FA8F4938466E
:1061E00003F0C0FD01203B4640F2C912214601F0F8
:1061F000DFFD384602F0C2FB0DF5077DBDE8F08FEC
:10620000874B0F934FF45053ADF8423000230B935C
:1062100017AB9EE50022032014AF0C9241F270727E
:10622000CDE90D207DE54FF00008E1E60123079060
:1062300088F8003008F0E4FD07982946FBF770FA6B
:1062400001287FF409AF059B93F86B30002B7FF496
:1062500032AFD9F80040002C00F0DD8598F800300E
:10626000002B00F0D18504F1440211982946F7F77C
:1062700043FB0123059A82F86B301CE7694A013B16
:106280005BA852F8233098472EE7674A013B64A881
:1062900052F82330984722E7644A013B6DA852F830
:1062A0002330984716E7859803689B689847859838
:1062B0008368013B8360002B7FF407AF0368DB68D2
:1062C000984702E71390524801F0B2FD5146602210
:1062D0000990204621F0A8FE204603F041FA0A2248
:1062E0004C492046E26584F858A003F03BFD314656
:1062F000204604F0C3F94E49204603F033FD4146E1
:10630000204603F06BFD4B49204603F02BFD13990B
:10631000204603F063FD4849204603F023FD59461B
:10632000204603F05BFD4549204603F01BFD39463E
:10633000204603F053FD4249204603F013FD234657
:1063400009995322012001F033FD204602F016FB8B
:1063500055E5606803689B68984760688368013BFF
:106360008360002B7FF496AE0368DB68984791E664
:106370006368002B3FF419AF6368316E01336360CB
:10638000002900F00C8608464FF47A71F9F73EFBBD
:1063900082461F48BAF1000F5CD001F049FD60222F
:1063A00029468246384621F03FFE384603F0D8F9A8
:1063B00018493846CDF8C8918DF8C45103F0D2FC85
:1063C0004146384604F05AF91E49384603F0CAFCE3
:1063D0003B46514628464FF4E97201F0E9FC384645
:1063E00002F0CCFA204603F097F900283FF463ACA2
:1063F000236820469B689847A368013BA360002B55
:106400007FF459AC23682046DB68984753E400BF0B
:10641000D84D0020384E0020A05E0020D05F002024
:106420008C0A6419FCAC002004AD002050AE0020A2
:106430005C5F0020309C00208C660020745F002090
:10644000905F0020345F00209C750320D8770320E4
:106450004284032001F0ECFC602251460546384698
:1064600021F0E2FD384603F07BF99B4938468DF870
:10647000C4A1CDF8C89103F075FC4146384604F03C
:10648000FDF89649384603F06DFC3B4640F2CF12CA
:106490002946012001F08CFC384602F06FFA2046B4
:1064A00003F03AF900283FF4A7AE236820469B6822
:1064B0009847A368013BA360002B7FF49DAE23683F
:1064C000204626E6059B0422294620463C332B60C5
:1064D00003F0F0F823681A7E002A00F05184531E5E
:1064E000022B3FF695AD059E41464846F36D00935D
:1064F00006F1C803FDF730FF8AE5794A013B42A85F
:1065000052F82330984794F82030002B3FF462ADC6
:10651000744A013B204652F8233098475AE5013A25
:106520005BAF714B384653F822309847C0E46F4A4E
:10653000013B42A96DA852F82330984794F8643083
:106540008DF8F431002B40F04284002384F864304D
:1065500011E5634A013B6DA852F8233098470023A8
:106560008DF8F43102E5624A013B214664A852F8F5
:106570002330984794F820308DF8B031002B40F04C
:106580001E84002384F82030EBE4564A013B64A8C3
:1065900052F8233098478DF8B091DDE4DFF8588148
:1065A0004046FBF713F84046C9F8008047E5059BD5
:1065B0000422294620463C332B6003F07BF82368F5
:1065C0009B680E2B3FF624ADDFE813F0C6024D02A8
:1065D0009D0310025D01200198004403CF01980043
:1065E0002500250098002500030303F06FF8414BB8
:1065F0000322C3F808A0C3F81CA01861CBF8003030
:10660000DA60C3E900AAC3E905AA9A4602E403686E
:10661000DB689847D4E4B8F1000F00F01784D8F88D
:1066200034300121D8F800009847002800F0658434
:106630002A4620A9D8F824702346D8F80000B84785
:106640009DF880300027D8F8000063F307072B7807
:1066500063F30F27237863F31747012363F31F675F
:10666000D8F828309847D8F82C30D8F80000984748
:106670000023C5E90087C5E90233D8F83430012189
:10668000D8F800009847002800F0E4831DAA1AA952
:10669000D8F8000020AB0094D8F83870B847D8F884
:1066A0002830D8F8000027789847D8F82C30D8F848
:1066B0000000984701236371C4F800802771CDF86A
:1066C000089094E80300DDE925238DE8030095E8B0
:1066D0000300FEF7EBF89BE4384E0020F45E002048
:1066E00050AE002004AD0020FCAC002058AE0020CD
:1066F0001CAD0020A0750320DC770320B8F1000F4B
:1067000000F0A283D8F834300121D8F8000098476F
:10671000002800F09983D8F8247023462A4620A93F
:10672000D8F80000B8479DF880200023D8F8000072
:1067300062F307032A7862F30F23227862F3174388
:10674000012262F31F631F46D8F828309847D8F813
:106750002C30D8F80000984729464846C4E90087FD
:1067600000272F7002F042FA294648462F7002F0A7
:106770003DFA294648462F7002F038FA2946484625
:106780002F7002F033FAE379002B00F0B3830DF1A0
:10679000EA034FF0FF0807932946484685F8008032
:1067A000013702F023FA3AA9484602F0F7F90DF151
:1067B000E901484602F0F2F90799484602F0EEF97D
:1067C00023680121002B00F0E1825A6B1868904782
:1067D000002800F0DB8220681DA92B4620AA466A0B
:1067E0000068B0479DF88020236862712A78A27102
:1067F0009DF8742022719A6A186890472368DA6AB3
:10680000186890474FF00103E371C5E7B8F1000F36
:1068100000F00B83D8F834300121D8F800009847F5
:10682000002800F00283D8F8247023462A4620A9C5
:10683000D8F80000B8479DF880200023D8F8000061
:1068400062F307032A7862F30F23227862F3174377
:10685000012262F31F631F46D8F828309847D8F802
:106860002C30D8F8000098470023C4E90087CDF801
:106870000090C4E9023394E80300DDE93B23FEF70E
:10688000DFF9FFF7C5BBB8F1000F00F0D482D8F8EC
:1068900034300121D8F800009847002800F0CB825E
:1068A000D8F8247023462A4620A9D8F80000B84713
:1068B0009DF880300027D8F8000063F307072B7895
:1068C00063F30F27237863F31747012363F31F67ED
:1068D000D8F828309847D8F82C30D8F800009847D6
:1068E000C4E900873F0E0CD14FF007080027294666
:1068F00048462F7002F07AF9B8F10108F7D1FFF796
:1069000087BB3AA9484602F049F90DF1E90148462A
:1069100002F044F90DF1EA01484602F03FF923681C
:106920000121002B00F048825A6B1868904700281C
:1069300000F0428220681DA92B4620AA476A006801
:10694000B8479DF88020236862712A78A2719DF86B
:10695000742022719A6A186890472368DA6A186866
:1069600090474FF00103E371CBE7B8F1000F00F05F
:106970006482D8F834300121D8F800009847002804
:1069800040F0E782C5E90080C5E90200D8F834305C
:106990000121D8F800009847002800F052821DAA73
:1069A0001AA9D8F8000020AB0094D8F83870B8477E
:1069B000D8F82830D8F8000027789847D8F82C3035
:1069C000D8F80000984701236371C4F8008027714C
:1069D000CDF8089094E80300DDE925238DE8030055
:1069E00095E80300FEF71EF8FFF712BBB8F1000FA1
:1069F00000F01982D8F834300121D8F80000984707
:106A0000002800F01082D8F8247023462A4620A9D6
:106A1000D8F80000B8479DF880200023D8F800007F
:106A200062F307032A7862F30F23227862F3174395
:106A3000012262F31F631F46D8F828309847D8F820
:106A40002C30D8F8000098470023C5E90087CDF81E
:106A50000090C4E9003395E8030094E80C00FEF7C9
:106A60009DF8FFF7D5BAB8F1000F3FF4D1AAD8F8D6
:106A700034300121D8F80000984700283FF4C8AA14
:106A800020A9D8F8247023462A46D8F800004FF0F1
:106A9000000BB8479DF88030D8F82820D8F80000BF
:106AA000079395F800A027789047D8F82C20D8F8BD
:106AB00000009047079B5A1E5B0821464846D2B209
:106AC000FC2A98BF43F0010363F07F03237002F0B8
:106AD0008DF80AF1FF334FEA5A0A2146DBB24846E5
:106AE000FC2B98BF4AF0010A6AF07F03237002F082
:106AF0007DF87B1E7F082146DBB24846FC2B98BF01
:106B000047F0010767F07F03237002F06FF801215F
:106B1000D8F83430D8F800009847002800F05F819A
:106B200020A9D8F8247023462A46D8F800000BF193
:106B3000010BB8479DF88030D8F82820D8F800001D
:106B4000079395F800A027789047D8F82C20D8F81C
:106B500000009047079BAEE7B8F1000F00F0678197
:106B6000D8F834300121D8F800009847002800F008
:106B70005E81D8F8247023462A4620A9D8F8000060
:106B8000B8479DF880200023D8F8000062F307037F
:106B90002A7862F30F23227862F31743012262F30B
:106BA0001F631F46D8F828309847D8F82C30D8F8FB
:106BB000000098470023C4E90087CDF80090C4E99D
:106BC000023394E80300DDE93B23FEF7E1F8FFF729
:106BD0001FBAB8F1000F00F04081D8F8343001211D
:106BE000D8F800009847002840F08D81C5E9008062
:106BF000C5E90200D8F834300121D8F800009847E0
:106C0000002800F02E811DAA1AA9D8F8000020AB98
:106C10000094D8F83870B847D8F82830D8F8000071
:106C200027789847D8F82C30D8F8000098470123E7
:106C30006371C4F800802771CDF8089094E80300D0
:106C4000DDE925238DE8030095E80300FEF746F90A
:106C5000FFF7DEB9B8F1000F00F00681D8F8343044
:106C60000121D8F800009847002800F0FD80D8F8EE
:106C7000247023462A4620A9D8F80000B8479DF87A
:106C800080200023D8F8000062F307032A7862F31B
:106C90000F23227862F31743012262F31F631F461A
:106CA000D8F828309847D8F82C30D8F80000984702
:106CB00029464846C4E9008700272F7001F096FF57
:106CC000294648462F7001F091FF294648462F700B
:106CD00001F08CFF294648462F7001F087FFE379C9
:106CE000002B40F0C3804FF0040A4FF000084746E5
:106CF00008F10108294648462F7001F077FFD0457A
:106D0000F6D1FFF785B9B8F1000F00F09280D8F8FE
:106D100034300121D8F800009847002800F089801D
:106D2000D8F8247023462A4620A9D8F80000B8478E
:106D30009DF880200023D8F8000062F307032A782A
:106D400062F30F23227862F31743012262F31F6379
:106D50001F46D8F828309847D8F82C30D8F80000CB
:106D600098470023C4E90087CDF80090C4E90233B6
:106D700094E80300DDE93B23FDF710FFFFF748B976
:106D800049464046FCF7AAFCFFF742B94FEA5718BC
:106D9000002308F10108E3714FEA88084FF0000A68
:106DA000FF270AF1010A294648462F7001F01EFF0D
:106DB000C245F6D1FFF72CB90023E37194E5894A67
:106DC000013B204652F823309847FFF7DABB864A4A
:106DD000013B42A852F823309847FFF7B6BB0BEBB4
:106DE0004B0202F14207BF093FF412A982468046D6
:106DF0000AF1010A2146484684F8008001F0F6FEB7
:106E00005745F5D1FFF704B9012388F8003007F0A2
:106E1000F7FFFFF728BA754C2046FAF7D7FBC9F8F9
:106E20000040FFF71BBA00270EE600271CE50027ED
:106E3000C0E6002795E7002752E5C5E90088C5E9C7
:106E4000028800231F46BFE5002785E4C5E90088C6
:106E5000C5E9028800231F462DE4C5E90088C5E97D
:106E6000028800231F46E3E6002721E70DF1EA032D
:106E70004FF0FF0807932946484685F80080013700
:106E800001F0B4FE3AA9484601F088FE0DF1E9018F
:106E9000484601F083FE0799484601F07FFE2368CB
:106EA0000121F3B15A6B18689047D0B120681DA931
:106EB0002B4620AA466A0068B0479DF880202368C8
:106EC00062712A78A2719DF8742022719A6A1868FA
:106ED00090472368DA6A186890474FF00103E3711E
:106EE000C9E74FEA571A00230AF1010AE3714FEA92
:106EF0008A0AFAE64FF0040850E7C5E90080C5E9C0
:106F00000200FFF7BABB2A4620A9D8F8247023460E
:106F1000D8F80000B8479DF880300027D8F8000066
:106F200063F307072B7863F30F27237863F317477F
:106F3000012363F31F67D8F828309847D8F82C301E
:106F4000D8F8000098470023C5E90087C5E9023357
:106F500050E62A4620A9D8F824702346D8F8000025
:106F6000B8479DF880300027D8F8000063F3070782
:106F70002B7863F30F27237863F31747012363F319
:106F80001F67D8F828309847D8F82C30D8F8000078
:106F900098470023C5E90087C5E90233F6E41448A1
:106FA000059100F045FF602205990546384621F01D
:106FB0003BF8384602F0D4FB05993846CDF8C89125
:106FC0008DF8C4110B4902F0CDFE4146384603F05E
:106FD00055FB0949384602F0C5FE3B4640F2C9124E
:106FE000FFF756BA04AD002050AE0020DC77032036
:106FF000D84D0020384E0020D05F002070B50446E8
:107000008CB015460E461A466846214608F02CFFFD
:10701000049685EAE572DDE90001A2EBE5720290D3
:10702000ADF80C10CDE905220A0C8DF80E20DDE933
:1070300002010B0C0A90ADF82C108DF82E30A37DB8
:10704000012B18D00023ADF8203007932368002DC2
:10705000284A4FF000001B6BACBF03216FF0020108
:107060000990934220468DF8221004A93ED1FEF7E4
:1070700015FE0CB070BD204A0DF11F0E13780133C0
:1070800003F0070113F0020F11704FEAC312D2B2DE
:1070900042F0400118BF0A4613F0040F07AB42F05C
:1070A000200118BF0A461032D1B21A7B3AB9DA7001
:1070B0001A7001337345C9D01A7B002AF7D04FF4F8
:1070C0008070B0FBF2F2D2B2501CC0B200FB011CC7
:1070D0004FEA2C2CBCF1000F01D00CF1FF3C002832
:1070E00018BF104683F800C0D870E2E798470CB08C
:1070F00070BD00BF452A01003F84032070B50446DF
:107100008CB00E46154668461A46214608F0ACFE7D
:10711000A27D0496012ADDE90001CDE90555029022
:107120004FEA1140ADF80C108DF80E00DDE90201B8
:107130004FEA11430A90ADF82C108DF82E3012D082
:107140000023ADF82030079322680023224920460F
:10715000126B8DF822308A42099304A938D1FEF7C8
:107160009DFD0CB070BD1D4B0DF11F0C4FF4807ECA
:1071700019780131CA0101F0070011F0020FD2B2F3
:10718000187007AB42F0400018BF024611F0040F20
:1071900042F0200118BF0A461032D1B21A7B3AB928
:1071A000DA701A7001339C45CED01A7B002AF7D0D2
:1071B000BEFBF2F2D2B2501CC0B200FB01152D1280
:1071C00005B1013D002818BF10461D70D870E9E7D1
:1071D00090470CB070BD00BF452A01003F840320DA
:1071E0002DE9F04104468CB0884603F0D1FA03F053
:1071F0008FFB2368594A5B6A934263D1A37D0422C3
:1072000002A904A8029302F055FA049D94F83430C0
:10721000002B3FD0A768D4E900365A683146504B5E
:107220009A4258D142466846214608F01DFEA27D8A
:107230000496012ADDE90001ADF80C104FEA114176
:1072400002908DF80E10DDE902014FEA11430A9019
:10725000ADF82C108DF82E3087EAE773A3EBE773B7
:10726000CDE905333DD00023ADF820300793002F42
:1072700023683C4A4FF00001ACBF03206FF00200CE
:107280008DF8220020461B6B099104A9934262D11C
:10729000FEF704FD2368344A9B6A934217D1042207
:1072A00002A904A8029502F005FA049BA37503F055
:1072B0006FFA03F0ADFB03F06BFA0CB0BDE8F041E0
:1072C00003F066BBA1682046984705469EE729461D
:1072D00020469847EBE7164643463A462046B047D5
:1072E000D8E722490DF11F0C0B780133DA0103F0C6
:1072F000070013F0020FD2B2087042F0400118BF2D
:107300000A4613F0040F07AB42F0200118BF0A46EB
:107310001032D1B21A7B3AB9DA701A7001339C4537
:10732000A5D01A7B002AF7D04FF48070B0FBF2F2A0
:10733000D2B2501CC0B200FB011E4FEA2E2EBEF18D
:10734000000F01D00EF1FF3E002818BF104683F851
:1073500000E0D870E2E798479CE700BF6595000021
:10736000A53D0100452A0100819500003F840320CE
:107370002DE9F04104468CB0884603F009FA03F089
:10738000C7FA2368594A5B6A934263D1A37D0422FA
:1073900002A904A8029302F08DF9049D94F83430F8
:1073A000002B3FD0A768D4E900365A683146504BCD
:1073B0009A4258D142466846214608F055FDA27DC2
:1073C0000496012ADDE90001ADF80C104FEA1141E5
:1073D00002908DF80E10DDE902014FEA11430A9088
:1073E000ADF82C108DF82E3087EAE773A3EBE77326
:1073F000CDE905333DD00023ADF820300793002FB1
:1074000023683C4A4FF00001ACBF03206FF002003C
:107410008DF8220020461B6B099104A9934262D18A
:10742000FEF73CFC2368344A9B6A934217D104223E
:1074300002A904A8029502F03DF9049BA37503F08C
:10744000A7F903F0E5FA03F0A3F90CB0BDE8F041A9
:1074500003F09EBAA1682046984705469EE7294654
:1074600020469847EBE7164643463A462046B04743
:10747000D8E722490DF11F0C0B780133DA0103F034
:10748000070013F0020FD2B2087042F0400118BF9B
:107490000A4613F0040F07AB42F0200118BF0A465A
:1074A0001032D1B21A7B3AB9DA701A7001339C45A6
:1074B000A5D01A7B002AF7D04FF48070B0FBF2F20F
:1074C000D2B2501CC0B200FB011E4FEA2E2EBEF1FC
:1074D000000F01D00EF1FF3E002818BF104683F8C0
:1074E00000E0D870E2E798479CE700BF6595000090
:1074F000A53D0100452A0100819500003F8403203D
:10750000014BFA221A607047B46B0320024B82B021
:10751000186802B0704700BFB86B0320024B4FF0F1
:107520000F321A60704700BFB86B032010B49DF88B
:107530000800049C00FB02229DF80C0000FB0333B2
:10754000C2F307229DF80400C3F3072300FB0111D7
:1075500093421846C1F3072128BF1046884228BF2E
:107560000846091A121A1B1A217005990A70DDE9DA
:1075700006120B70107010BC704700BF01700372D0
:1075800063B19200074B0232A3FB0212520802FBC6
:1075900003F3B3F1553F88BF013292B202EB4202CE
:1075A00042607047ABAAAAAA70B51E46044682B0D4
:1075B000D1E903359C46284608E001EB50011CF850
:1075C00021E00CEB8101964515D3400820F0010124
:1075D0000028F2D143B305EB450503EB85018C454B
:1075E00003D09CF8003093420CD000232046C4E91D
:1075F000003302B070BD00F1FF3E01F10C0CAEEBA8
:107600005000E3E7DCE9013526B9C4E9003520463E
:1076100002B070BD18462A460021019302F04EF8D0
:10762000019BC4E90035F2E7BCF1000FD9D1DCE7DA
:1076300090F87130012B1ED0012310B5044682B0A2
:107640000C3084F8713001F0F9FA04F1300004F1E3
:107650005001019001F0E0FC019801F0EFFAA268FE
:1076600012B9012002B010BD0021206802F026F8F6
:10767000012002B010BD0020704700BF303001F083
:107680008DBA00BF90F87130022B00F0E480436D9A
:1076900002222DE9F04F446B85B0066B9C4280F8C6
:1076A000712000F0BE800123002E04EB440105464A
:1076B00080F8703006EB810108BF00218E4200F097
:1076C000CC80334600275A680C33974238BF1746A0
:1076D0008B42F8D107FB04F4AB68A34217D22868A9
:1076E00000232B6008B101F043F90121204601F08D
:1076F0001FF90422009069460DEB020001F0DAFF49
:10770000019B28682B6008B101F032F92E6BAC6048
:10771000002E6FD06B6BB646B0464FF0000903EBFE
:107720004303CA460EEB8303984563D0E9682E688D
:107730008C46286998F800404E44024608E003EB66
:1077400052031CF823B00CEB8303A34556D3520815
:1077500022F00103002AF2D100295DD000EB4000A5
:1077600001EB8000604503D09CF80030A34255D067
:10777000ACEB01013A4B01AA05F10C0089108DF820
:10778000044003FB01F1CDE902AA01F03BFBD5E97E
:1077900003131A468C4608E000EB52001CF820E068
:1077A0000CEB8000A64530D3520822F00100002ADD
:1077B000F2D103EB430301EB8303914208BF0B4675
:1077C000634504D09CF80020A24218BF9C460CF1EF
:1077D000040CD5F830E0B94408F10C08CCE9006796
:1077E000BEF1000FA3D06B6B03EB43030EEB8303DF
:1077F00098459BD1012005B0BDE8F08F02F1FF3B19
:1078000003F10C0CABEB5202A2E702F1FF3E00F1D8
:107810000C0CAEEB5202C8E70846A3E70CF1040CCF
:10782000D9E7B4B13246036D002117781D78AF4215
:107830007FF439AF57685D68AF427FF434AF177A91
:107840001D7AAF427FF42FAF01310C320C338C42E2
:10785000EBD1002328E70020704700273C4656E77D
:10786000ABAAAAAA00B5D0E90C3E0020002B0EEB73
:107870004E0C03EB8C0C08BF4FF0000C634506D098
:1078800059680C33884238BF08466345F8D100FB7D
:107890000EF000BD10B51C464FF0000CD0E90C03F3
:1078A000002803EB430E0B6000EB8E0E08BF4FF079
:1078B000000E704506D043680C309C4538BF9C468E
:1078C0007045F8D1C2F800C00A680CFB02F22260D1
:1078D00010BD00BF9DF8000000FB01119DF80400E1
:1078E00000FB02229DF80800091200FB033312126C
:1078F000DDE9030CC3F3072301708CF80020059A1F
:10790000069913709CF800200078934228BF134614
:10791000834228BF03460B70704700BF10B49DF828
:107920000400049C00FB01119DF8080000FB0222EA
:107930009DF80C00091200FB033312120598217008
:107940001B1202700021DDE906020370117010BCE9
:10795000704700BF10B49DF8080000FB02229DF89C
:107960000C0000FB0333C2F307229DF80400C3F3AD
:10797000072300FB0111079893429C46C1F307219E
:1079800028BF94468C4528BF8C46BCF1540F11D8B3
:10799000A1EB0C01A2EB0C02A3EB0C030CEB4C0CC7
:1079A000049C217005990A70069A137080F800C033
:1079B00010BC70475439543A543B4FF0FF0CEFE77A
:1079C0002DE9F04FDFF858E09B469DF82440DEF8A3
:1079D00000C09DF828509DF82C60DDE90C78DDE9A9
:1079E0000E9ABCF1000F10D0DCF800E0BEF1000FE1
:1079F00010D05B46F4460994CDE90E9ACDE90C7897
:107A0000CDE90A56BDE8F04F6047044BC3F800C00B
:107A1000CEF80030DFF80CE0EBE700BFB0760320D3
:107A2000AC760320D54201002DE9F04F1C46274BD0
:107A300099B00E461F7815469DF888A09DF88C8059
:107A40009DF8909007B308FB0555259A09FB04445F
:107A5000C5F307250AFB0666C4F307242B46C6F3C5
:107A60000726A54228BF2346B34228BF3346F61A4D
:107A7000ED1AE41A1670269A1570279A1470289A2F
:107A8000137019B0BDE8F08F012211481A7000F090
:107A9000CFF9602239468346684620F0C5FA684629
:107AA00001F05EFE0A230B49684617938DF8587063
:107AB00002F058F938466B46594640F2092200F068
:107AC00077F9684600F05AFFBDE700BF4384032002
:107AD00094600020EC6000202DE9F04F1C46274BFD
:107AE00099B00E461F7815469DF888A09DF88C80A9
:107AF0009DF8909007B308FB0555259A09FB0444AF
:107B0000C5F307250AFB0666C4F307242B46C6F314
:107B10000726A54228BF2346B34228BF3346F61A9C
:107B2000ED1AE41A1670269A1570279A1470289A7E
:107B3000137019B0BDE8F08F012211481A7000F0DF
:107B400077F9602239468346684620F06DFA684628
:107B500001F006FE0A230B49684617938DF858700A
:107B600002F000F938466B4659464FF4057200F0B2
:107B70001FF9684600F002FFBDE700BF45840320FF
:107B800094600020A861002000B59DF804C003287F
:107B900019D8DFE800F0130F050260469C46034643
:107BA0000298017003990A70049A82F800C0059A3D
:107BB000137000BD104662468446F1E708466146F0
:107BC00094460246ECE79C460023E9E730B5C0F353
:107BD000021585B000F007009DF820E00DF1080CBB
:107BE0008DF8041000218DF806300DEB05039DF88B
:107BF000244083F808E00DEB00038DF805200A46C9
:107C00001C72CBB202F11004013102F1010E9D424F
:107C10006C4407D0984205D014F80C3C5FFA8EF201
:107C20008CF8003005290CF1010CEAD19DF80830E0
:107C30000A9A0C9913709DF809300B9A13709DF8ED
:107C40000A309DF80B200B700D999DF80C300A70CE
:107C50000E9A137005B030BD2DE9F04FDFF864E0E7
:107C60009DF82490DEF800C09DF828A09DF82CB067
:107C7000109CDDE90C85DDE90E67BCF1000F10D02A
:107C8000DCF800E0BEF1000F10D0F446CDE90F742F
:107C9000CDE90D56CDE90BB8CDE9099ABDE8F04F15
:107CA0006047074BC3F800C0CEF80030002388F8C7
:107CB00000302B7033703B702370BDE8F08F00BF35
:107CC000B8760320B4760320194B30B51C7899B0F0
:107CD00064B100231F9A1370209A1370219A1370B5
:107CE000229A1370239A137019B030BD01221148E3
:107CF0001A7000F09DF8602221460546684620F083
:107D000093F9684601F02CFD0A230B496846179346
:107D10008DF8584002F026F820466B4629464FF46D
:107D2000BB7200F045F8684600F028FED1E700BFBE
:107D30004484032068620020C4620020194B30B5DF
:107D40001C7899B064B100231F9A1370209A1370A5
:107D5000219A1370229A1370239A137019B030BDB0
:107D6000012211481A7000F063F86022214605468E
:107D7000684620F059F9684601F0F2FC0A230B49E5
:107D8000684617938DF8584001F0ECFF20466B468B
:107D900029464FF4C27200F00BF8684600F0EEFD81
:107DA000D1E700BF468403206862002044630020BE
:107DB000F0B50D4697B016461C4678B301282BD176
:107DC000174F2146684602F017FC0021204600F0BC
:107DD00005FE1DB12946204601F0C4FF1149204689
:107DE00001F0C0FF3146204601F0CCFF3946204665
:107DF00001F0B8FF684602F041FB18B10146204689
:107E000001F0B0FF204602F039FB01F043FC684668
:107E100000F0B4FD17B0F0BD034FD2E7034FD0E739
:107E2000AC630020705F0020B8630020A0630020D6
:107E300000B50178864621B3034673294FF0000C44
:107E4000184613F8012F0BD02F2901D05C2900D13F
:107E5000844682B11146184613F8012F7329F3D1D5
:107E6000722AF6D159786329F4D199782F2901D053
:107E70005C29EFD100BDBCF1000F02D00CF1010074
:107E800000BD704600BD00BF4B6810B454689C42F2
:107E900028BF1C46002C10DD0B68116804EB030C96
:107EA0005A1E02390CF1FF3C12F8013F20336245A3
:107EB00030F8133021F8023FF6D110BC704700BFF4
:107EC000704700BF03685B68184700BF034B10B5DD
:107ED0000446036001F016FC204610BD60A8002097
:107EE00000B583B040224FF4107101901AF060FB8E
:107EF000019803B000BD00BF054B10B504460360F8
:107F000001F000FC204601F0D3FB204610BD00BF6D
:107F100060A8002090F8803203B9704700B585B0A2
:107F200000F1400C042203A9019002A8CDF80CC076
:107F300001F0C0FB02980268126890470022019B82
:107F400083F8802205B000BD00EB002300EB032086
:107F5000704700BF01807047704700BF53682DE92C
:107F6000F0414D6882B09D4228BF1D46002D27DD9F
:107F70000F6816468046BA1EC7F1020702EB450598
:107F8000BC1832F8020FFFF7E7FFC0F30F235FFAC8
:107F900080FE01A808EB430CFF2BBCF8401007D073
:107FA000BCF842305B1A0EFB03F301EB232189B2CC
:107FB000FFF7D0FFBDF80410336895421953DFD1A5
:107FC00002B0BDE8F08100BF89B2081AB0FA80F0B3
:107FD00040097047704700BF536870B54D689D42B7
:107FE00028BF1D46002D20DD0968064614680239A9
:107FF000023C01EB450531F8020FFFF7ADFF5FFAD8
:1080000080FCC0F30F2006EB4002FF28B2F840309E
:1080100007D0B2F84220D21A0CFB02F203EB222363
:108020009BB2A94224F8023FE5D170BD02464068E8
:1080300078B18368013B83605BB943684BB90368DF
:1080400000B583B0DB6801929847019A104603B0EF
:1080500000BD1046704700BFBEEEC40A80ED000AA6
:10806000704700BFB0F5803F034601D3030C1031C9
:1080700013F47F4F01F1080014BF1B0A084613F0E8
:10808000F00F00F1040101D01B09F1E713F00C0F10
:1080900000F1020101D09B08EAE79B0748BF0130CD
:1080A000704700BFDFED047A20EE270ABCEEC00A5D
:1080B00010EE103A03807047000080452DE9F04F24
:1080C000834685B0804B00275E4603A8CBF800307E
:1080D000012426F8407FFFF7BFFFDDF80C90CDF8B4
:1080E00004B0B9FA89F84FEA5818CCE0BAF1807FA9
:1080F00000F0D380B8F1000F40F0CF80734B5344B1
:10810000022B40F2CA804146FFF7ACFF1728A0F1CE
:10811000180240F3C5802AFA02F000F17F406C4B50
:10812000C1176C4D80FB033C1B0E43EA0C234FEA46
:108130002C6C5B19A5F188754CF1000E03FB01FC5A
:10814000A5F5407500FB0ECCA3FB003EF4441B0ECE
:1081500043EA0C234FEA2C6C5B1905F109756CF1AD
:10816000000E03FB01FC05F5746500FB0ECCA3FBC0
:10817000003EF4441B0E43EA0C234FEA2C6C5B19BF
:108180004CF1000C03FB01F100FB0C11A3FB0030D0
:1081900001441B0E43EA012303EB026383FB093214
:1081A0001B0E43EA0223B3F1E06F4FEA23627EDA4B
:1081B00012F1180F6FDB002A23F07F437EDB4FF0B4
:1081C000807090404FF45132434DD917DFF814A11D
:1081D00083FB022B4FEAE07C120E42EA0B224FEAAD
:1081E0002B6B52193D4D4BF1000B02FB01FE03FBC3
:1081F0000BEEA2FB032BF344120E42EA0B224FEAD2
:108200002B6B12EB0A0202FB01FE4BF1000BA2FBEF
:10821000032A03FB0BEE120ED64442EA0E224FEA6B
:108220002E6E52194EF1000E02FB01F103FB0E11EE
:10823000A2FB03231944130E43EA0123091613F189
:10824000807303FB0CF241F1000100FB0122A3FB50
:1082500000300244180E40EA02204FF6FF724FF43D
:1082600000033946FFF7B6FE01340236E0FB023167
:108270001B0E43EA0123B3F5803F28BF1346B4F534
:10828000807F338016D016492046FFF75DFEB0F19F
:10829000000A3FF72BAF0020DFE74FF08070DCE7EC
:1082A000C0F118000AFA00F000F17F4037E76FF0E4
:1082B0000040D2E7019805B0BDE8F08F52424FF080
:1082C000807010417EE700BF08A60020020000FF7A
:1082D00000B6E4FF000D5D0000A90D004073B10081
:1082E00001010100009F3D00B5EEC00A70B5F1EE3E
:1082F00010FA04462DED028B86B000F1B6809FED9A
:10830000948AB4EEC80AF1EE10FA38FE008AB0EE94
:10831000480A03A8FFF7C6FE42F6CC41BDF80C00A0
:10832000FFF752FE002848D08A4B8B4D1A68D107C0
:1083300040F1D080686818B14368002B40F0988005
:1083400000224FF430714020C4E9002201F0ACF962
:10835000012100220090416080F8802200F140025B
:1083600081607E49016005A9059204A8042201F0FC
:10837000A1F9049B7A494FF4007218461E4640F852
:10838000401B78491AF072F84FF00102009B6868B0
:1083900083F8802248B18268013A82602AB9426833
:1083A0001AB90268D2689047009B9A680132C5E901
:1083B00000639A60C4E9006352E06B4B6B4D1A682E
:1083C000D20775D56A4B1B78002B00F08180694B72
:1083D000BDF80C0019881E46FFF7F6FD002840F096
:1083E00089804FF43071402001F05EF9012205A927
:1083F000019042608260594A0260002280F8802227
:1084000000F1400204A80592042201F053F9049AF5
:10841000B0EE480A10460092FFF750FE4FF00102FE
:10842000019BBDF80C10686883F880223180009AA7
:1084300060B181680139816041B9416831B9016831
:10844000CDE90032C9688847DDE900329968013119
:10845000C5E9002399600121C4E90023444B197048
:10846000204606B0BDEC028B70BD9FED438A4EE7FF
:108470004368002B3FF464AF43682A6801334360CC
:10848000C4E90020002AEBD101F046F900283FF4AE
:1084900057AF606803689B68984760688368013BD2
:1084A0008360002B7FF44CAF0368DB68984747E795
:1084B00000200021314AC5E9000101212846196048
:1084C0002F491BF0F7FB2A4B1B78002B7FF47FAF63
:1084D000284E86E700200021284AC5E90001012135
:1084E0002846196026491BF0E5FB686800287FF4E0
:1084F00023AF25E76B68002B3FF473AF5A68002A5F
:108500003FF46FAF5A68002A3FF46BAF5A680132EC
:108510005A602A6812B1C4E90023A1E71846009303
:1085200001F0FAF8009B00283FF45BAF1A68184688
:10853000009392689047009B9A68013A9A60002ADB
:108540007FF44FAF1A681846D368984749E700BFD1
:10855000FAFE7F41508402206883022060A8002038
:1085600008A60020800400204C84022060830220A2
:1085700048840320C87503200000000054450120F2
:10858000D54D01000023044A03604260C0E9023374
:10859000C0E90433704700BF000080BF10B5044637
:1085A000406910B101F0B8F890B9E06870B101F01D
:1085B000B3F858B1E06803689B689847E06883683F
:1085C000013B836013B90368DB689847204610BD00
:1085D000606903689B68984760698368013B8360B2
:1085E000002BE2D10368DB689847DEE7006970473B
:1085F00038B503780446032B41D8DFE803F0291986
:1086000010021088B4F802C00B88E2680CFB00333B
:10861000926832F81300A38A184480B238BDA56866
:108620001388088862883DB31946A388A847F2E7F3
:108630001088A2880B88B4F802C0B0FBF2F102FBEC
:108640001100B3FBFCF20CFB123310FB0C30E2E721
:1086500060880B881288B3FBF0F100FB1133A1880E
:10866000B2FBF1FC01FB1C2291B2D20744BF0131E5
:10867000DB4310FB0130CEE713FB0200CBE7002009
:1086800038BD00BF40887047808870470020704721
:10869000014B08461B681847D0C10020401AB0FAA9
:1086A00080F04009704700BF704700BF704700BFAF
:1086B000704700BF704700BF704700BF704700BFE2
:1086C00010B40023D1E90042C1E9003304604260E4
:1086D00010BC70470B680360704700BF034603C9B6
:1086E00083E80300704700BF704700BF03685B6802
:1086F000184700BF00B583B001901EF015FB01982C
:1087000003B000BD0A4B084600B583B01B68019159
:1087100098470199034641B138B10A46B0FA80F151
:10872000019049091FF080FC019B184603B000BD71
:10873000CCC1002000B583B00421019019F036FFB0
:10874000019803B000BD00BF00B583B004210190C3
:1087500019F02CFF019803B000BD00BF10B582B026
:1087600008461946144601931EF0C8FD034610B191
:108770000199A14202D8184602B010BD0A1B20443C
:10878000002101931FF050FC019B184602B010BD60
:10879000037E03B9704700B5034683B0C0680193F8
:1087A0001EF0C2FA0022019B1A7603B000BD00BF82
:1087B00028B14368013302D04368013343607047F6
:1087C0001EF0AABA1EF0B0BAF0B50D46012783B06C
:1087D00006461C201EF0A0FAEA190C4B044647601E
:1087E00003608760104601921EF096FA019A0346D4
:1087F0002776626104F10C02C4E90305C6E900248E
:10880000304600225A5503B0F0BD00BF90A80020AA
:108810000C4B084600B583B01B680191984701993D
:10882000034601B110B9184603B000BD0A46B0FABC
:1088300080F1019049091FF0F7FB019B184603B036
:1088400000BD00BFCCC100202DE9F041064682B03A
:108850001C20154688461EF05FFA01236A1C074655
:1088600004464360836010460D4B019247F80C3B71
:108870001EF052FA019A0346E060C4E904522DB199
:1088800041462A46019019F0F1FD019B0022304635
:108890005A550123C6E90074237602B0BDE8F08181
:1088A00090A80020D1E900132BB15A68013202D000
:1088B0005A6801325A60027A22B90122C0E90013D3
:1088C00002727047DFF824C0013A00B585B05CF849
:1088D0002220CDE902130190904701980122DDE9A1
:1088E00002130272C0E9001305B000BD90AE002073
:1088F0004368CBB15A68013216D05A68013A5A60BF
:1089000092B9196800B583B0019018468B689847F2
:10891000019A50688368013B836033B90368DB6860
:1089200003B05DF804EB1847704703B000BD00BF0B
:108930000E4B10B582B01B6804460191984701990F
:10894000034600280CBF002101F0010119B1B4FA5F
:1089500084F1490914B9184602B010BD22460190AD
:108960001FF062FB019B184602B010BDCCC1002075
:10897000014B1B68184700BFD0C10020027D034691
:1089800002B970470649013A0C3051F8222000B56F
:1089900083B001939047019B184603B000BD00BF10
:1089A00090AE0020027D12B9036818447047013A66
:1089B000002300B5022A83B0CDE9000302DD18468A
:1089C00003B000BD044B69460C3053F82230984781
:1089D000019803B000BD00BFA8AE002003460020F0
:1089E00000B51A7D83B09860901E01280ED80D49FD
:1089F000013A03F10C00019351F822209047019BAA
:108A0000002219681A755A5403B000BD012A01D119
:108A10000029ECD11846FFF7C5FF0023037003B00F
:108A200000BD00BF90AE00202DE9F0411746C2689E
:108A300090B00446402A0E4604D8002A2DD110B02A
:108A4000BDE8F0810069114603689B689847E268B9
:108A5000054652B9002DF2D02946D4E90320036817
:108A6000DB68984710B0BDE8F081314619F0FEFC94
:108A7000E268002AEED04FF001083046394619F07E
:108A8000F5FCE2681AB13846294619F0EFFCB8F156
:108A9000000FD4D0002DDFD1D1E7684619F0E6FCF5
:108AA000E268002ACBD06D464FF00008E5E700BF32
:108AB000C36970B50D4682B0044601681BB1836975
:108AC0000344994203D011B16369002B37D0E168A8
:108AD00005FB01F100292BD0206903689B689847AA
:108AE000034628B3626882B12168F9B1D4F814C092
:108AF000BCF1000F35D0DCF8143001909847626962
:108B00006168926920689047019BE26921688AB98F
:108B100061B1D4F80CC02069A268019302FB0CF289
:108B2000D0F800C0DCF80C309847019B2360A560AA
:108B300002B070BDA26922449142E9D1F6E7D4E9BE
:108B40000330A268D0F800C003FB02F205FB03F378
:108B5000CBB1DCF81060B0470028B8D02060A56029
:108B6000E6E7D4F80CC00CFB02F23AB9E269002A3D
:108B7000D1D0A26922449142CDD1D7E7019019F01A
:108B800075FC019BC1E7DCF80C3098479FE700BFFC
:108B900083688B4200D37047FFF78ABF38B54368BC
:108BA0000D4682680446591C914209D902EB4202E3
:108BB0005208914238BF1146FFF77AFFD4E90132DB
:108BC00093420BD2E2682068616903FB020031B175
:108BD0000B682946984763680133636038BD002AF3
:108BE000FAD0294619F042FC6368F5E738B54368C6
:108BF0000D4682680446591C914209D902EB420293
:108C00005208914238BF1146FFF752FFD4E90132B2
:108C100093420BD2E2682068616903FB020031B124
:108C20004B682946984763680133636038BD002A62
:108C3000FAD0294619F01AFC6368F5E70346006884
:108C400068B1596859B15A694AB1926900B583B09F
:108C500001939047019B00225A6003B000BD00229F
:108C60005A607047002A3BD02DE9F84343680D460F
:108C70008B4233D956185F1A90460446B342416975
:108C80002FD251B3B8464FF000097E192F4600E0AD
:108C90006169E06823688A6800FB07300137904704
:108CA000BE42F5D1B9F1000F14D04F462F442368CE
:108CB000E068626900FB063605FB00305368314608
:108CC000013598476369304608EB05069B6898476D
:108CD000AF42ECD16568A5EB08056560BDE8F88397
:108CE0007047A7EB02090029D0D1B9F1000F03D0DA
:108CF000C06800FB09F212B9A3EB0805EDE7236891
:108D000000FB063100FB05301FF0FCF8E2E700BF76
:108D100043688B4200D870470122FFF7A3BF00BF12
:108D20002DE9F041D0E901630F460446711C9046DD
:108D3000994240D835469D423BD2BE42E2686369C3
:108D400028BF3E4621681046002B3FD0AE4228D2B5
:108D500002FB05F05B68821A084411449847656875
:108D6000013DB54213D92268E068636900FB052024
:108D70009B689847E368216805FB03F06269013D41
:108D8000C31A5268084419449047B542EBD8236887
:108D9000E06800FB063063699B6898476369216857
:108DA000E06800FB06101B68414698476368013382
:108DB0006360BDE8F08103EB43035B08994238BF71
:108DC0001946FFF775FED4E90153B4E7AE4202FB42
:108DD000061303D2AD1B02FB05F535B9002AE5D019
:108DE0004146184619F042FBE0E702FB06202A46FE
:108DF000084419461FF086F8E268236802FB063330
:108E0000ECE700BF2DE9F041D0E901630F460446CD
:108E1000711C9046994240D835469D423BD2BE4295
:108E2000E268636928BF3E4621681046002B3FD0A8
:108E3000AE4228D202FB05F05B68821A0844114456
:108E400098476568013DB54213D92268E0686369B7
:108E500000FB05209B689847E368216805FB03F049
:108E60006269013DC31A5268084419449047B542EB
:108E7000EBD82368E06800FB063063699B6898477D
:108E800063692168E06800FB06105B68414698470B
:108E9000636801336360BDE8F08103EB43035B0863
:108EA000994238BF1946FFF703FED4E90153B4E7EE
:108EB000AE4202FB061303D2AD1B02FB05F535B92A
:108EC000002AE5D04146184619F0D0FAE0E702FB47
:108ED00006202A46084419461FF014F8E268236861
:108EE00002FB0633ECE700BFF8B545688D4212D0AF
:108EF00004460E4610D9436963B10D4600E063692C
:108F0000E06822689B6800FB05200135984763688C
:108F1000AB42F4D86660F8BD81688E4214D86169AE
:108F2000F9B1C968E9B1AE42F4D9771E01E06369CD
:108F3000D968E068236800FB05308847AF4205F137
:108F40000105F4D16660E6E701EB41014908B14251
:108F500038BF3146FFF7ACFDA368B342DBD3656889
:108F6000DDE7E368721B03FB02F2002AD2D020681F
:108F700005FB03001FF058F8CCE700BF2DE9F041D6
:108F800045688D4213D0044617460E4611D94369F1
:108F900063B10D4600E06369E06822689B6800FBEE
:108FA0000520013598476368AB42F4D86660BDE898
:108FB000F08181688E4213D86369F3B1AE4201D863
:108FC000F4E76369E068394622681B6800FB052006
:108FD0009847731EAB4205F10105F2D16660E6E7E2
:108FE00001EB41014908B14238BF3146FFF760FD4E
:108FF000A368B342DBD36568DEE7AE42D6D9E36847
:109000001A462BB12068394605FB030019F02EFAE9
:109010000135AE42F3D1C9E72DE9F0410D46C169F2
:109020000446EE69E1B92A6886B921682260A3681E
:109030002960D5E90102A2606268AB6023696060C3
:109040006A602A6922612B61BDE8F081AB692B441B
:109050009A42EAD1324623460E462C4611461D4618
:10906000A269236822449342DDD161682F680A46D1
:10907000CEB1A8692844B84233D08E42D5F80880D2
:1090800013D36369AE602860F3B15B6921689847C8
:109090006369D4E900019B69984762686868276042
:1090A000C4F80880CAE7D5F80880E06800FB01F141
:1090B00000296ED0286903689B68984762686369D5
:1090C0002860AA60002BE0D1002AE7D0E36802FB09
:1090D00003F3002BE2D01A46216819F0C7F9626841
:1090E000DCE76A6852EA010055D08A424FF0000678
:1090F00038BF0A46904612E0002A30D053683946FD
:109100009847E8682B6800FB063063699B689847BE
:10911000616801360A46464517D22F682368E86819
:10912000B142D4F80CC000FB067762690CFB063034
:10913000E2D96B68B3420AD922B3013613693946C2
:109140009847616846450A46E7D3686876E77AB18A
:109150005368014638469847E0682368D3E7BCF176
:10916000000FD6D03946624619F080F96168D0E721
:10917000BCF1000FCDD001466246384619F076F9B1
:109180006168C6E701463A462046FFF74DFC616834
:10919000BFE7084693E7024650E700BFF8B504462C
:1091A00000680E4628B1616819B163690BB19B690B
:1091B0009847002363607168B1B1A368994214D8DD
:1091C0006369F3B1002500E063693168E0682268F3
:1091D000F76800FB05201B6807FB05110135984760
:1091E00071688D42F0D36160F8BD2046FFF760FCE6
:1091F0007168A3688B42F7D3636913B10029E1D189
:10920000F1E7E26801FB02F2002AECD03168206845
:1092100019F02CF97168E6E70B46C96930B50446C8
:1092200083B0D3E900EC69B99A68C0F800E0C0E9FE
:1092300001C218690A4620611A60002299605A60CA
:1092400003B030BD9A691A44964505D0C0E900ECD8
:109250009868A0601869EEE78268944512D8626940
:10926000C2B155696246196820680193A847019BFD
:10927000D3F804C01A69C4F804C0226100225A60FD
:1092800003B030BD61460193FFF712FC019BD3F898
:1092900004C0E4E7BCF1000FECD0E26802FB0CF282
:1092A000002AE7D019682068019319F0DFF8019BC4
:1092B000D3F804C0DEE700BF884233D0026803461B
:1092C00030B50D4683B0F2B1416800292BD1C16998
:1092D00000293FD1186911460193D0F800C0D3E9A5
:1092E0000242DCF80C3004FB02F29847019B00229A
:1092F000D9691A609A6051B92946184603B0BDE889
:109300003040FFF789BFC16942600029F4D09869F5
:109310001844186018469960294603B0BDE83040EB
:10932000FFF77ABF7047406980B1019383691046A7
:109330009847019B0020D9691A68586079B19869EB
:1093400018449042E5D0002AC4D1E2E7D9695860B8
:109350000029BFD0986918448242BBD1D9E7002ABE
:10936000B8D1C9E70346006800282DD0596800B578
:1093700083B009B35A694AB3926901939047019B3C
:109380000021DA69186859601AB19A691A44904242
:109390000FD070B1D3F810C00193D3E9022101FBC3
:1093A00002F201466046DCF800C0DCF80C30984759
:1093B000019B184603B000BDDA69002AEAD09A6919
:1093C0001A449042E6D1F4E718467047D9695A60CA
:1093D0000029F4D1DEE700BFF0B5C70F0E4685B017
:1093E00001460A2A14BF002707F0010707B14142CE
:1093F0006C4691B3B1FBF2F002FB101E82BBBEF1D2
:10940000090F0DF1010C22DD0EF1570E63468DF8A8
:1094100000E0302203E00CF1010C1A706346A34215
:10942000F9D0181B1FB12D22013006F8012BA342E1
:1094300009D9324613F801EDA34202F801EBF9D144
:10944000ACEB03031E440023337005B0F0BD0EF1F6
:10945000300E63468DF800E0DBE7EC466B46D8E75C
:10946000EC466B460BE00CF1010C8A421D70014684
:10947000634619D8B0FBF2F502FB150E2846BEF183
:10948000090F0EF15705EEDC0EF1300E0CF1010C58
:109490008A4283F800E06346BBD80146B0FBF2F590
:1094A00002FB150E2846EAE76346B2E72DE9F04FC6
:1094B0001C46CB0F8FB00D460A2C14BF002303F0BF
:1094C000010307460492059313B1474261EB41053E
:1094D00057EA05030DF118083ED04FEAE47B224617
:1094E000384629465B461CF0FBF916460092B4BB91
:1094F000092A0DF119092ADD5732CA468DF81820BC
:10950000302204E009F101098AF80020CA46C24568
:10951000F8D0059BAAEB08002BB1049A2D2401304A
:1095200002F8014B0492C2450BD9049A1AF8013D86
:10953000C24502F8013BF9D1049AA9EB0A031A4487
:1095400004920023049A13700FB0BDE8F08F3032FC
:10955000CA468DF81820D3E7C146C246D0E7C146B7
:10956000C246019510E0A742019D09F101098AF860
:1095700000C075EB0B052BD31CF0B2F9CA4616469A
:109580000092DDE90273019322465B463846019959
:109590001CF0A6F9009D06F1570C2246092D5B46EA
:1095A000CDE90201DFDCA742019B09F1010906F1C7
:1095B000300673EB0B058AF80060CA46A0D35B4601
:1095C0001CF08EF916460092DDE902730193DBE789
:1095D000CA4695E770B584B00D466C4668B3B0FBDB
:1095E000F2F102FB110E5ABBBEF1090F0DF1010C95
:1095F0001DDD0EF1570E63468DF800E0302203E0CA
:109600000CF1010C1A706346A342F9D0A3EB0400DD
:1096100009D92A4613F801EDA34202F801EBF9D16A
:10962000EB1A03EB0C0500232B7004B070BD0EF198
:10963000300E63468DF800E0E0E7EC466B46DDE770
:10964000EC466B460BE00CF1010C82421E700846A2
:10965000634619D8B1FBF2F602FB161E3146BEF185
:10966000090F0EF15706EEDC0EF1300E0CF1010C75
:10967000824283F800E06346C0D80846B1FBF2F6A8
:1096800002FB161E3146EAE76346B7E703F0D0BB9C
:1096900003F0D4BB10B1034B1B7803B9704704F03F
:1096A0009FBE00BF3448012008461DF035BB00BFF7
:1096B0001DF03ABB02B9704718F0D8BE02B9704726
:1096C0001EF0B2BC1DF028BB1DF02EBB044B1A6867
:1096D000D20701D503487047012202481A6070473B
:1096E0004884022040450120044B1A68D20701D566
:1096F00003487047012202481A6070470484022020
:109700007C430120704700BF4368013302D04368A7
:1097100001334360704700BF4268013206D042689F
:10972000013A4260B2FA82F0400970470020704767
:1097300038B540220446002318200D4623751946EB
:1097400084E80D0020181EF06FFC35B128461FF08C
:1097500083FA0223C4E902052375204638BD00BF01
:1097600010B500210446182340228160C0E9003270
:10977000184421751EF058FC204610BD70B50446F3
:1097800082B008460E461FF067FA01301DF0C4FA99
:109790000546304625601FF05FFA431C0246C4E9C7
:1097A000010328B101903146284618F05FFE019A66
:1097B00000232046AB5402B070BD00BFF0B5561C6C
:1097C0000546144683B030460F461DF0A5FA034601
:1097D0002860C5E901462CB139462246019018F0AF
:1097E00045FE019B002228461A5503B0F0BD00BF7C
:1097F00010B583684C1C82B0D0F800C09C4205D8DC
:10980000002341600CF8013002B010BDCDE9000129
:10981000214660461DF072FD0021DDE90032C3E9FA
:1098200000029C60815402B010BD00BF0346406836
:10983000D8B14268013218D04268013A4260A2B9F8
:10984000026800B583B0926801939047019B586805
:109850008268013A82601AB90268D2689047019B17
:109860000022C3E9002203B000BD0022C3E90022A8
:10987000704700BF037D032B20D8DFE803F01B05F2
:109880000202C3681846704700B585B0D0E90323CB
:10989000CDE902232BB15968013102D05968013159
:1098A0005960136802A80193FFF7C0FF019B184697
:1098B00005B000BD0368034418467047004BE1E75C
:1098C000803D0020037A23B1024A013B52F8233045
:1098D0001847704790AE002010B5037D86B004464F
:1098E000012B03D104F10C0006B010BD1C201DF0AB
:1098F00013FA0346012122481A46019359609960E0
:1099000042F80C0B084600921DF006FA019B4FF03E
:10991000000C009A012180F800C0D86058681976C0
:1099200001309FED157BCDE90223CDE9042383EDC2
:10993000047B02D0596801315960217DA9B94FF0EB
:10994000010C0021002084F814C0CDE90401C4E911
:10995000032304A8FFF76AFF02A8FFF767FF237D30
:10996000012BBFD0002006B010BD04F10C00FFF7A2
:10997000A9FFDDE90423E2E7000000000100000088
:1099800090A800202DE9F04385681746037D8BB031
:10999000154404469A1E0091012A1FD8FFF76AFF5A
:1099A000A2680346691C60681646002B18BF002A8F
:1099B00014BF0122002281422AD8002A40F0CA8026
:1099C0002068002F65D1204400264655237D002BBA
:1099D0006CD1A56028460BB0BDE8F083012B00F0E8
:1099E000C0806B1C6268934266D820683FB1A36850
:1099F0003A4600991844204418F038FD2068204465
:109A00000023A5604355A56828460BB0BDE8F08348
:109A1000294608A8CDE90223FEF7D6FE089B09983F
:109A20000193069381460790FEF7C2FE08A8FFF750
:109A3000FDFEDDE90223002A40F0FB80019B484641
:109A4000CDE90839FEF7B4FE37B13A46DDE9001337
:109A50001868304418F00AFD08A8FFF7E7FE0199DE
:109A600048460022CDE90819FEF7A2FE0B6808A8B7
:109A70005A55FFF7DBFE04F10C0006A9FEF712FFB2
:109A800006A8A560FFF7D2FEA56828460BB0BDE882
:109A9000F08330443A4600990026204418F0E6FC52
:109AA000206820444655237D002B92D004F10C0001
:109AB000FFF708FF26758CE70DF120082946404680
:109AC000FEF782FE099A089B1046164607920193FC
:109AD0000693FEF76DFE4046FFF7A8FE019B304659
:109AE000CDE90836FEF764FEA2682AB12168019B21
:109AF0002144186818F0BAFC4046FFF797FE019B16
:109B00003046CDE90836FEF753FE3FB13A46DDE96F
:109B100000131868A368184418F0A8FC4046FFF723
:109B200085FE019930460022CDE90816FEF740FE79
:109B30000B6840465A55FFF779FE04F10C0006A960
:109B4000FEF7B0FE06A8A560FFF770FE28460BB032
:109B5000BDE8F083206819463246204418F086FCA0
:109B60002EE7FFF7B9FE4368002B73D05A68013225
:109B700070D05B68012B6DDD237D012B7FF431AF4D
:109B80000DF1200829464046FEF71EFE099A089B63
:109B900010460592019316460493FEF709FE4046CF
:109BA000FFF744FE2046FFF797FE019B0246304632
:109BB000CDE90636FEF7FCFD019BD2E900101B68DB
:109BC000CDE908100293FEF7F3FDA2681AB1096807
:109BD000029818F04BFC4046FFF728FE06A8FFF756
:109BE00025FE019B3046CDE90836FEF7E1FD3FB189
:109BF0003A46DDE900131868A368184418F036FCEB
:109C00004046FFF713FE019930460022CDE90816C1
:109C1000FEF7CEFD0B6840465A55FFF707FE04F1EC
:109C20000C0004A9FEF73EFE04A8A560FFF7FEFDA8
:109C3000D0E602934846019B3246CDE90839FEF74B
:109C4000B7FDDDE90131186818F010FC08A8FFF72E
:109C5000EDFDF3E620460DF12008FFF73DFE03463B
:109C600040681A68029309900892FEF7A1FD926875
:109C700040460192FFF7DAFD691C019A029B91426E
:109C800024D858681A68019309900892FEF790FD4D
:109C9000019B3FB110683A46A7680099384418F014
:109CA000E5FB019B40460093FFF7C0FD009BA560CC
:109CB0000021D3E90020CDE90820FEF779FD1368E3
:109CC00040465955FFF7B2FDA56883E61A68586803
:109CD00008920990FEF76CFD136840460193FFF768
:109CE000A5FD05EB4501029B490818680329844638
:109CF000586838BF0321DDE90062964206D3A268A6
:109D0000019E01323244009E96420DD36246019379
:109D1000CDE908C0FEF74CFD1046FFF769FD40464F
:109D2000FFF784FD019BACE7019AB61A6246CDE9C4
:109D300008C0FEF73DFD1046FFF75AFD4046FFF70D
:109D400075FD029B58681A68099001930892FEF706
:109D50002FFD1268404693190093FFF767FD019BA2
:109D60008FE700BF10B5044682B0084601911EF08F
:109D700073FF019902462046FFF704FE204602B019
:109D800010BD00BF30B591B004460D464022002101
:109D900068461EF049F9E26D69462846FFF71CFB4C
:109DA000694602462046FFF7EDFD11B030BD00BF09
:109DB00030B591B004460D464022002168461EF0A1
:109DC00033F9E26D69462846FFF704FC694602460E
:109DD0002046FFF7D7FD11B030BD00BF30B591B0C0
:109DE00004460D464022002168461EF01DF9E26D32
:109DF00069462846FFF7EEFB694602462046FFF714
:109E0000C1FD11B030BD00BF30B591B00D46044664
:109E10004022002168461EF007F90A236A46D5E968
:109E20000001FFF743FB694602462046FFF7AAFD03
:109E3000204611B030BD00BF30B5044687B008469B
:109E40000D461EF009FF034660685A1C217DA36081
:109E5000824209D8002963D120682946204407B0EE
:109E6000BDE8304018F002BB012931D01C201CF0A5
:109E700053FF034636480122294603F10C051860BA
:109E800000205A60187628469A600093FFF776FC07
:109E9000009B012259681A760131CDE90253CDE9C0
:109EA000045302D05A6801325A60227D002A40D100
:109EB0000122002000212275C4E90353CDE90401E9
:109EC00004A8FFF7B3FC02A8FFF7B0FC07B030BD51
:109ED0002046CDE90023FFF7FFFC4168DDE90023C0
:109EE00029B14868013002D049680129BEDC20460A
:109EF000CDE90023FFF7F0FCD0E90040CDE90440B4
:109F0000FEF756FCA168009A8A4205D8019B20689A
:109F1000B3B90022C254636004A8FFF787FCD5E7F9
:109F200004F10C000092FFF7CDFC0023009A23758A
:109F300092E704F10C00FFF7C5FCDDE90453B7E735
:109F40001A462946009318F091FA2068009BE0E732
:109F500090A8002038B540220446002318200D4662
:109F60002375194684E80D0020181EF05DF81DB118
:109F700029462046FFF760FF204638BD10B5D0E9DE
:109F8000002388B00C46002B55D05968013102D00F
:109F9000596801290EDCCDE906235968013102D048
:109FA000596801315960136806A86360FFF73EFCE9
:109FB00008B010BDCDE902235968013102D05968BB
:109FC00001315960236804A811689A680193FEF76B
:109FD0003BFC019BDDE90412CDE906122AB1506871
:109FE000013002D0506801305060187DD0B9002097
:109FF000C3E9031201220021CDE906011A7506A862
:10A00000FFF714FC04A8FFF711FC02A8FFF70EFCF1
:10A010002068FFF761FCD0E90023CDE90623002B7F
:10A02000BBD1C0E703F10C000193FFF74BFC019B90
:10A03000DDE90612DBE7CDE90623B4E72DE9F041BF
:10A04000561C86B01546826042680446037D9642DF
:10A050000AD8002B7BD12068002D43D12044002357
:10A06000435506B0BDE8F081012B4ED01C20019174
:10A070001CF052FE012203464260826003F10C078D
:10A080003E4A009302604FF00002027630461CF018
:10A0900043FE009B8046D860C3E9045645BB4FF0A1
:10A0A000010205701A765A680132CDE90273CDE9D2
:10A0B000047302D05A6801325A60237D002B52D1BA
:10A0C00001220023DDE904012275E06004A821617A
:10A0D000CDE90433FFF7AAFB02A8FFF7A7FB06B000
:10A0E000BDE8F0812A46204418F0C0F92068B5E7A1
:10A0F0002A460199009318F0B9F94FF00002009B2D
:10A1000008F805204FF00102CCE70091FFF7E4FBCF
:10A11000436800992BB15A68013202D05B68012B69
:10A12000A4DC20460091FFF7D7FBD0E90040CDE941
:10A130000440FEF73DFBA3689E4204D82068BDB9E9
:10A1400000234355656004A8FFF770FB89E70C30D6
:10A150000091FFF7B7FB0023009920682375002DBD
:10A160003FF47CAFBEE704F10C00FFF7ABFBA7E7C1
:10A170002A46009918F07AF92068E1E790A80020B3
:10A1800010B5044682B059B1084601911EF064FD35
:10A19000019902462046FFF751FF204602B010BD4C
:10A1A000037D81609A1E0191012A0CD8094A013B66
:10A1B0000C3052F8233098470199236820462175C6
:10A1C000E15402B010BDFEF7EDFB0199017020468D
:10A1D00002B010BD90AE0020F8B518230026402232
:10A1E0000C46C71803604260054686603146067516
:10A1F00038461DF019FFA268237DAA60FBB9013221
:10A2000005D1A260236800222846E254F8BD2168E7
:10A210003846214418F02AF9237DA660002BF1D09E
:10A2200004F10C07124A013B384652F82330984794
:10A2300000230022284623752368E254F8BD04F168
:10A240000C0705F10C0087420CD00A4A013B394645
:10A2500052F823309847237D2B752BB900232375A3
:10A26000A360CFE7A660DDE73846FFF72BFBF5E7F5
:10A2700090AE00209CAE002088424FD00B4630B5F7
:10A280000A7D83B004468968002A29D1007DA16037
:10A29000002836D19A68013214D100241A7D9C60BE
:10A2A00022B91A680021995403B030BD03F10C00A3
:10A2B0000093FFF707FB009B00211A681C75995457
:10A2C00003B030BD2068196820440093194400246D
:10A2D00018F0CCF8009B1A7D9C60002AE1D0E5E7DD
:10A2E00003F10C020C30A16082421546D5D0227DCC
:10A2F0001ABB1A7D9AB99A6000211A68995403B062
:10A3000030BD04F10C00CDE90023FFF7DBFA009A21
:10A31000019B22759A680132BFD0D3E770470E497E
:10A32000013A009351F8222029469047009B1A7D5C
:10A3300022755AB900221A75DDE7CDE90003FFF74F
:10A34000C1FA0022DDE900032275D2E72846FFF7B3
:10A35000B9FA009BEEE700BF9CAE002000B583B0C9
:10A360000190FFF789FF019803B000BD00000000D5
:10A3700070B5027D88B00346022A20D0032A01D09E
:10A3800008B070BDC168002964D00269406802F15C
:10A39000010C9A6084451BD81868002A4BD11A44D6
:10A3A000002111541A7D002AEAD003F10C00019318
:10A3B000FFF788FA019B0021197508B070BDC168CC
:10A3C000002947D0D0E9010202F1010C8445E3D90C
:10A3D0001C2001914FF00106CDE902231CF09CFCEA
:10A3E00004460120029A019904F10C056060A06006
:10A3F00021482060002020762846FFF7DFF920461C
:10A400002676CDE90454FEF7D3F9039B03F10C0043
:10A410000193FFF757FA019B06A81E759FED147B69
:10A42000C3E903548DED067BFFF700FA04A8FFF79C
:10A43000FDF908B070BD18440292019318F016F8A7
:10A44000019B0021029A18681A4411541A7D002AAF
:10A4500096D0AAE7996003F10C00CDE90131FFF72E
:10A4600031FA019B02991A681975995488E700BF5F
:10A47000000000000000000090A8002000B5037D4F
:10A4800085B00246032B22D0032B2FD8DFE803F040
:10A490001A060202D368184605B000BDD2E90313BC
:10A4A000CDE902132BB15A68013202D05A68013249
:10A4B0005A600B6802A80193FFF7B8F9019B184690
:10A4C00005B000BD13681344184605B000BDC3684D
:10A4D000002BE0D001690029DDD0595C0029DAD0D9
:10A4E0000190FFF745FF019A137DCDE7004BD2E7BE
:10A4F000803D002030B50B7D87B004468D68012B70
:10A5000050D06A1C43689A4213D8037D002B50D167
:10A5100008460092FFF7B2FF009A12B9A56007B093
:10A5200030BD23680146E01817F0A0FFA56007B012
:10A5300030BD0846FFF7A2FF00901C201CF0ECFB8A
:10A540000122034600994260826000F10C02254816
:10A55000019318600020009218761046FFF70EF95C
:10A56000019B4FF0010259681A760131009ACDE93A
:10A570000223CDE9042302D0596801315960217DBD
:10A5800041BB012104A8C4E9032300220023217553
:10A59000CDE90423FFF74AF902A8FFF747F9A560C0
:10A5A00007B030BD0C310C30FEF77CF9A56007B068
:10A5B00030BD0C30CDE90021FFF784F90023DDE93F
:10A5C0000021237508460092FFF758FF009A002AE1
:10A5D000A4D0A6E704F10C00FFF774F9DDE9042329
:10A5E000CFE700BF90A8002000B583B00190FFF72F
:10A5F00081FF019803B000BD38B540220446002316
:10A6000018200D462375194684E80D0020181DF00A
:10A610000BFD20462946FFF76DFF204638BD00BFE1
:10A6200030B58A6883B08468944202D0012003B0B8
:10A6300030BD0C460190FFF721FF05462046FFF78D
:10A640001DFF019B9A6842B1014628461DF018FC87
:10A65000003818BF012003B030BD104603B030BD34
:10A6600038B50D4604460846FFF708FFAA680146BC
:10A670002046FFF787F9204638BD00BF38B50D46A4
:10A6800004460846FFF7FAFEAA6801462046FFF78F
:10A6900079F9204638BD00BF30B58A6883B0846838
:10A6A000944202D0002003B030BD0C460190FFF769
:10A6B000E5FE05462046FFF7E1FE019B9A6842B1A0
:10A6C000014628461DF0DCFBB0FA80F0400903B0DB
:10A6D00030BD012003B030BD10B50C46086882B013
:10A6E000FFF746FE2068037D012B04D00368184461
:10A6F000606002B010BDFFF7EFF8D0E90023CDE9AC
:10A7000000232BB15968013102D0596801315960D9
:10A71000136868466360FFF789F802B010BD00BF98
:10A7200010B50C46086882B0FFF722FE2068037D52
:10A73000012B04D003681844606002B010BDFFF71D
:10A74000CBF8D0E90023CDE900232BB159680131C2
:10A7500002D0596801315960136868466360FFF799
:10A7600065F802B010BD00BF044B0020002100229C
:10A77000C3E9400183F80821704700BFC0390220B7
:10A7800002F040BB014B0360704700BF24A60020CD
:10A79000104B196809B10846704710B582B00E4CCD
:10A7A0000191FEF793FF0199202220614FF0080CE0
:10A7B000A018C4F80CC0C4E905121022E261A2601E
:10A7C0008022C4E900011DF02FFC024B20461C60D2
:10A7D00002B010BD087603200C76032030B5054684
:10A7E000006883B014466B68002800EBC3030CBFFD
:10A7F0004FF0000C9C46034603E01A680833914270
:10A8000015D06345F9D160458E4612D0034602E06B
:10A81000083363450DD05968A142F9DA1B1A6A461C
:10A820002846CDF800E0D9100194FEF779FA03B07C
:10A8300030BD69462846CDE900E4FEF7AFF903B024
:10A8400030BD00BF30B4D0E90024002A02EBC40CB4
:10A85000134608BF4FF0000C03E01D68A94204D066
:10A8600008336345F9D130BC7047002CFBD09B1AEC
:10A8700030BCD910FEF74CBAF8B51D4E04461D4B3E
:10A8800035680360C5B1D5E900311A1E03EBC1017B
:10A8900018BF0122002A08BF002103E01A6808330C
:10A8A000944203D08B42F9D12046F8BD2846214678
:10A8B000FFF7C8FF2046F8BDFEF708FF0E4F202324
:10A8C000294638610820BB6110238022F860FB61B3
:10A8D000BB6007F120037D6118467D603B603D460B
:10A8E0001DF0A2FB0122034601463760D2E700BFFC
:10A8F0000876032024A600200C76032010B5044619
:10A90000FFF7BAFF0421204617F050FE204610BD85
:10A9100070B5A8B00446FEF7D9FE002108AB0822A6
:10A9200001910093039280229FED157BCDE90401F4
:10A93000184610238DED067B02931DF075FB214612
:10A940006846FEF72BFC009C94B1019D04EBC50505
:10A95000A5420DD00C4E02E00834AC4208D020686D
:10A9600003689B68B342F7D008349847AC42F6D1ED
:10A970006846FEF7F7FC28B070BD00BFAFF300805B
:10A9800020000000100000005954010000000000E9
:10A9900070B5A8B00446FEF799FE002108AB082266
:10A9A00001910093039280229FED157BCDE9040174
:10A9B000184610238DED067B02931DF035FB2146D2
:10A9C0006846FEF7EBFB009C94B1019D04EBC505C6
:10A9D000A5420DD00C4E02E00834AC4208D02068ED
:10A9E0000368DB68B342F7D008349847AC42F6D12D
:10A9F0006846FEF7B7FC28B070BD00BFAFF300801B
:10AA00002000000010000000F58D00000000000094
:10AA100070B5A8B00446FEF759FE002108AB082225
:10AA200001910093039280229FED157BCDE90401F3
:10AA3000184610238DED067B02931DF0F5FA214692
:10AA40006846FEF7ABFB009C94B1019D04EBC50585
:10AA5000A5420DD00C4E02E00834AC4208D020686C
:10AA600003681B69B342F7D008349847AC42F6D16B
:10AA70006846FEF777FC28B070BD00BFAFF30080DA
:10AA800020000000100000005D540100704700BF6E
:10AA900010B40023D1E90042C1E9003304604260F0
:10AAA00010BC70470023C0E900337047D1E9002390
:10AAB000C0E9002313B11846FEF726BE704700BF59
:10AAC000BAB100EBC20C0B1D002230B408304C6848
:10AAD00053F8045C0831604543F8042C40F8085CE6
:10AAE00003F1080341F8042C40F8044CEED130BCCB
:10AAF00070477047D1B170B50E46044600256068B6
:10AB000078B1FEF709FE60B1606803689B689847FA
:10AB1000626893681046013B936013B91368DB6861
:10AB2000984701350834AE42E9D170BD704700BF87
:10AB30004368A3B110B504461846FEF7EDFD68B1B1
:10AB4000606803689B68984760688368013B83601E
:10AB500023B90368BDE81040DB68184710BD704793
:10AB60000023814210B582B0D0E900C2C0E90033B1
:10AB70004B6806D00C68C0E90043C1E900C202B0CE
:10AB800010BDC1E900C2002BF9D018460193FEF7B1
:10AB9000C3FD0028F3D0019B1A68184692689047BD
:10ABA000019B9A68013A9A60002AE8D11A6818460F
:10ABB000D36802B0BDE81040184700BF38B504683C
:10ABC00074B1456804EB8505A54209D054F8043BEF
:10ABD0001846002BF8D01B689B689847A542F5D112
:10ABE00038BD00BF70B59468B0B0002C35D02C488B
:10ABF0000D460192FDF71CF9602200210646002453
:10AC00000DEB02001DF010FA18A8FEF7A9FD0A22AC
:10AC1000244902A82F928DF8B840FFF79BF902A9AA
:10AC200018A8FFF72BFD294618A8FFF7ABF81E4917
:10AC300018A8FFF797F8019918A8FFF71FFD18ABA0
:10AC4000314620467222FDF7B3F802A8FDF796FEC2
:10AC500018A8FDF793FE30B070BD11480E46FDF701
:10AC6000E7F86022214605460DEB02001DF0DCF9F5
:10AC700018A8FEF775FD0A230A4902A82F938DF83C
:10AC8000B840FFF767F902A918A8FFF7F7FC3146AB
:10AC900018A8FFF777F818AB294620467422D2E7A8
:10ACA000C4630020246400205C6400202DE9F04788
:10ACB000054696B0FEF7EAFC6B68B3B18046002407
:10ACC0002B68E70053F8340003EBC406E0B10368D7
:10ACD0005B6C984760B12B68DE19002B50D06A6816
:10ACE00003EBC203B3420CD09AB916B0BDE8F087AB
:10ACF000306820B103684146DB6B984788B901345E
:10AD00006A68A242DCD8F0E7002BE8D16A68002A22
:10AD1000EBD0F9102846FDF7FBFF6A68A242CFD8B6
:10AD2000E3E73068002842D0036841469B6B9847B0
:10AD3000306800283BD00368DB69984703463068D9
:10AD400003B30028DBD00368DB6C98473068002829
:10AD5000D5D003689B6A98470028D0D0306820B1CE
:10AD600003689B6A98470128C9D0D5E9003203EBF4
:10AD7000C200D919002B18BF03469942B4D1C0E7CD
:10AD80006A68AFE798B103685B69984731688146A4
:10AD900071B10B686846EA465B6A9847284649469F
:10ADA0005246FFF71FFF5046FDF7E8FDCEE781460C
:10ADB00068460249EA46FFF7CDF8EFE7803D0020FC
:10ADC000694B2DE9F047D3F800809AB00446B8F1FA
:10ADD000000F0AD098F8003063B1644B1C78002C47
:10ADE00000F09F801AB0BDE8F087614A82F80080C9
:10ADF00090461A60012301F0020701F0040601EAFF
:10AE0000030988F80030FEF743FC0546B9F1000F4E
:10AE10000ED1002E32D054BBFFF738FE002F46D1A2
:10AE2000FEF736FC002388F800301AB0BDE8F08742
:10AE3000DFF86CA1DAF8000000284DD0DFF864A13B
:10AE4000FFF734FFDAF80030002B33D01846FFF755
:10AE5000B5FEDEE7B7B9FEF71BFC431B9C42E1D908
:10AE60005045DFD0B9F1000FE2D1002EF2D001F051
:10AE70009FFF03684FF47A719B6A984705EB040AB9
:10AE8000002FE8D0FEF704FC431B29199C42E2D9AD
:10AE9000091AE0D0019101F08BFF01990368B1F527
:10AEA0007A7F9B6A28BF4FF47A719847D3E7FEF701
:10AEB000EFFBB5E70193FEF709FC2E4A019B1061F9
:10AEC0009360D361CAF80020C2E90033C2E90533B8
:10AED0000423D3601346B9E7FEF7F8FB264B1A6844
:10AEE00012F0010F254A0BD1254911602549516007
:10AEF0002549D16025491161254951610121196018
:10AF0000244BC3E9040200221846CAF800309A60B4
:10AF1000C3E90022C3E906220822DA6001221A628C
:10AF20008CE701221C481A70FCF782FF6022214640
:10AF3000054602A81DF078F802A8FEF711FC0A23C6
:10AF4000164902A819938DF86040FEF70BFF02AB7B
:10AF50004F2229462046FCF72BFF02A8FDF70EFDE5
:10AF60001AB0BDE8F08700BFC075032047840320F6
:10AF7000C4750320887803204484022024450120DE
:10AF800055780100397801004D78010009790100F8
:10AF900069780100AC7803206C640020CC64002048
:10AFA000A87803208478032082B0012002B0704783
:10AFB00082B0012002B0704700207047704700BF88
:10AFC00001230371704700BF01207047704700BF25
:10AFD0000020704701207047002070470020704714
:10AFE00000207047704700BF704700BF00207047C7
:10AFF0000220704704207047EFF30580003818BF27
:10B000000120704741B14B6833B11868034BC01A37
:10B01000B0FA80F04009704701207047DEC0ADDE15
:10B02000037C23B10023037480F82C308362012059
:10B03000704700BF007C7047407C70474068704795
:10B0400080687047037C23B10023037480F830309C
:10B05000C3620120704700BF007C7047407C70478E
:10B0600040687047806870470448012204490068BE
:10B07000044B0079C8771A70704700BFC06B03207B
:10B0800000800E4033480120014B1878704700BF04
:10B0900033480120024A1378002BFCD0704700BFD0
:10B0A0003348012043681868704700BF80687047C4
:10B0B000704700BF704700BF0B780370D1E90123D0
:10B0C000C0E90123704700BF0B780370D1E9012369
:10B0D000C0E90123704700BF0023C0E9003383604B
:10B0E000704700BF10B591F800E090F800C080F8FC
:10B0F00000E04C68D0E9012344608C68846081F8EA
:10B1000000C0C1E9012310BD10B40023D1E9004201
:10B11000C1E900330460426010BC70470023C0E9FD
:10B12000003370470B68002203600A60704700BF5D
:10B1300000230360704700BF6AB100239C4610B42F
:10B1400051F8334041F833C040F8334001339A425C
:10B15000F6D110BC7047704710B40023D1E900420B
:10B16000C1E900330460426010BC70470023C0E9AD
:10B170000033704710B40023D1E90042C1E9003325
:10B180000460426010BC70470023C0E90033704780
:10B19000704700BF704700BF704700BF03685B681F
:10B1A000184700BF03685B68184700BF03685B6807
:10B1B000184700BF03685B68184700BF03685B68F7
:10B1C000184700BF03685B68184700BF034B10B502
:10B1D00004460360FEF796FA204610BD08A9002039
:10B1E000034B10B504460360FEF78CFA204610BDF1
:10B1F00050A90020034B10B504460360FEF782FA05
:10B20000204610BDF0A80020034B10B50446036093
:10B21000FEF778FA204610BDC0A80020034B10B5F9
:10B2200004460360FEF76EFA204610BDA8A8002071
:10B23000034B10B504460360FEF764FA204610BDC8
:10B24000D8A80020054B10B504460360FEF75AFA53
:10B250002046FEF72DFA204610BD00BF08A90020A9
:10B26000054B10B504460360FEF74CFA2046FEF786
:10B270001FFA204610BD00BF50A90020054B10B595
:10B2800004460360FEF73EFA2046FEF711FA204618
:10B2900010BD00BFF0A80020054B10B504460360A8
:10B2A000FEF730FA2046FEF703FA204610BD00BF35
:10B2B000C0A80020054B10B504460360FEF722FA33
:10B2C0002046FEF7F5F9204610BD00BFA8A80020D3
:10B2D000054B10B504460360FEF714FA2046FEF74E
:10B2E000E7F9204610BD00BFD8A80020D1E900230F
:10B2F000C0E9002313B11846FEF706BA704700BF35
:10B30000D1E90023C0E9002313B11846FEF7FCB9C8
:10B31000704700BFD1E90023C0E9002313B11846EC
:10B32000FEF7F2B9704700BF03464068B8B100B5F8
:10B3300083B00193FEF7F0F9019B68B15868026889
:10B3400092689047019B58688268013A82601AB9F6
:10B350000268D2689047019B184603B000BD1846AA
:10B36000704700BF03464068B8B100B583B0019391
:10B37000FEF7D2F9019B68B158680268926890475D
:10B38000019B58688268013A82601AB90268D268E3
:10B390009047019B184603B000BD1846704700BF98
:10B3A00000B583B00421019017F000F9019803B0B3
:10B3B00000BD00BF00B583B00421019017F0F6F87E
:10B3C000019803B000BD00BF00B583B00421019017
:10B3D00017F0ECF8019803B000BD00BF0B682BB16B
:10B3E00001220C3083F89020FDF700BC704700BFAD
:10B3F000002310B5044600F8043BFEF7B1F92046DF
:10B4000010BD00BF10B50446FDF7ACFF204610BDCF
:10B4100010B50446FDF7A6FF204610BD104B10B531
:10B42000044640F84C3BFDF79DFF04F12C00FDF76E
:10B4300099FF04F10C00FDF795FFA06870B1FEF7CD
:10B440006BF958B1A06803689B689847A068836847
:10B45000013B836013B90368DB689847204610BD41
:10B46000E8A7002010B50446FFF7D8FF6C2120465E
:10B4700017F09CF8204610BD08B50C2017F090F886
:10B480000023C0E90033836008BD00BF406805F0B9
:10B4900017BF00BF09494268016072B100B583B0AF
:10B4A00001901046009206F075F80098F42117F00C
:10B4B0007DF8019B184603B000BD7047CCA7002063
:10B4C000B2F5806F38BF4FF48062F0B5104699B086
:10B4D0000F461546FEF7F6F80646B8B10C2017F0F1
:10B4E0005FF81A4B0446682233607319002123F079
:10B4F0000703C0E90165A3F168001CF095FD47F062
:10B50000010220604266204619B0F0BD1048FCF7E9
:10B510008FFC60220446314668461CF085FD684673
:10B52000FEF71EF90A230B49684617938DF85860F9
:10B53000FEF718FC21466B46C9223046FCF738FC62
:10B5400068463446FDF71AFADDE700BFDEC0ADDE1F
:10B55000046500207865002099B148680B4660B109
:10B5600000B583B00191FEF7AFF8019B0C2118469E
:10B5700003B05DF804EB17F019B80C21184617F06A
:10B5800015B8704716F0EEBC0346407C00286DD11C
:10B590005A6891F800C0B2F1FF3F03D0D2B26245C1
:10B5A00000D07047BCF1010F5ED0BCF1020F59D042
:10B5B000BCF1000FF5D12E4830B583B0D860C3F888
:10B5C00004C091F90A20002A1546B4BF01220222C4
:10B5D0001A7691F90BE0BEF1000F01DB01321A7609
:10B5E00091F90C20002A144602DB1A7E01321A76E9
:10B5F0004A685A61002291F908C091F909106CF368
:10B600000702BCF1000F5C7761F30F2265F317426C
:10B610006EF31F62C3F8192008DB5FFA8CF1019307
:10B6200019F03EFF019B93F91A10D868002905DB39
:10B63000C9B2019319F0C4FE019BD86893F91B109D
:10B64000002905DBC9B2019319F0F4FE019BD8680B
:10B65000019319F09BFD4FF48072019B01201A8227
:10B6600003B030BD0348A7E70348A5E701207047B2
:10B67000BCBF00205CC000200CC000200368034A4F
:10B680001B6B934201D1FFF77FBF18473183010045
:10B690002DE9F043467C9FB0002E67D142680B46EF
:10B6A0000D780446511C02D0D2B2AA4263D1012DBA
:10B6B00000F09080022D00F06F81002D00F0478196
:10B6C000BD480024FCF7B4FB60220746002106A811
:10B6D0001CF0AAFC06A8FEF743F80A23B74906A8FF
:10B6E0001D938DF87040FEF73DFB294606A8FEF736
:10B6F00049FB06AB394620469222FCF759FB06A8C7
:10B70000FDF73CF930461FB0BDE8F08313F9032C78
:10B71000724540F0868013F9022C624540F081802A
:10B7200013F9012C4A457CD1BEF1000F80F237811C
:10B730005FFA8CF1E06819F043FE94F91A100029C1
:10B7400003DBC9B2E06819F075FEE06819F01EFD70
:10B750006368022B07D89A4A52F823301BB15A6A01
:10B7600042F080625A624FF4807323820126304691
:10B770001FB0BDE8F08390480193FCF759FB3146B8
:10B780000546602206A81CF04FFC06A8FDF7E8FF5E
:10B790000A228C4906A81D928DF87060FEF7E2FA25
:10B7A000616806A8FEF7EEFA874906A8FEF7DAFAFE
:10B7B000019B06A81978FEF7E5FA06AB7E2229461A
:10B7C0003046FCF7F5FA06A8FDF7D8F830461FB06A
:10B7D000BDE8F083DFF81082C4F80C80656093F94F
:10B7E00009C0BCF1000FC0F2B58093F90A20002A0D
:10B7F0009146C0F2AF805A6803AFEDB26261734AFE
:10B8000093F908E004AB84F819C084F81A9084F81E
:10B8100018E007CA87E8070013F8042CAA423FF48F
:10B8200075AF043307AA9342F6D163480025FCF7AD
:10B83000FFFA60228046002106A80A271CF0F4FBCC
:10B8400006A8FDF78DFF624906A88DF870501D9778
:10B85000FEF788FA616806A8FEF794FA06AB41463F
:10B86000BA222846FCF7A4FA06A8FDF787F8524842
:10B87000FCF7DEFA60222946804606A81CF0D4FBBD
:10B8800006A8FDF76DFF534906A88DF870501D9767
:10B89000FEF768FA636806A80DEB830393F90D10B1
:10B8A000FEF770FA4C4906A8FEF75CFA636806A832
:10B8B0000DEB830393F90E10FEF764FA474906A8CF
:10B8C000FEF750FA636806A80DEB830393F90F1097
:10B8D000FEF758FA06AB4146BB222846FCF768FA49
:10B8E00006A8FDF74BF83448FCF7A2FA6022294677
:10B8F000804606A81CF098FB06A8FDF731FF3849E2
:10B9000006A81D978DF87050FEF72CFA94F91810C0
:10B9100006A8FEF737FA304906A8FEF723FA94F98D
:10B92000191006A8FEF72EFA2C4906A8FEF71AFAF7
:10B9300094F91A1006A8FEF725FA284606AB4146E8
:10B94000BE22FCF735FA06A8FDF718F80FE7DFF876
:10B950009C8041E718480024FCF76AFA60220546FB
:10B96000002106A81CF060FB06A8FDF7F9FE0A23DB
:10B970001C4906A81D938DF87040FEF7F3F906AB3D
:10B98000294620469822FCF713FA06A8FCF7F6FF92
:10B9900030461FB0BDE8F083DFF854801CE75FFA43
:10B9A0008EF1404619F07CFD94F919C0BCF1000FEE
:10B9B000FFF6C3AEBCE600BF40670020F86700207A
:10B9C000C8090020C4670020F06700203809002063
:10B9D000586800208C680020A0680020A86800201B
:10B9E000B06800201C6800200CC00020BCBF0020F4
:10B9F0005CC000200368034A1B6B934201D1FFF730
:10BA000047BE18473984010000B583B0034901904F
:10BA1000FDF78EFE019803B000BD00BF64600020FA
:10BA200000B583B003490190FDF782FE019803B091
:10BA300000BD00BF5C6000200868B0B108B5037F9E
:10BA4000012B01D0002008BDF5F76CFD816840F2A4
:10BA5000DC52D0E9003C03EB0C00A0F57A700844FE
:10BA600090428CBF0020012008BD704710B50F4ADE
:10BA700082B01378002BFCD00D4C00230D4A2068B7
:10BA80001360136360B10179A2F5482291760190A9
:10BA900015F0FCFD0821019816F088FD00232360B5
:10BAA000054B00221A7002B010BD00BF33480120C0
:10BAB000C06B032000001B4037840320024B1B781F
:10BAC0000BB1FFF7D3BF704737840320064B074AFB
:10BAD0001B7802603BB100B583B00190FFF7C6FF51
:10BAE000019803B000BD704737840320A4A700204D
:10BAF000074B084A1B7810B5044602600BB1FFF7EC
:10BB0000B5FF2046042116F051FD204610BD00BFB0
:10BB100037840320A4A7002090F8703003B9704741
:10BB200000B585B000F10C0C042203A9019002A815
:10BB3000CDF80CC0FDF7BEFD02980268126A90476E
:10BB40000022019B83F8702005B000BD90F83C30C6
:10BB500003B9704700B585B000F10C0C042203A9AD
:10BB6000019002A8CDF80CC0FDF7A4FD0298026870
:10BB7000126890470022019B83F83C2005B000BD6D
:10BB800090F8403003B9704700B585B000F10C0C57
:10BB9000042203A9019002A8CDF80CC0FDF78AFD8C
:10BBA00002980268126890470022019B83F84020A7
:10BBB00005B000BD0000000010B5FDF787FD184B73
:10BBC0001A6812F0010F174A0BD1174C1749C2E936
:10BBD0000041174C1749C2E90341174C0121546138
:10BBE0001960164B002108244FF0010C186118460B
:10BBF0005A61134AC3E902149FED077B114CC3E954
:10BC00000011C4F800C01049BDE8104083ED067B68
:10BC100018F050B8AFF300800000000000000000F2
:10BC200010840220B8430120A9800100017F010097
:10BC3000157F010029940100F58A0100208302206C
:10BC400054450120F4830220AD8101000000000072
:10BC500010B5FDF73BFD184B1A6812F0010F174A9B
:10BC60000BD1174C1749C2E90041174C1749C2E9DB
:10BC70000341174C012154611960164B002108241F
:10BC80004FF0010C186118465A61134AC3E90214B7
:10BC90009FED077B114CC3E90011C4F800C01049A7
:10BCA000BDE8104083ED067B18F004B8AFF30080C8
:10BCB000000000000000000014840220D443012092
:10BCC000BD8001001D7F0100317F010085940100CE
:10BCD000C18A01004083022054450120F8830220DC
:10BCE000B981010090F82C3003B9704700B585B0D8
:10BCF00000F10C0C042203A9019002A8CDF80CC09D
:10BD0000FDF7D8FC0298FDF72DFB0022019B83F87C
:10BD10002C2005B000BD00BFBAB100EBC20C0B1D5A
:10BD2000002230B408304C6853F8045C0831604598
:10BD300043F8042C40F8085C03F1080341F8042C94
:10BD400040F8044CEED130BC70477047BAB100EBFC
:10BD5000C20C0B1D002230B408304C6853F8045C50
:10BD60000831604543F8042C40F8085C03F10803EF
:10BD700041F8042C40F8044CEED130BC70477047B9
:10BD8000BAB100EBC20C0B1D002230B408304C6875
:10BD900053F8045C0831604543F8042C40F8085C13
:10BDA00003F1080341F8042C40F8044CEED130BCF8
:10BDB000704770478AB102EB420200EB820210B476
:10BDC0000B780C300C3100F80C3C904251E90243E6
:10BDD00040E90243F4D110BC704770472DE9F041AF
:10BDE00084B01C460746F4200B9E904616F0D8FB04
:10BDF000002C9DF828301FFA88F101964FF00006BC
:10BE0000009314BF0623334632460296054604F0DB
:10BE10007DF8BDF83C300334BDF83420BDF8301057
:10BE200028460093BDF8383008FB04F404F0AAFD5E
:10BE3000286831462246E861FDF740FC0C2016F0E8
:10BE4000AFFB044B38600360C0E90154384604B0CE
:10BE5000BDE8F081CCA70020037C03B9704700B592
:10BE600085B000F10C0C042203A9019002A8CDF8C2
:10BE70000CC0FDF71FFC029806490268019B12687E
:10BE80008A4203D100221A7405B000BD9047019B7D
:10BE9000F8E700BF397F01000B6B10B5044682B094
:10BEA00093B3486838B303681D4A5B69934232D143
:10BEB0001C4B1878C0B2F0B1CB6A7BB1086B03EBB6
:10BEC000C00098420AD0083308304FF0000C53F8F5
:10BED000082C0833834282F890C0F8D101F12C007D
:10BEE000FCF7ACFE0023204600F8043BFDF738FCCD
:10BEF000204602B010BD2046012300F8043BFDF7A8
:10BF00002FFC204602B010BD00F8043BFDF728FCD2
:10BF1000204602B010BD019198470199CBE700BFC0
:10BF2000317E010033480120037C03B9704710B50E
:10BF3000042282B000F10C0304460DEB02016846B6
:10BF40000193FDF7B7FB0098084A03681B6893420A
:10BF50000AD1074B074A1B7802600BB1FFF786FD39
:10BF60000023237402B010BD9847F9E775880100DB
:10BF700037840320A4A7002010B5164B0446406860
:10BF8000236048B10368144ADB6993421FD1134B05
:10BF90001B780BB1FFF76AFD04F12C00FDF7E2F905
:10BFA00004F10C00FDF7DEF9A06870B1FDF7B4FBF9
:10BFB00058B1A06803689B689847A0688368013BF4
:10BFC000836013B90368DB689847204610BD984723
:10BFD000E2E700BF74A700206588010037840320D2
:10BFE00010B50446FFF7C8FF6421204616F0DEFABC
:10BFF000204610BD0A4A436810B5044682B002606C
:10C000003BB11846019305F0C5FAF421019816F0EA
:10C01000CDFA20460C2116F0C9FA204602B010BD18
:10C02000CCA70020064B10B504460360FEF7B0FB1A
:10C030002146FEF707FC2046FEF71EFC204610BDF9
:10C040007CAA0020084B10B504460360FEF7A0FB55
:10C050002146FEF7F7FB2046FEF70EFC204608219E
:10C0600016F0A4FA204610BD7CAA0020002944D076
:10C070002DE9F047804682B00F460025DFF87C901E
:10C08000DFF87CA058F8354074B3D4F8A8609EB1AE
:10C0900033685B684B452DD17368C6F800A03BB18F
:10C0A0001846019305F076FA0198F42116F07EFA0D
:10C0B0000C21304616F07AFA04F18400FDF752F9AB
:10C0C00004F16400FDF74EF904F14000FDF74AF970
:10C0D000606B08B1FCF74CFC04F11400FDF742F969
:10C0E000B021204616F062FA0135AF42CAD102B043
:10C0F000BDE8F08730469847DEE770479D8D010028
:10C10000CCA7002010B5046882B0002C34D0D4F83D
:10C11000A830B3B11A681B4952688A422ED11A4915
:10C120005A6819604AB110460193009205F032FA3C
:10C13000F421009816F03AFA019B0C21184616F0EB
:10C1400035FA04F18400FDF70DF904F16400FDF700
:10C1500009F904F14000FDF705F9606B08B1FCF73F
:10C1600007FC04F11400FDF7FDF8B021204602B0F1
:10C17000BDE8104016F01ABA02B010BD184690473C
:10C18000DFE700BF9D8D0100CCA70020002388427F
:10C19000026810B582B0036002D00C680B600460C6
:10C1A0000C680A60002C34D0D4F8A830B3B11A68F7
:10C1B0001A4952688A422ED119495A6819604AB1FF
:10C1C00010460193009205F0E5F9F421009816F06D
:10C1D000EDF9019B0C21184616F0E8F904F18400F2
:10C1E000FDF7C0F804F16400FDF7BCF804F140006D
:10C1F000FDF7B8F8606B08B1FCF7BAFB04F1140066
:10C20000FDF7B0F8B021204602B0BDE8104016F0AE
:10C21000CDB902B010BD18469047DFE79D8D0100F3
:10C22000CCA70020064B03F16C001A780C338A422D
:10C2300003D08342F9D1002070470120704700BF2E
:10C2400080060020D1B170B50E4604460025606816
:10C2500078B1FDF761FA60B1606803689B68984740
:10C26000626893681046013B936013B91368DB68FA
:10C27000984701350834AE42E9D170BD704700BF20
:10C28000D1B170B50E4604460025606878B1FDF75F
:10C2900043FA60B1606803689B6898476268936876
:10C2A0001046013B936013B91368DB68984701356A
:10C2B0000834AE42E9D170BD704700BF114A13681F
:10C2C00013B1186828B170470F49C1E900330B4614
:10C2D00011600E4A106800B583B038B10268526927
:10C2E00001939047019B186003B000BD084908689E
:10C2F0000028F3D10748DFF824C0074AC0F800C07F
:10C300000860EDE74079032044790320BC6B0320EB
:10C310004C79032050790320897D0100BCAA0020BC
:10C3200038B51C4B05461C6854B123681B6A20466F
:10C33000984720B9184B1B6863B15A6882B138BD61
:10C34000164A1468002CF0D1154C1649164B216082
:10C350001460ECE7154A1049C2E9003313460A603D
:10C3600001225D6085F86220FFF7A8FF236801467F
:10C370002A68DB6920469847074B1B6813B10022E7
:10C380005A6038BD094A0449C2E900330A601346BD
:10C39000F5E700BFBC6B0320407903204C790320F4
:10C3A00050790320BCAA0020797D01004479032044
:10C3B000D1B170B50E4604460025606878B1FDF72E
:10C3C000ABF960B1606803689B68984762689368DE
:10C3D0001046013B936013B91368DB689847013539
:10C3E0000834AE42E9D170BD704700BF0B6813B18D
:10C3F0001A7F012A01D00020704770B50446184604
:10C400000D46F5F78FF88168D0E90023134440F218
:10C41000DC52A3F57A730B44934215D863689BB141
:10C420002868F5F759F86268DFF830C0C1B21368C0
:10C430009B6863450CD1084B03F16C001A780C33F0
:10C440008A4203D09842F9D1002070BD012070BD0E
:10C450001046BDE87040184780060020CD8F0100CF
:10C460004368A3B110B504461846FDF755F968B105
:10C47000606803689B68984760688368013B8360D5
:10C4800023B90368BDE81040DB68184710BD70474A
:10C490004368A3B110B504461846FDF73DF968B1ED
:10C4A000606803689B68984760688368013B8360A5
:10C4B00023B90368BDE81040DB68184710BD70471A
:10C4C0004368A3B110B504461846FDF725F968B1D5
:10C4D000606803689B68984760688368013B836075
:10C4E00023B90368BDE81040DB68184710BD7047EA
:10C4F000362A0DD81F491301CB58C3F38733032BBA
:10C500000DD900231C4A0021C0E9001203707047B6
:10C5100000231A4A0021C0E90012037070471B2A49
:10C520000FD8DFE802F024240E0E0E0E0E18180E9F
:10C530000E1515150E0E21211B1B0E0E0E0E0E0EC6
:10C540001E1E012300220021C0E900120370704763
:10C5500001230B4ADEE701230A4ADBE701230A4AEB
:10C56000D8E70123094AD5E70123094AD2E7012385
:10C57000084ACFE79CB3002014690020C46800205B
:10C58000206A0020D4690020EC6A00208C6A002018
:10C59000486B00206C69002038B5037C04464BB121
:10C5A0000368154A9B69934222D10023037480F8E3
:10C5B0002C308362206A70B1FDF7AEF858B1206A62
:10C5C00003689B689847206A8368013B836013B9BE
:10C5D0000368DB6898470025E068C4E90755A5842F
:10C5E000A56284F82C5018F095FFE560657438BD9D
:10C5F0004FF0FF319847DDE7C97D0100427C1AB159
:10C60000C3680BB1FFF7C8BF704700BF38B5037CE4
:10C6100004464BB10368154A9B69934222D100231B
:10C62000037480F83030C362606A70B1FDF774F84B
:10C6300058B1606A03689B689847606A8368013BE9
:10C64000836013B90368DB6898470025E068C4E994
:10C6500008552585E56284F8305018F05BFFE560E9
:10C66000657438BD4FF0FF319847DDE7ED7D01007F
:10C67000427C1AB1C3680BB1FFF7C8BF704700BF57
:10C680000023884210B582B0D0E900C2C0E900336F
:10C690004B6806D00C68C0E90043C1E900C202B093
:10C6A00010BDC0E900C2002BF9D018460193FDF778
:10C6B00033F80028F3D0019B1A6818469268904717
:10C6C000019B9A68013A9A60002AE8D11A681846D4
:10C6D000D36802B0BDE81040184700BF002388426D
:10C6E00010B582B0D0E900C2C0E900334B6806D073
:10C6F0000C68C0E90043C1E900C202B010BDC0E946
:10C7000000C2002BF9D018460193FDF705F8002868
:10C71000F3D0019B1A68184692689047019B9A686B
:10C72000013A9A60002AE8D11A681846D36802B024
:10C73000BDE81040184700BF0023884210B582B002
:10C74000D0E900C2C0E900334B6806D00C68C0E9EC
:10C750000043C1E900C202B010BDC0E900C2002B15
:10C76000F9D018460193FCF7D7FF0028F3D0019BBE
:10C770001A68184692689047019B9A68013A9A6035
:10C78000002AE8D11A681846D36802B0BDE8104004
:10C79000184700BF204A437C10B5044602603BB3F3
:10C7A000C06828B3237C23B10023237484F82C3081
:10C7B000A362236A83B11846FCF7AEFF58B1206A22
:10C7C00003689B689847206A8368013B836013B9BC
:10C7D0000368DB689847E0680023C4E90733A38453
:10C7E000A36284F82C3018F095FE0023E360637494
:10C7F000206A70B1FCF790FF58B1206A03689B680B
:10C800009847206A8368013B836013B90368DB683B
:10C810009847204610BD00BFFCA60020204A437C5C
:10C8200010B5044602603BB3C06828B3237C23B133
:10C830000023237484F83030E362636A83B11846BE
:10C84000FCF76AFF58B1606A03689B689847606AA2
:10C850008368013B836013B90368DB689847E0682D
:10C860000023C4E908332385E36284F8303018F0EC
:10C8700051FE0023E3606374606A70B1FCF74CFF03
:10C8800058B1606A03689B689847606A8368013B97
:10C89000836013B90368DB689847204610BD00BF6A
:10C8A00038A70020224A437C10B5044602603BB3FF
:10C8B000C06828B3237C23B10023237484F82C3070
:10C8C000A362236A83B11846FCF726FF58B1206A99
:10C8D00003689B689847206A8368013B836013B9AB
:10C8E0000368DB689847E0680023C4E90733A38442
:10C8F000A36284F82C3018F00DFE0023E36063740B
:10C90000206A70B1FCF708FF58B1206A03689B6881
:10C910009847206A8368013B836013B90368DB682A
:10C9200098472046302115F041FE204610BD00BF3B
:10C93000FCA60020224A437C10B5044602603BB3AB
:10C94000C06828B3237C23B10023237484F83030DB
:10C95000E362636A83B11846FCF7DEFE58B1606A91
:10C9600003689B689847606A8368013B836013B9DA
:10C970000368DB689847E0680023C4E9083323852F
:10C98000E36284F8303018F0C5FD0023E36063747F
:10C99000606A70B1FCF7C0FE58B1606A03689B68BA
:10C9A0009847606A8368013B836013B90368DB685A
:10C9B00098472046342115F0F9FD204610BD00BFF0
:10C9C00038A7002010B483B00B46CDE90012C27C1A
:10C9D000002A30D072B6C27CD40708D54FF0E02CC4
:10C9E0004469DCF8801121408162CCF88011910704
:10C9F00008D54FF0E02C8469DCF884112140C16235
:10CA0000CCF88411540708D54FF0E02CC469DCF849
:10CA1000881121400163CCF88811110708D54FF027
:10CA2000E02C046ADCF88C1121404163CCF88C11B5
:10CA3000D2063AD462B68268934240D0234A8360D9
:10CA400092692349C2F3011CC2F3826251F82CC0DF
:10CA50000132BCFBF2F103B38B4232D8B1FBF3F2EB
:10CA6000B1FBF2F18B422ED3B2F5817F1BD2022AA9
:10CA700027D9023A530803EB032342EA0323C36096
:10CA80000268032100201061516201211364019B9F
:10CA90001366116103B010BC70479445EFD34A1C74
:10CAA000B2F5817FE3D30B4BE9E74FF0E021446A15
:10CAB000D1F8902122408263C1F89021BAE7C3687F
:10CAC000DEE70023DBE71146E9E700BF00C00F40C7
:10CAD000C4AE0020FF7F7F00437C30B583B0002BC5
:10CAE00069D0C368002B66D090F82C40002C62D02F
:10CAF000826A002A60D04169054607221846CDE9BE
:10CB00000012FFF75FFF6B68022B51D83E4A52F8C4
:10CB10002320002A4CD0D2F860C095F825102CF4C0
:10CB2000403343F48033136611B1E96901B10968F8
:10CB3000AB6A53B1013B581801395369DB07FCD587
:10CB400011F8013F81425366F7D15369DB01FCD4F0
:10CB5000E968C2F860C0CB7C13B3D80704D5886AF3
:10CB60004FF0E022C2F800019A0704D5C86A4FF0DE
:10CB7000E022C2F80401580704D5086B4FF0E02208
:10CB8000C2F808011A0704D5486B4FF0E022C2F83A
:10CB90000C01DB0604D58A6B4FF0E023C3F81021AB
:10CBA000002320462B7485F82C30AB6203B030BDD7
:10CBB000EA68D37C1BB90024204603B030BDD907F6
:10CBC00004D5906A4FF0E021C1F800019D0704D51B
:10CBD000D06A4FF0E021C1F804015C0704D5106B66
:10CBE0004FF0E021C1F80801180704D5506B4FF051
:10CBF000E021C1F80C01D906DDD5926B4FF0E0239E
:10CC0000C3F81021D7E700BFC8090020437C30B526
:10CC100083B0002B70D0C368002B6DD090F83040EB
:10CC2000002C69D0C26A002A67D0416905460722F4
:10CC30001846CDE90012FFF7C5FE6B68022B58D8E5
:10CC4000434A52F82320002A53D02B7ED2F860C0EA
:10CC5000032B55D8012B94BF002301231B042CF474
:10CC600040310B4395F82910136611B1296A01B1BF
:10CC70000968EB6A53B1013B581801395369DB0766
:10CC8000FCD511F8013F81425366F7D15369DB01AE
:10CC9000FCD4E968C2F860C0CB7C13B3D80704D5D4
:10CCA000886A4FF0E022C2F800019A0704D5C86AEA
:10CCB0004FF0E022C2F80401580704D5086B4FF08A
:10CCC000E022C2F808011A0704D5486B4FF0E022B1
:10CCD000C2F80C01DB0604D58A6B4FF0E023C3F8E1
:10CCE0001021002320462B7485F83030EB6203B00E
:10CCF00030BDEA68D37C33B90024204603B030BD90
:10CD00004FF40033ABE7D90704D5906A4FF0E02128
:10CD1000C1F800019D0704D5D06A4FF0E021C1F8A9
:10CD200004015C0704D5106B4FF0E021C1F8080145
:10CD3000180704D5506B4FF0E021C1F80C01D9065B
:10CD4000DAD5926B4FF0E023C3F81021D4E700BF8F
:10CD5000C80900202DE9F04FF1EE104A10B42DED76
:10CD6000108AC0F800D0EFF3148414F0020F0AD137
:10CD700081F3098844F0020472B684F31488BFF387
:10CD80006F8F62B609E081F3088824F0020472B65E
:10CD900084F31488BFF36F8F62B6BDEC108A10BCA9
:10CDA000E1EE104ABDE8F08F08461168FFF7D2BFE8
:10CDB000104B1A680AB1104670470F4900B583B08E
:10CDC0000846C1E900220192FDF7DCFC0A49019AFC
:10CDD0000A480A710860FDF7DBFC019A0649FDF775
:10CDE000FDFC05490648034B08600846196003B07E
:10CDF00000BD00BF54790320587903207CAA00208D
:10CE0000F0AA0020074A084BDFF820C051681B68D1
:10CE1000ACFB03C39B0C03FB00F053685B1A984206
:10CE2000FBD87047001000E0B8BF002083DE1B4332
:10CE3000014B1868704700BFCC83032015F092B8EF
:10CE40003629034605D9244A07CA83E8070018464D
:10CE5000704722480A018258C2F38732032A05D953
:10CE60001F4A07CA83E80700184670471B290FD8D6
:10CE7000DFE801F01E1E0E0E0E0E0E23230E0E1402
:10CE800014140E0E191928280E0E0E0E0E0E2D2D2E
:10CE9000002201215A6019709A60D8E7114A07CA26
:10CEA00083E80700D3E7104A07CA83E80700CEE704
:10CEB0000E4A07CA83E80700C9E70D4A07CA83E894
:10CEC0000700C4E70B4A07CA83E80700BFE70A4A1E
:10CED00007CA83E80700BAE7440900209CB3002092
:10CEE0005009002074090020980900205C090020E6
:10CEF000680900208C090020800900202DE9F04FEE
:10CF00008246B1B0944D002609E08DF86460FCF7CC
:10CF100027FC9DF864401AA8FBF730FD7CB1DAF8D5
:10CF200000301AA89B68AB42EFD019A85146984729
:10CF30009DF864401AA8FBF721FD002CEFD10AF1FF
:10CF40002C040AF10C012046FCF766F80AF10C00EB
:10CF5000FBF774FEDAF83030002B00F06E83DAF85D
:10CF60004C50002D00F09583DAF8503005EBC306E5
:10CF7000B54200F0DA8355F8080B1430FBF75EFE7B
:10CF8000AE42F8D1DAF82C60002E38D0DAF83070E2
:10CF900006EBC707B74232D0DFF8C891B84607940E
:10CFA0003068F4F7BFFADAF84C300546002B00F091
:10CFB0005D81DAF8502003EBC202934200F0568103
:10CFC000076802E09A4200F051811C68083321682A
:10CFD000B942F7D1606869688842F3D1A068A9684E
:10CFE0008842EFD1E068E9688842EBD131460836E3
:10CFF00004F11400FBF7D2FDB045D1D1079CDAE96A
:10D000001353002D00F0FA8005EBC30EAE4500F07F
:10D01000F58005F1080B514F0A94CDF820E006E0A9
:10D02000DDE907320BF1080B934200F0E4805BF876
:10D03000086CCDF81CB0B369002BF1D006F13405B3
:10D040002846FAF7F5FA5BF8083C5C69002C37D003
:10D050009B6904EBC308444532D00834099654F860
:10D06000080CA146F4F738FADAF80410C6B20B68D7
:10D070009B68BB4268D1314619A8FFF7E1FE9DF8D5
:10D080006430C3B154F8081C496F11F0030058D143
:10D09000334A02FB01FCBCF1553F5BD80346032039
:10D0A000B1FBF0F0314682B219A8FAF767FA19A974
:10D0B0002846FAF7E3FAC14504F10804CFD1099EE6
:10D0C0002846FAF7DFFA5BF8083C5C69002C56D07A
:10D0D000996904EBC108444551D00834CDF824B017
:10D0E00018E0FFF7ADFE9DF864C001234A462946CB
:10D0F00019A8BCF1000F09D0FAF756FA54F8083C09
:10D100001A995A6F8A4228BF0A466ABBD84504F169
:10D11000080430D054F8080CA346F4F7DDF9DAF827
:10D1200004C05FFA80F919A8DCF8003049469B6812
:10D13000BB42D6D061464A4617A898479DF85CC0C6
:10D14000D3E703200023ABE7324617A898479DF8A2
:10D150005C3096E70420A3E79981010099920100D1
:10D16000ABAAAAAA40840220196F08341998FCF7C8
:10D17000A1FAD845CED1DDF824B05BF8083C96F88A
:10D18000A420D3F8A840002A40F04481002C00F0ED
:10D190005D812846FAF766FB5BF8083C04468A493D
:10D1A000D3F8A8000368DA688A4240F049828268AE
:10D1B000944228BF14467CB19B68844A934240F055
:10D1C0007182436818682246716BFCF773FA5BF84A
:10D1D000083CD3F8A80003681B697D4A934240F0DD
:10D1E000378240680BF1080B04F06AF8DDE907327A
:10D1F00093427FF41CAF0A9CDAF85030EBB15D1E0D
:10D20000EE0002E0083EC5B1013DDAF84C309A5913
:10D210009269002AF6D123B1DAF85030B6EBC30F89
:10D22000F0D0DAF85030002BECD0F1100AF14C00BD
:10D23000083EFBF76DFD002DE6D1DAF82C307BB10E
:10D24000DAF8301003EBC101994209D008330831F4
:10D25000002053F8082C08338B4282F89000F8D154
:10D26000204631B0BDE8F04FFBF7E8BCB02015F028
:10D2700097F9B022002104461AF0D6FE554B2361DF
:10D28000FCF724FA544B1B6813F0010F534B0CD1DD
:10D29000534A51491A60534A5A60534ADA60534A12
:10D2A0001A61534A5A6101220A60C4E90903002342
:10D2B000C4E90533E3616363E363C4E90B33082323
:10D2C0002362FCF703FAD9F8003013F0010F494B41
:10D2D0000CD1494A1A60494A5A60494ADA60494AB7
:10D2E0001A61494A5A610122C9F8002000274FF00B
:10D2F0000C0BC4E91403C4E91077A764C4F84CB05C
:10D30000C4E91677FCF7E2F9C4F880706067C4E9F5
:10D310001977C4E91B7BC4E91E77FCF7D7F93221E2
:10D32000C4F88C70C4F8A070A4F8A470C4E924B048
:10D33000C4E9217704F14000C4E92677FBF728FC13
:10D34000C4F8A870274619940FCD0FC72B6819A9E8
:10D350000AF14C003B60FBF749FC199D002D3FF49E
:10D3600045AED5F8A870AFB13B68284A5B689342D8
:10D3700040F09A81264B3B607B683BB1184608938E
:10D3800004F008F90898F42115F010F938460C213A
:10D3900015F00CF905F18400FBF7E4FF05F16400DA
:10D3A000FBF7E0FF05F14000FBF7DCFF686B08B11D
:10D3B000FBF7DEFA05F11400FBF7D4FF2846B02195
:10D3C00015F0F4F812E600BF557E01004D7E010015
:10D3D00035820100BC6800200C8402209C4301209F
:10D3E0008DA5000091930000A593000079DB00005B
:10D3F00079BF000008450120617E0100717E0100B7
:10D40000817E01008D7E01005D8B01009D8D0100FC
:10D41000CCA700200022C3F8A820BCB12368A54AED
:10D420005B68934240F03B81A34AD4F804902260A9
:10D43000B9F1000F06D0484604F0ACF84846F42194
:10D4400015F0B4F820460C2115F0B0F80DF1640980
:10D45000382200214846FCF731F90022736E2792EA
:10D46000002B3FF4DDADB16E01EB410103EB810117
:10D4700099423FF4D5AD0995984615460C46312A98
:10D4800000F23881042216A917A8CDF85890FCF7AD
:10D4900011F91798042216A900F0030008F10C08EE
:10D4A00009EB8000169017A8FCF704F918F80C0C8B
:10D4B000279AA04517998854279A18F8041C02F156
:10D4C000010245EA01052792D9D12C46099D002A7F
:10D4D0003FF4A6AD002314AA13A928461593CDE95D
:10D4E000133315ABFAF7D6F9DAF80420E11C17A8C4
:10D4F000136890460991DA68159B0B92CDF8589005
:10D50000B3FBF1F2279B16A9109204221193FCF7AA
:10D51000D1F8179B042216A917A803F0030309EBFF
:10D5200083031693FCF7C6F85BF8083C6349186858
:10D53000179A0C9058680D909868DB680E900B98BD
:10D540000F93884240F0BC80F4200B9215F028F82D
:10D550009DF84430002C0B9A109C804600934FF0AD
:10D560000003A1B2019202934FF0000218BF0623FC
:10D5700002F0CCFCBDF83C30BDF834204046BDF88C
:10D5800030100093BDF8383003F0FCF90999D8F851
:10D59000000001FB04F20021C8F81C000B92CDF83A
:10D5A0002480FCF78BF80C2014F0FAFF0B9A099BEF
:10D5B00004465BF8081C82603F4A436001F1A803FF
:10D5C0001790026017A8984227D000231793D1F82C
:10D5D000A830C1F8A840002B50D01A6835495268CD
:10D5E0008A4240F09F80344A5C681A6044B1204609
:10D5F000099303F0CFFF2046F42114F0D7FF099BD5
:10D6000018460C2114F0D2FF179C002C36D023684A
:10D61000284A5B6893424AD1274A636822603BB13B
:10D620001846099303F0B6FF0998F42114F0BEFFE1
:10D6300020460C2114F0BAFF20E031B0BDE8F08F95
:10D6400090475BF8083C0246D3F8A8000368AFE5B2
:10D650009847E5E4013B042216A917A82793CDF8C3
:10D660005890FCF727F8179B042216A917A803F077
:10D67000030309EB83031693FCF71CF8279B002B8D
:10D68000E8D15BF8083CD3F8A830002B3FF4C8ACD5
:10D690007FE5DAF82C60002E7FF478ACACE520460C
:10D6A0009847D3E698478EE53846984772E6204675
:10D6B0009847E3E79D8D0100CCA70020858B0100F2
:10D6C0000F9B414617A805930E9B04930D9B039354
:10D6D0000C9BCDE90123119B109A009323460B9CD0
:10D6E000A0475BF8081C17AA01F1A8039A428BD047
:10D6F000179C6AE7214643462C46099D03F10C001E
:10D7000093F808C01833884244EA0C043FF4E2AEB0
:10D71000007A8B4244EA0004E4B2EFD1002A3FF4DD
:10D720007FACD7E6184690476EE7DAF82C60002EFB
:10D730007FF42CAC68E400BF2DE9F0416E4C82B060
:10D740000D46904621781F46089E002940F0AF8084
:10D75000C8EB08124FF0040EC7EB0713674F4FEAF0
:10D76000C20CDB00C6EB06160CF5FA7CC5EB051106
:10D7700003F5FA73624DF200A7FB0C6CC900A7FB1E
:10D7800003636E6F01F5FA714FEA9C1C46F00306C5
:10D790009B09B1F5FA6F6E67AE6A26F00E2646F069
:10D7A0000226AE622E6A46F4C0162E62456886686E
:10D7B000C5F800E04FF01805356074D3A7FB017180
:10D7C00089094D1E8E1CEDB2B44538BFB4460CF12C
:10D7D0000208984538BF9846B2F5803F60D241F2C2
:10D7E000707E632A88BF9646464A022346781360B5
:10D7F000136813F00203FBD1ACEB0100A8EB0101AD
:10D800001360A8EB0C0C013901384FEA58070CF1F2
:10D81000FF3C45EA01213C4DC0B2013F45EA0625E7
:10D8200040EA0C20C2F88050FFB2C2F80031374BFA
:10D8300047F4F857364D43EA062803F1807345EA6A
:10D84000062543EA062C334EFF23C2F80064324E0D
:10D85000C2F8806406F58066C2F80075C2F80484D8
:10D86000C2F88464C2F804152C4E2D49C2F808C4CD
:10D87000C2F8881401F5B821C2F80805C2F80C54A2
:10D880003568C2F88C14C2F80CE5136153619361DA
:10D8900095B10120234B2070187002B0BDE8F081D3
:10D8A0004FF6FF7EA0E77646012502218CE7019026
:10D8B000FEF7DCF801984BE7082014F071FE0746EC
:10D8C000294613F07DFE3A79174B184943F8225048
:10D8D00043F82210164B3A79164902F01F0502F15F
:10D8E000100003EB521301223760AA409B00124D37
:10D8F00041F820501A60CCE737840320D34D6210E2
:10D9000000C00F4000001B40020003000200430063
:10D91000030043000100400100220001C06B03200E
:10D92000006600013348012000C00E400100008065
:10D9300040380038004C0120117E010010B5174C12
:10D9400086B00020A4469CF800E00CF10C0C8E453B
:10D9500005D001300928F6D1002006B010BD00EB3B
:10D9600040008C4611461A4604EB8004099B8DF852
:10D9700008C0009394F801C0D4E90103084C8DF865
:10D9800009C0041906481818089BCDE9034002A8ED
:10D99000FFF7D2FE012006B010BD00BF80060020B8
:10D9A00000801F40364B2DE9F0431C7883B0002CDB
:10D9B0005DD0344B1C68002C59D000285BD0002966
:10D9C00059D0314D2B7803F0FF04002BFAD0B1F57C
:10D9D000805F0B462D4E804628BF4FF480530021B8
:10D9E0003046DA1C019322F0030791463A46FBF7D2
:10D9F00065FE4146019A3046FBF75CFE3346F1195D
:10DA0000BFF34F8F4FF0E022C2F8703F20339942AE
:10DA1000FAD8BFF34F8FBFF36F8F1D4AFF23C7F1B3
:10DA2000000E1C4F106800214FEA990C20F00100F5
:10DA3000106013615361936101231363114B1868E4
:10DA400003681E60042699829961C3F80CE0C3E95B
:10DA50000176114E1E610A26A3F816C0A3F81EC057
:10DA60009E830523297000790C49C87613602046EF
:10DA700003B0BDE8F0830024204603B0BDE8F08386
:10DA800037840320C06B032033480120000020208E
:10DA900000001B400400020280031B4000800E4077
:10DAA00008461146FFF77EBF4368002B00F01A813D
:10DAB0002DE9F04F05469FB02B6806A829469B68C4
:10DAC00098479DF8184007A8FAF758FF002CF3D1A3
:10DAD00005F12C0805F10C014046FBF79DFA05F114
:10DAE0000C00FBF7ABF82B6B002B00F0EC80EF6A1F
:10DAF000002F50D007EBC30B5F454CD00837DFF841
:10DB00000892CDF8148057F8080CBA46F3F7E4FCF5
:10DB1000C4B257F8080C0394F3F704FD95F84C30A1
:10DB2000804623B195F84D30A34200F0A980686883
:10DB30006D4A0668F369934240F09E806B4B1B78F8
:10DB40001BB1FDF793FF68680668B368684A9342A3
:10DB500027D1684B039C03F16C011A780C33A24265
:10DB600000F088808B42F8D1D34507F10807CAD16D
:10DB7000EB6ADDF8148073B1296B03EBC1018B42B2
:10DB800009D008330831002053F8082C08338B42A1
:10DB900082F89000F8D140461FB0BDE8F04FFBF787
:10DBA0004DB8039998470028DED068680668D8F811
:10DBB0000830F668D8F80CE0D8E900120A4402EB05
:10DBC000030C4D4B9E4270D14A4B0026039C1846D5
:10DBD000049101780C30A14206D00136092EC3D041
:10DBE00001780C30A142F8D106EB46064348039475
:10DBF00003EB86068DF81840634604997468D6F8DE
:10DC000008C02018CDF800E0079070788DF8190052
:10DC10003A486044089006A8FFF78EFD039B05F183
:10DC20005004012685F84D30B8E80F000FC4D8F82D
:10DC30000030236085F84C6057F8083C596F002984
:10DC400092D06C68186F23682D4A1B69934244D1A7
:10DC5000FFF7A8FE68682B4A03689B69934235D199
:10DC600099F80030002BFBD0D34507F108077FF46B
:10DC70004AAF7DE703949AE798476868066864E7C7
:10DC800002682B6D9A427FF452AF42686B6D9A42E4
:10DC90007FF44DAF8268AB6D9A427FF448AFC268A3
:10DCA000EB6D9A427FF443AFC6E713460A460399E9
:10DCB000CDE900CEB0470028B0D1D34507F1080721
:10DCC0007FF421AF54E71FB0BDE8F08F9847D345EC
:10DCD00007F108077FF417AF4AE70A4601462046D6
:10DCE0009847B7E7704700BF658801003784032075
:10DCF000CD8F010080060020E5A6010000801F40B6
:10DD000049A801003D7E01003348012070B514216F
:10DD100082B005460420FBF7C7FC0D4A002301260C
:10DD200002600422037400F10C03044646600DEB0C
:10DD30000201866068460193FBF7BCFC009B054A24
:10DD400028461A602674C5E9003402B070BD00BFD1
:10DD5000F0A80020A4A7002070B5142182B00546C9
:10DD60000420FBF7A1FC0D4A0023012602600422D7
:10DD7000037400F10C03044646600DEB020186605B
:10DD800068460193FBF796FC009B054A28461A60FB
:10DD90002674C5E9003402B070BD00BF50A9002050
:10DDA00048A800202E4B70B52E4E044640F8043B88
:10DDB000FFF7D2FF2C4DFBF789FC3368DA070BD451
:10DDC0002A4B2B602A4B6B602A4BEB602A4B2B6152
:10DDD0002A4B6B610123336000230822E061256236
:10DDE000C4E90333C4E90532C4E90933FBF76EFC27
:10DDF0003368DB070BD41D4B2B601D4B6B601D4B39
:10DE0000EB601D4B2B611D4B6B61012333600023C5
:10DE10000822C4E90B33C4E90D32C4E91133C4E963
:10DE20000F05FBF753FC1649164A0B6813F0010364
:10DE30000AD11360144B5360144BD360144B13611D
:10DE4000144B536101230B6000230821C4E917021E
:10DE5000C4E913332046C4E91531C4E9193370BD50
:10DE6000E8A700200C8402209C4301208DA500001F
:10DE700091930000A593000079DB000079BF0000BA
:10DE80002084022028440120CD7E0100D97E01009B
:10DE9000358F0100E17E0100294B70B51C689AB0F6
:10DEA0001CB323681B6A20469847E0B9254A1368CB
:10DEB000ABB15B681D46B3B1FEF700FA98B12368B9
:10DEC0000190204629685B6A9847019AC0B123688F
:10DED00020462968DB691AB0BDE8704018471A4926
:10DEE000C1E9003311601AB070BD184A1468002CE3
:10DEF000D7D117491748184B0C4608601160D2E774
:10DF000005461648F9F794FF60222946044602A800
:10DF10001AF08AF802A8FBF723FC0A23104902A88A
:10DF200019938DF86050FBF71DFF284602ABA42221
:10DF30002146F9F73DFF02A8FAF720FDFEE700BFF2
:10DF4000BC6B032040790320447903204C790320E3
:10DF500050790320BCAA0020797D0100746C002058
:10DF6000E46C002030B50546006C38B3A5F1040C14
:10DF70008E460023624601E083421FD052F8041F00
:10DF80001C4601337145F7D183420AD20CEB830260
:10DF9000214652F804CF45F821C019460133834287
:10DFA000F7D1431E00222B6445F823206A6CA2425D
:10DFB00001D9013A6A64831E9A4200D830BD002319
:10DFC0006B6430BD2DE9F843254B054688461E6835
:10DFD000002E3AD033689B6A30464FF001099847CB
:10DFE00007462A6CE2B16B6C93421BD25A1C55F85F
:10DFF00023406A646CB194F860300BBB94F86130D4
:10E000009BB9A36DC3B1E06D984710B194F860302F
:10E0100093B1336830469B6A9847C01B4045E0D3B4
:10E02000BDE8F88301220023E1E72146284684F871
:10E030006090FFF797FFECE72046FEF771F9E8E7FD
:10E0400021462846FFF78EFFE3E7064B1E68002EA9
:10E05000C0D1054E054A1E603260054BBCE700BFCB
:10E06000BC6B03204C79032050790320BCAA00200C
:10E07000957D01000F4A08B513682BB15B683BB171
:10E08000BDE80840FFF708BF0B48C0E90033106047
:10E090000A4B186828B1036C5BB1BDE80840FFF774
:10E0A00091BF48220146064819F0BEFF044A034BBF
:10E0B0001A6008BD4079032044790320F4780320D6
:10E0C000F87803200368114A9B6A934211D1104AE1
:10E0D00013681BB15B682BB1FFF7DEBE0D48C0E9CA
:10E0E000003310600C4B186820B1036C63B1FFF76C
:10E0F00069BF184748220146084810B519F094FF37
:10E10000064A054B1A6010BD704700BF1DAE0100E6
:10E110004079032044790320F4780320F878032021
:10E120002DE9F043074683B08946042030210026BC
:10E13000FBF7BAFA184B4FF001080422036000F114
:10E140000C030DEB0201C0F804800546C0F80880FE
:10E1500080F82C6068460193FBF7ACFA009C8DF8C0
:10E160000460FBF7C1FA01AA206149462046E66136
:10E17000C4E90066C4E90268C4E90566FAF7FEFE70
:10E180004FF48073384685F82C803B81C7E9004501
:10E1900003B0BDE8F08300BF08A900200346487C17
:10E1A00020B91881C3E900001846704730B50C4605
:10E1B000097C87B059B95100B1F5802F15D90022DB
:10E1C0000121C3E900221981184607B030BD20683B
:10E1D00034498069884252D10021217484F82C107E
:10E1E000A1625100B1F5802FE9D803A8CDE9001351
:10E1F000FFF796FFE069039A0390E261206A049AB0
:10E2000004902262DDE90013A0B1FBF785FADDE995
:10E21000001378B104980268926890470498826865
:10E22000013ADDE90013826022B90268D2689047A2
:10E23000DDE900139DF814C09DF8152084F824C072
:10E2400084F82520AAB1E06998B1A162012184F87F
:10E250002C101860206A586038B10093FBF754FA0C
:10E2600094F824C094F82520009B83F808C05A72C3
:10E27000AAE700220221C3E900221981A4E7CDE91F
:10E2800000324FF0FF31034620469847DDE9003267
:10E29000002890D10322C3E9000018461A8107B074
:10E2A00030BD00BFC97D01000346487C20B91881FC
:10E2B000C3E900001846704730B50C46097C87B0AA
:10E2C00059B99100B1F5802F15D900220121C3E978
:10E2D00000221981184607B030BD20683449806992
:10E2E000884252D10021217484F83010E1629100FB
:10E2F000B1F5802FE9D803A8CDE90013FFF710FF8F
:10E30000206A039A03902262606A049A049062620F
:10E31000DDE90013A0B1FBF7FFF9DDE9001378B1E7
:10E32000049802689268904704988268013ADDE98F
:10E330000013826022B90268D2689047DDE90013B9
:10E340009DF814C09DF8152084F828C084F8292071
:10E35000AAB1206A98B1E162012184F830101860F6
:10E36000606A586038B10093FBF7CEF994F828C082
:10E3700094F82920009B83F808C05A72AAE700226B
:10E380000221C3E900221981A4E7CDE900324FF050
:10E39000FF31034620469847DDE90032002890D13E
:10E3A0000322C3E9000018461A8107B030BD00BF40
:10E3B000ED7D0100437A1BB10368003B18BF0123C8
:10E3C000184670474B7A33B10B6823B1D3E9002369
:10E3D000C0E900237047C0E900337047007A7047F6
:10E3E00010B5044615F082FB0D4B1B78BBB10D4BED
:10E3F0001B78DB0713D50C4B0C4A1B6812689B1A61
:10E400000E2B0CD934B120461AF026FC01462046CA
:10E4100015F0F0FA0648BDE8104013F0E3BA10BD5D
:10E420006184032060840320CC83032004840320C0
:10E43000ACC00020F0B5742183B007460420FBF780
:10E4400033F9324A002301260260042280F870303A
:10E4500000F10C030DEB020146600546866068463C
:10E460000193FBF727F9009C294B204640F8043B19
:10E47000FFF74CFCFBF72AF9264A1368D90738D571
:10E48000254E0023C4E903336361C4E9093308233B
:10E49000C4E90706A361FBF719F91E4A1368DB07F5
:10E4A0000BD41E4B33601E4B73601E4BF3601E4B30
:10E4B00033611E4B7361012313604FF47F43E063AC
:10E4C00001223846A4F84C30194B266423660023F9
:10E4D000C4E90B336363C4E91133C4E91433C4E9F9
:10E4E00016330823A36385F87020C7E9004503B0FD
:10E4F000F0BD0A4B1660084E3360094B7360094B40
:10E50000F360094B3361094B7361BAE7D8A8002067
:10E5100074A700200C8402209C4301208DA50000DC
:10E5200091930000A593000079DB000079BF000003
:10E53000BC680020F0B57C2183B005460420FBF7C1
:10E54000B3F80E4A002301260260042280F87830D6
:10E5500000F10C03044646600DEB0201866068463C
:10E560000193FBF7A7F8009F3846FFF71BFC2846EE
:10E5700084F87860C5E9007403B0F0BD20A90020DC
:10E580002DE9F043064683B0894604204021904699
:10E59000FBF78AF8184B002501270422036000F1DD
:10E5A0000C03044647600DEB0201876080F83C5085
:10E5B00068460193FBF77EF8D9F800203046009BAF
:10E5C000C3E901280D4ADD601A600D4A1D825A61B7
:10E5D0004FF6FF729D841A834FF0FF329D6283F8DD
:10E5E0002C509A76C3E9075584F83C70C6E900348C
:10E5F00003B0BDE8F08300BFA8A80020FCA600205F
:10E60000002D31012DE9F043064683B089460420F0
:10E6100044219046FBF748F8184B002501270422B7
:10E62000036000F10C0304460DEB0201476080F823
:10E630004050876068460193FBF73CF8D9F800200A
:10E640003046009B0E49DD601D821D85DD6283F82A
:10E650003050C3E901280B4A1A606FF0FE02C3E98B
:10E6600005124FF6FF72C3E908559A8384F840708B
:10E67000C6E9003403B0BDE8F08300BFC0A80020A5
:10E68000002D310138A7002070B59CB06022002118
:10E6900004A819F0C9FC04A8FBF762F800220A23B9
:10E6A000A1488DF868201B93F9F7C2FB18B1014609
:10E6B00004A8FBF757FB9D4904A8FBF753FB5E2119
:10E6C00004A8FBF75FFB9A4904A8FBF74BFB9949A9
:10E6D00004A8FBF747FB04A8FBF7D0FEFAF7DAFF24
:10E6E00004A8FAF74BF96022002104A819F09CFC59
:10E6F00004A8FBF735F800220A238B488DF8682020
:10E700001B93F9F795FB18B1014604A8FBF72AFB08
:10E71000864904A8FBF726FB3F2104A8864CFBF79B
:10E7200031FB834904A8FBF71DFB844904A8FBF7D0
:10E7300019FB04A8FBF7A2FEFAF7ACFF04A8FAF74E
:10E740001DF9236813F0010300F09C827C4C7D4D81
:10E750002B68DE0740F174827B4D2B68D80740F1AF
:10E760008282D4E90030CDE90430002800F05682DE
:10E77000FAF7CAFF049B43B1744B1B68D90740F1F9
:10E78000298204A97248FAF709FA059820B1FAF724
:10E79000C3FF002840F0F9816E4BD3E90020CDE99A
:10E7A0000420002800F00782FAF7AEFF049B43B173
:10E7B000664B1B68DA0740F1108204A96448FAF737
:10E7C000EDF9059820B1FAF7A7FF002840F0BE81C7
:10E7D000614BD3E90020CDE90420002800F0CC8172
:10E7E000FAF792FF049B43B1584B1B68DB0740F1DB
:10E7F000EE8104A95648FAF7D1F9059820B1FAF745
:10E800008BFF002840F093816022002104A819F0BA
:10E810000BFC04A8FAF7A4FF00220A2342488DF853
:10E8200068201B93F9F704FB18B1014604A8FBF715
:10E8300099FA3E4904A8FBF795FA4B2104A8FBF787
:10E84000A1FA3B4904A8FBF78DFA444904A8FBF759
:10E8500089FA04A8FBF712FEFAF71CFF04A8FAF7DE
:10E860008DF86022002104A819F0DEFB04A8FAF755
:10E8700077FF00220A232C488DF868201B93F9F7B4
:10E88000D7FA18B1014604A8FBF76CFA274904A887
:10E89000FBF768FA2C2104A8314CFBF773FA2449E2
:10E8A00004A8FBF75FFA2F4904A8FBF75BFA04A85A
:10E8B000FBF7E4FDFAF7EEFE04A8FAF75FF8236829
:10E8C00013F0010300F03882274C284D2B68DE0737
:10E8D00040F12382264D2B68D80740F10F82D4E9FE
:10E8E0000030CDE90430002800F0A181FAF70CFFD8
:10E8F000049B43B11F4B1B68D90740F1658104A9F4
:10E900001D48FAF74BF9059820B1FAF705FF0028E2
:10E9100040F0EE80194BD3E90020CDE90420002817
:10E9200000F0FC802CE000BF106D0020705F002024
:10E93000BC4F0020986D002060840220C06D002034
:10E94000E47503206484022068840220F883022096
:10E9500040830220EC750320F4750320FC6D002039
:10E9600054840220246E0020CC7503205884022099
:10E970005C840220F483022020830220D4750320CB
:10E98000FAF7C2FE049B43B1984B1B68DA0740F1CB
:10E990002A8104A99648FAF701F9059820B1FAF7F7
:10E9A000BBFE002840F08580924BD3E90020CDE9E2
:10E9B0000420002800F09380FAF7A6FE049B43B1E0
:10E9C0008A4B1B68DB0740F10B8104A98848FAF7E2
:10E9D000E5F8059818B1FAF79FFE00285BD1602290
:10E9E000002104A819F020FB04A8FAF7B9FE0022C0
:10E9F0000A2381488DF868201B93F9F719FA18B19A
:10EA0000014604A8FBF7AEF97C4904A8FBF7AAF974
:10EA1000382104A8FBF7B6F9794904A8FBF7A2F955
:10EA2000784904A8FBF79EF904A8FBF727FDFAF73D
:10EA300031FE04A8F9F7A2FF6022002104A819F012
:10EA4000F3FA04A8FAF78CFE00220A236A488DF82C
:10EA500068201B93F9F7ECF918B1014604A8FBF7FD
:10EA600081F9664904A8FBF77DF904A86421FBF746
:10EA700089F9634904A8FBF775F9634904A8FBF712
:10EA800071F904A8FBF7FAFCFAF704FE04A8F9F7F9
:10EA900075FF1CB070BD059803689B689847059882
:10EAA0008368013B8360002B99D10368DB6898473A
:10EAB00095E7059803689B68984705988368013B2C
:10EAC0008360002B7FF470AF0368DB689847494B85
:10EAD000D3E90020CDE9042000287FF46DAF002A9F
:10EAE0003FF47DAF414B1B68DB073FF56EAF77E02E
:10EAF000059803689B68984705988368013B836085
:10EB0000002B7FF407AF0368DB6898473F4BD3E9DE
:10EB10000020CDE9042000287FF432AF002A3FF422
:10EB200043AF324B1B68DA073FF533AF5BE0059824
:10EB300003689B68984705988368013B8360002BB6
:10EB40007FF462AE0368DB6898475DE6059803686A
:10EB50009B68984705988368013B8360002B7FF48E
:10EB600037AE0368DB689847294BD3E90020CDE92D
:10EB7000042000287FF434AE002A3FF445AE254B34
:10EB80001B68DB073FF535AE21E0059803689B68FD
:10EB9000984705988368013B8360002B7FF4FCADA8
:10EBA0000368DB6898471C4BD3E90020CDE90420BB
:10EBB00000287FF4F9AD002A3FF40AAE154B1B681C
:10EBC000DA073FF5FAAD08E0FCF7F6FF97E6FDF748
:10EBD0003FF80EE6FDF73CF8D3E5FDF739F8ECE534
:10EBE000FCF7EAFFF1E6FCF7E7FFD2E6F483022048
:10EBF00020830220DC750320106D0020705F002050
:10EC0000BC4F0020506E0020786E0020D475032089
:10EC1000F4750320F8830220EC750320002B3FF4E9
:10EC2000BBAD634B1B68D9073FF5ABADD2E7002BFB
:10EC30003FF470AE5F4B1B68D9073FF560AEC3E78A
:10EC400001235D4A04A95D480493FFF7DBFC01231F
:10EC50005B4A5C492B605C4D584815F02BF82B68DB
:10EC6000D8073FF57EAD022304A9584A58480493BB
:10EC7000FFF7C8FC0123524A524955482B6015F052
:10EC800019F86EE5442104200193FAF70DFD514A6D
:10EC90000126019B0546026000F10C02466004A9B2
:10ECA00080F84030866003A804920422FAF702FD3F
:10ECB0000399019BDFF844C14B60CB600B820B854D
:10ECC000CB6281F830302660434C3D4A2046C1E992
:10ECD0000833424B0B60424B8B606FF0FE03C1E97F
:10ECE00005C34FF6FF738B834FF00103C4E9001592
:10ECF00085F84030334914F0DDFF28E5022304A9EC
:10ED0000324A38480493FFF73BFC01232C4A36492A
:10ED100034482B6014F0CEFFE1E5012304A9264A14
:10ED200032480493FFF72CFC0123254A2E492F4833
:10ED30002B6014F0BFFFCDE5402104200193FAF7CA
:10ED4000B3FC2B4A0126019B0546026000F10C0230
:10ED5000466004A980F83C30866003A8049204222F
:10ED6000FAF7A8FC0399019B26604B60CB600B82ED
:10ED70008B848B6281F82C301E4C114A2046C1E9ED
:10ED800007331D4B0B60164B8B601C4B4B614FF6D2
:10ED9000FF730B834FF0FF338B764FF00103C4E911
:10EDA000001585F83C30104914F084FF8DE500BF54
:10EDB000F8830220F4830220EC6D0020EC75032020
:10EDC00054450120D180010068840220F46D0020A8
:10EDD000F4750320C0A80020E475032038A70020A4
:10EDE00040600020DC7503200D810100D4750320F4
:10EDF000A8A80020CC750320FCA60020002D31011E
:10EE00002DE9F04FC7B0602200212EA819F00CF9AF
:10EE10002EA8FAF7A5FC00220A23AE488DF810218F
:10EE20004593F9F705F818B101462EA8FAF79AFFAD
:10EE3000A9492EA8FAF796FF89212EA8FAF7A2FF72
:10EE4000A6492EA8FAF78EFFA5492EA8FAF78AFF41
:10EE50002EA8FBF713FBFAF71DFC2EA8F9F78EFD81
:10EE6000F3F7BEFB6022002103902EA819F0DCF816
:10EE70002EA8FAF775FC00220A2396488DF8102177
:10EE80004593F8F7D5FF18B101462EA8FAF76AFFA7
:10EE900091492EA8FAF766FF6E212EA8FAF772FFA5
:10EEA0008E492EA8FAF75EFF8E492EA8FAF75AFF70
:10EEB0002EA8FBF7E3FAFAF7EDFB2EA8F9F75EFDB3
:10EEC00026A8FFF7B7FADDE92630CDE92E3008B1E4
:10EED000FAF71AFC03982EAA0821F2F7D1FF2F980F
:10EEE00020B1FAF719FC002840F0D88360220021F5
:10EEF0002EA819F099F82EA8FAF732FC00220A235E
:10EF000074488DF810214593F8F792FF18B1014627
:10EF10002EA8FAF727FF70492EA8FAF723FF7321CE
:10EF20002EA8FAF72FFF6D492EA8FAF71BFF6E499E
:10EF30002EA8FAF717FF2EA8FBF7A0FAFAF7AAFBFC
:10EF40002EA8F9F71BFD279820B1FAF7E5FB00285A
:10EF500040F07783602200212EA819F065F82EA8D2
:10EF6000FAF7FEFB00220A235A488DF81021459338
:10EF7000F8F75EFF18B101462EA8FAF7F3FE5649DE
:10EF80002EA8FAF7EFFE78212EA8FAF7FBFE5349D8
:10EF90002EA8FAF7E7FE55492EA8FAF7E3FE2EA8A9
:10EFA000FBF76CFAFAF776FB2EA8F9F7E7FC26A830
:10EFB000FFF7C0FADDE92630CDE92E3008B1FAF7C7
:10EFC000A3FB03982EAA0521F2F75AFF2F9820B130
:10EFD000FAF7A2FB002840F07083602200212EA8DF
:10EFE00019F022F82EA8FAF7BBFB00220A233948B1
:10EFF0008DF810214593F8F71BFF18B101462EA894
:10F00000FAF7B0FE34492EA8FAF7ACFE7D212EA8FF
:10F01000FAF7B8FE31492EA8FAF7A4FE34492EA813
:10F02000FAF7A0FE2EA8FBF729FAFAF733FB2EA871
:10F03000F9F7A4FC279820B1FAF76EFB002840F0FE
:10F04000F182602200212EA818F0EEFF2EA8FAF718
:10F0500087FB00220A231F488DF810214593F8F7FB
:10F06000E7FE18B101462EA8FAF77CFE1A492EA831
:10F07000FAF778FE29212EA8DFF89490FAF782FE9D
:10F0800016492EA8FAF76EFE1A492EA8FAF76AFE5C
:10F090002EA8FBF7F3F9FAF7FDFA2EA8F9F76EFCA4
:10F0A000FAF714FB144B1B68DC0733D4134B124ADA
:10F0B000C9F80030124BC9F80430124BC9F80C30B3
:10F0C000114BC9F81030114BC9F8143001231360EB
:10F0D00020E000BFA06E0020705F0020BC4F002029
:10F0E000306F0020646F0020946F0020C86F0020F4
:10F0F000FC6F0020347000201C84022095800100E9
:10F10000B17E0100C57E0100E1940100298B010060
:10F110000C4401200024082300260027042509931D
:10F120000894CDE90A09CDE90644CDE90C67FAF760
:10F13000CDFA1094129013941195CDE90E44CDE9B7
:10F140001467FAF7C3FA8D4B18941A781B94CDE91B
:10F150001C67CDE91950CDE91644002A00F0C7829A
:10F16000874B1B68D80740F1BF82602200212EA880
:10F1700018F05AFF2EA8FAF7F3FA002381488DF809
:10F1800010310A234593F8F753FE18B101462EA813
:10F19000FAF7E8FD7C492EA8FAF7E4FD33212EA802
:10F1A0007A4DFAF7EFFD7A492EA8FAF7DBFD794997
:10F1B0002EA8FAF7D7FD2EA86968FAF7F9FD764967
:10F1C0002EA8FAF7CFFD2EA8FBF758F9FAF762FA46
:10F1D0002EA8F9F7D3FB2C68002C45D06B6804EB04
:10F1E000C308444540D008340EAE16AF4FF0070BAD
:10F1F000DFF8B8A109E080682E902EA93846F9F70B
:10F20000F5FCA84504F1080430D054F8083C254624
:10F21000002BF6D054F8040C2E932F9008B1FAF777
:10F2200073FA06A82EA9F9F7E1FC2F9870B1FAF746
:10F2300073FA58B12F9803689B6898472F98836892
:10F24000013B836013B90368DB68984730462EA9F9
:10F25000CDF8B8B0F9F7CAFC54F8080C03689B6AFB
:10F260005345C8D09847C7E70EAE16AF4B4B1A7838
:10F27000002A00F034824A4B1B68D90740F12C82E7
:10F28000602200212EA818F0CFFE2EA8FAF768FA07
:10F2900000233C488DF810310A234593F8F7C8FD48
:10F2A00018B101462EA8FAF75DFD37492EA8FAF7E6
:10F2B00059FD41212EA83B4DFAF764FD34492EA893
:10F2C000FAF750FD33492EA8FAF74CFD2EA86968CD
:10F2D000FAF76EFD34492EA8FAF744FD2EA8FBF785
:10F2E000CDF8FAF7D7F92EA8F9F748FB2C68002CCF
:10F2F00060D06B6804EBC30844455BD008344FF022
:10F30000060BDFF8ACA009E080682E902EA93846E5
:10F31000F9F76CFCA84504F108044BD054F8083CFC
:10F320002546002BF6D054F8040C2E932F9008B1EC
:10F33000FAF7EAF906A82EA9F9F758FC2F9870B148
:10F34000FAF7EAF958B12F9803689B6898472F9805
:10F350008368013B836013B90368DB6898473046D4
:10F360002EA9CDF8B8B0F9F741FC54F8080C0368A1
:10F370009B6A5345C8D09847C7E700BF4A8403201B
:10F38000F8830220A06E0020705F002040830220DE
:10F39000BC4F00206C700020807000204984032046
:10F3A000F483022020830220947000200D7E01004F
:10F3B000E97D0100079C002C00F0CF80A8490A9B42
:10F3C0000A68D20710D4A74AC9F80020A64AC9F88B
:10F3D0000420A64AC9F80C20A54AC9F81020A54A5D
:10F3E000C9F8142001220A6000244FF0000806A981
:10F3F0002EA804253094CDE9323908234FF00009B6
:10F400003193CDE93489CDE92E44F9F7C7FE129B3B
:10F41000314626A829952A9328942B94CDE92C8946
:10F42000CDE92644F9F7BAFE1A9B39461EA8219564
:10F4300004AD229320942394CDE92489CDE91E4480
:10F44000F9F7ACFE8C4B26AA2EA9284600931EABDA
:10F45000F3F772F91EA8F9F785FF26A8F9F782FFDE
:10F460002EA8F9F77FFFD5F80080B8F1000F00F063
:10F470005281DDE90E3101291C6809D903EB8101B4
:10F48000043953F8042F9442B8BF14469942F8D176
:10F490006868CDF8B8802F9008B1FAF735F903986D
:10F4A0002EAA2146F2F7ECFC2F9820B1FAF734F996
:10F4B000002840F02181602200212EA818F0B4FD20
:10F4C0002EA8FAF74DF900236C488DF810310A2365
:10F4D0004593F8F7ADFC18B101462EA8FAF742FCA7
:10F4E00067492EA8FAF73EFC61212EA8FAF74AFCDC
:10F4F00064492EA8FAF736FC63492EA8FAF732FCC5
:10F5000007992EA8FAF754FC60492EA8FAF72AFCAE
:10F5100021462EA8FAF736FC5D492EA8FAF722FC00
:10F520002EA8FAF7ABFFFAF7B5F82EA8F9F726FAE6
:10F53000686800283DD0FAF7EFF8002839D06868ED
:10F5400003689B68984768688368013B8360002B69
:10F550002FD10368DB6898472BE0602221462EA854
:10F5600018F062FD2EA8FAF7FBF80A2343488DF83D
:10F5700010414593F8F75CFC18B101462EA8FAF744
:10F58000F1FB3F492EA8FAF7EDFB68212EA8FAF708
:10F59000F9FB3C492EA8FAF7E5FB3E492EA8FAF7FD
:10F5A000E1FB2EA8FAF76AFFFAF774F82EA8F9F72C
:10F5B000E5F93846F9F7D6FE3046F9F7D3FE06A846
:10F5C000F9F7D0FE602200212EA818F02DFD2EA8FC
:10F5D000FAF7C6F800220A2328488DF8102145932F
:10F5E000F8F726FC18B101462EA8FAF7BBFB244910
:10F5F0002EA8FAF7B7FB2EA89621FAF7C3FB2149EC
:10F600002EA8FAF7AFFB24492EA8FAF7ABFB2EA8D9
:10F61000FAF734FFFAF73EF82EA8F9F7AFF947B03A
:10F62000BDE8F08F279803689B6898472798836800
:10F63000013B8360002B7FF404AD0368DB689847CF
:10F64000FFE4279803689B68984727988368013BE5
:10F650008360002B7FF47EAC0368DB68984779E415
:10F660001C84022095800100B17E0100C57E01004E
:10F67000E1940100298B0100A8700020A06E0020F9
:10F68000705F0020BC4F0020B4700020E4700020A8
:10F690003070002030710020647100202F980368C2
:10F6A0009B6898472F988368013B8360002B7FF409
:10F6B0001DAC0368DB68984718E42F9803689B68C3
:10F6C00098472F988368013B8360002B7FF485ACBB
:10F6D0000368DB68984780E4FCF76EFAD0E5012206
:10F6E0001A70FEF7D1FFC6E5FCF7B2FA3DE501223C
:10F6F0001A70FEF7C9FF33E52F9803689B68984797
:10F700002F988368013B8360002B7FF4D4AE03689D
:10F71000DB689847CFE60F48F8F78AFB602241463E
:10F7200004462EA818F080FC2EA8FAF719F80A2330
:10F7300009492EA845938DF81081FAF713FB40462E
:10F740002EAB21466522F8F733FB2EA8F9F716F900
:10F75000EEE600BFA06E0020FC700020054A136892
:10F7600013B1054A13607047044905480B46116000
:10F770000860F6E760790320BC6B032064790320FE
:10F7800030AB00200120704710B40023D1E90042C3
:10F79000C1E900330460426010BC70470023C0E937
:10F7A0000033704703685B68184700BFD1E9002346
:10F7B000C0E9002313B11846F9F7A6BF704700BF90
:10F7C00090F8683003B9704700B585B000F1100CAF
:10F7D000042203A9019002A8CDF80CC0F9F76AFF32
:10F7E00002980268526890470022019B83F86820C3
:10F7F00005B000BDBAB100EBC20C0B1D002230B445
:10F8000008304C6853F8045C0831604543F8042C18
:10F8100040F8085C03F1080341F8042C40F8044C5C
:10F82000EED130BC70477047294A10B504461068C5
:10F83000D8B1D0E90032191E03EBC20C18BF012168
:10F840000029216808BF4FF0000C03E01A68083354
:10F85000914209D06345F9D12146F9F79FF9206813
:10F86000BDE81040F5F786BE10BDF9F72FFF194B24
:10F87000174A196811F0010F174917D1DFF860C056
:10F88000C1F800C0DFF85CC0C1F804C0DFF858C0A0
:10F89000C1F80CC0DFF854C0C1F810C0DFF850C088
:10F8A000C1F814C04FF0010CC3F800C00B4BC3E902
:10F8B00004011360082100221846C3E90221C3E9AC
:10F8C0000022C3E90622944613461146B8E700BF5A
:10F8D000D078032018840220F0430120D47803203C
:10F8E00055C5010031C5010045C50100B1C7010082
:10F8F0009DC5010000293ED0F0B50E4685B00446F6
:10F9000000251D4F6068B0B1F9F706FF98B1636834
:10F910001A689268BA4227D193F868208AB99A681F
:10F92000013A9A603AB91A681448D16881421FD1E5
:10F9300052681846904701350834AE42E2D105B00E
:10F94000F0BD03F1100203A902A80193039204225F
:10F95000F9F7B0FE0298026852689047019B0022B6
:10F9600083F868206368DAE7184690476368D6E74B
:10F9700018468847DFE7704769C501004DC501009B
:10F98000436803B310B5044684B01846F9F7C4FEC3
:10F99000B8B163681A491A6892688A4227D193F805
:10F9A00068208AB99A68013A9A6052B91A6815486B
:10F9B000D16881421FD15268184604B0BDE810409A
:10F9C000104704B010BD704703F11000042203A9D2
:10F9D0000193039002A8F9F76DFE0298026852683D
:10F9E0009047019B002283F868206368DAE7184695
:10F9F00090476368D6E7184604B0BDE81040084752
:10FA000069C501004DC5010010B588424FF00004E2
:10FA100084B0D0E900C2C0E900444B6806D00C684D
:10FA2000C0E90043C1E900C204B010BDC0E900C292
:10FA3000002BF9D018460193F9F76EFE0028F3D099
:10FA4000019B19491A6892688A4222D193F868206A
:10FA50007AB99A68013A9A60002AE5D11A6813487F
:10FA6000D16881421AD15268184604B0BDE81040EE
:10FA7000104703F11000042203A9039002A8F9F72C
:10FA800019FE0298026852689047019B83F868400B
:10FA9000DFE7184601939047019BDAE7184604B068
:10FAA000BDE81040084700BF69C501004DC5010011
:10FAB00003680BB1FFF7B8BE704700BF034B1B686C
:10FAC0001BB19975DB68002BFBD17047AC6B032031
:10FAD000124B1A6802F1010C8A42C3F800C000DA26
:10FAE000704710B50446F9F7D1FD0C4B4FF47A7C02
:10FAF0000B4A19680CFB01F14FF0000CC3F800C071
:10FB00001368C01A012838BF0120B1FBF0F16180F1
:10FB1000F9F7BCFD024A106010BD00BF68790320F0
:10FB20006C7903202DE9F04F85B00546544E0091C5
:10FB3000FAF72EFEFAF7ECFE6B6823B90CE0FBF740
:10FB40003FF96B6843B1F9F7A3FD34686A68042193
:10FB5000031BFA209342F2D3F9F79AFDEB68306069
:10FB60001BB1A968009898470090464B1C68002C70
:10FB700033D0DFF818810026DFF814B1DFF814A1C4
:10FB80004746B14616E05245A16823D1A37D042221
:10FB900002A903A80293F9F78DFD03986B8801363B
:10FBA00047F8040B632B98BF84F81690E4681CB3E5
:10FBB000402E21D094F834000028EFD023685A6AF0
:10FBC000DB695B45DFD0019220469847019A0146E8
:10FBD0005245DBD020469047E0E719212846FFF741
:10FBE00077FFFAF7D5FDFAF713FFFAF7D1FD05B065
:10FBF000BDE8F04FFAF7CCBE224B1E68002EECD0C9
:10FC00004FF00009009F06E009F10109F668B9F11B
:10FC1000400F11D086B196F83430002BF4D0306804
:10FC200009F101093B4644683046D6E90112A04774
:10FC3000B9F1400FF668EDD1124B1C68002CCCD006
:10FC40000026114F0BE0CDF808C0F9F733FD039BF8
:10FC5000A375E4680136002CBFD0402EBDD094F8C7
:10FC60003430042202A903A8002BF2D0236858F8EC
:10FC700026C09B6ABB42E6D0614620469847E8E72B
:10FC8000B4850220AC6B032081950000988402208B
:10FC90000D8E00006595000070B51A4B00250446D6
:10FCA00024220E462946C0E90035C0E9025510302D
:10FCB00018F0BAF9144B84F824501A68110C2282F7
:10FCC0001A88A174A4F8132002229978012384F8D9
:10FCD00030206175A37584F834300EB1204670BDB4
:10FCE0000A4A13685BB19C42F8D0DB68002BFAD15A
:10FCF000074B1A6802B1D46020461C6070BD1460C6
:10FD0000F6E700BF94A60020C4090020AC6B0320D6
:10FD1000B06B0320074A136813B904E0DB681BB11A
:10FD20009842FBD170471060034B1A6802B1D06053
:10FD300018607047AC6B0320B06B0320054B1B6849
:10FD400013B905E0DB681BB19842FBD10120704775
:10FD500018467047AC6B03200029B4BF02898AB2F1
:10FD6000406820B102EB42020021F9F7A7BC7047BE
:10FD700098B1DFF840C0DCF8003073B1002103E037
:10FD8000DA681946134642B19842F9D1C36829B1DD
:10FD9000CB603BB10023C36070477047CCF80030A4
:10FDA000002BF7D1024B19600023C360704700BFDE
:10FDB000B06B0320AC6B0320104B10B503600446FE
:10FDC000FFF7D6FF90F8303023B994F824305BB9B0
:10FDD000204610BD0A4A013B2C3052F82330984788
:10FDE00094F82430002BF3D0064A013B04F11800AC
:10FDF00052F823309847204610BD00BF94A600203B
:10FE0000B4AE002070AE002030B5002383B0ADF852
:10FE100000308DF80230B8B1044601F1FF3C013AE0
:10FE2000EE468D1C12F8011F1CF8010F4B1C38B157
:10FE300000FB033321B104FB03F31B0C8EF80030ED
:10FE4000AC450EF1010EEDD1009B0020D9B2C3F3F9
:10FE50000722C3F3074361F3070062F30F2063F344
:10FE6000174003B030BD00BF0B46103130B515460A
:10FE700087B003F1130204462846CDE90012FFF7CC
:10FE8000C3FF8DF81400C0F30723C0F307408DF8BB
:10FE900015308DF81600FF20059BADF810301B0CB7
:10FEA0008DF81230A370BDF81030DDE90012238008
:10FEB000FFF7AAFFC0F30721C0F307428DF8100037
:10FEC00020468DF812208DF81110049BA5711A0C94
:10FED000ADF80C30BDF80C306271A4F8033007B0F7
:10FEE00030BD00BF044B0022FF204FF0FF315A60AD
:10FEF000DA60186099607047A05601200369988BFA
:10FF000080F08000C0F3C010704700BF38B59DF886
:10FF100010C00D46C2610446624680F822304FF69A
:10FF200001632330372A28BF3722B1FBF2F180F872
:10FF3000592020F8031CA3610599C4E904339DF8F6
:10FF4000183084F8603000236360FF2323726FF061
:10FF50007F43E360124BC4F86230A3F5FA73C4F830
:10FF60006630F9F7A7FB94F8223003F03F03052B26
:10FF70000BD805EB450012F015FB238C20602046C2
:10FF800003EB4303C4F8803038BDA80012F00AFB2D
:10FF9000238C206020469B00C4F8803038BD00BF11
:10FFA000E2042C01000000002DE9F04FB44EA3B094
:10FFB0008046346814F0010400F05E83002398F852
:10FFC0007C20CDE90633CDE90833002A00F02C84EB
:10FFD00008F12206DFF8CCA20193C2E0002F7ED008
:10FFE000A8480024F7F724FF6022834600210AA8CE
:10FFF0004FF00A0918F018F80AA8F9F7B1FBA2495E
:02000004600298
:100000000AA88DF88040CDF88490F9F7ABFE0AABD2
:100010005946A0222046F7F7CBFE0AA8F8F7AEFC17
:100020009848F7F705FF6022834621460AA817F093
:10003000FBFF0AA8F9F794FB94490AA88DF88040C1
:10004000CDF88490F9F78EFE29460AA8F9F79AFEB2
:100050008F490AA8F9F786FE0AAB5946A122204625
:10006000F7F7A6FE0AA8F8F789FC8648F7F7E0FE3E
:100070006022214683460AA817F0D6FF0AA8F9F79E
:100080006FFB39460AA88DF88040CDF88490F9F7C7
:1000900069FE0AAB5946A2222046F7F789FE0AA854
:1000A000F8F76CFC7748F7F7C3FE60222146074655
:1000B0000AA817F0B9FF0AA8F9F752FB72490AA873
:1000C000CDF884908DF88040F9F74CFE20460AABBD
:1000D0003946A322F7F76CFE0AA8F8F74FFC2B016C
:1000E0000AEB05125AF80340C4F38734032C00F2DC
:1000F000DB80D068019990FAA0F086F89840013131
:10010000B0FA80F0C9B286F86100019191685AF89E
:10011000032022AB03EB840501230432834055F80E
:10012000700C184345F8700C086820F0F90008605E
:10013000086840F018000860564850F8241021EA7A
:10014000030140F82410544811580B431350009BEE
:10015000A3F1210298F87C30A2EB08029A4280F0C9
:100160003781009603A816F8015F2946FCF768FE60
:100170009DF80C40059F002C7FF430AF41484FF0B4
:100180000A09F7F755FE6022834621460AA817F0B0
:100190004BFF0AA8F9F7E4FA3B490AA88DF880401A
:1001A000CDF88490F9F7DEFD0AAB59469722204638
:1001B000F7F7FEFD0AA8F8F7E1FB3248F7F738FE3B
:1001C0006022214683460AA817F02EFF0AA8F9F7F5
:1001D000C7FA32490AA88DF88040CDF88490F9F723
:1001E000C1FD29460AA8F9F7CDFD2D490AA8F9F75E
:1001F000B9FD0AAB594698222046F7F7D9FD0AA85F
:10020000F8F7BCFB1F48F7F713FE602221460546AE
:100210000AA817F009FF0AA8F9F7A2FA8DF880409A
:10022000CDF884901FB139460AA8F9F79BFD0AABB7
:10023000294699220020F7F7BBFD0AA8F8F79EFB94
:100240001048F7F7F5FD6022054600210AA80024B2
:1002500017F0EAFE0AA8F9F783FA0A230A490AA85E
:1002600021938DF88040F9F77DFD20460AAB2946A1
:100270009A22F7F79DFD0AA8F8F780FB67E700BF11
:10028000008402208C710020007200202073002066
:100290003873002068C00A4000801BFEE87200200E
:1002A000FC7200209CB3002043480027F7F7C0FDF4
:1002B0006022834600210AA84FF00A0917F0B4FE15
:1002C0000AA8F9F74DFA3D490AA88DF88070CDF8D3
:1002D0008490F9F747FD0AAB5946AA223846F7F74A
:1002E00067FD0AA8F8F74AFB3348F7F7A1FD60223B
:1002F000394683460AA817F097FE0AA8F9F730FA9C
:100300002F490AA88DF88070CDF88490F9F72AFD5E
:1003100029460AA8F9F736FD2A490AA8F9F722FD65
:1003200021460AA8F9F72EFD27490AA8F9F71AFD70
:100330000AAB5946AB223846F7F73AFD0AA8F8F758
:100340001DFB1D48F7F774FD6022394604460AA8D4
:1003500017F06AFE0AA8F9F703FA1C490AA88DF8F3
:100360008070CDF88490F9F7FDFC0AAB2146AC22F1
:100370003846F7F71DFD0AA8F8F700FB0E48F7F717
:1003800057FD6022394604460AA817F04DFE0AA818
:10039000F9F7E6F909490AA8CDF884908DF880703C
:1003A000F9F7E0FC38460AAB2146AD22F7F700FD2D
:1003B0000AA8F8F7E3FACAE68C7100200072002060
:1003C000E87200204C730020307000207073002011
:1003D000019A002A00F02882934200F2A18108F1DC
:1003E0006C00102206A920F01F04F9F763F908F148
:1003F0007C02BFF34F8F4FF0E023C3F8704F2034DF
:10040000A242FAD8BFF34F8FBFF36F8FAE4B0024D9
:10041000B8F86220252593ED006A4FF0410E93ED68
:10042000007A01EE102AB8EE466A93ED004AB8EE63
:10043000477AB8F86420B8EE444AB8F86630B7EEA8
:10044000C66A02EE102AB7EEC77A03EE103AB7EE8C
:10045000C44A9E4BB8EE411B0527B8EE422B43F22F
:10046000230CB8EE433B43F20B06994A2146242065
:10047000DFF89CB2DFF89CA29FED910B86EE005B4B
:1004800087EE006B84EE007B25EE015B26EE026BAF
:10049000BCEEC55B27EE037B15EE109ABCEEC66B77
:1004A000A8F85A90BCEEC77B16EE109AA8F85C909C
:1004B00017EE109AA8F85E90B3F81E9029F007097D
:1004C000A3F81E90DD81A3F814E05C81DC80B8F80D
:1004D0005AE0DFF84492A3F800E0B8F85AE0A3F835
:1004E00010E0A3F80CC0DF855C85DC84B8F85CC044
:1004F000A3F820C0B8F85CC0A3F830C09E85A3F86C
:100500004E70A3F84A40A3F84640B8F85E70A3F8CE
:100510004070B8F85E70A3F850704FF48047A3F8AD
:100520004C60136F6B4E43F44003136712F02AF9CB
:1005300028460121684D12F025F90221262012F0EB
:1005400021F9664B1D2241F61D512846A3F884105F
:100550002146A3F8862011F033F82B68604A4FF04B
:10056000080C1A605F4A2B68C3E901B9DC60D8F84F
:1005700080009A61D8F88010C0001E61C900D8823E
:10058000594E286AD9839F82A3F81CC02979574BFA
:1005900046F8214046F82130554B5649036005EB9B
:1005A0000C002B6AC3F810A0DC60C3E90119A0217C
:1005B0002B6AD9829F82D98321469C839B6110F04C
:1005C000FFFFAB68296A988B0A6820F08000D1E9A8
:1005D00001EC9883C8681A60C3F804E0C3F808C047
:1005E000D860D1E904ECD1E90601C3F810E0C3F802
:1005F00014C09861D961BFF35F8F3F494FF0010C80
:100600002B7BDFF818E146F8234046F823103B4BDC
:10061000287B00F01F0103EB501310300CFA01FC93
:100620009B00374941F820E0214605F11000C3F84E
:1006300000C010F0C5FF2B69294A1A602B69294AAE
:10064000C3F810A0C3F804B0C3E902942B69D8F82A
:1006500080109A61D8F88020C9009F82D200D98288
:10066000287DDA8388229A83264B46F8204046F874
:10067000203023B0BDE8F08F174D2146284610F0FA
:100680009FFF214605F1080010F09AFF214605F171
:10069000100010F095FF05F1400328461A4A2B621E
:1006A00001231A492C666C66AC6685F86C40C5F867
:1006B000DC40336013F0FEFA80E400BFAFF300804B
:1006C0000000000065CDCD41B4BF002000801E4079
:1006D00000C00F4084801B40E053012000C03B401D
:1006E000001020200000FFFF00C00E401E00008010
:1006F00020102020080002031F000080403800382E
:10070000004C01205E00008054450120714D000026
:100710000800022388801B401000007CE5D7010000
:100720008E480024F7F784FB6022064600210AA8C1
:100730000A2517F079FC0AA8F9F712F888490AA8DF
:100740008DF880402195F9F70DFB0AAB3146CA229E
:100750002046F7F72DFB0AA8F8F710F97F48F7F7BE
:1007600067FB6022214606460AA817F05DFC0AA82E
:10077000F8F7F6FF7B490AA88DF880402195F9F734
:10078000F1FA01990AA8F9F7FDFA77490AA8F9F7E9
:10079000E9FA98F87C100AA8F9F7F4FA73490AA85C
:1007A000F9F7E0FA0AAB3146CB222046F7F700FB17
:1007B0000AA8F8F7E3F86948F7F73AFB6022214600
:1007C00006460AA817F030FC0AA8F8F7C9FF6849DE
:1007D0000AA88DF880402195F9F7C4FA0AAB314692
:1007E000CC222046F7F7E4FA0AA8F8F7C7F85B48E6
:1007F000F7F71EFB6022214606460AA817F014FCF4
:100800000AA8F8F7ADFF56490AA821958DF880404F
:10081000F9F7A8FA20460AAB3146CD22F7F7C8FA15
:100820000AA8F8F7ABF8DAE54C480024F7F700FB24
:100830006022064600210AA80A2517F0F5FB0AA83F
:10084000F8F78EFF46490AA88DF880402195F9F700
:1008500089FA0AAB3146C1222046F7F7A9FA0AA85D
:10086000F8F78CF83D48F7F7E3FA60222146064690
:100870000AA817F0D9FB0AA8F8F772FF3D490AA8A1
:100880008DF880402195F9F76DFA0AAB3146C22206
:100890002046F7F78DFA0AA8F8F770F82F48F7F70F
:1008A000C7FA6022214606460AA817F0BDFB0AA82F
:1008B000F8F756FF30490AA88DF880402195F9F7DE
:1008C00051FA98F87C100AA8F9F75CFA2B490AA8A3
:1008D000F9F748FA0AAB3146C3222046F7F768FA1F
:1008E0000AA8F8F74BF81D48F7F7A2FA602221464C
:1008F00006460AA817F098FB0AA8F8F731FF204926
:100900000AA88DF880402195F9F72CFA0AAB3146F8
:10091000C4222046F7F74CFA0AA8F8F72FF80F4838
:10092000F7F786FA6022214606460AA817F07CFBF4
:100930000AA8F8F715FF0A490AA88DF88040219502
:10094000F9F710FA0AABC52231462046F7F730FA1C
:100950000AA8F8F713F823B0BDE8F08F8C710020D7
:1009600000720020B0730020C8730020D0730020F4
:10097000E0730020547200208872002090720020E2
:10098000AC7200200A44A0F864101344A0F866205A
:10099000A0F86230BDF80030A0F86830FFF704BB63
:1009A00010B5803014468E461EF801CB1CF0800F27
:1009B00004D150F8802C1A4340F8802C1CF0400FD2
:1009C00004D150F8702C1A4340F8702C1CF0200F02
:1009D00004D150F8602C1A4340F8602C1CF0100F22
:1009E00004D150F8502C1A4340F8502C1CF0080F3A
:1009F00004D150F8402C1A4340F8402C1CF0040F4E
:100A000004D150F8302C1A4340F8302C1CF0020F5F
:100A100004D150F8202C1A4340F8202C1CF0010F70
:100A200004D150F8102C1A4340F8102CA4EB0E0CF3
:100A300080308C44BCF1000FB6DC10BD2DE9F04FC6
:100A4000474E83B0474D346814F0010468D0464ADD
:100A5000297B464BD1771A78002A55D00022444F83
:100A60001A704FF4206200213846F8F727FED5F8B7
:100A700060B0A96E2B6EA1EB030A95F86C30BAF149
:100A8000140F28BF4FF0140A0AEB0B022A66E3B1D9
:100A9000D5F864900024374E4FF00108019200E031
:100AA000A96E96F8380001FB04B116F8013F5246D2
:100AB000494407EB800008FA03F30134FFF770FFA5
:100AC00095F86C30A342EBDC019A3B4607EBCA1069
:100AD000BFF34F8F4FF0E021C1F8703F20339842B1
:100AE000FAD8BFF34F8FBFF36F8F2B6A4FEACA0A52
:100AF0001F60AB6E296A9B1AA1F816A008D10823C3
:100B00008B8303B0BDE8F08F01221B4F1A70A8E75A
:100B1000142B94BF102312238B8303B0BDE8F08FF6
:100B20002146284610F04CFD214605F1080010F042
:100B300047FD214605F1100010F042FD05F140028D
:100B400001230E492A6228460D4A2C6685F86C401E
:100B5000C5F8DC403360C5E9194413F0ABF876E71B
:100B600000840220E053012000800E4036840320E0
:100B7000201020204C540120201A2020714D00000C
:100B80005445012090F8223090F87C2003F03F0378
:100B90002DE9F04FD0F8804083B0023B04FB02F215
:100BA00049B9042B00F20583DFE813F09000C2007E
:100BB000F30024015801042B00F22D83DFE813F029
:100BC000A401F601430298020500002A00F0AD805E
:100BD0006FF002034FF0000E8F009F4C00934B1EEE
:100BE000F446724601932DE0009E5B1AB4440668F9
:100BF0000EF1040EB3541FFA8EFEC36913F8086099
:100C0000436903FB06F6A4FB06360368C1EBD63640
:100C100013445E70C3695D5D836903FB05F5A4FB46
:100C200005350368C1EBD53513449D700368134443
:100C3000D970D0F8802090F87C3002FB03F3724624
:100C40009E4572D2D0F81CA00CF10108D0F810908B
:100C50000CF102051AF80C301AF8086009FB03F3CE
:100C600009FB06F6A4FB0313A4FB06611AF8056052
:100C7000DB0BC90B09FB06F69942A4FB06B628BF9D
:100C80001946F60BC9B2B14228BF3146B2FBF7F69E
:100C900007FB1626002EA7D1009B4FEA9E05B34204
:100CA000019B03EB050CC0F270820CEB4C0C6FF057
:100CB00002061AF80C300CF10108009609FB03F348
:100CC000A4FB03530CF10205DB0B8EE76AB3002291
:100CD000614D036806695C18C3699B5C06FB03F3FE
:100CE000A5FB0363DB0B6370C369466913440468A7
:100CF0005B7806FB03F3A5FB0363DB0B635403681C
:100D000084691944C369134403329B7804FB03F3D9
:100D1000A5FB0343DB0B8B7091B290F87C30D0F8CD
:100D2000804004FB03F38B42D3D803B0BDE8F08FBF
:100D3000002AFAD00022484D036806695C18C3698E
:100D40009B5C06FB03F3A5FB0363DB0BA370C3698A
:100D50004669134404685B7806FB03F3A5FB036351
:100D6000DB0B6354036884691944C3691344033279
:100D70009B7804FB03F3A5FB0343DB0B4B7091B2A1
:100D800090F87C30D0F8804004FB03F38B42D3D83A
:100D9000CBE7002AC9D000222F4D036806695C18F2
:100DA000C3699B5C06FB03F3A5FB0363DB0B63706A
:100DB000036846695C18C36913445B7806FB03F358
:100DC000A5FB0363DB0BA370C36986691344046846
:100DD00003329B7806FB03F3A5FB0363DB0B635431
:100DE00091B290F87C30D0F8804004FB03F38B4242
:100DF000D3D89AE7002A98D00022174D03680669D5
:100E00005C18C3699B5C06FB03F3A5FB0363DB0B68
:100E1000A370036846695C18C36913445B7806FBDA
:100E200003F3A5FB0363DB0B6370C369866913449B
:100E3000046803329B7806FB03F3A5FB0363DB0B1B
:100E4000635491B290F87C30D0F8804004FB03F3F7
:100E50008B42D3D869E700BF03820181002A3FF4A7
:100E600064AF0025A14E2C46D0F81CE005F1010C22
:100E7000076904341EF80520A4B207FB02F2A6FBA2
:100E800002321EF80C3007FB03F3D20BA6FB0383E0
:100E900005F1020803351EF808E0DB0B07FB0EF72F
:100EA0009342A6FB07E728BF1346FF0BDBB2BB420A
:100EB00028BF3B460768D21A7A54C26912F80C70F0
:100EC000426902FB07F7A6FB07270268C3EBD73787
:100ED0000A445770C269876912F8082007FB02F2BA
:100EE000A6FB02720768C3EBD2320F44BA700268E5
:100EF0000A442146D37090F87C30D0F8802002FB61
:100F000003F39C42B0D310E7002A3FF40EAF4B1E10
:100F1000002201EB410C6FF0020E03EB4307114678
:100F20001346724E7546B3FBFCF40CFB143444B903
:100F3000A6454FF0030E1946A4BF6FF0020EF91834
:100F40007546C469033214F8018092B2046904FB47
:100F500008F8A6FB084804684FEAD8381C4484F80F
:100F60000180C4690C4494F80180446904FB08F8CA
:100F7000A6FB084804684FEAD83804F80380C4691F
:100F80000C442944A578846904FB05F5A6FB0545B6
:100F90000468ED0B1C44A570D0F8803090F87C40BC
:100FA00003FB04F413469442BCD8BEE6002A3FF487
:100FB000BCAE4B1E4FF0000C01EB41016FF0020E76
:100FC00003EB430762466346484EB3FBF1F401FB73
:100FD00014343CB9A6451A464FF0030E02DBFA184A
:100FE0006FF0020EC4690CF1030CA55C1FFA8CFCB7
:100FF000046904FB05F5A6FB05450468ED0B1C44DC
:10100000A570C46914446578446904FB05F5A6FB22
:1010100005450468ED0BE554C46914440332A57812
:10102000846904FB05F5A6FB05450468ED0B1C442B
:101030006570D0F8803090F87C4003FB04F4634680
:101040006445C2D871E6002A3FF46FAE4B1E002201
:1010500001EB410C6FF0020E03EB43071146134600
:10106000224E7546B3FBFCF40CFB143444B9A64580
:101070004FF0030E1946A4BF6FF0020EF918754623
:10108000C469033214F8018092B2046904FB08F8C1
:10109000A6FB084804684FEAD8381C4484F801804D
:1010A000C4690C4494F80180446904FB08F8A6FB69
:1010B000084804684FEAD8381C4484F80280C469A0
:1010C0000C442944A578846904FB05F5A6FB054575
:1010D0000468ED0BE554D0F8803090F87C4003FBB9
:1010E00004F413469442BCD81FE600BF038201817A
:1010F000002A3FF41AAE4B1E002201EB41016FF0B3
:10110000020E03EB4307944613466C4EB3FBF1F417
:1011100001FB143444B9A6459C464FF0030E03DB93
:1011200007EB030C6FF0020EC469033214F80C5085
:1011300092B2046904FB05F5A6FB05450468ED0BB6
:101140001C44A570C46964446578446904FB05F5D2
:10115000A6FB05450468ED0B1C446570C469644436
:101160000CF1030CA578846904FB05F5A6FB054585
:101170000468ED0BE554D0F8803090F87C4003FB18
:1011800004F41346A242C1D3CFE505EB450C1AF88F
:101190000C304FF0010A09FB03F3A4FB03630326A1
:1011A00015FB06A84FF0020ADB0B009615FB06A5FF
:1011B0001BE5002A3FF4B9AD0022404CC369066923
:1011C0009B5C056806FB03F3A4FB0363DB0B6B541A
:1011D000036846695D18C36913445B7806FB03F333
:1011E000A4FB0363DB0B6B70036885691944C36957
:1011F000134403329B7805FB03F3A4FB0353DB0B7F
:101200008B7091B290F87C30D0F8805005FB03F3DE
:101210008B42D3D889E5002A3FF487AD4B1E0022CC
:1012200001EB410C6FF0020403EB430E1146134631
:10123000224D2746B3FBFCF60CFB16364EB9B442E2
:101240004FF003041946A4BF6FF002040EEB030134
:101250002746C669033216F8018092B2066906FB7A
:1012600008F8A5FB086806684FEAD83806F8038036
:10127000C6690E4496F80180466906FB08F8A5FB8E
:10128000086806684FEAD8381E4486F80180C669A7
:101290000E443944B778866906FB07F7A5FB076754
:1012A0000668FF0B1E44B770D0F8803090F87C6061
:1012B00003FB06F613469642BBD836E5038201814E
:1012C0002DE9F04FA34F83B00546A34C3E6816F0BE
:1012D000010600F01C8123699B8B1A0606D40A20A4
:1012E000F9F74EFA23699B8B1B06F8D5626EC4F89A
:1012F000DC502B689A4249D095F87C301022D5F802
:10130000801084F86C302B689448A16605F16C015C
:101310006366F8F7CFF995F87C2005F184019048D1
:10132000F8F7C8F905F1BB0195F87C208D48F8F76E
:10133000C1F98A4B03F11001BFF34F8F4FF0E02248
:10134000C2F8703F20339942FAD8BFF34F8FBFF3F2
:101350006F8F854AB5F85A10A36E20681180DB00A4
:10136000B5F85A101182B5F85C101184B5F85C100C
:101370001186B5F85E10A2F840102169B5F85E60DC
:10138000A2F85060C382C383CB82CB8395F86010F0
:101390002846FFF7F7FB744B00217448DA8BADF851
:1013A000042022F00702DA832522DA810522DA8579
:1013B000A3F84E206E4AB2F8843043F4805343F0D1
:1013C0001003A2F88430B2F8863043F01003A2F87C
:1013D00086304FF4A052F8F771F9A16E94F86C3092
:1013E00028298B4628BF4FF0280BC4F860B0002B8B
:1013F00000F0AD80D4F864A00027DFF894814FF0AE
:1014000001095A4E00E0A16E98F8380001FB07A1CF
:1014100018F8013F5A4606EB8000013709FA03F33A
:10142000FFF7BEFA94F86C30BB42ECD84F4B06EB9A
:10143000CB10BFF34F8F4FF0E021C1F8703F203346
:101440009842FAD8BFF34F8FBFF36F8FA36EA16896
:10145000282B0E6041D8A3684FEACB0B454A1A618E
:101460000822A3F816B09A83217D434B434F197786
:101470002279DA76207B3C4AD876D97600235381CC
:10148000B5F85A3001335385B5F85A300133A2F814
:101490004A30F8F7FDF8B5F86230A66E696806FBC9
:1014A00003F3B5F86820401ADB00A7FB031302EB37
:1014B00093129042EDD3019B43F007062A4BDE8343
:1014C000F8F7E6F8D4F8DC3068609D4202D10023DA
:1014D000C4F8DC3003B0BDE8F08FA26800202549D5
:1014E0003C2B11614FF0A001276AD18290834FF00D
:1014F00012009083224A3A60226AD18204D99083F2
:10150000204B01221A70AFE710239383F8E731468E
:10151000204610F055F8314604F1080010F050F85C
:10152000314604F1100010F04BF804F14003164A64
:10153000204623620123154926666666A66684F85E
:101540006C60C4F8DC603B6012F0B4FBC3E6074E8D
:101550006CE700BF00840220E0530120001020202F
:101560004D5401208454012000801E402010202072
:1015700000C03B4088801B4000800E40D34D62106D
:10158000201A20203684032054450120714D00008C
:101590004C54012038B505460C4CF8F779F8B5F8ED
:1015A0006230D5F880106A6801FB03F3801ADB0013
:1015B000A4FB03239B0905339842EED3286810B19E
:1015C000012110F0F3FF284638BD00BFD34D621053
:1015D00090F81CC04160BCF1020FC26001D1836869
:1015E000184710F06DB800BF10B5074B82B003600C
:1015F0000190EFF3108472B610F018F9019804B955
:1016000062B602B010BD00BF28A5002010B5244C62
:1016100084B0D4F800C0DCF81C31834201D004B09F
:1016200010BD0B46590714D5DCF8341189B182B1CD
:1016300011780CF5967001930039DCF8383100927E
:1016400018BF01218DF80F100DF10F019847DDE94A
:10165000002313F0F00F0CD02068D0F8441141B1F2
:10166000D0F8481100F59E70CDE900328847DDE9D9
:1016700000321B07D3D52068D0F85431002BCED0D0
:10168000002ACCD013780DF10F01D0F8582100F5C5
:10169000A670003B18BF01238DF80F309047BEE7BE
:1016A000C06C0320184B70B51D68044604F072F836
:1016B00004F01AF92B69C01A7C2814D82368134A3D
:1016C0001B68934219D1227F0023022A6360E360E2
:1016D00004D1A3682046BDE8704018472046BDE805
:1016E00070400FF0EDBF04F06BF804F0FDF82368D4
:1016F000064A1B6828619342E5D000222046114625
:10170000BDE87040184700BFC06C032079E30100BA
:1017100010B5044604F03EF804F0E6F82369C01A58
:101720007C2800D810BD04F04BF804F0DDF82061EF
:1017300010BD00BFD0F81C1109B10B6843B990F877
:10174000262112B190F828314BB101221046704782
:101750004FF000030122A0F827311046704710B562
:1017600082B0CDE90002084606F092FA0121009B02
:101770000028019A83F8271118BF002183F8281147
:1017800002D1104602B010BD04F0B0F8044616F0C5
:10179000EDFF009B93F828210460F2E770B5044642
:1017A00082B0C06802F0B0FA02F098FA002870D057
:1017B000D4F81C0128B108F0A3FDD4F81C0108F0EE
:1017C000D7FC03F0DBFFC4F81C0190F83E3084F82E
:1017D000203190F83F3084F8213190F84030092BC7
:1017E0004FD9632B8CBF03250225404A042104F501
:1017F000917016F0F3F9854269D1237D04F1150546
:10180000002B40D022463A4928461EF005FF38B941
:10181000C4F81C0184F820010025284602B070BDE0
:10182000284603F0B3FF054600283BD0E27ED4F8FB
:101830001C01002A32D008B11B34046308F05EFC9E
:101840002C4A1378002BE8D14FF001061670EFF305
:101850001081009172B6284C019320460FF0E6FFEC
:101860002648274A0099A2600278267742F00402AF
:10187000027011B3019B6360E3601F480FF020FF0B
:10188000CBE70125B1E7284603F07CFF0123237550
:10189000B8E716F06BFF13230360BDE70028CDD037
:1018A0000263CBE71EF0C8FEC4F81C5184F8205137
:1018B00016F05CFF0E230360AEE762B6227F616024
:1018C000022AE160D9D1A26820469047A5E70D4BD6
:1018D0004FF49F720C490D4816F06CF9002016F079
:1018E00031F8012003F08CFF11F054F81C74002033
:1018F000B5E301003C8403205C43012064840320A1
:101900004DE401002074002084740020AC74002099
:1019100010B5044684B0496852685B68D0F81C0171
:101920000393CDE9011218B194F8283103B179B9C4
:101930002046FFF733FF48B1D4F81C0103AB02AADD
:1019400001A908F0C9FD2046FFF7F4FE04B010BD60
:1019500006F0DEFA002384F82831E9E7144B10B5CD
:10196000044684B05B68D0F81C010393CDE90133D1
:1019700018B113B194F828319BB92046FFF70EFF38
:1019800068B10B4900200EF04DFBD4F81C0103ABED
:1019900002AA01A908F0A0FD2046FFF7CBFE04B083
:1019A00010BD06F0B5FA002384F82831E5E700BF42
:1019B00078840220D0F81C31002B42D0214B1A78B9
:1019C00010B5044682B05ABB1F4B186802F00EF8DF
:1019D0001E4900200EF026FB94F82831D4F81C0193
:1019E000C3B91B4B1A46194608F076FD0023D4F8FC
:1019F0001C0184F8273108F083FCD4F81C0108F09E
:101A0000B7FB1EF019FE0023C4F81C3184F8203106
:101A100002B010BD06F07CFA002384F82831E5E717
:101A200000220C481A700FF0B9FEEFF310830193F7
:101A300072B608480FF0FAFE019B002BC4D162B6C3
:101A4000C2E770473C840320F06B032078840220B7
:101A50006CB700205C430120D0F81C0118B190F84D
:101A60003D00C0F380007047D1F81C3123B11A68E3
:101A7000044BC0E900327047034B024A5B68C0E97F
:101A800000237047A4A500207884022000200EF0D7
:101A9000C9BA00BFD0F81C0110B582B040B14B6884
:101AA00001A9019307F01CFA48B9012002B010BD4A
:101AB00016F05CFE73230360002002B010BD03F03B
:101AC00015FF044616F052FE0460F5E7D0F81C013D
:101AD00010B582B040B14B6801A9019307F056FAE6
:101AE00048B9012002B010BD16F040FE7323036018
:101AF000002002B010BD03F0F9FE044616F036FED9
:101B00000460F5E738B500F11B058D4210D00B4697
:101B1000044671B1084A4FF48071284616F05EF809
:101B2000D4F81C3123B1E27E002A08BF15461D639C
:101B300038BDC176F4E700BF6C3D00201E4B00208D
:101B40001E4A196810B51E4CC2E900404A1C1A60B2
:101B5000C9B11C4A1C491D4812F0ACF81C4A136854
:101B6000591C116003B31B4C164A1B491B4812F049
:101B7000A1F824681A4B134A1C601A491A48BDE898
:101B8000104012F097B8194C4FF4EE72184816F046
:101B90004BFA2046883401F047FF164B9C42F8D19F
:101BA000154B134A1A60D4E714481EF04DFD094C3A
:101BB000124B2360D8E700BF1C87022078840220E4
:101BC000A4A5002054450120A9000000F06C0320CA
:101BD000B8850220BC85022075000000CC6C032073
:101BE000C06C032091E301005C4301206887022060
:101BF000248702200089022020870220C08502203D
:101C0000416170474069704741767047407E704738
:101C1000C06920B1406810B1036801209972704713
:101C2000C06918B1406808B10368987A704700BF6E
:101C3000C06920B1406810B103680120D9727047B3
:101C4000C06918B1406808B10368D87A704700BF0E
:101C5000C06820B1406810B10368012099727047D4
:101C6000C06818B1406808B10368987A704700BF2F
:101C7000C06820B1406810B103680120D972704774
:101C8000C06818B1406808B10368D87A704700BFCF
:101C9000174A0346006A02F178011A601961D8B147
:101CA0004268013A4260BAB90268124992688A42AF
:101CB00000B583B012D18268013A82604AB90268E5
:101CC000DFF834C0D168009361450DD15268904768
:101CD000009B184603B000BD18467047CDE90003CD
:101CE0009047DDE90003E6E78847009BF1E700BF86
:101CF000E4AB0020690000006D000000154B10B53A
:101D000003F178020446006A82B02360226198B130
:101D10004368013B43607BB903680F4A9B68934269
:101D200011D18368013B836033B903680B49DA68DA
:101D30008A420CD15B6898472046242110F036FC7B
:101D4000204602B010BD019098470198E9E79047FE
:101D5000F2E700BFE4AB0020690000006D00000066
:101D60000EB400B582B003AA52F8041B019215F01C
:101D7000D3FF02B05DF804EB03B070474FF0000CE6
:101D80000D4A4FF47A7300B580F80CC002F1780E5A
:101D9000C0F804C04FF4807C8360026043610A682D
:101DA0004B68C0F810E0A0F818C0C0E9072313B1D1
:101DB0005A6801325A6000BDE4AB0020C269034694
:101DC000516800B583B051B15278154982F00102D3
:101DD00008681A76FFF79CFC012003B000BD006A7A
:101DE000C3E9071198B14368013B43607BB90368BD
:101DF0000C4A9B6893420DD18368013B836033B9E1
:101E000003680949DA688A4208D15B68984700206C
:101E100003B000BD019098470198EDE79047F6E7C1
:101E2000C06C0320690000006D000000C2690AB1A7
:101E3000027E0AB90020704710B50446FFF7BEFFC6
:101E400020B1E369587880F0010010BD002010BD7A
:101E5000C269002A36D0017E034600B583B061B95D
:101E6000517819B9D2E90402904210D0194B186880
:101E7000FFF74EFC012003B000BD0190FFF79EFF6D
:101E80000028F8D0019BDB69587803B000BD186AC0
:101E9000C3E9071198B14368013B43607BB903680C
:101EA0000D4A9B6893420FD18368013B836033B92D
:101EB00003680A49DA688A420AD15B6898470020B9
:101EC00003B000BD00207047019098470198EBE7F0
:101ED0009047F4E7C06C0320690000006D0000002B
:101EE000C26912B3017E034600B583B091B951783F
:101EF00039B9D2E9040290421AD00021084603B051
:101F000000BD1C4B01911868FFF702FC01990846BF
:101F100003B000BD0190FFF751FF0028EDD0019BF9
:101F2000DB695978084603B000BD002108467047B8
:101F3000186AC3E907110028DFD04368013B4360FA
:101F4000002BDAD103680C4A9B6893420CD183685A
:101F5000013B8360002BD0D103680849DA688A42CC
:101F600006D15B689847C8E7019098470198EEE76B
:101F70009047C2E7C06C0320690000006D000000BC
:101F800070B582B005460E461446FFF7A9FFF8B1BA
:101F9000E9694B68E3B11E4A10680090B4B1186853
:101FA000B0F86420C2B1A24228BF224692B20123F7
:101FB000314601920CF070F808BB019A009801922A
:101FC000FFF7A6FB019A104602B070BDFFF7A0FB19
:101FD0000022104602B070BD01910CF031FF009854
:101FE000FFF796FB01994B68002BF1D01868B0F809
:101FF0006420A24228BF224642B90022DEE703F055
:1020000075FC044616F0B2FB0460F6E792B2CEE728
:10201000C06C032000B583B001228DF807100DF1CC
:102020000701FFF7ADFF03B000BD00BF10B582B0E0
:102030000446FFF755FF98B1E3695A6882B110680A
:10204000B0F864207AB10A4A01931068FFF760FB88
:10205000019B5B6823B11B68B3F8640002B010BD3C
:10206000002002B010BD01930CF0EAFE019BEAE7EC
:10207000C06C032010B50446FFF732FF58B1E36986
:102080005B6843B118680CF0DBFE034BBDE8104001
:102090001868FFF73DBB10BDC06C0320C369002B5F
:1020A0003CD070B50D46017E82B0064699BBD3E99F
:1020B0000401814234D012B9002002B070BD091A67
:1020C000D3F80CC0A1EB0C0E724528BF72469DB12F
:1020D00092B1012A00EB0C0171D0284601930092C5
:1020E00015F010FF019BF069009AD0F80CC0D3E9FD
:1020F00004E10346A1EB0E0102EB0C008842D8601C
:1021000006D3D3E90410814218BF59610021D96078
:10211000104602B070BDFFF751FECDE700207047BA
:10212000597800292FD059680029C5D0304908684E
:10213000CDE90023FFF7ECFA009A002ABCD0019BFE
:1021400059680029B8D0D1F810E0D1E90104A4EB16
:10215000000CE645B0D2ACEB0E0C624528BF6246DF
:1021600065B1012A00EB0E0139D02846009215F026
:10217000C9FE019B009A5968D1F810E002EB0E03EA
:1021800010460B6199E7306AC6E90711002893D021
:102190004368013B4360002B8ED10368154A9B685E
:1021A000934218D18368013B8360002B84D102687D
:1021B0001149D3688B4219D1536898477CE710F8CE
:1021C0000C102970F069D3E904E1D0F80CC0034683
:1021D000A1EB0E0190E7009098470098E2E710F815
:1021E0000E1029705968D1F810E0C7E7984763E7E7
:1021F000C06C0320690000006D000000C16941B39C
:10220000037E024600B583B043B9D1E9040383429B
:1022100009D0181ACB68C01A03B000BDFFF7CEFD75
:10222000002003B000BD4B78ABB14B68002BF7D05A
:102230001A4B01911868FFF76BFA01994B68002B54
:10224000EED0D3E901201B69801A8342E8D2C01A7C
:10225000E2E700207047106AC2E907330028DFD0A8
:102260004368013B4360002BDAD103680C4A9B684A
:1022700093420CD18368013B8360002BD0D102686C
:102280000849D3688B4206D153689847C8E7019044
:1022900098470198EEE79847C2E700BFC06C03205B
:1022A000690000006D000000C36933B3017E02467F
:1022B00000B583B0D9B9D3E90410884203D0DB68F4
:1022C000C85C03B000BD5978D1B15A688AB11D4AC3
:1022D00001931068FFF71CFA019B5B684BB1196909
:1022E000D3E90102131A994203D2405CE9E7FFF7F0
:1022F00065FD4FF0FF3003B000BD4FF0FF30704779
:10230000106AC2E907110028F3D04368013B43601B
:10231000002BEED103680C4A9B6893420CD1836872
:10232000013B8360002BE4D102680849D3688B42EB
:1023300006D153689847DCE7019098470198EEE78B
:102340009847D6E7C06C0320690000006D000000CC
:10235000C369002B37D0024600B590F818E083B06F
:10236000BEF1000F29D1D3E904C161450ED0D86870
:10237000A1EB0C01421C8A42DA601CF8000003D376
:10238000C3F814C0C3F80CE003B000BD5978E9B13C
:102390005A68A2B11E4A01931068FFF7B9F9019B70
:1023A0005B6863B11969D3E90102121A914206D23E
:1023B0004A1C1A61405C03B000BDFFF7FFFC4FF000
:1023C000FF3003B000BD4FF0FF307047006AC2E934
:1023D00007110028F3D04368013B4360002BEED186
:1023E00003680C4A9B6893420CD18368013B83606D
:1023F000002BE4D103680849DA688A4206D15B6899
:102400009847DCE7019098470198EEE79047D6E7B8
:10241000C06C0320690000006D000000C369002B40
:102420006AD05A68F0B50E4685B00446002A00F01E
:102430009680007E597800283BD000295DD0106836
:1024400000930AF027F8009B002848D19EB103F0C2
:102450004BFAE36905465BB90DE003F045FA6369A1
:10246000401B984280F0938011F040FBE36913B168
:102470005B78002BF1D10023206AC4E907330028E0
:102480002BD04368013B4360002B26D10368444AAC
:102490009B68934269D18368013B8360EBB9036811
:1024A0004049DA688A4277D15B6805B0BDE8F04000
:1024B00018470029DFD0106800930CF0C1FC3A4A9D
:1024C0001068FFF725F9009B5A68002AB7D100234E
:1024D000206AC4E907330028D3D105B0F0BD5B689A
:1024E0000090186809F0F2FD009803F0FFF9054626
:1024F00016F03CF90560BEE770471068009309F0DC
:10250000C9FF009B002834D15D6800212F46596027
:10251000002DB0D02868009309F08EF9EA69009B7D
:1025200072B105F114002A6A039503A9019090473E
:10253000ED69009B25B1019803220146A847009B45
:10254000786828B1F9680093091A10F02FF8009BF9
:1025500024213846009310F029F8009BB4E7006A64
:10256000C4E9072200288CD1B7E70090984700986B
:1025700091E759680190086809F0A8FD019803F0F7
:10258000B5F9054616F0F2F8009B0560BCE716F0B9
:10259000EDF8742303606EE705B0BDE8F040104726
:1025A000690000006D000000C06C032070B50E468D
:1025B00084B0002104461D460192FFF72FFF02F070
:1025C0008FF9019B0146324602A802F087FF0020E6
:1025D0000021DDE90232CDE90201206AE3612262D5
:1025E00018B14268013A426042B1002B49D085F0EF
:1025F0000103237635BB012004B070BD03682E4A69
:102600009B6893424CD18368013B8360002B3BD095
:102610000398A8B14368013B43608BB903689B688A
:10262000934242D18368013B83604BB903682349DD
:10263000DA688A4203D15B689847E369D5E7904737
:10264000E369D2E703F050F9E369054653B910E0B6
:1026500003F04AF96369401B98421FD211F046FA11
:10266000E36933B15A78002AF2D013B15B78002BBA
:10267000C1D100212046FFF7D1FE16F077F8742370
:102680000360002004B070BD0368DFF830C0D96873
:1026900061450ED15B689847074AB9E7E369E4E70B
:1026A00001909847044A0198ADE701909847019836
:1026B000B8E78847004AABE7690000006D000000FA
:1026C00000B50B4683B0D3F804C001A9437ECDF812
:1026D00004C0FFF76BFF03B000BD00BF30B58C46F0
:1026E00085B00B49002305461446604641F2883206
:1026F000CDE9021302A90DF021FD38B12246039C59
:102700006B7E01A928460194FFF750FF05B030BD4C
:10271000A4A50020417EFFF781BE00BF0021FFF786
:102720007DBE00BF10B582B00446FFF7D9FBA8B14B
:10273000E3695A6892B1106801930CF081FB084A72
:102740001068FEF7E5FF019B5B683BB101220021A9
:10275000186802B0BDE8104009F0BABE02B010BD62
:10276000C06C0320C2693AB35268034600B583B017
:1027700022B10190106809F0A9FC019B0022186A9F
:10278000C3E90722B0B14368013B436093B90368D2
:102790000E4A9B68934210D18368013B83604BB91A
:1027A00003680B49DA688A420BD15B6803B05DF8B5
:1027B00004EB184703B000BD70470190984701989B
:1027C000EAE703B05DF804EB104700BF69000000C2
:1027D0006D00000010B5C46982B0D4F804C0BCF12B
:1027E000000F1BD00446DCF800000AF005F810B911
:1027F000012002B010BD0B484FF4B9730A4A0B49CF
:1028000000902046FFF7ACFA002015F09BF801205D
:1028100002F0F6FF2046FFF7A5FFE9E7604602B0A9
:1028200010BD00BFF0740020D4740020AC740020F0
:1028300010B582B00446FFF753FB48B10DF1060313
:10284000002201212046FFF7C5FF08B1BDF80600B0
:1028500002B010BD10B582B00446FFF741FB48B18D
:1028600000220DF1060320461146FFF7B3FF08B121
:10287000BDF8060002B010BD10B584B0044608468D
:102880000191FFF72DFB30B10023019803AA1946EF
:10289000FFF7A0FF38B9084B2046084A5B68C4E937
:1028A000002304B010BD03A803F01CF8034BC4E9D7
:1028B0000030204604B010BD80840220A4A5002072
:1028C00010B584B0044608460191FFF709FB30B10A
:1028D0000023019803AA0121FFF77CFF38B9084BB8
:1028E0002046084A5B68C4E9002304B010BD03A871
:1028F00002F0F8FF034BC4E90030204604B010BDDD
:1029000080840220A4A50020C06948B1406838B185
:102910000268538B29B923F0400301205383704789
:10292000704743F04003012053837047194B002048
:10293000194A196810B5194CC2E900404A1C1A60BE
:1029400081B1174A1749184811F0B4F9174A1368AA
:10295000591C1160BBB1124A15491648BDE8104018
:1029600011F0A8B9144C4FF4EE72144815F05CFB4A
:102970002046883401F058F8114B9C42F8D1114B95
:102980000E4A1A60DDE7104C20461DF05DFE0F4B2D
:102990001C60E0E71C87022080840220A4A50020A0
:1029A00054450120A9000000F46C0320B8850220E2
:1029B00075000000D06C0320688702202487022065
:1029C0000089022020870220C0850220BC850220C9
:1029D000C3890BB90120704700B583B0CDE9000170
:1029E00001F07EFFDDE90032D98903B05DF804EB28
:1029F00002F0F0BAC3890BB91046704710B504460F
:102A000082B0CDE9001201F06BFFE189DDE900231E
:102A100002B0BDE8104002F053BA00BFC3890BB941
:102A20001846704700B583B0019001F059FF019B33
:102A3000D98903B05DF804EB02F098BAC38903B9F1
:102A4000704700B583B0019001F04AFF019BD9891E
:102A500003B05DF804EB02F065BA00BF38B50D4B6A
:102A60000446036015F082FEE38905682BB915F072
:102A70007DFE034620461D6038BD01F031FFE1892F
:102A800002F028F80023E38115F070FE034620468B
:102A90001D6038BD74AC002038B50D4B0446036092
:102AA00015F064FEE38905684BB915F05FFE034637
:102AB000102120461D600FF079FD204638BD01F041
:102AC0000FFFE18902F006F80023E381EDE700BF84
:102AD00074AC0020044A002302600122436082603B
:102AE0000373C3814181704774AC0020C389F0B582
:102AF000044683B00D46164673B121B1037A13B173
:102B000043898B422AD015F031FEE38902681746CB
:102B10008BB915F02BFE076001F0E2FE3246294624
:102B200001F006FF019010F0FF0002D0BDF8060092
:102B300048B903B0F0BD01F0D3FEE18901F0CAFF4E
:102B40000023E381E5E7002D4FF00103E08108BF9A
:102B50000020A360267360810120EAE7037B934293
:102B6000D1D1F9E7027A02B9704700224189FFF713
:102B7000BDBF00BFCB8910B5044686B093B92422EF
:102B80000021204615F050FA424A4FF47A73012191
:102B900002F178002260A3606176C4E90403204654
:102BA00006B010BD019101F09BFE0199CA89014652
:102BB00002A802F05BF8384B1868FEF7A9FDDDE9C2
:102BC0000230002B3BD0012204931A72059010B101
:102BD00043681344436004A92046FFF7CFF80598E3
:102BE00098B14368013B43607BB903682B4A9B68FB
:102BF00093423DD18368013B836033B90368284920
:102C0000DA688A423ED15B68984703980028C6D0AC
:102C10004368013B4360002BC1D103681F4A9B6896
:102C2000934229D18368013B8360002BB7D10368AD
:102C30001B49DA688A4223D15B689847AFE70028CE
:102C40009DD04368013B4360002B98D10368134A31
:102C50009B68934218D18368013B8360002B8ED11F
:102C600003680F49DA688A4212D15B68984786E7A1
:102C7000019098470198BDE7019098470198D1E7E6
:102C800090478CE79047C0E7019098470198E2E7AA
:102C9000904774E7E4AB0020C06C0320690000009B
:102CA0006D000000174B19684A1C10B51A6081B1FD
:102CB000154A1649164810F0FDFF164A1368591CAC
:102CC0001160BBB1104A14491448BDE8104010F01F
:102CD000F1BF134C4FF4EE72124815F0A5F92046DF
:102CE000883400F0A1FE104B9C42F8D10F4B0D4AE6
:102CF0001A60DDE70E4C20461DF0A6FC0D4B1C6053
:102D0000E0E700BF1C87022054450120A900000015
:102D1000F86C0320B885022075000000D46C0320F5
:102D20006887022024870220008902202087022051
:102D3000C0850220BC850220B0F8500080B27047E8
:102D4000406900B1807A7047406900B1C07A70472D
:102D5000704700BFC26D002A06DBD0E91003181AC5
:102D6000824201D2801A704700207047C36D002B49
:102D700008DBD0E91012521A934203D25A1CC265E2
:102D8000C85C70474FF0FF30704700BFC36D002B29
:102D900006DBD0E91012521A934201D2C85C704788
:102DA0004FF0FF30704700BF10B50446406930B1A6
:102DB000A37E2BB90CF09AFF00236361238310BD1F
:102DC000064B04F11C011868FEF780FE044B00223C
:102DD00060695B68A2762362ECE700BFC06C0320E9
:102DE0008884022010B5044601F14C0002F07AFDFF
:102DF000024B02462046C4E9003210BDA4A50020C3
:102E000090F8603053B14FF6E272D0E91A135B1AB2
:102E1000934203DC4FF6E370C01A704700207047FE
:102E20000AB3C36D002B1EDB30B5D0E910E483B0CC
:102E3000A4EB0E0C634518D2ACEB030C0C46054614
:102E4000624528BF624649B1012A0EEB03010FD04B
:102E50002046019215F056F8EB6D019A1344104686
:102E6000EB6503B030BD00207047002003B030BDDB
:102E70001EF803302370C36DF0E700BF90F8603098
:102E8000ABB14FF6E27CD0E91A23F0B515469A1A99
:102E900083B0624502DD002003B0F0BD046FA342A1
:102EA00007D01970C36E0133C3660120F4E71846DA
:102EB0007047012A2CBF9318531C074601911846EE
:102EC0001E4600920FF06CFB0346DDE900218154A1
:102ED0007AB9013228461A4435B1611BCDE9002385
:102EE0000FF064FBDDE900239919C7E91A3239674D
:102EF000DBE7294601900FF0B9FADDE90023E8E7A6
:102F00009A4275D02DE9F04FA3EB020816464768A8
:102F100083B082680D4604469146D21B904525D861
:102F20007A1A9045914664D2A7EB08023B46511E9F
:102F3000C2EB470C11F8010F03F8010B6345F9D1FF
:102F4000636843446360AB1A521BF818012A71DDB1
:102F5000294614F0D7FFB8F1010F67DD424631462C
:102F6000284603B0BDE8F04F14F0CCBF03686FF003
:102F700000429A46FB1AD11A884561D898452CBF61
:102F80004344DB18934228BF1346184601930FF0C1
:102F900007FB5545034683460AD0A5EB0A000AF114
:102FA000FF32184412F8011F03F8011B8342F9D1C4
:102FB0003146424618460FF059FABD4200EB08066A
:102FC00006D07F1B304629463E443A460FF04EFA63
:102FD000BAF1000F04D0A9EB0A0150460FF0E6FA4F
:102FE000019B5B44C4E900B6A36003B0BDE8F08F69
:102FF0007047B1185A1A002A20DD38460FF036FA09
:103000006368A8EB0908BD424344636009D06A1EA7
:1030100003EB090012F8011F03F8011B8342F9D1E9
:1030200063684A464B44012A636098DCDDD13378FB
:103030002B70DAE78FD12A78FA548CE73B46E0E729
:10304000014810F055FE00BF58750020002A18BF37
:10305000002910B514D090F86030012B10D194469F
:103060000A46C16E4FF6E37450F8683FCB1AE41A73
:10307000644528BF64461319FFF742FF204610BD80
:103080000024204610BD00BF406800B1807A704720
:10309000406800B1C07A70474369002B4FD0294B7C
:1030A00030B5044689B01868FEF732FB216B002961
:1030B0003FD0A36B013900202163591C4FEA431E06
:1030C000D4E909C2A2EB0C020CEB43135211B1FB81
:1030D000F2F502FB15119A8ADD68A163ADF81420A0
:1030E0003CF80EE05968D86058609A689860186992
:1030F00004909869DB690690206C0793A4F83CE083
:10310000A36CA564C4E9101220B1191A0FF04EFA8D
:10311000D4E91012BDF81430501A0499A4F85030B4
:10312000E164DDE9063263650023A265E36509B069
:1031300030BD4FF0FF334FF0FF30E365F7E74FF05E
:10314000FF307047C06C03200AB3C36D002B1EDB39
:1031500030B5D0E910E483B0A4EB0E0C634518D26F
:10316000ACEB030C0C460546624528BF624649B1EC
:10317000012A0EEB03010FD02046019214F0C2FE8B
:10318000EB6D019A13441046EB6503B030BD00208F
:103190007047002003B030BD1EF803302370C36DAC
:1031A000F0E700BF436913B101209972704700B581
:1031B00083B0CDE900012E200CF0E0FD009A03461B
:1031C0000199506118B10120997203B000BD064AFF
:1031D00000901068FEF79CFA15F0C8FA0C21024620
:1031E00000981160F1E700BFC06C0320436913B180
:1031F0000120D972704700B583B0CDE900012E20BF
:103200000CF0BCFD009A03460199506118B10120F1
:10321000D97203B000BD064A00901068FEF778FA34
:1032200015F0A4FA0C21024600981160F1E700BFE6
:10323000C06C0320436813B101209972704700B538
:1032400083B0CDE900012E200CF098FD009A0346D2
:103250000199506018B10120997203B000BD064A6F
:1032600000901068FEF754FA15F080FA0C2102461F
:1032700000981160F1E700BFC06C0320436813B1F0
:103280000120D972704700B583B0CDE900012E202E
:103290000CF074FD009A03460199506018B10120AA
:1032A000D97203B000BD064A00901068FEF730FAEC
:1032B00015F05CFA0C21024600981160F1E700BF9E
:1032C000C06C032010B54C6882B04169034669B1F7
:1032D000A3F8782001225C6783F86020D3E91A10F4
:1032E0008142104618BFD96602B010BDCDE9000278
:1032F0002E200CF043FD009B019A58610028E7D175
:10330000054B00901868FEF703FA15F02FFA0C220F
:10331000034600981A60E7E7C06C032030B500232D
:1033200085B0044608461849154641F28832CDE971
:10333000021302A90CF002FF08B905B030BD6369A1
:10334000039A6BB16267A4F87850D4E91A318B42C2
:1033500018BFE3660123184684F8603005B030BD1D
:103360002E2001920CF00AFD019A60610028E9D13B
:10337000064A01901068FEF7CBF915F0F7F90C2119
:10338000024601981160D8E7A4A50020C06C032074
:103390001E4B70B503F16802054640692B602A6137
:1033A00018B1AB7E23BB0CF0A1FCA86E18B1296F3D
:1033B000091A0FF0FBF8286C18B1A96C091A0FF064
:1033C000F5F8D5E90946B4420AD0636818461BB13E
:1033D000E168C91A0FF0EAF82034A642F5D16E6A06
:1033E00026B1E96A3046891B0FF0E0F8284670BD27
:1033F000074B05F11C011868FEF768FB054B00221E
:1034000068695B68AA762B62CDE700BF64AB0020D9
:10341000C06C03208884022010B50446FFF7B8FF73
:103420008C2120460FF0C2F8204610BD2DE9F04F48
:1034300089B0BDF848A0002947D09B4616460546EE
:103440000F46002A00F08E8002F04EFA0190D5E976
:103450000931D5E90C02C91A4FEA4219B0EB611FD4
:103460004FEA611C03EB421432D001302863013271
:103470000021B2FBFCF00CFB10226A6323F8091058
:10348000D4E901829045464A126818BFC4F8088002
:103490002261A2610022A282E2613289029222BBF1
:1034A000DBF800203046019922613E4AA4F814A0BE
:1034B0005269E161A2617A8923F8092007F088FA4C
:1034C000D5F888300133C5F8883009B0BDE8F08FF1
:1034D000A86BD5F8841001300131C5F88410B0FB19
:1034E000FCF10CFB1100A863C1E7E268211D029802
:1034F000A2EB08020391A1689042059216D8DDF86C
:103500000C8002952546039634461E4600E0A968C5
:103510006268404663891344FFF7F2FC2468002C7C
:10352000F5D133462C46DDE90256B9E7A1EB080296
:10353000079304920FF034F8049A079B0690F2B9AF
:10354000B8F1000F05D00599404607930FF02EF80B
:10355000079B06980499029A014460600244C4E9FA
:103560000212CCE740690028AFD0AB7E63B90CF003
:10357000BDFB00236B612B8309B0BDE8F08F414692
:103580000EF074FF079BDBE7074B05F11C01186881
:10359000FEF79CFA054B68695B68AE762B62E6E73E
:1035A0006CB7002080820320C06C03208884022036
:1035B00090F86030002B6FD0D0E91A3170B5C91A7D
:1035C00084B00446B1F5803F80F284808BB24FF422
:1035D000207238201946039307F064FA0546002844
:1035E0005CD0D4E91A12914203D0039A07F09EFCF2
:1035F00068BBB4F8783004F17402294660699BB264
:103600000CF0D2FA0023A26E064684F860302846F9
:10361000A4F86430E36E9A42364B18BFE26600228B
:103620001B68A4F878206367C4F88020E36707F07C
:10363000CFF916B9012004B070BD304602F056F93A
:10364000044615F093F80460002004B070BD0390A8
:10365000284607F0BDF90022039B84F86020A4F8F7
:103660006420244A03931268D4E91A1062678142E5
:103670002148E26718BFE16600210068A4F87810CD
:10368000C4F88010FEF744F8039802F02FF90446BE
:1036900015F06CF80460D7E700207047D4E91A32BF
:1036A000154993424FF0000284F8600018BFE366AA
:1036B000104BA4F878201B68A4F864006367E367E4
:1036C0000868C4F88020FEF723F815F04FF80C23A3
:1036D0000360B9E7094C40F29513094A094900947F
:1036E000FEF73EFB002014F02DF9012002F088F8CF
:1036F0000FF050F96CB70020C06C032088750020D3
:1037000070750020AC740020F8B54FF47A72002474
:10371000294B01290E46047338BF01260360B1F11D
:10372000806F04838476C0E9014203F16802234B71
:10373000C0E90424C0E907343AD2054670010EF00E
:103740002FFF1F4F00EB461603466862EE622022F1
:103750000021184614F068FC03463A684FF0000157
:10376000203384820261B342C4618261EFD1AB62D3
:103770004FF0FF33A5F850402846AC652C63A5F800
:103780007840AC876A65EB6585F86010A5F8644001
:10379000EA67C5F88040C5E90D44C5E91044C5E9AC
:1037A0001242C5E91A44C5E91C42C5E92144F8BDE5
:1037B000044810F09DFA00BF64AB0020A4A50020CF
:1037C0006CB70020EC75002030B51546027E04462B
:1037D00083B00B464069002A32D0428A8A4202D125
:1037E000627EAA4229D0A27E002A41D101930CF028
:1037F0007DFA0022019B626122832E2001930CF04E
:10380000BDFA019B6061002850D025B1427A42F098
:103810000402427260691A4629490CF06FF80346A7
:10382000606993B901212246657621762549019385
:103830000CF04AFA019BC4E92133012003B030BDEA
:103840000028DAD0002DE6D0E0E740B1A27EF2B940
:1038500001930CF04BFA0022019B6261228318460F
:1038600002F044F8044614F081FF04600020E5E70C
:10387000154A04F11C0101931068FEF727F9134A59
:10388000002160695268019BA1762262AEE70E4A70
:1038900004F11C0101931068FEF718F90B4A00218E
:1038A00060695268019BA1762262D1E7064B1868D5
:1038B000FDF72EFF14F05AFF0C230360D6E700BF7C
:1038C0006CB70020D5010200C06C03208884022060
:1038D0000022FFF779BF00BF30B50D4683B0114617
:1038E00000220446FFF770FF10B9002003B030BD7E
:1038F000134B29461B6818460093FEF7CBF8034686
:1039000028B10120A0766B68236203B030BD6069E6
:103910000028EAD0A27E2AB90CF0E8F900236361FE
:103920002383E2E704F11C0100980193FEF7CEF82F
:10393000019B044AA376536860692362ECE700BFE9
:10394000C06C032088840220194B0020194A196892
:1039500010B5194CC2E900404A1C1A6081B1174ADF
:103960001749184810F0A6F9174A1368591C116036
:10397000BBB1124A15491648BDE8104010F09AB97B
:10398000144C4FF4EE72144814F04EFB2046883469
:1039900000F04AF8114B9C42F8D1114B0E4A1A60C4
:1039A000DDE7104C20461CF04FFE0F4B1C60E0E79B
:1039B0001C87022088840220A4A5002054450120F1
:1039C000A9000000FC6C0320B885022075000000EF
:1039D000D86C0320688702202487022000890220F7
:1039E00020870220C0850220BC8502200D4A137862
:1039F00003B970470346006810B582B0019301F027
:103A0000C1FF0021019B074A19601170197108B9A3
:103A100002B010BD01F06AFF044614F0A7FE046076
:103A200002B010BD3B84032038B504460025402277
:103A3000053029462560257114F0F6FA4022294602
:103A400004F1450014F0F0FA204684F88550A4F8FB
:103A5000865038BD38B5194B1D686A1C1A604DB1C7
:103A6000174C184A1849194810F024F9184B2268C5
:103A70001A6038BD174C4FF4EE722946154814F001
:103A8000D3FA6564402284F84850002104F14900CB
:103A900014F0CAFA04F189004022002114F0C4FA9B
:103AA00088340D4B84F84150A4F842509C42E8D130
:103AB000034CA3F5CC732360D3E700BF1C8702201F
:103AC0002087022054450120A9000000006D03203A
:103AD000F06B032024870220BC880220A1B10B4692
:103AE000D0E901212DE9F0430E46891A83B004463E
:103AF0008B420AD800211046012B00F8011B39D156
:103B0000606003B0BDE8F083704701680F46511A4A
:103B10006FF000420D46511A994238D3AB422CBF88
:103B2000E91869190193914228BF11460846894650
:103B30000EF036FD019B00218046012B41552844A3
:103B400004D05A1E013014F06FFA019B2A46BDB909
:103B50002FB1F11B384601930EF028FD019B2B4439
:103B600008EB0902C4F800804344C4E9013203B001
:103B7000BDE8F083D5185A1E14F056FA2846BFE760
:103B80003946404601930EF071FC019BE0E7014885
:103B900010F0AEF820760020174B19684A1C10B5BB
:103BA0001A6081B1154A1649164810F083F8164A72
:103BB0001368591C1160BBB1104A14491448BDE880
:103BC000104010F077B8134C4FF4EE72124814F016
:103BD0002BFA20468834FFF727FF104B9C42F8D180
:103BE0000F4B0D4A1A60DDE70E4C20461CF02CFDF1
:103BF0000D4B1C60E0E700BF1C87022054450120EC
:103C0000A9000000046D0320B885022075000000A3
:103C1000DC6C0320688702202487022000890220B0
:103C200020870220C0850220BC850220084B5A68EC
:103C3000920100D470474FF00071064A59604FF06E
:103C40000003BFF35B8F1370BFF35B8F704700BF40
:103C500000802D40A86C032001F028BE094BDB6ECC
:103C600013F440630BD0084A0123D2F8E410D2F8D1
:103C7000E82009BA0160110E120C01714271184658
:103C8000704700BF00C00F4000802D40114BDB6E1D
:103C900013F440631CD0EFF3108172B6BFF35F8F53
:103CA000BFF34F8FBFF36F8F03680B4A1BBAC2F885
:103CB000E43083885BBA1B04C2F8E83081F31088D3
:103CC000BFF35F8FBFF34F8FBFF36F8F012070473C
:103CD0001846704700C00F4000802D40094A08B5C3
:103CE0001368012B0CD0023B022B01D8012008BD28
:103CF0001CF08AFC034A1068013818BF012008BD77
:103D0000002008BDA46C0320704700BF30B56C4C88
:103D100083B02368002B51D1002978D03F2900F3CC
:103D20008780684801680B4606E05A88950454BFAE
:103D30002033654B99427BD05A881404F5D44A88C5
:103D4000920454BF203160490160588810F0370058
:103D500072D119884FF4C172019306F0A3FE019B42
:103D60000446002868D0018958681F3120F01F02DE
:103D700021F01F010144BFF34F8F4FF0E020C0F846
:103D80005C2F20329142FAD8BFF34F8FBFF36F8F71
:103D9000596820462289019307F0C8F8019B002842
:103DA0007ED15988494A01F4005149480A435A8052
:103DB0004FF080730361204603B030BD454A12685E
:103DC000042A20D1012B39D0022B0BD1404B5A6849
:103DD000120263D5D3F840C03F4AA2F800C04FF4A6
:103DE00000025A603D4B1B7890F83D20C2F38002E0
:103DF0009A4208D0002B39D1394B1B781BB901915D
:103E000006F07EFA019900232360002986D1354A05
:103E10004FF00101BFF35B8FD2E84F3FC2E8401F74
:103E20000028F9D1DBB2BFF35B8F002B3FF479AFF1
:103E30000024204603B030BD0024B2E7244AD2F863
:103E400004C01CF4000FDFD0136C4FF4000C234DA2
:103E5000C3F3800E13F00403C2F804C085F800E039
:103E6000C2D0214BC2F804C01364AFE71A4B1F4AFB
:103E70001B88019113F0020F0CBF4FF0640C4FF040
:103E80000A0CC2F800C0C3F3800CC3F3803382F87D
:103E900004C0937106F0F4F90199B4E70223B3E783
:103EA000134B40F2C7221349134813F083FE00203E
:103EB00013F048FD012001F0A3FC0EF06BFD00BFE4
:103EC000BC6C032054430120C04E01200080FFFF42
:103ED00000802D40A46C0320148403204B84032015
:103EE0003A840320A86C0320000042604C43012068
:103EF0003C760020AC760020AC740020394B1B6867
:103F0000042B39D1384B1A68012A10B582B037DD3D
:103F1000022A56D1354A5168090255D5D2F840C017
:103F20003349A1F800C04FF4000C3249C2F804C074
:103F30000A7890F83D10C1F38001914218D0002A10
:103F400044D02B4A2C491288019312F0020FC2F37D
:103F5000800EC2F380320CBF4FF0640C4FF00A0C9D
:103F600081F804E0C1F800C08A7106F089F9019B6C
:103F700000221A6002B010BD1B4B00221A6070476D
:103F8000002A1EDB012A06D0184A4FF4000C1B49F8
:103F9000C2F804C0116415494A6814021FD50A6C9E
:103FA0004FF4000C134CC2F3800E12F00402C1F85F
:103FB00004C084F800E0BCD0114AC1F804C00A640F
:103FC000A8E70C4A1278B4E70222D2E70D4A127829
:103FD000002ACDD1019306F093F9019BC8E7012295
:103FE000C7E700BFA46C0320BC6C032000802D40F9
:103FF000148403204B8403204C43012000000660FE
:10400000000042603A84032070B51E4D06462C68BD
:1040100063881A04FCD4002361683289304606F0B4
:1040200047FF3389834229D100F11F02616822F0E2
:104030001F0221F01F030A44BFF34F8F4FF0E0210E
:10404000C1F8703F20339A42FAD8BFF34F8FBFF3C5
:104050006F8F20804FF0807163880B4A03F4005308
:1040600043F40C436380516163889B0404D42B6840
:10407000203300202B6070BD044BFAE76FF0010085
:1040800070BD00BF5843012000802D40C052012068
:1040900030B5044650B30D460630A6464FF0FF3209
:1040A00021491EF8013B4FF0080C5A4042F300032F
:1040B000BCF1010C03EA010383EA5202F6D1864502
:1040C000EFD1C2F3846001232178002A03FA00F3C0
:1040D00001F001010BDB19B31449154A65B11068F1
:1040E000184215D00A6828461A430A6030BDA1B1AB
:1040F0001049114A002DF2D10868146860EA0300E3
:10410000204010600A6813420CBF0120002030BD1F
:10411000116828460B431360E8E70849084ADDE7C1
:104120000849094ADAE700BF2083B8EDAC6C0320E8
:1041300024812D40B06C032020812D40B86C0320D9
:1041400018812D40B46C03201C812D40704700BFA6
:1041500000B583B0282101900EF028FA019803B031
:1041600000BD00BF28210EF021BA00BF084B9942C4
:104170000BD000B583B0019008460FF0FDFD019A09
:1041800008B102F10C0003B000BD0C30704700BF55
:10419000E8AE002008B540F29312064B06490748E6
:1041A00013F008FD002013F0CDFB012001F028FBE7
:1041B0000EF0F0FBCC76002040770020AC7400209D
:1041C00030B50C6883B0056800220DF106030121AB
:1041D000204608F011FB20BBBDF806302A889A4221
:1041E00008D1B4F864202B899A4205D39A4228BF9B
:1041F0001A4672B903B030BD20460AF021FE0028ED
:10420000F8D1B4F864202B899A4228BF1A46002AB4
:10421000F0D001236968204603B0BDE8304009F0C2
:104220003BBFFFF7B7FF00BF012A03D10B68036054
:1042300000207047022A00B583B025D0032A05D09C
:1042400012B1002003B000BD0260FAE70368002B42
:10425000F7D0986898B14268013A42607AB902682A
:1042600001939268009090470098019B8268013A00
:10427000826022B902680093D2689047009B0C21AB
:1042800018460EF093F9DCE70A6801900C200092C2
:104290000EF086F9009AD2E90031C0E90031926847
:1042A000019B826012B15168013151601860C8E70A
:1042B000012A03D10B68036000207047022A00B571
:1042C00083B00ED0032A05D012B1002003B000BD88
:1042D0000260FAE700680028F7D00C210EF066F9BA
:1042E000F3E70A6801900C2000920EF059F9009A49
:1042F0008446019B07CAC3F800C08CE80700E4E7C6
:10430000012A02D1016000207047022A05D0032A49
:10431000F9D0002AF7D10260F5E70B880380F2E7B5
:10432000012A03D10B68036000207047022A00B500
:1043300083B00ED0032A05D012B1002003B000BD17
:104340000260FAE700680028F7D00C210EF02EF981
:10435000F3E70A6801900C2000920EF021F9009A10
:104360008446019B07CAC3F800C08CE80700E4E755
:1043700000293BD0B2FA82F302705B094370002A35
:1043800032D0436870B50E46002184B015464160B6
:104390000BB31868009307F04FFA009BDA6972B10B
:1043A00003F114001A6A039303A901909047009B3C
:1043B000DC6924B1019803220146A047009B58689C
:1043C00028B1D9680093091A0EF0F0F8009B242157
:1043D00018460EF0EBF80F3503D0304608F05AF8C7
:1043E00038B9002004B070BD002070476FF00F0096
:1043F0007047304607F06AFE6FF00C00F2E700BF2E
:104400002DE9F047D0E90443002184B09C42436881
:1044100018BF44619A68C16019695B68A2EB030C1C
:10442000614502D304B0BDE8F08719449142F9D048
:104430004369054607468069521A8046C01A1646E7
:10444000824208D8002A03DD18460EF00FF86B6987
:1044500033447B61E6E71A1B6FF00040A0EB020CCF
:10446000664533D80392CDE90131B2422CBF93188F
:104470009319834228BF034618469A460EF090F8D7
:10448000019B814602999C421ED0039A04F1FF3C95
:1044900002441CF801EF00F801EB9042F9D1034609
:1044A0001D46324618460DF0E1FFAA1934B1A8EBBB
:1044B0000401204601920EF079F8019A09EB0A01F5
:1044C000C7E90492B961ADE70346E9E701480FF097
:1044D0000FFC00BF58750020F8B50746C06818B13A
:1044E0007969091A0EF062F8D7E90056B54215D07D
:1044F0006C687CB163682046013B636053B92368F4
:104500009B689847A3682046013BA36013B92368C2
:10451000DB6898470835AE42EAD13E6826B1B968F3
:104520003046891B0EF042F83846F8BD30B50C68AD
:1045300083B0054600220DF106030121204608F054
:104540005BF960B9BDF806302A889A4201D003B001
:1045500030BD204603B0BDE830400AF071BCFFF723
:1045600019FE00BF10B50446C06984B018B1616A75
:10457000091A0EF01BF82469FCB10021206807F02D
:104580005BF9E36963B104F11400236A03A903949E
:1045900001909847E3691BB10198032201469847AF
:1045A000606818B1E168091A0EF000F8242120466D
:1045B00004B0BDE810400DF0F9BF04B010BD00BF5D
:1045C00038B1B1FA81F2017052094270426802B109
:1045D00001B9704710B584B00090FFF711FF009A41
:1045E00000215368516023B31868009307F024F941
:1045F000009BDA6972B103F114001A6A039303A9EC
:1046000001909047009BDC6924B101980322014688
:10461000A047009B586828B1D9680093091A0DF08B
:10462000C5FF009B2421184604B0BDE810400DF0E2
:10463000BDBF04B010BD00BF30B50D6883B00468C5
:1046400000220DF106030121284608F0D5F888B9AB
:10465000BDF8063022889A420AD162680120B5F876
:104660006430A1681488A34228BF234613800870D1
:1046700003B030BDFFF78EFD9A4275D02DE9F04FA3
:10468000A3EB02081646476883B082680D460446CD
:104690009146D21B904525D87A1A9045914664D20E
:1046A000A7EB08023B46511EC2EB470C11F8010F65
:1046B00003F8010B6345F9D1636843446360AB1AA7
:1046C000521BF818012A71DD294613F01BFCB8F1C2
:1046D000010F67DD42463146284603B0BDE8F04F82
:1046E00013F010BC03686FF000429A46FB1AD11A0F
:1046F000884561D898452CBF4344DB18934228BFB6
:104700001346184601930DF04BFF5545034683466B
:104710000AD0A5EB0A000AF1FF32184412F8011F73
:1047200003F8011B8342F9D13146424618460DF089
:104730009DFEBD4200EB080606D07F1B3046294691
:104740003E443A460DF092FEBAF1000F04D0A9EBB8
:104750000A0150460DF02AFF019B5B44C4E900B6F4
:10476000A36003B0BDE8F08F7047B1185A1A002A51
:1047700020DD38460DF07AFE6368A8EB0908BD42DB
:104780004344636009D06A1E03EB090012F8011F5D
:1047900003F8011B8342F9D163684A464B44012A5E
:1047A000636098DCDDD133782B70DAE78FD12A781B
:1047B000FA548CE73B46E0E701480FF099FA00BF56
:1047C000587500202DE9F04701F10803D0F8049056
:1047D0008046994526D001F11004002654F8043C87
:1047E000274644F8046C54E9035244F8086C44F832
:1047F000102C44F80C3C7DB16B682846013B6B6083
:1048000053B92B689B689847AB682846013BAB605F
:1048100013B92B68DB689847B94504F10804DDD16A
:10482000D8F80490A9F1080359F8044CC8F80430EA
:104830008CB16368013B63606BB9236820469B6859
:104840009847A368013BA3602BB923682046DB6827
:10485000BDE8F0471847BDE8F08700BF0268106860
:1048600000B5D0E9001E714530D0AEEB01035268AF
:10487000083BDB08013313F0030311D0012B09D0EF
:10488000022B03D00B68934221D008310B6893426E
:104890001DD008310B68934219D008318E4515D0D0
:1048A0000B68934213D08B68083193428C460ED02C
:1048B00051F8083F93420AD0DCF810300CF1100197
:1048C000934204D00CF118018E45E9D100BD714529
:1048D000FCD05DF804EBFFF775BF00BF00000000DF
:1048E000DFF848C008B5DCF8003013F0010301D050
:1048F0000B4808BD0A480B4A0B499FED077BC0E9EE
:104900000033C0E90233012380ED047BCCF8003092
:104910000FF0D0F9024808BD0000000000000000C0
:104920007083022054450120811202007484022009
:104930002DE9F04385B006462E200C46009207F084
:10494000C7FC009A0546002856D01AB1437A43F0B6
:104950000403437222465849284606F0E5FC8DF8C8
:10496000090000BB0DF10902FF21284606F044FDB5
:10497000074600284AD0D6E90435AB4257D043F861
:10498000040B33613146384606F056FF4B49384632
:1049900006F0B2FFADF80A4014B30123ADF80E40A3
:1049A000ADF80C3010E0284607F090FB444B186837
:1049B000FCF7AEFE9DF9090000F098FF044613F0E5
:1049C000D5FE002304600393BDF80C200020BDF841
:1049D0000E3062F30F0063F31F4005B0BDE8F083B3
:1049E0000DF10A0322460121384607F005FF002891
:1049F00050D1BDF80A40D0E7314B1868FCF788FE6B
:104A000013F0B4FE0C2303950360DDE7284607F09E
:104A10005DFB2B4B1868FCF77BFE9DF9090000F04D
:104A200065FF044613F0A2FE03970460CCE7F2682A
:104A30006FF0604190469A1AB1EBA20F4FEAA203C1
:104A400037D0012B2CBFDB18013300928B4228BFDB
:104A50000B4698004FEA83090DF0A2FD009A034629
:104A6000875082B9043240461A4430B1291ACDE940
:104A700000230DF09BFDDDE90023326103EB090209
:104A8000F36072617EE7414601900DF0EFFCDDE9D5
:104A90000023E7E70B4B40F285120B490B4813F05C
:104AA00089F8204612F04EFF012000F0A9FE0DF01B
:104AB00071FF07480FF01CF96CB70020612102005C
:104AC000C06C0320CC76002040770020AC7400201E
:104AD000547700202DE9F041D0E9038782B04745A3
:104AE00000F0A280A7EB080306460D464446043BAF
:104AF0009B08013313F0030336D0012B23D0022B84
:104B000011D0D8F8000060B10DF106030022012198
:104B100007F072FE002840F09480BDF806309D42F8
:104B200065D008F10404206860B10DF1060300228D
:104B3000012107F061FE002840F08380BDF80630B7
:104B40009D4254D00434206858B10DF10603002270
:104B5000012107F051FE002873D1BDF806309D42B7
:104B600045D00434A74242D0206858B10DF1060365
:104B70000022012107F040FE002862D1BDF8063076
:104B80009D4234D004342068A04658B10DF106038C
:104B90000022012107F030FE002852D1BDF8063076
:104BA0009D4224D0D8F8040008F1040458B10DF156
:104BB00006030022012107F01FFE002841D1BDF8A5
:104BC00006309D4213D0D8F8080008F1080450B10F
:104BD0000DF106030022012107F00EFE88BBBDF88F
:104BE00006309D4203D008F10C04A742BCD13369C2
:104BF000A34219D0214651F8045B8B4206D05A1AC1
:104C0000042A1ADD204613F07DF93369043B284657
:104C1000336107F03FFC18B9012002B0BDE8F08114
:104C2000284607F053FAF7E713F0A0FD8022034669
:104C300000201A6002B0BDE8F081E7D1626822600E
:104C4000E4E7074B40F293120649074812F0B2FF1F
:104C5000002012F077FE012000F0D2FD0DF09AFE48
:104C6000CC76002040770020AC7400202DE9F04382
:104C7000D1E9004683B00746A64272D0331B88466E
:104C80009146083BDB08013313F0030327D0012BC7
:104C90001CD0022B12D02368596871B11A7A62B9FC
:104CA00008680DF10603012107F0A6FD002840F079
:104CB0009F80BDF80630994533D008342368596881
:104CC00019B11A7A002A00F08680083423685968DE
:104CD00011B11A7A002A6FD00834A64221D0236875
:104CE000596811B11A7A002A2BD0A3680834596880
:104CF000254611B11A7A002A3AD0AB6805F10804AA
:104D0000596811B11A7A002A3ED02B6905F11004B6
:104D1000596811B11A7A002A42D005F11804A64246
:104D2000DDD1D8F80430A3421BD0D4E90023C7E971
:104D3000002313B15A6801325A60384603B0BDE807
:104D4000F08308680DF10603012107F055FD0028E6
:104D50004ED1BDF806309945C7D1D8F80430A342EA
:104D6000E3D100233846C7E9003303B0BDE8F08340
:104D700008680DF10603012107F03EFDC0BBBDF838
:104D800006309945B9D1CCE708680DF10603012139
:104D900007F032FD60BBBDF806309945B5D1C0E7DC
:104DA00008680DF10603012107F026FD00BBBDF8E0
:104DB00006309945B1D1B4E708680DF10603012129
:104DC00007F01AFDA0B9BDF806309945A9D00834FE
:104DD000A64284D1A5E708680DF10603012107F07A
:104DE0000BFD28B9BDF8063099457FF46EAF98E702
:104DF000FFF7D0F970B5D0E9003588B09D4256D0A4
:104E0000083300220BE00B2A10D800EB820624683E
:104E10000132B4611C46A54203F108030BD053F8DC
:104E2000084C6468002CEED11C46F4E79D4202D089
:104E300008331C46EFE70E46002104469500B36890
:104E400000910391CDE90111002B32D002223146AD
:104E500068469847D6E90232CDE9023265B3183484
:104E6000254454F8042B049243B304A9039B6846D9
:104E70000E469847A542029BF3D100220399049263
:104E8000C6E90122079193B103229DE8030086E859
:104E90000300002000210693CDE90201314630468F
:104EA0009847029B1BB1032269466846984708B0A1
:104EB00070BD002DD3D1FAE704AEDEE70EF04CFF53
:104EC0004FF6FF7C634528BF634630B51C4687B06C
:104ED000002305460C200393CDE900210DF060FB73
:104EE00001990346009A284619800B495A601C8193
:104EF00002930A4B059102A90493FFF77BFF049BE1
:104F00001BB102A9032208469847054B1868FCF715
:104F1000FFFB204607B030BD690F0200C910020038
:104F2000C06C032000B5002385B00D4ACDF80230D7
:104F3000ADF806300B4BADF800106946CDE90232F2
:104F4000FFF758FF029B1BB103226946684698474A
:104F5000054B186805B05DF804EBFCF7D9BB00BF42
:104F6000D5120200A9100200C06C032010B5002366
:104F700088B04FF6FF7204460C200191ADF80E2068
:104F80008DF80D3005930DF00BFB019903460DF1E3
:104F90000D020DF10E0C198020460C499A600C4A46
:104FA000C3F804C0079104A904930692FFF722FFF7
:104FB000069B1BB104A90322084698479DF80D00E3
:104FC00008B1BDF80E0008B010BD00BFE11302002B
:104FD0005910020010B5002386B004460C20009141
:104FE0008DF8072003930DF0DBFA009903460122A8
:104FF0000DF1070C198020460B491A810B4AC3F8A2
:1050000004C0059102A902930492FFF7F3FE049BEA
:105010001BB102A9032208469847054B1868FCF704
:1050200077FB012006B010BD690F0200C910020015
:10503000C06C0320F0B50C1E83B024DB0668054667
:1050400083689B1BA34215D2426820460193921BA2
:1050500000920DF0A5FA0746DDE9002362B91EB102
:10506000194630460DF0A2FA009B3C443B44AC602C
:10507000C5E9007303B0F0BD31460DF0F7F9019BAF
:10508000002EEDD1F0E701480EF032FE70770020DF
:10509000002900F0A4802DE9F0431F4685B0164694
:1050A000044688464568037092B38BBB0123437066
:1050B00035B3EB682A69B6F808C0D5E901015B1A77
:1050C000A1EB000E9F18BC4500F28C80634505F1F2
:1050D000040709D2BEEB020364D181422A4601468D
:1050E00018BFA86000231361344600E0A968626815
:1050F000384663891344FFF7BFFA2468002CF5D1C2
:105100004046318906F02AFA304605F061FC41E05C
:1051100000236370002D41D02046FFF771F99EB146
:10512000354604F110096A6848466B896169134481
:10513000FFF7A2FA2D68002DF5D14046318906F01F
:105140000DFA304605F044FC656800216160DDB170
:10515000286806F071FBEB6963B12B6A03A905F1BE
:10516000140003959847EB6923B105F1140103225C
:1051700008469847686818B1E968091A0DF016FAE8
:10518000242128460DF012FA0F3703D0404607F0CD
:1051900081F950BB002005B0BDE8F083002ECCD1D2
:1051A0006660F1E7012B00EB020124D01A4601935F
:1051B00012F0A8FE019BD5E901010A1A934207D813
:1051C00062688FD218448142014618BFA86089E7FF
:1051D000991A3846FEF782FC6268A96882E76FF088
:1051E0000F0070474FF0FF30D5E7404606F06EFFE6
:1051F0006FF00C00CFE7825C0270DCE72DE9F04332
:10520000D0E900636FF0704283B0A3EB0608B2EB05
:10521000E80F47D04FEAE8040746012C2CBF2419B9
:105220000134944228BF14464FEAC4094846CDE9E8
:1052300000310DF0B5F901990546009B0A6840F868
:1052400008204A6800EB08014A6012B15168013138
:1052500051609E4224D0A3F1080032462B46002123
:10526000801BC0080130146801310833083243F84C
:10527000084C884252F8044C43F8044CF3D8A84434
:1052800008F1080826B1B9683046891B0DF08EF97F
:1052900009EB0504C7E90058BC6003B0BDE8F08322
:1052A000A846EDE701480EF023FD00BF547700202B
:1052B000D0E90132F0B5934287B006460C4674D06F
:1052C000D1E90012C3E9001212B1516801315160F5
:1052D00008337360D4E900747D68002C3FD06368A4
:1052E00000220C20013363600492CDE902220DF00C
:1052F00057F96268846001320290DFF8B8C0C0E9F3
:1053000000676260EE692A6A294FC5F81CC00496DE
:105310002F620592DDE90201CDE90001D5E9050121
:10532000CDE90201DDE90001C5E905011EB102A9CF
:1053300003220846B0476368013B6360002B32D10B
:10534000236820469B689847A368013BA36053BB32
:1053500023682046DB6807B0BDE8F04018470C2002
:10536000CDE903440DF01CF984600290EC692A6ACF
:10537000DFF840C004940592C0E90067DDE902014E
:105380000B4FC5F81CC02F62CDE90001D5E905011E
:10539000CDE90201DDE90001C5E905011CB102A961
:1053A00003220846A04707B0F0BDFFF727FF91E7AB
:1053B00005160200D10F0200002900F086802DE9B9
:1053C000F041144686B080460D4652B10F3404D0E9
:1053D000084607F05FF8002871D1002006B0BDE84C
:1053E000F08128200DF0DCF801230746384A0646F4
:1053F0000590C0E9013347F80C2BC4600497C7E956
:105400000244437304614462C0E9074424200DF060
:10541000C7F8394604620190C0E90054C0E902446B
:10542000C0E90444C0E90644284606F005FA019B99
:1054300041F2D061181DFFF7FDFD3769019B336113
:10544000E7B12146386806F0F7F9FB6963B13B6ABA
:1054500003A907F1140003979847FB6923B107F1EB
:105460001401032208469847786818B1F968091AA8
:105470000DF09CF8242138460DF098F800231549CA
:105480002846337506F010FA1349284606F0E4F969
:1054900004A94046FFF70CFF7368013B7360002BC3
:1054A0009BD1336830469B689847B368013BB36033
:1054B000002B92D133683046DB6898478DE7284649
:1054C00006F004FE6FF00C0088E76FF00F007047E5
:1054D000E8AC002069130200391E02002DE9F047F4
:1054E000904688B005467AB300208A46994606F071
:1054F000EFFE0746D0B10022634905F015FF0446D0
:1055000060B3384606F0E2FD604B1868FCF700F91E
:10551000204600F0EBF9044613F028F9002304605C
:10552000C5E90033284608B0BDE8F087574B186836
:10553000FCF7EEF813F01AF90C2303602846C5E9CE
:10554000007708B0BDE8F087504B1868FCF7E0F82A
:105550002846C5E9008808B0BDE8F08728200DF08E
:105560001FF8012302460646C0E90133484B42F8C2
:105570000C3BC46001920692C2E902440461446299
:10558000C0E9074424200DF00BF801990462029051
:10559000C0E90074C0E90244C0E90444C0E906441B
:1055A000384606F049F9029A41F2D061101DFFF722
:1055B00041FD3369029A326113B3186821460293A0
:1055C00006F03AF9029BDA6972B103F114001A6A23
:1055D000059305A903909047029BDC6924B10398C9
:1055E00003220146A047029B586828B1D96802935C
:1055F000091A0CF0DBFF029B184624210CF0D6FFA1
:10560000012324493846337506F04EF922493846BD
:1056100006F022F94A464146204B384605F0E0FFA5
:10562000044628B3384606F051FD184B1868FCF7BD
:105630006FF8204600F05AF9044613F097F800225C
:1056400004607368013BC5E900227360002B7FF49E
:1056500069AF336830469B689847B368013BB360D5
:10566000002B7FF45FAF33683046DB68984759E71B
:10567000504606A90796FFF71BFE019B2846C5E981
:10568000003608B0BDE8F0876CB70020C06C03207E
:10569000E8AC002069130200391E02001911020053
:1056A000174B19684A1C10B51A6081B1154A164982
:1056B00016480EF0FFFA164A1368591C1160BBB168
:1056C000104A14491448BDE810400EF0F3BA134CC8
:1056D0004FF4EE72124812F0A7FC20468834FEF711
:1056E000A3F9104B9C42F8D10F4B0D4A1A60DDE72D
:1056F0000E4C20461AF0A8FF0D4B1C60E0E700BFDF
:105700001C87022054450120A9000000086D0320D9
:10571000B885022075000000E06C03206887022035
:10572000248702200089022020870220C0850220D1
:10573000BC85022011B10846FEF766BC6FF00F0071
:10574000704700BF08B50B460AB1012A0ED17BB1E4
:1057500093F801C0114608480CF07F02C2709A7895
:105760000271DB784371FEF793FC08B1002008BD9D
:105770006FF0070008BD00BF444501200048704796
:10578000386C032008B1FEF767BA704708B1FEF71E
:1057900065BA704770B50024084D21462846FEF7CB
:1057A000B5FA01340646294638B1EB689847002817
:1057B000F3D0304605F00CF9EFE770BD386C0320EC
:1057C00008B509F02FFF0248BDE80840FEF796BB78
:1057D000386C03204C220021044808B512F024FC48
:1057E00046F66563014AD38708BD00BF386C0320C5
:1057F000014B1868704700BFCC8303200CF0B2BB8C
:1058000038B1044B421E012A98BF18460368DB6872
:1058100018477047ACC0002008B5EFF3058303B903
:1058200008BD13460A460146074812F0C3F9074B64
:10583000FD220749074812F0BDF9002012F082F856
:105840000EF006F90DF0A6F8807700209077002082
:10585000F8770020AC74002008B50AF037FD00B1DD
:1058600008BDBDE808401AF0EBBE00BF10B582B01D
:1058700001A80AF085FD10B1019802B010BD0446E0
:10588000064B40F247120649064812F093F92046AB
:1058900012F058F80EF0DCF80DF07CF8907700204C
:1058A00020780020AC7400200AF020BDB0B10C4B71
:1058B0000022D3F83016D3F820364FEA112C43716A
:1058C0006CF307024FEA136C61F30F22190C1B0AE9
:1058D0006CF31742037161F31F620260704700BFEF
:1058E00000401F4000687047FFF782BF00F11003BF
:1058F000DBB2102B04D8034B404253F82000704712
:105900000520704718B70020164A00234FF0100CEE
:10591000127800EB8202D269CB608B608B6181F8D8
:105920000EC0C1E90033C1E90433136C0BB181F837
:105930000FC0536C0BB110230B74936C0BB110237D
:105940004B7403680BB101238B74136C0BB14023B0
:105950000B75536C0BB140234B75936C0BB140230B
:105960008B75704754840320024B1B7800EB830037
:10597000C069704754840320014B1868704700BF0A
:105980009C8203202DE9F0410546204A40F687110C
:105990001F48FFF741FF4DB3DFF8888098F80030CB
:1059A00005EB8303DE69F6B106F13C0406F1480716
:1059B0002946184809F00CFE54F8040F08B104F009
:1059C000B7FABC42F8D11449284603F0DFFA304652
:1059D00004F0AEFA002298F80030104605EB83057B
:1059E000EA61BDE8F0816FF00500FAE7084B40F688
:1059F00088120A490A4812F0DDF8284611F0A2FF81
:105A00000120FFF7FDFE0CF0C5FF00BFB8B100207C
:105A10003C780020712802001CB900209C780020EE
:105A2000AC7400205484032010B5044688B0224A88
:105A300040F6A8212148FFF7EFFE5CB1204B1B7810
:105A400004EB8303DB692BB193F84D20032A01D9C2
:105A500022680AB908B010BD002203210120059276
:105A60008DF81610196C039201928DF80E000292B7
:105A70000492CDE9062211B1F0228DF818205A6C5B
:105A800012B1F0228DF819209B6C13B1F0238DF820
:105A90001A3041F2E9410B4A842301A8ADF80C10F9
:105AA000214602928DF8063000F0F8FE204608B03C
:105AB000BDE8104000F04ABFA8AF00203C780020AD
:105AC00054840320E00000FB384B30B51B788BB0CA
:105AD000044600EB8303DB6993F84D20022A24D9A6
:105AE000033A012A1FD893F84C205AB9042183F8AD
:105AF000CC2083F84D102E490D681DB10121019372
:105B0000A847019B20460193FFF78EFF019B93F866
:105B10004C200132D2B2012A83F84C203CD94FF4F8
:105B2000A062A3F84C200BB030BD0268AAB993F86C
:105B30004C20022A0CD81AB193F8CC30012B30D06B
:105B400022461C49FA200BB0BDE8304009F012BDD6
:105B50004FF44072A3F84C20F2E703A90193FFF73A
:105B6000D3FE41F2E9424FF0000C0846ADF8142094
:105B70002146114AADF80CC0049200F08FFE019B43
:105B800093F84C200028D4D101320221D2B283F8FC
:105B90004D1083F84C20CCE7224606494FF47A702A
:105BA000D1E72246034941F28830CCE754840320F0
:105BB0009882032071280200E00000FB062B2DE9EB
:105BC000F04746D09A4607461646884613E0B8F195
:105BD000FF0F3EDC06F80C4005EB0408A6F800E1D8
:105BE00005F066F9B6F8003184421FFA88F81C44C3
:105BF0002CD1A6F800414146384605F039FA044652
:105C000008F10105384604F0C00C611CADB2224613
:105C1000BCF1C00F2B4621D03F2C1AD8B6F800C1DA
:105C200004EB0C090CF1010E01EB0C08B9F1FF0FAC
:105C300016FA8EF10DDC002CC9D10CF1010306F827
:105C40000C40A6F800312846BDE8F087013BA6F8D5
:105C500000314FF6FF752846BDE8F0873B89AB421F
:105C6000F7D9294605F004FA230203F47C530343D1
:105C70001BB20B2BEDDD99B23B898B42E9D90AF1BE
:105C8000010332463846FFF799FF4FF6FF739842FB
:105C9000DFD008F102081FFA88F5D4E72DE9F04FAC
:105CA000C9B00E46044617460DF11C0B3588049109
:105CB0000021029258464FF4827212F0B5F9002387
:105CC0005A4629462046FFF779FF4FF6FF733A46BA
:105CD000B7F80071984237D0002F35D031884FF097
:105CE000000ABBF80091B846401A16465446059182
:105CF000C3B200970393A9EB070309E0327801349C
:105D000014440132E4B21644009AA24694421FD2CF
:105D1000A8EB0402D2B24A45F0D81D19022AEDB20E
:105D2000ECD90299039F0819A91CB9420BEB050194
:105D300013DA019312F0A4F8019B0028DED1059933
:105D40005746049B0D441D80384649B0BDE8F08F8E
:105D50001746384649B0BDE8F08F009F384649B035
:105D6000BDE8F08F3F2A29D81346B0F800C1D2B160
:105D700010B5541C82B06444FF2C22DC044600F8A9
:105D80000C200CF101000192A4F8000114FA80F03B
:105D90000CF06CFBB4F80021019B00201344A4F824
:105DA000003102B010BDBCF1FF0F07D80CF10102A9
:105DB00000F80C30A0F80021002070476FF00500BB
:105DC00070476FF00500ECE7B1F80021B0F800C1B2
:105DD000AAB1531C6344FF2B1CDC0346604400B58E
:105DE00083B0019200930CF041FB009B0020019ACC
:105DF000B3F800110A44A3F8002103B000BDBCF1C0
:105E0000FF0F07D80CF1010300F80C20A0F80031B7
:105E1000002070476FF00500704700BF00285BD07E
:105E200070B50E46B1FA81F182B04909002E50D00A
:105E3000351D4FF48272044612F0F6F8042115F86D
:105E4000013D274A0DEB010011F0C8FE01A812F038
:105E500003FF01A9C2B22046FFF784FF034698BBA7
:105E6000AE42EBD1B4F80011F7292DD807204A1C17
:105E7000605492B21B49A4F80021A5180868A050EC
:105E80008A88AA808A79AA71B4F80021D11D89B2C2
:105E9000FA29A4F8001117D804200832605492B2ED
:105EA0001149A4F800210868A050B4F800110A1D97
:105EB00092B2FF2AA4F8002106D80531A354A4F811
:105EC0000011184602B070BD6FF00503184602B00D
:105ED00070BD6FF00F03F4E76FF00F0318467047C3
:105EE000C4780020C8780020D078002038B50D464E
:105EF0004FF482720021044612F096F83DB3284612
:105F000012F0AAFE2946C2B22046FFF72BFF034635
:105F1000E8B9B4F80011F92919D805204A1C6054D1
:105F200092B20C49A4F80021A5180868A0500A797B
:105F30002A71B4F800114A1D92B2FF2AA4F8002178
:105F400005D80631A354A4F80011184638BD6FF0E7
:105F50000503FAE7D878002010B504464FF48272A2
:105F6000002112F061F822460921234BDFF894C08A
:105F700002F8011B03CBC4F8010093F800E00723EB
:105F8000DCF80000516082F808E004229CF806105A
:105F9000C4F80B00A3721223BCF804006174A4F8C7
:105FA0000F0020461549A4F80031FFF7DBFE00BBC7
:105FB000B4F80011F9291CD8034605204A1C605486
:105FC0000F4992B2086804EB020CA4F80021A0501B
:105FD0000A798CF80420B4F800114A1D92B2FF2A05
:105FE000A4F8002105D80631A354A4F800111846DE
:105FF00010BD6FF00503FAE7E0780020F478002088
:10600000D8780020EC78002070B5164682B00D4696
:106010004FF482720021044612F006F866B105F5CD
:1060200082710846019112F017FE0199C2B2204612
:10603000FFF798FE002839D105F5A27108460191B5
:1060400012F00AFE0199C2B22046FFF78BFE68BB30
:10605000184BB5F88C2153F82250284612F0FCFD5D
:106060002946C2B22046FFF77DFE0346F0B9B4F8D8
:106070000011F9291AD805204A1C605492B20E4921
:10608000A4F80021A5180868A0500A792A71B4F86C
:1060900000114A1D92B2FF2AA4F8002106D8063149
:1060A000A354A4F80011184602B070BD6FF00503A8
:1060B000F9E700BF10B70020D878002070B5164669
:1060C0000D464FF482720021044611F0ADFF46B137
:1060D000284612F0C1FD2946C2B22046FFF742FE13
:1060E00090BB05F140012046FFF76EFE60BB184BE8
:1060F000B5F84C2153F82250284612F0ADFD294640
:10610000C2B22046FFF72EFE0346E8B9B4F80011EC
:10611000F92919D805204A1C605492B20D49A4F8F7
:106120000021A5180868A0500A792A71B4F8001156
:106130004A1D92B2FF2AA4F8002105D80631A354C3
:10614000A4F80011184670BD6FF00503FAE700BF10
:1061500010B70020D87800202DE9F04391F80271A3
:1061600083B088460546B1F800612FB1002E37D1C3
:10617000002003B0BDE8F08300F10C0400F1200919
:1061800008E0FFF78BFDB04202D2BDF8067006466C
:106190004C450ED034F8023FADF80630002BF7D056
:1061A000286842460DF106010028EAD1B8F800013E
:1061B000E9E7B6B9002FDBD017490222AB88394393
:1061C000286849BAADF806100DF1060104F002FF87
:1061D0000028CED1AB880233AB8003B0BDE8F0839A
:1061E0000027AB8841463246286804F0F3FE0028B9
:1061F000BFD105F10C0333F8022F42B101300A2858
:10620000F9D1AB881E44AE80002FD5D1B0E7AB8862
:1062100005EB4000C381F5E700C0FFFF08B5FFF7BD
:10622000A3FB002380F8513008BD00BF08B5FFF77D
:106230009BFB002380F8703008BD00BFF0B504461A
:10624000006883B00D4616461F46002834D0A28849
:10625000B5F800310189043312FA83F38B4237DC3D
:1062600029462046FFF778FF08B103B0F0BD72BAA7
:10627000A3880DF106012068ADF80620022204F083
:10628000A9FE0028F1D1A3880222874214BF4FF44F
:10629000C0704FF480700DF106011344ADF8060094
:1062A0009BB22068A38004F095FE0028DDD1A3886E
:1062B0000233A38003B0F0BD4FF4207240F2AA5124
:1062C000382004F0EFFB206010B10C22A280BFE761
:1062D0004FF0FF30C9E700BFF0B50446006885B055
:1062E0000D461746002851D0B4F804C0B5F8001187
:1062F0000C9A0A310B9E89B28A1892B2002E18BFEE
:1063000011460D9A1AB1B2F80021114489B26144C4
:10631000028991424ADC3A4629462046FFF78EFF21
:106320000A9B042203A91BBA20680393A38804F0E4
:1063300051FE48BBA5880B9AAB1D9BB2A3806AB1E6
:10634000BDF830200B9920680193009204F042FEC2
:10635000D0B9A188009A019B0A44A2800D9A32B15B
:106360000D9920460093FFF7F7FE009B60B9A188C6
:10637000043502222068C91AABB249BAADF80A1036
:106380000DF10A0104F026FE05B0F0BD4FF42072B5
:1063900040F2AA513820009304F084FB009B206057
:1063A00020B14FF00C0CA4F804C09FE74FF0FF3071
:1063B000EAE700BF10B5C2B0044601A8FFF796FD9A
:1063C0000123FF2201A92046FFF738FF42B010BD8C
:1063D00010B5C2B00446012201A8FFF715FE012343
:1063E000FF2201A92046FFF729FF42B010BD00BFE0
:1063F00030B5ADF5077D0D460446114604A80022D0
:10640000FFF702FE45A8FFF7A7FD2B7B6BB1E388E2
:106410000BB10A220BE00C2245A92046FFF70EFF24
:1064200080B901230A22E38001E041F294120023A3
:10643000204604AC45A9CDE90023CDE902340C2265
:10644000FFF74AFF0DF5077D30BD00BF70B5C6B040
:106450000D46044610461646FFF786FA014605A883
:10646000FFF744FD2B7B7BB1E38813B14FF00A0C9F
:106470000CE0012205A92046FFF7E0FE98B90123B0
:106480004FF00A0CE38001E04FF0780C20460196B3
:106490000424AB7A0025012205A9CDF800C0CDE97E
:1064A0000245FFF719FF46B070BD00BFF0B5ADF56E
:1064B000097D17460D4601221946044606A81E46C8
:1064C000FFF7A2FD394647A8FFF710FD2B7B93B1DC
:1064D0004FF001038DF81E32E3880BB10A230BE065
:1064E000212206A92046FFF7A9FED0B94FF00103EB
:1064F000E3800A2300E0782347AA0093204606247D
:10650000039206A9B6F88EE12122AB7A04AD9EFA79
:106510009EFE029400240195ADF814E00494FFF768
:10652000DBFE0DF5097DF0BD70B51446ADF5067DB9
:106530000E4600222146054604A8FFF765FD2146C8
:10654000012245A8FFF760FD337B6BB1EB880BB1EF
:106550000A220AE00C2204A92846FFF76FFE78B948
:1065600001230A22EB8000E07822002345AC04A935
:106570002846CDE90023CDE902340C22FFF7ACFE1A
:106580000DF5067D70BD00BF30B5ADF5097D044643
:1065900010460D460592FFF7E7F9014606A8FFF7FA
:1065A000A5FC059947A8FFF739FC2B7B6BB1E38865
:1065B0000BB10A220AE00C2247A92046FFF73EFE53
:1065C00080B901230A22E38000E07822204606AC4D
:1065D000AB7A47A90394002400920C22CDE9014430
:1065E000FFF77AFE0DF5097D30BD00BFA9B130B5CA
:1065F000C3B00C4605460A7801A8FFF75FFD0023EB
:1066000094F84E2101A92846FFF718FE18B9EB8827
:1066100000200133EB8043B030BD0020704700BF45
:1066200070B51446C6B0012205460E4605A821469F
:10663000FFF7EAFC4FF482720021204611F0F4FCCF
:10664000D4F884311BB1D4F8881120469847337BA5
:106650006BB1EB880BB10A230AE0102205A928468A
:10666000FFF7ECFD88B90123EB800A2300E07823D3
:1066700000931022B37A05A901942846B4F800418A
:10668000029400240394FFF727FE46B070BD00BFBC
:106690002DE9F04F144685B00D4607460190FFF7EF
:1066A00063F9A96900902046FFF7A0FF064618B1DC
:1066B000304605B0BDE8F08F3846FFF755F9AB7BA3
:1066C0008146DF0600F1CA8009F13C0705F10F0899
:1066D00009F1480957F8041F19B198F80030D80695
:1066E0004BD44F4508F10108F4D1AB7C13F00109FC
:1066F00040F0BE809A074FD4009B05F11408039622
:1067000003F13C0A47464833D34602935BF8046FD3
:1067100056B13A78D3066FD4900678D4510600F17A
:106720008280130600F18C80029B01379B45EDD1DE
:1067300095F90230039E002B28DB63894B44DDE989
:10674000019763815AF8043F7BB198F800209006C6
:106750004AD551062AD512063AD5AB7CDB0704D4BC
:10676000D9F80030002B40F08E80BA4508F10108BE
:10677000E8D1304605B0BDE8F08F2046FFF728FE8F
:10678000002866D1E3880133E380AAE723894B44DC
:10679000DDE901972381D5E7019A29462046FFF7D5
:1067A000F3FE002855D109F10109A5E7009A294611
:1067B00020460193FFF77AFE00284AD1A289019B67
:1067C0000132A28198F9001098F8002081420BDB79
:1067D0001A4629462046FFF723FF002839D1A3890E
:1067E0000133A38198F80020AB7C02F0600203F033
:1067F00005011143B9D0B1E7324629462046FFF7DB
:10680000F7FD30BB3A7809F10109900686D532468A
:1068100029462046FFF788FED8B93A7809F10109E0
:1068200051067FF57EAF3346009A29462046FFF792
:106830003DFE70B93A7809F1010913067FF574AF8E
:10684000324629462046FFF7EBFE10B909F101094F
:106850006AE70646304605B0BDE8F08F014620469F
:10686000FFF7A8FD0028F4D1E3880133E3802BE78C
:10687000019A29462046FFF7E9FD0028E9D1AB7CC3
:106880004FF0010936E74A4629462046FFF7DEFD6C
:106890000028DED1A3890133A38166E770B592B0E9
:1068A00004460D462422002108A811F0BDFB08AAC9
:1068B00021462846FFF7ECFE034600283CD1089805
:1068C00000283FD0A2781E46BDF82A108DF812206D
:1068D00049BABDF82C20BDF826E089B252BABDF8FD
:1068E00028C09EFA9EFE92B28DF8133061F30F031A
:1068F0001FFA8EFE9CFA9CFC04A962F31F432288B7
:106900001FFA8CFC6EF30F0652BA06936CF31F4607
:10691000ADF810200C22059604F008FBBDF82410F9
:10692000089804F045F9FFF727F82389221D0899F4
:10693000009509F007F90346089818B1039304F08D
:1069400047F8039B184612B070BD00BF38B5054626
:10695000FFF70AF890F85130044663B329462748F8
:1069600008F036FE2A4625494FF47A7008F002FEF8
:10697000012294F8523084F851204BB32946204824
:1069800008F026FE2A461E49FA2008F0F3FD0122EF
:1069900094F8703084F8522033B32946194808F02F
:1069A00017FE2A46174947F2305008F0E3FD01234D
:1069B00084F8703038BD2A4610494FF47A7008F0D8
:1069C000D9FD012294F8523084F85120002BD5D102
:1069D0002A460B49FA2008F0CDFD012294F87030C8
:1069E00084F85220002BD8D12A46064947F230506D
:1069F00008F0C0FD012384F8703038BDC52F0200B7
:106A0000B1370200D52F020010B582B00446FEF760
:106A1000ABFF002190F8502080F852100AB902B064
:106A200010BD0346214654300193FFF737FF019B09
:106A300002460028F3D12046A3F8542083F85620BC
:106A4000C3F85E20C3F86220C3F8662083F86A208A
:106A500083F8502002B0BDE81040FFF777BF00BFB9
:106A600070B500F1FF3C05461646481E04E0A24200
:106A700015D1DD4215D0A1B11CF8011F10F801EFAE
:106A8000A6EB0C0341F0200271454EF0200403F107
:106A9000FF33A2F1610EECD0BEF1190FE7D901204E
:106AA00070BD002070BD00BF08B503F01FFA03F0F1
:106AB00093FA03F00FFB08F003FE04F01DFC02F054
:106AC00049F90AF031F9BDE8084008F01FBD00BFE0
:106AD00038B505460C46144A64211448FEF79CFE5E
:106AE0005DB1E4B12B6AB3B923606360A360E36076
:106AF00023616361A3612C6238BD0C4B65220C4994
:106B00000C4811F057F8002010F01CFF0120FEF790
:106B100077FE0BF03FFF054B67220749F0E7034B79
:106B200066220649ECE700BF14B10020047900207A
:106B300060790020AC7400208079002070790020FA
:106B400030B5054683B0274AF92127482C6AFEF75D
:106B500063FE95F83D30DB073ED57CB3237913B156
:106B6000002003B030BD04F10801204A28460191FD
:106B70000AF0BAFA4FF6A963228801999A4206D11F
:106B800001232268284623710AF0DEFAE8E76A8FBB
:106B9000174BD3182A6A52791A44164B92B21343F0
:106BA000154A934212D803F57E431BBA2846236048
:106BB0000123226823710AF0C7FAD1E71C210120C2
:106BC00003F0DCF9044650B12862C7E70B4A934250
:106BD00088BFA3F57E43E8E76FF00F00C1E74FF0F1
:106BE000FF30BEE7BCAF002004790020A9390200C5
:106BF0000001FEA90000FEA9FF00FEA9FFFEFEA9FC
:106C00000129D0F820C038D0022910B5044684B03C
:106C10000FD061B94FF6FF724FF0020E039103AB34
:106C20000292614602AA8CF804E003F055FC04B01D
:106C300010BD9CF805300021134A0133CCF8001038
:106C400040F259118CF80530036A10480193FEF7A1
:106C5000E3FD019B002BEAD04FF000021A714FF6C2
:106C6000A96322889A42E2D1094B20461A46194666
:106C700004B0BDE8104003F02FBC9CF80530013390
:106C80008CF80530FFF75CBFF0AE002004790020DF
:106C90006CB70020704700BF036A0BB11A7902B9C4
:106CA000704710B582B004460C4A40F259110C48A6
:106CB0000193FEF7B1FD019B00214FF6A962197106
:106CC0002388934201D002B010BD064B20461A46DD
:106CD000194602B0BDE8104003F0FEBBF0AE002044
:106CE000047900206CB70020006A20B10A680368AC
:106CF0009A4201D0002070470079A0F10200B0FA5A
:106D000080F04009704700BF2DE9F843002972D098
:106D1000B0FA80F84FEA581800286CD0154607469C
:106D20000C464FF420724FF49A713820994603F0C4
:106D3000B9FE064600285ED04389B3F59A7F66D334
:106D4000032D3FD0A379002B59D0384B18687368B6
:106D50004FF49A7220600021184611F065F940F254
:106D600001120346028097F83C208270226812BA12
:106D70004260EA1F012A47D83A68DA6007F1350114
:106D800007F13B0403F11B0C11F801EFA1420CF8D1
:106D900001EFF9D163226FF07D0183F8F2503046A4
:106DA00083F8EC2083F8EF2040F2351283F8ED10E1
:106DB0005321A3F8F020032283F8EE10A9F8002055
:106DC000BDE8F8836379032BBCD043684FF49A7213
:106DD0004146184611F028F940F20112034602809C
:106DE00097F83C208270226812BA42606279043AB5
:106DF000012AC3D8C0E700263046BDE8F883FEF775
:106E000035FD0A4B1860A2E7032DB7D1EEE7084B1A
:106E100040F27B720749084810F0CCFE404610F063
:106E200091FD0120FEF7ECFC0BF0B4FD1084032073
:106E3000A8790020007A0020AC74002070B5194DAC
:106E40002C78CCB9184E3368D3B908F079FF30608C
:106E500028B3427A154942F020024272442208F0D7
:106E60004DFD43221149306808F0FAFE22461049D0
:106E7000306808F029FF2C78013400202C7070BD98
:106E80000C4B4FF48A720C490C4810F093FE2046CC
:106E900010F058FD0120FEF7B3FC0BF07BFD4FF026
:106EA000FF3070BD4D840320847D03206CB700202B
:106EB000C1420200A8790020407A0020AC74002072
:106EC000002800F08880C169002900F084808B6A66
:106ED0000022B3F1FF3F00B583B04A8207D01E33D2
:106EE000B3F5701F43D23B2B6FD801238B82CB6A43
:106EF0005A1C07D01E33B3F5701F3FD23B2B54D81A
:106F000001233DE04B890A6BB2F1FF3F09D01E32ED
:106F1000B2F5701F37D23B2A4DD84FF0000C01223A
:106F200035E0B1F80CC00CF1FF3C1FFA8CFC634556
:106F300031D8CB79DB0713D50B6A4A7900930A2A3B
:106F40004B6A019305D04FF00A020023A1F80520F7
:106F50000B8101AB6A461C3103F0BEFA03B000BDE1
:106F600091F91C300A7F002B18DBFF23E5E74FF671
:106F7000FF738B82CB6A5A1CBCD1C3E74FF6FF73F9
:106F80004B81CB81BFE74FF6FE7C4FF6FF72634526
:106F90008A810A82CDD900234B81CAE7BF2A4FF6E6
:106FA000FF7388BF6FF07F43C7E70B4AA2FB032341
:106FB000C3F34F13E4E7DFF820C0ACFB02C2520971
:106FC00002F1FF3C1FFA8CFCE1E7A2F17732A2FB51
:106FD00003235B09CDE770478988888808B540F2AC
:106FE000A152064B0649074810F0E4FD002010F0BE
:106FF000A9FC0120FEF704FC0BF0CCFCA8790020D2
:10700000687A0020AC74002008B540F2AD52064BFF
:107010000649074810F0CEFD002010F093FC012037
:10702000FEF7EEFB0BF0B6FCA8790020AC7A00204E
:10703000AC74002008B503460430442803D812BAC3
:1070400080B2CA5008BD074B40F2BE5206490748FD
:1070500010F0B0FD002010F075FC0120FEF7D0FB11
:107060000BF098FCA8790020E47A0020AC74002092
:10707000114A10B5147882B074B1631EDBB213707C
:107080000BB102B010BD0D4C0193206808F02EFE2C
:10709000019B236002B010BD094B4FF49772094960
:1070A000094810F087FD204610F04CFC0120FEF747
:1070B000A7FB0BF06FFC00BF4D840320847D0320F1
:1070C000A8790020207B0020AC740020244B0022F3
:1070D00010B5DC7882B0C0E9082214B1214AD26828
:1070E00082621A79002A38D01E4A12695C79C2621B
:1070F000002C2DD01B4A526902639C790969C27920
:10710000C16114B3174942F00102896909BA0162E9
:10711000C271DA791AB1134AD26912BA42621A7A82
:107120008AB1104C002001A9226A12BA019209F01A
:10713000FDFD0B4B5B7A33B1636A01A901201BBAD9
:10714000019309F0F3FD02B010BD02F0FE02DFE78B
:10715000826AC2EBC202D208CEE7826A5208C5E751
:10716000887D0320947D03208AB310B582B00C463D
:1071700000901046019211F06FFD009B20B3C3F107
:10718000410C019A604532D8FF283FD803F1020C28
:1071900000EB0C0EBEF1440F47D803F1010E0C2199
:1071A0001FFA8EFEE154611E634604F80E0010447F
:1071B000614401E0442B0BD012F801CB0133824231
:1071C0009BB201F801CFF5D1184602B010BD70474F
:1071D000174B40F2AD521749174810F0EBFC002056
:1071E00010F0B0FB0120FEF70BFB0BF0D3FB104BB4
:1071F00040F2D2521149104810F0DCFC002010F08F
:10720000A1FB0120FEF7FCFA0BF0C4FB084B40F297
:10721000D4520A49084810F0CDFC002010F092FB2F
:107220000120FEF7EDFA0BF0B5FBFFF7D7FE00BF2C
:10723000A8790020AC7A0020AC740020447B0020A8
:10724000F0B5C46987B00546A379082B00F29B808E
:1072500062790023062AE36104D04FF006022381FD
:10726000A4F805200DF11603012221462846FFF758
:107270004BFD064600286DD0BDF81620101D442891
:1072800000F28480776802F1010C4FF0390E80B271
:1072900007F1F0011FFA8CFC01F802E04FF0020E3A
:1072A000039101F80CE002EB0E0CB5F834E0033268
:1072B0001FFA8CFC4FEA1E2392B201F80C3001F841
:1072C00002E02A6BFFF750FF00F1060EBEF1440FFB
:1072D0005CD807F1EF0C831C421C03994FF0370771
:1072E0009BB292B20F5404201FFA8EFE9C44885425
:1072F000274802780CF8012F1A4601339BB27345D8
:1073000005D0442B00F10100F3D1FFF77DFE901C66
:107310004FF0FF0C80B201F803C0432807D8C2F138
:1073200042020844002192B210F07EFE442000F197
:10733000F001304689B203F03BFC1649164A43235C
:107340000095086831460192144A08F059FB30460E
:1073500003F03EFBA379FF2B11D00133DAB2052AEB
:10736000A2710CD84FF47A730D49934003F2F313D2
:107370009BB2A1FB03135B09238107B0F0BD782307
:10738000238107B0F0BDFFF7DBFB61E7FFF726FEC7
:10739000E0070020847D03206CB7002070B7002038
:1073A000D34D6210002800F0AA80F0B5C46987B000
:1073B000002C00F0A0806379012B05D04FF0010272
:1073C0000023A4F8052023810DF116030322214692
:1073D0000546FFF799FC0646002879D0BDF816004F
:1073E000011D442900F28C807268431C02F1F007F1
:1073F000039239229BB23A540222FA548218B5F809
:1074000034C0C31C92B29BB24FEA1C2E07F802E0B4
:1074100007F803C000F10A03442B71D8431D322240
:1074200006307A549BB2042280B23946FA54E2699B
:1074300012BAFFF7FFFD831D442B61D840F236439B
:1074400039463B520230A26980B212BAFFF7F2FD10
:10745000811D442954D8039B40F2374289B2F1334D
:107460003A52284A03440230013092F800C080B2F8
:1074700003F801CF884205D0442802F10102F3D17C
:10748000FFF7C2FD2A6B3946FFF76EFEFF23024667
:107490003B54013080B2432807D8C2F1430238443C
:1074A000002192B210F0C0FD442000F1F0013046FE
:1074B00089B203F07DFB1449144A43230095086800
:1074C00031460192124A08F09BFA304603F080FAE6
:1074D000A379FF2B11D00133DAB2052AA2710CD89F
:1074E0004FF47A730B49934003F2F3139BB2A1FB61
:1074F00003135B09238107B0F0BD7823FAE77047D7
:10750000FFF76CFDE0070020847D03206CB70020AE
:1075100070B70020D34D6210A04B2DE9F04F5D688D
:1075200014468BB0EA69002A00F0AE801379002B74
:1075300000F0AA80B4F80AC0BCF12B0F40F2A4807E
:10754000D4F804E09EF80030022B40F09D8095F8BE
:107550003C60D6B10EF11B01F046E14605F1350065
:1075600000231746AE46B44610F8015F11F8012F0C
:10757000954240F089800133DBB2634501D2062B8E
:10758000F2D175463A46C646CC46DEF8043011685C
:107590001BBA8B4278D1002381494FF0F00A049244
:1075A0000B810393C1E900332946B4F808E0224671
:1075B00055460BE01268002A66D0A5EB0C05AEEB31
:1075C0000C0EB2F80AC0ADB21FFA8EFEAC45F1D96E
:1075D000AE4540F2428153689446A34607919946CE
:1075E0002B4619F80310FF2900F035819C1CA4B22A
:1075F0009C4248D35A1CBCF80A00824280F2228185
:1076000009EB03056D783B2944D8DFE811F05F00F2
:107610000F014300010143004300ED00430043001C
:107620004300430043004300430043004300430042
:107630004300430043004300430043004300430032
:107640004300430043004300430043004300430022
:107650004300430043004300430043004300430012
:107660004300430043004300430043004300430002
:1076700043004300E100CD00BB00B10043004300E4
:107680004300A70061005C4620460BB0BDE8F04F08
:1076900003F09EB9EA184FF6FD739A42F3DC2C44CE
:1076A000A4B223468342C0F0D3801B1AAEEB000085
:1076B0009BB21FFA80FE7345E5D2DCF800C0BCF136
:1076C000000FE0D0DCF8042091468AE793B2E9E7A6
:1076D000042DD8D14FF6F9708342D4D8063305264D
:1076E0009BB200202E49E04609902E48CDE905E3E3
:1076F00000EB860723468C1927E0042D2A4609A9AA
:10770000404628BF04220293019203F0D1FB019A64
:107710008242B8D1042D40F23B8115F00300B2D172
:107720004FF00103099A04F8013B12BA029B3A6038
:107730001A1D92B29A42A6D3731C043D04370A2B39
:107740001E46EDB200F08C8113462278002AD4D078
:10775000DDE905E3C446BCF80A00A3E7042D92D195
:107760004FF6F97083428ED806332E469BB2B8E7A7
:10777000042D88D14FF6F970834284D8063302264F
:107780009BB2AEE7012D7FF47EAF4FF6FE708242D2
:107790003FF479AF03332E469BB2A2E780820320E9
:1077A000887D0320947D0320BAF1F00F7FF46BAF46
:1077B000681E18BF012000287FF465AF4FF6FE75E4
:1077C000AA423FF460AF0333064601259BB288E727
:1077D000042D7FF458AF4FF6F97083423FF653AF54
:1077E000063303269BB27CE7AA077FF44CAFEA1866
:1077F0004FF6FD739A423FF746AF2B199BB2002D0F
:107800003FF450AF082D4FF0080628BF082568E761
:10781000032D7FF638AF2B444FF6FD7083423FF7C0
:1078200032AF2B19072604259BB25AE7042D7FF4AB
:107830002AAF4FF6F97083423FF625AF063306268E
:107840009BB24EE7DCF8005025B36D682D78DAE680
:107850007345FFF4C6AE07995C46894B1B7863B14C
:10786000884B002286481B680270012B00F0A28022
:10787000022B06D0032B00F09B80039B002B00F013
:107880009E8000234FF06C0E4FF02C0A0393B4F847
:107890000AC08CE63B293FF604AF01A353F821F060
:1078A000754402002F4402004B4402002F440200A2
:1078B0004B4402004B4402004B4402004B44020084
:1078C0004B4402004B4402004B4402004B44020074
:1078D0004B4402004B4402004B4402004B44020064
:1078E0004B4402004B4402004B4402004B44020054
:1078F0004B4402004B4402004B4402004B44020044
:107900004B4402004B4402004B4402004B44020033
:107910004B4402004B4402004B4402004B44020023
:107920004B4402004B4402004B4402004B44020013
:107930004B4402004B4402004B4402004B44020003
:107940004B4402004B4402004B4402004B440200F3
:107950004B4402004B4402004B4402004B440200E3
:107960004B4402004B4402004B4402002F440200EF
:107970002F4402002F4402002F4402004B44020017
:107980004B4402004B4402002F4402002F440200EB
:10799000DDE905E3C44608D09DF82400394941F8E3
:1079A0002600012036498855D5E6099800BAF5E742
:1079B000012303934FF0EC0E4FF06C0A67E7304B56
:1079C0000D46049A5B78002B3FF45EAE2D4861684B
:1079D0000379052B19D0062B27D0022B7FF454AE48
:1079E0005379062B7FF450AE254B9B78002B3FF448
:1079F0004BAE8268EB69039812BA188128469A61E7
:107A00000A69DA61FFF7CEFC3EE6537903F0FD0226
:107A1000012A03D0043B012B3FF636AEE869FFF79D
:107A200055FB2846FFF74CFA2EE65379DA1E022A58
:107A300002D9012B7FF428AEEB695A790C2A05D0C4
:107A40004FF00C010022A3F805101A810E4B2846B6
:107A50001A46194602F040FD2846FFF7F1FB13E6EF
:107A600004460A4B40F2816209490A4810F0A2F824
:107A700020460FF067FF0120FDF7C2FE0AF08AFFE3
:107A8000887D0320947D03206CB70020A879002016
:107A9000607B0020AC7400202DE9F043C46985B000
:107AA00007466379032B05D04FF003020023A4F8A7
:107AB000052023810DF10E03032221463846FFF7EE
:107AC00023F9064600287CD0BDF80E00011D44298C
:107AD00000F29480756800F1010C821C4FF0020ED8
:107AE00005F1F0081FFA8CFC92B2C31C4FF0390963
:107AF0009BB208F8009008F80CE008F802E0402279
:107B000008F8032000F10A03442B77D8431D3222E2
:107B1000063008F801209BB20422414680B208F8E2
:107B20000320E26912BAFFF785FA811D442965D85E
:107B300040F2374205F1F10389B228F800200344EE
:107B40002F4A02300130157880B203F8015F884275
:107B500012D0442802F10102F4D12A4B40F2AD5276
:107B600029492A4810F026F800200FF0EBFE0120EA
:107B7000FDF746FE0AF00EFF3A6B4146FFF7F4FAB6
:107B8000FF23024608F80030013080B2432807D8AE
:107B9000C2F143024044002192B210F045FA442061
:107BA00000F1F001304689B203F002F8184A00975C
:107BB000432310683146174A07F0C4FF304602F0ED
:107BC00007FFA379FF2B14D00133DBB2092BA3717C
:107BD0000FD8C3EB4311104A03EB8103DB0003F220
:107BE000F3139BB2A2FB03235B09238105B0BDE81D
:107BF000F0831423238105B0BDE8F083FFF7EEF98D
:107C0000E0070020A8790020AC7A0020AC740020A6
:107C1000847D032070B70020D34D621038B505462F
:107C20000C46154A40F2F7211448FDF7F5FD55B111
:107C3000ECB1E969B1B93422204610F0F5F902231C
:107C4000E371EC6138BD0D4B4FF43E720C490D48A9
:107C50000FF0B0FF00200FF075FE0120FDF7D0FD02
:107C60000AF098FE054B40F2FA220749EFE7034B72
:107C700040F2F9220549EAE780B10020A879002006
:107C800060790020AC740020847B0020747B00208D
:107C900070B50546234A40F22D312348FDF7BCFD5F
:107CA000002D3CD095F83D30DA0738D5AB8EB3F5D2
:107CB000107F31D3EC6934B323790BBBE6793422DE
:107CC0000021204606F0020610F0AEF9E671FFF73B
:107CD000B5F8064600BB0122227195F83D205307F6
:107CE00009D46279022A04D04FF002022081A4F85C
:107CF0000520304670BD2846FFF7A2FA304670BD19
:107D0000FFF7B6F9DAE7342002F0F4F8044618B1C8
:107D10000023C371E861D1E74FF0FF36E9E76FF068
:107D20000F06E6E728B10020A879002008B5C3694E
:107D30002BB15A79052A03D8022A03D852B908BDB3
:107D40000A2A05D100229A71BDE80840FFF7A4BEB7
:107D50000C2A05D800229A71BDE80840FFF770BAD6
:107D6000074B40F2BE32074907480FF023FF0020BF
:107D70000FF0E8FD0120FDF743FD0AF00BFE00BF08
:107D8000A8790020A87B0020AC7400202DE9F041E8
:107D9000054686B0574A40F28F41EC695648FDF7D8
:107DA0003BFD6379052B05D04FF005020023A4F8B5
:107DB000052023810DF11603032221462846FEF7F4
:107DC000A3FF0646002800F09080BDF81600071DAE
:107DD000442F00F28D80D6F804E03922431C0EF1C6
:107DE000F0019BB20A540222CA548218B5F834C07A
:107DF000C31C92B24FEA1C289BB201F8028001F822
:107E000003C000F10A0CBCF1440F71D8431D3722A6
:107E10001FFA8CFC9BB2CA550422CA5400F1F50328
:107E2000364A06301EFA83F3013092F800E080B241
:107E300003F801EF604512D0442802F10102F3D1AA
:107E40002D4B40F2AD522E492E480FF0B3FE0020CC
:107E50000FF078FD0120FDF7D3FC0AF09BFD2A6BA3
:107E60000391FFF781F9FF23039902460B54013078
:107E700080B2432807D8C2F143020844002192B2DD
:107E800010F0D2F8442000F1F001304689B202F03F
:107E90008FFE1D4A009543231068314604F11802F5
:107EA00007F050FE0546304602F092FDA379FF2B05
:107EB00015D00133DBB2092BA37110D8C3EB4311EA
:107EC000124A284603EB81031B0103F2F3139BB212
:107ED000A2FB03235B09238106B0BDE8F0812823C0
:107EE0002846238106B0BDE8F0814FF0FF35DDE77D
:107EF000FFF774F8CCAF0020A8790020E00700203D
:107F0000AC7A0020AC740020847D0320D34D621035
:107F100070B5054686B03F4A40F23351EC693E48A1
:107F2000FDF77AFC002C64D06379002B61D000232C
:107F3000EA69A169A3620591C4F80E30C4F8123051
:107F4000C4E90633C4E90833C4E90B33002A52D02C
:107F500053791A1F012A01D90A2B4CD100210DF1A6
:107F6000120307222846A4F8051021812146FEF7B6
:107F7000CBFE0646002834D0BDF81200831D442BEA
:107F800046D87168431C3622F0319BB20A54042251
:107F900002300391CA54059A80B212BAFFF74AF828
:107FA000FF23039902460B54013080B2432807D8BF
:107FB000C2F143020844002192B210F035F8442087
:107FC00000F1F001304689B202F0F2FD134A00954B
:107FD00043231068314605AA07F0B4FD304602F08D
:107FE000F7FC0F4B28461A46194602F075FA23791A
:107FF00043B906B070BD0023A4F80530238123796E
:10800000002BF6D0FFF734F80023237106B070BDC3
:10801000FEF7E4FFFCAE0020A8790020847D032059
:108020006CB70020784B2DE9F0411D6886B09DB1FA
:10803000EC698CB163797BB1A18A29B1628A013282
:1080400092B29142628278D0228A42B9E2891AB110
:10805000511E012AE18179D006B0BDE8F081511EA0
:10806000012A2182F2D15A1ED2B2092AF4D840F252
:10807000192121FA02F2D207EED5042B05D04FF0D8
:1080800004020023A4F8052023810DF11603032226
:1080900021462846FEF738FE8046002800F09280F0
:1080A000BDF8160000F1040EBEF1440F00F2AA80E4
:1080B000D8F804603922431C06F1F0019BB20A543F
:1080C0000222CA548218B5F834C0C31C92B24FEAD7
:1080D0001C279BB28F5401F803C000F10A0CBCF1BD
:1080E000440F00F28F80431D37221FFA8CFC9BB295
:1080F00001F80E200422CA5400F1F502434B063069
:1081000016FA82F2013093F800E080B202F801EF33
:10811000604532D0442803F10103F3D13C4B40F2D7
:10812000AD523C493C480FF045FD00200FF00AFCE1
:108130000120FDF765FB0AF02DFC2846FFF7E8FE5D
:10814000284606B0BDE8F041FFF7A2BD013BDBB217
:10815000092B81D840F2112222FA03F3DB077FF5C5
:108160007BAF2846FFF712FEA389628A9B1A012B78
:108170007FF772AF5B10E3816EE72A6B0391FEF726
:10818000F3FFFF22039903460A54013080B24328CB
:1081900007D8C3F14303084400219AB20FF044FF0B
:1081A000442000F1F001404689B202F001FD1B4A73
:1081B0000095432310684146194A07F0C3FC404626
:1081C00002F006FCA379FF2B1AD00133DBB2092B96
:1081D000A37115D8C3EB4311124A03EB8103DB00F3
:1081E00003F2F3139BB2A2FB03235B09A28A618A09
:1081F0002381531A012B7FF72FAF5B1023822BE7CC
:108200001423F3E7FEF7EAFECC820320E007002008
:10821000A8790020AC7A0020AC740020847D032073
:1082200070B70020D34D6210224B186840B1C3696B
:1082300033B11A89012A02D9013A1A81704700D054
:1082400070475A790021013A19810B2AF8D801A107
:1082500051F822F03B500200E94F02003150020079
:10826000E94F0200E94F02002D500200E94F0200E1
:10827000E94F0200E94F0200E94F0200E94F020016
:108280002D500200FEF7DCBF9B79012BFAD8FFF7D7
:1082900003BC9B79052B01D8FFF784B800B583B0E8
:1082A0000190FFF735FE019803B05DF804EBFFF78E
:1082B000EFBC00BFCC820320F0B585B00446BDF80A
:1082C0003450002847D00E4617461C214FF4207228
:1082D0001020039302F0E6FB0146002838D04289C3
:1082E000039B1B2A4BD942686DBAD58094F83C0099
:1082F00006283FD1186840F606050391906040F2C9
:1083000006409B8893810B9B1B68C2F812300B9B25
:108310009B88D3820A9B1B68C2F80E300C9B1B689B
:10832000908093610A9B1888174B13604FF6A963DE
:1083300032460095984220460CBF144B3B4607F04E
:10834000BFFD0399084602F043FB002005B0F0BDD5
:108350004FF0FF30FAE70E4B4FF48C620D490E4898
:108360000FF028FC00200FF0EDFA0120FDF748FA8D
:108370000AF010FB064B40F272420849EFE7044B4B
:1083800040F26B420649EAE7000108005CB70020B2
:10839000BC7B002060790020AC7400204C7C002065
:1083A000187C00202DE9F04F00230A2585B0514CA0
:1083B0002F4698462246AC46AB460191CDE90233A2
:1083C00004E0F446013318320A2B1BD0BCF10A0F2B
:1083D0000FFA83FE92F814903FD1B9F1000FF0D05C
:1083E00018B1066851688E426AD0B9F1010FB2F82F
:1083F00012A036D0C245E5D30133D04677461832B5
:108400000A2BE3D1019E5946012E5BD1BCF10A0F24
:1084100080462FD10A2F37D007EB47033D4654F84B
:108420003330002B51D105EB450200216B00BC46D7
:1084300004EBC2021175B8F1000F05D05A19D8F833
:10844000001004EBC20251602B44002204EBC30471
:108450006282604605B0BDE8F08FB9F1000FB1D07F
:10846000BEE7116809B302998A45ABD37546CDF8CA
:1084700008A0A7E70CEB4C03654604EBC3031B7D88
:1084800093BB4FEA4C03D6E70A2915D001EB41060E
:108490000D4654F8360030B1019102F099FA0023EC
:1084A000019944F836300F46BDE703998A4589D3D0
:1084B000F346CDF80CA085E70A2D03D02946E5E761
:1084C000F446C6E74FF0FF3CC3E70B4B4FF4B772DF
:1084D0000A490B480FF06EFB00200FF033FA3046CC
:1084E000FDF78EF90AF056FA034B40F28512054962
:1084F000EFE700BF907C0320BC7B0020907C002035
:10850000AC740020A87C00202E4B02EB4202F0B598
:1085100003EBC2050F4687B0297D012943D9D2005C
:108520000229044602F10C0C0CEB03060CD004F1FA
:1085300036014FF400650A46334639462046009519
:1085400007F0BEFC07B0F0BD698AB1F58E7F17D881
:10855000B1F5877FEBD3043200F1360100901A4465
:10856000012305910393184B0292324601930B4667
:10857000FFF7A2FE05990028DBD103232B75D8E76E
:10858000043200F1360100901A440123059103934F
:108590000D4B029201930B460C4AFFF78DFE059995
:1085A0000028C6D1E9E70A4B40F2EF2209490A4800
:1085B0000FF000FB00200FF0C5F90120FDF720F9B6
:1085C0000AF0E8F9907C032064B700205CB7002033
:1085D000BC7B0020D47C0020AC74002070B51D4C06
:1085E00084B0002604F1F0050AE0012A1FD0032A16
:1085F0002CD0042A01D1022323741834AC4214D0A5
:10860000227C002AF9D0E38901339BB2B3F5967F2F
:10861000E381EAD354F8040C18B102F0D9F944F814
:10862000046C26741834AC42EAD104B070BD042B3B
:10863000F0D803926068084A00F136030294019270
:108640001946064A0090FFF737FED6E70423237445
:10865000D3E700BF947C032064B700205CB7002000
:108660000D4B10B503F1F00182B004461A7D12B132
:108670009A68A24204D018338B42F7D102B010BDE1
:10868000186830B1019302F0A3F90022019B03495D
:108690001A6000221A75EEE7907C0320807D03208B
:1086A0002DE9F0470E4688B00546554A40F289212B
:1086B0005448FDF7B1F8002E7DD06C682388B3F5DF
:1086C000807F02D12379062B05D0284608B0BDE86B
:1086D000F04702F07DB96379042BF6D16388082B4B
:1086E000F3D12146304608F0C7FDD4F80E30326889
:1086F0000793002A62D1924604F1080802279146A6
:1087000096F83C20062A6CD1002B3CD03146184606
:10871000059300F0EBFEB0BB059B03F0F003E02BEC
:1087200031D00590394607A8FFF73CFE431C2AD0FC
:10873000DFF8DCC000EB40000223059A0CEBC00E12
:108740008EF81430C300CEF8086003F10C01D8F89D
:1087500000004CF801006144B8F8040088805CF81F
:108760000310AEF8122071B14CF803204FF40063EF
:1087700006F13602304600934346059107F0A0FB10
:10878000059802F025F9E388B3F5807F9DD18AF042
:10879000010319EA030F98D0022106F1360342467D
:1087A0003046039107A9CDF804800291194600963E
:1087B000FFF782FD89E708B0BDE8F087A169A2EB69
:1087C000030A04F10808BAFA8AFA8A424FEA5A1AE6
:1087D00003D14FF00109012792E74FF0000902276A
:1087E0008EE7084B4FF4D572074908480FF0E2F9BD
:1087F00000200FF0A7F80120FDF702F80AF0CAF8F0
:10880000D8AF0020BC7B0020247D0020AC74002069
:10881000907C0320002900F0B4800B68002B00F04E
:10882000B0802DE9F041054686B00C460146184659
:10883000174600F05BFE002840F08980236803F0B3
:10884000F003E02B00F0838001212046FFF7AAFD12
:10885000411C064664D04C4A00EB400805F1360343
:1088600002EBC80898F81420EAB90122C8F80850A9
:108870001946284688F8142000950593CDE9024250
:10888000424A0192424AFFF717FD0038059B18BF84
:108890000120404227B198F81420012A25D806D09B
:1088A00006B0BDE8F081002F54D0012A1DD13B460F
:1088B00005E01A7B52062BD41B68002B35D0598952
:1088C0001A899142F5D11A68002AF2D0314B40F250
:1088D000FA32314931480FF06DF900200FF032F8CB
:1088E0000120FCF78DFF0AF055F81A46264C06EBDE
:1088F00046033946284604EBC3034FF40064009452
:108900000C33274C267007F0DBFA06B0BDE8F08187
:108910003A464FF42071102002F098FB074638B910
:108920004FF0FF3006B0BDE8F081384602F0BEF9E6
:1089300006EB4603144A52F8330008B102F048F837
:1089400006EB4606104B43F836700020A8E76FF0A0
:108950000F00A5E7012228461946029403920B4A0C
:10896000009501920A4AFFF7A7FC0028D8D11823E6
:10897000054A03FB06231B7D012BE6D1A8F8120054
:10898000E3E76FF00F007047907C032064B700208E
:108990005CB70020BC7B0020487D0020AC74002028
:1089A0005084032070B5054684B014460E46554ADF
:1089B00040F21E315448FCF72FFF002D00F0938049
:1089C000002E00F08180002C6FD02946206800F036
:1089D0008DFD002857D1236803F0F002E02A38D03B
:1089E0002A6869685A400A420ED09BB24FF6A962C3
:1089F000934209D07368DB689BB2934204D0AB68A2
:108A0000002B4FD005F10804DFF818C13F4B9CF84C
:108A1000002002EB420103EBC103197D012903D9B8
:108A20005B68216899423AD0384B00201A7D012AB0
:108A300003D921685A68914227D0013018330A2897
:108A4000F4D132462146284604B0BDE87040FFF715
:108A5000E1BE012163886278ADF808105E2102F062
:108A60007F02ADF80C3002AB8DF80A108DF80B20A8
:108A70004FF4006405F1360231462846009407F0B1
:108A80001FFA04B070BD224BF2E7C2B2314628464D
:108A90008CF8002004B0BDE87040FFF735BD3146CA
:108AA0002846F7E76FF00300EBE7174B40F221325F
:108AB000184919480FF07EF820460EF043FF0120B8
:108AC000FCF79EFE09F066FF0F4B4FF44872134906
:108AD00011480FF06FF830460EF034FF0120FCF71C
:108AE0008FFE09F057FF084B40F21F320C490A482D
:108AF0000FF060F828460EF025FF0120FCF780FEFD
:108B000009F048FF14AF0020BC7B0020907C0320BC
:108B10005CB70020047D0020AC740020647D002040
:108B2000607900205084032000B5012285B0DFF871
:108B300024C000F13603CDE90212044A1946CDE9FA
:108B4000002C034AFFF7B8FB05B000BD6CB700204E
:108B50005CB7002064B7002000B58C4685B000F1FA
:108B600036030121054ACDF800C00192044ACDE93F
:108B700002C11946FFF7A0FB05B000BD64B7002095
:108B80005CB7002010B5846A82B004B30A6820463E
:108B900001E0006820B143689342FAD102B010BDF1
:108BA0000720009101F044FA009970B10B6843600E
:108BB0000023836003731F4B0A681B689A421CD012
:108BC00023680360206002B010BD0020E6E7CDE915
:108BD0000001072001F02CFADDE900310028F4D073
:108BE000F9B9144A01731468C0E901110A68A24274
:108BF00012D1002202609862D0E70F4B4FF48972C5
:108C00000E490F480EF0D6FF00200EF09BFE01200B
:108C1000FCF7F6FD09F0BEFE074B4FF486720949DA
:108C2000EFE70A6884600473024C426024680A68B3
:108C3000DDE700BF8C7C0320707D0020FC7D0020E0
:108C4000AC740020C87D0020437A022B07D0012B92
:108C500000D070474389013B9BB29942F9D8022961
:108C600004D80122428101224272704700B583B0CC
:108C7000CDE90001FCF7FAFD0199009BB0FBF1F290
:108C800002FB1100588108B901225A8101225A724F
:108C900003B000BD2A4B2DE9F0411B688AB006469F
:108CA0000D46174608214FF420723820089301F032
:108CB000F9FE002831D043890446072B30D93268A9
:108CC000162F436808926A685A6002D0DFF88080E5
:108CD00003E0012205F104082A7200250821184644
:108CE0001F705D709D70DD70079308F0F7F9079BAA
:108CF00040F294414246588002200991042101909B
:108D00000123049109A920460296039108A9009520
:108D100000F0A8FB204601F05BFE0AB0BDE8F08140
:108D2000084B40F20232084908480EF043FF002089
:108D30000EF008FE0120FCF763FD09F02BFE00BFDA
:108D40006CB70020707D0020407E0020AC740020B5
:108D5000887C032003490448044B054A08601A60D4
:108D6000704700BF8C7C0320E0000001887C03205A
:108D7000E000000210B50A490446FFF703FF60B1A6
:108D8000037B0222013342720373636C1BB1012225
:108D9000034920469847002010BD4FF0FF3010BD1A
:108DA0008C7C032070B50023846A836274B106460C
:108DB000736C25460022304624680BB1291D984764
:108DC0002946072001F048F9002CF1D1204670BD5A
:108DD000836A1BB370B51C68FCB1114E012501E01C
:108DE0002468D4B1637A022B06D0012BF8D16389B1
:108DF000013B9BB2042BF3D9FCF738FDA6FB0032F4
:108E0000657222F0030303EB9203C01A012838BFF6
:108E1000012060812468002CE4D170BD704700BF40
:108E2000CDCCCCCC806A30B10A6801E0006810B1CA
:108E300043689342FAD1704770B50E46418982B0BB
:108E4000044607291BD945680192284608F046F9CF
:108E5000A8B9B16A99B1019A0846126801E00068A0
:108E600068B143689342FAD12B78112B0DD0162BA1
:108E700005D1437A012B02D14FF400738360204661
:108E800002B0BDE8704001F0A3BD144BD3F800C0A0
:108E90006B68944505D0002BF1D06978FFF7D4FEBC
:108EA000EDE7ABB96B7823B90A236B70B16A00297F
:108EB000E5D008680028E2D069780190FFF7C4FE89
:108EC000019800680028F7D1D9E709680029D6D0B1
:108ED0004A689A42F9D10846DFE700BF8C7C03203C
:108EE00070B50D46254A82B0044640F2E911244887
:108EF000FCF792FC2B6803F0F002E02A37D1214AFC
:108F00001268934233D094F83D309B062FD5294602
:108F10002046FFF737FE034660B3427A2AB11A7B38
:108F2000002001321A7302B070BD027B3AB9666C40
:108F30002EB10190012229462046B047019B1946D7
:108F4000162220460193FFF7A5FEFCF78FFC0E4A80
:108F50000121019BA2FB0042597222F0030101EBA7
:108F60009202801A012838BF01205881D7E76FF09C
:108F70000500D8E74FF0FF30D5E700BFD8B000209C
:108F8000707D00208C7C0320CDCCCCCC70B50D4600
:108F900082B00446244A254840F24921FCF73CFCB3
:108FA000286800F0F003E02B2DD1214B1B6898427C
:108FB00029D094F83D309B0625D5A26A1AB31346F2
:108FC00001E01B68FBB159688842FAD1197B01297D
:108FD00004D901391973002002B070BD114612681E
:108FE0009A4214D0002AF9D11A7AAAB9666C2EB125
:108FF0000022294620460193B047019B19460720CD
:1090000001F02AF8E7E76FF0050002B070BD1A68BA
:109010000A601A7A002AE9D01946172220460193DD
:10902000FFF738FE019BE1E724AF0020707D0020B0
:109030008C7C03201D4B186800282CD0816A19B93C
:1090400070470968002927D04A89531E002AF8D0A2
:109050009BB24B81002BF4D14B7A012BF1D110B58F
:1090600082B0134B4FF0020C4C6816221B689C42D6
:1090700013D1096869B14A89531E002AF9D09BB2FD
:109080004B81002BF5D14B7A012BEAD009680029DE
:10909000F1D102B010BD7047704781F809C0CDE929
:1090A0000001FFF7F7FDDDE90001E2E7CC820320D4
:1090B0008C7C03200B4B1B685BB193F83D2002F0C6
:1090C0000502052A07D11A6842B102787F2A08BF33
:1090D0000023184670470023184670471346184669
:1090E000704700BFCC8203202DE9F04104467F4A3F
:1090F00082B00F467E4840F2D911FCF78DFB6268C2
:1091000013781909042933D1518803F00F032089FA
:1091100049BA9B008DB2A84231D86089984227D3C2
:109120002089A84224D3132B22D91169D06801F0D9
:10913000F00E704D97F83DC0BEF1E00FC5E9040197
:1091400026D11CF0200F78D1517A112900F08580AA
:1091500070B100263946CDE9003200F0C7F938B9C0
:10916000296901F0F001E02902D0DDE900328EBB6F
:10917000204601F02DFC002002B0BDE8F081294618
:109180002046CDE9003201F013FDDDE90032C4E7ED
:109190001CF0010F5CD0D7F800C0BCF1000FD3D099
:1091A0008C4514D008463946CDE9003200F09EF9CE
:1091B000DDE9003250B905F114013846CDE900323D
:1091C000FDF792FDDDE90032002841D02869002832
:1091D00074D13E46D18821F0C00141B120460093B0
:1091E00000F0ACFB04460028C5D04268009BAA6092
:1091F000204601930092C5E90067117801F00F0144
:109200008900A981394601F05FFF0128804644D0DA
:109210000199204601F074FB009A019B527A013AB1
:10922000102A21D8DFE802F05C56202020512020AF
:1092300020202020202020204C0005F11401384659
:10924000CDE90032FFF7EEFDDDE900320028BDD1A7
:10925000517A11292CD028697AE7D1184988B1F5BB
:10926000884F7FF475AFB4E7B8F1020F12D03146E2
:109270006869009300F03AF960B96A6902F0F00297
:10928000E02A07D00099204601F068FB0221204621
:1092900008F08EF9204601F09BFB00230020C5E971
:1092A0000033AB60AB81C5E9043302B0BDE8F081A7
:1092B000D1184988B1F5884FCDD18AE73E4649E7B4
:1092C0003946204606F008FAE7E73946204603F01B
:1092D000FDFFE2E7084A39462046FFF7ADFDDCE72F
:1092E0003946204608F0BEF8D7E700BFE8AF0020B7
:1092F0007C7E002080820320948203202DE9F04FA1
:10930000044685B08846154640F275314E4A4F48AE
:109310009A469DF838909DF83C70BDF84860FCF77F
:109320007BFAA37B012B7AD1002D5AD0002E55D089
:10933000282E71D8F31C204623F003039BB2194654
:1093400003F1140B009301F0A3FA0190002860D1FF
:1093500032461199606809F089F8009B9E424BD310
:109360001421204601F094FA0646002851D1638961
:10937000132B63D94FEA9B026368062F42F0400229
:1093800083F808A05F7229681A7083F80190228917
:10939000196151BA9871D871598001D1442A04D900
:1093A0002B4A1688711C76BA11809E80B8F1000F86
:1093B0001FD0D8F80020DA6000229A72DA72109B6F
:1093C0009B8E13B122899A421DD8109B2A462146B2
:1093D00010981B69984705B0BDE8F08F4FF0140B4B
:1093E000BEE76389132B14D9636803AD1B6903932C
:1093F000E5E7184A1268DEE760689A1B0199304475
:109400000EF012FEACE72A461099204600F080FCD0
:10941000E1E76FF00100DEE76FF00500DBE70B4BE3
:1094200040F276320C490D480EF0C4FB00200EF0DD
:1094300089FA0120FCF7E4F909F0ACFA034B40F299
:10944000AA320749EFE700BF3CAF00207C7E002036
:10945000188403206CB70020D47E0020AC74002058
:10946000E07E0020F0B59DF814E09DF81840BDF8AE
:109470002460DDE907C51AB109B10F6807B9614673
:10948000CDF814E0CDE90856CDE9064CBDE8F04032
:10949000FFF734BF10B586B09DF820C00A9CCDF808
:1094A00000C04FF0000C0294CDE903CC9DF824C01D
:1094B000CDF804C0FFF722FF06B010BD30B587B06D
:1094C0009DF828E09DF82C40DDF830C01AB109B1B4
:1094D0000D6805B96146CDF800E0CDE9014C0024E6
:1094E000CDE90344FFF70AFF07B030BD431E033345
:1094F00014D891F83D3013F002030DD00B6883426D
:109500000FD04A68434013420BD1D34320EA0200F4
:10951000C31AB3FA83F35B09184670470123184650
:109520007047002318467047F0B5514C85B002785B
:10953000A35C5B0738D50F4603AE6D46302A36D0A4
:109540004FF00A0E0130002107E0BEF1080F1CD0D9
:1095500001FB0E21027830390130A35C13F0040FB7
:10956000F3D1BEF1100F15D113F0440F12D003F058
:10957000030302F10A0C0278022B14BF412361237A
:10958000ACEB030343EA0111E6E7A2F1300CBCF1B6
:10959000070FDDD92E2A18D1B54205D0027845F83B
:1095A000041BA35C5907C9D4002005B0F0BD427864
:1095B00002F0DF03582B03D001304FF0080EC1E753
:1095C00082784FF0100E0230BCE70AB11B07EBD5D2
:1095D0006B46EB1A9B100133042B3AD801A252F8C8
:1095E00023F000BF51630200B1630200A1630200D7
:1095F000DF630200BB630200B1F1807FD4D2009B25
:10960000FF2BD1D841EA03610FB109BA39600120BB
:10961000CBE7FF29C8D80098FF28C5D8019BFF2BAE
:10962000C2D8029AFF2ABFD81B0443EA006343EA68
:1096300002231943E8E7B1F5803FB5D2009AFF2A2B
:10964000B2D8019BFF2BAFD81B0443EA0263194336
:10965000DAE7084BFB22084908480EF0ABFA002075
:109660000EF070F90120FCF7CBF809F093F900BF78
:1096700069B20020107F00206C7F0020AC740020B5
:1096800008B540F24712064B064907480EF092FA19
:1096900000200EF057F90120FCF7B2F809F07AF932
:1096A000787F0020D47F0020AC74002010B50446E1
:1096B00048B1406908B101F08BF921460620BDE8A8
:1096C000104000F0C9BC074B4FF4347206490748FC
:1096D0000EF070FA20460EF035F90120FCF790F8F4
:1096E00009F058F9787F0020F07F0020AC7400204A
:1096F00081422DE9F04100F08D800746884600291F
:109700005ED00968814240F081804C68002C45D0D1
:1097100063689A883AB300266368204625461C6829
:1097200001F0BAFA3318B3F5803F61DA28469EB2E9
:1097300001F04EF9002CEFD13A4B1A68974248D00D
:10974000B8F1000F43D03B68C8F800303946052017
:1097500000F082FC344A1388B3425FD39B1B30462F
:109760001380BDE8F0811A68386979697A60FD680C
:10977000BA6898602046D96001211A605D60BA69B4
:109780001A6107F019FF204601F086FA06462046C6
:1097900001F01EF97C68002CBED1CDE7214B1A6880
:1097A000914219D00B6805202646C8F8003000F019
:1097B00053FC1D4A304613889B1B1380BDE8F08183
:1097C0004468002CA4D1174B1A6890420DD0FFF7C3
:1097D00057FF3A681A60B9E70A6805201A6000F076
:1097E0003BFC114A26461388B8E702680146F4E7B5
:1097F0000E4BCE220E490F480EF0DCF900200EF081
:10980000A1F80120FBF7FCFF09F0C4F8074BAD22DB
:109810000949F0E7054BAB220849ECE7034BD4229A
:109820000749E8E7F08203201A840320787F0020AC
:109830001C800020AC74002008800020FC7F0020E9
:109840003C8000202DE9F04705468A460027DFF8D6
:10985000B880D8F80000002848D04FF00009D5F8AB
:109860000CC0CE4649464B46426962452AD009F1B2
:10987000010453B9026892B353698E4601469C4570
:10988000034636D009F10204104693F81F90C27FB8
:1098900006684A450AD926B3726994450FD0014635
:1098A00030460134C27F06684A45F4D88E460346E6
:1098B00091461EB372699445F1D18E460346014626
:1098C000A14630462C698269A242D0D18489AA88F7
:1098D0009442CCD10268AAB101461046C4E78E4634
:1098E00003464BB9574501DA012CB2DC3846BDE8D6
:1098F000F087A1461046E5E771461846FFF7F8FEE7
:109900000744EFE74C46ECE7F082032038B50A4BFA
:109910001C684CB10025E37F204624685A1E23B101
:109920000546C277002CF6D138BD2946FFF7E0FE88
:10993000002CF0D1F8E700BFF08203202DE9F04FB2
:10994000476883B006463B7803F00F03052B40F0D1
:10995000D9807D886DBAADB2132D40F2D380B7F8AF
:10996000068001F099F9A24B81461B8803440A2B1B
:1099700000F3E3809F4B1968002900F0EB80F86842
:1099800003E00968002900F0E5804B698342F8D1C3
:109990003B698A699A42F4D18A89BB889A42F0D19C
:1099A000FB8858BAC0F30C00002800F0B3804C6864
:1099B00098FA98FCA5F1140213F02003CCF30C0CD8
:1099C00093469A464FEACC0C0AD10CEB02039BB2A9
:1099D0009C4500F28B804FF6EB72934200F286803A
:1099E000D6F804E0BEF802309EF800205BBA02F020
:1099F0000F029BB2B3EB820F78D3A3EB8203BEF8C6
:109A0000062052BAC2F30C02D2001344AEF804206E
:109A100098B2AEF806300023824201908EF80030F2
:109A20008EF801308EF802308EF803305ED8002CAC
:109A300000F039814FF001080FE063D0DF88BA42AF
:109A400060D335B1EC88844214BF4FF0000808F0B1
:109A500001081C68002C00F0BD801D4663689888D2
:109A60008242EAD2CEF80040002D00F0BB80019C7B
:109A7000EB88844246D89A4244D39A4214BF4FF0AE
:109A8000000808F001082E60BAF1000F00F0838092
:109A90008B7FDB0740F18C80B8F1000F00F08880ED
:109AA0004B68002B00F084805B689A887AB9DEF8F6
:109AB0000000002800F00181019C04E010680028EB
:109AC00000F09A80D48842689088A042F6D0484A34
:109AD00013884B441380BAF1000F16D18B7FDC44FE
:109AE00043F00103A1F81CC08B770EE054B9414B41
:109AF0001B688B4240F0F2800B6805203D4A1360E2
:109B000000F0AAFA304600F063FF0025284603B0B3
:109B1000BDE8F08FC88940BAC0F30C0000283FF4BC
:109B200046AF3B687A68BC68F8688B60CA600C61B5
:109B300048613B698B61FB8839E701463846FFF78E
:109B400081FE0028DED02A4B1B884B440A2B7FF76E
:109B500011AFD7E7052000F06BFA014668B3254A3C
:109B6000002413688C600B600F23CC600C614C6187
:109B70008C61CC614C60CB7711603B68D7F804C036
:109B8000BA68F8688B60C1F80CC00A6148613B692B
:109B90008B61FB880CE7B8F1000F02D04B68002BFB
:109BA00082D18B7FDC4443F00103A1F81CC08B778A
:109BB0000F4A13884B441380A7E749463846FFF7FE
:109BC00041FE81459EDC052000F032FA0146002866
:109BD000C5D197E7BA4214BF4FF0000808F001085A
:109BE0001E6051E7019B83428CD84E604CE700BF5A
:109BF0001A840320F0820320934260D03D480288FB
:109C00004A440280BAF1000F4BD1887F0BEB0C0263
:109C100040F001008A8388778D6814320C694869A6
:109C200052BACE689C605E60D86000201C681D60DF
:109C30008D695A801D6198714D68D8719872D8727B
:109C40006CB10F4614212046666800F059FE21468B
:109C5000284601F037F83468002CF3D13946264BFA
:109C60001B688B4206D0002B3DD01A688A4215D063
:109C70001346F8E70B68204A1360052000F0ECF962
:109C8000284601F009F81B4B1B8883422DD31B1A71
:109C9000184A2846138003B0BDE8F08F0A681A609E
:109CA000EBE78A8BB8E74E60BAF1000F3FF476AF6E
:109CB0008B7FDA073FF5F4AE7AE79E459ED10F4BD6
:109CC0004FF4F1720E490F480DF074FF00200DF0B3
:109CD00039FE0120FBF794FD08F05CFE074B40F2D3
:109CE000AD220949EFE7FFF7CBFC044B40F29D2280
:109CF0000649E8E71A840320F0820320787F0020D9
:109D000060800020AC740020B0800020948000208F
:109D10002DE9F04FD0F804A08DB09AF8003003F090
:109D20000F03052B40F0C08043890546132B40F2FA
:109D3000BB800389143B9BB21E46002B00F0AF8012
:109D40008B8E14270024DFF8A091B3F11400B046E5
:109D500048BFA3F10D00CDE90A1220F00702BAF8BE
:109D60000630C110CDF814A05BBA92B209910492EA
:109D7000C3F30C02C3F34033039208934FF42072F1
:109D80001421102000F08EFE834600284CD0438919
:109D9000132B40F29B8005994368C8680A68D1F884
:109DA00004C08E68D86004981A604045C3F804C0A7
:109DB0009E6028BF40460A6902901A61DBF80420C1
:109DC00000286ED06C89BC4271D3029ECDE9062872
:109DD0001AE0019403466A68214600203A44009242
:109DE000412200F033FD824618B3361B284600F0AE
:109DF0005DFF5146B6B25846C8E9049500F062FFCF
:109E0000FEB12D6800276C89E41BA4B2B44228BFC0
:109E10003446002CF5D0062000F00AF980460028D0
:109E2000D7D1584600F0D4FD4FF0FF300DB0BDE85B
:109E3000F08F4146062000F00FF9584600F0C8FDAB
:109E4000F2E72744DDE90628BFB20A99039E8B8E0C
:109E50000898133B4345D8BF40F00100C6F30C03FC
:109E600043EA403308465BBAD380029B14335BBAA3
:109E7000538000239372D3720B6959460B9A98470B
:109E8000584600F0A5FD029BA8EB030B099B1FFAA7
:109E90008BF833440393B8F1000F7FF46FAF0020C9
:109EA000C4E72744BFB2D0E76FF00500BEE70A4B16
:109EB00040F22F3209490A480DF07CFE00200DF0D7
:109EC00041FD0120FBF79CFC08F064FD024B40F2D1
:109ED00026320449EFE700BF787F0020F0800020A1
:109EE000AC740020D080002055640200704700BF91
:109EF000704700BF08B50CF00FFF90B1C31C23F0F2
:109F0000030398420DD0074BC822074907480DF0BC
:109F100051FE00200DF016FD0120FBF771FC08F04A
:109F200039FD08BD0081002054810020AC74002060
:109F300010B540B1C31C23F00303984211D1BDE812
:109F400010400CF0F1BE094BD922094909480DF027
:109F500031FE00200DF0F6FC0120FBF751FC08F06B
:109F600019FD024BDA220449F0E700BF008100200E
:109F700078810020AC740020888100200CF03ABE6B
:109F800008B54FF48C72064B064907480DF012FED7
:109F900000200DF0D7FC0120FBF732FC08F0FAFCA2
:109FA000A0810020F4810020AC74002008B54FF49B
:109FB000B672064B064907480DF0FCFD00200DF077
:109FC000C1FC0120FBF71CFC08F0E4FCA081002090
:109FD00018820020AC740020F0B5DFF850E00424B3
:109FE000104B0026104D0EF12C075EF8042B2E604E
:109FF00074B103330021B2F800C023F003030A4612
:10A0000000E06344013219601946A242F9D12B6085
:10A01000774505D0DEF80020D2E901355488E4E721
:10A02000F0BD00BF986E2120B082032038B8002018
:10A030000A280BD808B5074B53F820309B681868DE
:10A0400018B102681A60830702D108BD002070476A
:10A05000FFF796FF38B8002061B10A280AD808B582
:10A060008B0708D1054B53F820309B681A680A60AB
:10A07000196008BD7047FFF799FF00BF38B800208E
:10A080006FF00B00704700BF68B190F83D2002F000
:10A090000501052900D070470368002BFBD093060B
:10A0A000F9D5FEF795BE10B50446074B4FF4647220
:10A0B000064907480DF07EFD20460DF043FC0120C7
:10A0C000FBF79EFB08F066FC388200208C820020A3
:10A0D000AC740020704700BF10B5054A044640F23A
:10A0E0005B310448FBF798FB034B1C6010BD00BFBD
:10A0F0003CB2002038820020CC82032030B50546D7
:10A1000085B0184A40F271311748FBF785FB1DB145
:10A1100095F83D30DA0701D505B030BD134943F05D
:10A12000010301220C6885F83D308DF804204CB104
:10A1300001AA08212846D4E900349847002CF7D119
:10A1400095F83D3003F00502052AE5D12A68002A7A
:10A15000E2D09B06E0D5284605B0BDE83040FEF7CA
:10A1600037BE00BF0CB20020388200205882032086
:10A1700030B5054685B0144A40F2BF311348FBF7AD
:10A180004BFB1DB195F83D30DA0701D405B030BD69
:10A190000F4900220C688DF804204CB101AA082157
:10A1A0002846D4E900349847002CF7D195F83D3083
:10A1B00023F001021B0785F83D20E7D5284605B0AE
:10A1C000BDE83040FEF74CBAF0B1002038820020E4
:10A1D0005882032038B50546244A40F20A31244803
:10A1E000FBF71AFBB5B1234B1C683CB100220221DE
:10A1F0002846D4E900349847002CF7D12B68D3B90E
:10A2000095F83D309A060ED4DB0704D41A4C236827
:10A21000AB4221D038BD184C2846FFF7A9FF236870
:10A22000AB42F7D118E02846FEF7BCFD95F83D306B
:10A23000DB07EBD5EFE70021284602F089FA002181
:10A24000284605F0C1FD0021284600F0BDFF95F825
:10A250003D309A06D8D5E6E7084A40F25B3104481B
:10A26000FBF7DAFA0023236038BD00BF58B00020A6
:10A270003882002058820320CC8203203CB2002088
:10A2800030B5054685B01B4A40F204411A48FBF739
:10A29000C3FA1DB195F83D305A0701D505B030BD60
:10A2A00043F00403284685F83D30FDF73FFD28467E
:10A2B000FCF7F0FC95F83D3003F00502052A10D0BC
:10A2C0000E4A012314688DF80430002CE6D001AA50
:10A2D00004212846D4E900349847002CF7D105B072
:10A2E00030BD2A68002AEBD09B06E9D52846FEF748
:10A2F0006FFDE5E7D0B100203882002058820320AE
:10A3000030B5054685B0144A40F22A411348FBF7A0
:10A3100083FA1DB195F83D305A0701D405B030BD20
:10A3200023F00403284685F83D30FCF7B5FC2846A9
:10A3300006F024FF0A4A002314688DF80430002C2C
:10A34000ECD001AA04212846D4E900349847002C17
:10A35000F7D105B030BD00BF90B100203882002099
:10A360005882032010B50446094A40F2CE610948DC
:10A37000FBF752FA54B1084B186830B190F84030EE
:10A380000133DBB2A34218BF002010BD204610BD30
:10A3900034B1002038820020CC82032038B5044636
:10A3A0000D46164A40F20A711548FBF735FA34B1EA
:10A3B000A5B1144B25601A681C60626038BD104B53
:10A3C00040F20B72104911480DF0F4FB20460DF0DD
:10A3D000B9FA0120FBF714FA08F0DCFA084B40F256
:10A3E0000C720B4909480DF0E5FB28460DF0AAFA5E
:10A3F0000120FBF705FA08F0CDFA00BFF4AF00200A
:10A400003882002058820320B0820020AC740020E3
:10A41000CC82002010B50446164A40F21D71164841
:10A42000FBF7FAF9BCB1154B196871B1A1420DD017
:10A430004B6823B907E05A68194622B113469C427B
:10A44000F9D163684B600023636010BD62681A60D5
:10A4500000236360F9E7084B40F21E72084909487F
:10A460000DF0A8FB20460DF06DFA0120FBF7C8F9AE
:10A4700008F090FA54AF0020388200205882032060
:10A48000B0820020AC740020F8B5054668B10E4BD0
:10A490000E4617461C683CB13A4631462846D4E978
:10A4A00000349847002CF7D1F8BD084B40F23E72BB
:10A4B000074908480DF07EFB28460DF043FA0120BD
:10A4C000FBF79EF908F066FA5882032038820020D4
:10A4D000E0820020AC740020F0B50D4689B017462C
:10A4E0000446544A4FF4307153481E46FBF794F922
:10A4F000002D36D007B316B32B6823B300231946BB
:10A500003F68D4E90120974226D067600192326803
:10A5100001AE8242069641F0400626D0A26002AA11
:10A52000029007922BB346F0A00189B205AA2046FB
:10A53000FFF7AAFF09B0F0BD404F002EDCD12B6819
:10A540003E4E002BDAD12168002943D13F68012318
:10A55000D4E901209742D8D13268824258D00E46C1
:10A56000DCE7364D002FC6D1E6E753B141F0C0011C
:10A57000DCE723682A6893420AD146F4946189B2E1
:10A58000D4E723682A68934204D141F49861CDE767
:10A5900046F0200603AF2A6804A93846CDE9033205
:10A5A00002F0D6F804A9384605F00EFC04A9384696
:10A5B00000F00AFE04AA3946204606F0C1FE2B68C8
:10A5C000012120462360FFF75FFD46F49263059763
:10A5D00099B2ABE703A8039105A9059302F0B8F877
:10A5E00005A903A805F0F0FB05A903A800F0ECFD00
:10A5F00005AA03A9204606F0A3FE2B6801212046E8
:10A600002360FFF741FD03AB10210593012377E79A
:10A610001BB100298ED0902188E723682A689342D5
:10A6200006D100290CBF4FF480614FF492617DE7A1
:10A630000E46AFE788B00020388200206CB70020BB
:10A64000F0B583B004460D46164640F22D11364A49
:10A6500036480193FBF7E0F8354A019B1768002F55
:10A660004DD1002C3BD0099A002A38D0002D3ED085
:10A67000002E37D0002B38D0089832462946A061EA
:10A680000A98E0600020C4E90000A060A08684F879
:10A690003D00E06120626062A062E062606484F874
:10A6A0004000A064234820612046FFF715FF2046A4
:10A6B000099B984798B994F83C30062B2ED894F80B
:10A6C0003D309B0617D41C4B1D683DB10022012173
:10A6D0002046D5E900359847002DF7D12746384662
:10A6E00003B0F0BD154E002BC6D1144BC4E7134D7B
:10A6F000002EBFD1F6E72046FEF73CFBE3E70B4B0D
:10A7000040F231120E490F480DF054FA00200DF0BE
:10A7100019F90120FBF774F808F03CF9034B40F2FB
:10A720008B120949EFE700BFB0B00020388200204B
:10A73000CC820320296E0200588203206CB70020CF
:10A74000F8820020AC7400201483002000B59C46E1
:10A7500085B00023CDF808C0CDE900121A4619468D
:10A76000FFF76EFF05B000BD08B540F24632064B5C
:10A77000064907480DF01EFA00200DF0E3F801200D
:10A78000FBF73EF808F006F9408300209483002090
:10A79000AC74002008B540F24C52064B06490748FD
:10A7A0000DF008FA00200DF0CDF80120FBF728F895
:10A7B00008F0F0F840830020A8830020AC7400204B
:10A7C00007490022074B08681A7010B906E0C068F4
:10A7D00020B1436F002BFAD002F024B8704700BFBD
:10A7E000D48303205584032030B522F0400483B085
:10A7F000012C15D105460920CDE90012FFF718FC00
:10A8000060B100230099019A0360437361F30F0361
:10A81000456061F31F430273C481836003B030BDA0
:10A82000074B4FF4A672074907480DF0C3F9002003
:10A830000DF088F80120FAF7E3FF08F0ABF800BF4D
:10A8400040830020BC830020AC740020033020F043
:10A85000030010B501EB000EBDF80CC01446029ABF
:10A86000E64513D84FF0000C61F30F0C61F31F4C59
:10A8700002B10244002002215A60012218601846E9
:10A88000C3F808C01C735973DA8110BD002010BDD5
:10A8900010B5F0B1B1F5803F0BD2C1B18AB20389D6
:10A8A00013449BB29A4204D890F90CC0BCF1000F3B
:10A8B00001DB012010BD446800F1100C611A6145F4
:10A8C000F7D3B0F80AC0416062440381428100209E
:10A8D00010BD0446074B4FF4F272074907480DF0CC
:10A8E00069F920460DF02EF80120FAF789FF08F0EB
:10A8F00051F800BF40830020D0830020AC740020BA
:10A9000010B5A8B1B1F5803F10D269B18AB24389C0
:10A9100093420BD344689B1A04EB010C01894381D9
:10A920008B1AC0F804C00381002010BD012010BDA7
:10A930000446074B4FF41472064907480DF03AF9E4
:10A9400020460CF0FFFF0120FAF75AFF08F022F82A
:10A9500040830020D0830020AC740020002918DB45
:10A9600010B5F8B199B18AB2038913449BB29A42E7
:10A9700016D890F90CC04468BCF1000FA4EB01019B
:10A980000ADBB0F80AC041606244038142810020C2
:10A9900010BD4942FFF7B4BF00F1100C6145F0D281
:10A9A000012010BD0446074B4FF4F27206490748D8
:10A9B0000DF000F920460CF0C5FF0120FAF720FF4A
:10A9C00007F0E8FF40830020D0830020AC74002013
:10A9D000F8B50546002849D0002608E02C69002C6F
:10A9E0003AD02846A0470136F6B2D7B13D46AC7BF7
:10A9F0001CB3013CE4B2AC739CB96B7B2F6813F0C1
:10AA00000204EBD12B7B03F00F03022B0BD0012BA5
:10AA10000ED033BB01362846FFF78AFAF6B2002F74
:10AA2000E4D13046F8BD29460A20FFF715FBDAE7E6
:10AA300029460920FFF710FBD5E7144B40F2F52219
:10AA4000134914480DF0B6F820460CF07BFF0120A6
:10AA5000FAF7D6FE07F09EFF0C4B40F203320E4988
:10AA6000EFE70A4B40F213320C49EAE7074B4FF489
:10AA700038720B4907480DF09DF828460CF062FF2C
:10AA80000120FAF7BDFE07F085FF00BF40830020DC
:10AA9000DC830020AC740020F483002018840020A4
:10AAA000D0830020B2F5C17F2DE9F84381460F46DF
:10AAB0003AD012D822F04003012B30D0364B40F26E
:10AAC0002912364936480DF075F800200CF03AFF8F
:10AAD0000120FAF795FE07F05DFFB2F5207FEDD17A
:10AAE000CB1C033023F0030320F003001033184481
:10AAF000FFF700FA804678B100212A4B81440A46CC
:10AB0000C36009F1130367F30F0223F0030367F334
:10AB10001F42C0E9001382604046BDE8F883002070
:10AB2000BDE8F843FFF760BE002240F2EC551E4C32
:10AB3000904606E03260FB1A4FF000099FB2002FEA
:10AB4000EAD00A201646FFF773FA0246C0B109F1AF
:10AB5000030300EB09010020178123F003031331E5
:10AB60001060EB1A21F00301D4609BB25160BB422C
:10AB700028BF3B465381B8F1000FDBD19046DAE79E
:10AB80000A4B01221A70B8F1000F02D04046FFF7BD
:10AB90001FFF4FF00008BFE7408300202C840020F7
:10ABA000AC74002080000100820001005584032065
:10ABB000F8B5044600285DD003898B4222D90D46A2
:10ABC000C91A06E02289EB1A0A449DB22281246840
:10ABD00094B36389AB42F5D3227B120706D1AB4213
:10ABE00004D0637B13F002031E460CD000232068C0
:10ABF00065F30F0365F31F43A36008B1FFF7E8FE99
:10AC000000232360F8BD636820461B1B5919FFF71A
:10AC10006FF90746F8B18442E8D0194B40F2C112EF
:10AC2000184919480CF0C6FF30460CF08BFE012085
:10AC3000FAF7E6FD07F0AEFE114B40F2B1121349F0
:10AC400011480CF0B7FF20460CF07CFE0120FAF70B
:10AC5000D7FD07F09FFE0A4B40F2BF120C490A488D
:10AC60000CF0A8FF38460CF06DFE0120FAF7C8FD85
:10AC700007F090FE024B4FF4CD720649E0E700BFAB
:10AC80004083002094840020AC7400206084002065
:10AC90007884002048840020034630B10020013031
:10ACA0001B6880B2002BFAD17047704730B108B5ED
:10ACB000837B0133DBB283730BB108BD7047FFF7B1
:10ACC00053FD00BFD0B110B5B1FA81F46409A1B150
:10ACD000884214D0036843B10289B1F808C06244C5
:10ACE000028118461B68002BF6D1028943899342E2
:10ACF00014D10A8901601344038110BD70470F4BC2
:10AD000040F25F320E490F480CF054FF20460CF021
:10AD100019FE0120FAF774FD07F03CFE074B40F2E4
:10AD20006732094907480CF045FF00200CF00AFE85
:10AD30000120FAF765FD07F02DFE00BF40830020DB
:10AD4000B0840020AC740020CC84002000B583B017
:10AD50000191FFF7B7FF019921B18B7B0133DBB282
:10AD60008B730BB103B000BDFFF7FEFC002900F0B0
:10AD70008B802DE9F84391460A890E464A4561D3F6
:10AD8000054600285ED0018903EB0902914259DB98
:10AD9000B0FA80F81F464FEA58186C897389E41B93
:10ADA0006868A3EB0803716838449C42414428BF9B
:10ADB0001C464C4528BF4C462246274407F056FB0C
:10ADC0006A89BA4251D3A044738943453ED3A9EB63
:10ADD00004041FFA84F91DD0BA422AD032899A425B
:10ADE0000AD01DB16A892B899A420CD0B9F1000FA3
:10ADF000D3D14846BDE8F8833368002BF1D06FF01B
:10AE00000500BDE8F8832B68002BF8D1B9F1000FDD
:10AE1000C3D1EEE7B9F10003366818BF012306B9C4
:10AE200083B9BA424FF0000807D0002ED9D07389F9
:10AE3000D4E7B9F1000318BF01232D6805B90BB998
:10AE40000027F2E76FF00F00BDE8F883104B40F2E7
:10AE5000FB32104910480CF0ADFE00200CF072FDE2
:10AE60000120FAF7CDFC07F095FD094B40F2FA32CC
:10AE70000A4909480CF09EFE00200CF063FD0120F9
:10AE8000FAF7BEFC07F086FD6FF00F00704700BFB9
:10AE90004083002014850020AC740020FC84002036
:10AEA00019B100230A89FFF761BF6FF00F007047E7
:10AEB0002DE9F84379B1054668B10F4616469AB3B5
:10AEC000B5F80AC063B16345A3EB0C0208D32D6843
:10AED00093B2002DF4D14FF000084046BDE8F8834E
:10AEE0004FF0000801E0B5F80AC0ACEB030C69684C
:10AEF00007EB08001FFA8CF41944B442A14628BF9E
:10AF0000B1464A46C84407F0B1FA2D68A6EB0909D4
:10AF10001FFA88F80023002DDFD0B4421FFA89F60B
:10AF2000E1D34046BDE8F8839046D6E7B9B32DE9B2
:10AF3000F843054608B3038993421BD3BAB1B0FA6C
:10AF400080F79146884616467F0901E02D68BDB11D
:10AF50006C8908EB07016868B44228BF3446224672
:10AF6000274407F083FA361BF0D1B9451AD10020E7
:10AF7000BDE8F8834FF0FF30FAE76FF00F00F7E716
:10AF8000104B40F2E542104910480CF013FE2846E1
:10AF90000CF0D8FC0120FAF733FC07F0FBFC6FF053
:10AFA0000F007047074B4FF49E62094907480CF0A9
:10AFB00001FE30460CF0C6FC0120FAF721FC07F038
:10AFC000E9FC00BF4083002030850020AC740020E5
:10AFD00048850020002835D09C46034670B582B0D5
:10AFE00003E01B681FFA80FC43B35C896445ACEB4B
:10AFF0000400F6D918890CEB0205A8421EDB58683C
:10B000006044A4EB0C0C624504DC07F02FFA00202E
:10B0100002B070BD1FFA8CF2CDE90013164607F09E
:10B0200025FA2A1B92B2DDE90013002AEFD0314441
:10B03000186802B0BDE87040FFF778BF4FF0FF30EE
:10B0400002B070BD4FF0FF30704700BF38B51446F6
:10B050000A462189FFF726FD054628B100232289EB
:10B060002146FFF783FE08B9284638BDFFF792FB5B
:10B0700018B90AE0006899B230B143898B42A1EB5C
:10B080000303F7D94368585C7047704740B1438960
:10B090008B42A1EB030306D8006899B20028F6D1D1
:10B0A0004FF0FF3070474368585C704718B90AE0AA
:10B0B000006899B230B143898B42A1EB0303F7D901
:10B0C00043685A54704770472DE9F84F384E81460F
:10B0D00031687069FEF70AFA364BD3F800B0BBF15D
:10B0E000000F54D08046D9F804200020557A044639
:10B0F00005E0DBF80C305C46002B34D09B469BF817
:10B100001030AB42F5D19BF8081031B1736893F859
:10B1100040300133DBB29942EBD1DBF80010B8F1DB
:10B12000000F22D00029E4D19BF81130DB0704D5B1
:10B13000DBF8041033699942DBD1DBF81470002F7F
:10B14000D7D092461C4B4A465946DBF81800B84700
:10B1500088B9D9F8042052451BD1DBF80C30022005
:10B160005C46002BCAD1BDE8F88F0029DCD073699A
:10B170009942BED1D8E744B10E49DBF80C200B68E8
:10B18000E260C1F800B0CBF80C300120EBE7584684
:10B19000E9E70746094BC02209490A480CF00AFDB5
:10B1A00038460CF0CFFB0120FAF72AFB07F0F2FB40
:10B1B00080820320EC82032090820320608500209F
:10B1C000B4850020AC74002010B1026801B102B94E
:10B1D00070470B68002BFBD0084B1B68002BF7D087
:10B1E00010B400E002681C68944201D10A681A6039
:10B1F000DB68002BF6D110BC704700BFEC82032047
:10B2000030B5144D4FF4804C134C4FF6FF7E298817
:10B210000131124889B2714508BF4FF440410368BB
:10B220001B6813B90EE0DB6863B1DA8A8A42FAD18F
:10B230000CF1FF3C1FFA8CFCBCF1000FE8D160461A
:10B24000298030BD0430A042E9D18C462980604677
:10B2500030BD00BF2E48012090B8002080B80020EB
:10B2600010B50446E0B1037D042B03D0072B0BD0AF
:10B27000032B07D103F048FC58B90523204623755A
:10B2800003F0DEFD002010BD03F03EFC08B90923E9
:10B29000F4E7431CF7D1638B43F008036383F1E7C2
:10B2A000074B4FF4CE72074907480CF083FC204649
:10B2B0000CF048FB0120FAF7A3FA07F06BFB00BF84
:10B2C0000086002054860020AC74002008B5D422EB
:10B2D000064B074907480CF06DFC00200CF032FBD0
:10B2E0000120FAF78DFA07F055FB00BF0086002019
:10B2F00060860020AC74002008B5FAF7B7FA024B5C
:10B30000024A0343138008BD00C0FFFF2E480120FE
:10B3100008B5037D012B05D001460220BDE8084099
:10B32000FEF79ABEFFF7D2FFF8B50D461446064663
:10B330002C4A40F29F212C48FAF76EFA002D41D09A
:10B34000002E4CD0337D002B46D1737A13F00401CC
:10B3500014BF03230423002C36D0DFF898E00EEB53
:10B360008307DEF800301B6813B91BE0DB68CBB144
:10B37000B3F816C0A445F9D149B91A6822B12868B2
:10B38000824201D00028F1D16FF00700F8BD5A7A4F
:10B390005207F2D5DB682BB1DA8AA242F7D0DB681C
:10B3A000002BE5D10EF1040EBE45DAD12B6803B1B6
:10B3B00033600E4BF4821A681E60F26004F074F879
:10B3C0000020F8BD0A4DBBE7FFF71AFF044600282E
:10B3D000ECD16FF00100F8BD6FF00500F8BD6FF023
:10B3E0000F00F8BD98B0002000860020D88303200D
:10B3F0006CB7002080B8002070B5044616464FF4A4
:10B400005671334A3348FAF707FA002C56D0237D99
:10B41000002B4CD1637A5B0714D52F4B1B688BB183
:10B42000E18A01E0DB686BB1DA8A8A42FAD11868F6
:10B4300022689042F6D16FF00703002506B1337001
:10B44000284670BD0320FEF7F3FD0546002839D0DD
:10B450002269E38A02610122C3820275627D42751C
:10B46000A26882602268026083B9237D012B2CD000
:10B4700021460220FEF7F0FD174B18491A68A96112
:10B48000EA601D6004F010F80023D7E7144A13683F
:10B49000A34209D02BB1DA68A2420CD01346002B8C
:10B4A000F9D10023E360E0E7E3681360F9E76FF0A8
:10B4B0000E030025C2E7E268DA60F2E725466FF086
:10B4C0000F03BBE74FF0FF33B8E7FFF7FFFE00BF06
:10B4D00068B0002000860020E08303207D8E0200FB
:10B4E000D883032038B50446E0B1038D40F6683EAA
:10B4F000C16A426A658E581A7545104494BFA0EB24
:10B50000050CA0EB0E0CBCF1000F05DA8B1A05D46C
:10B51000B3F5803F15D20020638538BD002318465F
:10B52000638538BD094B40F2AA32094909480CF03D
:10B5300041FB00200CF006FA0120FAF761F907F050
:10B5400029FA024B40F2BA320349EFE700860020A5
:10B5500074860020AC7400209886002070B50446E4
:10B560000D461B4A40F2D1311A48FAF755F9B4B1E9
:10B57000237D012B1E461CD0238DE91889B28B42F6
:10B5800003D841F2D063994201D941F2D0612046FB
:10B590002185FFF7A7FF40F2B353984200D870BD52
:10B5A000638B204643F002036383BDE8704003F0E1
:10B5B00047BC084B40F2D632074908480CF0FAFA6B
:10B5C00000200CF0BFF93046FAF71AF907F0E2F95B
:10B5D00050B2002000860020B4860020AC74002009
:10B5E0002DE9F84388460446164640F23741604A42
:10B5F00099466048FAF710F9B8F1000F00F0B280F0
:10B60000002C00F0AF80237D002B40F0A880D8F8FC
:10B610000030207A2683636000282AD0FEF7A2FE3D
:10B620000746002F00F0A18023680BB93B68236018
:10B63000E58A002D70D0637A5B071FD54E4B1B68DF
:10B640001BB972E0DB68002B6FD0DA8AAA42F9D10D
:10B650001A8BB242F6D1196822689142F2D1596828
:10B66000D8F800209142EDD16FF007063046BDE8D2
:10B67000F883201DFDF71EFD0746D2E72946238BE0
:10B68000221D204604F094FE3C4B00212065A3625D
:10B6900041F2D0630138A4F860304FF4067360645F
:10B6A0006386BA8E6162E162C4E916004AB1282A53
:10B6B00038BF2822283A93B2B3F5067F28BF4FF44B
:10B6C00006730122022120466386C4F88890A4F8FC
:10B6D000482003F081F906460028C7D102232375CC
:10B6E0005DB1274A1368A34236D033B1DA68A2426B
:10B6F00001D01346F9E7E268DA601F4B1A681C6054
:10B70000E26003F0D1FE1F4B012220461A7003F0C5
:10B7100097FB3046BDE8F883FFF772FD0146E082F3
:10B720000028ACD16FF00106A0E7174B1B681BB9CE
:10B73000A4E7DB68002BA1D0DA8AAA42F9D11A8BE0
:10B74000B242F6D1196822689142F2D15968D8F80C
:10B7500000209142EDD187E7E3681360CDE76FF0F9
:10B76000090683E76FF00F0680E76FF003067DE7B9
:10B770001CB2002000860020D4830320D016D016EF
:10B78000D88303205A840320E883032070B138B59E
:10B79000044625462468686808B1FFF719F9294668
:10B7A0000420FEF759FC002CF3D138BD704700BFD0
:10B7B00088B10146406858B100B583B00191FFF7E8
:10B7C00007F90199042003B05DF804EBFEF744BCCF
:10B7D0000420FEF741BC704710B5044682B0B0B1FA
:10B7E0000420FEF725FC034670B12068D4F804C09D
:10B7F000A168E268C3F804C0186099605868DA600C
:10B800000193FFF753FA019B184602B010BD074B96
:10B8100040F28662064907480CF0CCF920460CF04D
:10B8200091F80120F9F7ECFF07F0B4F8008600204A
:10B83000DC860020AC74002038B504460D46044A6E
:10B8400040F2CF710348F9F7E7FF04B1256138BD35
:10B85000A4B100200086002070B504460D460E4AB3
:10B8600040F2E6710D48F9F7D7FF2CB1237D012B8B
:10B870001E4602D0C4F8845070BD084B4FF4FD62E0
:10B88000074908480CF096F900200CF05BF83046A8
:10B89000F9F7B6FF07F07EF860B1002000860020BF
:10B8A000F8860020AC74002070B504460D460E4AA0
:10B8B00040F614010D48F9F7AFFF2CB1237D012BA1
:10B8C0001E4602D0C4F8905070BD084B40F61602D8
:10B8D000074908480CF06EF900200CF033F83046A8
:10B8E000F9F78EFF07F056F8F0B000200086002030
:10B8F00020870020AC74002038B504460D46064A67
:10B9000040F628010548F9F787FF1CB1237D012B7C
:10B9100008BFA56138BD00BF0CB000200086002024
:10B9200020B1037D0A2B01D0012B00D8704730B520
:10B930000546806F83B018B1FFF74AF80023AB6764
:10B940006C6F6CB121462468486818B10191FFF70B
:10B950003FF801990420FEF77FFB002CF2D16C67C1
:10B960004FF6FF73EC6E2B8664B12146246848685D
:10B9700018B10191FFF72CF801990420FEF76CFB38
:10B98000002CF2D12C6F64B121462468486818B1AC
:10B990000191FFF71DF801990420FEF75DFB002CD3
:10B9A000F2D1A5F86840C5E91B4403B030BD00BF23
:10B9B0002DE9F04FA74F87B0DFF8B4923B68DFF86E
:10B9C000B4A201333B6099F80030013389F80030AC
:10B9D000A14B1C68002C7CD04FF0000B257D002D66
:10B9E00000F0F581012D00F0E3810A2D00F0FE81C9
:10B9F00099F80030A27F9A4200F02581022DA377AA
:10BA000094F8423000F0A2800B2B40F2AA8001266D
:10BA1000062D00F0CC80637A1B0740F19A80042D3C
:10BA200002D0072D40F09580D4F894108B483B68E5
:10BA3000226A08188A4D9B1AA5FB0050B3EB501FD1
:10BA400040F2D58001364FF00108F6B2656F9DB126
:10BA50003B689A1AB4F9403003EB4303B2EB430F4F
:10BA600080F00A81237D032B48D0092B4BD13B6802
:10BA7000226A9B1AF02B46D92046D4F89050FFF743
:10BA80004FFF754B1B68BBF1000F00F072819C42A9
:10BA900000F0C481E368CBF80C30B8F1000F40F03F
:10BAA0005B81237D012B00F0AB8121460220D4E98C
:10BAB0000346FEF7D1FA00238AF800303DB16FF05B
:10BAC0000C013046A8479AF80030002B80D1002C9A
:10BAD00084D1644E346874B10025237D0A2B40F074
:10BAE0008A813B68226A9B1AF02B00F291802546DE
:10BAF000E468002CF1D107B0BDE8F08F3B68226A02
:10BB00009B1A282BB8D8002EB6D1237F627F013331
:10BB1000E568DBB29A42237712D8D4F88C302677C6
:10BB20008AF80060002B00F01381214620699847B5
:10BB30009AF80030002B7FF44BAF002800F008810A
:10BB4000A3462C46002C7FF449AFC2E7052B08D949
:10BB50000126656F002D00F0ED804FF00008226A8D
:10BB600076E794F89960002E00F09680226F002A04
:10BB700040F04A81E36E002B00F0558194F89A3032
:10BB80000B2B3FF644AF384B334413F8011C94F8A9
:10BB900098308B42C0F0FA80B4F86060A6B92046B5
:10BBA00003F088FBB8B1257D062D7FF434AF638B9D
:10BBB000DA0628D53B68226A9B1A282B23D901363E
:10BBC0004FF00008F6B241E73146204602F048FE49
:10BBD000002800F0E48094F899300026257D062B9B
:10BBE00084F898609CBF013384F89930DCE794F8BE
:10BBF0009B201E4800FB0211194AA2FB0121B3EB56
:10BC0000511F00F29980656F002DA6D1A8467AE7F2
:10BC10002046FFF785FE3368002D00F0B0809C427F
:10BC200000F0F780D4F80C80C5F80C80237D012B40
:10BC300000F0E680214644460220FEF70DFA002C73
:10BC40007FF44BAF57E7A346E468002C7FF4C6AE01
:10BC50003FE700BFE4830320D4830320B84C0A00ED
:10BC6000D34D6210E883032090B80020F82401002F
:10BC70005C8403205A84032005942C462D68606858
:10BC800008B1FEF7A5FE21460420FEF7E5F9002DD8
:10BC9000F3D1059C6567E5E6B4F9303047F6FE71EF
:10BCA0009AB28A4202D8013213B22386B4F94020F4
:10BCB0009A423FF7ADAE204602F058FF257D38B1DD
:10BCC000236F002B7FF4A4AEE36E002B3FF4A0AEF5
:10BCD000022D14D094F84220B4F93C100C2AB4F987
:10BCE0003E3028BF0C2203EBE10356498A5C9340A7
:10BCF00047F6FF729342A8BF1346A4F84030638E04
:10BD00002046B4F84810A4F848305B009AB2B4F862
:10BD100060308B4228BF0B465B08934238BF134606
:10BD2000A4F84A3000232386A4F86A3003F03EFAD0
:10BD3000257D6DE6A84695E6204603F081FA0028A9
:10BD40007FF407AF94F89B30013384F89B3000E711
:10BD5000204603F075F8F3E6238B2046626A216DD6
:10BD60000293E38A0193231D0093234602F0DCFF34
:10BD700097E69C425CD1E368334A13608DE69C42AF
:10BD80005BD1D4F80C80C6F800804FE70133DBB2FA
:10BD90008B4284F89830BFF4FFAE164638E6204652
:10BDA00003F04EF800287FF416AF0646257D2FE6F7
:10BDB000264B40F2C342264926480BF0FBFE0020EA
:10BDC0000BF0C0FD2846F9F71BFD06F0E3FD1F4B05
:10BDD00040F2C24220491F480BF0ECFE00200BF05D
:10BDE000B1FD0120F9F70CFD06F0D4FD174B40F230
:10BDF000C4421A49EFE7154B40F2A5521849EAE749
:10BE0000124BD4221749E6E7104B4FF49B621649B8
:10BE1000E1E70E4B40F2B3521449DCE70B4B40F222
:10BE200071521349D7E7094B40F2D9421149D2E781
:10BE3000064B40F275521049CDE7044B40F2B75221
:10BE40000E49C8E770B80020D48303200086002084
:10BE500074870020AC74002048870020A087002051
:10BE60009088002060860020CC870020C0880020B9
:10BE7000388800200088002064880020E88800209E
:10BE800070B50C46002934D0002841D003688B429D
:10BE90001FD02BB1DA68A24228D01346002BF9D16B
:10BEA00000232046E360FFF73BFD237D0A2B1AD0D9
:10BEB000012B0AD0638BDA070ED4E36E002B31D14D
:10BEC000256F002D33D1636F3BBB00232375E382C5
:10BED00070BDCB680360E3E743F002032046638351
:10BEE00002F0AEFF237D012BE7D1EEE7E268DA60D6
:10BEF000D6E7114B40F68D02104911480BF05AFE5F
:10BF000000200BF01FFD0120F9F77AFC06F042FD3E
:10BF1000094B40F68E020B49EFE7074B4FF40A62DC
:10BF20000949EAE7044B40F69D020849E5E7024B60
:10BF300040F69E020649E0E70086002010890020B6
:10BF4000AC7400202C890020808900204C890020BE
:10BF5000648900202DE9F04F054687B00E46534A0C
:10BF600040F23B215248F9F757FC002D5DD02C7D63
:10BF7000012C00F08C800A2C79D02B6D9A466B6ACC
:10BF80009B46D5F890301F462B699846EB8A994618
:10BF9000002C42D1002B4BD14FF0000900262C6F12
:10BFA00064B121462468486818B10591FEF710FD78
:10BFB00005990420FEF750F8002CF2D1EC6E64B124
:10BFC00021462468486818B10591FEF701FD0599DE
:10BFD0000420FEF741F8002CF2D16C6F64B12146C9
:10BFE0002468486818B10591FEF7F2FC0599042011
:10BFF000FEF732F8002CF2D14EBB2B7D012B44D042
:10C0000029460220FEF728F83B4677B16FF00C0175
:10C01000404607B0BDE8F04F184729462548FFF7CE
:10C020002FFF254B01221A70B9E707B0BDE8F08F4A
:10C03000224A1368AB4217D033B1DA68AA4201D062
:10C040001346F9E7EA68DA600023EB60A4E7CDF86D
:10C0500004905A462B8B5146284602932B1D009381
:10C060002B4602F061FEC8E7EB681360ECE7294657
:10C070001348FFF705FF2B7D012B06D02946022030
:10C0800007B0BDE8F04FFDF7E7BFFFF71FF9084B1A
:10C090004FF410720B490C480BF08CFD00200BF094
:10C0A00051FC2046F9F7ACFB06F074FCA4B000206C
:10C0B00000860020D48303205A840320D8830320E1
:10C0C000E883032098890020AC7400200121FFF749
:10C0D00041BF00BF10B50C4631B120460121FFF72A
:10C0E00039FF6FF00C0010BD074B4FF44472074945
:10C0F00007480BF05FFD20460BF024FC0120F9F708
:10C100007FFB06F047FC00BF00860020CC890020A2
:10C11000AC74002070B5634A82B040F232710646BA
:10C120006148F9F779FB0220FDF782FF044620B34E
:10C130009C22002120460BF077FF5C4B5C4941F2CA
:10C14000D0601A685B4B09782262A362FF235A4AC7
:10C15000A4F86400A17759485949A2644FF0061227
:10C16000E372584B6675C4F88400C4F89410C4F8A0
:10C170003E202363204602B070BD534B1B686BB159
:10C180001846DB68428B1107F9D522F008020193AB
:10C190004283FFF765F8019B002BF1D14B4B1B68E5
:10C1A00083B1424A002110681A6A821A914201D86A
:10C1B0001C461146DB68002BF6D11CB1012120463C
:10C1C000FFF7C8FE0220FDF733FF04460028AFD179
:10C1D0003D4B196899B1354B2246186801E0C96892
:10C1E00049B10B7D092BFAD10B6AC31A9A42F6D8D2
:10C1F0000C461A46F3E714B12046FFF7ABFE0220C7
:10C20000FDF716FF0446002892D12F4B196899B10B
:10C21000264B2246186801E0C96849B10B7D082BFE
:10C22000FAD10B6AC31A9A42F6D80C461A46F3E7BB
:10C2300014B12046FFF78EFE0220FDF7F9FE0446FA
:10C2400000287FF475AF33062AD40EB332461E4B56
:10C250001B68EBB1013A15494FF0000CD2B2D1F88E
:10C2600000E006E0186AAEEB000C0A461C46DB68EC
:10C270004BB1597D9142F5D3F9D1186AAEEB000567
:10C280006545F4D3EFE71CB101212046FFF762FEBC
:10C290000220FDF7CDFE044600287FF449AF69E790
:10C2A0007F22D4E7E4B1002000860020E48303204D
:10C2B0005C840320D016D0160100D016ED92020047
:10C2C00000DD6D00FFFF1802D4830320E883032004
:10C2D0004020FFF71FBF00BF30B5044685B00028DF
:10C2E00000F09680037D19B1042B15D0072B13D0D5
:10C2F000012B65D0022B41D0002B55D1E38A002BB6
:10C3000046D0594A1368A3427FD0002B7AD0DA680E
:10C31000A24275D01346F8E7A36F002B3FD0638B82
:10C3200013F010031D4600F09080218B201DE28A3F
:10C330002346CDE90121626A216D0090204602F07A
:10C34000F3FC2046FFF7ECFA484A1368A34231D0C9
:10C3500033B1DA68A24201D01346F9E7E268DA6045
:10C36000434B0020434A01211B68E060A342117047
:10C3700023D0237D012B0BD1FEF7A8FF21463B489C
:10C38000FFF77EFD0121237D3A4A8B421170F3D0E5
:10C3900021460220FDF760FE002005B030BD228D51
:10C3A00041F2D0639A42BAD1204605B0BDE8304090
:10C3B000FEF756BFE3681360D2E701F033FDEBE709
:10C3C0002D49002001F10C0C51F8043F1B6833B1DA
:10C3D000DA6F944208BFD867DB68002BF8D18C4530
:10C3E000F2D121462548FFF74BFD237D012B1D4649
:10C3F0001DD021460320FDF72FFE002005B030BDE3
:10C40000E268DA600023E360C2E7E3681360F9E7FB
:10C410001B4B4FF4AF721B491B480BF0CBFB204664
:10C420000BF090FA0120F9F7EBF906F0B3FA144B90
:10C43000DF22164914480BF0BDFB00200BF082FAF6
:10C440002846F9F7DDF906F0A5FA0D4B4FF4B27264
:10C450000F490D480BF0AEFB28460BF073FA012094
:10C46000F9F7CEF906F096FAD8830320D483032097
:10C47000DC8303205A84032080B80020E08303205B
:10C4800000860020EC890020AC740020288A00205F
:10C490000C8A002010B504460B4A4FF4F3710B4888
:10C4A000F9F7BAF964B1237D012B03D0638B43F014
:10C4B0001003638320460121BDE81040FFF70CBF45
:10C4C0006FF00F0010BD00BFCCB000200086002030
:10C4D00070B504460E46154640F20521174A184825
:10C4E000F9F79AF934B3237D012B1AD05EB1638B2F
:10C4F00043F010036383BDB9A06F10B1FEF768FA73
:10C50000A567002070BD002DFBD0042B07D8022B9F
:10C5100007D920460021BDE87040FFF7DDBE072B9C
:10C52000F7D06FF00A0070BD20460121BDE87040D1
:10C53000FFF7D2BE6FF00F0070BD00BFBCB000208F
:10C540000086002039B318460B4600B583B052B1BF
:10C55000184611890192FFF701F80198FEF738FAA1
:10C56000002003B000BD0028FAD10C4A01914FF41D
:10C57000F3710B48F9F750F9019B1A7D012A03D09A
:10C580005A8B42F010025A830121184603B05DF81D
:10C5900004EBFFF7A1BE6FF00F007047CCB0002096
:10C5A00000860020002838D0826F002370B5D0F8B4
:10C5B000845082B0517B044683670E4665B10146C4
:10C5C00000690192A847019A68B10D3021D06FF03F
:10C5D0000400A26702B070BD11890192FEF7BEFF90
:10C5E0000198FEF7F5F9B30610D5238D41F2D0621C
:10C5F000934201D001332385D4F8845035B1002310
:10C60000214620691A46A8470D3002D0002002B00A
:10C6100070BD6FF00C0002B070BD6FF00F0070477E
:10C620002DE9F0411C4D0027DFF874802B781B4E5C
:10C6300001332B70D8F80040B4B1A37F2A7893421D
:10C6400014D0638BA277D90719D41A0710D4A36F1B
:10C650002046E468002BEFD03770FFF7A3FF337854
:10C66000002BE7D1002CE8D1BDE8F081E468E3E7D6
:10C6700023F0080320466383FEF7F2FDE7E743F06B
:10C6800002032046638302F0DBFB638B23F003038A
:10C690009BB26383D9E700BF5C8403205A840320E4
:10C6A000D483032008B5FFF7BBFF054A1378013395
:10C6B0001370DB0700D408BDBDE80840FFF778B968
:10C6C0005B84032020B1038B021DC18A03F070BE7E
:10C6D00010B50446074B40F6B402074907480BF073
:10C6E00069FA20460BF02EF90120F9F789F806F0D7
:10C6F00051F900BF00860020448A0020AC7400205D
:10C700007AB169B18A8E282A134638BF2823283B7C
:10C710009BB2834228BF03469BB2002A18BF18462B
:10C72000704710B51446074B40F6CF02064907483C
:10C730000BF040FA20460BF005F90120F9F760F8FC
:10C7400006F028F900860020608A0020AC740020E2
:10C7500008B1036803B9704770B50E462349024615
:10C7600082B00868B0B10168C4688B4206D08CB151
:10C77000204613680168C4688B42F8D19BB24FF61B
:10C78000A9650121AB42F2D00092FFF7E3FB009ACA
:10C79000002CEDD1164B1B684BB14FF6A9641968FC
:10C7A00018461568DB68A94212D0002BF7D16EB18C
:10C7B00033685BB10F4B1B6843B11868116888423E
:10C7C00001D131681960DB68002BF6D102B070BD71
:10C7D0001FFA81FC0121A445E7D0CDE90032FFF723
:10C7E000B9FBDDE90032002BD9D1E0E7D483032087
:10C7F000D8830320E083032088B139B10AB10168EE
:10C8000011600BB1C28A1A80002070470AB14168DA
:10C810001160002BF8D0028B00201A8070476FF057
:10C820000500704770B5446F6CB106462546246814
:10C83000686808B1FEF7CCF829460420FDF70CFC27
:10C84000002CF3D1746770BD0C4A0D491388098818
:10C85000581C994210800FD90A4A12681AB10A4925
:10C8600009888B4204D2094A12681344187D704724
:10C870005B1ADBB2D05C7047002070472084032035
:10C8800024840320F083032022840320EC830320EC
:10C89000C2680B46F0B5928983B00646D10530D404
:10C8A0001A4DD3F80CC018463289D5F800E0DCF8F0
:10C8B000044072441F89111BC91B002912DBBCF8FC
:10C8C0000C20D20504D5F1688A8942F480728A81ED
:10C8D0001C68FEF76DFF2346002CE2D10023336075
:10C8E00003B0F0BDA21A002AF9DAA4EB0E017068B9
:10C8F000019389B23181FEF75BF9019B336003B08C
:10C90000F0BD1846FEF742FFE8E700BFC4830320EE
:10C91000F8B51D4B1C88BCB100221C4D07461346C0
:10C920002A809C4210D9FFF78FFF012829D00228C6
:10C930000BD048B1FFF788FF012805D92B88023BAF
:10C9400003449BB22B80ECE7F8BDFFF77DFF042882
:10C95000FAD12B880133A342F6DAFFF775FF0646BA
:10C96000FFF772FF40F2B45140EA062240F2B350A2
:10C9700092B2531E9BB2834288BF0A462B887A86A6
:10C98000CFE72B88CDE700BF248403202084032039
:10C99000104B1B7813F0100301D118467047428BDF
:10C9A0000346D20600B583B008D4D0F890202AB14F
:10C9B0006FF00E01006901939047019B19460648EC
:10C9C0000193FFF75DFA0198FEF7A2FC012003B086
:10C9D00000BD00BF56840320D483032000294AD021
:10C9E0002DE9F8438846164604462B4F2B4DD8F8C0
:10C9F0000C203B685168B8F8080009BA92895B1AA4
:10CA000002F440721B1A002A18BF013B002B1DDBE9
:10CA1000D8E90090FEF740F9B4F8663098422CD877
:10CA200029881B1AB8F808204046A4F866300A4442
:10CA30002A80FEF7BDFEB4F8663013B156EA090845
:10CA40000AD0B9F1000F04D0C846D0E74046BDE88F
:10CA5000F8830020BDE8F883114B40F26E42114983
:10CA600011480BF0A7F840460AF06CFF0120F8F7D8
:10CA7000C7FE05F08FFF00207047094B40F264426B
:10CA80000A4909480BF096F800200AF05BFF0120E4
:10CA9000F8F7B6FE05F07EFF847C03201C8403209B
:10CAA000888A0020088B0020AC740020E08A0020D7
:10CAB000F0B5027D83B0032A40F2C583984B04464B
:10CAC000984D1B78D8064CD4974F38882B6800288F
:10CAD00000F08B80227D062A00F28780626AD11ADC
:10CAE0009E1AB1F1010C00F12B8106F1FF3E1EEB05
:10CAF000000F00F125818D4B5E680193002E00F040
:10CB0000C9834FF6FE73994200F2BF8389B2308920
:10CB10008842C0F0B583019A13895B1A1381738927
:10CB200099420BD9401A4FF0000CC91AA6F80AC056
:10CB30003081366889B273898B42F6D33046FDF76F
:10CB4000DFFE019A636AD168208D4B602B6001463D
:10CB5000002840F0F081204603B0BDE8F04002F02C
:10CB600029B92B68606D7249C61AB4F860C0D4F850
:10CB700058E0002E09684EDB984248D08E4500F000
:10CB80002881666C701A002856DB674F38880028A9
:10CB900000F0B880666B002E9DD0A36B5B1A002B53
:10CBA00093DA644BB4F93C201968B4F93E30A3EB36
:10CBB000A300A1EBE203C1EBE2019B1B31449BB25A
:10CBC00089B213F4004F1A4418BF0B4612B2034443
:10CBD0003888A287E38703EBE203A4F84030002300
:10CBE00063632B6800287FF475AF626A991A002985
:10CBF00007DB218D013A0A44D31A002B01DB03B075
:10CC0000F0BD638B43F00203638303B0F0BDAEEB72
:10CC100001000028B2DA48480068C089B4F86260B0
:10CC2000A4F860008642666C38BFA4F86200701AEF
:10CC30000028C4E91531A8DAF343CB4200F1D080D3
:10CC4000236D5B1A002BC0F2CB80638BB4F84A20B3
:10CC500013F0040040F04D818E1BA4F84200616483
:10CC6000B4F93C00B6B2E18F01EBE001A4F840104A
:10CC7000B4F84810914280F0FC8213F4006F638E88
:10CC80000CBF0222012213FB02F39BB2B34294BFFA
:10CC9000CA188A1993B28B4280F03D824FF6FF7317
:10CCA000A4F848302046D4E91B21FFF797FEE16E37
:10CCB000024620672046FFF791FE0023226F23776C
:10CCC000B2FA82F3E0665B095B422386002800F03B
:10CCD00025821A4B1988B4F864300B44A4F86430E8
:10CCE000638B19057FD5002A00F05082D268526804
:10CCF000E16C12BA521A002A75DB23F400630A4F62
:10CD0000638371E0B4F86000F444A26D02446245AC
:10CD100000F0D680666B002E7FF43FAF65E700BF62
:10CD200052840320C48303202684032070820320BE
:10CD3000847C0320E4830320EC8303201C840320F1
:10CD4000002EC0F2B880208D10EB0C0F01463FF58D
:10CD500002AF934200F0ED80626F002A00F01B8268
:10CD6000D2F80CC0DCF80410994200F0DA81581AAD
:10CD70000028C0F2468203F1FF3E16461268002AE0
:10CD800039D0D2F80CC0DCF80410994200F0CA8106
:10CD9000F0684068AEEB00000028EEDBC81A0128FE
:10CDA000EBD493480192FEF717FD074600283FF4A5
:10CDB000D2AEF368296858683389019A0344CB1AC4
:10CDC000002BC0F23682114638463760FFF760FD0F
:10CDD000C1E688480068C0898445BFF4D2AE1DE72B
:10CDE000204601F0E7FF844F666B002E3FF46DAEE6
:10CDF000824B1968D1E6C91A9142BFF6ACAEBCF8B5
:10CE00000C30DB053FF5A7AE7948FEF7E5FC306056
:10CE100000283FF4A0AEF2682B68516832890A44BA
:10CE20009A1A002AC0F21482D5F800E03A88D4F8A1
:10CE300024C07244238DACEB0202DA427FF58BAE44
:10CE40003068C2680192918911F4807F4FEA112203
:10CE500007D002F03E0221F47C5152BA0A430199F4
:10CE60008A81A3EB0E01614489B201814068FDF71C
:10CE70009FFE33682968DA681B89928902F4407240
:10CE8000002A18BF0133228D11FA83F13B80636AB7
:10CE9000134499423FF45FAE594B4FF4E162594954
:10CEA00059480AF087FE00200AF04CFD0120F8F7EF
:10CEB000A7FC05F06FFD638B43F0020363834AE632
:10CEC000228ED20B7FF426AF8E427FF423AF94F8EC
:10CED0004320FF2A00F0A1810132D2B2032A84F854
:10CEE000432000F29A817FF415AF204601F0DCFE6A
:10CEF0007AE723F004038E1B61646383B4F93C106A
:10CF0000E38FA4F8482003EBE103A4F840300023AA
:10CF1000A4F86A30A4F84230B4F86A301E44B6B2BD
:10CF2000B34200F2ED80964280F0EC80A4F86A6093
:10CF3000B8E62F4B0193019BDA681B89968916F49A
:10CF4000407F4FEA162C40F0058183423B8016D982
:10CF5000019E70683181FDF72BFEF368208D998961
:10CF6000338901F44071002918BF013329683B80DF
:10CF700011FA83F3616A01448B4240F07581666F58
:10CF8000002E00F00D81019BDB689B89DA0540F1E2
:10CF90008380336830466367FEF70AFC666F002EB5
:10CFA000F7D139882B68208D01EB030C8842C4F837
:10CFB00024C0C0F06081411A20462185FEF792FA14
:10CFC000019A5368198919B110490B600023536005
:10CFD000019BDB689B89D80504D50D4A137843F083
:10CFE00020031370676F002F00F08180084E3DE032
:10CFF00070820320EC83032026840320847C03209A
:10D00000888A0020748B0020AC740020F4820320F6
:10D010005684032061449445616200F22081A2EBB2
:10D020000C02121A20462285FEF75CFA79680A89FA
:10D030003AB19B4B1868002856D0FDF743FE0022FA
:10D040007A60FA689289D10508D5327842F02002D8
:10D050003270227D042A01D1072222753A683846AF
:10D060006267FEF7A5FB676F002F40D0FA68606A21
:10D07000516881423BD129609089B7F808C010F40B
:10D080004070228DC6D00CF10100014490426162D3
:10D0900000F2E5800120C2E7F06839882A68338908
:10D0A000D0F804E001EB020C7344ACEB0303002B5B
:10D0B0007BDB8389DB050AD5019AD1688B899805CA
:10D0C00005D443F480738B81138901333B80304650
:10D0D0003668FEF76DFB002EDED139882B6801EB38
:10D0E000030C208D666761E76D4B1960A7E7638BC2
:10D0F000DA0747D523F0010343F0020363837EE59B
:10D100004FF6FF76638EB61A1344A4F86A609BB29A
:10D110009342FFF4C3ADA4F84830C3E5A4F8680017
:10D12000D7E500265F481389018999427FF613AD40
:10D130001368002B3FF40FAD0192FEF74DFB002862
:10D140003FF409AD019A002E7BD030601146FFF705
:10D150009FFB00E501339BB283423B807FF60FAF1C
:10D160001CF0010F06D00CF03E0326F47C565BBA8F
:10D170001E43968116F4007F00F1FF3189B208BF8B
:10D180000146E5E643F00103638338E500283FF4F8
:10D19000B4ADC268ABE54348FEF71EFB6067DAE456
:10D1A00039882B6801EB030C00E7AEEB0C03002B76
:10D1B00097DAAEEB0201019A89B2D36811819B899B
:10D1C0009B0502D5013989B21181019A5068FDF79A
:10D1D000EFFC019AD36811899B8903F44073002BFB
:10D1E00018BF0131F36889B23980D3F804C02B68C5
:10D1F0000B4463453FF475AF2B4B40F202622B4961
:10D200004EE628480192FEF7E7FA00283FF4A3AC67
:10D2100001996067FFF73CFB9DE4B4F84820638EFA
:10D2200013449BB29A4201D94FF6FF73A4F84830D9
:10D230005BE6091A706889B23181FDF7B9FC019A81
:10D24000C1E5606782E7184B4FF49162184927E601
:10D250005B1A706899B23181FDF7AAFCE4E5124BC4
:10D2600040F2316213491BE60F4B40F2D152124992
:10D2700016E60A4650E60C4B40F20D620F490FE6E7
:10D28000094B40F29D520E490AE6074B40F29B5271
:10D290000C4905E6044B40F29A520B4900E600BFE8
:10D2A000F482032070820320888A0020AC8B002047
:10D2B000288B0020088C0020748B0020E88B002035
:10D2C000648B0020548B0020448B00202DE9F04F0C
:10D2D00006468BB0564A82215648F8F79DFA002E32
:10D2E00000F083847389544F7268132B3A6005D819
:10D2F00030460BB0BDE8F04FFDF76ABBDFF85C814C
:10D30000D8F80010D8F81400FCF7F0F80028EFD196
:10D31000D8F8143003F0F003E02BE9D03B6899898A
:10D32000C1F3031189001329E2D933898B42DFD37A
:10D33000424BA1F11402424C18607089228088424D
:10D3400080F064823568002D00F08484142130461A
:10D35000FDF7D6FA2388748930463A4A21461D1BC8
:10D3600014800493FDF7CCFA3068ADB24289AA422A
:10D37000BED342682946314B1A60FDF7C1FA3389A2
:10D38000049A23449B1A72899BB23381002A40F08D
:10D39000AC84326812899342934640F0A284D7F855
:10D3A00000E0294ADEF804301BBA0793CEF80430B7
:10D3B000BEF802C01360DEF808309CFA9CFC234AD9
:10D3C0001BBAAEF802C01FFA8CFC13600893CEF8AB
:10D3D0000830BEF80C301E4A190ABEF80E305BBA8F
:10D3E000AEF80E30BEF800305BBA1FFA83F9AEF823
:10D3F000003001F03F03059313708B0740F00E825D
:10D40000144B0693A3F800B0134B1B680493002B36
:10D4100000F0F780CDF824E00022B646D8F80400EA
:10D42000D8F810500E46049CD8F814A01EE000BF97
:10D4300070AF0020888A0020EC830320F083032053
:10D440002484032022840320C4830320847C0320BB
:10D450005284032026840320D48303208082032067
:10D46000E3682246002B00F0CA801C46237D002B77
:10D4700000F05E830A2B00F04D83012B00F05C83EB
:10D48000217A29B190F840300133DBB29942E7D1DB
:10D49000238B4B45E4D1E38A6345E1D16368AB421A
:10D4A000DED123685345DBD1E36831467646DDF8AB
:10D4B00024E0A34200F01D843AB1D360884B1C6085
:10D4C000049BA342E36000F0C0830023854ADFF899
:10D4D00034821360844D854AC8F800302B70138065
:10D4E0000B07A8F808B0C8F80CE0C8F8046003D52A
:10D4F000737B43F001037373A36F7BB12046FFF787
:10D5000051F80D3000F0D381A36F23B1069B1B8827
:10D51000002B40F0CC81764B1B780593059B754E14
:10D520005807346040F19881277D022F00F0EB828C
:10D53000714B626A19688A4200F0BF81881A2B78A1
:10D54000002803F0080307DB521A218DD14203D4CF
:10D55000628B42F002026283002B40F0B981634B80
:10D560001A8852B1D4F8803023B1214620699847F7
:10D570000D3036D000235D4A13802046FFF708FAAD
:10D5800000282ED1574B1A68BAB1A36F002B40F078
:10D590006583638B13F0100340F03783D4F88470F5
:10D5A000002F00F0838321462069B84710F10D0F4A
:10D5B00017D010B14B4B1B68A3672B789B0607D580
:10D5C000A36F002B00F028835A7B42F020025A738D
:10D5D000002320463360FFF7DBF910B9204601F045
:10D5E0002FFC00243F4BD8F8040034601C6018B1B5
:10D5F000FDF7EEF9C8F804400BB0BDE8F08F3146F6
:10D6000076463E4A106800283DD0D8F80440D8F845
:10D61000105002E0C068002835D0037D0A2B40F08E
:10D62000E882027A2AB194F840300133DBB29A42A0
:10D63000F0D1038B4B45EDD1C38A6345EAD14368F2
:10D64000AB42E7D10268D8F814309A42E2D14F07D2
:10D650003FF54EAE069B8D071A8840F1CF82416A96
:10D66000079B5C1A002C04DBC91A048DE14240F1CF
:10D670002283002A3FF43CAE438B43F002034383F2
:10D6800001F0DEFB34E61E4B1C68002C00F0AC8081
:10D69000D8F814208A46D8F80430A3460492864667
:10D6A00022460596014604461D46049E099303E062
:10D6B000D368964643B31A46107A28B195F840309D
:10D6C0000133DBB29842F3D1D38A6345F0D11368BA
:10D6D000B34200F0AD80002B04BF71461446E7E76B
:10D6E000D4830320F4820320568403201C84032067
:10D6F00052840320DC830320C4830320E8830320B7
:10D70000E083032070820320254608465C4651468C
:10D71000059E002D68D020B1EA68994BC2601D605B
:10D72000EC6048073FF5E4AD11F010039A4640F075
:10D7300085808A077FF5DCAD687DFEF7EBFC04464B
:10D74000002800F0D4803968D8E90432804648F8CF
:10D75000042B43608B4B0A781B684978013342EAFB
:10D760000122E98A4362C3620323C18202830375F3
:10D77000FEF7A8FF834BA0651B682065013B606432
:10D78000E06563652B69E56723616B7A7E4A03F088
:10D790000C0363722B7A237213681460E36001F048
:10D7A00083FE7A4B012220461A70FFF7B1F83B68DE
:10D7B0004046658EDA89534662F30F0362F31F43D6
:10D7C0002366FBF777FC424601462846FEF798FFA2
:10D7D00012216086204601F0FFF8002840F0918079
:10D7E000204601F02DFB83E54C073FF581AD069BFC
:10D7F0000899CDE901C91A88079BD8F804001A4492
:10D80000634B0093043301F0ADFA71E5614B304690
:10D810001A80FDF775F833899B46C0E50BF10102CC
:10D820005D4892B206905A450280BFF4EDAD5FE5C7
:10D8300051465C46059E154670466CE7069BCDE951
:10D8400001C91A88079B1A44514BDDE9081000935F
:10D85000043301F087FA4BE5059A638B910704D5F1
:10D86000227D023A012A00F2B881DA0602D44B4B3B
:10D870001B68236200232046A4F89A30FFF748F87B
:10D88000474B1A78237D12F002003FD0991E0129E0
:10D8900009D8032B40F0C0803A4B1A68636A013BF9
:10D8A000934200F042822B7803F0080354E6638D24
:10D8B000002B00F096813B4E93E6002F00F01E8275
:10D8C0002B7843F008032B70638B23F001036383F1
:10D8D000D4F890301BB16FF00D01206998472146B4
:10D8E0002948FEF7CDFA2046FDF712FD79E6AB692F
:10D8F000002B3FF4FDAC01464FF0FF3228699847FA
:10D90000F6E451462046FEF725FBF1E4023B072BE7
:10D91000C9D8DFE803F081BAAA664BAA15042046ED
:10D92000FFF7C6F81E4B1A782B78D20605D51E4A8B
:10D93000216D1268914200F0308203F008030BE67B
:10D940002046FFF7B5F8164B1B78D906ABD5164B1A
:10D95000226D1B689A42A6D1E36E002BA3D120460C
:10D96000FDF7DEFF084B1B68A34200F03A82002B54
:10D9700000F00382DA68A24200F0FD811346F6E768
:10D98000E0830320C4830320D48303205A8403202C
:10D99000908203202284032026840320E483032032
:10D9A00052840320DC830320847C03202046FFF77D
:10D9B0007FF82B789806C0D5638B204643F002038E
:10D9C0006383FDF7ADFFA84B1B68A34200F00982FB
:10D9D000002B00F0D281DA68A24200F0CC8113461D
:10D9E000F6E72046FFF764F8A04B1A782B7802F090
:10D9F00010029F0640F18781618B41F002012AB13C
:10DA00009B4A1068226D824200F0CF81082203F009
:10DA10000803618322759FE5D3067FF544AF944BDD
:10DA20003F681968934B1B6820B1626C01328A42CF
:10DA300000F08680069A204612881A443B8802939A
:10DA40007B8801938C4B0093043301F06DF994F8BB
:10DA50004230052B3FF627AF00232046238601F0F6
:10DA6000C7FB2B7803F0080376E52046FFF720F884
:10DA70002A7802F0080392067FF56EAD628B42F0C1
:10DA8000020262830722227566E5D0067FF50BAF9E
:10DA9000774B1968636CDB43CB4200F14D81236DFA
:10DAA0005B1A002BC0F2488104232375E36F002B1F
:10DAB00000F0AE809F69002F00F00A81002221460D
:10DAC0002069B847002840F0BC802046FEF7F0FFF0
:10DAD0006A4A13880BB1013B1380628E41F21C111C
:10DAE00053008B42184638BF0846B0EB820F40F215
:10DAF000F48093002A78A4F84830910602F00803D5
:10DB00007FF52AADBAE75A4B226D1B689A423FF463
:10DB1000D7AEC8E65A4BFC225A495B480AF04AF88D
:10DB2000002009F00FFF0120F7F76AFE04F032FF32
:10DB3000534BFB225549F0E7514BFD225449ECE78A
:10DB400062645A1C013B6262E262FA8963650023E7
:10DB500062F30F0362F31F4323660423E718237560
:10DB6000638E38460493FBF7A5FA3A4601460498BB
:10DB7000FEF7C6FD41F21C1243006086934219462F
:10DB800038BF1146B1EB800F40F222818300B4F818
:10DB90006670A4F84830002F00F0E880013FA4F838
:10DBA0006670276F002F00F0DB803B6823673846E4
:10DBB000FDF7FEFD236F002B00F0CF80002384F8DB
:10DBC00042302386D4F8883033B1002221462069C0
:10DBD00098470D303FF405AD638B43F00203638338
:10DBE00061E6204601F0E6F865E6254B83222949E7
:10DBF00093E7234B40F21F1227498EE7CC077FF5AE
:10DC000038AD264B1B68036233E51046FCF7E0FE97
:10DC10002046FEF75BFAE4E4238D41F2D0629342A2
:10DC200001D001332385D4F88470002F3FF4D0ACA9
:10DC30000023214620691A46B8470D307FF4C8AC4E
:10DC4000CFE40D303FF4CDACE2E70D4B40F21512BE
:10DC5000134962E70A4BC22212495EE7084B4FF4B0
:10DC6000F372114959E700BFD48303205284032083
:10DC7000847C0320C4830320908203201C8403201F
:10DC8000888A0020A88C0020AC740020808C0020A2
:10DC9000D48C00202C8C0020548D0020E4830320A1
:10DCA000288D0020448C0020F08D00203B4621462A
:10DCB000FEF748FC7AE41A444C4B0899009304336D
:10DCC000CDF80890CDF804C001F02EF8FFF710BB96
:10DCD000474B4FF46E7247491FE78B4238BF0B46E4
:10DCE00008E7434BE022444917E7414BDF22434911
:10DCF00013E73F4B40F20D1241490EE73C4B40F217
:10DD00003B32404909E703F00803002A3FF424AC02
:10DD10003D4A216D126891427FF41EACE26E002AEA
:10DD20007FF41AAC0622227516E4204600F06AFF42
:10DD30002B7803F008030FE4069A3B681088334AF7
:10DD4000126802441888029020465B880193274B92
:10DD50000093043300F0E8FFA5E54FF0FF3330E710
:10DD6000E76E002F38D03B68E36620E7204B40F297
:10DD700077322749D1E6E268DA60264B0A2222751B
:10DD80001A681C60E2600122234B1A7001F08CFBC0
:10DD90002B7803F00803FFF7DFBBE26E002A7FF465
:10DDA000CCAD43F010022A70C7E5E26E002A7FF482
:10DDB0002DAE20466183FDF7B3FD184B1B68A342CF
:10DDC0000FD0002BD9D0DA68A242D4D01346F8E79E
:10DDD000934238BF1346DAE6054B40F27F321049D2
:10DDE0009BE6E3680D4A1360C7E700BF90820320FB
:10DDF000888A0020D08D0020608C0020548C002068
:10DE0000FC8C0020848D0020847C0320C4830320AC
:10DE1000A48D0020E88303205A840320D4830320A8
:10DE2000BC8D0020024A137843F010031370704732
:10DE3000568403202DE9F04383B006469DF8284020
:10DE400000284BD00420019190469946FCF7F0F849
:10DE50000199054680B38472A4000B89002704F061
:10DE6000040441600760A3422AD31B1B03810846B8
:10DE70001421FCF70DFDD0B96968A402B6F816C0EC
:10DE800099FA89F3496804F5A044E96048EA040274
:10DE9000348B4B609CFA9CF352BA88740B8063BA43
:10DEA0008A81C8744B80284603B0BDE8F0832846B9
:10DEB000FDF77EFC0025F6E70846FCF789FDF9E74B
:10DEC0000D4BB3220D490E4809F074FE384609F097
:10DED00039FD0120F7F794FC04F05CFD064BA62207
:10DEE0000849074809F066FE304609F02BFD01207D
:10DEF000F7F786FC04F04EFD0C8E0020848E002087
:10DF0000AC740020648E002014312DE9F84389B2EE
:10DF10000746904624204FF420729946BDF82050C1
:10DF20009DF82440BDF82860FCF7BCFDC0B14389D2
:10DF3000132B17D944F4A041426899FA99F495FA41
:10DF400095FE49BA97FA87FC73BA14809181002133
:10DF5000A2F802E0C2F80480C2F808C0D3811161BF
:10DF6000BDE8F883074B40F227720749074809F0DC
:10DF700021FE002009F0E6FC0120F7F741FC04F047
:10DF800009FD00BF0C8E00209C8E0020AC74002088
:10DF900070B5044686B00D46164620B3007AB0B977
:10DFA00018460593FBF786F8059AB0B1E37AA47A90
:10DFB000009406240290314601942846FBF77EFA2D
:10DFC00004462846FCF704FD204606B070BD0593C4
:10DFD000FCF7C8F9059A0028E8D128466FF0030439
:10DFE000FCF7F6FCF0E718460593FBF763F800280A
:10DFF000F3D0FF23059ADBE72DE9F843BDF8205065
:10E00000BDF8246012B383B3074688464FF42072EC
:10E0100014212420FCF746FDB0B14389132B29D9E4
:10E02000436896FA96FC98FA88F239BA95FA95FE02
:10E03000A3F802C09A600022DFF858C0A3F800E0FD
:10E040005960C3F80CC01A61BDE8F8830C4B40F26C
:10E05000C4720C490C4809F0ADFD002009F072FCB7
:10E060000120F7F7CDFB04F095FC054B40F2C5729B
:10E070000649EFE7024B40F227720549EAE700BF85
:10E080000C8E0020CC8E0020AC740020E88E002086
:10E090009C8E00205014D016002800F0C7832DE974
:10E0A000F04F9246B0F86220B0F832B08FB052080C
:10E0B0000C46804606915A4540F2A7117C4828BF7D
:10E0C0005A460893002A18BF93467A4AF7F7A4FBEA
:10E0D000002C00F08D8298F81420911E022902D99C
:10E0E000072A40F07182BAF1000F00F09A80B8F868
:10E0F00064205245C0F07582B8F866600F2E00F2B9
:10E100007082D8F87020B6B9002A40F09283D8F80F
:10E110006C20002A40F08D83B8F86840002C40F055
:10E12000FF82089BA14625460D9403F00103099444
:10E130000C940793AEE0D8F86C50002A00F0E08110
:10E14000002DE9D02B462D68002DFBD1997A188936
:10E1500089000C9301F0040142189345C0F29982A2
:10E16000ABEB0002B8F86890521A92B2B9F1000F06
:10E1700000F06A81914500F20483D145494628BFE9
:10E180005146914228BF1146A9EB010909911FFA96
:10E1900089F9B9F1000F02D08A4540F02B83099B21
:10E1A0000C9FD21A92B2099B002A18BF9A4567D9D0
:10E1B000002865D0AAEB0307089B9742A8BF174623
:10E1C00013F00103BCB2079340F041810C9B5B68E4
:10E1D0001A461B68002BFBD1117B04933F2906D8FC
:10E1E00051895268069B0A44934200F0F081012253
:10E1F00021460020FCF756FC0546002800F09781D8
:10E20000099F069B3C44DA19A4B24260FCF744FD26
:10E21000A24500EB060296B240F2288200230D933D
:10E2200038E0D8F86C50B8F86660002D8AD1B8F89C
:10E230006820002A40F074825746C8F86C50D8F81D
:10E240005C20A8F866605244C8F85C20B8F86420E6
:10E25000A2EB0A03A8F8643026B1D8F87030002B7E
:10E2600000F09E8147B1FB6833B1089A920703D44E
:10E270009A8942F400629A8100200FB0BDE8F08FC5
:10E28000099CA24540F2D781089B03F00103079344
:10E2900000230D93089A0023CDF80CB002F002027F
:10E2A0009B4604930A924A460B95B146164642E0B5
:10E2B0000C8E002018B00020002E40F09C8101221E
:10E2C00029463820FCF7EEFB002800F09D80069AD6
:10E2D00031460590224442604FF420723820FCF70A
:10E2E000E1FB0746002800F01D810599FCF7EAFCD8
:10E2F0003846FCF7D1FC48441FFA80F9B9F1100FF9
:10E3000000F2D6800022394640460092D8F85C30B0
:10E310002344FFF78FFD002876D0049B002B45D0C7
:10E32000BBF1000F00F076812544CBF80000ACB2C1
:10E33000A24540D98346AAEB0403039D079A9BB2EA
:10E340009D4228BF1D46ADB2002AB5D0039A9A421D
:10E3500051D90A9B33B9B8F81A3059064BD4049BEB
:10E36000002B40D005F2B751039B4FF420723820A8
:10E3700021F00301994228BF194689B2FCF792FBAC
:10E380000746002840D00368002B40F0608165F309
:10E390000F0346892A4665F31F43761B8360B6B296
:10E3A000069B4068191904F061F8A1E72544049020
:10E3B000ACB2A245BED833464E460B9D07469946A1
:10E3C000099B002B00F074810C9B5C68002C00F012
:10E3D0008180DDF824B023895B4423812368002BEE
:10E3E0006BD01C46F7E7D8F86C30002BBAD1D8F8C0
:10E3F0007030002BB6D129464FF420723820FCF73C
:10E4000051FB07460028BED10B9DB8F81A3043F0E7
:10E410008003A8F81A3015B12846FCF7D9FA049BF6
:10E4200013B11846FDF7B2F9B8F866303BB1D8F829
:10E43000703023B9D8F86C40002C00F0B1814FF057
:10E44000FF300FB0BDE8F08F2F460995ABE6944240
:10E4500074D321464FF420720020FCF723FB0546BD
:10E46000002864D003680493002B40F0F0800499E6
:10E47000BAB2B0F80A90099F64F30F01069BA9EBAA
:10E48000040964F31F413C441FFA89F98160A4B276
:10E49000D919406803F0EAFF2846FCF7FDFBA245C6
:10E4A00000EB060296B240F2B481049B0D93F1E6B4
:10E4B00038460B9DFCF78CFAA7E763895A466068DB
:10E4C0000699184403F0D2FF63895B446381236893
:10E4D000002B86D10C9B09991A898A181A81A8F8F1
:10E4E0006890002D3BD00C9C29466068FCF7EAFB45
:10E4F000298922890A4422810C9B049A1A609EE68B
:10E50000002D7FF41FAEAE4B4FF4AC72AD49AE4858
:10E5100009F050FB284609F015FA0120F7F770F9C9
:10E5200004F038FA05980B9DFCF752FA6DE7B8F83D
:10E530001A3043F08003A8F81A3075E7089B9D074E
:10E5400003D4B8F81A10480683D4B9B201F2B7510F
:10E5500021F00301914228BF114689B27AE70D9B51
:10E56000002BC9D00C9B5868002800F0C4800168BB
:10E5700000295ED00D9A00E01946038913440381F7
:10E5800008460B68002BF7D10A890D9B1A440A81B3
:10E590004A891A444A810C990A891A440A81ABE7CC
:10E5A000D8F86C40002C7FF45DAE854B40F21532FC
:10E5B0008649854809F0FEFA204609F0C3F9012092
:10E5C000F7F71EF904F0E6F96FF00A0039E7099B46
:10E5D000002B40F0B980A24540F2B180099D0D9416
:10E5E00058E6B8F81A3043F08003A8F81A3026E746
:10E5F0006FF00F0025E7724B4FF41D72744972489B
:10E6000009F0D8FA079809F09DF90120F7F7F8F812
:10E6100004F0C0F96A4B40F2AE226E496A4809F034
:10E62000C9FA584609F08EF90120F7F7E9F804F025
:10E63000B1F90146A8E7099B33B30C9B5C68002C39
:10E640004CD00023DDF824B004930D93C3E65C4B5B
:10E650004FF4877260495C4809F0ACFA002009F079
:10E6600071F90120F7F7CCF804F094F9099B002B1D
:10E6700000F082800C9B5C68002C74D000230C9FFF
:10E68000DDF824B00D93A6E6A8F868900023049363
:10E6900032E74B4B40F2E91250494B4809F08AFAF5
:10E6A000284609F04FF90120F7F7AAF804F072F9AB
:10E6B000A8F86890CDB10C9B002B7FF414AF404BB1
:10E6C00040F2E3224649404809F074FA0C9809F0F8
:10E6D00039F90120F7F794F804F05CF9099B184424
:10E6E0000C9B1881A8F86890D0E70D9B93B10C9B08
:10E6F000002B7FF437AF324B40F2E92239493248E0
:10E7000009F058FA002009F01DF90120F7F778F810
:10E7100004F040F90C9B002B7FF4EEAE049D8CE5D9
:10E72000274B40F24D223049274809F043FA002098
:10E7300009F008F90120F7F763F804F02BF90C9FB2
:10E74000A8F868900D940DE71D4B4FF40D72274902
:10E750001D4809F02FFA049809F0F4F80120F7F7A2
:10E760004FF804F017F904941A891F4609998A187A
:10E770001A81A8F86890B6E60C9FA8F868900493F0
:10E78000B1E60F4B40F2FB1219490F4809F012FA9B
:10E79000284609F0D7F80120F7F732F804F0FAF824
:10E7A000074B40F22A320949074809F003FA20468C
:10E7B00009F0C8F80120F7F723F804F0EBF800BFE0
:10E7C0000C8E0020048F0020AC740020D09000201C
:10E7D0003C9000204C900020CC8F0020748F0020B3
:10E7E00060900020989000200C900020E08F002086
:10E7F0008C8F0020164B40F203221649164809F070
:10E80000D9F9284609F09EF80120F6F7F9FF04F03F
:10E81000C1F8099B002BAFD00C9B5C68002CA3D0E7
:10E82000049B0C9FDDF824B00D93D4E56FF00F002E
:10E830007047074B40F25B120849074809F0BAF9E4
:10E84000002009F07FF80120F6F7DAFF04F0A2F8C3
:10E850000C8E0020AC8F0020AC740020408F002074
:10E860002DE9F047054684B0002800F0A080C46E72
:10E87000002C00F08A800F46002900F0898026894C
:10E880008E4274D9438E8B42C0F09680A37AA6EB59
:10E8900001084FF4207238209A469B001FFA88F82E
:10E8A00003F0040303EB0801039389B2FCF7FAF8C1
:10E8B0008146002869D0039B6068D9F8041022893A
:10E8C000194403899B1A42463B449BB2FCF7F0FA79
:10E8D000404557D1E1688B891B0A13F008024AD1E1
:10E8E00003F03F0818F0010F03D008F0FE0842F0D3
:10E8F00001024B6828464946CDF800A01BBA3B44AC
:10E90000FFF798FA814600283FD06068BE1BFCF7ED
:10E91000C3F96268B5F8663011891B1A1046314494
:10E92000A5F8663089B2FCF743F9228998FA98F382
:10E9300060681644E268268191890B439381FCF755
:10E94000ABF9B5F866300344D9F80400A5F8663091
:10E95000FCF7A2F9B5F8663018442368A5F86600FC
:10E96000C9F80030C4F80090D9F800303BB100205D
:10E9700004B0BDE8F08703F037080822B2E7A5F835
:10E980006830F4E74846FCF723F84FF0FF30EFE734
:10E990000C4B40F256320C490C4809F00BF90020A0
:10E9A00008F0D0FF0120F6F72BFF03F0F3FF054B33
:10E9B00040F24E320649EFE7024B40F25E32054923
:10E9C000EAE700BF0C8E002014910020AC740020F8
:10E9D000F090002038910020F0B511F0030685B0CA
:10E9E00078D00446002870D0C1F340070D4601F0EE
:10E9F00002064FF42072B90038200391FCF752F858
:10EA00000399002846D043898B4268D3014600977A
:10EA10002A46E36D2046FFF70DFA00283AD0C36876
:10EA200013F003074CD10389002B3AD1E36E3BB3BB
:10EA30001A461B68002BFBD11060002305F001056E
:10EA4000A4F86830B6B935B1E36D0133E365638B83
:10EA500043F0200363834068FCF71EF9B4F8663086
:10EA6000184480B2A4F8660010B1206F50B10020A5
:10EA700005B0F0BDE36D0133E365002DEBD0E6E7B3
:10EA8000E066DAE7E46E002CF2D1174B40F26942FF
:10EA900016490AE0638B4FF0FF3043F08003638335
:10EAA000E6E7114B40F247421149124809F082F85B
:10EAB000002008F047FF0120F6F7A2FE03F06AFFEE
:10EAC000094B40F246420C49EFE7074B40F2154232
:10EAD0000A49EAE7044B40F213420949E5E7024BD1
:10EAE00040F23D420749E0E70C8E002040920020B2
:10EAF00014920020AC740020FC910020A091002012
:10EB000048910020C0910020C0B1C36E43B11A46A5
:10EB10001B68002BFBD1D1688A8912F4E06F02D008
:10EB20000121FFF759BFB0F81AC042F480724CF0CF
:10EB3000200C8A81A0F81AC01846704710B5044608
:10EB4000074B40F2EF320749074809F033F82046F7
:10EB500008F0F8FE0120F6F753FE03F01BFF00BF9C
:10EB60000C8E002068920020AC740020002831D068
:10EB7000D0F870C0BCF1000F0ED06246D2E900316F
:10EB8000897B3BB1012907D11A46D2E90031897B43
:10EB9000002BF7D1012903D06FF005031846704709
:10EBA000C16E1160418BC0E91BC341F40061D2F812
:10EBB0000CC012894183DCF80410BCF80CC009BAFF
:10EBC00043630CF4407C9C4518BF01320A44C26484
:10EBD0001846704710B50446074B40F26762074974
:10EBE000074808F0E7FF204608F0ACFE0120F6F7E2
:10EBF00007FE03F0CFFE00BF0C8E002084920020A1
:10EC0000AC74002010B5002838D0D0F870E0BEF108
:10EC1000000F2CD0DEF804309B7B012B27D1DEF8CF
:10EC2000003000F16C0CC26E03676AB1DEF80C3084
:10EC3000596809BA02E0944612682AB1D3685B6841
:10EC40001BBA5B1A002BF6DBCEF80020CCF800E0F4
:10EC5000DEF800307BB190F84230FF2B02D0013358
:10EC600080F8423000231A464363104610BD6FF00F
:10EC70000502104610BDA0F86830ECE70446074BCB
:10EC800040F2C5620649074808F094FF204608F0A4
:10EC900059FE0120F6F7B4FD03F07CFE0C8E002037
:10ECA000A8920020AC74002010B5044630B3036F66
:10ECB00013B1438B5B0700D510BDFFF7A3FF0028FE
:10ECC000FAD1B4F86030B4F84810628E8B4228BF95
:10ECD0000B465B10B3EB420FA4F84A3002D253004C
:10ECE000A4F84A30618B02EB42020020134441F049
:10ECF00004022086A4F84830628310BD074B40F21E
:10ED0000FD620749074808F055FF204608F01AFE43
:10ED10000120F6F775FD03F03DFE00BF0C8E0020CC
:10ED2000C0920020AC74002030B585B0054608467E
:10ED30001146BDF824201C46089B0092BDF82820EF
:10ED4000039301922246FFF757F940B10146039B16
:10ED50002246284605B0BDE83040FFF719B905B096
:10ED600030BD00BFF0B585B09C460A9EBDF82CE0D2
:10ED7000BDF83030D8B107460846114662466546B0
:10ED8000CDE900E33346FFF737F9044678B1294669
:10ED90000023062532460297CDE90035FF23FAF716
:10EDA0008DFB204605B0BDE8F040FBF711BE05B075
:10EDB000F0BD00BF10B5044684B060B3026D1023EF
:10EDC000418D008B12BACDE901310021E38A009018
:10EDD000606AFFF799F8B0B1B4F82AC0231D626ADF
:10EDE000014620466244E2622246FFF7D1F8638B77
:10EDF00020B923F00303638304B010BD43F0030381
:10EE0000638304B010BD638B6FF0010043F0030314
:10EE1000638304B010BD074B4FF4036206490748F3
:10EE200008F0C8FE204608F08DFD0120F6F7E8FC4A
:10EE300003F0B0FD0C8E0020E0920020AC740020A6
:10EE40002DE9F04F044687B09E4A40F2E3419E48C8
:10EE5000F6F7E2FC002C00F09781257D012D00F0F3
:10EE60008E819A4B1B68A34231D0E56E2DB3207A78
:10EE7000B4F84880B4F86060002840F05381201D49
:10EE8000FAF718F98146B9F1000F00F06181B04539
:10EE9000236828BFB04613B9D9F800302360EB6867
:10EEA000606C29895A68081A12BA8618464512D920
:10EEB000B4F86030434500F02381B4F81AE01EF046
:10EEC000020F40F017812EF0800EA4F81AE0002007
:10EED00007B0BDE8F08F002684F89960266F002EF9
:10EEE00000F01E8137463668002EFBD1CDF8109019
:10EEF0000026B946DFF8D8B12F461D4610444045DC
:10EF000000F21A81B5F80CC01CF4806F40F0238128
:10EF1000236F6BB1B4F81AE01EF0440F08D1E36E12
:10EF20000593002B00F0BB801B68002B00F0B08025
:10EF3000237D022B00F093804CF4805C7868A5F868
:10EF40000CC0837B012B31D03868E066638B23F0E3
:10EF500003036383AD89236D15F4407F73D18D184E
:10EF60005B1B002B1ADBE1B1236F3E60002B74D0DA
:10EF7000D9F80C10496809BA511A0029C0F2AA80C0
:10EF8000C9F80070B9460746002F00F0CF80FD6831
:10EF9000606C6A68398912BA081AAFE725650029DA
:10EFA000E2D13846FCF704FCE76EEDE7636A628D58
:10EFB00019BA134452BAA960EA81E362BB7A13F02A
:10EFC000010353D105F11402B4F930100029616B2B
:10EFD000B8BF268629B9DBF800106163696809BAF1
:10EFE000A163002B43684189A5EB03034560A1EBB6
:10EFF000030141810189A1EB030303810CBF1423A9
:10F0000018232E746E742B449A4240F0B380049BF4
:10F01000221D2146029306230193A37A0093E37AEB
:10F02000FAF74CFA002840F08E80FD68237D6A686C
:10F030003868022B398912BAE06687D1AD89236D11
:10F0400015F4407F8BD0114401315B1A002B8BDA11
:10F05000236F21653E60002B8AD1276792E778688D
:10F06000837B012BA2D03868E06673E7221D0499E8
:10F0700040F2B450FDF744FB40F0017005F1180276
:10F0800000BA6861BB7AFD6803F0010378689BE70A
:10F09000059B1B891846638E9842BFF449AFB4F8AC
:10F0A0006430002B3FF444AFB4F866300F2B3FF6CA
:10F0B0003FAF1EF0A00F7FF43BAF059800287FF410
:10F0C00002AF35E07CAF00200C8E0020DC830320F3
:10F0D000E483032004F17000D968496809BA891AE9
:10F0E000002903DA18461B68002BF5D13B60076046
:10F0F000E76E49E7204607B0BDE8F04FFFF75ABE7C
:10F10000236F002B7FF4D9AE94F89930002B7FF455
:10F11000D4AE4FF4807284F89A30A4F89820CCE6EC
:10F120003746E3E6FBF71EF98146ACE6B4F81AE091
:10F130000023A4F86830C6E6E06EB4F81AE00028B0
:10F140007FF4C1AEF4E7638B43F080036383BFE6D3
:10F150006FF00300BCE60F4B40F23A520E490F48E5
:10F1600008F028FD002008F0EDFB0120F6F748FB31
:10F1700003F010FC074B4FF4C4620949EFE7054B5D
:10F1800040F2E7420749EAE7024B40F2E54206490E
:10F19000E5E700BF0C8E002040930020AC740020F7
:10F1A00058930020189300200093002040B190F85D
:10F1B0004230FF2B02D0013380F84230FFF740BECF
:10F1C00010B50446074B40F29C620749074808F017
:10F1D000F1FC204608F0B6FB0120F6F711FB03F026
:10F1E000D9FB00BF0C8E00206C930020AC74002073
:10F1F00010B5044678B1FFF7B9FC00B110BD94F822
:10F200004230FF2B02D0013384F842302046BDE863
:10F210001040FFF715BE074B40F2B16206490748A0
:10F2200008F0C8FC204608F08DFB0120F6F7E8FA4C
:10F2300003F0B0FB0C8E002090930020AC740020F3
:10F2400010B5044684B000B3026D1023418D013A1D
:10F25000008B12BACDE901310021E38A0090606A87
:10F26000FEF752FE68B1B4F82AC00146626A231D57
:10F2700020466244E262224604B0BDE81040FEF738
:10F2800087BE4FF0FF3004B010BD074B40F66A0256
:10F290000649074808F08EFC204608F053FB012081
:10F2A000F6F7AEFA03F076FB0C8E0020AC9300204C
:10F2B000AC740020F0B5044685B0002865D0C56E5A
:10F2C000002D5BD090F89A30FF2B02D0013380F8EC
:10F2D0009A30EB689A89D20530D45A681023618D30
:10F2E000CDE90131218BE38A00910121606AFEF7AB
:10F2F0000BFE0646002844D0638D626A7168134491
:10F30000E36268681431B5F808C001220389A3EBF1
:10F310000C039BB2FBF7CCFDEB683146226D204617
:10F320005B681BBA0133D21A002A2246B8BF236594
:10F33000231D05B0BDE8F040FEF72ABE5A68638D74
:10F340002989029310230F4600390193238B18BF9C
:10F3500001210093E38A606AFEF7D6FD064680B17C
:10F36000628D636A41681344E362002FC9D18B89BF
:10F3700023F47C5343F488538B81CDE7284605B0B2
:10F38000F0BD4FF0FF3005B0F0BD074B40F69502E1
:10F390000649074808F00EFC204608F0D3FA012081
:10F3A000F6F72EFA03F0F6FA0C8E0020C893002030
:10F3B000AC74002030B583B005460820CDE90021AB
:10F3C000FAF736FE0446DDE9002198B1002381609A
:10F3D0000F49C260C0E900350B681BB907E0194648
:10F3E0001B681BB15A68AA1A002AF8DA23600C605D
:10F3F00003B030BD074BBE220749084808F0DAFBCE
:10F40000204608F09FFA0120F6F7FAF903F0C2FA55
:10F41000D0820320EC93002044940020AC740020A0
:10F4200000B583B0436801909847F6F75DFA019AFA
:10F43000074BD2F800C01B686344191A002905491C
:10F44000B4BF6044184603B05DF804EBFFF7B2BFE9
:10F45000807D0320C9C1020008B5FDF723F90C4BDC
:10F460001B6873B10B4A40F227110B48F6F7D4F929
:10F47000F6F73AFA00220949FA30BDE80840FFF7EA
:10F4800099BF074B1B68002BECD1064A136008BDDF
:10F49000D483032048B10020EC93002001C2020075
:10F4A000E8830320F4830320114AA821114808B5FA
:10F4B000F6F7B2F9104B1A68CAB9104A126892B13D
:10F4C0004FF0010C0E4A40F227110A48C3F800C061
:10F4D000F6F7A2F9F6F708FA00220A49FA30BDE871
:10F4E0000840FFF767BF084A1268002AE8D108BD44
:10F4F0006CB10020EC930020F4830320D48303201C
:10F5000048B1002001C20200E883032070B5134C0B
:10F5100004F13806256840F22711114A1148F6F720
:10F520007BF9B5F1804F0AD2F6F7DEF922460834AE
:10F530000D492844FFF73EFFB442EBD170BD094BA3
:10F5400040F2291209490A4808F034FB002008F06B
:10F55000F9F90120F6F754F903F01CFA7CB7002002
:10F5600048B10020EC930020C9C10200849400201F
:10F57000AC74002070B504460D46164640F22711C3
:10F580000F4A1048F6F748F9B4F1804F08D2F6F761
:10F59000ABF9324629462044BDE87040FFF70ABF68
:10F5A000084B40F229120849084808F003FB0020E4
:10F5B00008F0C8F90120F6F723F903F0EBF900BFD2
:10F5C00048B10020EC93002084940020AC7400200B
:10F5D00038B5114A04460D46104840F24111F6F77D
:10F5E0001BF90F48016899B1002203E00B680A4635
:10F5F00019466BB18B68A342F8D1CB68AB42F5D109
:10F600000B6832B113600820BDE83840FAF724BD1A
:10F6100038BD0360F7E700BFF8B00020EC9300208E
:10F62000D08203202DE9F8431E4A40F267111E489C
:10F63000F6F7F2F81D4EF6F757F91D4C05461D4F2B
:10F6400010E02168B1B14B68EA1A002A16DB0A689B
:10F6500008203B602260D1E90289FAF7FDFCB8F18D
:10F66000000F1CD13378002BEBD0FBF7A9F82168F1
:10F670000029E8D14FF0FF30BDE8F883581BFBD5D7
:10F68000094B4FF4BD720C490C4808F093FA002066
:10F6900008F058F90120F6F7B3F803F07BF9484673
:10F6A000C047DFE724B00020EC93002055840320FE
:10F6B000D0820320807D0320BC940020AC74002005
:10F6C00008B5F6F7D3F8024B024A0343138008BD8E
:10F6D00000C0FFFF304801202DE9F04F044685B0FF
:10F6E00089467D4ACD217D48F6F796F8002C00F03A
:10F6F000EB80B9F1000F00F0EB806389072B40F23B
:10F70000A680774F666839687869F9F7EFFE754B20
:10F710008046D7F814C0196800297CD072880B463F
:10F720003588002052BAD7F804E06DBA4FF0000BCC
:10F7300092B2ADB2CDE90241414604E0DC68184620
:10F74000002C63D02346B3F812809045F6D11C7A82
:10F750003CB19EF8408008F101085FFA88F8444502
:10F76000ECD11C6800293FD054B1BCF1FF3F00F040
:10F77000828084EA0C08D9F8046018EA060FDDD10B
:10F7800093F810A01AF0040F08D1BBF1000F37D086
:10F79000BCF1FF3F77D0002C18BF9B46B3F8148014
:10F7A000A845CBD15C6814B13E69B442C6D1DDE94D
:10F7B0000241002871D04B4A1E461360DA68C260CD
:10F7C000D96008212046FBF79BF800286DD133460D
:10F7D0001E6A002E3BD0586A19462246424B0095BD
:10F7E000B04705B0BDE8F08F002C36D06445A5D1F8
:10F7F00093F810A01AF0040FD0D1BBF1000FCAD1BA
:10F80000B3F814809B46A84598D1CBE75E46029C8E
:10F810008846002ED5D1D9F80030634517D108218C
:10F820002046FBF76DF800283FD1B8F1000F0ED14C
:10F830007B6903F0F003E02B09D0B9892046083139
:10F8400009B2FBF78BF80321204601F0B1FE2046F8
:10F8500005B0BDE8F04FFBF7BBB893F8108018F087
:10F86000040F9BD1B3F814808B4508BF9B46A84575
:10F870007FF464AF96E793F810A01AF0040F8DD1CF
:10F88000BBF1000FBCD0D9F80080DBF80060464522
:10F8900084D0A04508BF9B4680E7082120460293FC
:10F8A000FBF72EF8029B002892D00C4B4FF4B87255
:10F8B0000E490F4808F07EF9002008F043F80120B7
:10F8C000F5F79EFF03F066F8044BCF220949F0E7F5
:10F8D000024BD0220849ECE75CB20020D094002013
:10F8E00080820320F8830320908203205895002013
:10F8F000AC740020249500203C950020F8B50F46FC
:10F9000015460446394A4FF46B713948F5F784FFC0
:10F91000002F3BD0002C63D0364ED6F800E0BEF16D
:10F92000000F2AD0704601E0C06810B18442FBD1BC
:10F930000120002D2DD03F68734601E0DB68BBB18C
:10F940009C42FBD0617A490702D55A7A5207F5D416
:10F950005A8AAA42F2D11A68002A18BFBA4201D0C4
:10F96000002FEBD16FF00700F8BD3F68ACF80050F6
:10F970002760658228B10020F8BD4DB13B686582E3
:10F9800023600020C4F80CE03460F5E71A4FC1E7AB
:10F990007046DFF868C04FF6FF72BCF80030934243
:10F9A00018D001339DB2BEF1000FDED04FF480417C
:10F9B000734602E0DB68002BD7D05A8AAA42F9D1FD
:10F9C000013989B279B14FF6FF739D4205D00135F7
:10F9D000ADB2EDE74FF44045E5E74FF44045E7E7CA
:10F9E0006FF00F00F8BDACF80050BBE700B200208C
:10F9F000D0940020F88303206CB700203048012009
:10FA00002DE9F04186B00E4617460446494A40F2B9
:10FA1000CF2149489846F5F7FFFEDDE90C23002A7F
:10FA200018BF002B0CBF01220022002F08BF42F09C
:10FA30000102002E08BF42F00102002A65D1002C0D
:10FA400063D0628A002A3FD032894FF6F7739A4218
:10FA50005ED808213046FAF71BFF002846D135460C
:10FA60006B89072B57D9618A98FA98F26B6849BA63
:10FA70005A80002219809A71DA712A89207C51BA41
:10FA80003A68000702F0F0021AD4E02A99802BD0DD
:10FA9000E37A0C9A11200D990292A27A01902846DD
:10FAA00000923A46F9F7F6FCB542034604D00590B9
:10FAB0002846FAF78DFF059B184606B0BDE8F08191
:10FAC000E02A0CD09980E3E721462046FFF716FF95
:10FAD00003460028B8D0184606B0BDE8F0816A7B1E
:10FAE00042F004026A739980637FD2E74FF4207278
:10FAF00008212420FAF7D6FF054648B13389002BA8
:10FB0000AED03146FBF722F9AAE76FF00F03D3E737
:10FB10004FF0FF33D0E7084B40F20D320749084859
:10FB200008F048F8002007F00DFF0120F5F768FE07
:10FB300002F030FF28B20020D094002074950020FD
:10FB4000AC74002010B582B0DDF810E0BEF1000FFB
:10FB500018BF002A0CBF4FF0010C4FF0000C002919
:10FB600008BF4CF0010CBCF1000F16D1A8B1D0F8C1
:10FB700000C0BCF1000F06D1F446CDE900ECFFF760
:10FB80003FFF02B010BD0CF0F004E02CF4D0DEF822
:10FB90000040A44504D18446EFE76FF00F00F0E782
:10FBA0006FF00300EDE700BF002A18BF00294ED018
:10FBB00000284CD030B50446007A87B080BB10686E
:10FBC00000F0F000E02817D1207F98BBA06998B121
:10FBD000DFF888C0DCF80050A8420DD004F118000E
:10FBE0000391CDE90423F9F765FA84460399DDE929
:10FBF0000423BCF1000F0CD110460392CDE904138D
:10FC0000F9F758FA059B8446DDE90321BCF1000FA2
:10FC100020D02046CDF800C0FFF794FF07B030BDDC
:10FC2000CDE904230391FAF79DFB059B8446DDE9AA
:10FC30000312EBE7CDE904230391FAF793FB844623
:10FC4000059BDDE90312BCF1000FE2D1D4E76FF0B0
:10FC50000F0070476FF00300E0E700BF70B70020AF
:10FC600070B50D460446164640F23741134A144813
:10FC7000F5F7D2FDFDB1F4B1628AAAB12A68237CFE
:10FC8000104943F0040362600A68A68223743AB103
:10FC9000134601E0DB681BB19C42FBD1002070BD24
:10FCA0000020E2600C60FAE721462046FFF726FEBE
:10FCB0000028E3D070BD6FF00F0070BDACB1002024
:10FCC000D0940020F883032070B504460E461546F4
:10FCD00040F28C41034A0448F5F79EFD0CB1C4E99B
:10FCE000086570BD54B10020D094002010B50446C2
:10FCF000104A40F2A3411048F5F78EFDCCB10F4AEF
:10FD00001368A3420DD033B11A46DB681BB1A3427E
:10FD1000FAD1E368D36021460120BDE81040FAF72C
:10FD20009BB9E368214601201360BDE81040FAF753
:10FD300093B910BD08B10020D0940020F8830320AF
:10FD400000B50C4A83B040F2CB410B48F5F764FD97
:10FD50000120FAF76DF9034640B1282200210190F5
:10FD600008F062F9FF22019BDA725A77184603B055
:10FD700000BD00BF38B00020D094002000B50F4A6D
:10FD800083B040F2F2410E48F5F746FD0D4A40F2CD
:10FD9000CB410B48F5F740FD0120FAF749F903463E
:10FDA00040B128220021019008F03EF9FF22019B7A
:10FDB000DA725A77184603B000BD00BF88AF002042
:10FDC000D094002038B0002010B1026801B102B90F
:10FDD00070470B68002BFBD0084B1B68002BF7D03B
:10FDE00010B400E002681C68944201D10A681A60ED
:10FDF000DB68002BF6D110BC704700BFF8830320EE
:10FE000030B5044683B00D462A4A59212A48F5F7F1
:10FE100003FD6389102B21D96068E27BC3891AB97D
:10FE200095F840200132E2738278D1070DD5012A7E
:10FE300034D0062202302149019308F021F8019BB9
:10FE400018B9627B42F008026273082B0CD0B3F53C
:10FE5000C16F03D195F83D301B0714D42046FAF743
:10FE6000B7FD002003B030BD95F83D301A07F5D539
:10FE700010212046FAF744FD0028EFD129462046FC
:10FE8000F9F732F9EDE710212046FAF739FD00289D
:10FE9000E4D129462046F8F703FCE2E7C278002ABD
:10FEA000D3D102795E2AD0D1627B42F01002627314
:10FEB000CBE700BF40B00020A49500205CB7002035
:10FEC0002DE9F0470C460646102117462046984675
:10FED000BDF82050FAF7DCFCF0B9194A81464FF41E
:10FEE000A2711848F5F798FC6DBA6368DD81D8F8FF
:10FEF0000020C3F80220B8F80420DA803A689A603B
:10FF0000BA889A8196F83C30062B09D1736921464C
:10FF10003046BDE8F04718476FF00100BDE8F087B4
:10FF2000084B40F24B120849084807F043FE484688
:10FF300007F008FD0120F5F763FC02F02BFD00BF80
:10FF400098AF0020A4950020FC950020AC74002000
:10FF50000A68036892B159684FF0010C104600B569
:10FF600083B081F800C00193F5F7BCFC019B9A684F
:10FF7000506001221B681A7003B000BD1B6801228B
:10FF80001A707047012A03D10B6803600020704784
:10FF9000022A00B583B00ED0032A05D012B100208A
:10FFA00003B000BD0260FAE700680028F7D00C211A
:10FFB00002F0FCFAF3E70A6801900C20009202F0CC
:10FFC000EFFA009A8446019B07CAC3F800C08CE888
:10FFD0000700E4E712B330B5144683B00D46F5F7D9
:10FFE00083FCD4E90423801A98420CD3A3681BB184
:10FFF00003222146204698471821204603B0BDE839
:02000004600397
:10000000304002F0D3BAA368019543B1E36801A977
:1000100020469847A368002BEAD1EDE7704703F02C
:100020009BFE00BF012801D90020704700B583B0B6
:100030004B68C0B201A9019300F078FE012003B023
:1000400000BD00BF2DE9F0438F6887B000286CD059
:10005000B7FA87F56D09002F67D00E468046182045
:10006000914602F09DFA044602223146029505951A
:10007000C0E90055C0E90255C0E90455CDE9035572
:1000800002A8B847E268A3686F460592B268049375
:10009000A260F268DDE90201E260CDE9000194E8C6
:1000A0000300CDE90201DDE9000184E803001BB192
:1000B000032202A902A89847F5F716FC23461E4A18
:1000C0003946C4E90409404600F0C2FF10F1050FAB
:1000D000804626D0A0B1A3681BB10322214620464A
:1000E00098471821204602F061FA4046F5F7FEFBDA
:1000F000044608F03BFB0460002007B0BDE8F08335
:10010000A3681BB1032221462046984718212046A8
:1001100002F04CFAB368029763B1F36802A9304663
:100120009847012007B0BDE8F08308F01FFB1623B5
:100130000360E1E703F010FE7DCD020030B500233F
:1001400089B005460C2014468DF80E3001918DF8CB
:100150000F30059302F024FA019903461C4A81608E
:100160000DF10F010792284619600DF10E01194A91
:10017000596004A9069222460493FFF763FF069D87
:1001800003462DB104A9019003220846A847019B0C
:1001900013B9184609B030BDF5F7A6FB9DF80F302E
:1001A00005462BB10DE003F0A1FC9DF80F3043B9DB
:1001B000F5F79AFB401BA042F5D308F0D7FA742359
:1001C00003609DF80E30DBB2184609B030BD00BFA9
:1001D000F9CC02002DCD0200194B0020194A1968F4
:1001E00010B5194CC2E900404A1C1A6081B1174A87
:1001F0001749184803F05EFD174A1368591C11602F
:10020000BBB1124A15491648BDE8104003F052BD73
:10021000144C4FF4EE72144807F006FF2046883461
:10022000F3F702FC114B9C42F8D1114B0E4A1A60B5
:10023000DDE7104C204610F007FA0F4B1C60E0E79A
:100240001C87022090840220A4A500205445012090
:10025000A90000000C6D0320B88502207500000085
:10026000E46C032068870220248702200089022092
:1002700020870220C0850220BC8502200F4A136817
:10028000DB0407D51368002023F4825343F4805322
:10029000136070470A4B126C0A4903F14000C91AF7
:1002A00043F8042B5A5843F8042B8342FAD1064BE7
:1002B000402202490120096C1A60704700C00C40BE
:1002C000086F212040C00C40EC6B0320064BD3F894
:1002D000800010F4405006D0A3F54033186880F435
:1002E0000050C0F34030704700C00F402DE9F84F78
:1002F000204B07468A461A68D2040AD51A681E4956
:1003000022F4825242F480521A60DA6F1B6C00238E
:100310000B60BAF1000F24D0DFF85C805646154D13
:10032000D8F80040DFF8549044B92B6813F4A05F6C
:10033000FBD0FFF7A3FFB8B1D8F80040B442A34602
:10034000C4F14001384628BFB34649445A46A4EB9D
:100350000B0402F08BF8B6EB0B065F44C8F80040C4
:10036000E2D15046BDE8F88FAAEB060A5046BDE838
:10037000F88F00BF00C00C40EC6B0320086F2120F9
:1003800010B5042182B004460DEB0100FFF7AEFF6B
:10039000042804D1019B0120236002B010BD08F0A5
:1003A000E5F90522034600201A6002B010BD00BF27
:1003B000F0B51A4C85B006460F4625785DB9102178
:1003C0001748CDE90223F5F76FFA1028DDE902237B
:1003D00016D101212170134807804380034611681C
:1003E0000C2241600421346800920D4A846002208E
:1003F00000F020F80446F5F701FA204405B0F0BDFE
:10040000094B2D2209490A4807F0D4FB284607F07A
:1004100099FA0120F5F7F4F902F0BCFA2C840320D4
:1004200098850220A885022030960020949600200E
:10043000AC7400202DE9F04F8BB057688346DFF88D
:100440009CA205911946149B87EA0A0ADFF890924C
:1004500003F1080095689C4E87EA0909C0089B4F84
:10046000D2F800C06E40D2686F40DFF87882012871
:10047000974C984B8CEA0808974D82EA04048CEA62
:10048000030382EA05056BD0A0F1020C1A46084668
:10049000E646CDE906C10368D0F804C05F408CEAA7
:1004A0000505BBF1000F4AD0039300211346CDF898
:1004B00010C0CDE901E016EB080C4FEA074E4FEAF9
:1004C000463201F101014AEB0408FB180EEB154E10
:1004D00045EB090002EBD4422D048EEA030E6403BF
:1004E00082EA0C0205EB174504EBD64445404FEA7F
:1004F0004E5784EA080418EB0E084FEA42464CEBCC
:10050000050A12EB030907EBD52744EB000306EBC2
:10051000D4366D058B454FEA444487EA080705EB5E
:10052000DE2586EA090604EBD23485EA0A0584EA68
:100530000304C0D11A46DDE901E0DDE9033C0EF118
:10054000FF3E83EA08088CEA0A0A0830BEF1FF3F42
:10055000A1D11346DDE906C101F1080202EBCC018D
:10056000019308A8149B1A06099203F007020023BE
:10057000089301F07BFF0899099A4F40019B554071
:10058000BBF1000F45D00020CDE901121A4616EB51
:10059000080C4FEA074E4FEA463300F101004AEBE0
:1005A0000408BA180EEB154E45EB090103EBD443D2
:1005B0002D048EEA020E640383EA0C0305EB174553
:1005C00004EBD6444D404FEA4E5784EA080418EB3A
:1005D0000E084FEA43464CEB050A13EB020907EB02
:1005E000D52744EB010206EBD4366D0583454FEA6F
:1005F000444487EA080705EBDE2586EA090604EB92
:10060000D33485EA0A0584EA0204C0D1134601996D
:10061000029A83F0FF0E059B81EA080082EA0A0134
:100620004A46002B45D04FF0000CF34616EB000A6B
:100630004FEA074E4FEA46390CF1010C44EB01003A
:100640000EEB154117EB0B0E4FEA054B09EBD443AC
:100650004FEA443845EB02090BEB174B81EA0E02D7
:1006600008EBD64883EA0A038BEA090B570588EAA8
:10067000000880184FEA4B544AEB0B014FEA4845FB
:1006800004EBD22413EB0E024FEA434648EB090E6B
:1006900005EBD33384EA010507EBDB2783EA0E047D
:1006A000059B06EBD83647406345F34686EA0206CB
:1006B000BCD187EA0E0755407E406C4070406140D7
:1006C0000BB0BDE8F08F00BF6D6F646E7365747919
:1006D00061726F646172656E62646574656D6F737B
:1006E0006567796C75657370234BF0B5044683B00C
:1006F000224E03F130071D687DB11A7AA2420CD157
:100700004FF48A705A6800FB04601030CDE9001382
:10071000A8470022019B00991A600C33BB42EAD122
:100720004FF48A701549002700FB0460FAB20137C4
:10073000944202D08A7A022A16D0042F01F58A71D7
:10074000F4D14FF48A7202FB0466F27B032A09D8C3
:100750000B4C54F82200FFF7C9FAF27B0021F77323
:1007600044F8221003B0F0BDCD7BC27B9542E4D1AA
:100770000423C373F6E700BFBC7D0320F47D032090
:10078000C05401202DE9F04FDFF88CA14FF48A749A
:1007900087B004FB00A4E37A012B00F2A180584A41
:1007A000064652F8233023B994F81051002D00F07A
:1007B00090804FF48A7406FB04F404F11007574448
:1007C000384608F049FA00F112014FF4207238203F
:1007D00089B2FAF767F9804600286ED054440C229B
:1007E000013F0C2523894FF6FE790DEB02015BBA20
:1007F000ADF80C300023CDF80F30CDF813308DF864
:10080000173001238DF80E304FF48073ADF810309F
:10081000FAF78CFB01967A787E1C2E2A50D0002A9B
:100820004ED03246144612F8013F2E2B01D0002B39
:10083000F8D1E41B17465FFA84FBA4B25A462A4457
:100840004A4537DC5A4629464046AB44FAF72EFC67
:10085000681C2246314683B240460BF10105FAF787
:10086000B9FB3A78ADB2002AD5D129464046019E5F
:10087000FAF71CFC4FF001220BF1020302A94046DB
:100880009BB202920422FAF7A5FB4FF48A7303FB92
:1008900006AA9AF810319AF80F00B3B99AF80B200B
:1008A0003523174901EB8202164951F820004146D1
:1008B000FFF77AF94046FAF78BF807B0BDE8F08FFA
:1008C0000022374614469346B9E741F2E9430E4AFF
:1008D000EAE72946FFF708FFA57207B0BDE8F08FE9
:1008E0000A4B40F20D320A490A4807F063F900202A
:1008F00007F028F80120F4F783FF02F04BF800BF5F
:10090000EC7D0320C05401200CB70020B0960020DD
:1009100004970020AC740020F47D0320414A4FF47A
:100920008A7303FB002310B59B7A0446032B6AD815
:10093000DFE803F00E1231024FF48A7300FB03F379
:10094000D15800293ED14FF48A7303FB04239972D6
:1009500010BD1989614508D1F4F788FF314B1FFAA2
:1009600080FC1A46997A0229F3D003F58A732E493E
:100970009942F7D14FF48A73A1F24E41204604FB0D
:1009800003F31A440833A2F808C0284ACA50BDE845
:100990001040FFF7F7BE4FF48A7004FB00F0111807
:1009A0000B7B013BDBB20B73002BD1D14B7B0133B3
:1009B000DBB2042B4B730AD00B732046BDE810400A
:1009C000FFF7E0BE0139D1500029BCD0C0E7CB7A97
:1009D0006BB9174B5B6853B191F810313BB90830D4
:1009E000144A40F2011C22F800C04B73E5E70021D5
:1009F0002046FFF779FE4FF48A730A4A002103FB71
:100A00000423997210BD0C4B40F26E420B490C4806
:100A100007F0D0F8002006F095FF0120F4F7F0FE73
:100A200001F0B8FFF47D032044820320020001009E
:100A3000EC7D0320F77D0320B09600201C9700205A
:100A4000AC7400202DE9F0471E4613898AB0144685
:100A50000F2B05D82046F9F7BBFF0AB0BDE8F08799
:100A600000230C2204A92046FAF722FA0C28F1D11F
:100A7000A84B0025BDF810109A7A49BA022A89B20B
:100A800007D0013503F58A73042DE3D09A7A022A40
:100A9000F7D11A898A42F4D1BDF81430B3F5807FBA
:100AA000D8D19DF81230DB09D4D09A4A4FF48A731A
:100AB00003FB052393F8102132B9D97A964B32689B
:100AC00053F821309A42C5D14FF48A73A84627467D
:100AD000BDF8169003FB05F3054603F110029A4694
:100AE0008C4BD41829463846FAF7D0FA00282DDB6B
:100AF0004FF6FF739D4229D000F0C002C02A25D0D6
:100B00000135ADB220B3261819E02178681C834A5C
:100B10000134525C02F00302012A804AD25C08BF11
:100B2000203102F00302012A08BF203399420DD17F
:100B30004FF6FF739D4285B208D0B44208D02946D3
:100B40003846FAF7A3FA031EDBB2DEDA3C4681E749
:100B500029463846FAF79AFA0028F7DB04F101042F
:100B6000C0D12E464FF6FF7245463C4696423FF4B2
:100B700071AF731C9BB293423FF46CAF042202A985
:100B800038460193FAF794F904287FF463AFBDF86F
:100B90000A20B2F5807F7FF45DAFBDF80820B2F582
:100BA000807F7FF457AF4FF6FB72019B93423FF675
:100BB00051AF9DF813305FFA88F81B0750D199FAAE
:100BC00099F2731DA946264697B29CB2002F00F0F9
:100BD00090803389A34209D88BE0328993423DDA71
:100BE0002146FAF753FA002838DB10D0651C21465D
:100BF0003046FAF74BFA031EADB2304603F0C0029E
:100C00002B442BDB9CB24DB3C02AE6D12C464FF6C9
:100C1000FF739C4222D0651CADB29D421ED02B4674
:100C20000A2207A93046FAF743F90A2816D14FF6E7
:100C3000F5739D4212D8079904F10B03BDF82420E7
:100C4000B1F1012F9BB224D054BA13FA84F4B4F555
:100C5000803F03DA7B1EA4B29FB2B7E73446F9E6C1
:100C60004FF48A732B4A03FB0523DB7A002B42D116
:100C7000294B5B68002B3ED04FF48A73284A40F220
:100C80000131404605FB03F30833D152FFF746FE1E
:100C9000E0E6B2F5806FD7D1042203A9304634468E
:100CA000FAF706F904287FF4D5AE4FF48A7430467B
:100CB000184E09FB04F4039B35196B60F9F788FEA5
:100CC000089B0AF10401174A40461BBA314493427B
:100CD00028BF134633510323AB72FFF705FD335989
:100CE000002B7FF4BAAEAA7A032A7FF4B6AEAB72B9
:100CF000B3E64D4634462046F9F76AFE00214046E9
:100D0000FFF7F2FC4FF48A730249002203FB05133C
:100D10009A72A2E6F47D0320EC7D032069B20020E4
:100D2000F87D0320803A0900704700BF012800D9F0
:100D3000704721B1054B0A6843F820207047044AE8
:100D4000024B126843F82020704700BFEC7D03205F
:100D50006CB7002010B50024E0B20134FFF7DEFDCF
:100D6000042CF9D110BD00BF002900F059812DE9F4
:100D7000F04F044683B0002800F005810578002D6F
:100D800000F001819A4691460D4607F065FF00F19B
:100D9000FF3814F808302E2B18BF8046B8F1FF0F2B
:100DA00000F2F18029462046F8F7BEFB18B100207A
:100DB00003B0BDE8F08F9C4F2646009504463946A7
:100DC000BB469A4F0D4615F8063C032B49D001341B
:100DD00005F58A75042CF6D1344695493E465F46A2
:100DE000204607F0ADFBA8F106032344984273D0D8
:100DF000904B1B68002B00F00A814FF0000B002580
:100E000017F8063C022B40D0013507F58A77042DF0
:100E1000F6D1894B002218781346B17AD7B200294F
:100E200048D0032902F1010208D1B17B411AC9B2AD
:100E30008B4238BF3D468B4238BF0B46042A06F52D
:100E40008A76EAD1042D07D0784A4FF48A7303FBDF
:100E500005239A7A032A42D04FF0FF3003B0BDE851
:100E6000F08F424629463046F5F7FAFD0028AED10C
:100E700015F80830002BAAD14FF48A726B49009DF7
:100E800002FB04135B682B6091E74246394620461B
:100E9000F5F7E6FD0028B7D117F80830002BB3D1DD
:100EA000664A11680C32002900F09C800133042B43
:100EB000F7D1A9E74FF48A735C4903FB02165F4B35
:100EC00000251A46009313680C325BB10135042DDE
:100ED000F9D14FF0FF30C1E74FF0010B8FE71E460D
:100EE0002F46ECE705EB45020193009B2146B073CA
:100EF00006F1100043F8229003EB8202504CC2F836
:100F000004A04FEA450A17720122B272424601F06C
:100F1000ADFAB044019B224688F810309846136819
:100F200004329BB308F10108B8F1040FF7D145482A
:100F30000422017801315FFA81F8B8F1030FA2F1C0
:100F400002030CD921684FF0020800295CD1012A64
:100F500010D06268002A5DD113F0FF020AD054F865
:100F6000281008F10103013A61BB12F0FF025FFA99
:100F700083F8E2D104225544009BF2730022B2723E
:100F800043F8252068E76FF00F0011E72E20FEF7E9
:100F9000F5FE8146002840D0F4F768FC82B2B2F535
:100FA000806FF9D328494846FEF7A8FC10F1080FD6
:100FB000F2D010BB024625494846FEF785FE21487F
:100FC00044F828901C4A80F800803846137886F848
:100FD00010B1013386F80F801370FFF79FFC6FF09C
:100FE0000400E5E603EB4302144941F8229001EBCB
:100FF0008202C2F804A01572F1E74846FEF776FEB9
:10100000002244F8282092E74FF00008DAE76FF05A
:101010000500CDE64FF00108D4E744F8289086E7B4
:101020006FF00F00704700BF047E0320F47D0320A3
:101030003C970020EC7D03204F840320BC7D0320DF
:10104000C05401204E8403206CB70020EDD702006D
:1010500000B54FF0000C83B0CDF800C0FFF784FE60
:1010600003B000BD70B54FF0000E00F001047145F3
:1010700005DD24B110F8013B013963F31F2E01296E
:1010800028DD8E1E490803464FF0000C4D1E00EB74
:10109000410233F8021B93428C44FAD1C5EBC5736D
:1010A000023006EB4301A0EB4300012902D1037893
:1010B00063F3070E0EEB0C039AB202EB134398B2E4
:1010C00000EB134003BAC3F30F43002C18BF1846BC
:1010D00080B270BD4FF0000CE7E700BF08B5FFF726
:1010E000C1FFC04380B208BD70B5154606460C4628
:1010F000114A7C211148F4F78FFB75B1B26C256160
:101100003AB1134601E01B681BB19C42FBD10020A1
:1011100070BD22600020B46470BD084B7D22084978
:10112000084806F047FD284606F00CFC0120F4F7BD
:1011300067FB01F02FFC00BF50B000204497002057
:101140009C970020AC74002010B50123002482B0CD
:101150004A600C730B810191F4F788FB064B024641
:1011600020460199A3FB0243DB0803EB8303A2EBB8
:1011700043024A8102B010BDCDCCCCCC836C23B1EC
:1011800000221A721B68002BFBD1704738B5374B11
:101190001D68002D36D0AC6C74B933E0013B042AD5
:1011A0009BB2638139D8022A4ED8013A012A01D86C
:1011B000002B3AD024682CB3237B0BB1013B237363
:1011C0006389227A002BE9D1042A1CD8022A29D962
:1011D000637A13B9637304232372211D2846F7F73A
:1011E000BBFC637A4FF0140201336281DBB2012B46
:1011F0002DD9052300212846A36023699847246838
:10120000002CD9D138BD072AD4D14FF00002236970
:101210000121284622729847CCE7072ACAD1002B21
:10122000C8D1F2E7013A012AC4D80223211D284679
:101230002372F7F779FC637A0133DBB2022B637216
:1012400007D90B4BA360B5E7002BB3D1C0E763729E
:10125000B0E7F4F70BFB074BA3FB0023DB0803EB22
:101260008303A0EB43000A306081A3E7CC82032014
:1012700003001400CDCCCCCC2DE9F043054685B05D
:10128000D0F836006B8FAC6C0290ADF80C306CB3BC
:101290000E46D1F80E808F690AE03BB16368434582
:1012A0002FD0BB4202D1B8F1000F22D02468ECB19C
:1012B000237A032BF1D91A1F022AF7D86268424514
:1012C000F4D1062206F1080102A8019306F0D8FD28
:1012D000019B0028EAD0062B2AD0237B8BB9211D45
:1012E0002846F7F739FC64232373DFE705B0BDE830
:1012F000F083062206F1080102A806F0C1FD0028CD
:10130000D4D0637B02212846013363732369984755
:10131000637B092B05D9072323724FF4167363816E
:10132000C4E7002301212846237223699847BDE7BB
:10133000002302212846237223699847B6E700BF9D
:10134000002930D08C46096869B362B3136853B37F
:10135000836C43B330B5154685B0624602E01B6826
:10136000FBB111685C688C42F9D189B24FF6A9646F
:10137000A142F4D12988A142F1D0197A052916D8C1
:10138000032911D801390229E9D8002103921A69E9
:1013900019720221029001939047039ADDE901300E
:1013A000DDE705B030BD704706211972D7E7072980
:1013B000D5D1EAE72DE9F043058989B0074688468B
:1013C0001C2D91464FF024004FF4207228BF1C259D
:1013D00005F10804A4B22146F9F764FB50B3438930
:1013E0000646A34229D37B682A4644680025059314
:1013F0003946082384F8008084F8019025716571CE
:10140000A571E571F9F7B2FC059B07A8DB680793A6
:10141000F7F750FE58B10123A570E57007AA0290B6
:10142000294601933046FF230095F8F747F83046E8
:10143000F9F7CEFA09B0BDE8F083074B4FF4BB7261
:101440000649074806F0B6FB002006F07BFA0120AB
:10145000F4F7D6F901F09EFABC970020149800200A
:10146000AC7400202DE9F0414B4D86B00446AE68C7
:10147000337803F00F039B00132B14D94289032AFE
:1014800011D942681278082A0DD1686900F0F0027B
:10149000E02A08D00F4629680493F8F727F810B916
:1014A0002289072A05D8204606B0BDE8F041F9F7A1
:1014B0008FBA049B204603F1100105930491F9F7BC
:1014C000E7F9DDE90413002848D02289991889B288
:1014D0008A42E8D84FF4207210200493F9F7E2FA18
:1014E00080460028DFD0049B418903F10802914225
:1014F00049D331461A464068049300F0B7FF049977
:101500004046F9F7FDF9002841D121464046F9F758
:10151000C7FC002837D120464446F9F759FA049B06
:10152000194620466668F9F7B3F90028BBD162680E
:10153000D5E90413D360FF2311613070E073B070FC
:10154000F0709072D0721372012200901349CDE9AD
:10155000012702462046F7F7B1FFA4E7204604938F
:10156000F9F7CEF9049B0028DAD00D4BCC220D49B7
:101570000D4806F01FFB002006F0E4F90120F4F707
:101580003FF901F007FA4046F9F722FA8BE7044BDE
:10159000BB220649ECE700BF80820320948203202F
:1015A000BC97002074980020AC7400204098002064
:1015B0000A460321FFF7FEBE0A460B21FFF7FABEDB
:1015C00010B572B6DFF8C0C0BCF8002091B903684E
:1015D00083B190F804E0BEF10F0F0CD842FA0EF47C
:1015E00014F0010445D0264C7444B3EB441F02D1DF
:1015F00062B610BD002142FA01F3DB0707D50131C5
:101600001029F8D162B600230171036010BD0123D7
:101610008B401A43ACF8002062B61A4A81F0030CE2
:101620000171D36F43F0C003D367A2F5A03240F23B
:101630008243136002F58072114B02F8E61CCB184E
:1016400002F8E21C02F8E81C5B0102F8E11C9FEDC5
:101650000A7B036083ED007B83ED027B83ED047BDB
:1016600083ED067B1CF8023063F03F030CF8023078
:1016700010BD2146BFE700BF0000000000000000D1
:101680008074000200C00F401684032003790F2BE2
:1016900011D8094A937672B60849012290F804C01D
:1016A0000B8802FA0CF223EA02030B8062B61022C6
:1016B000002302710360704700800E4016840320EF
:1016C000EFF3108272B6437F33B9017F012907D04F
:1016D000032911D0012343770AB962B670477047D6
:1016E000DFF868C0DCF80010F9B1164943610B68F7
:1016F000086083615861EDE700B5DFF854E01249F6
:10170000DEF800C0BCF1000F16D043610B688361A6
:1017100058614FF0E0234FF0805C0860C3F804CDBF
:101720000123437702B962B600BD064BCCF8000036
:101730001860C0E90511CDE7C0E905CCCEF800007E
:10174000E7E700BFA86B0320A06B03209C6B03207E
:10175000A46B032070B5EFF3108272B60C4C2068B6
:1017600080B10C4E00254369236073B19D6102B9BD
:1017700062B6836845779847EFF3108272B62068A7
:101780000028F0D102B962B670BD3360EFE700BF48
:10179000A46B0320A06B0320FFF7DCBF0346EFF32D
:1017A000108272B6407F50B1197F012900B50AD06E
:1017B000032913D00021597702B962B600BD0AB9D6
:1017C00062B670477047D3E905C1A1B1C1F814C032
:1017D000BCF1000F14D0CCF81810EBE7D3E905C129
:1017E00099B1C1F814C0BCF1000FF4D1DFF82CC0DE
:1017F000CCF80010DEE7DFF828E0CEF800C0E7E71D
:10180000DFF820C0CCF80010D4E7DFF81CE0CEF8F9
:1018100000C0BCF1000FDED1E8E700BFA06B0320E1
:101820009C6B0320A86B0320A46B0320037F012B78
:101830000ED0032B00D07047437F33B1D0E905238E
:10184000C3B15A6162B90E4A13600023037770472F
:10185000437F002BF9D0D0E905232BB15A6132B177
:10186000936100230377704706490A60F7E7064A49
:101870001360EAE705490A60002AF1D1E3E700BFF7
:10188000A06B03209C6B0320A86B0320A46B032098
:101890000449054A4968054B196013680133136010
:1018A000704700BF001000E0CC830320C8830320F2
:1018B000084602F08BB800BFF8B50D460D4FC41CAA
:1018C000C61D14F8011F00230A22284600F0A4F8C0
:1018D000B4424FF02E0006D02B681B68BB4204D1E7
:1018E00002F074F8EDE70420F8BD2E212846984751
:1018F000E7E700BF59E60200704700BF704700BF2E
:10190000704700BF704700BF38B5064CA4F16005B2
:1019100054F8083C2046183CDB689847AC42F7D1A5
:1019200038BD00BFB0530120074B0020DFF824C0B2
:10193000064A0749C3F800C0C3F818C0C3F830C04E
:10194000C3F848C002F0B6B96053012054450120E5
:10195000B1E602005C3D0020012A70B508BF0A22F2
:101960008AB005461E4659B34FF0210C01E05FFADC
:1019700084FC0CF1FF34B1FBF2F302FB131EBEF149
:10198000090F0EF1370098BF0EF130000DEB0C0E71
:10199000914219468EF80400E9D23EB10CF1FF3CA9
:1019A0002D225FFA8CFC0DEB0C031A712B6801A938
:1019B000CCF1220228465B68614498470AB070BDAA
:1019C00030234FF0210C8DF82530E6E7002903DBAA
:1019D00000230A22FFF7C0BF49422D230A22FFF746
:1019E000BBBF00BF00B5036883B040F60D2C0222D8
:1019F00001A95B68ADF804C0984703B000BD00BF03
:101A0000044B022888BF0346D3F800C01846DCF810
:101A100004301847ACC0002042B90368C9B2054A77
:101A20001B68934204D1084601F0D0BFFFF794BF72
:101A3000184700BF59E60200B4EE400B70B5F1EE56
:101A400010FA86B0864680F18280B0EEC07B9FEDB2
:101A5000486BB4EE467BF1EE10FA6CDC9FED467BF2
:101A6000B4EEC70BF1EE10FA5CDC9FED457BB4EEF3
:101A7000C70BF1EE10FA55D4B5EEC00BF1EE10FA2B
:101A800061D40023B6EE007B002964D04FF0000C37
:101A90009FED3D6B0CF1010C27EE067B6145F9D102
:101AA00030EE070B0C460A2270467646FCEEC07BF1
:101AB000B8EE676B17EE901A30EE460B8DED000B0B
:101AC000FFF74AFF0F2C21464FF02E0328BF0F21AE
:101AD00005468DF808300DF10903481EB2EE046B7F
:101AE00002AA53FA80F09DED000B20EE060BFCEEEF
:101AF000C07BCDED007A9DF8003007EE903A303390
:101B0000B8EEE77B02F8013F904230EE470BECD194
:101B100033684A1C304602A95B68D2B2984728460F
:101B200006B070BDDEF80030032219495B6806B0CC
:101B3000BDE8704018470368032216495B6806B089
:101B4000BDE870401847B1EE400B01239AE70368E7
:101B500003221149EAE730EE070B0A227046FCEE39
:101B6000C07B17EE901A06B0BDE87040FFF7F4BED8
:101B7000FFFFFFFFFFFFEF7F000000E0FFFFEF41EF
:101B8000000000E0FFFFEFC19A9999999999B93F38
:101B900054A1002050A100204CA1002001F006BF5C
:101BA00001F09CBEA94AAA4B90422DE9F047A94CEE
:101BB000D3F814E09969D4F80CC000F2088103F15D
:101BC000437303F5F4530333A3FB0023DB0D03EB53
:101BD000830303EB830202F2B63240F227639A4298
:101BE00028BF1A469C4BA3FB0232D208203A984DDC
:101BF0000CF01F04D5F88030944243F0C003C5F8C0
:101C000080300BD22CF01F0C924C4CEA020CC4F822
:101C10000CC02368002BFCDA0CF01F041EF00073CC
:101C200027D18E4D2E698E4DB54300F0FA8081F498
:101C3000805576464FF4805716F0605F06D02EF040
:101C4000605E4EEA030E824BC3F814E015F4405F69
:101C500007D021F440517E4D3943A961AB6C1B077D
:101C6000FCD44EF0007E7A49C1F814E08B6C9F06DC
:101C7000FCD47C49884200F2DF80012635460EE024
:101C8000082D0CD1042E00F291800136022506FBAE
:101C900000F38B4200F2C3805B008B4206D8013513
:101CA00006FB05F300FB03F38B42E9D9771E05F130
:101CB000FF384FEA872A8EEA87276B4959186B4B02
:101CC00099427CD9DFF8E4916C2369486349B0FB01
:101CD000F5F0684DB0FBF6F00E6835404D4508D084
:101CE00043F400534FF480550D600B600B68002BDC
:101CF000FCDA57490B6903F00703434504D0C1F8E8
:101D000010808B6CDE03FCD417F4E05F0BD02EF454
:101D1000E05E0AF4E0534E4943EA0E0EC1F814E0C7
:101D20008B6C9D07FCD4544D544945198D4239D8CC
:101D3000534BED09A3FB05352D0B6B1E1B028EEAE1
:101D4000030111F4407F07D02EF4407E03F440736A
:101D50003F4943EA0E034B613D494B6923F0007351
:101D60004B618B6C9B06FCD4464BA242A3FB001339
:101D70004FF0FF314FEA9343B0FBF5F5B1FBF3F3BE
:101D80004149086041490D6041490B6008D22CF07F
:101D90001F0C30494CEA0202CA600B68002BFCDAC7
:101DA000BDE8F0874FF440730425C8E7771E2E493D
:101DB0004FF007084FEA872A59188EEA8727294BE0
:101DC00099421CD8DFF8E890362332487EE7324B40
:101DD000984201D80E220AE7304B984228D9304A5F
:101DE000904227D9821A2F4B120AA3FB0232D20942
:101DF00002EB820202EB820202F2E242EDE6A3F182
:101E000082532948DFF8AC90A3F589337E3BA3FBCE
:101E100001310B0D03FB00F043EA090956E70125E8
:101E200044E71F468EF0C0560D464FF0C05303E7FF
:101E30000F22DCE61222DAE6012603464FF0000A02
:101E400077464FF00008354637E700BF001C4E0EBE
:101E500000C00F40000008401F85EB5100800D407E
:101E600040300080FFB19F26808D5B00FF7EF64DE5
:101E700000643F4D7F3001807FD1F0087F17B42C84
:101E80009F10E50083DE1B43B8BF0020B4BF0020D5
:101E90004083032000B29F26FF0A6B1B00A4781F1B
:101EA0000046C32323B24C00001BB7006C20008007
:101EB000362000800020008000B970472DE9F84FDF
:101EC00001218146224C234E234D54E8003F3268C5
:101ED000286844E80013002BF7D120494B684FF4E1
:101EE0007A7BDFF87CA01B1A01270BFB02F8DAF8DB
:101EF0000020A2FB03235B4594BF9844D84454E8D8
:101F0000003F3268286844E80073002BF7D14B6823
:101F1000DAF800C01B1A0BFB02F2ACFB03C3B3F5EB
:101F20007A7F94BFD21802F57A72A2EB0802B2F55A
:101F30007A7F08D3B9F1010F08F57A7809F1FF39F2
:101F4000DDD1BDE8F88F01F0D1FD0449D7E700BF2E
:101F5000D0830320CC830320C8830320001000E03B
:101F60004083032010B50F4B4FF0010C0E4CDFF8EF
:101F700044E053E8002F2068DEF8001043E800C278
:101F8000002AF6D1094B5B68094A5B1A4FF47A7153
:101F9000126801FB00F0A2FB03238B4294BFC01820
:101FA000401810BDD0830320CC830320001000E034
:101FB00040830320C8830320362831D802011B4BFD
:101FC000012903EB00109B5800B55A68D0E902ECD8
:101FD00012D0042910D022EA0C025A60C9B1022999
:101FE0001FD003294FF015020CBF114B114BCEF837
:101FF000003043681A6000BD42EA0C0201295A60B1
:1020000007D040F63803CEF80030436815221A6036
:1020100000BD38231522CEF8003043681A6000BD99
:102020007047054BCEF80030EFE700BF9CB30020AF
:10203000383001003800010038F0010010B4134AB4
:102040000020134B0121134CDFF84CC0C2F8F032D2
:10205000C2F8F402C2F8B810C2F8A000C2F8A44056
:10206000C2F8B0105369DB07FCD551619CF8003011
:10207000DB07EFD41368054943F0010313600B68D5
:10208000DB07FCD462B610BC704700BF00802A405A
:102090000504012401000F0000812A4010B5DFF87B
:1020A00040E04FF6FF7C0C480EF17E04A0F5805313
:1020B000002203E0834202F1010203D219880233B5
:1020C0006145F7D12EF8022FA64500F58050EDD1DD
:1020D000024B01221A7010BD00107C605384032053
:1020E0004283032041F2BB03984238D81D4B10B500
:1020F0001B7882B05BB382081B4BDFF874C0A3FB74
:102100000213D11A03EB510318495B09C3EB831E79
:102110001C46A2EB0E033CF813C059184FEA4C0CB6
:102120000A030CEB013CBCEB013F15D900F0030E98
:10213000FF204EEA840E134602321B88D9B21B0AD6
:102140008E4508BF18469445F5D802B010BD0190E1
:10215000FFF7A4FF0198CEE7FF2002B010BDFF20DB
:10216000704700BF5384032005411004C0070600D8
:102170004483032030B583B072B6334B40F206453A
:10218000324C9C610224DC610024C3F8A040C3F8F7
:10219000F0528518C3F8F442C3F8F842C3F8FC4281
:1021A0004FF47024C3F8A4400124C3F8B04020F0D9
:1021B0001F03BFF34F8F4FF0E024C4F85C3F203380
:1021C0009D42FAD8BFF34F8FBFF36F8F1E4D6B69DF
:1021D000DC07FCD50123DFF87CC094B220F07F40FF
:1021E0006B6144F47024C5F8F0C242F2012CC5F8CA
:1021F000F4C2C5F8BC30C5F8A000C5F8A440124C24
:10220000C5F8B03001E05B060AD4636913F001053C
:10221000F9D04123636103B0BDE83040FFF70EBF42
:10222000082A0DD842B10A48CDE9001200F01EF983
:10223000DDE9001211442A46034B40205861E4E7CF
:10224000A2F108050822EEE700802A40F05AF05A71
:1022500080812A403204180800B5864672B6294BA0
:1022600002212948002298614FF47020D96140F280
:102270000641C3F8F0120121C3F8F422C3F8F82292
:10228000C3F8FC22C3F8A020204AC3F8A4000EEA39
:102290000202C3F8B010BFF34F8F02F1200302F522
:1022A00080514FF0E02C8B422CBF0121802102EBAA
:1022B00041118B42CCF85C2F1A4603F12003F8D170
:1022C000BFF34F8FBFF36F8F0E4A5369D907FCD509
:1022D00001200F490F4B4FF4702C50610EEA03039D
:1022E000C2F8F0120749C2F8A030C2F8A4C0C2F880
:1022F000B0004B69DB07FCD501235DF804EB4B61B3
:10230000FFF79CBE00802A40F05AF05A00F0FFFF11
:102310002004180800F0FF0041F2BB03984200F2CD
:102320008E80484B2DE9F0471B78C2B00E4605461B
:10233000002B00F08180AB08434F05F00305A7FB9D
:102340000327DA1B07EB5207404A7F0945EA870556
:10235000C7EB8717DF1B3E4B32F81740FB186000B6
:102360004FEA033800EB0330B0EB033F68D9424635
:10237000FF21134602321B885FFA83FC1B0AAC451F
:1023800008BF19468242F4D38E4244D0B4F5006FA0
:1023900044D302AC4FF48072FF21204605F044FE86
:1023A00008F1020208F580532A48934294BF0123A2
:1023B0004FF40063424603EBC7231818400013464E
:1023C00002321B888242D9B24FEA13236354F6D1FA
:1023D0000DF1070966550DF2071A00254C464046D7
:1023E000FFF73AFF14F801CF02220DF1060108EBC6
:1023F0004500631EBCF1FF0FA3EB090306D043EABF
:102400000C230135ADF80630FFF7B4FE5445E9D191
:102410000E4B23F8175042B0BDE8F08702A945EAF9
:102420000625022201340D80FFF7A4FE074B23F896
:10243000174042B0BDE8F087FFF730FE7BE77047FA
:10244000FF21A1E7538403200541100444830320A6
:10245000C007060000003E3008B5D8F7EFFED9F7F8
:102460001FF801F043FBFAE730BFFDE7844641EA7D
:10247000000313F003036DD1403A41D351F8043BFC
:1024800040F8043B51F8043B40F8043B51F8043B4E
:1024900040F8043B51F8043B40F8043B51F8043B3E
:1024A00040F8043B51F8043B40F8043B51F8043B2E
:1024B00040F8043B51F8043B40F8043B51F8043B1E
:1024C00040F8043B51F8043B40F8043B51F8043B0E
:1024D00040F8043B51F8043B40F8043B51F8043BFE
:1024E00040F8043B51F8043B40F8043B51F8043BEE
:1024F00040F8043B51F8043B40F8043B403ABDD25D
:10250000303211D351F8043B40F8043B51F8043BFE
:1025100040F8043B51F8043B40F8043B51F8043BBD
:1025200040F8043B103AEDD20C3205D351F8043B8D
:1025300040F8043B043AF9D2043208D0D2071CBF59
:1025400011F8013B00F8013B01D30B880380604682
:10255000704700BF082A13D38B078DD010F00303F8
:102560008AD0C3F10403D21ADB071CBF11F8013B68
:1025700000F8013B80D331F8023B20F8023B7BE7B7
:10258000043AD9D3013A11F8013B00F8013BF9D2E2
:102590000B7803704B7843708B788370604670477C
:1025A00004F0BABB04F0B8BB04F0BEBB04F0BCBB83
:1025B00004F0BABB01F1FF3C70B566464FF0000E67
:1025C00001E00EF1010EB0FBF2F402FB1403092B43
:1025D00003F1370598BF03F130059042204606F815
:1025E000015FEED201EB0E0300225A70BEF1000F24
:1025F00011D0481C70440CF102021CF8014F10F875
:10260000015DA1EB0C03521A8CF80050013B0470E1
:1026100073449A42EFDB084670BD00BF10B500233B
:102620004FF470440F224FF4806EA0F88C4119468D
:10263000A0F88E214FF46044A0F890310A46B0F81B
:10264000883148F2B82C43F0F003A0F8883101EB50
:102650004103013100EB431304299C80A3F806E0F9
:102660005A841A865A805A81A3F80EC05A82DA8296
:102670005A83DA83EBD1B0F8883143F00F03A0F826
:102680008831B0F8883143F47063A0F8883110BD08
:10269000374B384A996F384841F47F0170B59967D4
:1026A00041F20106D3F8801045F6C05543F22604E6
:1026B0000A43C3F88020FFF7B1FF00F58040FFF721
:1026C000ADFF00F58040FFF7A9FF00F58040FFF760
:1026D000A5FF0022A0F503104FF00F0E114600EBEE
:1026E00042134FEA421C01329981042A5981A3F80E
:1026F0000EE09E82DD8020F80C1019829C81EED1C4
:1027000000221E484FF00F0E41F20106114645F619
:10271000C05543F2260400EB42134FEA421C01323B
:102720009981042A5981A3F80EE09E82DD8020F869
:102730000C1019829C81EED1002211480F2641F223
:102740000105114645F6C05443F2260E00EB421334
:102750004FEA421C01329981042A5981DE819D820F
:10276000DC8020F80C101982A3F80CE0EED170BDCB
:1027700000C00F40000003FC00C03D4000001E40B0
:1027800000401E4083290DD857280BD821F0010C9A
:10279000074AC9073CF8023005D423F0FF03184369
:1027A0002CF802007047DBB243EA0020F8E700BFD4
:1027B00000C03B4072B6EFF30583524CC4F884303E
:1027C0001EF0040F0CBFEFF30882EFF309824FF005
:1027D000E0234D4DD3F8280DD3F82C1DC4E9220178
:1027E000D3F8341DD3F8383DC4E924139369A834D1
:1027F00044F8103CD36944F80C3C00F0CFF804EDE9
:10280000020A01F0DFF90B2344F8040C4FF0FF3209
:102810003E4844F8283C2B68202104355A4042F3B6
:102820000003013903EA000383EA5202F7D1A5420B
:10283000F1D1344BC3F8A820BFF34F8F4FF0E02302
:102840003149334AC3F8701FC3F8702FBFF34F8F5D
:10285000BFF36F8F2F4A02242F48D36E2F4943F4C2
:102860004053D3660460D3692D4823F07F0343F0BF
:102870004003D3610B68834240D8274D00204FF0BE
:10288000E0234FF0FF3228600121C5F808012548F8
:102890000C460E46C5F80001C5F80811C3F88021A2
:1028A000C3F88421C3F88821C3F88C21C3F8902190
:1028B00001E000F073F9D5F80C31002BF9D04F2C62
:1028C000C5F80C6104F10104F3D9174B0220174934
:1028D0004FF00042C1F840015A63D5F80C313BB9C2
:1028E000134814490C4A0163D2F80C31002BFAD07A
:1028F0004FF0E023104AC3F80C2DFEE7FFF752F922
:10290000BBE700BF00FF272080FF27202083B8ED12
:10291000A0FF272000C00F4000400840B8BF0020A3
:10292000803DCD0B009F240000900D4000002E4004
:1029300000800F40F100AD0B0400FA05094A08B50C
:102940000346106823B1034407498B4201D8136042
:1029500008BD05F00BFF0C2203464FF0FF301A6054
:1029600008BD00BF5045012000002820002070470E
:102970004FF0FF30704700BF4FF4005300204B6012
:10298000704700BF012070474FF0FF30704700BF15
:1029900030BFFDE730BFFDE7FFF70CBF124AD2F8AA
:1029A00080305B07FBD5D2F880301048C3F30B238F
:1029B0000F4990ED007A07EE903A91ED006AB8EE7B
:1029C000477A0C4AF8EEE77A0B4BD2ED006A77EEC5
:1029D000C77A93ED007AB8EE477A67EE867A87EE8B
:1029E000A60A37EE400A704700810D40308303206D
:1029F000388303203C83032034830320836B70B52A
:102A000086460E4610461BB1536843F4004353609C
:102A100072B6DEF8342042B31B4B1060D3F8B021FD
:102A200032421ED1194C656805E06268A2EB050CC4
:102A3000BCF5166F0BD2D3F8402142F48042C3F8A4
:102A40004021D3F8B811D3F840215204EDD53140DC
:102A500007D10D4ACEE90201D2F8B0313343C2F8B2
:102A6000B031CEF8340062B670BD0749CEE902023B
:102A7000D1F8B0313343C1F8B031CEF83000CEF8E0
:102A8000340062B670BD00BF00002E40001000E0B0
:102A900070B5056B95B12B46002403E01B6801342B
:102AA000012B0CD05A681206F8D5036306462CB1E8
:102AB0002846B36B2D689847013CF9D170BD0022C0
:102AC0000023C0E90C23F1E700B501BBDFF8A0C08B
:102AD000234B0021234A4FF0010E4FF00110996063
:102AE000C3F800E0CCE902314FF0800CC3F804C019
:102AF000C2F8BC01D2F8B0311B4843EA0E03C2F859
:102B0000B0310160D2F8B031002BFBD100BD090417
:102B1000164BDFF85CC04FF0010E41F08001986069
:102B2000104A596000F58051C3F800E0D96000F503
:102B30000051CCF84830196100F5405100F5804053
:102B4000596100219861CCF84C10D2F8B03143F4AF
:102B50008033C2F8B031D2F8B031002BFBD1B7E7E7
:102B6000E054012000002E404C820320005501203B
:102B700000000020074901220B78824023EA02036B
:102B80000B7033B9044AD2F8483123F08003C2F8FD
:102B9000483170475984032000002E402DE9F0474A
:102BA000A64C82B0D4F84461F107C4F844614CD516
:102BB000D4F8AC31002B43D0A14DA24FDFF8B8823E
:102BC000C4F8AC31D5E90A20D4F8403143F40053BD
:102BD000C4F84031D4F840319B04F5D5D4F84031E5
:102BE0004FF0011123F40053C4F84031C4F8B4117C
:102BF000D4F8B43113F00113FAD191B284463B609A
:102C0000B1F5086F00F03A8100F2958040F2023E83
:102C1000714500F0928100F2A480822900F0E181E8
:102C2000B1F5817F00F0B381802940F0958086481E
:102C300002210380FFF748FFD4F8AC31002BBFD14D
:102C40007E4AD2F8BC31002B42D1720616D57B4B9E
:102C5000D3F8AC21C3F8AC21D3F8BC21C3F8BC2114
:102C6000D3F8B041002CFBD14FF0FF32C3F8B421B0
:102C7000D3F8843100F042FD744B1C60F40103D59D
:102C8000734B1B6803B19847B00103D5714B1B68A8
:102C900003B19847710708D5684BD3F8843113F412
:102CA000007345D06C4B01221A70644BD3F8483145
:102CB0001A060AD5330608D5684A13782BB1013BAA
:102CC000DBB21370002B00F06D8202B0BDE8F0871C
:102CD0005C49C2F8BC310868034240F098815B4A05
:102CE00012681340B1D01C0C554D1FFA83F810D058
:102CF00094FAA4F7B7FA87F705EBC7104030FFF74F
:102D0000C7FE012303FA07F7BC43F1D1B8F1000F66
:102D10009BD0012798FAA8F4B4FA84F405EBC41008
:102D200007FA04F4FFF7B4FE38EA0408F2D18CE79E
:102D3000494A1370B9E742F2212E71455AD049D859
:102D4000B1F5106F00F0A28042F2210C614503D171
:102D5000010C072900F08C814FF00113C4F8C03139
:102D60006AE7B1F5A06F00F0CA80A1F5D061012932
:102D7000F2D83B4B59680029EED01FFA8CFE120C9A
:102D800003E019690C330029E6D0B3F800C094457C
:102D9000F7D1B3F802C0F445F3D14FEA122C000C7E
:102DA000BCF1030F00F0CB811B89834228BF03468F
:102DB000B2F5007F9A4640F09A81274B1B78002B92
:102DC00040F0EE81274952462748DFF89C90FFF7F4
:102DD0004DFB9EE142F22133994214D04FF6C003DD
:102DE0009942B9D183B2FF2BB6D843F46E4363F353
:102DF0000F0CBEE780B230B91C4B120C19681C4B8B
:102E000019601C4B1A700023C5F84880EB64C8F8A1
:102E100008300123C8F800308023C8F804304FF090
:102E20000113C4F8BC31D4F8B03143F48033C4F892
:102E3000B031D4F8B031002BFBD1FDE600002E40BC
:102E4000000000204C820320F882032050820320DF
:102E5000088403200C8403206284032063840320FD
:102E600098B8002034300060606F2120CC830320AC
:102E70000484032060840320E0540120B34B01212B
:102E8000B3481B780370FFF71FFED5E6AF49120C5D
:102E900001930A70AF4AC4F8C821AF4AC4F8CC21E4
:102EA000AE4AC4F8D02100F02BFC80220199AC4836
:102EB00005F0BAF8AB498022019BA9644A60AA4A8E
:102EC000EB64C5F8A02002F13C428B6002F56C2255
:102ED00002F56F72C5F8E02001220A604FF001127E
:102EE000C4F8BC21D4F8B02142F48032C4F8B02137
:102EF0009E4A3B60D2F8B031002BFBD19CE6994949
:102F0000EB648B600123A9640B6080234B604FF05E
:102F100001139649C4F8BC31D4F8B03143F480337E
:102F2000C4F8B031D1F8B031002BFBD1130C5B06E3
:102F300043F08073C1F854317EE610F0780F7FF4CF
:102F40000BAF00F07F028A4B000653F822104CBFF3
:102F500041F4803141F0010143F822100021814BFE
:102F6000E96499600121AB64196080217F4A59604E
:102F70004FF00113C2F8BC31D2F8B03143F48033C2
:102F8000C2F8B031D2F8B031002BFBD154E610F0CA
:102F9000780F7FF4E1AE00F07F02754B000653F826
:102FA00022104CBF21F4803121F0010143F822109E
:102FB00000216C4BE96499600121AB6419608021A8
:102FC0006A4A59604FF00113C2F8BC31D2F8B031EF
:102FD00043F48033C2F8B031D2F8B031002BFBD1CA
:102FE0002AE610F078037FF4B7AE00F07F01604A64
:102FF000000652F82110564A138036D5C90301D570
:103000000123137002215248FFF75EFD14E60020F1
:10301000086058490C88486842F221018C427FF4CC
:103020005EAE80B200287FF45AAE5349534C03C9B8
:10303000A18086284FEA11412060A1717FF44FAE34
:1030400072B64F48017841F008010170D2F848117A
:103050000D0605D480200143C2F84401C2F848118E
:1030600062B6484A5021117039E6CB07CAD5C7E786
:103070004049EB60444BC1E900200122AB601A607B
:10308000424A5A603C4A9A60D4F8B01141F00101BA
:10309000C4F8B01102F58051D96002F500511961F0
:1030A00002F5405102F5804259619A612F4AD2F8E7
:1030B000B031002BFBD12B49EB648B600123A96459
:1030C0000B6048F280034B604FF00113C2F8BC3133
:1030D000D2F8B03143F48033C2F8B0314FF48033CA
:1030E000224A3B60D2F8B031002BFBD1A4E5B2F507
:1030F000E06F7FF468AE264B1B78002B4ED125493C
:10310000DFF8949052464846FFF7B0F9072389F854
:10311000013029F01F0309EB0A02BFF34F8F4FF074
:10312000E021C1F8703F20339A42FAD8BFF34F8FA5
:10313000BFF36F8F18485146FFF7C6FC7CE50B784C
:10314000834228BF03469A463DE600BF61840320C0
:10315000F88203200200CC00C80002000200C80070
:1031600080000020E05401205DCFC6B800002E4052
:10317000C0012E40E883022044820320FC83032008
:103180005984032063840320005501208000070038
:103190006284032098300060606F21200449AFE70B
:1031A000044910E60320FFF7E5FC0DF039FA00BFF3
:1031B00034300060983000602DE9F043841E83B005
:1031C000022C02D903B0BDE8F083124D90460F46A1
:1031D000C60105EBC0143C2200210190201D994638
:1031E00004F022FFB8FA88F23904520941EA427128
:1031F0000122A951C4F83890A260B9F1000FE1D0C2
:103200000549019B9A400B681A430A6003B0BDE868
:10321000F08300BF00000020508203202DE9F0431E
:10322000A0F1020E83B0BEF1020F02D903B0BDE8D7
:10323000F0839146C201124F884602F140060546CE
:103240003C220021F4190193201D04F0EDFEB9FA8F
:1032500089FC4FEA0842019B4FEA5C1C42EA4C722F
:10326000BA510122A363A260002BDFD0054905F10A
:1032700010000B6882401A430A6003B0BDE8F08377
:10328000000000205082032012044FF0010C8160E6
:1032900042F08002C0F800C0C36101F5805C01F516
:1032A0004053426001F5005201F58041C0F80CC066
:1032B0008161C0E904237047831E022B00D9704747
:1032C00000F1100C064B0A4603EBC01000B54FF09E
:1032D000010E0EFA0CF15DF804EBFFF78FBB00BF97
:1032E00040000020831E022B00D970474FF0010CD4
:1032F000034B0A460CFA00F103EBC010FFF77EBB4C
:103300000000002040687047144B0A22DFF850C0CC
:10331000D3F8200220F07F4000EB800300B55B0073
:1033200085B0604538BF18466946FFF743F9DFF8B6
:1033300034C06B460022604619780132013341B136
:103340000A2A20F8021FF7D116228CF8002005B0B7
:1033500000BD52008CF8002005B000BD00441F40A5
:10336000809698001848012000F0E8BA00F0D8BA1A
:1033700000F06EBB00F048BB0846114600F03ABBB7
:1033800070B5164D4FF0E02415494FF40032154E3C
:1033900005EB401582B001EB4021C4F88C210346B7
:1033A000328828460191FFF76FFF019933880B445B
:1033B000BFF34F8FC4F85C1F20318B42FAD8BFF3A4
:1033C0004F8FBFF36F8F03202946FFF78BFF4FF41A
:1033D0000033C4F80C3102B070BD00BF205501208D
:1033E000E06F21201E840320264B1A884368C3F314
:1033F0000E43D21A002AF0B5C46983B028DD2248F2
:10340000224D01782D78CBB2DFF894C0A942204D2F
:1034100009D01CF803100F4635F811100E46C1F5FF
:1034200000718A421AD90133002125F81420082B93
:10343000184D88BF0B4625F8141098BF19460CF894
:103440000340154B017019680A441A6003B0F0BDBF
:10345000204603B0BDE8F040FFF792BF0F4906EBEE
:1034600047200192084401EB4421FEF7FFFF019A37
:1034700009492046B31825F817300B6813440B6030
:10348000E7E700BF1E8403205784032058840320ED
:10349000048303201483032000830320E06F212092
:1034A00024830320224B1A78002A3FD102F0FF0325
:1034B000204A1278002A39D01F4A1288002A35D0B3
:1034C0001E49C2F5006210B5087884B01C4901EBB2
:1034D00040141C4901EBC0212046CDE90223019193
:1034E000FFF7D2FEDDE901120A44BFF34F8F4FF020
:1034F000E020039BC0F8701F20318A42FAD8019364
:10350000BFF34F8FBFF36F8F04202146FFF7D4FE28
:103510000A480021084B027819800132019BD2B27F
:10352000032A98BF1346037004B010BD704700BF54
:103530005F84032061840320288403205E840320A9
:1035400020560120E07F21202DE9F04F87B0049024
:10355000002900F0BF8000235F4C604F4FF001094D
:10356000DFF890A15E4E029303915E4B5E4A1D7898
:103570003B8802EB451284F800900192002B40F04A
:10358000A58098461D469B460198FFF7BBFE10F0AC
:10359000800000F08B80BFF34F8F9AF8003084F8E2
:1035A00000B00DB9D6F80080002B7BD13368A3EBB7
:1035B0000803782B00F283804C4B1B78002B71D0D2
:1035C00000F094FA3B88012584F80090002BDBD0B2
:1035D00044491A46C3F500600D78039900EBC520F5
:1035E000DFF814B19142584417D20593DDE9032165
:1035F0000192FEF73BFF019A4FF04041059B9B1A59
:103600003B803B4BC3F88410BFF34F8F02980023DD
:103610001044237007B0BDE8F08F0499FEF726FF31
:1036200000230BEBC5214FF400620198FFF72CFE3D
:103630000BEBC521BFF34F8F01F1200201F50063B1
:10364000934294BF012340234FF0E02201EB431348
:10365000C2F8701F20318B42FAD1BFF34F8FBFF3F6
:103660006F8F04200199FFF727FE1E4A137801335C
:10367000DBB2042B28BF002313703B88039AD11AB6
:10368000029A1A4403910292049A1A440023049263
:10369000174A3B80C2F88430BFF34F8F2370002954
:1036A0007FF463AF029807B0BDE8F08F4FF400627B
:1036B0000C4B8AF800001D7813463A808DE70123F1
:1036C00002988AF8003007B0BDE8F08F1A46C3F5BB
:1036D000006082E70846E6E75F8403202884032031
:1036E000CC8303205E8403202056012061840320C4
:1036F00000002E405D840320E07F2120704700BF42
:103700002D4B002180222D4870B51B7800242C4EB3
:103710008B420CBF40234FF400732A4D33802B8023
:1037200004F082FC284A2146284B14704FF4807222
:1037300027481C8004F078FC264A1021264B0220E2
:10374000C2E90044C2E90244244AC3E900441470B7
:10375000234AC3E90244234B1C70234614602246CB
:10376000FFF75CFD204B224631880320FFF724FD44
:103770002346012229880420FFF750FD204601340A
:10378000FFF7FEFD082CF9D1184B00214A221848FA
:10379000184C0460C3F88410C3F88020D3F8482183
:1037A000154942F08072C3F8482121B1134A1378B9
:1037B00043F00103137070BD628403202056012082
:1037C0001E8403202A8403205E840320288403208F
:1037D00020550120048303201483032057840320F1
:1037E00000830320588403209101030000002E4031
:1037F000088403204D0203000000000064840320BD
:103800002DE9F84F4FF400324FF0E023C3F88C213C
:103810002B4B1C78002950D082468B46E4B20027FF
:10382000DFF8B490274B5046274AABEB07081B78CC
:10383000A34204F1010437D0092C244B244928BFAA
:1038400000241E5D39F8163031F8165003EB46217E
:10385000ED1A1144A8452A4617D21E4C424650463E
:10386000FEF704FE236839F816105846A3EB0B0345
:1038700088443B4429F8168023604FF0E0234FF43E
:103880000032C3F80C21BDE8F88FFEF7EFFD114AB6
:103890002F4430461368AA445B1B1360084A147017
:1038A000FFF76EFDBB45BDD84FF0E0234FF400326B
:1038B0003846C3F80C21BDE8F88F0846DDE700BFA5
:1038C0005884032057840320E06F212024830320A1
:1038D0000483032000830320148303200B4B0C4A32
:1038E00012781978D3B28A420DD0013309480A4AB6
:1038F000092B0A4928BF0023C35C31F8131002EBDF
:103900004323585C70474FF0FF30704757840320C3
:103910005884032024830320E06F21201483032094
:10392000054B186800B1704700B583B0019000F0F6
:10393000DDF8019803B000BD008303202DE9F84FA6
:10394000144E154D33782A78934220D0DCB2DFF83C
:103950005090DFF850B0DFF85080104F0134082C41
:10396000A24601D90024A24619F80400DBF8003071
:1039700038F8102037F81010521A9B1ACBF8003084
:10398000FFF7FEFC86F800A02B78A342E6D1BDE845
:10399000F88F00BF5884032057840320148303202A
:1039A00024830320008303200483032000B583B015
:1039B00001210DF10700FFF723FF18B19DF8070063
:1039C00003B000BD4FF0FF30FAE700BF084B00B571
:1039D00083B01B788DF8070033B101210DF107008A
:1039E000FFF7B2FD03B000BD03F0FF0003B000BD60
:1039F00061840320034B1B780BB1FFF7A5BD03F0D7
:103A0000FF007047618403202DE9F04100240D4E32
:103A100001230D4DA0460D4F33703B782846A3423D
:103A200005D0FFF76FFC030658BF08F500680134A6
:103A30002035042CF1D1BFF34F8F00234046337063
:103A4000BDE8F0815F840320205601205E840320BE
:103A5000204B1B7813B1204B1A8802B970471F4BBB
:103A6000C2F500621E481F4930B51B7883B01E4C5A
:103A700000EB431001EBC321012305462370002313
:103A8000CDE90012FFF700FCDDE900120A44BFF3A4
:103A90004F8F4FF0E023C3F8701F20318A42FAD8CD
:103AA000BFF34F8FBFF36F8F04202946FFF704FC4D
:103AB0000A49002208480B7802800133DBB2042B4C
:103AC00028BF13460B70BFF34F8F074B1A7003B01C
:103AD00030BD00BF61840320288403205E8403205E
:103AE00020560120E07F21205F8403202E4B2DE90A
:103AF000F0411E7886B1DFF8C88098F800305BB9D5
:103B00000123F10788F8003040D4B20727D40023FE
:103B100088F80030730701D4BDE8F081234B1A68A0
:103B2000002AF9D0EFF30582002AF5D1EFF31085D2
:103B300072B61868002830D01D4C217800292CD18D
:103B40000122227042691A60002A2AD0916105B9C7
:103B500062B600258368457798472570DCE7154BEA
:103B60001B78002BD3D0144F002557F8044F23683F
:103B700020461B69984710B163699B6898470D4BB5
:103B800001351A78EBB29A42EFD8C0E7FFF7C8FECA
:103B90000028BAD0AFF30080B7E7002DBCD162B6E1
:103BA000BAE7064B1A60D2E7648403209C6B0320BB
:103BB0003484032035840320BC530120A86B0320E8
:103BC0003D840320074A506A936A19468446506A26
:103BD000936A9942F9D18445F7D1DB0B43EA40401F
:103BE000704700BF00400D4008B5D0E900325BB11E
:103BF000BAB10F4BA3FB0213DB0803EB4303B2EB99
:103C000083030AD1012008BD094BA3FB0213DB0883
:103C100003EB4303B2EB830301D0D21A4260F02AD4
:103C2000F0D804F0A3FD1C22034600201A6008BD52
:103C3000ABAAAAAA30B583B060B3044621B11D4631
:103C4000B2FA82F35B09A2B9206818B362680AB3BA
:103C5000164B174902FB03F3B1EBB30F1AD3A3685A
:103C6000FBB9002323606360A360E360012003B01D
:103C700030BD0193069BC0E90012C360FFF7B4FF9B
:103C800060B1002DF2D0626801992068A56004F04F
:103C9000CBF9EBE704F06AFD16230360002003B0C4
:103CA00030BD002104F0C0F9DBE700BFABAAAAAA2F
:103CB0005555551503460846194603F06BBD00BF20
:103CC00038B50546082000F055F92946044600F0AD
:103CD000EBFF054A0549204600F062FE204600F051
:103CE00061F900F0E7F900BF41190300C0A300200B
:103CF00038B50546082000F03DF92946044601F094
:103D000015F8054A0549204600F04AFE204600F015
:103D100049F900F0CFF900BF81190300CCA30020BE
:103D20000048704758A1002010B5034B03600446BB
:103D300000F088FA204610BDD4AC002010B5054B29
:103D40000360044600F07EFA2046FEF72DFC204674
:103D500010BD00BFD4AC002008B5042000F00AF963
:103D6000024B034A0349036000F01AFED4AC002062
:103D7000D10A0300E4A30020014900F0F5BE00BF12
:103D8000F0A3002070B5036884B000249E690394FA
:103D9000102315460293CDE900446B461268B047E4
:103DA0009DF8043003F00603062B03BF009B2B6035
:103DB0000120204604B070BD009890420CBF062040
:103DC0000120704710B5034B0360044600F0C8FEA5
:103DD000204610BDB0A5002010B5054B0360044679
:103DE00000F0BEFE20460821FEF7E0FB204610BD95
:103DF000B0A5002030B583B015460899069A8A42CE
:103E000004460DD01946204600F0AEFE28B1099AAE
:103E100006991160012315719371002003B030BD24
:103E20000799019300F0A0FE019B0028EAD0099BAE
:103E300000205D7103B030BD10B582B0144601930F
:103E400000F092FE019B20B1082106221C60D9607F
:103E50001A7102B010BD00BF2DE9F04107461646A9
:103E60001D460C4600F080FE48B9032D07D8236894
:103E70003246394620465B69BDE8F0411847BDE847
:103E8000F08100BF22494A6830B5A0F108044AB366
:103E900050F8083C04EB030E72451D4622D85368C7
:103EA00027D001F1040C33B92DE0596802F1040C5C
:103EB0001A4651B10B469E45F7D822D1536819686E
:103EC0005B685360DCF800300D441A6899188C4226
:103ED0000CD05B6840F8043CDCF8003040F8085C2B
:103EE0005C6030BD40F8042C4C6030BD2A441A6040
:103EF00030BD126840F8043C2A4440F8082C4C605D
:103F000030BD1346E1E7134601F1040CDDE700BFC5
:103F1000B0560120164910F1090F98BF00F10F02A9
:103F2000486894BF22F007020822043118B970478C
:103F3000011D4068B0B103689342F9D30868036873
:103F4000A3EB020CBCF1070F00B5D0F804E00AD9CE
:103F50008318C3F804E040F802C0086802600B60F0
:103F6000083000BD7047036073460B60083000BD29
:103F7000B056012010B500F18004803002F0CCFE74
:103F8000034630B180220021184604F04DF88030FD
:103F900010BD2046FFF7BEFF03460028F2D100F017
:103FA0008FFC00BF064BD3E90223803813449842AC
:103FB00003D2824201D2FFF765BF02F0B5BE00BF57
:103FC000B056012070B5364D36488AB00024C5E998
:103FD0000144EC6002F054FE334B344A0821CDE931
:103FE0000534049104230921CDE907120993A0B1F6
:103FF000044623782E483A2B08BF01340F2221466D
:1040000003F03EFF10B9E37B2E2B16D020463A2159
:1040100004F04EF804460028EBD1099A069C402A89
:10402000A8BF4022002C08BF06243E3402FB04F443
:10403000A400EC60ACB90AB070BD103404AB1E68CB
:10404000214632462EB15868019303F019FF019BB7
:1040500010B9A25D3D2A0ED00C330AAA9342EED1CC
:10406000D4E7204602F058FEA860B0B10023C0E9B2
:1040700000436860DFE7701C2044002203A901931D
:1040800003F078FB039C019B22783A2A01D0002A96
:10409000BCD10028A8BF9860B8E7E860CBE700BFB4
:1040A000B05601206CA1002080A100208CA100202E
:1040B00098A100201EB400F08DF81EBC02F07CFB1D
:1040C000F0B50278472A83B00C461F4619D0264E19
:1040D0000020336801909B683046984778B1019B77
:1040E0001B68019302252368314620461E6901AAF8
:1040F0000123B04738BB0546284603B0F0BD012573
:10410000F1E743784E2BE2D18378552BDFD1C3788A
:10411000432BDCD10379462B1AD0432BD7D14379DB
:104120002B2BD4D183792B2BD1D1C379012BCED892
:1041300050F8206C4FF0000301930ABF304658300E
:1041400056F8786CC5E7019B3B60284603B0F0BD8C
:1041500043794F2BBBD18379522BB8D1C07900283A
:10416000B5D1024EB5E700BFACA3002098A3002054
:1041700010B5044600F07CF8234613F82029472A9E
:1041800004D0826822BB8360012010BD62784E2A71
:10419000F7D1A278552AF4D1E278432AF1D12279D5
:1041A000432AEED162792B2AEBD1A2792B2AE8D1CE
:1041B000E279012AE5D854F8042C0132012A44F8A6
:1041C000042CE1D1826844F8082C8360012010BDE2
:1041D00000F076FB08B500F04BF883687BB393F8EA
:1041E0002020472A04D00022826003F1200008BD6D
:1041F00093F821204E2AF6D193F82220552AF2D1A5
:1042000093F82320432AEED193F82420432AEAD1BD
:1042100093F825202B2AE6D193F826202B2AE2D1E9
:1042200093F82720012ADED8DA69013ADA61002AF8
:10423000DBD1996981609A6103F1200008BD00F02B
:104240003FFB00BF704700BF704700BF004870478A
:10425000A8A1002000B583B004210190FEF7A6F9C3
:10426000019803B000BD00BF0048704700890220DC
:104270000048704700890220502870B51D461ED0A6
:1042800000F00F0384460E460C2B55D8DFE803F0F0
:10429000074426071E545454542A22071E00104671
:1042A00050F8043B4BB10CF07001102918BF324696
:1042B00013441CF0800F18BF1B682B6070BDD01C0E
:1042C00020F0030050F8043B2B6070BD104650F8FE
:1042D000083BE7E7104630F9023BE3E7104630F8C9
:1042E000023BDFE700231046194610F8014B04F0AB
:1042F0007F0E0EFA01FE14F0800F43EA0E0301F167
:104300000701F2D11F29CDD86406CBD54FF0FF3479
:1043100004FA01F10B43C6E700231046194610F8D2
:10432000014B04F07F0E0EFA01FE240643EA0E0351
:1043300001F10701F3D4B5E7FEF72CFBFF281FD0EE
:1043400008B500F07003302B15D006D8202B0BD108
:10435000BDE80840084602F048BC402B07D1BDE844
:104360000840084602F02EBC03D8002008BD502BA0
:10437000FBD0FEF70FFBBDE80840084602F032BC58
:104380000020704730B5034683B00D46144618B17F
:10439000019002F017FC019B20602A4612F8015B95
:1043A000FF2D2ED16060104610F8013BFF2B39D055
:1043B00010234FF0000C2375624610F8011B01F02A
:1043C0007F03934009064CEA030C02F10702F4D480
:1043D00000EB0C03E36010F8013B63754FF0000C39
:1043E000624610F8011B01F07F0393404CEA030C76
:1043F0000B0602F10702F4D400EB0C03236103B0B7
:1044000030BD194628460192FFF798FF019A0146F0
:10441000231D2846FFF730FF0246104610F8013BE7
:10442000FF2BC5D123750023D4E700BF2DE9F04F42
:1044300000F0030397B00024012B02940C948946EA
:10444000904600F0A680022B0AD14146484602F071
:10445000A1FB002840F09280082017B0BDE8F08F43
:10446000002B40F01F8210F00804EED110AB0125A4
:104470000393039B009300230C2219464046CDF87A
:10448000409001F0CBFD404602F0A2FB05900028D1
:10449000DBD044EA05030493029B039A05998DF847
:1044A000543040460023CDE91333FFF76BFF9DF8EE
:1044B00054300293044641461846139BDDF850A041
:1044C0000693FFF73BFF0FAF0023079019460097B5
:1044D0000F22404601F07CFD54450F9B37D223F05C
:1044E00001039DF85550DDF840B05E1E00212846BE
:1044F000FFF724FF224601460DAB2846FFF7BCFE1E
:10450000002104462846FFF719FF224601460EAB5C
:104510002846FFF7B1FE002104462846FFF70EFFAC
:10452000224601463B462846FFF7A6FE04460020E9
:10453000024614F8011B01F07F03934018430B0659
:1045400002F10702F5D40D9B5B44B3421AD9049BD8
:10455000DC0725D500252E46002319460097404646
:104560000D220C9C01F034FD059BC9E90B360F9B15
:10457000C9F82030C9E9094506206EE7092017B0BF
:10458000BDE8F08F0E9A1344B3425BD85445ADD3C7
:10459000DDE710F008040AD010AB0393022568E7AA
:1045A000049B180700F17C81484600F016FC10AB14
:1045B0000D6A03930093029B0D221946404601F0B9
:1045C00007FD109B9D42E9D1039B0093029BCDF810
:1045D00040900C221946404601F020FDD9F8306089
:1045E000002EE1D0D9E90A530FAF0593002DC0F298
:1045F0001281032400231A46194600974046CDF83D
:104600003C9001F00BFD0023194601220097404623
:104610000F9501F003FD002319460F220097404635
:1046200001F0D6FC0F9A009702F0010200233243FA
:104630000F9240460F22194601F0F0FC022C6ED07A
:1046400007200AE70F9E002E3FF4FFAE119A164492
:10465000002800F01581002E3FF4F7AE049B0138CE
:1046600013F008030AEB00040A9300F00D818E4B4F
:10467000C9F800308D4BC9F80430029B089603F04E
:1046800007030B934B464FF0000AB9464FF0010B5E
:10469000CDF824801F4600252A4614F8011B01F09E
:1046A0007F039340080645EA030502F10702F4D4AC
:1046B0001F2A08D80BFA02F35B4211F0400F43EABD
:1046C000050318BF1D4600262046324610F8011B80
:1046D00001F07F0393401E430B0602F10702F5D45D
:1046E0001F2A40D84B063ED50BFA02F35B421E430D
:1046F000002D75D0049B022B0FD0002D39DC069ABB
:104700006FF040435B1B02EB830817B10A9A002A43
:104710006AD0D8F80030BBB12EB13444BBE748466C
:10472000FFF726FD8CE73B46089EDDF824804F46C8
:104730009946BAF1000F3FF488AE049BDD073FF5C0
:1047400084AE0025022455E73B464F469946049B1C
:10475000089EDDF82480DA073FF5FEAE002D3FF419
:1047600048AF00F0BBF885B1049B022BD4D0002DDC
:10477000C5DD029BFF2B76D00B9A042A00F29280B3
:10478000DFE802F008902A0826004FF0010A002E08
:10479000C3D1C8E7069BA3EB8502079902984B4655
:1047A000FFF76AFD0F9941B1002FB5D00CAB002285
:1047B0003846FFF785FC0028AED03B464F46994669
:1047C000049B089EDDF82480D9073FF5C5AE10E7AD
:1047D000069BA3EBC502E0E7069BA3EB4502DCE7E3
:1047E0004FF0010A344456E7069A52F82310002984
:1047F0003BD00C9B0F9303E058F8041F002934D0E2
:1048000041444B4600223846FFF75AFC0028F3D0BB
:10481000002E82D187E7069B039A059913934046A1
:10482000029B8DF85430FFF7ADFD9DF85400DDF884
:104830004CA04146FFF782FD6FF040435B1B0AEB43
:1048400083045AF8233033B12246002352F8041F60
:1048500001330029FAD1C9E90A300423C9F83440E8
:10486000C9F83030C5E6069A97E73B464F46994669
:10487000049B089EDDF82480DB073FF56DAEB5E6AE
:10488000002E7FF45AAFE0E599F80730012B0CBFFA
:1048900059F8203C09F158030C93EEE600F018FBA0
:1048A00000F00EF8FEF776F8474E5543464F52009B
:1048B00008B58047FEF76EF800F00AFBFEF76AF8CD
:1048C00008B5034B1868BFF35B8FFFF7F1FF00BF1C
:1048D000BCC0002008B58047FFF7F2FF08B5034BC6
:1048E0001868BFF35B8FFFF7F5FF00BFC0C0002063
:1048F000024B1868BFF35B8F704700BFBCC000203D
:10490000024B1868BFF35B8F704700BFC0C0002028
:1049100000B5012883B01CD8BFF35B8FA1F1280339
:1049200053E8002F013A43E800200028F8D1BFF3F4
:104930005B8F62B951F81C3C01F1580013B1019032
:104940009847019803B05DF804EBFFF72BBB03B069
:1049500000BD51F8140CFFF7ABFF00BF002310B5EA
:1049600040E91E1240F8803C0446FFF7C9FF44F8B6
:10497000700CFFF7BDFF0749074A084B44F8581C65
:1049800044F8542C44F86C0C44F8503CA4F18000DA
:1049900010BD00BF474E5543432B2B00B9160300F3
:1049A00070B504460D461646FFF762FC43680133B6
:1049B0003246436029462046FFF7D0FF04460123D4
:1049C00044F8283B204601F0E7FE204600F080FA3C
:1049D000FFF776FF10B5FFF74BFCD0E9004201323C
:1049E00042606CB194F82020472A0BD0002202606C
:1049F00004F1200001F0F0FE04F1200000F068FA5C
:104A0000FFF75EFF94F821204E2AEFD194F8222080
:104A1000552AEBD194F82320432AE7D194F8242097
:104A2000432AE3D194F825202B2ADFD194F82620BD
:104A30002B2ADBD194F82720012AD7D86269524269
:104A40006261D5E710B5034B03600446FFF7BAF97E
:104A5000204610BDDCA5002010B5054B03600446C0
:104A6000FFF7B0F920460C21FDF7A0FD204610BD50
:104A7000DCA5002070B582B00546069C94420E4627
:104A80000BD0A868D0F800C00694DCF8204031466E
:104A9000A44602B0BDE870406047194601920093F9
:104AA00000F062F8DDE900320028EAD0062002B00A
:104AB00070BD00BF2DE9F04383B00F461946019247
:104AC0000093DDE90A48DDE90C65814600F04CF809
:104AD000DDE9003278B9B44220D0D9F8080039466F
:104AE0000768CDE90C65CDE90A48FC69A44603B026
:104AF000BDE8F0436047002F2C602A7109DB3C447D
:104B0000A64214BF01240624AC71002003B0BDE806
:104B1000F0830237F9D10123AB71F6E741464846ED
:104B2000CDE9002300F020F8DDE900230028D4D0EF
:104B30006A71EAE72DE9F04107460E4615461C4624
:104B4000FFF77AF950B9B8680168D1F818E0234640
:104B50002A463146F446BDE8F0416047BDE8F081A1
:104B6000704700BF00207047814211D008B54068EF
:104B700003782A2B0AD049680B782A2B08BF013109
:104B800003F03AFEB0FA80F0400908BD002008BDED
:104B9000012070474068704710B543680C4A0D49C2
:104BA0000446A3F10C00904282B0216005D120465A
:104BB000FFF748FB204602B010BD53F8042C511EED
:104BC000002A43F8041CF2DC01A900F0E7F8EEE744
:104BD000106D032098AC002010B543680C4A0D49B5
:104BE0000446A3F10C00904282B0216005D120461A
:104BF000FFF728FB204602B010BD53F8042C511ECD
:104C0000002A43F8041CF2DC01A900F0C7F8EEE723
:104C1000106D032098AC002010B543680E4A0F4970
:104C20000446A3F10C00904282B0216008D12046D6
:104C3000FFF708FB2046FDF7B7FC204602B010BD89
:104C400053F8042C511E002A43F8041CEFDC01A980
:104C500000F0A4F8EBE700BF106D032098AC002033
:104C600010B543680E4A0F490446A3F10C00904268
:104C700082B0216008D12046FFF7E4FA2046FDF714
:104C800093FC204602B010BD53F8042C511E002A9C
:104C900043F8041CEFDC01A900F080F8EBE700BF4B
:104CA000106D032098AC0020F0B51C4B85B0044675
:104CB000036079B308460D4603F0CEFF0646B0B157
:104CC00003AA002100F03CF8012E034600F10C0776
:104CD00012D00190294632463846FDF7C7FB019BAA
:104CE0000F4A93420BD12046676005B0F0BD0D4FCF
:104CF0006760204605B0F0BD2A780273F0E7002215
:104D00009A601E6033441A73EDE72046FFF79AFA63
:104D1000FFF7D0F90448FEF7D3FF00BF98AC00209E
:104D2000106D03201C6D0320BCA1002010B50446AB
:104D3000FFF7BAFF014B2360204610BDACAC00204A
:104D400000B5144A904283B020D88842034612D955
:104D50004800834238BF034603F11D00B0F5805F71
:104D600009D9994207D203F58053C0F30B001B1AEF
:104D7000934228BF134603F10D000193FDF710FC89
:104D8000019B0022C0E9013203B000BD0248FEF7DA
:104D9000AFFF00BFFCFFFF3FE8A10020FDF704BC10
:104DA0000378472B17D143784E2B14D18378552B9A
:104DB00011D1C378432B0ED10379432B0BD1437907
:104DC0002B2B08D183792B2B05D1C07901288CBFDF
:104DD0000020012070470020704708B550B10446FC
:104DE00000F076F82046FFF7DBFF18B154F8140CFA
:104DF000FFF75EFDFFF764FD2DE9F04F83B002463B
:104E0000FFF7CEFF38B152E90674D2E90C69D2F847
:104E100028A0002505E004460746012581460646F0
:104E20008246104600F054F80DB1FFF757FD3846A2
:104E3000FFF750FD00F04CF80DB1FFF741FDFFF713
:104E400013FAD0F8008098F82730012B0CBFD8F85F
:104E5000003008F1780300934FEA960B0027BA451B
:104E60001DDD07FB0BF309EB830259F8236006B144
:104E700016446B460022314608F12000FFF720F966
:104E800008B1FFF7A7FD336801900E49304601AA2B
:104E90001E690123B0472843C5B20137DFE745B19A
:104EA0000420FFF767F8084B084A06490360FFF73C
:104EB00077FD2046FFF7FCFC00F04EF800F04CF8C0
:104EC000FFF7F8F8D8A30020C0AC0020F10F0300D2
:104ED00010B5044682B0FFF7CBF92246036812F8FA
:104EE0002019472905D0002B34D10260184602B0A2
:104EF00010BD61784E29F6D1A1785529F3D1E1781A
:104F00004329F0D121794329EDD161792B29EAD1C7
:104F1000A1792B29E7D1E1790129E4D854F80C1CB7
:104F2000002914DB013144F80C1C4168013941604F
:104F3000934218BF44F8103C636A18BF02602046D1
:104F4000019301F03DF8019B184602B010BDC1F17C
:104F50000101E8E7FFF7B4FC08B5FFF785F903683E
:104F60007BB393F82020472A07D00022026003F188
:104F70002000BDE8084001F025B893F821204E2A12
:104F8000F3D193F82220552AEFD193F82320432A16
:104F9000EBD193F82420432AE7D193F825202B2A3C
:104FA000E3D193F826202B2ADFD193F82720012A7A
:104FB000DBD85A69002A05DB013A08D0511C0ED013
:104FC0005A6108BD0132FBD119690160F8E71A691D
:104FD000026003F12000BDE8084000F0F3BFFFF7D6
:104FE0006FFC00BF304B314910B5D3E9114E9EF82C
:104FF0000400C8771A6C94F804C081F81CC00877C4
:1050000052B1B2F5004F23D329495118274A1964E8
:10501000D07682F81BC010BD19680F24D86C8C653F
:1050200040F20134CA610C614FF47C544C6103219D
:105030000468246883F83D101E4B9C4220D1037FF6
:105040004260022BC26020D18368BDE8104018473F
:105050002468E18B090421D4E283DEF80010B4F85F
:105060001EE0A4F816E0CC8B240412D4CA83CA8BA9
:10507000CA8200210D4A1964D07682F81BC010BD87
:1050800023461146BDE810401847BDE81040FCF724
:1050900017BBCC8B62F30804CC83E8E7E18B62F3A7
:1050A0000801E183D9E700BF0CC0002000800E405A
:1050B0000180FFFF79E30100304B314910B5D3E99E
:1050C000114E9EF80400C8771A6C94F804C081F859
:1050D0001CC0087752B1B2F5004F23D329495118AB
:1050E000274A1964D07682F81BC010BD19680F24B6
:1050F000D86C8C6540F20134CA610C614FF47C5469
:105100004C6103210468246883F83D101E4B9C42C7
:1051100020D1037F4260022BC26020D18368BDE8AA
:10512000104018472468E18B090421D4E283DEF89B
:105130000010B4F81EE0A4F816E0CC8B240412D4BE
:10514000CA83CA8BCA8200210D4A1964D07682F8BC
:105150001BC010BD23461146BDE810401847BDE8EE
:105160001040FCF7ADBACC8B62F30804CC83E8E7BF
:10517000E18B62F30801E183D9E700BFBCBF0020E7
:1051800000800E400180FFFF79E3010043682DE9B4
:10519000F04FD3E90041814D4FF0B80922684FF03C
:1051A0000F0B22EA01027E492260AA6911407D4A62
:1051B0000A43AA6190F810E07B4A03EB0E0603EB6A
:1051C0008E0E317C02EB01118968C1F8009090F8D5
:1051D00011C003EB0C050CF10A0C95F8241002EB3E
:1051E00001118968C1F80090817C03EB010803EB91
:1051F000810198F838A002EB0A1ADAF808A0CAF878
:105200000090D4F800905F6849EA0709C4F800905C
:10521000347CDEF814E002EB04146468C4F800E0A7
:1052200095F8244053F82CC002EB04146468C4F8C9
:1052300000C098F83840C96B02EB04125268116044
:105240009A6C98F8441011601A6A317F5B6B116098
:1052500095F830201A60022203681A61C3F858B02A
:10526000C27C002A32D072B6C37CDD0708D54FF06D
:10527000E0214469D1F8802122408262C1F8802176
:105280009C0708D54FF0E0218469D1F884212240A1
:10529000C262C1F88421590708D54FF0E021C469E2
:1052A000D1F8882122400263C1F888211A0708D565
:1052B0004FF0E021046AD1F88C2122404263C1F80A
:1052C0008C21DF065CD462B6C27C0368374D8168EE
:1052D000A9425FD0314985608969354CC1F3011716
:1052E000C1F38261334E54F827400131B4FBF1F42D
:1052F000B44230D80021C16000241C6103245C62E8
:105300000724196401211C66196112B3D60704D55C
:10531000816A4FF0E023C3F80011950704D5C16AF4
:105320004FF0E023C3F80411540704D5016B4FF08C
:10533000E023C3F80811110704D5416B4FF0E023B7
:10534000C3F80C11D30604D5826B4FF0E023C3F8E9
:105350001021BDE8F08F1849A1FB0461090DB4FBD1
:10536000F1F4AC4288BF0131B1F5817F14D202293A
:10537000C0D902394C0804EB042441EA0421BAE7FD
:105380004FF0E022416AD2F890310B408363C2F8BB
:10539000903198E7C168AFE70849ACE700C00F401B
:1053A000CFFFFFE3100000089CB3002000093D0080
:1053B000C4AE0020FF083D0083DE1B43FF7F7F005B
:1053C0004268437C134493F824308B4207D092F810
:1053D0002430994204D092F82530994225D0704764
:1053E00000218C4630B51468D4F800E054681EEAF9
:1053F000040F18D0DFF838E0B8250EEB03139C68D3
:1054000002EB0C030CF10A0C256052F82C4093F8C7
:1054100024C0526B0EEB0C1EDEF804C0CCF800402A
:1054200093F830301360417430BD01218C46D9E7C8
:105430009CB300204268037C13441B7C8B4205D044
:10544000137C994203D0537C994224D070470021A9
:105450008C4630B51468D4F800E054681EEA040F96
:1054600017D0DFF838E0B8250EEB03139C6802EB89
:105470000C0302EB8C0C126A2560DCF8144093F8E4
:1054800010C00EEB0C1EDEF804C0CCF800401B7FF1
:105490001360017430BD01218C46DAE79CB3002013
:1054A0004268837C134493F838308B4207D092F8DB
:1054B0003830994204D092F83930994225D070475B
:1054C00000218C4630B51468D4F800E054681EEA18
:1054D000040F18D0DFF838E0B8250EEB03139C68F2
:1054E00002EB0C0302EB8C0C926C2560DCF83C4068
:1054F00093F838C00EEB0C1EDEF804C0CCF8004068
:1055000093F844301360817430BD01218C46D9E793
:105510009CB300204268D2E900130968194200D107
:10552000704703460020052110B51C6882B0206139
:10553000187C01930244107CFCF73EFD019B052181
:10554000587C5A68024492F82400FCF735FD019B10
:1055500005215A689B7C134493F8380002B0BDE8DB
:105560001040FCF729BD00BF81F0004102E000BF00
:1055700083F0004330B54FEA41044FEA430594EA13
:10558000050F08BF90EA020F1FBF54EA000C55EA4E
:10559000020C7FEA645C7FEA655C00F0E2804FEA1F
:1055A0005454D4EB5555B8BF6D420CDD2C4480EA01
:1055B000020281EA030382EA000083EA010180EA31
:1055C000020281EA0303362D88BF30BD11F0004F7F
:1055D0004FEA01314FF4801C4CEA113102D04042B5
:1055E00061EB410113F0004F4FEA03334CEA1333F0
:1055F00002D0524263EB430394EA050F00F0A78008
:10560000A4F10104D5F1200E0DDB02FA0EFC22FA02
:1056100005F2801841F1000103FA0EF2801843FAF6
:1056200005F359410EE0A5F120050EF1200E012AE7
:1056300003FA0EFC28BF4CF0020C43FA05F3C01825
:1056400051EBE37101F0004507D54FF0000EDCF19E
:10565000000C7EEB00006EEB0101B1F5801F1BD347
:10566000B1F5001F0CD349085FEA30004FEA3C0C4B
:1056700004F101044FEA445212F5800F80F09A8041
:10568000BCF1004F08BF5FEA500C50F1000041EB45
:10569000045141EA050130BD5FEA4C0C404141EB49
:1056A0000101013C28BFB1F5801FE9D291F0000F44
:1056B00004BF01460020B1FA81F308BF2033A3F1F3
:1056C0000B03B3F120020CDA0C3208DD02F1140CEA
:1056D000C2F10C0201FA0CF021FA02F10CE002F125
:1056E0001402D8BFC2F1200C01FA02F120FA0CFC1E
:1056F000DCBF41EA0C019040E41AA2BF01EB045167
:10570000294330BD6FEA04041F3C1CDA0C340EDC64
:1057100004F11404C4F1200220FA04F001FA02F3A7
:1057200040EA030021FA04F345EA030130BDC4F165
:105730000C04C4F1200220FA02F001FA04F340EA5A
:105740000300294630BD21FA04F0294630BD94F00B
:10575000000F83F4801306BF81F480110134013DF2
:105760004EE77FEA645C18BF7FEA655C29D094EA63
:10577000050F08BF90EA020F05D054EA000C04BFE1
:105780001946104630BD91EA030F1EBF00210020CC
:1057900030BD5FEA545C05D14000494128BF41F06B
:1057A000004130BD14F580043CBF01F5801130BDCF
:1057B00001F0004545F0FE4141F470014FF000005A
:1057C00030BD7FEA645C1ABF194610467FEA655C0B
:1057D0001CBF0B46024650EA013406BF52EA0335AD
:1057E00091EA030F41F4002130BD00BF90F0000F9B
:1057F00004BF0021704730B54FF4806404F13204D7
:105800004FF000054FF0000150E700BF90F0000F8F
:1058100004BF0021704730B54FF4806404F13204B6
:1058200010F0004548BF40424FF000013EE700BF86
:1058300042004FEAE2014FEA31014FEA02701FBF16
:1058400012F07F4393F07F4F81F06051704732F048
:105850007F4208BF704793F07F4F04BF41F400219F
:10586000704730B54FF4607401F0004521F00041FD
:105870001CE700BF50EA010208BF704730B54FF087
:1058800000050AE050EA010208BF704730B511F088
:10589000004502D5404261EB41014FF4806404F1C0
:1058A00032045FEA915C3FF4D8AE4FF003025FEA46
:1058B000DC0C18BF03325FEADC0C18BF033202EBCA
:1058C000DC02C2F1200300FA03FC20FA02F001FA24
:1058D00003FE40EA0E0021FA02F11444BDE600BFC7
:1058E00053B94AB9002908BF00281CBF4FF0FF3147
:1058F0004FF0FF3001F07CB9ADF1080C6DE904CE3A
:1059000000F006F8DDF804E0DDE9022304B070479A
:105910002DE9F04782B00646DDF828E00846B44697
:105920000D46002B4ED18A4214466DD9B2FA82F24E
:1059300042B1C2F12003954026FA03F394401D437F
:1059400006FA02FC260CA7B2B5FBF6F14FEA1C439F
:1059500006FB115543EA054301FB07F0984209D9BC
:10596000E31801F1FF3580F00381984240F2008195
:10597000023923441B1A1FFA8CFCB3FBF6F006FB1A
:1059800010334CEA034C00FB07F363450AD914EBD0
:105990000C0C00F1FF3580F0ED80634540F2EA80A9
:1059A000A444023840EA0140ACEB030C0021BEF1F4
:1059B000000F04D02CFA02F30022CEE9003202B02C
:1059C000BDE8F0878B4209D9BEF1000F01D0CEE9C6
:1059D00000610021084602B0BDE8F087B3FA83F108
:1059E000174600294DD1834202D3B24200F20F8103
:1059F000B6EB070C60EB030301201D46BEF1000F60
:105A0000DDD0CEE900C5DAE7002A00F098801A461A
:105A1000B4FA84F3002B40F0AF800B1B270CA6B226
:105A20000121B3FBF7F54FEA1C4007FB153340EAB1
:105A3000034306FB05F8984507D9E31805F1FF3045
:105A400002D2984500F2E8800546A3EB08031FFA4E
:105A50008CFCB3FBF7F007FB10334CEA034C06FB5E
:105A600000F3634508D914EB0C0C00F1FF3602D2A9
:105A7000634500F2CE803046ACEB030C40EA0540B3
:105A800095E7C1F120058B4022FA05FC4CEA030C96
:105A900000FA01F426FA05F3E84002FA01F943EAB4
:105AA00004084FEA1C4206FA01FAB0FBF2F71FFAAB
:105AB0008CF602FB17004FEA184444EA004407FB47
:105AC00006F0A0420AD91CEB040407F1FF3380F072
:105AD0009C80A04240F29980023F6444241A1FFA3D
:105AE00088F3B4FBF2F002FB104443EA044300FBEA
:105AF00006F69E4209D91CEB030300F1FF3480F047
:105B000082809E427FD90238634440EA0740A0FB6E
:105B100009749B1BA3423E46A04664D361D0BEF1EC
:105B2000000F0AD0BAEB060263EB080303FA05F58F
:105B3000CA401543CB40CEE9005300213FE773082C
:105B400043EAC1734A08190C41EA02414FEAC67C94
:105B50009BB2B2FBF4F02646A04627461F2243EA3A
:105B60000143B1FBF4F1A3EB080341EA004158E71C
:105B70002946FFE6284615E71A46C3F120019C4056
:105B800026FA01F320FA01F190400343270C06FAAC
:105B900002FCB1FBF7F0A6B207FB1015190C41EAA5
:105BA000054100FB06F58D423BD9611801D28D42BB
:105BB00020D8491B0138B1FBF7F5019505FB06F824
:105BC000019D9BB207FB151143EA0143434526D2D1
:105BD000E31805F1FF31C6D24345C4D2A91E2344C0
:105BE000C1E7BA459BD2B7EB090664EB0C04013858
:105BF000A04694E7651B29440238B1FBF7F50195EF
:105C000005FB06F8DCE720467FE71F4666E7084607
:105C1000F4E6A44402382FE7023D234415E7019936
:105C2000A1E7491BB1FBF7F5019505FB06F8C7E7AE
:105C300003685A004CBF43F0004323F0004318446C
:105C4000704700BF2DE9F04751B301F1FF38174607
:105C5000054646464FF0000A0AEB060101EBD171FA
:105C6000491005EBC1094846FFF7E2FF88454FEAB6
:105C7000C10410D0B84204F10800284407D8FFF747
:105C8000D7FF0138B84208D201F1010AE4E78A459A
:105C900006D04E1EE0E7B842F9D84846BDE8F08786
:105CA0004FF000094846BDE8F08700BF012806D044
:105CB000022802D028B904487047044870470448B5
:105CC00070470020704700BF3531030045310300A5
:105CD0003D31030010B5234B84B004468A1E4BB3FC
:105CE00003A910460192AFF30080F0B10399019A25
:105CF000FFF7A8FF0146C0B1FFF79AFFA0644B6809
:105D0000012B2BD0002B01F1040025DBFFF790FFC6
:105D1000002323650368E064002B12DBFFF788FF94
:105D200003460020236104B010BD00230920236135
:105D300004B010BD0C4B0D49C91AC9101846039187
:105D4000D6E7C3F30360FFF7B1FF031E0CBF0920C2
:105D50000020236104B010BD0123DAE700230520F1
:105D6000E0E700BF0000000004D40300ACD603004D
:105D70000368DA0710B5044606D49B0700F150000B
:105D800009D500F0A1FC2368590709D51A070ED5DB
:105D9000DB0613D510BD00F08FFC23685907F5D43E
:105DA00004F1D80000F098FC23681A07F0D404F539
:105DB000AC7000F099FC2368DB06EBD404F5EC70C2
:105DC000BDE8104000F0D4BC036803B1034418469A
:105DD000704700BF704700BF70B504460D46296C80
:105DE0002046FFF777FF064688B92A6C626123696F
:105DF0002A462146012098470828F0D0072806D1D6
:105E00003046296CFFF7E6FF281D00F049FCFCF73F
:105E1000C1FD00BF2DE9F04F0C1DD0F80C90D0F85B
:105E200018A0074615460FCCADF5777D0DF10C0C8B
:105E3000ACE80F000FCCACE80F000FCCACE80F00C3
:105E400094E80F0002AE4FF0000E8CE80F00C6F889
:105E500000E020E0336C7B614FF4F47231467CA8A3
:105E6000FCF704FB3B697CAA3946584698478A9B55
:105E7000B3642946CDE9006A04463B4601203A4610
:105E8000C847054618BB4FF4F4727CA93046FCF7AE
:105E9000EDFA082C19D1316C3846FFF71BFF093594
:105EA00004465FFA85FB0028D4D0B36BB3643A464E
:105EB000CDE9006A3B464BF010010120C84730B9DC
:105EC00020460DF5777DBDE8F08F072C05D009241D
:105ED00020460DF5777DBDE8F08F2846316CFFF741
:105EE00079FF03A800F0DCFBF0B5CB6BFBB001F150
:105EF000040E0B640E460446BEE80F000DF1040CC0
:105F0000ACE80F00BEE80F00ACE80F00BEE80F00E1
:105F1000ACE80F009EE80F004FF0FF378CE80F0051
:105F2000009706E023696A462146984708280746F5
:105F300008D110992046FFF7CDFE0028F2D00920A5
:105F40007BB0F0BD6846FFF713FF062FF7D131464F
:105F50002046FFF741FF00BFC1608261DA6B1A641F
:105F600019460022FFF756BF436970B50B64C66837
:105F7000AEB903690A4604460D4601460220984719
:105F8000072805D008280FD129462046FFF724FF0F
:105F90003046296CFFF71EFF281D00F081FB01220F
:105FA000FFF738FFFCF7F6FCFCF7F4FCC26822B1FF
:105FB000CA6B0A640022FFF72DBFFFF795BF00BF31
:105FC000704700BF836813B101460120184770472E
:105FD000052915D8DFE801F00A03140303050120A1
:105FE0007047009A436C13600020704743B90F2A32
:105FF00006D800EB8200009A4368136000207047C7
:106000000220704700B585B00A46002303A900911D
:106010001946FFF7DDFF039805B000BD052915D827
:10602000DFE801F00A031403030501207047009B19
:106030001B6843640020704743B90F2A06D8009BB1
:1060400000EB82001B68436000207047022070470D
:1060500000B585B00DF10C0C00230392CDF800C003
:106060000A461946FFF7DAFF05B000BD2DE9F041F9
:10607000D36BADF5107D02F1040C136406460F4698
:10608000BCE80F000DF15C0EAEE80F00BCE80F009D
:10609000AEE80F00BCE80F00AEE80F009CE80F0070
:1060A0004FF0FF388EE80F00CDF8588010E0FFF772
:1060B000CFFF394616A8B047034616AA08206946FE
:1060C00083B9049B9847052880460DD0092809D03C
:1060D00026996846FFF7FEFD03460C216A4616A87E
:1060E000002BE4D04FF0090816A8FFF741FE404608
:1060F0000DF5107DBDE8F0812DE9F04F1646CA6C14
:1061000089B00C4652F8041B069200F0030CE3B170
:106110000D0C8DF81D500904EDB2059102EB8502BE
:1061200002218DF81C10216DBCF1020F08BFA26B7B
:1061300011F001010FD005A9304600F0A7FB00289F
:106140003AD1082009B0BDE8F08F090205918DF819
:106150001D300321E5E7D2F80080B8F1000FEAD046
:1061600000F00800CDE90101C2469946E046B9F1C8
:10617000020F25D0B2F800A05788151DA36C27F098
:10618000010B0F2130469B44FFF73CFF834515D898
:106190002AF001035B44834294BF002001207B006E
:1061A00003F002030AF0010A43EA0A03012B0BD0B1
:1061B000022B4BD0002B41D00920C3E70020EEE793
:1061C000576802F10805D9E7B8F1000F6CD1A8B102
:1061D0006B689A1CF0D004F1580701332A680497C1
:1061E00000F0C780281DFFF7EFFDD20F014604AB7A
:1061F0002046FDF765FF002840F0938005F1080276
:10620000D2F800A0BAF1000FB1D105A9304600F0D4
:106210003DFB0028D0D1029B002B92D00F213046AD
:10622000FFF7F0FE0E2102463046FFF711FF564AF7
:106230000F213046FFF70CFF072083E7B8F1000F6E
:1062400002D0002840F083802A1DD9E72F6827F06C
:10625000004BB8F1000F0ED128B1019B002B3BD0B1
:10626000BBF1000F38D0002F00DA04350BF1010329
:1062700005EB8302C4E70D213046FFF7C3FED4F8D7
:1062800020A08245EFD1A26A9542ECD100270422DA
:10629000C4E90B72AA18C4F828B062632A68BA422B
:1062A0006DDB01230293E1E70D213046FFF7AAFEE3
:1062B000276A8742A2D1A36A9D429FD12846FFF751
:1062C000B7FC0F2102463046FFF7C2FE22460021EE
:1062D0003046FFF7BDFEAFE7CDF80C8005F1040AAC
:1062E000A046002758340CE050460494FFF76CFD9C
:1062F0000022014604AB4046FDF7E2FE0AF1040A23
:1063000000BB5F4507F10107EED10D213046FFF7D5
:1063100079FE049BC8F828500246C8E908230620E5
:1063200010E701900D213046FFF76CFE019A049FA3
:106330002062022A04BFE76204F12C07C4E9097550
:106340000620FFE644462F68DDF80C808BE72846E0
:10635000FFF76EFC04350746A5632046FDF708FFEE
:1063600000283FF429AF3A460F213046FFF770FE70
:1063700062E70D213046FFF745FE2062DEE70BF1B4
:10638000010205EB82009AE7A11B03000023FFF73F
:10639000B3BE00BF0123FFF7AFBE00BF0223FFF76C
:1063A000ABBE00BF2DE9F0410446C4B0052908D8B2
:1063B000DFE801F016310779A00B1144102940F2F3
:1063C000C080022044B0BDE8F081002AF9D1A36B5F
:1063D00053F8042B6264A363002044B0BDE8F0814D
:1063E000002BEED1D4F838C095B24FF0010E0EFA62
:1063F00003F12942604606D050F8041B04F1040C56
:106400004CF8231084460133102BF0D19104E3D4CF
:10641000C4F838C0E0E7110C012B0E4692B2CCD084
:10642000052BCED111442029CBD80F2E40F2CA80A3
:10643000002AD1D0216817464A0740F12181204621
:1064400021F0040140F8D81B009300F049F902A89C
:10645000804600F045F9D4F838E0009B4FF0020286
:106460004FF0FF31102E17FB021C314638BF1021B0
:1064700008EBC10184396246704650F8045B41F86C
:10648000045F013A551CF8D10EF1040E012B0EEBFE
:106490008C0200F0EC800F2EA26340F2F3804046A5
:1064A00000F01AF998E7032B8BD193B21E4603EB49
:1064B0001243102B4FEA124783D823681A0700F1C2
:1064C000AC8022AD284600F031F9A16B730066B1B3
:1064D00005EBC702013B881A013B52F800C042F8A5
:1064E00004CB5F1CF8D101EBC601A163284600F084
:1064F000FBF871E7002B7FF464AF102A3FF661AF21
:106500002368DD067FD422A8009200F03BF9D4F87E
:1065100038E0009A22A80023012199401142F44654
:1065200003F1010303D05CF8041B0160E646042B71
:1065300000F10400F0D1C4F838E022A800F018F906
:106540004AE7102E3FF43DAF2168C8070AD5204620
:1065500021F0030140F8501BCDE9002300F0B0F812
:10656000DDE9002322AD2846CDE9002300F0A8F89C
:10657000009AD4F838E0002A7BD0019B00274FF026
:10658000FF3112B201EB420205EBC601904604391D
:106590007046013A50F804CB41F804CFB2F1FF3F06
:1065A000F7D10EF1040E0EEB880E002F3DD1012B1A
:1065B0005FD00F2EC4F838E03FF60EAF284600F04B
:1065C00083F809E72068102900F0010530D865B18B
:1065D00020F00101204641F0020140F8501BCDE9B6
:1065E000002300F075F8DDE9002322AD2846CDE94F
:1065F000002300F06DF8DDE90023002ADED0D4F896
:1066000038E00027BBE723F01003236004F5EC70AB
:10661000009200F0B7F8009A75E723F008032360B2
:1066200004F5AC7000F082F84BE70DF1080815E7AF
:10663000A1F110075DB120F00102204642F00202F4
:1066400040F8502B009300F043F82068009B42076D
:106650001CD4009322AD284600F03AF802A800F0BE
:106660003FF8A26B009B9646C6F1100287E796465C
:1066700022AD0EF10403A363284600F01DF8ABE63B
:106680000093E4E622A800F01FF808E720F00402D7
:106690002046009340F8D82B00F022F8DAE700BF3C
:1066A00000F1340191E838009C46A6464CF8045DA0
:1066B00090E8FF0FE54600BD90EC210B704700BF4E
:1066C00080EC210B704700BF90EC200B704700BF9F
:1066D00080EC200B704700BFD0EC200B704700BF50
:1066E000C0EC200B704700BFF0EC0201F0EC02118F
:1066F000F0EC0221F0EC0231F0EC0241F0EC02513E
:10670000F0EC0261F0EC0271F0EC0281F0EC02912D
:10671000F0EC02A1F0EC02B1F0EC02C1F0EC02D11D
:10672000F0EC02E1F0EC02F1704700BFE0EC020196
:10673000E0EC0211E0EC0221E0EC0231E0EC02417D
:10674000E0EC0251E0EC0261E0EC0271E0EC02816D
:10675000E0EC0291E0EC02A1E0EC02B1E0EC02C15D
:10676000E0EC02D1E0EC02E1E0EC02F1704700BFA6
:10677000B0FC0181B0FC0191B0FC01A1B0FC01B101
:10678000704700BFA0FC0181A0FC0191A0FC01A109
:10679000A0FC01B1704700BFEC4600B52DE90050E8
:1067A0002DE9FF1F4FF000030CB401A9FFF79CFB7C
:1067B000DDF840E012B07047EC4600B52DE900501E
:1067C0002DE9FF1F4FF000030CB401A9FFF7CCFB2C
:1067D000DDF840E012B07047EC4600B52DE90050FE
:1067E0002DE9FF1F4FF000030CB401A9FFF7DEFBFA
:1067F000DDF840E012B07047EC4600B52DE90050DE
:106800002DE9FF1F4FF000030CB401ABFFF7A4FB11
:10681000DDF840E012B07047EC4600B52DE90050BD
:106820002DE9FF1F4FF000030CB401AAFFF71EFC77
:10683000DDF840E012B07047027A03467AB9427A36
:10684000A2B14168013A42720868032201F1040CC6
:106850001A720202C3F804C0000E1A607047006882
:10686000013A1A7202021A60000E7047B020704797
:1068700000B585B003AA0023009219460C22FFF749
:10688000A7FB039805B000BDFFF7F2BF2DE9F0416B
:10689000064686B00D464FF000082846FFF7CCFFAD
:1068A000B028044600F0228107065CD500F0F00312
:1068B000A02B1AD031D8802B00F08280902B28D1C9
:1068C00000F00D030D2B24D004AF002300F00F02C5
:1068D000194600973046FFF77BFB002300970D22F7
:1068E00019463046FFF79AFBD7E7C34303F0070387
:1068F0004FF47F621A41010702F47F624FF00003F8
:1069000048BF42F4804219463046FFF74BFD00284D
:10691000C3D0092006B0BDE8F081B02B66D0C02BF3
:106920003CD1C62800F0CF80C72800F0E48000F0FA
:10693000F803C02B00F0F180C82800F0FC80C928C3
:10694000E7D12846FFF778FF020300F00F0002F4BA
:10695000702201300243012105233046FFF722FD5A
:1069600000289AD0D5E78300DBB20433039304AF49
:106970000023194600970D223046FFF729FBDDE979
:10698000033260064CBFD21A9A1800230492009773
:106990000D2219463046FFF741FB7EE700F0F80371
:1069A000D02BB6D100F007020132052342F40022B9
:1069B00001213046FFF7F6FC00283FF46EAFA8E750
:1069C0002846FFF739FF40EA0420B0F5004FA0D079
:1069D00004010023A2B219463046FFF7E3FC002869
:1069E00097D1C4F3C03048EA000856E7A0F1B103DC
:1069F000042B00F2BC80DFE803F05429160C0300DE
:106A000005AA0023009219460D223046FFF7E0FA4E
:106A100043E700231A4605213046FFF7C3FC002850
:106A20003FF43BAF75E72846FFF706FF020300F08F
:106A30000F00013002F47022012302431946304650
:106A4000FFF7B0FC00283FF428AF62E7002304AF53
:106A50000D22194600973046FFF7BAFA2846FFF78D
:106A6000EBFE0206049C4FF002030DD500F07F0000
:106A7000984004440733284603930494FFF7DCFE50
:106A800010F0800F039BF1D1984004F5017420446D
:106A90000023049000970D2219463046FFF7BEFAF6
:106AA000FBE62846FFF7C8FE431EDBB20E2B3FF67F
:106AB00030AF0023024619463046FFF773FC00282A
:106AC0003FF4EBAE25E72846FFF7B6FE020300F0E1
:106AD0000F00013002F470220323024319463046AE
:106AE000FFF760FC00283FF4D8AE12E7B8F1000FC2
:106AF0002DD000200EE72846FFF79EFE431EDBB296
:106B00000E2B3FF606AF0246002304213046FFF766
:106B100049FC00283FF4C1AEFBE600F00F02013251
:106B2000032342F4202219463046FFF73BFC00289D
:106B30003FF4B3AEEDE62846FFF77EFE00F0F0022C
:106B400000F00F031032013343EA023203E704ACD2
:106B50004346414600940E223046FFF739FA0F2291
:106B60000094434641463046FFF758FAC1E700F02B
:106B7000FC03B42B3FF4CDAE00F007020132012339
:106B800042F4002219463046FFF70CFC00283FF47F
:106B900084AEBEE600B5C26C536885B04FEA032EE2
:106BA0004FF0030C08321B0E084601A9CDF804E093
:106BB00002928DF80CC08DF80D30FFF767FE05B01E
:106BC00000BD00BF08B5FFF75FFE806C08BD00BFC9
:106BD00008B5FFF759FEC06CC37900EB830008309D
:106BE00008BD00BF08B5FBF7D5FE08B5FFF7FAFFF3
:106BF000704700BFDFF80CC00A460146DCF8000011
:106C000000F002B8C047012010B5A1FB021482B009
:106C100074BB00F091F8034670B350F8042C22F0D6
:106C20000302043A242A10D8132A16D91B2AC0E9D1
:106C300000441AD9242AC0E902440ABFC0E9044426
:106C400000F1100100F1180108E02146019001F067
:106C5000EBF9019B184602B010BD01460022184610
:106C6000C1E900228A6002B010BD00F10801F5E719
:106C700001F07CFD0C2303600023184602B010BD18
:106C800000B5044B83B0014601AA186800F004F86F
:106C900003B000BDC04701202DE9F0431D4F83B074
:106CA00080460E46914602F085F83D684DB1337836
:106CB0001C4673B1344602E014F8013F43B13D2B4A
:106CC000FAD1404602F07CF8002003B0BDE8F08322
:106CD000A41B28680028F4D02246314601F050FA5F
:106CE00020B92B681A5D3D2A234404D055F8040FBF
:106CF0000028F1D1E5E73A680193AA1A92104046BC
:106D0000C9F8002002F05CF8019B581C03B0BDE8F4
:106D1000F08300BFD8470120024B0146186800F0FD
:106D20000BB800BFC0470120024B0146186802F0B3
:106D3000A3B800BFC04701202DE9F04F01F10B02BD
:106D4000162A85B0804624D8102900F2AB8000F0C6
:106D5000C9FA022518211022B74C2144A1F10800DC
:106D60004E68864200F062817268F168B46822F071
:106D700003023244E1608C60516841F001014046F9
:106D8000516000F0B5FA06F10804204605B0BDE8F0
:106D9000F08F32F0070200F18580914200F282808C
:106DA000019200F09FFA019AB2F5FC7FC0F0BA811F
:106DB000570A7FD0042F00F27281970907F1390535
:106DC0002BB207F1380CDB009B4C2344A3F10806DF
:106DD0005B689E4207D10DE00028DF6880F21381D6
:106DE000BE4207D03B46596821F00301881A0F289C
:106DF000F2DD6546236991498B4200F0F1805E68BF
:106E000026F00306B11A0F2900F391818B4800295F
:106E1000C4E9040080F27981B6F5007F676880F0EC
:106E20001981F10801310FFA81FC76090121B14085
:106E300054F83C0098600F4304EBCC010839D9604A
:106E4000676044F83C30C360AB1001269E40BE42F0
:106E500036D83E4206D125F0030576003E4205F1C4
:106E60000405FAD004EBC50A04EBC507A946F96886
:106E70000EE0486820F0030EAEEB020CBCF10F0FE1
:106E80000B46C96800F31881BCF1000F80F22D8118
:106E90008F42EED109F1010919F0030F07F108073C
:106EA000E5D17FE10C23C8F800300024204605B06E
:106EB000BDE8F08F4FF4007340254FF03F0C83E79F
:106EC000A768796821F0030393429A4603D3991A7D
:106ED0000F2900F387805A495A4E0968103111442E
:106EE0000820CDE9011201F075FC01994B1E034405
:106EF0004542834630681D40B0F1FF3F18BF294628
:106F00004046019101F00AFC411C0546DDE90112F1
:106F100000F02B8107EB0A0C844500F224814A4BD8
:106F2000186800EB01090BF1FF3EC3F8009000F078
:106F30008981306801301BBFA5EB0C0C09EB0C00FC
:106F40003560186015F00700814600F04881C0F1F7
:106F500008000544CDE901236B1803EA0E015844EB
:106F6000401A00EA0E06314640469B4601F0D6FB29
:106F7000421CDDE9012300F09581401B304440F0C4
:106F800001011868A56000EB0609A7426960C3F813
:106F9000009017D0BAF10F0F40F25E81AAF10C01F8
:106FA00021F0070C796801F0010141EA0C017960D8
:106FB000052607EB0C01BCF10F0FC1E9016600F2D9
:106FC00063816968214B1E684E4538BFC3F8009045
:106FD0001F4B1E684E4501D2C3F800902F46C6E0F5
:106FE000676831E7BD1841F0010142F001027A60A3
:106FF0004046A560696000F07BF907F1080420466F
:1070000005B0BDE8F08F9A6801931944D760BA6063
:107010004A6842F0010240464A6000F069F9019B6B
:1070200003F10804204605B0BDE8F08FCE68B142F8
:107030007FF49AAE0235DDE6A8B90020B0B9002091
:10704000447B0320AC470120147B03203C7B0320BE
:10705000407B0320B6F5206F4FEA56207CD31428DE
:1070600000F2D38000F15C0109B25B30C90004EB8F
:10707000010C6158ACF1080C8C4503D1A8E089687B
:107080008C4504D0486820F00300B042F7D8D1F80E
:107090000CC0C3E9021CCCF80830CB60D4E6142F36
:1070A00072D9542F00F2BA80170B07F16F052BB27B
:1070B00007F16E0CDB0087E69D1842F001025A6072
:1070C0009E68864AF1608E60C4E90455C5E90222D3
:1070D0004CF001026A60404643F80EC0019300F094
:1070E00007F9019B03F10804E0E69E441C46DEF824
:1070F000043043F00103CEF8043054F8083F404612
:10710000D9608B6000F0F4F8D0E61E444046726807
:10711000019342F00102726000F0EAF8019B03F172
:107120000804C3E6D508691C09B2C90014E69D1815
:1071300042F001025A60694A0193C4E90455C5E965
:10714000022241F001026A604046995100F0D0F8F5
:10715000019B03F10804A9E6B00900F1390109B265
:107160003830C90083E7A74263D0A768796821F067
:1071700003009042A0EB020102D30F293FF732AF88
:10718000404600F0B5F890E607F15C052BB207F138
:107190005B0CDB0018E6514651F808398B428A46F1
:1071A00040F09A8015F0030F05F1FF35F3D16368C5
:1071B00023EA0603636076009E423FF681AE1EB965
:1071C0007EE6760009F104091E42FAD04D4649E6F2
:1071D0008010012606FA00F00743676059E7CDE901
:1071E00002236B1803EA0E01ABEB010606EA0E065A
:1071F00031464046019301F091FA431C019B04BFC4
:107200004E461846DDE90223B7E6542827D8300B4E
:1072100000F16F0109B26E30C90028E7B7F5AA7F07
:1072200027D8D70B07F178052BB207F1770CDB00D5
:10723000CAE52B4B186800EB01090BF1FF3EC3F8C0
:10724000009076E615EA0E0F7FF473AEA568514400
:1072500041F001016960B5E601236B6090E7B0F58C
:10726000AA7F25D8F00B00F1780109B27730C90068
:10727000FDE640F254539F4224D8930C03F17D0560
:1072800003F17C0CEB009FE507F108014046CDE9D6
:10729000012301F0F1FDA568029B6968D3F8009015
:1072A000019A8FE6A9F108010BEB0100002664E6C4
:1072B00040F2545188420BD8B00C00F17D01C90056
:1072C0007C30D4E64FF47E737F254FF07E0C7BE557
:1072D0004FF47E717E20CAE663686CE7B0B9002087
:1072E000147B0320014801F071BA00BF0C7B03201E
:1072F000014801F06DBA00BF0C7B0320DFF80CC021
:107300000A460146DCF8000000F002B8C047012040
:10731000002900F09F802DE9F04383B00C460092D5
:107320008046FFF7DFFF009901F10B03162B60D8B1
:107330001023994260D854F804EC2EF003029A42CC
:10734000A4F1080565DAB348806805EB020C6045D6
:10735000DCF8046000F0908026F001006044406892
:10736000C0076CD426F00306901983424CDD1EF052
:10737000010F0FD154F8080C281A0746406820F076
:10738000030006441644B34240F3EF801618B3429C
:1073900040F3C9804046CDE90023FFF7CDFCDDE98D
:1073A00000230646002800F0178154F8041C21F041
:1073B00001012944A0F1080C614500F0AE80043AB7
:1073C000242A00F2CE80132A00F29C800346224633
:1073D000116819605168596092689A602146404668
:1073E00001F04AFD4046FFF783FF304603B0BDE899
:1073F000F08333F007039CD50C23C8F80030002637
:10740000304603B0BDE8F0830246DCE90201C1600A
:1074100088606968D01A0F2801F0010105EB0206A7
:107420001BD811436960736843F0010373604046E1
:10743000FFF75EFF2646304603B0BDE8F0831EF03E
:10744000010FA7D154F8080C281A0746406820F00D
:1074500003009BE71146FFF76FBC19436960E91809
:1074600040F001004860736843F001030831736025
:10747000404601F001FDDAE726F00306B01803F1FB
:10748000100C604580F28B801EF0010F82D154F801
:10749000080C281A0746406820F0030006441644EA
:1074A000B445B1463FF772AF3E46F96856F8080F4B
:1074B000043A242AC160886000F2A580132A40F2B1
:1074C000A0802168B9606168F9601B2A00F2A4807D
:1074D000083407F110022168116061685160A168E9
:1074E0009160F918A9EB03024A4D42F00102A9602C
:1074F0004A607A6802F00102134340467B60FFF75E
:10750000F7FE98E723680360636843601B2A3BD853
:1075100004F1080200F108035AE750F8041C21F0B6
:1075200003010A4475E7043A3D46F96855F8080F27
:10753000242AC160886020D8132A1CD92168B96028
:107540006168F9601B2A3DD8083407F110022168F0
:10755000116061685160A16891602C4632463D46D9
:1075600057E7214600F0CEFC38E7DCE90201043A97
:10757000C1608860D8E72A46E9E72146284600939B
:1075800000F0C0FC009BE8E7A3688360E368C36089
:10759000242A25D004F1100200F1100318E71D4A37
:1075A0001D449560C21A42F001026A6054F8042C2E
:1075B00002F001021343404644F8043CFFF798FEF2
:1075C000264638E7A1683961E1687961242A10D03C
:1075D000103407F11802BAE74046FFF789FE0EE7BC
:1075E000236903616169416104F1180200F1180324
:1075F000EEE62269BA616269FA61183407F1200285
:10760000A5E7324667E721463046009300F07AFC52
:10761000009B66E7A8B90020A1683961E16879613B
:10762000242A03D0103407F1180254E72269BA6102
:107630006269FA61183407F120024CE72DE9F0473E
:107640001D464A4B16460C4682460A46114612F81B
:1076500001EB13F80EC01CF0080CF7D1BEF12D0F92
:107660005AD0BEF12B0F03BF92F800E063468A1C8C
:10767000634645B9BEF1300F5CD00A253C4F4FF050
:107680000509A8460AE0102D4BD04FF0FF37B7FB95
:10769000F5F705FB07F96FEA0909A8460021084636
:1076A00005E02CD008FB00C0012112F801EBAEF17F
:1076B000300CBCF1090F06D9AEF1410CBCF1190F29
:1076C0000BD8AEF1370C654510DDB1F1FF3FECD0C2
:1076D000B842E6D94FF0FF31E7E7AEF1610CBCF1FB
:1076E000190F03D8AEF1570C6545EEDC4D1C0BD0DD
:1076F00003B140420EB169B93460BDE8F087CC45B2
:10770000D0DD4FF0FF31D0E72223CAF80030084621
:10771000002EF2D0541EEFE792F800E001238A1CFD
:10772000A7E7BEF1300F11D04FF00F096FF070478F
:10773000A846B3E7117801F0DF0158290BD00825DE
:107740004FF007096FF06047A846A7E7117801F0EE
:10775000DF015829E8D14FF0100892F801E04FF00E
:107760000F0902326FF07047454697E769B2002073
:107770009999991900B5DFF818E084461346DEF8A8
:1077800000005DF804EB0A466146FFF757BF00BFF3
:10779000C047012013460A460146022001F0C8BA3C
:1077A000B1F90C202DE9F041804610070C4650D469
:1077B000496842F400630029A38164DDA66A002EB3
:1077C00044D0002112F48052D8F80050C8F80010BC
:1077D00065D1E16901234046B047411C02466CD0A7
:1077E000B4F90C30A66A5B0705D56368D21A236B1F
:1077F0000BB1E36BD21A0023E1694046B047471C46
:10780000B4F90C304DD1D8F800101D2940D8304AB9
:10781000CA40D6073CD52269226023F40062A281C7
:10782000D9044FF00002626003D5D8F80030002B75
:1078300041D0216BC8F8005041B104F14003994296
:1078400002D0404601F018FB002323630020BDE86E
:10785000F0810E69002EF9D00D680E6092070CBF02
:107860004B690023AD1B8B600AE02B463246E16971
:10787000676A4046B8470028A5EB0005064406DDC8
:10788000002DF2DCE2E7E16B002997DCDEE7A3895B
:1078900043F04003A3814FF0FF30BDE8F081226D3B
:1078A000A1E72269226023F40062A281DB044FF089
:1078B00000026260BDD52065BBE7D8F80030002B20
:1078C0008ED01D2B01D0162BE1D1C8F80050BDE79A
:1078D0000100402000B5034683B008B1426B52B3AB
:1078E000B1F90C0098B14A6ED20701D4820512D5C5
:1078F00018460091FFF754FF00994A6E0346D007DF
:1079000002D48A8992050ED5184603B000BD0346FD
:10791000184603B000BD886D0193009100F056FF3A
:10792000DDE90013E4E7886D009300F051FF009B50
:10793000184603B000BDCDE9000100F0EFF8DDE925
:107940000031CDE7002838D000B51E4B1B6883B04E
:1079500001460BB15A6BD2B1B1F90C0098B14A6E25
:10796000D20701D482051AD518460091FFF718FFF7
:1079700000994A6E0346D00702D48A89920516D52B
:10798000184603B000BD0346184603B000BD019081
:107990001846009300F0C2F8DDE90031DCE7886D9D
:1079A0000193009100F012FFDDE90013DCE7886D20
:1079B000009300F00DFF009BE2E7034A03490448EF
:1079C00000F0D6B8C0470120B44701207D4603002F
:1079D000B0BD0020024A0349034800F0C9B800BF07
:1079E000B447012031A90300B0BD00200C4B416811
:1079F000994210B5044601D006F0C6F8A168094BBB
:107A0000994202D0204606F0BFF8E168064B994241
:107A100004D02046BDE8104006F0B6B810BD00BF47
:107A2000487B0320B07B0320187C03202DE9F8431A
:107A3000314A324C3249DFF8DC90DFF8DC80314FDC
:107A40001160002504232946082204F15C00C4E9E2
:107A500003352D4EA560C4E90055C4E9055565669A
:107A600000F0E2FA04F15800C4E90749C4E90987C3
:107A7000E66200F0A7FE2946244B6367082204F162
:107A8000C400C4E91A55C4E91E552567C4F8CC5092
:107A9000C4F8805000F0C8FA04F1680304F1C00093
:107AA000C4F88430C4E92298C4E9247600F08AFE40
:107AB000174BC4F8DC30294604F596700822C4E957
:107AC0003455C4E93855C4F8D850C4F83451C4F812
:107AD000E85000F0A9FA04F1D003C4E93D87C4F8E6
:107AE000F09004F59470C4F8FC60C4F8EC30BDE884
:107AF000F84300F067BE00BF807C0320487B032072
:107B00007D470300494A03006D4A03000900010054
:107B100012000200E5490300094A030010B50446BB
:107B20000A4800F053FE636B23B9094B094A1B68EE
:107B3000626323B1BDE81040044800F049BEFFF77E
:107B400075FFBDE81040014800F042BE107B0320E5
:107B5000807C032095470300014800F037BE00BF3A
:107B6000107B0320014800F033BE00BF107B0320D0
:107B70002DE9F8430746884616464FF00009756818
:107B8000013D11D4B468A389012B08D9B4F90E3092
:107B900001332146384602D0C04749EA0009013D79
:107BA0006B1C04F16804EED13668002EE7D148461C
:107BB000BDE8F8830FB400B5074983B004AB08688B
:107BC00053F8042B8168019303F09EFE03B05DF827
:107BD00004EB04B0704700BFC04701200CB430B5BF
:107BE000144B0D1E1C689DB01FDB14BF0122002228
:107BF000AA1A114B0593002121AB1B91029006900C
:107C00000492079202A9209A0193204601F058FE9F
:107C1000431CBCBF8B23236015B1029B00221A704A
:107C20001DB0BDE8304002B070478B2323604FF099
:107C3000FF30F5E7C04701200802FFFF10B50C46F2
:107C4000B1F90E1000F054FD002803DB236D03444E
:107C5000236510BDA38923F48053A38110BD00BF09
:107C60002DE9F0411F46B1F90C301646DA050C46F5
:107C700005460BD423F48053A381B4F90E103B4680
:107C800032462846BDE8F04100F05ABD0223B1F962
:107C90000E10002200F016FDB4F90C30EAE700BF28
:107CA00010B50C46B1F90E1000F00CFDB4F90C3013
:107CB000421C0EBF23F4805343F480532065A381FC
:107CC00010BD00BFB1F90E1000F0EABC70B5ADF503
:107CD000067D0E46009313464FF40072059206A9E6
:107CE00005AA054600F096F898B10246059B039058
:107CF0003146284600F024FD039A059006AB9A42CF
:107D000004D02846114601F0B7F805980DF5067D18
:107D100070BD4FF0FF30F9E700B5DFF818E084469A
:107D20001346DEF800005DF804EB0A466146FFF7F3
:107D3000CDBF00BFC047012010B5354B04461868C1
:107D400082B00B4610B1426B002A53D0B3F90C201D
:107D5000110711D51869C8B1B3F90C2012F001014F
:107D600026D059694FF0000C4942C3F808C0996108
:107D700020B3002002B010BDD00640D5510723D457
:107D8000186942F008029A810028E5D19A8902F424
:107D90002072B2F5007FDFD019462046019306F02D
:107DA000D1F8019BB3F90C20186912F00101D8D168
:107DB000940758BF596999600028DAD11106D9D5BE
:107DC00042F040029A811FE0196B61B103F140005B
:107DD000814206D02046019301F04EF8019BB3F991
:107DE0000C200021196318690021C3E9000122F069
:107DF0002402C6E70191FFF791FE019BA6E7092146
:107E000042F0400221609A814FF0FF30B2E700BF9C
:107E1000C047012010B59AB021B1D2F800C0BCF122
:107E2000000F1CD100214FF4227CADF80CC0199139
:107E3000009104914FF6FF7C02910591144669462A
:107E40001A461C9BADF80EC001F03AFD002814DB69
:107E5000009B206000221A7004981AB010BD009197
:107E6000049161464FF4C16CADF80CC04FF0000CAA
:107E7000CDF864C0DEDA8B23036000201AB010BD99
:107E8000032A11D8002A3BD0013A431E013902448B
:107E900001E09A4234D013F8010F11F801CF604588
:107EA000F7D0A0EB0C00704710B541EA0004A4071E
:107EB00084460B460FD0013A431E0139024401E0CB
:107EC0009A421BD013F8010F11F801CF6045F7D08B
:107ED000A0EB0C0010BDDCF80040D3F800E07445C6
:107EE0001946604603F104030CF1040CE3D1043A93
:107EF000032AF0D860461946002ADCD1002010BDC4
:107F000000207047884270B531D98B1883422ED932
:107F1000032A00EB02011DD941EA030C1CF0030FF8
:107F20001D4618D14FEA920C0CF1FF36A1EB8C04E0
:107F30008C4653F804ED4CF804EDA445F9D1C6EB9A
:107F4000867301EB830105EB830CACF10403043968
:107F500002F0030252B102F1FF3C6FEA0C0C9C44A8
:107F600013F8012D01F8012D6345F9D170BD032AE5
:107F700050D941EA00039B074ED10F2A51D922F074
:107F80000F0301F1100601F1100C103B203100F13C
:107F9000100E19445CF8104C4EF8104C5CF80C4C68
:107FA0004EF80C4C5CF8084C4EF8084C5CF8044C4D
:107FB0004EF8044C0CF1100C8C450EF1100EE9D16A
:107FC000F11812F00C0F034402F00F0503F1100337
:107FD00025D025F0030CACF1040426461A1F1C1909
:107FE0008C465CF804EB42F804EFA242F9D104316C
:107FF00004333144334405F00302002AB6D0013A79
:108000000132013B0A4411F801CB03F801CF914240
:10801000F9D170BD0346F0E7013A0346F0E72A467E
:10802000EBE703461546D4E730B58407864603469A
:1080300006D0A2B303F8011B980702F1FF32F8D172
:10804000032A26D95FFA81FC0CEB0C2C0F2A0CEBCF
:108050000C402AD922F00F0C9C44C3E90000C3E96C
:10806000020010336345F8D112F00C0F02F00F0438
:1080700017D04FEA940C0CF1FF351A4603EB8C0C29
:1080800042F8040B6245FBD1043304F0030203EB16
:10809000850322B11A4403F8011B9A42FBD17046B2
:1080A00030BD2246002AF5D1F9E71446E1E700BFCA
:1080B00011F0FF01034600F003023AD092BB0268C0
:1080C00001EB012303EB034383EA020C10B51C46CA
:1080D000A2F1013323EA0203ACF1013222EA0C02DD
:1080E000134313F0803F0FD150F804CF8CEA040EF5
:1080F000ACF10133AEF1013223EA0C0322EA0E02A5
:10810000134313F0803FEFD0037823B936E010F823
:10811000013F002B32D09942F9D110BD8A4228D0BC
:108120009A0729D01A7818460133002AF6D110464A
:108130007047CAB90268A2F1013323EA020313F0BF
:10814000803F08D150F8042FA2F1013323EA020343
:1081500013F0803FF6D003785BB110F8013F002B9D
:10816000FBD17047990705D01A7818460133002AC9
:10817000F8D170471846DDE71846A0E7184610BD4D
:108180008AB340EA01039B0730B504468E4618D1F6
:10819000032A07D815E0043A23D01CF0803F20D1F1
:1081A000032A26D92368DEF80050A3F10131AB423F
:1081B00021EA030C2046714604F104040EF1040E7A
:1081C000E9D003780C78A3420FD1013A024406E0CB
:1081D0006BB110F8013F11F8014FA34205D1904255
:1081E000F6D1002030BD10467047181B30BD184630
:1081F00030BD20467146E4E710B5044608438307C6
:1082000001D1032A19D8A44601F1FF3E07E01EF868
:10821000011F03F8011B501E31B19C460246634604
:10822000002AF4D1204610BD94440028FAD003F867
:10823000011B6345FBD1204610BD0B46A4461868C0
:108240001946A0F1013323EA000313F0803F01F146
:108250000403D9D1043A032A4CF8040BEFD8194689
:10826000D2E700BF01292DE9F04115465BD94FF057
:108270000108C64600224FF0FF34434608E0A3EB56
:1082800004081A464FF0010E02EB0E03994210D972
:1082900000EB040CC75C1CF80E60B742EFD332D081
:1082A0004FF001081446C646424402EB0E039942C1
:1082B000EED80127C5F80080BE4600224FF0FF36F9
:1082C0003B4607E09F1B1A464FF0010E02EB0E03E0
:1082D000994210D900EB060C10F803801CF80EC070
:1082E000E045EFD817D001271646BE463A4402EBC8
:1082F0000E039942EED80136601C864201D32F60EE
:108300003046BDE8F081C6450ABF72440EF1010E49
:108310004FF0010EB8E7BE450ABF72440EF1010EE0
:108320004FF0010ED2E701270026E8E72DE9F04FD4
:108330009346ADF21C4D0746894605AA1946584694
:108340001C46FFF78FFF05AB82460DF2144143F840
:10835000044F8B42FBD16CB1601E58440BF1FF32CD
:1083600012F8011FA31A013B06AE5B44824246F895
:108370002130F5D1059B029352460BEB0301584681
:10838000FFF77EFD002878D144F40063804605465F
:10839000A9EB04010393661EA94213D307EB050E54
:1083A00006AA1EF8063052F82330D3B1B8F1000FF8
:1083B00003D0029A9A4288BFA31A1D44A9424FF0E3
:1083C0000008EBD2039907EB090005F02DFE81446C
:1083D000A9EB0401A942E1D200200DF21C4DBDE839
:1083E000F08FD045434638BF5346B3421BD20BF102
:1083F000FF3018440EEB0302019502E00133B34253
:1084000010D0157810F801CFAC4502F10102F5D07B
:108410009E42019D07D9CAF101022A44D5184FF0A6
:108420000008B9E7019DD04580F0888007EB0A027B
:108430002A440AF1FF330BEB0A00019502E098454C
:1084400011D0013B10F801CD12F8015DAC45F6D01A
:10845000019D013308F10108984509D8029B1D448C
:10846000A4EB030898E708F101089845019DF5D9A8
:1084700070460DF21C4DBDE8F08FA4EB0A03534586
:1084800038BF534601330293661E44F4006300254F
:10849000A9EB0401019307EB0608A94208D318F8D9
:1084A000052006AB53F822309BB11D44A942F6D2F9
:1084B000019907EB090005F0B7FD8144A9EB040120
:1084C000A94289D318F8052006AB53F82230002BB7
:1084D000EBD1564519D90BF1FF3007EB0A03504495
:1084E0002B44524602E0013296420ED093F800C06F
:1084F00010F801EFE64503F10103F4D0964204D9E8
:10850000CAF101032B449D18C7E7BAF1000F10D040
:1085100007EB0A0028440BEB0A0201E05A4508D099
:1085200010F801CD12F801EDE645F7D0029B1D448D
:10853000BCE778190DF21C4DBDE8F08F534689E772
:108540002DE9F0410D7890B00446002D48D04A78CE
:10855000002A68D08B78002B46D0C878002877D0C6
:108560000B79002B65D008460E4600F075FB0546DA
:1085700040F40071204605F057FD854242D8FE2D9B
:108580007FD8401B27184022691C6846FFF74CFD26
:108590005DB1721EA81812F8013F03F03F036B444F
:1085A000B11A294490421970F5D1013C635D03F082
:1085B0003F036B441B781C44A74203D227E044448A
:1085C000A74224D314F805C00CF03F0CEC442A4613
:1085D000314620469CF80080FFF752FC0028EED17F
:1085E000204610B0BDE8F081007842EA054238B17B
:1085F00040EA03439A4214F8010FF8D1023CEFE736
:108600009A42FBD00024204610B0BDE8F0817B5D8B
:108610007819002BF6D04FF4006105F005FD0744F2
:10862000A742C2D2EEE7294610B0BDE8F041FFF7FD
:108630003FBD2278002AE5D0096809BA42EA03233F
:10864000204614F8012FB2B19942F7D1C41EC7E7F2
:10865000120442EA0562217842EA0323024641EA13
:10866000020059B1B3EB002F14F8011F4FEA0022AA
:10867000F5D1033CB4E79942C4D1E7E79342C1D1B5
:10868000F7E701462B463246204610B0BDE8F041E0
:10869000FFF74CBE014B93F810027047584501207C
:1086A00038B5074C0023054608462360FAF760F901
:1086B000431C00D038BD2368002BFBD02B6038BD95
:1086C0005482032038B58C46084C114605461A469C
:1086D000604600232360FAF757F9431C00D038BDE9
:1086E0002368002BFBD02B6038BD00BF54820320D1
:1086F00038B58C46084C114605461A46604600239C
:108700002360FAF733F9431C00D038BD2368002BEF
:10871000FBD02B6038BD00BF5482032038B5074C16
:108720000023054608462360FAF708F9431C00D0E9
:1087300038BD2368002BFBD02B6038BD548203204A
:1087400038B58C46084C114605461A46604600234B
:108750002360F9F755F9431C00D038BD2368002B7E
:10876000FBD02B6038BD00BF54820320014B18683A
:10877000704700BFC047012070B50E4E0E4DAE428F
:1087800008D0761BB610002455F8043B01349847F6
:10879000A642F9D8094E0A4D07F032FFAE4208D082
:1087A000761BB610002455F8043B01349847A642C6
:1087B000F9D870BD202F0060202F00606C2F006062
:1087C000202F0060704700BF704700BF704700BF98
:1087D000704700BF082802D14FF48050704708B599
:1087E000FFF7C4FF162303604FF0FF3008BD00BF42
:1087F000000000000000000002780B78012A28BF6A
:108800009A4240F0D8806DE9044540EA0104CDE980
:1088100002676FF0000C4FEA44721AB380EA010459
:1088200014F0070F6BD100F0070420F0070004F0EC
:10883000030521F007014FEAC505F0E8042314F011
:10884000040FF1E804670CFA05F462EA040266EA30
:1088500004060BD063EA0403624667EA040766462F
:1088600004E000BFF0E80423F1E8046782FA4CF565
:1088700082EA0604A4FA8CF46CBB83FA4CF583EA12
:108880000705A5FA8CF595B950E9022351E902676D
:1088900082FA4CF582EA0604A4FA8CF483FA4CF5C9
:1088A00083EA0705A5FA8CF52543DBD09CB92DBAE0
:1088B000B5FA85F424F0070427FA04F1DDE902672C
:1088C00023FA04F303F0FF0001F0FF01FDE8044583
:1088D000A0EB0100704724BAB4FA84F424F0070432
:1088E00026FA04F1DDE9026722FA04F202F0FF0041
:1088F00001F0FF01FDE80445A0EB0100704714F012
:10890000030F3CD110F0030428D150F8082B51F884
:10891000083B82FA4CF582EA0305A5FA8CF55DB9AD
:1089200050F8042C51F8043C82FA4CF582EA030515
:10893000A5FA8CF5002DE8D02DBAB5FA85F424F00F
:10894000070423FA04F122FA04F202F0FF0001F016
:10895000FF01FDE80445A0EB010070474FEAC404A5
:1089600020F0030050F8082B21F0030151F8083BD8
:108970000CFA04F462EA040263EA0403C9E710F0A3
:1089800003041DD0A1EB040120F00300E40750F81C
:10899000042B06D012D28B785FFAA2F4E41A06D127
:1089A0002BB1CB785FFAB2F4E41A00D133B9204688
:1089B0005DF8104B7047A2EB0300704701F1040112
:1089C00050F8042BCC0721F0030151F8043B48D8A0
:1089D00024D222F07F4482FA4CF594EA1325A5FABA
:1089E0008CF50AD165B951F8043B84EA0204B4EB72
:1089F000036F0ED150F8042BEBE74FEA132355E039
:108A000035F07F454DD10878FDE80445C0F1000000
:108A100070474FEA126203F0FF0347E002EA1C448A
:108A200082FA4CF594EA1345A5FA8CF50AD165B99A
:108A300051F8043B84EA0204B4EB034F0CD150F824
:108A4000042BEBE74FEA134330E015EA1C4528D12D
:108A50000B884FEA124229E04FEA124203EA1C4314
:108A600024E002F0FF0482FA4CF594EA1365A5FABB
:108A70008CF50AD165B951F8043B84EA0204B4EBE1
:108A8000032F09D150F8042BEBE74FEA13630DE0F5
:108A900015F0FF0F05D10B684FEA122223F07F4338
:108AA00004E04FF00000FDE80445704712BA1BBA1D
:108AB00082FA4CF482EA0304A4FA8CF5B5FA85F440
:108AC00002FA04F203FA04F34FEA1260FDE80445E7
:108AD000A0EB1360704700BF80EA0102844612F0E9
:108AE000030F4FD111F0030F32D14DF8044D11F0A7
:108AF000040F51F8043B0BD0A3F101329A4312F05A
:108B0000803F04BF4CF8043B51F8043B16D100BF32
:108B100051F8044BA3F101329A4312F0803FA4F1C3
:108B200001320BD14CF8043BA24312F0803F04BF4A
:108B300051F8043B4CF8044BEAD023460CF8013BB7
:108B400013F0FF0F4FEA3323F8D15DF8044B704761
:108B500011F0010F06D011F8012B0CF8012B002A9F
:108B600008BF704711F0020FBFD031F8022B12F08E
:108B7000FF0F16BF2CF8022B8CF8002012F47F4F49
:108B8000B3D1704711F8012B0CF8012B002AF9D151
:108B9000704700BF0000000001F0FF01102A2BDB2E
:108BA00010F0070F08D010F8013B013A8B422DD08E
:108BB00010F0070F42B3F6D1F0B441EA012141EAC7
:108BC000014122F007047FF000070023F0E802567D
:108BD000083C85EA010586EA010685FA47F5A3FA0D
:108BE00087F586FA47F6A5FA87F68EB9EED1F0BC7E
:108BF00001F0FF0102F0070232B110F8013B013A27
:108C000083EA010313B1F8D100207047013870479F
:108C1000002D06BF35460338073815F0010F07D180
:108C2000013015F4807F02BF013015F4C03F0130E0
:108C3000F0BC0138704700BF0000000000000000D9
:108C40000000000000000000000000000000000024
:108C5000000000000000000030B490F800F020F0A8
:108C600007016FF0000C10F0070491F820F040F0BD
:108C700048804FF000046FF00700D1E9002391F81D
:108C800040F000F1080082FA4CF2A4FA8CF283FA68
:108C90004CF3A2FA8CF34BBBD1E9022382FA4CF2DB
:108CA00000F10800A4FA8CF283FA4CF3A2FA8CF3D8
:108CB000E3B9D1E9042382FA4CF200F10800A4FAE6
:108CC0008CF283FA4CF3A2FA8CF37BB9D1E9062338
:108CD00001F1200182FA4CF200F10800A4FA8CF2B2
:108CE00083FA4CF3A2FA8CF3002BC6D0002A04BFFF
:108CF00004301A4612BAB2FA82F200EBD20030BC4B
:108D00007047D1E9002304F00305C4F100004FEAE5
:108D1000C50514F0040F91F840F00CFA05F562EA6D
:108D200005021CBF63EA050362464FF00004AAE790
:108D3000F0B51D4C83B005462068019116461F46CC
:108D4000FFF744FD194A0199136823B35A68206854
:108D50001F2A23DC4DB9541C02325C6043F82210F8
:108D6000FFF736FD002003B0F0BD03EB820E0124B7
:108D7000CEF88860D3F88861944046EA040C022D4E
:108D8000C3F888C1CEF80871E5D1D3F88C512543DA
:108D9000C3F88C51DFE7064B1360D7E7FFF718FDE8
:108DA0004FF0FF30DFE700BF4C4501207079032012
:108DB000747903200148FFF709BD00BF087B032039
:108DC0000148FFF705BD00BF087B0320F8B5064644
:108DD00008200C46FFF7FEFC07463046FEF782FAF5
:108DE000224A93685D6825F00305A5F111031C1B59
:108DF0003C44B4FBF7F4013C07FB04F4A74208DC55
:108E000000213046FFF78AFC184A93682B449842A9
:108E100004D03046FEF76CFA0020F8BD61423046BF
:108E2000FFF77CFC0130114A0DD0114993682D1BCE
:108E300045F001055D600B6830461B1B0B60FEF7BB
:108E400057FA0120F8BD00213046FFF767FC074ABA
:108E50009268831A0F2BDCDD43F001035360054B4E
:108E600003491B68C01A0860D3E700BFA8B90020F7
:108E7000147B0320AC470120002965D02DE9F04187
:108E80000C460746FEF72EFA54F804EC7D49A4F18F
:108E9000080C2EF001030CEB03028D68506895421C
:108EA00020F003000EF0010600F08B8015185060D2
:108EB0006D6805F00105A846AEBB54F8084CACEB54
:108EC000040C2344DCF8084001F1080E74456BD013
:108ED000DCF80C50E560AC60B8F1000F00F08C805D
:108EE00043F00100CCF804001360B3F5007F35D2E5
:108EF000DA0848685C090132012312B2A340034337
:108F00004B6051F83200CCF8080001EBC203083B7B
:108F1000CCF80C3041F832C0C0F80CC03846BDE87F
:108F2000F041FEF7E5B985B9034401F1080E9068F8
:108F3000704543F001047AD0D268C2609060CCF8EA
:108F400004404CF80330D0E770474EF00102B3F50F
:108F5000007F44F8042C4CF80330C9D3B3F5206FDC
:108F60004FEA53204AD2980900F1390212B200F1B7
:108F70003804D20088188A580838904203D15FE03C
:108F80009268904204D0516821F003019942F7D8C9
:108F9000D068CCE90220C0F808C03846C2F80CC03E
:108FA000BDE8F041FEF7A4B9A5BB1844D2E90223FD
:108FB000D3609A6040F00103CCF804304CF8000014
:108FC000ACE7184446B954F8083CACEB030C184421
:108FD000DCE90223D3609A6040F00103CCF804304E
:108FE000294BC1F808C01B68834297D8274B3846E5
:108FF0001968FFF7EBFE91E7034498E714280FD9AF
:10900000542824D8180B00F16F0212B200F16E043C
:10901000D200AFE743F00101CCF8041013607DE704
:1090200000F15C0212B200F15B04D200A2E7C1E9D8
:1090300004CCCCE902EECCF804404CF803306DE7E8
:10904000A4100123A3404C6823434B60A1E7B0F573
:10905000AA7F07D8D80B00F1780212B200F177048A
:10906000D20087E740F25452904206D8980C00F1A3
:109070007D0200F17C04D2007CE74FF47E727E24F6
:1090800078E700BFA8B90020B0470120447B032047
:1090900082B049B15AB16BB113780B601278101ECF
:1090A00018BF012002B0704701A9002AF3D1104671
:1090B00002B070476FF00100F4E700BF30B5436CB9
:1090C00083B005460C4653B153F8240088B10268BA
:1090D00043F824200023C0E9033303B030BD21222C
:1090E0000421FDF791FD034668640028ECD10020BF
:1090F000F3E7012101FA04F35A1D92002846019377
:10910000FDF782FD0028F2D0019B44608360E1E717
:1091100031B1436C4A6853F82200086043F82210CA
:10912000704700BF2DE9F0410E6917460D461C46F9
:1091300001F114024FF0000E11688BB207FB0343DC
:109140004FEA134C090C07FB01CC0EF1010E9BB248
:1091500003EB0C43764542F8043B4FEA1C44EBDC3E
:109160003CB1AB68B34207DD05EB860301365C61B9
:109170002E612846BDE8F081696801318046FFF71D
:109180009DFF0746B0B12A69023205F10C01920039
:109190000C30F9F76BF9D8F844306A6853F82210AC
:1091A000296043F822503D4605EB860301365C6199
:1091B0002E61DEE7024B03483A46BA2104F0B4FFC1
:1091C00044A2002058A20020B0F5803F034636BFDD
:1091D000030400201020B3F1807F3CBF1B02083045
:1091E000B3F1805F06D3B3F1804F0FD29A0012D44F
:1091F000033070471A01B2F1804F00F1040006D22B
:109200009B0108D45B00F3D4202070471A46002A43
:10921000FBDB013070470230704700BF036859071D
:1092200008D0DA071FD499072AD55B08036001220A
:10923000104670479AB282B91B0CDAB2B2B1102252
:10924000190701D104321B09990714D0D90701D499
:1092500001325B08036010467047DAB24AB11A0760
:1092600017D10422EFE700221046704718221B0A8C
:10927000E6E70822FBE7590707D502329B08E9E732
:109280009B080222036010467047DB0804D12022AD
:10929000CEE7DB080322DDE70332DBE738B5436CBA
:1092A00004460D464BB15868B0B102685A600022BE
:1092B0000123C0E90323456138BD21220421FDF7C4
:1092C000A3FC034660640028EDD1094B0948002245
:1092D00040F2451104F028FF1C2201212046FDF731
:1092E00093FC0028F1D001220223C0E90123DEE72C
:1092F00044A2002058A200202DE9F04F0F69156903
:10930000AF4285B00E46904605DB2A4643463D46B1
:10931000884617461E46D8F80830D8F80410EC19CD
:10932000A342B8BF0131FFF7C9FE8446002800F010
:109330009C80143000EB840E704505D2034600215A
:1093400043F8041B9E45FBD8143606EB8702964271
:109350007CD208F1140707EB8505A5EB080308F19B
:109360001508A845A3F11503CDE902E44FEA930AD5
:109370008CBF002401249146E34605E0090C34D15A
:10938000B14500F104005ED956F8041B8AB2002AE8
:10939000F4D0CDE90090B8468646002358F8041B67
:1093A000DEF800001FFA81F94FEA114C81B202FB8E
:1093B0000911000C194402FB0C0000EB114089B2AA
:1093C00041EA004145454EF8041B4FEA1043E5D8F9
:1093D000DDE90090002C4FEA8A0208BF0022024417
:1093E000536056F8041C090CCAD00368CDF80090ED
:1093F0008846BC46864600221946BCF8009008FB09
:10940000092909EB11499BB243EA09434EF8043B91
:109410005CF8043BDEF800101B0C8AB208FB032347
:1094200003EB194365454FEA1342E6D8002C4FEA97
:109430008A02DDF8009008BF00220244B145536063
:1094400000F10400A0D8DDE902E4DC46002C02DCD7
:1094500005E0013C03D05EF8043D002BF9D06046E6
:10946000CCF8104005B0BDE8F08F034B03486246CE
:109470004FF4B17104F058FE44A2002058A200201D
:10948000F8B512F00303144607462FD10E46A41078
:109490002AD03D6C002D32D004F0010364103BB99A
:1094A0002868B8B1054604F001036410002BF7D01A
:1094B0002A4631463846FFF71FFF36B17B6C71688C
:1094C00053F82120326043F8216074B106462868C1
:1094D0000028E7D12A4629463846FFF70DFF00232A
:1094E000286003600546DEE73046F8BD013B0F4AC1
:1094F00052F823200023FFF715FE0646C7E7012197
:109500003846FFF7DBFD054640B1012340F27122EA
:10951000C0E90432002338640360BDE7044B05480A
:109520002A4640F2451104F0FFFD00BF64B8002058
:1095300044A2002058A200202DE9F0470D46914694
:109540002E69AB68496806EB6216741C9C4207469C
:109550004FEA621804DD5B009C4201F10101FADC74
:109560003846FFF7ABFD844600284FD0B8F1000F16
:1095700000F114000BDD08F105010CEB810103463D
:10958000002243F8042B8B42FBD100EB88002969B1
:1095900005F1140319F01F0803EB810E2ED0C8F15A
:1095A000200902464FF0000A196801FA08F141EA61
:1095B0000A0142F8041B53F8041B9E4521FA09FADC
:1095C000F2D8AEEB0503153B23F0030305F11502BA
:1095D000964538BF0023043340F803A0BAF1000FCA
:1095E00000D134467B6C6A68CCF8104053F82210E6
:1095F0002960604643F82250BDE8F087043853F8EC
:10960000042B40F8042F9E45F9D8EAE7034B0448A1
:1096100062464FF4EF7104F087FD00BF44A20020C2
:1096200058A2002003690A6900B5B3EB020E12D1FB
:1096300000F1140C14310CEB820301EB820101E008
:109640009C4508D253F8040D51F8042D9042F7D0F0
:1096500003D24FF0FF3E704600BD4FF0010E704642
:1096600000BD00BF2DE9F04F17460A693B69A2EB28
:109670000308B8F1000F83B00C4615D1143107F17F
:10968000140505EB830501EB830302E0994280F0AA
:10969000858053F8046D55F8042D9642F6D080F07D
:1096A0008A804FF0010805E0FBDB3B464FF00008E5
:1096B0000F461C467968FFF701FD002800F0868000
:1096C0003A692669C0F80C8007F1100107F1140807
:1096D000834600F1140704F1140008EB820E94464F
:1096E00000EB86060023B946C2460A46019450F8AC
:1096F000041B52F8045F8CB21FFA85F8A8EB04082B
:10970000090C9844C1EB154101EB28411FFA88F878
:1097100048EA0144864249F8044B4FEA2143E6D81F
:10972000A146019C301B1538153420F00300A642D9
:1097300038BF00200AEB00010431C4198E4562468F
:109740000846DC4698BF23461AD9A7EB0A0704341B
:10975000C61950F8045B13FA85F82B442D0C05EB61
:1097600028459BB243EA05498645C6F800904FEA72
:109770002543EDD80EF1FF335B1A23F00303234496
:10978000B9F1000F04D153F8041D013A0029FAD0B1
:109790006046CCF8102003B0BDE8F08F0021FFF741
:1097A0008DFC844658B101220023C0E904236046A1
:1097B00003B0BDE8F08F3B4627461C467AE7074BCF
:1097C0000748624640F2372104F0AEFC0246034BE4
:1097D000034840F2452104F0A7FC00BF44A200204A
:1097E00058A200202DE9F043894683B0012157ECAF
:1097F000106B9046FFF762FC0446002846D0C7F382
:109800000A55C7F313030DB143F480130193331EBC
:1098100015D101A8FFF702FD019B636101212030F2
:10982000216115B3A5F233450544C0F13500C9F8EF
:109830000050C8F80000204603B0BDE8F083684639
:109840000093FFF7EBFCDDE9002328B1C0F1200114
:1098500003FA01F10A43C340002B0CBF012102218E
:109860006261A3612161002DDCD104EB8103A0F2D0
:109870003240C9F800001869FFF7A6FCC0EB4110A0
:10988000C8F80000204603B0BDE8F083034B04484D
:10989000224640F20F3104F047FC00BF44A20020F2
:1098A00058A2002049B1FF2A02D80A70012070474F
:1098B0008A2303604FF0FF3070470846704700BFAF
:1098C0002DE9F04F2DED028BD1B00C46079190465B
:1098D0000993824604F0B8FB036811931846FFF71A
:1098E000BBF908221090002120A8FEF79DFBA38958
:1098F000180603D52369002B01F06E8000239FED2D
:10990000728BCDE92533CDE9143327AA0D93249228
:10991000174612931393059345462C466C4BD3F888
:10992000CC61FEF7B7FE20AA034600921AA9224690
:109930005046B047002800F09880C0F28E801A9AF6
:10994000252A034601D01C44E8E7B4EB0508064687
:1099500040F08F8000234FF0FF328DF85F309B4640
:10996000069301342378049201349946A9F1200327
:109970005A2B00F2AF80DFE813F0FE02AD00AD001D
:10998000FA02AD00AD00AD00DD02AD00AD00A802F1
:10999000B702AD00B302C002AD00BC025B005B00C9
:1099A0005B005B005B005B005B005B005B00AD008D
:1099B000AD00AD00AD00AD00AD00AD002101AD00CA
:1099C0009C01AC03210121012101AD00AD00AD00DE
:1099D000AD00A803AD00AD000803AD00AD00AD00C3
:1099E0007302AD006103AD00AD009807AD00AD009E
:1099F000AD00AD00AD00AD00AD00AD002101AD008A
:109A00009C018701210121012101ED0387016C00E7
:109A1000AD000804AD00F8033D0413046C00AD0074
:109A200073026A008303AD00AD00FB07AD006A005E
:109A3000A9F13003002214F8019B02EB820203EB30
:109A40004202A9F13003092BF5D906928EE723785B
:109A50008AE723784BF0200B86E70822002120A814
:109A6000FEF7E2FA01231C4458E7B4EB050806466A
:109A700010D02599269B013143440729C7E9005896
:109A80002693259117DC0837059B43440593002E48
:109A90007FF460AF269B002B41F00383079B9B89DB
:109AA00003F04003002B41F0CF86059851B0BDEC88
:109AB000028BBDE8F08F079924AA504604F038F8CD
:109AC0000028EBD127AFDFE7000000000000000016
:109AD00058450120B9F1000FDCD00023CDE90B334C
:109AE00001228DF8DC908DF85F3008930A92049380
:109AF0000E9337AD0292269A1BF08403904600F035
:109B000005819DF85F1009B3DDF894C000260CF1C3
:109B1000010101200132786007290DF15F00CDE9D4
:109B20002512386000F33E8408377EB1DDF894C01A
:109B30000CF1010118A80232386007294FF0020029
:109B4000CDE92512786000F320840837802B00F0DF
:109B50006583049B0A995E1A002E00F3E8801BF4CB
:109B6000807F40F021810A9B7B601A44259B3D60E9
:109B70000133072B2692259300F3BC8308371BF093
:109B8000040F05D0069B02995D1A002D00F318847E
:109B9000DDE9053102988142ACBF5B181B180593C3
:109BA000002A40F0778300232593089B1BB1089976
:109BB0005046FFF761F927AF2546AEE6099B07330C
:109BC00023F00703B3EC028B9FEDA17BB0EEC86BD3
:109BD000B4EE476BF1EE10FA099300F33986B4EE58
:109BE000488BF1EE10FA81F14685B9F1610F01F071
:109BF0007A83B9F1410F01F07084049B013301F0C5
:109C00007F82B9F1670F18EE903A4BF4807801F03B
:109C1000F584B9F1470F01F0F1840023089318EEA1
:109C2000903A002BC1F20885B0EE487B0026A9F1DE
:109C30004103252B01F2DD81DFE813F0A50CDB09E0
:109C4000DB09DB09700ADD0ADB09DB09DB09DB095B
:109C5000DB09DB09DB09DB09DB09DB09DB09DB09E4
:109C6000DB09DB09DB09DB09DB09DB09DB09DB09D4
:109C7000DB09DB09DB09DB09DB09DB09A50CDB09F7
:109C8000DB09DB09700ADD0A1BF0200F40F0DE85DE
:109C9000099A1BF0100F52F8046B41F01C861BF060
:109CA000400F099201F08E8046F3C038434636B229
:109CB0001FE2B9F1430F03D01BF0100F00F06586CF
:109CC0000822002122A8FEF7AFF9099A37AD1268E1
:109CD00022AB2946504605F0F1F90A90013001F017
:109CE000AE850A9B23EAE3730293099B269A043309
:109CF00009930023CDE90B338DF85F30089304936B
:109D00000E931BF0840390467FF4FBAE0699029EEF
:109D10008E1B002E00F321849DF85F1000297FF434
:109D2000F3AE049B0A995E1A002E7FF718AF4A49DA
:109D3000259B0F91102E27DD39464FF0100837462E
:109D40002E462546079C04E0103F102F01F1080124
:109D500016DD013340481032072BC1E90008CDE978
:109D60002532F1DD24AA2146504603F0E1FE002809
:109D700040F09882103F102FDDE9253227A9E8DC5A
:109D80002C4635463E460F4601330F993960324422
:109D9000072BCDE925327E6000F364841BF4807FBD
:109DA00007F108073FF4DFAEB9F1650F40F3AC826D
:109DB000B5EE408BF1EE10FA40F05283259B274917
:109DC0003960013301320121072B269225937960F6
:109DD00000F37F870837199B0D998B4280F2EB8443
:109DE000109B11991A44C7E90013259B2692013351
:109DF000072B259300F3D38508370D9B5D1E002D9F
:109E00007FF7BDAE1449259B0F91102D40F3978726
:109E1000A146DDF81C8010260C4604E00837103DF2
:109E2000102D40F38B8701331032072BC7E9004612
:109E3000CDE92532F2DD24AA4146504603F078FEF2
:109E4000002840F02F82DDE9253227AFE7E700BF89
:109E5000FFFFFFFFFFFFEF7F20B9002048900020A9
:109E6000DDF8248058F8045B00238DF85F30002D66
:109E700000F0A185B9F1530F00F037871BF01003F4
:109E80000B9340F03287049B002BC1F2FC801A46F2
:109E90000B992846FEF780FE9DF85F300890002859
:109EA00001F04884089A521B0A9222EAE272029256
:109EB0000BB1013202920B9BCDF8248004930E93D8
:109EC0000C9308934FF0730915E6099B53F8042B84
:109ED0000692002A80F27584069A099352420692ED
:109EE00023784BF0040B3FE52B238DF85F3023786C
:109EF0003AE523784BF0800B36E5214611F8019BBB
:109F0000B9F12A0F01F09084A9F13003092B98BF11
:109F1000002201F2DD8211F8019B02EB820203EBC9
:109F20004202A9F13003092BF5D942EAE273049306
:109F30000C461BE5504604F087F843681393184617
:109F4000FEF78AFE15900646504604F07DF88268BA
:109F500023781492002E3FF407AD002A3FF404AD9D
:109F60001278002A3FF400AD4BF4806BFCE42378B8
:109F70004BF0010BF8E49DF85F202378002A7FF472
:109F8000F3AC20228DF85F20EEE41BF0200F4BF0A5
:109F9000100000F02884099B073323F007031A46BA
:109FA000596852F8083B099200228DF85F20049A04
:109FB000002A18DB53EA010220F4906B15D1049AB1
:109FC0009AB910F001031A46029300F07386302309
:109FD0008DF83F31049B0A92CDE90B330E93089321
:109FE0000DF23F1587E520F4806B50AD03F00702BA
:109FF000DB0843EA4173C908303253EA01062846B8
:10A0000005F8012DF2D11BF0010F00F01582302A66
:10A0100000F012823023049905F8013C023850AB5D
:10A020001B1A99424FF00002B8BF1946CDE90B2226
:10A0300008920A93054602910E925CE51BF0200FF0
:10A040004BF0100121D1099B1A1D099B04981B6834
:10A050004FF0000840458DF85F801E4659DB21F027
:10A06000800B002B40F08C850992002840F0E9839A
:10A07000CDE90B000A900E900290089050AD3AE5A1
:10A080001BF0200F00F0BE835946099B073323F0D5
:10A09000070200238DF85F30049BD2F8048052F849
:10A0A000086B0992002B35DB56EA080321F0800B80
:10A0B00031D1049B002B40F0C483CDE90B330A93CC
:10A0C0000E930293089350AD15E523784BF0080BDF
:10A0D0004AE41BF0200F4BF0100300F07A83099A3A
:10A0E000073222F007029B46536852F8086B099228
:10A0F0009846002BC0F2C282049A002A0BDB56EA73
:10A1000008032BF0800B06D1002A00F0418730268F
:10A1100007E009928B460A2E78F1000380F0BF8297
:10A120003036049A9DF85F308DF83F61012AB8BF40
:10A130000122029201220A920DF23F15002B01F03A
:10A140006D83029B013302930023CDE90B33089307
:10A150000E93D0E42378682B03BF63784BF4007B25
:10A1600001344BF0400BFFF7FFBB099A1BF0200FA7
:10A1700002F1040300F08883126805991160C91781
:10A18000516009932546FFF7C8BB23786C2B03BFAA
:10A1900063784BF0200B01344BF0100BFFF7E4BB5E
:10A1A000099A049E52F8041B002047F630038642A9
:10A1B000ADF860308DF85F000B46C0F2DB832BF00A
:10A1C000800545F0020B002940F0D683002E00F0F8
:10A1D000E686099230230122CDE90A210E918DF8FD
:10A1E0003F3102960DF23F154FF078098E460891E7
:10A1F0000C91A5E31BF0200F40F02583099A1BF07A
:10A20000100F52F8043B41F05E831BF0400F00F04A
:10A21000E9859BB2099258460021C5E6069B029942
:10A220005E1A002E7FF795AC8B49259B0F91102E5F
:10A2300024DD38464FF010082F4619462546864C37
:10A2400004E0103E102E00F1080013DD0131103241
:10A250000729C0E90048CDE92512F2DD079924AAB3
:10A26000504603F065FCE8B9103E102EDDE92512DA
:10A2700027A8EBDC2C460B463D46074601330F99D9
:10A2800039603244072BCDE925327E6000F36385C7
:10A2900008375EE4079924AA504603F049FC0028D9
:10A2A0003FF481AC089B002B3FF4F8AB0899504673
:10A2B000FEF7E2FD079B9B8903F04003FFF7F2BB2B
:10A2C000109B11991A44C7E90013259B269201336C
:10A2D000072B259300F3068707F108010028C1F238
:10A2E0001E810D980D6001330244072BCDE9253204
:10A2F000486046DD079924AA504603F019FC00285F
:10A30000D0D1269A27AF3AE40D98259B012802F177
:10A31000010203F1010307F1080140F36481012008
:10A32000072BCDE925323D60786000F32C82109830
:10A33000119E01330244072BC1E90060CDE92532AB
:10A3400000F32D8208310D98B5EE408BF1EE10FA36
:10A3500000F1FF3600F05F81013301353244072BF5
:10A36000CDE925320D604E6000F349810831129825
:10A37000486001330244072B1CA8CDE92532086050
:10A38000B8DC01F10807FFF7FABB07990F9324AA7D
:10A39000504603F0CDFB002884D1269A0F9B27AFAF
:10A3A000FFF7D4BB07990F9324AA504603F0C0FBD4
:10A3B00000287FF477AF269A0F9B27AFFFF7B5BB36
:10A3C000102D259B41F3D580A046DDF81C90234C31
:10A3D000102604E0103D102D07F1080715DD0133AC
:10A3E0001032072BC7E90046CDE92532F2DD24AA59
:10A3F0004946504603F09CFB00287FF453AF103DC4
:10A40000102DDDE9253227AFE9DC21464446884698
:10A4100001332A44072BC7E90085CDE925327FF7B0
:10A42000B7AB079924AA504603F082FB00287FF4BB
:10A4300039AF269AFFF7ACBB049950AA521B914240
:10A440004FF00003B8BF1146CDE90B3308930A92D1
:10A4500002910E93FFF74FBB20B900206CB3002090
:10A460001998002840F300840B9B0D998B42A8BFDC
:10A470000B46002B98460ADD1A44C7E90053259B7A
:10A4800026920133072B259300F3B48708370B9EE0
:10A49000B8F1000FA8BFA6EB0806002E00F3AB82B0
:10A4A0000B9B1BF4806F03EB050940F0CA82199BDC
:10A4B0000D998B4203DB1BF0010F00F07D85109995
:10A4C00011980A44C7E9000125992692013107290C
:10A4D000259100F39B8708370D996E18A6EB0906A6
:10A4E000CD1AAE42A8BF2E46002E0BDD259BC7F825
:10A4F000009001333244072B7E602692259300F3AF
:10A50000D3870837002EA8BFAD1B002D7FF737ABD0
:10A51000B949259B0F91102D40F31184A146DDF818
:10A520001C8010260C4604E00837103D102D40F327
:10A53000058401331032072BC7E90046CDE92532E7
:10A54000F2DD24AA4146504603F0F2FA00287FF4D7
:10A55000A9AEDDE9253227AFE7E72599102E404661
:10A5600040F361870F943A46A846079CA34D1F46C7
:10A5700004E0103E102E02F1080216DD0131103009
:10A5800010230729CDE9251015605360F1DD24AAB9
:10A590002146504603F0CCFA00287FF483AE103EEB
:10A5A000102EDDE9251027AAE8DC3B460F9C174654
:10A5B0002A464546904601F1010C3218BCF1070FBE
:10A5C000CDE925C2C7F800807E6000F336839DF890
:10A5D0005F100837002940F0F880002B3FF4B9AA3B
:10A5E0000B46FFF7A5BA1BF0010F7FF498AE0120D0
:10A5F000072BCDE925323D6078607FF7B8AE07992B
:10A6000024AA504603F094FA00287FF44BAEDDE90B
:10A61000253227A9ABE60D9801287FF7A8AE1128AF
:10A6200075480F9040F3B783A046079F1025044656
:10A6300004E00831103E102E40F3AC830133103299
:10A64000072BC1E90045CDE92532F2DD24AA3946C0
:10A65000504603F06DFA00287FF424AEDDE9253280
:10A6600027A9E7E7079924AA504603F061FA0028D2
:10A670007FF418AE269A27AFFFF771BA2D238DF815
:10A680005F30049B764268EB4808002BFFF643AD31
:10A690000A2E78F100032BF0800BFFF441AD0294F9
:10A6A000CDF8289050A9DDF8509008974FF0000C95
:10A6B0000BF4806426E016EB0803514843F10003D5
:10A6C000A0FB032020F0030202EB90029B1AF31A76
:10A6D0004B484FF0CC32B646474602FB03F268F1D6
:10A6E000000800FB0822A3FB0063BEF10A0F13441D
:10A6F0004FEA560677F10007294646EAC3764FEA45
:10A7000053082DD33E4D16EB080343F10003A5FB80
:10A71000032020F0030202EB90029B1AF31AA3FB22
:10A72000053268F1000005FB00225B0843EAC273B2
:10A7300003EB8303A6EB430330330CF1010C01F868
:10A74000013C4D1E002CB6D099F800306345B2D1C3
:10A75000BCF1FF0FAFD00A2E78F1000380F0B38375
:10A760000499029CCDF8509050AB5A1B9142B8BF4F
:10A770001146DDF82890089F9DF85F30CDF834C071
:10A780000A920291DAE4079924AA504603F0D0F91C
:10A7900000287FF487ADDDE9253227A9C7E50799B1
:10A7A00024AA504603F0C4F900287FF47BADDDE90C
:10A7B000253227A9C7E51BF0010F3FF4E0A9FFF7F9
:10A7C0000FBB09932378FFF7CFB81E460023FFF78E
:10A7D0009EB9099A0432099909920E684FEAE678FF
:10A7E0009B46434685E4099B1A1D099B09921B68F9
:10A7F0000021FFF7D9BB00BF20B900206CB30020B7
:10A80000CDCCCCCC099A1BF0100052F8043B41F09F
:10A8100057801BF0400100F0A8818DF85F009BB2CB
:10A8200004994FF0000841451E46C0F2A9812BF063
:10A83000800B002B40F0A481049B0992002B3FF475
:10A840003CAC00266CE45846FFF7A5BB5B4646E4EB
:10A85000B5EEC08BF1EE10FA2BF0800B00F11E83E9
:10A860009DF85F30B9F1470FCCBFA44DA44D002B2C
:10A8700040F052870322CDE90B3308930A920493E8
:10A880000E930292FFF737B91BF0100F40F07C8255
:10A890001BF0400F40F0A7831BF4007F00F0748290
:10A8A000099A0599126811706BE4964E1BF0200FFF
:10A8B00000F07D81099B073323F007031A4658688F
:10A8C00052F8083B09921BF0010140F05C81049AA8
:10A8D0008DF85F10002AC0F28B8153EA00022BF43E
:10A8E000906B00F0948103F00F02B25C8DF83F2171
:10A8F0001B0943EA0073020953EA10100DF23F15D9
:10A900000BD003F00F001B09305C05F8010D43EA82
:10A910000273120953EA0200F3D1049A50AB4FF0CC
:10A92000000E5B1B9A42CDE90BEEB8BF1A460A93A4
:10A930000292CDF820E0CDF838E000293FF4DBA802
:10A94000029BDDE925C2023302931BF0840390468B
:10A95000614604D1069E0298361A002E06DCBEF12E
:10A96000000F3FF4E5A80226FFF7D1B80223F5E572
:10A97000654E9BE74BF0020B0992634E03F00F020A
:10A980000221B25C4FF07809B0E7099B1B688DF893
:10A99000DC30012302930A9337ADFFF7A6B907997C
:10A9A00024AA504603F0C4F800287FF47BAC269A12
:10A9B00027AFFFF722BA049B0895062B28BF062372
:10A9C00002930A932B460495CDE90B334F4DCDF8F6
:10A9D00024800E93FFF78FB840215046FCF7ACF966
:10A9E000079B18601861002800F06087079A4023D1
:10A9F0005361FEF783BF102E259B40F32E874448FA
:10AA0000DDF81C800F9039464FF01009074604E02E
:10AA10000831103E102E40F32B8201331032072BE9
:10AA2000C1E90079CDE92532F2DD24AA414650463C
:10AA300003F07EF800287FF435ACDDE9253227A944
:10AA4000E7E70D9BDDF83880CDF83CB0EB180493B8
:10AA50000C9BDDF81CB00B94002B4E463946DDF8FC
:10AA60005090159F0E9531DDB8F1000F40F32B810A
:10AA700008F1FF382598139B01303A440728C1E9B3
:10AA800000372692259000F39F800831049B99F8A7
:10AA900000009D1B8542A8BF0546002D0CDD2598B2
:10AAA00001302A440728C1E900652692259000F369
:10AAB0005E8199F800000831002DACBF441B0446AC
:10AAC000002C14DC06440C9B002BCDDCB8F1000FED
:10AAD000CEDCDDE90D35EB189E42CDF850900B9C95
:10AAE000DDF83CB0B1460F4628BF9946DFE4102C94
:10AAF0002598074B2BDD10250A9310E050A100206C
:10AB0000B4A20020D0A20020BCA20020E4A2002019
:10AB100020B90020103C102C01F1080116DD013095
:10AB2000AE4B10320728C1E90035CDE92502F1DD31
:10AB300024AA5946504602F0FBFF00287FF4B2AB2E
:10AB4000103C102CDDE9250227A9E8DC0A9B0B60EC
:10AB5000013022440728CDE925024C6000F35883D8
:10AB600099F8000008310644ADE71BF4007840F086
:10AB7000328204998DF85F8000291E46BFF657AED9
:10AB80000992FFF7C8BA53EA000237D030228DF895
:10AB9000602000228DF85F20049A8DF86190002AD1
:10ABA00023DB2BF4906242F0020B02219BE6099A10
:10ABB0001BF0100F52F8043B099214D11BF0400F08
:10ABC0000DD09BB200207EE624AA5946504602F0E2
:10ABD000AFFF00287FF466AB269A27A956E71BF43F
:10ABE000007F40F0F58100206DE64BF0020B022162
:10ABF00003F00F022BF4806BB25C77E6049B00211C
:10AC00008B428DF85F10C0F241812BF4906B049A57
:10AC1000002A00F0CB80012A33788DF83F31B8BF8D
:10AC20000122002302920122CDE90B3308930A92FC
:10AC30000E930DF23F15FEF75EBF07990F9324AAFE
:10AC4000504602F075FF00287FF42CAB9DF85F1092
:10AC5000269A0F9B002900F0AC801E46DDF894C0B8
:10AC6000034627AFFEF753BF259B5D49396001338B
:10AC700001320121072B26922593796000F37C8114
:10AC8000083700287FF41CAB0D990BF001030B4330
:10AC90003EF475AF109B11991A44C7E90013259B28
:10ACA00026920133072B259300F31C8207F108013C
:10ACB000FFF717BB049B0A93CDE90B330E93089360
:10ACC00050ADFEF718BF0C9B013B09F1FF390C9307
:10ACD000D0E6079924AA504602F02AFF00287FF404
:10ACE000E1AA269A27AFFFF776B80822002122A80A
:10ACF0001B95FDF799F9049B002B7DDB0026029440
:10AD0000CDF82080344698460EE037A9504604F02E
:10AD1000D5F9411C204400F09484404509DC06F13B
:10AD2000040600F0008504461B9A925922AB002AC3
:10AD3000EBD10A94DDF82080029C6AE04C46013396
:10AD40000F9939602A44072B7D60CDE925327EF7C3
:10AD500015AFFFF7CFBA079924AA504602F0E8FED4
:10AD600000287FF49FAA269A27AFFEF7F2BE24AAF6
:10AD70005946504602F0DCFE00287FF493AA99F869
:10AD80000000269A27A997E6099A0599126811608A
:10AD9000FFF7F7B9444601330F9808603244072B98
:10ADA000CDE925324E607FF7E1AA28E4049BFFF746
:10ADB00084B9002B00F00981DDF894C00B4627AF61
:10ADC000FEF7B6BE1BF4007F16BF46F3C0184FEA6D
:10ADD000E67876B24346FFF78CB900BF20B9002071
:10ADE000489000201BF4007100F0F980DBB209925A
:10ADF00058460021FFF7D8B822AB009300231BAAC6
:10AE00001946504604F082F90A90013000F0198486
:10AE10001B950A9B002B00F09F80632B00F34C8155
:10AE20000023089337AD0822002122A8FDF7FCF883
:10AE30000A9E22AB00931BAA33462946504604F0D3
:10AE400065F9864240F042850A9A0023AB5422EA13
:10AE5000E27202929DF85F20049312B1029A0132CD
:10AE60000292CDE90B33CDF824800E93FEF743BE5A
:10AE70000F4601330F9939603244072BCDE9253253
:10AE80007E6000F323810837FFF70ABB33788DF823
:10AE90003F312BF4806B0DF23F153EE52D238DF8ED
:10AEA0005F30B9F1470F4FF000030893049340F36C
:10AEB000E6800322964D0A92CDE90B330E930423CC
:10AEC0000293FEF718BE159A1399AD1A2846FDF79E
:10AED00093F999F801300BB109F101098D4A16EB8C
:10AEE000080343F10003A2FB030727F0030000EB74
:10AEF00097001B1AF31A4FF0CC3168F1000803FBDE
:10AF000001F102FB0811A3FB023001445B0843EA94
:10AF1000C1764FEA510816EB080343F10003A2FB88
:10AF2000031020F0030101EB90015B1AF31AA3FB5D
:10AF3000023168F100005B0802FB001243EAC273B1
:10AF400003EB8303A6EB4303303305F8013C4FF0DA
:10AF5000010C013DFFF7F8BB9DF85F30CDF8248070
:10AF6000003B18BF012302930A9B0493CDE90B33E6
:10AF70000E930893FEF7BFBD079924AA504602F02E
:10AF8000D7FD00287FF48EA91998269A27AF78E676
:10AF90009DF85F3002920A9250ADFFF7CFB8049B44
:10AFA0000992CDE90A330E930C93029350AD4FF002
:10AFB00078099E460893C3E46E18A6EB0906CD1ADD
:10AFC000AE42A8BF2E46FFF79DBA27AFFEF7C1BD20
:10AFD000DBB2002077E48DF85F10DBB220E4099249
:10AFE0005846FEF7E1BF099A059912681180FFF7EC
:10AFF000C8B822AB01931BAB0093B0EE470B049A89
:10B0000019AB022150468DED027B03F041F99DED15
:10B01000027B05461BF0010F40F05582229B5A1B14
:10B02000199B0D92D81C0B93C0F20182049999428E
:10B03000C0F20B819A4200F392820B9B0A931BF49D
:10B04000806F03D00B9B002B00F32D830A9B23EA18
:10B05000E373C34602934FF0670900230E930C93EA
:10B060000BF00201002E00F0CA804FF02D0E8DF87B
:10B070005FE0029B01330293002304935DE403220B
:10B08000254D0A9218E72846FDF7E6FD9DF85F304A
:10B090000A9020EAE0720292002B3EF40CAFFEF719
:10B0A00008BF079C24AA2146504602F041FDA3890F
:10B0B00003F04003FEF7F6BC591C5046FBF73CFE7C
:10B0C0000546002800F0F6830890ACE6079924AA0C
:10B0D000504602F02DFD00287FF4E4A8269A27AF01
:10B0E000FFF7DEB9079924AA504602F021FD002897
:10B0F0007FF4D8A8DDE92532199827A9FFF7EEB823
:10B1000000230893062304934BF48078FEF787BD51
:10B1100050A10020CDCCCCCCB4A20020049B0133A4
:10B120000D93022122AB01931BAB0093B0EE470BB2
:10B1300019AB0D9A50468DED027B03F0A9F80D9BDB
:10B1400029F0200CBCF1460F9DED027B054600EB7B
:10B15000030100F09880B5EE407BF1EE10FA00F0AC
:10B16000D882229B994288BF4FF0450C40F2CF8293
:10B1700030205A1C22921870229B8B42F9D35B1B01
:10B180000D93BCF1470F199B0B9356D0BCF1460FA2
:10B1900000F08F800B9B8DF87090013B002B199372
:10B1A000C0F24C812B22092B8DF8712000F34F81C6
:10B1B00030228DF872200DF17302303302F8013B1A
:10B1C0001CABD31A12930D9B129A012B1A440A92AC
:10B1D00040F341820A9B109A13440A930A9A2BF473
:10B1E000806343F4807B22EAE2720023CDE90B33D3
:10B1F0000E93029234E7049B0D93032192E79DF88E
:10B200005FE0BEF1000F7FF434AF0496FFF795BB0B
:10B2100024AA5946504602F08BFC00287FF442A82D
:10B2200099F80000269A27A906444CE4199B0B9331
:10B230004B1BBCF1470F0D933BD10B9B0333C0F26B
:10B24000F680049B0B9A93420FDA0B9B013BA9F10A
:10B250000209002B8DF870901993A3DA0B9B2D2215
:10B26000C3F101038DF87120A2E70D9B0B9A934265
:10B2700000F375811BF0010F0B9B00F0B282109A56
:10B2800013440A93DBE62B78302B00F06182199B84
:10B290001944B5EE407BF1EE10FAC7D0229B8B42E9
:10B2A000FFF466AF5B1B0D93BCF1470F199B0B932B
:10B2B000C3D00B99049A0BF00103002943EA02035F
:10B2C00040F3CF82002B40F01A820B9B0A934FF081
:10B2D00066091BF4806F40F0E8810A9B23EAE37360
:10B2E000C3460293B9E647F63003ADF86030049BDD
:10B2F000632B4BF0020B00F35C8118EE903A002BAD
:10B30000C0F23B81B0EE480B19A802F0C9FEB4EEC2
:10B31000007B20EE077BB5EE407BF1EE10FA40F0AB
:10B32000408201230026199337AD0896AE48049950
:10B33000B3EE004B2B4606E0B5EE407BF1EE10FA83
:10B3400000F00F82114627EE047BFDEEC76B4A1E0C
:10B3500016EE90CA10F80CE0B8EEE65B9C4637EEAD
:10B36000457B03F801EB0029E6D1B6EE005BB4EEB5
:10B37000C57BF1EE10FA08DCB4EE457BF1EE10FA75
:10B380001ED116EE902AD2071AD5CDF888C013F830
:10B39000011C90F80FC08C451A460AD14FF0300EB0
:10B3A00002F801EC229A511E229112F8011C61450B
:10B3B000F6D0392916BF0131817AC9B202F8011CD1
:10B3C000199A5B1B0D93B9F1610F02F1FF331993C9
:10B3D00000F01F8250214FF04109002B8DF87010B2
:10B3E000C0F20E822B22092B8DF871202FDC0DF17B
:10B3F0007202E2E6079924AA504602F099FB00285F
:10B400007EF450AF269A27AFFFF741B8079924AAD8
:10B41000504602F08DFB00287EF444AF199B269A1B
:10B4200027AFFFF759B8DFF8CC81FFF7C4B80B9B03
:10B43000A9F10209013B8DF8709019930B9A2D2305
:10B440008DF87130C2F101030832BFF6B1AE0DF1D3
:10B450007F0CDFF8A4E162461046AEFB0312D2086F
:10B4600002EB8201A3EB41013031632B00F8011C98
:10B47000134600F1FF32EFDC303302F8013C831E4B
:10B48000634580F0C8810DF1710213F8011B02F8C9
:10B49000011F6345F9D103F5A0736B44CC3B1B1A24
:10B4A0001CAA9B1A12938EE6079924AA504602F012
:10B4B0003FFB00287EF4F6AE199D0D9B269A5D1B7E
:10B4C00027AFFFF71FB8049B4FF0470CE918E0E6E1
:10B4D00000230C460493FEF749BA45F63003ADF855
:10B4E0006030049B632B4BF0020B62DC18EE903A49
:10B4F000002B42DBB0EE480B19A802F0D1FDB4EEF0
:10B50000007B20EE077BB5EE407BF1EE10FA01D117
:10B510000123199300263548089637AD07E74642C0
:10B52000103033480F9052DA1027804603E008317C
:10B53000103E102E4BDD01331032072BC1E900877E
:10B54000CDE92532F3DD079924AA504602F0F0FA3E
:10B5500000287EF4A7AEDDE9253227A9E8E70D9B98
:10B56000109A9A180B9B0A92002B79DD4FF067090D
:10B57000AFE6DFF88080FEF74BBF0023089337ADBE
:10B580002D26B1EE487BB0EE470B19A802F088FDDE
:10B59000B4EE007B20EE077BB5EE407BF1EE10FAB7
:10B5A00004BF01231993B9F1610F3FF4BFAE0F48F7
:10B5B000BDE6049B5046591CFBF7BEFB0546002820
:10B5C00000F03D8108904BF48078FEF728BB0133F2
:10B5D0000F9808603244072BCDE925324E6000F306
:10B5E00002810831FEF77DBEBCA20020D0A200205F
:10B5F00020B900206CB30020CDCCCCCC049A002A1A
:10B6000000F0D480002BC0F22481B0EE487B0026ED
:10B6100022AB01931BAB0093B0EE470B19AB049A1E
:10B62000022150468DED027B02F032FE00239DED9B
:10B63000027B05460893EDE42D26B1EE487BFEF72C
:10B64000F6BA079B9B890022089243F04003079AB1
:10B650009381FEF727BE1BF0010F3FF4BFADB9E5A4
:10B66000C3F101031A4422EAE273C3460A92029329
:10B670004FF06709F1E418EE903A13F000432BF015
:10B68000800B0B9300F09A802D238DF85F30B9F179
:10B69000470F4FF000030893049340F3F880032210
:10B6A000944D0A9208E44FF0670914990B78FF2B28
:10B6B00000F0F88000200B9A0E90844603E00130E1
:10B6C0000131FF2B09D0934207DAD21A4B78002BB5
:10B6D000F5D10B780CF1010CF3E7CDE90B201491B7
:10B6E000CDF838C00C9A0E9B159913440A9A01FBA9
:10B6F00003230A9323EAE373C3460293B0E4109B47
:10B7000002EB01094B440A934FF06609E1E55B1B2C
:10B710000D93199B0B933DE50023032208930A9296
:10B720000493FFF7C9BB049B029CDDF820800A93B9
:10B73000FFF76FBBCDF824801BB3049B0A935A1C00
:10B74000029204900E900C904FF07309FEF7D3B95B
:10B75000B5EE407BF1EE10FA1ED1199B0B93194404
:10B7600066E5002A0491FFF62BAE0499302001EB28
:10B77000030C194601F8010B6145FBD11A44531C17
:10B780001EE6049B0A930293089B0E930C9304936A
:10B790004FF07309FEF7AFB90D9BC3F10103199385
:10B7A00076E500265448089637ADC0E5934273DB32
:10B7B000B0EE487B0123049E049329E79DF85F3097
:10B7C000B9F1470FCCBF4B4D4C4D002B40F086805C
:10B7D000032204930A920E930C9308930292FEF7AD
:10B7E0008AB90A932BE4079924AA504602F0A0F9DB
:10B7F00000287EF457ADDDE9253227A9FEF771BD9B
:10B800002D238DF87130C2F101030832FFF61FAE0F
:10B81000EDE57021E1E502231293D4E4CDE90B3389
:10B8200008930E93FEF767B9099A63780C4652F8AD
:10B83000041B099241EAE1710491FEF795B8079A59
:10B84000938943F0400393814FF0FF330593FEF754
:10B850002CB92D26B1EE487BDAE629490F91FFF786
:10B8600008BBC34633B9012302934FF066090A931C
:10B87000FFF7F3BB109B03F10109049B4B440A93B0
:10B8800023EAE37302934FF06609FFF7E6BB032256
:10B890001A4D0A92FFF710BB01232D260493B1EE37
:10B8A000487BB5E600230E930C931BE70C23CAF8E4
:10B8B0000030C9E7079B08909B8943F04003C6E628
:10B8C0005946FEF7C2BB5846FEF78FBF079B9B89C0
:10B8D00043F04003BBE65B46FEF77DBF00230493C5
:10B8E0000E930C93089303230A9304230293FEF709
:10B8F00002B900BF4CA10020BCA20020B8A20020C9
:10B9000020B90020000000002DE9F04F2DED028B42
:10B91000D1B0904604911C468246099302F094FBF4
:10B92000036811931846FDF797F90822109000213B
:10B9300020A8FCF779FBBAF1000F04D0DAF8343014
:10B94000002B01F0AF81049B5A6EB3F90C30D7077E
:10B9500040F14C859E0400F1C886049943F40053DD
:10B9600022F400528B814A66950401F1F387049B0F
:10B97000B3F90C301A0740F11185049A1269002AB4
:10B9800000F00C8503F01A020A2A00F01685002345
:10B990009FED8D8BCDE92533CDE9143327AA0D9387
:10B9A0002492174612931393069345462C46884BD0
:10B9B000D3F8CC61FCF76EFE20AA034600921AA9C8
:10B9C00022465046B047002800F0FD83C0F2F283C3
:10B9D0001A9A252A034601D01C44E8E7B4EB05086F
:10B9E000064640F0F48300234FF0FF328DF85F30BD
:10B9F0009B46079301342378059201349946A9F1B7
:10BA000020035A2B5CD8DFE813F0E2025B005B00F6
:10BA1000DE025B005B005B00C1025B005B00230297
:10BA200032025B002E02A4025B00A002D000D00014
:10BA3000D000D000D000D000D000D000D0005B00FB
:10BA40005B005B005B005B005B005B00E5005B0094
:10BA50002C014E03E500E500E5005B005B005B00A8
:10BA60005B009C025B005B0043025B005B005B00D1
:10BA7000EE015B00A3035B005B00E8075B005B007B
:10BA80005B005B005B005B005B005B00E5005B0054
:10BA90002C011701E500E500E5004403170113013F
:10BAA0005B003A035B000003EC020F0313015B0031
:10BAB000EE0111016E035B005B004B085B0011019E
:10BAC000B9F1000F00F095830023CDE90B3301227B
:10BAD0008DF8DC908DF85F3008930A9205930E93F1
:10BAE00037AD0292269A1BF08403904600F0DA806C
:10BAF0009DF85F1009B3DDF894C000260CF1010138
:10BB000001200132786007290DF15F00CDE925128F
:10BB1000386000F3758408377EB1DDF894C00CF10D
:10BB2000010118A80232386007294FF00200CDE960
:10BB30002512786000F372840837802B00F063834D
:10BB4000059B0A995E1A002E00F3BD801BF4807FCE
:10BB500040F0F6800A9B7B601A44259B3D600133D0
:10BB6000072B2692259300F3C58308371BF0040F9B
:10BB700005D0079B02995D1A002D00F35D84DDE975
:10BB8000063102988142ACBF5B181B180693002A4D
:10BB900040F0758300232593089B1BB108995046FC
:10BBA000FDF76AF927AF254600E7A9F13003002227
:10BBB00014F8019B02EB820203EB4202A9F130036D
:10BBC000092BF5D907921AE70000000000000000D9
:10BBD00058450120099B073323F00703B3EC028B80
:10BBE0009FEDA57BB0EEC86BB4EE476BF1EE10FA9B
:10BBF000099340F3E585B5EEC08BF1EE10FA2BF01A
:10BC0000800B01F1BA839DF85F30B9F1470FCCBFCB
:10BC10009B4D9C4D002B41F030860322CDE90B3328
:10BC200008930A9205930E9302925BE72378E4E669
:10BC300023784BF0200BE0E61BF0200F40F0158638
:10BC4000099A1BF0100F52F8046B41F015871BF096
:10BC5000400F099201F0E48046F3C038434636B203
:10BC600031E2B9F1430F00F051871BF0100F40F0A3
:10BC70004D87099B1B688DF8DC30012302930A93E2
:10BC800037AD099B269A043309930023CDE90B3382
:10BC90008DF85F30089305930E931BF08403904654
:10BCA0007FF426AF0799029E8E1B002E00F3A58419
:10BCB0009DF85F1000297FF41EAF059B0A995E1A5C
:10BCC000002E7FF743AF7049259B0F91102E27DD83
:10BCD00039464FF0100837462E462546049C04E0AE
:10BCE000103F102F01F1080116DD013366481032B4
:10BCF000072BC1E90008CDE92532F1DD24AA214650
:10BD0000504601F005FF002840F0C182103F102F7F
:10BD1000DDE9253227A9E8DC2C4635463E460F46AC
:10BD200001330F9939603244072BCDE925327E600B
:10BD300000F3CF841BF4807F07F108073FF40AAFBC
:10BD4000B9F1650F40F3E082B5EE408BF1EE10FAE9
:10BD500040F0BE83259B4D493960013301320121FA
:10BD6000072B26922593796000F3A1870837199B4A
:10BD70000D998B4280F2BE84109B11991A44C7E939
:10BD80000013259B26920133072B259300F3A186F0
:10BD900008370D9B5D1E002D7FF7E8AE3A49259BC5
:10BDA0000F91102D40F3EE87A146DDF8108010268C
:10BDB0000C4604E00837103D102D40F3E2870133B4
:10BDC0001032072BC7E90046CDE92532F2DD24AA5F
:10BDD0004146504601F09CFE002840F05882DDE9C3
:10BDE000253227AFE7E7DDF8248058F8045B00230D
:10BDF0008DF85F30002D00F07886B9F1530F00F018
:10BE000062871BF010030B9340F05D87059B002BAE
:10BE1000C1F23F811A460B992846FCF7BDFE9DF8FA
:10BE20005F300890002801F0F184089A521B0A92B2
:10BE300022EAE27202920BB1013202920B9BCDF820
:10BE4000248005930E930C9308934FF0730949E6F1
:10BE5000099B53F8042B0792002A80F25184079A19
:10BE600009935242079223784BF0040BC5E52B232C
:10BE70008DF85F302378C0E5FFFFFFFFFFFFEF7F06
:10BE800050A10020B4A2002030B90020489000202A
:10BE90001BF0200F4BF0100000F08384099B073348
:10BEA00023F007031A46596852F8083B099200220A
:10BEB0008DF85F20059A002A18DB53EA010220F46E
:10BEC000906B15D1059A9AB910F001031A460293A6
:10BED00000F0DF8630238DF83F31059B0A92CDE9D3
:10BEE0000B330E9308930DF23F15FBE520F4806BA6
:10BEF00050AD03F00702DB0843EA4173C908303252
:10BF000053EA0106284605F8012DF2D11BF0010F76
:10BF100000F04181302A00F03E813023059905F878
:10BF2000013C023850AB1B1A99424FF00002B8BFD7
:10BF30001946CDE90B2208920A93054602910E920A
:10BF4000D0E523784BF0080B57E523784BF0800BB6
:10BF500053E5214611F8019BB9F12A0F01F05D85E7
:10BF6000A9F13003092B98BF002201F24E8311F88A
:10BF7000019B02EB820203EB4202A9F13003092B81
:10BF8000F5D942EAE27305930C4638E5504602F0D3
:10BF90005BF8436813931846FCF75EFE159006465F
:10BFA000504602F051F8826823781492002E3FF434
:10BFB00024AD002A3FF421AD1278002A3FF41DADD4
:10BFC0004BF4806B19E523784BF0010B15E59DF8D8
:10BFD0005F202378002A7FF410AD20228DF85F20A7
:10BFE0000BE51BF0200F40F0F584099A1BF0100FB1
:10BFF00052F8043B41F03D851BF0400F00F01B87D9
:10C000009BB209925846002151E7099A1BF0200F74
:10C0100002F1040300F0B483126806991160C91795
:10C02000516009932546C1E4099A059E52F8041B04
:10C03000002047F630038642ADF860308DF85F008F
:10C040000B46C0F22F852BF0800545F0020B00292E
:10C0500040F02A85002E00F0448730238DF83F31D0
:10C0600001230C91099202960DF23F154FF07809C9
:10C070000B918E460E9108910A9300F0F9BC23783B
:10C080006C2B03BF63784BF0200B01344BF0100B8B
:10C09000B3E42378682B03BF63784BF4007B01344F
:10C0A0004BF0400BA9E41BF0200F4BF0100300F005
:10C0B000FF83099A073222F007029B46536852F821
:10C0C000086B09929846002BC0F2FE83059A002A5D
:10C0D0001FDB56EA08032BF0800B1AD1002A00F070
:10C0E000B38630261BE01BF0200F00F0C0835946BA
:10C0F000099B073323F0070200238DF85F30059B6F
:10C10000D2F8048052F8086B0992002B80F2FC826E
:10C110008B460A2E78F1000380F0E7833036059ACB
:10C120009DF85F308DF83F61012AB8BF012202926D
:10C1300001220A920DF23F15002B01F05A84029B56
:10C14000013302930023CDE90B3308930E93C9E426
:10C150001BF0200F4BF01001CAD1099B1A1D099B3F
:10C1600005981B684FF0000840458DF85F801E461B
:10C17000C1F2FF8021F0800B002B40F0E98409928E
:10C18000002840F09383CDE90B000A900E900290B6
:10C19000089050ADA6E4059950AA521B91424FF069
:10C1A0000003B8BF1146CDE90B3308930A92029100
:10C1B0000E9397E40822002120A8FBF735FF012306
:10C1C0001C44FFF7F4BBB4EB0508064611D02599D3
:10C1D000269B013143440729C7E90058269325913E
:10C1E00000F3D3800837069B43440693002E7FF468
:10C1F000FAAB269B002B40F09E86049B0022B3F9ED
:10C200000C3025924CE0079B02995E1A002E7FF7B6
:10C2100097ACAD49259B0F91102E24DD38464FF089
:10C2200010082F4619462546A74C04E0103E102E54
:10C2300000F1080013DD013110320729C0E9004880
:10C24000CDE92512F2DD049924AA504601F060FCE4
:10C25000E8B9103E102EDDE9251227A8EBDC2C46AC
:10C260000B463D46074601330F9939603244072B90
:10C27000CDE925327E6000F32084083760E404991C
:10C2800024AA504601F044FC00283FF483AC089BEC
:10C290001BB108995046FCF7EFFD049BB3F90C3035
:10C2A000049A526ED00702D49A0540F1D3845B06FB
:10C2B00001F14B83069851B0BDEC028BBDE8F08FC5
:10C2C000109B11991A44C7E90013259B269201334C
:10C2D000072B259300F3F08607F108010028C1F22F
:10C2E000C0810D980D6001330244072BCDE9253242
:10C2F000486046DD049924AA504601F009FC002854
:10C30000C5D1269A27AF31E40D98259B012802F16B
:10C31000010203F1010307F1080140F356810120F6
:10C32000072BCDE925323D60786000F342841098F8
:10C33000119E01330244072BC1E90060CDE925328B
:10C3400000F32A8408310D98B5EE408BF1EE10FA17
:10C3500000F1FF3600F09681013301353244072B9E
:10C36000CDE925320D604E6000F33B810831129813
:10C37000486001330244072B1CA8CDE92532086030
:10C38000B8DC01F10807FFF7F1BB049924AA504675
:10C3900001F0BEFB002880D127AF24E7049D504662
:10C3A0002946FBF7C9FC002841F0C882B5F90C30DA
:10C3B00003F01A020A2A7FF4EAAA0499B1F90E20BE
:10C3C000002AFFF6E4AA4A6ED60702D49D0540F182
:10C3D0008186049923464246504601F059FB069057
:10C3E000069851B0BDEC028BBDE8F08F98055FD583
:10C3F00099047FF5B2AA97047FF5BCAA01F0ACBA04
:10C4000004990F9324AA504601F082FB00287FF480
:10C410003EAF269A0F9B27AFFFF77EBB04990F9381
:10C4200024AA504601F074FB00287FF430AF269A0E
:10C430000F9B27AFFFF781BB102D259B41F30D818B
:10C44000A046DDF81090214C102604E0103D102D80
:10C4500007F1080715DD01331032072BC7E9004645
:10C46000CDE92532F2DD24AA4946504601F050FBC1
:10C4700000287FF40CAF103D102DDDE9253227AFE9
:10C48000E9DC21464446884601332A44072BC7E9A4
:10C490000085CDE925327FF772AB049924AA504676
:10C4A00001F036FB00287FF4F2AE269AFFF767BB57
:10C4B000049DA86DFCF78AF9B5F90C306A6E9E04EC
:10C4C0003FF552AAFFF749BA30B900207CB30020EB
:10C4D0001998002840F32F810B9B0D998B42A8BF20
:10C4E0000B46002B98460ADD1A44C7E90053259BEA
:10C4F00026920133072B259300F3D48708370B9E30
:10C50000B8F1000FA8BFA6EB0806002E00F35A846E
:10C510000B9B1BF4806F03EB050940F03D86199BD4
:10C520000D998B4203DB1BF0010F00F0E78410999B
:10C5300011980A44C7E9000125992692013107297B
:10C54000259101F3148008370D996E18A6EB0906A2
:10C55000CD1AAE42A8BF2E46002E0BDD259BC7F894
:10C56000009001333244072B7E602692259301F31D
:10C5700056800837002EA8BFAD1B002D7FF7F6AA06
:10C580008C49259B0F91102D40F3FC83A146DDF8CB
:10C59000108010260C4604E00837103D102D40F3A3
:10C5A000F08301331032072BC7E90046CDE925326D
:10C5B000F2DD24AA4146504601F0AAFA00287FF491
:10C5C00066AEDDE9253227AFE7E71BF0010F7FF408
:10C5D000A6AE0120072BCDE925323D6078607FF7BC
:10C5E000C6AE049924AA504601F092FA00287FF4BE
:10C5F0004EAEDDE9253227A9B9E62599102E404631
:10C6000040F3FF870F943A46A846049C6A4D1F46A4
:10C6100004E0103E102E02F1080216DD0131103048
:10C6200010230729CDE9251015605360F1DD24AAF8
:10C630002146504601F06CFA00287FF428AE103EE7
:10C64000102EDDE9251027AAE8DC3B460F9C174693
:10C650002A464546904601F1010C3218BCF1070FFD
:10C66000CDE925C2C7F800807E6000F3FB829DF80B
:10C670005F10083700295AD1002B3FF461AA0B46FE
:10C68000FFF74DBA0D9801287FF771AE1128494880
:10C690000F9040F38C83A046049F1025044604E0CD
:10C6A0000831103E102E40F3818301331032072BE6
:10C6B000C1E90045CDE92532F2DD24AA39465046CC
:10C6C00001F026FA00287FF4E2ADDDE9253227A942
:10C6D000E7E7049924AA504601F01AFA00287FF4EB
:10C6E000D6AD269A27AFFFF731BA95047FF542A958
:10C6F00001F02BB91BF0010F3FF438AAFFF73CBB48
:10C7000009932378FFF779B956EA080321F0800BE3
:10C710007FF4FFAC059B002B40F0C880CDE90B33C4
:10C720000A930E930293089350ADFFF7DBB91E46B0
:10C730000023FFF7E3B9259B20493960013301321B
:10C740000121072B26922593796000F36086083734
:10C7500000287FF4B5AD0D990BF001030B433FF4B6
:10C7600005AA109B11991A44C7E90013259B26922C
:10C770000133072B259300F39F8407F10801B0E5EF
:10C780001BF0100F40F00A831BF0400F40F0C583F0
:10C790001BF4007F00F00283099A06991268117059
:10C7A0003FE4099B1A1D099B09921B680021FFF7B2
:10C7B0007EBB00BF30B900207CB300204890002031
:10C7C000B4EE488BF1EE10FA80F1FA87B9F1610FFF
:10C7D00000F0A886B9F1410F00F0B783059B013343
:10C7E00000F0CB87B9F1670F18EE903A4BF48078E0
:10C7F00000F07A87B9F1470F00F07687002308939D
:10C8000018EE903A002BC0F26A87B0EE487B002603
:10C81000A9F14103252B00F21E83DFE813F08A07FC
:10C820001C031C031C036004B1041C031C031C0335
:10C830001C031C031C031C031C031C031C031C0300
:10C840001C031C031C031C031C031C031C031C03F0
:10C850001C031C031C031C031C031C031C038A076E
:10C860001C031C031C036004B1045B4621E4099A09
:10C870001BF0100052F8043B41F0DA801BF040013D
:10C8800000F05B818DF85F009BB205994FF00008C6
:10C8900041451E46C0F25C812BF0800B002B40F01E
:10C8A0005781059B0992002B3FF438AF002635E4F1
:10C8B000099A0432099909920E684FEAE6789B4674
:10C8C0004346002BBFF602AC2D238DF85F30059B4D
:10C8D000764268EB4808002BFFF61BAC0A2E78F175
:10C8E00000032BF0800BFFF419AC0294CDF82890D4
:10C8F00050A9DDF8509008974FF0000C0BF48064BD
:10C9000026E016EB0803B94843F10003A0FB03201F
:10C9100020F0030202EB90029B1AF31AB3484FF087
:10C92000CC32B646474602FB03F268F1000800FB32
:10C930000822A3FB0063BEF10A0F13444FEA560618
:10C9400077F10007294646EAC3764FEA53082DD30C
:10C95000A64D16EB080343F10003A5FB032020F0CE
:10C96000030202EB90029B1AF31AA3FB053268F153
:10C97000000005FB00225B0843EAC27303EB83035C
:10C98000A6EB430330330CF1010C01F8013C4D1EC2
:10C99000002CB6D099F800306345B2D1BCF1FF0F3E
:10C9A000AFD00A2E78F1000380F09A840599029C9A
:10C9B000CDF8509050AB5A1B9142B8BF1146DDF8EC
:10C9C0002890089F9DF85F30CDF834C00A920291FC
:10C9D000FFF7B2BB5846FFF761BA854E1BF0200F38
:10C9E00000F0CD80099B073323F007031A465868EF
:10C9F00052F8083B09921BF0010140F0AC80059A07
:10CA00008DF85F10002AC0F2EA8053EA00022BF48E
:10CA1000906B00F0FC8003F00F02B25C8DF83F21B8
:10CA20001B0943EA0073020953EA10100DF23F1587
:10CA30000BD003F00F001B09305C05F8010D43EA31
:10CA40000273120953EA0200F3D1059A50AB4FF07A
:10CA5000000E5B1B9A42CDE90BEEB8BF1A460A9353
:10CA60000292CDF820E0CDF838E000293FF43AA852
:10CA7000029BDDE925C2023302931BF0840390463A
:10CA8000614604D1079E0298361A002E06DCBEF1DC
:10CA9000000F3FF444A80226FFF730B80223ADE5AB
:10CAA000544E9BE74BF0020B0992524E03F00F02DB
:10CAB0000221B25C4FF07809B0E7049924AA5046ED
:10CAC00001F026F800287FF4E2AB269A27AFFFF7A3
:10CAD00037B8049924AA504601F01AF800287FF4C8
:10CAE000D6AB269A27AFFFF754B9059B0895062BBE
:10CAF00028BF062302930A932B460595CDE90B33F5
:10CB00003D4DCDF824800E93FEF7ECBF08220021A6
:10CB100022A8FBF789FA099A37AD126822AB294699
:10CB2000504602F0CBFA0A90013000F086800A9B52
:10CB300023EAE3730293FFF7A4B81BF4007840F0F4
:10CB4000F68105998DF85F8000291E46BFF6A4AED8
:10CB50000992FFF7DEBA53EA00024FD030228DF877
:10CB6000602000228DF85F20059A8DF86190002AE0
:10CB700032DB2BF4906242F0020B02214BE7099A60
:10CB80001BF0100F52F8043B099223D11BF0400F09
:10CB90001CD09BB200202EE7049924AA504600F036
:10CBA000B7FF00287FF473ABDDE9253227A9FFF733
:10CBB000CABB049924AA504600F0AAFF00287FF4BB
:10CBC00066ABDDE9253227A9FFF7B1BB1BF4007F77
:10CBD00040F0A08100200EE74BF0020B022103F091
:10CBE0000F022BF4806BB25C18E700BFCDCCCCCC2D
:10CBF000D0A20020BCA20020E4A20020059B0021BE
:10CC00008B428DF85F10C0F2E9832BF4906B059A8C
:10CC1000002A00F0C980012A33788DF83F31B8BF6F
:10CC20000122002302920122CDE90B3308930A92DC
:10CC30000E930DF23F15FEF755BF0498B0F90C3076
:10CC4000426E43F040018181D00700F17E86990554
:10CC500000F17B86049CA06DFBF7BAFDB4F90C30A3
:10CC6000FFF725BB04990F9324AA504600F050FF0C
:10CC700000287FF40CAB9DF85F10269A0F9B0029CB
:10CC800000F0C6801E46DDF894C0034627AFFEF7CD
:10CC900035BF059B0A93CDE90B330E93089350AD36
:10CCA000FEF720BF5046FAF739FFFEF74CBE049955
:10CCB00024AA504600F02CFF00287FF4E8AA269A08
:10CCC00027AFFFF754B80822002122A81B95FBF7D5
:10CCD000ABF9059B002BC0F2738300260294CDF8BC
:10CCE0002080344698460EE037A9504602F0E6F917
:10CCF000431C204400F04985404509DC06F1040648
:10CD000000F0B48504461B9A925922AB002AEBD15D
:10CD10000A94DDF82080029C0A9B002B00F06783B8
:10CD2000632B40F3BE84591C5046FAF705F80546BC
:10CD3000002800F0888608900822002122A8FBF72E
:10CD400073F90A9E22AB00931BAA3346294650462C
:10CD500002F0DCF9864240F087860A9A0023AB5441
:10CD600022EAE27202929DF85F20059312B1029AC4
:10CD700001320292CDE90B33CDF824800E93FEF7F9
:10CD8000B1BE4C4601330F9939602A44072B7D60B0
:10CD9000CDE925327EF7E9AEFFF7ACBA099A0699DC
:10CDA00012681160FFF73DB9059BB7E444460133B3
:10CDB0000F9808603244072BCDE925324E607FF78B
:10CDC000D5AA0EE4102E259B40F31086B848DDF856
:10CDD00010800F9039464FF01009074604E00831E3
:10CDE000103E102E40F3DE8201331032072BC1E9D2
:10CDF0000079CDE92532F2DD24AA4146504600F003
:10CE000087FE00287FF443AADDE9253227A9E7E75A
:10CE1000002B7CD0DDF894C00B4627AFFEF77FBE19
:10CE20001BF4007F16BF46F3C0184FEAE67876B2CF
:10CE30004346FFF748B91BF4007174D0DBB2099286
:10CE400058460021FFF733B89DF85F3002920A92EE
:10CE500050ADFFF771B922AB01931BAB0093B0EE5D
:10CE6000470B059A19AB022150468DED027B01F06C
:10CE70000FFA9DED027B05461BF0010F40F0CA83BF
:10CE8000229B5A1B199B0D92D91C0B93C0F27C83D9
:10CE900005999942C0F220839A4200F3D3830B9BF9
:10CEA0000A931BF4806F03D00B9B002B00F3EB84E1
:10CEB0000A9B23EAE373C34602934FF067090023FA
:10CEC0000E930C930BF00201002E00F05D814FF0E9
:10CED0002D0E8DF85FE0029B013302930023059332
:10CEE000C3E5059B0992CDE90B330E930A93029398
:10CEF00050AD4FF078099E460893B9E56E18A6EB41
:10CF00000906CD1AAE42A8BF2E46FFF733BB27AFA6
:10CF1000FEF716BEDBB200206DE5099A069912688D
:10CF20001180FFF77EB809925846FEF7C0BF8DF812
:10CF30005F10DBB2A9E4049924AA504600F0E8FD92
:10CF400000283FF45AA9FFF7A8B945F63003ADF819
:10CF50006030059B632B4BF0020B00F3008418EE4E
:10CF6000903A002BC0F2DF83B0EE480B19A801F015
:10CF700097F8B4EE007B20EE077BB5EE407BF1EE38
:10CF800010FA01D10123199300264A48089637ADBB
:10CF90000599B3EE004B2B4606E0B5EE407BF1EE73
:10CFA00010FA00F04384114627EE047BFDEEC76BB8
:10CFB0004A1E16EE90CA10F80CE0B8EEE65B9C46EE
:10CFC00037EE457B03F801EB0029E6D1B6EE005BB6
:10CFD000B4EEC57BF1EE10FA08DCB4EE457BF1EE61
:10CFE00010FA1ED116EE902AD2071AD5CDF888C0B5
:10CFF00013F8011C90F80FC08C451A460AD14FF067
:10D00000300E02F801EC229A511E229112F8011CF6
:10D010006145F6D0392916BF0131817AC9B202F8CB
:10D02000011C199A5B1B0D93B9F1610F02F1FF33DB
:10D03000199300F0A48450214FF04109002B8DF882
:10D040007010C0F292842B22092B8DF8712000F30E
:10D05000AB820DF17202303302F8013B1CABD31AE4
:10D0600012930D9B129A012B1A440A9240F3978354
:10D070000A9B109A13440A930A9A2BF4806343F490
:10D08000807B22EAE2720023CDE90B330E930292F9
:10D0900018E72846FBF7E0FD9DF85F300A9020EA8C
:10D0A000E0720292002B3EF4C9AEFEF7C5BE00BF8F
:10D0B00030B90020D0A20020049924AA504600F0E4
:10D0C00027FD00287FF4E3A8DDE92532199827A978
:10D0D000FFF704B9886DFBF77BFBFFF77AB9059B77
:10D0E00001330D93022122AB01931BAB0093B0EEF1
:10D0F000470B19AB0D9A50468DED027B01F0C8F835
:10D100000D9B29F0200CBCF1460F9DED027B0546DE
:10D1100000EB030100F09681B5EE407BF1EE10FAD2
:10D1200000F06883229B8B4238BF4FF0450C80F0A3
:10D130005F8330205A1C22921870229B8B42F9D3B5
:10D140005B1B0D93BCF1470F199B0B9300F0BD8146
:10D15000BCF1460F00F08C810B9B8DF87090013B69
:10D16000002B1993C0F217822B22092B8DF8712006
:10D1700000F31A8230228DF872200DF173026AE7F3
:10D18000059B0D930321AEE79DF85FE0BEF1000F14
:10D190007FF4A1AE059668E40D9BDDF83880CDF8EC
:10D1A0003CB0EB1805930C9BDDF810B00B94002BF2
:10D1B0004E463946DDF85090159F0E952EDDB8F19C
:10D1C000000F7ADD08F1FF382598139B01303A44AF
:10D1D0000728C1E900372692259063DC0831059BBA
:10D1E00099F800009D1B8542A8BF0546002D0BDD68
:10D1F000259801302A440728C1E900652692259028
:10D2000061DC99F800000831002DACBF441B0446D6
:10D21000002C15DC06440C9B002BD0DCB8F1000F71
:10D22000D0DCDDE90D35EB189E42CDF850900B9C1B
:10D23000DDF83CB0B1460F4628BF9946FFF76FB9FD
:10D24000102C2598B44B1FDD10250A9304E0103CE8
:10D25000102C01F1080116DD0130AF4B1032072808
:10D26000C1E90035CDE92502F1DD24AA5946504631
:10D2700000F04EFC00287FF40AA8103C102CDDE9D9
:10D28000250227A9E8DC0A9B0B600130224407280D
:10D29000CDE925024C6000F3C78099F80000083101
:10D2A0000644B8E724AA5946504600F031FC00284D
:10D2B0007EF4EDAF269A27A991E70C9B013B09F17B
:10D2C000FF390C9380E724AA5946504600F020FC11
:10D2D00000287EF4DCAF99F80000269A27A993E78E
:10D2E000159A1399AD1A2846FAF786FF99F8013076
:10D2F0000BB109F10109894A16EB080343F1000358
:10D30000A2FB030727F0030000EB97001B1AF31A98
:10D310004FF0CC3168F1000803FB01F102FB08116A
:10D32000A3FB023001445B0843EAC1764FEA51088F
:10D3300016EB080343F10003A2FB031020F00301E6
:10D3400001EB90015B1AF31AA3FB023168F10000B4
:10D350005B0802FB001243EAC27303EB8303A6EBF4
:10D360004303303305F8013C4FF0010C013DFFF75A
:10D3700011BB09928B46FEF7CCBE2D238DF85F3092
:10D38000B9F1470F4FF000030893059340F356811E
:10D390000322634D0A92CDE90B330E9304230293CB
:10D3A000FEF7A0BB0F4601330F9939603244072BBB
:10D3B000CDE925327E6000F386810837FFF7A8B8F3
:10D3C00022AB009300231BAA1946504601F09EFE93
:10D3D0000A90013000F0D9811B959DE433788DF8D7
:10D3E0003F312BF4806B0DF23F15FFF72EBB9DF8FC
:10D3F0005F30CDF82480003B18BF012302930A9BC5
:10D400000593CDE90B330E930893FEF76BBB04999C
:10D4100024AA504600F07CFB00287EF438AF19980F
:10D42000269A27AFFFF794B924AA5946504600F030
:10D430006FFB00287EF42BAF99F80000269A27A9ED
:10D440000644E8E62B78302B00F0D781199B19446D
:10D45000B5EE407BF1EE10FA30D0229B8B42FFF408
:10D4600068AE5B1B0D93BCF1470F199B0B932CD03F
:10D470000B99059A0BF00103002943EA020340F3DC
:10D480009F82002B40F02C820B9B0A934FF0660981
:10D490001BF4806F40F0F9810A9B23EAE373C346D3
:10D4A00002930CE5049924AA504600F031FB0028B1
:10D4B0007EF4EDAE269A27AFFFF721B8199B0B93A8
:10D4C0004B1BBCF1470F0D93D2D10B9B03335BDB9E
:10D4D000059B0B9A934210DA0B9B013BA9F10209C1
:10D4E000002B8DF870901993BFF63EAE0B9B2D224A
:10D4F000C3F101038DF871203CE60D9B0B9A93421A
:10D5000000F3A0801BF0010F0B9B00F0F181109A3B
:10D5100013440A93C5E400BF30B90020CDCCCCCC75
:10D5200050A1002047F63003ADF86030059B632B17
:10D530004BF0020B00F3138118EE903A002BC0F26F
:10D54000F280B0EE480B19A800F0AAFDB4EE007B03
:10D5500020EE077BB5EE407BF1EE10FA40F0DD8166
:10D5600001230026199337AD0896B94810E50499B0
:10D5700024AA504600F0CCFA00287EF488AE199B0D
:10D58000269A27AFFEF7E0BF0B9BA9F10209013BEA
:10D590008DF8709019930B9A2D238DF87130C2F18C
:10D5A00001030832BFF6E6AD0DF17F0CDFF8B4E2FF
:10D5B00062461046AEFB0312D20802EB8201A3EBD7
:10D5C00041013031632B00F8011C134600F1FF329A
:10D5D000EFDC303302F8013C831E634580F00F829C
:10D5E0000DF1710213F8011B02F8011F6345F9D117
:10D5F00003F5A0736B44CC3B1B1A1CAA9B1A129315
:10D600002FE5DFF86482FFF726B800230C46059368
:10D61000FEF7F5B9059B4FF0470CE91818E7049998
:10D6200024AA504600F074FA00287EF430AE199D0A
:10D630000D9B269A5D1B27AFFEF79CBF0322854DED
:10D640000A92A8E60D9B109A9A180B9B0A92002B3F
:10D6500040F3AA804FF067091AE7DFF80C82FEF763
:10D6600013BF464210307C480F901FDA10278046C7
:10D6700003E00831103E102E18DD01331032072B65
:10D68000C1E90087CDE92532F3DD049924AA50468B
:10D6900000F03EFA00287EF4FAADDDE9253227A934
:10D6A000E8E70023089337ADFFF746BB01330F9837
:10D6B00008603244072BCDE925324E6000F320810B
:10D6C0000831FEF70EBE049924AA504600F020FA55
:10D6D00000287EF4DCAD269A27AFFEF719BF2D2671
:10D6E000B1EE487BFFF794B8059A002A00F04A8112
:10D6F000002BC0F26181B0EE487B002622AB019383
:10D700001BAB0093B0EE470B19AB059A02215046B4
:10D710008DED027B00F0BCFD00239DED027B0546F4
:10D720000893FFF7A9BB0023089337AD2D26B1EE70
:10D73000487BB0EE470B19A800F0B2FCB4EE007BBA
:10D7400020EE077BB5EE407BF1EE10FA04BF01231B
:10D750001993B9F1610F3FF408AF404818E4059BF5
:10D760005046591CF9F7E8FA054600283FF465AA27
:10D7700008904BF48078FFF743B800230893062302
:10D7800005934BF48078FFF73BB8049B9B890022FC
:10D79000089243F04003049A9381FEF778BD1BF092
:10D7A000010F3FF469AC63E4C3F101031A4422EAB8
:10D7B000E273C3460A9202934FF06709FFF77FBBFB
:10D7C00018EE903A13F000432BF0800B0B9300F00F
:10D7D000E1802D238DF85F30B9F1470F4FF0000342
:10D7E0000893059340F30F8103221D4D0A92D2E561
:10D7F0005B1B0D93199B0B93AEE4B5EE407BF1EEF2
:10D8000010FA78D1199B0B93194459E6CDF824806E
:10D81000002B00F08880059B0A935A1C0292059009
:10D820000E900C904FF07309FEF75CB9002A059139
:10D83000FFF6F7AB0599302001EB030C194601F810
:10D84000010B6145FBD11A44531CFFF7EABB00BF33
:10D85000BCA20020B4A2002030B90020D0A2002039
:10D860004CA10020CDCCCCCC7CB30020059B029CED
:10D87000DDF820800A93FFF74FBA002303220893B4
:10D880000A92059387E54FF0670914990B78FF2BEF
:10D8900000F0D18000200B9A0E90844603E0013006
:10D8A0000131FF2B09D0934207DAD21A4B78002BB3
:10D8B000F5D10B780CF1010CF3E7CDE90B201491B5
:10D8C000CDF838C00C9A0E9B159913440A9A01FBA7
:10D8D00003230A9323EAE373C3460293FFF7F2BAE2
:10D8E000109B02EB01094B440A934FF06609CFE508
:10D8F0000A93FFF7D6BA0D9BC3F101031993A6E56E
:10D90000049924AA504600F003F900287EF4BFAC25
:10D91000DDE9253227A9FEF7E4BC00265848089621
:10D9200037ADFFF735BB059B0A930293089B0E9317
:10D930000C9305934FF07309FEF7D4B8049A536E15
:10D94000DB0702D493899F0579D54FF0FF33069307
:10D95000FEF7B0BCD007F8D4049B9B899905F4D49A
:10D96000049B986DFAF734FFEFE72D238DF87130A3
:10D97000C2F101030832FFF617AEFFF76ABB702150
:10D98000FFF75CBB934242DBB0EE487B0123059E70
:10D990000593B3E69DF85F30B9F1470FCCBF394D21
:10D9A000394D002B55D1032205930A920E930C9307
:10D9B00008930292FEF796B82D26B1EE487B9DE6BD
:10D9C000C34633B9012302934FF066090A93FFF768
:10D9D00076BA109B03F10109059B4B440A9323EA95
:10D9E000E37302934FF06609FFF769BA27490F9175
:10D9F000D9E4CDE90B3308930E93FEF773B80223F5
:10DA00001293FFF72EBB03221F4D0A92C3E401239A
:10DA10002D260593B1EE487B70E6099A63780C4693
:10DA200052F8041B099241EAE1710591FDF7E5BF47
:10DA30005946FEF794BB00230E930C9342E7906D7A
:10DA4000FAF7C6FE81E7049B08909B8943F04003E8
:10DA5000A1E6002305930E930C93089303230A93E6
:10DA600004230293FEF73EB8049B9B8943F04003D6
:10DA700091E65846FEF797BE5B46FEF71BBF00BF18
:10DA8000BCA200204CA10020B8A2002030B9002088
:10DA9000F0B50D46ADF2744D164689896A6E1B923B
:10DAA000EA89ADF8162021F00201EA69ADF81410F8
:10DAB00009921CA96A6A0291074606910B924FF4DB
:10DAC0008061002218A80193049107910892FAF747
:10DAD00079FE3246019B02A93846FDF715FF061E66
:10DAE00007DB02A93846F9F7F5FE002818BF4FF00A
:10DAF000FF36BDF814305B0603D5AB8943F0400315
:10DB0000AB811898FAF760FE30460DF2744DF0BD07
:10DB1000936810B514461BB918460023636010BD06
:10DB200000F094F80023A3600023636010BD00BFE1
:10DB30002DE9F0411546926802B32C6807468846E5
:10DB4000083401E00834C9B16B68581E002B114637
:10DB5000686013DD54F8046C002EF3D0334654F89B
:10DB6000082C4146384602F057FC431C07D0AA68EF
:10DB7000921B1146AA6008340029E5D10020002339
:10DB8000C5E90133BDE8F08170B5002941D00646F2
:10DB90000C4610B1436B002B3ED0F9F7DDFF636EEE
:10DBA000B4F90C20DD0730D4900538D52146304635
:10DBB000F9F7F6FDE36A054633B1E1693046984767
:10DBC0000028B8BF4FF0FF35A3891A0639D4216B5E
:10DBD00041B104F14003994202D03046FBF74CF9C1
:10DBE00000232363616C21B13046FBF745F9002324
:10DBF0006364636E0022DB07A2811ED5A06DFAF775
:10DC0000E3FDF9F7AFFF284670BD002ACED1F9F742
:10DC1000A9FF0025284670BDF9F780FFBDE7A06D7C
:10DC2000FAF7D4FDB4F90C30002BBFD1636ED907DD
:10DC3000EDD4A06DFAF7CCFDE9E7A06DFAF7C8FDC9
:10DC4000DCE721693046FBF717F9C0E79368002B42
:10DC500000F0B7802DE9F04FB1F90CC01CF0080FAF
:10DC600083B00C46804617462DD00B695BB31CF081
:10DC700002033E6833D04FF0000ADFF8C4B25546C5
:10DC8000B9465D452B46524628BF5B464046B5B176
:10DC9000E169676AB847002840F38B80D9F80830FB
:10DCA0001B1A8244C9F80830002B79D02D1A5D4523
:10DCB0002B46524628BF5B464046002DE8D1D6E9A8
:10DCC00000A50836DDE721464046FAF735F800287A
:10DCD00074D1B4F90CC03E681CF00203CBD11CF027
:10DCE000010A70D1236800975546002D54D01CF4CA
:10DCF000007FD4F80890184600F0AB80A945CB46C9
:10DD000000F2E4801CF4906F34D021696269A3EBC7
:10DD1000010902EB420202EBD27209F10103521037
:10DD20002B44934294BF93469B46934288BF1A4626
:10DD30001CF4806F00F0E98011464046F8F7FCFFC4
:10DD4000002800F0F7804A4621690190F4F78EFB25
:10DD5000A289019B22F4906242F08002A28103EB2F
:10DD600009002361ABEB0903C4F814B0A360206081
:10DD7000A946AB4651465A46FAF7C4F8A26823684A
:10DD8000A2EB0902A260009A91685B44491B2360E0
:10DD9000916029B1B4F90CC0D6E900A50836A4E712
:10DDA000002003B0BDE8F08F21464046F9F792FD10
:10DDB00068B3B4F90C3043F04003A3814FF0FF3057
:10DDC000EFE7002070471D469A461846B946009373
:10DDD00065B3002831D05246D4E904132068AA4222
:10DDE00028BF2A46884204D9A16803EB010B5A4593
:10DDF0007CDC93426DDCE169009A676A4046B84773
:10DE0000B0F1000BD5DDBAEB0B0ACDD00120D9F86B
:10DE10000830A3EB0B03C9F80830002BC0D0009BDF
:10DE2000A5EB0B055B440093002DD2D175683346FA
:10DE30000836002DFAD01B680093009F2A460A215D
:10DE40003846FAF7A9FE002871D00130A0EB070A86
:10DE5000C1E722699A4221D36269AA421ED86FF0B3
:10DE60000043AB4228BF2B46E16993FBF2F3676A9C
:10DE700002FB03F340465246B847B0F1000998DD73
:10DE8000009A9368A3EB0903A5EB09059360002BA7
:10DE900086D0B4F90CC02368CA4426E7A94528BF38
:10DEA000A94618464A465146FAF72CF8A268236854
:10DEB000A2EB09024B44A2602360002AE0D1214674
:10DEC0004046F9F707FD0028DAD072E7A946AB46CD
:10DED00050E700990192FAF715F8019AA3689B1A86
:10DEE000A36023681344236093468CE700995A4645
:10DEF000FAF708F823685B44236021464046F9F7A7
:10DF0000E9FC00283FF47FAF53E74046F9F700FAF9
:10DF1000034600287FF423AF21694046FAF7ACFF9F
:10DF2000A3890C22C8F8002023F0800343E76A1C71
:10DF3000924651E70C22B4F90C30C8F800203AE7B9
:10DF400000FCFF7FB1F90C20930706D501F14303D4
:10DF50000122C1E904320B60704730B50B46B1F9BC
:10DF60000E10002999B0044632DB02AA009300F09B
:10DF70006FF80028009B29DB4FF480612046009356
:10DF8000039DF8F7D9FE009BB3F90C20002839D087
:10DF900005F4704142F0800218601861B1F5005F2D
:10DFA0004FF480609A8158613AD1B3F90E10009312
:10DFB000204600F061F8009BB3F90C2080B322F0FA
:10DFC000030242F001024FF4006117E0B3F90C20A4
:10DFD000019312F0800F0CBF4FF480614021204666
:10DFE0000091F8F7A9FE019B0099B3F90C2048B104
:10DFF000C3E9040142F08002186000210A439A81BB
:10E0000019B030BD9105FBD422F0030203F14301A6
:10E0100042F002020120C3E904109A811960EFE77F
:10E020004FF40061EAE700BF59B1034600EB010C71
:10E0300002E001339C4504D01A78002AF9D1181A5D
:10E0400070470846704700BF0048704730470120BE
:10E0500038B5084C00230546084611462360F4F7FE
:10E060008BFC431C00D038BD2368002BFBD02B60F9
:10E0700038BD00BF5482032038B5074C0023054645
:10E0800008462360F4F77EFC431C00D038BD2368AB
:10E09000002BFBD02B6038BD548203200000000011
:10E0A0004DF804BD83B08DED000B019ADFF870C010
:10E0B00022F0004300216345016025D8DDF800C04F
:10E0C00053EA0C0C20D0DFF85CC002EA0C0CBCF167
:10E0D000000F0AD19FED107B20EE077B8DED007BBA
:10E0E000019A6FF0350122F00043DDE900BC6FF3C7
:10E0F0001E5242F07F5C1B154CF4001CA3F2FE3351
:10E10000CDE900BC0B4403609DED000B03B05DF84E
:10E1100004BB7047AFF300800000000000005043D4
:10E12000FFFFEF7F0000F07F00B50B4C24688646B0
:10E1300085B0E0689C460C4652B108490094CDE990
:10E14000011273460649624600F0ECFFF4F722FC28
:10E1500004490A46F2E700BFC0470120ECA20020B4
:10E16000FCA20020803D00202DE9F04F03690C69DE
:10E17000A34283B0C0F28880013C01F1140500F194
:10E18000140855F8243058F82420013308EB84068D
:10E190009A4200964FEA840B05EB8407B2FBF3F634
:10E1A0003AD300230191C64629469C4651F8042BD8
:10E1B000DEF800901FFA82FA06FB0A334FEA134A90
:10E1C000120C06FB02A29BB21FFA89FAAAEB030308
:10E1D00063441FFA82FCCCEB234C0CEB194C9BB232
:10E1E00043EA0C438F424EF8043B4FEA2C4C4FEA73
:10E1F0001243DBD258F80B3001996BB9009B043BFA
:10E20000984504D307E0984504F1FF3403D21A6817
:10E21000043B002AF7D004618146FBF703FA00288B
:10E220002EDB01364146002255F8040BD1F800C020
:10E230001FFA80FE1FFA8CF3A3EB0E031344020CAB
:10E24000C2EB234202EB1C429BB243EA0243AF42C1
:10E2500041F8043B4FEA2242E6D258F8242008EB6A
:10E2600084036AB9043B984504D307E0984504F158
:10E27000FF3403D21A68043B002AF7D0C9F81040D3
:10E28000304603B0BDE8F08F002003B0BDE8F08F4A
:10E290002DE9F04F93B08DED000B0491816B1C9D27
:10E2A000069257EC106B0446089341B1C26B4A606A
:10E2B000012393408B60FAF72BFF0023A363B7F190
:10E2C0000008B4BF012300232B60A34BBCBF28F080
:10E2D0000048CDF8048033EA080300F092809DEDF9
:10E2E000007BB5EE407BF1EE10FA0DD1089A0123C8
:10E2F00013601D9B13B11D9A984B1360984B0293AA
:10E30000029813B0BDE8F08F10AAB0EE470B11A928
:10E3100020468DED027BFBF765FA5FEA18539DED11
:10E32000027B109A834640F08280119B134403F2D3
:10E330003241202940F3E281C1F1400108FA01F89D
:10E3400003F2124126FA01F148EA010106EE101A21
:10E35000B8EE466B013B16EE901A4FF00108A1F1A2
:10E36000F8719FED772BB7EE081B9FED775B9FED64
:10E37000784B06EE901A03EE903A36EE416BB8EE0B
:10E38000E33BA6EE025BB0EE456BA3EE046BFDEE45
:10E39000C65BB5EEC06BF1EE10FACDED055A00F19B
:10E3A000C0800599D21A162902F1FF3A00F2A48022
:10E3B0006C4B03EBC10393ED006BB4EEC67BF1EE47
:10E3C00010FA00F1A281002A40F3C0840027CDE9B1
:10E3D0000A178A4400230993049B092B3DD8052B77
:10E3E000C4BF043B0493049BA3F10203CCBF0025EC
:10E3F0000125032B33D8DFE813F0FA01F701ED0113
:10E400009201089AC8F3130842F20F7358EA0608FB
:10E4100013601BD11D9B002B00F04286524B0293D0
:10E4200008331D9A0298136013B0BDE8F08F17EE01
:10E43000901AB0EE476BC1F3130141F07F51A3F284
:10E44000FF3341F440114FF000088AE71D9B002B79
:10E4500040F06181454B029352E70023049300256D
:10E46000E563294620468DED067BFAF727FE9DEDF4
:10E47000067B0290002800F0B485119A029BA363EA
:10E48000002A75DB05990E2972DC364B03EBC103BC
:10E4900093ED003B87EE036BBDEEC66B029916EE63
:10E4A000103A303301F8013B4FF0FF39B8EEC65B4C
:10E4B000A5EE437B0123B2EE044B11E087EE036B24
:10E4C000BDEEC66B013316EE102A4B4502F1300249
:10E4D000B8EEC65B01F8012BA5EE437B00F0A384E8
:10E4E00027EE047BB5EE407BF1EE10FAE6D1059BFA
:10E4F000013304930D46ECE001230B93059BBAF125
:10E50000000FBABFC2F101074FF0000A0027002B2D
:10E5100080F2F180059BFF1A5B42099300230A9366
:10E520005AE7B8EEE55BB4EE465BF1EE10FA3FF465
:10E5300038AF05990139059133E700BFAFF300808B
:10E5400061436F63A787D23FB3C8608B288AC63FF9
:10E55000FB799F501344D33F0000F07F4990002087
:10E5600048900020180700202CA3002038A300208A
:10E570004FF0FF390695CDF83090B8F1000F00F05C
:10E58000E984DDF8248002F23342012120469244DE
:10E59000BD18FAF783FE0646002F40F09F82099BC4
:10E5A000002B00F09383B8F1000F40F077835946B9
:10E5B000099A2046FAF764FF012383460993012153
:10E5C0002046FAF76BFE0A9B8046002B40F04582FE
:10E5D000049B012B40F3AA820120504410F01F003D
:10E5E00000F008811B2800F3D582C0F11C0005440F
:10E5F00007448244002D05DD59462A462046FAF795
:10E600009BFF8346BAF1000F05DD41465246204686
:10E61000FAF792FF80460B9B002B40F00082B9F185
:10E62000000F40F3D781099B002B40F02481059B0C
:10E6300001330493029F012507E0594600230A2273
:10E640002046FAF76FFD0135834641465846FFF7ED
:10E650008BFD4D4500F1300A07F801ABEDDB029B65
:10E66000B9F1000F03F1010209F1FF394FF0000386
:10E67000D8BF4FF00009914400935946012220462B
:10E68000FAF75AFF41468346FAF7CCFF002840F3D9
:10E690002083029A02E0914500F026834D4609F15D
:10E6A000FF3915F8013C392BF5D0013389F80030DA
:10E6B00041462046FAF72CFD5EB1009B2BB1B342D8
:10E6C00003D019462046FAF723FD31462046FAF7D3
:10E6D0001FFD59462046FAF71BFD00232B70089BAF
:10E6E000049A1A601D9B002B3FF40AAE02981D602D
:10E6F00013B0BDE8F08F9A440A936BE6C1F1200194
:10E7000006FA01F106EE101A22E6059B013B05937D
:10E7100000230B93F2E6AC4B0293033381E6012313
:10E720000D93DDE90523134403F101094E46012E43
:10E730000C93B8BF0126172E40F39C8401220423BA
:10E740005B0003F11400B042114602F10102F7D957
:10E75000E16320468DED0E7BFAF7B0FC02900028B5
:10E7600000F03F84B9F10E0F9DED0E7BA06346D8FB
:10E77000002D44D00599002940F3F182934B01F01C
:10E780000F0203EBC203CD0593ED006B4FEA21139B
:10E7900040F18A838E4A92ED085B03F00F03032158
:10E7A00087EE054B002B00F0FB81894A01E05B10EE
:10E7B0000832D80703D45B100832DE07F7D592ED94
:10E7C000005B5B1001F1010126EE056B00F0E881B2
:10E7D0000832F2E701230D93069B002B40F38B8157
:10E7E000069E0C96B146A6E700230D9399E70023F9
:10E7F0000D93F1E71C20054407448244FAE6119A80
:10E80000002AC0F24081059B0E2B00F33C816F4B28
:10E81000059A03EBC20393ED003B069B002B80F2AD
:10E82000ED82B9F1000F00F3E98240F08682B1EE8B
:10E83000046B23EE066BB4EEC67BF1EE10FA49468C
:10E8400040F27C82029D312305F8013B2046FAF715
:10E850005FFC059B023304933BE7314600230A2209
:10E860002046FAF75FFC0C9B002B064640F3FA8328
:10E87000DDF830900595002F05DD31463A462046FB
:10E88000FAF75AFE06460A9B002B40F0F6823746FE
:10E89000029D6B1E4B440A93009B03F001030C93F3
:10E8A00041465846FFF760FC31460B9000F1300AB4
:10E8B0005846FAF7B7FE414681463A462046FAF7EF
:10E8C000D1FEC3680146002B36D109905846FAF7AD
:10E8D000A9FE099906902046FAF71AFC069A002A22
:10E8E0005AD1049B1BB90C9B002B00F0A483B9F1F7
:10E8F000000F43DB0A9BA9469D4209F801AB00F0DB
:10E90000D782594600230A222046FAF70BFCBE4262
:10E91000834631464FF000034FF00A02204635D0BF
:10E92000FAF700FC3946064600230A222046FAF789
:10E93000F9FB4D460746B3E72046FAF7E9FBB9F184
:10E94000000F08DB009B03F00102049B49EA030966
:10E9500052EA09022ED1594601222046FAF7ECFD6F
:10E9600041468346FAF75EFE002840F34183BAF140
:10E97000390F00F024830B9B03F1310A05F801AB3A
:10E98000059B0096013304933E4691E6FAF7CAFBD5
:10E990004D460646074683E7B9F1000FC0F284836F
:10E9A000049B49EA03090C9B53EA090900F07C83A4
:10E9B000002A9FDDBAF1390F00F001830AF101034B
:10E9C00005F8013BDCE700BF38A300201807002052
:10E9D000F0060020049B022B7FF725AEB9F1000F53
:10E9E00040F0008241464B4605222046FAF79AFB4A
:10E9F000014680465846FAF715FE484540F3F28135
:10EA0000029D312305F8013B41462046FAF780FB81
:10EA1000059B02330493002E7FF457AE59E641461E
:10EA20005846FAF7FFFD0028BFF6F9AD5946002316
:10EA30000A222046059DFAF775FB099B013D834696
:10EA4000002B7FF40AAF0C9B002B40F3FE82059B4A
:10EA5000DDF8309004930595ECE51A460146204612
:10EA6000FAF70EFD049B012B804640F3F981002349
:10EA70000A93D8F8103008EB83031869FAF7A4FB5F
:10EA8000C0F12000A9E50D9B73B9002F67D1099B48
:10EA9000002B74D11D461E4691E5119A002A03DB16
:10EAA00005990E297FF7B4AE049B012B7FF765AD66
:10EAB000099B09F1FF384345C0F27781B9F1000F96
:10EAC000A3EB080880F2BE82A7EB090301212046D0
:10EAD0000D93FAF7E3FB3D460D9F0646BAF1000F92
:10EAE0007FF75DAD57453B46A8BF5346ED1AFF1A69
:10EAF000AAEB030A53E50021E16320468DED067B76
:10EB0000FAF7DCFA9DED067B0290002800F069829E
:10EB1000029BA363002D40F09F81119AAA42C0F28C
:10EB20007C8201230C93994606936CE6009B002B94
:10EB30007FF452AD019BC3F31303002B7FF44CAD64
:10EB4000019B23F000431B0D1B05002B3FF444AD3C
:10EB5000012301350AF1010A0A9318463DE5BAF18D
:10EB6000000F00F0FE8157453B46099EA8BF534663
:10EB7000FD1AAAEB030A2F46002E3FF420AD59469A
:10EB8000099A2046FAF77CFC0023834609933D4608
:10EB90001E4614E51C283FF42DADC0F13C002AE6CA
:10EBA00084EE065B0B9B3BB1B7EE006BB4EEC65B2D
:10EBB000F1EE10FA00F1E081B1EE0C4B06EE901A86
:10EBC000B8EEE66BA6EE054B14EE901A53EC142B40
:10EBD000A1F15073B9F1000F00F09B80DDF814C073
:10EBE000484643EC142BB64B029DFDEEC53B03EBB0
:10EBF000C00212ED022B13EE902A02F1300E0D9A94
:10EC0000691CB8EEE36B0E4635EE466B002A00F049
:10EC10005B81B6EE003B83EE025B35EE445BB4EE07
:10EC2000C65BF1EE10FA85F800E000F32782B7EE3C
:10EC3000001BB2EE043B002518E001358542BFF60B
:10EC40002CAF26EE036B25EE035BFDEEC64B14EEF8
:10EC5000902AB8EEE42B303236EE426BB4EEC56B40
:10EC6000F1EE10FA01F8012B00F1DF8131EE464B95
:10EC7000B4EEC54BF1EE10FADFD5029A0CF1010C9F
:10EC800002E0914200F097810D4611F8013D392BC9
:10EC9000F7D001330B70CDF810C01AE5314642466B
:10ECA0002046FAF7EDFB5A46014606462046FAF79B
:10ECB00023FB59460D902046FAF72AFA099BDDF806
:10ECC00034B0B3EB080309937FF471AC01230993CB
:10ECD00075E403D11AF0010F7FF4DBAC4D4619F84F
:10ECE000013D302BFAD0E3E4059B029A02330493F2
:10ECF00031231370DCE406EE901AB1EE0C4BB8EE43
:10ED0000E66BA5EE064B14EE901A53EC142BA1F112
:10ED1000507343EC142BB1EE046B35EE466BB4EE3E
:10ED2000C46BF1EE10FA00F35681B1EE444BB4EE31
:10ED3000C46BF1EE10FA7FF562AD00212046FAF7C0
:10ED4000E7F9069B029D5B420493C2E4059B0A938C
:10ED50009A460023C2F101070B93FFF73BBB00F07B
:10ED60000781059A564B524202F00F0103EBC10393
:10ED700093ED005B131127EE055B00F07981514A9A
:10ED8000022101E05B100832DD0703D45B1008327A
:10ED9000D807F7D592ED006B5B1001F1010125EE6C
:10EDA000065B3FF4FFAE0832F2E7099B0A9AA8EB34
:10EDB00003031A44012120460A92FAF76FFACA4463
:10EDC00007EB09050646CDF82480002F3FF4EFAB92
:10EDD00057453B46A8BF5346ED1AFF1AAAEB030A54
:10EDE000FFF7E5BB41462046FAF792F9069B029DE4
:10EDF0005B420493002E7FF468AC6AE4029B5E1CC5
:10EE000087EE036BBDEEC66B029A16EE103AB9F1AF
:10EE1000010F03F13003B8EEC65B31461370A3EE69
:10EE2000457B7FF447AB37EE077BB4EEC37B059B96
:10EE3000F1EE10FA03F1010304939C4608DCB4EEF2
:10EE4000437BF1EE10FA05D116EE103ADB0701D53F
:10EE5000029A19E70D463CE40C95A946069589E40B
:10EE6000009B002B7FF403AEDDE90012C2F3130315
:10EE7000002B00F0C4800A91FBE571682046FAF788
:10EE80001DF90546002800F00481336902339A0019
:10EE900006F10C010C30F3F7E9FA2946012220466D
:10EEA000FAF74AFB0746F3E40221B0EE474B79E458
:10EEB000059B009601333E460493FFF7DEBB00BF7F
:10EEC00018070020F0060020029A24EE022B0128E9
:10EED00082F800E014D0B2EE043B029A151826EE38
:10EEE000036BFDEEC65B15EE902A303201F8012B64
:10EEF000A942B8EEE54B36EE446BF0D1711E0144E9
:10EF0000B6EE005B32EE054BB4EEC64BF1EE10FAF6
:10EF10003FF5B3AE35EE425BB4EEC65BF1EE10FAF0
:10EF20000DDC119A002AFFF6B0AD059A0E2A3FF7C4
:10EF3000ACAD059A03EBC20393ED003B60E70D46D1
:10EF4000013915F8013C302BF9D00CF10103049381
:10EF5000FFF7BFBB109ADDF82480C2F13602FFF73D
:10EF600014BB099E002E7FF40AAE3D46FFF727BB77
:10EF70000221B0EE475B15E6B9F1000F3FF4BBAEDE
:10EF80000C9800287FF73BACB2EE043BB1EE0C4B83
:10EF9000013106EE901A25EE035B059BB8EEE66B99
:10EFA000A5EE064B14EE901A03F1FF3C53EC142B24
:10EFB000A1F1507315E60CF1010C31236AE6A94664
:10EFC000392309F8013B059B00960133029A04930B
:10EFD0003E46FFF763BB029D312305F8013B00214C
:10EFE00034E4334B3348002240F2AF11FFF79CF872
:10EFF0007FF4C4AC1AF0010F7FF4B9ACBEE4019BFE
:10F0000023F000431B0D1B05002B3FF431AD012302
:10F0100001350AF1010A0A932BE50D9B002B33D130
:10F0200001230C93994606932FE50CF101030493F9
:10F030000D46FFF74EBBBAF1390FC0D091453FF7EF
:10F040009AAC9BE44A46FFF7A0BA049A022A05DC70
:10F05000059A049299460595FFF7ECBA0595DDF8F7
:10F060003090BBE4049A0595022AF8DC994602E444
:10F07000022197E50021E163FFF76BBB0CF101036F
:10F0800004930D46FFF725BB0D9B069399460C9301
:10F090000EE5074B07482A4640F2EF21FFF744F8F8
:10F0A000054B0293FFF72CB9002A3FF754AC65E4F7
:10F0B00044A200203CA300202CA3002030B504462D
:10F0C00087B05BB110480193D0F8C85171B12046A8
:10F0D000A847421C019B10D007B030BD00F58273D9
:10F0E00009480193D0F8C8510029F0D10A462046BA
:10F0F00003A9A847421C019BEED100218A22196076
:10F10000226007B030BD00BF5845012010B582B065
:10F11000049CCDE900344FF0FF3301F05BFA02B0FC
:10F1200010BD00BF0EB400B582B003ABDFF81CC049
:10F1300053F8042B01930146DCF8000000F008F8B6
:10F1400002B05DF804EB03B0704700BFC047012078
:10F150002DE9F04FC5B00DF1500A834604911646D3
:10F160000021082250461C460B93F8F75DFFBBF1C7
:10F17000000F04D0DBF83430002B00F04987049BEB
:10F180005A6EB3F90C30D00740F14181990400F177
:10F19000A985049943F4005322F400528B814A66F6
:10F1A000930401F1AE80049BB3F90C301D0740F1CC
:10F1B000BD80049A1269002A00F0B88003F01A0298
:10F1C0000A2A00F0C2800023CDE91933CDE90E33BD
:10F1D0001BAADFF86C980D93189217460793B04658
:10F1E0004546D9F8CC41F9F755FACDF800A00346C9
:10F1F0002A4612A95846A047002800F0C580C0F250
:10F20000BB80129A252A034601D01D44E9E7B5EBDD
:10F210000806044640F0BC80002319468DF84330B0
:10F2200008934FF0FF326B78059205F101080391C6
:10F2300008F101081946A1F120035A2B00F2F280CF
:10F24000DFE813F0E603F000F000DF03F000F00069
:10F25000F000BF03F000F00007025302F0001202BA
:10F260000004F000F1035B005B005B005B005B00EF
:10F270005B005B005B005B00F000F000F000F00062
:10F28000F000F000F000F000F000D8019F03F00063
:10F29000F000F000F000F000F000F000F000F000EE
:10F2A000F0001902F000F000F000AA01F000FB02EB
:10F2B000F000F000BA05F000F000F000F000F000FF
:10F2C000F000F000F000F000F000D8016801F0005C
:10F2D000F000F000950368016D00F0008B03F00072
:10F2E0007D036A0320036D00F000AA016A00590241
:10F2F000F000F000FB05F0006A00A1F130030022ED
:10F3000018F8011B02EB820203EB4202A1F1300369
:10F31000092BF5D908928EE798F8003088E7039B0F
:10F3200043F02003039398F8003081E7049D58468A
:10F330002946F8F701FD002840F0F687B5F90C30B2
:10F3400003F01A020A2A7FF43EAF0499B1F90E20A5
:10F35000002AFFF638AF4A6ED20702D49F0540F16B
:10F360009087049923463246584601F015F80790D5
:10F37000079845B0BDE8F08F082200215046F8F705
:10F3800053FE01231D442CE7B5EB0806044610D0BC
:10F390001A9B33441A93199B0133072BC7E9008644
:10F3A000199310DC0837079B33440793002C7FF434
:10F3B00033AF1A9B002B40F06E87049B0022B3F9F9
:10F3C0000C30199218E0049918AA5846FEF7A0FBD1
:10F3D00078B91BAFE7E7049918AA5846FEF798FBDF
:10F3E000002800F08380099B1BB109995846F9F762
:10F3F00043FD049BB3F90C30049A526ED0077FD5BD
:10F400005B0600F16687079845B0BDE8F08F9F0561
:10F4100040F114819D047FF5BCAE90047FF5C6AE2B
:10F4200000F071BF0029C4D0002301228DF8AC1078
:10F430008DF8433009930A9205932BAD0692DDE9CE
:10F4400019C0039C14F084060146624626D1089B2D
:10F45000069C1C1B002C00F3ED839DF8433003B386
:10F4600000260C960132012301317B60072A0DF141
:10F470004303CDE919213B6000F3868308370C9BD9
:10F4800063B1013211AB02313B60072A4FF0020336
:10F49000CDE919217B6000F36B830837802E00F0E3
:10F4A000EE82059B0A981C1A002C00F326830A9B07
:10F4B0003D6001321944072ACDE919217B6000F330
:10F4C0004C830837039B5C0705D5089B069A9C1A5A
:10F4D000002C00F36583DDE9073206988242ACBF59
:10F4E0009B181B18079300297FF475AF002319930D
:10F4F000099B1BB109995846F9F7BEFC1BAF6FE693
:10F500009A053FF57DAF049CA06DF9F761F9B4F958
:10F510000C3075E7039B980640F13C840B9B073346
:10F5200023F00702536852F8084B0B921E46002B3B
:10F53000C0F23882059A002A07DB039B23F0800380
:10F54000039354EA060300F08C840A2C76F100033E
:10F5500080F0F7803034059A9DF843308DF80F41E4
:10F56000012AB8BF01220692002B00F0AF83069B50
:10F570000133002506930123CDE909530DF20F1540
:10F58000DDE91921039B13F08406084694463FF4F5
:10F590005EAF00230C9365E70B9E00238DF843308C
:10F5A00056F8043B0993002B00F05585532900F0D1
:10F5B0007284039B13F0100440F06D84059A002AB6
:10F5C000C0F2138509982146F9F7E6FA9DF8433011
:10F5D000099D002800F08B86421B0A9222EAE27203
:10F5E0000692002B00F00E850132059406920B96D0
:10F5F0000994C5E7432903D0039BDD0640F1278426
:10F600000822002116A8F8F70FFD0B9A2BAD1268FF
:10F6100016AB29465846FFF751FD0A90013000F01D
:10F620004F860A9B23EAE37306930B9B04330B93E9
:10F6300000238DF843300993059300E7049DA86DDE
:10F64000F9F7C4F8B5F90C306A6E99043FF5A8AD26
:10F650009FE50B9B53F8042B0892002A80F23D8310
:10F66000089A0B9352420892039B43F004030393BE
:10F6700098F80030DCE5039B43F010009B0640F156
:10F680004E830B9B073323F007031A46596852F841
:10F69000083B0B9200228DF84320059A002AC0F205
:10F6A000118320F49062039253EA010200F01E835A
:10F6B00044AD03F00702DB0843EA4173C908303266
:10F6C00053EA0104284605F8012DF2D1039B13F0FB
:10F6D000010340F09E82059A099344AB5B1B9A425A
:10F6E000B8BF1A460A930692A9E62B238DF8433039
:10F6F00098F800309CE503998E0600F1A4800399E8
:10F700000B9A11F0100052F8043B40F02783039944
:10F7100011F0400100F0CA848DF843009BB20599B6
:10F720000026B1421C4606DB039921F080010391BB
:10F73000002B00F07B850A2C76F100030B92FFF47E
:10F7400009AF039B09970020CDF830B044A9DDF83C
:10F7500034B0069003F48067CDF8288025E0069049
:10F76000A319B54843F10003A0FB032C2CF00302BE
:10F7700002EB9C029B1AE31A4FF0CC32A046B6462D
:10F7800002FB03F266F1000600FB0622A3FB004326
:10F79000B8F10A0F13444FEA54047EF1000E2946D3
:10F7A00044EAC3744FEA53062ED3069BA24A0133A0
:10F7B0000693A31943F100031046A2FB032525F08D
:10F7C000030202EB95029B1AE31AA3FB003266F1D7
:10F7D000000500FB05225B0843EAC27303EB8303C9
:10F7E000A4EB4303303301F8013C4D1E002FB7D08A
:10F7F00006989BF800308342B1D1FF28AFD00A2C85
:10F8000076F1000380F0AF8405999DF84330CDF880
:10F8100034B044AA521B9142B8BF1146DDE90978C1
:10F82000DDF830B00A920691002B00F0EE83069BC3
:10F830000133069300230993A2E6039B43F01001D2
:10F840009B0640F189820B9B073323F007020023BC
:10F850008DF84330059B566852F8084B0B92002BED
:10F86000C0F2EE8221F08003039354EA06037FF492
:10F870006CAE059B002B40F0DE840A93069309933F
:10F8800044ADDCE5059C0B990398002247F6300354
:10F890009442ADF844308DF8432051F8043BC0F257
:10F8A000D28220F0800040F002000390002B00F094
:10F8B000E58303F00F0461481B09045D8DF80F41D7
:10F8C0000B9100F05685022106910DF20F1503F001
:10F8D0000F011B09415C05F8011D43EA027312097F
:10F8E00053EA0201F3D144AB5A1B059B0A9293429F
:10F8F000B8BF1346069A002A00F03985DDE91921C0
:10F90000039C023314F0840606930846944600F0E4
:10F91000E98200230993B4E5039886063FF5B1AE6A
:10F9200003990B9ACD0652F8043B00F11485039815
:10F93000440640F1C8839BB20B920021AAE60399CA
:10F940000B9A8C0602F1040340F1F08112680799CA
:10F950001160C91751600B9342E498F800306C2B8A
:10F9600000F08F82039A42F01002039260E498F84C
:10F970000030682B00F07B82039A42F04002039231
:10F9800056E4039A940642F0100300F100820B9AA9
:10F9900004320B9903930C680B92E6173346002B45
:10F9A000BFF6C8AD2D238DF84330059B644266EB4E
:10F9B0004606002BFFF6C9AD039B23F0800303939B
:10F9C000C3E55846FEF740FB43680F931846F9F726
:10F9D00043F90E9004465846FEF736FB826898F8C5
:10F9E00000300D92002C3FF423AC002A3FF420ACF1
:10F9F0001278002A3FF41CAC039A42F4806203920E
:10FA000016E4039B43F00103039398F800300FE4DE
:10FA10009DF8432098F80030002A7FF409AC20229A
:10FA20008DF8432004E4039B43F08003039398F88C
:10FA30000030FFF7FDBB00BFCDCCCCCCBCA200207A
:10FA400058450120404610F8011B2A2900F0778410
:10FA5000A1F13003092B98BF002200F2178410F89F
:10FA6000011B02EB820203EB4202A1F13003092BDE
:10FA7000F5D942EAE27305938046FFF7DCBB089BA9
:10FA800006981C1A002C7FF70CAD102C40F326842E
:10FA900038460C95AE4F049D102604E0103C102C07
:10FAA00000F1080015DD01321031072AC0E90076A7
:10FAB000CDE91921F2DD18AA29465846FEF728F8A3
:10FAC00000287FF490AC103C102CDDE919211BA814
:10FAD000E9DC0C9D3B46074601322144072ACDE96B
:10FAE00019213B607C6000F3A482059B0A981C1AD4
:10FAF000002C07F108077FF7DAAC102C40F3ED82F9
:10FB000038461026924F04E0103C102C00F10800FB
:10FB100016DD01328E4B1031072AC0E90036CDE9DF
:10FB20001921F1DD049918AA5846FDF7F1FF0028C4
:10FB30007FF459AC103C102CDDE919211BA8E8DC3E
:10FB40003B46074601322144072ACDE919213B6093
:10FB50007C6000F3AA800837A9E4049918AA5846E3
:10FB6000FDF7D6FF00287FF43EAC1A991BAFA9E43D
:10FB7000049918AA5846FDF7CBFF00287FF433AC50
:10FB8000DDE919211BAF89E4049918AA5846FDF74D
:10FB9000BFFF00287FF427ACDDE919211BAF6EE41D
:10FBA000102C199B40F381833A46049E694F10251F
:10FBB00004E0103C102C02F1080215DD0133103175
:10FBC000072BC2E90075CDE91931F2DD18AA3146DB
:10FBD0005846FDF79DFF00287FF405AC103C102C23
:10FBE000DDE919311BAAE9DC3E4617460133214401
:10FBF000072BC7E90064CDE919317FF76CAC049994
:10FC000018AA5846FDF784FF00287FF4ECAB1A9938
:10FC100061E4302A00F001823023059A05F8013CA6
:10FC2000023844AB1B1A9A42B8BF1A460A9306928E
:10FC30000546EFE000230C93102C464E624623DD70
:10FC4000394610232F46049D04E0103C102C01F18E
:10FC5000080117DD01321030072AC1E90063CDE940
:10FC60001920F2DD18AA29465846FDF751FF002851
:10FC70007FF4B9AB103C102CDDE919201BA94FF023
:10FC80001003E7DC3D460F4601322118072ACDE973
:10FC900019213E607C6000F37A819DF8436008374B
:10FCA000002E36D00026FFF7DDBB049918AA58466F
:10FCB000FDF72EFF00287FF496ABDDE919211BAF7D
:10FCC000FFF7F5BB20F480620392F1E4099301236E
:10FCD0000A930DF20F15FFF7B2BB0B9398F80030A3
:10FCE000FFF7A6BA92047FF561AAF2E2059A002A0C
:10FCF0007FF4DEAC10F00102069200F04281302366
:10FD00008DF80F31059B0A9209930DF20F15FFF73D
:10FD100096BB0C9B002B7FF4B4ABFFF7C2BB0B9BD5
:10FD20001A1D0B9B0B921B680021B3E4039AD006AB
:10FD300000F18C81039A510600F19582039A920595
:10FD400040F184810B9A07991268117003E600BF95
:10FD500040B900208CB300200B9B1A1D0B9B05980B
:10FD60001B680026B0428DF843601C4667DB21F01B
:10FD700080010391002B7FF4DEAC0B92002840F051
:10FD80005A820A900690099044ADFFF758BB03933E
:10FD9000FFF7C4BB039B0B9AD90652F8044B3FF5FF
:10FDA000F8AD039B5E0640F1768144F3C0360B92BA
:10FDB00024B23346FFF7BBBBAD48039B9D0640F121
:10FDC000B5800B9B073323F007031A465C6852F893
:10FDD000083B0B92039A12F00102069240F08C80CD
:10FDE0008DF84320059A002AC0F2B780039A22F4C6
:10FDF0009062039253EA040240F0F380059A002ACD
:10FE000000F0F68103788DF80F31012306920A93F2
:10FE10000DF20F15DDE91921039B13F08406084646
:10FE2000944600F0A1829DF84330002B00F0AB8295
:10FE3000002309930C93FFF715BB8E48BDE70B9287
:10FE40000391FFF782BB40F00200039031E50B9B6A
:10FE50001B688DF8AC30012306930A932BADFFF796
:10FE6000E4BB002A00F0D4813024FFF774BB039B6D
:10FE700043F40073039308F1010898F80030FFF78A
:10FE8000D7B9039B43F02003039308F1010898F8C6
:10FE90000030FFF7CDB9099B13930822002116A863
:10FEA000F8F7C2F8059B002BC0F2198100240697D1
:10FEB00025461F460EE02BA95846FFF7FFF8411CC8
:10FEC000284400F0FD81B84209DC04F1040400F08C
:10FED00008820546139A125916AB002AEBD1069FE9
:10FEE00005950AE1089C069B0996E41A002C7FF709
:10FEF000C8AA02230C939FE653EA04025ED10023B2
:10FF00008DF84330059B002BC0F22181039B23F425
:10FF10009063039300F0878103788DF80F31069B7F
:10FF20000A93059B06930DF20F1573E70B9A52F88F
:10FF3000043B0B92039AD40608D4520602D59BB216
:10FF4000002447E7039A960500F18181002441E7E8
:10FF500042F00202039202220692039A22F4806285
:10FF6000039203F00F02825C8DF80F211B0943EA14
:10FF70000473220953EA14147FF4A7AC0DF20F1591
:10FF8000B1E4059B44ADCDE90933FFF758BA0499B4
:10FF900018AA5846FDF7BCFD064600287FF423AAA0
:10FFA0009DF84330DDE91921002B40F089800C9B3E
:10FFB0001BAF002B7FF465AAFFF773BA30228DF8D0
:10FFC000442000228DF84320059A8DF84510002A20
:10FFD000039ABDDB22F4906242F0020203920222F5
:10FFE000069203F00F02825CBEE7099D2846F8F7EF
:10FFF00033FE9DF843300A9020EAE0720692002B0F
:02000004600496
:100000007FF4F2AA099D05930B960993FFF717BA9F
:100010005846F7F783FDFFF7B2B8059A44AB5B1B70
:100020009A42B8BF1A460A93002306920993FFF733
:1000300006BA049918AA5846FDF76AFD00287FF40D
:10004000D2A9DDE919211BAFFFF72BBA0B9A07994B
:10005000126811607FE4059B074D0B96062B28BFA5
:10006000062306930A93099B0593FFF7E8B900BF9F
:10007000D0A20020BCA20020E4A200200B91002C02
:1000800000F0DC80302301228DF80F310DF20F15C6
:1000900023460A9232E4039B0B929D054ABF44F328
:1000A000C016E61764B23346FFF741BA039810F45E
:1000B000007600F0CF808DF84310DBB2FFF72FBB46
:1000C0001BAFFFF7CFB9039810F4007100F0BB80AD
:1000D000DBB20B920021FFF7DDBAAC4B32E516AB79
:1000E0000093002313AA19465846FFF70FF805900E
:1000F000013000F0E580099B1393059B002B7CD019
:10010000632B00F3B680002309932BAD0822002156
:1001100016A8F7F789FF059C16AB009313AA234690
:1001200029465846FEF7F2FF844240F016810599B1
:1001300000236B5421EAE17206929DF84320002AC5
:1001400040F0B580CDE90A160592FFF778B903783B
:100150008DF80F31039B23F480630393069B0A936E
:100160000DF20F1556E60E9A0F99AD1A2846F8F7BC
:1001700043F89BF801300BB10BF1010B844AA31932
:1001800043F10003A2FB030C2CF0030000EB9C00E6
:100190001B1AE31A4FF0CC3166F1000603FB01F1A4
:1001A00002FB0611A3FB023001445B0843EAC17461
:1001B0004E08A31943F10003A2FB031020F0030132
:1001C00001EB90015B1AE31AA3FB023166F1000018
:1001D00002FB00125B0843EAC27303EB8303A4EB48
:1001E0004303303305F8013C0120013DFFF701BB1B
:1001F000059B0A9344A805460CE69DF84330099DEB
:100200000B96003B18BF01230693059B0A9301E65A
:100210009DF843303BB1059BCDE90933012344AD43
:100220000693FFF7ADB9059BFFF727BB059B0B9224
:10023000002B3FF422AB0024FFF78CB9059B0A93F7
:1002400044ADFFF75BBB03980B92FFF723BADBB219
:100250000024BFE505998DF8436000291C46BFF6D0
:1002600063AAFFF768BA0B9A079912681180FFF723
:1002700072BB591C5846F6F75FFD054600B309905E
:1002800044E7886DF8F7A4FAFFF76BB800238046BF
:100290000593FEF7D0BF049918AA5846FDF738FC1D
:1002A00000283FF48AA8FFF7A4B83A4E9EE4059AC6
:1002B0000A92069A0B96013206920593FFF760B9EF
:1002C0000498B0F90C30426E43F04001D2078181AE
:1002D00009D54FF0FF330793FFF795B82B4BFFF786
:1002E000FBBB069F09E79905F3D4FFF70CB99BB157
:1002F000059B0B965A1C06920A9305900990FFF7EE
:100300003FB9D707E5D4049B9B899E05E1D4049BA4
:10031000986DF8F75DFADCE7059A0993CDE90532A7
:100320000B960A92FFF78BB8049A536ED807D0D475
:1003300093899905CDD4906DF8F74AFAC9E70B9ADD
:1003400098F8013052F8041B0B9241EAE1718046A3
:100350000591FEF76DBF0846E3E4049A938943F0E4
:1003600040039381FFF73FB80996FFF770B80693F3
:1003700050E5059B0122012BB8BF01230DF20F159B
:100380000A92FFF7BBBA0993FFF788B840B900207B
:10039000CDCCCCCC8CB30020F0B50D46ADF2744D75
:1003A000164689896A6E1B92EA89ADF8162021F0FB
:1003B0000201EA69ADF8141009921CA96A6A029157
:1003C000074606910B924FF48061002218A8019312
:1003D000049107910892F8F7F5F93246019B02A9BA
:1003E0003846FEF7B5FE061E07DB02A93846F7F7CA
:1003F00071FA002818BF4FF0FF36BDF814305B06C5
:1004000003D5AB8943F04003AB811898F8F7DCF9CA
:1004100030460DF2744DF0BD2DE9F0438E681D4657
:10042000AE420B6883B00C4690463AD8B1F90CC086
:100430001CF4906F0FD13546184641462A46F7F70F
:1004400061FDA3689E1B2368A6602B4400202360E7
:1004500003B0BDE8F0834A69096902EB42025E1A03
:1004600002EBD2726B1C52103344934294BF174676
:100470001F46934288BF1A461CF4806F814612D0F3
:100480001146F6F759FCF0B1324621690190F1F7B7
:10049000EDFFA289019B22F4906242F08002A281CA
:1004A00005E02E46C8E7F6F733FF034638B123616F
:1004B0003344BE1BA660676123602E46BCE72169FA
:1004C0004846F8F7D9FCA3890C2243F04003C9F849
:1004D00000204FF0FF30A381BAE700BF2DE9F04FB5
:1004E0008BB0DDE91589149F02901C46B8F1000F0E
:1004F00057D0166801960029C34608BF4FF0FF3752
:10050000002588460391924606E0019B53F8040BB0
:100510000193002837D06546AF423ED9002C3CD02D
:10052000DBF800300493DBF804300593019B02985C
:100530001A68D9F8C8615B4606A9B047431C33D096
:1005400000EB050CBC453AD8039B013C002BDCD0EA
:1005500000280DDD08F1FF32019E06A900EB020E16
:1005600011F8013B02F8013F7245F9D10196804430
:10057000019BDAF8002053F8040B01930432CAF807
:1005800000200028C7D10399D84609B1CAF8000055
:100590000022C8F800200CF1FF3528460BB0BDE85A
:1005A000F08F00F58678A4E7029B05468A21002299
:1005B00028461960CBF800200BB0BDE8F08FD84674
:1005C000DDF810A0DDF814B02846C8E900AB0BB088
:1005D000BDE8F08F00B585B0DFF81CC0069800902C
:1005E0000798019003480068CDF808C0FFF776FF30
:1005F00005B000BDC04701205845012000000000A3
:100600005FF800F0292E00605FF800F01D17006011
:100610005FF800F0391F00605FF800F0FD1B00601C
:100620005FF800F0D52D00605FF800F0D116006093
:100630005FF800F0951600605FF800F0091D00609B
:100640005FF800F0511D00605FF800F019160060BF
:080650000000000000000000A2
:04065800F8B500BF32
:10065C00D13DFF7FA908B100FFFF01080E041C006B
:10066C00180E0000BD3DFF7FA908B100FFFF010877
:10067C000E041C00180E000008B10181B0B00084FB
:10068C000000000008B10181B0B00084000000003F
:10069C00913DFF7FB0AF1600FF1019011122D60556
:1006AC000000B60604F00801F40688020000010000
:1006BC00000000006D3DFF7F8408B101B0B0B000B8
:1006CC00FF100D01040206080101000000000000EB
:1006DC0008B10181B0B000840000000008B10181B4
:1006EC00B0B0008400000000393DFF7FB0AB0400C7
:1006FC00FFFF010C1C046200680400006E04620021
:10070C00213DFF7FB0AF0200FF1019010F320A3CF0
:10071C0001840136C00100C8010400000100000082
:10072C0000000000FD3CFF7FB0A80100FFFF0100AE
:10073C0008B10181B0B000840000000008B1018153
:10074C00B0B00084000000006035FF7F01000000A5
:10075C006435FF7FFCFEFF7F8C35FF7F08FFFF7F3A
:10076C00B435FF7F01000000E435FF7F0CFFFF7FF5
:10077C00FC35FF7F010000000036FF7FB0AA03802C
:10078C002C36FF7F010000002C39FF7FB0AB0280BC
:10079C00D439FF7F01000000D43AFF7FB0B0AA80AB
:1007AC00903BFF7FE0FEFF7FD03BFF7FB0A9028034
:1007BC00703CFF7FDCFEFF7FEC40FF7FF8FEFF7F8D
:1007CC00F440FF7F010000000041FF7F04FFFF7F2A
:1007DC000041FF7F08FFFF7F0C41FF7F01000000FD
:1007EC002441FF7F008402806841FF7F01000000EC
:1007FC00A441FF7FB0B0AA80D041FF7FB0B0A880E9
:10080C003842FF7F010000002043FF7FB0B0AC8076
:10081C004443FF7F010000008444FF7FCCFEFF7F38
:10082C000045FF7FB0B0A8800C45FF7F008402809C
:10083C006045FF7F01000000B445FF7FC4FEFF7FD1
:10084C008446FF7FE0FEFF7F0447FF7F010000002E
:10085C007854FF7FB0A803800C55FF7FB0B0A88000
:10086C005C55FF7F010000006455FF7FB0B0AA808B
:10087C009855FF7FAF76B2806456FF7FAB3F3A80CE
:10088C00CC56FF7F01000000D456FF7FB0B0AA8089
:10089C001057FF7F01000000C857FF7FAC0FB280DC
:1008AC004C58FF7FB0AF0880D85AFF7F0100000082
:1008BC00E85AFF7FAC3F0380DC5DFF7F0100000046
:1008CC00A45FFF7F00840480B45FFF7F0100000001
:1008DC00B05FFF7FB0AC0580B062FF7F0084048006
:1008EC00D862FF7F4CFEFF7FDC62FF7F50FEFF7FF4
:0808FC00E862FF7F010000002B
:1009040000000000000000000000000000000000E3
:1009140000000000000000000000000000000000D3
:1009240000000000000000000000000000000000C3
:1009340000000000000000000000000000000000B3
:1009440000000000000000000000000000000000A3
:100954000000000000000000000000000000000093
:100964000000000000000000000000000000000083
:100974000000000000000000000000000000000073
:100984000000000000000000000000000000000063
:100994000000000000000000000000000000000053
:1009A4000000000000000000000000000000000043
:1009B4000000000000000000000000000000000033
:1009C4000000000000000000000000000000000023
:1009D4000000000000000000000000000000000013
:1009E4000000000000000000000000000000000003
:1009F40000000000000000000000000000000000F3
:100A040000000000000000000000000000000000E2
:100A140000000000000000000000000000000000D2
:100A240000000000000000000000000000000000C2
:100A340000000000000000000000000000000000B2
:100A440000000000000000000000000000000000A2
:100A54000000000000000000000000000000000092
:100A64000000000000000000000000000000000082
:100A74000000000000000000000000000000000072
:100A84000000000000000000000000000000000062
:100A94000000000000000000000000000000000052
:100AA4000000000000000000000000000000000042
:100AB4000000000000000000000000000000000032
:100AC4000000000000000000000000000000000022
:100AD4000000000000000000000000000000000012
:100AE4000000000000000000000000000000000002
:100AF40000000000000000000000000000000000F2
:100B040000000000000000000000000000000000E1
:100B140000000000000000000000000000000000D1
:100B240000000000000000000000000000000000C1
:100B340000000000000000000000000000000000B1
:100B440000000000000000000000000000000000A1
:100B54000000000000000000000000000000000091
:100B64000000000000000000000000000000000081
:100B74000000000000000000000000000000000071
:100B8400000000000000000001000100020003005A
:100B94000400060008000A000D00100013001800ED
:100BA4001C00210027002E0035003C0045004E00AB
:100BB400580062006E007A0087009500A400B4001B
:100BC400C400D600E800FC00110127013D015501D5
:100BD4006E018901A401C101DE01FD011E023F0273
:100BE40062028702AC02D302FC02260351037E0395
:100BF400AD03DD030E0441047504AB04E2041B05DC
:100C040056059305D105110653069606DC062307FF
:100C14006C07B70704085208A308F5084909A00996
:100C2400F809520AAF0A0D0B6D0BD00B340C9B0C58
:100C3400040D6F0DDC0D4C0EBD0E310FA70F2010EF
:100C44009B10181198111A129E122513AE133A1400
:100C5400C8145915ED1582161B17B6175418F41835
:100C640097193D1AE51A8F1B3D1CED1C9F1D541E40
:100C74000C1FC61F832042210322C7228D23562422
:100C84002A25FB25D026A72782285F29402A232B43
:100C94000A2CF42CE12DD12EC42FBA30B431B03249
:100CA400B033B334BA35C336D037E038F3390A3BFE
:100CB400243C413D623E863FAD40D8410743384421
:100CC4006E45A646E2472249654AAC4BF64C444E73
:100CD400964FEB504452A05300556456CB573759A6
:100CE400A65A185C8F5D095F87600A628F63196575
:100CF400A7663968CF69686B066DA76E4D70F7718A
:100D0400A57357750D77C778857A477C0E7ED97F92
:100D1400A8817C83538530871089F58ADE8CCB8E3D
:100D2400BD90B392AE94AD96B098B89AC49CD59E3B
:100D3400EAA004A323A545A76DA999ABC9ADFEAF4D
:100D440038B276B4B9B600B94CBB9CBDF1BF4AC247
:100D5400A8C40BC772C9DDCB4DCEC1D03AD3B8D528
:100D640039D8BFDA4ADDD9DF6CE203E59FE73EEA12
:100D7400E2EC8AEF36F2E6F49AF752FA0DFDFFFF41
:100D84000000000000000000010001000200030058
:100D94000400060008000A000D00100013001800EB
:100DA4001C00210027002E0035003C0045004E00A9
:100DB400580062006E007A0087009500A400B3001A
:100DC400C400D600E800FC00110127013D015501D3
:100DD4006E018901A401C101DE01FE011E023F0270
:100DE40062028702AC02D302FC02260351037E0393
:100DF400AC03DC030D0440047404AA04E2041B05E0
:100E040056059305D105110653069606DC062307FD
:100E14006C07B70703085208A208F50849099F0997
:100E2400F809520AAE0A0D0B6D0BD00B340C9B0C57
:100E3400040D6F0DDC0D4C0EBE0E320FA80F2010EA
:100E44009B10181198111A129E122513AE133914FF
:100E5400C7145815EB1580161817B3175018F01847
:100E64009219371ADF1A891B361CE51C981D4D1E72
:100E7400051FC01F7D203D210022C6228F235B2435
:100E84002A25FB25D026A72782285F29402A232B41
:100E94000A2CF32CE02DD02EC32FB930B231AF324F
:100EA400AE33B134B735C136CD37DD38F139073B10
:100EB400213C3E3D5F3E833FAA40D5410343354438
:100EC4006A45A346DF471F49624AA94BF44C424E88
:100ED400944FE95042529F53FF546356CB573659AF
:100EE400A65A195C905D0A5F89600B6291631C6568
:100EF400AA663B68D1696B6B096DAA6E5070FA7172
:100F0400A87359750F77C978877A4A7C107EDA7F7F
:100F1400A9817C8353852E870D89F18AD98CC58E4E
:100F2400B690AB92A494A196A398A99AB49CC39E9C
:100F3400D7A0EFA20BA52CA752A97BABAAADDDAF1E
:100F440014B251B491B6D7B821BB6FBDC3BF1BC295
:100F540077C4D9C63FC9AACB19CE8ED007D385D5BD
:100F640007D88FDA1CDDADDF43E2DEE47EE723EA57
:100F7400CDEC7CEF30F2E9F4A7F76AFA32FDFFFF1B
:100F84000A0000004C0100003C0300000C010000BA
:100F940050010000400300000B0200005401000057
:100FA400440300000D030000580100004803000042
:100FB400060A00007401000064030000090B00002D
:100FC4007801000068030000200C00007C01000090
:100FD4006C030000081000008C0100007C0300007A
:100FE40007110000900100008003000000000000D1
:100FF4000080E03779C34143176E05B5B5B8934611
:10100400F5F93FE9034F384D321D30F94877825ADC
:101014003CBF737FDD4F1575000000000000F03FFA
:1010240000000000000024400000000000005940BF
:101034000000000000408F40000000000088C34012
:1010440000000000006AF8400000000080842E4187
:1010540000000000D01263410000000084D79741D3
:101064000000000065CDCD41000000205FA00242D9
:10107400000000E876483742000000A2941A6D424E
:10108400000040E59C30A2420000901EC4BCD64241
:1010940000003426F56B0C430080E03779C34143EC
:1010A40000A0D8855734764300C84E676DC1AB4362
:1010B400003D9160E458E143408CB5781DAF154480
:1010C40050EFE2D6E41A4B4492D54D06CFF080445B
:1010D400F64AE1C7022DB544B49DD9794378EA4470
:1010E40001031C06081E0100000000FFFFFF0000B2
:1010F40000000000000000000000000000000200EA
:1011040000000000000002000000000000000200D7
:1011140000000000000002000000000000000200C7
:1011240000000000000002000000000000000200B7
:101134000000000000000200008F00200C45002089
:1011440004450020004500200001000000000000CC
:10115400081E0100000000FFFFFF00000000000067
:101164000000000000000000000002000000000079
:101174000000020000000000000002000000000067
:101184000000020000000000000002000000000057
:101194000000020000000000000002000000000047
:1011A4000000020000000000010000000200000036
:1011B400030000000400000005000000FFFFFF0022
:1011C400FA0000007102000077010000180100001D
:1011D4008C600020081E0100000000FFFFFF0000DB
:1011E40000000000000000000000000000000200F9
:1011F40000000000000002000000000000000200E7
:1012040000000000000002000000000000000200D6
:1012140000000000000002000000000000000200C6
:1012240000000000000002004172742D4E6574003D
:1012340000000000FFFFFF00000D0B0C011B1A0152
:10124400022D2B2A0000000001000000C4680020C9
:1012540000000000020000001469002001000000EA
:10126400060000006C690020010000000600000078
:10127400D46900200100000007000000206A00205B
:1012840001000000070000008C6A0020010000003B
:1012940008000000EC6A00200100000008000000C3
:1012A400486B0020FFFFFFFFFFFFFFFFFFFFFFFF73
:1012B400FFFFFFFFFFFFFFFFFFFFFFFFFFFFFFFF3A
:1012C400FFFFFFFFFFFFFF0000003A4000C039406E
:1012D400004039400A0000001100000042000000F4
:1012E400500000008100000088000000C44D002070
:1012F400C44C0020BC4D002038600020DC46002097
:10130400E0460020E4460020E8460020EC460020A9
:1013140038600020DC460020E0460020E44600203F
:10132400E8460020EC46002038600020DC4600201F
:10133400E0460020E4460020E8460020EC46002079
:101344005C4D0020684D0020784D0020884D002021
:10135400A04D0020B44D0020146000201C6000202B
:101364002060002040600020286000202C600020C5
:10137400346000203C600020446000205460002061
:101384005C600020646000207060002078600020B1
:10139400D04D00201F8B08000000000002FFAD5953
:1013A400CD6E1BC911BEEF5374186091001A52F22E
:1013B400DF1A31458012294BB62C11226D23BE1839
:1013C4003D33CD612F677A989E1EC9D2C9B90439BD
:1013D400E496208B048BE462EC2338179FC237F128
:1013E40093E4ABEE99E10C49CBEBAC011BA486DD95
:1013F40055D5555F7D55D5D3FD559806E67A21D848
:10140400CC2471EF9B2E7DB098AB68BF158A163D36
:10141400103CEC751361380B665C67C2ECB7723331
:10142400F51EB68AA78A2762BF7529C5D522D5A617
:10143400C5825419A1B0EA4A8666B61F8A4B1908B8
:10144400CFFEB123953492C75E16F058ECEF418479
:10145400912616BDBE3667C2B0D3E1801D62BB4E75
:10146400E35868F6DFFFB089102ABBEE76DCB26E73
:101474002CD59C6911EFB732731D8B6C260434CEC6
:10148400B498EEB73AEE513BC832C8ED58BBBFE949
:10149400FA69788D8F505EB220E659B6DFE28B850B
:1014A400878D718CD331D6E5990C45F91B7DF734C2
:1014B40097EE37FAB5FCC5D75C85A5AA5FA7974216
:1014C400D389A1285B70D558E4255CCF5BBD7EB77A
:1014D400433FB905BDFEC5E46C38E9FA3D7BC4F36E
:1014E400B3C9C5F9E9E9F0A2DBF17BE5BA0E2F74C3
:1014F400D66C55FCD28BB92F604FB1890D86E3A70A
:10150400DD0ED614ABB184712DB95BB7DF3A105A36
:10151400C86086D875FDDC9854B1901BEE2D788494
:1015240028557657CE088CBC142D2721C8B5B69102
:10153400A3C5ADDEC71FFECC963FFA426790676035
:10154400AA15B7556C6E16B981DB3FFEFD27D6CFC1
:10155400B368F94E45E2B61DA1E4914A332303DA98
:10156400F5973FB2817B70EBA6EC3A3322C1FA7F48
:10157400FE838DEDF7D5EA0EFCB0E93F0AA5374DA1
:101584005353064A86EEE1D870235AABB0478AC358
:10159400C72F84F6A5021C3EBEFDA90A5FC2E3B8AC
:1015A40037190ECFC6BF67F7DA7B84CAF3C3C939CC
:1015B400EB0FFAA30985D0ADA8628240128CECD758
:1015C400844B5558457804A60B8D265DF85CC32AD8
:1015D400DAD45D948FC5B5F0750A58012F1E00C387
:1015E4003AECAC3F39793164C3C9F1F08220D45963
:1015F400F4BAB33D8BA3C0A50A0B45366FE0D066A1
:101604008B17D2B1DB15BCB0C9D9B8F204042801D8
:1016140004A48AFC916795437C1E1202B6F9A3E3E5
:101624000E529C2A73DBCB7D582162669006992367
:10163400833A320918F8C610B85C68551E3EC319BF
:1016440054E422932B2313E182D37336B12BA943A1
:101654001689185A158CB0ABC965B50D03F0107214
:10166400B6B422C98D082BEB73084FA461A1149959
:10167400486AFC625DE93C52A7077BA06C953EA4D6
:101684002733DC525B714A2D91E3D72D88CCB81FE8
:101694008B90F8CB2302B3EBC8CC35103B19E9A2ED
:1016A4001211826185AE4918E3578216E29A319E7F
:1016B4006735645B0B3B85A76B1827A12A450A0194
:1016C400C83891B066DA283AAF23B1616B1A4B720D
:1016D400669D32CACD5AF8488DB34244611998398F
:1016E400463E83EA64088FF70652C0FB486804DD6F
:1016F40008F634555319E59ADBB0FB422DDF1B196C
:101704001926A4128A9D89DCBAA0CD5E21C4199C35
:10171400CEF139E353B866616949AB1D067404B36D
:10172400588AE5BF850A194288BC70F9CC94C84B25
:1017340027B6B7991C6AC8FA8CC547A94EF298EB2C
:1017440095D96D00F85F7D750575427D7CFB235B43
:101754007E00AD19BD7C17595CB0A154501FC7C0A1
:101764000A4E21C13AF8B8E83F7B441B079B672027
:101774001978B67C17E321F62B1ECCAC0B92950B93
:10178400EAE6976962C98C08B846C56E4993B78A78
:10179400F51EE59A54D1A779E2FCC5F0E2C5C9F07B
:1017A400A5A3853BBD018C60A7C4D76D7692B08399
:1017B40058067358825FEAB95FCF72B68057AC8E11
:1017C400F38591088C6023BDFC30A5B4010EE1962D
:1017D400191654D95F9D69CD60202F6B3512C972DB
:1017E40041ABAC7F73AA330EDD4079034515D3AE0C
:1017F4008880C48DE41B11537578FBB755DA6FA448
:101804006B43CBE059DFEBFB04AEE5872C1360CFD1
:10181400EC13C20709FF22C965828FF85C98DB04C8
:101824008F7880155F66F673750942CA0CA155223C
:101834002207320E899EB62A3851419A2C624149B8
:10184400BD45C72703B48128420BA00BE49A7ACD87
:1018540026A8D44B6F94AEEA7B29EC0FB944DFD5AC
:101864002BA328D17228F6F14F3FAC9156DD0C32F0
:10187400DF8939E43A5C8972CFBCC03EDC74112B39
:10188400B8BC493BF592E06AD3E6D9B7572691191B
:101894002F14C1FCD31975DCBF18BCEC5F0CD9E163
:1018A400F1F0F0699957174FEEDDF72A2FE134E88C
:1018B40093E454DED8A33BA72DD6CA0F38E546C41B
:1018C400A43163374212B110D5D82AA8A24CE549F5
:1018D40002DEE3714659AAE65CDDF0594CDC73255F
:1018E400825926627055C22E52B3C31E231F157827
:1018F40032C44A9EB7593F614FA9A4B20525AA70C4
:101904003FF902B8D7720AE67C84C8594602318A84
:10191400556CE1B104F490F1C4FA010CCB9E08EAD1
:101924004926F88B11371A47647777D958CC732234
:10193400CB36B38509254AFA0602A8882D88DBAA86
:10194400D259AB7024B58FBEBA56179B0620F3212B
:10195400BB56DBD67D4680044778D6DD0739F9418E
:10196400B1E9F2C38C00364057E0CEFA0C7B449BBD
:101974000D0D7131AC8E97EF72D0B365759C3D63DC
:101984009958706045B0A31807F2D195276998C794
:101994006D56C8BCC9531D2AA23812679D897F227F
:1019A400A227F6AC50E44BC42DD735364C7094A91D
:1019B400CF736C82B791AE54F90A5F34CBF3DA9FDC
:1019C400DBE8BF4CA9A268FDA222F07C327A3E611A
:1019D400A3FEE4F0B804ECCAE9F37A966E9482A20A
:1019E40033D168B09B3D71D1028E8B92E75A0B7B49
:1019F40072405599AD05618ACA5B3696D04985987F
:101A0400386E4B2612FFDCED8D9E5C1CBEA666FA7A
:101A140075D14CBF9EDCDB8389773791714488ADE7
:101A240092679AC691F81DBBB3C3F6EEEDB0EF769C
:101A3400D8C31DF66087DDD9C5FFBD1D76BFCD5E59
:101A44008EEF3CDCBB73603BBF239E19A0AA73EEF0
:101A54007F0F538EF0B5BD56F149153E68D0610A2B
:101A640031F785ACC00E48959D2B2F5A088B9AAA46
:101A7400197008A805CE9DDE8BB484E15DDBFDF60C
:101A84008EA14B467301739005BB1FDFFEF5CEFD9F
:101A9400FB5DA90002E7B16974A06534334A607E36
:101AA400653492A3BBCB139FBAC444AAFDD62E3E81
:101AB400F99BFD16F6A1DF13E0602D42072911DA28
:101AC400FEB648BA6EC7A92C34BF9222F68E46637E
:101AD400D2BB07BD0F769B6A8F16DBF5ED15FA1E98
:101AE400EC7E913A5BE2E13B9E98A69EA29E431651
:101AF4000F53155FAF6F7CAED021E07E01ED2F3523
:101B04000BCDCDD58FDBF6AFAAEBAACA0C6163AAC5
:101B14005B1BED73B74320BDB54AB43E3F0FE00EE7
:101B240021BEBE6D1E2881029FA38DDC3E0F701A5C
:101B3400BCAB2D5BBACCADDB70FB91F2B0B6110D32
:101B4400272B86A3E6C8B0A8A5E2B32C5A1B8F9A0C
:101B540023C32D05D6C17B3D1FF7BEDB65178F0F51
:101B64003C1B5514A2949521A29281FE37AFC299D1
:101B7400610863BB9E8FB1184DF723175E51ADF713
:101B8400CA1B0B162E3FE8699586D4C43A4A4761AE
:101B94005342DA6A84C38A321D63CB6F2E19AD4C6B
:101BA4006927941AF32DDF2B9A4A9AB34935B494D2
:101BB40047FB62EEAE5F5E94FCFD7F11F7F8E4F143
:101BC40059FF947DCB8E87FDD349C5DDABBB901502
:101BD400591794FD69B8DAE9A86E58396956CF4A9D
:101BE40042EA34AD29023ACE7D70A5258A9BE5BB35
:101BF40059ECFC16B9D898B229DD61D463D322EE2E
:101C040047D471C42931A770174518FC234BA82861
:101C1400B41430F6D246C402604E51B02D88DB9025
:101C240096D30609A65ADD66DBFBE01D06985CA583
:101C3400840C806630F28A1E9CC24EF83137F8E379
:101C4400CA8E8C61B9073D94A6F48B8441D153D4D8
:101C5400B9D843AD57EB5B6AD310078F94A431C254
:101C6400DE1C604495E606A72BEA9316D6E5711AA6
:101C7400217BCE5220D69D70B58F7469D1E09ECF62
:101C840042ABB8E2FA1A5DC160F8E2E4705862AAA5
:101C9400BC2F5B43D467781027C5D473036FCEB7CA
:101CA40097E5211DB95CE2A66D6A952C7FD84B1788
:101CB400A18B6280683439C6A6B64AD105032E5B6F
:101CC400D8CF06B8761FF068EDDE809A6945747047
:101CD40032F2FAA12658B1E5FBE95495796DABC30C
:101CE400EAC22D8A62BA07699495C12C5894C50F2B
:101CF4004A83B99FBE696D2B72351D3C3769C22D6D
:101D04007841259800301FB3DF0C8E0F47BFAD2AF2
:101D1400D2F66600E61A0079DEEC0C4E4697F74AD6
:101D2400E14DEB4E609B7D80E695EE4C45803A1389
:101D340017F615B27E4645A6F0243C9BAF49C7630F
:101D44007AFA55543C46FE5EF1EBA682E2E1575125
:101D540030381B7B635C98602C6E061095F997C92C
:101D6400FFFC05E0C618DC6B368F5557B83901AF58
:101D740065FCAD89D6CC8EAC48826F914B34A4D926
:101D8400161C2A6D0BBF25115F3498F3C9F8FCCCDF
:101D94006B0AC48819E71915DE325DE986886E6915
:101DA400697C0A0D669DE2C62E63E50D1AEA2D9A3A
:101DB400E1312C4938DBB309493F4F6D2FEE5ECD3D
:101DC40078E78149BD914EA7322E5997CF6F04D839
:101DD4005D68B3D11A6FEDA6C41B77595C0587CC37
:101DE4006733A21274DF6BBD4D6D9F4CB6ED436C2F
:101DF400AA03AC37462BECB8BD47129C50E4FFD481
:101E04007EE74100DBF75BEDEFB354ED509F270312
:101E1400EBC00E3D5895FB2F0E6FD97E6C0FDFABD8
:101E24007C7573080F96B19055B3C3EC3052743B74
:101E3400B5FB5874975E138E5BAE5CC1AFE0E1DA1C
:101E44009B35A7C7588ADE9C731EB1F2BAABC9B8DA
:101E5400BEB8A20BC1DA05ED62AD35A5FBE45A3C70
:101E64006A1A6B445ECB919FEFBE539E4F718B6297
:101E74005CBFDAACC19A5FADBFAB6816DEAD8D1D39
:101E8400BD16C27B0CF7668EADBD97B3C3AD437868
:101E9400F9D2A7982271F7B79A23AB29B810665FD5
:101EA400FFB8973E65C71668B980CB7480379480B5
:101EB4001370050789291663B3FD91D6DAD79438D0
:101EC400957D09FB3F6E092B79951D0000000000EC
:101ED4001F8B08000000000002FFA5595B8FA4BA05
:101EE400117EDF5F41B635D2F4111073EB0BAD44B4
:101EF40091F294873C45793ADA0703A6DB691A1311
:101F0400E39E990EE2BFA76C036DD3CC2D5969678C
:101F1400C706CA75F9EAAB2A6FCA19135DCE2AC679
:101F2400BD363F910B490BCCCF07CFCB8EE90AEDE1
:101F3400D01E95B068704DAA941F33FC1CC66E98D1
:101F4400B83172FDED1A9E54B426FA41B00BDC6030
:101F54001FB86104CF828D7C28C89B485704FE9427
:101F64003B585EAE8214E90A0738C90A79447525DC
:101F7400E96A9B635CCA435E28AB08BC9F15FB50AF
:101F84006DB073BADA97046548BE8CE1D3B2C43934
:101F9400268792D5220DA2E6CDF9F90F7264C4F911
:101FA400E7DF7EBAEDAD15E4E25DA9DBE2BAF55AEE
:101FB400C26979C8707E3E7276AD8BF405F36769A9
:101FC400D6FAA0CC1DD652C575FFE3B72E636F5E5B
:101FD4004BFF43EB639A315E10EEC14EFFFB891653
:101FE40005A97F75056D9B0ADFD29AD5E40FF4D25B
:101FF400302E702DFA8C15B7EE82F991D6293A5C01
:1020040068ED9D083D9E403B845E4EE6F11C17142E
:1020140057DE51FE4B6AF14CAA8A362D71B07076A8
:10202400E8C941AE72E23E71938D1B6C0270E16EA1
:10203400ED0A0EA63498C3074E829ED6EE0752A22E
:10204400E4C909D0939693442E68E006DB10044556
:10205400B6A03804419337FA1FD9550856BBB46E5D
:10206400AEC26D494572D1290FD3FA044E1483BF11
:10207400C695F64E1A80F75B56D1C2D1A22410D66B
:10208400C3434FAA776DD35DF366B940E12749DCBA
:10209400F1AF8FE2F5A1C14521BDBE078141085FC3
:1020A400185E8C60B3D7FA75F995B7A046C3682D4E
:1020B400083F288BA8A0AC4EEF47387E90B4EEA022
:1020C40084525BED0C22D2137B01CD498DB38A146B
:1020D4009DF9DA880E40E4FA41E520004FC63BAD95
:1020E40072B01EA501249420EDB9FB52BB705A773F
:1020F400ACC13915B7D48F93C36044CD8487AB8A00
:10210400BD92629456B2FCDA420EB4143E1A44DA1A
:102114007B835C7B13DBEB8E5D854AC970161E6D79
:10212400D9F0D46365D942AA4106F57EC32900F8E3
:10213400D61956CB7730BFA30C1C5090A3BBDA91B1
:102144002C294B779545FBBC2CC7445A05419084F8
:102154005B9595DEAB0EDC264107CBBF06007BBF4B
:10216400C0F591F0CEF23C2ED6F61743B26F36BDD1
:10217400FFEF2B25C254D094F6C302EE2B2DC44995
:1021840066DF93C2915EA2BEC219A9A6243E725A0A
:102194001C8EB849B70037530BC5506B6D099001BD
:1021A4004925207B75C0EF9CE082D5D5ED97A9C861
:1021B4000A21142D8818BE11B786FC0968353F031F
:1021C40099FC1A95DBD920576B9CE760CC23187BCC
:1021D4006D97C31A0975EB6820DC7DB85B62331F09
:1021E400378DD79E801C6626C30F78E7023B82C8D2
:1021F400B3AE97BA4DC300015840A10B7E7B06A431
:10220400977CFDC064BDDFD282405ED3AA1B133627
:10221400DCC88C953F4224137D487DFDD1323B9828
:102224008E53B505E3C3A8615991B783FCE11594B6
:1022340083C932B3B58A87860D99DE0A9A9F6F07E0
:10224400C11A605B5BBF0C20517496305CD163EDA6
:102254005130B84DA577813564D083E0D3A84B7B4A
:10226400A016C1175E2BB317ACF583985C0ED2C1D0
:102274005E4172C6B152489683E16C279B4ECF2AC9
:10228400969F1F03639E102C9C8012384117134F96
:102294009A18CBF454B23DD83DDBB184DF72621B93
:1022A400A7E115490E1DF933B619F821B1A3442548
:1022B40036C6D95626362E775189E634BE9FFCB5EC
:1022C4000AB641049833537D8750EFD7F8C5D33904
:1022D4003614C33891E090C00AE0B72FF976218B09
:1022E40040EC63D202E2E40367A80B2A242AD469EF
:1022F400454AF12EED987E90615B82C0086D191EEF
:10230400558C8C837C0C987C21DD63586DDACAE291
:102314007D5C9631FAD0EF48132ACE769BB20CF648
:10232400EE6ABB915D10CAA53468444EC035AF5007
:102334007281A51D49E568C823DD23AD7B5F66A2D4
:1023440057CAE6CD000CBE0A76B74166A68CC2C455
:10235400C4F295E5C49C01732112F7039DF6820D26
:1023640062D1583794580CB082B60D024929C71A65
:102374005769464AC6A55F01C4D075FCFC395102B1
:10238400AD55B5D24768746FEEE0DED8D85E6D8A7D
:102394006DB04B66D8D595406BA7A9697B3FDA67CA
:1023A400EA8051838766919D814C2F98D65659C1F6
:1023B4006F43590962246D1D1D2E13CFC92B7C69EF
:1023C4009E25A5BBD1CBAB1B4302AE87F355787AD0
:1023D4001F7C9461EEFAADE638A0592C3F77FD1CC2
:1023E400F3427AF05312FBD71578B0BC79A3C7A493
:1023F40097C14B44BC12526B8A9339329C340224E9
:102404006380E24B1A0224FA53E09E42F714B98D1A
:10241400091F04FBDD3D48E1F631901EB46C6324D2
:10242400C7528FD0C13E02E484861C55DFCC2F9264
:102434002D5A901BDEC9EF2E2732E52433391BC9F0
:102444003C828A8A78C538C5A4B33C21379271F698
:10245400DA8DC959E084904FE9289A744911E4DE71
:102464004E7A532542B7401A0AA36331F23709B4AE
:1024740054725C7A8493DA5E7FA7819633CE84AFFC
:10248400305055766207A418CA8925C9CA3E04FE8D
:1024940004613FC06AD0C176E8000BC58930C0D85A
:1024A40040FB1855EFD5D29D25D119F124B30C1C4E
:1024B40007F181C6EE48BA59467F549E37532FF12F
:1024C4008E8B467F6C860A33F35984EC7AA32AAD4B
:1024D40015A27891E094A20323586106169851BC82
:1024E4001E4A63B0AE21B5D465841749F2ED1EB619
:1024F40067B93D3A25DC29AF049A820416ED57FAF0
:10250400334E1A82C573EC5A2DDA5AFB3F9C443978
:1025140043C827FEDFDF1F412CEBEEF346777C5BDD
:1025240070064ABFCFF0A1E5E1703FCF6F68FED5DA
:102534001ACEA230257BF5F502A3639E0A9C5D2B7F
:10254400A883B06E7B1F8611E8913D497BDFF14380
:10255400B8E807C96AA6C46EEA1939012950B80F48
:1025640072F82B61E64AF54C6FBDBE5084260138E3
:10257400030C82BF0EB2BD80BE53BA60E87835A3A7
:10258400CADF754508ED9264F6F1E6693EAD753330
:10259400B150798632D6FB303A82E9D75A181418EA
:1025A400850BAE7EA45283BE020D3995F893C4A167
:1025B40084DBD1B7E442655BEA8F664721CB2A47C7
:1025C4007548AC6ECD9AA229677CF06E658334D2CF
:1025D400BDFF2B8768CA1F2AAC0AC282B4AAE73E91
:1025E4009B7295D33F2B940B1207C21A45FEB9A0D8
:1025F4002F6949392CF313AD8A4E7E9206C6EC1826
:1026040046C8FAC2190AC1E85FA489CE680BB66845
:10261400C6402AB50059253D7A12DAFF77D22BB08D
:10262400D7C0CC8C9FB5442BDA2A2AA4A0A2FB12D3
:102634008FAAFA3CEF9AE488BA28D3A9C811A23524
:10264400D18CAA8E8F65797CDBB2FB4353A3B9A9E5
:102654000F2812EC78ACC897663C15652EAF192686
:10266400D7C443A066A85F2A0570C776AC991C3608
:10267400BF1BAF68295EA142D04CA8E6E4F727C689
:1026840021E3EC02BE5D14A4E9FAFB0CDC00F3BC0C
:102694009EC0772AA1490A6B952D1353EADCC1F534
:1026A400ED15AEFEC66B5770DA1F037F9B387F852E
:1026B4008C66156EDD0B0375A4846503DEC6CA1B28
:1026C400ABA49D6858B5C32BB80AA37036F853DC85
:1026D400AC5BD6F1916C8CE1AAEC2AA648AA81E8FD
:1026E4000EDF701C32BF7933F9792B37AAE013CE91
:1026F400D917EFABE2B89F14B6BA026B56D15B6838
:102704003F13A1B723D4AF74DAFCBD9D7A8720D1DF
:102714006908073F28625C48CB098D709329A3E4BC
:10272400DE434EC9F4AD9170B1455E1CD80FDFE8AD
:10273400282726FBF1970B50057E36062B24297497
:10274400DD19F758CB5917EC1EAEAEC6C6EA5B3D91
:10275400C4AC1979E7B0929BCDB35D5CFA0533360E
:10276400BBB91556BA5B776AF71B2E6856F271C46B
:102774005503BD75B1360DF3634BFF31B56FA62B11
:10278400A4F928A01872BAB6718D0B052B09CD1BBC
:102794001815D4891BDEB476328CB17D2363724A5A
:1027A400CD14A31897FCBD1AA8A7A1261C2E11A707
:1027B40071D56474F00617B3A9545F5ADBADEE66A5
:1027C4005661DDFFA1FE3C62625E06BEF9F97C083B
:1027D40078346C188E0CE0EFD0431B6E982ECD1C11
:1027E40012FCBEBB371AAC3102C6F5ADBC81B8834E
:1027F4001328BE24BCF53829AE39B4831736F4C87F
:1028040072B9EE7EEB8CFF5699FD5757FFE3BF3547
:1028140004FB9C2D1C0000001F8B0800000000001E
:1028240002FFC55C5B731B47767ED7AF684D542EA1
:10283400600D8217CB97909654A448C9DC954886BE
:10284400A4BC55A61972003480310733C85C4851C2
:102854005CA6F621FF20794C555E5CF907715EFC9D
:10286400B4FC27FB4BF29DD397E91E0C404ADEAD26
:10287400ACD7E660E6F4E9D3A74F9F3EB7EEE5DFB9
:102884008937693F8CC5B194497E2DFA69526469D0
:102894002C0632BFE88ABD54C8F785CC120084796F
:1028A4002E8B5CA499486471956617629AC9CB48CB
:1028B4005E895C6697515FE65DF1BBE54741994BE4
:1028C400911759D42F828D47409717E2E070FFD5B6
:1028D400EE9B1DF14C0407BF3F7C79B6FFF278FFF5
:1028E4006C737BF3E078E7F0ECF8E96A05B8BB7742
:1028F40004A893B58E587DDA115F77C4371DF1555E
:1029040047ACADE0DFD58EF8F2D440EE1F6EEF1C7D
:10291400326C70F87A2BE888E070EB35FD797DC86D
:10292400BF5E6F1DD29FAD437EB9F5FA30B04D9FA7
:10293400A0553410CF9E8B41DA2F273229BA235960
:10294400ECC4921EB7AE7707AD68D036C0FD384DE3
:10295400241A5C867129A9CDEF8FF6F7BAD330CB50
:10296400658B1F69A8C9281A5EB718A48D96B12C67
:10297400888FC36884864919C71D30242CCADCFE9D
:102984001C4459718D5FC330CE65878013D92FE401
:10299400A07AD52B730BA0304EC3FE852C8EC2C9F2
:1029A400349616D1348DE3E3682233FB2693FF5229
:1029B400CABCF8A75212BDE2204B27512EBB99CCBA
:1029C400D3F852B6ECC0E425464B149D80318F8673
:1029D40065D22FA23411713A6A4D649E8723D916A9
:1029E400378F8486EB96493E8E8645EBFCC94D8233
:1029F40029DF0E0BE0EA16290B8F24128E9811ADF5
:102A0400602097B67782F6AD104F6E34A6DB7374F0
:102A14008BDFAD00E8F300ED20552F2169400D0A4E
:102A24007417790C216A61A69FAEB4BB3FA551D23D
:102A34000A7E4C02B4BCADC84BD2828034DE8E9088
:102A4400599666864F8A60F4A2A066FAD1AD366ABA
:102A540040FD18A2FD26CA0B0C67348A652B60ACB6
:102A640081C6CEA4474351B1C5E591479DE67D6B30
:102A74001A16634C613AB856242D2F8B7D4891FE6B
:102A84002C42FC5F1460594744493F2E07E01BCF9A
:102A940024FD0D93819894101720CC3BA248C58542
:102AA4009453518CA578FBF21D70E4537C882E65F9
:102AB4001788D554666582D185F975D217AD360964
:102AC40029756ABEEA151D2B19C1DC6DF6D28CB9C5
:102AD400A2DEB67880069AC84A4BE21656FBB1FAD3
:102AE400D152482B44DD9050B4DA589B5FAEACE829
:102AF400F64576ADFBB574295A490CC3AB302AC4EC
:102B04005016FDB1E68E01159896629C0ED6995F1B
:102B1400E2D9B367A24C06721825580E2FB09077ED
:102B24008E03B10EC5B17F748C29E987FDB1C4CF82
:102B3400245DCA8B349341C7E219CB7020B37C0E59
:102B4400A29B5B60B909B4342C1D5F4F65003CE166
:102B5400740AB1636E2FFF94A749705B21243C7300
:102B6400B055CFEBA2A60678DAB1E2A311B4E6BA67
:102B7400CB35F54AA3BFD56C33CC1A8445681965A7
:102B840038D725925A1692A4F0B1FD965E883FFD7F
:102B940089DBD12351A8574131CED22B9EEA1D1295
:102BA400E01683A8958206E7DF1D1F1F606D5A3C5F
:102BB4004A37E9354AFFCB645166096356AF6E055F
:102BC400C61AC63126180A518699110C2D2DED0D01
:102BD400710BC0DB8D47CED497314991AB8EBA10BF
:102BE400E2A40569ED90C87277356DA59A75311F19
:102BF40090132DCAB71A90695200DEA28B30A1231C
:102C04008831ABDF8E9844403F09DF77441CF6647B
:102C1400AC1620336EAF9CF4300B51BEEBB6681388
:102C24004F9476FF961A573F9F139A596E42033278
:102C3400E6DB75310A930F52FC108E6371094AA0CA
:102C4400EFA2E456F4A29C1EC3F7B75020C334830A
:102C54005042C4C6DD735F5944D3CBA786E81AA992
:102C64000584331D6A321E636203255E0111F77801
:102C7400F99F5B3F0E6E563B5FDCFED86DDFE0BF15
:102C8400EAC79365A83B289FDAA8BA3904BC68054B
:102C94005D68BA3C9D482CBFAC20C62A76F0CF367E
:102CA400C6BAF6E597EDC583BDFB352EA29114BBDC
:102CB40007974F973607980A2CED452344FFD18098
:102CC400368A3E941A3F39B361DF11A57AC0D53BE9
:102CD4001E74DAFB09BB220F7A33CBC26B4C1DFF87
:102CE40075F0CD521CBC4B2CA57FE04DB8CC943272
:102CF400A5065137B0FADC62E9E6D02993F07B28C7
:102D04000F229BFA5EA54E2B8071980DAEC24C62C9
:102D1400371D46B1224F1B350D14EC95993862943A
:102D2400C033C1726E347AC455940DA048605EE518
:102D3400C5DDAFC587A22B768E0E965E1FECEE2FF7
:102D4400998E2EEE7E8169807D0FEC2D443499425C
:102D5400EF4612137825C1F5C48C460B7445702FC9
:102D64008B46E322C1147504D94E5F7E092BE83BE0
:102D7400892D667421A3625EB322CC600ABD9AA237
:102D840015ACADAFD032F82192F1D2AB8323D54448
:102D9400AD6E63003E7358A4DF19E63E3630D5ECC1
:102DA400EA37DDC1B83F5513DC4B536813ECF10D22
:102DB4003C94C5078CF16279FBBB9707D838C6D021
:102DC4002629E44C609F06D3F414EBF14304319DAF
:102DD4004CDAC985BCD6EBE954A0D39393209A92DC
:102DE40009B87B60643638EDC06A04359330BFA0FF
:102DF4004FD4173DEB2F230CE72ABC662B523FF22E
:102E0400FB4192D3BBEDBDA3E0F4B4ADD6AF1E132A
:102E1400F57A6A96719D053CE0B6B72727BCF6485B
:102E2400DD0F98265A8FFAD15DAF991C94B0768C39
:102E34009648612216AC14F52BF1EDB7E21B2C7504
:102E4400B396150056F3F3E734EB2BDECE1E4DD9C3
:102E54004664404359346D93B2CC2F663F69FEE01B
:102E6400FB38CD8BB70AA6F5AFFC4E75E022D73CF4
:102E74009B45A33F000DD837FB192F3D224B087A01
:102E840098173E675AE699BA5D7B4ADA6A457CF63A
:102E9400D9ECFB6FC5DADAD3C62FBCA6D7BE76BB96
:102EA400A261F9FDE8CE4DE33663B2A83EB38CD0FF
:102EB400E35758571E04655E2A02583A98ED581D88
:102EC40096BDDF8A2FE877CBBEF8CC79FE5CACB632
:102ED4009BB4DD11598AA4BF849562988F20E44382
:102EE4009987137834E3BB9F93918451994B6C6E0B
:102EF400ADE555DE9F96BF808D1DB41D72A8A71643
:102F0400E461611FBB070A3950C96A43F80E4D4397
:102F1400BD1F502F1E622319C425D58911091EAC6B
:102F2400FD2C946411B34086FD0D182B5BF8D44C32
:102F3400A05EA68AB6952EFFA3B4058D192A4A660B
:102F4400782632A1424162DC834A3D2A7B90C20F3B
:102F5400B31493A082DAC7461C48461B3A851E6800
:102F6400EED0E1CC3B85C2EE964E5FB7464BCCD952
:102F7400DABAB0ABA66591B7FD9D48BFEDC632196C
:102F8400156366D7374DC485B9D84AB16B4D7923DB
:102F94001118F0DD2F20092B5526612942DA4EA69F
:102FA400E3EB5CCDEB66998F584EBAAE9ACF42BC38
:102FB400312EA210E484CAF7537654F78743F807F6
:102FC400F8043563DE61B097D8CBB8052B8759AACE
:102FD400A1A8774232EDF002CECF60C659610D8AC6
:102FE400F6E74411BA872105571DC27F7BEEC82A34
:102FF4003928E00AFE74F19578803FFA0559AD0747
:1030040091DAC5299C70120D4ECD3738F3FD0BF3C0
:103014007169D5BCA6FD496D487F3C5AFB66756D48
:103024002B5868089195CD8B61BB23800C2FE50844
:103034003B929AFF373BDBE45B88E1DDAF19DC7C34
:1030440049EC7026A27BEE089ADE1789044C4A2FBD
:1030540096037F5B74F64E8241B485D83B0BF358DC
:103064000543BACA9994798BC79AC669B64FA6D94B
:1030740062B3AEACCCA5CD8B22424007B6F9A823EF
:103084000EC9E2B0C37A1566BD4C46B0DF87690C41
:1030940031B1C3D02604F5388DDECBF8650A8B86B2
:1030A4006D8ED5B515FCD7F6C49CD94C3EC0586E70
:1030B4006A0C0D92154682B8FD176B5F7FF5B58BD0
:1030C400E08840960C4C139259F3A56A6DEC98B9BC
:1030D4009D1F10F9DCF33F7EE5537E500E87329B33
:1030E400A6794476A43B835EA73C310DB69411B314
:1030F400AA1786F497D2C2390A7B23085984CD5D76
:10310400DA71A879F149438C085AC6588B1F608636
:103114007A1670B74EBA913A683B7F0259D7AE2CF3
:10312400A68984051498855A69183841104278D9BB
:103134007A9FC0C4DB9E75EC29A148D7CCB4639DAB
:10314400BF456CA0DB97515C9328B12C56BF064158
:103154004B62B51A02A179AEE46421A906FFD21626
:10316400F601B086FA87F24A61888CC3B8C7BE1BE1
:103174006399C7A0B68D56389626473F5304F5B0D9
:103184003C95A66CDB76FEB0BE7D6681BB4433D82D
:10319400CDA43BAFB9C1C70DE2EE57D00F4594C8DB
:1031A400884693D33B72362ACD69B16B15DA755CC8
:1031B4007C26B83B2DF371EB863B5F170DCB106477
:1031C400929AAE621535FDFFF9B39AE0D4E1AA3DB7
:1031D40001A0F74CAE8E353C32B111DF4773C01FEE
:1031E4007BC11870732ED47D6B2C782D612515DC72
:1031F4008A34132FA0C2AE1F44C1132DE849B5472A
:10320400268D3E64A9477A2F89B38033CC6AF46A49
:10321400F5F42B15FA5184EAD88925C18FA8220226
:103224008E60FD6E820D1A81EF8EA8C55194EC6BF1
:10323400178280B0726DDCBC9F49E0D3A1F356C005
:10324400DF559FFBECBB774125825E2DFE80981FE6
:10325400E1A71D8D0278EC08046EC0063A63BA4EED
:103264009A5B9340C1A1083ED03A628BA5D44241F7
:10327400987893C78476E520227A82C01926437809
:10328400431C42650E5ABC908E1110EE98989C3BDC
:10329400346378CC1B1A7F5743E3C72E0287581D2B
:1032A400AD1A3CE1DF8366AE7A6B57DD3944F267D1
:1032B4008F485814FD8B5EFABE9A83BF17E74D4FB3
:1032C400144DA547623077F8E91C063183FD243696
:1032D4003990BF25E15616540F4A163096B0B78B75
:1032E400F5F57E1D769C17219C25AE5746F16007A7
:1032F400E348B37A240A6980FE70B4658325F0B983
:1033040075A24734C552366C136CEB8DB076D3AFCF
:1033140040B7E1FD539641B1BA2966C201825A1CF5
:103324000301050E5FE8E88513AD70C213149140E4
:103334002442F51340C7A3D5C9CA29F218EF209D2A
:10334400D94BCC2082A8FC5A6757E0443650ED464E
:10335400312AF37F9885A389CA9CD4666F5BFF7C6E
:10336400A5215484FA13CC7DEC50C3E83DD9FB80ED
:103374002053DF98F9EA33847481E8F0B2868C42F2
:103384007A0852E571F6C2098D2D003E12DDC04562
:10339400073B5D591E73173903103EF554CB1F9D2F
:1033A400EFBF3BAE1C12F197FF35495372299EDCE7
:1033B400186F0363607AB48650A8FC240BE799283D
:1033C4006DC59A29305B366B70B32C491768FE7C47
:1033D4002E821D6589E0A36B97805285CB1FBC7A32
:1033E400177864A8771E19A32C5AC48D0168410765
:1033F40004E5A357B9CD25FAE0F17738CD3986AF86
:103404007541C3AA003A0075B9DB6A6CB498141EFE
:10341400EE4B13AC7953B90DC4F095BFFEF9DFC977
:10342400B1001FBC8DAB42C6DBAA66538347D2866C
:103434003ED6987D7F82B12FF5C29CC2ABF3D11BDF
:1034440070DDC31CB7C5E9C5DAEBC03F8AD35E188B
:10345400A32998D0F6A6023109E8BE0593A1006815
:103464003ED4539D87ECE905F66BA3FA163A6B6ECE
:10347400D72547EE794D6A32D2296BCCF9642800FE
:1034840022433D5965A27FFA0B86F15B9AF4BC2A6C
:10349400484A195583B1583CC775AE4CD4BC513019
:1034A40054E1A9B86EDCF065848E6156649CB04E1C
:1034B400A65112545B49EB5CBBFB80AAAFE0B63F5C
:1034C4003DC6F5B62B96DDB8CCB8C8E5E4428E33DC
:1034D40099342FDD43E94A8C46454B573FCE59BBBF
:1034E400EEB84D234593B3AA09C8A7940CFB051362
:1034F40038A5B963A0BA041DD2CBC07CF468CAF461
:1035040027A7637EA57B361B85F9063015E2325961
:103514007FB51FA82D98C3DAD338ECCB9763ECCBD7
:10352400E05ACBB467F0724A2A633B0B87C5513922
:103534009984D9357617FD5627ADF3969F67826E29
:1035440061F8969B5E621DD5945848E1275DB0638F
:10355400EA39C7C01287554A452765092D6D955428
:1035640005D2D238E9337F702C03C0CCB725285E4E
:10357400132069BC17EE215DAC63F5F3C01DF4554F
:1035840004E15993D9B100AD03E7E0F31230CF1A47
:10359400CD93DF6085787DB02961FBF838D3A48BA7
:1035A4005CE744991414724C6DA8B11AC96F373092
:1035B400DCF0079139BBD37A3CF1734C88E5610C9C
:1035C40005124D39E22FD17B9369AAF61BE28B7A5F
:1035D400E0D491B74DD037FB4C9924D062519EFA78
:1035E400D428FCF74D793378BB1AA92B4935D9AACD
:1035F400802AC55BE388DA5B34D60ABE528A4F1A46
:10360400B45D8D7DB500D8333DAD73E3513659FFBC
:103614002A4A10F8AA450C10D24C1744206E1DA15A
:1036240077835A4EA7EAA3EF8B3FAB499749BFE58F
:10363400E58475374B177E60981EB92FEE0D5BAD90
:10364400239866F271A6BA82BAF2D45893E69B55CF
:1036540068AAF9AC8AAA94A059384C46AE62F465BB
:103664003D36FFE075A4D437AD60B67B03DFF36964
:1036740014265377A4787ACF4C3E8C7B1B8DB4A848
:103684002DAB5EE6E54FCDB935F09EDCCC586CB77A
:1036940030271B5E03B7A27E49DBF94F6EF8F7AD06
:1036A400A8E25978AB82AF88CE0A25D40E267E7163
:1036B4007B4E854BDB32D471F5821A5D704A4A0722
:1036C4004FEB41BDE0D3D7C38D99EFD915E1CC3E83
:1036D4003EF6D5BB5B7783868E668ADDA955E836D0
:1036E400F4673B7007C2A2D5585818F64C59DD3818
:1036F4001A5054EA9978CCD58EB32EF94B6445F21E
:10370400961B2CF8688F93D7C4C377833E7A5C608A
:103714001B61DE22943791854490BE0D340D134C09
:10372400B1EA6A893E07B36A20E04A358420C23E82
:10373400CD6F5073FAA6F73B5B00AAF95AE8690902
:103744006F03BF48AF88171979A8164A512D44F85A
:1037540008F25E3776C67F757DF070B0D0A0CCA736
:1037640021FB030CE7D3CEAF02F369D1220D38F568
:10377400242EB441C62E586DED048A39C69BA5711A
:103784007514E67693D6B987CF0CE6530B4A96F8B0
:1037940075603ECF52ECE826A81FC190ECBEF1BE86
:1037A400BB884B1394CFB1F7C69035D4E4AEE4B6DE
:1037B4005B3D44BD97BB83439C3F8CE2FBAC7B05E4
:1037C400E50F6E42E190C07EFB3B28CC07646EB4EB
:1037D4002AF56D0DE7A53128200FE56424C9A75209
:1037E4006270996657773F67451E2895FA03F6601D
:1037F40093AC848AE11AAA2AECED8A11D9F39E3497
:103804009745B1D0C155002CD0FC643D69AAAD43A5
:103814003B5DE5AC164F05B57085213F9314D1305F
:10382400FAA0C8C578BF5811F979D545941B4394BB
:10383400829B9A5ED240367633ED28E1E8E819ECB3
:10384400E8B61450A9795FD4B0C9FD62757B9FF7BF
:10385400F584944758D8CDC01F574DDF3EDC3EAAAF
:10386400898431876CFD78AD76DCAF93CC8F30FEE4
:10387400A91CD05661ACA7C78F75453DB6C69360E9
:103884007BF768F3F0EDCE3659D647C7FB070778C8
:103894003CADD2E10A94EB5C2597AAD64CAECAADF6
:1038A40074F6A2F0126C26FAD5B8757D3ED5855013
:1038B400697E657F51844583554D084C5B6C6C6C07
:1038C400196143B16B767DC4B18A34DB8CE35670E5
:1038D40042F2B544484EC16EB383E9A83905667413
:1038E40038BE1291C7A6C70D63E7DE875DFB641F70
:1038F400DD0125AE1B9DC44AB472DA9ADA5E6BCB45
:10390400854A9EB08CE7C070F9823E2B418FEE64ED
:10391400D36F3DCD2F206BA87828CE4C4AC8FFD852
:10392400771DF9B361C825C2DC3995775FD73A773B
:103934008737BF4385F38C2A46940F434309695361
:103944007F30326DF770D34CC66938B88755480458
:10395400A633BCAAB863040F90AA12740E2DB64BFA
:1039640062D942CECF1D3D8E7B60AC834ACC49FDEB
:103974001D2270763D4FCEE9D945479FE64D9EFB0B
:103984006DFEDC51979BB46B7A03A808A944E785C4
:1039940055495CE19C2AD15E5CE1F05CBB63F7AE07
:1039A4001EEAD05D3A660B71A2A665A51C2D2927D7
:1039B400DA3B6FD84678333C6D52FFB5D101D50B55
:1039C4003B04FDC233ECED3ABCC7F456463E13F853
:1039D400361FCDE8753385D878FD98189728DBC055
:1039E40018F4B63AB804B85769362963944427C51D
:1039F4005599A1B897C26A2A1D4D4ED91597587486
:103A0400C5D194DC1A497939D29519E5ACC144B1D0
:103A1400993044222677BF8CB8769CB07BF2485606
:103A240021E5457A749C8C5E224D8CBD652702CBC2
:103A340051C85C52821B7D7D283526AE87198425AA
:103A440015750C39299E9BCE19794DB409FFE1E611
:103A5400DBA57A101026041081B7CE882AAC289AE8
:103A6400D0480B461A34C710C5DDBF111645A32A2A
:103A7400D5464201E4951990A22C4CFC041645A8A5
:103A8400C6A642C43EAA508A617CF733F026AAAE89
:103A9400A3C0A6AC6C17378F0D9E8785A9061E445C
:103AA400A3880F70AD38FBA2777280C3453ACFDE8E
:103AB400E443EA64ED0B7D50A07933460A16C9F954
:103AC40068524EE07B311DDBDCF1BA26E096FCF354
:103AD400AABFAAE8C19EA3A0D774368D38FED73FEB
:103AE400FF07B14D77A1C354C2CB2413E38E78AE44
:103AF40050258CFC39EFC9D5F939BCDAF00ECC1954
:103B040093494938BD061E856046D0A9358A9E89E9
:103B1400B600E5FE3DA2360936E6B49D7566449AC4
:103B2400E090960C8C86851E24E8D918441DBB0BA6
:103B3400E9A15567825CBCDAA320601AF08D316E6E
:103B4400D6ABF5A0A412B2485BABA460A3B67A1CB2
:103B540018FA8A55C3310748184E2F7CE8C1E2E3AE
:103B64005A32540DC529558AA1E5E6E1F1DECEF1BC
:103B7400D9E1BBBDBDDDBDD784004931D4122F19B5
:103B840044262979BC73E481A99C65CE76B1812150
:103B940032CEFEB8B97B7C7670B8F3FDEEFEBBA3E3
:103BA400B3EDB79B80E6652D20E2E5902982458F31
:103BB4003544458777FFA9C59D122961EF8A46944C
:103BC40078A8B6DE6CBEFCC31C3CEEC8585939ABB1
:103BD40027B835D3045DC907149B664A31FA842596
:103BE400839FB95AF45C8F5EC9DDBAA0538F0680F7
:103BF400A5A744DDE74598C05B54EE72D5CD361BCE
:103C0400E833FD9CEF14A48A1097D3B830E117B4BD
:103C1400242EADA4903E49C75431874F81768C94AD
:103C2400C862BD46384DF341E92DCE89EAE9319F9A
:103C340072EB34BB5F1D25E6035654F3DEDCB0752E
:103C440070C7B59DBBB2FA88C3CD0C3DD7343B7A5F
:103C5400F65DE2E84DE92A4726186A185EA2D92AD9
:103C6400BC81EB9ECE16329E3E6E4FC2194AB4BE44
:103C7400644483497836A4C2D0B5F68669B39BF40C
:103C8400533A4DDB3008B7292412D376165968F716
:103C9400240C924B0895F129A84998F4514B915E54
:103CA400B56C79987766171A98C09F7B2779BB24DF
:103CB40032FCC9E94A01E45C21E8C2EAF76DEBA6EB
:103CC400A9DFF3A86F35E15C9A83F27762756565C5
:103CD40005F3D0222297668984C7B6CA038367286E
:103CE400EFA380153D01D74E2DDF10A675E24347A3
:103CF4007FC2E26A20D3394A88E3A148B47219FA30
:103D04004980A27DD438F27924F87A39FFA2795512
:103D14006916E888A5CD1E69B7BB5FA9DC7E59F09A
:103D2400891D3DF70AE67B9CC5C4792BECF25CF255
:103D3400AC95DD161408CC07DD40D362E6BB6AAC53
:103D4400C110C21DA9802D277AE041E338F099A261
:103D540086E22C8DC48CB8D4D0D063700FEEA7AAA1
:103D64008122D5C8801D841754195C75E0F3520173
:103D7400BF4B2EBD3E667057F2AD499219CC12422C
:103D84003C038A998F35D41F595F0F0C10997838EA
:103D940054E1529142C15D65C4984453B27D604878
:103DA400A64F693664851F9483E9D92063F34F676E
:103DB400CDC6B496105962F383B4C25FFE87E78719
:103DC4003E9C95F9190C13CB6B1420A3B802330253
:103DD4000D3BDB82589EF6E8A20239B02D7F43AD3D
:103DE400939B0DE45ABE8EE08C276C2F2DAF6DEBA8
:103DF4001E64AC231606243BF7877439CCDA1136DB
:103E0400F1F249A15F557668ECBD791A4F9F66239C
:103E14004D09DA6B215763B3D5C34E80D4C780C92B
:103E24001D89C25182E336E0C3C28893328DAE66E7
:103E3400D447ED4875C2559BEA7E8335A74AC0AF87
:103E4400075007E09D9B0CC2C14BB6CEBDB80EE136
:103E540052F739A8B3A9E6C0B53AB91F2C87D3687D
:103E640059B94341DB4932D82200B64937FC1B1CFF
:103E740036BC1A430DE1E638361E4230DD00604898
:103E8400750F59DB3B1E989CEA983DA7052926A08F
:103E9400EC7FC76E6E1A53AEAD5AD0E2E51315AC83
:103EA400CB2C9D1B127C0A1B55F67C0982D3A735AB
:103EB400BED54D086CEAA2E49F0B612812DBCB52FD
:103EC40072642813F2B9BA42A15BDD96A043B1FE35
:103ED40075171B4D975BD894DFBD567DB0C7060E92
:103EE400BA2295DC0BB38FB0E803DBCD02635EE14D
:103EF400BFFC2893DE41BCC8FC0CDE84E5F003CE95
:103F040076680FA7326FEAEDE7D895C11BD2B75296
:103F14001538E114000A1C2FB5E6EE0A676AD83A90
:103F24002603B424CF619ADDFD8AC46DD5C93C1B38
:103F3400EA41FB7C8374FB9706B8D79438F74AD0E0
:103F4400EB0EDB1D2C74332B42F99B2D0A5E52D9E8
:103F5400D61087E8C6DAE3AB32E36A055469717DAB
:103F6400730ABB858D84F10AD2724FA85B7A49E843
:103F74000EDA1FB5966EB9F0D55B28E6921225FAD3
:103F8400094B0579E27CEF06572151094750DDC002
:103F9400812806056869E752A67A26F15F120A04A9
:103FA400DBC591118C41AD60093E141FB099E869DD
:103FB40055A104AC811EA5514A32FC6529AAD88DAD
:103FC400B7143B8A8B6A00D54479D7CECC728F273D
:103FD400A9AABB4A61E08EBC726FA049AF78619F09
:103FE40004B4F1D3FD40B4FFEAA0186FC5CEDE409F
:103FF4007BF9355CC849706A4F4D6B1455F89EFBCC
:10400400680BFAC395BD06ED83A27704E946EF7207
:10401400A51154F84EFFA89C1EF3C244EBF87A2372
:104024003AA2419D3F38DE4EC08B23862A3F8C0E38
:104034006BD1413546DB9FFE3A7B418DCE2F7734E1
:10404400222DC0FA876906849B05F650FCA42659E4
:10405400142EF5CB8C2276C477EA81CC04B6E675AF
:104064008B4C4EC0DD798DDA1BCEC11CC4C5D599ED
:10407400B27198AB63A8C13F90BE5702318EC8712C
:10408400BB363B3FABBE96DABF03EABC02A57DD08C
:10409400321487A877E82E201AAB4C103C0DFA880E
:1040A4000D52BD195F1164D2F97A230F2FCDDD4172
:1040B400BA0085CE77E6BC4A9D79E8A8E7517A1A1A
:1040C4006836A1619B64177F7DC6C3BD74DF8DD242
:1040D400B61FFFBEA73B1D28569D303CC5B9E9C19C
:1040E4008678DB46A57997F588261D43ED28F8A642
:1040F400568E2DF652E8DC603215BF82C6011CA92B
:104104002F56A8A656AB1F9D849C6980B364BB3A06
:10411400217961A2963A90C4E77022A4AA29417930
:10412400242F78B7EB8A3712CAA4C059674AB386DA
:10413400139CBD28720A5652DC569F37A2EA75DEDC
:1041440053249F326441A17F174CAD3AF9E14EAD3F
:104154003AD4E77278429A152AC04F93F1792A6DBE
:10416400BEDC584BCC55F8F7968F6277BA873C047F
:1041740065132E2DFEFFA4CF46ED29DC0E8D324BA8
:10418400A6723A5D32158174F60F7FB72567545ACB
:104194006D85CCE4E2D2841716DDE8C022F860A96C
:1041A40054083A7C2B8F11B49988A195A7AED119E4
:1041B40055A6F037F49C4EEB1DAB6820CD93BA8422
:1041C4000616CFB6CCDCA060C80E389DD267FB873C
:1041D400829F1C612C36F8C81C05F8EE7EA653ABF2
:1041E400F8F103049C6EDFC2C68B53AC14A4575B76
:1041F4002F7EC391324E3992019CC1E8C9486CC9E3
:104204004188DC4758E603C87EFF82168450634F1A
:10421400DCB15799AC4F1E7E5D1DACCC5BF6C14141
:1042240008EB2F9664571C9312BA6F75833059BBF1
:104234000FC039436857B5331C93547DD060FC2AB2
:1042440045EB7655E58AC0BBC007EBA8A616C87730
:1042540054CC987DC308773C5048D1CD436DDB0CDA
:104264008E4D0AC11EC2DD18319D9C952A29A58C4C
:10427400A93D5932C33CE15589DF4F17DE90776B76
:104284004F787D9AE7A4982A126C02B94E84524B57
:104294002AD3475BD8150C7E78EDCCBF6CD2AA0527
:1042A4005F1351CFDC510C46520C864DCCCA2AAD5B
:1042B40065C6AC2DF90276EFA2913F648608995346
:1042C4006FCF47416E799836053E334C6BB93F4406
:1042D400A2F46D3219154BBD3B7CA3A324EA8421BF
:1042E4007EB7E840C0164EE3B44E6AA106465BC5ED
:1042F4001AA8CCEB478E5BDDE8D393B317C655FD04
:1043040071487F417D219F2C034C1756FA900A284F
:10431400B358BFC08C25C4383E01C287CA96709971
:104324004FBAA42B6EB8A38D0A31DD3167CF97A1A4
:10433400BDC1CB2C6B995FCA9C6BF1319BDA5D7E5E
:10434400C413EC10E985C31350D3B6DE989EB7B9F5
:10435400F95E38081CA5116AC2224E99C23670BC97
:104364009AE6947043D6B40197928AC59ED5AC2739
:10437400A344C8D646D445C87E7B15C5CA6B57DC52
:104384007A54FF8086637D8E46497883F9C9D77352
:10439400D50C427A97E394830EB1D04FD733F543CB
:1043A40037F41557027E90FA0E83A66B5C1A2E30F2
:1043B400E3443A92DBA32CBDFB2F5C4A6954FA9A7E
:1043C400F843B455DDE9630A5ECD856ACE42716E69
:1043D40030D5D732463A50D8B2C79EF81E1C9E7BC1
:1043E400B261EB2A05B5772552F00DCAA44A70577D
:1043F4007795D50FDAA810B156241577C49C83BAE3
:104404001B9F684119CDC392452256A7D526EBA917
:104414009CD0A6211BEA09435DAC606EEE992796F9
:10442400C12E8F996F2B53495642D710079BE37CBB
:104434007BB26402BD38BA6725DB56F434294735AC
:10444400E3B06E12BA46F45955AAF126BD08E37BCF
:1044540015BF3287328A44D9DC315EB9EB194A5B25
:104464001B372F7475EE7D4D7EA2D894DFD0FAF9F8
:1044740035A1D2847B22F1E0FD5533A6B6C39A9DC3
:10448400DCB710B7B0866C9907683437CD991BAC8C
:10449400487813BA8E12975DDDFD321C267A8F7A26
:1044A40060D4D2BFF9772650FCB078A621FCAF7F48
:1044B400FEEF8F8A658ADB8EBE0474834446B3782C
:1044C400D66BE8113B64C95BCEAC8BC324B7AD405B
:1044D400D65D890DFD5ECDD3F7AE9CB2B132B75730
:1044E4000A1558B74A4D27DC702F92509D0503A238
:1044F400F91F3774B07CE3D1FF0180186886C05A75
:104504000000000014450020F0460020940A00201A
:10451400390B00000C47002018470020D01500205C
:10452400470900003047002038470020181F0020AA
:10453400EA1C0000455350343033315F53504C492A
:10454400545F32303236303931330000010000001C
:10455400CB00780002000000E2027A0003000000B1
:1045640070037F00040000002A038500050000009A
:1045740060018B000600000018028E000700000096
:10458400000292000800000000000000010000008A
:10459400CB00780002000000E2027A000300000071
:1045A40070037F00040000002A038500050000005A
:1045B40060018B000600000018028E000700000056
:1045C400000292000800000000000000504A52431C
:1045D4005F4F43544F5F414441505445525F5434FC
:1045E40031000000504A52435F4F43544F5F4144EF
:1045F40041505445525F543431000000010201011E
:104604000201020E01020405030701030603040864
:10461400010408070506020102010614020204054A
:104624000715020306030805020408070102010135
:104634000201020E01020405030701030603040834
:10464400010408070506020102010614020204051A
:10465400071502030603080502040807A1E6020081
:10466400A5E60200A9E60200ADE6020025730000FB
:104674002F2F22225C5C6208660C6E0A720D74098C
:1046840000000000747275650000000066616C73C0
:10469400650000006E756C6C00000000486F737458
:1046A400000000000D0A0D0A000000004854545098
:1046B4002F312E3100000000485454502F312E3039
:1046C40000000000436F6E74656E742D4C656E6758
:1046D40074680000436F6E74656E742D5479706550
:1046E400000000006170706C69636174696F6E2F03
:1046F4006A736F6E000000005472616E73666572B7
:104704002D456E636F64696E67000000436F6E74BD
:10471400656E742D456E636F64696E6700000000FA
:104724004578706563740000504F535400000000D6
:1047340047455400746172676574467073206D75E3
:10474400737420626520312E2E363000496E7661F6
:104754006C696420636F6C6F724F726465720000E1
:10476400456E61626C6564206F7574707574732036
:104774006E65656420312E2E3132303020706978B8
:10478400656C733B2064697361626C6564206F754A
:10479400747075747320616C6C6F77207A65726FB6
:1047A400000000004F757470757420756E6976652D
:1047B4007273652072616E676520657863656564F0
:1047C4007320302E2E33323736370000416374693C
:1047D4007665206F757470757420756E6976657270
:1047E40073652072616E676573206F7665726C61A4
:1047F40070000000537461746963206E65746D61A8
:10480400736B206D75737420626520636F6E7469B9
:1048140067756F7573202F312E2E2F3330000000F3
:10482400537461746963204950206D7573742062F8
:1048340065206120756E696361737420686F737499
:1048440020616464726573730000000047617465DD
:10485400776179206D757374206265207A65726F53
:10486400206F7220616E6F7468657220686F737454
:1048740020696E207468652073616D6520737562AC
:104884006E657400444E53206D7573742062652008
:104894007A65726F206F72206120756E696361732F
:1048A400742061646472657373000000436F6E6604
:1048B4006967206D7573742062652061204A534FC7
:1048C4004E206F626A65637400000000736368655C
:1048D4006D6156657273696F6E0000006861726481
:1048E4007761726550726F66696C6500556E737599
:1048F40070706F72746564206F72206D6973736970
:104904006E6720736368656D6156657273696F6E57
:1049140000000000686172647761726550726F66AE
:10492400696C65206D75737420626520504A52432A
:104934005F4F43544F5F414441505445525F543498
:10494400310000006272696768746E6573730000F9
:104954006272696768746E657373206D7573742011
:10496400626520616E20696E746567657220302E01
:104974002E3235350000000074617267657446702C
:10498400730000006E6574776F726B0074617267F8
:104994006574467073206D75737420626520616E52
:1049A40020696E746567657220312E2E36300000E2
:1049B4006E6574776F726B206F626A6563742069C9
:1049C4007320726571756972656400006468637050
:1049D400000000006E6574776F726B2E64686370FC
:1049E400206D75737420626520626F6F6C65616EF3
:1049F400000000004E6574776F726B20616464720E
:104A04006573736573206D75737420626520646FBC
:104A1400747465642D646563696D616C20495076B6
:104A24003420737472696E677300000045786163A3
:104A3400746C79206569676874206578706C696343
:104A44006974206F75747075747320617265207257
:104A5400657175697265640045616368206F75747A
:104A6400707574206D75737420626520616E206F9B
:104A7400626A656374000000696400004F757470B5
:104A84007574206964206D75737420626520302EFE
:104A94002E3700004475706C6963617465206F750E
:104AA400747075742069640057533238313242008F
:104AB4004F6E6C792057533238313242206F7574FF
:104AC40070757420747970652069732073757070C3
:104AD4006F72746564000000656E61626C656400E9
:104AE40072657665727365004F75747075742065B0
:104AF4006E61626C65642F72657665727365206D94
:104B040075737420626520626F6F6C65616E7300EB
:104B1400706978656C436F756E74000070697865B0
:104B24006C436F756E74206D7573742062652030EC
:104B34002E2E3132303000007374617274556E69F8
:104B440076657273650000007374617274556E69E2
:104B54007665727365206D75737420626520302EDE
:104B64002E333237363700006461746150696E0049
:104B7400636C6F636B50696E000000004F75747056
:104B84007574204750494F73206D757374206D619F
:104B94007463682074686520666978656420504A87
:104BA400524320706879736963616C206F75747007
:104BB40075740000496E76616C6964206F75747059
:104BC400757420636F6C6F724F72646572000000BD
:104BD4005065722D6F757470757420746172676599
:104BE40074467073206D757374206D6174636820EE
:104BF400676C6F62616C2074617267657446707370
:104C0400000000007374617274506978656C000070
:104C14007374617274506978656C20646F65732075
:104C24006E6F74206D617463682074686520636FAF
:104C34006D707574656420706879736963616C2044
:104C44006F7574707574206C61796F7574000000F1
:104C5400546F74616C20706978656C436F756E7401
:104C640020646F6573206E6F74206D6174636820B7
:104C7400656E61626C6564206F7574707574730021
:104C8400756E697665727365436F756E74000000A6
:104C9400756E697665727365436F756E7420646FA3
:104CA4006573206E6F74206D6174636820656E6136
:104CB400626C6564206F75747075742072616E67C0
:104CC400657300005C753030303000006F6B00009D
:104CD4006572726F72000000485454502F312E31A7
:104CE4002025752025730D0A436F6E74656E742D2F
:104CF400547970653A2025730D0A436F6E74656E9E
:104D0400742D4C656E6774683A2025750D0A436FDF
:104D14006E6E656374696F6E3A20636C6F73650DB4
:104D24000A43616368652D436F6E74726F6C3A2039
:104D34006E6F2D73746F72650D0A582D436F6E7408
:104D4400656E742D547970652D4F7074696F6E7330
:104D54003A206E6F736E6966660D0A436F6E7465F2
:104D64006E742D53656375726974792D506F6C6917
:104D740063793A2064656661756C742D737263207F
:104D84002773656C66273B207374796C652D737289
:104D940063202773656C66272027756E73616665CB
:104DA4002D696E6C696E65273B206672616D652D99
:104DB400616E636573746F727320276E6F6E6527FF
:104DC4000D0A25730D0A0000526571756573742010
:104DD40052656A656374656400000000524553506F
:104DE4004F4E53455F4341504143495459000000DD
:104DF4004F4B000025752E25752E25752E25750023
:104E0400646E730067617465776179006E65746DB3
:104E140061736B002F696E6465782E68746D6C0025
:104E24002F6170692F636F6E666967002F61706907
:104E34002F73746174757300687474705F72657134
:104E44007565737473000000687474705F72656ACA
:104E54006563746564000000687474705F74696DE0
:104E6400656F757473000000687474705F706F6CA4
:104E74006C5F75735F6D6178000000006874747016
:104E84005F6C6173745F74696D656F75745F62796B
:104E940074657300687474705F6C6173745F7469B3
:104EA4006D656F75745F6865616465727300000099
:104EB400687474705F6C6173745F74696D656F7529
:104EC400745F7461696C00002F66617669636F6E4C
:104ED4002E69636F00000000696D6167652F782D8E
:104EE40069636F6E00000000436F6E74656E742D0D
:104EF400456E636F64696E673A20677A69700D0A5C
:104F0400566172793A204163636570742D456E630E
:104F14006F64696E670D0A004E4F545F464F554EDD
:104F240044000000494E56414C49445F4A534F4E99
:104F3400000000002F6170692F7361766500000026
:104F44002F6170692F737461727400002F6170692E
:104F54002F73746F700000002F6170692F74657374
:104F6400740000007365636F6E647300544553549A
:104F74005F52414E47455F4F55545055545F305F23
:104F8400385F5345434F4E44535F315F36303000F2
:104F94002F6170692F7265626F6F740052455155AD
:104FA4004553545F544F4F5F4C41524745000000F6
:104FB400494E56414C49445F485454505F52455100
:104FC4005545535400000000484541444552535F41
:104FD400544F4F5F4C415247450000005242470036
:104FE4004752420047425200425247004247520051
:104FF400746578742F68746D6C3B20636861727398
:1050040065743D7574662D38000000002F73747943
:105014006C65732E63737300746578742F63737394
:105024003B20636861727365743D7574662D380046
:105034002F6170702E6A73006170706C69636174A3
:10504400696F6E2F6A6176617363726970743B2055
:10505400636861727365743D7574662D3800000071
:1050640053544F5000000000435241534800000085
:1050740041524D005445535400000000414C4C0033
:105084005245424F4F545F50454E44494E470000ED
:1050940052454345495645525F434F4E4649475F43
:1050A400494E56414C494400454550524F4D5F537B
:1050B4004156455F4641494C45440000434F4E46E6
:1050C400494755524154494F4E5F4641554C545FF0
:1050D40041434B4E4F574C454447455F574954480D
:1050E4005F4150504C595F4F525F53415645000049
:1050F400534156455F414E445F5245424F4F545FC2
:105104005245515549524544000000004E4F5F45F9
:105114004E41424C45445F4F555450555453000042
:105124004348414E4E454C5F4352454154494F4ECE
:105134005F4641494C454400494E56414C49445F01
:10514400544553545F415247554D454E5453000006
:105154004F55545055545F4E4F545F434F4E46493C
:1051640047555245440000004F4B2053544F5020A4
:105174004E4F5F4F55545055545F494E4954494121
:105184004C495A45440000004F4B2053544F502083
:10519400424C41434B5F444D415F434F4D504C455E
:1051A40054450000554E53415645445F4348414ED3
:1051B40047455300554E4B4E4F574E006669726D2E
:1051C40077617265000000007465656E737934312F
:1051D4002D6F63746F2D7765622D72783332000002
:1051E400626F6172645F70726F66696C6500000063
:1051F400736F757263655F70726F66696C650000CA
:1052040061726D6564000000636F6E666967757234
:1052140065640000636F6E6669675F6C6F636B65DE
:10522400640000006368616E6E656C735F6C6F632D
:105234006B656400636F6E66696775726174696F2C
:105244006E5F6661756C74007265626F6F745F7215
:1052540065717569726564007265626F6F745F7001
:10526400656E64696E670000756E736176656400CF
:1052740073746F726167655F7374617465000000B5
:105284006C6173745F6572726F720000626F617239
:10529400645F6D6F64656C5F766572696669656489
:1052A40000000000706879736963616C5F6F7574E6
:1052B400707574735F766572696669656400000071
:1052C400706879736963616C5F6670735F76657229
:1052D40069666965640000006172746E65745F6973
:1052E4006D706C656D656E74656400006172746EDA
:1052F40065745F70726F66696C655F6D6174636815
:10530400000000006C65645F747970650000000043
:105314007461726765745F66707300006672616DB4
:10532400655F706572696F645F757300746F746133
:105334006C5F706978656C73000000006578706557
:10534400637465645F756E69766572736573000076
:1053540070696E73000000006C656E67746873009A
:1053640073746172745F756E6976657273657300C8
:10537400636F6C6F725F6F7264657273000000001C
:105384006C696E6B000000007564705F6C69737407
:10539400656E696E670000007564705F72656365B1
:1053A40069766564000000007564705F71756575E9
:1053B400655F64726F7073007564705F64726169B5
:1053C4006E65640071756575655F7065616B00007D
:1053D40073656C656374696F6E0000007465737443
:1053E4005F6475726174696F6E5F6D7300000000B5
:1053F400746573745F6C696D69745F6D730000002C
:105404006672616D65735F7375626D6974746564EA
:1054140000000000626C61636B6F7574735F737579
:10542400626D697474656400646D615F636F6D704F
:105434006C65746564000000646D615F70656E6422
:10544400696E6700626C61636B5F6C61746368654D
:10545400640000007375626D69745F6670730000A8
:10546400646D615F636F6D706C6574696F6E5F66A8
:1054740070730000646D615F667073006172746EB6
:1054840065745F636F6D706C6574655F66707300DF
:105494006D61785F73686F775F63616C6C5F757360
:1054A400000000006D61785F646D615F6F62736519
:1054B400727665645F75730073686F775F75735F89
:1054C4006D617800646D615F6F62736572766564A7
:1054D4005F75735F6D6178007564705F64726F707F
:1054E4007065640074656C656D657472795F736B67
:1054F4006970706564000000636F6D6D616E645F58
:105504007265706C6965735F736B69707065640054
:105514006172746E65745F7061636B6574730000AF
:105524006172746E65745F636F6D706C6574650031
:105534006172746E65745F72656A65637465640034
:105544006172746E65745F69676E6F726564000082
:105554006172746E65745F696E636F6D706C65748F
:10556400650000006172746E65745F7374616C65CC
:10557400000000006172746E65745F6475706C691C
:1055840063617465730000006172746E65745F6FAB
:105594007665727772697474656E00005345455F71
:1055A4005745425F535441545553000045455052AA
:1055B4004F4D5F434F52525550545F4445464155F9
:1055C4004C54535F4C4F4144454400007465656E30
:1055D40073792D6F63746F2D636F6E74726F6C6C5F
:1055E400657200004F4B2041524D00004F4B205438
:1055F4004553540045525220434F4D4D414E445F54
:10560400544F4F5F4C4F4E475F4F525F434F4E5482
:10561400524F4C5F434841524143544552000000AD
:105624004552522053544F505F52455155495245AB
:1056340044000000455252205553455F5745425F90
:10564400434F4E464947000045525220494E564169
:105654004C49445F434F4D4D414E440044495341EE
:10566400524D454400000000544553545F52554E7A
:105674004E494E47000000004152544E45545F527B
:10568400554E4E494E47000053544F505F574149C1
:10569400545F50524556494F55535F444D410000A5
:1056A40053544F505F574149545F424C41434B5F01
:1056B400444D410053544F5050454400434F5252BF
:1056C4005550545F44454641554C54530000000026
:1056D4005354554200000000433A5C636F6465789C
:1056E4002D6275696C645C6172746E6574352D72BB
:1056F4007833325C6C6962735C7465656E7379349B
:10570400315F6F63746F5F7765625F727833325CA9
:10571400466173744C45445C7372632F666C2F63EB
:1057240068616E6E656C732F6368616E6E656C2E56
:105734006370702E687070004368616E6E656C20D3
:1057440027000000273A20626F756E642064726936
:105754007665722027000000272069732063757224
:1057640072656E746C792044495341424C4544201F
:105774006279206578636C75736976652D647269E6
:105784007665722073656C656374696F6E2027009B
:10579400272E204672616D652077696C6C206265E6
:1057A4002073696C656E746C792064726F707065B7
:1057B400642E20005265736F6C7665207769746877
:1057C4003A20466173744C45442E656E61626C6583
:1057D400447269766572733C666C3A3A4275733A00
:1057E4003A0000003E2829206F7220466173744CF1
:1057F40045442E656E61626C65416C6C44726976D9
:1058040065727328292E000027206973206375723E
:1058140072656E746C792044495341424C45442E60
:10582400204672616D652077696C6C206265207317
:10583400696C656E746C792064726F707065642E27
:1058440020000000433A5C636F6465782D627569DB
:105854006C645C6172746E6574352D727833325C7D
:105864006C6962735C7465656E737934315F6F6300
:10587400746F5F7765625F727833325C466173740C
:105884004C45445C7372632F666C2F6368616E6E63
:10589400656C732F61646170746572732F737069C2
:1058A4005F6368616E6E656C5F616461707465727C
:1058B4002E6370702E68707000000000293A20007A
:1058C4005370694368616E6E656C456E67696E6599
:1058D400416461707465723A2052656C65617369E4
:1058E4006E67200020636F6D706C6574656420635F
:1058F40068616E6E656C73005370694368616E6EA7
:10590400656C456E67696E65416461707465723A71
:105914002044657374727563746F7220666F7220AD
:1059240027000000433A5C636F6465782D627569F3
:105934006C645C6172746E6574352D727833325C9C
:105944006C6962735C7465656E737934315F6F631F
:10595400746F5F7765625F727833325C466173742B
:105964004C45445C7372632F666C2F6368616E6E82
:10597400656C732F6D616E616765722E6370702E36
:10598400687070004368616E6E656C4D616E61672E
:1059940065723A2054696D656F7574206F63637521
:1059A40072726564207768696C65207761697469CF
:1059B4006E6720666F7220524541445920737461AA
:1059C400746500004368616E6E656C4D616E61675D
:1059D40065723A2044657374727563746F722063E0
:1059E400616C6C65640000005370694368616E6E9D
:1059F400656C456E67696E65416461707465723A81
:105A0400204E756C6C206368616E6E656C206461F9
:105A140074612070617373656420746F20656E71A6
:105A240075657565282900005370694368616E6E59
:105A3400656C456E67696E65416461707465723A40
:105A44002043616E6E6F742068616E646C65206EB5
:105A54006F6E2D535049206368616E6E656C2064CF
:105A6400617461202863686970736574206D69735B
:105A74006D617463682900005370694368616E6ED8
:105A8400656C456E67696E65416461707465723AF0
:105A940020456E717565756564206368616E6E6519
:105AA4006C2028746F74616C3A200000433A5C6384
:105AB4006F6465782D6275696C645C6172746E657F
:105AC40074352D727833325C6C6962735C7465650D
:105AD4006E737934315F6F63746F5F7765625F7281
:105AE4007833325C466173744C45445C7372632F43
:105AF400666C2F6368616E6E656C732F6472697671
:105B040065722E6370702E68707000004368616E59
:105B14006E656C5F000000004368616E6E656C4DDD
:105B2400616E616765723A20496E697469616C6976
:105B34007A696E67000000004368616E6E656C4DA3
:105B4400616E616765723A3A73656C656374447239
:105B540069766572466F724368616E6E656C28295A
:105B6400202D204E756C6C206368616E6E656C2010
:105B740064617461000000004368616E6E656C4D81
:105B8400616E616765723A20416666696E6974790F
:105B94002064726976657220270000002720636103
:105BA4006E6E6F742068616E646C65206368616EEC
:105BB4006E656C2064617461202863686970736524
:105BC400742F627573206D69736D61746368292E17
:105BD4002000000046616C6C696E67206261636B33
:105BE40020746F204155544F2F7072696F7269741D
:105BF400792064697370617463682E004368616E10
:105C04006E656C4D616E616765723A204E6F2063FC
:105C14006F6D70617469626C652064726976657217
:105C240020666F756E6420666F72206368616E6EA5
:105C3400656C206461746100273A2044726976655A
:105C44007220270027207761736E277420696E7392
:105C540074616E7469617465642E205265736F6C2F
:105C6400766520776974683A20000000283129207D
:105C7400666C3A3A656E61626C6544726976657207
:105C8400733C666C3A3A4275733A3A003E282920CE
:105C940000000000286C696E6B73206F6E6C7920B5
:105CA4007468697320647269766572292C20000017
:105CB40028322920466173744C45442E656E616216
:105CC4006C65416C6C44726976657273282920286E
:105CD4006C696E6B7320657665727920647269767F
:105CE4006572292C206F72200000000028332920BF
:105CF400466173744C45442E6164644C6564733C22
:105D04002E2E2E2C20666C3A3A4275733A3A0000D5
:105D14003E282E2E2E292000286C65676163792089
:105D24004150493B2070696E7320427573202B20CB
:105D34007472696767657273206C696E6B65722033
:105D44006B6565702D616C697665292E20000000F5
:105D540027206973207265676973746572656420AE
:105D64006275742063616E6E6F742068616E646C1A
:105D7400652074686973206368616E6E656C27734F
:105D8400206368697073657420000000286275736D
:105D94002F63686970736574206D69736D617463D2
:105DA40068292E2044656661756C74696E67207479
:105DB4006F204155544F2F7072696F726974792046
:105DC40064697370617463682E000000273A204E82
:105DD4006F20636F6D70617469626C6520647269B1
:105DE40076657220666F756E64202D2063616E6E19
:105DF4006F74207472616E736D6974004368616EB0
:105E04006E656C4D616E616765723A2054696D65AB
:105E14006F7574206F636375727265642077686947
:105E24006C652077616974696E6720666F722063A0
:105E34006F6E646974696F6E000000004368616E80
:105E44006E656C4D616E616765723A3A6164644473
:105E540072697665722829202D204E756C6C206439
:105E640072697665722070726F7669646564000089
:105E74004368616E6E656C4D616E616765723A3A36
:105E84006164644472697665722829202D20456E08
:105E940067696E652068617320656D707479206E22
:105EA400616D6520286472697665722D3E6765743C
:105EB4004E616D6528292072657475726E65642063
:105EC400656D70747920737472696E6729000000BF
:105ED4004368616E6E656C4D616E616765723A3AD6
:105EE4006164644472697665722829202D205265A4
:105EF400706C6163696E67206578697374696E6735
:105F04002064726976657220270000004368616E20
:105F14006E656C4D616E616765723A3A61646444A2
:105F240072697665722829202D2027002720616C4C
:105F340072656164792072656769737465726564FA
:105F4400206174207072696F726974792000000096
:105F540020286964656D706F74656E74206E6F2D92
:105F64006F7029004368616E6E656C4D616E616788
:105F740065723A2057616974696E6720666F722092
:105F8400616C6C206472697665727320746F206230
:105F940065636F6D65205245414459206265666FA3
:105FA4007265207265706C6163656D656E74000066
:105FB4004368616E6E656C4D616E616765723A200F
:105FC40052656D6F76696E67206F6C6420647269C8
:105FD40076657220270000002720287368617265A7
:105FE400645F707472206D61792064656C6574659A
:105FF400290000007C0000004E4F4E4500000000C8
:106004004368616E6E656C4D616E616765723A20BE
:1060140041646465642064726976657220270000B7
:106024002720287072696F7269747920000000005B
:106034002C20636170733A20000000004368616E95
:106044006E656C4D616E616765723A2054696D6569
:106054006F7574206F636375727265642077686905
:106064006C652077616974696E6720666F7220526F
:1060740045414459206F7220445241494E494E478C
:1060840020737461746500005370694368616E6EB7
:10609400656C456E67696E65416461707465723ADA
:1060A4003A6372656174653A204E6F20636F6E7453
:1060B400726F6C6C6572732070726F76696465645C
:1060C400000000005370694368616E6E656C456E34
:1060D40067696E65416461707465723A3A637265AA
:1060E4006174653A2053697A65206D69736D6174D2
:1060F400636820696E20617267756D656E747300E4
:106104005370694368616E6E656C456E67696E6550
:10611400416461707465723A3A6372656174653A98
:1061240020456D7074792061646170746572206EAD
:10613400616D65005370694368616E6E656C456E90
:1061440067696E65416461707465723A204E756C5E
:106154006C20636F6E74726F6C6C65722061742056
:10616400696E6465782000005370694368616E6EDF
:10617400656C456E67696E65416461707465723AF9
:10618400205265676973746572656420636F6E7409
:10619400726F6C6C65722027000000002C206C610B
:1061A4006E65733A200000005370694368616E6E37
:1061B400656C456E67696E65416461707465723AB9
:1061C400204E6F2076616C696420636F6E74726F09
:1061D4006C6C65727320726567697374657265644B
:1061E400000000005370694368616E6E656C456E13
:1061F40067696E65416461707465723A20436F6EBD
:1062040074726F6C6C6572200000000020616C7207
:106214006561647920696E697469616C697A656421
:10622400207769746820646966666572656E742097
:10623400636C6F636B2070696E0000005370694378
:1062440068616E6E656C456E67696E654164617008
:106254007465723A204661696C656420746F2069C4
:106264006E697469616C697A6520000053706943D2
:1062740068616E6E656C456E67696E6541646170D8
:106284007465723A20496E697469616C697A6564EF
:1062940020000000207769746820636C6F636B20B2
:1062A40070696E20000000005370694368616E6E6F
:1062B400656C456E67696E65416461707465723AB8
:1062C400204D756C74692D6C616E6520696E6974FE
:1062D400206E6F742079657420696D706C656D65CE
:1062E4006E746564000000005370694368616E6EEB
:1062F400656C456E67696E65416461707465723A78
:10630400204E6F6E2D535049206368697073657415
:1063140020696E2067726F75704279436C6F636B8E
:1063240050696E005370694368616E6E656C456EAA
:1063340067696E65416461707465723A204E6F6E70
:106344002D535049206368697073657420696E2009
:106354007472616E736D69744261746368000000E5
:106364005370694368616E6E656C456E67696E65EE
:10637400416461707465723A204E6F206176616980
:106384006C61626C6520636F6E74726F6C6C6572A5
:1063940020666F7220636C6F636B2070696E2000DF
:1063A4005370694368616E6E656C456E67696E65AE
:1063B400416461707465723A20456D70747920632C
:1063C40068616E6E656C206461746100537069432A
:1063D40068616E6E656C456E67696E654164617077
:1063E4007465723A205472616E736D697474696E67
:1063F40067206368616E6E656C20766961200000B9
:10640400202870696E200000206279746573290069
:106414005370694368616E6E656C456E67696E653D
:10642400416461707465723A204661696C656420E8
:10643400746F206163717569726520444D412062F7
:10644400756666657220286572726F72200000009E
:106454005370694368616E6E656C456E67696E65FD
:10646400416461707465723A20444D4120627566DE
:1064740066657220746F6F20736D616C6C202800E8
:10648400203C20005370694368616E6E656C456EF4
:1064940067696E65416461707465723A2054726113
:1064A4006E736D697373696F6E206661696C656480
:1064B400000000005370694368616E6E656C456E40
:1064C40067696E65416461707465723A20547261E3
:1064D4006E736D697373696F6E207175657565642C
:1064E400207375636365737366756C6C7900000063
:1064F4005370694368616E6E656C456E67696E655D
:10650400416461707465723A205472616E736D698E
:106514007373696F6E2074696D656F757400000024
:106524005370694368616E6E656C456E67696E652C
:10653400416461707465723A2042617463682074C6
:1065440072616E736D697373696F6E20636F6D70C2
:106554006C657465000000005370694368616E6E79
:10656400656C456E67696E65416461707465723A05
:106574002073686F7728292063616C6C65642077C9
:106584006974682000000000206368616E6E656CA9
:10659400730000005370694368616E6E656C456EEC
:1065A40067696E65416461707465723A2047726F01
:1065B4007570656420696E746F20000020636C6FD1
:1065C400636B2070696E2067726F757073000000D2
:1065D4005370694368616E6E656C456E67696E657C
:1065E400416461707465723A205472616E736D69AE
:1065F4007474696E672067726F7570207769746848
:1066040020636C6F636B2070696E2000202800008B
:10661400206368616E6E656C732900005370694372
:1066240068616E6E656C456E67696E654164617024
:106634007465723A204661696C656420746F2074D5
:1066440072616E736D697420626174636820666F31
:106654007220636C6F636B2070696E200000000011
:106664005370694368616E6E656C456E67696E65EB
:10667400416461707465723A2073686F77282920C9
:10668400636F6D706C65746500000000554353378B
:106694003630342063616E6E6F7420636172727978
:1066A40020352D6368616E6E656C205247425757E2
:1066B40020E280942074686973206368697073654C
:1066C4007420616C7761797320656D69747320340B
:1066D4002D6368616E6E656C20524742572E2054BC
:1066E4006865207761726D2F636F6F6C20776869BE
:1066F4007465206368616E6E656C7320696E2079C1
:106704006F757220526762777720636F6E66696770
:106714002077696C6C2062652064726F70706564A8
:106724002E20536574204368616E6E656C4F7074DF
:10673400696F6E732E6D5768697465436667203D93
:1067440020526762777B2E2E2E7D20696E737465CE
:10675400616420746F2073696C656E63652074686E
:106764006973207761726E696E672E00273A205331
:106774006B697070696E6720616464546F44726100
:10678400774C6973742829202D20616C72656164CB
:106794007920696E2064726177206C6973740000DB
:1067A400273A2073686F77506978656C73282920BD
:1067B40063616C6C6564207768696C65206D4368FF
:1067C400616E6E656C4461746120697320696E202A
:1067D400757365206279206472697665722C206114
:1067E4007474656D7074696E6720746F2077616965
:1067F40074000000273A2054696D656F7574206F2A
:1068040063637572726564207768696C652077616B
:106814006974696E6720666F722064726976657246
:1068240020746F206265636F6D6520524541445941
:1068340000000000273A20456E67696E6520626596
:1068440063616D65205245414459206166746572E7
:106854002077616974696E6700000000273A205848
:10686400594D61702064696D656E73696F6E732034
:10687400280000002920646F6E2774206D61746302
:1068840068204C454420636F756E74202800000016
:10689400292E2041646472657373696E6720747273
:1068A400616E73666F726D6174696F6E206D61796C
:1068B4002070726F6475636520756E6578706563AA
:1068C40074656420726573756C74732E0000000027
:1068D400273A204E6F2064726976657220626F7564
:1068E4006E642079657420746865206D4368616EF8
:1068F4006E656C4461746120697320696E207573E0
:1069040065202D2063616E6E6F74207472616E73E6
:106914006D6974004155544F00000000524D5400FD
:106924005041524C494F0000493253004932535FA1
:10693400535049004C43445F524742004C43445F28
:10694400535049004C43445F434C4F434B4C4553D5
:10695400530000005541525400000000464C455875
:106964005F494F004F424A4543545F464C454400FB
:106974004C505541525400004249545F42414E47E5
:1069840000000000554E4E414D45442043484950B7
:1069940053455400433A5C636F6465782D627569AE
:1069A4006C645C6172746E6574352D727833325C1C
:1069B4006C6962735C7465656E737934315F6F639F
:1069C400746F5F7765625F727833325C46617374AB
:1069D4004C45445C7372632F666C2F6766782F7224
:1069E4006762772E6370702E68707000524742574A
:1069F4003A206B52474257436F6C6F72696D6574EE
:106A0400726963207265717565737465642062755B
:106A14007420464153544C45445F524742575F43A8
:106A24004F4C4F52494D4554524943206973206E8F
:106A34006F7420646566696E656420E280942066E4
:106A4400616C6C696E67206261636B20746F206B8C
:106A5400524742574578616374436F6C6F72732E6B
:106A640020446566696E6520464153544C45445F35
:106A7400524742575F434F4C4F52494D4554524938
:106A8400433D3120746F20656E61626C65207468CB
:106A94006520636F6C6F72696D65747269632070D1
:106AA4006174682E00000000524742573A206B522E
:106AB400474257436F6C6F72696D657472696342C4
:106AC4006F6F737465642072657175657374656442
:106AD4002062757420464153544C45445F524742EA
:106AE400575F434F4C4F52494D45545249432069D7
:106AF40073206E6F7420646566696E656420E2803D
:106B0400942066616C6C696E67206261636B2074AB
:106B14006F206B524742574578616374436F6C6FC3
:106B240072732E20446566696E6520464153544C49
:106B340045445F524742575F434F4C4F52494D457E
:106B4400545249433D3120746F20656E61626C6517
:106B54002074686520636F6C6F72696D6574726907
:106B64006320706174682E00433A5C636F646578D7
:106B74002D6275696C645C6172746E6574352D7216
:106B84007833325C6C6962735C7465656E737934F6
:106B9400315F6F63746F5F7765625F727833325C05
:106BA400466173744C45445C7372632F666C2F6743
:106BB40066782F72676277772E6370702E687070B4
:106BC4000000000052474257573A206B5247425741
:106BD40057436F6C6F72696D657472696320726577
:106BE40071756972657320464153544C45445F5234
:106BF4004742575F434F4C4F52494D4554524943C6
:106C04003D312028746865206D617468206C696268
:106C14007261727920746861742070726F7669642D
:106C2400657320736F6C76655F7267626363742942
:106C34002E204F757470757474696E67207A65724E
:106C44006F732E0052474257573A206B52474257B0
:106C540057436F6C6F72696D6574726963426F6FCD
:106C64007374656420726571756972657320464139
:106C740053544C45445F524742575F434F4C4F5225
:106C8400494D45545249433D312E204F757470751A
:106C94007474696E67207A65726F732E0000000049
:106CA400293A205741524E3A20000000293A204503
:106CB40052524F523A200000293A20494E464F3A48
:106CC40020000000433A5C636F6465782D62756947
:106CD4006C645C6172746E6574352D727833325CE9
:106CE4006C6962735C7465656E737934315F6F636C
:106CF400746F5F7765625F727833325C4661737478
:106D04004C45445C7372632F666C2F7461736B2FF4
:106D14007363686564756C65722E6370702E687039
:106D2400700000005B666C3A3A7461736B5D2057C7
:106D340061726E696E673A206E6F207468656E28A2
:106D4400292063616C6C6261636B207365742066D7
:106D54006F72205461736B2300000000206C617516
:106D64006E6368656420617420000000433A5C63CC
:106D74006F6465782D6275696C645C6172746E65AC
:106D840074352D727833325C6C6962735C7465653A
:106D94006E737934315F6F63746F5F7765625F72AE
:106DA4007833325C466173744C45445C7372632F70
:106DB400666C2F7461736B2F6578656375746F727D
:106DC4002E6370702E687070000000007461736B25
:106DD4003A3A72756E2072652D656E7472616E63D7
:106DE400792064657465637465642C20736B6970C1
:106DF40070696E67206E65737465642063616C6C82
:106E040000000000433A5C636F6465782D62756925
:106E14006C645C6172746E6574352D727833325CA7
:106E24006C6962735C7465656E737934315F6F632A
:106E3400746F5F7765625F727833325C4661737436
:106E44004C45445C7372632F706C6174666F726D31
:106E5400732F61726D2F7465656E73792F636F7212
:106E64006F7574696E655F7465656E73792E696D8F
:106E7400706C2E6870700000436F726F7574696E69
:106E840065506C6174666F726D5465656E73793AA2
:106E9400204661696C656420746F20616C6C6F635B
:106EA40061746520737461636B000000433A5C6332
:106EB4006F6465782D6275696C645C6172746E656B
:106EC40074352D727833325C6C6962735C746565F9
:106ED4006E737934315F6F63746F5F7765625F726D
:106EE4007833325C466173744C45445C7372632F2F
:106EF400706C6174666F726D732F61726D2F74653F
:106F0400656E73792F7465656E7379345F636F6D25
:106F14006D6F6E2F72785F666C6578696F5F6368FA
:106F2400616E6E656C2E6370702E68707000000068
:106F34005B466C6578494F2052585D2077616974CF
:106F440028292054494D454F555420616674657273
:106F5400200000006D733A0020444D4120636F6DA2
:106F6400706C6574653D0000206572726F723D003F
:106F74002043495445523D002F00000020287472DC
:106F8400616E73666572735F646F6E653D000000C9
:106F94005B466C6578494F2052585D20706F73745E
:106FA4002D74696D656F757420464C4558494F3191
:106FB4003A000000205348494654535441543D304C
:106FC400780000002053484946544552523D3078D9
:106FD400000000002054494D535441543D30780082
:106FE400204354524C3D3078000000005B466C65F1
:106FF40078494F2052585D206D43617074757265F5
:107004004275666665725B302E2E375D3A203078A5
:10701400000000005B466C6578494F2052585D20A3
:1070240077616974282920535543434553533A20C3
:107034007472616E73666572735F646F6E653D0032
:10704400433A5C636F6465782D6275696C645C6156
:1070540072746E6574352D727833325C6C69627348
:107064005C7465656E737934315F6F63746F5F77D9
:1070740065625F727833325C466173744C45445C7C
:107084007372632F706C6174666F726D732F6172AB
:107094006D2F7465656E73792F7465656E737934BD
:1070A4005F636F6D6D6F6E2F7370695F68775F32AA
:1070B4005F6D787274313036322E6370702E687062
:1070C400700000005370694877324D585254313083
:1070D40036323A20427573206D69736D617463684A
:1070E400202D2065787065637465642000000000BD
:1070F4002C20676F742000005370694877324D5814
:107104005254313036323A20496E76616C696420CB
:10711400627573206E756D626572200053706948E4
:1071240077324D585254313036323A204475616CBE
:107134002D53504920726571756972657320626FB1
:10714400746820646174613020616E6420646174C9
:1071540061312070696E73005370694877324D58FD
:107164005254313036323A20496E76616C6964206B
:1071740070696E20636F6D62696E6174696F6E20F1
:10718400666F72206275732000000000202045782D
:107194007065637465643A2053434B3D00000000FE
:1071A4002044303D000000002044313D0000000038
:1071B4002020476F743A2053434B3D00554E5345AE
:1071C4005400000050696E206E756D626572206512
:1071D400786365656473204E554D5F44494749544F
:1071E400414C5F50494E5320666F72207468697336
:1071F40020626F617264202D2070696E2069732093
:107204006F7574206F662076616C69642072616E9C
:107214006765000050696E20646F6573206E6F743B
:10722400206D617020746F20612076616C69642028
:107234004750494F20706F727420284750494F3689
:107244002D3929202D206D61792062652061206708
:10725400726F756E642F706F7765722F72656164DB
:107264002D6F6E6C792070696E0000005741524E8C
:10727400494E473A2050696E2069732053657269FC
:10728400616C3120554152542028303D5258312CE4
:1072940020313D54583129202D206D6179206361BE
:1072A400757365206E6F6973652F7369676E616CA2
:1072B4002069737375657320616E64206166666509
:1072C40063742073657269616C20646562756767B5
:1072D400696E67005741524E494E473A2050696ED5
:1072E4002069732053657269616C32205541525490
:1072F4002028373D5258322C20383D54583229200A
:107304002D206D6179206361757365206E6F6973DB
:10731400652F7369676E616C20697373756573009B
:107324005741524E494E473A2050696E20697320A6
:1073340053504920627573202831313D4D4F5349D4
:107344002C2031323D4D49534F2C2031333D534392
:107354004B29202D206D6179206361757365206E42
:107364006F69736520616E6420636F6E666C696318
:1073740074207769746820666C6173682F534420A5
:107384007065726970686572616C73005741524E22
:10739400494E473A2050696E206973205350493151
:1073A40020627573202832363D4D4F5349312C20CD
:1073B40032373D53434B3129202D206D61792063B1
:1073C40061757365206E6F69736520616E642063F7
:1073D4006F6E666C69637420776974682070657277
:1073E4006970686572616C73000000005741524E09
:1073F400494E473A2050696E206973204932432030
:10740400627573202831383D534441302C20313982
:107414003D53434C3029202D206D617920636175E3
:107424007365206E6F69736520616E6420636F6E8F
:10743400666C6963742077697468204932432064F8
:1074440065766963657300005741524E494E473A69
:107454002050696E2069732049324320627573207D
:107464002831363D53434C312C2031373D53444170
:107474003129202D206D6179206361757365206E3B
:107484006F69736520616E6420636F6E666C6963F7
:10749400742077697468204932432064657669638F
:1074A40065730000433A5C636F6465782D627569A7
:1074B4006C645C6172746E6574352D727833325C01
:1074C4006C6962735C7465656E737934315F6F6384
:1074D400746F5F7765625F727833325C4661737490
:1074E4004C45445C7372632F706C6174666F726D8B
:1074F400732F61726D2F7465656E73792F696E6970
:10750400745F7465656E7379342E6370702E687061
:10751400700000005465656E737920342E783A202B
:10752400506C6174666F726D20696E697469616C08
:10753400697A6174696F6E207374617274696E67BD
:10754400000000005465656E737920342E783A206B
:10755400506C6174666F726D20696E697469616CD8
:10756400697A6174696F6E20636F6D706C657465A0
:1075740000000000433A5C636F6465782D627569AE
:107584006C645C6172746E6574352D727833325C30
:107594006C6962735C7465656E737934315F6F63B3
:1075A400746F5F7765625F727833325C46617374BF
:1075B4004C45445C7372632F706C6174666F726DBA
:1075C400732F7368617265642F636F726F7574696A
:1075D4006E655F636F6E746578742E6370702E6869
:1075E40070700000464154414C3A20537461636BFF
:1075F400206F766572666C6F77206465746563745A
:10760400656420696E20636F726F7574696E6500BE
:10761400433A5C636F6465782D6275696C645C6180
:1076240072746E6574352D727833325C6C69627372
:107634005C7465656E737934315F6F63746F5F7703
:1076440065625F727833325C466173744C45445CA6
:107654007372632F706C6174666F726D732F6172D5
:107664006D2F7465656E73792F7465656E737934E7
:107674005F636F6D6D6F6E2F7370695F68775F6D99
:10768400616E616765725F6D787274313036322E67
:107694006370702E687070005465656E7379203461
:1076A4002E783A20496E697469616C697A696E67EB
:1076B400205350492068617264776172650000004C
:1076C4005465656E737920342E783A205265676963
:1076D40073746572696E67205370694877342069E2
:1076E4006E7374616E63657300000000535049311A
:1076F4000000000053504932000000005465656EDC
:10770400737920342E783A2053706948773420698D
:107714006E7374616E6365732072656769737465F3
:10772400726564005465656E737920342E783A204E
:107734005265676973746572696E6720537069482E
:10774400773220696E7374616E63657300000000A4
:107754005465656E737920342E783A2053706948E5
:10776400773220696E7374616E6365732072656726
:1077740069737465726564005465656E7379203449
:107784002E783A205350492068617264776172659B
:1077940020696E697469616C697A6564000000002F
:1077A400433A5C636F6465782D6275696C645C61EF
:1077B40072746E6574352D727833325C6C696273E1
:1077C4005C7465656E737934315F6F63746F5F7772
:1077D40065625F727833325C466173744C45445C15
:1077E4007372632F706C6174666F726D732F617244
:1077F4006D2F7465656E73792F7465656E73793456
:107804005F636F6D6D6F6E2F696E69745F6368611E
:107814006E6E656C5F6472697665725F6D787274A2
:10782400313036322E6370702E68707000000000A4
:107834005465656E737920342E783A204C617A79D8
:1078440020696E697469616C697A6174696F6E200C
:107854006F66206368616E6E656C2064726976651C
:10786400727300005465656E737920342E783A2063
:107874005265676973746572696E6720466C6578D2
:10788400494F206368616E6E656C20647269766529
:10789400720000005465656E737920342E783A20A6
:1078A4005265676973746572656420466C657849CE
:1078B4004F2064726976657220287072696F7269EC
:1078C40074792038290000005465656E737920347A
:1078D4002E783A205265676973746572696E672001
:1078E4004F626A656374464C4544206368616E6EFA
:1078F400656C206472697665720000005465656E7B
:10790400737920342E783A205265676973746572EE
:107914006564204F626A656374464C454420647212
:107924006976657220287072696F7269747920357E
:10793400290000005465656E737920342E783A204E
:107944005265676973746572696E6720756E6966DE
:1079540069656420485720535049206368616E6EFE
:10796400656C206472697665720000005465656E0A
:10797400737920342E783A20466F756E64200000A7
:107984002053706948773420636F6E74726F6C6C27
:10799400657273002053706948773220636F6E7488
:1079A400726F6C6C657273005350495F554E494653
:1079B400494544005465656E737920342E783A2025
:1079C4005265676973746572656420756E6966696A
:1079D4006564205350492064726976657220776922
:1079E4007468200020636F6E74726F6C6C657273C0
:1079F40020287072696F7269747920005465656E0D
:107A0400737920342E783A204661696C6564207459
:107A14006F2063726561746520756E69666965645B
:107A24002053504920616461707465720000000045
:107A34005465656E737920342E783A204E6F205346
:107A4400504920686172647761726520636F6E7457
:107A5400726F6C6C65727320617661696C61626CC3
:107A6400650000005465656E737920342E783A20E1
:107A74004368616E6E656C2064726976657273200A
:107A8400696E697469616C697A656400433A5C6320
:107A94006F6465782D6275696C645C6172746E657F
:107AA40074352D727833325C6C6962735C7465650D
:107AB4006E737934315F6F63746F5F7765625F7281
:107AC4007833325C466173744C45445C7372632F43
:107AD40074686972645F70617274792F6F626A6529
:107AE40063745F666C65642F7372632F4F6A65639A
:107AF40074464C45442E6370702E6870700000000C
:107B04003D3D3D3D3D3D3D3D3D3D3D3D3D3D3D3DA1
:107B14003D3D3D3D3D3D3D3D3D3D3D3D3D3D3D3D91
:107B24003D3D3D3D3D3D3D3D3D3D3D3D3D3D3D3D81
:107B34003D3D3D3D3D3D3D3D3D3D3D3D3D3D3D3D71
:107B44003D3D3D3D3D3D3D3D3D3D3D3D3D3D3D3D61
:107B540000000000464153544C45442043524954CC
:107B64004943414C204552524F523A204E6F2076A1
:107B7400616C69642070696E7320636F6E666967F7
:107B84007572656421000000416C6C2000000000E7
:107B94002070696E73206661696C65642076616C1F
:107BA40069646174696F6E2E000000004F626A653B
:107BB4006374464C45442064726976657220697327
:107BC4002064697361626C6564202D206E6F204CA3
:107BD4004544732077696C6C20626520757064611C
:107BE4007465642E00000000464153544C45442003
:107BF4004552524F523A2050696E2000206973203A
:107C0400494E56414C494420616E6420686173209A
:107C14006265656E2064697361626C65640000006E
:107C2400464153544C4544205741524E494E473ADD
:107C34002050696E20000000206D61792068617613
:107C440065206973737565730000000020646F65B7
:107C540073206E6F74206D617020746F20475049DB
:107C64004F362D3920286F66667365743D00000019
:107C7400546869732070696E206D61792062652093
:107C8400612067726F756E642F706F7765722F72E3
:107C94006561642D6F6E6C792070696E202D207380
:107CA400747269702064697361626C6564000000B9
:107CB400464153544C4544205741524E494E473A4D
:107CC400204F6E6C79200000206F662000000000B9
:107CD4002070696E73206172652076616C6964003E
:107CE400537472697073206F6E20696E76616C696B
:107CF400642070696E732077696C6C206E6F7420D9
:107D040066756E6374696F6E2E000000716E657423
:107D14006865726E65742D6C776970002575000056
:107D2400433A5C636F6465782D6275696C645C6169
:107D340072746E6574352D727833325C6C6962735B
:107D44005C7465656E737934315F6F63746F5F77EC
:107D540065625F727833325C514E45746865726E49
:107D640065745C7372635C716E65746865726E656C
:107D7400745C514E45746865726E65742E637070E0
:107D840000000000457870656374656420636F6D5E
:107D9400706C65746520696E7465726661636520D4
:107DA4006E616D652066696C6C00000041737365DB
:107DB4007274696F6E2022257322206661696C6576
:107DC40064206174206C696E6520256420696E20CE
:107DD40025730A0045787065637465642076616C68
:107DE4006964206164647265737320696E666F00F0
:107DF400433A5C636F6465782D6275696C645C6199
:107E040072746E6574352D727833325C6C6962738A
:107E14005C7465656E737934315F6F63746F5F771B
:107E240065625F727833325C514E45746865726E78
:107E340065745C7372635C716E65746865726E659B
:107E4400745C514E45746865726E6574436C696503
:107E54006E742E6370700000766563746F723A3AC4
:107E64005F4D5F72616E67655F696E736572740002
:107E74004F7574707574207061636B657420746FD2
:107E84006F206C6172676500433A5C636F64657868
:107E94002D6275696C645C6172746E6574352D72E3
:107EA4007833325C6C6962735C7465656E737934C3
:107EB400315F6F63746F5F7765625F727833325CD2
:107EC400514E45746865726E65745C7372635C715F
:107ED4006E65746865726E65745C514E4574686550
:107EE400726E65745544502E6370700063616E6EDB
:107EF4006F7420637265617465207374643A3A76B2
:107F04006563746F72206C61726765722074686156
:107F14006E206D61785F73697A652829000000001E
:107F2400766563746F723A3A5F4D5F646566617536
:107F34006C745F617070656E64000000433A5C634A
:107F44006F6465782D6275696C645C6172746E65CA
:107F540074352D727833325C6C6962735C74656558
:107F64006E737934315F6F63746F5F7765625F72CC
:107F74007833325C514E45746865726E65745C7317
:107F840072635C716E65746865726E65745C64724C
:107F940069766572735C6472697665725F7465652F
:107FA4006E737934312E637070000000457870650B
:107FB4006374656420737061636520666F722070FA
:107FC4006275662066696C6C00000000433A5C636D
:107FD4006F6465782D6275696C645C6172746E653A
:107FE40074352D727833325C6C6962735C746565C8
:107FF4006E737934315F6F63746F5F7765625F723C
:108004007833325C514E45746865726E65745C7386
:1080140072635C716E65746865726E65745C696EBA
:108024007465726E616C5C436F6E6E656374696FC8
:108034006E4D616E616765722E63707000000000A2
:1080440045787065637465642076616C696420703A
:108054006F727400766563746F723A3A5F4D5F7243
:1080640065616C6C6F635F617070656E64000000C5
:10807400766563746F723A3A7265736572766500F9
:1080840025733A25643A257328290D0A0000000057
:10809400433A5C636F6465782D6275696C645C61F6
:1080A40072746E6574352D727833325C6C696273E8
:1080B4005C7465656E737934315F6F63746F5F7779
:1080C40065625F727833325C514E45746865726ED6
:1080D40065745C7372635C716E65746865726E65F9
:1080E400745C716E65746865726E65745F68616CEA
:1080F4002E6370700000000046756E6374696F6EC5
:108104002063616C6C65642066726F6D20696E74A7
:1081140065727275707420636F6E74657874000094
:10812400656E74726F70792067656E6572617469CB
:108134006F6E206572726F7200000000433A5C63D8
:108144006F6465782D6275696C645C6172746E65C8
:1081540074352D727833325C6C6962735C74656556
:108164006E737934315F6F63746F5F7765625F72CA
:108174007833325C514E45746865726E65745C7315
:1081840072635C6C7769705C617070735C6D646E53
:10819400735C6D646E732E63000000006D646E7317
:1081A4005F726573705F72656D6F76655F6E65741F
:1081B40069663A204E756C6C20706F696E746572D6
:1081C4000000000025640000696E2D616464720083
:1081D40061727061000000006C6F63616C000000EC
:1081E4005F73657276696365730000005F646E7324
:1081F4002D7364005F756470000000005F74637029
:1082040000000000433A5C636F6465782D62756911
:108214006C645C6172746E6574352D727833325C93
:108224006C6962735C7465656E737934315F6F6316
:10823400746F5F7765625F727833325C514E457458
:108244006865726E65745C7372635C6C7769705C8C
:10825400697076345C6175746F69702E6300000018
:108264006E6574696620213D204E554C4C0000001B
:108274006175746F697020213D204E554C4C00008F
:108284006E6574696620616C7265616479206861E9
:1082940073206120737472756374206175746F69DF
:1082A4007020736574000000433A5C636F64657802
:1082B4002D6275696C645C6172746E6574352D72BF
:1082C4007833325C6C6962735C7465656E7379349F
:1082D400315F6F63746F5F7765625F727833325CAE
:1082E400514E45746865726E65745C7372635C6C40
:1082F4007769705C697076345C646863702E6300BF
:10830400646863705F6372656174655F6D73673A17
:1083140020636865636B2074686174206669727396
:108324007420706275662063616E20686F6C6420CF
:1083340073747275637420646863705F6D7367002F
:10834400646863705F696E635F7063625F726566C1
:10835400636F756E7428293A206D656D6F7279208C
:108364006C65616B00000000646863705F6F70741B
:10837400696F6E3A206F7074696F6E735F6F757496
:108384005F6C656E202B2032202B206F7074696F18
:108394006E5F6C656E203C3D20444843505F4F50F7
:1083A40054494F4E535F4C454E000000646863705F
:1083B4005F6F7074696F6E5F627974653A206F7075
:1083C40074696F6E735F6F75745F6C656E203C20AB
:1083D400444843505F4F5054494F4E535F4C454EB1
:1083E40000000000646863705F6F7074696F6E5F93
:1083F4006C6F6E673A206F7074696F6E735F6F7520
:10840400745F6C656E202B2034203C3D204448432F
:10841400505F4F5054494F4E535F4C454E0000003F
:10842400646863705F7063625F726566636F756EC4
:108434007428293A20726566636F756E74206572BC
:10844400726F7200444843503A20686F73746E61CF
:108454006D6520697320746F6F206C6F6E672100E7
:10846400636865636B206465636F64655F696478E2
:10847400000000006468637020213D204E554C4C80
:10848400000000006E6574696620616C7265616449
:108494007920686173206120737472756374206439
:1084A4006863702073657400696E76616C6964201A
:1084B400646863702D3E737461746500433A5C6351
:1084C4006F6465782D6275696C645C6172746E6545
:1084D40074352D727833325C6C6962735C746565D3
:1084E4006E737934315F6F63746F5F7765625F7247
:1084F4007833325C514E45746865726E65745C7392
:1085040072635C6C7769705C697076345C657468FE
:108514006172702E63000000636865636B20746889
:108524006174206669727374207062756620636179
:108534006E20686F6C642073747275637420657444
:10854400686172705F686472000000006E6574692F
:10855400662D3E6877616464725F6C656E206D752C
:108564007374206265207468652073616D65206191
:1085740073204554485F4857414444525F4C454E2C
:1085840020666F72206574686172702100000000BB
:108594006172705F7461626C655B695D2E71203D10
:1085A4003D204E554C4C00006172705F7461626CEA
:1085B400655B695D2E7374617465203D3D2045548F
:1085C400484152505F53544154455F454D505459AE
:1085D400000000006172705F7461626C655B6172BF
:1085E400705F6964785D2E7374617465203E3D200C
:1085F4004554484152505F53544154455F5354418C
:10860400424C450069706164647220213D204E55DE
:108614004C4C00006574685F72657420213D204EE7
:10862400554C4C006E657469662D3E6877616464D0
:10863400725F6C656E203D3D204554485F4857414C
:108644004444525F4C454E006E6F207061636B650D
:10865400742071756575657320616C6C6F776564E2
:10866400210000007120213D204E554C4C0000009B
:10867400433A5C636F6465782D6275696C645C6110
:1086840072746E6574352D727833325C6C69627302
:108694005C7465656E737934315F6F63746F5F7793
:1086A40065625F727833325C514E45746865726EF0
:1086B40065745C7372635C6C7769705C6970763442
:1086C4005C69676D702E630069676D705F6C6F6FB6
:1086D4006B75705F67726F75703A20666972737438
:1086E4002067726F7570206D7573742062652061E8
:1086F4006C6C73797374656D7300000069676D70D9
:108704005F6C6F6F6B75705F67726F75703A206125
:108714006C6C20657863657074206669727374206C
:1087240067726F7570206D757374206E6F7420623C
:108734006520616C6C73797374656D73000000005F
:1087440069676D705F73656E643A20636865636B17
:10875400207468617420666972737420706275662F
:108764002063616E20686F6C642073747275637427
:108774002069676D705F6D7367000000433A5C6346
:108784006F6465782D6275696C645C6172746E6582
:1087940074352D727833325C6C6962735C74656510
:1087A4006E737934315F6F63746F5F7765625F7284
:1087B4007833325C514E45746865726E65745C73CF
:1087C40072635C6C7769705C697076345C69703470
:1087D4002E630000702D3E726566203D3D20310001
:1087E400636865636B20746861742066697273746E
:1087F40020706275662063616E20686F6C642073FC
:1088040074727563742069705F686472000000009C
:10881400433A5C636F6465782D6275696C645C616E
:1088240072746E6574352D727833325C6C69627360
:108834005C7465656E737934315F6F63746F5F77F1
:1088440065625F727833325C514E45746865726E4E
:1088540065745C7372635C6C7769705C69707634A0
:108864005C6970345F616464722E6300756E686164
:108874006E646C6564000000433A5C636F64657801
:108884002D6275696C645C6172746E6574352D72E9
:108894007833325C6C6962735C7465656E737934C9
:1088A400315F6F63746F5F7765625F727833325CD8
:1088B400514E45746865726E65745C7372635C6C6A
:1088C4007769705C697076345C6970345F66726174
:1088D400672E630073616E69747920636865636BE6
:1088E400206C696E6B6564206C6973740000000011
:1088F40070637220213D204E554C4C007072657699
:1089040020213D2069707200707265762D3E6E657F
:108914007874203D3D2069707200000070627566B5
:10892400735F6672656564202B20636C656E203C02
:108934003D203078666666660000000069705F72EC
:10894400656173735F70627566636F756E74203EE4
:108954003D2070627566735F667265656400000031
:1089640073616E69747920636865636B000000004D
:1089740076616C69646174655F6461746167726176
:108984006D3A6E6578745F70627566213D4E554C24
:108994004C00000069705F72656173735F7062758B
:1089A40066636F756E74203E3D20636C656E0000D7
:1089B4006E6F74206669727374616C74686F756726
:1089C40068206A75737420656E71756575656400D9
:1089D40074686973206E65656473206120706275C4
:1089E4006620696E206F6E6520706965636521007D
:1089F400702D3E6C656E203E3D20706F66660000F3
:108A0400433A5C636F6465782D6275696C645C617C
:108A140072746E6574352D727833325C6C6962736E
:108A24005C7465656E737934315F6F63746F5F77FF
:108A340065625F727833325C514E45746865726E5C
:108A440065745C7372635C6C7769705C6D656D2EC4
:108A5400630000006D616C6C6F632829206D757371
:108A6400742072657475726E20616C69676E6564DA
:108A7400206D656D6F727900726D656D20213D20EA
:108A84004E554C4C00000000726D656D203D3D203C
:108A94004D454D5F414C49474E28726D656D290027
:108AA400433A5C636F6465782D6275696C645C61DC
:108AB40072746E6574352D727833325C6C696273CE
:108AC4005C7465656E737934315F6F63746F5F775F
:108AD40065625F727833325C514E45746865726EBC
:108AE40065745C7372635C6C7769705C6D656D70E2
:108AF4002E6300006D656D705F6D616C6C6F633A21
:108B0400206D656D702070726F7065726C79206174
:108B14006C69676E656400006D656D705F66726593
:108B2400653A206D656D2070726F7065726C792086
:108B3400616C69676E656400433A5C636F64657871
:108B44002D6275696C645C6172746E6574352D7226
:108B54007833325C6C6962735C7465656E73793406
:108B6400315F6F63746F5F7765625F727833325C15
:108B7400514E45746865726E65745C7372635C6CA7
:108B84007769705C6E657469662E63006E657469DE
:108B9400665F69737375655F7265706F7274733A3B
:108BA40020696E76616C6964206E65746966000084
:108BB40063616C6C6261636B206D757374206265B4
:108BC40020213D204E554C4C00000000666E206D67
:108BD40075737420626520213D204E554C4C000075
:108BE4006E65746966206D75737420626520213D1D
:108BF400204E554C4C00000073696E676C65206E06
:108C04006574696620616C7265616479207365744A
:108C1400000000006E657469662D3E6877616464C7
:108C2400725F6C656E203C3D204E455449465F4D55
:108C340041585F4857414444525F4C454E00000040
:108C4400433A5C636F6465782D6275696C645C613A
:108C540072746E6574352D727833325C6C6962732C
:108C64005C7465656E737934315F6F63746F5F77BD
:108C740065625F727833325C514E45746865726E1A
:108C840065745C7372635C6C7769705C7062756642
:108C94002E6300007062756620726566206F7665CB
:108CA40072666C6F77000000706275665F636F7048
:108CB40079206661696C656400000000696E766104
:108CC4006C696420706275665F7479706500000079
:108CD4007020213D204E554C4C000000706275669A
:108CE4005F667265653A20702D3E726566203E208F
:108CF4003000000070632D3E637573746F6D5F66A2
:108D04007265655F66756E6374696F6E20213D20C0
:108D14004E554C4C00000000696E76616C6964200D
:108D24007062756620747970650000007062756603
:108D34005F616C6C6F633A206572726F6E656F75FC
:108D44007320747970650000706275665F72656186
:108D54006C6C6F633A207020213D204E554C4C00C2
:108D6400706275665F7265616C6C6F633A20712026
:108D7400213D204E554C4C006D656D5F7472696DDC
:108D84002072657475726E65642072203D3D204EBC
:108D9400554C4C006D656D5F7472696D207265741D
:108DA40075726E6564207220213D20710000000000
:108DB4004372656174696E6720616E20696E6669CD
:108DC4006E697465206C6F6F70000000702D3E74C6
:108DD4006F745F6C656E203D3D20702D3E6C656E3A
:108DE40020286F66206C6173742070627566206938
:108DF4006E20636861696E29000000006F66667307
:108E040065745F746F203C3D20705F746F2D3E6C01
:108E1400656E00006F66667365745F66726F6D20C1
:108E24003C3D20705F66726F6D2D3E6C656E000078
:108E3400706275665F74616B653A20696E76616C09
:108E44006964207062756600646964206E6F7420C2
:108E5400636F707920616C6C206461746100000040
:108E6400433A5C636F6465782D6275696C645C6118
:108E740072746E6574352D727833325C6C6962730A
:108E84005C7465656E737934315F6F63746F5F779B
:108E940065625F727833325C514E45746865726EF8
:108EA40065745C7372635C6C7769705C7261772E55
:108EB40063000000726177207063622072656376DC
:108EC4002063616C6C6261636B20616C74657265B4
:108ED400642070627566207061796C6F61642070C3
:108EE4006F696E74657220776974686F7574206534
:108EF4006174696E67207061636B657400000000C3
:108F0400433A5C636F6465782D6275696C645C6177
:108F140072746E6574352D727833325C6C69627369
:108F24005C7465656E737934315F6F63746F5F77FA
:108F340065625F727833325C514E45746865726E57
:108F440065745C7372635C6C7769705C7463702EB7
:108F54006300000070636220213D204E554C4C009C
:108F64007463705F667265653A204C495354454E8C
:108F7400000000007463705F7570646174655F72F3
:108F840063765F616E6E5F776E643A20696E7661B8
:108F94006C696420706362006E65775F7263765FEC
:108FA400616E6E5F776E64203C3D20307866666645
:108FB40066000000646F6E27742063616C6C20741B
:108FC40063705F72656376656420666F72206C6996
:108FD4007374656E2D706362730000007463705F58
:108FE4007365675F636F70793A20696E76616C6947
:108FF4006420736567000000696E76616C696420A3
:10900400736F636B657420737461746520666F722B
:1090140020726563762063616C6C6261636B00002F
:10902400696E76616C696420736F636B6574207319
:109034007461746520666F72206572722063616C5E
:109044006C6261636B0000007463705F736C6F77B4
:10905400746D723A20616374697665207063622D61
:109064003E737461746520213D20434C4F53454445
:10907400000000007463705F736C6F77746D723AF4
:1090840020616374697665207063622D3E73746138
:10909400746520213D204C495354454E0000000086
:1090A4007463705F736C6F77746D723A206163746C
:1090B400697665207063622D3E7374617465202146
:1090C4003D2054494D452D57414954007463705F08
:1090D400736C6F7774696D723A207065727369731B
:1090E40074207469636B696E67207769746820699A
:1090F4006E2D666C69676874206461746100000099
:109104007463705F736C6F7774696D723A20706505
:109114007273697374207469636B696E672077690D
:10912400746820656D7074792073656E642062754F
:1091340066666572000000007463705F736C6F771D
:10914400746D723A206D6964646C65207463702078
:10915400213D207463705F6163746976655F706339
:10916400627300007463705F736C6F77746D723A2E
:1091740020666972737420706362203D3D207463BD
:10918400705F6163746976655F7063627300000089
:109194007463705F736C6F77746D723A2054494DC9
:1091A400452D57414954207063622D3E7374617498
:1091B40065203D3D2054494D452D574149540000FB
:1091C4007463705F736C6F77746D723A206D696449
:1091D400646C652074637020213D207463705F7437
:1091E400775F7063627300007463705F736C6F7792
:1091F400746D723A20666972737420706362203DE4
:109204003D207463705F74775F7063627300000065
:109214007463705F7063625F72656D6F76653A2028
:10922400696E76616C696420706362007463705F58
:109234007063625F72656D6F76653A20696E766100
:109244006C6964207063626C69737400756E736515
:109254006E74207365676D656E7473206C65616BE5
:10926400696E6700756E61636B6564207365676D15
:10927400656E7473206C65616B696E670000000035
:109284006F6F736571207365676D656E7473206CA1
:1092940065616B696E670000646F6E27742063619B
:1092A4006C6C207463705F61626F72742F7463708E
:1092B4005F6162616E646F6E20666F72206C6973A9
:1092C40074656E2D70636273000000007463705FD8
:1092D4006163636570745F6E756C6C3A20696E7659
:1092E400616C696420706362000000007463705FE5
:1092F400636C6F73655F73687574646F776E3A201F
:10930400696E76616C696420706362007063622DBB
:109314003E666C61677320262054465F5258434C66
:109324004F534544000000007463705F66726565C6
:109334005F6C697374656E3A20214C495354454EF1
:10934400000000007463705F6E6578745F69737306
:109354003A20696E76616C69642070636200000073
:109364007463705F6566665F73656E645F6D737367
:109374005F6E657469663A20696E76616C69642013
:109384006473745F69700000433A5C636F6465786A
:109394002D6275696C645C6172746E6574352D72CE
:1093A4007833325C6C6962735C7465656E737934AE
:1093B400315F6F63746F5F7765625F727833325CBD
:1093C400514E45746865726E65745C7372635C6C4F
:1093D4007769705C7463705F696E2E6300000000CF
:1093E4007063622D3E736E645F71756575656C653F
:1093F4006E203E3D20706275665F636C656E286EFC
:109404006578742D3E7029007463705F72656365BE
:109414006976653A2076616C696420717565756555
:10942400206C656E677468007463705F7265636551
:109434006976653A2077726F6E672073746174651C
:1094440000000000696E7365672E7020213D204E78
:10945400554C4C00696E73616E65206F666673656A
:10946400742100007062756620746F6F2073686FDA
:10947400727421007463705F726563656976653A1E
:10948400207365676D656E74206E6F7420747269E5
:109494006D6D656420636F72726563746C7920749A
:1094A4006F207263765F776E640000007463705F90
:1094B400726563656976653A207365676D656E7478
:1094C400206E6F74207472696D6D656420636F72B1
:1094D400726563746C7920746F206F6F736571208B
:1094E40071756575650000007463705F726563650E
:1094F4006976653A207463706C656E203E207263F1
:10950400765F776E640000007463705F72656365F4
:109514006976653A206F6F736571207463706C654A
:109524006E203E207263765F776E64007463705FB2
:10953400696E7075743A20696E76616C6964207026
:1095440062756600702D3E6E65787420213D204E54
:10955400554C4C00702D3E6C656E203D3D20300016
:10956400702D3E746F745F6C656E203D3D20702DD0
:109574003E6E6578742D3E746F745F6C656E00008A
:109584007463705F696E7075743A20616374697690
:1095940065207063622D3E737461746520213D20E3
:1095A400434C4F53454400007463705F696E70759B
:1095B400743A20616374697665207063622D3E732A
:1095C4007461746520213D2054494D452D5741490E
:1095D400540000007463705F696E7075743A2061A2
:1095E4006374697665207063622D3E73746174657B
:1095F40020213D204C495354454E00007463705F54
:10960400696E7075743A207063622D3E6E6578746D
:1096140020213D2070636220286265666F72652098
:1096240063616368652900007463705F696E7075B7
:10963400743A207063622D3E6E65787420213D205B
:109644007063622028616674657220636163686573
:10965400290000007463705F696E7075743A205459
:10966400494D452D57414954207063622D3E737412
:10967400617465203D3D2054494D452D5741495461
:10968400000000007463705F696E7075743A207036
:1096940063622D3E737461746520213D20434C4FF9
:1096A400534544007063622D3E736E645F7175654B
:1096B40075656C656E203E20300000006E6F20736F
:1096C40065676D656E7420746F2066726565000051
:1096D4007063622D3E6C697374656E65722D3E61B4
:1096E400636365707420213D204E554C4C0000008E
:1096F4007063622D3E726566757365645F64617440
:1097040061203D3D204E554C4C000000433A5C63C3
:109714006F6465782D6275696C645C6172746E65E2
:1097240074352D727833325C6C6962735C74656570
:109734006E737934315F6F63746F5F7765625F72E4
:109744007833325C514E45746865726E65745C732F
:1097540072635C6C7769705C7463705F6F75742E90
:10976400630000007463705F6372656174655F73A6
:1097740065676D656E743A20696E76616C69642004
:1097840070636200702D3E746F745F6C656E203E72
:109794003D206F70746C656E000000006368656343
:1097A4006B207468617420666972737420706275CA
:1097B400662063616E20686F6C64207374727563D5
:1097C40074207463705F6864720000007463705F77
:1097D4007273743A20696E76616C6964206C6F638D
:1097E400616C5F69700000007463705F7273743A37
:1097F40020696E76616C69642072656D6F74655F53
:10980400697000007463705F77726974653A2070E0
:1098140062756673206F6E207175657565203D3EB7
:10982400206174206C65617374206F6E652071759E
:10983400657565206E6F6E2D656D7074790000001E
:109844007463705F77726974653A206E6F2070621A
:10985400756673206F6E207175657565203D3E20B9
:10986400626F74682071756575657320656D7074B9
:10987400790000006D73735F6C6F63616C206973B2
:1098840020746F6F20736D616C6C0000696E636F80
:109894006E73697374656E74206F76657273697A1A
:1098A400652076732E20737061636500696E636F43
:1098B4006E73697374656E74206F76657273697AFA
:1098C400652076732E206C656E0000006E656564FD
:1098D40020756E636861696E6564207062756600E8
:1098E4007463705F77726974653A20524F4D2070CB
:1098F400627566732063616E6E6F74206265206F9B
:1099040076657273697A656400000000756E73652C
:109914006E745F6F76657273697A65206D69736DB5
:109924006174636820287063622D3E756E73656E82
:1099340074206973204E554C4C2900006F76657273
:1099440073697A65203D3D203000000070726576B1
:109954005F73656720213D204E554C4C000000008C
:109964007463705F77726974653A2063616E6E6FB9
:109974007420636F6E636174656E617465207768CB
:10998400656E207063622D3E756E73656E7420691A
:109994007320656D707479007463705F7772697495
:1099A400653A20657874656E73696F6E206F662002
:1099B4007265666572656E6365207265717569723C
:1099C4006573207265666572656E636500000000EC
:1099D4007463705F77726974653A2076616C696448
:1099E400207175657565206C656E6774680000008C
:1099F4007463705F73706C69745F756E73656E7495
:109A04005F7365673A20696E76616C696420706380
:109A14006200000043616E27742073706C697420C7
:109A24007365676D656E7420696E746F206C656E06
:109A3400677468203000000073706C6974203C3DCA
:109A4400206D7373000000007463705F656E717540
:109A54006575655F666C6167733A206E6565642041
:109A6400656974686572205443505F53594E206F82
:109A740072205443505F46494E20696E20666C61E3
:109A84006773202870726F6772616D6D65722076DE
:109A9400696F6C61746573204150492900000000AE
:109AA4007463705F656E71756575655F666C61671B
:109AB400733A20696E76616C696420706362000099
:109AC4007463705F656E71756575655F666C6167FB
:109AD400733A20636865636B2074686174206669F7
:109AE40072737420706275662063616E20686F6C97
:109AF40064206F70746C656E000000007365672DE0
:109B04003E746370686472206E6F7420616C696760
:109B14006E6564007463705F656E71756575655F0D
:109B2400666C6167733A20696E76616C6964207350
:109B340065676D656E74206C656E677468000000FF
:109B44007463705F656E71756575655F666C61677A
:109B5400733A20696E76616C696420717565756508
:109B6400206C656E677468007463705F73656E64FF
:109B74005F66696E3A20696E76616C696420706311
:109B8400620000007463705F7265786D69745F725F
:109B9400746F5F707265706172653A20696E766188
:109BA4006C696420706362007463705F7265786DC1
:109BB40069743A20696E76616C696420706362002E
:109BC4007463705F7265786D69745F666173743A0B
:109BD40020696E76616C6964207063620000000025
:109BE4007463705F73656E645F656D7074795F61D3
:109BF400636B3A20696E76616C69642070636200FD
:109C04007463705F6F75747075743A20696E7661F1
:109C14006C69642070636200646F6E2774206361F2
:109C24006C6C207463705F6F757470757420666FEC
:109C340072206C697374656E2D706362730000002A
:109C4400525354206E6F7420657870656374656434
:109C540020686572652100006F7074696F6E7320EF
:109C64006E6F742066696C6C656400007463705F69
:109C74007265786D69745F72746F5F636F6D6D691F
:109C8400743A20696E76616C6964207063620000C6
:109C94007463705F7265786D69745F72746F3A2073
:109CA400696E76616C696420706362007463705FCE
:109CB4006B656570616C6976653A20696E76616C76
:109CC40069642070636200007463705F7A65726F08
:109CD4005F77696E646F775F70726F62653A20694F
:109CE4006E76616C6964207063620000433A5C6361
:109CF4006F6465782D6275696C645C6172746E65FD
:109D040074352D727833325C6C6962735C7465658A
:109D14006E737934315F6F63746F5F7765625F72FE
:109D24007833325C514E45746865726E65745C7349
:109D340072635C6C7769705C74696D656F7574735C
:109D44002E6300007379735F74696D656F75743A7F
:109D54002074696D656F757420213D204E554C4CFF
:109D64002C20706F6F6C204D454D505F5359535FDD
:109D740054494D454F555420697320656D7074796D
:109D84000000000054696D656F75742074696D6519
:109D940020746F6F206C6F6E672C206D6178206962
:109DA40073204C5749505F55494E5433325F4D41EF
:109DB400582F34206D73656373000000696E7661FB
:109DC4006C696420736C65657074696D650000006E
:109DD400433A5C636F6465782D6275696C645C6199
:109DE40072746E6574352D727833325C6C6962738B
:109DF4005C7465656E737934315F6F63746F5F771C
:109E040065625F727833325C514E45746865726E78
:109E140065745C7372635C6C7769705C7564702ED6
:109E2400630000007564705F696E7075743A206930
:109E34006E76616C69642070627566007564705F2B
:109E4400696E7075743A20696E76616C6964206E0F
:109E54006574696600000000706275665F72656D06
:109E64006F76655F686561646572206661696C65BB
:109E740064000000636865636B2074686174206625
:109E84006972737420706275662063616E20686FF6
:109E94006C6420737472756374207564705F686495
:109EA40072000000433A5C636F6465782D627569E3
:109EB4006C645C6172746E6574352D727833325CD7
:109EC4006C6962735C7465656E737934315F6F635A
:109ED400746F5F7765625F727833325C514E45749C
:109EE4006865726E65745C7372635C6E65746966D2
:109EF4005C65746865726E65742E63006E65746962
:109F0400662D3E6877616464725F6C656E206D7562
:109F14007374206265203620666F722065746865EC
:109F2400726E65745F6F7574707574210000000043
:109F3400433A5C636F6465782D6275696C645C6137
:109F440072746E6574352D727833325C6C69627329
:109F54005C7465656E737934315F6F63746F5F77BA
:109F640065625F727833325C514E45746865726E17
:109F740065745C7372635C716E65746865726E653A
:109F8400745C6C7769705F686F6F6B732E6370704D
:109F940000000000456E74726F70792067656E650D
:109FA400726174696F6E206572726F7200000000D6
:109FB400433A5C636F6465782D6275696C645C61B7
:109FC40072746E6574352D727833325C6C696273A9
:109FD4005C7465656E737934315F6F63746F5F773A
:109FE40065625F727833325C514E45746865726E97
:109FF40065745C7372635C6C7769705C646E732EF9
:10A0040063000000646E7320736572766572206F5E
:10A014007574206F6620617272617900756E6B6E63
:10A024006F776E20646E735F7461626C6520656E19
:10A034007472792073746174653A00002E6C6F63D6
:10A04400616C0000433A5C636F6465782D627569E6
:10A054006C645C6172746E6574352D727833325C35
:10A064006C6962735C7465656E737934315F6F63B8
:10A07400746F5F7765625F727833325C514E4574FA
:10A084006865726E65745C7372635C6C7769705C2E
:10A09400697076345C6163642E6300006163645F9D
:10A0A400636F6E666C6963745F63616C6C62616339
:10A0B4006B20213D204E554C4C000000433A5C631C
:10A0C4006F6465782D6275696C645C6172746E6529
:10A0D40074352D727833325C6C6962735C746565B7
:10A0E4006E737934315F6F63746F5F7765625F722B
:10A0F4007833325C514E45746865726E65745C7376
:10A1040072635C6C7769705C697076345C69636DEA
:10A11400702E6300636865636B20746861742066E5
:10A124006972737420706275662063616E20686F53
:10A134006C642069636D70206D657373616765007D
:10A1440069636D705F696E7075743A206D6F7669BE
:10A154006E6720722D3E7061796C6F616420746F3C
:10A164002069636D70206865616465722066616949
:10A174006C65640069636D705F696E7075743A2014
:10A18400726573746F72696E67206F726967696E46
:10A19400616C20702D3E7061796C6F616420666122
:10A1A400696C6564000000004372617368526570F5
:10A1B4006F72743A000000002020412070726F62B8
:10A1C4006C656D206F6363757272656420617420C1
:10A1D4002873797374656D2074696D652920000096
:10A1E4002020436F6465207761732065786563750B
:10A1F40074696E672066726F6D2061646472657342
:10A2040073203078000000002020434653523A2047
:10A214000000000009284941434356494F4C292076
:10A22400496E737472756374696F6E2041636365FC
:10A2340073732056696F6C6174696F6E000000005F
:10A2440009284441434356494F4C292044617461D1
:10A25400204163636573732056696F6C6174696F21
:10A264006E00000009284D554E53544B4552522957
:10A27400204D656D4D616E6765204661756C742077
:10A284006F6E20556E737461636B696E67000000B6
:10A2940009284D53544B45525229204D656D4D614B
:10A2A4006E6765204661756C74206F6E20737461EF
:10A2B400636B696E6700000009284D4C535045528A
:10A2C4005229204D656D4D616E6765204661756C40
:10A2D40074206F6E204650204C617A79205374614B
:10A2E4007465000009284D4D415256414C4944299A
:10A2F40020416363657373656420416464726573AC
:10A30400733A20307800000020286E756C6C7074ED
:10A3140072290D0A092020436865636B20636F640A
:10A324006520617420307800202D207665727920B4
:10A334006C696B656C79206120627567210D0A096F
:10A34400202052756E202261646472326C696E65DD
:10A35400202D65206D79736B657463682E696E6F4B
:10A364002E656C66203078002220666F7220666944
:10A374006C656E616D652026206C696E65206E7556
:10A384006D6265722E0000002028537461636B2097
:10A3940070726F626C656D290D0A0920204368652F
:10A3A400636B20666F7220737461636B206F7665D4
:10A3B40072666C6F77732C20617272617920626FA0
:10A3C400756E64732C206574632E0000092849425D
:10A3D40055534552522920496E73747275637469DA
:10A3E4006F6E20427573204572726F720000000018
:10A3F4000928505245434953455252292044617417
:10A404006120627573206572726F722028616464C2
:10A414007265737320696E20424641522900000020
:10A424000928494D50524543495345525229204425
:10A4340061746120627573206572726F7220627537
:10A44400742061646472657373206E6F7420726526
:10A454006C6174656420746F20696E7374727563C3
:10A4640074696F6E000000000928554E53544B4523
:10A4740052522920427573204661756C74206F6EA8
:10A4840020756E737461636B696E6720666F7220EA
:10A49400612072657475726E2066726F6D206578C6
:10A4A40063657074696F6E00092853544B455252AA
:10A4B4002920427573204661756C74206F6E207379
:10A4C4007461636B696E6720666F7220657863657B
:10A4D4007074696F6E20656E7472790009284C532C
:10A4E400504552522920427573204661756C742080
:10A4F4006F6E204650206C617A79207374617465A4
:10A5040020707265736572766174696F6E00000005
:10A5140009284246415256414C494429204163632B
:10A52400657373656420416464726573733A2030A3
:10A53400780000000928554E444546494E5354526C
:10A544002920556E646566696E656420696E73744E
:10A5540072756374696F6E000928494E56535441ED
:10A5640054452920496E737472756374696F6E2043
:10A574006D616B657320696C6C6567616C207573C4
:10A5840065206F6620455053520000000928494E4B
:10A5940056504329205573616765206661756C7454
:10A5A4003A20696E76616C6964204558435F524570
:10A5B4005455524E0000000009284E4F43502920A4
:10A5C4004E6F20436F70726F636573736F72000018
:10A5D4000928554E414C49474E45442920556E6142
:10A5E4006C69676E6564206163636573732055737A
:10A5F4006167654661756C74000000000928444970
:10A604005642595A45524F29204469766964652057
:10A614006279207A65726F002020485453523A20A0
:10A624000000000009285645435454424C29204256
:10A634007573204661756C74206F6E2056656320B7
:10A644005461626C65205265616400000928464FBC
:10A65400524345442920466F726365642048617201
:10A6640064204661756C7400202054656D706572B9
:10A67400617475726520696E7369646520746865B8
:10A6840020636869702077617320000020C2B043A2
:10A6940000000000202053746172747570204350D0
:10A6A4005520636C6F636B207370656564206973F8
:10A6B400200000004D487A004E6F20437261736899
:10A6C400204461746120546F205265706F7274006D
:10A6D4002020486F706566756C6C7920616C6C2005
:10A6E40069732077656C6C2C2062757420636572C5
:10A6F4007461696E207479706573206F662063726B
:10A7040061736865732063616E27742062652072CB
:10A7140065706F727465643A0000000009737475A3
:10A72400636B20696E20616E20696E66696E697460
:10A7340065206C6F6F702028746563686E6963614F
:10A744006C6C792C20686172647761726520737413
:10A75400696C6C2072756E6E696E672070726F70B2
:10A7640065726C79290000000972656D61696E6912
:10A774006E6720696E2061206C6F7720706F77653B
:10A784007220736C656570206D6F64650000000055
:10A794000961636365737320746F20636572746108
:10A7A400696E207065726970686572616C73207778
:10A7B4006974686F757420746865697220636C6F5E
:10A7C400636B20656E61626C6564202865672C206C
:10A7D400466C6578494F2900096368616E67652096
:10A7E4006F6620435055206F722062757320636C2E
:10A7F4006F636B20737065656420776974686F7527
:10A804007420757365206F6620676C697463686C67
:10A81400657373206D75780020205265626F6F74C4
:10A8240020776173206361757365642062792061A8
:10A8340075746F207265626F6F74206166746572DF
:10A84400206661756C74206F722062616420696E89
:10A85400746572727570742064657465637465647C
:10A864000000000020205265626F6F7420776173CE
:10A874002063617573656420627920736F667477F1
:10A8840061726520777269746520746F2053434246
:10A894005F4149524352206F7220435055206C6FE0
:10A8A400636B75700000000020205265626F6F7446
:10A8B4002077617320636175736564206279207306
:10A8C40065637572697479206D6F6E69746F720057
:10A8D40020205265626F6F74207761732063617505
:10A8E40073656420627920706F776572206F6E2FB4
:10A8F4006F666620627574746F6E00002020526566
:10A90400626F6F742077617320636175736564206F
:10A914006279207761746368646F672031206F7295
:10A924002032000020205265626F6F7420776173BB
:10A9340020636175736564206279204A544147201D
:10A94400626F756E64617279207363616E000000DA
:10A9540020205265626F6F74207761732063617584
:10A96400736564206279204A5441472064656275A6
:10A974006700000020205265626F6F742077617356
:10A9840020636175736564206279207761746368FC
:10A99400646F67203300000020205265626F6F747B
:10A9A4002077617320636175736564206279207414
:10A9B400656D70657261747572652073656E736F11
:10A9C4007200000050616E69632054656D7020450B
:10A9D40078636565646564205368757474696E672B
:10A9E40020446F776E00000043616E20626520632F
:10A9F4006175736564206279204F766572636C6F4C
:10AA0400636B696E6720772F6F2048656174736983
:10AA14006E6B206F72206F7468657220756E6B6E3A
:10AA24006F776E20726561736F6E00002020427232
:10AA34006561646372756D62202300002077617321
:10AA44002000000020283078000000006E616E00B5
:10AA5400696E66006F7666006261645F66756E6338
:10AA640074696F6E5F63616C6C000000474C49420F
:10AA74004358585F54554E41424C45530000000022
:10AA84006F626A5F73697A65000000006F626A5FD3
:10AA9400636F756E74000000676C69626378782E6A
:10AAA40065685F706F6F6C007374643A3A626164D6
:10AAB4005F657863657074696F6E000062617369C5
:10AAC400635F737472696E673A3A5F535F636F6E64
:10AAD400737472756374206E756C6C206E6F742061
:10AAE40076616C696400000062617369635F73740A
:10AAF40072696E673A3A5F535F63726561746500A9
:10AB04004C435F434F4C4C41544500004C435F431E
:10AB140054595045000000004C435F4D4F4E45547E
:10AB2400415259004C435F4E554D45524943000034
:10AB34004C435F54494D45004C435F4D455353418D
:10AB44004745530042616C6C6F63207375636365A2
:10AB540065646564000000002F646174612F6A6598
:10AB64006E6B696E732F776F726B73706163652F91
:10AB7400474E552D746F6F6C636861696E2F6172F7
:10AB84006D2D31352D352F7372632F6E65776C699A
:10AB9400622D63796777696E2F6E65776C69622FB2
:10ABA4006C6962632F7374646C69622F6D70726573
:10ABB400632E6300494E46004E414E00303132331D
:10ABC40034353637383961626364656600000000E5
:10ABD40030313233343536373839414243444546CF
:10ABE40000000000286E756C6C2900002C2066752E
:10ABF4006E6374696F6E3A200000000061737365C0
:10AC04007274696F6E2022257322206661696C65F7
:10AC1400643A2066696C6520222573222C206C69B5
:10AC24006E65202564257325730A0000496E6669E4
:10AC34006E697479000000004E614E002F646174E7
:10AC4400612F6A656E6B696E732F776F726B7370A9
:10AC54006163652F474E552D746F6F6C636861692E
:10AC64006E2F61726D2D31352D352F7372632F6EFA
:10AC740065776C69622D63796777696E2F6E657786
:10AC84006C69622F6C6962632F7374646C69622FE0
:10AC940064746F612E630000B0A5002008A4002036
:10ACA400DCA5002028A4002000A40020B0A50020DA
:10ACB4004CA40020DCA5002070A40020A0A3002048
:10ACC400DCA5002098A40020F8A30020DCA5002027
:10ACD400A8A40020C0A30020DCA50020BCA4002060
:10ACE400F8A30020DCA50020D0A40020F8A30020B5
:10ACF400B0A50020E8A40020B0A5002000A50020F5
:10AD0400B0A5002010A500204E31305F5F63787835
:10AD1400616269763131355F5F666F726365645F66
:10AD2400756E77696E6445004E31305F5F63787885
:10AD3400616269763131375F5F636C6173735F742D
:10AD44007970655F696E666F450000004E31305F53
:10AD54005F637878616269763131395F5F666F72FB
:10AD64006569676E5F657863657074696F6E4500C9
:10AD74004E31305F5F637878616269763132305F7B
:10AD84005F73695F636C6173735F747970655F6926
:10AD94006E666F4500000000537431316C6F676953
:10ADA400635F6572726F7200537431326C656E67E3
:10ADB40074685F6572726F720000000053743133FF
:10ADC4006261645F657863657074696F6E0000002A
:10ADD400537431376261645F66756E6374696F6E54
:10ADE4005F63616C6C000000537431395F53705FB2
:10ADF4006D616B655F7368617265645F7461670040
:10AE0400537439657863657074696F6E000000006F
:10AE1400537439747970655F696E666F0000000061
:10AE2400000000000000000079E3010000000000C1
:10AE340000000000391F0060000000000000000056
:10AE440059E60200210103001D010300190103005A
:10AE54001501030045E9020049E90200110103005C
:10AE64000000000000000000A53E0100A53D010017
:10AE7400000000000000000039F7020085A6000071
:10AE8400194101000D8E0000319500006595000008
:10AE940081950000118E000039F7020000000000C7
:10AEA4000000000061E6020000000000A0A30020F2
:10AEB4006D0B0300810B03000D1903000D19030032
:10AEC400010C03002D0B0300E10B03009D0B030099
:10AED400610B030000000000B4A30020ED17030081
:10AEE400011803000D1903000D190300010C0300E0
:10AEF4002D0B0300DD1803005D1803001D1803006B
:10AF04000000000000000000694C0100894C0100B1
:10AF1400314C0100814D0100054D0100000000008D
:10AF24000000000021760100A576010059540100BB
:10AF3400F58D00005D540100F98D0000FD8D0000C9
:10AF4400018E0000058E0000098E00000000000044
:10AF54000000000055540100F1540100B9550100EE
:10AF6400395401003554010045540100000000002B
:10AF74000000000051540100DD540100AD540100F3
:10AF8400395401000555010045540100000000003A
:10AF94000000000039F7020039F702000000000049
:10AFA4000000000039F7020085A6000019410100E5
:10AFB4000D8E00002DC501006595000081950000EF
:10AFC400118E0000000000000000000005BC00001D
:10AFD400F5BC000011EC0000F58D000051F30000F9
:10AFE400F98D0000FD8D0000018E0000058E00002B
:10AFF400098E000000000000000000003D950100E3
:10B004004D9601009D870100A593010045AF010005
:10B0140081980100C97D0100DD7D0100E17D010011
:10B02400E57D0100E97D0100997D0100398401007D
:10B034000000000000000000C5950100DD9601003D
:10B04400258401001994010051B00100B599010053
:10B05400ED7D0100017E0100057E0100097E0100F5
:10B064000D7E01009D7D0100318301000000000080
:10B07400000000008581010051A80100418C0100FD
:10B08400C9870100517D010095910100258E0000C2
:10B09400DDC80000218D0100898D01000000000041
:10B0A400000000007588010099880100CD8F01001F
:10B0B400E5A6010049A80100317E01003D7E0100A2
:10B0C4006588010000000000000000003D820100CE
:10B0D4009D8D01004D7E0100557E010035820100E9
:10B0E400000000000000000085810100A59C010013
:10B0F40099810100B1870100597D0100E1870100B8
:10B10400258E0000DDC80000C58101000D8201000C
:10B11400000000000000000095C000007904010058
:10B12400B5B8000035950000458E0000558E00002E
:10B13400258E0000DDC80000D5B90000E9BA000082
:10B144000000000000000000397F0100718101004F
:10B1540099920100858B01000000000000000000AE
:10B16400754C0100A14C0100BD4C01006D4C010067
:10B174000000000000000000B1A20000E1A20000F5
:10B1840041E30000219500000000000000000000E1
:10B19400915401009D54010039550100955401005A
:10B1A4000000000000000000C57F01005D80010078
:10B1B400F5880100657F0100000000000000000028
:10B1C400B17F010041800100298901005D7F0100F8
:10B1D4000000000000000000D97F01007980010018
:10B1E400C18801006D7F0100000000000000000024
:10B1F4009D7F010025800100D18C0100557F010055
:10B204000000000000000000757F0100ED7F0100D8
:10B214008D8A0100457F010000000000000000004D
:10B22400254C0000394C0000014E00001D4C00006C
:10B2340000000000000000009DA20000C5A2000064
:10B24400D1BB0000199500000000000000000000C0
:10B25400897F010009800100018C01004D7F0100FC
:10B26400000000000000000089A20000FDA2000010
:10B274009DBB0000299500000000000000000000B4
:10B28400A53E0100A53D0100E9210100E9220100DC
:10B29400318E000085A60000893F0100358E000034
:10B2A400319500006595000081950000118E000025
:10B2B400452A0100158E00001D8E0000C8FFFFFF07
:10B2C40000000000E122010001230100198E0000AA
:10B2D400218E00000000000000000000B99300006F
:10B2E400FD94000019A3000000000000000000000D
:10B2F400AD930000F99400002DA3000000000000AD
:10B30400000000000D9400000D95000069A30000EA
:10B314000000000000000000F59300000995000003
:10B324007DA300000000000000000000DD93000089
:10B334000595000041A3000000000000000000008B
:10B34400C59300000195000055A300000000000013
:10B35400000000003D9400001595000091A300003A
:10B36400000000000000000025940000119500007A
:10B37400A5A3000000000000000000000000000081
:10B384000000000059540100F58D00005D540100D7
:10B39400F98D0000FD8D0000018E0000058E000077
:10B3A400697D010039F70200617D01006DAE010085
:10B3B400657D01000000000000000000417F0100E5
:10B3C40049810100817D0100757D0100857D0100B9
:10B3D400897D01008D7D0100917D0100797D010051
:10B3E4007D7D0100957D010000000000000000004B
:10B3F400CD8D0100ED8D010059540100F58D000043
:10B404005D540100F98D0000FD8D0000018E0000E7
:10B41400058E0000697D01001DAE0100617D010003
:10B424006DAE0100657D0100000000000000000019
:10B434003D7F01005D810100717D0100757D01008A
:10B44400698201002182010001830100519B0100F6
:10B45400A17D0100AD7D01002D83010000000000ED
:10B464000000000025FC0100F5FD0100A9FB01001E
:10B47400F9FA0100FDFA010015FB010035FB01009A
:10B48400790602008106020051FB01006D000200F2
:10B49400C50002005903020041FE0100C9FB01007E
:10B4A400F1FE01008DFB0100E1FA01003901020007
:10B4B400C10102004DFF0100E9FA010095FF0100FE
:10B4C400F1FA0100F0FFFFFF00000000DDFF0100C2
:10B4D40031FE01002500020039FE010000000000D9
:10B4E40000000000BDED010029ED0100D5ED0100D3
:10B4F4001DEE0100A5EF0100F9F0010051F001007B
:10B5040069F4010085F4010045EE0100BDF4010079
:10B51400F9EB010089EC010069F60100D9F501009D
:10B5240021F60100FDF50100A9E90100ADE90100E2
:10B53400D5EB0100B1E90100B5E9010039EA0100E8
:10B54400A5EA0100B9E90100C9E90100D9E901004E
:10B55400E9E90100F0FFFFFF00000000F9E9010044
:10B5640009EA010019EA010029EA010000000000CB
:10B574000000000079F701009DF70100C5F7010004
:10B58400E5F701000DF9010005F8010041F801009B
:10B5940000000000C0A3002041190300C1190300EA
:10B5A4003D19030000000000CCA300208119030012
:10B5B400091A03003D19030000000000D8A300206D
:10B5C400F10F0300FD0F0300F50F0300000000005E
:10B5D400E4A30020D10A0300E50A0300C90A03001A
:10B5E4000000000000000000F50E0200F90E020049
:10B5F4000D1302000D0F0200150F02003596000016
:10B60400A99800004D96000065960000D9960000A8
:10B614004D970000C197000035980000F1C4000068
:10B624007D960000F196000065970000D997000010
:10B634004D98000021CB000059CF000081CE0000BE
:10B64400A9CD0000D1CC0000F9CB0000B9A30000C3
:10B6540099990000B1990000D5990000F59900006E
:10B66400FDA30000E59C0000FD9C0000219D00005E
:10B67400419D0000A1A50000159A0000359C000022
:10B68400959A0000C99A0000D59E0000FD9E000016
:10B694001D9F00004D9F0000819F000085A40000B5
:10B6A400DD9D0000F59D0000199E0000399E0000FC
:10B6B40001A60000559A00008D9C0000659B0000C7
:10B6C400999B000095A00000BDA00000DDA0000033
:10B6D4000DA1000041A1000041A40000619D0000F3
:10B6E400799D00009D9D0000BD9D0000D1A5000036
:10B6F400359A0000619C0000FD9A0000319B000017
:10B70400B59F0000DD9F0000FD9F00002DA00000FC
:10B7140061A00000C9A40000599E0000719E0000B1
:10B72400959E0000B59E000031A60000759A0000A9
:10B73400B99C0000CD9B0000019C000075A1000095
:10B744009DA10000BDA10000EDA1000021A2000008
:10B75400F1980000C198000009990000D9980000F0
:10B76400E54C0000FD4C0000E59500001596000036
:10B774009D4C0000B54C0000CD4C000049990000E0
:10B784009D950000C1950000514D0000854C0000BE
:10B794009956010061540100655401006954010087
:10B7A4007D54010085540100256D0100C974010018
:10B7B40081740100554C00006D4C00007999000023
:10B7C40061990000D8399D270054EA2A00A4781F03
:10B7D400007B9A1700000000000000000000000039
:10B7E4000000000084600020000000000000000051
:10B7F4006175746F69705F73746F700064686370EF
:10B804005F72656C656173655F616E645F73746FAD
:10B81400700000006574686172705F6F7574707594
:10B824007400000069676D705F6C656176656772AE
:10B834006F75705F6E657469660000006970345FCF
:10B844006F75747075745F69665F6F70745F73721F
:10B85400630000006E657469665F72656D6F76657E
:10B864005F6578745F63616C6C6261636B00000098
:10B874007463705F696E7075740000007463705F48
:10B884006F757470757400007564705F6E65775FB2
:10B8940069705F747970650065746865726E65744B
:10B8A4005F6F7574707574006D646E735F72657329
:10B8B400705F616E6E6F756E636500006175746FA5
:10B8C40069705F737461727400000000646863706F
:10B8D4005F72656E657700006574686172705F6998
:10B8E4006E707574000000006970345F696E707565
:10B8F400740000006E657469665F6164645F6578F6
:10B90400745F63616C6C6261636B00007463705F8D
:10B9140061636365707400007463705F7772697447
:10B92400650000007379735F636865636B5F7469B6
:10B934006D656F75747300007564705F6E65770074
:10B9440065746865726E65745F696E707574000005
:10B954006163645F616464006E657469665F7265E7
:10B964006D6F7665000000007463705F6C697374BA
:10B97400656E5F776974685F6261636B6C6F675F44
:10B98400616E645F657272006E657469665F73658B
:10B99400745F6164647200007463705F62696E64F2
:10B9A400000000007463705F6162616E646F6E001A
:10B9B4006E657469665F6164640000007463705F3F
:10B9C40073687574646F776E000000007463705F51
:10B9D400636C6F736500000069676D705F6A6F69FF
:10B9E4006E67726F75705F6E657469660000000043
:10B9F4007463705F657272007379735F756E7469D6
:10BA04006D656F75740000007564705F72656D6FAD
:10BA1400766500006175746F69705F7365745F7338
:10BA24007472756374000000646863705F7374619A
:10BA3400727400006E657469665F6765745F62792D
:10BA44005F696E64657800007379735F74696D650E
:10BA54006F7574007564705F726563760000000032
:10BA64007463705F72656376000000007463705FD6
:10BA740074696D65725F6E656564656400000000DD
:10BA8400646863705F7365745F7374727563740064
:10BA94006E657469665F7365745F6C696E6B5F6411
:10BAA4006F776E007463705F617267007564705FB6
:10BAB400636F6E6E656374006D646E735F7265733D
:10BAC400705F72656D6F76655F6E657469660000A0
:10BAD4006E657469665F7365745F6C696E6B5F75C0
:10BAE400700000007463705F616C6C6F6300000031
:10BAF4006E657469665F7365745F646F776E00006A
:10BB04007564705F62696E64000000006E6574693C
:10BB1400665F7365745F7570000000007463705F26
:10BB2400636F6E6E656374007564705F73656E64D5
:10BB3400746F5F69665F7372630000006E65746999
:10BB4400665F7365745F64656661756C740000009C
:10BB54007463705F72656376656400007564705F1A
:10BB6400696E7075740000000020202020202020C1
:10BB74002020282828282820202020202020202099
:10BB840020202020202020202088101010101010A9
:10BB940010101010101010101004040404040404F5
:10BBA400040404101010101010104141414141418F
:10BBB4000101010101010101010101010101010171
:10BBC4000101010110101010101042424242424281
:10BBD4000202020202020202020202020202020241
:10BBE40002020202101010102000000000000000E9
:10BBF4000000000000000000000000000000000041
:10BC04000000000000000000000000000000000030
:10BC14000000000000000000000000000000000020
:10BC24000000000000000000000000000000000010
:10BC34000000000000000000000000000000000000
:10BC440000000000000000000000000000000000F0
:10BC540000000000000000000000000000000000E0
:10BC64000000000000000000000000002020202050
:10BC740020202020202020202020202020202020C0
:10BC840020202020202020202020202020202020B0
:10BC940020202020202020202020202000000042DE
:10BCA400C8801F40B8821F40080000000000004206
:10BCB400C4801F40B4821F400400000000C0004242
:10BCC40024801F4014821F401000000000C0004266
:10BCD40028801F4018821F402000000000C000423E
:10BCE4002C801F401C821F404000000000C0004206
:10BCF40034801F4024821F400001000000400042A5
:10BD040064811F4054831F4000040000004000422F
:10BD140080811F4070831F400000020000400042E9
:10BD24007C811F406C831F400000010000400042E2
:10BD340068811F4058831F400008000000400042F3
:10BD44003C811F402C831F40010000000040004242
:10BD540044811F4034831F4004000000004000421F
:10BD640040811F4030831F40020000000040004219
:10BD740048811F4038831F40080000000000004233
:10BD840004811F40F4821F400000040000000042B0
:10BD940008811F40F8821F40000008000000004294
:10BDA40018811F4008831F400000800000000042EB
:10BDB40014811F4004831F40000040000000004223
:10BDC40000811F40F0821F4000000200000000427A
:10BDD400FC801F40EC821F40000001000000004274
:10BDE40024811F4014831F4000000004000000420F
:10BDF40028811F4018831F400000000800000042F3
:10BE04001C811F400C831F40000000010000004201
:10BE140020811F4010831F400000000200000042E8
:10BE2400EC801F40DC821F40001000000000004234
:10BE3400F0801F40E0821F4000200000000000420C
:10BE440034811F4024831F40000000400000004252
:10BE540038811F4028831F4000000080008000427A
:10BE640094801F4084821F400000040000C00042F0
:10BE740090801F4080821F400000008000800042AC
:10BE8400A8801F4098821F4000008000008000426C
:10BE9400A4801F4094821F400000400000400042E4
:10BEA4006C811F405C831F400010000000C00042F2
:10BEB40030801F4020821F4080000000004000426C
:10BEC400B0811F40A0831F400000002000400042BA
:10BED400AC811F409C831F400000001000400042C2
:10BEE40084811F4074831F4000000400004000420E
:10BEF40088811F4078831F40000008000000004232
:10BF04002C811F401C831F400000001000000042D1
:10BF140030811F4020831F400000002000000042A9
:10BF24000C811F40FC821F400000100000000042F2
:10BF340010811F4000831F40000020000080004249
:10BF4400C8811F40B8831F40008000000080004269
:10BF5400C4811F40B4831F400040000000800042A1
:10BF6400C0811F40B0831F400020000000800042B9
:10BF7400BC811F40AC831F400010000000800042C1
:10BF8400D0811F40C0831F40000002000080004297
:10BF9400CC811F40BC831F400000010000C0004250
:10BFA40074801F4064821F400000000100C00042F2
:10BFB40080801F4070821F400000000800C00042C3
:10BFC40084801F4074821F400000001000C00042A3
:10BFD4006C801F405C821F400000400000C0004293
:10BFE4007C801F406C821F400000000400C000429F
:10BFF40078801F4068821F400000000200C0004299
:10C0040088801F4078821F4000000020E00000FB71
:10C01400F4780020FC780020000000000C000000F0
:10C02400690000000B0000007600000077000000AB
:10C03400160000000B0000007000000078000000F3
:10C044007F00000080000000FFFFFFFF7100000080
:10C05400680000008000000005000000FFFFFFFFF3
:10C06400FFFF0000000000000000000000000000CE
:10C07400FFFFFFFFFA0000004D940200E8030000F8
:10C08400B5660200E80300008553020060EA000080
:10C09400CD4D0200F4010000D14F02006400000005
:10C0A40035DF020064000000DD5D0200E8030000EB
:10C0B400FDDA020018000F0090642120A082032002
:10C0C4001000090000642120A48203201000100045
:10C0D40000622120A8820320FC05100040022120D8
:10C0E400AC8203201C000400986E2120B08203203F
:10C0F40020000500F8652120B48203201000100000
:10C1040000632120B88203209C0008007868212065
:10C11400BC8203201C00080098672120C0820320F1
:10C124001000100098662120C48203202800080013
:10C13400586D2120C8820320E4B700202CB80020C9
:10C1440008B8002014B8002020B80020F0B7002060
:10C15400B4B70020C0B70020FCB70020CCB7002043
:10C16400D8B7002005000000190000007D00000081
:10C174000102030405060707070707070700000075
:10C18400E0830320D8830320D4830320E88303209F
:10C1940003060C183060780000010000C447012039
:10C1A4001200000000060000FC3000600A000000DD
:10C1B40000020000983000606200000000070000E8
:10C1C4003430006062000000EE03000004480120E7
:10C1D40012000000000004EEDC47012028000000EB
:10C1E4000003000030300060000000000103090477
:10C1F40018300060000000000203090400300060F1
:10C204000000000003030904184801200000000096
:10C21400000000000000000000000000E00000FB3F
:10C22400303030303030303030303030303030300A
:10C2340030303030303030303030303030303030FA
:10C2440030303030303030303030303030303030EA
:10C25400081E0100000000FFFFFF000000000000B6
:10C2640000000000000000000000020000000000C8
:10C2740000000200000000000000020000000000B6
:10C2840000000200000000000000020000000000A6
:10C294000000020000000000000002000000000096
:10C2A4000000020000000000000000000000000088
:10C2B400A8B90020A8B90020B0B90020B0B9002066
:10C2C400B8B90020B8B90020C0B90020C0B9002016
:10C2D400C8B90020C8B90020D0B90020D0B90020C6
:10C2E400D8B90020D8B90020E0B90020E0B9002076
:10C2F400E8B90020E8B90020F0B90020F0B9002026
:10C30400F8B90020F8B9002000BA002000BA0020D3
:10C3140008BA002008BA002010BA002010BA002081
:10C3240018BA002018BA002020BA002020BA002031
:10C3340028BA002028BA002030BA002030BA0020E1
:10C3440038BA002038BA002040BA002040BA002091
:10C3540048BA002048BA002050BA002050BA002041
:10C3640058BA002058BA002060BA002060BA0020F1
:10C3740068BA002068BA002070BA002070BA0020A1
:10C3840078BA002078BA002080BA002080BA002051
:10C3940088BA002088BA002090BA002090BA002001
:10C3A40098BA002098BA0020A0BA0020A0BA0020B1
:10C3B400A8BA0020A8BA0020B0BA0020B0BA002061
:10C3C400B8BA0020B8BA0020C0BA0020C0BA002011
:10C3D400C8BA0020C8BA0020D0BA0020D0BA0020C1
:10C3E400D8BA0020D8BA0020E0BA0020E0BA002071
:10C3F400E8BA0020E8BA0020F0BA0020F0BA002021
:10C40400F8BA0020F8BA002000BB002000BB0020CE
:10C4140008BB002008BB002010BB002010BB00207C
:10C4240018BB002018BB002020BB002020BB00202C
:10C4340028BB002028BB002030BB002030BB0020DC
:10C4440038BB002038BB002040BB002040BB00208C
:10C4540048BB002048BB002050BB002050BB00203C
:10C4640058BB002058BB002060BB002060BB0020EC
:10C4740068BB002068BB002070BB002070BB00209C
:10C4840078BB002078BB002080BB002080BB00204C
:10C4940088BB002088BB002090BB002090BB0020FC
:10C4A40098BB002098BB0020A0BB0020A0BB0020AC
:10C4B400A8BB0020A8BB0020B0BB0020B0BB00205C
:10C4C400B8BB0020B8BB0020C0BB0020C0BB00200C
:10C4D400C8BB0020C8BB0020D0BB0020D0BB0020BC
:10C4E400D8BB0020D8BB0020E0BB0020E0BB00206C
:10C4F400E8BB0020E8BB0020F0BB0020F0BB00201C
:10C50400F8BB0020F8BB002000BC002000BC0020C9
:10C5140008BC002008BC002010BC002010BC002077
:10C5240018BC002018BC002020BC002020BC002027
:10C5340028BC002028BC002030BC002030BC0020D7
:10C5440038BC002038BC002040BC002040BC002087
:10C5540048BC002048BC002050BC002050BC002037
:10C5640058BC002058BC002060BC002060BC0020E7
:10C5740068BC002068BC002070BC002070BC002097
:10C5840078BC002078BC002080BC002080BC002047
:10C5940088BC002088BC002090BC002090BC0020F7
:10C5A40098BC002098BC0020A0BC0020A0BC0020A7
:10C5B400A8BC0020A8BC0020B0BC0020B0BC002057
:10C5C400B8BC0020B8BC0020C0BC0020C0BC002007
:10C5D400C8BC0020C8BC0020D0BC0020D0BC0020B7
:10C5E400D8BC0020D8BC0020E0BC0020E0BC002067
:10C5F400E8BC0020E8BC0020F0BC0020F0BC002017
:10C60400F8BC0020F8BC002000BD002000BD0020C4
:10C6140008BD002008BD002010BD002010BD002072
:10C6240018BD002018BD002020BD002020BD002022
:10C6340028BD002028BD002030BD002030BD0020D2
:10C6440038BD002038BD002040BD002040BD002082
:10C6540048BD002048BD002050BD002050BD002032
:10C6640058BD002058BD002060BD002060BD0020E2
:10C6740068BD002068BD002070BD002070BD002092
:10C6840078BD002078BD002080BD002080BD002042
:10C6940088BD002088BD002090BD002090BD0020F2
:10C6A40098BD002098BD0020A0BD0020A0BD0020A2
:10C6B40000000000487B0320B07B0320187C03208B
:10C6C4000000000000000000000000000000000066
:10C6D4000000000000000000000000000000000056
:10C6E4000000000000000000000000000000000046
:10C6F4000000000000000000000000000000000036
:10C704000000000000000000000000000000000025
:10C714000000000000000000000000000000000015
:10C724000000000000000000000000000000000005
:10C7340000000000000000000000000000000000F5
:10C7440000000000000000000100000000000000E4
:10C754000E33CDAB34126DE6ECDE05000B000000A9
:10C7640000000000000000000000000000000000C5
:10C7740000000000000000000000000000000000B5
:10C7840000000000000000000000000000000000A5
:10C794000000000000000000000000000000000095
:10C7A4000000000000000000000000000000000085
:10C7B4000000000000000000000000000000000075
:10C7C4000000000000000000000000000000000065
:10C7D4000000000000000000000000000000000055
:10C7E4000000000000000000000000000000000045
:10C7F4000000000000000000000000000000000035
:10C804000000000000000000000000000000000024
:10C814000000000000000000000000000000000014
:10C824000000000000000000000000000000000004
:10C8340000000000000000000000000000000000F4
:10C8440000000000000000000000000000000000E4
:10C8540000000000000000000000000000000000D4
:10C8640000000000000000000000000000000000C4
:10C8740000000000000000000000000000000000B4
:10C8840000000000000000000000000000000000A4
:10C894000000000000000000000000000000000094
:10C8A4000000000000000000000000000000000084
:10C8B40034A500200029DE07007B9A1700003A40C7
:10C8C400E8310060000000000000000000000000EB
:10C8D4000000000000000000000000000000000054
:10C8E4000000000000000000000000000000000044
:10C8F4000000000000000000000000000000000034
:10C9040000000000000000000000000000C03940EA
:10C91400783100600000000000000000000000000A
:10C924000000000000000000000000000000000003
:10C9340000000000000000000000000000000000F3
:10C9440000000000000000000000000000000000E3
:10C95400000000000000000000000000004039401A
:10C96400083100600000000000000000000000002A
:10C9740000000000000000000000000000000000B3
:10C9840000000000000000000000000000000000A3
:10C994000000000000000000000000000000000093
:10C9A40000000000000000000000000040A500207E
:10C9B40000000000E80300000000000011F2020083
:10C9C40069160300081E0100000000FFFFFF0000BD
:10C9D4000000000000000000000000000000020051
:10C9E400000000000000020000000000000002003F
:10C9F400000000000000020000000000000002002F
:10CA0400000000000000020000000000000002001E
:10CA14000000000000000200307500002C0100003E
:10CA240036820000081E0100000000FFFFFF000026
:10CA340000000000000000000000000000000200F0
:10CA440000000000000002000000000000000200DE
:10CA540000000000000002000000000000000200CE
:10CA640000000000000002000000000000000200BE
:10CA74000000000000000200081E0100000000FF8A
:10CA8400FFFF0000000000000000000000000000A4
:10CA9400000002000000000000000200000000008E
:10CAA400000002000000000000000200000000007E
:10CAB400000002000000000000000200000000006E
:10CAC400000002000000000000000200695501009F
:10CAD4006D550100E4AB002000000000E8030000F5
:10CAE400000000005CAC0020E8030000000100002E
:10CAF4000000000000000000000000000000000032
:10CB04000000000000000000000000000000000021
:10CB14000000000000000000000000000000000011
:10CB24000000000000000000000000000000000001
:10CB340000000000000000000000000000000000F1
:10CB440000000000000000000000000000000000E1
:10CB540000000000000000000000000000000000D1
:10CB640000000000000000000000000000000000C1
:10CB740000000000000000000000000000000000B1
:10CB840000000000000000000000000000000000A1
:10CB94000000000000000000000000000000000091
:10CBA4000000000000000000000000000000000081
:10CBB4000000000000000000000000000000000071
:10CBC4000000000000000000000000000000000061
:10CBD4000000000000000000000000000000000051
:10CBE4000000000000000000000000000000000041
:10CBF4000000000000000000000000000000000031
:10CC04000000000000000000000000000000000020
:10CC14000000000000000000000000000000000010
:10CC24000000000000000000000000000000000000
:10CC340000000000000000000000000000000000F0
:10CC440000000000000000000000000000000000E0
:10CC540000000000000000000000000000000000D0
:10CC640000000000000000000000000000000000C0
:10CC740000000000000000000000000000000000B0
:10CC840000000000000000000000000000000000A0
:10CC94000000000000000000000000000000000090
:10CCA4000000000000000000000000000000000080
:10CCB4000000000000000000000000000000000070
:10CCC4000000000000000000000000000000000060
:10CCD4000000000000000000000000000000000050
:10CCE4000000000000000000000000000000000040
:10CCF4000000000000000000000000000000000030
:10CD0400000000000000000000000000000000001F
:10CD1400000000000000000000000000000000000F
:10CD240000000000000000000000000000000000FF
:10CD340000000000000000000000000000000000EF
:10CD440000000000000000000000000000000000DF
:10CD540000000000000000000000000000000000CF
:10CD640000000000000000000000000000000000BF
:10CD740000000000000000000000000000000000AF
:10CD8400000000000000000000000000000000009F
:10CD9400000000000000000000000000000000008F
:10CDA400000000000000000000000000000000007F
:10CDB400000000000000000000000000000000006F
:10CDC400000000000000000000000000000000005F
:10CDD400000000000000000000000000000000004F
:10CDE400000000000000000000000000000000003F
:10CDF400000000000000000000000000000000002F
:10CE0400000000000000000000000000000000001E
:10CE1400000000000000000000000000000000000E
:10CE240000000000000000000000000000000000FE
:10CE340000000000000000000000000000000000EE
:10CE440000000000000000000000000000000000DE
:10CE540000000000000000000000000000000000CE
:10CE640000000000000000000000000000000000BE
:10CE740000000000000000000000000000000000AE
:10CE8400000000000000000000000000000000009E
:10CE9400000000000000000000000000000000008E
:10CEA400000000000000000000000000000000007E
:10CEB400000000000000000000000000000000006E
:10CEC400000000000000000000000000000000005E
:10CED400000000000000000000000000000000004E
:10CEE400000000000000000000000000000000003E
:10CEF400000000000000000000000000000000002E
:10CF0400000000000000000000000000000000001D
:10CF1400000000000000000000000000000000000D
:10CF240000000000000000000000000000000000FD
:10CF340000000000000000000000000000000000ED
:10CF440000000000000000000000000000000000DD
:10CF540000000000000000000000000000000000CD
:10CF640000000000000000000000000000000000BD
:10CF740000000000000000000000000000000000AD
:10CF8400000000000000000000000000000000009D
:10CF9400000000000000000000000000000000008D
:10CFA400000000000000000000000000000000007D
:10CFB400000000000000000000000000000000006D
:10CFC400000000000000000000000000000000005D
:10CFD400000000000000000000000000000000004D
:10CFE400000000000000000000000000000000003D
:10CFF400000000000000000000000000000000002D
:10D00400000000000000000000000000000000001C
:10D01400000000000000000000000000000000000C
:10D0240000000000000000000000000000000000FC
:10D0340000000000000000000000000000000000EC
:10D0440000000000000000000000000000000000DC
:10D0540000000000000000000000000000000000CC
:10D0640000000000000000000000000000000000BC
:10D0740000000000000000000000000000000000AC
:10D08400000000000000000000000000000000009C
:10D09400000000000000000000000000000000008C
:10D0A400000000000000000000000000000000007C
:10D0B400000000000000000000000000000000006C
:10D0C400000000000000000000000000000000005C
:10D0D400000000000000000000000000000000004C
:10D0E400000000000000000000000000000000003C
:10D0F400000000000000000000000000000000002C
:10D10400000000000000000000000000000000001B
:10D11400000000000000000000000000000000000B
:10D1240000000000000000000000000000000000FB
:10D1340000000000000000000000000000000000EB
:10D1440000000000000000000000000000000000DB
:10D1540000000000000000000000000000000000CB
:10D1640000000000000000000000000000000000BB
:10D1740000000000000000000000000000000000AB
:10D18400000000000000000000000000000000009B
:10D19400000000000000000000000000000000008B
:10D1A400000000000000000000000000000000007B
:10D1B400000000000000000000000000000000006B
:10D1C400000000000000000000000000000000005B
:10D1D400000000000000000000000000000000004B
:10D1E400000000000000000000000000000000003B
:10D1F400000000000000000000000000000000002B
:10D20400000000000000000000000000000000001A
:10D21400000000000000000000000000000000000A
:10D2240000000000000000000000000000000000FA
:10D2340000000000000000000000000000000000EA
:10D2440000000000000000000000000000000000DA
:10D2540000000000000000000000000000000000CA
:10D2640000000000000000000000000000000000BA
:10D2740000000000000000000000000000000000AA
:10D28400000000000000000000000000000000009A
:10D29400000000000000000000000000000000008A
:10D2A400000000000000000000000000000000007A
:10D2B400000000000000000000000000000000006A
:10D2C400000000000000000000000000000000005A
:10D2D400000000000000000000000000000000004A
:10D2E400000000000000000000000000000000003A
:10D2F400000000000000000000000000000000002A
:10D304000000000000000000000000000000000019
:10D314000000000000000000000000000000000009
:10D3240000000000000000000000000000000000F9
:10D3340000000000000000000000000000000000E9
:10D3440000000000000000000000000000000000D9
:10D3540000000000000000000000000000000000C9
:10D3640000000000000000000000000000000000B9
:10D3740000000000000000000000000000000000A9
:10D384000000000000000000000000000000000099
:10D394000000000000000000000000000000000089
:10D3A4000000000000000000000000000000000079
:10D3B4000000000000000000000000000000000069
:10D3C4000000000000000000000000000000000059
:10D3D4000000000000000000000000000000000049
:10D3E4000000000000000000000000000000000039
:10D3F4000000000000000000000000000000000029
:10D404000000000000000000000000000000000018
:10D414000000000000000000000000000000000008
:10D4240000000000000000000000000000000000F8
:10D4340000000000000000000000000000000000E8
:10D4440000000000000000000000000000000000D8
:10D4540000000000000000000000000000000000C8
:10D4640000000000000000000000000000000000B8
:10D4740000000000000000000000000000000000A8
:10D484000000000000000000000000000000000098
:10D494000000000000000000000000000000000088
:10D4A4000000000000000000000000000000000078
:10D4B4000000000000000000000000000000000068
:10D4C4000000000000000000000000000000000058
:10D4D4000000000000000000000000000000000048
:10D4E4000000000000000000000000000000000038
:10D4F4000000000000000000000000000000000028
:10D504000000000000000000000000000000000017
:10D514000000000000000000000000000000000007
:10D5240000000000000000000000000000000000F7
:10D5340000000000000000000000000000000000E7
:10D5440000000000000000000000000000000000D7
:10D5540000000000000000000000000000000000C7
:10D5640000000000000000000000000000000000B7
:10D5740000000000000000000000000000000000A7
:10D584000000000000000000000000000000000097
:10D594000000000000000000000000000000000087
:10D5A4000000000000000000000000000000000077
:10D5B4000000000000000000000000000000000067
:10D5C4000000000000000000000000000000000057
:10D5D4000000000000000000000000000000000047
:10D5E4000000000000000000000000000000000037
:10D5F4000000000000000000000000000000000027
:10D604000000000000000000000000000000000016
:10D614000000000000000000000000000000000006
:10D6240000000000000000000000000000000000F6
:10D6340000000000000000000000000000000000E6
:10D6440000000000000000000000000000000000D6
:10D6540000000000000000000000000000000000C6
:10D6640000000000000000000000000000000000B6
:10D6740000000000000000000000000000000000A6
:10D684000000000000000000000000000000000096
:10D694000000000000000000000000000000000086
:10D6A4000000000000000000000000000000000076
:10D6B4000000000000000000000000000000000066
:10D6C4000000000000000000000000000000000056
:10D6D4000000000000000000000000000000000046
:10D6E4000000000000000000000000000000000036
:10D6F4000000000000000000000000000000000026
:10D704000000000000000000000000000000000015
:10D714000000000000000000000000000000000005
:10D7240000000000000000000000000000000000F5
:10D7340000000000000000000000000000000000E5
:10D7440000000000000000000000000000000000D5
:10D7540000000000000000000000000000000000C5
:10D7640000000000000000000000000000000000B5
:10D7740000000000000000000000000000000000A5
:10D784000000000000000000000000000000000095
:10D794000000000000000000000000000000000085
:10D7A4000000000000000000000000000000000075
:10D7B4000000000000000000000000000000000065
:10D7C4000000000000000000000000000000000055
:10D7D4000000000000000000000000000000000045
:10D7E4000000000000000000000000000000000035
:10D7F4000000000000000000000000000000000025
:10D804000000000000000000000000000000000014
:10D814000000000000000000000000000000000004
:10D8240000000000000000000000000000000000F4
:10D8340000000000000000000000000000000000E4
:10D8440000000000000000000000000000000000D4
:10D8540000000000000000000000000000000000C4
:10D8640000000000000000000000000000000000B4
:10D8740000000000000000000000000000000000A4
:10D884000000000000000000000000000000000094
:10D894000000000000000000000000000000000084
:10D8A4000000000000000000000000000000000074
:10D8B4000000000000000000000000000000000064
:10D8C4000000000000000000000000000000000054
:10D8D4000000000000000000000000000000000044
:10D8E4000000000000000000000000000000000034
:10D8F4000000000000000000000000000000000024
:10D904000000000000000000000000000000000013
:10D914000000000000000000000000000000000003
:10D9240000000000000000000000000000000000F3
:10D9340000000000000000000000000000000000E3
:10D9440000000000000000000000000000000000D3
:10D9540000000000000000000000000000000000C3
:10D9640000000000000000000000000000000000B3
:10D9740000000000000000000000000000000000A3
:10D984000000000000000000000000000000000093
:10D994000000000000000000000000000000000083
:10D9A4000000000000000000000000000000000073
:10D9B4000000000000000000000000000000000063
:10D9C4000000000000000000000000000000000053
:10D9D4000000000000000000000000000000000043
:10D9E4000000000000000000000000000000000033
:10D9F4000000000000000000000000000000000023
:10DA04000000000000000000000000000000000012
:10DA14000000000000000000000000000000000002
:10DA240000000000000000000000000000000000F2
:10DA340000000000000000000000000000000000E2
:10DA440000000000000000000000000000000000D2
:10DA540000000000000000000000000000000000C2
:10DA640000000000000000000000000000000000B2
:10DA740000000000000000000000000000000000A2
:10DA84000000000000000000000000000000000092
:10DA94000000000000000000000000000000000082
:10DAA4000000000000000000000000000000000072
:10DAB4000000000000000000000000000000000062
:10DAC4000000000000000000000000000000000052
:10DAD4000000000000000000000000000000000042
:10DAE4000000000000000000000000000000000032
:10DAF4000000000000000000000000000000000022
:10DB04000000000000000000000000000000000011
:10DB14000000000000000000000000000000000001
:10DB240000000000000000000000000000000000F1
:10DB340000000000000000000000000000000000E1
:10DB440000000000000000000000000000000000D1
:10DB540000000000000000000000000000000000C1
:10DB640000000000000000000000000000000000B1
:10DB740000000000000000000000000000000000A1
:10DB84000000000000000000000000000000000091
:10DB94000000000000000000000000000000000081
:10DBA4000000000000000000000000000000000071
:10DBB4000000000000000000000000000000000061
:10DBC4000000000000000000000000000000000051
:10DBD4000000000000000000000000000000000041
:10DBE4000000000000000000000000000000000031
:10DBF4000000000000000000000000000000000021
:10DC04000000000000000000000000000000000010
:10DC14000000000000000000000000000000000000
:10DC240000000000000000000000000000000000F0
:10DC340000000000000000000000000000000000E0
:10DC440000000000000000000000000000000000D0
:10DC540000000000000000000000000000000000C0
:10DC640000000000000000000000000000000000B0
:10DC740000000000000000000000000000000000A0
:10DC84000000000000000000000000000000000090
:10DC94000000000000000000000000000000000080
:10DCA4000000000000000000000000000000000070
:10DCB4000000000000000000000000000000000060
:10DCC4000000000000000000000000000000000050
:10DCD4000000000000000000000000000000000040
:10DCE4000000000000000000000000000000000030
:10DCF4000000000000000000000000000000000020
:10DD0400000000000000000000000000000000000F
:10DD140000000000000000000000000000000000FF
:10DD240000000000000000000000000000000000EF
:10DD340000000000000000000000000000000000DF
:10DD440000000000000000000000000000000000CF
:10DD540000000000000000000000000000000000BF
:10DD640000000000000000000000000000000000AF
:10DD7400000000000000000000000000000000009F
:10DD8400000000000000000000000000000000008F
:10DD9400000000000000000000000000000000007F
:10DDA400000000000000000000000000000000006F
:10DDB400000000000000000000000000000000005F
:10DDC400000000000000000000000000000000004F
:10DDD400000000000000000000000000000000003F
:10DDE400000000000000000000000000000000002F
:10DDF400000000000000000000000000000000001F
:10DE0400000000000000000000000000000000000E
:10DE140000000000000000000000000000000000FE
:10DE240000000000000000000000000000000000EE
:10DE340000000000000000000000000000000000DE
:10DE440000000000000000000000000000000000CE
:10DE540000000000000000000000000000000000BE
:10DE640000000000000000000000000000000000AE
:10DE7400000000000000000000000000000000009E
:10DE8400000000000000000000000000000000008E
:10DE9400000000000000000000000000000000007E
:10DEA400000000000000000000000000000000006E
:10DEB400000000000000000000000000000000005E
:10DEC400000000000000000000000000000000004E
:10DED400000000000000000000000000000000003E
:10DEE400000000000000000000000000000000002E
:10DEF400000000000000000000000000000000001E
:10DF0400000000000000000000000000000000000D
:10DF140000000000000000000000000000000000FD
:10DF240000000000000000000000000000000000ED
:10DF340000000000000000000000000000000000DD
:10DF440000000000000000000000000000000000CD
:10DF540000000000000000000000000000000000BD
:10DF640000000000000000000000000000000000AD
:10DF7400000000000000000000000000000000009D
:10DF8400000000000000000000000000000000008D
:10DF9400000000000000000000000000000000007D
:10DFA400000000000000000000000000000000006D
:10DFB400000000000000000000000000000000005D
:10DFC400000000000000000000000000000000004D
:10DFD400000000000000000000000000000000003D
:10DFE400000000000000000000000000000000002D
:10DFF400000000000000000000000000000000001D
:10E00400000000000000000000000000000000000C
:10E0140000000000000000000000000000000000FC
:10E0240000000000000000000000000000000000EC
:10E0340000000000000000000000000000000000DC
:10E0440000000000000000000000000000000000CC
:10E0540000000000000000000000000000000000BC
:10E0640000000000000000000000000000000000AC
:10E07400000000000000000000000000000000009C
:10E08400000000000000000000000000000000008C
:10E09400000000000000000000000000000000007C
:10E0A400000000000000000000000000000000006C
:10E0B400000000000000000000000000000000005C
:10E0C400000000000000000000000000000000004C
:10E0D400000000000000000000000000000000003C
:10E0E400000000000000000000000000000000002C
:10E0F400000000000000000000000000000000001C
:10E10400000000000000000000000000000000000B
:10E1140000000000000000000000000000000000FB
:10E1240000000000000000000000000000000000EB
:10E1340000000000000000000000000000000000DB
:10E1440000000000000000000000000000000000CB
:10E1540000000000000000000000000000000000BB
:10E1640000000000000000000000000000000000AB
:10E17400000000000000000000000000000000009B
:10E18400000000000000000000000000000000008B
:10E19400000000000000000000000000000000007B
:10E1A400000000000000000000000000000000006B
:10E1B400000000000000000000000000000000005B
:10E1C400000000000000000000000000000000004B
:10E1D400000000000000000000000000000000003B
:10E1E400000000000000000000000000000000002B
:10E1F400000000000000000000000000000000001B
:10E20400000000000000000000000000000000000A
:10E2140000000000000000000000000000000000FA
:10E2240000000000000000000000000000000000EA
:10E2340000000000000000000000000000000000DA
:10E2440000000000000000000000000000000000CA
:10E2540000000000000000000000000000000000BA
:10E2640000000000000000000000000000000000AA
:10E27400000000000000000000000000000000009A
:10E28400000000000000000000000000000000008A
:10E29400000000000000000000000000000000007A
:10E2A400000000000000000000000000000000006A
:10E2B400000000000000000000000000000000005A
:10E2C400000000000000000000000000000000004A
:10E2D400000000000000000000000000000000003A
:10E2E400000000000000000000000000000000002A
:10E2F400000000000000000000000000000000001A
:10E304000000000000000000000000000000000009
:10E3140000000000000000000000000000000000F9
:10E3240000000000000000000000000000000000E9
:10E3340000000000000000000000000000000000D9
:10E3440000000000000000000000000000000000C9
:10E3540000000000000000000000000000000000B9
:10E3640000000000000000000000000000000000A9
:10E374000000000000000000000000000000000099
:10E384000000000000000000000000000000000089
:10E394000000000000000000000000000000000079
:10E3A4000000000000000000000000000000000069
:10E3B4000000000000000000000000000000000059
:10E3C4000000000000000000000000000000000049
:10E3D4000000000000000000000000000000000039
:10E3E4000000000000000000000000000000000029
:10E3F4000000000000000000000000000000000019
:10E404000000000000000000000000000000000008
:10E4140000000000000000000000000000000000F8
:10E4240000000000000000000000000000000000E8
:10E4340000000000000000000000000000000000D8
:10E4440000000000000000000000000000000000C8
:10E4540000000000000000000000000000000000B8
:10E4640000000000000000000000000000000000A8
:10E474000000000000000000000000000000000098
:10E484000000000000000000000000000000000088
:10E494000000000000000000000000000000000078
:10E4A4000000000000000000000000000000000068
:10E4B4000000000000000000000000000000000058
:10E4C4000000000000000000000000000000000048
:10E4D4000000000000000000000000000000000038
:10E4E4000000000000000000000000000000000028
:10E4F4000000000000000000000000000000000018
:10E504000000000000000000000000000000000007
:10E5140000000000000000000000000000000000F7
:10E5240000000000000000000000000000000000E7
:10E5340000000000000000000000000000000000D7
:10E5440000000000000000000000000000000000C7
:10E5540000000000000000000000000000000000B7
:10E5640000000000000000000000000000000000A7
:10E574000000000000000000000000000000000097
:10E584000000000000000000000000000000000087
:10E594000000000000000000000000000000000077
:10E5A4000000000000000000000000000000000067
:10E5B4000000000000000000000000000000000057
:10E5C4000000000000000000000000000000000047
:10E5D4000000000000000000000000000000000037
:10E5E4000000000000000000000000000000000027
:10E5F4000000000000000000000000000000000017
:10E604000000000000000000000000000000000006
:10E6140000000000000000000000000000000000F6
:10E6240000000000000000000000000000000000E6
:10E6340000000000000000000000000000000000D6
:10E6440000000000000000000000000000000000C6
:10E6540000000000000000000000000000000000B6
:10E6640000000000000000000000000000000000A6
:10E674000000000000000000000000000000000096
:10E684000000000000000000000000000000000086
:10E694000000000000000000000000000000000076
:10E6A4000000000000000000000000000000000066
:10E6B4000000000000000000000000000000000056
:10E6C4000000000000000000000000000000000046
:10E6D4000000000000000000000000000000000036
:10E6E4000000000000000000000000000000000026
:10E6F4000000000000000000000000000000000016
:10E704000000000000000000000000000000000005
:10E7140000000000000000000000000000000000F5
:10E7240000000000000000000000000000000000E5
:10E7340000000000000000000000000000000000D5
:10E7440000000000000000000000000000000000C5
:10E7540000000000000000000000000000000000B5
:10E7640000000000000000000000000000000000A5
:10E774000000000000000000000000000000000095
:10E784000000000000000000000000000000000085
:10E794000000000000000000000000000000000075
:10E7A4000000000000000000000000000000000065
:10E7B4000000000000000000000000000000000055
:10E7C4000000000000000000000000000000000045
:10E7D4000000000000000000000000000000000035
:10E7E4000000000000000000000000000000000025
:10E7F4000000000000000000000000000000000015
:10E804000000000000000000000000000000000004
:10E8140000000000000000000000000000000000F4
:10E8240000000000000000000000000000000000E4
:10E8340000000000000000000000000000000000D4
:10E8440000000000000000000000000000000000C4
:10E8540000000000000000000000000000000000B4
:10E8640000000000000000000000000000000000A4
:10E874000000000000000000000000000000000094
:10E884000000000000000000000000000000000084
:10E894000000000000000000000000000000000074
:10E8A4000000000000000000000000000000000064
:10E8B4000000000000000000000000000000000054
:10E8C4000000000000000000000000000000000044
:10E8D4000000000000000000000000000000000034
:10E8E4000000000000000000000000000000000024
:10E8F4000000000000000000000000000000000014
:10E904000000000000000000000000000000000003
:10E9140000000000000000000000000000000000F3
:10E9240000000000000000000000000000000000E3
:10E9340000000000000000000000000000000000D3
:10E9440000000000000000000000000000000000C3
:10E9540000000000000000000000000000000000B3
:10E9640000000000000000000000000000000000A3
:10E974000000000000000000000000000000000093
:10E984000000000000000000000000000000000083
:10E994000000000000000000000000000000000073
:10E9A4000000000000000000000000000000000063
:10E9B4000000000000000000000000000000000053
:10E9C4000000000000000000000000000000000043
:10E9D4000000000000000000000000000000000033
:10E9E4000000000000000000000000000000000023
:10E9F4000000000000000000000000000000000013
:10EA04000000000000000000000000000000000002
:10EA140000000000000000000000000000000000F2
:10EA240000000000000000000000000000000000E2
:10EA340000000000000000000000000000000000D2
:10EA440000000000000000000000000000000000C2
:10EA540000000000000000000000000000000000B2
:10EA640000000000000000000000000000000000A2
:10EA74000000000000000000000000000000000092
:10EA84000000000000000000000000000000000082
:10EA94000000000000000000000000000000000072
:10EAA4000000000000000000000000000000000062
:10EAB4000000000000000000000000000000000052
:10EAC4000000000000000000000000000000000042
:10EAD4000000000000000000000000000000000032
:10EAE4000000000000000000000000000000000022
:10EAF4000000000000000000000000000000000012
:10EB04000000000000000000000000000000000001
:10EB140000000000000000000000000000000000F1
:10EB240000000000000000000000000000000000E1
:10EB340000000000000000000000000000000000D1
:10EB440000000000000000000000000000000000C1
:10EB540000000000000000000000000000000000B1
:10EB640000000000000000000000000000000000A1
:10EB74000000000000000000000000000000000091
:10EB84000000000000000000000000000000000081
:10EB94000000000000000000000000000000000071
:10EBA4000000000000000000000000000000000061
:10EBB4000000000000000000000000000000000051
:10EBC4000000000000000000000000000000000041
:10EBD4000000000000000000000000000000000031
:10EBE4000000000000000000000000000000000021
:10EBF4000000000000000000000000000000000011
:10EC04000000000000000000000000000000000000
:10EC140000000000000000000000000000000000F0
:10EC240000000000000000000000000000000000E0
:10EC340000000000000000000000000000000000D0
:10EC440000000000000000000000000000000000C0
:10EC540000000000000000000000000000000000B0
:10EC640000000000000000000000000000000000A0
:10EC74000000000000000000000000000000000090
:10EC84000000000000000000000000000000000080
:10EC94000000000000000000000000000000000070
:10ECA4000000000000000000000000000000000060
:10ECB4000000000000000000000000000000000050
:10ECC4000000000000000000000000000000000040
:10ECD4000000000000000000000000000000000030
:10ECE4000000000000000000000000000000000020
:10ECF4000000000000000000000000000000000010
:10ED040000000000000000000000000000000000FF
:10ED140000000000000000000000000000000000EF
:10ED240000000000000000000000000000000000DF
:10ED340000000000000000000000000000000000CF
:10ED440000000000000000000000000000000000BF
:10ED540000000000000000000000000000000000AF
:10ED6400000000000000000000000000000000009F
:10ED7400000000000000000000000000000000008F
:10ED8400000000000000000000000000000000007F
:10ED9400000000000000000000000000000000006F
:10EDA400000000000000000000000000000000005F
:10EDB400000000000000000000000000000000004F
:10EDC400000000000000000000000000000000003F
:10EDD400000000000000000000000000000000002F
:10EDE400000000000000000000000000000000001F
:10EDF400000000000000000000000000000000000F
:10EE040000000000000000000000000000000000FE
:10EE140000000000000000000000000000000000EE
:10EE240000000000000000000000000000000000DE
:10EE340000000000000000000000000000000000CE
:10EE440000000000000000000000000000000000BE
:10EE540000000000000000000000000000000000AE
:10EE6400000000000000000000000000000000009E
:10EE7400000000000000000000000000000000008E
:10EE8400000000000000000000000000000000007E
:10EE9400000000000000000000000000000000006E
:10EEA400000000000000000000000000000000005E
:10EEB400000000000000000000000000000000004E
:10EEC400000000000000000000000000000000003E
:10EED400000000000000000000000000000000002E
:10EEE400000000000000000000000000000000001E
:10EEF400000000000000000000000000000000000E
:10EF040000000000000000000000000000000000FD
:10EF140000000000000000000000000000000000ED
:10EF240000000000000000000000000000000000DD
:10EF340000000000000000000000000000000000CD
:10EF440000000000000000000000000000000000BD
:10EF540000000000000000000000000000000000AD
:10EF6400000000000000000000000000000000009D
:10EF7400000000000000000000000000000000008D
:10EF8400000000000000000000000000000000007D
:10EF9400000000000000000000000000000000006D
:10EFA400000000000000000000000000000000005D
:10EFB400000000000000000000000000000000004D
:10EFC400000000000000000000000000000000003D
:10EFD400000000000000000000000000000000002D
:10EFE400000000000000000000000000000000001D
:10EFF400000000000000000000000000000000000D
:10F0040000000000000000000000000000000000FC
:10F0140000000000000000000000000000000000EC
:10F0240000000000000000000000000000000000DC
:10F0340000000000000000000000000000000000CC
:10F0440000000000000000000000000000000000BC
:10F0540000000000000000000000000000000000AC
:10F06400000000000000000000000000000000009C
:10F07400000000000000000000000000000000008C
:10F08400000000000000000000000000000000007C
:10F09400000000000000000000000000000000006C
:10F0A400000000000000000000000000000000005C
:10F0B400000000000000000000000000000000004C
:10F0C400000000000000000000000000000000003C
:10F0D400000000000000000000000000000000002C
:10F0E400000000000000000000000000000000001C
:10F0F400000000000000000000000000000000000C
:10F1040000000000000000000000000000000000FB
:10F1140000000000000000000000000000000000EB
:10F1240000000000000000000000000000000000DB
:10F1340000000000000000000000000000000000CB
:10F1440000000000000000000000000000000000BB
:10F1540000000000000000000000000000000000AB
:10F16400000000000000000000000000000000009B
:10F17400000000000000000000000000000000008B
:10F18400000000000000000000000000000000007B
:10F19400000000000000000000000000000000006B
:10F1A400000000000000000000000000000000005B
:10F1B400000000000000000000000000000000004B
:10F1C400000000000000000000000000000000003B
:10F1D400000000000000000000000000000000002B
:10F1E400000000000000000000000000000000001B
:10F1F400000000000000000000000000000000000B
:10F2040000000000000000000000000000000000FA
:10F2140000000000000000000000000000000000EA
:10F2240000000000000000000000000000000000DA
:10F2340000000000000000000000000000000000CA
:10F2440000000000000000000000000000000000BA
:10F2540000000000000000000000000000000000AA
:10F26400000000000000000000000000000000009A
:10F27400000000000000000000000000000000008A
:10F28400000000000000000000000000000000007A
:10F29400000000000000000000000000000000006A
:10F2A400000000000000000000000000000000005A
:10F2B400000000000000000000000000000000004A
:10F2C400000000000000000000000000000000003A
:10F2D400000000000000000000000000000000002A
:10F2E400000000000000000000000000000000001A
:10F2F400000000000000000000000000000000000A
:10F3040000000000000000000000000000000000F9
:10F3140000000000000000000000000000000000E9
:10F3240000000000000000000000000000000000D9
:10F3340000000000000000000000000000000000C9
:10F3440000000000000000000000000000000000B9
:10F3540000000000000000000000000000000000A9
:10F364000000000000000000000000000000000099
:10F374000000000000000000000000000000000089
:10F384000000000000000000000000000000000079
:10F394000000000000000000000000000000000069
:10F3A4000000000000000000000000000000000059
:10F3B4000000000000000000000000000000000049
:10F3C4000000000000000000000000000000000039
:10F3D4000000000000000000000000000000000029
:10F3E4000000000000000000000000000000000019
:10F3F4000000000000000000000000000000000009
:10F4040000000000000000000000000000000000F8
:10F4140000000000000000000000000000000000E8
:10F4240000000000000000000000000000000000D8
:10F4340000000000000000000000000000000000C8
:10F4440000000000000000000000000000000000B8
:10F4540000000000000000000000000000000000A8
:10F464000000000000000000000000000000000098
:10F474000000000000000000000000000000000088
:10F484000000000000000000000000000000000078
:10F494000000000000000000000000000000000068
:10F4A4000000000000000000000000000000000058
:10F4B4000000000000000000000000000000000048
:10F4C4000000000000000000000000000000000038
:10F4D4000000000000000000000000000000000028
:10F4E4000000000000000000000000000000000018
:10F4F4000000000000000000000000000000000008
:10F5040000000000000000000000000000000000F7
:10F5140000000000000000000000000000000000E7
:10F5240000000000000000000000000000000000D7
:10F5340000000000000000000000000000000000C7
:10F5440000000000000000000000000000000000B7
:10F5540000000000000000000000000000000000A7
:10F564000000000000000000000000000000000097
:10F574000000000000000000000000000000000087
:10F584000000000000000000000000000000000077
:10F594000000000000000000000000000000000067
:10F5A4000000000000000000000000000000000057
:10F5B4000000000000000000000000000000000047
:10F5C4000000000000000000000000000000000037
:10F5D4000000000000000000000000000000000027
:10F5E4000000000000000000000000000000000017
:10F5F4000000000000000000000000000000000007
:10F6040000000000000000000000000000000000F6
:10F6140000000000000000000000000000000000E6
:10F6240000000000000000000000000000000000D6
:10F6340000000000000000000000000000000000C6
:10F6440000000000000000000000000000000000B6
:10F6540000000000000000000000000000000000A6
:10F664000000000000000000000000000000000096
:10F674000000000000000000000000000000000086
:10F684000000000000000000000000000000000076
:10F694000000000000000000000000000000000066
:10F6A4000000000000000000000000000000000056
:10F6B4000000000000000000000000000000000046
:10F6C4000000000000000000000000000000000036
:10F6D4000000000000000000000000000000000026
:10F6E4000000000000000000000000000000000016
:10F6F4000000000000000000000000000000000006
:10F7040000000000000000000000000000000000F5
:10F7140000000000000000000000000000000000E5
:10F7240000000000000000000000000000000000D5
:10F7340000000000000000000000000000000000C5
:10F7440000000000000000000000000000000000B5
:10F7540000000000000000000000000000000000A5
:10F764000000000000000000000000000000000095
:10F774000000000000000000000000000000000085
:10F784000000000000000000000000000000000075
:10F794000000000000000000000000000000000065
:10F7A4000000000000000000000000000000000055
:10F7B4000000000000000000000000000000000045
:10F7C4000000000000000000000000000000000035
:10F7D4000000000000000000000000000000000025
:10F7E4000000000000000000000000000000000015
:10F7F4000000000000000000000000000000000005
:10F8040000000000000000000000000000000000F4
:10F8140000000000000000000000000000000000E4
:10F8240000000000000000000000000000000000D4
:10F8340000000000000000000000000000000000C4
:10F8440000000000000000000000000000000000B4
:10F8540000000000000000000000000000000000A4
:10F864000000000000000000000000000000000094
:10F874000000000000000000000000000000000084
:10F884000000000000000000000000000000000074
:10F894000000000000000000000000000000000064
:10F8A4000000000000000000000000000000000054
:10F8B4000000000000000000000000000000000044
:10F8C4000000000000000000000000000000000034
:10F8D4000000000000000000000000000000000024
:10F8E4000000000000000000000000000000000014
:10F8F4000000000000000000000000000000000004
:10F9040000000000000000000000000000000000F3
:10F9140000000000000000000000000000000000E3
:10F9240000000000000000000000000000000000D3
:10F9340000000000000000000000000000000000C3
:10F9440000000000000000000000000000000000B3
:10F9540000000000000000000000000000000000A3
:10F964000000000000000000000000000000000093
:10F974000000000000000000000000000000000083
:10F984000000000000000000000000000000000073
:10F994000000000000000000000000000000000063
:10F9A4000000000000000000000000000000000053
:10F9B4000000000000000000000000000000000043
:10F9C4000000000000000000000000000000000033
:10F9D4000000000000000000000000000000000023
:10F9E4000000000000000000000000000000000013
:10F9F4000000000000000000000000000000000003
:10FA040000000000000000000000000000000000F2
:10FA140000000000000000000000000000000000E2
:10FA240000000000000000000000000000000000D2
:10FA340000000000000000000000000000000000C2
:10FA440000000000000000000000000000000000B2
:10FA540000000000000000000000000000000000A2
:10FA64000000000000000000000000000000000092
:10FA74000000000000000000000000000000000082
:10FA84000000000000000000000000000000000072
:10FA94000000000000000000000000000000000062
:10FAA4000000000000000000000000000000000052
:10FAB4000000000000000000000000000000000042
:10FAC4000000000000000000000000000000000032
:10FAD4000000000000000000000000000000000022
:10FAE4000000000000000000000000000000000012
:10FAF4000000000000000000000000000000000002
:10FB040000000000000000000000000000000000F1
:10FB140000000000000000000000000000000000E1
:10FB240000000000000000000000000000000000D1
:10FB340000000000000000000000000000000000C1
:10FB440000000000000000000000000000000000B1
:10FB540000000000000000000000000000000000A1
:10FB64000000000000000000000000000000000091
:10FB74000000000000000000000000000000000081
:10FB84000000000000000000000000000000000071
:10FB94000000000000000000000000000000000061
:10FBA4000000000000000000000000000000000051
:10FBB4000000000000000000000000000000000041
:10FBC4000000000000000000000000000000000031
:10FBD4000000000000000000000000000000000021
:10FBE4000000000000000000000000000000000011
:10FBF4000000000000000000000000000000000001
:10FC040000000000000000000000000000000000F0
:10FC140000000000000000000000000000000000E0
:10FC240000000000000000000000000000000000D0
:10FC340000000000000000000000000000000000C0
:10FC440000000000000000000000000000000000B0
:10FC540000000000000000000000000000000000A0
:10FC64000000000000000000000000000000000090
:10FC74000000000000000000000000000000000080
:10FC84000000000000000000000000000000000070
:10FC94000000000000000000000000000000000060
:10FCA4000000000000000000000000000000000050
:10FCB4000000000000000000000000000000000040
:10FCC4000000000000000000000000000000000030
:10FCD4000000000000000000000000000000000020
:10FCE4000000000000000000000000000000000010
:10FCF4000000000000000000000000000000000000
:10FD040000000000000000000000000000000000EF
:10FD140000000000000000000000000000000000DF
:10FD240000000000000000000000000000000000CF
:10FD340000000000000000000000000000000000BF
:10FD440000000000000000000000000000000000AF
:10FD5400000000000000000000000000000000009F
:10FD6400000000000000000000000000000000008F
:10FD7400000000000000000000000000000000007F
:10FD8400000000000000000000000000000000006F
:10FD9400000000000000000000000000000000005F
:10FDA400000000000000000000000000000000004F
:10FDB400000000000000000000000000000000003F
:10FDC400000000000000000000000000000000002F
:10FDD400000000000000000000000000000000001F
:10FDE400000000000000000000000000000000000F
:10FDF40000000000000000000000000000000000FF
:10FE040000000000000000000000000000000000EE
:10FE140000000000000000000000000000000000DE
:10FE240000000000000000000000000000000000CE
:10FE340000000000000000000000000000000000BE
:10FE440000000000000000000000000000000000AE
:10FE5400000000000000000000000000000000009E
:10FE6400000000000000000000000000000000008E
:10FE7400000000000000000000000000000000007E
:10FE8400000000000000000000000000000000006E
:10FE9400000000000000000000000000000000005E
:10FEA400000000000000000000000000000000004E
:10FEB400000000000000000000000000000000003E
:10FEC400000000000000000000000000000000002E
:10FED400000000000000000000000000000000001E
:10FEE400000000000000000000000000000000000E
:10FEF40000000000000000000000000000000000FE
:10FF040000000000000000000000000000000000ED
:10FF140000000000000000000000000000000000DD
:10FF240000000000000000000000000000000000CD
:10FF340000000000000000000000000000000000BD
:10FF440000000000000000000000000000000000AD
:10FF5400000000000000000000000000000000009D
:10FF6400000000000000000000000000000000008D
:10FF7400000000000000000000000000000000007D
:10FF8400000000000000000000000000000000006D
:10FF9400000000000000000000000000000000005D
:10FFA400000000000000000000000000000000004D
:10FFB400000000000000000000000000000000003D
:10FFC400000000000000000000000000000000002D
:10FFD400000000000000000000000000000000001D
:10FFE400000000000000000000000000000000000D
:0CFFF40000000000000000000000000001
:02000004600595
:1000000000000000000000000000000000000000F0
:1000100000000000000000000000000000000000E0
:1000200000000000000000000000000000000000D0
:1000300000000000000000000000000000000000C0
:1000400000000000000000000000000000000000B0
:1000500000000000000000000000000000000000A0
:100060000000000000000000000000000000000090
:100070000000000000000000000000000000000080
:100080000000000000000000000000000000000070
:100090000000000000000000000000000000000060
:1000A0000000000000000000000000000000000050
:1000B0000000000000000000000000000000000040
:1000C0000000000000000000000000000000000030
:1000D0000000000000000000000000000000000020
:1000E0000000000000000000000000000000000010
:1000F0000000000000000000000000000000000000
:1001000000000000000000000000000000000000EF
:1001100000000000000000000000000000000000DF
:1001200000000000000000000000000000000000CF
:1001300000000000000000000000000000000000BF
:1001400000000000000000000000000000000000AF
:10015000000000000000000000000000000000009F
:10016000000000000000000000000000000000008F
:10017000000000000000000000000000000000007F
:10018000000000000000000000000000000000006F
:10019000000000000000000000000000000000005F
:1001A000000000000000000000000000000000004F
:1001B000000000000000000000000000000000003F
:1001C000000000000000000000000000000000002F
:1001D000000000000000000000000000000000001F
:1001E000000000000000000000000000000000000F
:1001F00000000000000000000000000000000000FF
:1002000000000000000000000000000000000000EE
:1002100000000000000000000000000000000000DE
:1002200000000000000000000000000000000000CE
:1002300000000000000000000000000000000000BE
:1002400000000000000000000000000000000000AE
:10025000000000000000000000000000000000009E
:10026000000000000000000000000000000000008E
:10027000000000000000000000000000000000007E
:10028000000000000000000000000000000000006E
:10029000000000000000000000000000000000005E
:1002A000000000000000000000000000000000004E
:1002B000000000000000000000000000000000003E
:1002C000000000000000000000000000000000002E
:1002D000000000000000000000000000000000001E
:1002E000000000000000000000000000000000000E
:1002F00000000000000000000000000000000000FE
:1003000000000000000000000000000000000000ED
:1003100000000000000000000000000000000000DD
:1003200000000000000000000000000000000000CD
:1003300000000000000000000000000000000000BD
:1003400000000000000000000000000000000000AD
:10035000000000000000000000000000000000009D
:10036000000000000000000000000000000000008D
:10037000000000000000000000000000000000007D
:10038000000000000000000000000000000000006D
:10039000000000000000000000000000000000005D
:1003A000000000000000000000000000000000004D
:1003B000000000000000000000000000000000003D
:1003C000000000000000000000000000000000002D
:1003D000000000000000000000000000000000001D
:1003E000000000000000000000000000000000000D
:1003F00000000000000000000000000000000000FD
:1004000000000000000000000000000000000000EC
:1004100000000000000000000000000000000000DC
:1004200000000000000000000000000000000000CC
:1004300000000000000000000000000000000000BC
:1004400000000000000000000000000000000000AC
:10045000000000000000000000000000000000009C
:10046000000000000000000000000000000000008C
:10047000000000000000000000000000000000007C
:10048000000000000000000000000000000000006C
:10049000000000000000000000000000000000005C
:1004A000000000000000000000000000000000004C
:1004B000000000000000000000000000000000003C
:1004C000000000000000000000000000000000002C
:1004D000000000000000000000000000000000001C
:1004E000000000000000000000000000000000000C
:1004F00000000000000000000000000000000000FC
:1005000000000000000000000000000000000000EB
:1005100000000000000000000000000000000000DB
:1005200000000000000000000000000000000000CB
:1005300000000000000000000000000000000000BB
:1005400000000000000000000000000000000000AB
:10055000000000000000000000000000000000009B
:10056000000000000000000000000000000000008B
:10057000000000000000000000000000000000007B
:10058000000000000000000000000000000000006B
:10059000000000000000000000000000000000005B
:1005A000000000000000000000000000000000004B
:1005B000000000000000000000000000000000003B
:1005C000000000000000000000000000000000002B
:1005D000000000000000000000000000000000001B
:1005E000000000000000000000000000000000000B
:1005F00000000000000000000000000000000000FB
:1006000000000000000000000000000000000000EA
:1006100000000000000000000000000000000000DA
:1006200000000000000000000000000000000000CA
:1006300000000000000000000000000000000000BA
:1006400000000000000000000000000000000000AA
:10065000000000000000000000000000000000009A
:10066000000000000000000000000000000000008A
:10067000000000000000000000000000000000007A
:10068000000000000000000000000000000000006A
:10069000000000000000000000000000000000005A
:1006A000000000000000000000000000000000004A
:1006B000000000000000000000000000000000003A
:1006C000000000000000000000000000000000002A
:1006D000000000000000000000000000000000001A
:1006E000000000000000000000000000000000000A
:1006F00000000000000000000000000000000000FA
:1007000000000000000000000000000000000000E9
:1007100000000000000000000000000000000000D9
:1007200000000000000000000000000000000000C9
:1007300000000000000000000000000000000000B9
:1007400000000000000000000000000000000000A9
:100750000000000000000000000000000000000099
:100760000000000000000000000000000000000089
:100770000000000000000000000000000000000079
:100780000000000000000000000000000000000069
:100790000000000000000000000000000000000059
:1007A0000000000000000000000000000000000049
:1007B0000000000000000000000000000000000039
:1007C0000000000000000000000000000000000029
:1007D0000000000000000000000000000000000019
:1007E0000000000000000000000000000000000009
:1007F00000000000000000000000000000000000F9
:1008000000000000000000000000000000000000E8
:1008100000000000000000000000000000000000D8
:1008200000000000000000000000000000000000C8
:1008300000000000000000000000000000000000B8
:1008400000000000000000000000000000000000A8
:100850000000000000000000000000000000000098
:100860000000000000000000000000000000000088
:100870000000000000000000000000000000000078
:100880000000000000000000000000000000000068
:100890000000000000000000000000000000000058
:1008A0000000000000000000000000000000000048
:1008B0000000000000000000000000000000000038
:1008C0000000000000000000000000000000000028
:1008D0000000000000000000000000000000000018
:1008E0000000000000000000000000000000000008
:1008F00000000000000000000000000000000000F8
:1009000000000000000000000000000000000000E7
:1009100000000000000000000000000000000000D7
:1009200000000000000000000000000000000000C7
:1009300000000000000000000000000000000000B7
:1009400000000000000000000000000000000000A7
:100950000000000000000000000000000000000097
:100960000000000000000000000000000000000087
:100970000000000000000000000000000000000077
:100980000000000000000000000000000000000067
:100990000000000000000000000000000000000057
:1009A0000000000000000000000000000000000047
:1009B0000000000000000000000000000000000037
:1009C0000000000000000000000000000000000027
:1009D0000000000000000000000000000000000017
:1009E0000000000000000000000000000000000007
:1009F00000000000000000000000000000000000F7
:100A000000000000000000000000000000000000E6
:100A100000000000000000000000000000000000D6
:100A200000000000000000000000000000000000C6
:100A300000000000000000000000000000000000B6
:100A400000000000000000000000000000000000A6
:100A50000000000000000000000000000000000096
:100A60000000000000000000000000000000000086
:100A70000000000000000000000000000000000076
:100A80000000000000000000000000000000000066
:100A90000000000000000000000000000000000056
:100AA0000000000000000000000000000000000046
:100AB0000000000000000000000000000000000036
:100AC0000000000000000000000000000000000026
:100AD0000000000000000000000000000000000016
:100AE0000000000000000000000000000000000006
:100AF00000000000000000000000000000000000F6
:100B000000000000000000000000000000000000E5
:100B100000000000000000000000000000000000D5
:100B200000000000000000000000000000000000C5
:100B300000000000000000000000000000000000B5
:100B400000000000000000000000000000000000A5
:100B50000000000000000000000000000000000095
:100B60000000000000000000000000000000000085
:100B70000000000000000000000000000000000075
:100B80000000000000000000000000000000000065
:100B900000000000E4AB002000000000E8030000BB
:100BA000000000005CAC0020E80300000001000031
:100BB0000000000000000000000000000000000035
:100BC0000000000000000000000000000000000025
:100BD0000000000000000000000000000000000015
:100BE0000000000000000000000000000000000005
:100BF00000000000000000000000000000000000F5
:100C000000000000000000000000000000000000E4
:100C100000000000000000000000000000000000D4
:100C200000000000000000000000000000000000C4
:100C300000000000000000000000000000000000B4
:100C400000000000000000000000000000000000A4
:100C50000000000000000000000000000000000094
:100C60000000000000000000000000000000000084
:100C70000000000000000000000000000000000074
:100C80000000000000000000000000000000000064
:100C90000000000000000000000000000000000054
:100CA0000000000000000000000000000000000044
:100CB0000000000000000000000000000000000034
:100CC0000000000000000000000000000000000024
:100CD0000000000000000000000000000000000014
:100CE0000000000000000000000000000000000004
:100CF00000000000000000000000000000000000F4
:100D000000000000000000000000000000000000E3
:100D100000000000000000000000000000000000D3
:100D200000000000000000000000000000000000C3
:100D300000000000000000000000000000000000B3
:100D400000000000000000000000000000000000A3
:100D50000000000000000000000000000000000093
:100D60000000000000000000000000000000000083
:100D70000000000000000000000000000000000073
:100D80000000000000000000000000000000000063
:100D90000000000000000000000000000000000053
:100DA0000000000000000000000000000000000043
:100DB0000000000000000000000000000000000033
:100DC0000000000000000000000000000000000023
:100DD0000000000000000000000000000000000013
:100DE0000000000000000000000000000000000003
:100DF00000000000000000000000000000000000F3
:100E000000000000000000000000000000000000E2
:100E100000000000000000000000000000000000D2
:100E200000000000000000000000000000000000C2
:100E300000000000000000000000000000000000B2
:100E400000000000000000000000000000000000A2
:100E50000000000000000000000000000000000092
:100E60000000000000000000000000000000000082
:100E70000000000000000000000000000000000072
:100E80000000000000000000000000000000000062
:100E90000000000000000000000000000000000052
:100EA0000000000000000000000000000000000042
:100EB0000000000000000000000000000000000032
:100EC0000000000000000000000000000000000022
:100ED0000000000000000000000000000000000012
:100EE0000000000000000000000000000000000002
:100EF00000000000000000000000000000000000F2
:100F000000000000000000000000000000000000E1
:100F100000000000000000000000000000000000D1
:100F200000000000000000000000000000000000C1
:100F300000000000000000000000000000000000B1
:100F400000000000000000000000000000000000A1
:100F50000000000000000000000000000000000091
:100F60000000000000000000000000000000000081
:100F70000000000000000000000000000000000071
:100F80000000000000000000000000000000000061
:100F90000000000000000000000000000000000051
:100FA0000000000000000000000000000000000041
:100FB0000000000000000000000000000000000031
:100FC0000000000000000000000000000000000021
:100FD0000000000000000000000000000000000011
:100FE0000000000000000000000000000000000001
:100FF00000000000000000000000000000000000F1
:1010000000000000000000000000000000000000E0
:1010100000000000000000000000000000000000D0
:1010200000000000000000000000000000000000C0
:1010300000000000000000000000000000000000B0
:1010400000000000000000000000000000000000A0
:101050000000000000000000000000000000000090
:101060000000000000000000000000000000000080
:101070000000000000000000000000000000000070
:101080000000000000000000000000000000000060
:101090000000000000000000000000000000000050
:1010A0000000000000000000000000000000000040
:1010B0000000000000000000000000000000000030
:1010C0000000000000000000000000000000000020
:1010D0000000000000000000000000000000000010
:1010E0000000000000000000000000000000000000
:1010F00000000000000000000000000000000000F0
:1011000000000000000000000000000000000000DF
:1011100000000000000000000000000000000000CF
:1011200000000000000000000000000000000000BF
:1011300000000000000000000000000000000000AF
:10114000000000000000000000000000000000009F
:10115000000000000000000000000000000000008F
:10116000000000000000000000000000000000007F
:10117000000000000000000000000000000000006F
:10118000000000000000000000000000000000005F
:10119000000000000000000000000000000000004F
:1011A000000000000000000000000000000000003F
:1011B000000000000000000000000000000000002F
:1011C000000000000000000000000000000000001F
:1011D000000000000000000000000000000000000F
:1011E00000000000000000000000000000000000FF
:1011F00000000000000000000000000000000000EF
:1012000000000000000000000000000000000000DE
:1012100000000000000000000000000000000000CE
:1012200000000000000000000000000000000000BE
:1012300000000000000000000000000000000000AE
:10124000000000000000000000000000000000009E
:10125000000000000000000000000000000000008E
:10126000000000000000000000000000000000007E
:10127000000000000000000000000000000000006E
:10128000000000000000000000000000000000005E
:10129000000000000000000000000000000000004E
:1012A000000000000000000000000000000000003E
:1012B000000000000000000000000000000000002E
:1012C000000000000000000000000000000000001E
:1012D000000000000000000000000000000000000E
:1012E00000000000000000000000000000000000FE
:1012F00000000000000000000000000000000000EE
:1013000000000000000000000000000000000000DD
:1013100000000000000000000000000000000000CD
:1013200000000000000000000000000000000000BD
:1013300000000000000000000000000000000000AD
:10134000000000000000000000000000000000009D
:10135000000000000000000000000000000000008D
:10136000000000000000000000000000000000007D
:10137000000000000000000000000000000000006D
:10138000000000000000000000000000000000005D
:10139000000000000000000000000000000000004D
:1013A000000000000000000000000000000000003D
:1013B000000000000000000000000000000000002D
:1013C000000000000000000000000000000000001D
:1013D000000000000000000000000000000000000D
:1013E00000000000000000000000000000000000FD
:1013F00000000000000000000000000000000000ED
:1014000000000000000000000000000000000000DC
:1014100000000000000000000000000000000000CC
:1014200000000000000000000000000000000000BC
:1014300000000000000000000000000000000000AC
:10144000000000000000000000000000000000009C
:10145000000000000000000000000000000000008C
:10146000000000000000000000000000000000007C
:10147000000000000000000000000000000000006C
:10148000000000000000000000000000000000005C
:10149000000000000000000000000000000000004C
:1014A000000000000000000000000000000000003C
:1014B000000000000000000000000000000000002C
:1014C000000000000000000000000000000000001C
:1014D000000000000000000000000000000000000C
:1014E00000000000000000000000000000000000FC
:1014F00000000000000000000000000000000000EC
:1015000000000000000000000000000000000000DB
:1015100000000000000000000000000000000000CB
:1015200000000000000000000000000000000000BB
:1015300000000000000000000000000000000000AB
:10154000000000000000000000000000000000009B
:10155000000000000000000000000000000000008B
:10156000000000000000000000000000000000007B
:10157000000000000000000000000000000000006B
:10158000000000000000000000000000000000005B
:10159000000000000000000000000000000000004B
:1015A000000000000000000000000000000000003B
:1015B000000000000000000000000000000000002B
:1015C000000000000000000000000000000000001B
:1015D000000000000000000000000000000000000B
:1015E00000000000000000000000000000000000FB
:1015F00000000000000000000000000000000000EB
:1016000000000000000000000000000000000000DA
:1016100000000000000000000000000000000000CA
:1016200000000000000000000000000000000000BA
:1016300000000000000000000000000000000000AA
:10164000000000000000000000000000000000009A
:10165000000000000000000000000000000000008A
:10166000000000000000000000000000000000007A
:10167000000000000000000000000000000000006A
:10168000000000000000000000000000000000005A
:10169000000000000000000000000000000000004A
:1016A000000000000000000000000000000000003A
:1016B000000000000000000000000000000000002A
:1016C000000000000000000000000000000000001A
:1016D000000000000000000000000000000000000A
:1016E00000000000000000000000000000000000FA
:1016F00000000000000000000000000000000000EA
:1017000000000000000000000000000000000000D9
:1017100000000000000000000000000000000000C9
:1017200000000000000000000000000000000000B9
:1017300000000000000000000000000000000000A9
:101740000000000000000000000000000000000099
:101750000000000000000000000000000000000089
:101760000000000000000000000000000000000079
:101770000000000000000000000000000000000069
:101780000000000000000000000000000000000059
:101790000000000000000000000000000000000049
:1017A0000000000000000000000000000000000039
:1017B0000000000000000000000000000000000029
:1017C0000000000000000000000000000000000019
:1017D0000000000000000000000000000000000009
:1017E00000000000000000000000000000000000F9
:1017F00000000000000000000000000000000000E9
:1018000000000000000000000000000000000000D8
:1018100000000000000000000000000000000000C8
:1018200000000000000000000000000000000000B8
:1018300000000000000000000000000000000000A8
:101840000000000000000000000000000000000098
:101850000000000000000000000000000000000088
:101860000000000000000000000000000000000078
:101870000000000000000000000000000000000068
:101880000000000000000000000000000000000058
:101890000000000000000000000000000000000048
:1018A0000000000000000000000000000000000038
:1018B0000000000000000000000000000000000028
:1018C0000000000000000000000000000000000018
:1018D0000000000000000000000000000000000008
:1018E00000000000000000000000000000000000F8
:1018F00000000000000000000000000000000000E8
:1019000000000000000000000000000000000000D7
:1019100000000000000000000000000000000000C7
:1019200000000000000000000000000000000000B7
:1019300000000000000000000000000000000000A7
:101940000000000000000000000000000000000097
:101950000000000000000000000000000000000087
:101960000000000000000000000000000000000077
:101970000000000000000000000000000000000067
:101980000000000000000000000000000000000057
:101990000000000000000000000000000000000047
:1019A0000000000000000000000000000000000037
:1019B0000000000000000000000000000000000027
:1019C0000000000000000000000000000000000017
:1019D0000000000000000000000000000000000007
:1019E00000000000000000000000000000000000F7
:1019F00000000000000000000000000000000000E7
:101A000000000000000000000000000000000000D6
:101A100000000000000000000000000000000000C6
:101A200000000000000000000000000000000000B6
:101A300000000000000000000000000000000000A6
:101A40000000000000000000000000000000000096
:101A50000000000000000000000000000000000086
:101A60000000000000000000000000000000000076
:101A70000000000000000000000000000000000066
:101A80000000000000000000000000000000000056
:101A90000000000000000000000000000000000046
:101AA0000000000000000000000000000000000036
:101AB0000000000000000000000000000000000026
:101AC0000000000000000000000000000000000016
:101AD0000000000000000000000000000000000006
:101AE00000000000000000000000000000000000F6
:101AF00000000000000000000000000000000000E6
:101B000000000000000000000000000000000000D5
:101B100000000000000000000000000000000000C5
:101B200000000000000000000000000000000000B5
:101B300000000000000000000000000000000000A5
:101B40000000000000000000000000000000000095
:101B50000000000000000000000000000000000085
:101B60000000000000000000000000000000000075
:101B70000000000000000000000000000000000065
:101B80000000000000000000000000000000000055
:101B90000000000000000000000000000000000045
:101BA0000000000000000000000000000000000035
:101BB0000000000000000000000000000000000025
:101BC0000000000000000000000000000000000015
:101BD0000000000000000000000000000000000005
:101BE00000000000000000000000000000000000F5
:101BF00000000000000000000000000000000000E5
:101C000000000000000000000000000000000000D4
:101C100000000000000000000000000000000000C4
:101C200000000000000000000000000000000000B4
:101C300000000000000000000000000000000000A4
:101C40000000000000000000000000000000000094
:101C50000000000000000000000000000000000084
:101C60000000000000000000000000000000000074
:101C70000000000000000000000000000000000064
:101C80000000000000000000000000000000000054
:101C90000000000000000000000000000000000044
:101CA0000000000000000000000000000000000034
:101CB0000000000000000000000000000000000024
:101CC0000000000000000000000000000000000014
:101CD0000000000000000000000000000000000004
:101CE00000000000000000000000000000000000F4
:101CF00000000000000000000000000000000000E4
:101D000000000000000000000000000000000000D3
:101D100000000000000000000000000000000000C3
:101D200000000000000000000000000000000000B3
:101D300000000000000000000000000000000000A3
:101D40000000000000000000000000000000000093
:101D50000000000000000000000000000000000083
:101D60000000000000000000000000000000000073
:101D70000000000000000000000000000000000063
:101D80000000000000000000000000000000000053
:101D90000000000000000000000000000000000043
:101DA0000000000000000000000000000000000033
:101DB0000000000000000000000000000000000023
:101DC0000000000000000000000000000000000013
:101DD0000000000000000000000000000000000003
:101DE00000000000000000000000000000000000F3
:101DF00000000000000000000000000000000000E3
:101E000000000000000000000000000000000000D2
:101E100000000000000000000000000000000000C2
:101E200000000000000000000000000000000000B2
:101E300000000000000000000000000000000000A2
:101E40000000000000000000000000000000000092
:101E50000000000000000000000000000000000082
:101E60000000000000000000000000000000000072
:101E70000000000000000000000000000000000062
:101E80000000000000000000000000000000000052
:101E90000000000000000000000000000000000042
:101EA0000000000000000000000000000000000032
:101EB0000000000000000000000000000000000022
:101EC0000000000000000000000000000000000012
:101ED0000000000000000000000000000000000002
:101EE00000000000000000000000000000000000F2
:101EF00000000000000000000000000000000000E2
:101F000000000000000000000000000000000000D1
:101F100000000000000000000000000000000000C1
:101F200000000000000000000000000000000000B1
:101F300000000000000000000000000000000000A1
:101F40000000000000000000000000000000000091
:101F50000000000000000000000000000000000081
:101F60000000000000000000000000000000000071
:101F70000000000000000000000000000000000061
:101F80000000000000000000000000000000000051
:101F90000000000000000000000000000000000041
:101FA0000000000000000000000000000000000031
:101FB0000000000000000000000000000000000021
:101FC0000000000000000000000000000000000011
:101FD0000000000000000000000000000000000001
:101FE00000000000000000000000000000000000F1
:101FF00000000000000000000000000000000000E1
:1020000000000000000000000000000000000000D0
:1020100000000000000000000000000000000000C0
:1020200000000000000000000000000000000000B0
:1020300000000000000000000000000000000000A0
:102040000000000000000000000000000000000090
:102050000000000000000000000000000000000080
:102060000000000000000000000000000000000070
:102070000000000000000000000000000000000060
:102080000000000000000000000000000000000050
:102090000000000000000000000000000000000040
:1020A0000000000000000000000000000000000030
:1020B0000000000000000000000000000000000020
:1020C0000000000000000000000000000000000010
:1020D0000000000000000000000000000000000000
:1020E00000000000000000000000000000000000F0
:1020F00000000000000000000000000000000000E0
:1021000000000000000000000000000000000000CF
:1021100000000000000000000000000000000000BF
:1021200000000000000000000000000000000000AF
:10213000000000000000000000000000000000009F
:10214000000000000000000000000000000000008F
:10215000000000000000000000000000000000007F
:10216000000000000000000000000000000000006F
:10217000000000000000000000000000000000005F
:10218000000000000000000000000000000000004F
:10219000000000000000000000000000000000003F
:1021A000000000000000000000000000000000002F
:1021B000000000000000000000000000000000001F
:1021C000000000000000000000000000000000000F
:1021D00000000000000000000000000000000000FF
:1021E00000000000000000000000000000000000EF
:1021F00000000000000000000000000000000000DF
:1022000000000000000000000000000000000000CE
:1022100000000000000000000000000000000000BE
:1022200000000000000000000000000000000000AE
:10223000000000000000000000000000000000009E
:10224000000000000000000000000000000000008E
:10225000000000000000000000000000000000007E
:10226000000000000000000000000000000000006E
:10227000000000000000000000000000000000005E
:10228000000000000000000000000000000000004E
:10229000000000000000000000000000000000003E
:1022A000000000000000000000000000000000002E
:1022B000000000000000000000000000000000001E
:1022C000000000000000000000000000000000000E
:1022D00000000000000000000000000000000000FE
:1022E00000000000000000000000000000000000EE
:1022F00000000000000000000000000000000000DE
:1023000000000000000000000000000000000000CD
:1023100000000000000000000000000000000000BD
:1023200000000000000000000000000000000000AD
:10233000000000000000000000000000000000009D
:10234000000000000000000000000000000000008D
:10235000000000000000000000000000000000007D
:10236000000000000000000000000000000000006D
:10237000000000000000000000000000000000005D
:10238000000000000000000000000000000000004D
:10239000000000000000000000000000000000003D
:1023A000000000000000000000000000000000002D
:1023B000000000000000000000000000000000001D
:1023C000000000000000000000000000000000000D
:1023D00000000000000000000000000000000000FD
:1023E00000000000000000000000000000000000ED
:1023F00000000000000000000000000000000000DD
:1024000000000000000000000000000000000000CC
:1024100000000000000000000000000000000000BC
:1024200000000000000000000000000000000000AC
:10243000000000000000000000000000000000009C
:10244000000000000000000000000000000000008C
:10245000000000000000000000000000000000007C
:10246000000000000000000000000000000000006C
:10247000000000000000000000000000000000005C
:10248000000000000000000000000000000000004C
:10249000000000000000000000000000000000003C
:1024A000000000000000000000000000000000002C
:1024B000000000000000000000000000000000001C
:1024C000000000000000000000000000000000000C
:1024D00000000000000000000000000000000000FC
:1024E00000000000000000000000000000000000EC
:1024F00000000000000000000000000000000000DC
:1025000000000000000000000000000000000000CB
:1025100000000000000000000000000000000000BB
:1025200000000000000000000000000000000000AB
:10253000000000000000000000000000000000009B
:10254000000000000000000000000000000000008B
:10255000000000000000000000000000000000007B
:10256000000000000000000000000000000000006B
:10257000000000000000000000000000000000005B
:10258000000000000000000000000000000000004B
:10259000000000000000000000000000000000003B
:1025A000000000000000000000000000000000002B
:1025B000000000000000000000000000000000001B
:1025C000000000000000000000000000000000000B
:1025D00000000000000000000000000000000000FB
:1025E00000000000000000000000000000000000EB
:1025F00000000000000000000000000000000000DB
:1026000000000000000000000000000000000000CA
:1026100000000000000000000000000000000000BA
:1026200000000000000000000000000000000000AA
:10263000000000000000000000000000000000009A
:10264000000000000000000000000000000000008A
:10265000000000000000000000000000000000007A
:10266000000000000000000000000000000000006A
:10267000000000000000000000000000000000005A
:10268000000000000000000000000000000000004A
:10269000000000000000000000000000000000003A
:1026A000000000000000000000000000000000002A
:1026B000000000000000000000000000000000001A
:1026C000000000000000000000000000000000000A
:1026D00000000000000000000000000000000000FA
:1026E00000000000000000000000000000000000EA
:1026F00000000000000000000000000000000000DA
:1027000000000000000000000000000000000000C9
:1027100000000000000000000000000000000000B9
:1027200000000000000000000000000000000000A9
:102730000000000000000000000000000000000099
:102740000000000000000000000000000000000089
:102750000000000000000000000000000000000079
:102760000000000000000000000000000000000069
:102770000000000000000000000000000000000059
:102780000000000000000000000000000000000049
:102790000000000000000000000000000000000039
:1027A0000000000000000000000000000000000029
:1027B0000000000000000000000000000000000019
:1027C0000000000000000000000000000000000009
:1027D00000000000000000000000000000000000F9
:1027E00000000000000000000000000000000000E9
:1027F00000000000000000000000000000000000D9
:1028000000000000000000000000000000000000C8
:1028100000000000000000000000000000000000B8
:1028200000000000000000000000000000000000A8
:102830000000000000000000000000000000000098
:102840000000000000000000000000000000000088
:102850000000000000000000000000000000000078
:102860000000000000000000000000000000000068
:102870000000000000000000000000000000000058
:102880000000000000000000000000000000000048
:102890000000000000000000000000000000000038
:1028A0000000000000000000000000000000000028
:1028B0000000000000000000000000000000000018
:1028C0000000000000000000000000000000000008
:1028D00000000000000000000000000000000000F8
:1028E00000000000000000000000000000000000E8
:1028F00000000000000000000000000000000000D8
:1029000000000000000000000000000000000000C7
:1029100000000000000000000000000000000000B7
:1029200000000000000000000000000000000000A7
:102930000000000000000000000000000000000097
:102940000000000000000000000000000000000087
:102950000000000000000000000000000000000077
:102960000000000000000000000000000000000067
:102970000000000000000000000000000000000057
:102980000000000000000000000000000000000047
:102990000000000000000000000000000000000037
:1029A0000000000000000000000000000000000027
:1029B0000000000000000000000000000000000017
:1029C0000000000000000000000000000000000007
:1029D00000000000000000000000000000000000F7
:1029E00000000000000000000000000000000000E7
:1029F00000000000000000000000000000000000D7
:102A000000000000000000000000000000000000C6
:102A100000000000000000000000000000000000B6
:102A200000000000000000000000000000000000A6
:102A30000000000000000000000000000000000096
:102A40000000000000000000000000000000000086
:102A50000000000000000000000000000000000076
:102A60000000000000000000000000000000000066
:102A70000000000000000000000000000000000056
:102A80000000000000000000000000000000000046
:102A90000000000000000000000000000000000036
:102AA0000000000000000000000000000000000026
:102AB0000000000000000000000000000000000016
:102AC0000000000000000000000000000000000006
:102AD00000000000000000000000000000000000F6
:102AE00000000000000000000000000000000000E6
:102AF00000000000000000000000000000000000D6
:102B000000000000000000000000000000000000C5
:102B100000000000000000000000000000000000B5
:102B200000000000000000000000000000000000A5
:102B30000000000000000000000000000000000095
:102B40000000000000000000000000000000000085
:102B50000000000000000000000000000000000075
:102B60000000000000000000000000000000000065
:102B70000000000000000000000000000000000055
:102B80000000000000000000000000000000000045
:102B90000000000000000000000000000000000035
:102BA0000000000000000000000000000000000025
:102BB0000000000000000000000000000000000015
:102BC0000000000000000000000000000000000005
:102BD00000000000000000000000000000000000F5
:102BE00000000000000000000000000000000000E5
:102BF00000000000000000000000000000000000D5
:102C000000000000000000000000000000000000C4
:102C100000000000000000000000000000000000B4
:102C200000000000000000000000000000000000A4
:102C30000000000000000000000000000000000094
:102C40000000000000000000000000000000000084
:102C50000000000000000000000000000000000074
:102C60000000000000000000000000000000000064
:102C70000000000000000000000000000000000054
:102C80000000000000000000000000000000000044
:102C90000000000000000000000000000000000034
:102CA0000000000000000000000000000000000024
:102CB0000000000000000000000000000000000014
:102CC0000000000000000000000000000000000004
:102CD00000000000000000000000000000000000F4
:102CE00000000000000000000000000000000000E4
:102CF00000000000000000000000000000000000D4
:102D000000000000000000000000000000000000C3
:102D100000000000000000000000000000000000B3
:102D200000000000000000000000000000000000A3
:102D30000000000000000000000000000000000093
:102D40000000000000000000000000000000000083
:102D50000000000000000000000000000000000073
:102D60000000000000000000000000000000000063
:102D70000000000000000000000000000000000053
:102D80000000000000000000000000000000000043
:102D90000000000000000000000000000000000033
:102DA0000000000000000000000000000000000023
:102DB0000000000000000000000000000000000013
:102DC0000000000000000000000000000000000003
:102DD00000000000000000000000000000000000F3
:102DE00000000000000000000000000000000000E3
:102DF00000000000000000000000000000000000D3
:102E000000000000000000000000000000000000C2
:102E100000000000000000000000000000000000B2
:102E200000000000000000000000000000000000A2
:102E30000000000000000000000000000000000092
:102E40000000000000000000000000000000000082
:102E50000000000000000000000000000000000072
:102E60000000000000000000000000000000000062
:102E70000000000000000000000000000000000052
:102E80000000000000000000000000000000000042
:102E90000000000000000000000000000000000032
:102EA0000000000000000000000000000000000022
:102EB0000000000000000000000000000000000012
:102EC0000000000000000000000000000000000002
:102ED00000000000000000000000000000000000F2
:102EE00000000000000000000000000000000000E2
:102EF00000000000000000000000000000000000D2
:102F000000000000000000000000000000000000C1
:102F100000000000000000000000000000000000B1
:102F200000000000000000000000000000000000A1
:102F30000000000000000000000000000000000091
:102F40000000000000000000000000000000000081
:102F50000000000000000000000000000000000071
:102F60000000000000000000000000000000000061
:102F70000000000000000000000000000000000051
:102F80000000000000000000000000000000000041
:102F90000000000000000000000000000000000031
:102FA0000000000000000000000000000000000021
:102FB0000000000000000000000000000000000011
:102FC0000000000000000000000000000000000001
:102FD00000000000000000000000000000000000F1
:102FE00000000000000000000000000000000000E1
:102FF00000000000000000000000000000000000D1
:1030000000000000000000000000000000000000C0
:1030100000000000000000000000000000000000B0
:1030200000000000000000000000000000000000A0
:103030000000000000000000000000000000000090
:103040000000000000000000000000000000000080
:103050000000000000000000000000000000000070
:103060000000000000000000000000000000000060
:103070000000000000000000000000000000000050
:103080000000000000000000000000000000000040
:103090000000000000000000000000000000000030
:1030A0000000000000000000000000000000000020
:1030B0000000000000000000000000000000000010
:1030C0000000000000000000000000000000000000
:1030D00000000000000000000000000000000000F0
:1030E00000000000000000000000000000000000E0
:1030F00000000000000000000000000000000000D0
:1031000000000000000000000000000000000000BF
:1031100000000000000000000000000000000000AF
:10312000000000000000000000000000000000009F
:10313000000000000000000000000000000000008F
:10314000000000000000000000000000000000007F
:10315000000000000000000000000000000000006F
:10316000000000000000000000000000000000005F
:10317000000000000000000000000000000000004F
:10318000000000000000000000000000000000003F
:10319000000000000000000000000000000000002F
:1031A000000000000000000000000000000000001F
:1031B000000000000000000000000000000000000F
:1031C00000000000000000000000000000000000FF
:1031D00000000000000000000000000000000000EF
:1031E00000000000000000000000000000000000DF
:1031F00000000000000000000000000000000000CF
:1032000000000000000000000000000000000000BE
:1032100000000000000000000000000000000000AE
:10322000000000000000000000000000000000009E
:10323000000000000000000000000000000000008E
:10324000000000000000000000000000000000007E
:10325000000000000000000000000000000000006E
:10326000000000000000000000000000000000005E
:10327000000000000000000000000000000000004E
:10328000000000000000000000000000000000003E
:10329000000000000000000000000000000000002E
:1032A000000000000000000000000000000000001E
:1032B000000000000000000000000000000000000E
:1032C00000000000000000000000000000000000FE
:1032D00000000000000000000000000000000000EE
:1032E00000000000000000000000000000000000DE
:1032F00000000000000000000000000000000000CE
:1033000000000000000000000000000000000000BD
:1033100000000000000000000000000000000000AD
:10332000000000000000000000000000000000009D
:10333000000000000000000000000000000000008D
:10334000000000000000000000000000000000007D
:10335000000000000000000000000000000000006D
:10336000000000000000000000000000000000005D
:10337000000000000000000000000000000000004D
:10338000000000000000000000000000000000003D
:10339000000000000000000000000000000000002D
:1033A000000000000000000000000000000000001D
:1033B000000000000000000000000000000000000D
:1033C00000000000000000000000000000000000FD
:1033D00000000000000000000000000000000000ED
:1033E00000000000000000000000000000000000DD
:1033F00000000000000000000000000000000000CD
:1034000000000000000000000000000000000000BC
:1034100000000000000000000000000000000000AC
:10342000000000000000000000000000000000009C
:10343000000000000000000000000000000000008C
:10344000000000000000000000000000000000007C
:10345000000000000000000000000000000000006C
:10346000000000000000000000000000000000005C
:10347000000000000000000000000000000000004C
:10348000000000000000000000000000000000003C
:10349000000000000000000000000000000000002C
:1034A000000000000000000000000000000000001C
:1034B000000000000000000000000000000000000C
:1034C00000000000000000000000000000000000FC
:1034D00000000000000000000000000000000000EC
:1034E00000000000000000000000000000000000DC
:1034F00000000000000000000000000000000000CC
:1035000000000000000000000000000000000000BB
:1035100000000000000000000000000000000000AB
:10352000000000000000000000000000000000009B
:10353000000000000000000000000000000000008B
:10354000000000000000000000000000000000007B
:10355000000000000000000000000000000000006B
:10356000000000000000000000000000000000005B
:10357000000000000000000000000000000000004B
:10358000000000000000000000000000000000003B
:10359000000000000000000000000000000000002B
:1035A000000000000000000000000000000000001B
:1035B000000000000000000000000000000000000B
:1035C00000000000000000000000000000000000FB
:1035D00000000000000000000000000000000000EB
:1035E00000000000000000000000000000000000DB
:1035F00000000000000000000000000000000000CB
:1036000000000000000000000000000000000000BA
:1036100000000000000000000000000000000000AA
:10362000000000000000000000000000000000009A
:10363000000000000000000000000000000000008A
:10364000000000000000000000000000000000007A
:10365000000000000000000000000000000000006A
:10366000000000000000000000000000000000005A
:10367000000000000000000000000000000000004A
:10368000000000000000000000000000000000003A
:10369000000000000000000000000000000000002A
:1036A000000000000000000000000000000000001A
:1036B000000000000000000000000000000000000A
:1036C00000000000000000000000000000000000FA
:1036D00000000000000000000000000000000000EA
:1036E00000000000000000000000000000000000DA
:1036F00000000000000000000000000000000000CA
:1037000000000000000000000000000000000000B9
:1037100000000000000000000000000000000000A9
:103720000000000000000000000000000000000099
:103730000000000000000000000000000000000089
:103740000000000000000000000000000000000079
:103750000000000000000000000000000000000069
:103760000000000000000000000000000000000059
:103770000000000000000000000000000000000049
:103780000000000000000000000000000000000039
:103790000000000000000000000000000000000029
:1037A0000000000000000000000000000000000019
:1037B0000000000000000000000000000000000009
:1037C00000000000000000000000000000000000F9
:1037D00000000000000000000000000000000000E9
:1037E00000000000000000000000000000000000D9
:1037F00000000000000000000000000000000000C9
:1038000000000000000000000000000000000000B8
:1038100000000000000000000000000000000000A8
:103820000000000000000000000000000000000098
:103830000000000000000000000000000000000088
:103840000000000000000000000000000000000078
:103850000000000000000000000000000000000068
:103860000000000000000000000000000000000058
:103870000000000000000000000000000000000048
:103880000000000000000000000000000000000038
:103890000000000000000000000000000000000028
:1038A0000000000000000000000000000000000018
:1038B0000000000000000000000000000000000008
:1038C00000000000000000000000000000000000F8
:1038D00000000000000000000000000000000000E8
:1038E00000000000000000000000000000000000D8
:1038F00000000000000000000000000000000000C8
:1039000000000000000000000000000000000000B7
:1039100000000000000000000000000000000000A7
:103920000000000000000000000000000000000097
:103930000000000000000000000000000000000087
:103940000000000000000000000000000000000077
:103950000000000000000000000000000000000067
:103960000000000000000000000000000000000057
:103970000000000000000000000000000000000047
:103980000000000000000000000000000000000037
:103990000000000000000000000000000000000027
:1039A0000000000000000000000000000000000017
:1039B0000000000000000000000000000000000007
:1039C00000000000000000000000000000000000F7
:1039D00000000000000000000000000000000000E7
:1039E00000000000000000000000000000000000D7
:1039F00000000000000000000000000000000000C7
:103A000000000000000000000000000000000000B6
:103A100000000000000000000000000000000000A6
:103A20000000000000000000000000000000000096
:103A30000000000000000000000000000000000086
:103A40000000000000000000000000000000000076
:103A50000000000000000000000000000000000066
:103A60000000000000000000000000000000000056
:103A70000000000000000000000000000000000046
:103A80000000000000000000000000000000000036
:103A90000000000000000000000000000000000026
:103AA0000000000000000000000000000000000016
:103AB0000000000000000000000000000000000006
:103AC00000000000000000000000000000000000F6
:103AD00000000000000000000000000000000000E6
:103AE00000000000000000000000000000000000D6
:103AF00000000000000000000000000000000000C6
:103B000000000000000000000000000000000000B5
:103B100000000000000000000000000000000000A5
:103B20000000000000000000000000000000000095
:103B30000000000000000000000000000000000085
:103B40000000000000000000000000000000000075
:103B50000000000000000000000000000000000065
:103B60000000000000000000000000000000000055
:103B70000000000000000000000000000000000045
:103B80000000000000000000000000000000000035
:103B90000000000000000000000000000000000025
:103BA0000000000000000000000000000000000015
:103BB0000000000000000000000000000000000005
:103BC00000000000000000000000000000000000F5
:103BD00000000000000000000000000000000000E5
:103BE00000000000000000000000000000000000D5
:103BF00000000000000000000000000000000000C5
:103C000000000000000000000000000000000000B4
:103C100000000000000000000000000000000000A4
:103C20000000000000000000000000000000000094
:103C30000000000000000000000000000000000084
:103C40000000000000000000000000000000000074
:103C50000000000000000000000000000000000064
:103C60000000000000000000000000000000000054
:103C70000000000000000000000000000000000044
:103C80000000000000000000000000000000000034
:103C90000000000000000000000000000000000024
:103CA0000000000000000000000000000000000014
:103CB0000000000000000000000000000000000004
:103CC00000000000000000000000000000000000F4
:103CD00000000000000000000000000000000000E4
:103CE00000000000000000000000000000000000D4
:103CF00000000000000000000000000000000000C4
:103D000000000000000000000000000000000000B3
:103D100000000000000000000000000000000000A3
:103D20000000000000000000000000000000000093
:103D30000000000000000000000000000000000083
:103D40000000000000000000000000000000000073
:103D50000000000000000000000000000000000063
:103D60000000000000000000000000000000000053
:103D70000000000000000000000000000000000043
:103D80000000000000000000000000000000000033
:103D90000000000000000000000000000000000023
:103DA0000000000000000000000000000000000013
:103DB0000000000000000000000000000000000003
:103DC00000000000000000000000000000000000F3
:103DD00000000000000000000000000000000000E3
:103DE00000000000000000000000000000000000D3
:103DF00000000000000000000000000000000000C3
:103E000000000000000000000000000000000000B2
:103E100000000000000000000000000000000000A2
:103E20000000000000000000000000000000000092
:103E30000000000000000000000000000000000082
:103E40000000000000000000000000000000000072
:103E50000000000000000000000000000000000062
:103E60000000000000000000000000000000000052
:103E70000000000000000000000000000000000042
:103E80000000000000000000000000000000000032
:103E90000000000000000000000000000000000022
:103EA0000000000000000000000000000000000012
:103EB0000000000000000000000000000000000002
:103EC00000000000000000000000000000000000F2
:103ED00000000000000000000000000000000000E2
:103EE00000000000000000000000000000000000D2
:103EF00000000000000000000000000000000000C2
:103F000000000000000000000000000000000000B1
:103F100000000000000000000000000000000000A1
:103F20000000000000000000000000000000000091
:103F30000000000000000000000000000000000081
:103F40000000000000000000000000000000000071
:103F50000000000000000000000000000000000061
:103F60000000000000000000000000000000000051
:103F70000000000000000000000000000000000041
:103F80000000000000000000000000000000000031
:103F90000000000000000000000000000000000021
:103FA0000000000000000000000000000000000011
:103FB0000000000000000000000000000000000001
:103FC00000000000000000000000000000000000F1
:103FD00000000000000000000000000000000000E1
:103FE00000000000000000000000000000000000D1
:103FF00000000000000000000000000000000000C1
:1040000000000000000000000000000000000000B0
:1040100000000000000000000000000000000000A0
:104020000000000000000000000000000000000090
:104030000000000000000000000000000000000080
:104040000000000000000000000000000000000070
:104050000000000000000000000000000000000060
:104060000000000000000000000000000000000050
:104070000000000000000000000000000000000040
:104080000000000000000000000000000000000030
:104090000000000000000000000000000000000020
:1040A0000000000000000000000000000000000010
:1040B0000000000000000000000000000000000000
:1040C00000000000000000000000000000000000F0
:1040D00000000000000000000000000000000000E0
:1040E00000000000000000000000000000000000D0
:1040F00000000000000000000000000000000000C0
:1041000000000000000000000000000000000000AF
:10411000000000000000000000000000000000009F
:10412000000000000000000000000000000000008F
:10413000000000000000000000000000000000007F
:10414000000000000000000000000000000000006F
:10415000000000000000000000000000000000005F
:10416000000000000000000000000000000000004F
:10417000000000000000000000000000000000003F
:10418000000000000000000000000000000000002F
:10419000000000000000000000000000000000001F
:1041A000000000000000000000000000000000000F
:1041B00000000000000000000000000000000000FF
:1041C00000000000000000000000000000000000EF
:1041D00000000000000000000000000000000000DF
:1041E00000000000000000000000000000000000CF
:1041F00000000000000000000000000000000000BF
:1042000000000000000000000000000000000000AE
:10421000000000000000000000000000000000009E
:10422000000000000000000000000000000000008E
:10423000000000000000000000000000000000007E
:10424000000000000000000000000000000000006E
:10425000000000000000000000000000000000005E
:10426000000000000000000000000000000000004E
:10427000000000000000000000000000000000003E
:10428000000000000000000000000000000000002E
:10429000000000000000000000000000000000001E
:1042A000000000000000000000000000000000000E
:1042B00000000000000000000000000000000000FE
:1042C00000000000000000000000000000000000EE
:1042D00000000000000000000000000000000000DE
:1042E00000000000000000000000000000000000CE
:1042F00000000000000000000000000000000000BE
:1043000000000000000000000000000000000000AD
:10431000000000000000000000000000000000009D
:10432000000000000000000000000000000000008D
:10433000000000000000000000000000000000007D
:10434000000000000000000000000000000000006D
:10435000000000000000000000000000000000005D
:10436000000000000000000000000000000000004D
:10437000000000000000000000000000000000003D
:10438000000000000000000000000000000000002D
:10439000000000000000000000000000000000001D
:1043A000000000000000000000000000000000000D
:1043B00000000000000000000000000000000000FD
:1043C00000000000000000000000000000000000ED
:1043D00000000000000000000000000000000000DD
:1043E00000000000000000000000000000000000CD
:1043F00000000000000000000000000000000000BD
:1044000000000000000000000000000000000000AC
:10441000000000000000000000000000000000009C
:10442000000000000000000000000000000000008C
:10443000000000000000000000000000000000007C
:10444000000000000000000000000000000000006C
:10445000000000000000000000000000000000005C
:10446000000000000000000000000000000000004C
:10447000000000000000000000000000000000003C
:10448000000000000000000000000000000000002C
:10449000000000000000000000000000000000001C
:1044A000000000000000000000000000000000000C
:1044B00000000000000000000000000000000000FC
:1044C00000000000000000000000000000000000EC
:1044D00000000000000000000000000000000000DC
:1044E00000000000000000000000000000000000CC
:1044F00000000000000000000000000000000000BC
:1045000000000000000000000000000000000000AB
:10451000000000000000000000000000000000009B
:10452000000000000000000000000000000000008B
:10453000000000000000000000000000000000007B
:10454000000000000000000000000000000000006B
:10455000000000000000000000000000000000005B
:10456000000000000000000000000000000000004B
:10457000000000000000000000000000000000003B
:10458000000000000000000000000000000000002B
:10459000000000000000000000000000000000001B
:1045A000000000000000000000000000000000000B
:1045B00000000000000000000000000000000000FB
:1045C00000000000000000000000000000000000EB
:1045D00000000000000000000000000000000000DB
:1045E00000000000000000000000000000000000CB
:1045F00000000000000000000000000000000000BB
:1046000000000000000000000000000000000000AA
:10461000000000000000000000000000000000009A
:10462000000000000000000000000000000000008A
:10463000000000000000000000000000000000007A
:10464000000000000000000000000000000000006A
:10465000000000000000000000000000000000005A
:10466000000000000000000000000000000000004A
:10467000000000000000000000000000000000003A
:10468000000000000000000000000000000000002A
:10469000000000000000000000000000000000001A
:1046A000000000000000000000000000000000000A
:1046B00000000000000000000000000000000000FA
:1046C00000000000000000000000000000000000EA
:1046D00000000000000000000000000000000000DA
:1046E00000000000000000000000000000000000CA
:1046F00000000000000000000000000000000000BA
:1047000000000000000000000000000000000000A9
:104710000000000000000000000000000000000099
:104720000000000000000000000000000000000089
:104730000000000000000000000000000000000079
:104740000000000000000000000000000000000069
:104750000000000000000000000000000000000059
:104760000000000000000000000000000000000049
:104770000000000000000000000000000000000039
:104780000000000000000000000000000000000029
:104790000000000000000000000000000000000019
:1047A0000000000000000000000000000000000009
:1047B00000000000000000000000000000000000F9
:1047C00000000000000000000000000000000000E9
:1047D00000000000000000000000000000000000D9
:1047E00000000000000000000000000000000000C9
:1047F00000000000000000000000000000000000B9
:1048000000000000000000000000000000000000A8
:104810000000000000000000000000000000000098
:104820000000000000000000000000000000000088
:104830000000000000000000000000000000000078
:104840000000000000000000000000000000000068
:104850000000000000000000000000000000000058
:104860000000000000000000000000000000000048
:104870000000000000000000000000000000000038
:104880000000000000000000000000000000000028
:104890000000000000000000000000000000000018
:1048A0000000000000000000000000000000000008
:1048B00000000000000000000000000000000000F8
:1048C00000000000000000000000000000000000E8
:1048D00000000000000000000000000000000000D8
:1048E00000000000000000000000000000000000C8
:1048F00000000000000000000000000000000000B8
:1049000000000000000000000000000000000000A7
:104910000000000000000000000000000000000097
:104920000000000000000000000000000000000087
:104930000000000000000000000000000000000077
:104940000000000000000000000000000000000067
:104950000000000000000000000000000000000057
:104960000000000000000000000000000000000047
:104970000000000000000000000000000000000037
:104980000000000000000000000000000000000027
:104990000000000000000000000000000000000017
:1049A0000000000000000000000000000000000007
:1049B00000000000000000000000000000000000F7
:1049C00000000000000000000000000000000000E7
:1049D00000000000000000000000000000000000D7
:1049E00000000000000000000000000000000000C7
:1049F00000000000000000000000000000000000B7
:104A000000000000000000000000000000000000A6
:104A10000000000000000000000000000000000096
:104A20000000000000000000000000000000000086
:104A30000000000000000000000000000000000076
:104A40000000000000000000000000000000000066
:104A50000000000000000000000000000000000056
:104A60000000000000000000000000000000000046
:104A70000000000000000000000000000000000036
:104A80000000000000000000000000000000000026
:104A90000000000000000000000000000000000016
:104AA0000000000000000000000000000000000006
:104AB00000000000000000000000000000000000F6
:104AC00000000000000000000000000000000000E6
:104AD00000000000000000000000000000000000D6
:104AE00000000000000000000000000000000000C6
:104AF00000000000000000000000000000000000B6
:104B000000000000000000000000000000000000A5
:104B10000000000000000000000000000000000095
:104B20000000000000000000000000000000000085
:104B30000000000000000000000000000000000075
:104B40000000000000000000000000000000000065
:104B50000000000000000000000000000000000055
:104B60000000000000000000000000000000000045
:104B70000000000000000000000000000000000035
:104B80000000000000000000000000000000000025
:104B90000000000000000000000000000000000015
:104BA0000000000000000000000000000000000005
:104BB00000000000000000000000000000000000F5
:104BC00000000000000000000000000000000000E5
:104BD00000000000000000000000000000000000D5
:104BE00000000000000000000000000000000000C5
:104BF00000000000000000000000000000000000B5
:104C000000000000000000000000000000000000A4
:104C10000000000000000000000000000000000094
:104C20000000000000000000000000000000000084
:104C30000000000000000000000000000000000074
:104C40000000000000000000000000000000000064
:104C50006400000001010000C04E0120C05201208C
:104C600028A5002000000000000000000000000057
:104C70000000000000000000000000000000000034
:104C800054A60020000000000000000069A20000FF
:104C90000000000000000000000000006DA2000005
:104CA000000000000000000061D8000000000000CB
:104CB00000000000000000003DD2000000000000E5
:104CC0000000000039920100000000000000000018
:104CD000000000002990010000000000000000001A
:104CE0000992010000000000000000000000000028
:104CF000ED8F0100000000000000000029C7010046
:104D00000000000000000000000000009DC601003F
:104D10000000000000000000699201000000000097
:104D20000000000000000000599101000000000098
:104D300000000000AD8E0100000000000000000037
:104D400000000000158E01000000000000000000BF
:104D5000C1CA0000000000000000000000000000C8
:104D6000C5C600000000000000000000F1CA0000FD
:104D70000000000000000000000000003DC700002F
:104D80000000000000000000D9CA00000000000080
:104D9000000000000000000001C70000000000004B
:104DA0000000000009CB000000000000000000002F
:104DB0000000000079C700000000000000000000B3
:104DC000F1D9000000000000000000000000000019
:104DD00079D20000000000000000000061A6000081
:104DE00000000000000000000000000069A60000B4
:104DF000000000000000000025DA000000000000B4
:104E00000000000000000000C1D20000000000000F
:104E100000000000597E01000000000000000000BA
:104E2000000000005D7E01000000000000000000A6
:104E3000D978010000000000000000000000000020
:104E40009D78010074A6002001005E0000000000B3
:104E5000047B0320E09F21200000000043000000AD
:104E60000000000000000000000000000000000042
:104E700000000000000000000000000043000000EF
:104E80000000000000000000000000000000000022
:104E900000000000000000000000000043000000CF
:104EA0000000000000000000000000000000000002
:104EB00000000000000000000000000043000000AF
:104EC00000000000000000000000000000000000E2
:104ED000000000000000000000000000430000008F
:104EE00000000000000000000000000000000000C2
:104EF000000000000000000000000000430000006F
:104F000000000000000000000000000000000000A1
:104F1000000000000000000000000000430000004E
:104F20000000000000000000000000000000000081
:104F3000000000000000000000000000430000002E
:104F40000000000000000000000000000000000061
:104F50000000000000000000000000000000000051
:104F60000000000000000000000000000000000041
:104F70000000000000000000000000000000000031
:104F80000000000000000000000000000000000021
:104F90000000000000000000000000000000000011
:104FA0000000000000000000000000000000000001
:104FB00000000000000000000000000000000000F1
:104FC00000000000000000000000000000000000E1
:104FD00000000000000000000000000000000000D1
:104FE00000000000000000000000000000000000C1
:104FF00000000000000000000000000000000000B1
:1050000000000000000000000000000000000000A0
:105010000000000000000000000000000000000090
:10502000000000004D660300395E03000000000030
:1050300068B20020C8540020803D0020803D002040
:10504000803D0020803D0020803D0020803D0020EC
:10505000803D0020803D0020803D0020FFFFFFFFBD
:10506000FFFFFFFFFFFFFFFFFFFF000001004153B5
:10507000434949000000000000000000000000005B
:10508000000000000000000000000000000041538C
:10509000434949000000000000000000000000003B
:1050A0000000000000000000000000000000000000
:1050B000FFFFFFFF000002000000000003000000EF
:1050C000487B0320B0BD002012010002EF02014026
:1050D000C016830480020102030100006C820320D9
:1050E0002800000000010400010000000000000092
:1050F000020157494E5553420000000000000000D5
:10510000000000000000000012034D0053004600A4
:105110005400310030003000F80000000C030000A3
:10512000000000000000000000000000000000007F
:10513000000000C000C008010401000000000000E1
:10514000000000000000000000000000000000005F
:10515000000000000000000000000000000000004F
:10516000000000000000000000000000000000003F
:10517000000000000000000000000000000000002F
:10518000000000000000000000000000000000001F
:10519000000000000000000000000000000000000F
:1051A00000000000000000000000000000000000FF
:1051B00000000000000000000000000000000000EF
:1051C00000000000000000000000000000000000DF
:1051D00000000000000000000000000000000000CF
:1051E00000000000000000000000000000000000BF
:1051F00000000000000000000000000000000000AF
:10520000000000000000000000000000000000009E
:10521000000000000000000000000000000000008E
:10522000000000000000000000000000000000007E
:10523000000000000000000000000000000000006E
:10524000000000000000000000000000000000005E
:10525000000000000000000000000000000000004E
:10526000000000000000000000000000000000003E
:10527000000000000000000000000000000000002E
:10528000000000000000000000000000000000001E
:10529000000000000000000000000000000000000E
:1052A00000000000000000000000000000000000FE
:1052B00000000000000000000000000000000000EE
:1052C00000000000000000000000000000000000DE
:1052D00000000000000000000000000000000000CE
:1052E00000000000000000000000000000000000BE
:1052F00000000000000000000000000000000000AE
:10530000000000000000000000000000000000009D
:10531000000000000000000000000000000000008D
:10532000000000000000000000000000000000007D
:10533000000000000000000000000000000000006D
:10534000000000000000000000000000000000005D
:10535000000000000000000000000000000000004D
:10536000000000000000000000000000000000003D
:10537000000000000000000000000000000000002D
:10538000000000000000000000000000000000001D
:10539000000000000000000000000000000000000D
:1053A00000000000000000000000000000000000FD
:1053B00000000000000000000000000000000000ED
:1053C00000000000000000000000000000000000DD
:1053D00000000000000000000000000000000000CD
:1053E00000000000000000000000000000000000BD
:1053F00000000000000000000000000000000000AD
:10540000000000000000000000000000000000009C
:10541000000000000000000000000000000000008C
:10542000000000000000000000000000000000007C
:10543000000000000000000000000000000000006C
:10544000000000000000000000000000000000005C
:10545000000000000000000000000000000000004C
:10546000000000000000000000000000000000003C
:10547000000000000000000000000000000000002C
:10548000000000000000000000000000000000001C
:10549000000000000000000000000000000000000C
:1054A00000000000000000000000000000000000FC
:1054B00000000000000000000000000000000000EC
:1054C00000000000000000000000000000000000DC
:1054D00000000000000000000000000000000000CC
:1054E00000000000000000000000000000000000BC
:1054F00000000000000000000000000000000000AC
:10550000000000000000000000000000000000009B
:10551000000000000000000000000000000000008B
:10552000000000000000000000000000000000007B
:10553000000000000000000000000000000000006B
:10554000000000000000000000000000000000005B
:10555000000000000000000000000000000000004B
:10556000000000000000000000000000000000003B
:10557000000000000000000000000000000000002B
:10558000000000000000000000000000000000001B
:10559000000000000000000000000000000000000B
:1055A00000000000000000000000000000000000FB
:1055B00000000000000000000000000000000000EB
:1055C00000000000000000000000000000000000DB
:1055D00000000000000000000000000000000000CB
:1055E00000000000000000000000000000000000BB
:1055F00000000000000000000000000000000000AB
:10560000000000000000000000000000000000009A
:10561000000000000000000000000000000000008A
:10562000000000000000000000000000000000007A
:10563000000000000000000000000000000000006A
:10564000000000000000000000000000000000005A
:10565000000000000000000000000000000000004A
:10566000000000000000000000000000000000003A
:10567000000000000000000000000000000000002A
:10568000000000000000000000000000000000001A
:10569000000000000000000000000000000000000A
:1056A00000000000000000000000000000000000FA
:1056B00000000000000000000000000000000000EA
:1056C00000000000000000000000000000000000DA
:1056D00000000000000000000000000000000000CA
:1056E00000000000000000000000000000000000BA
:1056F00000000000000000000000000000000000AA
:105700000000000000000000000000000000000099
:105710000000000000000000000000000000000089
:105720000000000000000000000000000000000079
:105730000000000000000000000000000000000069
:105740000000000000000000000000000000000059
:105750000000000000000000000000000000000049
:105760000000000000000000000000000000000039
:105770000000000000000000000000000000000029
:105780000000000000000000000000000000000019
:105790000000000000000000000000000000000009
:1057A00000000000000000000000000000000000F9
:1057B00000000000000000000000000000000000E9
:0457C00000000000E5
:1057C400FFFFFFFFFFFFFFFFFFFFFFFFFFFFFFFFE5
:1057D400FFFFFFFFFFFFFFFFFFFFFFFFFFFFFFFFD5
:1057E400FFFFFFFFFFFFFFFFFFFFFFFFFFFFFFFFC5
:1057F400FFFFFFFFFFFFFFFFFFFFFFFF00000000B1
:105804000000000000000000000000000000000094
:105814000000000000000000000000000000000084
:105824000000000000000000000000000000000074
:105834000000000000000000000000000000000064
:105844000000000000000000000000000000000054
:105854000000000000000000000000000000000044
:105864000000000000000000000000000000000034
:105874000000000000000000000000000000000024
:105884000000000000000000000000000000000014
:105894000000000000000000000000000000000004
:1058A40000000000000000000000000000000000F4
:1058B40000000000000000000000000000000000E4
:1058C40000000000000000000000000000000000D4
:1058D40000000000000000000000000000000000C4
:1058E40000000000000000000000000000000000B4
:1058F40000000000000000000000000000000000A4
:105904000000000000000000000000000000000093
:105914000000000000000000000000000000000083
:105924000000000000000000000000000000000073
:105934000000000000000000000000000000000063
:105944000000000000000000000000000000000053
:105954000000000000000000000000000000000043
:105964000000000000000000000000000000000033
:105974000000000000000000000000000000000023
:105984000000000000000000000000000000000013
:105994000000000000000000000000000000000003
:1059A40000000000000000000000000000000000F3
:1059B40000000000000000000000000000000000E3
:1059C40000000000000000000000000000000000D3
:1059D40000000000000000000000000000000000C3
:1059E40000000000000000000000000000000000B3
:1059F40000000000000000000000000000000000A3
:105A04000000000000000000000000000000000092
:105A14000000000000000000000000000000000082
:105A24000000000000000000000000000000000072
:105A34000000000000000000000000000000000062
:105A44000000000000000000000000000000000052
:105A54000000000000000000000000000000000042
:105A64000000000000000000000000000000000032
:105A74000000000000000000000000000000000022
:105A84000000000000000000000000000000000012
:105A94000000000000000000000000000000000002
:105AA40000000000000000000000000000000000F2
:105AB40000000000000000000000000000000000E2
:105AC40000000000000000000000000000000000D2
:105AD40000000000000000000000000000000000C2
:105AE40000000000000000000000000000000000B2
:105AF40000000000000000000000000000000000A2
:105B04000000000000000000000000000000000091
:105B14000000000000000000000000000000000081
:105B24000000000000000000000000000000000071
:105B34000000000000000000000000000000000061
:105B44000000000000000000000000000000000051
:105B54000000000000000000000000000000000041
:105B64000000000000000000000000000000000031
:105B74000000000000000000000000000000000021
:105B84000000000000000000000000000000000011
:105B94000000000000000000000000000000000001
:105BA40000000000000000000000000000000000F1
:105BB40000000000000000000000000000000000E1
:105BC40000000000000000000000000000000000D1
:105BD40000000000000000000000000000000000C1
:105BE40000000000000000000000000000000000B1
:105BF40000000000000000000000000000000000A1
:105C04000000000000000000000000000000000090
:105C14000000000000000000000000000000000080
:105C24000000000000000000000000000000000070
:105C34000000000000000000000000000000000060
:105C44000000000000000000000000000000000050
:105C54000000000000000000000000000000000040
:105C64000000000000000000000000000000000030
:105C74000000000000000000000000000000000020
:105C84000000000000000000000000000000000010
:105C94000000000000000000000000000000000000
:105CA40000000000000000000000000000000000F0
:105CB40000000000000000000000000000000000E0
:105CC40000000000000000000000000000000000D0
:105CD40000000000000000000000000000000000C0
:105CE40000000000000000000000000000000000B0
:105CF40000000000000000000000000000000000A0
:105D0400000000000000000000000000000000008F
:105D1400000000000000000000000000000000007F
:105D2400000000000000000000000000000000006F
:105D3400000000000000000000000000000000005F
:105D4400000000000000000000000000000000004F
:105D5400000000000000000000000000000000003F
:105D6400000000000000000000000000000000002F
:105D7400000000000000000000000000000000001F
:105D8400000000000000000000000000000000000F
:105D940000000000000000000000000000000000FF
:105DA40000000000000000000000000000000000EF
:105DB40000000000000000000000000000000000DF
:105DC40000000000000000000000000000000000CF
:105DD40000000000000000000000000000000000BF
:105DE40000000000000000000000000000000000AF
:105DF400000000000000000000000000000000009F
:105E0400000000000000000000000000000000008E
:105E1400000000000000000000000000000000007E
:105E2400000000000000000000000000000000006E
:105E3400000000000000000000000000000000005E
:105E4400000000000000000000000000000000004E
:105E5400000000000000000000000000000000003E
:105E6400000000000000000000000000000000002E
:105E7400000000000000000000000000000000001E
:105E8400000000000000000000000000000000000E
:105E940000000000000000000000000000000000FE
:105EA40000000000000000000000000000000000EE
:105EB40000000000000000000000000000000000DE
:105EC40000000000000000000000000000000000CE
:105ED40000000000000000000000000000000000BE
:105EE40000000000000000000000000000000000AE
:105EF400000000000000000000000000000000009E
:105F0400000000000000000000000000000000008D
:105F1400000000000000000000000000000000007D
:105F2400000000000000000000000000000000006D
:105F3400000000000000000000000000000000005D
:105F4400000000000000000000000000000000004D
:105F5400000000000000000000000000000000003D
:105F6400000000000000000000000000000000002D
:105F7400000000000000000000000000000000001D
:105F8400000000000000000000000000000000000D
:105F940000000000000000000000000000000000FD
:105FA40000000000000000000000000000000000ED
:105FB40000000000000000000000000000000000DD
:105FC40000000000000000000000000000000000CD
:105FD40000000000000000000000000000000000BD
:105FE40000000000000000000000000000000000AD
:105FF400000000000000000000000000000000009D
:10600400000000000000000000000000000000008C
:10601400000000000000000000000000000000007C
:10602400000000000000000000000000000000006C
:10603400000000000000000000000000000000005C
:10604400000000000000000000000000000000004C
:10605400000000000000000000000000000000003C
:10606400000000000000000000000000000000002C
:10607400000000000000000000000000000000001C
:10608400000000000000000000000000000000000C
:1060940000000000000000000000000000000000FC
:1060A40000000000000000000000000000000000EC
:1060B40000000000000000000000000000000000DC
:1060C40000000000000000000000000000000000CC
:1060D40000000000000000000000000000000000BC
:1060E40000000000000000000000000000000000AC
:1060F400000000000000000000000000000000009C
:10610400000000000000000000000000000000008B
:10611400000000000000000000000000000000007B
:10612400000000000000000000000000000000006B
:10613400000000000000000000000000000000005B
:10614400000000000000000000000000000000004B
:10615400000000000000000000000000000000003B
:10616400000000000000000000000000000000002B
:10617400000000000000000000000000000000001B
:10618400000000000000000000000000000000000B
:1061940000000000000000000000000000000000FB
:1061A40000000000000000000000000000000000EB
:1061B40000000000000000000000000000000000DB
:1061C40000000000000000000000000000000000CB
:1061D40000000000000000000000000000000000BB
:1061E40000000000000000000000000000000000AB
:1061F400000000000000000000000000000000009B
:10620400000000000000000000000000000000008A
:10621400000000000000000000000000000000007A
:10622400000000000000000000000000000000006A
:10623400000000000000000000000000000000005A
:10624400000000000000000000000000000000004A
:10625400000000000000000000000000000000003A
:10626400000000000000000000000000000000002A
:10627400000000000000000000000000000000001A
:10628400000000000000000000000000000000000A
:1062940000000000000000000000000000000000FA
:1062A40000000000000000000000000000000000EA
:1062B40000000000000000000000000000000000DA
:1062C40000000000000000000000000000000000CA
:1062D40000000000000000000000000000000000BA
:1062E40000000000000000000000000000000000AA
:1062F400000000000000000000000000000000009A
:106304000000000000000000000000000000000089
:106314000000000000000000000000000000000079
:106324000000000000000000000000000000000069
:106334000000000000000000000000000000000059
:106344000000000000000000000000000000000049
:106354000000000000000000000000000000000039
:106364000000000000000000000000000000000029
:106374000000000000000000000000000000000019
:106384000000000000000000000000000000000009
:1063940000000000000000000000000000000000F9
:1063A40000000000000000000000000000000000E9
:1063B40000000000000000000000000000000000D9
:1063C40000000000000000000000000000000000C9
:1063D40000000000000000000000000000000000B9
:1063E40000000000000000000000000000000000A9
:0C63F4000000000000000000000000009D
:040000056000100087
:00000001FF
