:0200000460009A
:100000004643464200000156000000000101020084
:1000100000000000000000000000000000000000E0
:1000200000000000000000000000000000000000D0
:1000300000000000000000000000000000000000C0
:1000400000000000010406010000000000000000A4
:100050000000800000000000000000000000000020
:100060000000000000000000000000000000000090
:100070000000000000000000000000000000000080
:10008000EB04180AFF1E04320126000000000000E5
:100090000000000000000000000000000000000060
:1000A0000000000000000000000000000000000050
:1000B0000000000000000000000000000000000040
:1000C0000000000000000000000000000000000030
:1000D0000000000000000000000000000000000020
:1000E0000000000000000000000000000000000010
:1000F0000000000000000000000000000000000000
:1001000000000000000000000000000000000000EF
:1001100000000000000000000000000000000000DF
:1001200000000000000000000000000000000000CF
:1001300000000000000000000000000000000000BF
:1001400000000000000000000000000000000000AF
:10015000000000000000000000000000000000009F
:10016000000000000000000000000000000000008F
:10017000000000000000000000000000000000007F
:10018000000000000000000000000000000000006F
:10019000000000000000000000000000000000005F
:1001A000000000000000000000000000000000004F
:1001B000000000000000000000000000000000003F
:1001C000000100000010000001000000000000001D
:1001D000000001000000000000000000000000001E
:1001E000000000000000000000000000000000000F
:1001F00000000000000000000000000000000000FF
:10020000FFFFFFFFFFFFFFFFFFFFFFFFFFFFFFFFFE
:10021000FFFFFFFFFFFFFFFFFFFFFFFFFFFFFFFFEE
:10022000FFFFFFFFFFFFFFFFFFFFFFFFFFFFFFFFDE
:10023000FFFFFFFFFFFFFFFFFFFFFFFFFFFFFFFFCE
:10024000FFFFFFFFFFFFFFFFFFFFFFFFFFFFFFFFBE
:10025000FFFFFFFFFFFFFFFFFFFFFFFFFFFFFFFFAE
:10026000FFFFFFFFFFFFFFFFFFFFFFFFFFFFFFFF9E
:10027000FFFFFFFFFFFFFFFFFFFFFFFFFFFFFFFF8E
:10028000FFFFFFFFFFFFFFFFFFFFFFFFFFFFFFFF7E
:10029000FFFFFFFFFFFFFFFFFFFFFFFFFFFFFFFF6E
:1002A000FFFFFFFFFFFFFFFFFFFFFFFFFFFFFFFF5E
:1002B000FFFFFFFFFFFFFFFFFFFFFFFFFFFFFFFF4E
:1002C000FFFFFFFFFFFFFFFFFFFFFFFFFFFFFFFF3E
:1002D000FFFFFFFFFFFFFFFFFFFFFFFFFFFFFFFF2E
:1002E000FFFFFFFFFFFFFFFFFFFFFFFFFFFFFFFF1E
:1002F000FFFFFFFFFFFFFFFFFFFFFFFFFFFFFFFF0E
:10030000FFFFFFFFFFFFFFFFFFFFFFFFFFFFFFFFFD
:10031000FFFFFFFFFFFFFFFFFFFFFFFFFFFFFFFFED
:10032000FFFFFFFFFFFFFFFFFFFFFFFFFFFFFFFFDD
:10033000FFFFFFFFFFFFFFFFFFFFFFFFFFFFFFFFCD
:10034000FFFFFFFFFFFFFFFFFFFFFFFFFFFFFFFFBD
:10035000FFFFFFFFFFFFFFFFFFFFFFFFFFFFFFFFAD
:10036000FFFFFFFFFFFFFFFFFFFFFFFFFFFFFFFF9D
:10037000FFFFFFFFFFFFFFFFFFFFFFFFFFFFFFFF8D
:10038000FFFFFFFFFFFFFFFFFFFFFFFFFFFFFFFF7D
:10039000FFFFFFFFFFFFFFFFFFFFFFFFFFFFFFFF6D
:1003A000FFFFFFFFFFFFFFFFFFFFFFFFFFFFFFFF5D
:1003B000FFFFFFFFFFFFFFFFFFFFFFFFFFFFFFFF4D
:1003C000FFFFFFFFFFFFFFFFFFFFFFFFFFFFFFFF3D
:1003D000FFFFFFFFFFFFFFFFFFFFFFFFFFFFFFFF2D
:1003E000FFFFFFFFFFFFFFFFFFFFFFFFFFFFFFFF1D
:1003F000FFFFFFFFFFFFFFFFFFFFFFFFFFFFFFFF0D
:10040000FFFFFFFFFFFFFFFFFFFFFFFFFFFFFFFFFC
:10041000FFFFFFFFFFFFFFFFFFFFFFFFFFFFFFFFEC
:10042000FFFFFFFFFFFFFFFFFFFFFFFFFFFFFFFFDC
:10043000FFFFFFFFFFFFFFFFFFFFFFFFFFFFFFFFCC
:10044000FFFFFFFFFFFFFFFFFFFFFFFFFFFFFFFFBC
:10045000FFFFFFFFFFFFFFFFFFFFFFFFFFFFFFFFAC
:10046000FFFFFFFFFFFFFFFFFFFFFFFFFFFFFFFF9C
:10047000FFFFFFFFFFFFFFFFFFFFFFFFFFFFFFFF8C
:10048000FFFFFFFFFFFFFFFFFFFFFFFFFFFFFFFF7C
:10049000FFFFFFFFFFFFFFFFFFFFFFFFFFFFFFFF6C
:1004A000FFFFFFFFFFFFFFFFFFFFFFFFFFFFFFFF5C
:1004B000FFFFFFFFFFFFFFFFFFFFFFFFFFFFFFFF4C
:1004C000FFFFFFFFFFFFFFFFFFFFFFFFFFFFFFFF3C
:1004D000FFFFFFFFFFFFFFFFFFFFFFFFFFFFFFFF2C
:1004E000FFFFFFFFFFFFFFFFFFFFFFFFFFFFFFFF1C
:1004F000FFFFFFFFFFFFFFFFFFFFFFFFFFFFFFFF0C
:10050000FFFFFFFFFFFFFFFFFFFFFFFFFFFFFFFFFB
:10051000FFFFFFFFFFFFFFFFFFFFFFFFFFFFFFFFEB
:10052000FFFFFFFFFFFFFFFFFFFFFFFFFFFFFFFFDB
:10053000FFFFFFFFFFFFFFFFFFFFFFFFFFFFFFFFCB
:10054000FFFFFFFFFFFFFFFFFFFFFFFFFFFFFFFFBB
:10055000FFFFFFFFFFFFFFFFFFFFFFFFFFFFFFFFAB
:10056000FFFFFFFFFFFFFFFFFFFFFFFFFFFFFFFF9B
:10057000FFFFFFFFFFFFFFFFFFFFFFFFFFFFFFFF8B
:10058000FFFFFFFFFFFFFFFFFFFFFFFFFFFFFFFF7B
:10059000FFFFFFFFFFFFFFFFFFFFFFFFFFFFFFFF6B
:1005A000FFFFFFFFFFFFFFFFFFFFFFFFFFFFFFFF5B
:1005B000FFFFFFFFFFFFFFFFFFFFFFFFFFFFFFFF4B
:1005C000FFFFFFFFFFFFFFFFFFFFFFFFFFFFFFFF3B
:1005D000FFFFFFFFFFFFFFFFFFFFFFFFFFFFFFFF2B
:1005E000FFFFFFFFFFFFFFFFFFFFFFFFFFFFFFFF1B
:1005F000FFFFFFFFFFFFFFFFFFFFFFFFFFFFFFFF0B
:10060000FFFFFFFFFFFFFFFFFFFFFFFFFFFFFFFFFA
:10061000FFFFFFFFFFFFFFFFFFFFFFFFFFFFFFFFEA
:10062000FFFFFFFFFFFFFFFFFFFFFFFFFFFFFFFFDA
:10063000FFFFFFFFFFFFFFFFFFFFFFFFFFFFFFFFCA
:10064000FFFFFFFFFFFFFFFFFFFFFFFFFFFFFFFFBA
:10065000FFFFFFFFFFFFFFFFFFFFFFFFFFFFFFFFAA
:10066000FFFFFFFFFFFFFFFFFFFFFFFFFFFFFFFF9A
:10067000FFFFFFFFFFFFFFFFFFFFFFFFFFFFFFFF8A
:10068000FFFFFFFFFFFFFFFFFFFFFFFFFFFFFFFF7A
:10069000FFFFFFFFFFFFFFFFFFFFFFFFFFFFFFFF6A
:1006A000FFFFFFFFFFFFFFFFFFFFFFFFFFFFFFFF5A
:1006B000FFFFFFFFFFFFFFFFFFFFFFFFFFFFFFFF4A
:1006C000FFFFFFFFFFFFFFFFFFFFFFFFFFFFFFFF3A
:1006D000FFFFFFFFFFFFFFFFFFFFFFFFFFFFFFFF2A
:1006E000FFFFFFFFFFFFFFFFFFFFFFFFFFFFFFFF1A
:1006F000FFFFFFFFFFFFFFFFFFFFFFFFFFFFFFFF0A
:10070000FFFFFFFFFFFFFFFFFFFFFFFFFFFFFFFFF9
:10071000FFFFFFFFFFFFFFFFFFFFFFFFFFFFFFFFE9
:10072000FFFFFFFFFFFFFFFFFFFFFFFFFFFFFFFFD9
:10073000FFFFFFFFFFFFFFFFFFFFFFFFFFFFFFFFC9
:10074000FFFFFFFFFFFFFFFFFFFFFFFFFFFFFFFFB9
:10075000FFFFFFFFFFFFFFFFFFFFFFFFFFFFFFFFA9
:10076000FFFFFFFFFFFFFFFFFFFFFFFFFFFFFFFF99
:10077000FFFFFFFFFFFFFFFFFFFFFFFFFFFFFFFF89
:10078000FFFFFFFFFFFFFFFFFFFFFFFFFFFFFFFF79
:10079000FFFFFFFFFFFFFFFFFFFFFFFFFFFFFFFF69
:1007A000FFFFFFFFFFFFFFFFFFFFFFFFFFFFFFFF59
:1007B000FFFFFFFFFFFFFFFFFFFFFFFFFFFFFFFF49
:1007C000FFFFFFFFFFFFFFFFFFFFFFFFFFFFFFFF39
:1007D000FFFFFFFFFFFFFFFFFFFFFFFFFFFFFFFF29
:1007E000FFFFFFFFFFFFFFFFFFFFFFFFFFFFFFFF19
:1007F000FFFFFFFFFFFFFFFFFFFFFFFFFFFFFFFF09
:10080000FFFFFFFFFFFFFFFFFFFFFFFFFFFFFFFFF8
:10081000FFFFFFFFFFFFFFFFFFFFFFFFFFFFFFFFE8
:10082000FFFFFFFFFFFFFFFFFFFFFFFFFFFFFFFFD8
:10083000FFFFFFFFFFFFFFFFFFFFFFFFFFFFFFFFC8
:10084000FFFFFFFFFFFFFFFFFFFFFFFFFFFFFFFFB8
:10085000FFFFFFFFFFFFFFFFFFFFFFFFFFFFFFFFA8
:10086000FFFFFFFFFFFFFFFFFFFFFFFFFFFFFFFF98
:10087000FFFFFFFFFFFFFFFFFFFFFFFFFFFFFFFF88
:10088000FFFFFFFFFFFFFFFFFFFFFFFFFFFFFFFF78
:10089000FFFFFFFFFFFFFFFFFFFFFFFFFFFFFFFF68
:1008A000FFFFFFFFFFFFFFFFFFFFFFFFFFFFFFFF58
:1008B000FFFFFFFFFFFFFFFFFFFFFFFFFFFFFFFF48
:1008C000FFFFFFFFFFFFFFFFFFFFFFFFFFFFFFFF38
:1008D000FFFFFFFFFFFFFFFFFFFFFFFFFFFFFFFF28
:1008E000FFFFFFFFFFFFFFFFFFFFFFFFFFFFFFFF18
:1008F000FFFFFFFFFFFFFFFFFFFFFFFFFFFFFFFF08
:10090000FFFFFFFFFFFFFFFFFFFFFFFFFFFFFFFFF7
:10091000FFFFFFFFFFFFFFFFFFFFFFFFFFFFFFFFE7
:10092000FFFFFFFFFFFFFFFFFFFFFFFFFFFFFFFFD7
:10093000FFFFFFFFFFFFFFFFFFFFFFFFFFFFFFFFC7
:10094000FFFFFFFFFFFFFFFFFFFFFFFFFFFFFFFFB7
:10095000FFFFFFFFFFFFFFFFFFFFFFFFFFFFFFFFA7
:10096000FFFFFFFFFFFFFFFFFFFFFFFFFFFFFFFF97
:10097000FFFFFFFFFFFFFFFFFFFFFFFFFFFFFFFF87
:10098000FFFFFFFFFFFFFFFFFFFFFFFFFFFFFFFF77
:10099000FFFFFFFFFFFFFFFFFFFFFFFFFFFFFFFF67
:1009A000FFFFFFFFFFFFFFFFFFFFFFFFFFFFFFFF57
:1009B000FFFFFFFFFFFFFFFFFFFFFFFFFFFFFFFF47
:1009C000FFFFFFFFFFFFFFFFFFFFFFFFFFFFFFFF37
:1009D000FFFFFFFFFFFFFFFFFFFFFFFFFFFFFFFF27
:1009E000FFFFFFFFFFFFFFFFFFFFFFFFFFFFFFFF17
:1009F000FFFFFFFFFFFFFFFFFFFFFFFFFFFFFFFF07
:100A0000FFFFFFFFFFFFFFFFFFFFFFFFFFFFFFFFF6
:100A1000FFFFFFFFFFFFFFFFFFFFFFFFFFFFFFFFE6
:100A2000FFFFFFFFFFFFFFFFFFFFFFFFFFFFFFFFD6
:100A3000FFFFFFFFFFFFFFFFFFFFFFFFFFFFFFFFC6
:100A4000FFFFFFFFFFFFFFFFFFFFFFFFFFFFFFFFB6
:100A5000FFFFFFFFFFFFFFFFFFFFFFFFFFFFFFFFA6
:100A6000FFFFFFFFFFFFFFFFFFFFFFFFFFFFFFFF96
:100A7000FFFFFFFFFFFFFFFFFFFFFFFFFFFFFFFF86
:100A8000FFFFFFFFFFFFFFFFFFFFFFFFFFFFFFFF76
:100A9000FFFFFFFFFFFFFFFFFFFFFFFFFFFFFFFF66
:100AA000FFFFFFFFFFFFFFFFFFFFFFFFFFFFFFFF56
:100AB000FFFFFFFFFFFFFFFFFFFFFFFFFFFFFFFF46
:100AC000FFFFFFFFFFFFFFFFFFFFFFFFFFFFFFFF36
:100AD000FFFFFFFFFFFFFFFFFFFFFFFFFFFFFFFF26
:100AE000FFFFFFFFFFFFFFFFFFFFFFFFFFFFFFFF16
:100AF000FFFFFFFFFFFFFFFFFFFFFFFFFFFFFFFF06
:100B0000FFFFFFFFFFFFFFFFFFFFFFFFFFFFFFFFF5
:100B1000FFFFFFFFFFFFFFFFFFFFFFFFFFFFFFFFE5
:100B2000FFFFFFFFFFFFFFFFFFFFFFFFFFFFFFFFD5
:100B3000FFFFFFFFFFFFFFFFFFFFFFFFFFFFFFFFC5
:100B4000FFFFFFFFFFFFFFFFFFFFFFFFFFFFFFFFB5
:100B5000FFFFFFFFFFFFFFFFFFFFFFFFFFFFFFFFA5
:100B6000FFFFFFFFFFFFFFFFFFFFFFFFFFFFFFFF95
:100B7000FFFFFFFFFFFFFFFFFFFFFFFFFFFFFFFF85
:100B8000FFFFFFFFFFFFFFFFFFFFFFFFFFFFFFFF75
:100B9000FFFFFFFFFFFFFFFFFFFFFFFFFFFFFFFF65
:100BA000FFFFFFFFFFFFFFFFFFFFFFFFFFFFFFFF55
:100BB000FFFFFFFFFFFFFFFFFFFFFFFFFFFFFFFF45
:100BC000FFFFFFFFFFFFFFFFFFFFFFFFFFFFFFFF35
:100BD000FFFFFFFFFFFFFFFFFFFFFFFFFFFFFFFF25
:100BE000FFFFFFFFFFFFFFFFFFFFFFFFFFFFFFFF15
:100BF000FFFFFFFFFFFFFFFFFFFFFFFFFFFFFFFF05
:100C0000FFFFFFFFFFFFFFFFFFFFFFFFFFFFFFFFF4
:100C1000FFFFFFFFFFFFFFFFFFFFFFFFFFFFFFFFE4
:100C2000FFFFFFFFFFFFFFFFFFFFFFFFFFFFFFFFD4
:100C3000FFFFFFFFFFFFFFFFFFFFFFFFFFFFFFFFC4
:100C4000FFFFFFFFFFFFFFFFFFFFFFFFFFFFFFFFB4
:100C5000FFFFFFFFFFFFFFFFFFFFFFFFFFFFFFFFA4
:100C6000FFFFFFFFFFFFFFFFFFFFFFFFFFFFFFFF94
:100C7000FFFFFFFFFFFFFFFFFFFFFFFFFFFFFFFF84
:100C8000FFFFFFFFFFFFFFFFFFFFFFFFFFFFFFFF74
:100C9000FFFFFFFFFFFFFFFFFFFFFFFFFFFFFFFF64
:100CA000FFFFFFFFFFFFFFFFFFFFFFFFFFFFFFFF54
:100CB000FFFFFFFFFFFFFFFFFFFFFFFFFFFFFFFF44
:100CC000FFFFFFFFFFFFFFFFFFFFFFFFFFFFFFFF34
:100CD000FFFFFFFFFFFFFFFFFFFFFFFFFFFFFFFF24
:100CE000FFFFFFFFFFFFFFFFFFFFFFFFFFFFFFFF14
:100CF000FFFFFFFFFFFFFFFFFFFFFFFFFFFFFFFF04
:100D0000FFFFFFFFFFFFFFFFFFFFFFFFFFFFFFFFF3
:100D1000FFFFFFFFFFFFFFFFFFFFFFFFFFFFFFFFE3
:100D2000FFFFFFFFFFFFFFFFFFFFFFFFFFFFFFFFD3
:100D3000FFFFFFFFFFFFFFFFFFFFFFFFFFFFFFFFC3
:100D4000FFFFFFFFFFFFFFFFFFFFFFFFFFFFFFFFB3
:100D5000FFFFFFFFFFFFFFFFFFFFFFFFFFFFFFFFA3
:100D6000FFFFFFFFFFFFFFFFFFFFFFFFFFFFFFFF93
:100D7000FFFFFFFFFFFFFFFFFFFFFFFFFFFFFFFF83
:100D8000FFFFFFFFFFFFFFFFFFFFFFFFFFFFFFFF73
:100D9000FFFFFFFFFFFFFFFFFFFFFFFFFFFFFFFF63
:100DA000FFFFFFFFFFFFFFFFFFFFFFFFFFFFFFFF53
:100DB000FFFFFFFFFFFFFFFFFFFFFFFFFFFFFFFF43
:100DC000FFFFFFFFFFFFFFFFFFFFFFFFFFFFFFFF33
:100DD000FFFFFFFFFFFFFFFFFFFFFFFFFFFFFFFF23
:100DE000FFFFFFFFFFFFFFFFFFFFFFFFFFFFFFFF13
:100DF000FFFFFFFFFFFFFFFFFFFFFFFFFFFFFFFF03
:100E0000FFFFFFFFFFFFFFFFFFFFFFFFFFFFFFFFF2
:100E1000FFFFFFFFFFFFFFFFFFFFFFFFFFFFFFFFE2
:100E2000FFFFFFFFFFFFFFFFFFFFFFFFFFFFFFFFD2
:100E3000FFFFFFFFFFFFFFFFFFFFFFFFFFFFFFFFC2
:100E4000FFFFFFFFFFFFFFFFFFFFFFFFFFFFFFFFB2
:100E5000FFFFFFFFFFFFFFFFFFFFFFFFFFFFFFFFA2
:100E6000FFFFFFFFFFFFFFFFFFFFFFFFFFFFFFFF92
:100E7000FFFFFFFFFFFFFFFFFFFFFFFFFFFFFFFF82
:100E8000FFFFFFFFFFFFFFFFFFFFFFFFFFFFFFFF72
:100E9000FFFFFFFFFFFFFFFFFFFFFFFFFFFFFFFF62
:100EA000FFFFFFFFFFFFFFFFFFFFFFFFFFFFFFFF52
:100EB000FFFFFFFFFFFFFFFFFFFFFFFFFFFFFFFF42
:100EC000FFFFFFFFFFFFFFFFFFFFFFFFFFFFFFFF32
:100ED000FFFFFFFFFFFFFFFFFFFFFFFFFFFFFFFF22
:100EE000FFFFFFFFFFFFFFFFFFFFFFFFFFFFFFFF12
:100EF000FFFFFFFFFFFFFFFFFFFFFFFFFFFFFFFF02
:100F0000FFFFFFFFFFFFFFFFFFFFFFFFFFFFFFFFF1
:100F1000FFFFFFFFFFFFFFFFFFFFFFFFFFFFFFFFE1
:100F2000FFFFFFFFFFFFFFFFFFFFFFFFFFFFFFFFD1
:100F3000FFFFFFFFFFFFFFFFFFFFFFFFFFFFFFFFC1
:100F4000FFFFFFFFFFFFFFFFFFFFFFFFFFFFFFFFB1
:100F5000FFFFFFFFFFFFFFFFFFFFFFFFFFFFFFFFA1
:100F6000FFFFFFFFFFFFFFFFFFFFFFFFFFFFFFFF91
:100F7000FFFFFFFFFFFFFFFFFFFFFFFFFFFFFFFF81
:100F8000FFFFFFFFFFFFFFFFFFFFFFFFFFFFFFFF71
:100F9000FFFFFFFFFFFFFFFFFFFFFFFFFFFFFFFF61
:100FA000FFFFFFFFFFFFFFFFFFFFFFFFFFFFFFFF51
:100FB000FFFFFFFFFFFFFFFFFFFFFFFFFFFFFFFF41
:100FC000FFFFFFFFFFFFFFFFFFFFFFFFFFFFFFFF31
:100FD000FFFFFFFFFFFFFFFFFFFFFFFFFFFFFFFF21
:100FE000FFFFFFFFFFFFFFFFFFFFFFFFFFFFFFFF11
:100FF000FFFFFFFFFFFFFFFFFFFFFFFFFFFFFFFF01
:10100000D1002043F1150060000000000000000046
:10101000201000600010006000B8026000000000B6
:101020000000006000C4020000000000FFFFFFFF9E
:10103000FFFFFFFFFFFFFFFFFFFFFFFFFFFFFFFFC0
:10104000FFFFFFFFFFFFFFFFFFFFFFFFFFFFFFFFB0
:10105000FFFFFFFFFFFFFFFFFFFFFFFFFFFFFFFFA0
:10106000FFFFFFFFFFFFFFFFFFFFFFFFFFFFFFFF90
:10107000FFFFFFFFFFFFFFFFFFFFFFFFFFFFFFFF80
:10108000FFFFFFFFFFFFFFFFFFFFFFFFFFFFFFFF70
:10109000FFFFFFFFFFFFFFFFFFFFFFFFFFFFFFFF60
:1010A000FFFFFFFFFFFFFFFFFFFFFFFFFFFFFFFF50
:1010B000FFFFFFFFFFFFFFFFFFFFFFFFFFFFFFFF40
:1010C000FFFFFFFFFFFFFFFFFFFFFFFFFFFFFFFF30
:1010D000FFFFFFFFFFFFFFFFFFFFFFFFFFFFFFFF20
:1010E000FFFFFFFFFFFFFFFFFFFFFFFFFFFFFFFF10
:1010F000FFFFFFFFFFFFFFFFFFFFFFFFFFFFFFFF00
:10110000FFFFFFFFFFFFFFFFFFFFFFFFFFFFFFFFEF
:10111000FFFFFFFFFFFFFFFFFFFFFFFFFFFFFFFFDF
:10112000FFFFFFFFFFFFFFFFFFFFFFFFFFFFFFFFCF
:10113000FFFFFFFFFFFFFFFFFFFFFFFFFFFFFFFFBF
:10114000FFFFFFFFFFFFFFFFFFFFFFFFFFFFFFFFAF
:10115000FFFFFFFFFFFFFFFFFFFFFFFFFFFFFFFF9F
:10116000FFFFFFFFFFFFFFFFFFFFFFFFFFFFFFFF8F
:10117000FFFFFFFFFFFFFFFFFFFFFFFFFFFFFFFF7F
:10118000FFFFFFFFFFFFFFFFFFFFFFFFFFFFFFFF6F
:10119000FFFFFFFFFFFFFFFFFFFFFFFFFFFFFFFF5F
:1011A000FFFFFFFFFFFFFFFFFFFFFFFFFFFFFFFF4F
:1011B000FFFFFFFFFFFFFFFFFFFFFFFFFFFFFFFF3F
:1011C000FFFFFFFFFFFFFFFFFFFFFFFFFFFFFFFF2F
:1011D000FFFFFFFFFFFFFFFFFFFFFFFFFFFFFFFF1F
:1011E000FFFFFFFFFFFFFFFFFFFFFFFFFFFFFFFF0F
:1011F000FFFFFFFFFFFFFFFFFFFFFFFFFFFFFFFFFF
:10120000FFFFFFFFFFFFFFFFFFFFFFFFFFFFFFFFEE
:10121000FFFFFFFFFFFFFFFFFFFFFFFFFFFFFFFFDE
:10122000FFFFFFFFFFFFFFFFFFFFFFFFFFFFFFFFCE
:10123000FFFFFFFFFFFFFFFFFFFFFFFFFFFFFFFFBE
:10124000FFFFFFFFFFFFFFFFFFFFFFFFFFFFFFFFAE
:10125000FFFFFFFFFFFFFFFFFFFFFFFFFFFFFFFF9E
:10126000FFFFFFFFFFFFFFFFFFFFFFFFFFFFFFFF8E
:10127000FFFFFFFFFFFFFFFFFFFFFFFFFFFFFFFF7E
:10128000FFFFFFFFFFFFFFFFFFFFFFFFFFFFFFFF6E
:10129000FFFFFFFFFFFFFFFFFFFFFFFFFFFFFFFF5E
:1012A000FFFFFFFFFFFFFFFFFFFFFFFFFFFFFFFF4E
:1012B000FFFFFFFFFFFFFFFFFFFFFFFFFFFFFFFF3E
:1012C000FFFFFFFFFFFFFFFFFFFFFFFFFFFFFFFF2E
:1012D000FFFFFFFFFFFFFFFFFFFFFFFFFFFFFFFF1E
:1012E000FFFFFFFFFFFFFFFFFFFFFFFFFFFFFFFF0E
:1012F000FFFFFFFFFFFFFFFFFFFFFFFFFFFFFFFFFE
:10130000FFFFFFFFFFFFFFFFFFFFFFFFFFFFFFFFED
:10131000FFFFFFFFFFFFFFFFFFFFFFFFFFFFFFFFDD
:10132000FFFFFFFFFFFFFFFFFFFFFFFFFFFFFFFFCD
:10133000FFFFFFFFFFFFFFFFFFFFFFFFFFFFFFFFBD
:10134000FFFFFFFFFFFFFFFFFFFFFFFFFFFFFFFFAD
:10135000FFFFFFFFFFFFFFFFFFFFFFFFFFFFFFFF9D
:10136000FFFFFFFFFFFFFFFFFFFFFFFFFFFFFFFF8D
:10137000FFFFFFFFFFFFFFFFFFFFFFFFFFFFFFFF7D
:10138000FFFFFFFFFFFFFFFFFFFFFFFFFFFFFFFF6D
:10139000FFFFFFFFFFFFFFFFFFFFFFFFFFFFFFFF5D
:1013A000FFFFFFFFFFFFFFFFFFFFFFFFFFFFFFFF4D
:1013B000FFFFFFFFFFFFFFFFFFFFFFFFFFFFFFFF3D
:1013C000FFFFFFFFFFFFFFFFFFFFFFFFFFFFFFFF2D
:1013D000FFFFFFFFFFFFFFFFFFFFFFFFFFFFFFFF1D
:1013E000FFFFFFFFFFFFFFFFFFFFFFFFFFFFFFFF0D
:1013F000FFFFFFFFFFFFFFFFFFFFFFFFFFFFFFFFFD
:10140000824205D051F8043B40F8043B8242F9D8AF
:10141000704700BF044A05494FF0000342F8043BFF
:101420009142FBD8704700BFC05E0020600A0120D7
:1014300008B5BFF34F8F01F0B1F9544C544B08205D
:101440005449C3F85401544AC3F800115348C3F82F
:10145000F0405349FFF7D4FF524A53495348FFF72E
:10146000CFFF534CFFF7D6FF4FF470004FF0E02151
:101470000023504AC1F8880D44F823200133B02BD3
:10148000FAD14D4B80214D4A03F8011B9342FBD109
:101490004FF0E0254A4E4B4A4FF0FF31C5F8084D5A
:1014A000D5F8243D43F4E023C5F8243DF36923F047
:1014B0007F0343F04003F361736A23F07F0343F03B
:1014C000400373629166D1661167516701F06EF94E
:1014D0003D4A3E4BA2636322E36300246A61032317
:1014E0003B4AAC612B61C5F8202DD5F8FC2D394B5A
:1014F00042F080723849C5F8FC2D1A6842F00102AA
:101500001A605B680B6001F021FB344801F0BCFC01
:10151000F16E334B334A41F44051F1661C60C3F81D
:101520000841C3F81841C3F82841C3F83841936B08
:10153000DB0708D442F615632B4951651365936B9D
:1015400043F001039363274A284C936843F0011347
:10155000936001F0B9F901F0A1F801F0B5FC01F0D8
:1015600027FB01F01DF92368132BFCD901F0BCFB0C
:101570002368B3F5967FFBD301F016F901F012F959
:1015800001F07AFC01F094FC30BFFDE70C0D111363
:1015900000800D401B10182078260200000000007B
:1015A0005C300060C05E0020D85602600000002061
:1015B000005C00206152010000E400E0A0E400E0D3
:1015C00000C00F4000C00A40E9460100E1470100A9
:1015D00000002020001000E0180901200046C3236D
:1015E0000040084000400D400000C0561C0901208A
:1015F000054B4FF42A01054A05485A641864054A08
:1016000099639546FFF714FF00C00A40FFABAAAAF2
:10161000070020000080052010B5002104461C4B67
:101620004FF0FF3021811A682175C4F81B20F02289
:10163000C4F81510A4F81910C4E903015868C4F8D7
:101640001F009868DB68C4F8230004F12B00C4F87D
:101650002730C4E9001101F01FFC00210123A4F888
:101660002411A4F8263184F82811C4E94711C4E9EB
:101670004B11C4E94D11C4E94F11C4E95111C4E93A
:101680005311C4E9551101F0D7FB204610BD00BF2E
:101690006412002010B5044601F0CAFBD4F854319E
:1016A00023B104F5A671032208469847D4F84431C3
:1016B00023B104F59E71032208469847D4F83431CB
:1016C00023B104F59671032208469847204610BDC1
:1016D00070B5044601F018FC0F4B05681A782AB95A
:1016E00001F012FC034620461D6070BD206801F029
:1016F000DBFB0022084B22601A7022710028EFD019
:1017000001F0C6FB064601F0FFFB066001F0FCFBA2
:10171000034620461D6070BD120A012070B5754C4D
:10172000236833F0020300D070BD73494FF4803555
:10173000724A4CF20F00CB6E43F44063CB664FF419
:1017400080536F49C2F8E450C2F8E800C2F8E410D0
:10175000C2F8E830D2F8E030002BFBDA69494FF4E8
:101760008030694B4FF23805C2F8E80038204A68EB
:101770004FF4804622F400524A604A6842F4020262
:101780004A6043F238020521C3F87C23C3F884235E
:10179000C3F880535D4DC3F89823C3F86803C3F8BA
:1017A00064034FF62900C3F87811C3F874114FF49D
:1017B00000416A6842F440426A600022C5F888101D
:1017C000C5F88460C3F8A8034BF2E900C3F8A4038A
:1017D0003120C3F8B821C3F8B421D3F8302422F063
:1017E000030242F00202C3F83024C3F89403162027
:1017F000474AC3F8A4013220536C23F07E0343F020
:1018000012035364C5F8841001F066FB4149424A53
:10181000C5F88860414B48681268A3FB0232920CFD
:1018200002EB820202EB82024B681B1A9342FBD34B
:10183000364B4FF480420220C3F8842001F04CFB69
:10184000334B4FF40001364A59601A645A6810024B
:10185000FCD51A6C4FF4000192B25960B2F5005FEA
:1018600011D130482A4A5960186453681902FCD5CE
:10187000136C4AF240104FF4000123F00F03516043
:101880009BB283421ED0DFF884C04FF480361D48DF
:101890004FF0010EDCF80430184923F44043164A97
:1018A000214DCCF80430436823F400334360C1F881
:1018B000E460C1F8E050D36E23F44063D366C4F80B
:1018C00000E070BD1948124B516010645A68120252
:1018D000FCD54FF4000116480D4A59605960186450
:1018E00053681B02FCD54FF40001032351602360B1
:1018F00070BD00BF2C6A002000C00F4000800D406A
:101900000120200000C00A4000801F40004000422B
:1019100000802D40001000E08054002083DE1B4337
:1019200000000A6000000E60011001008002625099
:1019300081005E504FF0013340F2011203604360BA
:101940000281704710B5784C2368042B00F0EA80C0
:10195000FFF7E4FE2268032A01D0002010BD734B7C
:101960004BF2E9017248C3F87C13C3F88013C3F843
:101970008413C3F89813C3F88813C3F88C13C3F8FF
:101980009013C3F88C21C3F89021C3F8A821C3F8A1
:101990009421C3F8A021C3F89821C3F89C21A02268
:1019A000D3F82C1441F00101C3F82C14D3F83414EB
:1019B00041F00101C3F83414D3F8381441F00101A7
:1019C000C3F83814D3F83C1441F00101C3F83C14B7
:1019D000D3F8401441F00101C3F84014002101F094
:1019E0005BFAA0220021534801F056FA52490346FF
:1019F000524A4F481360086000F1A00C0346504A59
:101A00004FF4004080215A60203323F81E0C02F569
:101A1000C06223F8161C6345F5D145494FF4806038
:101A2000DFF810E1B1F88230464A0EF1A00C43F421
:101A30000053A1F8823073464FF4B0415A6020330E
:101A400023F81E0C02F5C06223F8161C6345F5D17D
:101A5000BEF8821000223C4B41F400519A60AEF86F
:101A600082103A49C3F884104FF48271C3F8C4104D
:101A70001921C3F8C011C721C3F8C411D3F8441108
:101A800041F48071C3F844112949C3F89021C3F887
:101A900080114FF4C061C3F884E1C3F888111421A8
:101AA000C3F80021C3F8F020C3F8EC10C3F8942168
:101AB000586E274940F000405866C3F81821C3F813
:101AC0001C21C3F82021C3F824219A681140214A1F
:101AD00041F00071996090681F49D0F8080292683F
:101AE00008601E49C2F80812BFF34F8F1C4A4FF41A
:101AF0008021D1601B484FF001011B4A5860BFF3A1
:101B00005B8FD2E84F0FC2E84C1FBCF1000FF8D139
:101B10004FF0807215480421BFF35B8F58621A6141
:101B20005A612160012010BD2C6A002000801F40F6
:101B3000C05E0020805F0020AC540020B054002024
:101B4000403220204014202000802D4024D1F24536
:101B50000080FF7D00ED00E0286A0020FD8E00007F
:101B600000E100E00080FF7F306A00201201007079
:101B700010B40023044C05480549064A236003605D
:101B80000B60136010BC7047346A0020386A002074
:101B90003C6A0020406A0020F8B1114A40F2DC5152
:101BA00038B504460F4B10480025A18625630F4920
:101BB000C4E904209A88186843F606236287A3873D
:101BC000C4F83600204601F043F92046084901F0E8
:101BD0008BF9084B2846636438BD6FF00F007047DF
:101BE0008DC60000846900201D9400008C690020CF
:101BF0000C6A00202D94000070B584B00E46044697
:101C00000192FFF79FFE019A002838D012B11046CA
:101C1000FFF790FE002C47D0334B1A78154642BB95
:101C200006222146314801F053F968BB204601F0F5
:101C300007F9B0B12D4801F017F9044688B12C4BD3
:101C40001B781D46002B34D0284A2A4B10689188F7
:101C50000622C3F83600598783F83C20204604B09A
:101C600070BD01F051F90E2303600024204604B03A
:101C700070BD01F0E9F800221B4B1A70D6E701F0A5
:101C800043F913230360F0E7194B1A78002ACDD0EB
:101C9000284601F031F9174801F002F9164801F021
:101CA0002FF9134B1D70C1E702A802AC01F030F907
:101CB000B2E73146104801F0CFF8104B104A2946E0
:101CC0000C4801F00DF930B10A4801F015F9012373
:101CD000074A1370C2E7084801F012F901F014F93D
:101CE00073230360C1E700BFFF5700208469002011
:101CF000100A0120C06900207C6900204D2D0100E0
:101D0000991B00600D490E4A087808B5002313603E
:101D1000938018B9BDE80840FFF72ABF184601F0C4
:101D2000EBF8084801F0BCF8074801F0E9F8002397
:101D300002490B70BDE80840FFF71ABF100A0120E6
:101D400084690020C06900207C6900203748384B36
:101D5000D0F88020DFF8FCC042F44052354900B58D
:101D6000C0F88020344AC3F800C034485A60344A6E
:101D70001862DFF8E4C05A623248334AC3F828C018
:101D8000DA6246F6201218635963996340F6A3118C
:101D9000D868DFF8C8E000F07F40DFF8C4C0024335
:101DA00040F6C410DA609A686FF30F021143274AB5
:101DB0009960D9696FF3150141F4C841D9619969F6
:101DC0006FF3150141F4C8619961196821F48651D6
:101DD0001960196801EA0E0EC3F800E04FF0000E1A
:101DE00019680A401A4942F002021A605A696FF3F0
:101DF000090242F03F025A611A6992B242F0486207
:101E00001A611A696FF30F0210431861D3F8A0200A
:101E100022F00202C3F8A0201A6802EA0C0CC3F8F0
:101E200000C0DA6F1B6CC1F800E000BD00C00F40BD
:101E300000C00C402F002E002200010068050C019C
:101E40009501B2004B0040007D005800BCEFFFFF41
:101E50007469002040100100DC007A00B3EFFFFF3E
:101E6000BFEFFEFF084A094B11680B4043F4803373
:101E7000136013689B04FCD5054AD2F8803023F424
:101E80004053C2F88030704700C00C40BFEFFEFFE7
:101E900000C00F40214B002010B4C3E92000C3E96B
:101EA0002200C3E92400C3E92600C3F8A800BFF359
:101EB0004F8F4FF0E0231A491A4AC3F8701FC3F836
:101EC000702FBFF34F8FBFF36F8F174B0146174C27
:101ED0000122D3F808C004F6DC74C3F808C0186304
:101EE000134B44F81C0C184602330088A34212FA24
:101EF00080F21144F7D192B20C4B42EA0142C3F88E
:101F0000DC2FBFF34F8F4FF0E023094AC3F8682F4F
:101F1000BFF34F8FBFF36F8F10BC704700FF2720B8
:101F200080FF2720A0FF272000800F4000F02720FF
:101F3000C0FF2720994BD3F880300B2B2DE9F041BF
:101F40000D4682B040F0F8804FF0FF319448954B39
:101F5000954E026820240430514041F30002013CB8
:101F600002EA030282EA5101F7D1B042F1D1DFF86F
:101F70002C82D8F8A830994240F0DE802B680C22E1
:101F80008A4928465B689847284600F069FF2A6816
:101F9000D8F8A41028465268854BCDE90012A3FB5F
:101FA000012784497F09A3FB072326225E09019BA1
:101FB000C8F8A460984780490A222846A1FB063148
:101FC0002346090901EB4101A6EBC10100F074FFB2
:101FD0002B68C6EB061601225B68284677499847AE
:101FE0002346A7EB86010A222846C7EB071700F015
:101FF00063FF2B68012271495B6828469847009966
:1020000023460A22A1EB8701284600F055FF284607
:1020100000F026FF2B68242269495B682846984710
:1020200023461022D8F89810284600F045FF28468D
:1020300000F016FFD8F888602B68002E40F057811A
:10204000564ED6F88C40002C40F07A8122225B68F4
:102050005C4928469847514B0221284693ED280AAF
:10206000B7EEC00A00F044FF2B68042256495B68B3
:1020700028469847284600F0F3FE2B681D22534956
:102080005B6828469847524A5248002311680A2242
:10209000A0FB01012846890C00F00EFF2B680322EB
:1020A0004D495B6828469847284600F0D9FE4B4BBF
:1020B0009C68A2070DD5196B494A2B6891425B6851
:1020C00000F036814022474928469847284600F0CC
:1020D000C7FE670700F19680260700F19F80E006A3
:1020E00000F1A880A10600F1B180620600F1BA807B
:1020F000230600F1C38014F4807440F0CC80274B99
:10210000D3F8C06096B1D3F8DC700122C0333648F2
:10211000194602330988834212FA81F21444F7D136
:1021200093B243EA04439F4200F02381FFF7B2FEDB
:10213000012002B0BDE8F0812B6817222B49284608
:102140005B689847284600F08BFE2B684822284998
:102150005B6828469847284600F082FE2B68492293
:1021600024495B6828469847284600F079FE2B688A
:10217000242221495B6828469847284600F070FED3
:102180002B6847221D495B6828469847284600F07F
:1021900067FE2B683F221A4983E700BF00FF272014
:1021A00080FF27202083B8EDA8FF2720E8320020F9
:1021B00089888888F8320020ABAAAAAA2033002098
:1021C00024330020AC370020D0370020D83700203F
:1021D0008054002083DE1B43F837002000800F402E
:1021E000F100AD0BA8390020DCFF2720FC370020D0
:1021F0001438002060380020AC380020D43800208B
:102200001C3900202B6827229C4928465B68984788
:10221000284600F025FE26077FF561AF2B682A22AD
:10222000974928465B689847284600F019FEE00663
:102230007FF558AF2B682622924928465B6898475D
:10224000284600F00DFEA1067FF54FAF2B6829222E
:102250008D4928465B689847284600F001FE6206D3
:102260007FF546AF2B682122884928465B6898474E
:10227000284600F0F5FD23067FF53DAF2B682122AF
:10228000834928465B689847284600F0E9FD14F426
:1022900080743FF434AF2B6829227E4928465B685E
:1022A0009847284600F0DCFD7B49286821228B688E
:1022B0004468284623F480738B607849A0472846F9
:1022C00000F0CEFD2B68422275495B68284698478E
:1022D000284600F0C5FD734A734B07211964936BC0
:1022E00043F040039363BFF34F8F30BFFDE75B685C
:1022F00008226E492846984723461022D8F88810AD
:10230000284600F0D9FD284600F0AAFD2B68F70703
:102310005C686ED4B00700F14D81310700F1418156
:10232000F20600F15381B7066BD52A22604962E0BC
:102330004822604928469847284600F091FDC8E6A3
:102340005B6808225C49284698470023D6F88C1021
:102350001022284600F0B0FD284600F081FD2B68D1
:10236000A0075E6863D461007FF570AE1B225349FD
:102370005FE0002406E0062F3C463FF4D7AE504B0A
:10238000D3F8C0604FF0010808FA04F304EB080723
:102390003342F0D02B680E224A4928465B689847A2
:1023A0003946284600F064FD2B68052246495B68E3
:1023B00028469847454B0A22284603EB840400230D
:1023C000616800F079FD2B68042241495B6828466A
:1023D0009847616800231022284600F06DFD2B68A5
:1023E00042463C495B6828469847284600F038FD3D
:1023F000C1E7282238492846A047284600F030FD8A
:102400002B68340672D4F0055C6819D4B10500F16C
:10241000CE80720500F1C880370500F1D480F00449
:1024200000F1CE80B10413D531222C490AE02622D6
:102430002B492846B047284600F012FD2B6805E6D8
:10244000202228492846A047284600F009FD2B688D
:10245000320470D4F7035C6864D4B00300F1AD803B
:1024600071037AD4320300F1B780F70100F1B18033
:10247000B6017FF5E5AD1B221B4955E0EC39002084
:10248000143A0020403A0020683A0020943A002094
:10249000B83A0020DC3A002000800F40083B0020C2
:1024A0002C3B002000400D4000C00A404C3300206F
:1024B000FC3300205C3900205C370020903700207E
:1024C00000FF2720703B0020803B0020C0FF27201A
:1024D000883B002060350020583300202036002043
:1024E0006837002010350020403700203F4C212263
:1024F0005B6828463E49984710220023D4F8901084
:10250000284600F0D9FCD4F890201F2A28D9394B4E
:102510009A4202D320339A4261D3284600F0A0FCAD
:102520002B6870E7232234492846A047284600F04C
:1025300097FC2B6884E55B68212230492846984740
:102540002A4900231022D1F89410284600F0B4FC48
:10255000284600F085FC2B687CE728222849E3E721
:102560002B681F22274928465B689847D4F89810A3
:1025700000231022284600F09FFC2B683F222249AE
:102580005B6828469847D4F8981000231022284604
:1025900000F092FC2B681D221C495B682846984776
:1025A000BBE729221A4926E744221A494AE72D2285
:1025B000194947E7212219491DE731221849B3E794
:1025C000332218493EE73F2217493BE725221749A6
:1025D00011E728221649A7E716221649A4E72B6817
:1025E0004222154928465B68984796E700FF272056
:1025F00028340020600A012078360020543600205C
:10260000D03600204C3400206C340020AC34002044
:10261000A8330020643500203435002084330020A6
:102620009C360020EC350020AC350020D43300204F
:1026300014370020FC360020CC340020134BD3F894
:1026400080300B2B1FD14FF0FF32DFF848C010480D
:1026500000B5DFF844E0DCF8003020210CF1040C78
:102660005A4042F30003013903EA000383EA5202AD
:10267000F7D1F445EFD1054BD3F8A800801AB0FA92
:1026800080F0400900BD0020704700BF00FF2720F8
:102690002083B8ED80FF2720A8FF27200F4B40F2B2
:1026A000376C0F4AA020D96E41F44031D966D96EFB
:1026B00041F44071D966C2F844C09064936C1B0623
:1026C000FCD4084A40F23761A02351649364936CB0
:1026D00013F08003FBD1044A1370704700C00F4011
:1026E00000400C4000800C401E0A0120294A0021B5
:1026F0000123C2F8A000C2F8A410C2F8B030536998
:10270000D907FCD501234FF4803C22495361C2F81C
:10271000A000C2F8A4C0C2F8B0304B69DB07FCD5FA
:1027200001234FF4003C1B4A4B61C1F8A000C1F8E3
:10273000A4C0C1F8B0305369D907FCD50123DFF834
:1027400058C014495361C2F8A000C2F8A4C0C2F82E
:10275000B0304B69DB07FCD5D1F8003145F60D50A0
:102760004FF0210C9AB2C1F814C0824210D045F645
:102770009D518A420AD1C3F34253032B08D0A3F1DF
:102780000403B3FA83F35B09180170470020704714
:102790000820704700402A4004000300704700BF33
:1027A000704700BF704700BF00BF70474FF0E02385
:1027B00000214FF0100C3448C3F8941DC3F89CCD91
:1027C0004FF0110CC3F8A00D3048C3F89CCD4FF06A
:1027D000120CC3F8A00D2E48C3F89CCD2D4AC3F8A7
:1027E000A00DDFF8D0C042F015022B48C3F89CCDF5
:1027F000C3F8A00DDFF8C0C02848C3F89CCDC3F8CB
:10280000A00DDFF8B8C0C3F89C2D2548254AC3F8B1
:10281000A0CDC3F89C0DC3F8A02D02F5A022DFF8CF
:10282000A0C00C322048C3F89CCDC3F8A02D1F4A8D
:10283000C3F89C0DC3F8A02D02F14062DFF884C0FC
:1028400002321B48C3F89CCDC3F8A02D0A32C3F84E
:102850009C0DC3F8A02D00BF00BF00BF00BF00BF8C
:102860000122C3F8942DBFF34F8FBFF36F8FC3F8CE
:10287000501FBFF34F8FBFF36F8FD3F8142D42F467
:102880004032C3F8142D70473F00001025000807A0
:1028900009001000600A012021000207250008132A
:1028A0001600202027000B13180000602F000B07D4
:1028B0001A000080130020001400002009000010FE
:1028C000170000401900007030B5864B85B0DFF866
:1028D00074E21822844D0120C3F85CE28349C3F8F6
:1028E0006052A5F58055DFF860C2814CC3F864E200
:1028F000C3F868522125C3F86CC2C3F870C2C3F88C
:1029000074C2C3F878C248F20C7CDA661A675A6758
:102910009A67DA67C3F88020C3F88420C3F8882058
:10292000C1F82C03734AC1F83003C1F83403C1F86D
:102930003803C1F83C03C1F85003A1696E4B0A404B
:102940006E486F4913436F4AA361D4F8843043F053
:102950000C03C4F884304FF0FF34036843F00203E3
:102960000360036803EA0C031A43674B0260446088
:102970008A68664C1340664A43F000538360C3681C
:1029800023F07803C360036A23401A43604B02625A
:10299000026A22405F4C1343002243628462C46295
:1029A00040F20564D1F8B83023F03F0343F001034F
:1029B000C0F8B830D1F8BC30574923F03F0343F09A
:1029C0000103C0F8BC3002610567C0F8804045676C
:1029D000C0F884400224036823F00203036081618D
:1029E0004E4B4F49C46143F8042B8B42FBD1434CFF
:1029F000236843F001032360256815F00105FBD12E
:102A00004548022240F2F561A06140F29940E2613E
:102A100040F26642C4F8001242F20141C4F81022AA
:102A2000404AC4F82002C4F8302240F23542C4F8CB
:102A300034123D48C4F840223C4AC4F850022846AB
:102A4000C4F8542242F201223949C4F86012C4F891
:102A50006422FFF74BFE0246002839D08102012391
:102A60004FF4802021662549C4F8A050C4F8A40082
:102A7000C4F8B0304B69D807FCD515050124039282
:102A800028464C61FFF732FE039A2A4B0244D2B229
:102A90001A7080B1194980024FF4802348660846B5
:102AA000C1F8A050C1F8A430C1F8B0404369DB07B9
:102AB000FCD50123436120490024204801230094D0
:102AC000401A00EB02521E4800F0DAF905B030BDA2
:102AD0001B4B184918600870D860C3E9010005B0A5
:102AE00030BD00BF00801F40F910010000841F406E
:102AF00000C00F40FFFCFF1F0003008000402A4081
:102B000000802A401200FFFFFF37F70000FFF07C33
:102B100040000080FF000F83F05AF05A00422A4024
:102B200000432A409F041830EB06180A063201269B
:102B30003806180A240A0120000000700000007006
:102B40007C770020F9B00100F970010010B5174A38
:102B50004FF480544FF4005E4FF4404C4FF48030FB
:102B600043F24201136913F0020F0DD113F4005F19
:102B70000FD013F4805F0FD0002BF3DA13F4803FF3
:102B80000CD15B060ED510BDC2F818C05061916122
:102B9000E8E7C2F814E0E5E75461E3E74FF4803377
:102BA0009361DFE740235361DCE700BF00800D4005
:102BB000414A03204149F3EE095AD2F880309FED93
:102BC000406A23F001039FED3F5ADFF814C100B5BE
:102BD000C2F88030C2F89000D1F8E010DFF804E1CC
:102BE000CBB23948CEF8003007EE903A0B0DC1F366
:102BF0000B21F8EEE77A06EE903A07EE101A334B07
:102C0000B8EEC77ACCF80010F8EEE66A304937EE35
:102C1000C66A37EEC55A76EEC76A77EEE57A26EED3
:102C2000266AC3ED006A25EE265AD2F8803067EE98
:102C3000A64AC0ED007AC6EE275A264885EE276AD6
:102C4000C4EEA76A75EE875AFCEEE55A36EE076ABF
:102C500015EE90CABCEEC66A43EA0C5376EE877A4C
:102C6000C2F8803016EE103AD2F890C1FCEEE77A46
:102C700001EA034141EA0C014FF0000C17EE903AD3
:102C8000C2F89011C3F30B03D2F890110B43124911
:102C9000C2F89031D2F8803043F00203C2F880309D
:102CA0000E4B80F840C0C1F840314FF0E0230122C4
:102CB000C3F8082100BD00BF00810D4000441F4043
:102CC0000000AA420000B442FC08012000090120D3
:102CD0000000FF0F00E400E0005C0020455401000C
:102CE000F4080120F8080120314B40F6617210B55C
:102CF000C3F8202140F2044400F0E2F82D4A2E49A6
:102D0000D2F880302D4843F00303C2F880302C4BBA
:102D1000C1F8604102681A4203D1D1F8A8319A077C
:102D20001BD0254A4FF00041244B5963D2F8403163
:102D300043F00203C2F84031D2F840319B07FBD484
:102D40004FF400304FF0E0211C4B4FF00042C1F82F
:102D50008C0219209A6300F0BFF8184B0021164C22
:102D60004FF080420A209A634FF420721960C4F831
:102D7000A801144800F090F84FF4800203464FF485
:102D8000810040F243111860C4F858311A640E4BA8
:102D90000E4AC4F84811C3F804224FF0E0224FF461
:102DA00000310123C2F80C11C4F8403110BD00BF3E
:102DB00000800D4000C00F4000002E4000900D40EC
:102DC000001C1E0000000020005C0020495601008D
:102DD00008B50E4B1B6E9B0700D4FBBE72B60C4BA6
:102DE00000200C4AC3F8400103F160430A49A3F5EF
:102DF0005F2311649D46BFF34F8F4FF40013074AC2
:102E00000748DB6902609B68984700BF00441F4089
:102E100000002E4000C00A4003002000000012EB1A
:102E200000802020F8B500BFF8BC08BC9E46704763
:102E30005FF800F0657E00005FF800F0419500004B
:102E40005FF800F05D8F00005FF800F091A70000D0
:102E50005FF800F005B900005FF800F085E00000C1
:102E60005FF800F0354901005FF800F02D8F000099
:102E70005FF800F01D4901005FF800F0EDA40100CB
:102E80005FF800F0E16601005FF800F0F54A01002C
:102E90005FF800F0D59500005FF800F09D9D0100FF
:102EA0005FF800F0BDDE00005FF800F06D960000F6
:102EB0005FF800F0094F01005FF800F06949010078
:102EC0005FF800F0B55D01005FF800F03D510100D2
:102ED0005FF800F0F59B01005FF800F0094E01007B
:102EE0005FF800F035E400005FF800F0B9A70000DB
:102EF0005FF800F0894901005FF800F0C1DD0000D3
:102F00005FF800F0FDE000005FF800F0E1A40100D0
:102F10005FF800F0298F000045000000B11E00009E
:102F200065460000095F0000C9630000B17A000037
:102F3000BD7A0000E57F0000D58C0000E18D000027
:102F4000698E0000BD940000253101007948010020
:042F500065690100AE
:102F54001603550053004200200053006500720020
:102F6400690061006C0000001803540065006500EE
:102F74006E00730079006400750069006E006F00D4
:102F84000403090409026200030100C032080B00B3
:102F940002020201000904000001020201000524EA
:102FA4000010010524010101042402060524060081
:102FB400010705820310001009040100020A000041
:102FC40000070503024000000705840240000009D1
:102FD40004020002FF6AFF000705810240000107A6
:102FE400050102400001000009026200030100C063
:102FF40032080B000202020100090400000102026F
:103004000100052400100105240101010424020625
:1030140005240600010705820310000509040100C8
:10302400020A0000000705030200020007058402EB
:103034000002000904020002FF6AC70007058102BA
:103044000002010705010200020100000A06000255
:08305400EF0201400100000041
:10305C000000000000000000000000000000000064
:10306C000000000000000000000000000000000054
:10307C000548064B1B1AD90F01EBA301491002D0CE
:10308C00034B03B118477047C05E0020C05E0020A0
:10309C000000000008B5054B1BB105490548AFF30E
:1030AC000080BDE80840FFF7E3BF00BF0000000050
:1030BC0024A8002000C4026080687047002070477C
:1030CC00704700BF012070474FF44870704700BF35
:1030DC00704700BF4FF44870704700BF704700BF87
:1030EC004FF44870704700BF704700BF4FF44870F2
:1030FC00704700BF704700BF4FF44870704700BF67
:10310C00704700BF4FF44870704700BF704700BF56
:10311C004FF44870704700BF10B5046894F801C0B4
:10312C00BCF1000F07D090F80DE0F444BCF1FF0F98
:10313C00A8BF4FF0FF0C90F819E00EFB0CCC4FEA37
:10314C002C2C81F800C00168097829B190F80CC0CA
:10315C006144FF29A8BFFF2190F818C00CFB011196
:10316C00091211700268927822B1817B0A44FF2AFD
:10317C00A8BFFF22817E01FB022212121A7010BD21
:10318C00027BC17B437B891A027C90F80EC0D21A59
:10319C00437C0173A3EB0C0342738373704700BF32
:1031AC000368826890F91210013A0B448260036044
:1031BC00704700BF4068704780688142CCBF0020D8
:1031CC000120704790F81CC081F800C0C17E1170BE
:1031DC00427F1A70009A837F1370704790F81CC05E
:1031EC0081F800C0C17E1170427F1A70009A837FF3
:1031FC001370704710B50446103014F017FA04F130
:10320C00080014F013FA204614F010FA204610BDF2
:10321C0005F000BD0346042200B583B09B7D6946D2
:10322C000DEB0200009303F043FC019803B000BDCA
:10323C0010B5042282B0044600910DEB02006946E1
:10324C0003F036FC019BA37502B010BD30B593B0F2
:10325C00844609A8DCF800E09CF8184080E80E00D1
:10326C0007C80FAA25469CF819409CF81AC082E89A
:10327C000B00BEF8001000209EF802309DF840E0D4
:10328C000A0AADF83810C9B2BEF1020F8DF836003B
:10329C008DF837008DF83A3060D0BEF1030F42D074
:1032AC00BEF1010F1AD084460346024601468DF842
:1032BC003A00ADF838001A9CCDF800C00694199C61
:1032CC000594189C0494179C0394169CCDE9010456
:1032DC009DF8410002F0F2FC13B030BDCDE9014C79
:1032EC000DF1370C0FA80095CDF81CC00DF1360C64
:1032FC00CDF818C00DF1380CCDF80CC00DF13A0C0E
:10330C00CDF814C00DF1390CCDF810C002F054FDFD
:10331C009DF839109DF838209DF83A309DF836C04C
:10332C009DF83700C7E7CDE9014C0DF1370C0FA81C
:10333C000095CDF81CC00DF1360CCDF818C00DF170
:10334C00380CCDF80CC00DF13A0CCDF814C00DF1C1
:10335C00390CCDF810C002F0F7FCD9E7CDE9014CDF
:10336C000DF1370C0FA80095CDF81CC00DF1360CE3
:10337C00CDF818C00DF1380CCDF80CC00DF13A0C8D
:10338C00CDF814C00DF1390CCDF810C002F04EFD83
:10339C00BEE700BFF0B58FB0047E0DF1240C2646BD
:1033AC00447E8CE80E0003680B9A1988807EA2F18B
:1033BC00020C9B780022BDF824E0ADF834108DF897
:1033CC0033200A0A0A9DC9B28DF836300096CDE931
:1033DC0001407046BCF1050F00F28C80DFE80CF068
:1033EC002B3E516477030DF1330CCDF818C00DF161
:1033FC00340CCDF80CC00DF1360CCDF814C00DF119
:10340C00350CCDF810C002F053FB179B28469DF8E5
:10341C0033100493169B149C0393159B9DF8342036
:10342C0002939DF83630CDE900149DF8351002F06A
:10343C0023FC0FB0F0BD0DF1330CCDF818C00DF11D
:10344C00340CCDF80CC00DF1360CCDF814C00DF1C8
:10345C00350CCDF810C002F0E1F8D6E70DF1330CC5
:10346C00CDF818C00DF1340CCDF80CC00DF1360CA4
:10347C00CDF814C00DF1350CCDF810C002F0E2FA05
:10348C00C3E70DF1330CCDF818C00DF1340CCDF8A9
:10349C000CC00DF1360CCDF814C00DF1350CCDF877
:1034AC0010C002F08FFAB0E70DF1330CCDF818C054
:1034BC000DF1340CCDF80CC00DF1360CCDF814C058
:1034CC000DF1350CCDF810C002F026FB9DE70DF187
:1034DC00330CCDF818C00DF1340CCDF80CC00DF137
:1034EC00360CCDF814C00DF1350CCDF810C002F02F
:1034FC006BFB8AE70DF1330CCDF818C00DF1340CD1
:10350C00CDF80CC00DF1360CCDF814C00DF1350C06
:10351C00CDF810C002F07AFA77E700BF70B5044618
:10352C008CB015460E461A466846214605F036FF05
:10353C00049685EAE572DDE90001A2EBE5720290E2
:10354C00ADF80C10CDE905220A0C8DF80E20DDE942
:10355C0002010B0C0A90ADF82C108DF82E30A37DC7
:10356C00012B14D00023ADF820300793002D2368D5
:10357C004FF0000504A9ACBF03226FF002022046F5
:10358C001B6B09958DF8222098470CB070BD1D4A15
:10359C000DF11F0E1378013303F0070113F0020F26
:1035AC0011704FEAC312D2B242F0400118BF0A4662
:1035BC0013F0040F07AB42F0200118BF0A4610327B
:1035CC00D1B21A7B3AB9DA701A7001337345CDD087
:1035DC001A7B002AF7D04FF48070B0FBF2F2D2B213
:1035EC00501CC0B200FB011C4FEA2C2CBCF1000F8C
:1035FC0001D00CF1FF3C002818BF104683F800C026
:10360C00D870E2E7160A0120034B10B5044603609C
:10361C0005F06CFE204610BDC83F0020054B10B5D0
:10362C000446036005F062FE3821204614F03EFD8E
:10363C00204610BDC83F0020034B10B50446036064
:10364C0005F054FE204610BDC83F0020054B10B5B8
:10365C000446036005F04AFE3821204614F026FD8E
:10366C00204610BDC83F0020034B10B50446036034
:10367C0005F03CFE204610BDC83F0020054B10B5A0
:10368C000446036005F032FE3821204614F00EFD8E
:10369C00204610BDC83F0020034B10B50446036004
:1036AC0005F024FE204610BDC83F0020054B10B588
:1036BC000446036005F01AFE3821204614F0F6FC8F
:1036CC00204610BDC83F0020034B10B504460360D4
:1036DC0005F00CFE204610BDC83F0020054B10B570
:1036EC000446036005F002FE3821204614F0DEFC8F
:1036FC00204610BDC83F0020034B10B504460360A4
:10370C0005F0F4FD204610BDC83F0020054B10B558
:10371C000446036005F0EAFD3821204614F0C6FC8F
:10372C00204610BDC83F0020034B10B50446036073
:10373C0005F0DCFD204610BDC83F0020054B10B540
:10374C000446036005F0D2FD3821204614F0AEFC8F
:10375C00204610BDC83F00200A4A1368013B136085
:10376C0003B1704700B5084A83B0CDE9003010684A
:10377C0021F052FE0199044A009B0846136003B0E5
:10378C0000BD00BFFC650020006600200A4A1368DB
:10379C00013B136003B1704700B5084A83B0CDE913
:1037AC000030106821F034FE0199044A009B084651
:1037BC00136003B000BD00BF606700206467002089
:1037CC0070B504468CB00E46154668461A4621461E
:1037DC0005F0E4FDA27D0496012ADDE90001CDE9A6
:1037EC00055502904FEA1140ADF80C108DF80E0003
:1037FC00DDE902014FEA11430A90ADF82C108DF867
:10380C002E300ED00023ADF8203007932268002311
:10381C0004A92046126B8DF82230099390470CB006
:10382C0070BD1A4B0DF11F0C4FF4807E19780131CD
:10383C00CA0101F0070011F0020FD2B2187007ABE9
:10384C0042F0400018BF024611F0040F42F0200174
:10385C0018BF0A461032D1B21A7B3AB9DA701A7014
:10386C0001339C45D2D01A7B002AF7D0BEFBF2F272
:10387C00D2B2501CC0B200FB01152D1205B1013D96
:10388C00002818BF10461D70D870E9E7160A0120F1
:10389C0010B5042282B0044600910DEB020069467B
:1038AC0003F006F9019BA37502B010BD10B50422FC
:1038BC0082B0044600910DEB0200694603F0F8F863
:1038CC00019BA37502B010BD10B5042282B0044652
:1038DC0000910DEB0200694603F0EAF8019BA37519
:1038EC0002B010BD10B5042282B0044600910DEB5D
:1038FC000200694603F0DCF8019BA37502B010BD11
:10390C0010B5042282B0044600910DEB020069460A
:10391C0003F0CEF8019BA37502B010BD10B50422C4
:10392C0082B0044600910DEB0200694603F0C0F82A
:10393C00019BA37502B010BD10B5042282B00446E1
:10394C0000910DEB0200694603F0B2F8019BA375E0
:10395C0002B010BD2DE9F0413A4F96B005468846AD
:10396C003C68002C49D006AE95F8243003AF022BEE
:10397C000ED11835042239463046039503F098F8D9
:10398C00069A2AB11588EC4607CA8DE8070004E0B0
:10399C000022032141F27075EC460DF11C0EADF8BE
:1039AC000050CDF81880CDE90112274A0A924FF445
:1039BC005052ADF82C2000220C92244A0D92244A2D
:1039CC000E92244A0F92244A1092244A1192244AAD
:1039DC001292244A1392244A1492244A15929CE877
:1039EC00070087E807008EE80700324605212046CD
:1039FC0004F0EEFD16B0BDE8F0811D4B06AE0FCB0A
:103A0C0086E80F0031461B4804F082FD1A4B1C68F7
:103A1C003CB12046174C194A214604F019FD3C6074
:103A2C00A2E703F051F8164A134B94601A6008236E
:103A3C00D4611061D360C2E90044C2E90544144664
:103A4C00E7E700BF786B00208C0A6419450300007F
:103A5C00FD010000C900000031010000510100000F
:103A6C006501000069010000750100008D01000076
:103A7C00740300207C6B0020086C0020C101000046
:103A8C000C6C00202DE9F04104468CB00F4603F07D
:103A9C0027FE03F0E5FE2368A16820465B6A984781
:103AAC0094F834308046002B3BD0A668D4E900351E
:103ABC0058682946434B984243D13A4668462146BA
:103ACC0005F06CFCA27D0495012ADDE90001ADF83E
:103ADC000C104FEA114102908DF80E10DDE9020135
:103AEC004FEA11430A90ADF82C108DF82E3086EA6F
:103AFC00E673A3EBE673CDE9053328D00023ADF8CC
:103B0C0020300793002E4FF00002236804A9ACBFAD
:103B1C0003206FF002001B6B8DF8220020460992E7
:103B2C0098472368414620469B6A984703F0D8FD86
:103B3C0003F016FF03F0D4FD0CB0BDE8F04103F028
:103B4C00CFBE05463B4632462046A847E9E71E490C
:103B5C000DF11F0C0B780133DA0103F0070013F0A1
:103B6C00020FD2B2087042F0400118BF0A4613F09F
:103B7C00040F07AB42F0200118BF0A461032D1B235
:103B8C001A7B3AB9DA701A7001336345BAD01A7BD2
:103B9C00002AF7D04FF48070B0FBF2F2D2B2501C76
:103BAC00C0B200FB011E4FEA2E2EBEF1000F01D059
:103BBC000EF1FF3E002818BF104683F800E0D870C5
:103BCC00E2E700BFCD040000160A0120F0B5044660
:103BDC008FB005F05BFB534A23689B6993425CD121
:103BEC0003F07EFD03F03CFE2368A16820465B6A6F
:103BFC00984794F834300646002B3ED0A568D4E99B
:103C0C000023526811461746474A91424BD102A8ED
:103C1C0000222146019305F0C1FB019BA27D069376
:103C2C00012ADDE90201ADF814104FEA11410490AC
:103C3C008DF81610DDE904014FEA11430C90ADF834
:103C4C0034108DF8363085EAE573A3EBE573CDE9D6
:103C5C0007332ED00023ADF828300993002D4FF0F8
:103C6C000002236806A9ACBF03206FF002001B6B97
:103C7C008DF82A0020460B9298472368314620463F
:103C8C009B6A984703F02CFD03F06AFE03F028FDB5
:103C9C000FB0BDE8F04003F023BE002120460FB06A
:103CAC00BDE8F040184719462A4600232046B8477D
:103CBC00E3E71E490DF1270C0B780133DA0103F011
:103CCC00070013F0020FD2B2087042F0400118BF87
:103CDC000A4613F0040F09AB42F0200118BF0A4644
:103CEC001032D0B21A7B2AB9DA701A7001336345DC
:103CFC00F8D1B3E74FF48071B1FBF2F2D2B2511CA0
:103D0C00C9B201FB000E4FEA2E2EBEF1000F01D0FE
:103D1C000EF1FF3E002918BF114683F800E0D97060
:103D2C00E4E700BF350A0000CD040000160A0120AC
:103D3C00F0B5042287B0837D254E0DEB020102A85D
:103D4C00019302F0B5FE3468029F64B1214D2E68D8
:103D5C0006B32146304604F095FB204604F02EFCB9
:103D6C00384607B0F0BD1C4B02AC1A4D0FCB84E8A3
:103D7C000F002146194804F0CBFB2C68CCB1174935
:103D8C002046174A04F064FB144931600C462E6837
:103D9C00002EDED102F098FE124A08219660D66100
:103DAC0010612A60D160C2E90066C2E90566164658
:103DBC00CFE702F089FE0B4B08229C60DC61186196
:103DCC002B60DA60C3E90044C3E905441C46D6E71E
:103DDC00786B0020086C0020740300207C6B0020A2
:103DEC00C10100000C6C0020F0B5042287B0837D6B
:103DFC00254E0DEB020102A8019302F059FE346826
:103E0C00029F64B1214D2E6806B32146304604F062
:103E1C0039FB204604F0D2FB384607B0F0BD1C4BF2
:103E2C0002AC1A4D0FCB84E80F002146194804F060
:103E3C006FFB2C68CCB117492046174A04F008FBDD
:103E4C00144931600C462E68002EDED102F03CFE87
:103E5C00124A08219660D66110612A60D160C2E9CD
:103E6C000066C2E905661646CFE702F02DFE0B4B45
:103E7C0008229C60DC6118612B60DA60C3E90044A5
:103E8C00C3E905441C46D6E7786B0020086C00207B
:103E9C00740300207C6B0020C10100000C6C00201E
:103EAC00F0B5042287B0837D254E0DEB020102A8EC
:103EBC00019302F0FDFD3468029F64B1214D2E6820
:103ECC0006B32146304604F0DDFA204604F076FBBA
:103EDC00384607B0F0BD1C4B02AC1A4D0FCB84E832
:103EEC000F002146194804F013FB2C68CCB117497C
:103EFC002046174A04F0ACFA144931600C462E687F
:103F0C00002EDED102F0E0FD124A08219660D66147
:103F1C0010612A60D160C2E90066C2E905661646E6
:103F2C00CFE702F0D1FD0B4B08229C60DC611861DD
:103F3C002B60DA60C3E90044C3E905441C46D6E7AC
:103F4C00786B0020086C0020740300207C6B002030
:103F5C00C10100000C6C0020F0B5042287B0837DF9
:103F6C00254E0DEB020102A8019302F0A1FD34686D
:103F7C00029F64B1214D2E6806B32146304604F0F1
:103F8C0081FA204604F01AFB384607B0F0BD1C4BF2
:103F9C0002AC1A4D0FCB84E80F002146194804F0EF
:103FAC00B7FA2C68CCB117492046174A04F050FADE
:103FBC00144931600C462E68002EDED102F084FDCF
:103FCC00124A08219660D66110612A60D160C2E95C
:103FDC000066C2E905661646CFE702F075FD0B4B8D
:103FEC0008229C60DC6118612B60DA60C3E9004434
:103FFC00C3E905441C46D6E7786B0020086C00200A
:10400C00740300207C6B0020C10100000C6C0020AC
:10401C00F0B5042287B0837D254E0DEB020102A87A
:10402C00019302F045FD3468029F64B1214D2E6866
:10403C0006B32146304604F025FA204604F0BEFAB9
:10404C00384607B0F0BD1C4B02AC1A4D0FCB84E8C0
:10405C000F002146194804F05BFA2C68CCB11749C3
:10406C002046174A04F0F4F9144931600C462E68C6
:10407C00002EDED102F028FD124A08219660D6618E
:10408C0010612A60D160C2E90066C2E90566164675
:10409C00CFE702F019FD0B4B08229C60DC61186124
:1040AC002B60DA60C3E90044C3E905441C46D6E73B
:1040BC00786B0020086C0020740300207C6B0020BF
:1040CC00C10100000C6C0020F0B5042287B0837D88
:1040DC00254E0DEB020102A8019302F0E9FC3468B5
:1040EC00029F64B1214D2E6806B32146304604F080
:1040FC00C9F9204604F062FA384607B0F0BD1C4BF3
:10410C0002AC1A4D0FCB84E80F002146194804F07D
:10411C00FFF92C68CCB117492046174A04F098F9DE
:10412C00144931600C462E68002EDED102F0CCFC16
:10413C00124A08219660D66110612A60D160C2E9EA
:10414C000066C2E905661646CFE702F0BDFC0B4BD4
:10415C0008229C60DC6118612B60DA60C3E90044C2
:10416C00C3E905441C46D6E7786B0020086C002098
:10417C00740300207C6B0020C10100000C6C00203B
:10418C00F0B5042287B0837D254E0DEB020102A809
:10419C00019302F08DFC3468029F64B1214D2E68AE
:1041AC0006B32146304604F06DF9204604F006FAB9
:1041BC00384607B0F0BD1C4B02AC1A4D0FCB84E84F
:1041CC000F002146194804F0A3F92C68CCB117490B
:1041DC002046174A04F03CF9144931600C462E680D
:1041EC00002EDED102F070FC124A08219660D661D6
:1041FC0010612A60D160C2E90066C2E90566164604
:10420C00CFE702F061FC0B4B08229C60DC6118616B
:10421C002B60DA60C3E90044C3E905441C46D6E7C9
:10422C00786B0020086C0020740300207C6B00204D
:10423C00C10100000C6C00202DE9F0413A4F96B002
:10424C00054688463C68002C49D006AE95F82430CB
:10425C0003AF022B0ED11835042239463046039594
:10426C0002F026FC069A2AB11588EC4607CA8DE89E
:10427C00070004E00022032141F27075EC460DF1B9
:10428C001C0EADF80050CDF81880CDE90112274A6C
:10429C000A924FF45052ADF82C2000220C92244A72
:1042AC000D92244A0E92244A0F92244A1092244AC8
:1042BC001192244A1292244A1392244A1492244AA8
:1042CC0015929CE8070087E807008EE80700324645
:1042DC000421204604F07CF916B0BDE8F0811D4B9A
:1042EC0006AE0FCB86E80F0031461B4804F010F9E0
:1042FC001A4B1C683CB12046174C194A214604F055
:10430C00A7F83C60A2E702F0DFFB164A134B94605F
:10431C001A600823D4611061D360C2E90044C2E979
:10432C0005441446E7E700BF786B00208C0A64193B
:10433C0045030000FD010000C90000003101000030
:10434C0051010000650100006901000075010000C9
:10435C008D010000740300207C6B0020086C002091
:10436C00C10100000C6C00202DE9F0413A4F96B0D1
:10437C00054688463C68002C49D006AE95F824309A
:10438C0003AF022B0ED11835042239463046039563
:10439C0002F08EFB069A2AB11588EC4607CA8DE806
:1043AC00070004E00022032141F27075EC460DF188
:1043BC001C0EADF80050CDF81880CDE90112274A3B
:1043CC000A924FF45052ADF82C2000220C92244A41
:1043DC000D92244A0E92244A0F92244A1092244A97
:1043EC001192244A1292244A1392244A1492244A77
:1043FC0015929CE8070087E807008EE80700324614
:10440C000321204604F0E4F816B0BDE8F0811D4B02
:10441C0006AE0FCB86E80F0031461B4804F078F847
:10442C001A4B1C683CB12046174C194A214604F023
:10443C000FF83C60A2E702F047FB164A134B94605E
:10444C001A600823D4611061D360C2E90044C2E948
:10445C0005441446E7E700BF786B00208C0A64190A
:10446C0045030000FD010000C900000031010000FF
:10447C005101000065010000690100007501000098
:10448C008D010000740300207C6B0020086C002060
:10449C00C10100000C6C00202DE9F0413A4F96B0A0
:1044AC00054688463C68002C49D006AE95F8243069
:1044BC0003AF022B0ED11835042239463046039532
:1044CC0002F0F6FA069A2AB11588EC4607CA8DE86E
:1044DC00070004E00022032141F27075EC460DF157
:1044EC001C0EADF80050CDF81880CDE90112274A0A
:1044FC000A924FF45052ADF82C2000220C92244A10
:10450C000D92244A0E92244A0F92244A1092244A65
:10451C001192244A1292244A1392244A1492244A45
:10452C0015929CE8070087E807008EE807003246E2
:10453C000221204604F04CF816B0BDE8F0811D4B6A
:10454C0006AE0FCB86E80F0031461B4803F0E0FFA8
:10455C001A4B1C683CB12046174C194A214603F0F3
:10456C0077FF3C60A2E702F0AFFA164A134B946057
:10457C001A600823D4611061D360C2E90044C2E917
:10458C0005441446E7E700BF786B00208C0A6419D9
:10459C0045030000FD010000C900000031010000CE
:1045AC005101000065010000690100007501000067
:1045BC008D010000740300207C6B0020086C00202F
:1045CC00C10100000C6C00202DE9F0413A4F96B06F
:1045DC00054688463C68002C49D006AE95F8243038
:1045EC0003AF022B0ED11835042239463046039501
:1045FC0002F05EFA069A2AB11588EC4607CA8DE8D5
:10460C00070004E00022032141F27075EC460DF125
:10461C001C0EADF80050CDF81880CDE90112274AD8
:10462C000A924FF45052ADF82C2000220C92244ADE
:10463C000D92244A0E92244A0F92244A1092244A34
:10464C001192244A1292244A1392244A1492244A14
:10465C0015929CE8070087E807008EE807003246B1
:10466C000821204603F0B4FF16B0BDE8F0811D4BC5
:10467C0006AE0FCB86E80F0031461B4803F048FF0F
:10468C001A4B1C683CB12046174C194A214603F0C2
:10469C00DFFE3C60A2E702F017FA164A134B946057
:1046AC001A600823D4611061D360C2E90044C2E9E6
:1046BC0005441446E7E700BF786B00208C0A6419A8
:1046CC0045030000FD010000C9000000310100009D
:1046DC005101000065010000690100007501000036
:1046EC008D010000740300207C6B0020086C0020FE
:1046FC00C10100000C6C00202DE9F0413A4F96B03E
:10470C00054688463C68002C49D006AE95F8243006
:10471C0003AF022B0ED118350422394630460395CF
:10472C0002F0C6F9069A2AB11588EC4607CA8DE83C
:10473C00070004E00022032141F27075EC460DF1F4
:10474C001C0EADF80050CDF81880CDE90112274AA7
:10475C000A924FF45052ADF82C2000220C92244AAD
:10476C000D92244A0E92244A0F92244A1092244A03
:10477C001192244A1292244A1392244A1492244AE3
:10478C0015929CE8070087E807008EE80700324680
:10479C000721204603F01CFF16B0BDE8F0811D4B2D
:1047AC0006AE0FCB86E80F0031461B4803F0B0FE77
:1047BC001A4B1C683CB12046174C194A214603F091
:1047CC0047FE3C60A2E702F07FF9164A134B946057
:1047DC001A600823D4611061D360C2E90044C2E9B5
:1047EC0005441446E7E700BF786B00208C0A641977
:1047FC0045030000FD010000C9000000310100006C
:10480C005101000065010000690100007501000004
:10481C008D010000740300207C6B0020086C0020CC
:10482C00C10100000C6C00202DE9F0413A4F96B00C
:10483C00054688463C68002C49D006AE95F82430D5
:10484C0003AF022B0ED1183504223946304603959E
:10485C0002F02EF9069A2AB11588EC4607CA8DE8A3
:10486C00070004E00022032141F27075EC460DF1C3
:10487C001C0EADF80050CDF81880CDE90112274A76
:10488C000A924FF45052ADF82C2000220C92244A7C
:10489C000D92244A0E92244A0F92244A1092244AD2
:1048AC001192244A1292244A1392244A1492244AB2
:1048BC0015929CE8070087E807008EE8070032464F
:1048CC000621204603F084FE16B0BDE8F0811D4B96
:1048DC0006AE0FCB86E80F0031461B4803F018FEDE
:1048EC001A4B1C683CB12046174C194A214603F060
:1048FC00AFFD3C60A2E702F0E7F8164A134B946058
:10490C001A600823D4611061D360C2E90044C2E983
:10491C0005441446E7E700BF786B00208C0A641945
:10492C0045030000FD010000C9000000310100003A
:10493C0051010000650100006901000075010000D3
:10494C008D010000740300207C6B0020086C00209B
:10495C00C10100000C6C00202E4B1878D8B12E4BE6
:10496C002E4A1B681268134314D02D4B196811F092
:10497C00010110B582B010D02A4804F059FD03464D
:10498C0018B9294A1178002932D183F00100C0B23C
:10499C0002B010BD704701207047224C0191204697
:1049AC0012F0DEFD019904F1080012F0D9FD019915
:1049BC0004F1100012F0D4FD019904F14002184BDF
:1049CC004FF0010C216622622046184A84F86C10C4
:1049DC00C4F8DC10C3F800C0C4E91911144914F070
:1049EC00E7FE104804F024FD03460028CDD1C8E7AB
:1049FC000190104801680131016013F083FA0A4AF2
:104A0C00DFF838C0019B0C491370DCF80020801AC9
:104A1C000860BAE7280A01201409012090720020CE
:104A2C0098640020A0600020200A0120205500205E
:104A3C00A5010000D4720020D87200200C090120BE
:104A4C0008B5604B1A68D10753D50023CB225E49B9
:104A5C005E4804F0BBFA5E4B1A68D20740F1A380A3
:104A6C00002340F2E2225B495B4804F0AFFA5B4B57
:104A7C001A68D30740F1888000234FF45C725849C0
:104A8C00584804F0A3FA584B1A68D0076DD5002388
:104A9C0040F22A325549564804F098FA554B1A6898
:104AAC00D10753D500234FF4B0725349534804F047
:104ABC008DFA534B1A68D20739D500234FF42A725A
:104ACC005049514804F082FA504B1A68D3071FD54D
:104ADC004FF4DD7200234E494E4804F077FA102350
:104AEC004D480021037004F0A7FA4C4B01221A70B8
:104AFC0008BD364804F08EFB344B49480121494A25
:104B0C00186018462F4B1960474914F051FE9CE76A
:104B1C00404804F07FFB3F4B44480121414A186058
:104B2C0018463A4B1960424914F042FED0E7364819
:104B3C0004F070FB344B3F4801213A4A1860184688
:104B4C002F4B19603C4914F033FEB6E72B4804F0A8
:104B5C0061FB2A4B39480121324A18601846254B13
:104B6C001960374914F024FE9CE7214804F052FBED
:104B7C001F4B344801212B4A186018461A4B1960F8
:104B8C00314914F015FE82E7164804F043FB154B2F
:104B9C002E480121234A18601846104B19602C49E5
:104BAC0014F006FE68E70C4804F034FB0A4B294865
:104BBC0001211C4A18601846054B1960264914F04F
:104BCC00F7FD4DE7A8640020C0770020EC6C0020B6
:104BDC00AC640020217A0020246D0020B0640020F9
:104BEC00C78200205C6D0020B4640020178D00206B
:104BFC00946D0020B864002095960020CC6D0020A8
:104C0C00BC640020B59A0020046E0020C064002013
:104C1C00ADA200203C6E002060630020280A012019
:104C2C000440002020550020B90500006C410020F4
:104C3C00D906000030410020A9060000F4400020F5
:104C4C0079060000B8400020490600007C40002096
:104C5C001906000040400020E905000038B5044664
:104C6C0013F050F905461148017804F019FA13F0C5
:104C7C0049F90F4B401B0F4A0F4910601A680D6021
:104C8C0090424FF0010288BF18600C4B1A7034B17F
:104C9C000B4A1368013313600A4B1C7038BD0A4A67
:104CAC00136801331360074B1C7038BD6063002020
:104CBC00E4A70020100901200C090120200A012082
:104CCC009072002000580020140901200000000000
:104CDC002DE9F04FDFF81C82ADF2246D6E4ED8F842
:104CEC00005034682C1B03D10DF2246DBDE8F08FFD
:104CFC006A4B28AFD3F800903846494606F034F991
:104D0C00674B1B78002B00F0B780664A2592664BE8
:104D1C001B78002B00F0AD80624B2693BB79484684
:104D2C0027922393FB7997F804A097F805B0249366
:104D3C0006F012F9279A002800F09880DFF864E159
:104D4C0007EE904A594CDFF8B091E068B8EE676B0B
:104D5C00574B0F90D9F80070DFF8A0C114971B685F
:104D6C00FB1A544F07EE103A534B9FED495BB8EECC
:104D7C00477B1B68C31A514827EE057B87EE064B11
:104D8C0007EE103A4E4BB8EE477B27EE057B87EECD
:104D9C00065B8DED184B8DED165B1B682093494B14
:104DAC001B681F93484B1B681E93484B1B681C9336
:104DBC00474B1B681B93474B1B681A93464B1B684E
:104DCC0015933B681D93E3691393A369129363696D
:104DDC00119323691093CDF81CE02499CDF80CA005
:104DEC00069123993D4BCDE904B126990291259961
:104DFC00CDE90021A2684FF4AF610E92DCF80020DF
:104E0C000D9202682AA80B92D3F888200992D3F845
:104E1C008430334A0A932368089363680C93214BBC
:104E2C0017F02CFE824614F0DFFB2E4B1B7873B16F
:104E3C002D4B1B78DB070AD52C4AD8F800301268AA
:104E4C009B1A0E2B03D914F05DFB824518DD3B68D1
:104E5C0001333B60E368184A35601360D9F80030C1
:104E6C00134A13600DF2246DBDE8F08FDFF880E07B
:104E7C0066E71F4B269351E71D4B0A4A259346E7DD
:104E8C0051462AA814F034FBE4E700BFAFF30080CE
:104E9C000000000000408F40BC770020486A0020D2
:104EAC001D0A012020040020005800204CA80020DE
:104EBC0040A80020480901203CA80020E0A70020C1
:104ECC00D0720020D8720020D4720020DCA7002001
:104EDC00E4A7002010090120907200204C09012049
:104EEC0030040020350A0120340A0120E409012095
:104EFC00280400201C090120140901208C770020B3
:104F0C00254B19684A1C00B583B01A6049B3234A73
:104F1C002349244814F04CFC234A1368591C116093
:104F2C00002B32D01D4A2149214814F041FC60214C
:104F3C00204806F0D7FD194A1F491E4814F038FCCA
:104F4C001E4B1F49002243F8042C43E903220C3367
:104F5C008B42F8D11B4B4FF000011A83997603B0AA
:104F6C0000BD4FF4EE72184817F040FF174B18466F
:104F7C00019306F047FF019B154A88339A42F6D1FC
:104F8C00144BA2F5EE721A60C1E7134820F02CFA0C
:104F9C00124A114B1360C5E76067002020550020B2
:104FAC003D070000606A0020FC6500200907000036
:104FBC004C6A00204C09012001870000CC770020AE
:104FCC00E4A70020C0A7002068670020AC67002081
:104FDC0044690020646700200466002000660020FD
:104FEC002DE9F8431B4D40F2EE281B4C1B4FDFF80C
:104FFC0080902E6814F0F8FA2378EBB13B78DB073D
:10500C001AD52B68D9F800209B1A0E2B14D9144BE7
:10501C0014491C68204605F0F1FF204605F01EFFE0
:10502C0041F63611104806F041FE00380F4B18BF00
:10503C0001201870BDE8F8832B6822789B1B2AB1DD
:10504C00B3F5FA6FE3D814F0CFFAD3E74345FAD9A6
:10505C00DDE700BF1C090120350A0120340A0120BC
:10506C00486A00206C0600204C090120270A012008
:10507C00E40901202DE9F84340243F4D3F4E404FB9
:10508C00DFF83481DFF8349109E05A1C2F2A2AD832
:10509C00317841BB2A603B4AD054013C21D014F0FA
:1050AC00BDF9F0B114F000FA2B68C0B20A2801D097
:1050BC000D28EAD1334A00203178D05461B91368F5
:1050CC00BB4213D0136843451CD013684B4525D005
:1050DC0013682D4A93423BD00023013C2B60337064
:1050EC00DDD1BDE8F88301233370D6E71379002BAB
:1050FC00E8D1264A9365A2F8693082F86B30244ACD
:10510C001370E9E7234B45F2553118888842DCD1FE
:10511C009B78002BD9D1FFF7DBFDDDE79388482B7B
:10512C00D6D114F061FA1C4B164A1B78002BCFD049
:10513C001A4B1B78DB07CBD5194B1A491B6809682E
:10514C005B1A0E2BC4D91849184820F049F9C3E74B
:10515C00174B1B780BB9FFF773FC114B0022196826
:10516C000A4B9A65A3F8692083F86B200122084B3F
:10517C001A70104B1960AFE7886A0020140A0120DE
:10518C0053544F508C6A002041524D004C08012062
:10519C001D0A0120906A0020350A0120340A0120E2
:1051AC001C090120E40901208454002078540020BB
:1051BC00280A01209C7100205354415443524153FE
:1051CC002DE9F04F89B0924C12F09CFE914B804629
:1051DC001B681846039305F041FD2378002B00F063
:1051EC0008818D4FFFF746FF80258C4C8C4E07F5C0
:1051FC00C049DFF864A2CDF8088005E0894A13683D
:10520C0001331360013D6DD0236B204632689A4206
:10521C0038BF336006F020F9002863DBF2D021465A
:10522C0006A805F0BFFF079B5345E7D1A36DD4E952
:10523C0010820193A2EB080B3A68BBF1110F02F13B
:10524C0001023A6048DD08227749404617F0FAFC23
:10525C00002841D198F80820002A3DD198F809205F
:10526C00502A39D198F80A1098F80B2002EB012239
:10527C000D2A31D998F8101098F8112002EB012260
:10528C00911EB1F5FF7F27D8D30725D402F1120167
:10529C008B4521D198F90F1098F80F0000291BDBD2
:1052AC0098F80E104FF0AA0E01EB00235F4901F1A4
:1052BC002A0BB1F800C0A3EB0C0063450EFB00FCFD
:1052CC0003D348888445C0F0C98006315945F0D1D4
:1052DC00BB680133BB6095E77B68013D03F10103BB
:1052EC007B6091D1524AD9F85830DDF808801468A7
:1052FC0023B1D9F85C30E31A642B49D8D9F864305F
:10530C00E31AB3F57A7F02D90023A9F86A30494E23
:10531C003378002B54D112F0F5FD474B1D68451B1B
:10532C00FFF71AFB80F00103DBB2CBB148F2352357
:10533C009D4215D9414A13680133136012F0E2FD06
:10534C003F4BA0EB08001A68824238BF18603D4BF7
:10535C001B68E41AB4F57A7F55D209B0BDE8F08F1A
:10536C000028EBD03178D1B148F235239D42E5D9F4
:10537C0099F86930002BE1D043F21B0232493348D3
:10538C0012F0F4FD002089F86900FFF767FCD5E7FF
:10539C003B6901333B610023C9F85830AEE72C4B15
:1053AC001B78012BCAD046F64B039D42C6D943F25B
:1053BC001B02264817F01AFD0120FFF74FFCBDE732
:1053CC00039805F0C9FD58B1224B1B68E31AB3F5DD
:1053DC007A7FA0D9D9F86030E31AB3F57A7F9AD9DD
:1053EC0000233370C9F85830A9F8693089F86B304C
:1053FC0091E741F63611094806F058FC003818BF01
:10540C0001202070EDE609B0BDE8F04FFFF760BC5D
:10541C00270A0120486A00204CA800204C090120D2
:10542C00E0A700208C77002084030020DC3D0020C6
:10543C001C0901201D0A01200C090120D07200203A
:10544C00DCA70020BC77002087D80020C077002084
:10545C00005800209C7100200A00007DA0EB0C007D
:10546C0000EB4000B0F5FF7F28BF4FF4FF70824285
:10547C008646FFF431AF8A880592D9F858205AB184
:10548C00D9F85C2001998A1A642A05D93A69013243
:10549C003A610022C9F85820D9F8642001998A1A77
:1054AC00B2F57A7F7BD90022A9F86A2098F80CB063
:1054BC00BBF1000F4FD0D9F858202AB13A6901320C
:1054CC003A610022C9F85820012289F868B0A9F87D
:1054DC006A20A3F17802012101FA02F3D9F85820CD
:1054EC001A42049357D1002A4DD005987246484B66
:1054FC0008F11201604400EB4000184412F036FD34
:10550C0007F5C043019A04995A669A6D0A434149BA
:10551C008A429A657FF476AE93F8693013B1FB69D1
:10552C000133FB6143F21B0239493B4812F01EFD6B
:10553C00019BC9F86030BBF1000318BF012389F847
:10554C006B30FB680133FB600023C9F85830012332
:10555C0089F8693056E6A3F17802012101FA02F3C9
:10556C00D9F858200493049B002112EA0300A9F8EF
:10557C006A1046D0BA698B46C9F858100132BA6124
:10558C003A6901323A61019BC9F85C30ADE799F890
:10559C006B20002A9DD0BB690133BB6132E698F8C1
:1055AC000CB099F86A10BBF1000F16D0002982D00C
:1055BC0099F868209345EAD0ABEB0202FF21FF3249
:1055CC00B2FBF1F1C1EB0121521A7F2A1BD8D9F899
:1055DC005820002A3FF475AF70E7A3F17802012040
:1055EC0000FA02F3D9F8582004930029BBD012B169
:1055FC003A6901323A610022C9F85820A9F86A20A8
:10560C00C1E783466FE77B6901337B61FAE500BF35
:10561C006CA80020FFFFFB1F87D8002010B49DF85A
:10562C000800049C00FB02229DF80C0000FB0333D5
:10563C00C2F307229DF80400C3F3072300FB0111FA
:10564C0093421846C1F3072128BF1046884228BF51
:10565C000846091A121A1B1A217005990A70DDE9FD
:10566C0006120B70107010BC704700BF01700372F3
:10567C0063B19200074B0232A3FB0212520802FBE9
:10568C0003F3B3F1553F88BF013292B202EB4202F1
:10569C0042607047ABAAAAAA70B51E46044682B0F7
:1056AC00D1E903359C46284608E001EB50011CF873
:1056BC0021E00CEB8101964515D3400820F0010147
:1056CC000028F2D143B305EB450503EB85018C456E
:1056DC0003D09CF8003093420CD000232046C4E940
:1056EC00003302B070BD00F1FF3E01F10C0CAEEBCB
:1056FC005000E3E7DCE9013526B9C4E90035204662
:10570C0002B070BD18462A460021019301F0D4F96D
:10571C00019BC4E90035F2E7BCF1000FD9D1DCE7FD
:10572C0090F87130012B1ED0012310B5044682B0C5
:10573C000C3084F8713000F0B3FE04F1300004F149
:10574C005001019001F002F8019800F0A9FEA26846
:10575C0012B9012002B010BD0021206801F0ACF993
:10576C00012002B010BD0020704700BF303000F0A7
:10577C006FBE00BF90F87130022B00F0E480436DD7
:10578C0002222DE9F04F446B85B0066B9C4280F8E9
:10579C00712000F0BE800123002E04EB440105466D
:1057AC0080F8703006EB810108BF00218E4200F0BA
:1057BC00CC80334600275A680C33974238BF1746C3
:1057CC008B42F8D107FB04F4AB68A34217D22868CC
:1057DC0000232B6008B100F025FD0121204600F0CC
:1057EC0001FD0422009069460DEB020001F060F906
:1057FC00019B28682B6008B100F014FD2E6BAC6087
:10580C00002E6FD06B6BB646B0464FF0000903EB21
:10581C004303CA460EEB8303984563D0E9682E68B0
:10582C008C46286998F800404E44024608E003EB89
:10583C0052031CF823B00CEB8303A34556D3520838
:10584C0022F00103002AF2D100295DD000EB4000C8
:10585C0001EB8000604503D09CF80030A34255D08A
:10586C00ACEB01013A4B01AA05F10C0089108DF843
:10587C00044003FB01F1CDE902AA00F0F5FED5E9E5
:10588C0003131A468C4608E000EB52001CF820E08B
:10589C000CEB8000A64530D3520822F00100002A00
:1058AC00F2D103EB430301EB8303914208BF0B4698
:1058BC00634504D09CF80020A24218BF9C460CF112
:1058CC00040CD5F830E0B94408F10C08CCE90067B9
:1058DC00BEF1000FA3D06B6B03EB43030EEB830302
:1058EC0098459BD1012005B0BDE8F08F02F1FF3B3C
:1058FC0003F10C0CABEB5202A2E702F1FF3E00F1FC
:10590C000C0CAEEB5202C8E70846A3E70CF1040CF2
:10591C00D9E7B4B13246036D002117781D78AF4238
:10592C007FF439AF57685D68AF427FF434AF177AB4
:10593C001D7AAF427FF42FAF01310C320C338C4205
:10594C00EBD1002328E70020704700273C4656E7A0
:10595C00ABAAAAAA00B5D0E90C3E0020002B0EEB96
:10596C004E0C03EB8C0C08BF4FF0000C634506D0BB
:10597C0059680C33884238BF08466345F8D100FBA0
:10598C000EF000BD10B51C464FF0000CD0E90C0316
:10599C00002803EB430E0B6000EB8E0E08BF4FF09C
:1059AC00000E704506D043680C309C4538BF9C46B1
:1059BC007045F8D1C2F800C00A680CFB02F22260F4
:1059CC0010BD00BF9DF8000000FB01119DF8040004
:1059DC0000FB02229DF80800091200FB033312128F
:1059EC00DDE9030CC3F3072301708CF80020059A42
:1059FC00069913709CF800200078934228BF134638
:105A0C00834228BF03460B70704700BF10B49DF84B
:105A1C000400049C00FB01119DF8080000FB02220D
:105A2C009DF80C00091200FB03331212059821702B
:105A3C001B1202700021DDE906020370117010BC0C
:105A4C00704700BF10B49DF8080000FB02229DF8BF
:105A5C000C0000FB0333C2F307229DF80400C3F3D0
:105A6C00072300FB0111079893429C46C1F30721C1
:105A7C0028BF94468C4528BF8C46BCF1540F11D8D6
:105A8C00A1EB0C01A2EB0C02A3EB0C030CEB4C0CEA
:105A9C00049C217005990A70069A137080F800C056
:105AAC0010BC70475439543A543B4FF0FF0CEFE79D
:105ABC002DE9F04FDFF858E09B469DF82440DEF8C6
:105ACC0000C09DF828509DF82C60DDE90C78DDE9CC
:105ADC000E9ABCF1000F10D0DCF800E0BEF1000F04
:105AEC0010D05B46F4460994CDE90E9ACDE90C78BA
:105AFC00CDE90A56BDE8F04F6047044BC3F800C02F
:105B0C00CEF80030DFF80CE0EBE700BF6C6B002048
:105B1C00686B0020CD2500002DE9F04F1C46274B6B
:105B2C0099B00E461F7815469DF888A09DF88C807C
:105B3C009DF8909007B308FB0555259A09FB044482
:105B4C00C5F307250AFB0666C4F307242B46C6F3E8
:105B5C000726A54228BF2346B34228BF3346F61A70
:105B6C00ED1AE41A1670269A1570279A1470289A52
:105B7C00137019B0BDE8F08F012211481A7000F0B3
:105B8C00CFF9602239468346684617F02FF96846EC
:105B9C0000F0BCFF0A230B49684617938DF8587028
:105BAC0001F0B8FA38466B46594640F2092200F02B
:105BBC0077F9684600F03CFBBDE700BF170A0120EF
:105BCC0080060020D40600202DE9F04F1C46274B00
:105BDC0099B00E461F7815469DF888A09DF88C80CC
:105BEC009DF8909007B308FB0555259A09FB0444D2
:105BFC00C5F307250AFB0666C4F307242B46C6F338
:105C0C000726A54228BF2346B34228BF3346F61ABF
:105C1C00ED1AE41A1670269A1570279A1470289AA1
:105C2C00137019B0BDE8F08F012211481A7000F002
:105C3C0077F9602239468346684617F0D7F86846EC
:105C4C0000F064FF0A230B49684617938DF85870CF
:105C5C0001F060FA38466B4659464FF4057200F075
:105C6C001FF9684600F0E4FABDE700BF190A0120ED
:105C7C00800600209007002000B59DF804C0032882
:105C8C0019D8DFE800F0130F050260469C46034666
:105C9C000298017003990A70049A82F800C0059A60
:105CAC00137000BD104662468446F1E70846614613
:105CBC0094460246ECE79C460023E9E730B5C0F376
:105CCC00021585B000F007009DF820E00DF1080CDE
:105CDC008DF8041000218DF806300DEB05039DF8AE
:105CEC00244083F808E00DEB00038DF805200A46EC
:105CFC001C72CBB202F11004013102F1010E9D4273
:105D0C006C4407D0984205D014F80C3C5FFA8EF224
:105D1C008CF8003005290CF1010CEAD19DF8083003
:105D2C000A9A0C9913709DF809300B9A13709DF810
:105D3C000A309DF80B200B700D999DF80C300A70F1
:105D4C000E9A137005B030BD2DE9F04FDFF864E00A
:105D5C009DF82490DEF800C09DF828A09DF82CB08A
:105D6C00109CDDE90C85DDE90E67BCF1000F10D04D
:105D7C00DCF800E0BEF1000F10D0F446CDE90F7452
:105D8C00CDE90D56CDE90BB8CDE9099ABDE8F04F38
:105D9C006047074BC3F800C0CEF80030002388F8EA
:105DAC0000302B7033703B702370BDE8F08F00BF58
:105DBC00746B0020706B0020194B30B51C7899B0B7
:105DCC0064B100231F9A1370209A1370219A1370D8
:105DDC00229A1370239A137019B030BD0122114806
:105DEC001A7000F09DF8602221460546684616F0B0
:105DFC00FDFF684600F08AFE0A230B49684617939C
:105E0C008DF8584001F086F920466B4629464FF430
:105E1C00BB7200F045F8684600F00AFAD1E700BF03
:105E2C00180A012050080020A8080020194B30B592
:105E3C001C7899B064B100231F9A1370209A1370C8
:105E4C00219A1370229A1370239A137019B030BDD3
:105E5C00012211481A7000F063F8602221460546B1
:105E6C00684616F0C3FF684600F050FE0A230B4943
:105E7C00684617938DF8584001F04CF920466B4654
:105E8C0029464FF4C27200F00BF8684600F0D0F9C6
:105E9C00D1E700BF1A0A0120500800202809002071
:105EAC00F0B50D4697B016461C4678B301282BD199
:105EBC00174F2146684601F093FB0021204600F065
:105ECC00E7F91DB12946204601F024F91149204675
:105EDC0001F020F93146204601F02CF939462046D4
:105EEC0001F018F9684601F0C5FA18B101462046D0
:105EFC0001F010F9204601F0BDFA00F0CFFD684624
:105F0C0000F096F917B0F0BD034FD2E7034FD0E77E
:105F1C0090090020A80900209C0900208409002079
:105F2C0000B50178864621B3034673294FF0000C67
:105F3C00184613F8012F0BD02F2901D05C2900D162
:105F4C00844682B11146184613F8012F7329F3D1F8
:105F5C00722AF6D159786329F4D199782F2901D076
:105F6C005C29EFD100BDBCF1000F02D00CF1010097
:105F7C0000BD704600BD00BF00B583B00422694669
:105F8C0000900DEB020000F093FD03B000BD00BFCC
:105F9C0000B583B00422694600900DEB020000F0BE
:105FAC0087FD03B000BD00BF014B08461B681847B6
:105FBC00A0540020401AB0FA80F04009704700BF8E
:105FCC00704700BF704700BF704700BF704700BFED
:105FDC00704700BF704700BF704700BF704700BFDD
:105FEC00704700BF704700BF704700BF03685B6815
:105FFC00184700BF00B583B0019015F0E5FD01987E
:10600C0003B000BD0A4B084600B583B01B68019174
:10601C0098470199034641B138B10A46B0FA80F16C
:10602C000190490916F0E2FE019B184603B000BD31
:10603C009C54002000B583B00421019012F036F876
:10604C00019803B000BD00BF10B582B008461946D8
:10605C001446019316F0A2F8034610B10199A1421F
:10606C0002D8184602B010BD0A1B2044002101932F
:10607C0016F0BCFE019B184602B010BD037E03B99E
:10608C00704700B5034683B0C068019315F09CFDC2
:10609C000022019B1A7603B000BD00BF28B14368F3
:1060AC00013302D0436801334360704715F084BD5F
:1060BC0015F08ABDF0B50D46012783B006461C20AD
:1060CC0015F07AFDEA190C4B0446476003608760B3
:1060DC001046019215F070FD019A03462776626115
:1060EC0004F10C02C4E90305C6E900243046002281
:1060FC005A5503B0F0BD00BF944200202DE9F04189
:10610C00064682B01C201546884615F055FD012325
:10611C006A1C074604464360836010460D4B01928F
:10612C0047F80C3B15F048FD019A0346E060C4E9C2
:10613C0004522DB141462A46019011F017FF019BE4
:10614C00002230465A550123C6E90074237602B06A
:10615C00BDE8F08194420020D1E900132BB15A68BC
:10616C00013202D05A6801325A60027A22B90122F5
:10617C00C0E9001302727047DFF824C0013A00B581
:10618C0085B05CF82220CDE902130190904701986C
:10619C000122DDE902130272C0E9001305B000BD53
:1061AC00684400204368CBB15A68013216D05A6853
:1061BC00013A5A6092B9196800B583B0019018463B
:1061CC008B689847019A50688368013B836033B9A8
:1061DC000368DB6803B05DF804EB1847704703B045
:1061EC0000BD00BF0E4B10B582B01B680446019178
:1061FC0098470199034600280CBF002101F00101CA
:10620C0019B1B4FA84F1490914B9184602B010BD99
:10621C002246019016F0EAFD019B184602B010BD13
:10622C009C540020014B1B68184700BFA054002051
:10623C00027D034602B970470649013A0C3051F809
:10624C00222000B583B001939047019B184603B000
:10625C0000BD00BF68440020027D12B903681844D9
:10626C007047013A002300B5022A83B0CDE9000340
:10627C0002DD184603B000BD044B69460C3053F8E0
:10628C0022309847019803B000BD00BF7444002031
:10629C000346002000B51A7D83B09860901E01283B
:1062AC000ED80D49013A03F10C00019351F822204C
:1062BC009047019B002219681A755A5403B000BD0F
:1062CC00012A01D10029ECD11846FFF7C5FF0023A4
:1062DC00037003B000BD00BF684400202DE9F041FD
:1062EC001746C26890B00446402A0E4604D8002ACD
:1062FC002DD110B0BDE8F0810069114603689B6890
:10630C009847E268054652B9002DF2D02946D4E9E7
:10631C0003200368DB68984710B0BDE8F081314674
:10632C0011F024FEE268002AEED04FF0010830464E
:10633C00394611F01BFEE2681AB13846294611F0B5
:10634C0015FEB8F1000FD4D0002DDFD1D1E768468F
:10635C0011F00CFEE268002ACBD06D464FF000081D
:10636C00E5E700BFC36970B50D4682B0044601680D
:10637C001BB183690344994203D011B16369002BAB
:10638C0037D0E16805FB01F100292BD020690368A7
:10639C009B689847034628B3626882B12168F9B1BB
:1063AC00D4F814C0BCF1000F35D0DCF814300190D7
:1063BC00984762696168926920689047019BE2691D
:1063CC0021688AB961B1D4F80CC02069A268019324
:1063DC0002FB0CF2D0F800C0DCF80C309847019BA3
:1063EC002360A56002B070BDA26922449142E9D13C
:1063FC00F6E7D4E90330A268D0F800C003FB02F240
:10640C0005FB03F3CBB1DCF81060B0470028B8D023
:10641C002060A560E6E7D4F80CC00CFB02F23AB998
:10642C00E269002AD1D0A26922449142CDD1D7E7AA
:10643C00019011F09BFD019BC1E7DCF80C309847F3
:10644C009FE700BF83688B4200D37047FFF78ABF7A
:10645C0038B543680D4682680446591C914209D9E7
:10646C0002EB42025208914238BF1146FFF77AFF05
:10647C00D4E9013293420BD2E2682068616903FBD4
:10648C00020031B10B682946984763680133636099
:10649C0038BD002AFAD0294611F068FD6368F5E78B
:1064AC000346006868B1596859B15A694AB1926992
:1064BC0000B583B001939047019B00225A6003B052
:1064CC0000BD00225A607047002A3BD02DE9F843EA
:1064DC0043680D468B4233D956185F1A90460446D2
:1064EC00B34241692FD251B3B8464FF000097E191F
:1064FC002F4600E06169E06823688A6800FB07307A
:10650C0001379047BE42F5D1B9F1000F14D04F4678
:10651C002F442368E068626900FB063605FB0030F7
:10652C0053683146013598476369304608EB0506D8
:10653C009B689847AF42ECD16568A5EB0805656090
:10654C00BDE8F8837047A7EB02090029D0D1B9F157
:10655C00000F03D0C06800FB09F212B9A3EB0805C9
:10656C00EDE7236800FB063100FB053016F0ACFBB1
:10657C00E2E700BF43688B4200D870470122FFF767
:10658C00A3BF00BF2DE9F041D0E901630F460446DB
:10659C00711C9046994240D835469D423BD2BE4232
:1065AC00E268636928BF3E4621681046002B3FD045
:1065BC00AE4228D202FB05F05B68821A08441144F3
:1065CC0098476568013DB54213D92268E068636954
:1065DC0000FB05209B689847E368216805FB03F0E6
:1065EC006269013DC31A5268084419449047B54288
:1065FC00EBD82368E06800FB063063699B6898471A
:10660C0063692168E06800FB06101B6841469847E7
:10661C00636801336360BDE8F08103EB43035B08FF
:10662C00994238BF1946FFF79DFED4E90153B4E7F0
:10663C00AE4202FB061303D2AD1B02FB05F535B9C6
:10664C00002AE5D04146184611F090FCE0E702FB29
:10665C0006202A460844194616F036FBE2682368E1
:10666C0002FB0633ECE700BF2DE9F041D0E90163F2
:10667C000F460446711C9046994240D835469D42BF
:10668C003BD2BE42E268636928BF3E462168104691
:10669C00002B3FD0AE4228D202FB05F05B68821A79
:1066AC000844114498476568013DB54213D92268E6
:1066BC00E068636900FB05209B689847E3682168E4
:1066CC0005FB03F06269013DC31A52680844194482
:1066DC009047B542EBD82368E06800FB063063694D
:1066EC009B68984763692168E06800FB06105B684B
:1066FC0041469847636801336360BDE8F08103EB62
:10670C0043035B08994238BF1946FFF72BFED4E9C7
:10671C000153B4E7AE4202FB061303D2AD1B02FBDE
:10672C0005F535B9002AE5D04146184611F01EFC96
:10673C00E0E702FB06202A460844194616F0C4FA84
:10674C00E268236802FB0633ECE700BF2DE9F04159
:10675C000D46C1690446EE69E1B92A6886B921681B
:10676C002260A3682960D5E90102A2606268AB606F
:10677C00236960606A602A6922612B61BDE8F0813F
:10678C00AB692B449A42EAD1324623460E462C463C
:10679C0011461D46A269236822449342DDD16168EB
:1067AC002F680A46CEB1A8692844B84233D08E422D
:1067BC00D5F8088013D36369AE602860F3B15B69C8
:1067CC00216898476369D4E900019B69984762681E
:1067DC0068682760C4F80880CAE7D5F80880E068C4
:1067EC0000FB01F100296ED0286903689B6898476B
:1067FC00626863692860AA60002BE0D1002AE7D0A8
:10680C00E36802FB03F3002BE2D01A46216811F077
:10681C00ADFB6268DCE76A6852EA010055D08A4237
:10682C004FF0000638BF0A46904612E0002A30D0DE
:10683C00536839469847E8682B6800FB0630636953
:10684C009B689847616801360A46464517D22F68FF
:10685C002368E868B142D4F80CC000FB0677626983
:10686C000CFB0630E2D96B68B3420AD922B301366D
:10687C00136939469847616846450A46E7D3686804
:10688C0076E77AB15368014638469847E068236842
:10689C00D3E7BCF1000FD6D03946624611F066FB47
:1068AC006168D0E7BCF1000FCDD001466246384696
:1068BC0011F05CFB6168C6E701463A462046FFF7DB
:1068CC000DFD6168BFE7084693E7024650E700BF3D
:1068DC00F8B5044600680E4628B1616819B16369C1
:1068EC000BB19B699847002363607168B1B1A368D1
:1068FC00994214D86369F3B1002500E063693168EB
:10690C00E0682268F76800FB05201B6807FB05118F
:10691C000135984771688D42F0D36160F8BD20460F
:10692C00FFF720FD7168A3688B42F7D3636913B13D
:10693C000029E1D1F1E7E26801FB02F2002AECD078
:10694C003168206811F012FB7168E6E703460068B5
:10695C0000282DD0596800B583B009B35A694AB3E1
:10696C00926901939047019B0021DA69186859607C
:10697C001AB19A691A4490420FD070B1D3F810C072
:10698C000193D3E9022101FB02F201466046DCF8D7
:10699C0000C0DCF80C309847019B184603B000BDD2
:1069AC00DA69002AEAD09A691A449042E6D1F4E7EF
:1069BC0018467047D9695A600029F4D1DEE700BF48
:1069CC00F0B5C70F0E4685B001460A2A14BF002742
:1069DC0007F0010707B141426C4691B3B1FBF2F0ED
:1069EC0002FB101E82BBBEF1090F0DF1010C22DD62
:1069FC000EF1570E63468DF800E0302203E00CF1E7
:106A0C00010C1A706346A342F9D0181B1FB12D223A
:106A1C00013006F8012BA34209D9324613F801EDD7
:106A2C00A34202F801EBF9D1ACEB03031E440023A3
:106A3C00337005B0F0BD0EF1300E63468DF800E0FA
:106A4C00DBE7EC466B46D8E7EC466B460BE00CF10B
:106A5C00010C8A421D700146634619D8B0FBF2F551
:106A6C0002FB150E2846BEF1090F0EF15705EEDCA0
:106A7C000EF1300E0CF1010C8A4283F800E06346F3
:106A8C00BBD80146B0FBF2F502FB150E2846EAE72F
:106A9C006346B2E701F076BC01F07ABC10B1034B4F
:106AAC001B7803B9704702F02DBA00BFFE570020C7
:106ABC0002B9704711F05ABA02B9704716F096B97C
:106ACC0015F07AB815F080B8044B1A68D20701D5C6
:106ADC0003487047012202481A607047A4640020E2
:106AEC000C5500204368013302D0436801334360E6
:106AFC00704700BF4268013206D04268013A4260DA
:106B0C00B2FA82F0400970470020704710B500219E
:106B1C000446182340228160C0E9003218442175D4
:106B2C0016F064F9204610BD70B5044682B00846D4
:106B3C000E4616F00DFF013015F03EF805463046B6
:106B4C00256016F005FF431C0246C4E9010328B179
:106B5C0001903146284611F009FA019A002320468B
:106B6C00AB5402B070BD00BFF0B5561C05461446C0
:106B7C0083B030460F4615F01FF803462860C5E970
:106B8C0001462CB139462246019011F0EFF9019BD8
:106B9C00002228461A5503B0F0BD00BF10B583681B
:106BAC004C1C82B0D0F800C09C4205D80023416038
:106BBC000CF8013002B010BDCDE900012146604651
:106BCC0015F0ECFA0021DDE90032C3E900029C600B
:106BDC00815402B010BD00BF03464068D8B1426872
:106BEC00013218D04268013A4260A2B9026800B57D
:106BFC0083B0926801939047019B58688268013A70
:106C0C0082601AB90268D2689047019B0022C3E9DE
:106C1C00002203B000BD0022C3E90022704700BF70
:106C2C00037D032B20D8DFE803F01B050202C368A9
:106C3C001846704700B585B0D0E90323CDE902238F
:106C4C002BB15968013102D0596801315960136870
:106C5C0002A80193FFF7C0FF019B184605B000BDC9
:106C6C000368034418467047004BE1E78814002082
:106C7C00037A23B1024A013B52F82330184770477C
:106C8C00684400200000000010B5037D86B0044667
:106C9C00012B03D104F10C0006B010BD1C2014F024
:106CAC008BFF0346012122481A46019359609960D3
:106CBC0042F80C0B0846009214F07EFF019B4FF03B
:106CCC00000C009A012180F800C0D8605868197631
:106CDC0001309FED157BCDE90223CDE9042383ED33
:106CEC00047B02D0596801315960217DA9B94FF05C
:106CFC00010C0021002084F814C0CDE90401C4E982
:106D0C00032304A8FFF768FF02A8FFF765FF237DA4
:106D1C00012BBFD0002006B010BD04F10C00FFF712
:106D2C00A7FFDDE90423E2E70000000001000000FA
:106D3C00944200202DE9F04385681746037D8BB003
:106D4C00154404469A1E0091012A1FD8FFF768FFCC
:106D5C00A2680346691C60681646002B18BF002AFF
:106D6C0014BF0122002281422AD8002A40F0CA8096
:106D7C002068002F65D1204400264655237D002B2A
:106D8C006CD1A56028460BB0BDE8F083012B00F058
:106D9C00C0806B1C6268934266D820683FB1A368C0
:106DAC003A4600991844204411F0E0F82068204439
:106DBC000023A5604355A56828460BB0BDE8F083B9
:106DCC00294608A8CDE90223FFF774F9089B099816
:106DDC000193069381460790FFF760F908A8FFF727
:106DEC00FBFEDDE90223002A40F0FB80019B4846B4
:106DFC00CDE90839FFF752F937B13A46DDE900130E
:106E0C001868304411F0B2F808A8FFF7E5FE0199B4
:106E1C0048460022CDE90819FFF740F90B6808A88D
:106E2C005A55FFF7D9FE04F10C0006A9FFF794F9A7
:106E3C0006A8A560FFF7D0FEA56828460BB0BDE8F4
:106E4C00F08330443A4600990026204411F08EF825
:106E5C00206820444655237D002B92D004F10C0071
:106E6C00FFF706FF26758CE70DF1200829464046F2
:106E7C00FFF720F9099A089B1046164607920193D2
:106E8C000693FFF70BF94046FFF7A6FE019B304631
:106E9C00CDE90836FFF702F9A2682AB12168019BF7
:106EAC002144186811F062F84046FFF795FE019BEB
:106EBC003046CDE90836FFF7F1F83FB13A46DDE947
:106ECC0000131868A368184411F050F84046FFF7F7
:106EDC0083FE019930460022CDE90816FFF7DEF853
:106EEC000B6840465A55FFF777FE04F10C0006A9D3
:106EFC00FFF732F906A8A560FFF76EFE28460BB027
:106F0C00BDE8F083206819463246204411F02EF873
:106F1C002EE7FFF7B9FE4368002B73D05A68013295
:106F2C0070D05B68012B6DDD237D012B7FF431AFBD
:106F3C000DF1200829464046FFF7BCF8099A089B3A
:106F4C0010460592019316460493FFF7A7F84046A6
:106F5C00FFF742FE2046FFF797FE019B02463046A4
:106F6C00CDE90636FFF79AF8019BD2E900101B68B1
:106F7C00CDE908100293FFF791F8A2681AB10968DD
:106F8C00029810F0F3FF4046FFF726FE06A8FFF725
:106F9C0023FE019B3046CDE90836FFF77FF83FB161
:106FAC003A46DDE900131868A368184410F0DEFFB8
:106FBC004046FFF711FE019930460022CDE9081634
:106FCC00FFF76CF80B6840465A55FFF705FE04F1C5
:106FDC000C0004A9FFF7C0F804A8A560FFF7FCFD9E
:106FEC00D0E602934846019B3246CDE90839FFF7BB
:106FFC0055F8DDE90131186810F0B8FF08A8FFF763
:10700C00EBFDF3E620460DF12008FFF73DFE0346AD
:10701C0040681A68029309900892FFF73FF892684B
:10702C0040460192FFF7D8FD691C019A029B9142E0
:10703C0024D858681A68019309900892FFF72EF823
:10704C00019B3FB110683A46A7680099384410F08C
:10705C008DFF019B40460093FFF7BEFD009BA56092
:10706C000021D3E90020CDE90820FFF717F81368B9
:10707C0040465955FFF7B0FDA56883E61A68586875
:10708C0008920990FFF70AF8136840460193FFF73E
:10709C00A3FD05EB4501029B4908186803298446AA
:1070AC00586838BF0321DDE90062964206D3A26816
:1070BC00019E01323244009E96420DD362460193EA
:1070CC00CDE908C0FEF7EAFF1046FFF767FD404622
:1070DC00FFF782FD019BACE7019AB61A6246CDE937
:1070EC0008C0FEF7DBFF1046FFF758FD4046FFF7E0
:1070FC0073FD029B58681A68099001930892FEF779
:10710C00CDFF1268404693190093FFF765FD019B74
:10711C008FE700BF10B5044682B00846019116F007
:10712C0017FC019902462046FFF704FE204602B0E8
:10713C0010BD00BF30B591B004460D464022002171
:10714C00684615F053FEE26D69462846FFF738FC99
:10715C00694602462046FFF7EDFD11B030BD00BF79
:10716C0030B5044687B008460D4616F0F1FB0346D1
:10717C0060685A1C217DA360824209D8002963D122
:10718C0020682946204407B0BDE8304010F0EEBE20
:10719C00012931D01C2014F00FFD03463648012282
:1071AC00294603F10C05186000205A601876284611
:1071BC009A600093FFF7B8FC009B012259681A767D
:1071CC000131CDE90253CDE9045302D05A680132A2
:1071DC005A60227D002A40D1012200200021227514
:1071EC00C4E90353CDE9040104A8FFF7F5FC02A898
:1071FC00FFF7F2FC07B030BD2046CDE90023FFF7C6
:10720C0043FD4168DDE9002329B14868013002D013
:10721C0049680129BEDC2046CDE90023FFF734FD87
:10722C00D0E90040CDE90440FEF738FFA168009A90
:10723C008A4205D8019B2068B3B90022C25463600E
:10724C0004A8FFF7C9FCD5E704F10C000092FFF786
:10725C000FFD0023009A237592E704F10C00FFF751
:10726C0007FDDDE90453B7E71A462946009310F0F1
:10727C007DFE2068009BE0E79442002038B5402258
:10728C000446002318200D462375194684E80D008A
:10729C00201815F0ABFD1DB129462046FFF760FF05
:1072AC00204638BD10B5D0E9002388B00C46002B21
:1072BC0055D05968013102D0596801290EDCCDE94D
:1072CC0006235968013102D059680131596013689D
:1072DC0006A86360FFF780FC08B010BDCDE902235F
:1072EC005968013102D0596801315960236804A8EA
:1072FC0011689A680193FEF701FF019BDDE9041206
:10730C00CDE906122AB15068013002D05068013024
:10731C005060187DD0B90020C3E90312012200216E
:10732C00CDE906011A7506A8FFF756FC04A8FFF76D
:10733C0053FC02A8FFF750FC2068FFF7A5FCD0E92E
:10734C000023CDE90623002BBBD1C0E703F10C00D1
:10735C000193FFF78DFC019BDDE90612DBE7CDE91C
:10736C000623B4E70000000070B5027D88B0034628
:10737C00022A20D0032A01D008B070BDC1680029B0
:10738C0064D00269406802F1010C9A6084451BD8F4
:10739C001868002A4BD11A44002111541A7D002A76
:1073AC00EAD003F10C000193FFF762FC019B002172
:1073BC00197508B070BDC168002947D0D0E9010229
:1073CC0002F1010C8445E3D91C2001914FF0010618
:1073DC00CDE9022314F0F0FB04460120029A019936
:1073EC0004F10C056060A06021482060002020762C
:1073FC002846FFF7B9FB20462676CDE90454FEF764
:10740C004DFE039B03F10C000193FFF731FC019B34
:10741C0006A81E759FED147BC3E903548DED067B06
:10742C00FFF7DAFB04A8FFF7D7FB08B070BD1844D0
:10743C000292019310F09AFD019B0021029A1868A8
:10744C001A4411541A7D002A96D0AAE7996003F1C8
:10745C000C00CDE90131FFF70BFC019B02991A6876
:10746C001975995488E700BF000000000000000067
:10747C009442002000B5037D85B00246032B22D038
:10748C00032B2FD8DFE803F01A060202D368184644
:10749C0005B000BDD2E90313CDE902132BB15A6834
:1074AC00013202D05A6801325A600B6802A801936B
:1074BC00FFF792FB019B184605B000BD13681344FF
:1074CC00184605B000BDC368002BE0D00169002947
:1074DC00DDD0595C0029DAD00190FFF745FF019A05
:1074EC00137DCDE7004BD2E78814002030B50B7D1F
:1074FC0087B004468D68012B50D06A1C43689A42B1
:10750C0013D8037D002B50D108460092FFF7B2FF31
:10751C00009A12B9A56007B030BD23680146E01887
:10752C0010F024FDA56007B030BD0846FFF7A2FFA0
:10753C0000901C2014F040FB01220346009942608D
:10754C00826000F10C022548019318600020009223
:10755C0018761046FFF7E8FA019B4FF001025968C4
:10756C001A760131009ACDE90223CDE9042302D029
:10757C00596801315960217D41BB012104A8C4E93E
:10758C000323002200232175CDE90423FFF724FBFC
:10759C0002A8FFF721FBA56007B030BD0C310C3001
:1075AC00FEF7DAFDA56007B030BD0C30CDE9002147
:1075BC00FFF75EFB0023DDE90021237508460092EE
:1075CC00FFF758FF009A002AA4D0A6E704F10C009C
:1075DC00FFF74EFBDDE90423CFE700BF9442002008
:1075EC0038B540220446002318200D462375194651
:1075FC0084E80D00201815F0F9FB20462946FFF70A
:10760C0075FF204638BD00BF38B50D460446084608
:10761C00FFF730FFAA6801462046FFF78BFB204698
:10762C0038BD00BF10B50C46086882B0FFF79CFE51
:10763C002068037D012B04D003681844606002B0FD
:10764C0010BDFFF721FBD0E90023CDE900232BB1BE
:10765C005968013102D05968013159601368684684
:10766C006360FFF7B9FA02B010BD00BF10B50C464D
:10767C00086882B0FFF778FE2068037D012B04D0E8
:10768C0003681844606002B010BDFFF7FDFAD0E942
:10769C000023CDE900232BB15968013102D0596880
:1076AC0001315960136868466360FFF795FA02B0C0
:1076BC0010BD00BF044B002000210022C3E9400193
:1076CC0083F80821704700BF80630020704700BF1B
:1076DC0000F042BE014B0360704700BF0C4200201B
:1076EC00104B196809B10846704710B582B00E4CA2
:1076FC000191FFF7E9F90199202220614FF0080C64
:10770C00A018C4F80CC0C4E905121022E261A260F2
:10771C008022C4E9000115F069FB024B20461C6075
:10772C0002B010BDC46A0020C86A002030B50546FE
:10773C00006883B014466B68002800EBC3030CBFD1
:10774C004FF0000C9C46034603E01A680833914244
:10775C0015D06345F9D160458E4612D0034602E040
:10776C00083363450DD05968A142F9DA1B1A6A46F1
:10777C002846CDF800E0D9100194FEF703FF03B0C2
:10778C0030BD69462846CDE900E4FEF761FE03B042
:10779C0030BD00BF30B4D0E90024002A02EBC40C89
:1077AC00134608BF4FF0000C03E01D68A94204D03B
:1077BC0008336345F9D130BC7047002CFBD09B1AC1
:1077CC0030BCD910FEF7D6BEF8B51D4E04461D4B85
:1077DC0035680360C5B1D5E900311A1E03EBC10150
:1077EC0018BF0122002A08BF002103E01A680833E1
:1077FC00944203D08B42F9D12046F8BD284621464D
:10780C00FFF7C8FF2046F8BDFFF75EF90E4F2023A7
:10781C00294638610820BB6110238022F860FB6187
:10782C00BB6007F120037D6118467D603B603D46DF
:10783C0015F0DCFA0122034601463760D2E700BF9F
:10784C00C46A00200C420020C86A002010B504460F
:10785C00FFF7BAFF0421204610F028FC204610BD8B
:10786C0070B5A8B00446FFF72FF9002108AB082229
:10787C0001910093039280229FED157BCDE90401C9
:10788C00184610238DED067B029315F0AFFA2146B6
:10789C006846FFF71DF8009C94B1019D04EBC505EB
:1078AC00A5420DD00C4E02E00834AC4208D0206842
:1078BC0003689B68B342F7D008349847AC42F6D1C2
:1078CC006846FFF743F828B070BD00BFAFF30080E7
:1078DC002000000010000000752F000000000000C8
:1078EC0070B5A8B00446FFF7EFF8002108AB0822EA
:1078FC0001910093039280229FED157BCDE9040149
:10790C00184610238DED067B029315F06FFA214675
:10791C006846FEF7DDFF009C94B1019D04EBC505A4
:10792C00A5420DD00C4E02E00834AC4208D02068C1
:10793C000368DB68B342F7D008349847AC42F6D101
:10794C006846FFF703F828B070BD00BFAFF30080A6
:10795C002000000010000000792F00000000000043
:10796C0070B5A8B00446FFF7AFF8002108AB0822A9
:10797C0001910093039280229FED157BCDE90401C8
:10798C00184610238DED067B029315F02FFA214635
:10799C006846FEF79DFF009C94B1019D04EBC50564
:1079AC00A5420DD00C4E02E00834AC4208D0206841
:1079BC0003681B69B342F7D008349847AC42F6D140
:1079CC006846FEF7C3FF28B070BD00BFAFF3008060
:1079DC0020000000100000007D2F000000000000BF
:1079EC002DE9F041A8B004460E461746FFF76CF897
:1079FC00082300210490039308A8102380220591EA
:107A0C000191029300909FED147B8DED067B15F098
:107A1C00EDF921466846FEF75BFF009CACB1019D79
:107A2C0004EBC505A54210D0DFF8348002E0083421
:107A3C00AC420AD0206803685B694345F7D0083430
:107A4C003A4631469847AC42F4D16846FEF77EFF81
:107A5C0028B0BDE8F08100BF20000000100000003D
:107A6C00812F0000704700BF10B40023D1E9004201
:107A7C00C1E900330460426010BC70470023C0E9C8
:107A8C0000337047D1E90023C0E9002313B1184635
:107A9C00FFF728B8704700BFBAB100EBC20C0B1D42
:107AAC00002230B408304C6853F8045C083160454F
:107ABC0043F8042C40F8085C03F1080341F8042C4B
:107ACC0040F8044CEED130BC70477047D1B170B562
:107ADC000E4604460025606878B1FFF70BF860B1DC
:107AEC00606803689B689847626893681046013B1E
:107AFC00936013B91368DB68984701350834AE42BC
:107B0C00E9D170BD704700BF4368A3B110B50446FE
:107B1C001846FEF7EFFF68B1606803689B689847EA
:107B2C0060688368013B836023B90368BDE810403B
:107B3C00DB68184710BD70470023814210B582B036
:107B4C00D0E900C2C0E900334B6806D00C68C0E92C
:107B5C000043C1E900C202B010BDC1E900C2002B54
:107B6C00F9D018460193FEF7C5FF0028F3D0019B0E
:107B7C001A68184692689047019B9A68013A9A6075
:107B8C00002AE8D11A681846D36802B0BDE8104044
:107B9C00184700BF38B5046874B1456804EB850517
:107BAC00A54209D054F8043B1846002BF8D01B68AA
:107BBC009B689847A542F5D138BD00BF70B5946855
:107BCC00B0B0002C35D02C480D460192FEF7A8F928
:107BDC0060220021064600240DEB020015F006F988
:107BEC0018A8FEF793FF0A22244902A82F928DF8B9
:107BFC00B840FFF743FB02A918A8FFF705FD29467B
:107C0C0018A8FFF797FA1E4918A8FFF783FA0199ED
:107C1C0018A8FFF7F9FC18AB314620467222FEF784
:107C2C003FF902A8FEF704FB18A8FEF701FB30B0E1
:107C3C0070BD11480E46FEF773F9602221460546C9
:107C4C000DEB020015F0D2F818A8FEF75FFF0A231F
:107C5C000A4902A82F938DF8B840FFF70FFB02A931
:107C6C0018A8FFF7D1FC314618A8FFF763FA18AB38
:107C7C00294620467422D2E7AC090020080A0020CD
:107C8C00400A00202DE9F047054696B0FEF702FFAA
:107C9C006B68B3B1804600242B68E70053F83400BE
:107CAC0003EBC406E0B103685B6C984760B12B68CA
:107CBC00DE19002B50D06A6803EBC203B3420CD020
:107CCC009AB916B0BDE8F087306820B10368414618
:107CDC00DB6B984788B901346A68A242DCD8F0E7BC
:107CEC00002BE8D16A68002AEBD0F9102846FEF781
:107CFC0041FC6A68A242CFD8E3E73068002842D042
:107D0C00036841469B6B9847306800283BD003685A
:107D1C00DB6998470346306803B30028DBD003685F
:107D2C00DB6C984730680028D5D003689B6A98476D
:107D3C000028D0D0306820B103689B6A984701288E
:107D4C00C9D0D5E9003203EBC200D919002B18BFFA
:107D5C0003469942B4D1C0E76A68AFE798B10368AB
:107D6C005B6998473168814671B10B686846EA4691
:107D7C005B6A9847284649465246FFF71FFF504614
:107D8C00FEF756FACEE7814668460249EA46FFF707
:107D9C0075FAEFE788140020694B2DE9F047D3F80A
:107DAC0000809AB00446B8F1000F0AD098F8003061
:107DBC0063B1644B1C78002C00F09F801AB0BDE8B6
:107DCC00F087614A82F8008090461A60012301F026
:107DDC00020701F0040601EA030988F80030FEF7F7
:107DEC005BFE0546B9F1000F0ED1002E32D054BB0C
:107DFC00FFF738FE002F46D1FEF74EFE002388F821
:107E0C0000301AB0BDE8F087DFF86CA1DAF800009A
:107E1C0000284DD0DFF864A1FFF734FFDAF800300A
:107E2C00002B33D01846FFF7B5FEDEE7B7B9FEF7E7
:107E3C0033FE431B9C42E1D95045DFD0B9F1000F12
:107E4C00E2D1002EF2D000F05DFA03684FF47A71A3
:107E5C009B6A984705EB040A002FE8D0FEF71CFE3E
:107E6C00431B29199C42E2D9091AE0D0019100F078
:107E7C0049FA01990368B1F57A7F9B6A28BF4FF4E0
:107E8C007A719847D3E7FEF707FEB5E70193FEF743
:107E9C001BFE2E4A019B10619360D361CAF800202F
:107EAC00C2E90033C2E905330423D3601346B9E7B2
:107EBC00FEF70AFE264B1A6812F0010F254A0BD169
:107ECC0025491160254951602549D1602549116129
:107EDC002549516101211960244BC3E90402002298
:107EEC001846CAF800309A60C3E90022C3E906229A
:107EFC000822DA6001221A628CE701221C481A70EF
:107F0C00FEF70EF860222146054602A814F06EFF1B
:107F1C0002A8FEF7FBFD0A23164902A819938DF857
:107F2C006040FFF7F7F802AB4F2229462046FDF7D9
:107F3C00B7FF02A8FEF77CF91AB0BDE8F08700BFC6
:107F4C00BC6A00201B0A0120C06A0020306C002093
:107F5C00A0640020F0540020354A0000194A0000AB
:107F6C002D4A0000E94A0000494A0000546C0020E8
:107F7C00500A0020AC0A0020506C00202C6C002011
:107F8C0000207047704700BF01230371704700BF8A
:107F9C0001207047704700BF0020704701207047D8
:107FAC00002070470020704700207047704700BFCA
:107FBC00704700BF00207047EFF30580003818BFF2
:107FCC000120704741B14B6833B11868034BC01A9C
:107FDC00B0FA80F04009704701207047DEC0ADDE7A
:107FEC00704700BF704700BF0B780370D1E90123C5
:107FFC00C0E90123704700BF0B780370D1E901235E
:10800C00C0E90123704700BF0023C0E9003383603F
:10801C00704700BF10B591F800E090F800C080F8F0
:10802C0000E04C68D0E9012344608C68846081F8DE
:10803C0000C0C1E9012310BD704700BF704700BFED
:10804C0000B583B00421019010F030F8019803B012
:10805C0000BD00BF00B583B00421019010F026F8DC
:10806C00019803B000BD00BF08B50C2010F018F843
:10807C000023C0E90033836008BD00BFB2F5806FF8
:10808C0038BF4FF48062F0B5104699B00F461546D4
:10809C00FEF716FD0646B8B10C2010F001F81A4B8D
:1080AC000446682233607319002123F00703C0E9EA
:1080BC000165A3F1680014F099FE47F001022060FD
:1080CC004266204619B0F0BD1048FDF729FF60222A
:1080DC0004463146684614F089FE6846FEF716FDE4
:1080EC000A230B49684617938DF85860FFF712F86E
:1080FC0021466B46C9223046FDF7D2FE684634460F
:10810C00FEF796F8DDE700BFDEC0ADDEE40A002026
:10811C00540B002099B148680B4660B100B583B090
:10812C000191FEF7CFFC019B0C21184603B05DF8C2
:10813C0004EB0FF0BBBF0C2118460FF0B7BF704714
:10814C000FF0E0BE8AB102EB420200EB820210B4E7
:10815C000B780C300C3100F80C3C904251E9024386
:10816C0040E90243F4D110BC70477047064B10B580
:10817C0004460360FFF7B4FA2146FFF70BFB2046D9
:10818C00FFF722FB204610BDAC420020084B10B577
:10819C0004460360FFF7A4FA2146FFF7FBFA2046DA
:1081AC00FFF712FB204608210FF080FF204610BD80
:1081BC00AC420020114A136813B1186828B17047FB
:1081CC000F49C1E900330B4611600E4A106800B527
:1081DC0083B038B10268526901939047019B1860D3
:1081EC0003B000BD084908680028F3D10748DFF840
:1081FC0024C0074AC0F800C00860EDE7C46C00203A
:10820C00C86C002070690020D06C0020D46C002059
:10821C00594F0000EC42002038B51C4B05461C6839
:10822C0054B123681B6A2046984720B9184B1B6829
:10823C0063B15A6882B138BD164A1468002CF0D16B
:10824C00154C1649164B21601460ECE7154A104981
:10825C00C2E9003313460A6001225D6085F8622092
:10826C00FFF7A8FF236801462A68DB692046984778
:10827C00074B1B6813B100225A6038BD094A0449E8
:10828C00C2E900330A601346F5E700BF70690020AD
:10829C00C46C0020D06C0020D46C0020EC42002078
:1082AC00494F0000C86C00202DE9F04FF1EE104A48
:1082BC0010B42DED108AC0F800D0EFF3148414F034
:1082CC00020F0AD181F3098844F0020472B684F3D8
:1082DC001488BFF36F8F62B609E081F3088824F02D
:1082EC00020472B684F31488BFF36F8F62B6BDECD0
:1082FC00108A10BCE1EE104ABDE8F08F08461168F8
:10830C00FFF7D2BF104B1A680AB1104670470F49DD
:10831C0000B583B00846C1E900220192FFF7DAF9F3
:10832C000A49019A0A480A710860FFF7D9F9019ABB
:10833C000649FFF7FBF905490648034B0860084658
:10834C00196003B000BD00BFD86C0020DC6C0020AD
:10835C00AC42002020430020074A084BDFF820C025
:10836C0051681B68ACFB03C39B0C03FB00F0536808
:10837C005B1A9842FBD87047001000E08054002034
:10838C0083DE1B43014B1868704700BF1C0901209A
:10839C000FF0B8BD3629034605D9244A07CA83E82D
:1083AC0007001846704722480A018258C2F38732E8
:1083BC00032A05D91F4A07CA83E8070018467047E5
:1083CC001B290FD8DFE801F01E1E0E0E0E0E0E2319
:1083DC00230E0E1414140E0E191928280E0E0E0E40
:1083EC000E0E2D2D002201215A6019709A60D8E7CB
:1083FC00114A07CA83E80700D3E7104A07CA83E883
:10840C000700CEE70E4A07CA83E80700C9E70D4A02
:10841C0007CA83E80700C4E70B4A07CA83E80700CA
:10842C00BFE70A4A07CA83E80700BAE79C030020A3
:10843C00B8480020A8030020CC030020F003002043
:10844C00B4030020C0030020E4030020D803002064
:10845C0000B5036883B0CDE900126BB1426803EB41
:10846C00C20C634502D107E09C4505D01A6808335D
:10847C009142F9D103B000BD6946FDF7E9FF03B0A5
:10848C0000BD00BFF8B50468002C40D047680D460D
:10849C00064604EBC707A74239D02068A84201D092
:1084AC00636898470834A742F7D137687FB3D6F88A
:1084BC0004E007EBCE0C674529D007F108033C46D6
:1084CC0003E09C4503F1080311D053F8082C9542A6
:1084DC00F7D1A3F10802944203D092E8030084E898
:1084EC0003009C4504F1080403F10803EDD1644535
:1084FC000DD0BEF1000F0AD0E71B94E803008CE806
:10850C000300F9103046BDE8F840FEF733B8F8BD6B
:10851C0070B504460FC984E80F0000232361A361E2
:10852C00FEF7D2FA1E4A136813F0010F1D4B0BD144
:10853C001D4919601D4959601D49D9601D491961B2
:10854C001D4959610121116000250C26C4E90B035A
:10855C00C4E90755C4E90956C4E90D55FEF7B4FA48
:10856C00C4E91055C4E91256C4E91405C4E91655FA
:10857C00FEF7AAFA3221206704F11C00E567A4F883
:10858C008050C4E91855C4E91A56C4E91D55FDF7C5
:10859C0059FF2046C4F8845084F8885070BD00BF41
:1085AC009C640020D4540020994F0000A94F000077
:1085BC00B94F0000C54F0000F550000010B504463F
:1085CC001030FDF7ADF8002384F8883010BD00BFE3
:1085DC002DE9F047A2B007460E46144607A8FFF750
:1085EC00D9FE9DF81C80DDF82490B8F1000F00F046
:1085FC00A881B9F1000F00F0F1800AADB048FDF789
:10860C008FFC60228246002128464FF0000814F0AF
:10861C00EDFB2846FEF77AFA0A23AA49284621934D
:10862C008DF88080FEF776FD2B4651466122404640
:10863C00FDF736FC2846FDF7FBFDA148FDF770FC65
:10864C00602282464146284614F0D0FB2846FEF7AD
:10865C005DFA0A239C49284621938DF88080FEF709
:10866C0059FD31462846FEF765FD98492846FEF728
:10867C0051FD2B46514662224046FDF711FC28461F
:10868C00FDF7D6FD8E48FDF74BFC60224146824635
:10869C00284614F0ABFB2846FEF738FA0A23494665
:1086AC00284621938DF88080FEF734FD2B465146E9
:1086BC0063224046FDF7F4FB2846FDF7B9FD8048E0
:1086CC00FDF72EFC602241468146284614F08EFBB5
:1086DC002846FEF71BFA0A237A49284621938DF87F
:1086EC008080FEF717FD2B46494640466422FDF775
:1086FC00D7FB2846FDF79CFD3B6C002B72D07A6CA7
:10870C0002EB420203EB820C9C4502D16AE063450A
:10871C0068D01A780C33B242F9D169480024FDF7BD
:10872C00FFFB60228046002128460A2714F05EFBDE
:10873C002846FEF7EBF9634928468DF880402197CF
:10874C00FEF7E8FC2B4641466A222046FDF7A8FBC3
:10875C002846FDF76DFD5A48FDF7E2FB60222146E5
:10876C008046284614F042FB2846FEF7CFF95849BC
:10877C0028468DF880402197FEF7CCFC31462846E0
:10878C00FEF7D8FC53492846FEF7C4FC2B4641465D
:10879C006B222046FDF784FB2846FDF749FD48482F
:1087AC00FDF7BEFB602221460646284614F01EFB50
:1087BC002846FEF7ABF9434928468DF880402197AF
:1087CC00FEF7A8FC2B466C2231462046FDF768FBD1
:1087DC002846FDF72DFD22B0BDE8F0873B6C0AADB5
:1087EC00002B8CD1236B103720689847E36882B23A
:1087FC003146003B284618BF0123FCF737FF2946BA
:10880C003846FCF7B3FF3846FCF7B4FF3246261D5A
:10881C000123394605A8FCF73FFF96E8070085E8D9
:10882C0007000C9B002B7DD00DF113070DF1120AE4
:10883C003CE00DF1110004ADD4F81C8096E80E005C
:10884C00CDE902A7019020680095C047059B9DF8D3
:10885C0010201A70059B9DF811205A70059B9DF8ED
:10886C0012209A70059B9DF81320DA70069B581EF7
:10887C00991EDA1EA3F1040C93B1059B069003F12B
:10888C00020903F1030803F1040E0133059338B117
:10889C00CDE9059121B1CDE905820AB1CDE905EC0F
:1088AC00E36A20689847A36A20689847636B0121A4
:1088BC00206898470028BCD122B0BDE8F08700BFE3
:1088CC00680E0020EC0E0020840F0020A40F002066
:1088DC00B80F0020CC0F00202068656AA847059BC4
:1088EC009DF811201A70059B9DF812205A70059B5B
:1088FC009DF813209A70069B591E9A1ED81E5BB1C8
:10890C00059B06919E1CDD1C0133059321B1CDE91D
:10891C0005620AB1CDE90550E36A20689847A36A5D
:10892C0020689847636B0121206898470DF1130369
:10893C000DF112020DF111010028CDD122B0BDE8CC
:10894C00F08740480A24FDF7EBFA602207464146BF
:10895C000AA814F04BFA0AA8FEF7D8F83A490AA864
:10896C008DF880802194FEF7D5FB0AAB394658224E
:10897C004046FDF795FA0AA8FDF75AFC3148FDF779
:10898C00CFFA6022414607460AA814F02FFA0AA82B
:10899C00FEF7BCF82D490AA88DF880802194FEF7CB
:1089AC00B9FB31460AA8FEF7C5FB29490AA8FEF710
:1089BC00B1FB0AAB394659224046FDF771FA0AA8B9
:1089CC00FDF736FC1F48FDF7ABFA60224146064620
:1089DC000AA814F00BFA0AA8FEF798F88DF8808014
:1089EC002194B9F1000F03D049460AA8FEF792FB77
:1089FC000AAB31465A220020FDF752FA0AA8FDF7BD
:108A0C0017FC1048FDF78CFA6022064600210AA8D4
:108A1C00002414F0EBF90AA8FEF778F80A230A49A7
:108A2C000AA821938DF88040FEF774FB0AAB5B22F9
:108A3C0031462046FDF734FA0AA8FDF7F9FB22B0BF
:108A4C00BDE8F087680E0020EC0E0020400F0020DF
:108A5C00600F00202DE9F047D0F884409AB0814691
:108A6C0034B1204602F02EF8F42120460FF01EFB04
:108A7C0000250BAC382229462046C9F88450FEF755
:108A8C001BF8D9F840701995002F00F0A680D9F882
:108A9C00443003EB430307EB830ABA4500F09D8097
:108AAC0029460C3709AE0AAD884608E017F8043C95
:108ABC00574507F10C0748EA030824D019993129C6
:108ACC00F4D80422314628460994FDF7F1FF0A9B9D
:108ADC000422314603F00303284604EB8303099375
:108AEC00FDF7E6FF17F80C1C5745199B07F10C070F
:108AFC000A9AD154199B03F10103199317F8103CEE
:108B0C0048EA0308DAD1002307AA06A909F11000E4
:108B1C000893CDE9063308ABFCF734FFB8F1000F2E
:108B2C0068D0089BF4204FF0060A4FEA93080FF028
:108B3C00B7FA07469DF8643004223146284605935F
:108B4C000994FDF7B5FF0A9A3146284602F0030254
:108B5C0004EB820209920422FDF7AAFF059B1FFA7F
:108B6C0088F10A9A4FF0000800930192534642464E
:108B7C003846CDF8088000F063FC3B683846FB6152
:108B8C00B9F80C300093B9F80830B9F80420B9F8EA
:108B9C00001001F08FF941463868089AC9F88470C2
:108BAC00FDF78AFF199BABB1013B042231462846E5
:108BBC0019930994FDF77CFF0A9B04223146284641
:108BCC0003F0030304EB83030993FDF771FF199B77
:108BDC00002BE9D11AB0BDE8F087002109AE0AAD2F
:108BEC0008AB089107AA09F11000CDE9061106A9F6
:108BFC00FCF7C8FE089BF420054A4FF0000AA2FBC4
:108C0C0003234FEA53080FF04BFA074692E700BFD5
:108C1C00ABAAAAAA90F88830DBB9436CCBB101217E
:108C2C0090F88020034610B582B080F888108AB97D
:108C3C00D0F8842014466AB103F110000193FCF7BC
:108C4C0089FE019B78B9204602B0BDE8104001F0C6
:108C5C00CFBD704718460193FFF7FCFE019BD3F87C
:108C6C0084201446E8E7024619692068FDF720FFC6
:108C7C00204602B0BDE8104001F0BABD294B70B5DA
:108C8C001C689AB01CB323681B6A20469847E0B94D
:108C9C00254A1368ABB15B681D46B3B1FFF78AFA7E
:108CAC0098B123680190204629685B6A9847019A1D
:108CBC00C0B1236820462968DB691AB0BDE8704052
:108CCC0018471A49C1E9003311601AB070BD184A2F
:108CDC001468002CD7D117491748184B0C4608605C
:108CEC001160D2E705461648FDF71AF960222946AD
:108CFC00044602A814F07AF802A8FDF707FF0A232D
:108D0C00104902A819938DF86050FEF703FA284613
:108D1C0002ABA4222146FDF7C3F802A8FDF788FA9E
:108D2C00FEE700BF70690020C46C0020C86C0020F6
:108D3C00D06C0020D46C0020EC420020494F000085
:108D4C00F00F00205C10002030B50546006C38B3E5
:108D5C00A5F1040C8E460023624601E083421FD02D
:108D6C0052F8041F1C4601337145F7D183420AD2D5
:108D7C000CEB8302214652F804CF45F821C019466A
:108D8C0001338342F7D1431E00222B6445F8232084
:108D9C006A6CA24201D9013A6A64831E9A4200D8D5
:108DAC0030BD00236B6430BD2DE9F843254B0546DF
:108DBC0088461E68002E3AD033689B6A30464FF0C6
:108DCC000109984707462A6CE2B16B6C93421BD29F
:108DDC005A1C55F823406A646CB194F860300BBB94
:108DEC0094F861309BB9A36DC3B1E06D984710B195
:108DFC0094F8603093B1336830469B6A9847C01B37
:108E0C004045E0D3BDE8F88301220023E1E7214689
:108E1C00284684F86090FFF797FFECE72046FFF7B1
:108E2C00FBF9E8E721462846FFF78EFFE3E7064B00
:108E3C001E68002EC0D1054E054A1E603260054BDF
:108E4C00BCE700BF70690020D06C0020D46C0020FF
:108E5C00EC420020654F00000F4A08B513682BB197
:108E6C005B683BB1BDE80840FFF708BF0B48C0E9A1
:108E7C00003310600A4B186828B1036C5BB1BDE875
:108E8C000840FFF791BF48220146064813F0AEFF99
:108E9C00044A034B1A6008BDC46C0020C86C002047
:108EAC00786C00207C6C00200368114A9B6A93420A
:108EBC0011D1104A13681BB15B682BB1FFF7DEBEF2
:108ECC000D48C0E9003310600C4B186820B1036CDE
:108EDC0063B1FFF769BF184748220146084810B52F
:108EEC0013F084FF064A054B1A6010BD704700BF93
:108EFC00095E0000C46C0020C86C0020786C002057
:108F0C007C6C002010B5044610F06EFB0D4B1B78EA
:108F1C00BBB10D4B1B78DB0713D50C4B0C4A1B68F4
:108F2C0012689B1A0E2B0CD934B1204614F010FD8C
:108F3C000146204610F0DCFA0648BDE810400EF061
:108F4C0021BD10BD350A0120340A01201C09012065
:108F5C00E409012084540020054A136813B1054A22
:108F6C0013607047044905480B4611600860F6E72A
:108F7C00E46C002070690020E86C00206043002045
:108F8C000120704700B583B00422694600900DEBB8
:108F9C000200FDF78DFD03B000BD00BF00B583B02E
:108FAC000422694600900DEB0200FDF781FD03B031
:108FBC0000BD00BF00B583B00422694600900DEBE4
:108FCC000200FDF775FD03B000BD00BF70B51D1E9E
:108FDC0082B00446164619DD02EB42030026194402
:108FEC002368204601911B69984723680F4ADB6A66
:108FFC0001999342C4E901150AD1FEF771FB32467F
:10900C002146FEF7EDFC204602B070BD1546E7E7A1
:10901C00204698470028F0D0054B064AB3FBF0F3E6
:10902C0051688B4238BF0B465360E6E76D00000079
:10903C0040420F0060630020034B1B681BB1997505
:10904C00DB68002BFBD1704760690020124B1A685B
:10905C0002F1010C8A42C3F800C000DA704710B567
:10906C000446FDF717FD0C4B4FF47A7C0B4A19683C
:10907C000CFB01F14FF0000CC3F800C01368C01AD0
:10908C00012838BF0120B1FBF0F16180FDF702FD32
:10909C00024A106010BD00BF746E0020786E002074
:1090AC002DE9F04F85B00546544E0091FEF718FBA4
:1090BC00FEF7D6FB6B6823B90CE0FEF76DFE6B6810
:1090CC0043B1FDF7E9FC34686A680421031BFA20FC
:1090DC009342F2D3FDF7E0FCEB6830601BB1A9685A
:1090EC00009898470090464B1C68002C33D0DFF852
:1090FC0018810026DFF814B1DFF814A14746B146F9
:10910C0016E05245A16823D1A37D042202A903A82D
:10911C000293FDF7CDFC03986B88013647F8040BDE
:10912C00632B98BF84F81690E4681CB3402E21D0B2
:10913C0094F834000028EFD023685A6ADB695B4549
:10914C00DFD0019220469847019A01465245DBD068
:10915C0020469047E0E719212846FFF777FFFEF7F6
:10916C00BFFAFEF7FDFBFEF7BBFA05B0BDE8F04F0A
:10917C00FEF7B6BB224B1E68002EECD04FF0000958
:10918C00009F06E009F10109F668B9F1400F11D012
:10919C0086B196F83430002BF4D0306809F101090F
:1091AC003B4644683046D6E90112A047B9F1400F5E
:1091BC00F668EDD1124B1C68002CCCD00026114F58
:1091CC000BE0CDF808C0FDF773FC039BA375E468B6
:1091DC000136002CBFD0402EBDD094F83430042280
:1091EC0002A903A8002BF2D0236858F826C09B6A6A
:1091FC00BB42E6D0614620469847E8E7F865002078
:10920C0060690020E1010000DC64002069000000BE
:10921C00C50100000021194B242210B50446C0E9F9
:10922C000031C0E90211103013F0E0FD144B0021A5
:10923C001A6898784FEA124C84F824102282198804
:10924C000123104AA4F813100221A37584F83430BA
:10925C00136884F812C0607584F8301013B905E0F7
:10926C00DB6823B19C42FBD1204610BD1460064B39
:10927C001A6802B1D46020461C6010BD5C4200200C
:10928C001C04002060690020646900200029B4BF20
:10929C0002898AB2406820B102EB42020021FDF73C
:1092AC000BBC704798B1DFF840C0DCF8003073B1EC
:1092BC00002103E0DA681946134642B19842F9D10D
:1092CC00C36829B1CB603BB10023C36070477047C2
:1092DC00CCF80030002BF7D1024B19600023C3608F
:1092EC00704700BF6469002060690020104B10B506
:1092FC0003600446FFF7D6FF90F8303023B994F89A
:10930C0024305BB9204610BD0A4A013B2C3052F880
:10931C002330984794F82430002BF3D0064A013BB5
:10932C0004F1180052F823309847204610BD00BFB6
:10933C005C420020804400205C44002030B50023B7
:10934C0083B0ADF800308DF80230B8B1044601F1AD
:10935C00FF3C013AEE468D1C12F8011F1CF8010F60
:10936C004B1C38B100FB033321B104FB03F31B0C82
:10937C008EF80030AC450EF1010EEDD1009B0020B3
:10938C00D9B2C3F30722C3F3074361F3070062F3B7
:10939C000F2063F3174003B030BD00BF0B461031F4
:1093AC0030B5154687B003F1130204462846CDE9C3
:1093BC000012FFF7C3FF8DF81400C0F30723C0F3AE
:1093CC0007408DF815308DF81600FF20059BADF881
:1093DC0010301B0C8DF81230A370BDF81030DDE985
:1093EC0000122380FFF7AAFFC0F30721C0F3074246
:1093FC008DF8100020468DF812208DF81110049B6A
:10940C00A5711A0CADF80C30BDF80C306271A4F8D3
:10941C00033007B030BD00BF044B0022FF204FF0DB
:10942C00FF315A60DA601860996070476063002001
:10943C000369988B80F08000C0F3C010704700BFA8
:10944C0038B59DF810C00D46C2610446624680F8DE
:10945C0022304FF601632330372A28BF3722B1FB65
:10946C00F2F180F8592020F8031CA3610599C4E996
:10947C0004339DF8183084F8603000236360FF23B8
:10948C0023726FF07F43E360124BC4F86230A3F594
:10949C00FA73C4F86630FDF70BFB94F8223003F036
:1094AC003F03052B0BD805EB45000EF0FBFD238C81
:1094BC002060204603EB4303C4F8803038BDA8007D
:1094CC000EF0F0FD238C206020469B00C4F8803009
:1094DC0038BD00BFE2042C012DE9F04FB44EA3B00F
:1094EC008046346814F0010400F05E83002398F881
:1094FC007C20CDE90633CDE90833002A00F02C841A
:10950C0008F12206DFF8CCA20193C2E0002F7ED036
:10951C00A8480024FCF704FD6022834600210AA819
:10952C004FF00A0913F062FC0AA8FDF7EFFAA24902
:10953C000AA88DF88040CDF88490FDF7EBFD0AABBE
:10954C005946A0222046FCF7ABFC0AA8FCF770FE9B
:10955C009848FCF7E5FC6022834621460AA813F0E4
:10956C0045FC0AA8FDF7D2FA94490AA88DF8804068
:10957C00CDF88490FDF7CEFD29460AA8FDF7DAFD5B
:10958C008F490AA8FDF7C6FD0AAB5946A122204611
:10959C00FCF786FC0AA8FCF74BFE8648FCF7C0FCDF
:1095AC006022214683460AA813F020FC0AA8FDF786
:1095BC00ADFA39460AA88DF88040CDF88490FDF7B5
:1095CC00A9FD0AAB5946A2222046FCF769FC0AA861
:1095DC00FCF72EFE7748FCF7A3FC602221460746D9
:1095EC000AA813F003FC0AA8FDF790FA72490AA81E
:1095FC00CDF884908DF88040FDF78CFD20460AABA9
:10960C003946A322FCF74CFC0AA8FCF711FE2B01EF
:10961C000AEB05125AF80340C4F38734032C00F20A
:10962C00DB80D068019990FAA0F086F8984001315F
:10963C00B0FA80F0C9B286F86100019191685AF8CD
:10964C00032022AB03EB840501230432834055F83D
:10965C00700C184345F8700C086820F0F90008608D
:10966C00086840F018000860564850F8241021EAA9
:10967C00030140F82410544811580B431350009B1D
:10968C00A3F1210298F87C30A2EB08029A4280F0F8
:10969C003781009603A816F8015F2946FEF77AFE7B
:1096AC009DF80C40059F002C7FF430AF41484FF0E3
:1096BC000A09FCF735FC6022834621460AA813F000
:1096CC0095FB0AA8FDF722FA3B490AA88DF88040C1
:1096DC00CDF88490FDF71EFD0AAB59469722204623
:1096EC00FCF7DEFB0AA8FCF7A3FD3248FCF718FCDC
:1096FC006022214683460AA813F078FB0AA8FDF7DE
:10970C0005FA32490AA88DF88040CDF88490FDF70F
:10971C0001FD29460AA8FDF70DFD2D490AA8FDF704
:10972C00F9FC0AAB594698222046FCF7B9FB0AA86B
:10973C00FCF77EFD1F48FCF7F3FB60222146054633
:10974C000AA813F053FB0AA8FDF7E0F98DF8804046
:10975C00CDF884901FB139460AA8FDF7DBFC0AABA3
:10976C00294699220020FCF79BFB0AA8FCF760FD18
:10977C001048FCF7D5FB6022054600210AA80024FE
:10978C0013F034FB0AA8FDF7C1F90A230A490AA809
:10979C0021938DF88040FDF7BDFC20460AAB29468D
:1097AC009A22FCF77DFB0AA8FCF742FD67E700BF95
:1097BC009864002088100020EC0E00208C110020F2
:1097CC00A40F002068C00A4000801BFEB80F0020C8
:1097DC00600F0020B848002043480027FCF7A0FB8E
:1097EC006022834600210AA84FF00A0913F0FEFA02
:1097FC000AA8FDF78BF93D490AA88DF88070CDF8C1
:10980C008490FDF787FC0AAB5946AA223846FCF730
:10981C0047FB0AA8FCF70CFD3348FCF781FB6022E0
:10982C00394683460AA813F0E1FA0AA8FDF76EF947
:10983C002F490AA88DF88070CDF88490FDF76AFC4A
:10984C0029460AA8FDF776FC2A490AA8FDF762FC0E
:10985C0021460AA8FDF76EFC27490AA8FDF75AFC19
:10986C000AAB5946AB223846FCF71AFB0AA8FCF7A0
:10987C00DFFC1D48FCF754FB6022394604460AA85D
:10988C0013F0B4FA0AA8FDF741F91C490AA88DF89F
:10989C008070CDF88490FDF73DFC0AAB2146AC22DC
:1098AC003846FCF7FDFA0AA8FCF7C2FC0E48FCF798
:1098BC0037FB6022394604460AA813F097FA0AA827
:1098CC00FDF724F909490AA8CDF884908DF8807029
:1098DC00FDF720FC38460AAB2146AD22FCF7E0FA36
:1098EC000AA8FCF7A5FCCAE688100020EC0E0020A4
:1098FC00B80F0020A411002060350020C8110020F2
:10990C00019A002A00F02882934200F2A18108F10A
:10991C006C00102206A920F01F04FDF7C9F808F10D
:10992C007C02BFF34F8F4FF0E023C3F8704F20340D
:10993C00A242FAD8BFF34F8FBFF36F8FAE4B002408
:10994C00B8F86220252593ED006A4FF0410E93ED97
:10995C00007A01EE102AB8EE466A93ED004AB8EE92
:10996C00477AB8F86420B8EE444AB8F86630B7EED7
:10997C00C66A02EE102AB7EEC77A03EE103AB7EEBB
:10998C00C44A9E4BB8EE411B0527B8EE422B43F25E
:10999C00230CB8EE433B43F20B06994A2146242094
:1099AC00DFF89CB2DFF89CA29FED910B86EE005B7A
:1099BC0087EE006B84EE007B25EE015B26EE026BDE
:1099CC00BCEEC55B27EE037B15EE109ABCEEC66BA6
:1099DC00A8F85A90BCEEC77B16EE109AA8F85C90CB
:1099EC0017EE109AA8F85E90B3F81E9029F00709AC
:1099FC00A3F81E90DD81A3F814E05C81DC80B8F83C
:109A0C005AE0DFF84492A3F800E0B8F85AE0A3F863
:109A1C0010E0A3F80CC0DF855C85DC84B8F85CC072
:109A2C00A3F820C0B8F85CC0A3F830C09E85A3F89A
:109A3C004E70A3F84A40A3F84640B8F85E70A3F8FD
:109A4C004070B8F85E70A3F850704FF48047A3F8DC
:109A5C004C60136F6B4E43F4400313670EF010FC15
:109A6C0028460121684D0EF00BFC022126200EF039
:109A7C0007FC664B1D2241F61D512846A3F88410A5
:109A8C002146A3F886200DF06BFD2B68604A4FF041
:109A9C00080C1A605F4A2B68C3E901B9DC60D8F87E
:109AAC0080009A61D8F88010C0001E61C900D8826D
:109ABC00594E286AD9839F82A3F81CC02979574B29
:109ACC0046F8214046F82130554B5649036005EBCA
:109ADC000C002B6AC3F810A0DC60C3E90119A021AB
:109AEC002B6AD9829F82D98321469C839B610DF07E
:109AFC0037FDAB68296A988B0A6820F08000D1E9A1
:109B0C0001EC9883C8681A60C3F804E0C3F808C075
:109B1C00D860D1E904ECD1E90601C3F810E0C3F830
:109B2C0014C09861D961BFF35F8F3F494FF0010CAE
:109B3C002B7BDFF818E146F8234046F823103B4B0B
:109B4C00287B00F01F0103EB501310300CFA01FCC2
:109B5C009B00374941F820E0214605F11000C3F87D
:109B6C0000C00DF0FDFC2B69294A1A602B69294AAB
:109B7C00C3F810A0C3F804B0C3E902942B69D8F859
:109B8C0080109A61D8F88020C9009F82D200D982B7
:109B9C00287DDA8388229A83264B46F8204046F8A3
:109BAC00203023B0BDE8F08F174D214628460DF02C
:109BBC00D7FC214605F108000DF0D2FC214605F139
:109BCC0010000DF0CDFC05F1400328461A4A2B621B
:109BDC0001231A492C666C66AC6685F86C40C5F896
:109BEC00DC4033600FF0E4FD80E400BFAFF3008095
:109BFC000000000065CDCD417C54002000801E404B
:109C0C0000C00F4084801B40A060002000C03B407F
:109C1C00000020200000FFFF00C00E401E0000804E
:109C2C0020002020080002031F000080403800386C
:109C3C00005C00205E00008020550020A501000083
:109C4C000800022388801B401000007C1D6F000060
:109C5C008E480024FCF764F96022064600210AA80D
:109C6C000A2513F0C3F80AA8FCF750FF88490AA884
:109C7C008DF880402195FDF74DFA0AAB3146CA228A
:109C8C002046FCF70DF90AA8FCF7D2FA7F48FCF73E
:109C9C0047F96022214606460AA813F0A7F80AA83D
:109CAC00FCF734FF7B490AA88DF880402195FDF71D
:109CBC0031FA01990AA8FDF73DFA77490AA8FDF790
:109CCC0029FA98F87C100AA8FDF734FA73490AA807
:109CDC00FDF720FA0AAB3146CB222046FCF7E0F820
:109CEC000AA8FCF7A5FA6948FCF71AF96022214684
:109CFC0006460AA813F07AF80AA8FCF707FF684989
:109D0C000AA88DF880402195FDF704FA0AAB31467C
:109D1C00CC222046FCF7C4F80AA8FCF789FA5B4869
:109D2C00FCF7FEF86022214606460AA813F05EF8FE
:109D3C000AA8FCF7EBFE56490AA821958DF880403D
:109D4C00FDF7E8F920460AAB3146CD22FCF7A8F81E
:109D5C000AA8FCF76DFADAE54C480024FCF7E0F8A9
:109D6C006022064600210AA80A2513F03FF80AA82B
:109D7C00FCF7CCFE46490AA88DF880402195FDF7EA
:109D8C00C9F90AAB3146C1222046FCF789F80AA86A
:109D9C00FCF74EFA3D48FCF7C3F860222146064614
:109DAC000AA813F023F80AA8FCF7B0FE3D490AA84C
:109DBC008DF880402195FDF7ADF90AAB3146C222F2
:109DCC002046FCF76DF80AA8FCF732FA2F48FCF78E
:109DDC00A7F86022214606460AA813F007F80AA83D
:109DEC00FCF794FE30490AA88DF880402195FDF7C8
:109DFC0091F998F87C100AA8FDF79CF92B490AA850
:109E0C00FDF788F90AAB3146C3222046FCF748F827
:109E1C000AA8FCF70DFA1D48FCF782F860222146CF
:109E2C0006460AA812F0E2FF0AA8FCF76FFE2049CA
:109E3C000AA88DF880402195FDF76CF90AAB3146E4
:109E4C00C4222046FCF72CF80AA8FCF7F1F90F48BD
:109E5C00FCF766F86022214606460AA812F0C6FFF7
:109E6C000AA8FCF753FE0A490AA88DF880402195F0
:109E7C00FDF750F90AABC52231462046FCF710F825
:109E8C000AA8FCF7D5F923B0BDE8F08F88100020A4
:109E9C00EC0E0020081200202012002028120020B6
:109EAC0038120020F81000202C1100203411002052
:109EBC00501100200A44A0F864101344A0F8662046
:109ECC00A0F86230BDF80030A0F86830FFF704BB92
:109EDC0010B5803014468E461EF801CB1CF0800F56
:109EEC0004D150F8802C1A4340F8802C1CF0400F01
:109EFC0004D150F8702C1A4340F8702C1CF0200F31
:109F0C0004D150F8602C1A4340F8602C1CF0100F50
:109F1C0004D150F8502C1A4340F8502C1CF0080F68
:109F2C0004D150F8402C1A4340F8402C1CF0040F7C
:109F3C0004D150F8302C1A4340F8302C1CF0020F8E
:109F4C0004D150F8202C1A4340F8202C1CF0010F9F
:109F5C0004D150F8102C1A4340F8102CA4EB0E0C22
:109F6C0080308C44BCF1000FB6DC10BD2DE9F04FF5
:109F7C00474E83B0474D346814F0010468D0464A0C
:109F8C00297B464BD1771A78002A55D00022444FB2
:109F9C001A704FF4206200213846FCF78DFDD5F87D
:109FAC0060B0A96E2B6EA1EB030A95F86C30BAF178
:109FBC00140F28BF4FF0140A0AEB0B022A66E3B108
:109FCC00D5F864900024374E4FF00108019200E060
:109FDC00A96E96F8380001FB04B116F8013F524601
:109FEC00494407EB800008FA03F30134FFF770FFD4
:109FFC0095F86C30A342EBDC019A3B4607EBCA1098
:10A00C00BFF34F8F4FF0E021C1F8703F20339842DF
:10A01C00FAD8BFF34F8FBFF36F8F2B6A4FEACA0A80
:10A02C001F60AB6E296A9B1AA1F816A008D10823F1
:10A03C008B8303B0BDE8F08F01221B4F1A70A8E789
:10A04C00142B94BF102312238B8303B0BDE8F08F25
:10A05C00214628460DF084FA214605F108000DF042
:10A06C007FFA214605F110000DF07AFA05F1400255
:10A07C0001230E492A6228460D4A2C6685F86C404D
:10A08C00C5F8DC403360C5E919440FF091FB76E765
:10A09C0098640020A060002000800E400F0A012070
:10A0AC00200020200C610020200A2020A5010000A7
:10A0BC002055002090F8223090F87C2003F03F03CC
:10A0CC002DE9F04FD0F8804083B0023B04FB02F244
:10A0DC0049B9042B00F20583DFE813F09000C200AD
:10A0EC00F30024015801042B00F22D83DFE813F058
:10A0FC00A401F601430298020500002A00F0AD808D
:10A10C006FF002034FF0000E8F009F4C00934B1E1C
:10A11C00F446724601932DE0009E5B1AB444066827
:10A12C000EF1040EB3541FFA8EFEC36913F80860C7
:10A13C00436903FB06F6A4FB06360368C1EBD6366F
:10A14C0013445E70C3695D5D836903FB05F5A4FB75
:10A15C0005350368C1EBD53513449D700368134472
:10A16C00D970D0F8802090F87C3002FB03F3724653
:10A17C009E4572D2D0F81CA00CF10108D0F81090BA
:10A18C000CF102051AF80C301AF8086009FB03F3FD
:10A19C0009FB06F6A4FB0313A4FB06611AF8056081
:10A1AC00DB0BC90B09FB06F69942A4FB06B628BFCC
:10A1BC001946F60BC9B2B14228BF3146B2FBF7F6CD
:10A1CC0007FB1626002EA7D1009B4FEA9E05B34233
:10A1DC00019B03EB050CC0F270820CEB4C0C6FF086
:10A1EC0002061AF80C300CF10108009609FB03F377
:10A1FC00A4FB03530CF10205DB0B8EE76AB30022C0
:10A20C00614D036806695C18C3699B5C06FB03F32C
:10A21C00A5FB0363DB0B6370C369466913440468D5
:10A22C005B7806FB03F3A5FB0363DB0B635403684A
:10A23C0084691944C369134403329B7804FB03F308
:10A24C00A5FB0343DB0B8B7091B290F87C30D0F8FC
:10A25C00804004FB03F38B42D3D803B0BDE8F08FEE
:10A26C00002AFAD00022484D036806695C18C369BD
:10A27C009B5C06FB03F3A5FB0363DB0BA370C369B9
:10A28C004669134404685B7806FB03F3A5FB036380
:10A29C00DB0B6354036884691944C36913440332A8
:10A2AC009B7804FB03F3A5FB0343DB0B4B7091B2D0
:10A2BC0090F87C30D0F8804004FB03F38B42D3D869
:10A2CC00CBE7002AC9D000222F4D036806695C1821
:10A2DC00C3699B5C06FB03F3A5FB0363DB0B637099
:10A2EC00036846695C18C36913445B7806FB03F387
:10A2FC00A5FB0363DB0BA370C36986691344046875
:10A30C0003329B7806FB03F3A5FB0363DB0B63545F
:10A31C0091B290F87C30D0F8804004FB03F38B4270
:10A32C00D3D89AE7002A98D00022174D0368066903
:10A33C005C18C3699B5C06FB03F3A5FB0363DB0B97
:10A34C00A370036846695C18C36913445B7806FB09
:10A35C0003F3A5FB0363DB0B6370C36986691344CA
:10A36C00046803329B7806FB03F3A5FB0363DB0B4A
:10A37C00635491B290F87C30D0F8804004FB03F326
:10A38C008B42D3D869E700BF03820181002A3FF4D6
:10A39C0064AF0025A14E2C46D0F81CE005F1010C51
:10A3AC00076904341EF80520A4B207FB02F2A6FBD1
:10A3BC0002321EF80C3007FB03F3D20BA6FB03830F
:10A3CC0005F1020803351EF808E0DB0B07FB0EF75E
:10A3DC009342A6FB07E728BF1346FF0BDBB2BB4239
:10A3EC0028BF3B460768D21A7A54C26912F80C701F
:10A3FC00426902FB07F7A6FB07270268C3EBD737B6
:10A40C000A445770C269876912F8082007FB02F2E8
:10A41C00A6FB02720768C3EBD2320F44BA70026813
:10A42C000A442146D37090F87C30D0F8802002FB8F
:10A43C0003F39C42B0D310E7002A3FF40EAF4B1E3F
:10A44C00002201EB410C6FF0020E03EB43071146A7
:10A45C001346724E7546B3FBFCF40CFB143444B932
:10A46C00A6454FF0030E1946A4BF6FF0020EF91863
:10A47C007546C469033214F8018092B2046904FB76
:10A48C0008F8A6FB084804684FEAD8381C4484F83E
:10A49C000180C4690C4494F80180446904FB08F8F9
:10A4AC00A6FB084804684FEAD83804F80380C4694E
:10A4BC000C442944A578846904FB05F5A6FB0545E5
:10A4CC000468ED0B1C44A570D0F8803090F87C40EB
:10A4DC0003FB04F413469442BCD8BEE6002A3FF4B6
:10A4EC00BCAE4B1E4FF0000C01EB41016FF0020EA5
:10A4FC0003EB430762466346484EB3FBF1F401FBA2
:10A50C0014343CB9A6451A464FF0030E02DBFA1878
:10A51C006FF0020EC4690CF1030CA55C1FFA8CFCE5
:10A52C00046904FB05F5A6FB05450468ED0B1C440A
:10A53C00A570C46914446578446904FB05F5A6FB51
:10A54C0005450468ED0BE554C46914440332A57841
:10A55C00846904FB05F5A6FB05450468ED0B1C445A
:10A56C006570D0F8803090F87C4003FB04F46346AF
:10A57C006445C2D871E6002A3FF46FAE4B1E002230
:10A58C0001EB410C6FF0020E03EB4307114613462F
:10A59C00224E7546B3FBFCF40CFB143444B9A645AF
:10A5AC004FF0030E1946A4BF6FF0020EF918754652
:10A5BC00C469033214F8018092B2046904FB08F8F0
:10A5CC00A6FB084804684FEAD8381C4484F801807C
:10A5DC00C4690C4494F80180446904FB08F8A6FB98
:10A5EC00084804684FEAD8381C4484F80280C469CF
:10A5FC000C442944A578846904FB05F5A6FB0545A4
:10A60C000468ED0BE554D0F8803090F87C4003FBE7
:10A61C0004F413469442BCD81FE600BF03820181A8
:10A62C00002A3FF41AAE4B1E002201EB41016FF0E1
:10A63C00020E03EB4307944613466C4EB3FBF1F446
:10A64C0001FB143444B9A6459C464FF0030E03DBC2
:10A65C0007EB030C6FF0020EC469033214F80C50B4
:10A66C0092B2046904FB05F5A6FB05450468ED0BE5
:10A67C001C44A570C46964446578446904FB05F501
:10A68C00A6FB05450468ED0B1C446570C469644465
:10A69C000CF1030CA578846904FB05F5A6FB0545B4
:10A6AC000468ED0BE554D0F8803090F87C4003FB47
:10A6BC0004F41346A242C1D3CFE505EB450C1AF8BE
:10A6CC000C304FF0010A09FB03F3A4FB03630326D0
:10A6DC0015FB06A84FF0020ADB0B009615FB06A52E
:10A6EC001BE5002A3FF4B9AD0022404CC369066952
:10A6FC009B5C056806FB03F3A4FB0363DB0B6B5449
:10A70C00036846695D18C36913445B7806FB03F361
:10A71C00A4FB0363DB0B6B70036885691944C36985
:10A72C00134403329B7805FB03F3A4FB0353DB0BAD
:10A73C008B7091B290F87C30D0F8805005FB03F30D
:10A74C008B42D3D889E5002A3FF487AD4B1E0022FB
:10A75C0001EB410C6FF0020403EB430E1146134660
:10A76C00224D2746B3FBFCF60CFB16364EB9B44211
:10A77C004FF003041946A4BF6FF002040EEB030163
:10A78C002746C669033216F8018092B2066906FBA9
:10A79C0008F8A5FB086806684FEAD83806F8038065
:10A7AC00C6690E4496F80180466906FB08F8A5FBBD
:10A7BC00086806684FEAD8381E4486F80180C669D6
:10A7CC000E443944B778866906FB07F7A5FB076783
:10A7DC000668FF0B1E44B770D0F8803090F87C6090
:10A7EC0003FB06F613469642BBD836E5038201817D
:10A7FC002DE9F04FA34F83B00546A34C3E6816F0ED
:10A80C00010600F01C8123699B8B1A0606D40A20D2
:10A81C00FCF75EFF23699B8B1B06F8D5626EC4F8B0
:10A82C00DC502B689A4249D095F87C301022D5F830
:10A83C00801084F86C302B689448A16605F16C018B
:10A84C006366FCF735F995F87C2005F18401904896
:10A85C00FCF72EF905F1BB0195F87C208D48FCF72F
:10A86C0027F98A4B03F11001BFF34F8F4FF0E02211
:10A87C00C2F8703F20339942FAD8BFF34F8FBFF321
:10A88C006F8F854AB5F85A10A36E20681180DB00D3
:10A89C00B5F85A101182B5F85C101184B5F85C103B
:10A8AC001186B5F85E10A2F840102169B5F85E600B
:10A8BC00A2F85060C382C383CB82CB8395F860101F
:10A8CC002846FFF7F7FB744B00217448DA8BADF880
:10A8DC00042022F00702DA832522DA810522DA85A8
:10A8EC00A3F84E206E4AB2F8843043F4805343F000
:10A8FC001003A2F88430B2F8863043F01003A2F8AB
:10A90C0086304FF4A052FCF7D7F8A16E94F86C3057
:10A91C0028298B4628BF4FF0280BC4F860B0002BB9
:10A92C0000F0AD80D4F864A00027DFF894814FF0DC
:10A93C0001095A4E00E0A16E98F8380001FB07A1FE
:10A94C0018F8013F5A4606EB8000013709FA03F369
:10A95C00FFF7BEFA94F86C30BB42ECD84F4B06EBC9
:10A96C00CB10BFF34F8F4FF0E021C1F8703F203375
:10A97C009842FAD8BFF34F8FBFF36F8FA36EA168C5
:10A98C00282B0E6041D8A3684FEACB0B454A1A61BD
:10A99C000822A3F816B09A83217D434B434F1977B5
:10A9AC002279DA76207B3C4AD876D97600235381FB
:10A9BC00B5F85A3001335385B5F85A300133A2F843
:10A9CC004A30FCF769F8B5F86230A66E696806FB88
:10A9DC0003F3B5F86820401ADB00A7FB031302EB66
:10A9EC0093129042EDD3019B43F007062A4BDE8372
:10A9FC00FCF752F8D4F8DC3068609D4202D1002399
:10AA0C00C4F8DC3003B0BDE8F08FA2680020254903
:10AA1C003C2B11614FF0A001276AD18290834FF03B
:10AA2C0012009083224A3A60226AD18204D9908320
:10AA3C00204B01221A70AFE710239383F8E73146BD
:10AA4C0020460CF08DFD314604F108000CF088FD19
:10AA5C00314604F110000CF083FD04F14003164A5A
:10AA6C00204623620123154926666666A66684F88D
:10AA7C006C60C4F8DC603B600EF09AFEC3E6074ED7
:10AA8C006CE700BF98640020A0600020000020202C
:10AA9C000D6100204461002000801E402000202019
:10AAAC0000C03B4088801B4000800E40D34D62109C
:10AABC00200A20200F0A012020550020A5010000AB
:10AACC000C61002038B505460C4CFBF7E5FFB5F8DA
:10AADC006230D5F880106A6801FB03F3801ADB0042
:10AAEC00A4FB03239B0905339842EED3286810B1CD
:10AAFC0001210DF0DBFA284638BD00BFD34D6210A2
:10AB0C00014BFA221A60704768690020024B4FF023
:10AB1C000F321A60704700BF6C69002090F81CC09F
:10AB2C004160BCF1020FC26001D1836818470CF080
:10AB3C0097BD00BF10B5074B82B003600190EFF3D7
:10AB4C00108472B60CF042FE019804B962B602B0E1
:10AB5C0010BD00BF883F002010B5244C84B0D4F841
:10AB6C0000C0DCF81C31834201D004B010BD0B4690
:10AB7C00590714D5DCF8341189B182B111780CF570
:10AB8C00967001930039DCF83831009218BF01211E
:10AB9C008DF80F100DF10F019847DDE9002313F02C
:10ABAC00F00F0CD02068D0F8441141B1D0F8481106
:10ABBC0000F59E70CDE900328847DDE900321B07B5
:10ABCC00D3D52068D0F85431002BCED0002ACCD06D
:10ABDC0013780DF10F01D0F8582100F5A670003B49
:10ABEC0018BF01238DF80F309047BEE7486A00204C
:10ABFC00184B70B51D68044601F068FC01F010FD9F
:10AC0C002B69C01A7C2814D82368134A1B689342FA
:10AC1C0019D1227F0023022A6360E36004D1A36868
:10AC2C002046BDE8704018472046BDE870400CF047
:10AC3C0017BD01F061FC01F0F3FC2368064A1B68A8
:10AC4C0028619342E5D0002220461146BDE87040B1
:10AC5C00184700BF486A0020CD7A000010B50446A2
:10AC6C0001F034FC01F0DCFC2369C01A7C2800D80C
:10AC7C0010BD01F041FC01F0D3FC206110BD00BF00
:10AC8C00D0F81C1109B10B6843B990F8262112B108
:10AC9C0090F828314BB10122104670474FF0000359
:10ACAC000122A0F827311046704710B582B0CDE9CB
:10ACBC000002084603F088FE0121009B0028019A3F
:10ACCC0083F8271118BF002183F8281102D11046F0
:10ACDC0002B010BD01F0A6FC044612F029FC009B4A
:10ACEC0093F828210460F2E770B5044682B0C0687E
:10ACFC0001F09AF901F082F9002870D0D4F81C0107
:10AD0C0028B106F099F9D4F81C0106F0CDF801F041
:10AD1C00D1FBC4F81C0190F83E3084F8203190F837
:10AD2C003F3084F8213190F84030092B4FD9632BF8
:10AD3C008CBF03250225404A042104F5917011F0C3
:10AD4C009DFE854269D1237D04F11505002B40D071
:10AD5C0022463A4928461AF04FFB38B9C4F81C0170
:10AD6C0084F820010025284602B070BD284601F069
:10AD7C00A9FB054600283BD0E27ED4F81C01002A32
:10AD8C0032D008B11B34046306F054F82C4A137803
:10AD9C00002BE8D14FF001061670EFF310810091F3
:10ADAC0072B6284C019320460CF010FD2648274A19
:10ADBC000099A2600278267742F00402027011B367
:10ADCC00019B6360E3601F480CF04AFCCBE7012554
:10ADDC00B1E7284601F072FB01232375B8E712F0A6
:10ADEC00A7FB13230360BDE70028CDD00263CBE79C
:10ADFC001AF006FBC4F81C5184F8205112F098FB91
:10AE0C000E230360AEE762B6227F6160022AE16026
:10AE1C00D9D1A26820469047A5E70D4B4FF49F72FD
:10AE2C000C490D4811F016FE002011F0DBFC01203E
:10AE3C0001F082FB0DF02CFB74120020097B00004A
:10AE4C00130A0120B4540020380A0120A17B000011
:10AE5C0078120020D812002000130020144B10B5DB
:10AE6C00044684B05B68D0F81C010393CDE9013330
:10AE7C0018B113B194F828319BB92046FFF734FF71
:10AE8C0068B10B4900200BF09BF8D4F81C0103AB04
:10AE9C0002AA01A906F0BCF92046FFF7F1FE04B0A6
:10AEAC0010BD03F0D1FE002384F82831E5E700BF84
:10AEBC00C4640020D0F81C31002B42D0214B1A78EE
:10AECC0010B5044682B05ABB1F4B186800F07CFFCB
:10AEDC001E4900200BF074F894F82831D4F81C01AA
:10AEEC00C3B91B4B1A46194606F092F90023D4F845
:10AEFC001C0184F8273106F09FF8D4F81C0105F0EA
:10AF0C00D3FF1AF07DFA0023C4F81C3184F82031E9
:10AF1C0002B010BD03F098FE002384F82831E5E759
:10AF2C0000220C481A700CF009FCEFF3108301930B
:10AF3C0072B608480CF04AFC019B002BC4D162B6D7
:10AF4C00C2E77047130A012078690020C46400200E
:10AF5C00884C0020B4540020D0F81C0118B190F893
:10AF6C003D00C0F380007047D1F81C3123B11A6842
:10AF7C00044BC0E900327047034B024A5B68C0E9DE
:10AF8C0000237047A8410020C4640020D0F81C01A5
:10AF9C0010B582B040B14B6801A9019304F03CFE9E
:10AFAC0048B9012002B010BD12F0C2FA732303603D
:10AFBC00002002B010BD01F035FB044612F0B8FAC7
:10AFCC000460F5E7D0F81C0110B582B040B14B68B5
:10AFDC0001A9019304F076FE48B9012002B010BD1E
:10AFEC0012F0A6FA73230360002002B010BD01F02A
:10AFFC0019FB044612F09CFA0460F5E738B500F131
:10B00C001B058D4210D00B46044671B1084A4FF413
:10B01C008071284611F032FDD4F81C3123B1E27E48
:10B02C00002A08BF15461D6338BDC176F4E700BF82
:10B03C00281300201E4B00201E4A196810B51E4C08
:10B04C00C2E900404A1C1A60C9B11C4A1C491D487F
:10B05C000EF0AEFB1C4A1368591C116003B31B4C59
:10B06C00164A1B491B480EF0A3FB24681A4B134AC3
:10B07C001C601A491A48BDE810400EF099BB194CD7
:10B08C004FF4EE72184811F0B1FE2046883400F0EF
:10B09C00B9FE164B9C42F8D1154B134A1A60D4E7F3
:10B0AC0014481AF0A1F9094C124B2360D8E700BFE1
:10B0BC0060670020C4640020A841002020550020B7
:10B0CC003D070000646A0020FC650020006600203B
:10B0DC0009070000506A0020486A0020E57A000049
:10B0EC00B4540020AC67002068670020446900203D
:10B0FC006467002004660020B0F8500080B27047EE
:10B10C00406900B1807A7047406900B1C07A7047DD
:10B11C00704700BFC26D002A06DBD0E91003181A75
:10B12C00824201D2801A704700207047C36D002BF9
:10B13C0008DBD0E91012521A934203D25A1CC26592
:10B14C00C85C70474FF0FF30704700BFC36D002BD9
:10B15C0006DBD0E91012521A934201D2C85C704738
:10B16C004FF0FF30704700BF10B50446406930B156
:10B17C00A37E2BB90AF088FD00236361238310BDE5
:10B18C00064B04F11C011868FFF71CFF044B00224E
:10B19C0060695B68A2762362ECE700BF486A002016
:10B1AC00CC64002010B5044601F14C0001F036FAD5
:10B1BC00024B02462046C4E9003210BDA8410020D3
:10B1CC0090F8603053B14FF6E272D0E91A135B1A63
:10B1DC00934203DC4FF6E370C01A704700207047AF
:10B1EC000AB3C36D002B1EDB30B5D0E910E483B07D
:10B1FC00A4EB0E0C634518D2ACEB030C0C460546C5
:10B20C00624528BF624649B1012A0EEB03010FD0FB
:10B21C002046019211F058FDEB6D019A1344104633
:10B22C00EB6503B030BD00207047002003B030BD8B
:10B23C001EF803302370C36DF0E700BF90F8603048
:10B24C00ABB14FF6E27CD0E91A23F0B515469A1A49
:10B25C0083B0624502DD002003B0F0BD046FA34251
:10B26C0007D01970C36E0133C3660120F4E718468A
:10B27C007047012A2CBF9318531C0746019118469E
:10B28C001E4600920CF00CFF0346DDE900218154B0
:10B29C007AB9013228461A4435B1611BCDE9002335
:10B2AC000CF004FFDDE900239919C7E91A3239675C
:10B2BC00DBE7294601900CF059FEDDE90023E8E7B5
:10B2CC009A4275D02DE9F04FA3EB02081646476859
:10B2DC0083B082680D4604469146D21B904525D812
:10B2EC007A1A9045914664D2A7EB08023B46511E50
:10B2FC00C2EB470C11F8010F03F8010B6345F9D1B0
:10B30C00636843446360AB1A521BF818012A71DD61
:10B31C00294611F0D9FCB8F1010F67DD42463146E0
:10B32C00284603B0BDE8F04F11F0CEBC03686FF0B7
:10B33C0000429A46FB1AD11A884561D898452CBF11
:10B34C004344DB18934228BF1346184601930CF074
:10B35C00A7FE5545034683460AD0A5EB0A000AF121
:10B36C00FF32184412F8011F03F8011B8342F9D174
:10B37C003146424618460CF0F9FDBD4200EB08067A
:10B38C0006D07F1B304629463E443A460CF0EEFD73
:10B39C00BAF1000F04D0A9EB0A0150460CF086FE5E
:10B3AC00019B5B44C4E900B6A36003B0BDE8F08F19
:10B3BC007047B1185A1A002A20DD38460CF0D6FD19
:10B3CC006368A8EB0908BD424344636009D06A1E58
:10B3DC0003EB090012F8011F03F8011B8342F9D19A
:10B3EC0063684A464B44012A636098DCDDD13378AC
:10B3FC002B70DAE78FD12A78FA548CE73B46E0E7DA
:10B40C0001480EF0F3F900BF2C130020002A18BFDE
:10B41C00002910B514D090F86030012B10D194464F
:10B42C000A46C16E4FF6E37450F8683FCB1AE41A23
:10B43C00644528BF64461319FFF742FF204610BD30
:10B44C000024204610BD00BF406800B1807A7047D0
:10B45C00406800B1C07A70474369002B4FD0294B2C
:10B46C0030B5044689B01868FFF7F8FB216B00294A
:10B47C003FD0A36B013900202163591C4FEA431EB6
:10B48C00D4E909C2A2EB0C020CEB43135211B1FB31
:10B49C00F2F502FB15119A8ADD68A163ADF8142050
:10B4AC003CF80EE05968D86058609A689860186942
:10B4BC0004909869DB690690206C0793A4F83CE033
:10B4CC00A36CA564C4E9101220B1191A0CF0EEFD9E
:10B4DC00D4E91012BDF81430501A0499A4F8503065
:10B4EC00E164DDE9063263650023A265E36509B01A
:10B4FC0030BD4FF0FF334FF0FF30E365F7E74FF00F
:10B50C00FF307047486A00200AB3C36D002B1EDB66
:10B51C0030B5D0E910E483B0A4EB0E0C634518D21F
:10B52C00ACEB030C0C460546624528BF624649B19C
:10B53C00012A0EEB03010FD02046019211F0C4FB3F
:10B54C00EB6D019A13441046EB6503B030BD00203F
:10B55C007047002003B030BD1EF803302370C36D5C
:10B56C00F0E700BF436913B101209972704700B531
:10B57C0083B0CDE900012E200AF0CEFB009A0346E1
:10B58C000199506118B10120997203B000BD064AAF
:10B59C0000901068FFF762FB11F0CAFF0C21024605
:10B5AC0000981160F1E700BF486A0020436913B1AD
:10B5BC000120D972704700B583B0CDE900012E206F
:10B5CC000AF0AAFB009A03460199506118B10120B8
:10B5DC00D97203B000BD064A00901068FFF73EFB1D
:10B5EC0011F0A6FF0C21024600981160F1E700BF94
:10B5FC00486A0020436813B101209972704700B566
:10B60C0083B0CDE900012E200AF086FB009A034698
:10B61C000199506018B10120997203B000BD064A1F
:10B62C0000901068FFF71AFB11F082FF0C21024604
:10B63C0000981160F1E700BF486A0020436813B11D
:10B64C000120D972704700B583B0CDE900012E20DE
:10B65C000AF062FB009A03460199506018B1012070
:10B66C00D97203B000BD064A00901068FFF7F6FAD5
:10B67C0011F05EFF0C21024600981160F1E700BF4B
:10B68C00486A002010B54C6882B04169034669B124
:10B69C00A3F8782001225C6783F86020D3E91A10A4
:10B6AC008142104618BFD96602B010BDCDE9000228
:10B6BC002E200AF031FB009B019A58610028E7D13B
:10B6CC00054B00901868FFF7C9FA11F031FF0C22F6
:10B6DC00034600981A60E7E7486A002030B500235B
:10B6EC0085B0044608461849154641F28832CDE922
:10B6FC00021302A90AF0F0FC08B905B030BD636969
:10B70C00039A6BB16267A4F87850D4E91A318B4272
:10B71C0018BFE3660123184684F8603005B030BDCD
:10B72C002E2001920AF0F8FA019A60610028E9D102
:10B73C00064A01901068FFF791FA11F0F9FE0C21FE
:10B74C00024601981160D8E7A8410020486A002001
:10B75C001E4B70B503F16802054640692B602A61E7
:10B76C0018B1AB7E23BB0AF08FFAA86E18B1296F03
:10B77C00091A0CF09BFC286C18B1A96C091A0CF076
:10B78C0095FCD5E90946B4420AD0636818461BB14A
:10B79C00E168C91A0CF08AFC2034A642F5D16E6A15
:10B7AC0026B1E96A3046891B0CF080FC284670BD36
:10B7BC00074B05F11C011868FFF704FC054B002230
:10B7CC0068695B68AA762B62CDE700BF94430020C2
:10B7DC00486A0020CC64002010B50446FFF7B8FF7F
:10B7EC008C2120460CF062FC204610BD2DE9F04F58
:10B7FC0089B0BDF848A0002947D09B46164605469F
:10B80C000F46002A00F08E8000F00AFF0190D5E967
:10B81C000931D5E90C02C91A4FEA4219B0EB611F84
:10B82C004FEA611C03EB421432D001302863013221
:10B83C000021B2FBFCF00CFB10226A6323F8091008
:10B84C00D4E901829045464A126818BFC4F80880B2
:10B85C002261A2610022A282E2613289029222BBA1
:10B86C00DBF800203046019922613E4AA4F814A06E
:10B87C005269E161A2617A8923F8092005F044FF3D
:10B88C00D5F888300133C5F8883009B0BDE8F08FA1
:10B89C00A86BD5F8841001300131C5F88410B0FBC9
:10B8AC00FCF10CFB1100A863C1E7E268211D0298B2
:10B8BC00A2EB08020391A1689042059216D8DDF81C
:10B8CC000C8002952546039634461E4600E0A96876
:10B8DC006268404663891344FFF7F2FC2468002C2D
:10B8EC00F5D133462C46DDE90256B9E7A1EB080247
:10B8FC00079304920CF0D4FB049A079B0690F2B9C0
:10B90C00B8F1000F05D00599404607930CF0CEFB1B
:10B91C00079B06980499029A014460600244C4E9AA
:10B92C000212CCE740690028AFD0AB7E63B90AF0B5
:10B93C00ABF900236B612B8309B0BDE8F08F414656
:10B94C000CF014FB079BDBE7074B05F11C01186897
:10B95C00FFF738FB054B68695B68AE762B62E6E750
:10B96C00884C0020A4770020486A0020CC6400207A
:10B97C000EB400B582B003AA52F8041B019211F068
:10B98C001BF902B05DF804EB03B0704790F860301F
:10B99C00002B6FD0D0E91A3170B5C91A84B00446A7
:10B9AC00B1F5803F80F284808BB24FF42072382046
:10B9BC001946039305F012FF054600285CD0D4E924
:10B9CC001A12914203D0039A06F04CF968BBB4F8F2
:10B9DC00783004F17402294660699BB20AF0B2F81F
:10B9EC000023A26E064684F860302846A4F8643022
:10B9FC00E36E9A42364B18BFE26600221B68A4F82D
:10BA0C0078206367C4F88020E36705F07DFE16B9E3
:10BA1C00012004B070BD304600F004FE044611F065
:10BA2C0087FD0460002004B070BD0390284605F02B
:10BA3C006BFE0022039B84F86020A4F86420244A47
:10BA4C0003931268D4E91A10626781422148E267B5
:10BA5C0018BFE16600210068A4F87810C4F88010C3
:10BA6C00FFF7FCF8039800F0DDFD044611F060FDD3
:10BA7C000460D7E700207047D4E91A321549934285
:10BA8C004FF0000284F8600018BFE366104BA4F876
:10BA9C0078201B68A4F864006367E3670868C4F83F
:10BAAC008020FFF7DBF811F043FD0C230360B9E7AE
:10BABC00094C40F29513094A09490094FFF758FFC5
:10BACC00002010F08FFE012000F036FD0CF0E0FCA1
:10BADC00884C0020486A00205C130020441300208E
:10BAEC0000130020F8B54FF47A720024294B012979
:10BAFC000E46047338BF01260360B1F1806F0483D6
:10BB0C008476C0E9014203F16802234BC0E90424A6
:10BB1C00C0E907343AD2054670010CF0C1FA1F4F48
:10BB2C0000EB461603466862EE622022002118469E
:10BB3C0011F05CF903463A684FF00001203384821F
:10BB4C000261B342C4618261EFD1AB624FF0FF334B
:10BB5C00A5F850402846AC652C63A5F87840AC8716
:10BB6C006A65EB6585F86010A5F86440EA67C5F86E
:10BB7C008040C5E90D44C5E91044C5E91242C5E948
:10BB8C001A44C5E91C42C5E92144F8BD04480DF02E
:10BB9C002DFE00BF94430020A8410020884C0020BB
:10BBAC00BC13002030B51546027E044683B00B460C
:10BBBC004069002A32D0428A8A4202D1627EAA426D
:10BBCC0029D0A27E002A41D101930AF05DF800220F
:10BBDC00019B626122832E2001930AF09DF8019B48
:10BBEC006061002850D025B1427A42F004024272C2
:10BBFC0060691A46294909F04FFE0346606993B9FA
:10BC0C000121224665762176254901930AF02AF80E
:10BC1C00019BC4E92133012003B030BD0028DAD0E8
:10BC2C00002DE6D0E0E740B1A27EF2B901930AF014
:10BC3C002BF80022019B62612283184600F0F2FC73
:10BC4C00044611F075FC04600020E5E7154A04F188
:10BC5C001C0101931068FFF7B5F9134A00216069C4
:10BC6C005268019BA1762262AEE70E4A04F11C01D8
:10BC7C0001931068FFF7A6F90B4A0021606952681E
:10BC8C00019BA1762262D1E7064B1868FEF7E6FF0E
:10BC9C0011F04EFC0C230360D6E700BF884C00204B
:10BCAC009D870000486A0020CC6400200022FFF72A
:10BCBC0079BF00BF30B50D4683B011460022044653
:10BCCC00FFF770FF10B9002003B030BD134B2946AD
:10BCDC001B6818460093FFF759F9034628B1012059
:10BCEC00A0766B68236203B030BD60690028EAD08F
:10BCFC00A27E2AB909F0C8FF002363612383E2E71F
:10BD0C0004F11C0100980193FFF75CF9019B044AB4
:10BD1C00A376536860692362ECE700BF486A002091
:10BD2C00CC640020194B0020194A196810B5194C25
:10BD3C00C2E900404A1C1A6081B1174A17491848D9
:10BD4C000DF036FD174A1368591C1160BBB1124A2D
:10BD5C0015491648BDE810400DF02ABD144C4FF49F
:10BD6C00EE72144811F042F82046883400F04AF87C
:10BD7C00114B9C42F8D1114B0E4A1A60DDE7104C66
:10BD8C00204619F031FB0F4B1C60E0E76067002088
:10BD9C00CC640020A8410020205500203D07000065
:10BDAC00686A0020FC65002009070000546A002026
:10BDBC00AC6700206867002044690020646700209D
:10BDCC0004660020006600200D4A137803B9704702
:10BDDC000346006810B582B0019300F06FFC00219F
:10BDEC00019B074A19601170197108B902B010BD96
:10BDFC0000F018FC044611F09BFB046002B010BD6F
:10BE0C00120A012038B50446002540220530294687
:10BE1C002560257110F0EAFF4022294604F1450007
:10BE2C0010F0E4FF204684F88550A4F8865038BD05
:10BE3C0038B5194B1D686A1C1A604DB1174C184A5D
:10BE4C00184919480DF0B4FC184B22681A6038BD1B
:10BE5C00174C4FF4EE722946154810F0C7FF656475
:10BE6C00402284F84850002104F1490010F0BEFF34
:10BE7C0004F189004022002110F0B8FF88340D4BEA
:10BE8C0084F84150A4F842509C42E8D1034CA3F5ED
:10BE9C00CC732360D3E700BF606700206467002089
:10BEAC00205500203D0700006C6A002078690020B6
:10BEBC006867002000690020174B19684A1C10B5F0
:10BECC001A6081B1154A164916480DF071FC164AD4
:10BEDC001368591C1160BBB1104A14491448BDE8D1
:10BEEC0010400DF065BC134C4FF4EE72124810F07C
:10BEFC007DFF20468834FFF785FF104B9C42F8D11C
:10BF0C000F4B0D4A1A60DDE70E4C204619F06CFA07
:10BF1C000D4B1C60E0E700BF60670020205500203F
:10BF2C003D070000706A0020FC6500200907000036
:10BF3C00586A0020AC670020686700204469002024
:10BF4C00646700200466002000660020084B5A68D5
:10BF5C00920100D470474FF00071064A59604FF0BF
:10BF6C000003BFF35B8F1370BFF35B8F704700BF91
:10BF7C0000802D40306A002000F034BB094BDB6E92
:10BF8C0013F440630BD0084A0123D2F8E410D2F822
:10BF9C00E82009BA0160110E120C017142711846A9
:10BFAC00704700BF00C00F4000802D40114BDB6E6E
:10BFBC0013F440631CD0EFF3108172B6BFF35F8FA4
:10BFCC00BFF34F8FBFF36F8F03680B4A1BBAC2F8D6
:10BFDC00E43083885BBA1B04C2F8E83081F3108824
:10BFEC00BFF35F8FBFF34F8FBFF36F8F012070478D
:10BFFC001846704700C00F4000802D40094A08B514
:10C00C001368012B0CD0023B022B01D8012008BD78
:10C01C0019F0DEF9034A1068013818BF012008BD79
:10C02C00002008BD2C6A0020704700BF30B56C4C56
:10C03C0083B02368002B51D1002978D0092900F353
:10C04C008780684801680B4606E05A88950454BFFF
:10C05C002033654B99427BD05A881404F5D44A8816
:10C06C00920454BF203160490160588810F03700A9
:10C07C0072D119884FF4C172019305F0AFFB019B8B
:10C08C000446002868D0018958681F3120F01F022F
:10C09C0021F01F010144BFF34F8F4FF0E020C0F897
:10C0AC005C2F20329142FAD8BFF34F8FBFF36F8FC2
:10C0BC00596820462289019305F0D4FD019B002884
:10C0CC007ED15988494A01F4005149480A435A80A3
:10C0DC004FF080730361204603B030BD454A1268AF
:10C0EC00042A20D1012B39D0022B0BD1404B5A689A
:10C0FC00120263D5D3F840C03F4AA2F800C04FF4F7
:10C10C0000025A603D4B1B7890F83D20C2F3800230
:10C11C009A4208D0002B39D1394B1B781BB90191AD
:10C12C0004F08AFF019900232360002986D1354A47
:10C13C004FF00101BFF35B8FD2E84F3FC2E8401FC5
:10C14C000028F9D1DBB2BFF35B8F002B3FF479AF42
:10C15C000024204603B030BD0024B2E7244AD2F8B4
:10C16C0004C01CF4000FDFD0136C4FF4000C234DF3
:10C17C00C3F3800E13F00403C2F804C085F800E08A
:10C18C00C2D0214BC2F804C01364AFE71A4B1F4A4C
:10C19C001B88019113F0020F0CBF4FF0640C4FF091
:10C1AC000A0CC2F800C0C3F3800CC3F3803382F8CE
:10C1BC0004C0937104F000FF0199B4E70223B3E7C4
:10C1CC00134B40F2C7221349134810F043FC0020D4
:10C1DC0010F008FB012000F0AFF90CF059F900BF8A
:10C1EC00446A0020AC540020C05E00200080FFFF99
:10C1FC0000802D402C6A0020F40901201C0A01202B
:10C20C00110A0120306A002000004260A454002072
:10C21C00F01300205C14002000130020394B1B6825
:10C22C00042B39D1384B1A68012A10B582B037DD8E
:10C23C00022A56D1354A5168090255D5D2F840C068
:10C24C003349A1F800C04FF4000C3249C2F804C0C5
:10C25C000A7890F83D10C1F38001914218D0002A61
:10C26C0044D02B4A2C491288019312F0020FC2F3CE
:10C27C00800EC2F380320CBF4FF0640C4FF00A0CEE
:10C28C0081F804E0C1F800C08A7104F095FE019BAE
:10C29C0000221A6002B010BD1B4B00221A607047BE
:10C2AC00002A1EDB012A06D0184A4FF4000C1B4949
:10C2BC00C2F804C0116415494A6814021FD50A6CEF
:10C2CC004FF4000C134CC2F3800E12F00402C1F8B0
:10C2DC0004C084F800E0BCD0114AC1F804C00A6460
:10C2EC00A8E70C4A1278B4E70222D2E70D4A12787A
:10C2FC00002ACDD1019304F09FFE019BC8E70122D7
:10C30C00C7E700BF2C6A0020446A002000802D4043
:10C31C00F40901201C0A0120A4540020000006602E
:10C32C0000004260110A012070B51E4D06462C68B3
:10C33C0063881A04FCD4002361683289304605F006
:10C34C0053FC3389834229D100F11F02616822F02A
:10C35C001F0221F01F030A44BFF34F8F4FF0E0215F
:10C36C00C1F8703F20339A42FAD8BFF34F8FBFF316
:10C37C006F8F20804FF0807163880B4A03F4005359
:10C38C0043F40C436380516163889B0404D42B6891
:10C39C00203300202B6070BD044BFAE76FF00100D6
:10C3AC0070BD00BFB054002000802D40805F002085
:10C3BC0030B5044650B30D460630A6464FF0FF325A
:10C3CC0021491EF8013B4FF0080C5A4042F3000380
:10C3DC00BCF1010C03EA010383EA5202F6D1864553
:10C3EC00EFD1C2F3846001232178002A03FA00F311
:10C3FC0001F001010BDB19B31449154A65B1106842
:10C40C00184215D00A6828461A430A6030BDA1B1FB
:10C41C001049114A002DF2D10868146860EA030033
:10C42C00204010600A6813420CBF0120002030BD70
:10C43C00116828460B431360E8E70849084ADDE712
:10C44C000849094ADAE700BF2083B8ED346A0020B6
:10C45C0024812D40386A002020812D40406A002024
:10C46C0018812D403C6A00201C812D4011B10846DA
:10C47C00FFF75ABF6FF00F00704700BF08B50B46AF
:10C48C000AB1012A0ED17BB193F801C011460848BC
:10C49C000CF07F02C2709A780271DB784371FFF75F
:10C4AC0087FF08B1002008BD6FF0070008BD00BF72
:10C4BC001055002000487047C069002008B1FFF7F4
:10C4CC005BBD704708B1FFF759BD704770B50024CC
:10C4DC00084D21462846FFF7A9FD0134064629469A
:10C4EC0038B1EB6898470028F3D0304605F00CF9CA
:10C4FC00EFE770BDC069002008B509F061F802488B
:10C50C00BDE80840FFF78ABEC06900204C2200211C
:10C51C00044808B510F06AFC46F66563014AD387F7
:10C52C0008BD00BFC0690020014B1868704700BFF0
:10C53C001C0901200BF0E6BC38B1044B421E012A49
:10C54C0098BF18460368DB6818477047845400206E
:10C55C0008B5EFF3058303B908BD13460A46014637
:10C56C00074810F077FA074BFD220749074810F0EF
:10C57C0071FA002010F036F90CF0E8FF0BF088FF90
:10C58C007C1400208C140020F014002000130020D8
:10C59C0008B509F069FE00B108BDBDE8084018F007
:10C5AC001BBF00BF10B582B001A809F0B7FE10B1D7
:10C5BC00019802B010BD0446064B40F247120649E2
:10C5CC00064810F047FA204610F00CF90CF0BEFFAC
:10C5DC000BF05EFF8C1400201815002000130020B7
:10C5EC0009F052BEB0B10C4B0022D3F83016D3F880
:10C5FC0020364FEA112C43716CF307024FEA136C8F
:10C60C0061F30F22190C1B0A6CF31742037161F3CF
:10C61C001F620260704700BF00401F4000687047F7
:10C62C00FFF782BF00F11003DBB2102B04D8034BD1
:10C63C00404253F82000704705207047344C0020CE
:10C64C00164A00234FF0100C127800EB8202D269CC
:10C65C00CB608B608B6181F80EC0C1E90033C1E9FE
:10C66C000433136C0BB181F80FC0536C0BB1102356
:10C67C000B74936C0BB110234B7403680BB1012337
:10C68C008B74136C0BB140230B75536C0BB14023A3
:10C69C004B75936C0BB140238B757047260A0120A8
:10C6AC00024B1B7800EB8300C0697047260A0120FF
:10C6BC00014B1868704700BFECA700202DE9F04132
:10C6CC000546204A40F687111F48FFF741FF4DB33E
:10C6DC00DFF8888098F8003005EB8303DE69F6B14B
:10C6EC0006F13C0406F148072946184808F03EFFBD
:10C6FC0054F8040F08B104F0B7FABC42F8D114494D
:10C70C00284603F0DFFA304604F0AEFA002298F81F
:10C71C000030104605EB8305EA61BDE8F0816FF04F
:10C72C000500FAE7084B40F688120A490A4810F04F
:10C73C0091F9284610F056F80120FFF7FDFE0BF09A
:10C74C00A7FE00BFE046002034150020B197000082
:10C75C00384E00209015002000130020260A0120DE
:10C76C0010B5044688B0224A40F6A8212148FFF7AC
:10C77C00EFFE5CB1204B1B7804EB8303DB692BB120
:10C78C0093F84D20032A01D922680AB908B010BDCC
:10C79C0000220321012005928DF81610196C0392CA
:10C7AC0001928DF80E0002920492CDE9062211B18D
:10C7BC00F0228DF818205A6C12B1F0228DF8192045
:10C7CC009B6C13B1F0238DF81A3041F2E9410B4AFE
:10C7DC00842301A8ADF80C10214602928DF8063086
:10C7EC0000F0F8FE204608B0BDE8104000F04ABF4B
:10C7FC004045002034150020260A0120E00000FBF3
:10C80C00384B30B51B788BB0044600EB8303DB69E7
:10C81C0093F84D20022A24D9033A012A1FD893F801
:10C82C004C205AB9042183F8CC2083F84D102E49A2
:10C83C000D681DB101210193A847019B204601936E
:10C84C00FFF78EFF019B93F84C200132D2B2012AE4
:10C85C0083F84C203CD94FF4A062A3F84C200BB0C9
:10C86C0030BD0268AAB993F84C20022A0CD81AB130
:10C87C0093F8CC30012B30D022461C49FA200BB057
:10C88C00BDE8304008F044BE4FF44072A3F84C2091
:10C89C00F2E703A90193FFF7D3FE41F2E9424FF00F
:10C8AC00000C0846ADF814202146114AADF80CC016
:10C8BC00049200F08FFE019B93F84C200028D4D1F9
:10C8CC0001320221D2B283F84D1083F84C20CCE710
:10C8DC00224606494FF47A70D1E72246034941F2C9
:10C8EC008830CCE7260A0120E8A70020B197000089
:10C8FC00E00000FB062B2DE9F04746D09A46074690
:10C90C001646884613E0B8F1FF0F3EDC06F80C40E3
:10C91C0005EB0408A6F800E105F066F9B6F800315D
:10C92C0084421FFA88F81C442CD1A6F800414146D9
:10C93C00384605F039FA044608F10105384604F08A
:10C94C00C00C611CADB22246BCF1C00F2B4621D0ED
:10C95C003F2C1AD8B6F800C104EB0C090CF1010EEF
:10C96C0001EB0C08B9F1FF0F16FA8EF10DDC002C5F
:10C97C00C9D10CF1010306F80C40A6F80031284689
:10C98C00BDE8F087013BA6F800314FF6FF7528464D
:10C99C00BDE8F0873B89AB42F7D9294605F004FA8C
:10C9AC00230203F47C5303431BB20B2BEDDD99B232
:10C9BC003B898B42E9D90AF1010332463846FFF72D
:10C9CC0099FF4FF6FF739842DFD008F102081FFA67
:10C9DC0088F5D4E72DE9F04FC9B00E46044617464A
:10C9EC000DF11C0B358804910021029258464FF42E
:10C9FC00827210F0FBF900235A4629462046FFF7B5
:10CA0C0079FF4FF6FF733A46B7F80071984237D06A
:10CA1C00002F35D031884FF0000ABBF80091B84692
:10CA2C00401A164654460591C3B200970393A9EBDE
:10CA3C00070309E03278013414440132E4B216449D
:10CA4C00009AA24694421FD2A8EB0402D2B24A45E5
:10CA5C00F0D81D19022AEDB2ECD90299039F0819DE
:10CA6C00A91CB9420BEB050113DA019310F0EAF89B
:10CA7C00019B0028DED105995746049B0D441D806F
:10CA8C00384649B0BDE8F08F1746384649B0BDE886
:10CA9C00F08F009F384649B0BDE8F08F3F2A29D867
:10CAAC001346B0F800C1D2B110B5541C82B0644426
:10CABC00FF2C22DC044600F80C200CF10100019242
:10CACC00A4F8000114FA80F00BF050FAB4F800212D
:10CADC00019B00201344A4F8003102B010BDBCF13E
:10CAEC00FF0F07D80CF1010200F80C30A0F8002160
:10CAFC00002070476FF0050070476FF00500ECE701
:10CB0C00B1F80021B0F800C1AAB1531C6344FF2B4B
:10CB1C001CDC0346604400B583B0019200930BF01B
:10CB2C0025FA009B0020019AB3F800110A44A3F8DF
:10CB3C00002103B000BDBCF1FF0F07D80CF10103BD
:10CB4C0000F80C20A0F80031002070476FF00500B1
:10CB5C00704700BF00285BD070B50E46B1FA81F16A
:10CB6C0082B04909002E50D0351D4FF48272044614
:10CB7C0010F03CF9042115F8013D274A0DEB01009A
:10CB8C000FF07CFF01A810F0E3FE01A9C2B2204611
:10CB9C00FFF784FF034698BBAE42EBD1B4F800110B
:10CBAC00F7292DD807204A1C605492B21B49A4F8CF
:10CBBC000021A5180868A0508A88AA808A79AA71D1
:10CBCC00B4F80021D11D89B2FA29A4F8001117D8A4
:10CBDC0004200832605492B21149A4F8002108686C
:10CBEC00A050B4F800110A1D92B2FF2AA4F800213B
:10CBFC0006D80531A354A4F80011184602B070BD34
:10CC0C006FF00503184602B070BD6FF00F03F4E728
:10CC1C006FF00F0318467047B8150020BC150020A4
:10CC2C00C415002038B50D464FF48272002104461D
:10CC3C0010F0DCF83DB3284610F08AFE2946C2B24B
:10CC4C002046FFF72BFF0346E8B9B4F80011F92989
:10CC5C0019D805204A1C605492B20C49A4F8002142
:10CC6C00A5180868A0500A792A71B4F800114A1D59
:10CC7C0092B2FF2AA4F8002105D80631A354A4F8D7
:10CC8C000011184638BD6FF00503FAE7CC150020EB
:10CC9C0010B504464FF48272002110F0A7F822461A
:10CCAC000921234BDFF894C002F8011B03CBC4F815
:10CCBC00010093F800E00723DCF80000516082F8D3
:10CCCC0008E004229CF80610C4F80B00A37212238F
:10CCDC00BCF804006174A4F80F0020461549A4F8B0
:10CCEC000031FFF7DBFE00BBB4F80011F9291CD8AA
:10CCFC00034605204A1C60540F4992B2086804EBA5
:10CD0C00020CA4F80021A0500A798CF80420B4F885
:10CD1C0000114A1D92B2FF2AA4F8002105D8063151
:10CD2C00A354A4F80011184610BD6FF00503FAE7E0
:10CD3C00D4150020E8150020CC150020E0150020AB
:10CD4C0070B5164682B00D464FF48272002104462F
:10CD5C0010F04CF866B105F582710846019110F09F
:10CD6C00F7FD0199C2B22046FFF798FE002839D191
:10CD7C0005F5A2710846019110F0EAFD0199C2B2C5
:10CD8C002046FFF78BFE68BB184BB5F88C2153F887
:10CD9C002250284610F0DCFD2946C2B22046FFF78F
:10CDAC007DFE0346F0B9B4F80011F9291AD8052014
:10CDBC004A1C605492B20E49A4F80021A5180868C8
:10CDCC00A0500A792A71B4F800114A1D92B2FF2AB8
:10CDDC00A4F8002106D80631A354A4F80011184673
:10CDEC0002B070BD6FF00503F9E700BF2C4C0020BA
:10CDFC00CC15002070B516460D464FF482720021FA
:10CE0C0004460FF0F3FF46B1284610F0A1FD294669
:10CE1C00C2B22046FFF742FE90BB05F1400120460E
:10CE2C00FFF76EFE60BB184BB5F84C2153F822503F
:10CE3C00284610F08DFD2946C2B22046FFF72EFE83
:10CE4C000346E8B9B4F80011F92919D805204A1C91
:10CE5C00605492B20D49A4F80021A5180868A0509E
:10CE6C000A792A71B4F800114A1D92B2FF2AA4F86B
:10CE7C00002105D80631A354A4F80011184670BD42
:10CE8C006FF00503FAE700BF2C4C0020CC150020F6
:10CE9C002DE9F04391F8027183B088460546B1F84C
:10CEAC0000612FB1002E37D1002003B0BDE8F08314
:10CEBC0000F10C0400F1200908E0FFF78BFDB042F3
:10CECC0002D2BDF8067006464C450ED034F8023F2F
:10CEDC00ADF80630002BF7D0286842460DF106015C
:10CEEC000028EAD1B8F80001E9E7B6B9002FDBD089
:10CEFC0017490222AB883943286849BAADF80610A5
:10CF0C000DF1060104F002FF0028CED1AB880233EC
:10CF1C00AB8003B0BDE8F0830027AB8841463246B6
:10CF2C00286804F0F3FE0028BFD105F10C0333F898
:10CF3C00022F42B101300A28F9D1AB881E44AE80D1
:10CF4C00002FD5D1B0E7AB8805EB4000C381F5E7E6
:10CF5C0000C0FFFF08B5FFF7A3FB002380F851309A
:10CF6C0008BD00BF08B5FFF79BFB002380F87030AD
:10CF7C0008BD00BFF0B50446006883B00D461646E8
:10CF8C001F46002834D0A288B5F80031018904333B
:10CF9C0012FA83F38B4237DC29462046FFF778FFE1
:10CFAC0008B103B0F0BD72BAA3880DF10601206878
:10CFBC00ADF80620022204F0A9FE0028F1D1A388C6
:10CFCC000222874214BF4FF4C0704FF480700DF1F1
:10CFDC0006011344ADF806009BB22068A38004F050
:10CFEC0095FE0028DDD1A3880233A38003B0F0BDE9
:10CFFC004FF4207240F2AA51382004F0EFFB20606D
:10D00C0010B10C22A280BFE74FF0FF30C9E700BF80
:10D01C00F0B50446006885B00D461746002851D07F
:10D02C00B4F804C0B5F800110C9A0A310B9E89B201
:10D03C008A1892B2002E18BF11460D9A1AB1B2F886
:10D04C000021114489B26144028991424ADC3A467A
:10D05C0029462046FFF78EFF0A9B042203A91BBA20
:10D06C0020680393A38804F051FE48BBA5880B9A53
:10D07C00AB1D9BB2A3806AB1BDF830200B99206820
:10D08C000193009204F042FED0B9A188009A019B52
:10D09C000A44A2800D9A32B10D9920460093FFF7F5
:10D0AC00F7FE009B60B9A188043502222068C91ADA
:10D0BC00ABB249BAADF80A100DF10A0104F026FE24
:10D0CC0005B0F0BD4FF4207240F2AA513820009305
:10D0DC0004F084FB009B206020B14FF00C0CA4F8F2
:10D0EC0004C09FE74FF0FF30EAE700BF10B5C2B0B5
:10D0FC00044601A8FFF796FD0123FF2201A9204653
:10D10C00FFF738FF42B010BD10B5C2B00446012283
:10D11C0001A8FFF715FE0123FF2201A92046FFF706
:10D12C0029FF42B010BD00BF30B5ADF5077D0D46EF
:10D13C000446114604A80022FFF702FE45A8FFF79B
:10D14C00A7FD2B7B6BB1E3880BB10A220BE00C2201
:10D15C0045A92046FFF70EFF80B901230A22E38080
:10D16C0001E041F294120023204604AC45A9CDE91C
:10D17C000023CDE902340C22FFF74AFF0DF5077DA1
:10D18C0030BD00BF70B5C6B00D46044610461646FD
:10D19C00FFF786FA014605A8FFF744FD2B7B7BB110
:10D1AC00E38813B14FF00A0C0CE0012205A92046CC
:10D1BC00FFF7E0FE98B901234FF00A0CE38001E081
:10D1CC004FF0780C204601960424AB7A00250122FE
:10D1DC0005A9CDF800C0CDE90245FFF719FF46B00F
:10D1EC0070BD00BFF0B5ADF5097D17460D460122A7
:10D1FC001946044606A81E46FFF7A2FD394647A865
:10D20C00FFF710FD2B7B93B14FF001038DF81E320D
:10D21C00E3880BB10A230BE0212206A92046FFF775
:10D22C00A9FED0B94FF00103E3800A2300E0782374
:10D23C0047AA009320460624039206A9B6F88EE16D
:10D24C002122AB7A04AD9EFA9EFE02940024019535
:10D25C00ADF814E00494FFF7DBFE0DF5097DF0BD8D
:10D26C0070B51446ADF5067D0E46002221460546E6
:10D27C0004A8FFF765FD2146012245A8FFF760FDD4
:10D28C00337B6BB1EB880BB10A220AE00C2204A9A8
:10D29C002846FFF76FFE78B901230A22EB8000E0E5
:10D2AC007822002345AC04A92846CDE90023CDE91A
:10D2BC0002340C22FFF7ACFE0DF5067D70BD00BFED
:10D2CC0030B5ADF5097D044610460D460592FFF7C5
:10D2DC00E7F9014606A8FFF7A5FC059947A8FFF753
:10D2EC0039FC2B7B6BB1E3880BB10A220AE00C22D0
:10D2FC0047A92046FFF73EFE80B901230A22E380AE
:10D30C0000E07822204606ACAB7A47A903940024AF
:10D31C0000920C22CDE90144FFF77AFE0DF5097D50
:10D32C0030BD00BFA9B130B5C3B00C4605460A7874
:10D33C0001A8FFF75FFD002394F84E2101A92846B0
:10D34C00FFF718FE18B9EB8800200133EB8043B0CF
:10D35C0030BD0020704700BF70B51446C6B0012226
:10D36C0005460E4605A82146FFF7EAFC4FF48272EB
:10D37C00002120460FF03AFDD4F884311BB1D4F8CB
:10D38C00881120469847337B6BB1EB880BB10A238D
:10D39C000AE0102205A92846FFF7ECFD88B9012305
:10D3AC00EB800A2300E0782300931022B37A05A9BE
:10D3BC0001942846B4F80041029400240394FFF72A
:10D3CC0027FE46B070BD00BF2DE9F04F144685B066
:10D3DC000D4607460190FFF763F9A96900902046B6
:10D3EC00FFF7A0FF064618B1304605B0BDE8F08F38
:10D3FC003846FFF755F9AB7B8146DF0600F1CA8052
:10D40C0009F13C0705F10F0809F1480957F8041F09
:10D41C0019B198F80030D8064BD44F4508F10108E3
:10D42C00F4D1AB7C13F0010940F0BE809A074FD4C5
:10D43C00009B05F11408039603F13C0A4746483358
:10D44C00D34602935BF8046F56B13A78D3066FD487
:10D45C00900678D4510600F18280130600F18C807E
:10D46C00029B01379B45EDD195F90230039E002BB1
:10D47C0028DB63894B44DDE9019763815AF8043F4B
:10D48C007BB198F8002090064AD551062AD5120691
:10D49C003AD5AB7CDB0704D4D9F80030002B40F034
:10D4AC008E80BA4508F10108E8D1304605B0BDE8D8
:10D4BC00F08F2046FFF728FE002866D1E388013361
:10D4CC00E380AAE723894B44DDE901972381D5E763
:10D4DC00019A29462046FFF7F3FE002855D109F1A1
:10D4EC000109A5E7009A294620460193FFF77AFE29
:10D4FC0000284AD1A289019B0132A28198F900101F
:10D50C0098F8002081420BDB1A4629462046FFF78B
:10D51C0023FF002839D1A3890133A38198F8002077
:10D52C00AB7C02F0600203F005011143B9D0B1E706
:10D53C00324629462046FFF7F7FD30BB3A7809F111
:10D54C000109900686D5324629462046FFF788FE0B
:10D55C00D8B93A7809F1010951067FF57EAF334607
:10D56C00009A29462046FFF73DFE70B93A7809F13A
:10D57C00010913067FF574AF324629462046FFF7A2
:10D58C00EBFE10B909F101096AE70646304605B011
:10D59C00BDE8F08F01462046FFF7A8FD0028F4D126
:10D5AC00E3880133E3802BE7019A29462046FFF7F5
:10D5BC00E9FD0028E9D1AB7C4FF0010936E74A467A
:10D5CC0029462046FFF7DEFD0028DED1A389013372
:10D5DC00A38166E770B592B004460D462422002163
:10D5EC0008A80FF003FC08AA21462846FFF7ECFE1A
:10D5FC00034600283CD1089800283FD0A2781E464C
:10D60C00BDF82A108DF8122049BABDF82C20BDF8AF
:10D61C0026E089B252BABDF828C09EFA9EFE92B29C
:10D62C008DF8133061F30F031FFA8EFE9CFA9CFCED
:10D63C0004A962F31F4322881FFA8CFC6EF30F06B9
:10D64C0052BA06936CF31F46ADF810200C220596C7
:10D65C0004F008FBBDF82410089804F045F9FFF716
:10D66C0027F82389221D0899009508F039FA0346FA
:10D67C00089818B1039304F047F8039B184612B0AE
:10D68C0070BD00BF38B50546FFF70AF890F8513069
:10D69C00044663B32946274807F068FF2A46254904
:10D6AC004FF47A7007F034FF012294F8523084F86A
:10D6BC0051204BB32946204807F058FF2A461E49F3
:10D6CC00FA2007F025FF012294F8703084F85220DC
:10D6DC0033B32946194807F049FF2A46174947F240
:10D6EC00305007F015FF012384F8703038BD2A46FE
:10D6FC0010494FF47A7007F00BFF012294F8523066
:10D70C0084F85120002BD5D12A460B49FA2007F07A
:10D71C00FFFE012294F8703084F85220002BD8D1EF
:10D72C002A46064947F2305007F0F2FE012384F8EE
:10D73C00703038BD059F0000F1A60000159F000059
:10D74C0010B582B00446FEF7ABFF002190F85020D4
:10D75C0080F852100AB902B010BD0346214654306D
:10D76C000193FFF737FF019B02460028F3D12046B7
:10D77C00A3F8542083F85620C3F85E20C3F8622027
:10D78C00C3F8662083F86A2083F8502002B0BDE805
:10D79C001040FFF777BF00BF70B500F1FF3C0546A6
:10D7AC001646481E04E0A24215D1DD4215D0A1B1A7
:10D7BC001CF8011F10F801EFA6EB0C0341F020023E
:10D7CC0071454EF0200403F1FF33A2F1610EECD051
:10D7DC00BEF1190FE7D9012070BD002070BD00BF4C
:10D7EC0008B503F01FFA03F093FA03F00FFB07F0F0
:10D7FC0035FF04F0EDFB02F049F909F063FABDE8DE
:10D80C00084007F051BE00BF38B505460C46144A17
:10D81C0064211448FEF79CFE5DB1E4B12B6AB3B9E8
:10D82C0023606360A360E36023616361A3612C6286
:10D83C0038BD0C4B65220C490C480FF00BF900203D
:10D84C000EF0D0FF0120FEF777FE0AF021FE054B0B
:10D85C0067220749F0E7034B66220649ECE700BF55
:10D86C0050460020F8150020501600200013002010
:10D87C00701600206016002030B5054683B0274A8C
:10D88C00F92127482C6AFEF763FE95F83D30DB073B
:10D89C003ED57CB3237913B1002003B030BD04F125
:10D8AC000801204A2846019109F0ECFB4FF6A963C8
:10D8BC00228801999A4206D10123226828462371B5
:10D8CC0009F010FCE8E76A8F174BD3182A6A5279D3
:10D8DC001A44164B92B21343154A934212D803F5CD
:10D8EC007E431BBA2846236001232268237109F06A
:10D8FC00F9FBD1E71C21012003F0DCF9044650B1FF
:10D90C002862C7E70B4A934288BFA3F57E43E8E73A
:10D91C006FF00F00C1E74FF0FF30BEE75445002019
:10D92C00F8150020E9A800000001FEA90000FEA9DE
:10D93C00FF00FEA9FFFEFEA90129D0F820C038D0B7
:10D94C00022910B5044684B00FD061B94FF6FF72AE
:10D95C004FF0020E039103AB0292614602AA8CF8BF
:10D96C0004E003F055FC04B010BD9CF80530002118
:10D97C00134A0133CCF8001040F259118CF80530E1
:10D98C00036A10480193FEF7E3FD019B002BEAD0DC
:10D99C004FF000021A714FF6A96322889A42E2D125
:10D9AC00094B20461A46194604B0BDE8104003F056
:10D9BC002FBC9CF8053001338CF80530FFF75CBFA9
:10D9CC0088440020F8150020884C0020704700BFC8
:10D9DC00036A0BB11A7902B9704710B582B00446CC
:10D9EC000C4A40F259110C480193FEF7B1FD019B12
:10D9FC0000214FF6A96219712388934201D002B01D
:10DA0C0010BD064B20461A46194602B0BDE8104020
:10DA1C0003F0FEBB88440020F8150020884C002041
:10DA2C00006A20B10A6803689A4201D0002070474E
:10DA3C000079A0F10200B0FA80F04009704700BFF5
:10DA4C002DE9F843002972D0B0FA80F84FEA581843
:10DA5C0000286CD0154607460C464FF420724FF444
:10DA6C009A713820994603F0B9FE064600285ED01C
:10DA7C004389B3F59A7F66D3032D3FD0A379002B4E
:10DA8C0059D0384B186873684FF49A722060002193
:10DA9C0018460FF0ABF940F201120346028097F8DA
:10DAAC003C208270226812BA4260EA1F012A47D8D1
:10DABC003A68DA6007F1350107F13B0403F11B0CFE
:10DACC0011F801EFA1420CF801EFF9D163226FF0CC
:10DADC007D0183F8F250304683F8EC2083F8EF2078
:10DAEC0040F2351283F8ED105321A3F8F0200322F5
:10DAFC0083F8EE10A9F80020BDE8F8836379032BB6
:10DB0C00BCD043684FF49A72414618460FF06EF938
:10DB1C0040F201120346028097F83C208270226882
:10DB2C0012BA42606279043A012AC3D8C0E70026CF
:10DB3C003046BDE8F883FEF735FD0A4B1860A2E7C6
:10DB4C00032DB7D1EEE7084B40F27B72074908482A
:10DB5C000EF080FF40460EF045FE0120FEF7ECFC77
:10DB6C000AF096FCF009012098160020EC16002013
:10DB7C000013002070B5194D2C78CCB9184E3368B1
:10DB8C00D3B908F0ABF8306028B3427A154942F0AB
:10DB9C0020024272442207F07FFE43221149306872
:10DBAC0008F02CF822461049306808F05BF82C7805
:10DBBC00013400202C7070BD0C4B4FF48A720C4950
:10DBCC000C480EF047FF20460EF00CFE0120FEF72D
:10DBDC00B3FC0AF05DFC4FF0FF3070BD1F0A012052
:10DBEC0098720020884C002001B20000981600208A
:10DBFC002C17002000130020002800F08880C16939
:10DC0C00002900F084808B6A0022B3F1FF3F00B53D
:10DC1C0083B04A8207D01E33B3F5701F43D23B2B1F
:10DC2C006FD801238B82CB6A5A1C07D01E33B3F5F5
:10DC3C00701F3FD23B2B54D801233DE04B890A6B1C
:10DC4C00B2F1FF3F09D01E32B2F5701F37D23B2A1A
:10DC5C004DD84FF0000C012235E0B1F80CC00CF19E
:10DC6C00FF3C1FFA8CFC634531D8CB79DB0713D50D
:10DC7C000B6A4A7900930A2A4B6A019305D04FF03C
:10DC8C000A020023A1F805200B8101AB6A461C3166
:10DC9C0003F0BEFA03B000BD91F91C300A7F002BD3
:10DCAC0018DBFF23E5E74FF6FF738B82CB6A5A1C18
:10DCBC00BCD1C3E74FF6FF734B81CB81BFE74FF667
:10DCCC00FE7C4FF6FF7263458A810A82CDD9002310
:10DCDC004B81CAE7BF2A4FF6FF7388BF6FF07F43B3
:10DCEC00C7E70B4AA2FB0323C3F34F13E4E7DFF8A8
:10DCFC0020C0ACFB02C2520902F1FF3C1FFA8CFCA3
:10DD0C00E1E7A2F17732A2FB03235B09CDE7704771
:10DD1C008988888808B540F2A152064B0649074805
:10DD2C000EF098FE00200EF05DFD0120FEF704FCC5
:10DD3C000AF0AEFB981600205417002000130020A8
:10DD4C0008B540F2AD52064B064907480EF082FE6C
:10DD5C0000200EF047FD0120FEF7EEFB0AF098FBC9
:10DD6C0098160020981700200013002008B50346D1
:10DD7C000430442803D812BA80B2CA5008BD074BED
:10DD8C0040F2BE52064907480EF064FE00200EF029
:10DD9C0029FD0120FEF7D0FB0AF07AFB9816002033
:10DDAC00D017002000130020114A10B5147882B04F
:10DDBC0074B1631EDBB213700BB102B010BD0D4C0D
:10DDCC000193206807F060FF019B236002B010BD37
:10DDDC00094B4FF49772094909480EF03BFE204657
:10DDEC000EF000FD0120FEF7A7FB0AF051FB00BF6F
:10DDFC001F0A012098720020981600200C18002091
:10DE0C0000130020244B002210B5DC7882B0C0E94E
:10DE1C00082214B1214AD26882621A79002A38D0B9
:10DE2C001E4A12695C79C262002C2DD01B4A5269C1
:10DE3C0002639C790969C279C16114B3174942F034
:10DE4C000102896909BA0162C271DA791AB1134AFD
:10DE5C00D26912BA42621A7A8AB1104C002001A916
:10DE6C00226A12BA019208F02FFF0B4B5B7A33B186
:10DE7C00636A01A901201BBA019308F025FF02B0C7
:10DE8C0010BD02F0FE02DFE7826AC2EBC202D208CA
:10DE9C00CEE7826A5208C5E79C720020A872002067
:10DEAC008AB310B582B00C460090104601920FF068
:10DEBC004FFD009B20B3C3F1410C019A604532D851
:10DECC00FF283FD803F1020C00EB0C0EBEF1440FFF
:10DEDC0047D803F1010E0C211FFA8EFEE154611E8E
:10DEEC00634604F80E001044614401E0442B0BD04F
:10DEFC0012F801CB013382429BB201F801CFF5D16C
:10DF0C00184602B010BD7047174B40F2AD5217497E
:10DF1C0017480EF09FFD00200EF064FC0120FEF768
:10DF2C000BFB0AF0B5FA104B40F2D25211491048D3
:10DF3C000EF090FD00200EF055FC0120FEF7FCFACF
:10DF4C000AF0A6FA084B40F2D4520A4908480EF0DF
:10DF5C0081FD00200EF046FC0120FEF7EDFA0AF0E0
:10DF6C0097FAFFF7D7FE00BF9816002098170020ED
:10DF7C000013002030180020F0B5C46987B00546A6
:10DF8C00A379082B00F29B8062790023062AE361B7
:10DF9C0004D04FF006022381A4F805200DF11603DE
:10DFAC00012221462846FFF74BFD064600286DD07E
:10DFBC00BDF81620101D442800F28480776802F109
:10DFCC00010C4FF0390E80B207F1F0011FFA8CFCF6
:10DFDC0001F802E04FF0020E039101F80CE002EBA5
:10DFEC000E0CB5F834E003321FFA8CFC4FEA1E23FA
:10DFFC0092B201F80C3001F802E02A6BFFF750FFE7
:10E00C0000F1060EBEF1440F5CD807F1EF0C831C37
:10E01C00421C03994FF037079BB292B20F54042065
:10E02C001FFA8EFE9C448854274802780CF8012F66
:10E03C001A4601339BB2734505D0442B00F1010005
:10E04C00F3D1FFF77DFE901C4FF0FF0C80B201F86E
:10E05C0003C0432807D8C2F142020844002192B2FF
:10E06C000EF0C4FE442000F1F001304689B203F0FA
:10E07C003BFC1649164A4323009508683146019229
:10E08C00144A07F08BFC304603F03EFBA379FF2BC0
:10E09C0011D00133DAB2052AA2710CD84FF47A737D
:10E0AC000D49934003F2F3139BB2A1FB03135B09DD
:10E0BC00238107B0F0BD7823238107B0F0BDFFF7B3
:10E0CC00DBFB61E7FFF726FE70030020987200204F
:10E0DC00884C00208C4C0020D34D6210002800F09E
:10E0EC00AA80F0B5C46987B0002C00F0A0806379D9
:10E0FC00012B05D04FF001020023A4F80520238149
:10E10C000DF11603032221460546FFF799FC06463E
:10E11C00002879D0BDF81600011D442900F28C802E
:10E12C007268431C02F1F007039239229BB23A54F5
:10E13C000222FA548218B5F834C0C31C92B29BB2B6
:10E14C004FEA1C2E07F802E007F803C000F10A039F
:10E15C00442B71D8431D322206307A549BB20422D0
:10E16C0080B23946FA54E26912BAFFF7FFFD831DFB
:10E17C00442B61D840F2364339463B520230A269F7
:10E18C0080B212BAFFF7F2FD811D442954D8039BCB
:10E19C0040F2374289B2F1333A52284A03440230F2
:10E1AC00013092F800C080B203F801CF884205D04C
:10E1BC00442802F10102F3D1FFF7C2FD2A6B394664
:10E1CC00FFF76EFEFF2302463B54013080B243281A
:10E1DC0007D8C2F143023844002192B20EF006FE79
:10E1EC00442000F1F001304689B203F07DFB144964
:10E1FC00144A43230095086831460192124A07F0ED
:10E20C00CDFB304603F080FAA379FF2B11D00133FC
:10E21C00DAB2052AA2710CD84FF47A730B499340E9
:10E22C0003F2F3139BB2A1FB03135B09238107B029
:10E23C00F0BD7823FAE77047FFF76CFD7003002000
:10E24C0098720020884C00208C4C0020D34D62101A
:10E25C00A04B2DE9F04F5D6814468BB0EA69002A9B
:10E26C0000F0AE801379002B00F0AA80B4F80AC03D
:10E27C00BCF12B0F40F2A480D4F804E09EF80030DF
:10E28C00022B40F09D8095F83C60D6B10EF11B013D
:10E29C00F046E14605F1350000231746AE46B4467C
:10E2AC0010F8015F11F8012F954240F0898001337D
:10E2BC00DBB2634501D2062BF2D175463A46C6460F
:10E2CC00CC46DEF8043011681BBA8B4278D100239F
:10E2DC0081494FF0F00A04920B810393C1E900339A
:10E2EC002946B4F808E0224655460BE01268002A8D
:10E2FC0066D0A5EB0C05AEEB0C0EB2F80AC0ADB2B5
:10E30C001FFA8EFEAC45F1D9AE4540F242815368FE
:10E31C009446A346079199462B4619F80310FF29FA
:10E32C0000F035819C1CA4B29C4248D35A1CBCF80A
:10E33C000A00824280F2228109EB03056D783B29A9
:10E34C0044D8DFE811F05F000F01430001014300E6
:10E35C004300ED00430043004300430043004300EF
:10E36C004300430043004300430043004300430089
:10E37C004300430043004300430043004300430079
:10E38C004300430043004300430043004300430069
:10E39C004300430043004300430043004300430059
:10E3AC00430043004300430043004300E100CD0021
:10E3BC00BB00B100430043004300A70061005C4672
:10E3CC0020460BB0BDE8F04F03F09EB9EA184FF6AB
:10E3DC00FD739A42F3DC2C44A4B223468342C0F072
:10E3EC00D3801B1AAEEB00009BB21FFA80FE734564
:10E3FC00E5D2DCF800C0BCF1000FE0D0DCF8042062
:10E40C0091468AE793B2E9E7042DD8D14FF6F9701B
:10E41C008342D4D8063305269BB200202E49E04611
:10E42C0009902E48CDE905E300EB860723468C19AD
:10E43C0027E0042D2A4609A9404628BF042202934E
:10E44C00019203F0D1FB019A8242B8D1042D40F223
:10E45C003B8115F00300B2D14FF00103099A04F887
:10E46C00013B12BA029B3A601A1D92B29A42A6D391
:10E47C00731C043D04370A2B1E46EDB200F08C8150
:10E48C0013462278002AD4D0DDE905E3C446BCF853
:10E49C000A00A3E7042D92D14FF6F97083428ED86F
:10E4AC0006332E469BB2B8E7042D88D14FF6F9708F
:10E4BC00834284D8063302269BB2AEE7012D7FF44B
:10E4CC007EAF4FF6FE7082423FF479AF03332E4697
:10E4DC009BB2A2E7A47700209C720020A8720020B7
:10E4EC00BAF1F00F7FF46BAF681E18BF0120002843
:10E4FC007FF465AF4FF6FE75AA423FF460AF03336D
:10E50C00064601259BB288E7042D7FF458AF4FF6E1
:10E51C00F97083423FF653AF063303269BB27CE778
:10E52C00AA077FF44CAFEA184FF6FD739A423FF7F7
:10E53C0046AF2B199BB2002D3FF450AF082D4FF076
:10E54C00080628BF082568E7032D7FF638AF2B4453
:10E55C004FF6FD7083423FF732AF2B190726042587
:10E56C009BB25AE7042D7FF42AAF4FF6F970834221
:10E57C003FF625AF063306269BB24EE7DCF800507B
:10E58C0025B36D682D78DAE67345FFF4C6AE0799AE
:10E59C005C46894B1B7863B1884B002286481B680C
:10E5AC000270012B00F0A280022B06D0032B00F08E
:10E5BC009B80039B002B00F09E8000234FF06C0E81
:10E5CC004FF02C0A0393B4F80AC08CE63B293FF6B3
:10E5DC0004AF01A353F821F0B5B300006FB30000F2
:10E5EC008BB300006FB300008BB300008BB3000043
:10E5FC008BB300008BB300008BB300008BB3000017
:10E60C008BB300008BB300008BB300008BB3000006
:10E61C008BB300008BB300008BB300008BB30000F6
:10E62C008BB300008BB300008BB300008BB30000E6
:10E63C008BB300008BB300008BB300008BB30000D6
:10E64C008BB300008BB300008BB300008BB30000C6
:10E65C008BB300008BB300008BB300008BB30000B6
:10E66C008BB300008BB300008BB300008BB30000A6
:10E67C008BB300008BB300008BB300008BB3000096
:10E68C008BB300008BB300008BB300008BB3000086
:10E69C008BB300008BB300008BB300008BB3000076
:10E6AC008BB300006FB300006FB300006FB30000BA
:10E6BC006FB300008BB300008BB300008BB3000072
:10E6CC006FB300006FB30000DDE905E3C44608D06A
:10E6DC009DF82400394941F8260001203649885517
:10E6EC00D5E6099800BAF5E7012303934FF0EC0E39
:10E6FC004FF06C0A67E7304B0D46049A5B78002BA1
:10E70C003FF45EAE2D4861680379052B19D0062BBA
:10E71C0027D0022B7FF454AE5379062B7FF450AEE6
:10E72C00254B9B78002B3FF44BAE8268EB6903982A
:10E73C0012BA188128469A610A69DA61FFF7CEFC91
:10E74C003EE6537903F0FD02012A03D0043B012B72
:10E75C003FF636AEE869FFF755FB2846FFF74CFA53
:10E76C002EE65379DA1E022A02D9012B7FF428AE49
:10E77C00EB695A790C2A05D04FF00C010022A3F852
:10E78C0005101A810E4B28461A46194602F040FD18
:10E79C002846FFF7F1FB13E604460A4B40F2816270
:10E7AC0009490A480EF056F920460EF01BF80120D4
:10E7BC00FDF7C2FE09F06CFE9C720020A8720020CE
:10E7CC00884C0020981600204C18002000130020C4
:10E7DC002DE9F043C46985B007466379032B05D056
:10E7EC004FF003020023A4F8052023810DF10E0342
:10E7FC00032221463846FFF723F9064600287CD031
:10E80C00BDF80E00011D442900F29480756800F1DA
:10E81C00010C821C4FF0020E05F1F0081FFA8CFC63
:10E82C0092B2C31C4FF039099BB208F8009008F85B
:10E83C000CE008F802E0402208F8032000F10A037B
:10E84C00442B77D8431D3222063008F801209BB2A6
:10E85C000422414680B208F80320E26912BAFFF79D
:10E86C0085FA811D442965D840F2374205F1F10340
:10E87C0089B228F8002003442F4A02300130157861
:10E88C0080B203F8015F884212D0442802F10102E1
:10E89C00F4D12A4B40F2AD5229492A480EF0DAF84D
:10E8AC0000200DF09FFF0120FDF746FE09F0F0FD62
:10E8BC003A6B4146FFF7F4FAFF23024608F80030A2
:10E8CC00013080B2432807D8C2F1430240440021F2
:10E8DC0092B20EF08BFA442000F1F001304689B26E
:10E8EC0003F002F8184A0097432310683146174A80
:10E8FC0007F0F6F8304602F007FFA379FF2B14D08F
:10E90C000133DBB2092BA3710FD8C3EB4311104AAF
:10E91C0003EB8103DB0003F2F3139BB2A2FB032393
:10E92C005B09238105B0BDE8F0831423238105B076
:10E93C00BDE8F083FFF7EEF9700300209816002075
:10E94C009817002000130020987200208C4C002097
:10E95C00D34D621038B505460C46154A40F2F721E6
:10E96C001448FDF7F5FD55B1ECB1E969B1B93422A4
:10E97C0020460EF03BFA0223E371EC6138BD0D4BDF
:10E98C004FF43E720C490D480EF064F800200DF067
:10E99C0029FF0120FDF7D0FD09F07AFD054B40F26F
:10E9AC00FA220749EFE7034B40F2F9220549EAE75F
:10E9BC00B0460020981600205016002000130020AE
:10E9CC00701800206018002070B50546234A40F2EC
:10E9DC002D312348FDF7BCFD002D3CD095F83D3082
:10E9EC00DA0738D5AB8EB3F5107F31D3EC6934B37D
:10E9FC0023790BBBE67934220021204606F002066F
:10EA0C000EF0F4F9E671FFF7B5F8064600BB0122EB
:10EA1C00227195F83D20530709D46279022A04D05B
:10EA2C004FF002022081A4F80520304670BD284624
:10EA3C00FFF7A2FA304670BDFFF7B6F9DAE73420DB
:10EA4C0002F0F4F8044618B10023C371E861D1E771
:10EA5C004FF0FF36E9E76FF00F06E6E7644600205B
:10EA6C009816002008B5C3692BB15A79052A03D82A
:10EA7C00022A03D852B908BD0A2A05D100229A717C
:10EA8C00BDE80840FFF7A4BE0C2A05D800229A71F5
:10EA9C00BDE80840FFF770BA074B40F2BE32074999
:10EAAC0007480DF0D7FF00200DF09CFE0120FDF76C
:10EABC0043FD09F0EDFC00BF9816002094180020CF
:10EACC00001300202DE9F041054686B0574A40F26C
:10EADC008F41EC695648FDF73BFD6379052B05D05A
:10EAEC004FF005020023A4F8052023810DF1160335
:10EAFC00032221462846FEF7A3FF0646002800F015
:10EB0C009080BDF81600071D442F00F28D80D6F8BA
:10EB1C0004E03922431C0EF1F0019BB20A5402228C
:10EB2C00CA548218B5F834C0C31C92B24FEA1C28E0
:10EB3C009BB201F8028001F803C000F10A0CBCF191
:10EB4C00440F71D8431D37221FFA8CFC9BB2CA5557
:10EB5C000422CA5400F1F503364A06301EFA83F338
:10EB6C00013092F800E080B203F801EF604512D05A
:10EB7C00442802F10102F3D12D4B40F2AD522E4943
:10EB8C002E480DF067FF00200DF02CFE0120FDF744
:10EB9C00D3FC09F07DFC2A6B0391FFF781F9FF236D
:10EBAC00039902460B54013080B2432807D8C2F1B6
:10EBBC0043020844002192B20EF018F9442000F1EF
:10EBCC00F001304689B202F08FFE1D4A00954323B6
:10EBDC001068314604F1180206F082FF05463046F3
:10EBEC0002F092FDA379FF2B15D00133DBB2092B78
:10EBFC00A37110D8C3EB4311124A284603EB8103CF
:10EC0C001B0103F2F3139BB2A2FB03235B092381C9
:10EC1C0006B0BDE8F08128232846238106B0BDE864
:10EC2C00F0814FF0FF35DDE7FFF774F86445002005
:10EC3C009816002070030020981700200013002065
:10EC4C0098720020D34D621070B5054686B03F4ACD
:10EC5C0040F23351EC693E48FDF77AFC002C64D04D
:10EC6C006379002B61D00023EA69A169A362059145
:10EC7C00C4F80E30C4F81230C4E90633C4E90833C2
:10EC8C00C4E90B33002A52D053791A1F012A01D937
:10EC9C000A2B4CD100210DF1120307222846A4F8AF
:10ECAC00051021812146FEF7CBFE0646002834D004
:10ECBC00BDF81200831D442B46D87168431C3622C4
:10ECCC00F0319BB20A54042202300391CA54059AC3
:10ECDC0080B212BAFFF74AF8FF23039902460B548D
:10ECEC00013080B2432807D8C2F143020844002106
:10ECFC0092B20EF07BF8442000F1F001304689B25C
:10ED0C0002F0F2FD134A009543231068314605AA20
:10ED1C0006F0E6FE304602F0F7FC0F4B28461A468A
:10ED2C00194602F075FA237943B906B070BD002379
:10ED3C00A4F8053023812379002BF6D0FFF734F8A3
:10ED4C000023237106B070BDFEF7E4FF944400204D
:10ED5C009816002098720020884C0020784B2DE9E2
:10ED6C00F0411D6886B09DB1EC698CB163797BB1C3
:10ED7C00A18A29B1628A013292B29142628278D020
:10ED8C00228A42B9E2891AB1511E012AE18179D055
:10ED9C0006B0BDE8F081511E012A2182F2D15A1E23
:10EDAC00D2B2092AF4D840F2192121FA02F2D20780
:10EDBC00EED5042B05D04FF004020023A4F8052057
:10EDCC0023810DF11603032221462846FEF738FE57
:10EDDC008046002800F09280BDF8160000F1040E69
:10EDEC00BEF1440F00F2AA80D8F804603922431C0B
:10EDFC0006F1F0019BB20A540222CA548218B5F8EB
:10EE0C0034C0C31C92B24FEA1C279BB28F5401F83A
:10EE1C0003C000F10A0CBCF1440F00F28F80431DBB
:10EE2C0037221FFA8CFC9BB201F80E200422CA5424
:10EE3C0000F1F502434B063016FA82F2013093F8DA
:10EE4C0000E080B202F801EF604532D0442803F1B3
:10EE5C000103F3D13C4B40F2AD523C493C480DF020
:10EE6C00F9FD00200DF0BEFC0120FDF765FB09F05B
:10EE7C000FFB2846FFF7E8FE284606B0BDE8F04138
:10EE8C00FFF7A2BD013BDBB2092B81D840F2112266
:10EE9C0022FA03F3DB077FF57BAF2846FFF712FE60
:10EEAC00A389628A9B1A012B7FF772AF5B10E381F7
:10EEBC006EE72A6B0391FEF7F3FFFF2203990346DB
:10EECC000A54013080B2432807D8C3F143030844E5
:10EEDC0000219AB20DF08AFF442000F1F001404667
:10EEEC0089B202F001FD1B4A00954323106841468C
:10EEFC00194A06F0F5FD404602F006FCA379FF2BFB
:10EF0C001AD00133DBB2092BA37115D8C3EB431113
:10EF1C00124A03EB8103DB0003F2F3139BB2A2FB57
:10EF2C0003235B09A28A618A2381531A012B7FF781
:10EF3C002FAF5B1023822BE71423F3E7FEF7EAFED7
:10EF4C001CA80020700300209816002098170020A1
:10EF5C0000130020987200208C4C0020D34D6210BE
:10EF6C00224B186840B1C36933B11A89012A02D9FE
:10EF7C00013A1A81704700D070475A790021013A42
:10EF8C0019810B2AF8D801A151F822F07BBF00009F
:10EF9C0029BF000071BF000029BF000029BF00007D
:10EFAC006DBF000029BF000029BF000029BF000071
:10EFBC0029BF000029BF00006DBF0000FEF7DCBFB9
:10EFCC009B79012BFAD8FFF703BC9B79052B01D851
:10EFDC00FFF784B800B583B00190FFF735FE0198B8
:10EFEC0003B05DF804EBFFF7EFBC00BF1CA80020DA
:10EFFC00F0B585B00446BDF83450002847D00E4615
:10F00C0017461C214FF420721020039302F0E6FBEC
:10F01C000146002838D04289039B1B2A4BD94268F1
:10F02C006DBAD58094F83C0006283FD1186840F69C
:10F03C0006050391906040F206409B8893810B9BE0
:10F04C001B68C2F812300B9B9B88D3820A9B1B68EF
:10F05C00C2F80E300C9B1B68908093610A9B188839
:10F06C00174B13604FF6A963324600959842204621
:10F07C000CBF144B3B4606F0F1FE0399084602F018
:10F08C0043FB002005B0F0BD4FF0FF30FAE70E4B0C
:10F09C004FF48C620D490E480DF0DCFC00200DF095
:10F0AC00A1FB0120FDF748FA09F0F2F9064B40F2FA
:10F0BC0072420849EFE7044B40F26B420649EAE71B
:10F0CC0000010800784C0020A818002050160020E1
:10F0DC000013002034190020001900202DE9F04FF6
:10F0EC0000230A2585B0514C2F4698462246AC4643
:10F0FC00AB460191CDE9023304E0F44601331832FA
:10F10C000A2B1BD0BCF10A0F0FFA83FE92F8149055
:10F11C003FD1B9F1000FF0D018B1066851688E429A
:10F12C006AD0B9F1010FB2F812A036D0C245E5D3BE
:10F13C000133D046774618320A2BE3D1019E59464B
:10F14C00012E5BD1BCF10A0F80462FD10A2F37D08C
:10F15C0007EB47033D4654F83330002B51D105EBF8
:10F16C00450200216B00BC4604EBC2021175B8F1DC
:10F17C00000F05D05A19D8F8001004EBC2025160E8
:10F18C002B44002204EBC3046282604605B0BDE848
:10F19C00F08FB9F1000FB1D0BEE7116809B3029935
:10F1AC008A45ABD37546CDF808A0A7E70CEB4C030A
:10F1BC00654604EBC3031B7D93BB4FEA4C03D6E7B8
:10F1CC000A2915D001EB41060D4654F8360030B132
:10F1DC00019102F099FA0023019944F836300F4658
:10F1EC00BDE703998A4589D3F346CDF80CA085E792
:10F1FC000A2D03D02946E5E7F446C6E74FF0FF3C5D
:10F20C00C3E70B4B4FF4B7720A490B480DF022FCC5
:10F21C0000200DF0E7FA3046FDF78EF909F038F9C9
:10F22C00034B40F285120549EFE700BFA0710020A7
:10F23C00A818002078190020001300209019002035
:10F24C002E4B02EB4202F0B503EBC2050F4687B022
:10F25C00297D012943D9D2000229044602F10C0C64
:10F26C000CEB03060CD004F136014FF400650A4692
:10F27C00334639462046009506F0F0FD07B0F0BD48
:10F28C00698AB1F58E7F17D8B1F5877FEBD304323D
:10F29C0000F1360100901A44012305910393184B99
:10F2AC000292324601930B46FFF7A2FE0599002805
:10F2BC00DBD103232B75D8E7043200F13601009023
:10F2CC001A440123059103930D4B029201930B46B3
:10F2DC000C4AFFF78DFE05990028C6D1E9E70A4BC9
:10F2EC0040F2EF2209490A480DF0B4FB00200DF062
:10F2FC0079FA0120FDF720F909F0CAF8A071002075
:10F30C00804C0020784C0020A8180020BC1900204C
:10F31C000013002070B51D4C84B0002604F1F005DC
:10F32C000AE0012A1FD0032A2CD0042A01D102237F
:10F33C0023741834AC4214D0227C002AF9D0E3890F
:10F34C0001339BB2B3F5967FE381EAD354F8040CF6
:10F35C0018B102F0D9F944F8046C26741834AC4294
:10F36C00EAD104B070BD042BF0D803926068084A4F
:10F37C0000F13603029401921946064A0090FFF7F9
:10F38C0037FED6E704232374D3E700BFA471002013
:10F39C00804C0020784C00200D4B10B503F1F0018F
:10F3AC0082B004461A7D12B19A68A24204D0183376
:10F3BC008B42F7D102B010BD186830B1019302F046
:10F3CC00A3F90022019B03491A6000221A75EEE78B
:10F3DC00A0710020907200202DE9F0470E4688B0F5
:10F3EC000546554A40F289215448FDF7B1F8002EE4
:10F3FC007DD06C682388B3F5807F02D12379062BEE
:10F40C0005D0284608B0BDE8F04702F07DB9637915
:10F41C00042BF6D16388082BF3D12146304607F034
:10F42C00F9FED4F80E3032680793002A62D1924666
:10F43C0004F108080227914696F83C20062A6CD164
:10F44C00002B3CD031461846059300F0EBFEB0BBC8
:10F45C00059B03F0F003E02B31D00590394607A84B
:10F46C00FFF73CFE431C2AD0DFF8DCC000EB400069
:10F47C000223059A0CEBC00E8EF81430C300CEF8A4
:10F48C00086003F10C01D8F800004CF8010061444D
:10F49C00B8F8040088805CF80310AEF8122071B143
:10F4AC004CF803204FF4006306F13602304600930B
:10F4BC004346059106F0D2FC059802F025F9E38845
:10F4CC00B3F5807F9DD18AF0010319EA030F98D020
:10F4DC00022106F1360342463046039107A9CDF8C6
:10F4EC000480029119460096FFF782FD89E708B067
:10F4FC00BDE8F087A169A2EB030A04F10808BAFA87
:10F50C008AFA8A424FEA5A1A03D14FF001090127AD
:10F51C0092E74FF0000902278EE7084B4FF4D572A3
:10F52C00074908480DF096FA00200DF05BF9012010
:10F53C00FDF702F808F0ACFF70450020A818002079
:10F54C000C1A002000130020A0710020002900F0EC
:10F55C00B4800B68002B00F0B0802DE9F04105461B
:10F56C0086B00C4601461846174600F05BFE002894
:10F57C0040F08980236803F0F003E02B00F08380D7
:10F58C0001212046FFF7AAFD411C064664D04C4AD7
:10F59C0000EB400805F1360302EBC80898F814207C
:10F5AC00EAB90122C8F808501946284688F81420F0
:10F5BC0000950593CDE90242424A0192424AFFF777
:10F5CC0017FD0038059B18BF0120404227B198F861
:10F5DC001420012A25D806D006B0BDE8F081002FF2
:10F5EC0054D0012A1DD13B4605E01A7B52062BD480
:10F5FC001B68002B35D059891A899142F5D11A68AC
:10F60C00002AF2D0314B40F2FA32314931480DF038
:10F61C0021FA00200DF0E6F80120FCF78DFF08F030
:10F62C0037FF1A46264C06EB46033946284604EBB0
:10F63C00C3034FF4006400940C33274C267006F07F
:10F64C000DFC06B0BDE8F0813A464FF42071102055
:10F65C0002F098FB074638B94FF0FF3006B0BDE812
:10F66C00F081384602F0BEF906EB4603144A52F814
:10F67C00330008B102F048F806EB4606104B43F88D
:10F68C0036700020A8E76FF00F00A5E7012228468E
:10F69C001946029403920B4A009501920A4AFFF70D
:10F6AC00A7FC0028D8D11823054A03FB06231B7D91
:10F6BC00012BE6D1A8F81200E3E76FF00F007047BA
:10F6CC00A0710020804C0020784C0020A81800204D
:10F6DC00301A002000130020230A012070B50546C3
:10F6EC0084B014460E46554A40F21E315448FCF77D
:10F6FC002FFF002D00F09380002E00F08180002C55
:10F70C006FD02946206800F08DFD002857D1236862
:10F71C0003F0F002E02A38D02A6869685A400A429D
:10F72C000ED09BB24FF6A962934209D07368DB6886
:10F73C009BB2934204D0AB68002B4FD005F1080468
:10F74C00DFF818C13F4B9CF8002002EB420103EBA1
:10F75C00C103197D012903D95B68216899423AD00C
:10F76C00384B00201A7D012A03D921685A6891422E
:10F77C0027D0013018330A28F4D1324621462846C6
:10F78C0004B0BDE87040FFF7E1BE012163886278E8
:10F79C00ADF808105E2102F07F02ADF80C3002AB20
:10F7AC008DF80A108DF80B204FF4006405F1360229
:10F7BC0031462846009406F051FB04B070BD224B34
:10F7CC00F2E7C2B2314628468CF8002004B0BDE8FE
:10F7DC007040FFF735BD31462846F7E76FF0030060
:10F7EC00EBE7174B40F22132184919480DF032F96A
:10F7FC0020460CF0F7FF0120FCF79EFE08F048FEB7
:10F80C000F4B4FF44872134911480DF023F9304651
:10F81C000CF0E8FF0120FCF78FFE08F039FE084BD6
:10F82C0040F21F320C490A480DF014F928460CF02E
:10F83C00D9FF0120FCF780FE08F02AFEAC44002022
:10F84C00A8180020A0710020784C0020EC19002092
:10F85C00001300204C1A002050160020230A01200F
:10F86C0000B5012285B0DFF824C000F13603CDE9E4
:10F87C000212044A1946CDE9002C034AFFF7B8FBE3
:10F88C0005B000BD884C0020784C0020804C002036
:10F89C0000B58C4685B000F136030121054ACDF840
:10F8AC0000C00192044ACDE902C11946FFF7A0FB42
:10F8BC0005B000BD804C0020784C002010B5846A47
:10F8CC0082B004B30A68204601E0006820B14368A6
:10F8DC009342FAD102B010BD0720009101F044FA16
:10F8EC00009970B10B6843600023836003731F4B56
:10F8FC000A681B689A421CD023680360206002B01F
:10F90C0010BD0020E6E7CDE90001072001F02CFA3C
:10F91C00DDE900310028F4D0F9B9144A01731468F8
:10F92C00C0E901110A68A24212D100220260986259
:10F93C00D0E70F4B4FF489720E490F480DF08AF83F
:10F94C0000200CF04FFF0120FCF7F6FD08F0A0FDA5
:10F95C00074B4FF486720949EFE70A688460047319
:10F96C00024C426024680A68DDE700BF98710020F1
:10F97C00581A0020E01A002000130020AC1A0020B6
:10F98C00437A022B07D0012B00D070474389013BEF
:10F99C009BB29942F9D8022904D801224281012252
:10F9AC004272704700B583B0CDE90001FCF7FAFD57
:10F9BC000199009BB0FBF1F202FB1100588108B9D0
:10F9CC0001225A8101225A7203B000BD2A4B2DE943
:10F9DC00F0411B688AB006460D46174608214FF4C5
:10F9EC0020723820089301F0F9FE002831D04389A9
:10F9FC000446072B30D93268162F436808926A6880
:10FA0C005A6002D0DFF8808003E0012205F104087F
:10FA1C002A720025082118461F705D709D70DD70DC
:10FA2C00079307F029FB079B40F29441424658800C
:10FA3C0002200991042101900123049109A9204677
:10FA4C000296039108A9009500F0A8FB204601F04E
:10FA5C005BFE0AB0BDE8F081084B40F20232084967
:10FA6C0008480CF0F7FF00200CF0BCFE0120FCF75E
:10FA7C0063FD08F00DFD00BF884C0020581A0020D3
:10FA8C00241B00200013002094710020034904481B
:10FA9C00044B054A08601A60704700BF987100203B
:10FAAC00E000000194710020E000000210B50A494A
:10FABC000446FFF703FF60B1037B0222013342725D
:10FACC000373636C1BB10122034920469847002045
:10FADC0010BD4FF0FF3010BD9871002070B50023A1
:10FAEC00846A836274B10646736C254600223046E4
:10FAFC0024680BB1291D98472946072001F048F9C5
:10FB0C00002CF1D1204670BD836A1BB370B51C6804
:10FB1C00FCB1114E012501E02468D4B1637A022BAB
:10FB2C0006D0012BF8D16389013B9BB2042BF3D98E
:10FB3C00FCF738FDA6FB0032657222F0030303EBE1
:10FB4C009203C01A012838BF012060812468002C60
:10FB5C00E4D170BD704700BFCDCCCCCC806A30B145
:10FB6C000A6801E0006810B143689342FAD170470B
:10FB7C0070B50E46418982B0044607291BD94568E9
:10FB8C000192284607F078FAA8B9B16A99B1019A9E
:10FB9C000846126801E0006868B143689342FAD1E4
:10FBAC002B78112B0DD0162B05D1437A012B02D1BA
:10FBBC004FF400738360204602B0BDE8704001F042
:10FBCC00A3BD144BD3F800C06B68944505D0002B33
:10FBDC00F1D06978FFF7D4FEEDE7ABB96B7823B9B8
:10FBEC000A236B70B16A0029E5D008680028E2D0BE
:10FBFC0069780190FFF7C4FE019800680028F7D1DE
:10FC0C00D9E709680029D6D04A689A42F9D1084642
:10FC1C00DFE700BF9871002070B50D46254A82B011
:10FC2C00044640F2E9112448FCF792FC2B6803F0DF
:10FC3C00F002E02A37D1214A1268934233D094F86B
:10FC4C003D309B062FD529462046FFF737FE03464D
:10FC5C0060B3427A2AB11A7B002001321A7302B0C7
:10FC6C0070BD027B3AB9666C2EB101900122294617
:10FC7C002046B047019B1946162220460193FFF7F8
:10FC8C00A5FEFCF78FFC0E4A0121019BA2FB004252
:10FC9C00597222F0030101EB9202801A012838BF3D
:10FCAC0001205881D7E76FF00500D8E74FF0FF30FF
:10FCBC00D5E700BF1C460020581A00209871002080
:10FCCC00CDCCCCCC70B50D4682B00446244A254828
:10FCDC0040F24921FCF73CFC286800F0F003E02BD3
:10FCEC002DD1214B1B68984229D094F83D309B06AE
:10FCFC0025D5A26A1AB3134601E01B68FBB15968FB
:10FD0C008842FAD1197B012904D9013919730020D1
:10FD1C0002B070BD114612689A4214D0002AF9D173
:10FD2C001A7AAAB9666C2EB1002229462046019394
:10FD3C00B047019B1946072001F02AF8E7E76FF05E
:10FD4C00050002B070BD1A680A601A7A002AE9D060
:10FD5C001946172220460193FFF738FE019BE1E775
:10FD6C00BC440020581A0020987100201D4B1868C4
:10FD7C0000282CD0816A19B970470968002927D04E
:10FD8C004A89531E002AF8D09BB24B81002BF4D128
:10FD9C004B7A012BF1D110B582B0134B4FF0020C02
:10FDAC004C6816221B689C4213D1096869B14A89B8
:10FDBC00531E002AF9D09BB24B81002BF5D14B7A04
:10FDCC00012BEAD009680029F1D102B010BD7047AF
:10FDDC00704781F809C0CDE90001FFF7F7FDDDE9B7
:10FDEC000001E2E71CA80020987100200B4B1B6857
:10FDFC005BB193F83D2002F00502052A07D11A6881
:10FE0C0042B102787F2A08BF0023184670470023AE
:10FE1C001846704713461846704700BF1CA80020B0
:10FE2C002DE9F04104467F4A82B00F467E4840F2ED
:10FE3C00D911FCF78DFB626813781909042933D1A9
:10FE4C00518803F00F03208949BA9B008DB2A84258
:10FE5C0031D86089984227D32089A84224D3132B08
:10FE6C0022D91169D06801F0F00E704D97F83DC0A1
:10FE7C00BEF1E00FC5E9040126D11CF0200F78D1AA
:10FE8C00517A112900F0858070B100263946CDE9F0
:10FE9C00003200F0C7F938B9296901F0F001E02906
:10FEAC0002D0DDE900328EBB204601F02DFC002093
:10FEBC0002B0BDE8F08129462046CDE9003201F0C0
:10FECC0013FDDDE90032C4E71CF0010F5CD0D7F85C
:10FEDC0000C0BCF1000FD3D08C4514D00846394675
:10FEEC00CDE9003200F09EF9DDE9003250B905F1A0
:10FEFC0014013846CDE90032FDF792FDDDE9003200
:10FF0C00002841D02869002874D13E46D18821F0C0
:10FF1C00C00141B12046009300F0ACFB0446002820
:10FF2C00C5D04268009BAA60204601930092C5E9A7
:10FF3C000067117801F00F018900A981394601F0A1
:10FF4C005FFF0128804644D00199204601F074FBE4
:10FF5C00009A019B527A013A102A21D8DFE802F06C
:10FF6C005C562020205120202020202020202020E2
:10FF7C004C0005F114013846CDE90032FFF7EEFDD7
:10FF8C00DDE900320028BDD1517A11292CD0286925
:10FF9C007AE7D1184988B1F5884F7FF475AFB4E78B
:10FFAC00B8F1020F12D031466869009300F03AF9AB
:10FFBC0060B96A6902F0F002E02A07D00099204685
:10FFCC0001F068FB0221204607F0C0FA204601F040
:10FFDC009BFB00230020C5E90033AB60AB81C5E976
:10FFEC00043302B0BDE8F081D1184988B1F5884FCF
:04FFFC00CDD18AE7F2
:02000004600199
:100000003E4649E73946204605F03AFBE7E73946E0
:10001000204603F013FDE2E7084A39462046FFF781
:10002000ADFDDCE73946204607F0F0F9D7E700BF21
:1000300080450020601B0020A4770020B8770020B6
:100040002DE9F04F044685B08846154640F27531DB
:100050004E4A4F489A469DF838909DF83C70BDF83E
:100060004860FCF77BFAA37B012B7AD1002D5AD094
:10007000002E55D0282E71D8F31C204623F0030300
:100080009BB2194603F1140B009301F0A3FA0190FF
:10009000002860D132461199606807F06DFF009B1F
:1000A0009E424BD31421204601F094FA06460028C4
:1000B00051D16389132B63D94FEA9B026368062FE2
:1000C00042F0400283F808A05F7229681A7083F832
:1000D00001902289196151BA9871D871598001D162
:1000E000442A04D92B4A1688711C76BA11809E8046
:1000F000B8F1000F1FD0D8F80020DA6000229A7201
:10010000DA72109B9B8E13B122899A421DD8109BE4
:100110002A46214610981B69984705B0BDE8F08F24
:100120004FF0140BBEE76389132B14D9636803AD3A
:100130001B690393E5E7184A1268DEE760689A1BBB
:10014000019930440CF058FEACE72A46109920463D
:1001500000F080FCE1E76FF00100DEE76FF00500E2
:10016000DBE70B4B40F276320C490D480CF078FC83
:1001700000200CF03DFB0120FCF7E4F908F08EF9BB
:10018000034B40F2AA320749EFE700BFD4440020F6
:10019000601B0020F8090120884C0020B41B0020BF
:1001A00000130020C01B0020F0B59DF814E09DF85E
:1001B0001840BDF82460DDE907C51AB109B10F6820
:1001C00007B96146CDF814E0CDE90856CDE9064CF3
:1001D000BDE8F040FFF734BF10B586B09DF820C0F1
:1001E0000A9CCDF800C04FF0000C0294CDE903CC7E
:1001F0009DF824C0CDF804C0FFF722FF06B010BD63
:1002000030B587B09DF828E09DF82C40DDF830C06F
:100210001AB109B10D6805B96146CDF800E0CDE924
:10022000014C0024CDE90344FFF70AFF07B030BDBD
:10023000431E033314D891F83D3013F002030DD060
:100240000B6883420FD04A68434013420BD1D3431B
:1002500020EA0200C31AB3FA83F35B091846704719
:10026000012318467047002318467047F0B5514CDB
:1002700085B00278A35C5B0738D50F4603AE6D46A8
:10028000302A36D04FF00A0E0130002107E0BEF1CF
:10029000080F1CD001FB0E21027830390130A35C1D
:1002A00013F0040FF3D1BEF1100F15D113F0440F6A
:1002B00012D003F0030302F10A0C0278022B14BFE0
:1002C00041236123ACEB030343EA0111E6E7A2F10A
:1002D000300CBCF1070FDDD92E2A18D1B54205D05C
:1002E000027845F8041BA35C5907C9D4002005B067
:1002F000F0BD427802F0DF03582B03D001304FF0FD
:10030000080EC1E782784FF0100E0230BCE70AB148
:100310001B07EBD56B46EB1A9B100133042B3AD825
:1003200001A252F823F000BF91D20000F1D20000E8
:10033000E1D200001FD30000FBD20000B1F1807FAA
:10034000D4D2009BFF2BD1D841EA03610FB109BA87
:1003500039600120CBE7FF29C8D80098FF28C5D80D
:10036000019BFF2BC2D8029AFF2ABFD81B0443EA85
:10037000006343EA02231943E8E7B1F5803FB5D2B1
:10038000009AFF2AB2D8019BFF2BAFD81B0443EA87
:1003900002631943DAE7084BFB22084908480CF0CE
:1003A0005FFB00200CF024FA0120FCF7CBF808F0EA
:1003B00075F800BF85470020F01B0020481C002076
:1003C0000013002008B540F24712064B06490748C3
:1003D0000CF046FB00200CF00BFA0120FCF7B2F801
:1003E00008F05CF8541C0020AC1C00200013002016
:1003F00010B5044648B1406908B101F08BF92146B7
:100400000620BDE8104000F0C9BC074B4FF4347221
:10041000064907480CF024FB20460CF0E9F90120BE
:10042000FCF790F808F03AF8541C0020C81C002093
:100430000013002081422DE9F04100F08D80074635
:10044000884600295ED00968814240F081804C686E
:10045000002C45D063689A883AB30026636820462A
:1004600025461C6801F0BAFA3318B3F5803F61DA0B
:1004700028469EB201F04EF9002CEFD13A4B1A6893
:10048000974248D0B8F1000F43D03B68C8F800301D
:100490003946052000F082FC344A1388B3425FD30A
:1004A0009B1B30461380BDE8F0811A683869796972
:1004B0007A60FD68BA6898602046D96001211A60A8
:1004C0005D60BA691A6107F04BF8204601F086FAC0
:1004D0000646204601F01EF97C68002CBED1CDE70F
:1004E000214B1A68914219D00B6805202646C8F89E
:1004F000003000F053FC1D4A304613889B1B1380CC
:10050000BDE8F0814468002CA4D1174B1A689042D2
:100510000DD0FFF757FF3A681A60B9E70A6805205F
:100520001A6000F03BFC114A26461388B8E70268BF
:100530000146F4E70E4BCE220E490F480CF090FA1C
:1005400000200CF055F90120FBF7FCFF07F0A6FF97
:10055000074BAD220949F0E7054BAB220849ECE710
:10056000034BD4220749E8E748A80020FA090120F4
:10057000541C0020F41C002000130020E01C00206C
:10058000D41C0020141D00202DE9F04705468A46A2
:100590000027DFF8B880D8F80000002848D04FF0D6
:1005A0000009D5F80CC0CE4649464B464269624523
:1005B0002AD009F1010453B9026892B353698E46F7
:1005C00001469C45034636D009F10204104693F8D3
:1005D0001F90C27F06684A450AD926B372699445BE
:1005E0000FD0014630460134C27F06684A45F4D830
:1005F0008E46034691461EB372699445F1D18E46EC
:1006000003460146A14630462C698269A242D0D1F8
:100610008489AA889442CCD10268AAB101461046C6
:10062000C4E78E4603464BB9574501DA012CB2DCCC
:100630003846BDE8F087A1461046E5E77146184602
:10064000FFF7F8FE0744EFE74C46ECE748A8002028
:1006500038B50A4B1C684CB10025E37F204624685E
:100660005A1E23B10546C277002CF6D138BD294663
:10067000FFF7E0FE002CF0D1F8E700BF48A800200B
:100680002DE9F04F476883B006463B7803F00F032F
:10069000052B40F0D9807D886DBAADB2132D40F2A4
:1006A000D380B7F8068001F099F9A24B81461B88E8
:1006B00003440A2B00F3E3809F4B1968002900F0E4
:1006C000EB80F86803E00968002900F0E5804B69D9
:1006D0008342F8D13B698A699A42F4D18A89BB88FE
:1006E0009A42F0D1FB8858BAC0F30C00002800F001
:1006F000B3804C6898FA98FCA5F1140213F020031B
:10070000CCF30C0C93469A464FEACC0C0AD10CEB76
:1007100002039BB29C4500F28B804FF6EB72934232
:1007200000F28680D6F804E0BEF802309EF8002081
:100730005BBA02F00F029BB2B3EB820F78D3A3EB4C
:100740008203BEF8062052BAC2F30C02D200134450
:10075000AEF8042098B2AEF8063000238242019031
:100760008EF800308EF801308EF802308EF80330AB
:100770005ED8002C00F039814FF001080FE063D003
:10078000DF88BA4260D335B1EC88844214BF4FF0A1
:10079000000808F001081C68002C00F0BD801D4610
:1007A000636898888242EAD2CEF80040002D00F0BB
:1007B000BB80019CEB88844246D89A4244D39A423B
:1007C00014BF4FF0000808F001082E60BAF1000FC6
:1007D00000F083808B7FDB0740F18C80B8F1000F45
:1007E00000F088804B68002B00F084805B689A885A
:1007F0007AB9DEF80000002800F00181019C04E0D5
:100800001068002800F09A80D48842689088A0423E
:10081000F6D0484A13884B441380BAF1000F16D122
:100820008B7FDC4443F00103A1F81CC08B770EE002
:1008300054B9414B1B688B4240F0F2800B68052095
:100840003D4A136000F0AAFA304600F063FF00252D
:10085000284603B0BDE8F08FC88940BAC0F30C0049
:1008600000283FF446AF3B687A68BC68F8688B6044
:10087000CA600C6148613B698B61FB8839E70146BE
:100880003846FFF781FE0028DED02A4B1B884B44F8
:100890000A2B7FF711AFD7E7052000F06BFA01466E
:1008A00068B3254A002413688C600B600F23CC606A
:1008B0000C614C618C61CC614C60CB7711603B6802
:1008C000D7F804C0BA68F8688B60C1F80CC00A6138
:1008D00048613B698B61FB880CE7B8F1000F02D0DF
:1008E0004B68002B82D18B7FDC4443F00103A1F8DD
:1008F0001CC08B770F4A13884B441380A7E74946E7
:100900003846FFF741FE81459EDC052000F032FAB3
:1009100001460028C5D197E7BA4214BF4FF000083E
:1009200008F001081E6051E7019B83428CD84E609D
:100930004CE700BFFA09012048A80020934260D08C
:100940003D4802884A440280BAF1000F4BD1887FAB
:100950000BEB0C0240F001008A8388778D6814321B
:100960000C69486952BACE689C605E60D86000200D
:100970001C681D608D695A801D6198714D68D87121
:100980009872D8726CB10F4614212046666800F048
:1009900059FE2146284601F037F83468002CF3D17F
:1009A0003946264B1B688B4206D0002B3DD01A6877
:1009B0008A4215D01346F8E70B68204A13600520D9
:1009C00000F0ECF9284601F009F81B4B1B88834224
:1009D0002DD31B1A184A2846138003B0BDE8F08FA8
:1009E0000A681A60EBE78A8BB8E74E60BAF1000F2D
:1009F0003FF476AF8B7FDA073FF5F4AE7AE79E459A
:100A00009ED10F4B4FF4F1720E490F480CF028F8AD
:100A100000200BF0EDFE0120FBF794FD07F03EFDFA
:100A2000074B40F2AD220949EFE7FFF7CBFC044B3F
:100A300040F29D220649E8E7FA09012048A8002073
:100A4000541C0020381D002000130020881D0020A9
:100A50006C1D00202DE9F04FD0F804A08DB09AF85D
:100A6000003003F00F03052B40F0C080438905469A
:100A7000132B40F2BB800389143B9BB21E46002B14
:100A800000F0AF808B8E14270024DFF8A091B3F123
:100A90001400B04648BFA3F10D00CDE90A1220F0C2
:100AA0000702BAF80630C110CDF814A05BBA92B2B2
:100AB00009910492C3F30C02C3F3403303920893E9
:100AC0004FF420721421102000F08EFE834600287F
:100AD0004CD04389132B40F29B8005994368C8682A
:100AE0000A68D1F804C08E68D86004981A6040453E
:100AF000C3F804C09E6028BF40460A6902901A618C
:100B0000DBF8042000286ED06C89BC4271D3029EB1
:100B1000CDE906281AE0019403466A6821460020C0
:100B20003A440092412200F033FD824618B3361B4E
:100B3000284600F05DFF5146B6B25846C8E9049514
:100B400000F062FFFEB12D6800276C89E41BA4B29F
:100B5000B44228BF3446002CF5D0062000F00AF934
:100B600080460028D7D1584600F0D4FD4FF0FF3022
:100B70000DB0BDE8F08F4146062000F00FF9584651
:100B800000F0C8FDF2E72744DDE90628BFB20A9964
:100B9000039E8B8E0898133B4345D8BF40F001005D
:100BA000C6F30C0343EA403308465BBAD380029B8A
:100BB00014335BBA538000239372D3720B69594686
:100BC0000B9A9847584600F0A5FD029BA8EB030B33
:100BD000099B1FFA8BF833440393B8F1000F7FF49D
:100BE0006FAF0020C4E72744BFB2D0E76FF0050025
:100BF000BEE70A4B40F22F3209490A480BF030FF9A
:100C000000200BF0F5FD0120FBF79CFC07F046FCF3
:100C1000024B40F226320449EFE700BF541C00208B
:100C2000C81D002000130020A81D002095D300003F
:100C3000704700BF704700BF08B50AF0C3FF90B10E
:100C4000C31C23F0030398420DD0074BC822074969
:100C500007480BF005FF00200BF0CAFD0120FBF751
:100C600071FC07F01BFC08BDD81D0020281E0020C9
:100C70000013002010B540B1C31C23F003039842B9
:100C800011D1BDE810400AF0A5BF094BD92209498E
:100C900009480BF0E5FE00200BF0AAFD0120FBF750
:100CA00051FC07F0FBFB024BDA220449F0E700BFDE
:100CB000D81D00204C1E0020001300205C1E0020C8
:100CC0000AF0EEBE08B54FF48C72064B0649074891
:100CD0000BF0C6FE00200BF08BFD0120FBF732FC71
:100CE00007F0DCFB741E0020C41E0020001300204F
:100CF00008B54FF4B672064B064907480BF0B0FE34
:100D000000200BF075FD0120FBF71CFC07F0C6FB73
:100D1000741E0020E81E002000130020F0B5DFF84C
:100D200050E00424104B0026104D0EF12C075EF805
:100D3000042B2E6074B103330021B2F800C023F0FD
:100D400003030A4600E06344013219601946A242D7
:100D5000F9D12B60774505D0DEF80020D2E90135C6
:100D60005488E4E7F0BD00BF98BC202000A8002014
:100D7000544D00200A280BD808B5074B53F82030F3
:100D80009B68186818B102681A60830702D108BD11
:100D900000207047FFF796FF544D002061B10A28EC
:100DA0000AD808B58B0708D1054B53F820309B684B
:100DB0001A680A60196008BD7047FFF799FF00BF05
:100DC000544D00206FF00B00704700BF68B190F8E1
:100DD0003D2002F00501052900D070470368002B73
:100DE000FBD09306F9D5FEF795BE10B50446074B28
:100DF0004FF46472064907480BF032FE20460BF0B0
:100E0000F7FC0120FBF79EFB07F048FB081F0020C2
:100E1000581F002000130020704700BF10B5054A7E
:100E2000044640F25B310448FBF798FB034B1C601F
:100E300010BD00BF58470020081F00201CA800203C
:100E400030B5054685B0184A40F271311748FBF7B6
:100E500085FB1DB195F83D30DA0701D505B030BDF1
:100E6000134943F0010301220C6885F83D308DF8E9
:100E700004204CB101AA08212846D4E9003498473F
:100E8000002CF7D195F83D3003F00502052AE5D195
:100E90002A68002AE2D09B06E0D5284605B0BDE8C6
:100EA0003040FEF737BE00BF34470020081F002047
:100EB0007877002030B5054685B0144A40F2BF313E
:100EC0001348FBF74BFB1DB195F83D30DA0701D411
:100ED00005B030BD0F4900220C688DF804204CB1DC
:100EE00001AA08212846D4E900349847002CF7D1FC
:100EF00095F83D3023F001021B0785F83D20E7D52A
:100F0000284605B0BDE83040FEF74CBA184700202F
:100F1000081F00207877002038B50546244A40F2A3
:100F20000A312448FBF71AFBB5B1234B1C683CB1CE
:100F3000002202212846D4E900349847002CF7D13A
:100F40002B68D3B995F83D309A060ED4DB0704D44C
:100F50001A4C2368AB4221D038BD184C2846FFF705
:100F6000A9FF2368AB42F7D118E02846FEF7BCFD85
:100F700095F83D30DB07EBD5EFE70021284601F07F
:100F8000B5FF0021284604F0F3FE0021284600F0BA
:100F9000BDFF95F83D309A06D8D5E6E7084A40F2FD
:100FA0005B310448FBF7DAFA0023236038BD00BF49
:100FB000D8450020081F0020787700201CA80020BA
:100FC0005847002030B5054685B01B4A40F2044121
:100FD0001A48FBF7C3FA1DB195F83D305A0701D501
:100FE00005B030BD43F00403284685F83D30FDF7D9
:100FF0003FFD2846FCF7F0FC95F83D3003F0050274
:10100000052A10D00E4A012314688DF80430002CF4
:10101000E6D001AA04212846D4E900349847002CE0
:10102000F7D105B030BD2A68002AEBD09B06E9D580
:101030002846FEF76FFDE5E7F8460020081F002070
:101040007877002030B5054685B0144A40F22A4131
:101050001348FBF783FA1DB195F83D305A0701D4C8
:1010600005B030BD23F00403284685F83D30FCF779
:10107000B5FC284606F056F80A4A002314688DF895
:101080000430002CECD001AA04212846D4E9003415
:101090009847002CF7D105B030BD00BFC0460020F6
:1010A000081F00207877002010B50446094A40F256
:1010B000CE610948FBF752FA54B1084B186830B1B9
:1010C00090F840300133DBB2A34218BF002010BDBE
:1010D000204610BD70460020081F00201CA80020DC
:1010E00038B504460D46164A40F20A711548FBF71A
:1010F00035FA34B1A5B1144B25601A681C606260E2
:1011000038BD104B40F20B72104911480BF0A8FC8F
:1011100020460BF06DFB0120FBF714FA07F0BEF937
:10112000084B40F20C720B4909480BF099FC284619
:101130000BF05EFB0120FBF705FA07F0AFF900BFEB
:101140008C450020081F0020787700207C1F00209D
:1011500000130020981F002010B50446164A40F2E4
:101160001D711648FBF7FAF9BCB1154B196871B13E
:10117000A1420DD04B6823B907E05A68194622B145
:1011800013469C42F9D163684B600023636010BD35
:1011900062681A6000236360F9E7084B40F21E7230
:1011A000084909480BF05CFC20460BF021FB0120AC
:1011B000FBF7C8F907F072F9EC440020081F002083
:1011C000787700207C1F002000130020F8B505462A
:1011D00068B10E4B0E4617461C683CB13A46314684
:1011E0002846D4E900349847002CF7D1F8BD084BC5
:1011F00040F23E72074908480BF032FC28460BF0DB
:10120000F7FA0120FBF79EF907F048F978770020FC
:10121000081F0020AC1F002000130020F0B50D4671
:1012200089B017460446544A4FF4307153481E465D
:10123000FBF794F9002D36D007B316B32B6823B310
:10124000002319463F68D4E90120974226D0676001
:101250000192326801AE8242069641F0400626D0E5
:10126000A26002AA029007922BB346F0A00189B2B5
:1012700005AA2046FFF7AAFF09B0F0BD404F002E97
:10128000DCD12B683E4E002BDAD12168002943D1F6
:101290003F680123D4E901209742D8D132688242C5
:1012A00058D00E46DCE7364D002FC6D1E6E753B1E5
:1012B00041F0C001DCE723682A6893420AD146F472
:1012C000946189B2D4E723682A68934204D141F437
:1012D0009861CDE746F0200603AF2A6804A9384696
:1012E000CDE9033201F002FE04A9384604F040FDC6
:1012F00004A9384600F00AFE04AA3946204605F043
:10130000F3FF2B68012120462360FFF75FFD46F4C1
:101310009263059799B2ABE703A8039105A90593DA
:1013200001F0E4FD05A903A804F022FD05A903A826
:1013300000F0ECFD05AA03A9204605F0D5FF2B68B7
:10134000012120462360FFF741FD03AB10210593E7
:10135000012377E71BB100298ED0902188E723680D
:101360002A68934206D100290CBF4FF480614FF4E4
:1013700092617DE70E46AFE7E8450020081F002098
:10138000884C0020F0B583B004460D46164640F266
:101390002D11364A36480193FBF7E0F8354A019B98
:1013A0001768002F4DD1002C3BD0099A002A38D065
:1013B000002D3ED0002E37D0002B38D00898324672
:1013C0002946A0610A98E0600020C4E90000A060FE
:1013D000A08684F83D00E06120626062A062E06265
:1013E000606484F84000A064234820612046FFF731
:1013F00015FF2046099B984798B994F83C30062B76
:101400002ED894F83D309B0617D41C4B1D683DB177
:10141000002201212046D5E900359847002DF7D15B
:101420002746384603B0F0BD154E002BC6D1144BED
:10143000C4E7134D002EBFD1F6E72046FEF73CFB74
:10144000E3E70B4B40F231120E490F480BF008FB5B
:1014500000200BF0CDF90120FBF774F807F01EF81F
:10146000034B40F28B120949EFE700BF044600200E
:10147000081F00201CA8002069DD000078770020EC
:10148000884C0020C41F002000130020E01F002013
:1014900000B59C4685B00023CDF808C0CDE9001208
:1014A0001A461946FFF76EFF05B000BD08B540F2B9
:1014B0004632064B064907480BF0D2FA00200BF0E3
:1014C00097F90120FBF73EF806F0E8FF0C2000201A
:1014D0005C2000200013002008B540F24C52064B5F
:1014E000064907480BF0BCFA00200BF081F90120F7
:1014F000FBF728F806F0D2FF0C2000207020002017
:101500000013002007490022074B08681A7010B921
:1015100006E0C06820B1436F002BFAD001F03ABD5D
:10152000704700BF24090120290A012030B522F0AC
:10153000400483B0012C15D105460920CDE90012E5
:10154000FFF718FC60B100230099019A0360437310
:1015500061F30F03456061F31F430273C48183602D
:1015600003B030BD074B4FF4A672074907480BF094
:1015700077FA00200BF03CF90120FAF7E3FF06F0C0
:101580008DFF00BF0C2000208420002000130020CD
:10159000033020F0030010B501EB000EBDF80CC0C5
:1015A0001446029AE64513D84FF0000C61F30F0C75
:1015B00061F31F4C02B10244002002215A60012253
:1015C00018601846C3F808C01C735973DA8110BD3F
:1015D000002010BD10B5F0B1B1F5803F0BD2C1B104
:1015E0008AB2038913449BB29A4204D890F90CC082
:1015F000BCF1000F01DB012010BD446800F1100CAC
:10160000611A6145F7D3B0F80AC0416062440381B2
:101610004281002010BD0446074B4FF4F272074987
:1016200007480BF01DFA20460BF0E2F80120FAF70C
:1016300089FF06F033FF00BF0C2000209820002017
:101640000013002010B5A8B1B1F5803F10D269B1E8
:101650008AB2438993420BD344689B1A04EB010C72
:10166000018943818B1AC0F804C00381002010BD9A
:10167000012010BD0446074B4FF414720649074879
:101680000BF0EEF920460BF0B3F80120FAF75AFF01
:1016900006F004FF0C2000209820002000130020FA
:1016A000002918DB10B5F8B199B18AB20389134447
:1016B0009BB29A4216D890F90CC04468BCF1000F56
:1016C000A4EB01010ADBB0F80AC041606244038167
:1016D0004281002010BD4942FFF7B4BF00F1100C59
:1016E0006145F0D2012010BD0446074B4FF4F27261
:1016F000064907480BF0B4F920460BF079F80120B1
:10170000FAF720FF06F0CAFE0C20002098200020E7
:1017100000130020F8B50546002849D0002608E04F
:101720002C69002C3AD02846A0470136F6B2D7B132
:101730003D46AC7B1CB3013CE4B2AC739CB96B7B03
:101740002F6813F00204EBD12B7B03F00F03022B65
:101750000BD0012B0ED033BB01362846FFF78AFA97
:10176000F6B2002FE4D13046F8BD29460A20FFF733
:1017700015FBDAE729460920FFF710FBD5E7144BE4
:1017800040F2F522134914480BF06AF920460BF099
:101790002FF80120FAF7D6FE06F080FE0C4B40F23F
:1017A00003320E49EFE70A4B40F213320C49EAE7E5
:1017B000074B4FF438720B4907480BF051F9284694
:1017C0000BF016F80120FAF7BDFE06F067FE00BF29
:1017D0000C200020A420002000130020BC200020AA
:1017E000E020002098200020B2F5C17F2DE9F843C9
:1017F00081460F463AD012D822F04003012B30D058
:10180000364B40F22912364936480BF029F90020B0
:101810000AF0EEFF0120FAF795FE06F03FFEB2F562
:10182000207FEDD1CB1C033023F0030320F0030015
:1018300010331844FFF700FA804678B100212A4B94
:1018400081440A46C36009F1130367F30F0223F0D2
:10185000030367F31F42C0E9001382604046BDE8FE
:10186000F8830020BDE8F843FFF760BE002240F295
:10187000EC551E4C904606E03260FB1A4FF0000912
:101880009FB2002FEAD00A201646FFF773FA0246ED
:10189000C0B109F1030300EB09010020178123F017
:1018A000030313311060EB1A21F00301D4609BB2E3
:1018B0005160BB4228BF3B465381B8F1000FDBD1DA
:1018C0009046DAE70A4B01221A70B8F1000F02D0F5
:1018D0004046FFF71FFF4FF00008BFE70C20002035
:1018E000F42000200013002080000100820001008D
:1018F000290A0120F8B5044600285DD003898B42EF
:1019000022D90D46C91A06E02289EB1A0A449DB273
:101910002281246894B36389AB42F5D3227B1207FA
:1019200006D1AB4204D0637B13F002031E460CD0F9
:101930000023206865F30F0365F31F43A36008B11C
:10194000FFF7E8FE00232360F8BD636820461B1BF9
:101950005919FFF76FF90746F8B18442E8D0194BDF
:1019600040F2C112184919480BF07AF830460AF0D3
:101970003FFF0120FAF7E6FD06F090FD114B40F223
:10198000B112134911480BF06BF820460AF030FFF2
:101990000120FAF7D7FD06F081FD0A4B40F2BF1295
:1019A0000C490A480BF05CF838460AF021FF012088
:1019B000FAF7C8FD06F072FD024B4FF4CD720649EE
:1019C000E0E700BF0C2000205C2100200013002075
:1019D000282100204021002010210020034630B1A2
:1019E000002001301B6880B2002BFAD1704770478D
:1019F00030B108B5837B0133DBB283730BB108BD13
:101A00007047FFF753FD00BFD0B110B5B1FA81F4B4
:101A10006409A1B1884214D0036843B10289B1F8C6
:101A200008C06244028118461B68002BF6D1028967
:101A30004389934214D10A8901601344038110BD84
:101A400070470F4B40F25F320E490F480BF008F819
:101A500020460AF0CDFE0120FAF774FD06F01EFDC7
:101A6000074B40F26732094907480AF0F9FF0020A6
:101A70000AF0BEFE0120FAF765FD06F00FFD00BF7B
:101A80000C20002078210020001300209421002049
:101A900000B583B00191FFF7B7FF019921B18B7BAE
:101AA0000133DBB28B730BB103B000BDFFF7FEFC5B
:101AB000002900F08B802DE9F84391460A890E46F3
:101AC0004A4561D3054600285ED0018903EB09022F
:101AD000914259DBB0FA80F81F464FEA58186C89DA
:101AE0007389E41B6868A3EB0803716838449C425F
:101AF000414428BF1C464C4528BF4C46224627443B
:101B000006F03AFA6A89BA4251D3A0447389434530
:101B10003ED3A9EB04041FFA84F91DD0BA422AD09F
:101B200032899A420AD01DB16A892B899A420CD017
:101B3000B9F1000FD3D14846BDE8F8833368002BD4
:101B4000F1D06FF00500BDE8F8832B68002BF8D1C9
:101B5000B9F1000FC3D1EEE7B9F10003366818BF41
:101B6000012306B983B9BA424FF0000807D0002E0E
:101B7000D9D07389D4E7B9F1000318BF01232D68C8
:101B800005B90BB90027F2E76FF00F00BDE8F88345
:101B9000104B40F2FB32104910480AF061FF002060
:101BA0000AF026FE0120FAF7CDFC06F077FC094B7F
:101BB00040F2FA320A4909480AF052FF00200AF0BE
:101BC00017FE0120FAF7BEFC06F068FC6FF00F006C
:101BD000704700BF0C200020DC21002000130020F3
:101BE000C421002019B100230A89FFF761BF6FF0FB
:101BF0000F0070472DE9F84379B1054668B10F46EB
:101C000016469AB3B5F80AC063B16345A3EB0C025C
:101C100008D32D6893B2002DF4D14FF00008404650
:101C2000BDE8F8834FF0000801E0B5F80AC0ACEB5E
:101C3000030C696807EB08001FFA8CF41944B442DE
:101C4000A14628BFB1464A46C84406F095F92D681A
:101C5000A6EB09091FFA88F80023002DDFD0B44253
:101C60001FFA89F6E1D34046BDE8F8839046D6E7EF
:101C7000B9B32DE9F843054608B3038993421BD352
:101C8000BAB1B0FA80F79146884616467F0901E05E
:101C90002D68BDB16C8908EB07016868B44228BFA4
:101CA00034462246274406F067F9361BF0D1B94581
:101CB0001AD10020BDE8F8834FF0FF30FAE76FF04B
:101CC0000F00F7E7104B40F2E542104910480AF0C8
:101CD000C7FE28460AF08CFD0120FAF733FC06F017
:101CE000DDFB6FF00F007047074B4FF49E62094910
:101CF00007480AF0B5FE30460AF07AFD0120FAF7EF
:101D000021FC06F0CBFB00BF0C200020F8210020B6
:101D10000013002010220020002835D09C460346E6
:101D200070B582B003E01B681FFA80FC43B35C8986
:101D30006445ACEB0400F6D918890CEB0205A84207
:101D40001EDB58686044A4EB0C0C624504DC06F012
:101D500013F9002002B070BD1FFA8CF2CDE9001318
:101D6000164606F009F92A1B92B2DDE90013002A93
:101D7000EFD03144186802B0BDE87040FFF778BF7B
:101D80004FF0FF3002B070BD4FF0FF30704700BF22
:101D900038B514460A462189FFF726FD054628B1C5
:101DA000002322892146FFF783FE08B9284638BD63
:101DB000FFF792FB18B90AE0006899B230B1438985
:101DC0008B42A1EB0303F7D94368585C7047704717
:101DD00040B143898B42A1EB030306D8006899B256
:101DE0000028F6D14FF0FF3070474368585C7047C9
:101DF00018B90AE0006899B230B143898B42A1EB6F
:101E00000303F7D943685A54704770472DE9F84FD8
:101E1000384E814631687069FEF70AFA364BD3F8BE
:101E200000B0BBF1000F54D08046D9F80420002048
:101E3000557A044605E0DBF80C305C46002B34D0C4
:101E40009B469BF81030AB42F5D19BF8081031B19E
:101E5000736893F840300133DBB29942EBD1DBF881
:101E60000010B8F1000F22D00029E4D19BF8113006
:101E7000DB0704D5DBF8041033699942DBD1DBF8CA
:101E80001470002FD7D092461C4B4A465946DBF8B7
:101E90001800B84788B9D9F8042052451BD1DBF89F
:101EA0000C3002205C46002BCAD1BDE8F88F002917
:101EB000DCD073699942BED1D8E744B10E49DBF852
:101EC0000C200B68E260C1F800B0CBF80C300120A8
:101ED000EBE75846E9E70746094BC02209490A489B
:101EE0000AF0BEFD38460AF083FC0120FAF72AFB0F
:101EF00006F0D4FAA477002044A80020B47700208C
:101F000028220020782200200013002010B102684F
:101F100001B102B970470B68002BFBD0084B1B685E
:101F2000002BF7D010B400E002681C68944201D185
:101F30000A681A60DB68002BF6D110BC704700BF3E
:101F400044A8002010B50446E0B1037D042B03D063
:101F5000072B0BD0032B07D102F0AAFD58B905239C
:101F60002046237502F040FF002010BD02F0A0FDC6
:101F700008B90923F4E7431CF7D1638B43F0080346
:101F80006383F1E7074B4FF4CE72074907480AF025
:101F900067FD20460AF02CFC0120FAF7D3FA06F080
:101FA0007DFA00BFC422002014230020001300206B
:101FB00008B5D422064B074907480AF051FD002016
:101FC0000AF016FC0120FAF7BDFA06F067FA00BF26
:101FD000C4220020202300200013002008B5FAF7B7
:101FE000E7FA024B024A0343138008BD00C0FFFF1B
:101FF000FA57002008B5037D012B05D001460220C9
:10200000BDE80840FEF7CABEFFF7D2FF38B5044668
:10201000E0B1038D40F6683EC16A426A658E581A87
:102020007545104494BFA0EB050CA0EB0E0CBCF161
:10203000000F05DA8B1A05D4B3F5803F15D20020C6
:10204000638538BD00231846638538BD094B40F2CF
:10205000AA32094909480AF003FD00200AF0C8FB2A
:102060000120FAF76FFA06F019FA024B40F2BA3281
:102070000349EFE7C422002034230020001300208E
:102080005823002070B504460D461B4A40F2D1315A
:102090001A48FAF763FAB4B1237D012B1E461CD00F
:1020A000238DE91889B28B4203D841F2D06399425B
:1020B00001D941F2D06120462185FFF7A7FF40F208
:1020C000B353984200D870BD638B204643F002039F
:1020D0006383BDE8704002F087BE084B40F2D63201
:1020E000074908480AF0BCFC00200AF081FB304692
:1020F000FAF728FA06F0D2F96C470020C422002033
:10210000742300200013002070B138B50446254622
:102110002468686808B1FFF7FDFA29460420FEF735
:102120003DFE002CF3D138BD704700BF88B1014699
:10213000406858B100B583B00191FFF7EBFA0199FF
:10214000042003B05DF804EBFEF728BE0420FEF780
:1021500025BE704710B5044682B0B0B10420FEF72A
:1021600009FE034670B12068D4F804C0A168E26893
:10217000C3F804C0186099605868DA600193FFF7EB
:1021800037FC019B184602B010BD074B40F2866237
:10219000064907480AF064FC20460AF029FB0120A2
:1021A000FAF7D0F906F07AF9C42200209C23002027
:1021B0000013002020B1037D0A2B01D0012B00D891
:1021C000704730B50546806F83B018B1FFF7A2FAAB
:1021D0000023AB676C6F6CB121462468486818B166
:1021E0000191FFF797FA01990420FEF7D7FD002C23
:1021F000F2D16C674FF6FF73EC6E2B8664B121460B
:102200002468486818B10191FFF784FA0199042005
:10221000FEF7C4FD002CF2D12C6F64B12146246876
:10222000486818B10191FFF775FA01990420FEF78B
:10223000B5FD002CF2D1A5F86840C5E91B4403B0F8
:1022400030BD00BF2DE9F04FA74F87B0DFF8B49243
:102250003B68DFF8B4A201333B6099F800300133EA
:1022600089F80030A14B1C68002C7CD04FF0000B8B
:10227000257D002D00F0F581012D00F0E3810A2D70
:1022800000F0FE8199F80030A27F9A4200F025818B
:10229000022DA37794F8423000F0A2800B2B40F27D
:1022A000AA800126062D00F0CC80637A1B0740F13E
:1022B0009A80042D02D0072D40F09580D4F8941018
:1022C0008B483B68226A08188A4D9B1AA5FB005070
:1022D000B3EB501F40F2D58001364FF00108F6B243
:1022E000656F9DB13B689A1AB4F9403003EB430324
:1022F000B2EB430F80F00A81237D032B48D0092BDA
:102300004BD13B68226A9B1AF02B46D92046D4F861
:102310009050FFF74FFF754B1B68BBF1000F00F0AB
:1023200072819C4200F0C481E368CBF80C30B8F1B4
:10233000000F40F05B81237D012B00F0AB81214633
:102340000220D4E90346FEF729FD00238AF8003075
:102350003DB16FF00C013046A8479AF80030002BD1
:1023600080D1002C84D1644E346874B10025237D63
:102370000A2B40F08A813B68226A9B1AF02B00F2FC
:1023800091802546E468002CF1D107B0BDE8F08FBC
:102390003B68226A9B1A282BB8D8002EB6D1237F1F
:1023A000627F0133E568DBB29A42237712D8D4F812
:1023B0008C3026778AF80060002B00F013812146CC
:1023C000206998479AF80030002B7FF44BAF002823
:1023D00000F00881A3462C46002C7FF449AFC2E7E9
:1023E000052B08D90126656F002D00F0ED804FF018
:1023F0000008226A76E794F89960002E00F0968033
:10240000226F002A40F04A81E36E002B00F05581D4
:1024100094F89A300B2B3FF644AF384B334413F803
:10242000011C94F898308B42C0F0FA80B4F86060D8
:10243000A6B9204602F012FFB8B1257D062D7FF423
:1024400034AF638BDA0628D53B68226A9B1A282BA7
:1024500023D901364FF00008F6B241E73146204655
:1024600002F0D2F9002800F0E48094F899300026B8
:10247000257D062B84F898609CBF013384F8993041
:10248000DCE794F89B201E4800FB0211194AA2FBCE
:102490000121B3EB511F00F29980656F002DA6D189
:1024A000A8467AE72046FFF785FE3368002D00F046
:1024B000B0809C4200F0F780D4F80C80C5F80C8006
:1024C000237D012B00F0E680214644460220FEF7E2
:1024D00065FC002C7FF44BAF57E7A346E468002C63
:1024E0007FF4C6AE3FE700BF340901202409012074
:1024F000B84C0A00D34D621038090120AC4D0020C1
:10250000F8240100300A01202E0A012005942C46EF
:102510002D68606808B1FFF7FDF821460420FEF73A
:102520003DFC002DF3D1059C6567E5E6B4F930303C
:1025300047F6FE719AB28A4202D8013213B223865C
:10254000B4F940209A423FF7ADAE204602F0E2FADD
:10255000257D38B1236F002B7FF4A4AEE36E002BF2
:102560003FF4A0AE022D14D094F84220B4F93C10F0
:102570000C2AB4F93E3028BF0C2203EBE103564984
:102580008A5C934047F6FF729342A8BF1346A4F8B3
:102590004030638E2046B4F84810A4F848305B0001
:1025A0009AB2B4F860308B4228BF0B465B08934266
:1025B00038BF1346A4F84A3000232386A4F86A30B3
:1025C00002F0C8FD257D6DE6A84695E6204602F09E
:1025D0000BFE00287FF407AF94F89B30013384F89A
:1025E0009B3000E7204602F0FFFBF3E6238B2046FA
:1025F000626A216D0293E38A0193231D00932346AF
:1026000002F066FB97E69C425CD1E368334A1360B4
:102610008DE69C425BD1D4F80C80C6F800804FE771
:102620000133DBB28B4284F89830BFF4FFAE16461C
:1026300038E6204602F0D8FB00287FF416AF0646A5
:10264000257D2FE6264B40F2C342264926480AF054
:1026500007FA00200AF0CCF82846F9F773FF05F0D6
:102660001DFF1F4B40F2C24220491F480AF0F8F9F3
:1026700000200AF0BDF80120F9F764FF05F00EFF15
:10268000174B40F2C4421A49EFE7154B40F2A552EE
:102690001849EAE7124BD4221749E6E7104B4FF4EA
:1026A0009B621649E1E70E4B40F2B3521449DCE756
:1026B0000B4B40F271521349D7E7094B40F2D94214
:1026C0001149D2E7064B40F275521049CDE7044B51
:1026D00040F2B7520E49C8E78C4D00202409012072
:1026E000C4220020E423002000130020B82300208F
:1026F0001024002000250020202300203C2400205E
:1027000030250020A824002070240020D42400209C
:102710005825002070B50C46002934D0002841D03F
:1027200003688B421FD02BB1DA68A24228D013462F
:10273000002BF9D100232046E360FFF73BFD237D0A
:102740000A2B1AD0012B0AD0638BDA070ED4E36E62
:10275000002B31D1256F002D33D1636F3BBB00239C
:102760002375E38270BDCB680360E3E743F00203A7
:102770002046638302F038FB237D012BE7D1EEE78F
:10278000E268DA60D6E7114B40F68D021049114835
:102790000AF066F900200AF02BF80120F9F7D2FEC2
:1027A00005F07CFE094B40F68E020B49EFE7074B24
:1027B0004FF40A620949EAE7044B40F69D020849D2
:1027C000E5E7024B40F69E020649E0E7C4220020FE
:1027D00080250020001300209C250020F0250020EB
:1027E000BC250020D42500202DE9F04F054687B0F8
:1027F0000E46534A40F23B215248F9F7AFFE002DF6
:102800005DD02C7D012C00F08C800A2C79D02B6DB2
:102810009A466B6A9B46D5F890301F462B699846BE
:10282000EB8A9946002C42D1002B4BD14FF0000986
:1028300000262C6F64B121462468486818B10591C0
:10284000FEF768FF05990420FEF7A8FA002CF2D1E4
:10285000EC6E64B121462468486818B10591FEF712
:1028600059FF05990420FEF799FA002CF2D16C6FFC
:1028700064B121462468486818B10591FEF74AFF03
:1028800005990420FEF78AFA002CF2D14EBB2B7D6D
:10289000012B44D029460220FEF780FA3B4677B14F
:1028A0006FF00C01404607B0BDE8F04F18472946CD
:1028B0002548FFF72FFF254B01221A70B9E707B013
:1028C000BDE8F08F224A1368AB4217D033B1DA6803
:1028D000AA4201D01346F9E7EA68DA600023EB6008
:1028E000A4E7CDF804905A462B8B51462846029314
:1028F0002B1D00932B4602F0EBF9C8E7EB68136041
:10290000ECE729461348FFF705FF2B7D012B06D086
:102910002946022007B0BDE8F04FFEF73FBAFFF7A7
:1029200047FB084B4FF410720B490C480AF098F81B
:10293000002009F05DFF2046F9F704FE05F0AEFD2A
:10294000F8450020C4220020240901202E0A01207D
:102950002809012038090120082600200013002042
:102960000121FFF741BF00BF70B5634A82B040F25A
:10297000327106466148F9F7F1FD0220FEF7FAF9D7
:10298000044620B39C22002120460AF035FA5C4B15
:102990005C4941F2D0601A685B4B09782262A362FD
:1029A000FF235A4AA4F86400A17759485949A26400
:1029B0004FF00612E372584B6675C4F88400C4F8F1
:1029C0009410C4F83E202363204602B070BD534BE0
:1029D0001B686BB11846DB68428B1107F9D522F0F2
:1029E000080201934283FFF7ADFA019B002BF1D15E
:1029F0004B4B1B6883B1424A002110681A6A821A45
:102A0000914201D81C461146DB68002BF6D11CB15F
:102A100001212046FFF7E8FE0220FEF7ABF904464D
:102A20000028AFD13D4B196899B1354B2246186843
:102A300001E0C96849B10B7D092BFAD10B6AC31AB1
:102A40009A42F6D80C461A46F3E714B12046FFF72F
:102A5000CBFE0220FEF78EF90446002892D12F4BC0
:102A6000196899B1264B2246186801E0C96849B136
:102A70000B7D082BFAD10B6AC31A9A42F6D80C4682
:102A80001A46F3E714B12046FFF7AEFE0220FEF728
:102A900071F9044600287FF475AF33062AD40EB3CB
:102AA00032461E4B1B68EBB1013A15494FF0000C42
:102AB000D2B2D1F800E006E0186AAEEB000C0A468C
:102AC0001C46DB684BB1597D9142F5D3F9D1186AA8
:102AD000AEEB00056545F4D3EFE71CB101212046BC
:102AE000FFF782FE0220FEF745F9044600287FF436
:102AF00049AF69E77F22D4E70C470020C4220020B9
:102B000034090120300A0120D016D0160100D01659
:102B100085FC000000DD6D00FFFF18022409012084
:102B20003809012030B5044685B0002800F09680B1
:102B3000037D19B1042B15D0072B13D0012B65D0C1
:102B4000022B41D0002B55D1E38A002B46D0594AA5
:102B50001368A3427FD0002B7AD0DA68A24275D0E6
:102B60001346F8E7A36F002B3FD0638B13F01003DD
:102B70001D4600F09080218B201DE28A2346CDE97E
:102B80000121626A216D0090204602F0A1F82046E2
:102B9000FFF710FB484A1368A34231D033B1DA681B
:102BA000A24201D01346F9E7E268DA60434B002005
:102BB000434A01211B68E060A342117023D0237DAA
:102BC000012B0BD1FFF7F4F921463B48FFF7A2FD9B
:102BD0000121237D3A4A8B421170F3D02146022015
:102BE000FEF7DCF8002005B030BD228D41F2D06345
:102BF0009A42BAD1204605B0BDE83040FFF7A2B9ED
:102C0000E3681360D2E701F0C5FCEBE72D49002033
:102C100001F10C0C51F8043F1B6833B1DA6F944298
:102C200008BFD867DB68002BF8D18C45F2D121466C
:102C30002548FFF76FFD237D012B1D461DD0214642
:102C40000320FEF7ABF8002005B030BDE268DA6083
:102C50000023E360C2E7E3681360F9E71B4B4FF41E
:102C6000AF721B491B4809F0FBFE204609F0C0FD6E
:102C70000120F9F767FC05F011FC144BDF2216491F
:102C8000144809F0EDFE002009F0B2FD2846F9F7DE
:102C900059FC05F003FC0D4B4FF4B2720F490D487F
:102CA00009F0DEFE284609F0A3FD0120F9F74AFCF1
:102CB00005F0F4FB28090120240901202C0901203A
:102CC0002E0A01209C4D002030090120C422002042
:102CD0003C26002000130020782600205C260020DF
:102CE00039B318460B4600B583B052B11846118966
:102CF0000192FFF7C7F90198FEF70CFD002003B021
:102D000000BD0028FAD10C4A01914FF4F3710B4831
:102D1000F9F724FC019B1A7D012A03D05A8B42F05B
:102D200010025A830121184603B05DF804EBFFF747
:102D3000F9BE6FF00F00704710460020C42200203B
:102D4000002838D0826F002370B5D0F8845082B04C
:102D5000517B044683670E4665B1014600690192C6
:102D6000A847019A68B10D3021D06FF00400A26726
:102D700002B070BD11890192FFF784F90198FEF746
:102D8000C9FCB30610D5238D41F2D062934201D025
:102D900001332385D4F8845035B1002321462069BE
:102DA0001A46A8470D3002D0002002B070BD6FF067
:102DB0000C0002B070BD6FF00F0070472DE9F041BC
:102DC0001C4D0027DFF874802B781B4E01332B70CD
:102DD000D8F80040B4B1A37F2A78934214D0638B13
:102DE000A277D90719D41A0710D4A36F2046E46834
:102DF000002BEFD03770FFF7A3FF3378002BE7D11C
:102E0000002CE8D1BDE8F081E468E3E723F0080393
:102E100020466383FFF796F8E7E743F00203204676
:102E2000638301F0E1FF638B23F003039BB26383B1
:102E3000D9E700BF300A01202E0A01202409012011
:102E400008B5FFF7BBFF054A137801331370DB07A2
:102E500000D408BDBDE80840FFF7F4B92F0A0120EF
:102E600020B1038B021DC18A03F076BA10B5044667
:102E7000074B40F6B4020749074809F0F1FD204628
:102E800009F0B6FC0120F9F75DFB05F007FB00BF78
:102E9000C422002094260020001300207AB169B1DA
:102EA0008A8E282A134638BF2823283B9BB28342A8
:102EB00028BF03469BB2002A18BF1846704710B5BA
:102EC0001446074B40F6CF020649074809F0C8FDF3
:102ED000204609F08DFC0120F9F734FB05F0DEFAFD
:102EE000C4220020B02600200013002008B103688F
:102EF00003B9704770B50E462349024682B0086890
:102F0000B0B10168C4688B4206D08CB1204613680A
:102F10000168C4688B42F8D19BB24FF6A9650121C4
:102F2000AB42F2D00092FFF75FFC009A002CEDD18B
:102F3000164B1B684BB14FF6A96419681846156803
:102F4000DB68A94212D0002BF7D16EB133685BB1B8
:102F50000F4B1B6843B118681168884201D1316872
:102F60001960DB68002BF6D102B070BD1FFA81FC3E
:102F70000121A445E7D0CDE90032FFF735FCDDE9BA
:102F80000032002BD9D1E0E72409012028090120D3
:102F90003009012070B5446F6CB10646254624689F
:102FA000686808B1FEF7B6FB29460420FDF7F6FE77
:102FB000002CF3D1746770BD0C4A0D491388098841
:102FC000581C994210800FD90A4A12681AB10A494E
:102FD00009888B4204D2094A12681344187D70474D
:102FE0005B1ADBB2D05C704700207047000A0120FA
:102FF000040A012040090120020A01203C090120A5
:10300000C2680B46F0B5928983B00646D10530D42C
:103010001A4DD3F80CC018463289D5F800E0DCF818
:10302000044072441F89111BC91B002912DBBCF824
:103030000C20D20504D5F1688A8942F480728A8115
:103040001C68FFF773F82346002CE2D1002333609D
:1030500003B0F0BDA21A002AF9DAA4EB0E017068E1
:10306000019389B23181FEF745FC019B336003B0C7
:10307000F0BD1846FFF748F8E8E700BF080901204F
:10308000F8B51D4B1C88BCB100221C4D07461346E9
:103090002A809C4210D9FFF78FFF012829D00228EF
:1030A0000BD048B1FFF788FF012805D92B88023BD8
:1030B00003449BB22B80ECE7F8BDFFF77DFF0428AB
:1030C000FAD12B880133A342F6DAFFF775FF0646E3
:1030D000FFF772FF40F2B45140EA062240F2B350CB
:1030E00092B2531E9BB2834288BF0A462B887A86CF
:1030F000CFE72B88CDE700BF040A0120000A01209A
:10310000104B1B7813F0100301D118467047428B07
:103110000346D20600B583B008D4D0F890202AB177
:103120006FF00E01006901939047019B1946064814
:103130000193FFF7EFFA0198FEF75CFF012003B05F
:1031400000BD00BF2A0A01202409012000294AD01D
:103150002DE9F8438846164604462B4F2B4DD8F8E8
:103160000C203B685168B8F8080009BA92895B1ACC
:1031700002F440721B1A002A18BF013B002B1DDB12
:10318000D8E90090FEF72AFCB4F8663098422CD8B3
:1031900029881B1AB8F808204046A4F866300A446B
:1031A0002A80FEF7C3FFB4F8663013B156EA090867
:1031B0000AD0B9F1000F04D0C846D0E74046BDE8B8
:1031C000F8830020BDE8F883114B40F26E421149AC
:1031D000114809F045FC404609F00AFB0120F9F7C7
:1031E000B1F905F05BF900207047094B40F26442E9
:1031F0000A49094809F034FC002009F0F9FA0120D5
:10320000F9F7A0F905F04AF990710020FC090120B6
:10321000D826002054270020001300202C2700204F
:10322000F0B5027D83B0032A40F2C583984B044673
:10323000984D1B78D8064CD4974F38882B680028B7
:1032400000F08B80227D062A00F28780626AD11A04
:103250009E1AB1F1010C00F12B8106F1FF3E1EEB2D
:10326000000F00F125818D4B5E680193002E00F068
:10327000C9834FF6FE73994200F2BF8389B2308949
:103280008842C0F0B583019A13895B1A1381738950
:1032900099420BD9401A4FF0000CC91AA6F80AC07F
:1032A0003081366889B273898B42F6D33046FEF797
:1032B000C9F9019A636AD168208D4B602B60014681
:1032C000002840F0F081204603B0BDE8F04001F056
:1032D00045BD2B68606D7249C61AB4F860C0D4F859
:1032E00058E0002E09684EDB984248D08E4500F029
:1032F0002881666C701A002856DB674F38880028D2
:1033000000F0B880666B002E9DD0A36B5B1A002B7B
:1033100093DA644BB4F93C201968B4F93E30A3EB5E
:10332000A300A1EBE203C1EBE2019B1B31449BB282
:1033300089B213F4004F1A4418BF0B4612B203446B
:103340003888A287E38703EBE203A4F84030002328
:1033500063632B6800287FF475AF626A991A0029AD
:1033600007DB218D013A0A44D31A002B01DB03B09D
:10337000F0BD638B43F00203638303B0F0BDAEEB9B
:1033800001000028B2DA48480068C089B4F86260D9
:10339000A4F860008642666C38BFA4F86200701A18
:1033A0000028C4E91531A8DAF343CB4200F1D080FC
:1033B000236D5B1A002BC0F2CB80638BB4F84A20DC
:1033C00013F0040040F04D818E1BA4F842006164AC
:1033D000B4F93C00B6B2E18F01EBE001A4F8401073
:1033E000B4F84810914280F0FC8213F4006F638EB1
:1033F0000CBF0222012213FB02F39BB2B34294BF23
:10340000CA188A1993B28B4280F03D824FF6FF733F
:10341000A4F848302046D4E91B21FFF797FEE16E5F
:10342000024620672046FFF791FE0023226F237794
:10343000B2FA82F3E0665B095B422386002800F063
:1034400025821A4B1988B4F864300B44A4F8643010
:10345000638B19057FD5002A00F05082D26852682C
:10346000E16C12BA521A002A75DB23F400630A4F8A
:10347000638371E0B4F86000F444A26D02446245D5
:1034800000F0D680666B002E7FF43FAF65E700BF8B
:10349000250A012008090120060A0120947700204E
:1034A00090710020340901203C090120FC09012011
:1034B000002EC0F2B880208D10EB0C0F01463FF5B6
:1034C00002AF934200F0ED80626F002A00F01B8291
:1034D000D2F80CC0DCF80410994200F0DA81581AD6
:1034E0000028C0F2468203F1FF3E16461268002A09
:1034F00039D0D2F80CC0DCF80410994200F0CA812F
:10350000F0684068AEEB00000028EEDBC81A012826
:10351000EBD493480192FEF71DFE074600283FF4C6
:10352000D2AEF368296858683389019A0344CB1AEC
:10353000002BC0F23682114638463760FFF760FD37
:10354000C1E688480068C0898445BFF4D2AE1DE753
:10355000204601F003FC844F666B002E3FF46DAEF5
:10356000824B1968D1E6C91A9142BFF6ACAEBCF8DD
:103570000C30DB053FF5A7AE7948FEF7EBFD306078
:1035800000283FF4A0AEF2682B68516832890A44E3
:103590009A1A002AC0F21482D5F800E03A88D4F8CA
:1035A00024C07244238DACEB0202DA427FF58BAE6D
:1035B0003068C2680192918911F4807F4FEA11222C
:1035C00007D002F03E0221F47C5152BA0A4301991D
:1035D0008A81A3EB0E01614489B201814068FEF744
:1035E00089F933682968DA681B89928902F4407284
:1035F000002A18BF0133228D11FA83F13B80636AE0
:10360000134499423FF45FAE594B4FF4E16259497C
:10361000594809F025FA002009F0EAF80120F8F7E6
:1036200091FF04F03BFF638B43F0020363834AE6A0
:10363000228ED20B7FF426AF8E427FF423AF94F814
:103640004320FF2A00F0A1810132D2B2032A84F87C
:10365000432000F29A817FF415AF204601F0F8FA7A
:103660007AE723F004038E1B61646383B4F93C1092
:10367000E38FA4F8482003EBE103A4F840300023D3
:10368000A4F86A30A4F84230B4F86A301E44B6B2E6
:10369000B34200F2ED80964280F0EC80A4F86A60BC
:1036A000B8E62F4B0193019BDA681B89968916F4C3
:1036B000407F4FEA162C40F0058183423B8016D9AB
:1036C000019E70683181FEF715F9F368208D9989A4
:1036D000338901F44071002918BF013329683B8008
:1036E00011FA83F3616A01448B4240F07581666F81
:1036F000002E00F00D81019BDB689B89DA0540F10B
:103700008380336830466367FEF710FD666F002ED6
:10371000F7D139882B68208D01EB030C8842C4F85F
:1037200024C0C0F06081411A20462185FEF76EFC5E
:10373000019A5368198919B110490B60002353602D
:10374000019BDB689B89D80504D50D4A137843F0AB
:1037500020031370676F002F00F08180084E3DE05A
:10376000947700203C090120060A01209071002076
:10377000D8260020C027002000130020B808012010
:103780002A0A012061449445616200F22081A2EB83
:103790000C02121A20462285FEF738FC79680A8945
:1037A0003AB19B4B1868002856D0FEF72DF900223D
:1037B0007A60FA689289D10508D5327842F0200201
:1037C0003270227D042A01D1072222753A683846D8
:1037D0006267FEF7ABFC676F002F40D0FA68606A43
:1037E000516881423BD129609089B7F808C010F434
:1037F0004070228DC6D00CF10100014490426162FC
:1038000000F2E5800120C2E7F06839882A68338930
:10381000D0F804E001EB020C7344ACEB0303002B83
:103820007BDB8389DB050AD5019AD1688B899805F2
:1038300005D443F480738B81138901333B80304678
:103840003668FEF773FC002EDED139882B6801EB59
:10385000030C208D666761E76D4B1960A7E7638BEA
:10386000DA0747D523F0010343F0020363837EE5C3
:103870004FF6FF76638EB61A1344A4F86A609BB2C3
:103880009342FFF4C3ADA4F84830C3E5A4F8680040
:10389000D7E500265F481389018999427FF613AD69
:1038A0001368002B3FF40FAD0192FEF753FC002884
:1038B0003FF409AD019A002E7BD030601146FFF72E
:1038C0009FFB00E501339BB283423B807FF60FAF45
:1038D0001CF0010F06D00CF03E0326F47C565BBAB8
:1038E0001E43968116F4007F00F1FF3189B208BFB4
:1038F0000146E5E643F00103638338E500283FF421
:10390000B4ADC268ABE54348FEF724FC6067DAE477
:1039100039882B6801EB030C00E7AEEB0C03002B9E
:1039200097DAAEEB0201019A89B2D36811819B89C3
:103930009B0502D5013989B21181019A5068FDF7C2
:10394000D9FF019AD36811899B8903F44073002B36
:1039500018BF0131F36889B23980D3F804C02B68ED
:103960000B4463453FF475AF2B4B40F202622B4989
:103970004EE628480192FEF7EDFB00283FF4A3AC89
:1039800001996067FFF73CFB9DE4B4F84820638E23
:1039900013449BB29A4201D94FF6FF73A4F8483002
:1039A0005BE6091A706889B23181FDF7A3FF019ABD
:1039B000C1E5606782E7184B4FF49162184927E62A
:1039C0005B1A706899B23181FDF794FFE4E5124B00
:1039D00040F2316213491BE60F4B40F2D1521249BB
:1039E00016E60A4650E60C4B40F20D620F490FE610
:1039F000094B40F29D520E490AE6074B40F29B529A
:103A00000C4905E6044B40F29A520B4900E600BF10
:103A1000B808012094770020D8260020F82700203D
:103A20007427002054280020C027002034280020BC
:103A3000B0270020A0270020902700202DE9F04F7C
:103A400006468BB0564A82215648F8F787FD002E6D
:103A500000F083847389544F7268132B3A6005D841
:103A600030460BB0BDE8F04FFDF754BEDFF85C8187
:103A7000D8F80010D8F81400FCF7DAFB0028EFD1D2
:103A8000D8F8143003F0F003E02BE9D03B689989B3
:103A9000C1F3031189001329E2D933898B42DFD3A3
:103AA000424BA1F11402424C186070892280884276
:103AB00080F064823568002D00F084841421304643
:103AC000FDF7C0FD2388748930463A4A21461D1B04
:103AD00014800493FDF7B6FD3068ADB24289AA4266
:103AE000BED342682946314B1A60FDF7ABFD3389DE
:103AF000049A23449B1A72899BB23381002A40F0B6
:103B0000AC84326812899342934640F0A284D7F87D
:103B100000E0294ADEF804301BBA0793CEF80430DF
:103B2000BEF802C01360DEF808309CFA9CFC234A01
:103B30001BBAAEF802C01FFA8CFC13600893CEF8D3
:103B40000830BEF80C301E4A190ABEF80E305BBAB7
:103B5000AEF80E30BEF800305BBA1FFA83F9AEF84B
:103B6000003001F03F03059313708B0740F00E8285
:103B7000144B0693A3F800B0134B1B680493002B5F
:103B800000F0F780CDF824E00022B646D8F8040013
:103B9000D8F810500E46049CD8F814A01EE000BFC0
:103BA00008450020D82600203C09012040090120BA
:103BB000040A0120020A0120080901209071002056
:103BC000250A0120060A012024090120A4770020EB
:103BD000E3682246002B00F0CA801C46237D002BA0
:103BE00000F05E830A2B00F04D83012B00F05C8314
:103BF000217A29B190F840300133DBB29942E7D104
:103C0000238B4B45E4D1E38A6345E1D16368AB4242
:103C1000DED123685345DBD1E36831467646DDF8D3
:103C200024E0A34200F01D843AB1D360884B1C60AD
:103C3000049BA342E36000F0C0830023854ADFF8C1
:103C400034821360844D854AC8F800302B7013808D
:103C50000B07A8F808B0C8F80CE0C8F8046003D552
:103C6000737B43F001037373A36F7BB12046FFF7AF
:103C700067F80D3000F0D381A36F23B1069B1B883A
:103C8000002B40F0CC81764B1B780593059B754E3D
:103C90005807346040F19881277D022F00F0EB82B5
:103CA000714B626A19688A4200F0BF81881A2B78CA
:103CB000002803F0080307DB521A218DD14203D4F8
:103CC000628B42F002026283002B40F0B981634BA9
:103CD0001A8852B1D4F8803023B121462069984720
:103CE0000D3036D000235D4A13802046FFF708FAD6
:103CF00000282ED1574B1A68BAB1A36F002B40F0A1
:103D00006583638B13F0100340F03783D4F884701D
:103D1000002F00F0838321462069B84710F10D0F72
:103D200017D010B14B4B1B68A3672B789B0607D5A8
:103D3000A36F002B00F028835A7B42F020025A73B5
:103D4000002320463360FFF7DBF910B9204601F06D
:103D50004BF800243F4BD8F8040034601C6018B1C5
:103D6000FDF7D8FCC8F804400BB0BDE8F08F314631
:103D700076463E4A106800283DD0D8F80440D8F86E
:103D8000105002E0C068002835D0037D0A2B40F0B7
:103D9000E882027A2AB194F840300133DBB29A42C9
:103DA000F0D1038B4B45EDD1C38A6345EAD143681B
:103DB000AB42E7D10268D8F814309A42E2D14F07FB
:103DC0003FF54EAE069B8D071A8840F1CF82416ABF
:103DD000079B5C1A002C04DBC91A048DE14240F1F8
:103DE0002283002A3FF43CAE438B43F0020343831B
:103DF00000F0FAFF34E61E4B1C68002C00F0AC808B
:103E0000D8F814208A46D8F80430A346049286468F
:103E100022460596014604461D46049E099303E08A
:103E2000D368964643B31A46107A28B195F84030C5
:103E30000133DBB29842F3D1D38A6345F0D11368E2
:103E4000B34200F0AD80002B04BF71461446E7E793
:103E500024090120B80801202A0A0120FC090120B8
:103E6000250A01202C090120080901203809012018
:103E70003009012094770020254608465C465146CB
:103E8000059E002D68D020B1EA68994BC2601D6084
:103E9000EC6048073FF5E4AD11F010039A4640F09E
:103EA00085808A077FF5DCAD687DFEF75DFD044601
:103EB000002800F0D4803968D8E90432804648F8F8
:103EC000042B43608B4B0A781B684978013342EA24
:103ED0000122E98A4362C3620323C182028303751C
:103EE000FEF7BEFF834BA0651B682065013B606445
:103EF000E06563652B69E56723616B7A7E4A03F0B1
:103F00000C0363722B7A237213681460E36001F070
:103F10009FFA7A4B012220461A70FFF7B1F83B68EE
:103F20004046658EDA89534662F30F0362F31F43FE
:103F30002366FBF761FF424601462846FEF7AEFFC7
:103F400012216086204600F01BFD002840F0918081
:103F5000204600F049FF83E54C073FF581AD069B05
:103F60000899CDE901C91A88079BD8F804001A44BA
:103F7000634B0093043300F0C9FE71E5614B30469A
:103F80001A80FDF75FFB33899B46C0E50BF1010208
:103F90005D4892B206905A450280BFF4EDAD5FE5F0
:103FA00051465C46059E154670466CE7069BCDE97A
:103FB00001C91A88079B1A44514BDDE90810009388
:103FC000043300F0A3FE4BE5059A638B910704D5FB
:103FD000227D023A012A00F2B881DA0602D44B4B64
:103FE0001B68236200232046A4F89A30FFF748F8A4
:103FF000474B1A78237D12F002003FD0991E012909
:1040000009D8032B40F0C0803A4B1A68636A013B21
:10401000934200F042822B7803F0080354E6638D4C
:10402000002B00F096813B4E93E6002F00F01E829D
:104030002B7843F008032B70638B23F00103638319
:10404000D4F890301BB16FF00D01206998472146DC
:104050002948FEF75FFB2046FDF7CCFF79E6AB6908
:10406000002B3FF4FDAC01464FF0FF322869984722
:10407000F6E451462046FEF7B7FBF1E4023B072B7E
:10408000C9D8DFE803F081BAAA664BAA1504204616
:10409000FFF7C6F81E4B1A782B78D20605D51E4AB4
:1040A000216D1268914200F0308203F008030BE6A4
:1040B0002046FFF7B5F8164B1B78D906ABD5164B43
:1040C000226D1B689A42A6D1E36E002BA3D1204635
:1040D000FEF770F8084B1B68A34200F03A82002BF1
:1040E00000F00382DA68A24200F0FD811346F6E791
:1040F0003009012008090120240901202E0A01208D
:10410000B4770020020A0120060A012034090120A8
:10411000250A01202C090120907100202046FFF77C
:104120007FF82B789806C0D5638B204643F00203B6
:104130006383FEF73FF8A84B1B68A34200F0098297
:10414000002B00F0D281DA68A24200F0CC81134645
:10415000F6E72046FFF764F8A04B1A782B7802F0B8
:1041600010029F0640F18781618B41F002012AB164
:104170009B4A1068226D824200F0CF81082203F032
:104180000803618322759FE5D3067FF544AF944B06
:104190003F681968934B1B6820B1626C01328A42F8
:1041A00000F08680069A204612881A443B880293C3
:1041B0007B8801938C4B0093043300F089FD94F8C5
:1041C0004230052B3FF627AF00232046238600F020
:1041D000E3FF2B7803F0080376E52046FFF720F88D
:1041E0002A7802F0080392067FF56EAD628B42F0EA
:1041F000020262830722227566E5D0067FF50BAFC7
:10420000774B1968636CDB43CB4200F14D81236D22
:104210005B1A002BC0F2488104232375E36F002B47
:1042200000F0AE809F69002F00F00A810022214635
:104230002069B847002840F0BC802046FEF7F0FF18
:104240006A4A13880BB1013B1380628E41F21C1144
:1042500053008B42184638BF0846B0EB820F40F23D
:10426000F48093002A78A4F84830910602F00803FD
:104270007FF52AADBAE75A4B226D1B689A423FF48C
:10428000D7AEC8E65A4BFC225A495B4808F0E8FB17
:10429000002008F0ADFA0120F8F754F904F0FEF818
:1042A000534BFB225549F0E7514BFD225449ECE7B3
:1042B00062645A1C013B6262E262FA896365002310
:1042C00062F30F0362F31F4323660423E718237589
:1042D000638E38460493FBF78FFD3A4601460498F7
:1042E000FEF7DCFD41F21C12430060869342194642
:1042F00038BF1146B1EB800F40F222818300B4F841
:104300006670A4F84830002F00F0E880013FA4F860
:104310006670276F002F00F0DB803B68236738460C
:10432000FDF704FF236F002B00F0CF80002384F8FB
:1043300042302386D4F8883033B1002221462069E8
:1043400098470D303FF405AD638B43F00203638360
:1043500061E6204600F002FD65E6254B83222949EF
:1043600093E7234B40F21F1227498EE7CC077FF5D6
:1043700038AD264B1B68036233E51046FDF7CAF9DA
:104380002046FEF7EDFAE4E4238D41F2D062934239
:1043900001D001332385D4F88470002F3FF4D0ACD2
:1043A0000023214620691A46B8470D307FF4C8AC77
:1043B000CFE40D303FF4CDACE2E70D4B40F21512E7
:1043C000134962E70A4BC22212495EE7084B4FF4D9
:1043D000F372114959E700BF24090120250A012081
:1043E0009071002008090120B4770020FC09012009
:1043F000D8260020F428002000130020CC2800201C
:104400002029002078280020A0290020340901203C
:1044100074290020902800203C2A00203B46214699
:10442000FEF75EFC7AE41A444C4B0899009304337F
:10443000CDF80890CDF804C000F04AFCFFF710BB9F
:10444000474B4FF46E7247491FE78B4238BF0B460C
:1044500008E7434BE022444917E7414BDF22434939
:1044600013E73F4B40F20D1241490EE73C4B40F23F
:104470003B32404909E703F00803002A3FF424AC2B
:104480003D4A216D126891427FF41EACE26E002A13
:104490007FF41AAC0622227516E4204600F086FB53
:1044A0002B7803F008030FE4069A3B681088334A20
:1044B000126802441888029020465B880193274BBB
:1044C0000093043300F004FCA5E54FF0FF3330E720
:1044D000E76E002F38D03B68E36620E7204B40F2C0
:1044E00077322749D1E6E268DA60264B0A22227544
:1044F0001A681C60E2600122234B1A7000F0A8FFCA
:104500002B7803F00803FFF7DFBBE26E002A7FF48D
:10451000CCAD43F010022A70C7E5E26E002A7FF4AA
:104520002DAE20466183FDF745FE184B1B68A34264
:104530000FD0002BD9D0DA68A242D4D01346F8E7C6
:10454000934238BF1346DAE6054B40F27F321049FA
:104550009BE6E3680D4A1360C7E700BFB47700200D
:10456000D82600201C2A0020AC280020A0280020EB
:1045700048290020D029002090710020080901203E
:10458000F0290020380901202E0A012024090120E9
:10459000082A0020024A137843F010031370704772
:1045A0002A0A01202DE9F04383B006469DF82840F1
:1045B00000284BD00420019190469946FCF7DAFB85
:1045C0000199054680B38472A4000B89002704F08A
:1045D000040441600760A3422AD31B1B03810846E1
:1045E0001421FCF7F7FFD0B96968A402B6F816C029
:1045F00099FA89F3496804F5A044E96048EA04029D
:10460000348B4B609CFA9CF352BA88740B8063BA6B
:104610008A81C8744B80284603B0BDE8F0832846E1
:10462000FDF784FD0025F6E70846FDF773F8F9E786
:104630000D4BB3220D490E4808F012FA384608F027
:10464000D7F80120F7F77EFF03F028FF064BA622DC
:104650000849074808F004FA304608F0C9F8012074
:10466000F7F770FF03F01AFF582A0020CC2A002029
:1046700000130020AC2A002014312DE9F84389B240
:104680000746904624204FF420729946BDF82050EA
:104690009DF82440BDF82860FDF7A6F8C0B1438915
:1046A000132B17D944F4A041426899FA99F495FA6A
:1046B00095FE49BA97FA87FC73BA1480918100215C
:1046C000A2F802E0C2F80480C2F808C0D3811161E8
:1046D000BDE8F883074B40F227720749074808F006
:1046E000BFF9002008F084F80120F7F72BFF03F052
:1046F000D5FE00BF582A0020E42A00200013002025
:1047000070B5044686B00D46164620B3007AB0B99F
:1047100018460593FBF770FB059AB0B1E37AA47ACB
:10472000009406240290314601942846FBF768FD68
:1047300004462846FCF7EEFF204606B070BD059300
:10474000FCF7B2FC059A0028E8D128466FF0030474
:10475000FCF7E0FFF0E718460593FBF74DFB002858
:10476000F3D0FF23059ADBE72DE9F843BDF820508D
:10477000BDF8246012B383B3074688464FF4207215
:1047800014212420FDF730F8B0B14389132B29D927
:10479000436896FA96FC98FA88F239BA95FA95FE2B
:1047A000A3F802C09A600022DFF858C0A3F800E026
:1047B0005960C3F80CC01A61BDE8F8830C4B40F295
:1047C000C4720C490C4808F04BF9002008F010F8AE
:1047D0000120F7F7B7FE03F061FE054B40F2C5720A
:1047E0000649EFE7024B40F227720549EAE700BFAE
:1047F000582A0020142B002000130020302B00200A
:10480000E42A00205014D0162DE9F047054684B064
:10481000002800F0A080C46E002C00F08A800F46B3
:10482000002900F0898026898E4274D9438E8B42FC
:10483000C0F09680A37AA6EB01084FF420723820CE
:104840009A469B001FFA88F803F0040303EB080163
:10485000039389B2FCF7C8FF8146002869D0039B07
:104860006068D9F804102289194403899B1A4246CA
:104870003B449BB2FDF7BEF9404557D1E1688B89B7
:104880001B0A13F008024AD103F03F0818F0010F89
:1048900003D008F0FE0842F001024B682846494662
:1048A000CDF800A01BBA3B44FFF77CFE81460028F0
:1048B0003FD06068BE1BFDF791F86268B5F86630BE
:1048C00011891B1A10463144A5F8663089B2FDF7EC
:1048D00011F8228998FA98F360681644E2682681F4
:1048E00091890B439381FDF779F8B5F8663003445D
:1048F000D9F80400A5F86630FDF770F8B5F8663011
:1049000018442368A5F86600C9F80030C4F8009080
:10491000D9F800303BB1002004B0BDE8F08703F0C7
:1049200037080822B2E7A5F86830F4E74846FCF7F4
:10493000F1FE4FF0FF30EFE70C4B40F256320C49DE
:104940000C4808F08DF8002007F052FF0120F7F71F
:10495000F9FD03F0A3FD054B40F24E320649EFE7A7
:10496000024B40F25E320549EAE700BF582A0020B8
:10497000702B0020001300204C2B0020942B0020D3
:10498000F0B511F0030685B078D00446002870D049
:10499000C1F340070D4601F002064FF42072B90042
:1049A00038200391FCF720FF0399002846D0438963
:1049B0008B4268D3014600972A46E36D2046FFF7F5
:1049C000F1FD00283AD0C36813F003074CD10389E6
:1049D000002B3AD1E36E3BB31A461B68002BFBD188
:1049E0001060002305F00105A4F86830B6B935B1B0
:1049F000E36D0133E365638B43F020036383406819
:104A0000FCF7ECFFB4F86630184480B2A4F86600F6
:104A100010B1206F50B1002005B0F0BDE36D01333F
:104A2000E365002DEBD0E6E7E066DAE7E46E002C04
:104A3000F2D1174B40F2694216490AE0638B4FF0FE
:104A4000FF3043F080036383E6E7114B40F24742B7
:104A50001149124808F004F8002007F0C9FE0120AF
:104A6000F7F770FD03F01AFD094B40F246420C497E
:104A7000EFE7074B40F215420A49EAE7044B40F2E0
:104A800013420949E5E7024B40F23D420749E0E79E
:104A9000582A00209C2C0020702C0020001300209D
:104AA000582C0020FC2B0020A42B00201C2C0020C4
:104AB000C0B1C36E43B11A461B68002BFBD1D1684D
:104AC0008A8912F4E06F02D00121FFF759BFB0F8D4
:104AD0001AC042F480724CF0200C8A81A0F81AC0EF
:104AE0001846704710B50446074B40F2EF320749AD
:104AF000074807F0B5FF204607F07AFE0120F7F7D8
:104B000021FD03F0CBFC00BF582A0020C42C00205C
:104B100000130020002831D0D0F870C0BCF1000F85
:104B20000ED06246D2E90031897B3BB1012907D121
:104B30001A46D2E90031897B002BF7D1012903D035
:104B40006FF0050318467047C16E1160418BC0E9D4
:104B50001BC341F40061D2F80CC012894183DCF818
:104B60000410BCF80CC009BA43630CF4407C9C45AB
:104B700018BF01320A44C2641846704710B5044693
:104B8000074B40F267620749074807F069FF204674
:104B900007F02EFE0120F7F7D5FC03F07FFC00BFE5
:104BA000582A0020E02C00200013002010B5002817
:104BB00038D0D0F870E0BEF1000F2CD0DEF8043011
:104BC0009B7B012B27D1DEF8003000F16C0CC26E0C
:104BD00003676AB1DEF80C30596809BA02E09446FE
:104BE00012682AB1D3685B681BBA5B1A002BF6DB2C
:104BF000CEF80020CCF800E0DEF800307BB190F871
:104C00004230FF2B02D0013380F8423000231A4695
:104C10004363104610BD6FF00502104610BDA0F8AA
:104C20006830ECE70446074B40F2C5620649074886
:104C300007F016FF204607F0DBFD0120F7F782FCA6
:104C400003F02CFC582A0020042D00200013002023
:104C500010B5044630B3036F13B1438B5B0700D527
:104C600010BDFFF7A3FF0028FAD1B4F86030B4F804
:104C70004810628E8B4228BF0B465B10B3EB420F8D
:104C8000A4F84A3002D25300A4F84A30618B02EBF8
:104C900042020020134441F004022086A4F8483068
:104CA000628310BD074B40F2FD620749074807F0D9
:104CB000D7FE204607F09CFD0120F7F743FC03F0E8
:104CC000EDFB00BF582A00201C2D002000130020FF
:104CD00030B585B0054608461146BDF824201C466F
:104CE000089B0092BDF82820039301922246FFF70B
:104CF0003BFD40B10146039B2246284605B0BDE876
:104D00003040FFF7FDBC05B030BD00BFF0B585B049
:104D10009C460A9EBDF82CE0BDF83030D8B107465D
:104D20000846114662466546CDE900E33346FFF783
:104D30001BFD044678B1294600230625324602971A
:104D4000CDE90035FF23FBF75BFA204605B0BDE84F
:104D5000F040FCF7DFBC05B0F0BD00BF10B5044665
:104D600084B060B3026D1023418D008B12BACDE97F
:104D700001310021E38A0090606AFFF77DFCB0B149
:104D8000B4F82AC0231D626A014620466244E262EA
:104D90002246FFF7B5FC638B20B923F0030363833E
:104DA00004B010BD43F00303638304B010BD638BF4
:104DB0006FF0010043F00303638304B010BD074BA1
:104DC0004FF403620649074807F04AFE204607F001
:104DD0000FFD0120F7F7B6FB03F060FB582A002017
:104DE0003C2D0020001300202DE9F04F044687B031
:104DF0009E4A40F2E3419E48F7F7B0FB002C00F0DA
:104E00009781257D012D00F08E819A4B1B68A3426E
:104E100031D0E56E2DB3207AB4F84880B4F86060E4
:104E2000002840F05381201DFAF7E6FF8146B9F1D2
:104E3000000F00F06181B045236828BFB04613B968
:104E4000D9F800302360EB68606C29895A68081A29
:104E500012BA8618464512D9B4F86030434500F0BE
:104E60002381B4F81AE01EF0020F40F017812EF0F3
:104E7000800EA4F81AE0002007B0BDE8F08F0026ED
:104E800084F89960266F002E00F01E813746366840
:104E9000002EFBD1CDF810900026B946DFF8D8B12E
:104EA0002F461D461044404500F21A81B5F80CC04B
:104EB0001CF4806F40F02381236F6BB1B4F81AE0CB
:104EC0001EF0440F08D1E36E0593002B00F0BB8069
:104ED0001B68002B00F0B080237D022B00F0938034
:104EE0004CF4805C7868A5F80CC0837B012B31D032
:104EF0003868E066638B23F003036383AD89236D19
:104F000015F4407F73D18D185B1B002B1ADBE1B1C8
:104F1000236F3E60002B74D0D9F80C10496809BA91
:104F2000511A0029C0F2AA80C9F80070B946074694
:104F3000002F00F0CF80FD68606C6A68398912BA72
:104F4000081AAFE725650029E2D13846FDF7EEF8EB
:104F5000E76EEDE7636A628D19BA134452BAA9602D
:104F6000EA81E362BB7A13F0010353D105F1140225
:104F7000B4F930100029616BB8BF268629B9DBF877
:104F800000106163696809BAA163002B4368418915
:104F9000A5EB03034560A1EB030141810189A1EB6E
:104FA000030303810CBF142318232E746E742B4447
:104FB0009A4240F0B380049B221D214602930623AF
:104FC0000193A37A0093E37AFBF71AF9002840F0E3
:104FD0008E80FD68237D6A683868022B398912BA91
:104FE000E06687D1AD89236D15F4407F8BD01144E5
:104FF00001315B1A002B8BDA236F21653E60002B99
:105000008AD1276792E77868837B012BA2D0386822
:10501000E06673E7221D049940F2B450FDF73EFFAD
:1050200040F0017005F1180200BA6861BB7AFD68B2
:1050300003F0010378689BE7059B1B891846638E84
:105040009842BFF449AFB4F86430002B3FF444AF4A
:10505000B4F866300F2B3FF63FAF1EF0A00F7FF481
:105060003BAF059800287FF402AF35E014450020DF
:10507000582A00202C0901203409012004F1700075
:10508000D968496809BA891A002903DA18461B68E1
:10509000002BF5D13B600760E76E49E7204607B07B
:1050A000BDE8F04FFFF75ABE236F002B7FF4D9AE57
:1050B00094F89930002B7FF4D4AE4FF4807284F8CA
:1050C0009A30A4F89820CCE63746E3E6FBF7ECFFED
:1050D0008146ACE6B4F81AE00023A4F86830C6E6CE
:1050E000E06EB4F81AE000287FF4C1AEF4E7638BF9
:1050F00043F080036383BFE66FF00300BCE60F4B11
:1051000040F23A520E490F4807F0AAFC002007F07F
:105110006FFB0120F7F716FA03F0C0F9074B4FF4C5
:10512000C4620949EFE7054B40F2E7420749EAE765
:10513000024B40F2E5420649E5E700BF582A00204D
:105140009C2D002000130020B42D0020742D002081
:105150005C2D002040B190F84230FF2B02D001338B
:1051600080F84230FFF740BE10B50446074B40F2CE
:105170009C620749074807F073FC204607F038FB9C
:105180000120F7F7DFF903F089F900BF582A002062
:10519000C82D00200013002010B5044678B1FFF799
:1051A000B9FC00B110BD94F84230FF2B02D001339E
:1051B00084F842302046BDE81040FFF715BE074B8B
:1051C00040F2B1620649074807F04AFC204607F062
:1051D0000FFB0120F7F7B6F903F060F9582A002019
:1051E000EC2D00200013002010B5044684B000B35D
:1051F000026D1023418D013A008B12BACDE90131C5
:105200000021E38A0090606AFFF736FA68B1B4F8CB
:105210002AC00146626A231D20466244E262224699
:1052200004B0BDE81040FFF76BBA4FF0FF3004B098
:1052300010BD074B40F66A020649074807F010FC0C
:10524000204607F0D5FA0120F7F77CF903F026F99C
:10525000582A0020082E002000130020F0B5044634
:1052600085B0002865D0C56E002D5BD090F89A30CF
:10527000FF2B02D0013380F89A30EB689A89D2056F
:1052800030D45A681023618DCDE90131218BE38A36
:1052900000910121606AFFF7EFF90646002844D02B
:1052A000638D626A71681344E36268681431B5F80B
:1052B00008C001220389A3EB0C039BB2FCF79AFC04
:1052C000EB683146226D20465B681BBA0133D21A67
:1052D000002A2246B8BF2365231D05B0BDE8F04073
:1052E000FFF70EBA5A68638D2989029310230F467F
:1052F00000390193238B18BF01210093E38A606A70
:10530000FFF7BAF9064680B1628D636A41681344BB
:10531000E362002FC9D18B8923F47C5343F4885373
:105320008B81CDE7284605B0F0BD4FF0FF3005B0CA
:10533000F0BD074B40F695020649074807F090FB81
:10534000204607F055FA0120F7F7FCF803F0A6F81D
:10535000582A0020242E00200013002030B583B0EE
:1053600005460820CDE90021FBF704FD0446DDE9F0
:10537000002198B1002381600F49C260C0E9003567
:105380000B681BB907E019461B681BB15A68AA1ABB
:10539000002AF8DA23600C6003B030BD074BBE2250
:1053A0000749084807F05CFB204607F021FA012076
:1053B000F7F7C8F803F072F820A80020482E002064
:1053C0009C2E00200013002000B583B0436801909C
:1053D0009847F7F72BF9019A074BD2F800C01B68E2
:1053E0006344191A00290549B4BF6044184603B044
:1053F0005DF804EBFFF7B2BF947200206D2301004B
:1054000008B5FDF71DFD0C4B1B6873B10B4A40F24C
:1054100027110B48F7F7A2F8F7F708F90022094916
:10542000FA30BDE80840FFF799BF074B1B68002B17
:10543000ECD1064A136008BD2409012084460020EF
:10544000482E0020A523010038090120440901202D
:10545000114AA821114808B5F7F780F8104B1A68CF
:10546000CAB9104A126892B14FF0010C0E4A40F2CC
:1054700027110A48C3F800C0F7F770F8F7F7D6F815
:1054800000220A49FA30BDE80840FFF767BF084A22
:105490001268002AE8D108BD9C460020482E002052
:1054A000440901202409012084460020A52301008D
:1054B0003809012070B5134C04F13806256840F214
:1054C0002711114A1148F7F749F8B5F1804F0AD270
:1054D000F7F7ACF8224608340D492844FFF73EFFA1
:1054E000B442EBD170BD094B40F2291209490A4878
:1054F00007F0B6FA002007F07BF90120F7F722F851
:1055000002F0CCFF984C002084460020482E00205A
:105510006D230100DC2E00200013002070B504462E
:105520000D46164640F227110F4A1048F7F716F8B5
:10553000B4F1804F08D2F7F779F832462946204473
:10554000BDE87040FFF70ABF084B40F22912084936
:10555000084807F085FA002007F04AF90120F6F71D
:10556000F1FF02F09BFF00BF84460020482E002080
:10557000DC2E00200013002038B5114A04460D46E9
:10558000104840F24111F6F7E9FF0F48016899B160
:10559000002203E00B680A4619466BB18B68A342F0
:1055A000F8D1CB68AB42F5D10B6832B1136008205B
:1055B000BDE83840FBF7F2BB38BD0360F7E700BF3A
:1055C00034460020482E002020A800202DE9F84372
:1055D0001E4A40F267111E48F6F7C0FF1D4EF7F74E
:1055E00025F81D4C05461D4F10E02168B1B14B68F0
:1055F000EA1A002A16DB0A6808203B602260D1E91B
:105600000289FBF7CBFBB8F1000F1CD13378002BDC
:10561000EBD0FBF777FF21680029E8D14FF0FF308E
:10562000BDE8F883581BFBD5094B4FF4BD720C49FC
:105630000C4807F015FA002007F0DAF80120F6F719
:1056400081FF02F02BFF4846C047DFE7A44500205A
:10565000482E0020290A012020A800209472002052
:10566000142F00200013002008B5F6F7A1FF024B0D
:10567000024A0343138008BD00C0FFFFFC5700200F
:105680002DE9F04F044685B089467D4ACD217D48FD
:10569000F6F764FF002C00F0EB80B9F1000F00F08A
:1056A000EB806389072B40F2A680774F66683968E4
:1056B0007869FAF7BDFD754B8046D7F814C01968B4
:1056C00000297CD072880B463588002052BAD7F862
:1056D00004E06DBA4FF0000B92B2ADB2CDE90241D9
:1056E000414604E0DC681846002C63D02346B3F83A
:1056F00012809045F6D11C7A3CB19EF8408008F1AA
:1057000001085FFA88F84445ECD11C6800293FD0B5
:1057100054B1BCF1FF3F00F0828084EA0C08D9F854
:10572000046018EA060FDDD193F810A01AF0040FF8
:1057300008D1BBF1000F37D0BCF1FF3F77D0002C70
:1057400018BF9B46B3F81480A845CBD15C6814B150
:105750003E69B442C6D1DDE90241002871D04B4A0E
:105760001E461360DA68C260D96008212046FBF744
:1057700069FF00286DD133461E6A002E3BD0586A5F
:1057800019462246424B0095B04705B0BDE8F08F60
:10579000002C36D06445A5D193F810A01AF0040F60
:1057A000D0D1BBF1000FCAD1B3F814809B46A845F5
:1057B00098D1CBE75E46029C8846002ED5D1D9F819
:1057C0000030634517D108212046FBF73BFF002836
:1057D0003FD1B8F1000F0ED17B6903F0F003E02B4D
:1057E00009D0B9892046083109B2FBF759FF0321D6
:1057F000204601F0B1FE204605B0BDE8F04FFBF7B2
:1058000089BF93F8108018F0040F9BD1B3F814806F
:105810008B4508BF9B46A8457FF464AF96E793F895
:1058200010A01AF0040F8DD1BBF1000FBCD0D9F835
:105830000080DBF80060464584D0A04508BF9B4649
:1058400080E7082120460293FBF7FCFE029B00281C
:1058500092D00C4B4FF4B8720E490F4807F000F984
:10586000002006F0C5FF0120F6F76CFE02F016FEE0
:10587000044BCF220949F0E7024BD0220849ECE75C
:1058800078470020282F0020A4770020D809012085
:10589000B4770020AC2F002000130020782F0020C8
:1058A000902F0020F8B50F4615460446394A4FF4AC
:1058B0006B713948F6F752FE002F3BD0002C63D0B5
:1058C000364ED6F800E0BEF1000F2AD0704601E057
:1058D000C06810B18442FBD10120002D2DD03F685B
:1058E000734601E0DB68BBB19C42FBD0617A49079B
:1058F00002D55A7A5207F5D45A8AAA42F2D11A68C6
:10590000002A18BFBA4201D0002FEBD16FF0070078
:10591000F8BD3F68ACF800502760658228B10020D0
:10592000F8BD4DB13B68658223600020C4F80CE0EF
:105930003460F5E71A4FC1E77046DFF868C04FF6EC
:10594000FF72BCF80030934218D001339DB2BEF113
:10595000000FDED04FF48041734602E0DB68002B7D
:10596000D7D05A8AAA42F9D1013989B279B14FF612
:10597000FF739D4205D00135ADB2EDE74FF44045D0
:10598000E5E74FF44045E7E76FF00F00F8BDACF8EE
:105990000050BBE728470020282F0020D80901200D
:1059A000884C0020FC5700202DE9F04186B00E46BF
:1059B00017460446494A40F2CF2149489846F6F72F
:1059C000CDFDDDE90C23002A18BF002B0CBF0122FE
:1059D0000022002F08BF42F00102002E08BF42F053
:1059E0000102002A65D1002C63D0628A002A3FD0D0
:1059F00032894FF6F7739A425ED808213046FBF79A
:105A0000E9FD002846D135466B89072B57D9618AB5
:105A100098FA98F26B6849BA5A80002219809A71F4
:105A2000DA712A89207C51BA3A68000702F0F00244
:105A30001AD4E02A99802BD0E37A0C9A11200D9980
:105A40000292A27A0190284600923A46FAF7C4FBE5
:105A5000B542034604D005902846FBF75BFE059B44
:105A6000184606B0BDE8F081E02A0CD09980E3E743
:105A700021462046FFF716FF03460028B8D01846F7
:105A800006B0BDE8F0816A7B42F004026A73998037
:105A9000637FD2E74FF4207208212420FBF7A4FE95
:105AA000054648B13389002BAED03146FBF7F0FFF5
:105AB000AAE76FF00F03D3E74FF0FF33D0E7084BAF
:105AC00040F20D320749084806F0CAFF002006F0F0
:105AD0008FFE0120F6F736FD02F0E0FC444700207F
:105AE000282F0020C82F00200013002010B582B0FE
:105AF000DDF810E0BEF1000F18BF002A0CBF4FF018
:105B0000010C4FF0000C002908BF4CF0010CBCF157
:105B1000000F16D1A8B1D0F800C0BCF1000F06D11B
:105B2000F446CDE900ECFFF73FFF02B010BD0CF0EA
:105B3000F004E02CF4D0DEF80040A44504D1844603
:105B4000EFE76FF00F00F0E76FF00300EDE700BF45
:105B5000002A18BF00294ED000284CD030B504468A
:105B6000007A87B080BB106800F0F000E02817D101
:105B7000207F98BBA06998B1DFF888C0DCF800509E
:105B8000A8420DD004F118000391CDE90423FAF7DF
:105B900033F984460399DDE90423BCF1000F0CD1ED
:105BA00010460392CDE90413FAF726F9059B8446C3
:105BB000DDE90321BCF1000F20D02046CDF800C064
:105BC000FFF794FF07B030BDCDE904230391FBF745
:105BD0006BFA059B8446DDE90312EBE7CDE904236C
:105BE0000391FBF761FA8446059BDDE90312BCF1E2
:105BF000000FE2D1D4E76FF00F0070476FF00300A1
:105C0000E0E700BF8C4C002070B50D4604461646F8
:105C100040F23741134A1448F6F7A0FCFDB1F4B145
:105C2000628AAAB12A68237C104943F004036260A7
:105C30000A68A68223743AB1134601E0DB681BB1FF
:105C40009C42FBD1002070BD0020E2600C60FAE7AE
:105C500021462046FFF726FE0028E3D070BD6FF0F6
:105C60000F0070BDD4460020282F0020D809012045
:105C700070B504460E46154640F28C41034A04486E
:105C8000F6F76CFC0CB1C4E9086570BD90460020C5
:105C9000282F002010B50446104A40F2A3411048B6
:105CA000F6F75CFCCCB10F4A1368A3420DD033B1B8
:105CB0001A46DB681BB1A342FAD1E368D3602146E0
:105CC0000120BDE81040FBF769B8E36821460120D8
:105CD0001360BDE81040FBF761B810BD44460020DA
:105CE000282F0020D809012000B50C4A83B040F2CB
:105CF000CB410B48F6F732FC0120FBF73BF803469B
:105D000040B128220021019007F076F8FF22019B84
:105D1000DA725A77184603B000BD00BFB8450020BC
:105D2000282F002000B50F4A83B040F2F2410E4800
:105D3000F6F714FC0D4A40F2CB410B48F6F70EFC87
:105D40000120FBF717F8034640B1282200210190FB
:105D500007F052F8FF22019BDA725A77184603B017
:105D600000BD00BF20450020282F0020B84500209E
:105D700010B1026801B102B970470B68002BFBD06B
:105D8000084B1B68002BF7D010B400E002681C68B9
:105D9000944201D10A681A60DB68002BF6D110BC6E
:105DA000704700BFD809012030B5044683B00D46C6
:105DB0002A4A59212A48F6F7D1FB6389102B21D9A9
:105DC0006068E27BC3891AB995F840200132E2731A
:105DD0008278D1070DD5012A34D00622023021491C
:105DE000019306F035FF019B18B9627B42F008026F
:105DF0006273082B0CD0B3F5C16F03D195F83D3019
:105E00001B0714D42046FBF785FC002003B030BDEF
:105E100095F83D301A07F5D510212046FBF712FC06
:105E20000028EFD129462046FAF700F8EDE71021C7
:105E30002046FBF707FC0028E4D129462046F9F765
:105E4000D1FAE2E7C278002AD3D102795E2AD0D112
:105E5000627B42F010026273CBE700BFC0450020B6
:105E6000F82F0020784C00202DE9F0470C4606461C
:105E70001021174620469846BDF82050FBF7AAFB94
:105E8000F0B9194A81464FF4A2711848F6F766FB3B
:105E90006DBA6368DD81D8F80020C3F80220B8F835
:105EA0000420DA803A689A60BA889A8196F83C3081
:105EB000062B09D1736921463046BDE8F0471847E3
:105EC0006FF00100BDE8F087084B40F24B12084923
:105ED000084806F0C5FD484606F08AFC0120F6F7A2
:105EE00031FB02F0DBFA00BF30450020F82F002024
:105EF0004C300020001300200A68036892B15968F2
:105F00004FF0010C104600B583B081F800C001933A
:105F1000F6F78AFB019B9A68506001221B681A7091
:105F200003B000BD1B6801221A707047012A03D11B
:105F30000B68036000207047022A00B583B00ED0C2
:105F4000032A05D012B1002003B000BD0260FAE7B9
:105F500000680028F7D00C2102F0AEF8F3E70A68D9
:105F600001900C20009202F0A1F8009A8446019B57
:105F700007CAC3F800C08CE80700E4E712B330B5E5
:105F8000144683B00D46F6F751FBD4E90423801A7A
:105F900098420CD3A3681BB10322214620469847A0
:105FA0001821204603B0BDE8304002F085B8A36850
:105FB000019543B1E36801A920469847A368002BE7
:105FC000EAD1EDE7704703F04BFC00BF012801D98F
:105FD0000020704700B583B04B68C0B201A901939F
:105FE00000F078FE012003B000BD00BF2DE9F043B2
:105FF0008F6887B000286CD0B7FA87F56D09002F3D
:1060000067D00E4680461820914602F04FF80446AD
:106010000222314602950595C0E90055C0E90255B6
:10602000C0E90455CDE9035502A8B847E268A36862
:106030006F460592B2680493A260F268DDE902013E
:10604000E260CDE9000194E80300CDE90201DDE959
:10605000000184E803001BB1032202A902A89847AB
:10606000F6F7E4FA23461E4A3946C4E904094046D5
:1060700000F0C2FF10F1050F804626D0A0B1A36842
:106080001BB103222146204698471821204602F0E2
:1060900013F84046F6F7CCFA044607F04FFA0460CE
:1060A000002007B0BDE8F083A3681BB1032221469E
:1060B000204698471821204601F0FEFFB36802975A
:1060C00063B1F36802A930469847012007B0BDE8E4
:1060D000F08307F033FA16230360E1E703F0C0FB17
:1060E000212F010030B5002389B005460C2014464D
:1060F0008DF80E3001918DF80F30059301F0D6FF29
:10610000019903461C4A81600DF10F010792284650
:1061100019600DF10E01194A596004A90692224630
:106120000493FFF763FF069D03462DB104A9019078
:1061300003220846A847019B13B9184609B030BD91
:10614000F6F774FA9DF80F3005462BB10DE003F019
:1061500051FA9DF80F3043B9F6F768FA401BA04298
:10616000F5D307F0EBF9742303609DF80E30DBB232
:10617000184609B030BD00BF9D2E0100D12E010090
:10618000194B0020194A196810B5194CC2E9004092
:106190004A1C1A6081B1174A1749184803F00EFBD0
:1061A000174A1368591C1160BBB1124A15491648A9
:1061B000BDE8104003F002BB144C4FF4EE721448DB
:1061C00006F01AFE20468834F5F722FE114B9C4259
:1061D000F8D1114B0E4A1A60DDE7104C20460FF043
:1061E00009F90F4B1C60E0E760670020D4640020D1
:1061F000A8410020205500203D070000746A0020BF
:10620000FC650020090700005C6A0020AC670020E4
:10621000686700204469002064670020046600204D
:10622000006600200F4A1368DB0407D513680020BE
:1062300023F4825343F48053136070470A4B126C6B
:106240000A4903F14000C91A43F8042B5A5843F88D
:10625000042B8342FAD1064B402202490120096CEB
:106260001A60704700C00C4008BD202040C00C40A0
:1062700074690020064BD3F8800010F4405006D01B
:10628000A3F54033186880F40050C0F340307047E5
:1062900000C00F402DE9F84F204B07468A461A6888
:1062A000D2040AD51A681E4922F4825242F480525E
:1062B0001A60DA6F1B6C00230B60BAF1000F24D058
:1062C000DFF85C805646154DD8F80040DFF8549052
:1062D00044B92B6813F4A05FFBD0FFF7A3FFB8B15C
:1062E000D8F80040B442A346C4F14001384628BF64
:1062F000B34649445A46A4EB0B0401F03DFEB6EB0D
:106300000B065F44C8F80040E2D15046BDE8F88F64
:10631000AAEB060A5046BDE8F88F00BF00C00C404B
:106320007469002008BD202010B5042182B0044605
:106330000DEB0100FFF7AEFF042804D1019B012003
:10634000236002B010BD07F0F9F8052203460020D3
:106350001A6002B010BD00BFF0B51A4C85B00646F9
:106360000F4625785DB910211748CDE90223F6F7CD
:106370003DF91028DDE9022316D1012121701348CF
:1063800007804380034611680C2241600421346871
:1063900000920D4A8460022000F020F80446F6F7CF
:1063A000CFF8204405B0F0BD094B2D2209490A4819
:1063B00006F056FB284606F01BFA0120F6F7C2F855
:1063C00002F06CF80C0A0120DC650020EC6500206E
:1063D00080300020E0300020001300202DE9F04F35
:1063E0008BB057688346DFF89CA205911946149B31
:1063F00087EA0A0ADFF8909203F1080095689C4E3C
:1064000087EA0909C0089B4FD2F800C06E40D268E5
:106410006F40DFF878820128974C984B8CEA080887
:10642000974D82EA04048CEA030382EA05056BD0E7
:10643000A0F1020C1A460846E646CDE906C10368FB
:10644000D0F804C05F408CEA0505BBF1000F4AD0CC
:10645000039300211346CDF810C0CDE901E016EBFF
:10646000080C4FEA074E4FEA463201F101014AEBB0
:106470000408FB180EEB154E45EB090002EBD44265
:106480002D048EEA030E640382EA0C0205EB174525
:1064900004EBD64445404FEA4E5784EA080418EB13
:1064A0000E084FEA42464CEB050A12EB030907EBD4
:1064B000D52744EB000306EBD4366D058B454FEA38
:1064C000444487EA080705EBDE2586EA090604EB63
:1064D000D23485EA0A0584EA0304C0D11A46DDE90C
:1064E00001E0DDE9033C0EF1FF3E83EA08088CEA97
:1064F0000A0A0830BEF1FF3FA1D11346DDE906C10B
:1065000001F1080202EBCC01019308A8149B1A06C2
:10651000099203F007020023089301F02DFD08996A
:10652000099A4F40019B5540BBF1000F45D0002018
:10653000CDE901121A4616EB080C4FEA074E4FEA56
:10654000463300F101004AEB0408BA180EEB154E71
:1065500045EB090103EBD4432D048EEA020E6403DC
:1065600083EA0C0305EB174504EBD6444D404FEA94
:106570004E5784EA080418EB0E084FEA43464CEBEA
:10658000050A13EB020907EBD52744EB010206EBE2
:10659000D4366D0583454FEA444487EA080705EB86
:1065A000DE2586EA090604EBD33485EA0A0584EA87
:1065B0000204C0D113460199029A83F0FF0E059B95
:1065C00081EA080082EA0A014A46002B45D04FF0D2
:1065D000000CF34616EB000A4FEA074E4FEA463925
:1065E0000CF1010C44EB01000EEB154117EB0B0E07
:1065F0004FEA054B09EBD4434FEA443845EB020917
:106600000BEB174B81EA0E0208EBD64883EA0A032C
:106610008BEA090B570588EA000880184FEA4B54AB
:106620004AEB0B014FEA484504EBD22413EB0E0270
:106630004FEA434648EB090E05EBD33384EA0105E4
:1066400007EBDB2783EA0E04059B06EBD8364740B1
:106650006345F34686EA0206BCD187EA0E07554039
:106660007E406C40704061400BB0BDE8F08F00BFD1
:106670006D6F646E7365747961726F646172656E5B
:1066800062646574656D6F736567796C7565737049
:10669000234BF0B5044683B0224E03F130071D684A
:1066A0007DB11A7AA2420CD14FF48A705A6800FB6D
:1066B00004601030CDE90013A8470022019B009927
:1066C0001A600C33BB42EAD14FF48A701549002797
:1066D00000FB0460FAB20137944202D08A7A022A9F
:1066E00016D0042F01F58A71F4D14FF48A7202FB9F
:1066F0000466F27B032A09D80B4C54F82200FFF7FA
:10670000C9FAF27B0021F77344F8221003B0F0BD00
:10671000CD7BC27B9542E4D10423C373F6E700BF6F
:10672000DC72002014730020806100202DE9F04FFE
:10673000DFF88CA14FF48A7487B004FB00A4E37ADD
:10674000012B00F2A180584A064652F8233023B9A3
:1067500094F81051002D00F090804FF48A7406FBDD
:1067600004F404F110075744384607F0F7F800F135
:1067700012014FF42072382089B2FBF735F88046B9
:1067800000286ED054440C22013F0C2523894FF67B
:10679000FE790DEB02015BBAADF80C300023CDF8A9
:1067A0000F30CDF813308DF8173001238DF80E30EF
:1067B0004FF48073ADF81030FBF75AFA01967A78EF
:1067C0007E1C2E2A50D0002A4ED03246144612F893
:1067D000013F2E2B01D0002BF8D1E41B17465FFAA6
:1067E00084FBA4B25A462A444A4537DC5A46294615
:1067F0004046AB44FBF7FCFA681C2246314683B2A4
:1068000040460BF10105FBF787FA3A78ADB2002A52
:10681000D5D129464046019EFBF7EAFA4FF0012206
:106820000BF1020302A940469BB202920422FBF73D
:1068300073FA4FF48A7303FB06AA9AF810319AF898
:106840000F00B3B99AF80B203523174901EB8202E8
:10685000164951F820004146FFF77AF94046FAF709
:1068600059FF07B0BDE8F08F002237461446934623
:10687000B9E741F2E9430E4AEAE72946FFF708FF84
:10688000A57207B0BDE8F08F0A4B40F20D320A49FD
:106890000A4806F0E5F8002005F0AAFF0120F5F708
:1068A00051FE01F0FBFD00BF0C7300208061002051
:1068B000284C0020FC3000204C3100200013002028
:1068C00014730020414A4FF48A7303FB002310B570
:1068D0009B7A0446032B6AD8DFE803F00E123102DC
:1068E0004FF48A7300FB03F3D15800293ED14FF4D3
:1068F0008A7303FB0423997210BD1989614508D17D
:10690000F5F756FE314B1FFA80FC1A46997A022998
:10691000F3D003F58A732E499942F7D14FF48A7365
:10692000A1F24E41204604FB03F31A440833A2F8B7
:1069300008C0284ACA50BDE81040FFF7F7BE4FF420
:106940008A7004FB00F011180B7B013BDBB20B7368
:10695000002BD1D14B7B0133DBB2042B4B730AD01C
:106960000B732046BDE81040FFF7E0BE0139D1505F
:106970000029BCD0C0E7CB7A6BB9174B5B6853B129
:1069800091F810313BB90830144A40F2011C22F84A
:1069900000C04B73E5E700212046FFF779FE4FF476
:1069A0008A730A4A002103FB0423997210BD0C4B21
:1069B00040F26E420B490C4806F052F8002005F0F8
:1069C00017FF0120F5F7BEFD01F068FD14730020EC
:1069D00064770020020001000C7300201773002070
:1069E000FC30002064310020001300202DE9F04726
:1069F0001E4613898AB014460F2B05D82046FAF795
:106A000089FE0AB0BDE8F08700230C2204A92046C5
:106A1000FBF7F0F80C28F1D1A84B0025BDF81010B9
:106A20009A7A49BA022A89B207D0013503F58A73E6
:106A3000042DE3D09A7A022AF7D11A898A42F4D136
:106A4000BDF81430B3F5807FD8D19DF81230DB0942
:106A5000D4D09A4A4FF48A7303FB052393F810218C
:106A600032B9D97A964B326853F821309A42C5D15F
:106A70004FF48A73A8462746BDF8169003FB05F32A
:106A8000054603F110029A468C4BD4182946384625
:106A9000FBF79EF900282DDB4FF6FF739D4229D0AE
:106AA00000F0C002C02A25D00135ADB220B32618AF
:106AB00019E02178681C834A0134525C02F0030219
:106AC000012A804AD25C08BF203102F00302012A69
:106AD00008BF203399420DD14FF6FF739D4285B216
:106AE00008D0B44208D029463846FBF771F9031E96
:106AF000DBB2DEDA3C4681E729463846FBF768F927
:106B00000028F7DB04F10104C0D12E464FF6FF72D6
:106B100045463C4696423FF471AF731C9BB293428C
:106B20003FF46CAF042202A938460193FBF762F8E8
:106B300004287FF463AFBDF80A20B2F5807F7FF4AC
:106B40005DAFBDF80820B2F5807F7FF457AF4FF6F8
:106B5000FB72019B93423FF651AF9DF813305FFAF1
:106B600088F81B0750D199FA99F2731DA946264659
:106B700097B29CB2002F00F090803389A34209D8CD
:106B80008BE0328993423DDA2146FBF721F9002858
:106B900038DB10D0651C21463046FBF719F9031E7F
:106BA000ADB2304603F0C0022B442BDB9CB24DB398
:106BB000C02AE6D12C464FF6FF739C4222D0651CBA
:106BC000ADB29D421ED02B460A2207A93046FBF7E4
:106BD00011F80A2816D14FF6F5739D4212D807997D
:106BE00004F10B03BDF82420B1F1012F9BB224D096
:106BF00054BA13FA84F4B4F5803F03DA7B1EA4B2CE
:106C00009FB2B7E73446F9E64FF48A732B4A03FB89
:106C10000523DB7A002B42D1294B5B68002B3ED049
:106C20004FF48A73284A40F20131404605FB03F3D2
:106C30000833D152FFF746FEE0E6B2F5806FD7D1B8
:106C4000042203A930463446FAF7D4FF04287FF41F
:106C5000D5AE4FF48A743046184E09FB04F4039BFA
:106C600035196B60FAF756FD089B0AF10401174AC3
:106C700040461BBA3144934228BF13463351032385
:106C8000AB72FFF705FD3359002B7FF4BAAEAA7A39
:106C9000032A7FF4B6AEAB72B3E64D4634462046C7
:106CA000FAF738FD00214046FFF7F2FC4FF48A73F3
:106CB0000249002203FB05139A72A2E61473002016
:106CC0000C7300208547002018730020803A0900CB
:106CD000704700BF012800D9704721B1054B0A68F1
:106CE00043F820207047044A024B126843F82020E2
:106CF000704700BF0C730020884C002010B50024A2
:106D0000E0B20134FFF7DEFD042CF9D110BD00BF65
:106D1000002900F059812DE9F04F044683B0002886
:106D200000F005810578002D00F001819A4691461A
:106D30000D4606F013FE00F1FF3814F808302E2B34
:106D400018BF8046B8F1FF0F00F2F18029462046B7
:106D5000F9F78CFA18B1002003B0BDE8F08F9C4F12
:106D60002646009504463946BB469A4F0D4615F80F
:106D7000063C032B49D0013405F58A75042CF6D165
:106D8000344695493E465F46204606F0C1FAA8F1D2
:106D900006032344984273D0904B1B68002B00F0ED
:106DA0000A814FF0000B002517F8063C022B40D05B
:106DB000013507F58A77042DF6D1894B0022187822
:106DC0001346B17AD7B2002948D0032902F1010253
:106DD00008D1B17B411AC9B28B4238BF3D468B42C4
:106DE00038BF0B46042A06F58A76EAD1042D07D06F
:106DF000784A4FF48A7303FB05239A7A032A42D018
:106E00004FF0FF3003B0BDE8F08F424629463046D0
:106E1000F6F7C8FC0028AED115F80830002BAAD12F
:106E20004FF48A726B49009D02FB04135B682B6070
:106E300091E7424639462046F6F7B4FC0028B7D120
:106E400017F80830002BB3D1664A11680C320029BC
:106E500000F09C800133042BF7D1A9E74FF48A732B
:106E60005C4903FB02165F4B00251A46009313682A
:106E70000C325BB10135042DF9D14FF0FF30C1E781
:106E80004FF0010B8FE71E462F46ECE705EB45025E
:106E90000193009B2146B07306F1100043F8229045
:106EA00003EB8202504CC2F804A04FEA450A177265
:106EB0000122B272424601F05FF8B044019B2246C3
:106EC00088F810309846136804329BB308F1010823
:106ED000B8F1040FF7D145480422017801315FFA77
:106EE00081F8B8F1030FA2F102030CD921684FF029
:106EF000020800295CD1012A10D06268002A5DD105
:106F000013F0FF020AD054F8281008F10103013AE7
:106F100061BB12F0FF025FFA83F8E2D1042255440C
:106F2000009BF2730022B27243F8252068E76FF0ED
:106F30000F0011E72E20FEF7F5FE8146002840D015
:106F4000F5F736FB82B2B2F5806FF9D3284948468F
:106F5000FEF7A8FC10F1080FF2D010BB024625493D
:106F60004846FEF785FE214844F828901C4A80F8E0
:106F700000803846137886F810B1013386F80F8008
:106F80001370FFF79FFC6FF00400E5E603EB43028C
:106F9000144941F8229001EB8202C2F804A0157254
:106FA000F1E74846FEF776FE002244F8282092E7F3
:106FB0004FF00008DAE76FF00500CDE64FF001086A
:106FC000D4E744F8289086E76FF00F00704700BFC1
:106FD0002473002014730020843100200C730020DF
:106FE000220A0120DC72002080610020210A012099
:106FF000884C00209139010000B54FF0000C83B09F
:10700000CDF800C0FFF784FE03B000BD70B54FF0AF
:10701000000E00F00104714505DD24B110F8013BBC
:10702000013963F31F2E012928DD8E1E490803460E
:107030004FF0000C4D1E00EB410233F8021B93424F
:107040008C44FAD1C5EBC573023006EB4301A0EBCB
:107050004300012902D1037863F3070E0EEB0C0302
:107060009AB202EB134398B200EB134003BAC3F396
:107070000F43002C18BF184680B270BD4FF0000CB3
:10708000E7E700BF08B5FFF7C1FFC04380B208BD06
:1070900070B5154606460C46114A7C211148F5F795
:1070A0005DFA75B1B26C25613AB1134601E01B6817
:1070B0001BB19C42FBD1002070BD22600020B46453
:1070C00070BD084B7D220849084805F0C9FC2846D8
:1070D00005F08EFB0120F5F735FA01F0DFF900BF6E
:1070E000D04500208C310020E0310020001300202A
:1070F00010B50123002482B04A600C730B8101910A
:10710000F5F756FA064B024620460199A3FB0243C7
:10711000DB0803EB8303A2EB43024A8102B010BDFC
:10712000CDCCCCCC836C23B100221A721B68002B0F
:10713000FBD1704738B5374B1D68002D36D0AC6C8D
:1071400074B933E0013B042A9BB2638139D8022A27
:107150004ED8013A012A01D8002B3AD024682CB32A
:10716000237B0BB1013B23736389227A002BE9D186
:10717000042A1CD8022A29D9637A13B96373042319
:107180002372211D2846F8F789FB637A4FF0140219
:1071900001336281DBB2012B2DD905230021284662
:1071A000A360236998472468002CD9D138BD072AE9
:1071B000D4D14FF00002236901212846227298475A
:1071C000CCE7072ACAD1002BC8D1F2E7013A012A3D
:1071D000C4D80223211D28462372F8F747FB637A9F
:1071E0000133DBB2022B637207D90B4BA360B5E707
:1071F000002BB3D1C0E76372B0E7F5F7D9F9074BBD
:10720000A3FB0023DB0803EB8303A0EB43000A305E
:107210006081A3E71CA8002003001400CDCCCCCCD7
:107220002DE9F043054685B0D0F836006B8FAC6C85
:107230000290ADF80C306CB30E46D1F80E808F6919
:107240000AE03BB1636843452FD0BB4202D1B8F19D
:10725000000F22D02468ECB1237A032BF1D91A1F36
:10726000022AF7D862684245F4D1062206F10801E5
:1072700002A8019305F0ECFC019B0028EAD0062B44
:107280002AD0237B8BB9211D2846F8F707FB6423FE
:107290002373DFE705B0BDE8F083062206F108019D
:1072A00002A805F0D5FC0028D4D0637B0221284633
:1072B0000133637323699847637B092B05D907233F
:1072C00023724FF416736381C4E70023012128461B
:1072D000237223699847BDE70023022128462372C1
:1072E00023699847B6E700BF002930D08C4609686B
:1072F00069B362B3136853B3836C43B330B51546B7
:1073000085B0624602E01B68FBB111685C688C4284
:10731000F9D189B24FF6A964A142F4D12988A142DA
:10732000F1D0197A052916D8032911D80139022973
:10733000E9D8002103921A6919720221029001937F
:107340009047039ADDE90130DDE705B030BD7047B5
:1073500006211972D7E70729D5D1EAE72DE9F043CD
:10736000058989B0074688461C2D91464FF02400B8
:107370004FF4207228BF1C2505F10804A4B2214651
:10738000FAF732FA50B343890646A34229D37B6801
:107390002A464468002505933946082384F800806E
:1073A00084F8019025716571A571E571FAF780FB8C
:1073B000059B07A8DB680793F8F71EFD58B101236A
:1073C000A570E57007AA0290294601933046FF2375
:1073D0000095F8F715FF3046FAF79CF909B0BDE8BB
:1073E000F083074B4FF4BB720649074805F038FBA2
:1073F000002005F0FDF90120F5F7A4F801F04EF8A2
:107400000032002054320020001300202DE9F0410A
:107410004B4D86B00446AE68337803F00F039B00F3
:10742000132B14D94289032A11D942681278082AE9
:107430000DD1686900F0F002E02A08D00F462968F3
:107440000493F8F7F5FE10B92289072A05D82046DB
:1074500006B0BDE8F041FAF75DB9049B204603F1A0
:10746000100105930491FAF7B5F8DDE9041300283B
:1074700048D02289991889B28A42E8D84FF42072FC
:1074800010200493FAF7B0F980460028DFD0049B5F
:10749000418903F10802914249D331461A464068B6
:1074A000049300F069FD04994046FAF7CBF80028F0
:1074B00041D121464046FAF795FB002837D12046B6
:1074C0004446FAF727F9049B194620466668FAF7FE
:1074D00081F80028BBD16268D5E90413D360FF238B
:1074E00011613070E073B070F0709072D0721372EE
:1074F000012200901349CDE9012702462046F8F702
:107500007FFEA4E720460493FAF79CF8049B00282A
:10751000DAD00D4BCC220D490D4805F0A1FA002020
:1075200005F066F90120F5F70DF800F0B7FF4046C9
:10753000FAF7F0F88BE7044BBB220649ECE700BFF3
:10754000A4770020B877002000320020B432002059
:1075500000130020803200200A460321FFF7FEBE00
:107560000A460B21FFF7FABE0000000010B572B604
:10757000DFF8C0C0BCF8002091B9036883B190F86F
:1075800004E0BEF10F0F0CD842FA0EF414F001041F
:1075900045D0264C7444B3EB441F02D162B610BDF3
:1075A000002142FA01F3DB0707D501311029F8D198
:1075B00062B600230171036010BD01238B401A43A2
:1075C000ACF8002062B61A4A81F0030C0171D36F47
:1075D00043F0C003D367A2F5A03240F282431360A8
:1075E00002F58072114B02F8E61CCB1802F8E21C7F
:1075F00002F8E81C5B0102F8E11C9FED0A7B0360C6
:1076000083ED007B83ED027B83ED047B83ED067BC2
:107610001CF8023063F03F030CF8023010BD214625
:10762000BFE700BF000000000000000080740002FF
:1076300000C00F40F609012003790F2B11D8094A29
:10764000937672B60849012290F804C00B8802FABA
:107650000CF223EA02030B8062B6102200230271AF
:107660000360704700800E40F6090120EFF310829E
:1076700072B6437F33B9017F012907D0032911D0A6
:10768000012343770AB962B670477047DFF868C0D4
:10769000DCF80010F9B1164943610B68086083619A
:1076A0005861EDE700B5DFF854E01249DEF800C09C
:1076B000BCF1000F16D043610B68836158614FF035
:1076C000E0234FF0805C0860C3F804CD01234377CA
:1076D00002B962B600BD064BCCF800001860C0E9E4
:1076E0000511CDE7C0E905CCCEF80000E7E700BF03
:1076F0005C6900205469002050690020586900200E
:1077000070B5EFF3108272B60C4C206880B10C4E4D
:1077100000254369236073B19D6102B962B6836835
:1077200045779847EFF3108272B620680028F0D1B1
:1077300002B962B670BD3360EFE700BF5869002040
:1077400054690020FFF7DCBF0346EFF3108272B6E6
:10775000407F50B1197F012900B50AD0032913D009
:107760000021597702B962B600BD0AB962B6704706
:107770007047D3E905C1A1B1C1F814C0BCF1000F35
:1077800014D0CCF81810EBE7D3E905C199B1C1F8D2
:1077900014C0BCF1000FF4D1DFF82CC0CCF80010FD
:1077A000DEE7DFF828E0CEF800C0E7E7DFF820C02A
:1077B000CCF80010D4E7DFF81CE0CEF800C0BCF134
:1077C000000FDED1E8E700BF5469002050690020B7
:1077D0005C69002058690020037F012B0ED0032B29
:1077E00000D07047437F33B1D0E90523C3B15A615C
:1077F00062B90E4A1360002303777047437F002B62
:10780000F9D0D0E905232BB15A6132B1936100233D
:107810000377704706490A60F7E7064A1360EAE70C
:1078200005490A60002AF1D1E3E700BF546900204E
:10783000506900205C690020586900200449054A0D
:107840004968054B1960136801331360704700BF26
:10785000001000E01C09012018090120084601F071
:1078600039BE00BFF8B50D460D4FC41CC61D14F837
:10787000011F00230A22284600F0A4F8B4424FF06A
:107880002E0006D02B681B68BB4204D101F022FEFB
:10789000EDE70420F8BD2E2128469847E7E700BF12
:1078A00001480100704700BF704700BF704700BF2C
:1078B000704700BF38B5064CA4F1600554F8083C89
:1078C0002046183CDB689847AC42F7D138BD00BF72
:1078D00070600020074B0020DFF824C0064A0749EB
:1078E000C3F800C0C3F818C0C3F830C0C3F848C01C
:1078F00001F064BF2060002020550020594801009D
:10790000083E0020012A70B508BF0A228AB0054649
:107910001E4659B34FF0210C01E05FFA84FC0CF1D4
:10792000FF34B1FBF2F302FB131EBEF1090F0EF19F
:10793000370098BF0EF130000DEB0C0E9142194646
:107940008EF80400E9D23EB10CF1FF3C2D225FFA23
:107950008CFC0DEB0C031A712B6801A9CCF12202EF
:1079600028465B68614498470AB070BD30234FF0E9
:10797000210C8DF82530E6E7002903DB00230A22DD
:10798000FFF7C0BF49422D230A22FFF7BBBF00BF4C
:1079900000B5036883B040F60D2C022201A95B6894
:1079A000ADF804C0984703B000BD00BF044B0228E7
:1079B00088BF0346D3F800C01846DCF804301847E7
:1079C0008454002042B90368C9B2054A1B68934237
:1079D00004D1084601F07EBDFFF794BF184700BFF1
:1079E00001480100B4EE400B70B5F1EE10FA86B01C
:1079F000864680F18280B0EEC07B9FED486BB4EE8E
:107A0000467BF1EE10FA6CDC9FED467BB4EEC70BC3
:107A1000F1EE10FA5CDC9FED457BB4EEC70BF1EEA6
:107A200010FA55D4B5EEC00BF1EE10FA61D4002374
:107A3000B6EE007B002964D04FF0000C9FED3D6B4B
:107A40000CF1010C27EE067B6145F9D130EE070BF6
:107A50000C460A2270467646FCEEC07BB8EE676B99
:107A600017EE901A30EE460B8DED000BFFF74AFF34
:107A70000F2C21464FF02E0328BF0F2105468DF80D
:107A800008300DF10903481EB2EE046B02AA53FA46
:107A900080F09DED000B20EE060BFCEEC07BCDEDE3
:107AA000007A9DF8003007EE903A3033B8EEE77B6D
:107AB00002F8013F904230EE470BECD133684A1C8C
:107AC000304602A95B68D2B29847284606B070BD1E
:107AD000DEF80030032219495B6806B0BDE870404B
:107AE00018470368032216495B6806B0BDE870407A
:107AF0001847B1EE400B01239AE7036803221149AE
:107B0000EAE730EE070B0A227046FCEEC07B17EE68
:107B1000901A06B0BDE87040FFF7F4BEFFFFFFFF0C
:107B2000FFFFEF7F000000E0FFFFEF41000000E0FB
:107B3000FFFFEFC19A9999999999B93F983B002015
:107B4000943B0020903B002001F0B4BC01F04ABC03
:107B5000A94AAA4B90422DE9F047A94CD3F814E06A
:107B60009969D4F80CC000F2088103F1437303F55E
:107B7000F4530333A3FB0023DB0D03EB830303EB7D
:107B8000830202F2B63240F227639A4228BF1A46B5
:107B90009C4BA3FB0232D208203A984D0CF01F04F4
:107BA000D5F88030944243F0C003C5F880300BD242
:107BB0002CF01F0C924C4CEA020CC4F80CC0236849
:107BC000002BFCDA0CF01F041EF0007327D18E4D41
:107BD0002E698E4DB54300F0FA8081F480557646CB
:107BE0004FF4805716F0605F06D02EF0605E4EEACC
:107BF000030E824BC3F814E015F4405F07D021F464
:107C000040517E4D3943A961AB6C1B07FCD44EF04B
:107C1000007E7A49C1F814E08B6C9F06FCD47C4945
:107C2000884200F2DF80012635460EE0082D0CD197
:107C3000042E00F291800136022506FB00F38B42F0
:107C400000F2C3805B008B4206D8013506FB05F3CA
:107C500000FB03F38B42E9D9771E05F1FF384FEAA9
:107C6000872A8EEA87276B4959186B4B99427CD932
:107C7000DFF8E4916C2369486349B0FBF5F0684D87
:107C8000B0FBF6F00E6835404D4508D043F4005384
:107C90004FF480550D600B600B68002BFCDA5749E0
:107CA0000B6903F00703434504D0C1F810808B6CC7
:107CB000DE03FCD417F4E05F0BD02EF4E05E0AF490
:107CC000E0534E4943EA0E0EC1F814E08B6C9D0759
:107CD000FCD4544D544945198D4239D8534BED09C4
:107CE000A3FB05352D0B6B1E1B028EEA030111F45D
:107CF000407F07D02EF4407E03F440733F4943EAAF
:107D00000E034B613D494B6923F000734B618B6C53
:107D10009B06FCD4464BA242A3FB00134FF0FF315D
:107D20004FEA9343B0FBF5F5B1FBF3F3414908602B
:107D300041490D6041490B6008D22CF01F0C3049BD
:107D40004CEA0202CA600B68002BFCDABDE8F0873F
:107D50004FF440730425C8E7771E2E494FF00708FB
:107D60004FEA872A59188EEA8727294B99421CD84F
:107D7000DFF8E890362332487EE7324B984201D84C
:107D80000E220AE7304B984228D9304A904227D930
:107D9000821A2F4B120AA3FB0232D20902EB820293
:107DA00002EB820202F2E242EDE6A3F1825329489D
:107DB000DFF8AC90A3F589337E3BA3FB01310B0DBB
:107DC00003FB00F043EA090956E7012544E71F4693
:107DD0008EF0C0560D464FF0C05303E70F22DCE68D
:107DE0001222DAE6012603464FF0000A77464FF0EA
:107DF0000008354637E700BF001C4E0E00C00F409C
:107E0000000008401F85EB5100800D40403000808D
:107E1000FFB19F26808D5B00FF7EF64D00643F4DD5
:107E20007F3001807FD1F0087F17B42C9F10E500D0
:107E300083DE1B43805400207C5400200409012071
:107E400000B29F26FF0A6B1B00A4781F0046C323C5
:107E500023B24C00001BB7006C200080362000804D
:107E60000020008000B970472DE9F84F01218146BC
:107E7000224C234E234D54E8003F3268286844E8E2
:107E80000013002BF7D120494B684FF47A7BDFF8C1
:107E90007CA01B1A01270BFB02F8DAF80020A2FBDA
:107EA00003235B4594BF9844D84454E8003F3268AC
:107EB000286844E80073002BF7D14B68DAF800C05B
:107EC0001B1A0BFB02F2ACFB03C3B3F57A7F94BF22
:107ED000D21802F57A72A2EB0802B2F57A7F08D3C3
:107EE000B9F1010F08F57A7809F1FF39DDD1BDE864
:107EF000F88F01F07FFB0449D7E700BF200901207C
:107F00001C09012018090120001000E004090120CB
:107F100010B50F4B4FF0010C0E4CDFF844E053E866
:107F2000002F2068DEF8001043E800C2002AF6D1D6
:107F3000094B5B68094A5B1A4FF47A71126801FBBE
:107F400000F0A2FB03238B4294BFC018401810BD61
:107F5000200901201C090120001000E00409012073
:107F60001809012008B5EDF741F8EDF72FF901F0F8
:107F700041FBFAE730BFFDE7844641EA000313F016
:107F800003036DD1403A41D351F8043B40F8043B20
:107F900051F8043B40F8043B51F8043B40F8043BE3
:107FA00051F8043B40F8043B51F8043B40F8043BD3
:107FB00051F8043B40F8043B51F8043B40F8043BC3
:107FC00051F8043B40F8043B51F8043B40F8043BB3
:107FD00051F8043B40F8043B51F8043B40F8043BA3
:107FE00051F8043B40F8043B51F8043B40F8043B93
:107FF00051F8043B40F8043B51F8043B40F8043B83
:1080000051F8043B40F8043B403ABDD2303211D322
:1080100051F8043B40F8043B51F8043B40F8043B62
:1080200051F8043B40F8043B51F8043B40F8043B52
:10803000103AEDD20C3205D351F8043B40F8043B22
:10804000043AF9D2043208D0D2071CBF11F8013B20
:1080500000F8013B01D30B8803806046704700BFE6
:10806000082A13D38B078DD010F003038AD0C3F1F5
:108070000403D21ADB071CBF11F8013B00F8013BD7
:1080800080D331F8023B20F8023B7BE7043AD9D396
:10809000013A11F8013B00F8013BF9D20B7803706B
:1080A0004B7843708B7883706046704703F08ABDCD
:1080B00003F088BD03F08EBD03F08CBD01F1FF3CE1
:1080C00070B566464FF0000E01E00EF1010EB0FBF8
:1080D000F2F402FB1403092B03F1370598BF03F1F7
:1080E00030059042204606F8015FEED201EB0E0308
:1080F00000225A70BEF1000F11D0481C70440CF1E0
:1081000002021CF8014F10F8015DA1EB0C03521A9A
:108110008CF80050013B047073449A42EFDB084630
:1081200070BD00BF10B500234FF470440F224FF410
:10813000806EA0F88C411946A0F88E214FF460445F
:10814000A0F890310A46B0F8883148F2B82C43F0D4
:10815000F003A0F8883101EB4103013100EB431338
:1081600004299C80A3F806E05A841A865A805A8112
:10817000A3F80EC05A82DA825A83DA83EBD1B0F8C0
:10818000883143F00F03A0F88831B0F8883143F408
:108190007063A0F8883110BD374B384A996F384862
:1081A00041F47F0170B5996741F20106D3F8801060
:1081B00045F6C05543F226040A43C3F88020FFF772
:1081C000B1FF00F58040FFF7ADFF00F58040FFF7FD
:1081D000A9FF00F58040FFF7A5FF0022A0F50310DE
:1081E0004FF00F0E114600EB42134FEA421C0132D2
:1081F0009981042A5981A3F80EE09E82DD8020F83F
:108200000C1019829C81EED100221E484FF00F0EF7
:1082100041F20106114645F6C05543F2260400EB33
:1082200042134FEA421C01329981042A5981A3F872
:108230000EE09E82DD8020F80C1019829C81EED128
:10824000002211480F2641F20105114645F6C0549F
:1082500043F2260E00EB42134FEA421C0132998191
:10826000042A5981DE819D82DC8020F80C1019825D
:10827000A3F80CE0EED170BD00C00F40000003FC7D
:1082800000C03D4000001E4000401E4083290DD824
:1082900057280BD821F0010C074AC9073CF80230D7
:1082A00005D423F0FF0318432CF802007047DBB21B
:1082B00043EA0020F8E700BF00C03B4072B6EFF38E
:1082C0000583524CC4F884301EF0040F0CBFEFF34A
:1082D0000882EFF309824FF0E0234D4DD3F8280DCB
:1082E000D3F82C1DC4E92201D3F8341DD3F8383D4E
:1082F000C4E924139369A83444F8103CD36944F8C2
:108300000C3C00F0CFF804ED020A01F0DFF90B237A
:1083100044F8040C4FF0FF323E4844F8283C2B68E8
:10832000202104355A4042F30003013903EA0003D7
:1083300083EA5202F7D1A542F1D1344BC3F8A82009
:10834000BFF34F8F4FF0E0233149334AC3F8701F1A
:10835000C3F8702FBFF34F8FBFF36F8F2F4A0224E4
:108360002F48D36E2F4943F44053D3660460D3693A
:108370002D4823F07F0343F04003D3610B68834211
:1083800040D8274D00204FF0E0234FF0FF32286007
:108390000121C5F8080125480C460E46C5F8000124
:1083A000C5F80811C3F88021C3F88421C3F88821D7
:1083B000C3F88C21C3F8902101E000F073F9D5F8DF
:1083C0000C31002BF9D04F2CC5F80C6104F10104DD
:1083D000F3D9174B022017494FF00042C1F8400172
:1083E0005A63D5F80C313BB9134814490C4A016360
:1083F000D2F80C31002BFAD04FF0E023104AC3F82A
:108400000C2DFEE7FFF7A4FBBBE700BF00FF272012
:1084100080FF27202083B8EDA0FF272000C00F4059
:108420000040084080540020803DCD0B009F240078
:1084300000900D4000002E4000800F40F100AD0B79
:108440000400FA05094A08B50346106823B103443D
:1084500007498B4201D8136008BD05F06FF80C2264
:1084600003464FF0FF301A6008BD00BF1C550020C6
:1084700000002820002070474FF0FF30704700BFF9
:108480004FF4005300204B60704700BF012070473D
:108490004FF0FF30704700BF30BFFDE730BFFDE752
:1084A000FFF70CBF124AD2F880305B07FBD5D2F839
:1084B00080301048C3F30B230F4990ED007A07EE8C
:1084C000903A91ED006AB8EE477A0C4AF8EEE77AF6
:1084D0000B4BD2ED006A77EEC77A93ED007AB8EED7
:1084E000477A67EE867A87EEA60A37EE400A70472B
:1084F00000810D40F4080120FC0801200009012042
:10850000F8080120836B70B586460E4610461BB1F5
:10851000536843F40043536072B6DEF8342042B32C
:108520001B4B1060D3F8B02132421ED1194C656844
:1085300005E06268A2EB050CBCF5166F0BD2D3F810
:10854000402142F48042C3F84021D3F8B811D3F857
:1085500040215204EDD5314007D10D4ACEE9020148
:10856000D2F8B0313343C2F8B031CEF8340062B63D
:1085700070BD0749CEE90202D1F8B0313343C1F8EA
:10858000B031CEF83000CEF8340062B670BD00BF16
:1085900000002E40001000E070B5056B95B12B4631
:1085A000002403E01B680134012B0CD05A6812062A
:1085B000F8D5036306462CB12846B36B2D6898475F
:1085C000013CF9D170BD00220023C0E90C23F1E782
:1085D00000B501BBDFF8A0C0234B0021234A4FF0B8
:1085E000010E4FF001109960C3F800E0CCE90231B0
:1085F0004FF0800CC3F804C0C2F8BC01D2F8B0310F
:108600001B4843EA0E03C2F8B0310160D2F8B03122
:10861000002BFBD100BD0904164BDFF85CC04FF006
:10862000010E41F080019860104A596000F58051B8
:10863000C3F800E0D96000F50051CCF8483019616A
:1086400000F5405100F58040596100219861CCF857
:108650004C10D2F8B03143F48033C2F8B031D2F8C4
:10866000B031002BFBD1B7E7A061002000002E4005
:108670006C770020C0610020000000200749012223
:108680000B78824023EA02030B7033B9044AD2F814
:10869000483123F08003C2F8483170472D0A012089
:1086A00000002E402DE9F047A64C82B0D4F844617A
:1086B000F107C4F844614CD5D4F8AC31002B43D059
:1086C000A14DA24FDFF8B882C4F8AC31D5E90A2039
:1086D000D4F8403143F40053C4F84031D4F8403169
:1086E0009B04F5D5D4F840314FF0011123F4005329
:1086F000C4F84031C4F8B411D4F8B43113F0011304
:10870000FAD191B284463B60B1F5086F00F03A812E
:1087100000F2958040F2023E714500F0928100F235
:10872000A480822900F0E181B1F5817F00F0B3815E
:10873000802940F09580864802210380FFF748FF9A
:10874000D4F8AC31002BBFD17E4AD2F8BC31002B1B
:1087500042D1720616D57B4BD3F8AC21C3F8AC21BD
:10876000D3F8BC21C3F8BC21D3F8B041002CFBD115
:108770004FF0FF32C3F8B421D3F8843100F042FD4A
:10878000744B1C60F40103D5734B1B6803B198470D
:10879000B00103D5714B1B6803B19847710708D529
:1087A000684BD3F8843113F4007345D06C4B01222D
:1087B0001A70644BD3F848311A060AD5330608D527
:1087C000684A13782BB1013BDBB21370002B00F029
:1087D0006D8202B0BDE8F0875C49C2F8BC31086820
:1087E000034240F098815B4A12681340B1D01C0CE0
:1087F000554D1FFA83F810D094FAA4F7B7FA87F70B
:1088000005EBC7104030FFF7C7FE012303FA07F757
:10881000BC43F1D1B8F1000F9BD0012798FAA8F41E
:10882000B4FA84F405EBC41007FA04F4FFF7B4FEBD
:1088300038EA0408F2D18CE7494A1370B9E742F2EA
:10884000212E71455AD049D8B1F5106F00F0A280A1
:1088500042F2210C614503D1010C072900F08C8103
:108860004FF00113C4F8C0316AE7B1F5A06F00F012
:10887000CA80A1F5D0610129F2D83B4B5968002983
:10888000EED01FFA8CFE120C03E019690C3300299C
:10889000E6D0B3F800C09445F7D1B3F802C0F44570
:1088A000F3D14FEA122C000CBCF1030F00F0CB8186
:1088B0001B89834228BF0346B2F5007F9A4640F0E9
:1088C0009A81274B1B78002B40F0EE8127495246B6
:1088D0002748DFF89C90FFF74FFB9EE142F22133DF
:1088E000994214D04FF6C0039942B9D183B2FF2BFD
:1088F000B6D843F46E4363F30F0CBEE780B230B9D1
:108900001C4B120C19681C4B19601C4B1A7000236D
:10891000C5F84880EB64C8F808300123C8F8003077
:108920008023C8F804304FF00113C4F8BC31D4F8E8
:10893000B03143F48033C4F8B031D4F8B031002BF7
:10894000FBD1FDE600002E40000000206C770020E7
:10895000BC08012070770020E8090120EC09012003
:10896000360A0120370A0120B44D0020882F00600C
:1089700060BD20201C090120E4090120340A0120E7
:10898000A0610020B34B0121B3481B780370FFF7AF
:108990001FFED5E6AF49120C01930A70AF4AC4F826
:1089A000C821AF4AC4F8CC21AE4AC4F8D02100F0A7
:1089B0002BFC80220199AC4804F01EFAAB498022BE
:1089C000019BA9644A60AA4AEB64C5F8A02002F1A1
:1089D0003C428B6002F56C2202F56F72C5F8E02014
:1089E00001220A604FF00112C4F8BC21D4F8B02172
:1089F00042F48032C4F8B0219E4A3B60D2F8B031D4
:108A0000002BFBD19CE69949EB648B600123A964A0
:108A10000B6080234B604FF001139649C4F8BC31C2
:108A2000D4F8B03143F48033C4F8B031D1F8B03168
:108A3000002BFBD1130C5B0643F08073C1F854315B
:108A40007EE610F0780F7FF40BAF00F07F028A4BC8
:108A5000000653F822104CBF41F4803141F001016F
:108A600043F822100021814BE96499600121AB6435
:108A7000196080217F4A59604FF00113C2F8BC3160
:108A8000D2F8B03143F48033C2F8B031D2F8B0310B
:108A9000002BFBD154E610F0780F7FF4E1AE00F02C
:108AA0007F02754B000653F822104CBF21F4803131
:108AB00021F0010143F8221000216C4BE964996018
:108AC0000121AB64196080216A4A59604FF001139B
:108AD000C2F8BC31D2F8B03143F48033C2F8B031BF
:108AE000D2F8B031002BFBD12AE610F078037FF4E6
:108AF000B7AE00F07F01604A000652F82110564AD6
:108B0000138036D5C90301D50123137002215248C1
:108B1000FFF75EFD14E60020086058490C8848689D
:108B200042F221018C427FF45EAE80B200287FF4D5
:108B30005AAE5349534C03C9A18086284FEA1141CC
:108B40002060A1717FF44FAE72B64F48017841F0BA
:108B500008010170D2F848110D0605D480200143A8
:108B6000C2F84401C2F8481162B6484A5021117057
:108B700039E6CB07CAD5C7E74049EB60444BC1E9AA
:108B800000200122AB601A60424A5A603C4A9A6057
:108B9000D4F8B01141F00101C4F8B01102F58051D0
:108BA000D96002F50051196102F5405102F5804289
:108BB00059619A612F4AD2F8B031002BFBD12B4971
:108BC000EB648B600123A9640B6048F280034B6067
:108BD0004FF00113C2F8BC31D2F8B03143F4803306
:108BE000C2F8B0314FF48033224A3B60D2F8B03142
:108BF000002BFBD1A4E5B2F5E06F7FF468AE264B05
:108C00001B78002B4ED12549DFF8949052464846F8
:108C1000FFF7B2F9072389F8013029F01F0309EBA8
:108C20000A02BFF34F8F4FF0E021C1F8703F2033AD
:108C30009A42FAD8BFF34F8FBFF36F8F184851464F
:108C4000FFF7C6FC7CE50B78834228BF03469A46B3
:108C50003DE600BF350A0120BC0801200200CC001F
:108C6000C80002000200C80080000020A0610020AF
:108C70005DCFC6B800002E40C0012E409064002099
:108C800064770020DC0901202D0A0120370A012029
:108C9000C061002080000700360A0120EC2F006030
:108CA00060BD20200449AFE7044910E60320FFF728
:108CB000E5FC0CF0AFFB00BF882F0060EC2F0060DC
:108CC0002DE9F043841E83B0022C02D903B0BDE825
:108CD000F083124D90460F46C60105EBC0143C22AE
:108CE00000210190201D994604F086F8B8FA88F218
:108CF0003904520941EA42710122A951C4F838905D
:108D0000A260B9F1000FE1D00549019B9A400B68C0
:108D10001A430A6003B0BDE8F08300BF00000020E2
:108D2000707700202DE9F043A0F1020E83B0BEF170
:108D3000020F02D903B0BDE8F0839146C201124F81
:108D4000884602F1400605463C220021F4190193B1
:108D5000201D04F051F8B9FA89FC4FEA0842019B42
:108D60004FEA5C1C42EA4C72BA510122A363A26032
:108D7000002BDFD0054905F110000B6882401A4333
:108D80000A6003B0BDE8F083000000207077002087
:108D900012044FF0010C816042F08002C0F800C064
:108DA000C36101F5805C01F54053426001F500525A
:108DB00001F58041C0F80CC08161C0E9042370470F
:108DC000831E022B00D9704700F1100C064B0A4697
:108DD00003EBC01000B54FF0010E0EFA0CF15DF878
:108DE00004EBFFF78FBB00BF40000020831E022B67
:108DF00000D970474FF0010C034B0A460CFA00F102
:108E000003EBC010FFF77EBB0000002040687047F6
:108E1000144B0A22DFF850C0D3F8200220F07F4024
:108E200000EB800300B55B0085B0604538BF184695
:108E30006946FFF743F9DFF834C06B46002260460D
:108E400019780132013341B10A2A20F8021FF7D103
:108E500016228CF8002005B000BD52008CF80020CE
:108E600005B000BD00441F4080969800E4570020E4
:108E700000F0E8BA00F0D8BA00F06EBB00F048BBD2
:108E80000846114600F03ABB70B5164D4FF0E0248D
:108E900015494FF40032154E05EB401582B001EB39
:108EA0004021C4F88C210346328828460191FFF7FF
:108EB0006FFF019933880B44BFF34F8FC4F85C1FD9
:108EC00020318B42FAD8BFF34F8FBFF36F8F03204F
:108ED0002946FFF78BFF4FF40033C4F80C3102B082
:108EE00070BD00BFE0610020E0BD2020FE09012030
:108EF000264B1A884368C3F30E43D21A002AF0B5F2
:108F0000C46983B028DD2248224D01782D78CBB288
:108F1000DFF894C0A942204D09D01CF803100F4679
:108F200035F811100E46C1F500718A421AD9013385
:108F3000002125F81420082B184D88BF0B4625F872
:108F4000141098BF19460CF80340154B01701968AE
:108F50000A441A6003B0F0BD204603B0BDE8F040FB
:108F6000FFF792BF0F4906EB47200192084401EB3F
:108F70004421FFF701F8019A09492046B31825F862
:108F800017300B6813440B60E7E700BFFE090120B0
:108F90002B0A01202C0A0120C8080120D808012032
:108FA000C4080120E0BD2020E8080120224B1A78E7
:108FB000002A3FD102F0FF03204A1278002A39D05C
:108FC0001F4A1288002A35D01E49C2F5006210B52A
:108FD000087884B01C4901EB40141C4901EBC02106
:108FE0002046CDE902230191FFF7D2FEDDE901120F
:108FF0000A44BFF34F8F4FF0E020039BC0F8701F6F
:1090000020318A42FAD80193BFF34F8FBFF36F8F9D
:1090100004202146FFF7D4FE0A480021084B0278BD
:1090200019800132019BD2B2032A98BF1346037004
:1090300004B010BD704700BF330A0120350A01207B
:10904000080A0120320A0120E0620020E0CD202041
:109050002DE9F04F87B00490002900F0BF80002375
:109060005F4C604F4FF00109DFF890A15E4E029314
:1090700003915E4B5E4A1D783B8802EB451284F8F3
:1090800000900192002B40F0A58098461D469B461B
:109090000198FFF7BBFE10F0800000F08B80BFF35B
:1090A0004F8F9AF8003084F800B00DB9D6F80080E0
:1090B000002B7BD13368A3EB0803782B00F283806D
:1090C0004C4B1B78002B71D000F094FA3B880125A3
:1090D00084F80090002BDBD044491A46C3F50060A9
:1090E0000D78039900EBC520DFF814B19142584484
:1090F00017D20593DDE903210192FEF73DFF019AA6
:109100004FF04041059B9B1A3B803B4BC3F88410BA
:10911000BFF34F8F029800231044237007B0BDE8BF
:10912000F08F0499FEF728FF00230BEBC5214FF4C5
:1091300000620198FFF72CFE0BEBC521BFF34F8FA8
:1091400001F1200201F50063934294BF0123402303
:109150004FF0E02201EB4313C2F8701F20318B4225
:10916000FAD1BFF34F8FBFF36F8F04200199FFF740
:1091700027FE1E4A13780133DBB2042B28BF0023DD
:1091800013703B88039AD11A029A1A4403910292EF
:10919000049A1A4400230492174A3B80C2F8843090
:1091A000BFF34F8F237000297FF463AF029807B09D
:1091B000BDE8F08F4FF400620C4B8AF800001D7878
:1091C00013463A808DE7012302988AF8003007B0F1
:1091D000BDE8F08F1A46C3F5006082E70846E6E76F
:1091E000330A0120080A01201C090120320A01204B
:1091F000E0620020350A012000002E40310A0120E3
:10920000E0CD2020704700BF2D4B002180222D484B
:1092100070B51B7800242C4E8B420CBF40234FF4BA
:1092200000732A4D33802B8003F0E6FD284A214647
:10923000284B14704FF4807227481C8003F0DCFD2B
:10924000264A1021264B0220C2E90044C2E902440A
:10925000244AC3E900441470234AC3E90244234B5F
:109260001C70234614602246FFF75CFD204B22460B
:1092700031880320FFF724FD23460122298804209A
:10928000FFF750FD20460134FFF7FEFD082CF9D111
:10929000184B00214A221848184C0460C3F8841067
:1092A000C3F88020D3F84821154942F08072C3F8F2
:1092B000482121B1134A137843F00103137070BDA4
:1092C000360A0120E0620020FE0901200A0A01207E
:1092D000320A0120080A0120E0610020C8080120AC
:1092E000D80801202B0A0120C40801202C0A0120E3
:1092F000955E010000002E40E8090120515F010049
:1093000000000000380A01202DE9F84F4FF4003228
:109310004FF0E023C3F88C212B4B1C78002950D050
:1093200082468B46E4B20027DFF8B490274B5046C4
:10933000274AABEB07081B78A34204F1010437D09E
:10934000092C244B244928BF00241E5D39F816300F
:1093500031F8165003EB4621ED1A1144A8452A4670
:1093600017D21E4C42465046FEF706FE236839F8D7
:1093700016105846A3EB0B0388443B4429F816808B
:1093800023604FF0E0234FF40032C3F80C21BDE816
:10939000F88FFEF7F1FD114A2F4430461368AA44B6
:1093A0005B1B1360084A1470FFF76EFDBB45BDD808
:1093B0004FF0E0234FF400323846C3F80C21BDE8EB
:1093C000F88F0846DDE700BF2C0A01202B0A012098
:1093D000E0BD2020E8080120C8080120C4080120C1
:1093E000D80801200B4B0C4A12781978D3B28A4264
:1093F0000DD0013309480A4A092B0A4928BF002326
:10940000C35C31F8131002EB4323585C70474FF0F4
:10941000FF3070472B0A01202C0A0120E8080120A8
:10942000E0BD2020D8080120054B186800B1704726
:1094300000B583B0019000F0DDF8019803B000BDE5
:10944000C40801202DE9F84F144E154D33782A78C1
:10945000934220D0DCB2DFF85090DFF850B0DFF854
:109460005080104F0134082CA24601D90024A24696
:1094700019F80400DBF8003038F8102037F8101025
:10948000521A9B1ACBF80030FFF7FEFC86F800A0BA
:109490002B78A342E6D1BDE8F88F00BF2C0A01204B
:1094A0002B0A0120D8080120E8080120C408012067
:1094B000C808012000B583B001210DF10700FFF7B6
:1094C00023FF18B19DF8070003B000BD4FF0FF3037
:1094D000FAE700BF084B00B583B01B788DF8070092
:1094E00033B101210DF10700FFF7B2FD03B000BD5C
:1094F00003F0FF0003B000BD350A0120034B1B78C9
:109500000BB1FFF7A5BD03F0FF007047350A01203E
:109510002DE9F04100240D4E01230D4DA0460D4FC5
:1095200033703B782846A34205D0FFF76FFC030653
:1095300058BF08F5006801342035042CF1D1BFF381
:109540004F8F002340463370BDE8F081330A01207D
:10955000E0620020320A0120204B1B7813B1204B1F
:109560001A8802B970471F4BC2F500621E481F4996
:1095700030B51B7883B01E4C00EB431001EBC321C8
:109580000123054623700023CDE90012FFF700FCFC
:10959000DDE900120A44BFF34F8F4FF0E023C3F818
:1095A000701F20318A42FAD8BFF34F8FBFF36F8FFD
:1095B00004202946FFF704FC0A49002208480B78DA
:1095C00002800133DBB2042B28BF13460B70BFF3BC
:1095D0004F8F074B1A7003B030BD00BF350A012012
:1095E000080A0120320A0120E0620020E0CD20209C
:1095F000330A01202E4B2DE9F0411E7886B1DFF8A9
:10960000C88098F800305BB90123F10788F8003072
:1096100040D4B20727D4002388F80030730701D460
:10962000BDE8F081234B1A68002AF9D0EFF30582D8
:10963000002AF5D1EFF3108572B61868002830D0F3
:109640001D4C217800292CD10122227042691A6018
:10965000002A2AD0916105B962B600258368457752
:1096600098472570DCE7154B1B78002BD3D0144F9F
:10967000002557F8044F236820461B69984710B10E
:1096800063699B6898470D4B01351A78EBB29A4293
:10969000EFD8C0E7FFF7C8FE0028BAD0AFF30080CC
:1096A000B7E7002DBCD162B6BAE7064B1A60D2E725
:1096B000380A0120506900200D0A01200E0A0120FD
:1096C0007C6000205C690020150A0120074A506A6E
:1096D000936A19468446506A936A9942F9D184453F
:1096E000F7D1DB0B43EA4040704700BF00400D401C
:1096F00008B5D0E900325BB1BAB10F4BA3FB02133E
:10970000DB0803EB4303B2EB83030AD1012008BD5E
:10971000094BA3FB0213DB0803EB4303B2EB830308
:1097200001D0D21A4260F02AF0D803F007FF1C22C1
:10973000034600201A6008BDABAAAAAA30B583B0C0
:1097400060B3044621B11D46B2FA82F35B09A2B9A7
:10975000206818B362680AB3164B174902FB03F37B
:10976000B1EBB30F1AD3A368FBB900232360636086
:10977000A360E360012003B030BD0193069BC0E904
:109780000012C360FFF7B4FF60B1002DF2D0626831
:1097900001992068A56003F02FFBEBE703F0CEFEF4
:1097A00016230360002003B030BD002103F024FB2A
:1097B000DBE700BFABAAAAAA5555551503460846D4
:1097C000194602F03DBF00BF38B50546082000F03D
:1097D000CFF82946044600F065FF054A05492046B2
:1097E00000F0DCFD204600F0DBF800F061F900BF7E
:1097F00039750100403E002038B50546082000F0CC
:10980000B7F82946044600F08FFF054A054920466F
:1098100000F0C4FD204600F0C3F800F049F900BF95
:10982000797501004C3E0020004870479C3B0020A9
:1098300010B5034B0360044600F002FA204610BD49
:109840005044002010B5054B0360044600F0F8F9C1
:109850002046FEF72FFC204610BD00BF50440020DC
:1098600008B5042000F084F8024B034A0349036062
:1098700000F094FD50440020D5670100643E0020B4
:1098800022494A6830B5A0F108044AB350F8083CB0
:1098900004EB030E72451D4622D8536827D001F110
:1098A000040C33B92DE0596802F1040C1A4651B189
:1098B0000B469E45F7D822D1536819685B68536000
:1098C000DCF800300D441A6899188C420CD05B68A3
:1098D00040F8043CDCF8003040F8085C5C6030BDC7
:1098E00040F8042C4C6030BD2A441A6030BD126828
:1098F00040F8043C2A4440F8082C4C6030BD134624
:10990000E1E7134601F1040CDDE700BF70630020BE
:10991000164910F1090F98BF00F10F02486894BF73
:1099200022F007020822043118B97047011D40686F
:10993000B0B103689342F9D308680368A3EB020C43
:10994000BCF1070F00B5D0F804E00AD98318C3F8BA
:1099500004E040F802C0086802600B60083000BDF7
:109960007047036073460B60083000BD70630020D1
:1099700010B500F18004803002F024F9034630B1C4
:1099800080220021184603F037FA803010BD2046AF
:10999000FFF7BEFF03460028F2D100F08FFC00BFA6
:1099A000064BD3E9022380381344984203D2824203
:1099B00001D2FFF765BF02F00DB900BF7063002050
:1099C00070B5364D36488AB00024C5E90144EC60D4
:1099D00002F0ACF8334B344A0821CDE90534049148
:1099E00004230921CDE907120993A0B10446237885
:1099F0002E483A2B08BF01340F22214603F028F9E4
:109A000010B9E37B2E2B16D020463A2103F038FA0A
:109A100004460028EBD1099A069C402AA8BF4022A0
:109A2000002C08BF06243E3402FB04F4A400EC60C2
:109A3000ACB90AB070BD103404AB1E682146324682
:109A40002EB15868019303F003F9019B10B9A25D90
:109A50003D2A0ED00C330AAA9342EED1D4E7204619
:109A600002F0B0F8A860B0B10023C0E9004368601C
:109A7000DFE7701C2044002203A9019302F0D0FD0F
:109A8000039C019B22783A2A01D0002ABCD10028ED
:109A9000A8BF9860B8E7E860CBE700BF706300201C
:109AA000B03B0020C43B0020D03B0020DC3B00202A
:109AB0001EB400F08DF81EBC01F0D6FDF0B50278A2
:109AC000472A83B00C461F4619D0264E0020336823
:109AD00001909B683046984778B1019B1B680193C1
:109AE00002252368314620461E6901AA0123B0479A
:109AF00038BB0546284603B0F0BD0125F1E74378A1
:109B00004E2BE2D18378552BDFD1C378432BDCD1A8
:109B10000379462B1AD0432BD7D143792B2BD4D1A1
:109B200083792B2BD1D1C379012BCED850F8206C5F
:109B30004FF0000301930ABF3046583056F8786C56
:109B4000C5E7019B3B60284603B0F0BD43794F2B2E
:109B5000BBD18379522BB8D1C0790028B5D1024E40
:109B6000B5E700BF2C3E0020183E002010B504468B
:109B700000F07CF8234613F82029472A04D0826895
:109B800022BB8360012010BD62784E2AF7D1A278F3
:109B9000552AF4D1E278432AF1D12279432AEED131
:109BA00062792B2AEBD1A2792B2AE8D1E279012A1A
:109BB000E5D854F8042C0132012A44F8042CE1D1F0
:109BC000826844F8082C8360012010BD00F076FB09
:109BD00008B500F04BF883687BB393F82020472A40
:109BE00004D00022826003F1200008BD93F82120F8
:109BF0004E2AF6D193F82220552AF2D193F8232049
:109C0000432AEED193F82420432AEAD193F8252061
:109C10002B2AE6D193F826202B2AE2D193F827208D
:109C2000012ADED8DA69013ADA61002ADBD19969C2
:109C300081609A6103F1200008BD00F03FFB00BF86
:109C4000704700BF704700BF00487047EC3B0020E2
:109C500000B583B004210190FEF72EFA019803B0FD
:109C600000BD00BF004870474469002000487047AD
:109C700044690020502870B51D461ED000F00F0327
:109C800084460E460C2B55D8DFE803F00744260720
:109C90001E545454542A22071E00104650F8043B08
:109CA0004BB10CF07001102918BF324613441CF060
:109CB000800F18BF1B682B6070BDD01C20F0030004
:109CC00050F8043B2B6070BD104650F8083BE7E7A6
:109CD000104630F9023BE3E7104630F8023BDFE77D
:109CE00000231046194610F8014B04F07F0E0EFABF
:109CF00001FE14F0800F43EA0E0301F10701F2D1D7
:109D00001F29CDD86406CBD54FF0FF3404FA01F1FA
:109D10000B43C6E700231046194610F8014B04F028
:109D20007F0E0EFA01FE240643EA0E0301F107013D
:109D3000F3D4B5E7FEF7B2FBFF281FD008B500F05B
:109D40007003302B15D006D8202B0BD1BDE808406E
:109D5000084601F0A2BE402B07D1BDE808400846E6
:109D600001F088BE03D8002008BD502BFBD0FEF7C1
:109D700095FBBDE80840084601F08CBE0020704706
:109D800030B5034683B00D46144618B1019001F07A
:109D900071FE019B20602A4612F8015BFF2D2ED137
:109DA0006060104610F8013BFF2B39D010234FF0B4
:109DB000000C2375624610F8011B01F07F039340ED
:109DC00009064CEA030C02F10702F4D400EB0C0381
:109DD000E36010F8013B63754FF0000C624610F829
:109DE000011B01F07F0393404CEA030C0B0602F1C8
:109DF0000702F4D400EB0C03236103B030BD194615
:109E000028460192FFF798FF019A0146231D284634
:109E1000FFF730FF0246104610F8013BFF2BC5D17B
:109E200023750023D4E700BF2DE9F04F00F00303B2
:109E300097B00024012B02940C948946904600F0C0
:109E4000A680022B0AD14146484601F0FBFD0028BE
:109E500040F09280082017B0BDE8F08F002B40F052
:109E60001F8210F00804EED110AB01250393039B71
:109E7000009300230C2219464046CDF8409001F093
:109E800025F8404601F0FCFD05900028DBD044EAAF
:109E900005030493029B039A05998DF854304046BC
:109EA0000023CDE91333FFF76BFF9DF85430029385
:109EB000044641461846139BDDF850A00693FFF771
:109EC0003BFF0FAF00230790194600970F22404633
:109ED00000F0D6FF54450F9B37D223F001039DF8C5
:109EE0005550DDF840B05E1E00212846FFF724FFE4
:109EF000224601460DAB2846FFF7BCFE0021044672
:109F00002846FFF719FF224601460EAB2846FFF709
:109F1000B1FE002104462846FFF70EFF2246014607
:109F20003B462846FFF7A6FE04460020024614F8EA
:109F3000011B01F07F03934018430B0602F1070257
:109F4000F5D40D9B5B44B3421AD9049BDC0725D59D
:109F500000252E4600231946009740460D220C9CF2
:109F600000F08EFF059BC9E90B360F9BC9F8203026
:109F7000C9E9094506206EE7092017B0BDE8F08F52
:109F80000E9A1344B3425BD85445ADD3DDE710F0CD
:109F900008040AD010AB0393022568E7049B180756
:109FA00000F17C81484600F096FC10AB0D6A0393EB
:109FB0000093029B0D221946404600F061FF109B62
:109FC0009D42E9D1039B0093029BCDF840900C2267
:109FD0001946404600F07AFFD9F83060002EE1D0F3
:109FE000D9E90A530FAF0593002DC0F21281032463
:109FF00000231A46194600974046CDF83C9000F0E1
:10A0000065FF002319460122009740460F9500F096
:10A010005DFF002319460F220097404600F030FFF5
:10A020000F9A009702F00102002332430F9240463C
:10A030000F22194600F04AFF022C6ED007200AE7D3
:10A040000F9E002E3FF4FFAE119A1644002800F038
:10A050001581002E3FF4F7AE049B013813F008037E
:10A060000AEB00040A9300F00D818E4BC9F8003012
:10A070008D4BC9F80430029B089603F007030B933D
:10A080004B464FF0000AB9464FF0010BCDF8248043
:10A090001F4600252A4614F8011B01F07F03934058
:10A0A000080645EA030502F10702F4D41F2A08D87E
:10A0B0000BFA02F35B4211F0400F43EA050318BFAD
:10A0C0001D4600262046324610F8011B01F07F0392
:10A0D00093401E430B0602F10702F5D41F2A40D815
:10A0E0004B063ED50BFA02F35B421E43002D75D0A2
:10A0F000049B022B0FD0002D39DC069A6FF04043F1
:10A100005B1B02EB830817B10A9A002A6AD0D8F8C1
:10A110000030BBB12EB13444BBE74846FFF726FD03
:10A120008CE73B46089EDDF824804F469946BAF1FD
:10A13000000F3FF488AE049BDD073FF584AE002599
:10A14000022455E73B464F469946049B089EDDF89E
:10A150002480DA073FF5FEAE002D3FF448AF00F053
:10A16000BBF885B1049B022BD4D0002DC5DD029B2A
:10A17000FF2B76D00B9A042A00F29280DFE802F0DF
:10A1800008902A0826004FF0010A002EC3D1C8E724
:10A19000069BA3EB8502079902984B46FFF76AFDE1
:10A1A0000F9941B1002FB5D00CAB00223846FFF714
:10A1B00085FC0028AED03B464F469946049B089E3E
:10A1C000DDF82480D9073FF5C5AE10E7069BA3EB69
:10A1D000C502E0E7069BA3EB4502DCE74FF0010A6E
:10A1E000344456E7069A52F8231000293BD00C9BC2
:10A1F0000F9303E058F8041F002934D041444B4624
:10A2000000223846FFF75AFC0028F3D0002E82D1F6
:10A2100087E7069B039A059913934046029B8DF8A6
:10A220005430FFF7ADFD9DF85400DDF84CA04146D9
:10A23000FFF782FD6FF040435B1B0AEB83045AF883
:10A24000233033B12246002352F8041F0133002982
:10A25000FAD1C9E90A300423C9F83440C9F83030CA
:10A26000C5E6069A97E73B464F469946049B089EEB
:10A27000DDF82480DB073FF56DAEB5E6002E7FF4F8
:10A280005AAFE0E599F80730012B0CBF59F8203C94
:10A2900009F158030C93EEE600F098FB00F00EF87D
:10A2A000FEF7FCF8474E5543464F520008B580472D
:10A2B000FEF7F4F800F08AFBFEF7F0F808B5034B60
:10A2C0001868BFF35B8FFFF7F1FF00BF94540020C5
:10A2D00008B58047FFF7F2FF08B5034B1868BFF3D6
:10A2E0005B8FFFF7F5FF00BF98540020024B186802
:10A2F000BFF35B8F704700BF94540020024B186877
:10A30000BFF35B8F704700BF9854002000B5012851
:10A3100083B01CD8BFF35B8FA1F1280353E8002F53
:10A32000013A43E800200028F8D1BFF35B8F62B9FF
:10A3300051F81C3C01F1580013B101909847019865
:10A3400003B05DF804EBFFF72BBB03B000BD51F881
:10A35000140CFFF7ABFF00BF002310B540E91E123D
:10A3600040F8803C0446FFF7C9FF44F8700CFFF743
:10A37000BDFF0749074A084B44F8581C44F8542CC1
:10A3800044F86C0C44F8503CA4F1800010BD00BFB0
:10A39000474E5543432B2B00B172010070B5044664
:10A3A0000D461646FFF762FC4368013332464360B0
:10A3B00029462046FFF7D0FF0446012344F8283BF6
:10A3C000204601F041F9204600F000FBFFF776FF40
:10A3D00010B5FFF74BFCD0E90042013242606CB18E
:10A3E00094F82020472A0BD00022026004F12000BC
:10A3F00001F04AF904F1200000F0E8FAFFF75EFFEF
:10A4000094F821204E2AEFD194F82220552AEBD13E
:10A4100094F82320432AE7D194F82420432AE3D157
:10A4200094F825202B2ADFD194F826202B2ADBD183
:10A4300094F82720012AD7D8626952426261D5E791
:10A4400010B5034B0360044600F0C8F9204610BD68
:10A45000E041002010B5054B0360044600F0BEF952
:10A4600020460C21FDF728FE204610BDE0410020CB
:10A4700070B582B00546069C94420E460BD0A86883
:10A48000D0F800C00694DCF820403146A44602B063
:10A49000BDE87040604719460192009300F062F8F1
:10A4A000DDE900320028EAD0062002B070BD00BF0E
:10A4B0002DE9F04383B00F46194601920093DDE980
:10A4C0000A48DDE90C65814600F04CF8DDE9003210
:10A4D00078B9B44220D0D9F8080039460768CDE9E8
:10A4E0000C65CDE90A48FC69A44603B0BDE8F04319
:10A4F0006047002F2C602A7109DB3C44A64214BF40
:10A5000001240624AC71002003B0BDE8F0830237BB
:10A51000F9D10123AB71F6E741464846CDE9002366
:10A5200000F020F8DDE900230028D4D06A71EAE7C2
:10A530002DE9F04107460E4615461C4600F088F905
:10A5400050B9B8680168D1F818E023462A46314668
:10A55000F446BDE8F0416047BDE8F081704700BFB8
:10A5600000207047814211D008B5406803782A2B3B
:10A570000AD049680B782A2B08BF013103F02EF866
:10A58000B0FA80F0400908BD002008BD01207047E6
:10A590004068704710B543680C4A0D490446A3F162
:10A5A0000C00904282B0216005D12046FFF748FBA5
:10A5B000204602B010BD53F8042C511E002A43F867
:10A5C000041CF2DC01A900F0E7F8EEE7786A00204D
:10A5D0001444002010B543680C4A0D490446A3F109
:10A5E0000C00904282B0216005D12046FFF728FB85
:10A5F000204602B010BD53F8042C511E002A43F827
:10A60000041CF2DC01A900F0C7F8EEE7786A00202C
:10A610001444002010B543680E4A0F490446A3F1C4
:10A620000C00904282B0216008D12046FFF708FB61
:10A630002046FDF73FFD204602B010BD53F8042C24
:10A64000511E002A43F8041CEFDC01A900F0A4F815
:10A65000EBE700BF786A00201444002010B543687F
:10A660000E4A0F490446A3F10C00904282B02160CB
:10A6700008D12046FFF7E4FA2046FDF71BFD2046EF
:10A6800002B010BD53F8042C511E002A43F8041CDC
:10A69000EFDC01A900F080F8EBE700BF786A00204A
:10A6A00014440020F0B51C4B85B00446036079B318
:10A6B00008460D4603F052F90646B0B103AA002140
:10A6C00000F03CF8012E034600F10C0712D0019077
:10A6D000294632463846FDF74FFC019B0F4A93420C
:10A6E0000BD12046676005B0F0BD0D4F6760204676
:10A6F00005B0F0BD2A780273F0E700229A601E6070
:10A7000033441A73EDE72046FFF79AFAFFF7D0F9C2
:10A710000448FFF759F800BF14440020786A00206D
:10A72000846A0020003C002010B50446FFF7BAFF01
:10A73000014B2360204610BD2844002000B5144A78
:10A74000904283B020D88842034612D94800834201
:10A7500038BF034603F11D00B0F5805F09D9994267
:10A7600007D203F58053C0F30B001B1A934228BF96
:10A77000134603F10D000193FDF798FC019B0022A5
:10A78000C0E9013203B000BD0248FFF735F800BF51
:10A79000FCFFFF3F2C3C0020FDF78CBC70B503682C
:10A7A00084B000249E690394102315460293CDE9DA
:10A7B00000446B461268B0479DF8043003F006036E
:10A7C000062B03BF009B2B600120204604B070BD08
:10A7D000009890420CBF06200120704710B5034B33
:10A7E00003600446FFF7BAFE204610BDB4410020C6
:10A7F00010B5054B03600446FFF7B0FE2046082164
:10A80000FDF75AFC204610BDB441002030B583B09E
:10A8100015460899069A8A4204460DD019462046E4
:10A82000FFF7A0FE28B1099A06991160012315715E
:10A830009371002003B030BD07990193FFF792FE9A
:10A84000019B0028EAD0099B00205D7103B030BD58
:10A8500010B582B014460193FFF784FE019B20B12E
:10A86000082106221C60D9601A7102B010BD00BF19
:10A870002DE9F041074616461D460C46FFF772FECD
:10A8800048B9032D07D823683246394620465B690C
:10A89000BDE8F0411847BDE8F08100BF0378472BC1
:10A8A00017D143784E2B14D18378552B11D1C3780F
:10A8B000432B0ED10379432B0BD143792B2B08D19A
:10A8C00083792B2B05D1C07901288CBF0020012072
:10A8D00070470020704708B550B1044600F076F884
:10A8E0002046FFF7DBFF18B154F8140CFFF7DEFC2D
:10A8F000FFF7E4FC2DE9F04F83B00246FFF7CEFFEF
:10A9000038B152E90674D2E90C69D2F828A00025C2
:10A9100005E0044607460125814606468246104664
:10A9200000F054F80DB1FFF7D7FC3846FFF7D0FC24
:10A9300000F04CF80DB1FFF7C1FCFFF793F9D0F828
:10A94000008098F82730012B0CBFD8F8003008F1B0
:10A95000780300934FEA960B0027BA451DDD07FBED
:10A960000BF309EB830259F8236006B116446B46DA
:10A970000022314608F12000FFF7A0F808B1FFF7E8
:10A9800027FD336801900E49304601AA1E69012354
:10A99000B0472843C5B20137DFE745B10420FEF7D1
:10A9A000E7FF084B084A06490360FFF7F7FC20461B
:10A9B000FFF77CFC00F04EF800F04CF8FFF778F859
:10A9C000583E00203C440020E96B010010B50446CD
:10A9D00082B0FFF74BF92246036812F82019472985
:10A9E00005D0002B34D10260184602B010BD61784A
:10A9F0004E29F6D1A1785529F3D1E1784329F0D138
:10AA000021794329EDD161792B29EAD1A1792B292B
:10AA1000E7D1E1790129E4D854F80C1C002914DBB2
:10AA2000013144F80C1C416801394160934218BF60
:10AA300044F8103C636A18BF02602046019300F09E
:10AA400017FA019B184602B010BDC1F10101E8E7F9
:10AA5000FFF734FC08B5FFF705F903687BB393F8FB
:10AA60002020472A07D00022026003F12000BDE821
:10AA7000084000F0FFB993F821204E2AF3D193F853
:10AA80002220552AEFD193F82320432AEBD193F8C3
:10AA90002420432AE7D193F825202B2AE3D193F8E9
:10AAA00026202B2ADFD193F82720012ADBD85A69E8
:10AAB000002A05DB013A08D0511C0ED05A6108BDAE
:10AAC0000132FBD119690160F8E71A69026003F1EC
:10AAD0002000BDE8084000F0CDB9FFF7EFFB00BF54
:10AAE00003685A004CBF43F0004323F0004318446E
:10AAF000704700BF2DE9F04751B301F1FF38174609
:10AB0000054646464FF0000A0AEB060101EBD171FB
:10AB1000491005EBC1094846FFF7E2FF88454FEAB7
:10AB2000C10410D0B84204F10800284407D8FFF748
:10AB3000D7FF0138B84208D201F1010AE4E78A459B
:10AB400006D04E1EE0E7B842F9D84846BDE8F08787
:10AB50004FF000094846BDE8F08700BF012806D045
:10AB6000022802D028B904487047044870470448B6
:10AB700070470020704700BFE1810100F1810100B2
:10AB8000E981010010B5234B84B004468A1E4BB303
:10AB900003A910460192AFF30080F0B10399019A26
:10ABA000FFF7A8FF0146C0B1FFF79AFFA0644B680A
:10ABB000012B2BD0002B01F1040025DBFFF790FFC8
:10ABC000002323650368E064002B12DBFFF788FF96
:10ABD00003460020236104B010BD00230920236137
:10ABE00004B010BD0C4B0D49C91AC9101846039189
:10ABF000D6E7C3F30360FFF7B1FF031E0CBF0920C4
:10AC00000020236104B010BD0123DAE700230520F2
:10AC1000E0E700BF00000000D42302007C26020011
:10AC20000368DA0710B5044606D49B0700F150000C
:10AC300009D500F0A1FC2368590709D51A070ED5DC
:10AC4000DB0613D510BD00F08FFC23685907F5D43F
:10AC500004F1D80000F098FC23681A07F0D404F53A
:10AC6000AC7000F099FC2368DB06EBD404F5EC70C3
:10AC7000BDE8104000F0D4BC036803B1034418469B
:10AC8000704700BF704700BF70B504460D46296C81
:10AC90002046FFF777FF064688B92A6C6261236970
:10ACA0002A462146012098470828F0D0072806D1D7
:10ACB0003046296CFFF7E6FF281D00F049FCFDF740
:10ACC000EDFB00BF2DE9F04F0C1DD0F80C90D0F833
:10ACD00018A0074615460FCCADF5777D0DF10C0C8D
:10ACE000ACE80F000FCCACE80F000FCCACE80F00C5
:10ACF00094E80F0002AE4FF0000E8CE80F00C6F88B
:10AD000000E020E0336C7B614FF4F47231467CA8A4
:10AD1000FDF732F93B697CAA3946584698478A9B29
:10AD2000B3642946CDE9006A04463B4601203A4611
:10AD3000C847054618BB4FF4F4727CA93046FDF7AE
:10AD40001BF9082C19D1316C3846FFF71BFF093568
:10AD500004465FFA85FB0028D4D0B36BB3643A464F
:10AD6000CDE9006A3B464BF010010120C84730B9DD
:10AD700020460DF5777DBDE8F08F072C05D009241E
:10AD800020460DF5777DBDE8F08F2846316CFFF742
:10AD900079FF03A800F0DCFBF0B5CB6BFBB001F151
:10ADA000040E0B640E460446BEE80F000DF1040CC1
:10ADB000ACE80F00BEE80F00ACE80F00BEE80F00E3
:10ADC000ACE80F009EE80F004FF0FF378CE80F0053
:10ADD000009706E023696A462146984708280746F7
:10ADE00008D110992046FFF7CDFE0028F2D00920A7
:10ADF0007BB0F0BD6846FFF713FF062FF7D1314651
:10AE00002046FFF741FF00BFC1608261DA6B1A6420
:10AE100019460022FFF756BF436970B50B64C66838
:10AE2000AEB903690A4604460D460146022098471A
:10AE3000072805D008280FD129462046FFF724FF10
:10AE40003046296CFFF71EFF281D00F081FB012210
:10AE5000FFF738FFFDF722FBFDF720FBC26822B1A8
:10AE6000CA6B0A640022FFF72DBFFFF795BF00BF32
:10AE7000704700BF836813B101460120184770472F
:10AE8000052915D8DFE801F00A03140303050120A2
:10AE90007047009A436C13600020704743B90F2A33
:10AEA00006D800EB8200009A4368136000207047C8
:10AEB0000220704700B585B00A46002303A900911F
:10AEC0001946FFF7DDFF039805B000BD052915D829
:10AED000DFE801F00A031403030501207047009B1B
:10AEE0001B6843640020704743B90F2A06D8009BB3
:10AEF00000EB82001B68436000207047022070470F
:10AF000000B585B00DF10C0C00230392CDF800C004
:10AF10000A461946FFF7DAFF05B000BD2DE9F041FA
:10AF2000D36BADF5107D02F1040C136406460F4699
:10AF3000BCE80F000DF15C0EAEE80F00BCE80F009E
:10AF4000AEE80F00BCE80F00AEE80F009CE80F0071
:10AF50004FF0FF388EE80F00CDF8588010E0FFF773
:10AF6000CFFF394616A8B047034616AA08206946FF
:10AF700083B9049B9847052880460DD0092809D03D
:10AF800026996846FFF7FEFD03460C216A4616A87F
:10AF9000002BE4D04FF0090816A8FFF741FE404609
:10AFA0000DF5107DBDE8F0812DE9F04F1646CA6C15
:10AFB00089B00C4652F8041B069200F0030CE3B172
:10AFC0000D0C8DF81D500904EDB2059102EB8502C0
:10AFD00002218DF81C10216DBCF1020F08BFA26B7D
:10AFE00011F001010FD005A9304600F0A7FB0028A1
:10AFF0003AD1082009B0BDE8F08F090205918DF81B
:10B000001D300321E5E7D2F80080B8F1000FEAD047
:10B0100000F00800CDE90101C2469946E046B9F1C9
:10B02000020F25D0B2F800A05788151DA36C27F099
:10B03000010B0F2130469B44FFF73CFF834515D899
:10B040002AF001035B44834294BF002001207B006F
:10B0500003F002030AF0010A43EA0A03012B0BD0B2
:10B06000022B4BD0002B41D00920C3E70020EEE794
:10B07000576802F10805D9E7B8F1000F6CD1A8B103
:10B080006B689A1CF0D004F1580701332A680497C2
:10B0900000F0C780281DFFF7EFFDD20F014604AB7B
:10B0A0002046FEF70BFD002840F0938005F10802D2
:10B0B000D2F800A0BAF1000FB1D105A9304600F0D6
:10B0C0003DFB0028D0D1029B002B92D00F213046AF
:10B0D000FFF7F0FE0E2102463046FFF711FF564AF9
:10B0E0000F213046FFF70CFF072083E7B8F1000F70
:10B0F00002D0002840F083802A1DD9E72F6827F06E
:10B10000004BB8F1000F0ED128B1019B002B3BD0B2
:10B11000BBF1000F38D0002F00DA04350BF101032A
:10B1200005EB8302C4E70D213046FFF7C3FED4F8D8
:10B1300020A08245EFD1A26A9542ECD100270422DB
:10B14000C4E90B72AA18C4F828B062632A68BA422C
:10B150006DDB01230293E1E70D213046FFF7AAFEE4
:10B16000276A8742A2D1A36A9D429FD12846FFF752
:10B17000B7FC0F2102463046FFF7C2FE22460021EF
:10B180003046FFF7BDFEAFE7CDF80C8005F1040AAD
:10B19000A046002758340CE050460494FFF76CFD9D
:10B1A0000022014604AB4046FEF788FC0AF1040A7F
:10B1B00000BB5F4507F10107EED10D213046FFF7D7
:10B1C00079FE049BC8F828500246C8E908230620E7
:10B1D00010E701900D213046FFF76CFE019A049FA5
:10B1E0002062022A04BFE76204F12C07C4E9097552
:10B1F0000620FFE644462F68DDF80C808BE72846E2
:10B20000FFF76EFC04350746A5632046FEF7AEFC4B
:10B2100000283FF429AF3A460F213046FFF770FE71
:10B2200062E70D213046FFF745FE2062DEE70BF1B5
:10B23000010205EB82009AE7997801000023FFF7ED
:10B24000B3BE00BF0123FFF7AFBE00BF0223FFF76D
:10B25000ABBE00BF2DE9F0410446C4B0052908D8B3
:10B26000DFE801F016310779A00B1144102940F2F4
:10B27000C080022044B0BDE8F081002AF9D1A36B60
:10B2800053F8042B6264A363002044B0BDE8F0814E
:10B29000002BEED1D4F838C095B24FF0010E0EFA63
:10B2A00003F12942604606D050F8041B04F1040C57
:10B2B0004CF8231084460133102BF0D19104E3D4D1
:10B2C000C4F838C0E0E7110C012B0E4692B2CCD086
:10B2D000052BCED111442029CBD80F2E40F2CA80A5
:10B2E000002AD1D0216817464A0740F12181204623
:10B2F00021F0040140F8D81B009300F049F902A89E
:10B30000804600F045F9D4F838E0009B4FF0020287
:10B310004FF0FF31102E17FB021C314638BF1021B1
:10B3200008EBC10184396246704650F8045B41F86D
:10B33000045F013A551CF8D10EF1040E012B0EEBFF
:10B340008C0200F0EC800F2EA26340F2F3804046A6
:10B3500000F01AF998E7032B8BD193B21E4603EB4A
:10B360001243102B4FEA124783D823681A0700F1C3
:10B37000AC8022AD284600F031F9A16B730066B1B4
:10B3800005EBC702013B881A013B52F800C042F8A6
:10B3900004CB5F1CF8D101EBC601A163284600F085
:10B3A000FBF871E7002B7FF464AF102A3FF661AF22
:10B3B0002368DD067FD422A8009200F03BF9D4F880
:10B3C00038E0009A22A80023012199401142F44656
:10B3D00003F1010303D05CF8041B0160E646042B73
:10B3E00000F10400F0D1C4F838E022A800F018F908
:10B3F0004AE7102E3FF43DAF2168C8070AD5204622
:10B4000021F0030140F8501BCDE9002300F0B0F813
:10B41000DDE9002322AD2846CDE9002300F0A8F89D
:10B42000009AD4F838E0002A7BD0019B00274FF027
:10B43000FF3112B201EB420205EBC601904604391E
:10B440007046013A50F804CB41F804CFB2F1FF3F07
:10B45000F7D10EF1040E0EEB880E002F3DD1012B1B
:10B460005FD00F2EC4F838E03FF60EAF284600F04C
:10B4700083F809E72068102900F0010530D865B18C
:10B4800020F00101204641F0020140F8501BCDE9B7
:10B49000002300F075F8DDE9002322AD2846CDE950
:10B4A000002300F06DF8DDE90023002ADED0D4F897
:10B4B00038E00027BBE723F01003236004F5EC70AD
:10B4C000009200F0B7F8009A75E723F008032360B4
:10B4D00004F5AC7000F082F84BE70DF1080815E7B1
:10B4E000A1F110075DB120F00102204642F00202F6
:10B4F00040F8502B009300F043F82068009B42076F
:10B500001CD4009322AD284600F03AF802A800F0BF
:10B510003FF8A26B009B9646C6F1100287E796465D
:10B5200022AD0EF10403A363284600F01DF8ABE63C
:10B530000093E4E622A800F01FF808E720F00402D8
:10B540002046009340F8D82B00F022F8DAE700BF3D
:10B5500000F1340191E838009C46A6464CF8045DA1
:10B5600090E8FF0FE54600BD90EC210B704700BF4F
:10B5700080EC210B704700BF90EC200B704700BFA0
:10B5800080EC200B704700BFD0EC200B704700BF51
:10B59000C0EC200B704700BFF0EC0201F0EC021190
:10B5A000F0EC0221F0EC0231F0EC0241F0EC02513F
:10B5B000F0EC0261F0EC0271F0EC0281F0EC02912F
:10B5C000F0EC02A1F0EC02B1F0EC02C1F0EC02D11F
:10B5D000F0EC02E1F0EC02F1704700BFE0EC020198
:10B5E000E0EC0211E0EC0221E0EC0231E0EC02417F
:10B5F000E0EC0251E0EC0261E0EC0271E0EC02816F
:10B60000E0EC0291E0EC02A1E0EC02B1E0EC02C15E
:10B61000E0EC02D1E0EC02E1E0EC02F1704700BFA7
:10B62000B0FC0181B0FC0191B0FC01A1B0FC01B102
:10B63000704700BFA0FC0181A0FC0191A0FC01A10A
:10B64000A0FC01B1704700BFEC4600B52DE90050E9
:10B650002DE9FF1F4FF000030CB401A9FFF79CFB7D
:10B66000DDF840E012B07047EC4600B52DE900501F
:10B670002DE9FF1F4FF000030CB401A9FFF7CCFB2D
:10B68000DDF840E012B07047EC4600B52DE90050FF
:10B690002DE9FF1F4FF000030CB401A9FFF7DEFBFB
:10B6A000DDF840E012B07047EC4600B52DE90050DF
:10B6B0002DE9FF1F4FF000030CB401ABFFF7A4FB13
:10B6C000DDF840E012B07047EC4600B52DE90050BF
:10B6D0002DE9FF1F4FF000030CB401AAFFF71EFC79
:10B6E000DDF840E012B07047027A03467AB9427A38
:10B6F000A2B14168013A42720868032201F1040CC8
:10B700001A720202C3F804C0000E1A607047006883
:10B71000013A1A7202021A60000E7047B020704798
:10B7200000B585B003AA0023009219460C22FFF74A
:10B73000A7FB039805B000BDFFF7F2BF2DE9F0416C
:10B74000064686B00D464FF000082846FFF7CCFFAE
:10B75000B028044600F0228107065CD500F0F00313
:10B76000A02B1AD031D8802B00F08280902B28D1CA
:10B7700000F00D030D2B24D004AF002300F00F02C6
:10B78000194600973046FFF77BFB002300970D22F8
:10B7900019463046FFF79AFBD7E7C34303F0070388
:10B7A0004FF47F621A41010702F47F624FF00003F9
:10B7B00048BF42F4804219463046FFF74BFD00284F
:10B7C000C3D0092006B0BDE8F081B02B66D0C02BF5
:10B7D0003CD1C62800F0CF80C72800F0E48000F0FC
:10B7E000F803C02B00F0F180C82800F0FC80C928C5
:10B7F000E7D12846FFF778FF020300F00F0002F4BC
:10B80000702201300243012105233046FFF722FD5B
:10B8100000289AD0D5E78300DBB20433039304AF4A
:10B820000023194600970D223046FFF729FBDDE97A
:10B83000033260064CBFD21A9A1800230492009774
:10B840000D2219463046FFF741FB7EE700F0F80372
:10B85000D02BB6D100F007020132052342F40022BA
:10B8600001213046FFF7F6FC00283FF46EAFA8E751
:10B870002846FFF739FF40EA0420B0F5004FA0D07A
:10B8800004010023A2B219463046FFF7E3FC00286A
:10B8900097D1C4F3C03048EA000856E7A0F1B103DD
:10B8A000042B00F2BC80DFE803F05429160C0300DF
:10B8B00005AA0023009219460D223046FFF7E0FA50
:10B8C00043E700231A4605213046FFF7C3FC002852
:10B8D0003FF43BAF75E72846FFF706FF020300F091
:10B8E0000F00013002F47022012302431946304652
:10B8F000FFF7B0FC00283FF428AF62E7002304AF55
:10B900000D22194600973046FFF7BAFA2846FFF78E
:10B91000EBFE0206049C4FF002030DD500F07F0001
:10B92000984004440733284603930494FFF7DCFE51
:10B9300010F0800F039BF1D1984004F5017420446E
:10B940000023049000970D2219463046FFF7BEFAF7
:10B95000FBE62846FFF7C8FE431EDBB20E2B3FF680
:10B9600030AF0023024619463046FFF773FC00282B
:10B970003FF4EBAE25E72846FFF7B6FE020300F0E2
:10B980000F00013002F470220323024319463046AF
:10B99000FFF760FC00283FF4D8AE12E7B8F1000FC3
:10B9A0002DD000200EE72846FFF79EFE431EDBB297
:10B9B0000E2B3FF606AF0246002304213046FFF768
:10B9C00049FC00283FF4C1AEFBE600F00F02013253
:10B9D000032342F4202219463046FFF73BFC00289F
:10B9E0003FF4B3AEEDE62846FFF77EFE00F0F0022E
:10B9F00000F00F031032013343EA023203E704ACD4
:10BA00004346414600940E223046FFF739FA0F2292
:10BA10000094434641463046FFF758FAC1E700F02C
:10BA2000FC03B42B3FF4CDAE00F00702013201233A
:10BA300042F4002219463046FFF70CFC00283FF480
:10BA400084AEBEE600B5C26C536885B04FEA032EE3
:10BA50004FF0030C08321B0E084601A9CDF804E094
:10BA600002928DF80CC08DF80D30FFF767FE05B01F
:10BA700000BD00BF08B5FFF75FFE806C08BD00BFCA
:10BA800008B5FFF759FEC06CC37900EB830008309E
:10BA900008BD00BF08B5FCF701FD08B5FFF7FAFFC8
:10BAA000DFF80CC00A460146DCF8000000F002B8DE
:10BAB0008C57002010B5A1FB021482B074BB00F0BB
:10BAC00091F8034670B350F8042C22F00302043AB4
:10BAD000242A10D8132A16D91B2AC0E900441AD9DF
:10BAE000242AC0E902440ABFC0E9044400F110015D
:10BAF00000F1180108E02146019001F07DF9019B59
:10BB0000184602B010BD014600221846C1E90022C5
:10BB10008A6002B010BD00F10801F5E701F00EFDEA
:10BB20000C2303600023184602B010BD00B5044B7F
:10BB300083B0014601AA186800F004F803B000BD04
:10BB40008C5700202DE9F0431D4F83B080460E46F0
:10BB5000914601F0B1FF3D684DB133781C4673B199
:10BB6000344602E014F8013F43B13D2BFAD1404680
:10BB700001F0A8FF002003B0BDE8F083A41B2868F3
:10BB80000028F4D02246314601F0E2F920B92B68B2
:10BB90001A5D3D2A234404D055F8040F0028F1D142
:10BBA000E5E73A680193AA1A92104046C9F80020C6
:10BBB00001F088FF019B581C03B0BDE8F08300BF73
:10BBC000A4570020024B0146186800F00BB800BFD4
:10BBD0008C570020024B0146186801F0CFBF00BF10
:10BBE0008C5700202DE9F04F01F10B02162A85B089
:10BBF000804624D8102900F2AB8000F0C9FA022553
:10BC000018211022B74C2144A1F108004E68864249
:10BC100000F062817268F168B46822F00302324475
:10BC2000E1608C60516841F001014046516000F0D4
:10BC3000B5FA06F10804204605B0BDE8F08F32F0F1
:10BC4000070200F18580914200F28280019200F0AB
:10BC50009FFA019AB2F5FC7FC0F0BA81570A7FD0F3
:10BC6000042F00F27281970907F139052BB207F111
:10BC7000380CDB009B4C2344A3F108065B689E4212
:10BC800007D10DE00028DF6880F21381BE4207D0A3
:10BC90003B46596821F00301881A0F28F2DD6546FA
:10BCA000236991498B4200F0F1805E6826F003061B
:10BCB000B11A0F2900F391818B480029C4E90400CF
:10BCC00080F27981B6F5007F676880F01981F1080C
:10BCD00001310FFA81FC76090121B14054F83C0092
:10BCE00098600F4304EBCC010839D960676044F8D1
:10BCF0003C30C360AB1001269E40BE4236D83E4267
:10BD000006D125F0030576003E4205F10405FAD080
:10BD100004EBC50A04EBC507A946F9680EE04868BC
:10BD200020F0030EAEEB020CBCF10F0F0B46C968FE
:10BD300000F31881BCF1000F80F22D818F42EED10B
:10BD400009F1010919F0030F07F10807E5D17FE1B7
:10BD50000C23C8F800300024204605B0BDE8F08F61
:10BD60004FF4007340254FF03F0C83E7A7687968D4
:10BD700021F0030393429A4603D3991A0F2900F343
:10BD800087805A495A4E0968103111440820CDE97C
:10BD9000011201F007FC01994B1E03444542834602
:10BDA00030681D40B0F1FF3F18BF29464046019161
:10BDB00001F09CFB411C0546DDE9011200F02B81DE
:10BDC00007EB0A0C844500F224814A4B186800EB0B
:10BDD00001090BF1FF3EC3F8009000F08981306843
:10BDE00001301BBFA5EB0C0C09EB0C003560186093
:10BDF00015F00700814600F04881C0F108000544B5
:10BE0000CDE901236B1803EA0E015844401A00EAF9
:10BE10000E06314640469B4601F068FB421CDDE9B8
:10BE2000012300F09581401B304440F00101186867
:10BE3000A56000EB0609A7426960C3F8009017D01F
:10BE4000BAF10F0F40F25E81AAF10C0121F0070C4C
:10BE5000796801F0010141EA0C017960052607EBE0
:10BE60000C01BCF10F0FC1E9016600F26381696842
:10BE7000214B1E684E4538BFC3F800901F4B1E680B
:10BE80004E4501D2C3F800902F46C6E0676831E7FF
:10BE9000BD1841F0010142F001027A604046A56000
:10BEA000696000F07BF907F10804204605B0BDE8A1
:10BEB000F08F9A6801931944D760BA604A6842F0DB
:10BEC000010240464A6000F069F9019B03F1080451
:10BED000204605B0BDE8F08FCE68B1427FF49AAE3F
:10BEE0000235DDE6704E0020784E002050700020B4
:10BEF0007857002020700020487000204C700020EF
:10BF0000B6F5206F4FEA56207CD3142800F2D38078
:10BF100000F15C0109B25B30C90004EB010C61580F
:10BF2000ACF1080C8C4503D1A8E089688C4504D09D
:10BF3000486820F00300B042F7D8D1F80CC0C3E93C
:10BF4000021CCCF80830CB60D4E6142F72D9542FE1
:10BF500000F2BA80170B07F16F052BB207F16E0CD8
:10BF6000DB0087E69D1842F001025A609E68864A0F
:10BF7000F1608E60C4E90455C5E902224CF001026B
:10BF80006A60404643F80EC0019300F007F9019B38
:10BF900003F10804E0E69E441C46DEF8043043F05A
:10BFA0000103CEF8043054F8083F4046D9608B6056
:10BFB00000F0F4F8D0E61E4440467268019342F067
:10BFC0000102726000F0EAF8019B03F10804C3E685
:10BFD000D508691C09B2C90014E69D1842F0010297
:10BFE0005A60694A0193C4E90455C5E9022241F047
:10BFF00001026A604046995100F0D0F8019B03F1BC
:10C000000804A9E6B00900F1390109B23830C900C5
:10C0100083E7A74263D0A768796821F003009042C4
:10C02000A0EB020102D30F293FF732AF404600F0E8
:10C03000B5F890E607F15C052BB207F15B0CDB006D
:10C0400018E6514651F808398B428A4640F09A80EA
:10C0500015F0030F05F1FF35F3D1636823EA0603FA
:10C06000636076009E423FF681AE1EB97EE67600A2
:10C0700009F104091E42FAD04D4649E68010012616
:10C0800006FA00F00743676059E7CDE902236B1811
:10C0900003EA0E01ABEB010606EA0E063146404606
:10C0A000019301F023FA431C019B04BF4E4618463E
:10C0B000DDE90223B7E6542827D8300B00F16F01E1
:10C0C00009B26E30C90028E7B7F5AA7F27D8D70B89
:10C0D00007F178052BB207F1770CDB00CAE52B4B93
:10C0E000186800EB01090BF1FF3EC3F8009076E6FB
:10C0F00015EA0E0F7FF473AEA568514441F00101BB
:10C100006960B5E601236B6090E7B0F5AA7F25D89A
:10C11000F00B00F1780109B27730C900FDE640F27A
:10C1200054539F4224D8930C03F17D0503F17C0CFA
:10C13000EB009FE507F108014046CDE9012301F03E
:10C140001DFDA568029B6968D3F80090019A8FE6EF
:10C15000A9F108010BEB0100002664E640F25451FE
:10C1600088420BD8B00C00F17D01C9007C30D4E6C8
:10C170004FF47E737F254FF07E0C7BE54FF47E718C
:10C180007E20CAE663686CE7784E002020700020AD
:10C19000014801F003BA00BF18700020014801F007
:10C1A000FFB900BF18700020DFF80CC00A46014636
:10C1B000DCF8000000F002B88C570020002900F0E5
:10C1C0009F802DE9F04383B00C4600928046FFF734
:10C1D000DFFF009901F10B03162B60D81023994261
:10C1E00060D854F804EC2EF003029A42A4F108053A
:10C1F00065DAB348806805EB020C6045DCF8046042
:10C2000000F0908026F0010060444068C0076CD4C4
:10C2100026F00306901983424CDD1EF0010F0FD16A
:10C2200054F8080C281A0746406820F0030006441A
:10C230001644B34240F3EF801618B34240F3C9806E
:10C240004046CDE90023FFF7CDFCDDE9002306469B
:10C25000002800F0178154F8041C21F00101294442
:10C26000A0F1080C614500F0AE80043A242A00F2E7
:10C27000CE80132A00F29C80034622461168196082
:10C280005168596092689A602146404601F076FCF8
:10C290004046FFF783FF304603B0BDE8F08333F03C
:10C2A00007039CD50C23C8F800300026304603B0A5
:10C2B000BDE8F0830246DCE90201C160886069687C
:10C2C000D01A0F2801F0010105EB02061BD811431B
:10C2D0006960736843F0010373604046FFF75EFFD7
:10C2E0002646304603B0BDE8F0831EF0010FA7D10B
:10C2F00054F8080C281A0746406820F003009BE712
:10C300001146FFF76FBC19436960E91840F001005E
:10C310004860736843F0010308317360404601F0E0
:10C320002DFCDAE726F00306B01803F1100C604587
:10C3300080F28B801EF0010F82D154F8080C281A6D
:10C340000746406820F0030006441644B445B14651
:10C350003FF772AF3E46F96856F8080F043A242AB0
:10C36000C160886000F2A580132A40F2A080216895
:10C37000B9606168F9601B2A00F2A480083407F1F3
:10C3800010022168116061685160A1689160F9181C
:10C39000A9EB03024A4D42F00102A9604A607A68A3
:10C3A00002F00102134340467B60FFF7F7FE98E777
:10C3B00023680360636843601B2A3BD804F10802CA
:10C3C00000F108035AE750F8041C21F003010A4465
:10C3D00075E7043A3D46F96855F8080F242AC1600C
:10C3E000886020D8132A1CD92168B9606168F96077
:10C3F0001B2A3DD8083407F11002216811606168DA
:10C400005160A16891602C4632463D4657E721466F
:10C4100000F060FC38E7DCE90201043AC1608860A2
:10C42000D8E72A46E9E721462846009300F052FC67
:10C43000009BE8E7A3688360E368C360242A25D0F3
:10C4400004F1100200F1100318E71D4A1D44956025
:10C45000C21A42F001026A6054F8042C02F0010290
:10C460001343404644F8043CFFF798FE264638E75D
:10C47000A1683961E1687961242A10D0103407F18C
:10C480001802BAE74046FFF789FE0EE72369036109
:10C490006169416104F1180200F11803EEE62269B6
:10C4A000BA616269FA61183407F12002A5E73246E1
:10C4B00067E721463046009300F00CFC009B66E7DE
:10C4C000704E0020A1683961E1687961242A03D0A7
:10C4D000103407F1180254E72269BA616269FA61FF
:10C4E000183407F120024CE72DE9F0471D464A4B6E
:10C4F00016460C4682460A46114612F801EB13F81E
:10C500000EC01CF0080CF7D1BEF12D0F5AD0BEF1B1
:10C510002B0F03BF92F800E063468A1C634645B9BF
:10C52000BEF1300F5CD00A253C4F4FF00509A846FC
:10C530000AE0102D4BD04FF0FF37B7FBF5F705FBA6
:10C5400007F96FEA0909A8460021084605E02CD042
:10C5500008FB00C0012112F801EBAEF1300CBCF178
:10C56000090F06D9AEF1410CBCF1190F0BD8AEF191
:10C57000370C654510DDB1F1FF3FECD0B842E6D98C
:10C580004FF0FF31E7E7AEF1610CBCF1190F03D8B2
:10C59000AEF1570C6545EEDC4D1C0BD003B14042AB
:10C5A0000EB169B93460BDE8F087CC45D0DD4FF0FD
:10C5B000FF31D0E72223CAF800300846002EF2D01F
:10C5C000541EEFE792F800E001238A1CA7E7BEF1B2
:10C5D000300F11D04FF00F096FF07047A846B3E746
:10C5E000117801F0DF0158290BD008254FF0070919
:10C5F0006FF06047A846A7E7117801F0DF015829DE
:10C60000E8D14FF0100892F801E04FF00F09023224
:10C610006FF07047454697E785470020999999192B
:10C6200000B5DFF818E084461346DEF800005DF838
:10C6300004EB0A466146FFF757BF00BF8C57002046
:10C6400013460A460146022001F0F4B9B1F90C2064
:10C650002DE9F041804610070C4650D4496842F459
:10C6600000630029A38164DDA66A002E44D0002166
:10C6700012F48052D8F80050C8F8001065D1E16972
:10C6800001234046B047411C02466CD0B4F90C303F
:10C69000A66A5B0705D56368D21A236B0BB1E36BFF
:10C6A000D21A0023E1694046B047471CB4F90C3068
:10C6B0004DD1D8F800101D2940D8304ACA40D607BD
:10C6C0003CD52269226023F40062A281D9044FF094
:10C6D0000002626003D5D8F80030002B41D0216BF6
:10C6E000C8F8005041B104F14003994202D04046DD
:10C6F00001F044FA002323630020BDE8F0810E69B5
:10C70000002EF9D00D680E6092070CBF4B69002314
:10C71000AD1B8B600AE02B463246E169676A4046F2
:10C72000B8470028A5EB0005064406DD002DF2DC25
:10C73000E2E7E16B002997DCDEE7A38943F04003E1
:10C74000A3814FF0FF30BDE8F081226DA1E722699F
:10C75000226023F40062A281DB044FF000026260D9
:10C76000BDD52065BBE7D8F80030002B8ED01D2B3F
:10C7700001D0162BE1D1C8F80050BDE701004020E0
:10C7800000B5034683B008B1426B52B3B1F90C0057
:10C7900098B14A6ED20701D4820512D5184600918D
:10C7A000FFF754FF00994A6E0346D00702D48A89E6
:10C7B00092050ED5184603B000BD0346184603B0D7
:10C7C00000BD886D0193009100F0E8FEDDE90013E3
:10C7D000E4E7886D009300F0E3FE009B184603B089
:10C7E00000BDCDE9000100F0EFF8DDE90031CDE753
:10C7F000002838D000B51E4B1B6883B001460BB132
:10C800005A6BD2B1B1F90C0098B14A6ED20701D47B
:10C8100082051AD518460091FFF718FF00994A6E55
:10C820000346D00702D48A89920516D5184603B06C
:10C8300000BD0346184603B000BD019018460093A2
:10C8400000F0C2F8DDE90031DCE7886D019300916A
:10C8500000F0A4FEDDE90013DCE7886D009300F032
:10C860009FFE009BE2E7034A0349044800F0D6B864
:10C870008C57002080570020259701007852002017
:10C88000024A0349034800F0C9B800BF805700209E
:10C8900031F80100785200200C4B4168994210B5E4
:10C8A000044601D005F0F2FFA168094B994202D07D
:10C8B000204605F0EBFFE168064B994204D0204684
:10C8C000BDE8104005F0E2BF10BD00BF547000206D
:10C8D000BC700020247100202DE9F843314A324C0D
:10C8E0003249DFF8DC90DFF8DC80314F1160002541
:10C8F00004232946082204F15C00C4E903352D4EC7
:10C90000A560C4E90055C4E90555656600F074FAF0
:10C9100004F15800C4E90749C4E90987E66200F058
:10C9200039FE2946244B6367082204F1C400C4E998
:10C930001A55C4E91E552567C4F8CC50C4F8805078
:10C9400000F05AFA04F1680304F1C000C4F884301E
:10C95000C4E92298C4E9247600F01CFE174BC4F801
:10C96000DC30294604F596700822C4E93455C4E940
:10C970003855C4F8D850C4F83451C4F8E85000F021
:10C980003BFA04F1D003C4E93D87C4F8F09004F504
:10C990009470C4F8FC60C4F8EC30BDE8F84300F0D3
:10C9A000F9BD00BF8C710020547000202598010053
:10C9B000F19A0100159B010009000100120002001C
:10C9C0008D9A0100B19A010010B504460A4800F0A2
:10C9D000E5FD636B23B9094B094A1B68626323B108
:10C9E000BDE81040044800F0DBBDFFF775FFBDE86F
:10C9F0001040014800F0D4BD1C7000208C71002054
:10CA00003D980100014800F0C9BD00BF1C70002026
:10CA1000014800F0C5BD00BF1C7000202DE9F8439F
:10CA20000746884616464FF000097568013D11D447
:10CA3000B468A389012B08D9B4F90E30013321461B
:10CA4000384602D0C04749EA0009013D6B1C04F199
:10CA50006804EED13668002EE7D14846BDE8F88379
:10CA60000FB400B5074983B004AB086853F8042B32
:10CA70008168019303F0CAFD03B05DF804EB04B0D4
:10CA8000704700BF8C5700200CB430B5144B0D1EFE
:10CA90001C689DB01FDB14BF01220022AA1A114B93
:10CAA0000593002121AB1B910290069004920792FE
:10CAB00002A9209A0193204601F084FD431CBCBFCB
:10CAC0008B23236015B1029B00221A701DB0BDE8B4
:10CAD000304002B070478B2323604FF0FF30F5E702
:10CAE0008C5700200802FFFF10B50C46B1F90E105C
:10CAF00000F0E6FC002803DB236D0344236510BD32
:10CB0000A38923F48053A38110BD00BF2DE9F04118
:10CB10001F46B1F90C301646DA050C4605460BD413
:10CB200023F48053A381B4F90E103B4632462846C5
:10CB3000BDE8F04100F0ECBC0223B1F90E10002278
:10CB400000F0A8FCB4F90C30EAE700BF10B50C46C1
:10CB5000B1F90E1000F09EFCB4F90C30421C0EBF6F
:10CB600023F4805343F480532065A38110BD00BF9C
:10CB7000B1F90E1000F07CBC70B5ADF5067D0E4627
:10CB8000009313464FF40072059206A905AA0546C4
:10CB900000F028F898B10246059B039031462846DC
:10CBA00000F0B6FC039A059006AB9A4204D02846E2
:10CBB000114600F0E3FF05980DF5067D70BD4FF0BE
:10CBC000FF30F9E700B5DFF818E084461346DEF8D9
:10CBD00000005DF804EB0A466146FFF7CDBF00BFD9
:10CBE0008C57002010B59AB021B1D2F800C0BCF12A
:10CBF000000F1CD100214FF4227CADF80CC019911C
:10CC0000009104914FF6FF7C02910591144669460C
:10CC10001A461C9BADF80EC001F0D4FC002814DBB2
:10CC2000009B206000221A7004981AB010BD009179
:10CC3000049161464FF4C16CADF80CC04FF0000C8C
:10CC4000CDF864C0DEDA8B23036000201AB010BD7B
:10CC5000032A11D8002A3BD0013A431E013902446D
:10CC600001E09A4234D013F8010F11F801CF60456A
:10CC7000F7D0A0EB0C00704710B541EA0004A40700
:10CC800084460B460FD0013A431E0139024401E0AD
:10CC90009A421BD013F8010F11F801CF6045F7D06D
:10CCA000A0EB0C0010BDDCF80040D3F800E07445A8
:10CCB0001946604603F104030CF1040CE3D1043A75
:10CCC000032AF0D860461946002ADCD1002010BDA6
:10CCD00000207047884270B531D98B1883422ED915
:10CCE000032A00EB02011DD941EA030C1CF0030FDB
:10CCF0001D4618D14FEA920C0CF1FF36A1EB8C04C3
:10CD00008C4653F804ED4CF804EDA445F9D1C6EB7C
:10CD1000867301EB830105EB830CACF1040304394A
:10CD200002F0030252B102F1FF3C6FEA0C0C9C448A
:10CD300013F8012D01F8012D6345F9D170BD032AC7
:10CD400050D941EA00039B074ED10F2A51D922F056
:10CD50000F0301F1100601F1100C103B203100F11E
:10CD6000100E19445CF8104C4EF8104C5CF80C4C4A
:10CD70004EF80C4C5CF8084C4EF8084C5CF8044C2F
:10CD80004EF8044C0CF1100C8C450EF1100EE9D14C
:10CD9000F11812F00C0F034402F00F0503F1100319
:10CDA00025D025F0030CACF1040426461A1F1C19EB
:10CDB0008C465CF804EB42F804EFA242F9D104314E
:10CDC00004333144334405F00302002AB6D0013A5B
:10CDD0000132013B0A4411F801CB03F801CF914223
:10CDE000F9D170BD0346F0E7013A0346F0E72A4661
:10CDF000EBE703461546D4E730B58407864603467D
:10CE000006D0A2B303F8011B980702F1FF32F8D154
:10CE1000032A26D95FFA81FC0CEB0C2C0F2A0CEBB1
:10CE20000C402AD922F00F0C9C44C3E90000C3E94E
:10CE3000020010336345F8D112F00C0F02F00F041A
:10CE400017D04FEA940C0CF1FF351A4603EB8C0C0B
:10CE500042F8040B6245FBD1043304F0030203EBF8
:10CE6000850322B11A4403F8011B9A42FBD1704694
:10CE700030BD2246002AF5D1F9E71446E1E700BFAC
:10CE800011F0FF01034600F003023AD092BB0268A2
:10CE900001EB012303EB034383EA020C10B51C46AC
:10CEA000A2F1013323EA0203ACF1013222EA0C02BF
:10CEB000134313F0803F0FD150F804CF8CEA040ED7
:10CEC000ACF10133AEF1013223EA0C0322EA0E0287
:10CED000134313F0803FEFD0037823B936E010F806
:10CEE000013F002B32D09942F9D110BD8A4228D09F
:10CEF0009A0729D01A7818460133002AF6D110462D
:10CF00007047CAB90268A2F1013323EA020313F0A1
:10CF1000803F08D150F8042FA2F1013323EA020325
:10CF200013F0803FF6D003785BB110F8013F002B7F
:10CF3000FBD17047990705D01A7818460133002AAB
:10CF4000F8D170471846DDE71846A0E7184610BD2F
:10CF50008AB340EA01039B0730B504468E4618D1D8
:10CF6000032A07D815E0043A23D01CF0803F20D1D3
:10CF7000032A26D92368DEF80050A3F10131AB4221
:10CF800021EA030C2046714604F104040EF1040E5C
:10CF9000E9D003780C78A3420FD1013A024406E0AD
:10CFA0006BB110F8013F11F8014FA34205D1904237
:10CFB000F6D1002030BD10467047181B30BD184612
:10CFC00030BD20467146E4E710B5044608438307A8
:10CFD00001D1032A19D8A44601F1FF3E07E01EF84B
:10CFE000011F03F8011B501E31B19C4602466346E7
:10CFF000002AF4D1204610BD94440028FAD003F84A
:10D00000011B6345FBD1204610BD0B46A4461868A2
:10D010001946A0F1013323EA000313F0803F01F128
:10D020000403D9D1043A032A4CF8040BEFD819466B
:10D03000D2E700BF01292DE9F04115465BD94FF039
:10D040000108C64600224FF0FF34434608E0A3EB38
:10D0500004081A464FF0010E02EB0E03994210D954
:10D0600000EB040CC75C1CF80E60B742EFD332D063
:10D070004FF001081446C646424402EB0E039942A3
:10D08000EED80127C5F80080BE4600224FF0FF36DB
:10D090003B4607E09F1B1A464FF0010E02EB0E03C2
:10D0A000994210D900EB060C10F803801CF80EC052
:10D0B000E045EFD817D001271646BE463A4402EBAA
:10D0C0000E039942EED80136601C864201D32F60D0
:10D0D0003046BDE8F081C6450ABF72440EF1010E2C
:10D0E0004FF0010EB8E7BE450ABF72440EF1010EC3
:10D0F0004FF0010ED2E701270026E8E72DE9F04FB7
:10D100009346ADF21C4D0746894605AA1946584676
:10D110001C46FFF78FFF05AB82460DF2144143F822
:10D12000044F8B42FBD16CB1601E58440BF1FF32AF
:10D1300012F8011FA31A013B06AE5B44824246F877
:10D140002130F5D1059B029352460BEB0301584663
:10D15000FFF77EFD002878D144F400638046054641
:10D16000A9EB04010393661EA94213D307EB050E36
:10D1700006AA1EF8063052F82330D3B1B8F1000FDA
:10D1800003D0029A9A4288BFA31A1D44A9424FF0C5
:10D190000008EBD2039907EB090005F0C3FD8144B9
:10D1A000A9EB0401A942E1D200200DF21C4DBDE81B
:10D1B000F08FD045434638BF5346B3421BD20BF1E4
:10D1C000FF3018440EEB0302019502E00133B34235
:10D1D00010D0157810F801CFAC4502F10102F5D05E
:10D1E0009E42019D07D9CAF101022A44D5184FF089
:10D1F0000008B9E7019DD04580F0888007EB0A025E
:10D200002A440AF1FF330BEB0A00019502E098452E
:10D2100011D0013B10F801CD12F8015DAC45F6D0FC
:10D22000019D013308F10108984509D8029B1D446E
:10D23000A4EB030898E708F101089845019DF5D98A
:10D2400070460DF21C4DBDE8F08FA4EB0A03534568
:10D2500038BF534601330293661E44F40063002531
:10D26000A9EB0401019307EB0608A94208D318F8BB
:10D27000052006AB53F822309BB11D44A942F6D2DB
:10D28000019907EB090005F04DFD8144A9EB04016C
:10D29000A94289D318F8052006AB53F82230002B99
:10D2A000EBD1564519D90BF1FF3007EB0A03504477
:10D2B0002B44524602E0013296420ED093F800C051
:10D2C00010F801EFE64503F10103F4D0964204D9CA
:10D2D000CAF101032B449D18C7E7BAF1000F10D023
:10D2E00007EB0A0028440BEB0A0201E05A4508D07C
:10D2F00010F801CD12F801EDE645F7D0029B1D4470
:10D30000BCE778190DF21C4DBDE8F08F534689E754
:10D310002DE9F0410D7890B00446002D48D04A78B0
:10D32000002A68D08B78002B46D0C878002877D0A8
:10D330000B79002B65D008460E4600F00FFB054622
:10D3400040F40071204605F0EDFC854242D8FE2DE8
:10D350007FD8401B27184022691C6846FFF74CFD08
:10D360005DB1721EA81812F8013F03F03F036B4431
:10D37000B11A294490421970F5D1013C635D03F064
:10D380003F036B441B781C44A74203D227E044446C
:10D39000A74224D314F805C00CF03F0CEC442A46F5
:10D3A000314620469CF80080FFF752FC0028EED161
:10D3B000204610B0BDE8F081007842EA054238B15D
:10D3C00040EA03439A4214F8010FF8D1023CEFE718
:10D3D0009A42FBD00024204610B0BDE8F0817B5D6E
:10D3E0007819002BF6D04FF4006105F09BFC074440
:10D3F000A742C2D2EEE7294610B0BDE8F041FFF7E0
:10D400003FBD2278002AE5D0096809BA42EA032321
:10D41000204614F8012FB2B19942F7D1C41EC7E7D4
:10D42000120442EA0562217842EA0323024641EAF5
:10D43000020059B1B3EB002F14F8011F4FEA00228C
:10D44000F5D1033CB4E79942C4D1E7E79342C1D197
:10D45000F7E701462B463246204610B0BDE8F041C2
:10D46000FFF74CBE014B93F8100270472455002083
:10D4700038B5074C0023054608462360FAF7FCFF41
:10D48000431C00D038BD2368002BFBD02B6038BD77
:10D490007477002038B58C46084C114605461A466C
:10D4A000604600232360FAF7F3FF431C00D038BD29
:10D4B0002368002BFBD02B6038BD00BF74770020A1
:10D4C00038B58C46084C114605461A46604600237E
:10D4D0002360FAF7CFFF431C00D038BD2368002B30
:10D4E000FBD02B6038BD00BF7477002038B5074CE7
:10D4F0000023054608462360FAF7A4FF431C00D02A
:10D5000038BD2368002BFBD02B6038BD747700201A
:10D5100038B58C46084C114605461A46604600232D
:10D520002360FAF743FA431C00D038BD2368002B70
:10D53000FBD02B6038BD00BF74770020014B18680A
:10D54000704700BF8C57002070B50E4E0E4DAE4296
:10D5500008D0761BB610002455F8043B01349847D8
:10D56000A642F9D8094E0A4D07F048FFAE4208D04E
:10D57000761BB610002455F8043B01349847A642A8
:10D58000F9D870BD182F0060182F0060542F00606C
:10D59000182F0060704700BF704700BF704700BF82
:10D5A000704700BF082802D14FF48050704708B57B
:10D5B000FFF7C4FF162303604FF0FF3008BD00BF24
:10D5C000000000000000000000000000000000005B
:10D5D00000000000000000000000000002780B784E
:10D5E000012A28BF9A4240F0D8806DE9044540EAFC
:10D5F0000104CDE902676FF0000C4FEA44721AB3E0
:10D6000080EA010414F0070F6BD100F0070420F04A
:10D61000070004F0030521F007014FEAC505F0E813
:10D62000042314F0040FF1E804670CFA05F462EA2D
:10D63000040266EA04060BD063EA0403624667EA62
:10D640000407664604E000BFF0E80423F1E804673D
:10D6500082FA4CF582EA0604A4FA8CF46CBB83FAD5
:10D660004CF583EA0705A5FA8CF595B950E9022334
:10D6700051E9026782FA4CF582EA0604A4FA8CF4B6
:10D6800083FA4CF583EA0705A5FA8CF52543DBD030
:10D690009CB92DBAB5FA85F424F0070427FA04F1F1
:10D6A000DDE9026723FA04F303F0FF0001F0FF0154
:10D6B000FDE80445A0EB0100704724BAB4FA84F4F5
:10D6C00024F0070426FA04F1DDE9026722FA04F2E5
:10D6D00002F0FF0001F0FF01FDE80445A0EB0100AE
:10D6E000704714F0030F3CD110F0030428D150F818
:10D6F000082B51F8083B82FA4CF582EA0305A5FA9B
:10D700008CF55DB950F8042C51F8043C82FA4CF5C4
:10D7100082EA0305A5FA8CF5002DE8D02DBAB5FAFA
:10D7200085F424F0070423FA04F122FA04F202F04B
:10D73000FF0001F0FF01FDE80445A0EB0100704788
:10D740004FEAC40420F0030050F8082B21F0030135
:10D7500051F8083B0CFA04F462EA040263EA040399
:10D76000C9E710F003041DD0A1EB040120F0030071
:10D77000E40750F8042B06D012D28B785FFAA2F49B
:10D78000E41A06D12BB1CB785FFAB2F4E41A00D1D7
:10D7900033B920465DF8104B7047A2EB0300704789
:10D7A00001F1040150F8042BCC0721F0030151F8DA
:10D7B000043B48D824D222F07F4482FA4CF594EA04
:10D7C0001325A5FA8CF50AD165B951F8043B84EA12
:10D7D0000204B4EB036F0ED150F8042BEBE74FEAD1
:10D7E000132355E035F07F454DD10878FDE8044519
:10D7F000C0F1000070474FEA126203F0FF0347E0F8
:10D8000002EA1C4482FA4CF594EA1345A5FA8CF519
:10D810000AD165B951F8043B84EA0204B4EB034F22
:10D820000CD150F8042BEBE74FEA134330E015EA34
:10D830001C4528D10B884FEA124229E04FEA1242D8
:10D8400003EA1C4324E002F0FF0482FA4CF594EA58
:10D850001365A5FA8CF50AD165B951F8043B84EA41
:10D860000204B4EB032F09D150F8042BEBE74FEA85
:10D8700013630DE015F0FF0F05D10B684FEA12227C
:10D8800023F07F4304E04FF00000FDE804457047BB
:10D8900012BA1BBA82FA4CF482EA0304A4FA8CF599
:10D8A000B5FA85F402FA04F203FA04F34FEA1260BF
:10D8B000FDE80445A0EB1360704700BF01F0FF01D5
:10D8C000102A2BDB10F0070F08D010F8013B013AAB
:10D8D0008B422DD010F0070F42B3F6D1F0B441EADD
:10D8E000012141EA014122F007047FF000070023F3
:10D8F000F0E80256083C85EA010586EA010685FA49
:10D9000047F5A3FA87F586FA47F6A5FA87F68EB9A2
:10D91000EED1F0BC01F0FF0102F0070232B110F8C5
:10D92000013B013A83EA010313B1F8D100207047AB
:10D9300001387047002D06BF35460338073815F00B
:10D94000010F07D1013015F4807F02BF013015F4BB
:10D95000C03F0130F0BC0138704700BF30B490F8D0
:10D9600000F020F007016FF0000C10F0070491F8B0
:10D9700020F040F048804FF000046FF00700D1E93C
:10D98000002391F840F000F1080082FA4CF2A4FA6A
:10D990008CF283FA4CF3A2FA8CF34BBBD1E902234D
:10D9A00082FA4CF200F10800A4FA8CF283FA4CF3EC
:10D9B000A2FA8CF3E3B9D1E9042382FA4CF200F124
:10D9C0000800A4FA8CF283FA4CF3A2FA8CF37BB928
:10D9D000D1E9062301F1200182FA4CF200F108009E
:10D9E000A4FA8CF283FA4CF3A2FA8CF3002BC6D083
:10D9F000002A04BF04301A4612BAB2FA82F200EBCF
:10DA0000D20030BC7047D1E9002304F00305C4F113
:10DA100000004FEAC50514F0040F91F840F00CFA2D
:10DA200005F562EA05021CBF63EA050362464FF092
:10DA30000004AAE7F0B51D4C83B0054620680191AB
:10DA400016461F46FFF7AAFD194A0199136823B32A
:10DA50005A6820681F2A23DC4DB9541C02325C60CE
:10DA600043F82210FFF79CFD002003B0F0BD03EB4C
:10DA7000820E0124CEF88860D3F88861944046EA8B
:10DA8000040C022DC3F888C1CEF80871E5D1D3F893
:10DA90008C512543C3F88C51DFE7064B1360D7E761
:10DAA000FFF77EFD4FF0FF30DFE700BF1855002085
:10DAB0007C6E0020806E00200148FFF76FBD00BF24
:10DAC000147000200148FFF76BBD00BF14700020E8
:10DAD000F8B5064608200C46FFF764FD07463046B9
:10DAE000FEF756FB224A93685D6825F00305A5F111
:10DAF00011031C1B3C44B4FBF7F4013C07FB04F48A
:10DB0000A74208DC00213046FFF7F0FC184A936872
:10DB10002B44984204D03046FEF740FB0020F8BD6D
:10DB200061423046FFF7E2FC0130114A0DD0114945
:10DB300093682D1B45F001055D600B6830461B1B8B
:10DB40000B60FEF72BFB0120F8BD00213046FFF7EC
:10DB5000CDFC074A9268831A0F2BDCDD43F00103EA
:10DB60005360054B03491B68C01A0860D3E700BF28
:10DB7000704E00202070002078570020002965D0CA
:10DB80002DE9F0410C460746FEF702FB54F804EC81
:10DB90007D49A4F1080C2EF001030CEB03028D6803
:10DBA0005068954220F003000EF0010600F08B80D3
:10DBB000151850606D6805F00105A846AEBB54F815
:10DBC000084CACEB040C2344DCF8084001F1080ECF
:10DBD00074456BD0DCF80C50E560AC60B8F1000F18
:10DBE00000F08C8043F00100CCF804001360B3F522
:10DBF000007F35D2DA0848685C090132012312B28D
:10DC0000A34003434B6051F83200CCF8080001EB0D
:10DC1000C203083BCCF80C3041F832C0C0F80CC04D
:10DC20003846BDE8F041FEF7B9BA85B9034401F1C1
:10DC3000080E9068704543F001047AD0D268C26043
:10DC40009060CCF804404CF80330D0E770474EF0B9
:10DC50000102B3F5007F44F8042C4CF80330C9D31B
:10DC6000B3F5206F4FEA53204AD2980900F13902E8
:10DC700012B200F13804D20088188A58083890424D
:10DC800003D15FE09268904204D0516821F0030113
:10DC90009942F7D8D068CCE90220C0F808C03846CD
:10DCA000C2F80CC0BDE8F041FEF778BAA5BB184435
:10DCB000D2E90223D3609A6040F00103CCF804302B
:10DCC0004CF80000ACE7184446B954F8083CACEBFB
:10DCD000030C1844DCE90223D3609A6040F001038E
:10DCE000CCF80430294BC1F808C01B68834297D890
:10DCF000274B38461968FFF7EBFE91E7034498E796
:10DD000014280FD9542824D8180B00F16F0212B22E
:10DD100000F16E04D200AFE743F00101CCF804102B
:10DD200013607DE700F15C0212B200F15B04D200E7
:10DD3000A2E7C1E904CCCCE902EECCF804404CF8EF
:10DD400003306DE7A4100123A3404C6823434B60CC
:10DD5000A1E7B0F5AA7F07D8D80B00F1780212B27C
:10DD600000F17704D20087E740F25452904206D87F
:10DD7000980C00F17D0200F17C04D2007CE74FF4A6
:10DD80007E727E2478E700BF704E00207C57002012
:10DD90005070002082B049B15AB16BB113780B605A
:10DDA0001278101E18BF012002B0704701A9002A86
:10DDB000F3D1104602B070476FF00100F4E700BFE6
:10DDC00030B5436C83B005460C4653B153F824007C
:10DDD00088B1026843F824200023C0E9033303B06C
:10DDE00030BD21220421FDF765FE0346686400284A
:10DDF000ECD10020F3E7012101FA04F35A1D92004F
:10DE000028460193FDF756FE0028F2D0019B44609E
:10DE10008360E1E731B1436C4A6853F8220008603F
:10DE200043F82210704700BF2DE9F0410E691746F4
:10DE30000D461C4601F114024FF0000E11688BB222
:10DE400007FB03434FEA134C090C07FB01CC0EF10F
:10DE5000010E9BB203EB0C43764542F8043B4FEABC
:10DE60001C44EBDC3CB1AB68B34207DD05EB860339
:10DE700001365C612E612846BDE8F0816968013198
:10DE80008046FFF79DFF0746B0B12A69023205F1CF
:10DE90000C0192000C30FAF76FF8D8F844306A6839
:10DEA00053F82210296043F822503D4605EB8603C3
:10DEB00001365C612E61DEE7024B03483A46BA2127
:10DEC00004F088FF883C00209C3C0020B0F5803F97
:10DED000034636BF030400201020B3F1807F3CBF0F
:10DEE0001B020830B3F1805F06D3B3F1804F0FD22D
:10DEF0009A0012D4033070471A01B2F1804F00F13A
:10DF0000040006D29B0108D45B00F3D420207047A4
:10DF10001A46002AFBDB013070470230704700BF11
:10DF20000368590708D0DA071FD499072AD55B0878
:10DF300003600122104670479AB282B91B0CDAB214
:10DF4000B2B11022190701D104321B09990714D06C
:10DF5000D90701D401325B08036010467047DAB27A
:10DF60004AB11A0717D10422EFE700221046704782
:10DF700018221B0AE6E70822FBE7590707D50232F9
:10DF80009B08E9E79B080222036010467047DB0804
:10DF900004D12022CEE7DB080322DDE70332DBE7F2
:10DFA00038B5436C04460D464BB15868B0B10268B1
:10DFB0005A6000220123C0E90323456138BD2122B4
:10DFC0000421FDF777FD034660640028EDD1094B7D
:10DFD0000948002240F2451104F0FCFE1C220121F8
:10DFE0002046FDF767FD0028F1D001220223C0E999
:10DFF0000123DEE7883C00209C3C00202DE9F04F07
:10E000000F691569AF4285B00E46904605DB2A467A
:10E0100043463D46884617461E46D8F80830D8F88D
:10E020000410EC19A342B8BF0131FFF7C9FE8446C2
:10E03000002800F09C80143000EB840E704505D25F
:10E040000346002143F8041B9E45FBD8143606EB1B
:10E05000870296427CD208F1140707EB8505A5EBF1
:10E06000080308F11508A845A3F11503CDE902E45A
:10E070004FEA930A8CBF002401249146E34605E051
:10E08000090C34D1B14500F104005ED956F8041BE7
:10E090008AB2002AF4D0CDE90090B8468646002323
:10E0A00058F8041BDEF800001FFA81F94FEA114C02
:10E0B00081B202FB0911000C194402FB0C0000EBB9
:10E0C000114089B241EA004145454EF8041B4FEA30
:10E0D0001043E5D8DDE90090002C4FEA8A0208BF22
:10E0E00000220244536056F8041C090CCAD003688D
:10E0F000CDF800908846BC46864600221946BCF8FA
:10E10000009008FB092909EB11499BB243EA094336
:10E110004EF8043B5CF8043BDEF800101B0C8AB29E
:10E1200008FB032303EB194365454FEA1342E6D886
:10E13000002C4FEA8A02DDF8009008BF002202445A
:10E14000B145536000F10400A0D8DDE902E4DC46EB
:10E15000002C02DC05E0013C03D05EF8043D002BFE
:10E16000F9D06046CCF8104005B0BDE8F08F034B05
:10E17000034862464FF4B17104F02CFE883C002045
:10E180009C3C0020F8B512F00303144607462FD13B
:10E190000E46A4102AD03D6C002D32D004F00103AD
:10E1A00064103BB92868B8B1054604F00103641057
:10E1B000002BF7D02A4631463846FFF71FFF36B10D
:10E1C0007B6C716853F82120326043F8216074B190
:10E1D000064628680028E7D12A4629463846FFF730
:10E1E0000DFF0023286003600546DEE73046F8BDDA
:10E1F000013B0F4A52F823200023FFF715FE064685
:10E20000C7E701213846FFF7DBFD054640B1012392
:10E2100040F27122C0E90432002338640360BDE794
:10E22000044B05482A4640F2451104F0D3FD00BFD7
:10E23000804D0020883C00209C3C00202DE9F047C8
:10E240000D4691462E69AB68496806EB6216741C50
:10E250009C4207464FEA621804DD5B009C4201F1D4
:10E260000101FADC3846FFF7ABFD844600284FD0A9
:10E27000B8F1000F00F114000BDD08F105010CEB03
:10E2800081010346002243F8042B8B42FBD100EBB3
:10E290008800296905F1140319F01F0803EB810EAA
:10E2A0002ED0C8F1200902464FF0000A196801FA81
:10E2B00008F141EA0A0142F8041B53F8041B9E4589
:10E2C00021FA09FAF2D8AEEB0503153B23F003035C
:10E2D00005F11502964538BF0023043340F803A02A
:10E2E000BAF1000F00D134467B6C6A68CCF810405C
:10E2F00053F822102960604643F82250BDE8F087A9
:10E30000043853F8042B40F8042F9E45F9D8EAE767
:10E31000034B044862464FF4EF7104F05BFD00BF0D
:10E32000883C00209C3C002003690A6900B5B3EBDF
:10E33000020E12D100F1140C14310CEB820301EB2C
:10E34000820101E09C4508D253F8040D51F8042DD8
:10E350009042F7D003D24FF0FF3E704600BD4FF021
:10E36000010E704600BD00BF2DE9F04F17460A6947
:10E370003B69A2EB0308B8F1000F83B00C4615D13E
:10E38000143107F1140505EB830501EB830302E06B
:10E39000994280F0858053F8046D55F8042D96421B
:10E3A000F6D080F08A804FF0010805E0FBDB3B46A9
:10E3B0004FF000080F461C467968FFF701FD002862
:10E3C00000F086803A692669C0F80C8007F11001D8
:10E3D00007F11408834600F1140704F1140008EB58
:10E3E000820E944600EB86060023B946C2460A46D2
:10E3F000019450F8041B52F8045F8CB21FFA85F8A0
:10E40000A8EB0408090C9844C1EB154101EB284125
:10E410001FFA88F848EA0144864249F8044B4FEA5B
:10E420002143E6D8A146019C301B1538153420F055
:10E430000300A64238BF00200AEB00010431C419D2
:10E440008E4562460846DC4698BF23461AD9A7EB9C
:10E450000A070434C61950F8045B13FA85F82B44F4
:10E460002D0C05EB28459BB243EA05498645C6F8C5
:10E4700000904FEA2543EDD80EF1FF335B1A23F0ED
:10E4800003032344B9F1000F04D153F8041D013AEA
:10E490000029FAD06046CCF8102003B0BDE8F08F18
:10E4A0000021FFF78DFC844658B101220023C0E90A
:10E4B0000423604603B0BDE8F08F3B4627461C4668
:10E4C0007AE7074B0748624640F2372104F082FCA6
:10E4D0000246034B034840F2452104F07BFC00BF99
:10E4E000883C00209C3C00202DE9F043894683B005
:10E4F000012157EC106B9046FFF762FC04460028A0
:10E5000046D0C7F30A55C7F313030DB143F4801384
:10E510000193331E15D101A8FFF702FD019B636132
:10E5200001212030216115B3A5F233450544C0F126
:10E530003500C9F80050C8F80000204603B0BDE817
:10E54000F08368460093FFF7EBFCDDE9002328B178
:10E55000C0F1200103FA01F10A43C340002B0CBFB4
:10E56000012102216261A3612161002DDCD104EB54
:10E570008103A0F23240C9F800001869FFF7A6FC39
:10E58000C0EB4110C8F80000204603B0BDE8F0839E
:10E59000034B0448224640F20F3104F01BFC00BF3D
:10E5A000883C00209C3C002049B1FF2A02D80A7018
:10E5B000012070478A2303604FF0FF307047084600
:10E5C000704700BF2DE9F04F2DED028BD1B00C4606
:10E5D000079190460993824604F0B4FB03681193B7
:10E5E0001846FFF7BBF908221090002120A8FEF77B
:10E5F00003FCA389180603D52369002B01F06E8064
:10E6000000239FED728BCDE92533CDE9143327AA82
:10E610000D932492174612931393059345462C4667
:10E620006C4BD3F8CC61FEF71DFF20AA0346009285
:10E630001AA922465046B047002800F09880C0F240
:10E640008E801A9A252A034601D01C44E8E7B4EBD1
:10E650000508064640F08F8000234FF0FF328DF80A
:10E660005F309B4606930134237804920134994627
:10E67000A9F120035A2B00F2AF80DFE813F0FE026D
:10E68000AD00AD00FA02AD00AD00AD00DD02AD00A1
:10E69000AD00A802B702AD00B302C002AD00BC02DB
:10E6A0005B005B005B005B005B005B005B005B0092
:10E6B0005B00AD00AD00AD00AD00AD00AD00AD0044
:10E6C0002101AD009C01AC03210121012101AD001C
:10E6D000AD00AD00AD00A803AD00AD000803AD0076
:10E6E000AD00AD007302AD006103AD00AD00980751
:10E6F000AD00AD00AD00AD00AD00AD00AD00AD00B2
:10E700002101AD009C018701210121012101ED03BF
:10E7100087016C00AD000804AD00F8033D0413044C
:10E720006C00AD0073026A008303AD00AD00FB070F
:10E73000AD006A00A9F13003002214F8019B02EB3E
:10E74000820203EB4202A9F13003092BF5D90692AC
:10E750008EE723788AE723784BF0200B86E70822A0
:10E76000002120A8FEF748FB01231C4458E7B4EB26
:10E770000508064610D02599269B013143440729F8
:10E78000C7E900582693259117DC0837059B4344B9
:10E790000593002E7FF460AF269B002B41F003838E
:10E7A000079B9B8903F04003002B41F0CF8605981F
:10E7B00051B0BDEC028BBDE8F08F079924AA5046FA
:10E7C00004F038F80028EBD127AFDFE700000000A5
:10E7D0000000000024550020B9F1000FDCD0002318
:10E7E000CDE90B3301228DF8DC908DF85F30089372
:10E7F0000A9204930E9337AD0292269A1BF084037B
:10E80000904600F005819DF85F1009B3DDF894C0D3
:10E8100000260CF1010101200132786007290DF179
:10E820005F00CDE92512386000F33E8408377EB1E1
:10E83000DDF894C00CF1010118A8023238600729F4
:10E840004FF00200CDE92512786000F320840837EC
:10E85000802B00F06583049B0A995E1A002E00F35A
:10E86000E8801BF4807F40F021810A9B7B601A4482
:10E87000259B3D600133072B2692259300F3BC8333
:10E8800008371BF0040F05D0069B02995D1A002D76
:10E8900000F31884DDE9053102988142ACBF5B18B2
:10E8A0001B180593002A40F0778300232593089BCB
:10E8B0001BB108995046FFF761F927AF2546AEE630
:10E8C000099B073323F00703B3EC028B9FEDA17B79
:10E8D000B0EEC86BB4EE476BF1EE10FA099300F39B
:10E8E0003986B4EE488BF1EE10FA81F14685B9F124
:10E8F000610F01F07A83B9F1410F01F07084049B3C
:10E90000013301F07F82B9F1670F18EE903A4BF4B2
:10E91000807801F0F584B9F1470F01F0F18400230C
:10E92000089318EE903A002BC1F20885B0EE487BB0
:10E930000026A9F14103252B01F2DD81DFE813F068
:10E94000A50CDB09DB09DB09700ADD0ADB09DB0941
:10E95000DB09DB09DB09DB09DB09DB09DB09DB0997
:10E96000DB09DB09DB09DB09DB09DB09DB09DB0987
:10E97000DB09DB09DB09DB09DB09DB09DB09DB0977
:10E98000A50CDB09DB09DB09700ADD0A1BF0200F8F
:10E9900040F0DE85099A1BF0100F52F8046B41F02D
:10E9A0001C861BF0400F099201F08E8046F3C038A0
:10E9B000434636B21FE2B9F1430F03D01BF0100FEC
:10E9C00000F065860822002122A8FEF715FA099AB0
:10E9D00037AD126822AB2946504605F0C5F90A90BA
:10E9E000013001F0AE850A9B23EAE3730293099B91
:10E9F000269A043309930023CDE90B338DF85F3059
:10EA0000089304930E931BF0840390467FF4FBAEAF
:10EA10000699029E8E1B002E00F321849DF85F1044
:10EA200000297FF4F3AE049B0A995E1A002E7FF74B
:10EA300018AF4A49259B0F91102E27DD39464FF01C
:10EA4000100837462E462546079C04E0103F102F3D
:10EA500001F1080116DD013340481032072BC1E9EE
:10EA60000008CDE92532F1DD24AA2146504603F005
:10EA7000E1FE002840F09882103F102FDDE925329A
:10EA800027A9E8DC2C4635463E460F4601330F9950
:10EA900039603244072BCDE925327E6000F364846F
:10EAA0001BF4807F07F108073FF4DFAEB9F1650F73
:10EAB00040F3AC82B5EE408BF1EE10FA40F0528399
:10EAC000259B27493960013301320121072B26920A
:10EAD0002593796000F37F870837199B0D998B4246
:10EAE00080F2EB84109B11991A44C7E90013259B0F
:10EAF00026920133072B259300F3D38508370D9B0E
:10EB00005D1E002D7FF7BDAE1449259B0F91102D82
:10EB100040F39787A146DDF81C8010260C4604E0E0
:10EB20000837103D102D40F38B8701331032072B2F
:10EB3000C7E90046CDE92532F2DD24AA4146504618
:10EB400003F078FE002840F02F82DDE9253227AF60
:10EB5000E7E700BFFFFFFFFFFFFFEF7F3C4E002016
:10EB6000B8200020DDF8248058F8045B00238DF8DD
:10EB70005F30002D00F0A185B9F1530F00F0378709
:10EB80001BF010030B9340F03287049B002BC1F263
:10EB9000FC801A460B992846FEF790FE9DF85F30E0
:10EBA0000890002801F04884089A521B0A9222EA31
:10EBB000E27202920BB1013202920B9BCDF82480DB
:10EBC00004930E930C9308934FF0730915E6099B79
:10EBD00053F8042B0692002A80F27584069A099352
:10EBE0005242069223784BF0040B3FE52B238DF81D
:10EBF0005F3023783AE523784BF0800B36E52146E9
:10EC000011F8019BB9F12A0F01F09084A9F13003AA
:10EC1000092B98BF002201F2DD8211F8019B02EB63
:10EC2000820203EB4202A9F13003092BF5D942EA33
:10EC3000E27304930C461BE5504604F083F84368E6
:10EC400013931846FEF78AFE15900646504604F0C8
:10EC500079F8826823781492002E3FF407AD002AD9
:10EC60003FF404AD1278002A3FF400AD4BF4806B02
:10EC7000FCE423784BF0010BF8E49DF85F20237847
:10EC8000002A7FF4F3AC20228DF85F20EEE41BF025
:10EC9000200F4BF0100000F02884099B073323F06D
:10ECA00007031A46596852F8083B099200228DF86A
:10ECB0005F20049A002A18DB53EA010220F4906BCB
:10ECC00015D1049A9AB910F001031A46029300F084
:10ECD000738630238DF83F31049B0A92CDE90B33C4
:10ECE0000E9308930DF23F1587E520F4806B50AD2D
:10ECF00003F00702DB0843EA4173C908303253EAE4
:10ED00000106284605F8012DF2D11BF0010F00F095
:10ED10001582302A00F012823023049905F8013C54
:10ED2000023850AB1B1A99424FF00002B8BF194687
:10ED3000CDE90B2208920A93054602910E925CE5FA
:10ED40001BF0200F4BF0100121D1099B1A1D099BCC
:10ED500004981B684FF0000840458DF85F801E4600
:10ED600059DB21F0800B002B40F08C8509920028A4
:10ED700040F0E983CDE90B000A900E9002900890D4
:10ED800050AD3AE51BF0200F00F0BE835946099BB9
:10ED9000073323F0070200238DF85F30049BD2F87D
:10EDA000048052F8086B0992002B35DB56EA080301
:10EDB00021F0800B31D1049B002B40F0C483CDE9BE
:10EDC0000B330A930E930293089350AD15E5237805
:10EDD0004BF0080B4AE41BF0200F4BF0100300F03F
:10EDE0007A83099A073222F007029B46536852F849
:10EDF000086B09929846002BC0F2C282049A002A3E
:10EE00000BDB56EA08032BF0800B06D1002A00F03A
:10EE10004187302607E009928B460A2E78F10003DD
:10EE200080F0BF823036049A9DF85F308DF83F61E4
:10EE3000012AB8BF0122029201220A920DF23F1567
:10EE4000002B01F06D83029B013302930023CDE977
:10EE50000B3308930E93D0E42378682B03BF6378B9
:10EE60004BF4007B01344BF0400BFFF7FFBB099ADA
:10EE70001BF0200F02F1040300F08883126805994B
:10EE80001160C917516009932546FFF7C8BB237865
:10EE90006C2B03BF63784BF0200B01344BF0100B4D
:10EEA000FFF7E4BB099A049E52F8041B002047F6C2
:10EEB00030038642ADF860308DF85F000B46C0F23B
:10EEC000DB832BF0800545F0020B002940F0D68350
:10EED000002E00F0E686099230230122CDE90A21B6
:10EEE0000E918DF83F3102960DF23F154FF07809E3
:10EEF0008E4608910C91A5E31BF0200F40F025836E
:10EF0000099A1BF0100F52F8043B41F05E831BF08E
:10EF1000400F00F0E9859BB2099258460021C5E6F2
:10EF2000069B02995E1A002E7FF795AC8B49259BB4
:10EF30000F91102E24DD38464FF010082F46194649
:10EF40002546864C04E0103E102E00F1080013DD2B
:10EF5000013110320729C0E90048CDE92512F2DD60
:10EF6000079924AA504603F065FCE8B9103E102E1C
:10EF7000DDE9251227A8EBDC2C460B463D4607466B
:10EF800001330F9939603244072BCDE925327E6079
:10EF900000F3638508375EE4079924AA504603F01E
:10EFA00049FC00283FF481AC089B002B3FF4F8ABF0
:10EFB00008995046FEF7E2FD079B9B8903F040034A
:10EFC000FFF7F2BB109B11991A44C7E90013259B68
:10EFD00026920133072B259300F3068707F10801DA
:10EFE0000028C1F21E810D980D6001330244072BE9
:10EFF000CDE92532486046DD079924AA504603F042
:10F0000019FC0028D0D1269A27AF3AE40D98259B09
:10F01000012802F1010203F1010307F1080140F3A5
:10F0200064810120072BCDE925323D60786000F333
:10F030002C821098119E01330244072BC1E9006015
:10F04000CDE9253200F32D8208310D98B5EE408BC5
:10F05000F1EE10FA00F1FF3600F05F810133013567
:10F060003244072BCDE925320D604E6000F3498113
:10F0700008311298486001330244072B1CA8CDE9DF
:10F0800025320860B8DC01F10807FFF7FABB0799E1
:10F090000F9324AA504603F0CDFB002884D1269A72
:10F0A0000F9B27AFFFF7D4BB07990F9324AA5046B5
:10F0B00003F0C0FB00287FF477AF269A0F9B27AFA1
:10F0C000FFF7B5BB102D259B41F3D580A046DDF899
:10F0D0001C90234C102604E0103D102D07F108076A
:10F0E00015DD01331032072BC7E90046CDE9253283
:10F0F000F2DD24AA4946504603F09CFB00287FF429
:10F1000053AF103D102DDDE9253227AFE9DC214654
:10F110004446884601332A44072BC7E90085CDE9D8
:10F1200025327FF7B7AB079924AA504603F082FB3C
:10F1300000287FF439AF269AFFF7ACBB049950AA98
:10F14000521B91424FF00003B8BF1146CDE90B337B
:10F1500008930A9202910E93FFF74FBB3C4E00209A
:10F16000884800201998002840F300840B9B0D99D3
:10F170008B42A8BF0B46002B98460ADD1A44C7E90C
:10F180000053259B26920133072B259300F3B48768
:10F1900008370B9EB8F1000FA8BFA6EB0806002E9B
:10F1A00000F3AB820B9B1BF4806F03EB050940F06F
:10F1B000CA82199B0D998B4203DB1BF0010F00F0F3
:10F1C0007D85109911980A44C7E900012599269276
:10F1D00001310729259100F39B8708370D996E1897
:10F1E000A6EB0906CD1AAE42A8BF2E46002E0BDDB7
:10F1F000259BC7F8009001333244072B7E6026928E
:10F20000259300F3D3870837002EA8BFAD1B002D30
:10F210007FF737ABB949259B0F91102D40F311842F
:10F22000A146DDF81C8010260C4604E00837103D8E
:10F23000102D40F3058401331032072BC7E9004637
:10F24000CDE92532F2DD24AA4146504603F0F2FA18
:10F2500000287FF4A9AEDDE9253227AFE7E725993D
:10F26000102E404640F361870F943A46A846079C0B
:10F27000A34D1F4604E0103E102E02F1080216DDD9
:10F280000131103010230729CDE925101560536096
:10F29000F1DD24AA2146504603F0CCFA00287FF481
:10F2A00083AE103E102EDDE9251027AAE8DC3B4690
:10F2B0000F9C17462A464546904601F1010C32182C
:10F2C000BCF1070FCDE925C2C7F800807E6000F3CE
:10F2D00036839DF85F100837002940F0F880002B36
:10F2E0003FF4B9AA0B46FFF7A5BA1BF0010F7FF454
:10F2F00098AE0120072BCDE925323D6078607FF77D
:10F30000B8AE079924AA504603F094FA00287FF477
:10F310004BAEDDE9253227A9ABE60D9801287FF732
:10F32000A8AE112875480F9040F3B783A046079FF9
:10F330001025044604E00831103E102E40F3AC8343
:10F3400001331032072BC1E90045CDE92532F2DD4A
:10F3500024AA3946504603F06DFA00287FF424AE03
:10F36000DDE9253227A9E7E7079924AA504603F0EB
:10F3700061FA00287FF418AE269A27AFFFF771BA1A
:10F380002D238DF85F30049B764268EB4808002BF4
:10F39000FFF643AD0A2E78F100032BF0800BFFF44B
:10F3A00041AD0294CDF8289050A9DDF8509008970F
:10F3B0004FF0000C0BF4806426E016EB0803514874
:10F3C00043F10003A0FB032020F0030202EB9002B4
:10F3D0009B1AF31A4B484FF0CC32B646474602FB15
:10F3E00003F268F1000800FB0822A3FB0063BEF1F2
:10F3F0000A0F13444FEA560677F10007294646EAFA
:10F40000C3764FEA53082DD33E4D16EB080343F164
:10F410000003A5FB032020F0030202EB90029B1ADD
:10F42000F31AA3FB053268F1000005FB00225B081C
:10F4300043EAC27303EB8303A6EB430330330CF1BF
:10F44000010C01F8013C4D1E002CB6D099F800309B
:10F450006345B2D1BCF1FF0FAFD00A2E78F10003A3
:10F4600080F0B3830499029CCDF8509050AB5A1BA6
:10F470009142B8BF1146DDF82890089F9DF85F3093
:10F48000CDF834C00A920291DAE4079924AA5046D2
:10F4900003F0D0F900287FF487ADDDE9253227A9F4
:10F4A000C7E5079924AA504603F0C4F900287FF461
:10F4B0007BADDDE9253227A9C7E51BF0010F3FF43D
:10F4C000E0A9FFF70FBB09932378FFF7CFB81E46DB
:10F4D0000023FFF79EB9099A0432099909920E6830
:10F4E0004FEAE6789B46434685E4099B1A1D099B33
:10F4F00009921B680021FFF7D9BB00BF3C4E0020DA
:10F5000088480020CDCCCCCC099A1BF0100052F8D2
:10F51000043B41F057801BF0400100F0A8818DF8BA
:10F520005F009BB204994FF0000841451E46C0F2AF
:10F53000A9812BF0800B002B40F0A481049B099241
:10F54000002B3FF43CAC00266CE45846FFF7A5BB0B
:10F550005B4646E4B5EEC08BF1EE10FA2BF0800B63
:10F5600000F11E839DF85F30B9F1470FCCBFA44D69
:10F57000A44D002B40F052870322CDE90B330893B2
:10F580000A9204930E930292FFF737B91BF0100F03
:10F5900040F07C821BF0400F40F0A7831BF4007FFB
:10F5A00000F07482099A0599126811706BE4964E06
:10F5B0001BF0200F00F07D81099B073323F0070328
:10F5C0001A46586852F8083B09921BF0010140F0B6
:10F5D0005C81049A8DF85F10002AC0F28B8153EA97
:10F5E00000022BF4906B00F0948103F00F02B25CE8
:10F5F0008DF83F211B0943EA0073020953EA1010FA
:10F600000DF23F150BD003F00F001B09305C05F81D
:10F61000010D43EA0273120953EA0200F3D1049A7E
:10F6200050AB4FF0000E5B1B9A42CDE90BEEB8BF1A
:10F630001A460A930292CDF820E0CDF838E000296E
:10F640003FF4DBA8029BDDE925C2023302931BF0E5
:10F6500084039046614604D1069E0298361A002E15
:10F6600006DCBEF1000F3FF4E5A80226FFF7D1B893
:10F670000223F5E5654E9BE74BF0020B0992634EC2
:10F6800003F00F020221B25C4FF07809B0E7099B4A
:10F690001B688DF8DC30012302930A9337ADFFF726
:10F6A000A6B9079924AA504603F0C4F800287FF4AD
:10F6B0007BAC269A27AFFFF722BA049B0895062B4E
:10F6C00028BF062302930A932B460495CDE90B33FA
:10F6D0004F4DCDF824800E93FFF78FB84021504650
:10F6E000FCF780FA079B18601861002800F060871B
:10F6F000079A40235361FEF783BF102E259B40F3EA
:10F700002E874448DDF81C800F9039464FF01009D1
:10F71000074604E00831103E102E40F32B820133DF
:10F720001032072BC1E90079CDE92532F2DD24AA98
:10F730004146504603F07EF800287FF435ACDDE901
:10F74000253227A9E7E70D9BDDF83880CDF83CB0DE
:10F75000EB1804930C9BDDF81CB00B94002B4E4669
:10F760003946DDF85090159F0E9531DDB8F1000F48
:10F7700040F32B8108F1FF382598139B01303A4460
:10F780000728C1E900372692259000F39F800831B1
:10F79000049B99F800009D1B8542A8BF0546002DDB
:10F7A0000CDD259801302A440728C1E9006526921E
:10F7B000259000F35E8199F800000831002DACBF60
:10F7C000441B0446002C14DC06440C9B002BCDDCAF
:10F7D000B8F1000FCEDCDDE90D35EB189E42CDF817
:10F7E00050900B9CDDF83CB0B1460F4628BF9946BF
:10F7F000DFE4102C2598074B2BDD10250A9310E031
:10F80000943B0020F83C0020143D0020003D0020E7
:10F81000283D00203C4E0020103C102C01F1080136
:10F8200016DD0130AE4B10320728C1E90035CDE9B5
:10F830002502F1DD24AA5946504602F0FBFF0028BC
:10F840007FF4B2AB103C102CDDE9250227A9E8DCDF
:10F850000A9B0B60013022440728CDE925024C6049
:10F8600000F3588399F8000008310644ADE71BF413
:10F87000007840F0328204998DF85F8000291E469E
:10F88000BFF657AE0992FFF7C8BA53EA000237D065
:10F8900030228DF8602000228DF85F20049A8DF8C8
:10F8A0006190002A23DB2BF4906242F0020B0221CC
:10F8B0009BE6099A1BF0100F52F8043B099214D1F1
:10F8C0001BF0400F0DD09BB200207EE624AA5946C3
:10F8D000504602F0AFFF00287FF466AB269A27A9B6
:10F8E00056E71BF4007F40F0F58100206DE64BF0F9
:10F8F000020B022103F00F022BF4806BB25C77E65F
:10F90000049B00218B428DF85F10C0F241812BF4E3
:10F91000906B049A002A00F0CB80012A33788DF88E
:10F920003F31B8BF0122002302920122CDE90B33FF
:10F9300008930A920E930DF23F15FEF75EBF0799EA
:10F940000F9324AA504602F075FF00287FF42CABD9
:10F950009DF85F10269A0F9B002900F0AC801E4690
:10F96000DDF894C0034627AFFEF753BF259B5D49E2
:10F970003960013301320121072B269225937960EA
:10F9800000F37C81083700287FF41CAB0D990BF045
:10F9900001030B433EF475AF109B11991A44C7E95C
:10F9A0000013259B26920133072B259300F31C821D
:10F9B00007F10801FFF717BB049B0A93CDE90B334E
:10F9C0000E93089350ADFEF718BF0C9B013B09F155
:10F9D000FF390C93D0E6079924AA504602F02AFF7B
:10F9E00000287FF4E1AA269A27AFFFF776B808220D
:10F9F000002122A81B95FDF7FFF9049B002B7DDB5E
:10FA000000260294CDF82080344698460EE037A9AF
:10FA1000504604F0A9F9411C204400F0948440456C
:10FA200009DC06F1040600F0008504461B9A925991
:10FA300022AB002AEBD10A94DDF82080029C6AE018
:10FA40004C4601330F9939602A44072B7D60CDE97C
:10FA500025327EF715AFFFF7CFBA079924AA504693
:10FA600002F0E8FE00287FF49FAA269A27AFFEF74F
:10FA7000F2BE24AA5946504602F0DCFE00287FF46C
:10FA800093AA99F80000269A27A997E6099A05995A
:10FA900012681160FFF7F7B9444601330F98086008
:10FAA0003244072BCDE925324E607FF7E1AA28E4E6
:10FAB000049BFFF784B9002B00F00981DDF894C0A6
:10FAC0000B4627AFFEF7B6BE1BF4007F16BF46F30A
:10FAD000C0184FEAE67876B24346FFF78CB900BF0C
:10FAE0003C4E0020B82000201BF4007100F0F9808B
:10FAF000DBB2099258460021FFF7D8B822AB009339
:10FB000000231BAA1946504604F056F90A9001300A
:10FB100000F019841B950A9B002B00F09F80632B3B
:10FB200000F34C810023089337AD0822002122A85E
:10FB3000FDF762F90A9E22AB00931BAA33462946C1
:10FB4000504604F039F9864240F042850A9A002373
:10FB5000AB5422EAE27202929DF85F20049312B144
:10FB6000029A01320292CDE90B33CDF824800E9334
:10FB7000FEF743BE0F4601330F9939603244072B1D
:10FB8000CDE925327E6000F323810837FFF70ABBF9
:10FB900033788DF83F312BF4806B0DF23F153EE545
:10FBA0002D238DF85F30B9F1470F4FF00003089314
:10FBB000049340F3E6800322964D0A92CDE90B337D
:10FBC0000E9304230293FEF718BE159A1399AD1AEB
:10FBD0002846FDF7F9F999F801300BB109F101094F
:10FBE0008D4A16EB080343F10003A2FB030727F03D
:10FBF000030000EB97001B1AF31A4FF0CC3168F1A9
:10FC0000000803FB01F102FB0811A3FB02300144D1
:10FC10005B0843EAC1764FEA510816EB080343F14B
:10FC20000003A2FB031020F0030101EB90015B1A1B
:10FC3000F31AA3FB023168F100005B0802FB00121B
:10FC400043EAC27303EB8303A6EB4303303305F8A7
:10FC5000013C4FF0010C013DFFF7F8BB9DF85F3010
:10FC6000CDF82480003B18BF012302930A9B049324
:10FC7000CDE90B330E930893FEF7BFBD079924AA75
:10FC8000504602F0D7FD00287FF48EA91998269AD5
:10FC900027AF78E69DF85F3002920A9250ADFFF7E9
:10FCA000CFB8049B0992CDE90A330E930C930293CB
:10FCB00050AD4FF078099E460893C3E46E18A6EB4A
:10FCC0000906CD1AAE42A8BF2E46FFF79DBA27AF50
:10FCD000FEF7C1BDDBB2002077E48DF85F10DBB228
:10FCE00020E409925846FEF7E1BF099A0599126887
:10FCF0001180FFF7C8B822AB01931BAB0093B0EEA5
:10FD0000470B049A19AB022150468DED027B03F09C
:10FD100015F99DED027B05461BF0010F40F0558261
:10FD2000229B5A1B199B0D92D81C0B93C0F2018287
:10FD300004999942C0F20B819A4200F392820B9B84
:10FD40000A931BF4806F03D00B9B002B00F32D83D1
:10FD50000A9B23EAE373C34602934FF0670900232B
:10FD60000E930C930BF00201002E00F0CA804FF0AE
:10FD70002D0E8DF85FE0029B013302930023049364
:10FD80005DE40322254D0A9218E72846FDF7E6FDBB
:10FD90009DF85F300A9020EAE0720292002B3EF458
:10FDA0000CAFFEF708BF079C24AA2146504602F07C
:10FDB00041FDA38903F04003FEF7F6BC591C5046F1
:10FDC000FBF710FF0546002800F0F6830890ACE62C
:10FDD000079924AA504602F02DFD00287FF4E4A8DC
:10FDE000269A27AFFFF7DEB9079924AA504602F0FA
:10FDF00021FD00287FF4D8A8DDE92532199827A92C
:10FE0000FFF7EEB800230893062304934BF48078A1
:10FE1000FEF787BD943B0020CDCCCCCCF83C002035
:10FE2000049B01330D93022122AB01931BAB009382
:10FE3000B0EE470B19AB0D9A50468DED027B03F0E7
:10FE40007DF80D9B29F0200CBCF1460F9DED027B47
:10FE5000054600EB030100F09880B5EE407BF1EE23
:10FE600010FA00F0D882229B994288BF4FF0450CCF
:10FE700040F2CF8230205A1C22921870229B8B4273
:10FE8000F9D35B1B0D93BCF1470F199B0B9356D015
:10FE9000BCF1460F00F08F800B9B8DF87090013BFA
:10FEA000002B1993C0F24C812B22092B8DF8712065
:10FEB00000F34F8130228DF872200DF17302303340
:10FEC00002F8013B1CABD31A12930D9B129A012B23
:10FED0001A440A9240F341820A9B109A13440A93EF
:10FEE0000A9A2BF4806343F4807B22EAE2720023B7
:10FEF000CDE90B330E93029234E7049B0D9303215B
:10FF000092E79DF85FE0BEF1000F7FF434AF0496F6
:10FF1000FFF795BB24AA5946504602F08BFC0028F7
:10FF20007FF442A899F80000269A27A906444CE4D9
:10FF3000199B0B934B1BBCF1470F0D933BD10B9BB4
:10FF40000333C0F2F680049B0B9A93420FDA0B9BAB
:10FF5000013BA9F10209002B8DF870901993A3DAE7
:10FF60000B9B2D22C3F101038DF87120A2E70D9B9D
:10FF70000B9A934200F375811BF0010F0B9B00F06D
:10FF8000B282109A13440A93DBE62B78302B00F0F0
:10FF90006182199B1944B5EE407BF1EE10FAC7D08F
:10FFA000229B8B42FFF466AF5B1B0D93BCF1470FA6
:10FFB000199B0B93C3D00B99049A0BF001030029F2
:10FFC00043EA020340F3CF82002B40F01A820B9BDE
:10FFD0000A934FF066091BF4806F40F0E8810A9B9A
:10FFE00023EAE373C3460293B9E647F63003ADF85C
:10FFF0006030049B632B4BF0020B00F35C8118EE26
:02000004600298
:10000000903A002BC0F23B81B0EE480B19A802F0E9
:100010009DFEB4EE007B20EE077BB5EE407BF1EE5B
:1000200010FA40F0408201230026199337AD08965C
:10003000AE480499B3EE004B2B4606E0B5EE407B8C
:10004000F1EE10FA00F00F82114627EE047BFDEE70
:10005000C76B4A1E16EE90CA10F80CE0B8EEE65BCD
:100060009C4637EE457B03F801EB0029E6D1B6EE5E
:10007000005BB4EEC57BF1EE10FA08DCB4EE457B14
:10008000F1EE10FA1ED116EE902AD2071AD5CDF84D
:1000900088C013F8011C90F80FC08C451A460AD18D
:1000A0004FF0300E02F801EC229A511E229112F804
:1000B000011C6145F6D0392916BF0131817AC9B2D8
:1000C00002F8011C199A5B1B0D93B9F1610F02F143
:1000D000FF33199300F01F8250214FF04109002B8C
:1000E0008DF87010C0F20E822B22092B8DF8712032
:1000F0002FDC0DF17202E2E6079924AA504602F0C5
:1001000099FB00287EF450AF269A27AFFFF741B83D
:10011000079924AA504602F08DFB00287EF444AFD4
:10012000199B269A27AFFFF759B8DFF8CC81FFF764
:10013000C4B80B9BA9F10209013B8DF8709019938B
:100140000B9A2D238DF87130C2F101030832BFF6EE
:10015000B1AE0DF17F0CDFF8A4E162461046AEFBB4
:100160000312D20802EB8201A3EB41013031632B71
:1001700000F8011C134600F1FF32EFDC303302F8C7
:10018000013C831E634580F0C8810DF1710213F8B4
:10019000011B02F8011F6345F9D103F5A0736B44FD
:1001A000CC3B1B1A1CAA9B1A12938EE6079924AA11
:1001B000504602F03FFB00287EF4F6AE199D0D9BE1
:1001C000269A5D1B27AFFFF71FB8049B4FF0470C23
:1001D000E918E0E600230C460493FEF749BA45F619
:1001E0003003ADF86030049B632B4BF0020B62DCF4
:1001F00018EE903A002B42DBB0EE480B19A802F043
:10020000A5FDB4EE007B20EE077BB5EE407BF1EE62
:1002100010FA01D10123199300263548089637AD0D
:1002200007E74642103033480F9052DA10278046D5
:1002300003E00831103E102E4BDD01331032072B46
:10024000C1E90087CDE92532F3DD079924AA50469C
:1002500002F0F0FA00287EF4A7AEDDE9253227A9E6
:10026000E8E70D9B109A9A180B9B0A92002B79DDF8
:100270004FF06709AFE6DFF88080FEF74BBF002341
:10028000089337AD2D26B1EE487BB0EE470B19A889
:1002900002F05CFDB4EE007B20EE077BB5EE407B08
:1002A000F1EE10FA04BF01231993B9F1610F3FF485
:1002B000BFAE0F48BDE6049B5046591CFBF792FCAD
:1002C0000546002800F03D8108904BF48078FEF749
:1002D00028BB01330F9808603244072BCDE9253243
:1002E0004E6000F302810831FEF77DBE003D002024
:1002F000143D00203C4E002088480020CDCCCCCCC2
:10030000049A002A00F0D480002BC0F22481B0EEC1
:10031000487B002622AB01931BAB0093B0EE470B4A
:1003200019AB049A022150468DED027B02F006FEC5
:1003300000239DED027B05460893EDE42D26B1EEEA
:10034000487BFEF7F6BA079B9B890022089243F090
:100350004003079A9381FEF727BE1BF0010F3FF47D
:10036000BFADB9E5C3F101031A4422EAE273C34603
:100370000A9202934FF06709F1E418EE903A13F0F5
:1003800000432BF0800B0B9300F09A802D238DF807
:100390005F30B9F1470F4FF000030893049340F327
:1003A000F8800322944D0A9208E44FF067091499EB
:1003B0000B78FF2B00F0F88000200B9A0E908446FB
:1003C00003E001300131FF2B09D0934207DAD21A42
:1003D0004B78002BF5D10B780CF1010CF3E7CDE94C
:1003E0000B201491CDF838C00C9A0E9B159913442C
:1003F0000A9A01FB03230A9323EAE373C346029399
:10040000B0E4109B02EB01094B440A934FF06609DC
:10041000E1E55B1B0D93199B0B933DE50023032244
:1004200008930A920493FFF7C9BB049B029CDDF872
:1004300020800A93FFF76FBBCDF824801BB3049B89
:100440000A935A1C029204900E900C904FF073097C
:10045000FEF7D3B9B5EE407BF1EE10FA1ED1199B31
:100460000B93194466E5002A0491FFF62BAE04991C
:10047000302001EB030C194601F8010B6145FBD15B
:100480001A44531C1EE6049B0A930293089B0E9386
:100490000C9304934FF07309FEF7AFB90D9BC3F1B2
:1004A0000103199376E500265448089637ADC0E558
:1004B000934273DBB0EE487B0123049E049329E74B
:1004C0009DF85F30B9F1470FCCBF4B4D4C4D002B21
:1004D00040F08680032204930A920E930C930893B3
:1004E0000292FEF78AB90A932BE4079924AA504690
:1004F00002F0A0F900287EF457ADDDE9253227A9E6
:10050000FEF771BD2D238DF87130C2F10103083261
:10051000FFF61FAEEDE57021E1E502231293D4E46E
:10052000CDE90B3308930E93FEF767B9099A637808
:100530000C4652F8041B099241EAE1710491FEF75E
:1005400095B8079A938943F0400393814FF0FF33A6
:100550000593FEF72CB92D26B1EE487BDAE6294942
:100560000F91FFF708BBC34633B9012302934FF045
:1005700066090A93FFF7F3BB109B03F10109049B83
:100580004B440A9323EAE37302934FF06609FFF7A3
:10059000E6BB03221A4D0A92FFF710BB01232D265A
:1005A0000493B1EE487BB5E600230E930C931BE752
:1005B0000C23CAF80030C9E7079B08909B8943F0D9
:1005C0004003C6E65946FEF7C2BB5846FEF78FBF4A
:1005D000079B9B8943F04003BBE65B46FEF77DBF6C
:1005E000002304930E930C93089303230A9304238C
:1005F0000293FEF702B900BF903B0020003D0020AF
:10060000FC3C00203C4E0020000000002DE9F04F93
:100610002DED028BD1B0904604911C468246099381
:1006200002F090FB036811931846FDF797F9082232
:100630001090002120A8FCF7DFFBBAF1000F04D0D6
:10064000DAF83430002B01F0AF81049B5A6EB3F915
:100650000C30D70740F14C859E0400F1C886049900
:1006600043F4005322F400528B814A66950401F151
:10067000F387049BB3F90C301A0740F11185049AF3
:100680001269002A00F00C8503F01A020A2A00F011
:10069000168500239FED8D8BCDE92533CDE91433ED
:1006A00027AA0D9324921746129313930693454657
:1006B0002C46884BD3F8CC61FCF7D4FE20AA034625
:1006C00000921AA922465046B047002800F0FD8348
:1006D000C0F2F2831A9A252A034601D01C44E8E7A7
:1006E000B4EB0508064640F0F48300234FF0FF32D8
:1006F0008DF85F309B4607930134237805920134CF
:100700009946A9F120035A2B5CD8DFE813F0E202E6
:100710005B005B00DE025B005B005B00C1025B0014
:100720005B00230232025B002E02A4025B00A002E7
:10073000D000D000D000D000D000D000D000D00039
:10074000D0005B005B005B005B005B005B005B005C
:10075000E5005B002C014E03E500E500E5005B00D1
:100760005B005B005B009C025B005B0043025B0084
:100770005B005B00EE015B00A3035B005B00E8072E
:100780005B005B005B005B005B005B005B005B0091
:10079000E5005B002C011701E500E500E5004403DE
:1007A000170113015B003A035B000003EC020F0327
:1007B00013015B00EE0111016E035B005B004B084F
:1007C0005B001101B9F1000F00F095830023CDE922
:1007D0000B3301228DF8DC908DF85F3008930A927C
:1007E00005930E9337AD0292269A1BF08403904630
:1007F00000F0DA809DF85F1009B3DDF894C00026A0
:100800000CF1010101200132786007290DF15F0030
:10081000CDE92512386000F3758408377EB1DDF824
:1008200094C00CF1010118A80232386007294FF07A
:100830000200CDE92512786000F372840837802B1E
:1008400000F06383059B0A995E1A002E00F3BD80B9
:100850001BF4807F40F0F6800A9B7B601A44259B46
:100860003D600133072B2692259300F3C58308379B
:100870001BF0040F05D0079B02995D1A002D00F3B1
:100880005D84DDE9063102988142ACBF5B181B181C
:100890000693002A40F0758300232593089B1BB123
:1008A00008995046FDF76AF927AF254600E7A9F1F8
:1008B0003003002214F8019B02EB820203EB420298
:1008C000A9F13003092BF5D907921AE700000000BF
:1008D0000000000024550020099B073323F0070384
:1008E000B3EC028B9FEDA57BB0EEC86BB4EE476B0B
:1008F000F1EE10FA099340F3E585B5EEC08BF1EE09
:1009000010FA2BF0800B01F1BA839DF85F30B9F13A
:10091000470FCCBF9B4D9C4D002B41F030860322EE
:10092000CDE90B3308930A9205930E9302925BE78D
:100930002378E4E623784BF0200BE0E61BF0200F51
:1009400040F01586099A1BF0100F52F8046B41F025
:1009500015871BF0400F099201F0E48046F3C03880
:10096000434636B231E2B9F1430F00F051871BF034
:10097000100F40F04D87099B1B688DF8DC30012378
:1009800002930A9337AD099B269A043309930023F7
:10099000CDE90B338DF85F30089305930E931BF070
:1009A000840390467FF426AF0799029E8E1B002E8B
:1009B00000F3A5849DF85F1000297FF41EAF059B0E
:1009C0000A995E1A002E7FF743AF7049259B0F915D
:1009D000102E27DD39464FF0100837462E462546A3
:1009E000049C04E0103F102F01F1080116DD0133D3
:1009F00066481032072BC1E90008CDE92532F1DD48
:100A000024AA2146504601F005FF002840F0C1828B
:100A1000103F102FDDE9253227A9E8DC2C463546AA
:100A20003E460F4601330F9939603244072BCDE91A
:100A300025327E6000F3CF841BF4807F07F1080726
:100A40003FF40AAFB9F1650F40F3E082B5EE408B99
:100A5000F1EE10FA40F0BE83259B4D493960013319
:100A600001320121072B26922593796000F3A1879B
:100A70000837199B0D998B4280F2BE84109B119907
:100A80001A44C7E90013259B26920133072B2593AF
:100A900000F3A18608370D9B5D1E002D7FF7E8AEA1
:100AA0003A49259B0F91102D40F3EE87A146DDF8C2
:100AB000108010260C4604E00837103D102D40F33E
:100AC000E28701331032072BC7E90046CDE9253212
:100AD000F2DD24AA4146504601F09CFE002840F079
:100AE0005882DDE9253227AFE7E7DDF8248058F8A2
:100AF000045B00238DF85F30002D00F07886B9F19B
:100B0000530F00F062871BF010030B9340F05D87DA
:100B1000059B002BC1F23F811A460B992846FCF732
:100B2000CDFE9DF85F300890002801F0F184089A0E
:100B3000521B0A9222EAE27202920BB10132029235
:100B40000B9BCDF8248005930E930C9308934FF0E4
:100B5000730949E6099B53F8042B0792002A80F297
:100B60005184079A09935242079223784BF0040B61
:100B7000C5E52B238DF85F302378C0E5FFFFFFFF2D
:100B8000FFFFEF7F943B0020F83C00204C4E0020FC
:100B9000B82000201BF0200F4BF0100000F08384E1
:100BA000099B073323F007031A46596852F8083B9C
:100BB000099200228DF85F20059A002A18DB53EA7B
:100BC000010220F4906B15D1059A9AB910F0010337
:100BD0001A46029300F0DF8630238DF83F31059BE3
:100BE0000A92CDE90B330E9308930DF23F15FBE506
:100BF00020F4806B50AD03F00702DB0843EA417339
:100C0000C908303253EA0106284605F8012DF2D111
:100C10001BF0010F00F04181302A00F03E813023AB
:100C2000059905F8013C023850AB1B1A99424FF068
:100C30000002B8BF1946CDE90B2208920A93054677
:100C400002910E92D0E523784BF0080B57E52378FC
:100C50004BF0800B53E5214611F8019BB9F12A0FA7
:100C600001F05D85A9F13003092B98BF002201F244
:100C70004E8311F8019B02EB820203EB4202A9F1C1
:100C80003003092BF5D942EAE27305930C4638E5A7
:100C9000504602F057F8436813931846FCF75EFE7F
:100CA00015900646504602F04DF88268237814925B
:100CB000002E3FF424AD002A3FF421AD1278002A23
:100CC0003FF41DAD4BF4806B19E523784BF0010B1D
:100CD00015E59DF85F202378002A7FF410AD2022CF
:100CE0008DF85F200BE51BF0200F40F0F584099A8A
:100CF0001BF0100F52F8043B41F03D851BF0400FF4
:100D000000F01B879BB209925846002151E7099ACF
:100D10001BF0200F02F1040300F0B483126806995F
:100D20001160C917516009932546C1E4099A059ECF
:100D300052F8041B002047F630038642ADF86030BD
:100D40008DF85F000B46C0F22F852BF0800545F033
:100D5000020B002940F02A85002E00F04487302342
:100D60008DF83F3101230C91099202960DF23F1547
:100D70004FF078090B918E460E9108910A9300F07E
:100D8000F9BC23786C2B03BF63784BF0200B013444
:100D90004BF0100BB3E42378682B03BF63784BF45C
:100DA000007B01344BF0400BA9E41BF0200F4BF00B
:100DB000100300F0FF83099A073222F007029B46D6
:100DC000536852F8086B09929846002BC0F2FE83D4
:100DD000059A002A1FDB56EA08032BF0800B1AD174
:100DE000002A00F0B38630261BE01BF0200F00F035
:100DF000C0835946099B073323F0070200238DF86F
:100E00005F30059BD2F8048052F8086B0992002BE2
:100E100080F2FC828B460A2E78F1000380F0E78393
:100E20003036059A9DF85F308DF83F61012AB8BFD2
:100E30000122029201220A920DF23F15002B01F0CD
:100E40005A84029B013302930023CDE90B330893AC
:100E50000E93C9E41BF0200F4BF01001CAD1099B7F
:100E60001A1D099B05981B684FF0000840458DF836
:100E70005F801E46C1F2FF8021F0800B002B40F006
:100E8000E9840992002840F09383CDE90B000A9091
:100E90000E900290089050ADA6E4059950AA521BFE
:100EA00091424FF00003B8BF1146CDE90B330893D0
:100EB0000A9202910E9397E40822002120A8FBF7E2
:100EC0009BFF01231C44FFF7F4BBB4EB0508064667
:100ED00011D02599269B013143440729C7E90058C1
:100EE0002693259100F3D3800837069B434406934D
:100EF000002E7FF4FAAB269B002B40F09E86049BCD
:100F00000022B3F90C3025924CE0079B02995E1A3F
:100F1000002E7FF797ACAD49259B0F91102E24DD55
:100F200038464FF010082F4619462546A74C04E0D6
:100F3000103E102E00F1080013DD01311032072998
:100F4000C0E90048CDE92512F2DD049924AA5046F3
:100F500001F060FCE8B9103E102EDDE9251227A84B
:100F6000EBDC2C460B463D46074601330F993960B2
:100F70003244072BCDE925327E6000F32084083708
:100F800060E4049924AA504601F044FC00283FF490
:100F900083AC089B1BB108995046FCF7EFFD049BFE
:100FA000B3F90C30049A526ED00702D49A0540F17E
:100FB000D3845B0601F14B83069851B0BDEC028BE4
:100FC000BDE8F08F109B11991A44C7E90013259BC7
:100FD00026920133072B259300F3F08607F10801D1
:100FE0000028C1F2C0810D980D6001330244072B27
:100FF000CDE92532486046DD049924AA504601F027
:1010000009FC0028C5D1269A27AF31E40D98259B0D
:10101000012802F1010203F1010307F1080140F385
:1010200056810120072BCDE925323D60786000F321
:1010300042841098119E01330244072BC1E90060DD
:10104000CDE9253200F32A8408310D98B5EE408BA6
:10105000F1EE10FA00F1FF3600F096810133013510
:101060003244072BCDE925320D604E6000F33B8101
:1010700008311298486001330244072B1CA8CDE9BF
:1010800025320860B8DC01F10807FFF7F1BB0499CD
:1010900024AA504601F0BEFB002880D127AF24E7E8
:1010A000049D5046294601F0CFFD002841F0C8823A
:1010B000B5F90C3003F01A020A2A7FF4EAAA04995F
:1010C000B1F90E20002AFFF6E4AA4A6ED60702D430
:1010D0009D0540F18186049923464246504601F021
:1010E00059FB0690069851B0BDEC028BBDE8F08F1D
:1010F00098055FD599047FF5B2AA97047FF5BCAA3D
:1011000001F0ACBA04990F9324AA504601F082FB77
:1011100000287FF43EAF269A0F9B27AFFFF77EBBD8
:1011200004990F9324AA504601F074FB00287FF421
:1011300030AF269A0F9B27AFFFF781BB102D259B61
:1011400041F30D81A046DDF81090214C102604E0FB
:10115000103D102D07F1080715DD01331032072B64
:10116000C7E90046CDE92532F2DD24AA49465046BA
:1011700001F050FB00287FF40CAF103D102DDDE98D
:10118000253227AFE9DC21464446884601332A440C
:10119000072BC7E90085CDE925327FF772AB0499AB
:1011A00024AA504601F036FB00287FF4F2AE269ABE
:1011B000FFF767BB049DA86DFCF7F0F9B5F90C309B
:1011C0006A6E9E043FF552AAFFF749BA4C4E0020C2
:1011D000984800201998002840F32F810B9B0D9907
:1011E0008B42A8BF0B46002B98460ADD1A44C7E97C
:1011F0000053259B26920133072B259300F3D487B8
:1012000008370B9EB8F1000FA8BFA6EB0806002E0A
:1012100000F35A840B9B1BF4806F03EB050940F02D
:101220003D86199B0D998B4203DB1BF0010F00F0EB
:10123000E784109911980A44C7E90001259926927C
:1012400001310729259101F3148008370D996E1893
:10125000A6EB0906CD1AAE42A8BF2E46002E0BDD26
:10126000259BC7F8009001333244072B7E602692FD
:10127000259301F356800837002EA8BFAD1B002D23
:101280007FF7F6AA8C49259B0F91102D40F3FC8324
:10129000A146DDF8108010260C4604E00837103D0A
:1012A000102D40F3F08301331032072BC7E90046BD
:1012B000CDE92532F2DD24AA4146504601F0AAFAD2
:1012C00000287FF466AEDDE9253227AFE7E71BF0A3
:1012D000010F7FF4A6AE0120072BCDE925323D603A
:1012E00078607FF7C6AE049924AA504601F092FABE
:1012F00000287FF44EAEDDE9253227A9B9E625990D
:10130000102E404640F3FF870F943A46A846049CAF
:101310006A4D1F4604E0103E102E02F1080216DD51
:101320000131103010230729CDE9251015605360D5
:10133000F1DD24AA2146504601F06CFA00287FF422
:1013400028AE103E102EDDE9251027AAE8DC3B462A
:101350000F9C17462A464546904601F1010C32186B
:10136000BCF1070FCDE925C2C7F800807E6000F30D
:10137000FB829DF85F10083700295AD1002B3FF4FB
:1013800061AA0B46FFF74DBA0D9801287FF771AEA1
:10139000112849480F9040F38C83A046049F1025E4
:1013A000044604E00831103E102E40F381830133DF
:1013B0001032072BC1E90045CDE92532F2DD24AA20
:1013C0003946504601F026FA00287FF4E2ADDDE907
:1013D000253227A9E7E7049924AA504601F01AFA12
:1013E00000287FF4D6AD269A27AFFFF731BA9504CF
:1013F0007FF542A901F02BB91BF0010F3FF438AA89
:10140000FFF73CBB09932378FFF779B956EA080345
:1014100021F0800B7FF4FFAC059B002B40F0C880CF
:10142000CDE90B330A930E930293089350ADFFF767
:10143000DBB91E460023FFF7E3B9259B204939603D
:10144000013301320121072B26922593796000F3A5
:101450006086083700287FF4B5AD0D990BF00103C5
:101460000B433FF405AA109B11991A44C7E90013D6
:10147000259B26920133072B259300F39F8407F1C8
:101480000801B0E51BF0100F40F00A831BF0400F7D
:1014900040F0C5831BF4007F00F00283099A06998F
:1014A000126811703FE4099B1A1D099B09921B6881
:1014B0000021FFF77EBB00BF4C4E00209848002063
:1014C000B8200020B4EE488BF1EE10FA80F1FA87D4
:1014D000B9F1610F00F0A886B9F1410F00F0B783B0
:1014E000059B013300F0CB87B9F1670F18EE903AF6
:1014F0004BF4807800F07A87B9F1470F00F07687D7
:101500000023089318EE903A002BC0F26A87B0EEE1
:10151000487B0026A9F14103252B00F21E83DFE85A
:1015200013F08A071C031C031C036004B1041C0392
:101530001C031C031C031C031C031C031C031C03B3
:101540001C031C031C031C031C031C031C031C03A3
:101550001C031C031C031C031C031C031C031C0393
:101560001C038A071C031C031C036004B1045B46B4
:1015700021E4099A1BF0100052F8043B41F0DA8094
:101580001BF0400100F05B818DF85F009BB2059974
:101590004FF0000841451E46C0F25C812BF0800BE5
:1015A000002B40F05781059B0992002B3FF438AF88
:1015B000002635E4099A0432099909920E684FEA27
:1015C000E6789B464346002BBFF602AC2D238DF8F0
:1015D0005F30059B764268EB4808002BFFF61BAC9A
:1015E0000A2E78F100032BF0800BFFF419AC029463
:1015F000CDF8289050A9DDF8509008974FF0000CD6
:101600000BF4806426E016EB0803B94843F10003AD
:10161000A0FB032020F0030202EB90029B1AF31AB6
:10162000B3484FF0CC32B646474602FB03F268F1AE
:10163000000800FB0822A3FB0063BEF10A0F13445D
:101640004FEA560677F10007294646EAC3764FEA85
:1016500053082DD3A64D16EB080343F10003A5FB59
:10166000032020F0030202EB90029B1AF31AA3FB63
:10167000053268F1000005FB00225B0843EAC273F3
:1016800003EB8303A6EB430330330CF1010C01F8A9
:10169000013C4D1E002CB6D099F800306345B2D104
:1016A000BCF1FF0FAFD00A2E78F1000380F09A84CE
:1016B0000599029CCDF8509050AB5A1B9142B8BF8F
:1016C0001146DDF82890089F9DF85F30CDF834C0B2
:1016D0000A920291FFF7B2BB5846FFF761BA854EF6
:1016E0001BF0200F00F0CD80099B073323F0070388
:1016F0001A46586852F8083B09921BF0010140F065
:10170000AC80059A8DF85F10002AC0F2EA8053EA97
:1017100000022BF4906B00F0FC8003F00F02B25C2F
:101720008DF83F211B0943EA0073020953EA1010A8
:101730000DF23F150BD003F00F001B09305C05F8CC
:10174000010D43EA0273120953EA0200F3D1059A2C
:1017500050AB4FF0000E5B1B9A42CDE90BEEB8BFC9
:101760001A460A930292CDF820E0CDF838E000291D
:101770003FF43AA8029BDDE925C2023302931BF035
:1017800084039046614604D1079E0298361A002EC3
:1017900006DCBEF1000F3FF444A80226FFF730B884
:1017A0000223ADE5544E9BE74BF0020B0992524EDB
:1017B00003F00F020221B25C4FF07809B0E7049900
:1017C00024AA504601F026F800287FF4E2AB269ABE
:1017D00027AFFFF737B8049924AA504601F01AF84A
:1017E00000287FF4D6AB269A27AFFFF754B9059BA4
:1017F0000895062B28BF062302930A932B460595CE
:10180000CDE90B333D4DCDF824800E93FEF7ECBFB0
:101810000822002122A8FBF7EFFA099A37AD1268D7
:1018200022AB2946504602F09FFA0A90013000F0A0
:1018300086800A9B23EAE3730293FFF7A4B81BF4A4
:10184000007840F0F68105998DF85F8000291E46EA
:10185000BFF6A4AE0992FFF7DEBA53EA00024FD0FA
:1018600030228DF8602000228DF85F20059A8DF8D7
:101870006190002A32DB2BF4906242F0020B0221CD
:101880004BE7099A1BF0100F52F8043B099223D141
:101890001BF0400F1CD09BB200202EE7049924AA15
:1018A000504600F0B7FF00287FF473ABDDE9253226
:1018B00027A9FFF7CABB049924AA504600F0AAFF43
:1018C00000287FF466ABDDE9253227A9FFF7B1BB1D
:1018D0001BF4007F40F0A08100200EE74BF0020BCC
:1018E000022103F00F022BF4806BB25C18E700BFFB
:1018F000CDCCCCCC143D0020003D0020283D002064
:10190000059B00218B428DF85F10C0F2E9832BF418
:10191000906B059A002A00F0C980012A33788DF86F
:101920003F31B8BF0122002302920122CDE90B33DF
:1019300008930A920E930DF23F15FEF755BF0498D7
:10194000B0F90C30426E43F040018181D00700F1C4
:101950007E86990500F17B86049CA06DFBF720FE36
:10196000B4F90C30FFF725BB04990F9324AA504615
:1019700000F050FF00287FF40CAB9DF85F10269A12
:101980000F9B002900F0C6801E46DDF894C0034678
:1019900027AFFEF735BF059B0A93CDE90B330E93B6
:1019A000089350ADFEF720BF5046FBF70DF8FEF749
:1019B0004CBE049924AA504600F02CFF00287FF466
:1019C000E8AA269A27AFFFF754B80822002122A8D8
:1019D0001B95FBF711FA059B002BC0F273830026C1
:1019E0000294CDF82080344698460EE037A9504640
:1019F00002F0BAF9431C204400F04985404509DC57
:101A000006F1040600F0B48504461B9A925922ABF5
:101A1000002AEBD10A94DDF82080029C0A9B002B5F
:101A200000F06783632B40F3BE84591C5046FAF7DD
:101A3000D9F80546002800F0888608900822002181
:101A400022A8FBF7D9F90A9E22AB00931BAA3346C2
:101A50002946504602F0B0F9864240F087860A9A3D
:101A60000023AB5422EAE27202929DF85F200593B4
:101A700012B1029A01320292CDE90B33CDF82480E3
:101A80000E93FEF7B1BE4C4601330F9939602A44DC
:101A9000072B7D60CDE925327EF7E9AEFFF7ACBAC2
:101AA000099A069912681160FFF73DB9059BB7E4E2
:101AB000444601330F9808603244072BCDE92532A4
:101AC0004E607FF7D5AA0EE4102E259B40F31086BA
:101AD000B848DDF810800F9039464FF010090746DE
:101AE00004E00831103E102E40F3DE820133103244
:101AF000072BC1E90079CDE92532F2DD24AA414660
:101B0000504600F087FE00287FF443AADDE9253225
:101B100027A9E7E7002B7CD0DDF894C00B4627AF60
:101B2000FEF77FBE1BF4007F16BF46F3C0184FEAD6
:101B3000E67876B24346FFF748B91BF4007174D0DB
:101B4000DBB2099258460021FFF733B89DF85F30A9
:101B500002920A9250ADFFF771B922AB01931BAB11
:101B60000093B0EE470B059A19AB022150468DED5C
:101B7000027B01F0E3F99DED027B05461BF0010FAE
:101B800040F0CA83229B5A1B199B0D92D91C0B93C0
:101B9000C0F27C8305999942C0F220839A4200F3F7
:101BA000D3830B9B0A931BF4806F03D00B9B002BFA
:101BB00000F3EB840A9B23EAE373C34602934FF0DE
:101BC000670900230E930C930BF00201002E00F026
:101BD0005D814FF02D0E8DF85FE0029B0133029383
:101BE00000230593C3E5059B0992CDE90B330E93C2
:101BF0000A93029350AD4FF078099E460893B9E5D9
:101C00006E18A6EB0906CD1AAE42A8BF2E46FFF706
:101C100033BB27AFFEF716BEDBB200206DE5099A95
:101C2000069912681180FFF77EB809925846FEF7B0
:101C3000C0BF8DF85F10DBB2A9E4049924AA504616
:101C400000F0E8FD00283FF45AA9FFF7A8B945F6CF
:101C50003003ADF86030059B632B4BF0020B00F3B3
:101C6000008418EE903A002BC0F2DF83B0EE480BF0
:101C700019A801F06BF8B4EE007B20EE077BB5EEFF
:101C8000407BF1EE10FA01D10123199300264A4856
:101C9000089637AD0599B3EE004B2B4606E0B5EE3E
:101CA000407BF1EE10FA00F04384114627EE047BEE
:101CB000FDEEC76B4A1E16EE90CA10F80CE0B8EEA7
:101CC000E65B9C4637EE457B03F801EB0029E6D145
:101CD000B6EE005BB4EEC57BF1EE10FA08DCB4EEB4
:101CE000457BF1EE10FA1ED116EE902AD2071AD5D6
:101CF000CDF888C013F8011C90F80FC08C451A4627
:101D00000AD14FF0300E02F801EC229A511E2291B6
:101D100012F8011C6145F6D0392916BF0131817ACC
:101D2000C9B202F8011C199A5B1B0D93B9F1610F3E
:101D300002F1FF33199300F0A48450214FF04109C0
:101D4000002B8DF87010C0F292842B22092B8DF895
:101D5000712000F3AB820DF17202303302F8013BC7
:101D60001CABD31A12930D9B129A012B1A440A92A0
:101D700040F397830A9B109A13440A930A9A2BF410
:101D8000806343F4807B22EAE2720023CDE90B33C7
:101D90000E93029218E72846FBF7E0FD9DF85F30AE
:101DA0000A9020EAE0720292002B3EF4C9AEFEF7E0
:101DB000C5BE00BF4C4E0020143D0020049924AA4B
:101DC000504600F027FD00287FF4E3A8DDE9253226
:101DD000199827A9FFF704B9886DFBF7E1FBFFF716
:101DE0007AB9059B01330D93022122AB01931BAB02
:101DF0000093B0EE470B19AB0D9A50468DED027B68
:101E000001F09CF80D9B29F0200CBCF1460F9DEDD4
:101E1000027B054600EB030100F09681B5EE407BA6
:101E2000F1EE10FA00F06883229B8B4238BF4FF02E
:101E3000450C80F05F8330205A1C22921870229B40
:101E40008B42F9D35B1B0D93BCF1470F199B0B938E
:101E500000F0BD81BCF1460F00F08C810B9B8DF82A
:101E60007090013B002B1993C0F217822B22092B93
:101E70008DF8712000F31A8230228DF872200DF156
:101E800073026AE7059B0D930321AEE79DF85FE0BF
:101E9000BEF1000F7FF4A1AE059668E40D9BDDF85E
:101EA0003880CDF83CB0EB1805930C9BDDF810B0F2
:101EB0000B94002B4E463946DDF85090159F0E9539
:101EC0002EDDB8F1000F7ADD08F1FF382598139B5D
:101ED00001303A440728C1E900372692259063DC97
:101EE0000831059B99F800009D1B8542A8BF054657
:101EF000002D0BDD259801302A440728C1E9006533
:101F00002692259061DC99F800000831002DACBFC5
:101F1000441B0446002C15DC06440C9B002BD0DC33
:101F2000B8F1000FD0DCDDE90D35EB189E42CDF89D
:101F300050900B9CDDF83CB0B1460F4628BF994647
:101F4000FFF76FB9102C2598B44B1FDD10250A93AD
:101F500004E0103C102C01F1080116DD0130AF4BFC
:101F600010320728C1E90035CDE92502F1DD24AAA8
:101F70005946504600F04EFC00287FF40AA8103C59
:101F8000102CDDE9250227A9E8DC0A9B0B60013053
:101F900022440728CDE925024C6000F3C78099F858
:101FA000000008310644B8E724AA5946504600F01C
:101FB00031FC00287EF4EDAF269A27A991E70C9B0F
:101FC000013B09F1FF390C9380E724AA594650469A
:101FD00000F020FC00287EF4DCAF99F80000269A7F
:101FE00027A993E7159A1399AD1A2846FAF7ECFF3B
:101FF00099F801300BB109F10109894A16EB080380
:1020000043F10003A2FB030727F0030000EB970056
:102010001B1AF31A4FF0CC3168F1000803FB01F1F1
:1020200002FB0811A3FB023001445B0843EAC176BE
:102030004FEA510816EB080343F10003A2FB03101B
:1020400020F0030101EB90015B1AF31AA3FB0231AC
:1020500068F100005B0802FB001243EAC27303EB65
:102060008303A6EB4303303305F8013C4FF0010C2A
:10207000013DFFF711BB09928B46FEF7CCBE2D2325
:102080008DF85F30B9F1470F4FF0000308930593C7
:1020900040F356810322634D0A92CDE90B330E9330
:1020A00004230293FEF7A0BB0F4601330F9939605A
:1020B0003244072BCDE925327E6000F38681083754
:1020C000FFF7A8B822AB009300231BAA194650467D
:1020D00001F072FE0A90013000F0D9811B959DE459
:1020E00033788DF83F312BF4806B0DF23F15FFF7FD
:1020F0002EBB9DF85F30CDF82480003B18BF012334
:1021000002930A9B0593CDE90B330E930893FEF7D8
:102110006BBB049924AA504600F07CFB00287EF497
:1021200038AF1998269A27AFFFF794B924AA5946D1
:10213000504600F06FFB00287EF42BAF99F80000AA
:10214000269A27A90644E8E62B78302B00F0D781A1
:10215000199B1944B5EE407BF1EE10FA30D0229B6A
:102160008B42FFF468AE5B1B0D93BCF1470F199BCC
:102170000B932CD00B99059A0BF00103002943EA2D
:10218000020340F39F82002B40F02C820B9B0A93AA
:102190004FF066091BF4806F40F0F9810A9B23EA37
:1021A000E373C34602930CE5049924AA504600F059
:1021B00031FB00287EF4EDAE269A27AFFFF721B859
:1021C000199B0B934B1BBCF1470F0D93D2D10B9B6B
:1021D00003335BDB059B0B9A934210DA0B9B013BAD
:1021E000A9F10209002B8DF870901993BFF63EAE4D
:1021F0000B9B2D22C3F101038DF871203CE60D9B52
:102200000B9A934200F3A0801BF0010F0B9B00F090
:10221000F181109A13440A93C5E400BF4C4E00208C
:10222000CDCCCCCC943B002047F63003ADF86030E9
:10223000059B632B4BF0020B00F3138118EE903AD1
:10224000002BC0F2F280B0EE480B19A800F07EFD22
:10225000B4EE007B20EE077BB5EE407BF1EE10FA8A
:1022600040F0DD8101230026199337AD0896B94867
:1022700010E5049924AA504600F0CCFA00287EF418
:1022800088AE199B269A27AFFEF7E0BF0B9BA9F1FA
:102290000209013B8DF8709019930B9A2D238DF84C
:1022A0007130C2F101030832BFF6E6AD0DF17F0CCB
:1022B000DFF8B4E262461046AEFB0312D20802EB2E
:1022C0008201A3EB41013031632B00F8011C13465E
:1022D00000F1FF32EFDC303302F8013C831E63452E
:1022E00080F00F820DF1710213F8011B02F8011F3B
:1022F0006345F9D103F5A0736B44CC3B1B1A1CAAB0
:102300009B1A12932FE5DFF86482FFF726B80023AB
:102310000C460593FEF7F5B9059B4FF0470CE918FD
:1023200018E7049924AA504600F074FA00287EF4B5
:1023300030AE199D0D9B269A5D1B27AFFEF79CBF03
:102340000322854D0A92A8E60D9B109A9A180B9BC2
:102350000A92002B40F3AA804FF067091AE7DFF8D2
:102360000C82FEF713BF464210307C480F901FDAF4
:102370001027804603E00831103E102E18DD01338F
:102380001032072BC1E90087CDE92532F3DD04992E
:1023900024AA504600F03EFA00287EF4FAADDDE9AA
:1023A000253227A9E8E70023089337ADFFF746BB9E
:1023B00001330F9808603244072BCDE925324E6077
:1023C00000F320810831FEF70EBE049924AA50467E
:1023D00000F020FA00287EF4DCAD269A27AFFEF745
:1023E00019BF2D26B1EE487BFFF794B8059A002A55
:1023F00000F04A81002BC0F26181B0EE487B0026DC
:1024000022AB01931BAB0093B0EE470B19AB059ABF
:10241000022150468DED027B00F090FD00239DEDE2
:10242000027B05460893FFF7A9BB0023089337AD4D
:102430002D26B1EE487BB0EE470B19A800F086FCC4
:10244000B4EE007B20EE077BB5EE407BF1EE10FA98
:1024500004BF01231993B9F1610F3FF408AF40485D
:1024600018E4059B5046591CF9F7BCFB05460028AB
:102470003FF465AA08904BF48078FFF743B8002337
:102480000893062305934BF48078FFF73BB8049B31
:102490009B890022089243F04003049A9381FEF73F
:1024A00078BD1BF0010F3FF469AC63E4C3F1010395
:1024B0001A4422EAE273C3460A9202934FF0670974
:1024C000FFF77FBB18EE903A13F000432BF0800B20
:1024D0000B9300F0E1802D238DF85F30B9F1470FA9
:1024E0004FF000030893059340F30F8103221D4D25
:1024F0000A92D2E55B1B0D93199B0B93AEE4B5EEEC
:10250000407BF1EE10FA78D1199B0B93194459E6F0
:10251000CDF82480002B00F08880059B0A935A1C7C
:10252000029205900E900C904FF07309FEF75CB983
:10253000002A0591FFF6F7AB0599302001EB030C5B
:10254000194601F8010B6145FBD11A44531CFFF7F2
:10255000EABB00BF003D0020F83C00204C4E0020AC
:10256000143D0020903B0020CDCCCCCC98480020DE
:10257000059B029CDDF820800A93FFF74FBA0023E9
:10258000032208930A92059387E54FF0670914998F
:102590000B78FF2B00F0D18000200B9A0E90844620
:1025A00003E001300131FF2B09D0934207DAD21A40
:1025B0004B78002BF5D10B780CF1010CF3E7CDE94A
:1025C0000B201491CDF838C00C9A0E9B159913442A
:1025D0000A9A01FB03230A9323EAE373C346029397
:1025E000FFF7F2BA109B02EB01094B440A934FF03C
:1025F0006609CFE50A93FFF7D6BA0D9BC3F1010335
:102600001993A6E5049924AA504600F003F900287E
:102610007EF4BFACDDE9253227A9FEF7E4BC002635
:102620005848089637ADFFF735BB059B0A930293D0
:10263000089B0E930C9305934FF07309FEF7D4B8E3
:10264000049A536EDB0702D493899F0579D54FF026
:10265000FF330693FEF7B0BCD007F8D4049B9B89E8
:102660009905F4D4049B986DFAF79AFFEFE72D23B0
:102670008DF87130C2F101030832FFF617AEFFF793
:102680006ABB7021FFF75CBB934242DBB0EE487B34
:102690000123059E0593B3E69DF85F30B9F1470F1E
:1026A000CCBF394D394D002B55D1032205930A92E9
:1026B0000E930C9308930292FEF796B82D26B1EE76
:1026C000487B9DE6C34633B9012302934FF0660968
:1026D0000A93FFF776BA109B03F10109059B4B445F
:1026E0000A9323EAE37302934FF06609FFF769BA8E
:1026F00027490F91D9E4CDE90B3308930E93FEF7E8
:1027000073B802231293FFF72EBB03221F4D0A92C8
:10271000C3E401232D260593B1EE487B70E6099AA8
:1027200063780C4652F8041B099241EAE171059165
:10273000FDF7E5BF5946FEF794BB00230E930C93BB
:1027400042E7906DFAF72CFF81E7049B08909B8984
:1027500043F04003A1E6002305930E930C930893E6
:1027600003230A9304230293FEF73EB8049B9B893C
:1027700043F0400391E65846FEF797BE5B46FEF7EE
:102780001BBF00BF003D0020903B0020FC3C002010
:102790004C4E0020F0B50D46ADF2744D16468989B9
:1027A0006A6E1B92EA89ADF8162021F00201EA69EF
:1027B000ADF8141009921CA96A6A029107460691A5
:1027C0000B924FF48061002218A8019304910791A5
:1027D0000892FAF7DFFE3246019B02A93846FDF760
:1027E00015FF061E07DB02A93846F9F7C9FF0028C6
:1027F00018BF4FF0FF36BDF814305B0603D5AB8928
:1028000043F04003AB811898FAF7C6FE30460DF24C
:10281000744DF0BD936810B514461BB918460023DB
:10282000636010BD00F094F80023A3600023636090
:1028300010BD00BF2DE9F0411546926802B32C6827
:1028400007468846083401E00834C9B16B68581E51
:10285000002B1146686013DD54F8046C002EF3D091
:10286000334654F8082C4146384602F02BFC431CF2
:1028700007D0AA68921B1146AA6008340029E5D146
:1028800000200023C5E90133BDE8F08170B50029BF
:1028900041D006460C4610B1436B002B3ED0FAF7F0
:1028A000B1F8636EB4F90C20DD0730D4900538D54B
:1028B00021463046F9F7CAFEE36A054633B1E169BD
:1028C000304698470028B8BF4FF0FF35A3891A0655
:1028D00039D4216B41B104F14003994202D0304612
:1028E000FBF74CF900232363616C21B13046FBF701
:1028F00045F900236364636E0022DB07A2811ED5C5
:10290000A06DFAF749FEFAF783F8284670BD002A51
:10291000CED1FAF77DF80025284670BDFAF754F8B5
:10292000BDE7A06DFAF73AFEB4F90C30002BBFD129
:10293000636ED907EDD4A06DFAF732FEE9E7A06D1A
:10294000FAF72EFEDCE721693046FBF717F9C0E7FE
:102950009368002B00F0B7802DE9F04FB1F90CC05F
:102960001CF0080F83B00C46804617462DD00B692B
:102970005BB31CF002033E6833D04FF0000ADFF86F
:10298000C4B25546B9465D452B46524628BF5B4604
:102990004046B5B1E169676AB847002840F38B80CB
:1029A000D9F808301B1A8244C9F80830002B79D0B6
:1029B0002D1A5D452B46524628BF5B464046002DEA
:1029C000E8D1D6E900A50836DDE72146404600F00B
:1029D0003BF9002874D1B4F90CC03E681CF0020326
:1029E000CBD11CF0010A70D1236800975546002D09
:1029F00054D01CF4007FD4F80890184600F0AB8047
:102A0000A945CB4600F2E4801CF4906F34D02169D4
:102A10006269A3EB010902EB420202EBD27209F1F7
:102A2000010352102B44934294BF93469B4693421A
:102A300088BF1A461CF4806F00F0E98011464046BA
:102A4000F9F7D0F8002800F0F7804A462169019094
:102A5000F5F792FAA289019B22F4906242F080027B
:102A6000A28103EB09002361ABEB0903C4F814B0A6
:102A7000A3602060A946AB4651465A46FAF72AF9A8
:102A8000A2682368A2EB0902A260009A91685B44E5
:102A9000491B2360916029B1B4F90CC0D6E900A5A7
:102AA0000836A4E7002003B0BDE8F08F2146404679
:102AB000F9F766FE68B3B4F90C3043F04003A38124
:102AC0004FF0FF30EFE7002070471D469A4618464A
:102AD000B946009365B3002831D05246D4E90413B7
:102AE0002068AA4228BF2A46884204D9A16803EB7D
:102AF000010B5A457CDC93426DDCE169009A676A00
:102B00004046B847B0F1000BD5DDBAEB0B0ACDD08B
:102B10000120D9F80830A3EB0B03C9F80830002BCB
:102B2000C0D0009BA5EB0B055B440093002DD2D1D8
:102B3000756833460836002DFAD01B680093009F55
:102B40002A460A213846FAF7B9FE002871D001302A
:102B5000A0EB070AC1E722699A4221D36269AA421F
:102B60001ED86FF00043AB4228BF2B46E16993FBB0
:102B7000F2F3676A02FB03F340465246B847B0F1EE
:102B8000000998DD009A9368A3EB0903A5EB0905FA
:102B90009360002B86D0B4F90CC02368CA4426E7A2
:102BA000A94528BFA94618464A465146FAF792F861
:102BB000A2682368A2EB09024B44A2602360002AAA
:102BC000E0D121464046F9F7DBFD0028DAD072E774
:102BD000A946AB4650E700990192FAF77BF8019AB3
:102BE000A3689B1AA36023681344236093468CE771
:102BF00000995A46FAF76EF823685B442360214631
:102C00004046F9F7BDFD00283FF47FAF53E740464B
:102C1000F9F7D4FA034600287FF423AF2169404630
:102C2000FAF7ACFFA3890C22C8F8002023F0800338
:102C300043E76A1C924651E70C22B4F90C30C8F8FD
:102C400000203AE700FCFF7F10B5354B04461868BA
:102C500082B00B4610B1426B002A53D0B3F90C205E
:102C6000110711D51869C8B1B3F90C2012F0010190
:102C700026D059694FF0000C4942C3F808C0996149
:102C800020B3002002B010BDD00640D5510723D498
:102C9000186942F008029A810028E5D19A8902F465
:102CA0002072B2F5007FDFD019462046019302F072
:102CB0006BFA019BB3F90C20186912F00101D8D10D
:102CC000940758BF596999600028DAD11106D9D5FF
:102CD00042F040029A811FE0196B61B103F140009C
:102CE000814206D020460193FAF748FF019BB3F9D1
:102CF0000C200021196318690021C3E9000122F0AA
:102D00002402C6E70191F9F75FFE019BA6E70921BE
:102D100042F0400221609A814FF0FF30B2E700BFDD
:102D20008C57002059B1034600EB010C02E001333F
:102D30009C4504D01A78002AF9D1181A7047084621
:102D4000704700BF00487047FC5600204DF804BD96
:102D500083B08DED000B019ADFF870C022F00043C4
:102D600000216345016025D8DDF800C053EA0C0C52
:102D700020D0DFF85CC002EA0C0CBCF1000F0AD1D5
:102D80009FED107B20EE077B8DED007B019A6FF0AD
:102D9000350122F00043DDE900BC6FF31E5242F022
:102DA0007F5C1B154CF4001CA3F2FE33CDE900BC84
:102DB0000B4403609DED000B03B05DF804BB70474E
:102DC000AFF300800000000000005043FFFFEF7FE2
:102DD0000000F07F00B50B4C2468864685B0E068A3
:102DE0009C460C4652B108490094CDE90112734645
:102DF0000649624600F0ECFFF5F750FB04490A462D
:102E0000F2E700BF8C570020303D0020403D0020FD
:102E1000881400202DE9F04F03690C69A34283B0A8
:102E2000C0F28880013C01F1140500F1140855F846
:102E3000243058F82420013308EB84069A42009687
:102E40004FEA840B05EB8407B2FBF3F63AD3002379
:102E50000191C64629469C4651F8042BDEF80090A5
:102E60001FFA82FA06FB0A334FEA134A120C06FBDA
:102E700002A29BB21FFA89FAAAEB030363441FFA6A
:102E800082FCCCEB234C0CEB194C9BB243EA0C4379
:102E90008F424EF8043B4FEA2C4C4FEA1243DBD2F0
:102EA00058F80B3001996BB9009B043B984504D34B
:102EB00007E0984504F1FF3403D21A68043B002A66
:102EC000F7D004618146FBF72FFA00282EDB01368C
:102ED0004146002255F8040BD1F800C01FFA80FECD
:102EE0001FFA8CF3A3EB0E031344020CC2EB234234
:102EF00002EB1C429BB243EA0243AF4241F8043B5F
:102F00004FEA2242E6D258F8242008EB84036AB93B
:102F1000043B984504D307E0984504F1FF3403D2FD
:102F20001A68043B002AF7D0C9F81040304603B0B5
:102F3000BDE8F08F002003B0BDE8F08F2DE9F04F21
:102F400093B08DED000B0491816B1C9D069257ECA4
:102F5000106B0446089341B1C26B4A600123934051
:102F60008B60FAF757FF0023A363B7F10008B4BFE3
:102F7000012300232B60A34BBCBF28F00048CDF8F1
:102F8000048033EA080300F092809DED007BB5EEEB
:102F9000407BF1EE10FA0DD1089A012313601D9BBE
:102FA00013B11D9A984B1360984B0293029813B07B
:102FB000BDE8F08F10AAB0EE470B11A920468DEDA9
:102FC000027BFBF791FA5FEA18539DED027B109AA2
:102FD000834640F08280119B134403F23241202942
:102FE00040F3E281C1F1400108FA01F803F2124115
:102FF00026FA01F148EA010106EE101AB8EE466B16
:10300000013B16EE901A4FF00108A1F1F8719FED07
:10301000772BB7EE081B9FED775B9FED784B06EEA5
:10302000901A03EE903A36EE416BB8EEE33BA6EE13
:10303000025BB0EE456BA3EE046BFDEEC65BB5EE36
:10304000C06BF1EE10FACDED055A00F1C080059984
:10305000D21A162902F1FF3A00F2A4806C4B03EB5E
:10306000C10393ED006BB4EEC67BF1EE10FA00F1F4
:10307000A281002A40F3C0840027CDE90A178A44C0
:1030800000230993049B092B3DD8052BC4BF043BA7
:103090000493049BA3F10203CCBF00250125032B5D
:1030A00033D8DFE813F0FA01F701ED019201089A35
:1030B000C8F3130842F20F7358EA060813601BD1D5
:1030C0001D9B002B00F04286524B029308331D9A41
:1030D0000298136013B0BDE8F08F17EE901AB0EEAF
:1030E000476BC1F3130141F07F51A3F2FF3341F469
:1030F00040114FF000088AE71D9B002B40F06181D2
:10310000454B029352E7002304930025E5632946CB
:1031100020468DED067BFAF753FE9DED067B02906F
:10312000002800F0B485119A029BA363002A75DB86
:1031300005990E2972DC364B03EBC10393ED003B7E
:1031400087EE036BBDEEC66B029916EE103A303374
:1031500001F8013B4FF0FF39B8EEC65BA5EE437BAB
:103160000123B2EE044B11E087EE036BBDEEC66B9C
:10317000013316EE102A4B4502F13002B8EEC65B61
:1031800001F8012BA5EE437B00F0A38427EE047B1E
:10319000B5EE407BF1EE10FAE6D1059B01330493C6
:1031A0000D46ECE001230B93059BBAF1000FBABF6B
:1031B000C2F101074FF0000A0027002B80F2F180D6
:1031C000059BFF1A5B42099300230A935AE7B8EE66
:1031D000E55BB4EE465BF1EE10FA3FF438AF0599CB
:1031E0000139059133E700BFAFF3008061436F639E
:1031F000A787D23FB3C8608B288AC63FFB799F5010
:103200001344D33F0000F07FB9200020B8200020F5
:10321000A8020020703D00207C3D00204FF0FF39C7
:103220000695CDF83090B8F1000F00F0E984DDF894
:10323000248002F23342012120469244BD18FAF75D
:10324000AFFE0646002F40F09F82099B002B00F046
:103250009383B8F1000F40F077835946099A2046CE
:10326000FAF790FF01238346099301212046FAF7DC
:1032700097FE0A9B8046002B40F04582049B012B61
:1032800040F3AA820120504410F01F0000F0088192
:103290001B2800F3D582C0F11C000544074482447A
:1032A000002D05DD59462A462046FAF7C7FF83461A
:1032B000BAF1000F05DD414652462046FAF7BEFF3F
:1032C00080460B9B002B40F00082B9F1000F40F3C9
:1032D000D781099B002B40F02481059B0133049387
:1032E000029F012507E0594600230A222046FAF7EB
:1032F0009BFD0135834641465846FFF78BFD4D4502
:1033000000F1300A07F801ABEDDB029BB9F1000FC9
:1033100003F1010209F1FF394FF00003D8BF4FF06C
:10332000000991440093594601222046FAF786FF8E
:1033300041468346FAF7F8FF002840F32083029ABB
:1033400002E0914500F026834D4609F1FF3915F85A
:10335000013C392BF5D0013389F800304146204635
:10336000FAF758FD5EB1009B2BB1B34203D019466A
:103370002046FAF74FFD31462046FAF74BFD5946F5
:103380002046FAF747FD00232B70089B049A1A6029
:103390001D9B002B3FF40AAE02981D6013B0BDE8E0
:1033A000F08F9A440A936BE6C1F1200106FA01F10D
:1033B00006EE101A22E6059B013B059300230B93B2
:1033C000F2E6AC4B0293033381E601230D93DDE972
:1033D0000523134403F101094E46012E0C93B8BF97
:1033E0000126172E40F39C84012204235B0003F185
:1033F0001400B042114602F10102F7D9E163204600
:103400008DED0E7BFAF7DCFC0290002800F03F8483
:10341000B9F10E0F9DED0E7BA06346D8002D44D070
:103420000599002940F3F182934B01F00F0203EB61
:10343000C203CD0593ED006B4FEA211340F18A835F
:103440008E4A92ED085B03F00F03032187EE054BD4
:10345000002B00F0FB81894A01E05B100832D8079D
:1034600003D45B100832DE07F7D592ED005B5B10EA
:1034700001F1010126EE056B00F0E8810832F2E768
:1034800001230D93069B002B40F38B81069E0C9627
:10349000B146A6E700230D9399E700230D93F1E7CA
:1034A0001C20054407448244FAE6119A002AC0F21F
:1034B0004081059B0E2B00F33C816F4B059A03EB7B
:1034C000C20393ED003B069B002B80F2ED82B9F125
:1034D000000F00F3E98240F08682B1EE046B23EE28
:1034E000066BB4EEC67BF1EE10FA494640F27C82E0
:1034F000029D312305F8013B2046FAF78BFC059B22
:10350000023304933BE7314600230A222046FAF7B0
:103510008BFC0C9B002B064640F3FA83DDF83090C1
:103520000595002F05DD31463A462046FAF786FE1E
:1035300006460A9B002B40F0F6823746029D6B1E22
:103540004B440A93009B03F001030C9341465846F9
:10355000FFF760FC31460B9000F1300A5846FAF74D
:10356000E3FE414681463A462046FAF7FDFEC3682F
:103570000146002B36D109905846FAF7D5FE099935
:1035800006902046FAF746FC069A002A5AD1049B78
:103590001BB90C9B002B00F0A483B9F1000F43DB97
:1035A0000A9BA9469D4209F801AB00F0D782594613
:1035B00000230A222046FAF737FCBE4283463146F2
:1035C0004FF000034FF00A02204635D0FAF72CFCEA
:1035D0003946064600230A222046FAF725FC4D46C6
:1035E0000746B3E72046FAF715FCB9F1000F08DBF0
:1035F000009B03F00102049B49EA030952EA090215
:103600002ED1594601222046FAF718FE414683463C
:10361000FAF78AFE002840F34183BAF1390F00F02F
:1036200024830B9B03F1310A05F801AB059B00963F
:10363000013304933E4691E6FAF7F6FB4D46064603
:10364000074683E7B9F1000FC0F28483049B49EA7F
:1036500003090C9B53EA090900F07C83002A9FDDD3
:10366000BAF1390F00F001830AF1010305F8013BBB
:10367000DCE700BF7C3D0020A80200208002002083
:10368000049B022B7FF725AEB9F1000F40F00082BA
:1036900041464B4605222046FAF7C6FB01468046C6
:1036A0005846FAF741FE484540F3F281029D312326
:1036B00005F8013B41462046FAF7ACFB059B023377
:1036C0000493002E7FF457AE59E641465846FAF768
:1036D0002BFE0028BFF6F9AD594600230A222046EA
:1036E000059DFAF7A1FB099B013D8346002B7FF462
:1036F0000AAF0C9B002B40F3FE82059BDDF8309057
:1037000004930595ECE51A4601462046FAF73AFD82
:10371000049B012B804640F3F98100230A93D8F8DB
:10372000103008EB83031869FAF7D0FBC0F12000D2
:10373000A9E50D9B73B9002F67D1099B002B74D1AC
:103740001D461E4691E5119A002A03DB05990E29B4
:103750007FF7B4AE049B012B7FF765AD099B09F1A0
:10376000FF384345C0F27781B9F1000FA3EB080899
:1037700080F2BE82A7EB0903012120460D93FAF7E0
:103780000FFC3D460D9F0646BAF1000F7FF75DAD79
:1037900057453B46A8BF5346ED1AFF1AAAEB030A4A
:1037A00053E50021E16320468DED067BFAF708FB27
:1037B0009DED067B0290002800F06982029BA363C6
:1037C000002D40F09F81119AAA42C0F27C82012311
:1037D0000C93994606936CE6009B002B7FF452AD48
:1037E000019BC3F31303002B7FF44CAD019B23F02B
:1037F00000431B0D1B05002B3FF444AD0123013595
:103800000AF1010A0A9318463DE5BAF1000F00F0EB
:10381000FE8157453B46099EA8BF5346FD1AAAEBB9
:10382000030A2F46002E3FF420AD5946099A204640
:10383000FAF7A8FC0023834609933D461E4614E58B
:103840001C283FF42DADC0F13C002AE684EE065B57
:103850000B9B3BB1B7EE006BB4EEC65BF1EE10FA1A
:1038600000F1E081B1EE0C4B06EE901AB8EEE66B7B
:10387000A6EE054B14EE901A53EC142BA1F15073E5
:10388000B9F1000F00F09B80DDF814C0484643EC0E
:10389000142BB64B029DFDEEC53B03EBC00212EDAF
:1038A000022B13EE902A02F1300E0D9A691CB8EE2D
:1038B000E36B0E4635EE466B002A00F05B81B6EEF8
:1038C000003B83EE025B35EE445BB4EEC65BF1EE8B
:1038D00010FA85F800E000F32782B7EE001BB2EE85
:1038E000043B002518E001358542BFF62CAF26EEDB
:1038F000036B25EE035BFDEEC64B14EE902AB8EE8B
:10390000E42B303236EE426BB4EEC56BF1EE10FABA
:1039100001F8012B00F1DF8131EE464BB4EEC54BCF
:10392000F1EE10FADFD5029A0CF1010C02E091429F
:1039300000F097810D4611F8013D392BF7D0013386
:103940000B70CDF810C01AE5314642462046FAF712
:1039500019FC5A46014606462046FAF74FFB5946DF
:103960000D902046FAF756FA099BDDF834B0B3EB18
:10397000080309937FF471AC0123099375E403D123
:103980001AF0010F7FF4DBAC4D4619F8013D302BE6
:10399000FAD0E3E4059B029A0233049331231370B7
:1039A000DCE406EE901AB1EE0C4BB8EEE66BA5EE39
:1039B000064B14EE901A53EC142BA1F1507343EC08
:1039C000142BB1EE046B35EE466BB4EEC46BF1EE26
:1039D00010FA00F35681B1EE444BB4EEC46BF1EE35
:1039E00010FA7FF562AD00212046FAF713FA069B24
:1039F000029D5B420493C2E4059B0A939A4600230E
:103A0000C2F101070B93FFF73BBB00F00781059A5A
:103A1000564B524202F00F0103EBC10393ED005BE2
:103A2000131127EE055B00F07981514A022101E074
:103A30005B100832DD0703D45B100832D807F7D5D6
:103A400092ED006B5B1001F1010125EE065B3FF486
:103A5000FFAE0832F2E7099B0A9AA8EB03031A4467
:103A6000012120460A92FAF79BFACA4407EB09059E
:103A70000646CDF82480002F3FF4EFAB57453B4678
:103A8000A8BF5346ED1AFF1AAAEB030AFFF7E5BBDE
:103A900041462046FAF7BEF9069B029D5B4204931D
:103AA000002E7FF468AC6AE4029B5E1C87EE036B19
:103AB000BDEEC66B029A16EE103AB9F1010F03F192
:103AC0003003B8EEC65B31461370A3EE457B7FF43E
:103AD00047AB37EE077BB4EEC37B059BF1EE10FAE4
:103AE00003F1010304939C4608DCB4EE437BF1EE42
:103AF00010FA05D116EE103ADB0701D5029A19E744
:103B00000D463CE40C95A946069589E4009B002BE4
:103B10007FF403AEDDE90012C2F31303002B00F0C3
:103B2000C4800A91FBE571682046FAF749F9054619
:103B3000002800F00481336902339A0006F10C0179
:103B40000C30F4F719FA294601222046FAF776FBE1
:103B50000746F3E40221B0EE474B79E4059B00965B
:103B600001333E460493FFF7DEBB00BFA8020020EE
:103B700080020020029A24EE022B012882F800E045
:103B800014D0B2EE043B029A151826EE036BFDEE3C
:103B9000C65B15EE902A303201F8012BA942B8EE2F
:103BA000E54B36EE446BF0D1711E0144B6EE005B7E
:103BB00032EE054BB4EEC64BF1EE10FA3FF5B3AE64
:103BC00035EE425BB4EEC65BF1EE10FA0DDC119AF5
:103BD000002AFFF6B0AD059A0E2A3FF7ACAD059A64
:103BE00003EBC20393ED003B60E70D46013915F886
:103BF000013C302BF9D00CF101030493FFF7BFBB5C
:103C0000109ADDF82480C2F13602FFF714BB099E3A
:103C1000002E7FF40AAE3D46FFF727BB0221B0EE2F
:103C2000475B15E6B9F1000F3FF4BBAE0C980028D6
:103C30007FF73BACB2EE043BB1EE0C4B013106EE2C
:103C4000901A25EE035B059BB8EEE66BA5EE064BDE
:103C500014EE901A03F1FF3C53EC142BA1F15073B6
:103C600015E60CF1010C31236AE6A946392309F85F
:103C7000013B059B00960133029A04933E46FFF7F1
:103C800063BB029D312305F8013B002134E4334B33
:103C90003348002240F2AF11FFF79CF87FF4C4AC28
:103CA0001AF0010F7FF4B9ACBEE4019B23F000438E
:103CB0001B0D1B05002B3FF431AD012301350AF12B
:103CC000010A0A932BE50D9B002B33D101230C93A2
:103CD000994606932FE50CF1010304930D46FFF777
:103CE0004EBBBAF1390FC0D091453FF79AAC9BE477
:103CF0004A46FFF7A0BA049A022A05DC059A049204
:103D000099460595FFF7ECBA0595DDF83090BBE4D0
:103D1000049A0595022AF8DC994602E4022197E507
:103D20000021E163FFF76BBB0CF1010304930D4627
:103D3000FFF725BB0D9B069399460C930EE5074BA9
:103D400007482A4640F2EF21FFF744F8054B02935B
:103D5000FFF72CB9002A3FF754AC65E4883C0020FB
:103D6000803D0020703D002030B5044687B05BB137
:103D700010480193D0F8C85171B12046A847421CA1
:103D8000019B10D007B030BD00F582730948019344
:103D9000D0F8C8510029F0D10A46204603A9A84707
:103DA000421C019BEED100218A221960226007B0DB
:103DB00030BD00BF2455002010B582B0049CCDE971
:103DC00000344FF0FF3301F0F3FA02B010BD00BF32
:103DD0000EB400B582B003ABDFF81CC053F8042B5F
:103DE00001930146DCF8000000F008F802B05DF82D
:103DF00004EB03B0704700BF8C5700202DE9F04F53
:103E0000C5B00DF1500A83460491164600210822E0
:103E100050461C460B93F8F7EFFFBBF1000F04D0A0
:103E2000DBF83430002B00F04987049B5A6EB3F95D
:103E30000C30D00740F14181990400F1A985049923
:103E400043F4005322F400528B814A66930401F13B
:103E5000AE80049BB3F90C301D0740F1BD80049A7D
:103E60001269002A00F0B88003F01A020A2A00F052
:103E7000C2800023CDE91933CDE90E331BAADFF848
:103E80006C980D93189217460793B0464546D9F89B
:103E9000CC41F9F7E7FACDF800A003462A4612A96B
:103EA0005846A047002800F0C580C0F2BB80129A97
:103EB000252A034601D01D44E9E7B5EB0806044670
:103EC00040F0BC80002319468DF8433008934FF032
:103ED000FF326B78059205F10108039108F10108A2
:103EE0001946A1F120035A2B00F2F280DFE813F00B
:103EF000E603F000F000DF03F000F000F000BF0385
:103F0000F000F00007025302F00012020004F0007B
:103F1000F1035B005B005B005B005B005B005B0030
:103F20005B005B00F000F000F000F000F000F0003B
:103F3000F000F000F000D8019F03F000F000F00066
:103F4000F000F000F000F000F000F000F0001902C6
:103F5000F000F000F000AA01F000FB02F000F00019
:103F6000BA05F000F000F000F000F000F000F00002
:103F7000F000F000F000D8016801F000F000F0005F
:103F8000950368016D00F0008B03F0007D036A0368
:103F900020036D00F000AA016A005902F000F00051
:103FA000FB05F0006A00A1F13003002218F8011BA4
:103FB00002EB820203EB4202A1F13003092BF5D997
:103FC00008928EE798F8003088E7039B43F02003BF
:103FD000039398F8003081E7049D58462946FEF780
:103FE00033FE002840F0F687B5F90C3003F01A02D2
:103FF0000A2A7FF43EAF0499B1F90E20002AFFF699
:1040000038AF4A6ED20702D49F0540F190870499D9
:1040100023463246584601F015F80790079845B0F8
:10402000BDE8F08F082200215046F8F7E5FE012395
:104030001D442CE7B5EB0806044610D01A9B334408
:104040001A93199B0133072BC7E90086199310DCDB
:104050000837079B33440793002C7FF433AF1A9B38
:10406000002B40F06E87049B0022B3F90C301992AC
:1040700018E0049918AA5846FEF7CCFB78B91BAF94
:10408000E7E7049918AA5846FEF7C4FB002800F099
:104090008380099B1BB109995846F9F76FFD049B72
:1040A000B3F90C30049A526ED0077FD55B0600F14D
:1040B0006687079845B0BDE8F08F9F0540F11481F1
:1040C0009D047FF5BCAE90047FF5C6AE00F071BFD5
:1040D0000029C4D0002301228DF8AC108DF84330A4
:1040E00009930A9205932BAD0692DDE919C0039C52
:1040F00014F084060146624626D1089B069C1C1BD0
:10410000002C00F3ED839DF8433003B300260C969A
:104110000132012301317B60072A0DF14303CDE910
:1041200019213B6000F3868308370C9B63B1013291
:1041300011AB02313B60072A4FF00203CDE9192190
:104140007B6000F36B830837802E00F0EE82059BC6
:104150000A981C1A002C00F326830A9B3D6001324A
:104160001944072ACDE919217B6000F34C830837F5
:10417000039B5C0705D5089B069A9C1A002C00F34C
:104180006583DDE9073206988242ACBF9B181B1895
:10419000079300297FF475AF00231993099B1BB186
:1041A00009995846F9F7EAFC1BAF6FE69A053FF507
:1041B0007DAF049CA06DF9F7F3F9B4F90C3075E705
:1041C000039B980640F13C840B9B073323F00702C6
:1041D000536852F8084B0B921E46002BC0F23882EF
:1041E000059A002A07DB039B23F08003039354EA1C
:1041F000060300F08C840A2C76F1000380F0F7802F
:104200003034059A9DF843308DF80F41012AB8BF2C
:1042100001220692002B00F0AF83069B013300259C
:1042200006930123CDE909530DF20F15DDE919219C
:10423000039B13F08406084694463FF45EAF0023C8
:104240000C9365E70B9E00238DF8433056F8043B32
:104250000993002B00F05585532900F07284039BCD
:1042600013F0100440F06D84059A002AC0F2138503
:1042700009982146F9F722FB9DF84330099D002853
:1042800000F08B86421B0A9222EAE2720692002B11
:1042900000F00E850132059406920B960994C5E74D
:1042A000432903D0039BDD0640F127840822002127
:1042B00016A8F8F7A1FD0B9A2BAD126816AB29468C
:1042C0005846FFF751FD0A90013000F04F860A9BD7
:1042D00023EAE37306930B9B04330B9300238DF8BF
:1042E00043300993059300E7049DA86DF9F756F94B
:1042F000B5F90C306A6E99043FF5A8AD9FE50B9BAC
:1043000053F8042B0892002A80F23D83089A0B93FD
:1043100052420892039B43F00403039398F8003041
:10432000DCE5039B43F010009B0640F14E830B9BA2
:10433000073323F007031A46596852F8083B0B92DB
:1043400000228DF84320059A002AC0F2118320F440
:104350009062039253EA010200F01E8344AD03F021
:104360000702DB0843EA4173C908303253EA01040B
:10437000284605F8012DF2D1039B13F0010340F00C
:104380009E82059A099344AB5B1B9A42B8BF1A46BA
:104390000A930692A9E62B238DF8433098F8003053
:1043A0009CE503998E0600F1A48003990B9A11F005
:1043B000100052F8043B40F02783039911F04001AC
:1043C00000F0CA848DF843009BB205990026B142E3
:1043D0001C4606DB039921F080010391002B00F0BD
:1043E0007B850A2C76F100030B92FFF409AF039B47
:1043F00009970020CDF830B044A9DDF834B006901C
:1044000003F48067CDF8288025E00690A319B5480D
:1044100043F10003A0FB032C2CF0030202EB9C02EF
:104420009B1AE31A4FF0CC32A046B64602FB03F2C9
:1044300066F1000600FB0622A3FB0043B8F10A0F59
:1044400013444FEA54047EF1000E294644EAC37433
:104450004FEA53062ED3069BA24A01330693A319B3
:1044600043F100031046A2FB032525F0030202EBF3
:1044700095029B1AE31AA3FB003266F1000500FBCC
:1044800005225B0843EAC27303EB8303A4EB4303F7
:10449000303301F8013C4D1E002FB7D006989BF831
:1044A00000308342B1D1FF28AFD00A2C76F100034F
:1044B00080F0AF8405999DF84330CDF834B044AA1C
:1044C000521B9142B8BF1146DDE90978DDF830B0E2
:1044D0000A920691002B00F0EE83069B01330693AF
:1044E00000230993A2E6039B43F010019B0640F1D1
:1044F00089820B9B073323F0070200238DF843309A
:10450000059B566852F8084B0B92002BC0F2EE82C6
:1045100021F08003039354EA06037FF46CAE059BFD
:10452000002B40F0DE840A930693099344ADDCE54A
:10453000059C0B990398002247F630039442ADF88E
:1045400044308DF8432051F8043BC0F2D28220F071
:10455000800040F002000390002B00F0E58303F0A0
:104560000F0461481B09045D8DF80F410B9100F0A9
:104570005685022106910DF20F1503F00F011B095C
:10458000415C05F8011D43EA0273120953EA020176
:10459000F3D144AB5A1B059B0A929342B8BF134612
:1045A000069A002A00F03985DDE91921039C0233BF
:1045B00014F0840606930846944600F0E98200232E
:1045C0000993B4E5039886063FF5B1AE03990B9ABB
:1045D000CD0652F8043B00F114850398440640F1DF
:1045E000C8839BB20B920021AAE603990B9A8C0612
:1045F00002F1040340F1F081126807991160C917B4
:1046000051600B9342E498F800306C2B00F08F82DD
:10461000039A42F01002039260E498F80030682B8D
:1046200000F07B82039A42F04002039256E4039A20
:10463000940642F0100300F100820B9A04320B99A9
:1046400003930C680B92E6173346002BBFF6C8ADF8
:104650002D238DF84330059B644266EB4606002B04
:10466000FFF6C9AD039B23F080030393C3E55846CF
:10467000FEF768FB43680F931846F9F76FF90E9041
:1046800004465846FEF75EFB826898F800300D92AB
:10469000002C3FF423AC002A3FF420AC1278002A0F
:1046A0003FF41CAC039A42F48062039216E4039B2D
:1046B00043F00103039398F800300FE49DF8432082
:1046C00098F80030002A7FF409AC20228DF84320AE
:1046D00004E4039B43F08003039398F80030FFF752
:1046E000FDBB00BFCDCCCCCC003D0020245500202C
:1046F000404610F8011B2A2900F07784A1F130030D
:10470000092B98BF002200F2178410F8011B02EB5E
:10471000820203EB4202A1F13003092BF5D942EAF0
:10472000E27305938046FFF7DCBB089B06981C1AD2
:10473000002C7FF70CAD102C40F3268438460C95E6
:10474000AE4F049D102604E0103C102C00F1080030
:1047500015DD01321031072AC0E90076CDE91921B3
:10476000F2DD18AA29465846FEF754F800287FF4CF
:1047700090AC103C102CDDE919211BA8E9DC0C9D44
:104780003B46074601322144072ACDE919213B6007
:104790007C6000F3A482059B0A981C1A002C07F188
:1047A00008077FF7DAAC102C40F3ED82384610266C
:1047B000924F04E0103C102C00F1080016DD01328D
:1047C0008E4B1031072AC0E90036CDE91921F1DD01
:1047D000049918AA5846FEF71DF800287FF459AC32
:1047E000103C102CDDE919211BA8E8DC3B460746EC
:1047F00001322144072ACDE919213B607C6000F396
:10480000AA800837A9E4049918AA5846FEF702F8C6
:1048100000287FF43EAC1A991BAFA9E4049918AAAA
:104820005846FDF7F7FF00287FF433ACDDE9192186
:104830001BAF89E4049918AA5846FDF7EBFF00283E
:104840007FF427ACDDE919211BAF6EE4102C199B16
:1048500040F381833A46049E694F102504E0103CE2
:10486000102C02F1080215DD01331031072BC2E9CB
:104870000075CDE91931F2DD18AA31465846FDF729
:10488000C9FF00287FF405AC103C102CDDE919317C
:104890001BAAE9DC3E46174601332144072BC7E932
:1048A0000064CDE919317FF76CAC049918AA584619
:1048B000FDF7B0FF00287FF4ECAB1A9961E4302AD1
:1048C00000F001823023059A05F8013C023844AB20
:1048D0001B1A9A42B8BF1A460A9306920546EFE0A1
:1048E00000230C93102C464E624623DD39461023DC
:1048F0002F46049D04E0103C102C01F1080117DD47
:1049000001321030072AC1E90063CDE91920F2DD38
:1049100018AA29465846FDF77DFF00287FF4B9AB59
:10492000103C102CDDE919201BA94FF01003E7DC27
:104930003D460F4601322118072ACDE919213E6074
:104940007C6000F37A819DF843600837002E36D0F2
:104950000026FFF7DDBB049918AA5846FDF75AFF59
:1049600000287FF496ABDDE919211BAFFFF7F5BBFB
:1049700020F480620392F1E4099301230A930DF27B
:104980000F15FFF7B2BB0B9398F80030FFF7A6BAEC
:1049900092047FF561AAF2E2059A002A7FF4DEAC68
:1049A00010F00102069200F0428130238DF80F31A1
:1049B000059B0A9209930DF20F15FFF796BB0C9B0E
:1049C000002B7FF4B4ABFFF7C2BB0B9B1A1D0B9BF4
:1049D0000B921B680021B3E4039AD00600F18C818E
:1049E000039A510600F19582039A920540F1848161
:1049F0000B9A07991268117003E600BF5C4E002005
:104A0000A84800200B9B1A1D0B9B05981B680026CD
:104A1000B0428DF843601C4667DB21F080010391B2
:104A2000002B7FF4DEAC0B92002840F05A820A90F3
:104A30000690099044ADFFF758BB0393FFF7C4BB42
:104A4000039B0B9AD90652F8044B3FF5F8AD039B34
:104A50005E0640F1768144F3C0360B9224B23346B1
:104A6000FFF7BBBBAD48039B9D0640F1B5800B9B98
:104A7000073323F007031A465C6852F8083B0B9291
:104A8000039A12F00102069240F08C808DF84320C8
:104A9000059A002AC0F2B780039A22F4906203922A
:104AA00053EA040240F0F380059A002A00F0F681F0
:104AB00003788DF80F31012306920A930DF20F153A
:104AC000DDE91921039B13F084060846944600F0A3
:104AD000A1829DF84330002B00F0AB8200230993A4
:104AE0000C93FFF715BB8E48BDE70B920391FFF7C0
:104AF00082BB40F00200039031E50B9B1B688DF8F0
:104B0000AC30012306930A932BADFFF7E4BB002AD8
:104B100000F0D4813024FFF774BB039B43F400738F
:104B2000039308F1010898F80030FFF7D7B9039B09
:104B300043F02003039308F1010898F80030FFF7D1
:104B4000CDB9099B13930822002116A8F8F754F950
:104B5000059B002BC0F219810024069725461F46AD
:104B60000EE02BA95846FFF7FFF8411C284400F03F
:104B7000FD81B84209DC04F1040400F00882054616
:104B8000139A125916AB002AEBD1069F05950AE13C
:104B9000089C069B0996E41A002C7FF7C8AA0223FA
:104BA0000C939FE653EA04025ED100238DF8433054
:104BB000059B002BC0F22181039B23F49063039398
:104BC00000F0878103788DF80F31069B0A93059BCF
:104BD00006930DF20F1573E70B9A52F8043B0B92F4
:104BE000039AD40608D4520602D59BB2002447E7A4
:104BF000039A960500F18181002441E742F0020208
:104C0000039202220692039A22F48062039203F036
:104C10000F02825C8DF80F211B0943EA04732209FD
:104C200053EA14147FF4A7AC0DF20F15B1E4059B01
:104C300044ADCDE90933FFF758BA049918AA58468C
:104C4000FDF7E8FD064600287FF423AA9DF84330CF
:104C5000DDE91921002B40F089800C9B1BAF002B54
:104C60007FF465AAFFF773BA30228DF84420002242
:104C70008DF84320059A8DF84510002A039ABDDB74
:104C800022F4906242F0020203920222069203F0A2
:104C90000F02825CBEE7099D2846F8F75FFE9DF88B
:104CA00043300A9020EAE0720692002B7FF4F2AAC9
:104CB000099D05930B960993FFF717BA5846F7F726
:104CC00083FEFFF7B2B8059A44AB5B1B9A42B8BFAC
:104CD0001A460A93002306920993FFF706BA04992D
:104CE00018AA5846FDF796FD00287FF4D2A9DDE901
:104CF00019211BAFFFF72BBA0B9A079912681160A5
:104D00007FE4059B074D0B96062B28BF06230693D1
:104D10000A93099B0593FFF7E8B900BF143D0020F3
:104D2000003D0020283D00200B91002C00F0DC808D
:104D3000302301228DF80F310DF20F1523460A9210
:104D400032E4039B0B929D054ABF44F3C016E6175D
:104D500064B23346FFF741BA039810F4007600F0CE
:104D6000CF808DF84310DBB2FFF72FBB1BAFFFF7EF
:104D7000CFB9039810F4007100F0BB80DBB20B9246
:104D80000021FFF7DDBAAC4B32E516AB00930023F0
:104D900013AA19465846FFF70FF80590013000F0A6
:104DA000E580099B1393059B002B7CD0632B00F3BC
:104DB000B680002309932BAD0822002116A8F8F72E
:104DC0001BF8059C16AB009313AA234629465846A8
:104DD000FEF7F2FF844240F01681059900236B54E0
:104DE00021EAE17206929DF84320002A40F0B58046
:104DF000CDE90A160592FFF778B903788DF80F31DF
:104E0000039B23F480630393069B0A930DF20F1513
:104E100056E60E9A0F99AD1A2846F8F7D5F89BF882
:104E200001300BB10BF1010B844AA31943F10003CC
:104E3000A2FB030C2CF0030000EB9C001B1AE31AEE
:104E40004FF0CC3166F1000603FB01F102FB0611C5
:104E5000A3FB023001445B0843EAC1744E08A31966
:104E600043F10003A2FB031020F0030101EB9001CA
:104E70005B1AE31AA3FB023166F1000002FB001289
:104E80005B0843EAC27303EB8303A4EB43033033B1
:104E900005F8013C0120013DFFF701BB059B0A938A
:104EA00044A805460CE69DF84330099D0B96003B4F
:104EB00018BF01230693059B0A9301E69DF8433032
:104EC0003BB1059BCDE90933012344AD0693FFF7C0
:104ED000ADB9059BFFF727BB059B0B92002B3FF459
:104EE00022AB0024FFF78CB9059B0A9344ADFFF772
:104EF0005BBB03980B92FFF723BADBB20024BFE53C
:104F000005998DF8436000291C46BFF663AAFFF798
:104F100068BA0B9A079912681180FFF772BB591C87
:104F20005846F6F75FFE054600B3099044E7886DE2
:104F3000F8F736FBFFF76BB8002380460593FEF7C2
:104F4000D0BF049918AA5846FDF764FC00283FF426
:104F50008AA8FFF7A4B83A4E9EE4059A0A92069AE8
:104F60000B96013206920593FFF760B90498B0F9E9
:104F70000C30426E43F04001D207818109D54FF0D9
:104F8000FF330793FFF795B82B4BFFF7FBBB069F4B
:104F900009E79905F3D4FFF70CB99BB1059B0B9674
:104FA0005A1C06920A9305900990FFF73FB9D7075C
:104FB000E5D4049B9B899E05E1D4049B986DF8F78A
:104FC000EFFADCE7059A0993CDE905320B960A92D0
:104FD000FFF78BB8049A536ED807D0D493899905FC
:104FE000CDD4906DF8F7DCFAC9E70B9A98F8013048
:104FF00052F8041B0B9241EAE17180460591FEF7DD
:105000006DBF0846E3E4049A938943F0400393811B
:10501000FFF73FB80996FFF770B8069350E5059B78
:105020000122012BB8BF01230DF20F150A92FFF7E1
:10503000BBBA0993FFF788B85C4E0020CDCCCCCC2E
:10504000A8480020F0B50D46ADF2744D164689898A
:105050006A6E1B92EA89ADF8162021F00201EA6916
:10506000ADF8141009921CA96A6A029107460691CC
:105070000B924FF48061002218A8019304910791CC
:105080000892F8F787FA3246019B02A93846FEF7E4
:10509000B5FE061E07DB02A93846F7F771FB0028AC
:1050A00018BF4FF0FF36BDF814305B0603D5AB894F
:1050B00043F04003AB811898F8F76EFA30460DF2D2
:1050C000744DF0BD2DE9F0438E681D46AE420B686D
:1050D00083B00C4690463AD8B1F90CC01CF4906FDE
:1050E0000FD13546184641462A46F7F7F3FDA36827
:1050F0009E1B2368A6602B440020236003B0BDE8FC
:10510000F0834A69096902EB42025E1A02EBD2722D
:105110006B1C52103344934294BF17461F46934270
:1051200088BF1A461CF4806F814612D01146F6F7EC
:1051300059FDF0B1324621690190F2F71DFFA289B5
:10514000019B22F4906242F08002A28105E02E468B
:10515000C8E7F7F733F8034638B123613344BE1B81
:10516000A660676123602E46BCE721694846F8F7D0
:1051700005FDA3890C2243F04003C9F800204FF03D
:10518000FF30A381BAE700BFB1F90C20930706D521
:1051900001F143030122C1E904320B60704730B5CD
:1051A0000B46B1F90E10002999B0044632DB02AA71
:1051B000009300F05BF80028009B29DB4FF480612E
:1051C00020460093039DF6F70DFD009BB3F90C20DC
:1051D000002839D005F4704142F08002186018614F
:1051E000B1F5005F4FF480609A8158613AD1B3F90C
:1051F0000E100093204600F04DF8009BB3F90C20F0
:1052000080B322F0030242F001024FF4006117E084
:10521000B3F90C20019312F0800F0CBF4FF48061A2
:10522000402120460091F6F7DDFC019B0099B3F97F
:105230000C2048B1C3E9040142F08002186000214B
:105240000A439A8119B030BD9105FBD422F00302C4
:1052500003F1430142F002020120C3E904109A81E4
:105260001960EFE74FF40061EAE700BF38B5084C7A
:1052700000230546084611462360F3F701F9431C55
:1052800000D038BD2368002BFBD02B6038BD00BF99
:105290007477002038B5074C002305460846236084
:1052A000F3F7F4F8431C00D038BD2368002BFBD083
:1052B0002B6038BD747700202DE9F04F8BB0DDE90D
:1052C0001589149F02901C46B8F1000F57D016683C
:1052D00001960029C34608BF4FF0FF3700258846D6
:1052E0000391924606E0019B53F8040B01930028BA
:1052F00037D06546AF423ED9002C3CD0DBF80030B9
:105300000493DBF804300593019B02981A68D9F8DE
:10531000C8615B4606A9B047431C33D000EB050CBF
:10532000BC453AD8039B013C002BDCD000280DDDA6
:1053300008F1FF32019E06A900EB020E11F8013BB5
:1053400002F8013F7245F9D101968044019BDAF8D9
:10535000002053F8040B01930432CAF800200028FF
:10536000C7D10399D84609B1CAF800000022C8F88D
:1053700000200CF1FF3528460BB0BDE8F08F00F59A
:105380008678A4E7029B05468A21002228461960F8
:10539000CBF800200BB0BDE8F08FD846DDF810A0A8
:1053A000DDF814B02846C8E900AB0BB0BDE8F08FBB
:1053B00000B585B0DFF81CC00698009007980190F2
:1053C00003480068CDF808C0FFF776FF05B000BDC0
:1053D0008C57002024550020000000005FF800F0EA
:1053E0001D1700605FF800F04D1D00605FF800F0D1
:1053F000351F00605FF800F0191600605FF800F0DC
:10540000252E00605FF800F0F91B00605FF800F0E7
:10541000051D00605FF800F0D12D00605FF800F01E
:0C542000D11600605FF800F095160060E7
:04542C00F8B500BF10
:10543000F949FF7FA908B100FFFF01080E041C0015
:10544000180E0000E549FF7FA908B100FFFF010821
:105450000E041C00180E000008B10181B0B00084D9
:105460000000000008B10181B0B00084000000001D
:10547000B949FF7FB0AF1600FF1019011122D60500
:105480000000B60604F00801F406880200000100DE
:10549000000000009549FF7F8408B101B0B0B00062
:1054A000FF100D01040206080101000000000000C9
:1054B00008B10181B0B000840000000008B1018192
:1054C000B0B00084000000006149FF7FB0AB040071
:1054D000FFFF010C1C046200680400006E046200FF
:1054E0004949FF7FB0AF0200FF1019010F320A3C9B
:1054F00001840136C00100C8010400000100000061
:10550000000000002549FF7FB0A80100FFFF010057
:1055100008B10181B0B000840000000008B1018131
:10552000B0B00084000000009442FF7F0100000042
:105530009842FF7FFCFEFF7FC042FF7F08FFFF7F96
:10554000E842FF7F010000001843FF7F0CFFFF7F50
:105550003043FF7F010000006445FF7FB0AB028055
:105560000C46FF7F010000000C47FF7FB0B0AA800F
:10557000C847FF7FF0FEFF7F0848FF7FB0A9028089
:10558000A848FF7FECFEFF7F244DFF7F08FFFF7FD1
:105590002C4DFF7F01000000384DFF7F14FFFF7F7F
:1055A000384DFF7F18FFFF7F444DFF7F0100000053
:1055B0005C4DFF7F00840280A04DFF7F0100000052
:1055C000DC4DFF7FB0B0AA80084EFF7FB0B0A8804E
:1055D000704EFF7F01000000584FFF7FB0B0AC80DD
:1055E0007C4FFF7F01000000BC50FF7FDCFEFF7F8F
:1055F0003851FF7FB0B0A8804451FF7F0084028003
:105600009851FF7F010000009451FF7FB0AA0380F2
:10561000C051FF7F01000000DC52FF7FC4FEFF7F0E
:10562000AC53FF7FE0FEFF7F2C54FF7F01000000A2
:105630005455FF7FB0A80380E855FF7FB0B0A88025
:105640003856FF7F010000004056FF7FB0B0AA80AF
:105650007456FF7FAF76B2804057FF7FAB3F3A80F2
:10566000A857FF7F01000000B057FF7FB0B0AA80AD
:10567000EC57FF7F01000000A458FF7FAC0FB28001
:105680002859FF7FB0AF0880B45BFF7F01000000A6
:10569000C45BFF7FAC3F0380B85EFF7F010000006A
:1056A0008060FF7F008404809060FF7F0100000025
:1056B0008C60FF7FB0AC05808C63FF7F008404802A
:1056C000B463FF7F4CFEFF7FB863FF7F50FEFF7F18
:0856D000C463FF7F010000002C
:1056D80000000000000000000000000000000000C2
:1056E80000000000000000000000000000000000B2
:1056F80000000000000000000000000000000000A2
:105708000000000000000000000000000000000091
:105718000000000000000000000000000000000081
:105728000000000000000000000000000000000071
:105738000000000000000000000000000000000061
:105748000000000000000000000000000000000051
:105758000000000000000000000000000000000041
:105768000000000000000000000000000000000031
:105778000000000000000000000000000000000021
:105788000000000000000000000000000000000011
:105798000000000000000000000000000000000001
:1057A80000000000000000000000000000000000F1
:1057B80000000000000000000000000000000000E1
:1057C80000000000000000000000000000000000D1
:1057D80000000000000000000000000000000000C1
:1057E80000000000000000000000000000000000B1
:1057F80000000000000000000000000000000000A1
:105808000000000000000000000000000000000090
:105818000000000000000000000000000000000080
:105828000000000000000000000000000000000070
:105838000000000000000000000000000000000060
:105848000000000000000000000000000000000050
:105858000000000000000000000000000000000040
:105868000000000000000000000000000000000030
:105878000000000000000000000000000000000020
:105888000000000000000000000000000000000010
:105898000000000000000000000000000000000000
:1058A80000000000000000000000000000000000F0
:1058B80000000000000000000000000000000000E0
:1058C80000000000000000000000000000000000D0
:1058D80000000000000000000000000000000000C0
:1058E80000000000000000000000000000000000B0
:1058F80000000000000000000000000000000000A0
:10590800000000000000000000000000000000008F
:10591800000000000000000000000000000000007F
:10592800000000000000000000000000000000006F
:10593800000000000000000000000000000000005F
:10594800000000000000000000000000000000004F
:105958000080E03779C34143176E05B5B5B8934663
:10596800F5F93FE9034F384D321D30F94877825A2F
:105978003CBF737FDD4F1575000000000000F03F4D
:105988000000000000002440000000000000594012
:105998000000000000408F40000000000088C34065
:1059A80000000000006AF8400000000080842E41DA
:1059B80000000000D01263410000000084D7974126
:1059C8000000000065CDCD41000000205FA002422C
:1059D800000000E876483742000000A2941A6D42A1
:1059E800000040E59C30A2420000901EC4BCD64294
:1059F80000003426F56B0C430080E03779C341433F
:105A080000A0D8855734764300C84E676DC1AB43B4
:105A1800003D9160E458E143408CB5781DAF1544D2
:105A280050EFE2D6E41A4B4492D54D06CFF08044AD
:105A3800F64AE1C7022DB544B49DD9794378EA44C2
:105A480001031C06FA000000710200007701000043
:105A5800180100004172742D4E65740000000000AA
:105A6800000D0B0C011B1A01022D2B2A000000004F
:105A780001000000880B0020000000000200000068
:105A8800D80B00200100000006000000300C0020A8
:105A98000100000006000000980C00200100000032
:105AA80007000000E40C00200100000007000000CF
:105AB800500D00200100000008000000B00D00207B
:105AC80001000000080000000C0E0020FFFFFFFF8F
:105AD800FFFFFFFFFFFFFFFFFFFFFFFFFFFFFFFFCE
:105AE800FFFFFFFFFFFFFFFFFFFFFFFFFFFFFF00BD
:105AF800747275650000000066616C7365000000D3
:105B08007B226669726D77617265223A22746565D7
:105B18006E737934312D6172746E65742D302E3147
:105B2800222C2270696E6F75745F636F6E6669727E
:105B38006D6564223A25732C22756E7769726564E7
:105B48005F62656E6368223A25732C2261726D6507
:105B580064223A25732C22626C61636B223A2573A6
:105B68002C226970223A2225752E25752E25752E30
:105B78002575222C226C696E6B223A25732C2270B3
:105B880061636B657473223A256C752C2275647099
:105B98005F7265636569766564223A256C752C22A7
:105BA8007564705F71756575655F64726F70732277
:105BB8003A256C752C2271756575655F7065616B2A
:105BC800223A256C752C2272656A656374656422B5
:105BD8003A256C752C22666F726569676E223A25C4
:105BE8006C752C2269676E6F726564223A256C7534
:105BF8002C22636F6D706C657465223A256C752C68
:105C080022696E636F6D706C657465223A256C75D8
:105C18002C227374616C65223A256C752C2264758C
:105C2800706C696361746573223A256C752C226FF8
:105C38007665727772697474656E223A256C752C74
:105C4800227375626D6974746564223A256C752CCB
:105C580022626C61636B6F757473223A256C752CC4
:105C680022636F6D706C6574655F667073223A2588
:105C78002E33662C227375626D69745F66707322A9
:105C88003A252E33662C2273686F775F63616C6CDC
:105C98005F7573223A256C752C226D61785F736885
:105CA8006F775F63616C6C5F7573223A256C752C36
:105CB800226D61785F6C6F6F705F7573223A256C27
:105CC800752C2274656C656D657472795F736B6988
:105CD80070706564223A256C752C22646D615F636F
:105CE8006F6D706C65746564223A256C752C22643E
:105CF8006D615F656C61707365645F7573223A25C9
:105D08006C752C22646D615F627573795F6465667A
:105D1800657272616C73223A256C752C22706879F1
:105D2800736963616C5F6670735F766572696669D3
:105D38006564223A66616C73657D0A007465656EF8
:105D480073792D6172746E65742D746573740000B7
:105D5800433A5C636F6465782D746F6F6C735C7421
:105D680065656E737934312D6C6962735C74656531
:105D78006E737934315F756E77697265645F6265D9
:105D88006E63685C466173744C45445C7372632F40
:105D9800666C2F6766782F726762772E6370702E35
:105DA80068707000524742573A206B524742574337
:105DB8006F6C6F72696D6574726963207265717555
:105DC80065737465642062757420464153544C456C
:105DD800445F524742575F434F4C4F52494D4554D9
:105DE800524943206973206E6F7420646566696E3A
:105DF800656420E280942066616C6C696E6720623D
:105E080061636B20746F206B52474257457861631A
:105E180074436F6C6F72732E20446566696E6520DB
:105E2800464153544C45445F524742575F434F4C99
:105E38004F52494D45545249433D3120746F2065B6
:105E48006E61626C652074686520636F6C6F72693F
:105E58006D657472696320706174682E00000000BB
:105E6800524742573A206B52474257436F6C6F7202
:105E7800696D6574726963426F6F737465642072CB
:105E88006571756573746564206275742046415345
:105E9800544C45445F524742575F434F4C4F524919
:105EA8004D4554524943206973206E6F74206465D0
:105EB80066696E656420E280942066616C6C696E28
:105EC80067206261636B20746F206B5247425745AD
:105ED80078616374436F6C6F72732E2044656669D2
:105EE8006E6520464153544C45445F524742575FC4
:105EF800434F4C4F52494D45545249433D3120740C
:105F08006F20656E61626C652074686520636F6CD4
:105F18006F72696D657472696320706174682E00B0
:105F2800433A5C636F6465782D746F6F6C735C744F
:105F380065656E737934312D6C6962735C7465655F
:105F48006E737934315F756E77697265645F626507
:105F58006E63685C466173744C45445C7372632F6E
:105F6800666C2F6766782F72676277772E6370701A
:105F78002E6870700000000052474257573A206B55
:105F88005247425757436F6C6F72696D65747269F7
:105F98006320726571756972657320464153544C6C
:105FA80045445F524742575F434F4C4F52494D4516
:105FB800545249433D312028746865206D617468E6
:105FC800206C6962726172792074686174207072E1
:105FD8006F766964657320736F6C76655F7267624C
:105FE800636374292E204F757470757474696E67B5
:105FF800207A65726F732E0052474257573A206BCA
:106008005247425757436F6C6F72696D6574726976
:1060180063426F6F73746564207265717569726528
:106028007320464153544C45445F524742575F439F
:106038004F4C4F52494D45545249433D312E204F04
:10604800757470757474696E67207A65726F732ED3
:1060580000000000293A205741524E3A2000000023
:10606800293A204552524F523A200000293A2049F5
:106078004E464F3A2000000028000000433A5C6377
:106088006F6465782D746F6F6C735C7465656E737F
:106098007934312D6C6962735C7465656E7379341B
:1060A800315F756E77697265645F62656E63685C9F
:1060B800466173744C45445C7372632F666C2F742D
:1060C80061736B2F7363686564756C65722E63709A
:1060D800702E6870700000005B666C3A3A746173E9
:1060E8006B5D205761726E696E673A206E6F20741F
:1060F80068656E28292063616C6C6261636B20732C
:10610800657420666F72205461736B230000000071
:10611800206C61756E6368656420617420000000FE
:10612800433A5C636F6465782D746F6F6C735C744D
:1061380065656E737934312D6C6962735C7465655D
:106148006E737934315F756E77697265645F626505
:106158006E63685C466173744C45445C7372632F6C
:10616800666C2F7461736B2F6578656375746F72D5
:106178002E6370702E687070000000007461736B7D
:106188003A3A72756E2072652D656E7472616E632F
:10619800792064657465637465642C20736B697019
:1061A80070696E67206E65737465642063616C6CDA
:1061B80000000000433A5C636F6465782D746F6F6C
:1061C8006C735C7465656E737934312D6C696273B8
:1061D8005C7465656E737934315F756E7769726565
:1061E800645F62656E63685C466173744C45445CC9
:1061F8007372632F706C6174666F726D732F617246
:106208006D2F7465656E73792F636F726F7574691E
:106218006E655F7465656E73792E696D706C2E6836
:1062280070700000436F726F7574696E65506C61B1
:1062380074666F726D5465656E73793A204661694C
:106248006C656420746F20616C6C6F636174652089
:10625800737461636B00000050696E206E756D6227
:1062680065722065786365656473204E554D5F449B
:1062780049474954414C5F50494E5320666F72203C
:106288007468697320626F617264202D2070696E72
:10629800206973206F7574206F662076616C69645D
:1062A8002072616E6765000050696E20646F6573C7
:1062B800206E6F74206D617020746F20612076618C
:1062C8006C6964204750494F20706F7274202847CA
:1062D80050494F362D3929202D206D61792062656E
:1062E80020612067726F756E642F706F7765722FEB
:1062F800726561642D6F6E6C792070696E000000A4
:106308005741524E494E473A2050696E20697320D2
:1063180053657269616C3120554152542028303DD3
:106328005258312C20313D54583129202D206D618F
:1063380079206361757365206E6F6973652F736962
:10634800676E616C2069737375657320616E642074
:106358006166666563742073657269616C20646543
:1063680062756767696E67005741524E494E473AF2
:106378002050696E2069732053657269616C322000
:10638800554152542028373D5258322C20383D541C
:10639800583229202D206D6179206361757365203D
:1063A8006E6F6973652F7369676E616C20697373AB
:1063B800756573005741524E494E473A2050696EF1
:1063C8002069732053504920627573202831313D6C
:1063D8004D4F53492C2031323D4D49534F2C2031DC
:1063E800333D53434B29202D206D6179206361751E
:1063F8007365206E6F69736520616E6420636F6ECC
:10640800666C696374207769746820666C61736868
:106418002F5344207065726970686572616C7300EF
:106428005741524E494E473A2050696E20697320B1
:106438005350493120627573202832363D4D4F53F1
:1064480049312C2032373D53434B3129202D206DC3
:106458006179206361757365206E6F69736520616A
:106468006E6420636F6E666C696374207769746804
:10647800207065726970686572616C730000000055
:106488005741524E494E473A2050696E2069732051
:1064980049324320627573202831383D53444130D6
:1064A8002C2031393D53434C3029202D206D617902
:1064B800206361757365206E6F69736520616E6412
:1064C80020636F6E666C696374207769746820490D
:1064D8003243206465766963657300005741524E04
:1064E800494E473A2050696E20697320493243204B
:1064F800627573202831363D53434C312C20313797
:106508003D5344413129202D206D61792063617507
:106518007365206E6F69736520616E6420636F6EAA
:10652800666C696374207769746820493243206413
:106538006576696365730000433A5C636F646578E8
:106548002D746F6F6C735C7465656E737934312D5F
:106558006C6962735C7465656E737934315F756EEE
:1065680077697265645F62656E63685C46617374BF
:106578004C45445C7372632F706C6174666F726D06
:10658800732F61726D2F7465656E73792F746565ED
:106598006E7379345F636F6D6D6F6E2F636C6F63AD
:1065A8006B6C6573735F6F626A656374666C656450
:1065B8002E6370702E687070000000003D3D3D3DF8
:1065C8003D3D3D3D3D3D3D3D3D3D3D3D3D3D3D3DF3
:1065D8003D3D3D3D3D3D3D3D3D3D3D3D3D3D3D3DE3
:1065E8003D3D3D3D3D3D3D3D3D3D3D3D3D3D3D3DD3
:1065F8003D3D3D3D3D3D3D3D3D3D3D3D3D3D3D3DC3
:106608003D3D3D3D3D3D3D3D3D3D3D3D00000000A6
:10661800464153544C4544204552524F523A205318
:1066280074726970206F6E2070696E20000000001F
:1066380020697320494E56414C494420616E6420BC
:10664800686173206265656E2064697361626C6558
:1066580064000000464153544C4544205741524E73
:10666800494E473A205374726970206F6E207069E2
:106678006E200000206D617920686176652069735D
:106688007375657300000000464153544C4544201F
:106698004552524F523A2050696E200020697320AB
:1066A800616C726561647920696E20757365202D4F
:1066B8002073747269702064697361626C65640028
:1066C800433A5C636F6465782D746F6F6C735C74A8
:1066D80065656E737934312D6C6962735C746565B8
:1066E8006E737934315F756E77697265645F626560
:1066F8006E63685C466173744C45445C7372632FC7
:10670800706C6174666F726D732F73686172656403
:106718002F636F726F7574696E655F636F6E7465F2
:1067280078742E6370702E68707000004641544172
:106738004C3A20537461636B206F766572666C6F98
:106748007720646574656374656420696E20636F7F
:10675800726F7574696E6500433A5C636F6465783F
:106768002D746F6F6C735C7465656E737934312D3D
:106778006C6962735C7465656E737934315F756ECC
:1067880077697265645F62656E63685C466173749D
:106798004C45445C7372632F74686972645F7061FE
:1067A8007274792F6F626A6563745F666C65642FB3
:1067B8007372632F4F6A656374464C45442E637049
:1067C800702E687070000000464153544C454420B8
:1067D800435249544943414C204552524F523A2062
:1067E8004E6F2076616C69642070696E7320636FE8
:1067F8006E6669677572656421000000416C6C20E3
:10680800000000002070696E73206661696C656421
:106818002076616C69646174696F6E2E00000000F7
:106828004F626A656374464C4544206472697665B4
:10683800722069732064697361626C6564202D201D
:106848006E6F204C4544732077696C6C206265201C
:10685800757064617465642E0000000046415354ED
:106868004C4544205741524E494E473A2050696E94
:106878002000000020646F6573206E6F74206D61C6
:106888007020746F204750494F362D3920286F6685
:10689800667365743D000000546869732070696E02
:1068A800206D617920626520612067726F756E6462
:1068B8002F706F7765722F726561642D6F6E6C79BA
:1068C8002070696E202D207374726970206469735A
:1068D80061626C6564000000464153544C45442095
:1068E8005741524E494E473A204F6E6C792000006E
:1068F800206F6620000000002070696E73206172AE
:10690800652076616C696400537472697073206FD6
:106918006E20696E76616C69642070696E73207789
:10692800696C6C206E6F742066756E6374696F6E27
:106938002E000000716E65746865726E65742D6C4A
:106948007769700025750000433A5C636F64657869
:106958002D746F6F6C735C7465656E737934312D4B
:106968006C6962735C7465656E737934315F756EDA
:1069780077697265645F62656E63685C514E4574E1
:106988006865726E65745C7372635C716E65746859
:1069980065726E65745C514E45746865726E657497
:1069A8002E6370700000000045787065637465643C
:1069B80020636F6D706C65746520696E74657266AE
:1069C800616365206E616D652066696C6C0000000E
:1069D800417373657274696F6E2022257322206675
:1069E80061696C6564206174206C696E652025643A
:1069F80020696E2025730A0025730000766563748C
:106A08006F723A3A5F4D5F72616E67655F696E7368
:106A1800657274004F7574707574207061636B656E
:106A28007420746F6F206C6172676500433A5C6311
:106A38006F6465782D746F6F6C735C7465656E73C5
:106A48007934312D6C6962735C7465656E73793461
:106A5800315F756E77697265645F62656E63685CE5
:106A6800514E45746865726E65745C7372635C71CF
:106A78006E65746865726E65745C514E45746865C0
:106A8800726E65745544502E6370700063616E6E4B
:106A98006F7420637265617465207374643A3A7622
:106AA8006563746F72206C617267657220746861C7
:106AB8006E206D61785F73697A652829000000008F
:106AC800433A5C636F6465782D746F6F6C735C74A4
:106AD80065656E737934312D6C6962735C746565B4
:106AE8006E737934315F756E77697265645F62655C
:106AF8006E63685C514E45746865726E65745C734C
:106B080072635C716E65746865726E65745C6472DC
:106B180069766572735C6472697665725F746565BF
:106B28006E737934312E637070000000457870659B
:106B38006374656420737061636520666F7220708A
:106B48006275662066696C6C0000000025733A2542
:106B5800643A257328290D0A00000000433A5C6353
:106B68006F6465782D746F6F6C735C7465656E7394
:106B78007934312D6C6962735C7465656E73793430
:106B8800315F756E77697265645F62656E63685CB4
:106B9800514E45746865726E65745C7372635C719E
:106BA8006E65746865726E65745C716E657468652F
:106BB800726E65745F68616C2E637070000000000F
:106BC80046756E6374696F6E2063616C6C656420D2
:106BD80066726F6D20696E74657272757074206369
:106BE8006F6E746578740000656E74726F707920CA
:106BF80067656E65726174696F6E206572726F7217
:106C080000000000433A5C636F6465782D746F6F11
:106C18006C735C7465656E737934312D6C6962735D
:106C28005C7465656E737934315F756E776972650A
:106C3800645F62656E63685C514E45746865726E28
:106C480065745C7372635C6C7769705C6170707397
:106C58005C6D646E735C6D646E732E63000000007F
:106C68006D646E735F726573705F72656D6F766564
:106C78005F6E657469663A204E756C6C20706F693A
:106C88006E7465720000000025640000696E2D6155
:106C98006464720061727061000000006C6F63616F
:106CA8006C0000005F7365727669636573000000AD
:106CB8005F646E732D7364005F756470000000007C
:106CC8005F74637000000000433A5C636F6465782A
:106CD8002D746F6F6C735C7465656E737934312DC8
:106CE8006C6962735C7465656E737934315F756E57
:106CF80077697265645F62656E63685C514E45745E
:106D08006865726E65745C7372635C6C7769705CDD
:106D1800697076345C6175746F69702E6300000069
:106D28006E6574696620213D204E554C4C0000006C
:106D38006175746F697020213D204E554C4C0000E0
:106D48006E6574696620616C72656164792068613A
:106D580073206120737472756374206175746F6930
:106D68007020736574000000433A5C636F64657853
:106D78002D746F6F6C735C7465656E737934312D27
:106D88006C6962735C7465656E737934315F756EB6
:106D980077697265645F62656E63685C514E4574BD
:106DA8006865726E65745C7372635C6C7769705C3D
:106DB800697076345C646863702E6300646863701D
:106DC8005F6372656174655F6D73673A20636865B8
:106DD800636B2074686174206669727374207062D2
:106DE80075662063616E20686F6C642073747275B9
:106DF800637420646863705F6D73670064686370B0
:106E08005F696E635F7063625F726566636F756EFC
:106E18007428293A206D656D6F7279206C65616BF5
:106E280000000000646863705F6F7074696F6E3A89
:106E3800206F7074696F6E735F6F75745F6C656EC9
:106E4800202B2032202B206F7074696F6E5F6C6569
:106E58006E203C3D20444843505F4F5054494F4EAC
:106E6800535F4C454E000000646863705F6F707438
:106E7800696F6E5F627974653A206F7074696F6EBE
:106E8800735F6F75745F6C656E203C204448435097
:106E98005F4F5054494F4E535F4C454E0000000021
:106EA800646863705F6F7074696F6E5F6C6F6E6734
:106EB8003A206F7074696F6E735F6F75745F6C657D
:106EC8006E202B2034203C3D20444843505F4F50D7
:106ED80054494F4E535F4C454E0000006468637040
:106EE8005F7063625F726566636F756E7428293AB6
:106EF80020726566636F756E74206572726F7200BA
:106F0800444843503A20686F73746E616D65206918
:106F18007320746F6F206C6F6E6721006368656300
:106F28006B206465636F64655F69647800000000C6
:106F38006468637020213D204E554C4C00000000D1
:106F48006E6574696620616C726561647920686138
:106F58007320612073747275637420646863702091
:106F680073657400696E76616C6964206468637027
:106F78002D3E737461746500433A5C636F64657891
:106F88002D746F6F6C735C7465656E737934312D15
:106F98006C6962735C7465656E737934315F756EA4
:106FA80077697265645F62656E63685C514E4574AB
:106FB8006865726E65745C7372635C6C7769705C2B
:106FC800697076345C6574686172702E63000000C5
:106FD800636865636B207468617420666972737492
:106FE80020706275662063616E20686F6C64207320
:106FF8007472756374206574686172705F68647216
:10700800000000006E657469662D3E6877616464EF
:10701800725F6C656E206D7573742062652074688C
:10702800652073616D65206173204554485F48573A
:10703800414444525F4C454E20666F722065746827
:1070480061727021000000006172705F7461626C8F
:10705800655B695D2E71203D3D204E554C4C00000E
:107068006172705F7461626C655B695D2E737461D7
:107078007465203D3D204554484152505F5354416A
:1070880054455F454D505459000000006172705FCF
:107098007461626C655B6172705F6964785D2E73A0
:1070A80074617465203E3D204554484152505F53F9
:1070B800544154455F535441424C450069706164E2
:1070C800647220213D204E554C4C00006574685F69
:1070D80072657420213D204E554C4C006E657469D4
:1070E800662D3E6877616464725F6C656E203D3D15
:1070F800204554485F4857414444525F4C454E0030
:107108006E6F207061636B6574207175657565734A
:1071180020616C6C6F776564210000007120213D4F
:10712800204E554C4C000000433A5C636F64657810
:107138002D746F6F6C735C7465656E737934312D63
:107148006C6962735C7465656E737934315F756EF2
:1071580077697265645F62656E63685C514E4574F9
:107168006865726E65745C7372635C6C7769705C79
:10717800697076345C69676D702E630069676D703D
:107188005F6C6F6F6B75705F67726F75703A2066B2
:10719800697273742067726F7570206D75737420CF
:1071A800626520616C6C73797374656D730000009F
:1071B80069676D705F6C6F6F6B75705F67726F7505
:1071C800703A20616C6C206578636570742066691C
:1071D8007273742067726F7570206D757374206E8A
:1071E8006F7420626520616C6C73797374656D735C
:1071F8000000000069676D705F73656E643A206314
:107208006865636B207468617420666972737420A2
:10721800706275662063616E20686F6C6420737499
:10722800727563742069676D705F6D736700000025
:10723800433A5C636F6465782D746F6F6C735C742C
:1072480065656E737934312D6C6962735C7465653C
:107258006E737934315F756E77697265645F6265E4
:107268006E63685C514E45746865726E65745C73D4
:1072780072635C6C7769705C697076345C697034D1
:107288002E630000702D3E726566203D3D20310062
:10729800636865636B2074686174206669727374CF
:1072A80020706275662063616E20686F6C6420735D
:1072B80074727563742069705F68647200000000FE
:1072C800433A5C636F6465782D746F6F6C735C749C
:1072D80065656E737934312D6C6962735C746565AC
:1072E8006E737934315F756E77697265645F626554
:1072F8006E63685C514E45746865726E65745C7344
:1073080072635C6C7769705C697076345C69703440
:107318005F616464722E6300756E68616E646C658B
:1073280064000000433A5C636F6465782D746F6F86
:107338006C735C7465656E737934312D6C69627336
:107348005C7465656E737934315F756E77697265E3
:10735800645F62656E63685C514E45746865726E01
:1073680065745C7372635C6C7769705C69707634A1
:107378005C6970345F667261672E630073616E6961
:10738800747920636865636B206C696E6B65642033
:107398006C6973740000000070637220213D204EF8
:1073A800554C4C007072657620213D206970720042
:1073B800707265762D3E6E657874203D3D2069704B
:1073C8007200000070627566735F6672656564209E
:1073D8002B20636C656E203C3D20307866666666BF
:1073E8000000000069705F72656173735F70627599
:1073F80066636F756E74203E3D2070627566735FBC
:10740800667265656400000073616E697479206353
:107418006865636B0000000076616C69646174657F
:107428005F646174616772616D3A6E6578745F70EC
:10743800627566213D4E554C4C00000069705F72C4
:10744800656173735F70627566636F756E74203EF5
:107458003D20636C656E00006E6F74206669727300
:1074680074616C74686F756768206A7573742065D9
:107478006E7175657565640074686973206E6565FD
:1074880064732061207062756620696E206F6E6576
:107498002070696563652100702D3E6C656E203E25
:1074A8003D20706F66660000433A5C636F646578E0
:1074B8002D746F6F6C735C7465656E737934312DE0
:1074C8006C6962735C7465656E737934315F756E6F
:1074D80077697265645F62656E63685C514E457476
:1074E8006865726E65745C7372635C6C7769705CF6
:1074F8006D656D2E630000006D616C6C6F632829EB
:10750800206D7573742072657475726E20616C6974
:10751800676E6564206D656D6F727900726D656D5B
:1075280020213D204E554C4C00000000726D656DC9
:10753800203D3D204D454D5F414C49474E28726DD9
:10754800656D2900433A5C636F6465782D746F6FCD
:107558006C735C7465656E737934312D6C69627314
:107568005C7465656E737934315F756E77697265C1
:10757800645F62656E63685C514E45746865726EDF
:1075880065745C7372635C6C7769705C6D656D7053
:107598002E6300006D656D705F6D616C6C6F633A92
:1075A800206D656D702070726F7065726C792061E6
:1075B8006C69676E656400006D656D705F66726505
:1075C800653A206D656D2070726F7065726C7920F8
:1075D800616C69676E656400433A5C636F646578E3
:1075E8002D746F6F6C735C7465656E737934312DAF
:1075F8006C6962735C7465656E737934315F756E3E
:1076080077697265645F62656E63685C514E457444
:107618006865726E65745C7372635C6C7769705CC4
:107628006E657469662E63006E657469665F69735A
:107638007375655F7265706F7274733A20696E76E0
:10764800616C6964206E65746966000063616C6CC6
:107658006261636B206D75737420626520213D2023
:107668004E554C4C00000000666E206D75737420FA
:10767800626520213D204E554C4C00006E657469B2
:1076880066206D75737420626520213D204E554C2F
:107698004C00000073696E676C65206E65746966DE
:1076A80020616C7265616479207365740000000064
:1076B8006E657469662D3E6877616464725F6C6597
:1076C8006E203C3D204E455449465F4D41585F4829
:1076D80057414444525F4C454E000000433A5C63B6
:1076E8006F6465782D746F6F6C735C7465656E7309
:1076F8007934312D6C6962735C7465656E737934A5
:10770800315F756E77697265645F62656E63685C28
:10771800514E45746865726E65745C7372635C6C17
:107728007769705C706275662E63000070627566BA
:1077380020726566206F766572666C6F7700000050
:10774800706275665F636F7079206661696C6564E5
:1077580000000000696E76616C696420706275666D
:107768005F747970650000007020213D204E554CF3
:107778004C000000706275665F667265653A20703D
:107788002D3E726566203E203000000070632D3E5D
:10779800637573746F6D5F667265655F66756E633A
:1077A80074696F6E20213D204E554C4C000000003E
:1077B800696E76616C696420706275662074797090
:1077C80065000000706275665F616C6C6F633A20DB
:1077D8006572726F6E656F757320747970650000DD
:1077E800706275665F7265616C6C6F633A207020B9
:1077F800213D204E554C4C00706275665F72656184
:107808006C6C6F633A207120213D204E554C4C0022
:107818006D656D5F7472696D2072657475726E65E1
:10782800642072203D3D204E554C4C006D656D5FC7
:107838007472696D2072657475726E656420722049
:10784800213D2071000000004372656174696E6714
:1078580020616E20696E66696E697465206C6F6F51
:1078680070000000702D3E746F745F6C656E203D73
:107878003D20702D3E6C656E20286F66206C61730C
:1078880074207062756620696E20636861696E296C
:10789800000000006F66667365745F746F203C3D7E
:1078A80020705F746F2D3E6C656E00006F666673A6
:1078B80065745F66726F6D203C3D20705F66726F05
:1078C8006D2D3E6C656E0000706275665F74616B4D
:1078D800653A20696E76616C69642070627566002D
:1078E800646964206E6F7420636F707920616C6CBA
:1078F8002064617461000000433A5C636F646578DA
:107908002D746F6F6C735C7465656E737934312D8B
:107918006C6962735C7465656E737934315F756E1A
:1079280077697265645F62656E63685C514E457421
:107938006865726E65745C7372635C6C7769705CA1
:107948007261772E63000000726177207063622095
:10795800726563762063616C6C6261636B20616C35
:1079680074657265642070627566207061796C6FE9
:10797800616420706F696E74657220776974686FCE
:10798800757420656174696E67207061636B6574D6
:1079980000000000433A5C636F6465782D746F6F74
:1079A8006C735C7465656E737934312D6C696273C0
:1079B8005C7465656E737934315F756E776972656D
:1079C800645F62656E63685C514E45746865726E8B
:1079D80065745C7372635C6C7769705C7463702E39
:1079E8006300000070636220213D204E554C4C001E
:1079F8007463705F667265653A204C495354454E0E
:107A0800000000007463705F7570646174655F7274
:107A180063765F616E6E5F776E643A20696E766139
:107A28006C696420706362006E65775F7263765F6D
:107A3800616E6E5F776E64203C3D203078666666C6
:107A480066000000646F6E27742063616C6C20749C
:107A580063705F72656376656420666F72206C6917
:107A68007374656E2D706362730000007463705FD9
:107A78007365675F636F70793A20696E76616C69C8
:107A880064207365670000007463705F736C6F77C0
:107A9800746D723A20616374697665207063622D33
:107AA8003E737461746520213D20434C4F53454417
:107AB800000000007463705F736C6F77746D723AC6
:107AC80020616374697665207063622D3E7374610A
:107AD800746520213D204C495354454E0000000058
:107AE8007463705F736C6F77746D723A206163743E
:107AF800697665207063622D3E7374617465202118
:107B08003D2054494D452D57414954007463705FD9
:107B1800736C6F7774696D723A20706572736973EC
:107B280074207469636B696E67207769746820696B
:107B38006E2D666C6967687420646174610000006A
:107B48007463705F736C6F7774696D723A207065D7
:107B58007273697374207469636B696E67207769DF
:107B6800746820656D7074792073656E6420627521
:107B780066666572000000007463705F736C6F77EF
:107B8800746D723A206D6964646C6520746370204A
:107B9800213D207463705F6163746976655F70630B
:107BA800627300007463705F736C6F77746D723A00
:107BB80020666972737420706362203D3D2074638F
:107BC800705F6163746976655F706362730000005B
:107BD8007463705F736C6F77746D723A2054494D9B
:107BE800452D57414954207063622D3E737461746A
:107BF80065203D3D2054494D452D574149540000CD
:107C08007463705F736C6F77746D723A206D69641A
:107C1800646C652074637020213D207463705F7408
:107C2800775F7063627300007463705F736C6F7763
:107C3800746D723A20666972737420706362203DB5
:107C48003D207463705F74775F7063627300000037
:107C58007463705F7063625F72656D6F76653A20FA
:107C6800696E76616C696420706362007463705F2A
:107C78007063625F72656D6F76653A20696E7661D2
:107C88006C6964207063626C69737400756E7365E7
:107C98006E74207365676D656E7473206C65616BB7
:107CA800696E6700756E61636B6564207365676DE7
:107CB800656E7473206C65616B696E670000000007
:107CC8006F6F736571207365676D656E7473206C73
:107CD80065616B696E670000646F6E27742063616D
:107CE8006C6C207463705F61626F72742F74637060
:107CF8005F6162616E646F6E20666F72206C69737B
:107D080074656E2D70636273000000007463705FA9
:107D1800636C6F73655F73687574646F776E3A2010
:107D2800696E76616C696420706362007063622DAD
:107D38003E666C61677320262054465F5258434C58
:107D48004F534544000000007463705F66726565B8
:107D58005F6C697374656E3A20214C495354454EE3
:107D6800000000007463705F6E6578745F697373F8
:107D78003A20696E76616C69642070636200000065
:107D88007463705F6566665F73656E645F6D737359
:107D98005F6E657469663A20696E76616C69642005
:107DA8006473745F69700000433A5C636F6465785C
:107DB8002D746F6F6C735C7465656E737934312DD7
:107DC8006C6962735C7465656E737934315F756E66
:107DD80077697265645F62656E63685C514E45746D
:107DE8006865726E65745C7372635C6C7769705CED
:107DF8007463705F696E2E63000000007063622D0B
:107E08003E736E645F71756575656C656E203E3D89
:107E180020706275665F636C656E286E6578742D78
:107E28003E7029007463705F726563656976653AB0
:107E38002076616C6964207175657565206C656E66
:107E4800677468007463705F726563656976653A24
:107E58002077726F6E67207374617465000000008C
:107E6800696E7365672E7020213D204E554C4C007D
:107E7800696E73616E65206F6666736574210000B4
:107E88007062756620746F6F2073686F727421005A
:107E98007463705F726563656976653A20736567B8
:107EA8006D656E74206E6F74207472696D6D656493
:107EB80020636F72726563746C7920746F207263CB
:107EC800765F776E640000007463705F7265636547
:107ED8006976653A207365676D656E74206E6F7498
:107EE800207472696D6D656420636F727265637466
:107EF8006C7920746F206F6F73657120717565756B
:107F0800650000007463705F726563656976653A41
:107F1800207463706C656E203E207263765F776EA6
:107F2800640000007463705F726563656976653A22
:107F3800206F6F736571207463706C656E203E20CE
:107F48007263765F776E64007463705F696E7075D4
:107F5800743A20696E76616C696420706275660097
:107F6800702D3E6E65787420213D204E554C4C0096
:107F7800702D3E6C656E203D3D203000702D3E74A6
:107F88006F745F6C656E203D3D20702D3E6E657888
:107F9800742D3E746F745F6C656E00007463705F5F
:107FA800696E7075743A20616374697665207063D0
:107FB800622D3E737461746520213D20434C4F53FC
:107FC800454400007463705F696E7075743A20618F
:107FD8006374697665207063622D3E73746174659D
:107FE80020213D2054494D452D574149540000005A
:107FF8007463705F696E7075743A20616374697632
:1080080065207063622D3E737461746520213D2084
:108018004C495354454E00007463705F696E707527
:10802800743A207063622D3E6E65787420213D207D
:1080380070636220286265666F7265206361636899
:10804800652900007463705F696E7075743A2070FA
:1080580063622D3E6E65787420213D207063622036
:108068002861667465722063616368652900000091
:108078007463705F696E7075743A2054494D452D6C
:1080880057414954207063622D3E737461746520B2
:108098003D3D2054494D452D5741495400000000AD
:1080A8007463705F696E7075743A207063622D3EF8
:1080B800737461746520213D20434C4F534544003F
:1080C8007063622D3E736E645F71756575656C656E
:1080D8006E203E20300000006E6F207365676D656E
:1080E8006E7420746F206672656500007063622D7F
:1080F8003E6C697374656E65722D3E61636365706D
:108108007420213D204E554C4C0000007063622DB8
:108118003E726566757365645F64617461203D3D98
:10812800204E554C4C000000433A5C636F64657800
:108138002D746F6F6C735C7465656E737934312D53
:108148006C6962735C7465656E737934315F756EE2
:1081580077697265645F62656E63685C514E4574E9
:108168006865726E65745C7372635C6C7769705C69
:108178007463705F6F75742E630000007463705FC2
:108188006372656174655F7365676D656E743A20C7
:10819800696E76616C69642070636200702D3E744C
:1081A8006F745F6C656E203E3D206F70746C656EF9
:1081B80000000000636865636B2074686174206662
:1081C8006972737420706275662063616E20686FCF
:1081D8006C6420737472756374207463705F686470
:1081E800720000007463705F7273743A20696E766F
:1081F800616C6964206C6F63616C5F69700000007A
:108208007463705F7273743A20696E76616C696426
:108218002072656D6F74655F697000007463705FCC
:1082280073706C69745F756E73656E745F73656780
:108238003A20696E76616C696420706362000000A0
:1082480043616E27742073706C6974207365676D61
:10825800656E7420696E746F206C656E6774682033
:108268003000000073706C6974203C3D206D73739E
:10827800000000007463705F656E71756575655FF9
:10828800666C6167733A206E656564206569746819
:108298006572205443505F53594E206F72205443E7
:1082A800505F46494E20696E20666C6167732028CE
:1082B80070726F6772616D6D65722076696F6C613F
:1082C8007465732041504929000000007463705F91
:1082D800656E71756575655F666C6167733A20696F
:1082E8006E76616C69642070636200007463705F0D
:1082F800656E71756575655F666C6167733A206355
:108308006865636B20746861742066697273742091
:10831800706275662063616E20686F6C64206F7090
:10832800746C656E000000007365672D3E746370A1
:10833800686472206E6F7420616C69676E65640092
:108348007463705F656E71756575655F666C61678E
:10835800733A20696E76616C6964207365676D6530
:108368006E74206C656E6774680000007463705FDB
:10837800656E71756575655F666C6167733A2069CE
:108388006E76616C6964207175657565206C656EC3
:10839800677468007463705F73656E645F66696EA6
:1083A8003A20696E76616C6964207063620000002F
:1083B8007463705F7265786D69745F72746F5F70F3
:1083C8007265706172653A20696E76616C696420C5
:1083D800706362007463705F7265786D69743A20C7
:1083E800696E76616C696420706362007463705FA3
:1083F8007265786D69745F666173743A20696E7628
:10840800616C696420706362000000007463705FCF
:1084180073656E645F656D7074795F61636B3A2034
:10842800696E76616C696420706362007463705F62
:108438006F75747075743A20696E76616C69642022
:1084480070636200646F6E27742063616C6C2074C3
:1084580063705F6F757470757420666F72206C69D5
:108468007374656E2D70636273000000525354205C
:108478006E6F7420657870656374656420686572D2
:10848800652100006F7074696F6E73206E6F7420C1
:1084980066696C6C656400007463705F7265786D02
:1084A80069745F72746F5F636F6D6D69743A206988
:1084B8006E76616C69642070636200007463705F3B
:1084C8007265786D69745F72746F3A20696E76614F
:1084D8006C696420706362007463705F6B656570BB
:1084E800616C6976653A20696E76616C69642070A2
:1084F800636200007463705F7A65726F5F77696E9C
:10850800646F775F70726F62653A20696E76616C2E
:108518006964207063620000433A5C636F64657845
:108528002D746F6F6C735C7465656E737934312D5F
:108538006C6962735C7465656E737934315F756EEE
:1085480077697265645F62656E63685C514E4574F5
:108558006865726E65745C7372635C6C7769705C75
:1085680074696D656F7574732E6300007379735F3A
:1085780074696D656F75743A2074696D656F75748B
:1085880020213D204E554C4C2C20706F6F6C204D97
:10859800454D505F5359535F54494D454F555420ED
:1085A800697320656D7074790000000054696D6509
:1085B8006F75742074696D6520746F6F206C6F6EB1
:1085C800672C206D6178206973204C5749505F559E
:1085D800494E5433325F4D41582F34206D736563D3
:1085E80073000000696E76616C696420736C656560
:1085F8007074696D65000000433A5C636F64657868
:108608002D746F6F6C735C7465656E737934312D7E
:108618006C6962735C7465656E737934315F756E0D
:1086280077697265645F62656E63685C514E457414
:108638006865726E65745C7372635C6C7769705C94
:108648007564702E630000007564705F696E7075E4
:10865800743A20696E76616C696420706275660090
:108668007564705F696E7075743A20696E76616CB6
:108678006964206E65746966000000007062756642
:108688005F72656D6F76655F6865616465722066A7
:1086980061696C6564000000636865636B207468D9
:1086A80061742066697273742070627566206361F4
:1086B8006E20686F6C6420737472756374207564BF
:1086C800705F686472000000433A5C636F646578A9
:1086D8002D746F6F6C735C7465656E737934312DAE
:1086E8006C6962735C7465656E737934315F756E3D
:1086F80077697265645F62656E63685C514E457444
:108708006865726E65745C7372635C6E65746966C5
:108718005C65746865726E65742E63006E65746955
:10872800662D3E6877616464725F6C656E206D7556
:108738007374206265203620666F722065746865E0
:10874800726E65745F6F7574707574210000000037
:10875800433A5C636F6465782D746F6F6C735C74F7
:1087680065656E737934312D6C6962735C74656507
:108778006E737934315F756E77697265645F6265AF
:108788006E63685C514E45746865726E65745C739F
:1087980072635C716E65746865726E65745C6C7723
:1087A80069705F686F6F6B732E63707000000000F4
:1087B800456E74726F70792067656E657261746951
:1087C8006F6E206572726F7200000000433A5C633E
:1087D8006F6465782D746F6F6C735C7465656E7308
:1087E8007934312D6C6962735C7465656E737934A4
:1087F800315F756E77697265645F62656E63685C28
:10880800514E45746865726E65745C7372635C6C16
:108818007769705C646E732E63000000646E732069
:10882800736572766572206F7574206F6620617249
:1088380072617900756E6B6E6F776E20646E735F10
:108848007461626C6520656E7472792073746174EA
:10885800653A00002E6C6F63616C0000433A5C63FC
:108868006F6465782D746F6F6C735C7465656E7377
:108878007934312D6C6962735C7465656E73793413
:10888800315F756E77697265645F62656E63685C97
:10889800514E45746865726E65745C7372635C6C86
:1088A8007769705C697076345C6163642E6300007C
:1088B8006163645F636F6E666C6963745F63616C48
:1088C8006C6261636B20213D204E554C4C000000CA
:1088D800433A5C636F6465782D746F6F6C735C7476
:1088E80065656E737934312D6C6962735C74656586
:1088F8006E737934315F756E77697265645F62652E
:108908006E63685C514E45746865726E65745C731D
:1089180072635C6C7769705C697076345C69636DEE
:10892800702E6300636865636B20746861742066E9
:108938006972737420706275662063616E20686F57
:108948006C642069636D70206D6573736167650081
:1089580069636D705F696E7075743A206D6F7669C2
:108968006E6720722D3E7061796C6F616420746F40
:108978002069636D7020686561646572206661694D
:108988006C65640069636D705F696E7075743A2018
:10899800726573746F72696E67206F726967696E4A
:1089A800616C20702D3E7061796C6F616420666126
:1089B800696C6564000000004372617368526570F9
:1089C8006F72743A000000002020412070726F62BC
:1089D8006C656D206F6363757272656420617420C5
:1089E8002873797374656D2074696D65292000009A
:1089F8003A0000002020436F64652077617320658A
:108A08007865637574696E672066726F6D2061643E
:108A1800647265737320307800000000202043469C
:108A280053523A200000000009284941434356495F
:108A38004F4C2920496E737472756374696F6E2088
:108A48004163636573732056696F6C6174696F6EF7
:108A58000000000009284441434356494F4C29204F
:108A680044617461204163636573732056696F6C58
:108A78006174696F6E00000009284D554E53544BC0
:108A880045525229204D656D4D616E6765204661DE
:108A9800756C74206F6E20556E737461636B696EAC
:108AA8006700000009284D53544B45525229204D68
:108AB800656D4D616E6765204661756C74206F6EDB
:108AC80020737461636B696E6700000009284D4C60
:108AD800535045525229204D656D4D616E67652092
:108AE8004661756C74206F6E204650204C617A790F
:108AF800205374617465000009284D4D4152564158
:108B08004C4944292041636365737365642041645B
:108B180064726573733A20307800000020286E75FF
:108B28006C6C707472290D0A092020436865636BA8
:108B380020636F646520617420307800202D2076D2
:108B4800657279206C696B656C7920612062756744
:108B5800210D0A09202052756E2022616464723248
:108B68006C696E65202D65206D79736B657463681B
:108B78002E696E6F2E656C66203078002220666F35
:108B8800722066696C656E616D652026206C696E61
:108B980065206E756D6265722E0000002028537482
:108BA80061636B2070726F626C656D290D0A092014
:108BB80020436865636B20666F7220737461636B12
:108BC800206F766572666C6F77732C2061727261A4
:108BD8007920626F756E64732C206574632E0000B3
:108BE8000928494255534552522920496E737472D7
:108BF800756374696F6E20427573204572726F7267
:108C08000000000009285052454349534552522953
:108C1800204461746120627573206572726F7220DE
:108C2800286164647265737320696E2042464152FC
:108C3800290000000928494D5052454349534552DF
:108C48005229204461746120627573206572726FC5
:108C580072206275742061646472657373206E6F2C
:108C6800742072656C6174656420746F20696E731A
:108C78007472756374696F6E000000000928554EA0
:108C880053544B4552522920427573204661756CE6
:108C980074206F6E20756E737461636B696E6720E4
:108CA800666F7220612072657475726E2066726FCD
:108CB8006D20657863657074696F6E000928535478
:108CC8004B4552522920427573204661756C7420B9
:108CD8006F6E20737461636B696E6720666F7220B4
:108CE800657863657074696F6E20656E747279005B
:108CF80009284C5350455252292042757320466129
:108D0800756C74206F6E204650206C617A792073E0
:108D18007461746520707265736572766174696FC9
:108D28006E00000009284246415256414C494429E8
:108D3800204163636573736564204164647265737D
:108D4800733A2030780000000928554E44454649BA
:108D58004E5354522920556E646566696E656420C9
:108D6800696E737472756374696F6E000928494E71
:108D78005653544154452920496E7374727563746F
:108D8800696F6E206D616B657320696C6C656761D6
:108D98006C20757365206F662045505352000000A3
:108DA8000928494E56504329205573616765206646
:108DB80061756C743A20696E76616C6964204558F7
:108DC800435F52455455524E0000000009284E4F4B
:108DD800435029204E6F20436F70726F6365737321
:108DE8006F7200000928554E414C49474E454429A9
:108DF80020556E616C69676E656420616363657395
:108E0800732055736167654661756C7400000000D6
:108E1800092844495642595A45524F2920446976EF
:108E2800696465206279207A65726F002020485451
:108E380053523A2000000000092856454354544232
:108E48004C2920427573204661756C74206F6E2022
:108E5800566563205461626C652052656164000048
:108E68000928464F524345442920466F726365647A
:108E78002048617264204661756C74002020546536
:108E88006D706572617475726520696E7369646569
:108E9800207468652063686970207761732000001A
:108EA80020C2B04300000000202053746172747522
:108EB800702043505520636C6F636B207370656539
:108EC80064206973200000004D487A004E6F2043EB
:108ED80072617368204461746120546F2052657018
:108EE8006F7274002020486F706566756C6C79200D
:108EF800616C6C2069732077656C6C2C20627574CA
:108F0800206365727461696E207479706573206F6F
:108F18006620637261736865732063616E277420CD
:108F28006265207265706F727465643A00000000B3
:108F380009737475636B20696E20616E20696E66B3
:108F4800696E697465206C6F6F702028746563683A
:108F58006E6963616C6C792C2068617264776172E8
:108F680065207374696C6C2072756E6E696E67200B
:108F780070726F7065726C79290000000972656DF6
:108F880061696E696E6720696E2061206C6F772059
:108F9800706F77657220736C656570206D6F64659E
:108FA800000000000961636365737320746F2063B8
:108FB80065727461696E2070657269706865726146
:108FC8006C7320776974686F75742074686569724A
:108FD80020636C6F636B20656E61626C656420282A
:108FE80065672C20466C6578494F290009636861DC
:108FF8006E6765206F6620435055206F722062753A
:109008007320636C6F636B20737065656420776988
:1090180074686F757420757365206F6620676C6956
:109028007463686C657373206D75780020205265D1
:10903800626F6F7420776173206361757365642054
:109048006279206175746F207265626F6F74206138
:1090580066746572206661756C74206F7220626137
:109068006420696E746572727570742064657465C5
:10907800637465640000000020205265626F6F749D
:10908800207761732063617573656420627920734A
:109098006F66747761726520777269746520746F82
:1090A800205343425F4149524352206F722043503C
:1090B80055206C6F636B75700000000020205265AE
:1090C800626F6F74207761732063617573656420C4
:1090D8006279207365637572697479206D6F6E6942
:1090E800746F720020205265626F6F74207761730D
:1090F8002063617573656420627920706F7765728B
:10910800206F6E2F6F666620627574746F6E000034
:1091180020205265626F6F742077617320636175D8
:10912800736564206279207761746368646F67206F
:1091380031206F722032000020205265626F6F74F8
:109148002077617320636175736564206279204AB2
:1091580054414720626F756E646172792073636150
:109168006E00000020205265626F6F742077617373
:1091780020636175736564206279204A54414720F1
:10918800646562756700000020205265626F6F7425
:109198002077617320636175736564206279207735
:1091A80061746368646F6720330000002020526593
:1091B800626F6F74207761732063617573656420D3
:1091C80062792074656D706572617475726520735B
:1091D800656E736F7200000050616E69632054659C
:1091E8006D7020457863656564656420536875749F
:1091F80074696E6720446F776E00000043616E20CB
:10920800626520636175736564206279204F7665B5
:1092180072636C6F636B696E6720772F6F20486588
:10922800617473696E6B206F72206F746865722049
:10923800756E6B6E6F776E20726561736F6E00006E
:10924800202042726561646372756D62202300009C
:10925800207761732000000020283078000000008B
:109268006E616E00696E66006F7666006261645FAB
:1092780066756E6374696F6E5F63616C6C00000085
:10928800474C49424358585F54554E41424C455308
:10929800000000006F626A5F73697A650000000071
:1092A8006F626A5F636F756E74000000676C696255
:1092B8006378782E65685F706F6F6C007374643ABA
:1092C8003A6261645F657863657074696F6E000007
:1092D80062617369635F737472696E673A3A5F5368
:1092E8005F636F6E737472756374206E756C6C2037
:1092F8006E6F742076616C69640000006261736946
:10930800635F737472696E673A3A5F535F6372653D
:10931800617465004C435F434F4C4C415445000019
:109328004C435F4354595045000000004C435F4D87
:109338004F4E4554415259004C435F4E554D45528E
:10934800494300004C435F54494D45004C435F4D31
:10935800455353414745530042616C6C6F6320731A
:109368007563636565646564000000002F6461745B
:10937800612F6A656E6B696E732F776F726B73708E
:109388006163652F474E552D746F6F6C6368616913
:109398006E2F61726D2D31352D352F7372632F6EDF
:1093A80065776C69622D63796777696E2F6E65776B
:1093B8006C69622F6C6962632F7374646C69622FC5
:1093C8006D707265632E6300494E46004E414E0033
:1093D8003031323334353637383961626364656623
:1093E80000000000303132333435363738394142E5
:1093F8004344454600000000286E756C6C29000047
:109408002C2066756E6374696F6E3A200000000048
:10941800617373657274696F6E20222573222066EA
:1094280061696C65643A2066696C6520222573223F
:109438002C206C696E65202564257325730A00004D
:10944800496E66696E697479000000004E614E00CD
:109458002F646174612F6A656E6B696E732F776F05
:10946800726B73706163652F474E552D746F6F6C07
:10947800636861696E2F61726D2D31352D352F73DB
:1094880072632F6E65776C69622D63796777696E91
:109498002F6E65776C69622F6C6962632F737464D1
:1094A8006C69622F64746F612E6300007800CB00D2
:1094B80000007A00E202CB007F007003AD03850054
:1094C8002A031D078B006001470A8E00A802A70B1C
:1094D8009200BA014F0E0000494801004D480100B2
:1094E8005148010055480100B4410020803E002049
:1094F800E0410020A03E0020783E0020B44100203A
:10950800C43E0020E0410020E83E0020203E00202C
:10951800E0410020103F0020703E0020E041002084
:10952800203F0020403E0020E0410020343F002042
:10953800703E0020E0410020483F0020703E00209F
:10954800B4410020603F0020B4410020703F00205B
:109558004E31305F5F637878616269763131355FAB
:109568005F666F726365645F756E77696E644500E8
:109578004E31305F5F637878616269763131375F89
:109588005F636C6173735F747970655F696E666F32
:10959800450000004E31305F5F637878616269761C
:1095A8003131395F5F666F726569676E5F657863D1
:1095B800657074696F6E45004E31305F5F6378780F
:1095C800616269763132305F5F73695F636C6173C2
:1095D800735F747970655F696E666F45000000009F
:1095E800537431316C6F6769635F6572726F7200B3
:1095F800537431326C656E6774685F6572726F722E
:1096080000000000537431336261645F65786365FC
:109618007074696F6E000000537431376261645F63
:1096280066756E6374696F6E5F63616C6C000000D1
:10963800537439657863657074696F6E0000000053
:10964800537439747970655F696E666F0000000045
:109658000000000000000000CD7A000000000000BB
:1096680000000000351F006000000000000000003E
:1096780001480100255E0100215E01001D5E010018
:10968800195E0100ED4A0100F14A0100155E010072
:10969800000000000000000071070000CD04000079
:1096A80000000000000000003D5401007D0B000098
:1096B800350A00006900000075000000C5010000BF
:1096C800E10100006D0000003D54010000000000B1
:1096D8000000000071070000CD040000B90500007B
:1096E800CD050000BD0000007D0B0000350A00001C
:1096F8006900000075000000990D00004108000095
:10970800C100000049140000000000000000000033
:1097180071070000CD040000E9050000FD05000008
:10972800B10000007D0B0000350A00006900000050
:1097380075000000E10C0000E9080000B500000019
:10974800191300000000000000000000710700006D
:10975800CD040000190600002D060000A500000039
:109768007D0B0000350A000069000000750000004C
:1097780031110000CD080000A9000000E911000027
:10978800000000000000000071070000CD04000088
:10979800490600005D060000990000007D0B0000EE
:1097A800350A00006900000075000000791000000B
:1097B800B10800009D00000005090000000000003D
:1097C8000000000071070000CD04000079060000C9
:1097D8008D0600008D0000007D0B0000350A00009A
:1097E8006900000075000000C10F00009508000026
:1097F80091000000D91700000000000000000000E0
:1098080071070000CD040000A9060000BD06000095
:10981800810000007D0B0000350A0000690000008F
:1098280075000000090F000079080000850000009D
:10983800A9160000000000000000000071070000E9
:10984800CD040000D9060000ED06000071000000FC
:109858007D0B0000350A000069000000750000005B
:10986800510E00005D080000790000007915000025
:10987800000000000000000009480100000000008E
:10988800203E0020817701009577010005750100D1
:10989800057501001578010041770100F577010091
:1098A800B17701007577010000000000343E002008
:1098B800E5730100F97301000575010005750100E4
:1098C8001578010041770100D57401005574010035
:1098D8001574010000000000000000007947000036
:1098E800FD470000752F0000792F00007D2F000034
:1098F800812F0000852F0000892F00008D2F000088
:109908007D4600000000000000000000712F0000EC
:10991800E52F0000B52F0000592F0000F92F000097
:10992800652F000000000000000000003D54010009
:109938003D54010000000000000000003D540100FB
:109948007D0B0000350A000069000000315F00004F
:10995800C5010000E10100006D00000000000000EA
:1099680000000000992F0000A52F00002D300000F6
:109978009D2F000000000000000000000000000013
:1099880000000000752F0000792F00007D2F0000D7
:10999800812F0000852F0000892F00008D2F0000E7
:1099A800394F00003D540100314F0000595E00005E
:1099B800354F00000000000000000000ED4F0000DF
:1099C800F14F0000514F0000454F0000554F000077
:1099D800594F00005D4F0000614F0000494F0000E3
:1099E8004D4F0000654F000000000000000000001F
:1099F8001D5100003D510000752F0000792F000017
:109A08007D2F0000812F0000852F0000892F000086
:109A18008D2F0000394F0000095E0000314F000013
:109A2800595E0000354F00000000000000000000F3
:109A3800E94F000005500000414F0000454F00006D
:109A48002D50000019500000C5500000AD52000014
:109A5800694F0000754F0000F15000000000000041
:109A680000000000ED810000BD830000718100004E
:109A7800C1800000C5800000DD800000FD8000007E
:109A88005D8C0000658C000019810000358600009F
:109A98008D8600003D890000098400009181000046
:109AA800B984000055810000A980000001870000EA
:109AB8008987000015850000B18000005D850000E1
:109AC800B9800000F0FFFFFF00000000A58500003E
:109AD800F9830000ED85000001840000000000000B
:109AE800403E002039750100B97501003575010047
:109AF800000000004C3E002079750100017601004D
:109B08003575010000000000583E0020E96B010097
:109B1800F56B0100ED6B010000000000643E0020C1
:109B2800D5670100E9670100CD670100355F0000D6
:109B38004D5F0000655F000055310000912F000067
:109B4800952F0000554200001D460000D545000035
:109B5800292F0000412F00006175746F69705F73D1
:109B6800746F7000646863705F72656C65617365BB
:109B78005F616E645F73746F700000006574686184
:109B880072705F6F757470757400000069676D702E
:109B98005F6C6561766567726F75705F6E65746915
:109BA800660000006970345F6F75747075745F6962
:109BB800665F6F70745F7372630000006E6574692E
:109BC800665F72656D6F76655F6578745F63616CFB
:109BD8006C6261636B0000007463705F696E70751E
:109BE800740000007463705F6F75747075740000A2
:109BF8007564705F6E65775F69705F747970650012
:109C080065746865726E65745F6F757470757400DD
:109C18006D646E735F726573705F616E6E6F756E83
:109C2800636500006175746F69705F737461727445
:109C380000000000646863705F72656E65770000FD
:109C48006574686172705F696E70757400000000F9
:109C58006970345F696E7075740000006E657469B0
:109C6800665F6164645F6578745F63616C6C626190
:109C7800636B00007379735F636865636B5F746916
:109C88006D656F75747300007564705F6E6577003D
:109C980065746865726E65745F696E7075740000CE
:109CA8006163645F616464006E657469665F7265B0
:109CB8006D6F7665000000006E657469665F736598
:109CC800745F6164647200007463705F6162616EE6
:109CD800646F6E006E657469665F6164640000009D
:109CE8007463705F636C6F736500000069676D7003
:109CF8005F6A6F696E67726F75705F6E65746966AB
:109D0800000000007379735F756E74696D656F7517
:109D1800740000007564705F72656D6F7665000091
:109D28006175746F69705F7365745F73747275635E
:109D380074000000646863705F737461727400007B
:109D48006E657469665F6765745F62795F696E6482
:109D5800657800007379735F74696D656F75740059
:109D68007564705F72656376000000007463705FED
:109D780074696D65725F6E656564656400000000F6
:109D8800646863705F7365745F737472756374007D
:109D98006E657469665F7365745F6C696E6B5F642A
:109DA8006F776E007564705F636F6E6E65637400C5
:109DB8006D646E735F726573705F72656D6F7665E3
:109DC8005F6E6574696600006E657469665F7365C9
:109DD800745F6C696E6B5F75700000007463705F10
:109DE800616C6C6F630000006E657469665F736513
:109DF800745F646F776E00007564705F62696E648B
:109E0800000000006E657469665F7365745F757045
:109E1800000000007564705F73656E64746F5F693D
:109E2800665F7372630000006E657469665F7365D0
:109E3800745F64656661756C740000007463705FBC
:109E480072656376656400007564705F696E70752D
:109E58007400000000202020202020202020282816
:109E680028282820202020202020202020202020D2
:109E78002020202020881010101010101010101012
:109E88001010101010040404040404040404041042
:109E980010101010101041414141414101010101D0
:109EA800010101010101010101010101010101019A
:109EB80010101010101042424242424202020202A6
:109EC800020202020202020202020202020202026A
:109ED800101010102000000000000000000000001A
:109EE800000000000000000000000000000000006A
:109EF800000000000000000000000000000000005A
:109F08000000000000000000000000000000000049
:109F18000000000000000000000000000000000039
:109F28000000000000000000000000000000000029
:109F38000000000000000000000000000000000019
:109F48000000000000000000000000000000000009
:109F580000000000000000002020202020202020F9
:109F680020202020202020202020202020202020E9
:109F780020202020202020202020202020202020D9
:109F8800202020202020202000000042C8801F40E0
:109F9800B8821F400800000000000042C4801F4033
:109FA800B4821F400400000000C0004224801F400B
:109FB80014821F401000000000C0004228801F408B
:109FC80018821F402000000000C000422C801F4063
:109FD8001C821F404000000000C0004234801F4027
:109FE80024821F40000100000040004264811F409D
:109FF80054831F40000400000040004280811F403D
:10A0080070831F4000000200004000427C811F4016
:10A018006C831F40000001000040004268811F401F
:10A0280058831F4000080000004000423C811F4048
:10A038002C831F40010000000040004244811F4063
:10A0480034831F40040000000040004240811F404C
:10A0580030831F40020000000040004248811F403A
:10A0680038831F40080000000000004204811F40A0
:10A07800F4821F40000004000000004208811F40D5
:10A08800F8821F40000008000000004218811F40AD
:10A0980008831F40000080000000004214811F4018
:10A0A80004831F40000040000000004200811F4060
:10A0B800F0821F400000020000000042FC801F40A8
:10A0C800EC821F40000001000000004224811F4074
:10A0D80014831F40000000040000004228811F4034
:10A0E80018831F4000000008000000421C811F4028
:10A0F8000C831F40000000010000004220811F4027
:10A1080010831F400000000200000042EC801F4046
:10A11800DC821F400010000000000042F0801F4059
:10A12800E0821F40002000000000004234811F40F0
:10A1380024831F40000000400000004238811F4077
:10A1480028831F40000000800080004294801F4048
:10A1580084821F400000040000C0004290801F401D
:10A1680080821F400000008000800042A8801F40BD
:10A1780098821F400000800000800042A4801F4099
:10A1880094821F4000004000004000426C811F4044
:10A198005C831F400010000000C0004230801F4058
:10A1A80020821F408000000000400042B0811F4014
:10A1B800A0831F400000002000400042AC811F40E7
:10A1C8009C831F40000000100040004284811F4013
:10A1D80074831F40000004000040004288811F4033
:10A1E80078831F4000000800000000422C811F40B7
:10A1F8001C831F40000000100000004230811F40F7
:10A2080020831F4000000020000000420C811F40F6
:10A21800FC821F40000010000000004210811F4017
:10A2280000831F400000200000800042C8811F40BA
:10A23800B8831F400080000000800042C4811F4096
:10A24800B4831F400040000000800042C0811F40CE
:10A25800B0831F400020000000800042BC811F40E6
:10A26800AC831F400010000000800042D0811F40D6
:10A27800C0831F400000020000800042CC811F40C4
:10A28800BC831F400000010000C0004274801F40D2
:10A2980064821F400000000100C0004280801F400F
:10A2A80070821F400000000800C0004284801F40E8
:10A2B80074821F400000001000C000426C801F40E4
:10A2C8005C821F400000400000C000427C801F40AC
:10A2D8006C821F400000000400C0004278801F40CC
:10A2E80068821F400000000200C0004288801F40B2
:10A2F80078821F4000000020E00000FBE8150020E5
:10A30800F0150020000000000C00000069000000AB
:10A318000B00000076000000770000001600000027
:10A328000B00000070000000780000007F000000B3
:10A3380080000000FFFFFFFF7100000068000000C0
:10A348008000000005000000FFFFFFFFFFFF000086
:10A35800000000000000000000000000FFFFFFFFF9
:10A36800FA000000E5FD0000E8030000F5D5000054
:10A37800E8030000C5C2000060EA00000DBD00004F
:10A38800F401000011BF000064000000D940010082
:10A39800640000001DCD0000E8030000A13C01009E
:10A3A80018000F0090B22020F0A70020100009002C
:10A3B80000B22020F4A700201000100000B02020D8
:10A3C800F8A70020FC05100040502020FCA7002022
:10A3D8001C00040098BC202000A8002020000500D4
:10A3E800F8B3202004A800201000100000B120209D
:10A3F80008A800209C00080078B620200CA800209F
:10A408001C00080098B5202010A80020100010009B
:10A4180098B4202014A800202800080058BB202049
:10A4280018A80020004D0020484D0020244D002091
:10A43800304D00203C4D00200C4D0020D04C002019
:10A44800DC4C0020184D0020E84C0020F44C002083
:10A4580005000000190000007D000000010203044F
:10A46800050607070707070707000000300901204E
:10A4780028090120240901203809012003060C18A5
:10A4880030607800000100009057002012000000A2
:10A4980000060000503000600A00000000020000C2
:10A4A800EC2F00606200000000070000882F0060A9
:10A4B80062000000EE030000D057002012000000E8
:10A4C800000004EEA8570020280000000003000048
:10A4D800842F006000000000010309046C2F006055
:10A4E8000000000002030904542F0060000000006F
:10A4F80003030904E45700200000000000000000E6
:10A508000000000000000000E00000FB30303030A8
:10A518003030303030303030303030303030303033
:10A528003030303030303030303030303030303023
:10A5380030303030303030303030303000000000D3
:10A548000000000000000000704E0020704E002047
:10A55800784E0020784E0020804E0020804E00204B
:10A56800884E0020884E0020904E0020904E0020FB
:10A57800984E0020984E0020A04E0020A04E0020AB
:10A58800A84E0020A84E0020B04E0020B04E00205B
:10A59800B84E0020B84E0020C04E0020C04E00200B
:10A5A800C84E0020C84E0020D04E0020D04E0020BB
:10A5B800D84E0020D84E0020E04E0020E04E00206B
:10A5C800E84E0020E84E0020F04E0020F04E00201B
:10A5D800F84E0020F84E0020004F0020004F0020C9
:10A5E800084F0020084F0020104F0020104F002077
:10A5F800184F0020184F0020204F0020204F002027
:10A60800284F0020284F0020304F0020304F0020D6
:10A61800384F0020384F0020404F0020404F002086
:10A62800484F0020484F0020504F0020504F002036
:10A63800584F0020584F0020604F0020604F0020E6
:10A64800684F0020684F0020704F0020704F002096
:10A65800784F0020784F0020804F0020804F002046
:10A66800884F0020884F0020904F0020904F0020F6
:10A67800984F0020984F0020A04F0020A04F0020A6
:10A68800A84F0020A84F0020B04F0020B04F002056
:10A69800B84F0020B84F0020C04F0020C04F002006
:10A6A800C84F0020C84F0020D04F0020D04F0020B6
:10A6B800D84F0020D84F0020E04F0020E04F002066
:10A6C800E84F0020E84F0020F04F0020F04F002016
:10A6D800F84F0020F84F00200050002000500020C4
:10A6E8000850002008500020105000201050002072
:10A6F8001850002018500020205000202050002022
:10A7080028500020285000203050002030500020D1
:10A718003850002038500020405000204050002081
:10A728004850002048500020505000205050002031
:10A7380058500020585000206050002060500020E1
:10A748006850002068500020705000207050002091
:10A758007850002078500020805000208050002041
:10A7680088500020885000209050002090500020F1
:10A778009850002098500020A0500020A0500020A1
:10A78800A8500020A8500020B0500020B050002051
:10A79800B8500020B8500020C0500020C050002001
:10A7A800C8500020C8500020D0500020D0500020B1
:10A7B800D8500020D8500020E0500020E050002061
:10A7C800E8500020E8500020F0500020F050002011
:10A7D800F8500020F85000200051002000510020BF
:10A7E800085100200851002010510020105100206D
:10A7F800185100201851002020510020205100201D
:10A8080028510020285100203051002030510020CC
:10A81800385100203851002040510020405100207C
:10A82800485100204851002050510020505100202C
:10A8380058510020585100206051002060510020DC
:10A84800685100206851002070510020705100208C
:10A85800785100207851002080510020805100203C
:10A8680088510020885100209051002090510020EC
:10A878009851002098510020A0510020A05100209C
:10A88800A8510020A8510020B0510020B05100204C
:10A89800B8510020B8510020C0510020C0510020FC
:10A8A800C8510020C8510020D0510020D0510020AC
:10A8B800D8510020D8510020E0510020E05100205C
:10A8C800E8510020E8510020F0510020F05100200C
:10A8D800F8510020F85100200052002000520020BA
:10A8E8000852002008520020105200201052002068
:10A8F8001852002018520020205200202052002018
:10A9080028520020285200203052002030520020C7
:10A918003852002038520020405200204052002077
:10A928004852002048520020505200205052002027
:10A9380058520020585200206052002060520020D7
:10A948006852002068520020000000005470002067
:10A95800BC700020247100200000000000000000EE
:10A9680000000000000000000000000000000000DF
:10A9780000000000000000000000000000000000CF
:10A9880000000000000000000000000000000000BF
:10A9980000000000000000000000000000000000AF
:10A9A800000000000000000000000000000000009F
:10A9B800000000000000000000000000000000008F
:10A9C800000000000000000000000000000000007F
:10A9D800000000000000000000000000000000006F
:10A9E80001000000000000000E33CDAB34126DE60C
:10A9F800ECDE05000B000000000000000000000075
:10AA0800000000000000000000000000000000003E
:10AA1800000000000000000000000000000000002E
:10AA2800000000000000000000000000000000001E
:10AA3800000000000000000000000000000000000E
:10AA480000000000000000000000000000000000FE
:10AA580000000000000000000000000000000000EE
:10AA680000000000000000000000000000000000DE
:10AA780000000000000000000000000000000000CE
:10AA880000000000000000000000000000000000BE
:10AA980000000000000000000000000000000000AE
:10AAA800000000000000000000000000000000009E
:10AAB800000000000000000000000000000000008E
:10AAC800000000000000000000000000000000007E
:10AAD800000000000000000000000000000000006E
:10AAE800000000000000000000000000000000005E
:10AAF800000000000000000000000000000000004E
:10AB0800000000000000000000000000000000003D
:10AB1800000000000000000000000000000000002D
:10AB2800000000000000000000000000000000001D
:10AB3800000000000000000000000000000000000D
:10AB48000000000000000000943F00200029DE07FC
:10AB5800007B9A17A03F002000000000E8030000D7
:10AB680000000000194F0100617201005D30000013
:10AB7800613000006400000001010000C05E002098
:10AB8800805F0020883F00200000000000000000D7
:10AB980000000000000000000000000000000000AD
:10ABA800000000000000000000000000914F0000BD
:10ABB800000000000000000000000000954F0000A9
:10ABC8000000000000000000B94A0000000000007A
:10ABD80000000000000000007D4A00003C42002008
:10ABE80001005E000000000010700020E0ED202051
:10ABF800000000004300000000000000000000000A
:10AC0800000000000000000000000000000000003C
:10AC180000000000430000000000000000000000E9
:10AC2800000000000000000000000000000000001C
:10AC380000000000430000000000000000000000C9
:10AC480000000000000000000000000000000000FC
:10AC580000000000430000000000000000000000A9
:10AC680000000000000000000000000000000000DC
:10AC78000000000043000000000000000000000089
:10AC880000000000000000000000000000000000BC
:10AC98000000000043000000000000000000000069
:10ACA800000000000000000000000000000000009C
:10ACB8000000000043000000000000000000000049
:10ACC800000000000000000000000000000000007C
:10ACD8000000000043000000000000000000000029
:10ACE800000000000000000000000000000000005C
:10ACF800000000000000000000000000000000004C
:10AD0800000000000000000000000000000000003B
:10AD1800000000000000000000000000000000002B
:10AD2800000000000000000000000000000000001B
:10AD3800000000000000000000000000000000000B
:10AD480000000000000000000000000000000000FB
:10AD580000000000000000000000000000000000EB
:10AD680000000000000000000000000000000000DB
:10AD780000000000000000000000000000000000CB
:10AD880000000000000000000000000000000000BB
:10AD980000000000000000000000000000000000AB
:10ADA800000000000000000000000000000000009B
:10ADB8000000000000000000000000004DB5010088
:10ADC80039AD010000000000844700206012002017
:10ADD800881400208814002088140020881400207B
:10ADE800881400208814002088140020881400206B
:10ADF80088140020FFFFFFFFFFFFFFFFFFFFFFFF9B
:10AE0800FFFF0000010041534349490000000000D2
:10AE1800000000000000000000000000000000002A
:10AE280000000000000041534349490000000000B1
:10AE3800000000000000000000000000000000000A
:10AE48000000000000000000FFFFFFFF00000200FC
:10AE58000000000003000000547000207852002019
:10AE680012010002EF020140C016830480020102B1
:10AE78000301000090770020280000000001040072
:10AE88000100000000000000020157494E555342DE
:10AE980000000000000000000000000000000000AA
:10AEA80012034D00530046005400310030003000BA
:10AEB800F80000000C030000000000000000000083
:10AEC8000000000000000000000000C000C00401F5
:10AED8000100000000000000000000000000000069
:10AEE800000000000000000000000000000000005A
:10AEF800000000000000000000000000000000004A
:10AF08000000000000000000000000000000000039
:10AF18000000000000000000000000000000000029
:10AF28000000000000000000000000000000000019
:10AF38000000000000000000000000000000000009
:10AF480000000000000000000000000000000000F9
:10AF580000000000000000000000000000000000E9
:10AF680000000000000000000000000000000000D9
:10AF780000000000000000000000000000000000C9
:10AF880000000000000000000000000000000000B9
:10AF980000000000000000000000000000000000A9
:10AFA8000000000000000000000000000000000099
:10AFB8000000000000000000000000000000000089
:10AFC8000000000000000000000000000000000079
:10AFD8000000000000000000000000000000000069
:10AFE8000000000000000000000000000000000059
:10AFF8000000000000000000000000000000000049
:10B008000000000000000000000000000000000038
:10B018000000000000000000000000000000000028
:10B028000000000000000000000000000000000018
:10B038000000000000000000000000000000000008
:10B0480000000000000000000000000000000000F8
:10B0580000000000000000000000000000000000E8
:10B0680000000000000000000000000000000000D8
:10B0780000000000000000000000000000000000C8
:10B0880000000000000000000000000000000000B8
:10B0980000000000000000000000000000000000A8
:10B0A8000000000000000000000000000000000098
:10B0B8000000000000000000000000000000000088
:10B0C8000000000000000000000000000000000078
:10B0D8000000000000000000000000000000000068
:10B0E8000000000000000000000000000000000058
:10B0F8000000000000000000000000000000000048
:10B108000000000000000000000000000000000037
:10B118000000000000000000000000000000000027
:10B128000000000000000000000000000000000017
:10B138000000000000000000000000000000000007
:10B1480000000000000000000000000000000000F7
:10B1580000000000000000000000000000000000E7
:10B1680000000000000000000000000000000000D7
:10B1780000000000000000000000000000000000C7
:10B1880000000000000000000000000000000000B7
:10B1980000000000000000000000000000000000A7
:10B1A8000000000000000000000000000000000097
:10B1B8000000000000000000000000000000000087
:10B1C8000000000000000000000000000000000077
:10B1D8000000000000000000000000000000000067
:10B1E8000000000000000000000000000000000057
:10B1F8000000000000000000000000000000000047
:10B208000000000000000000000000000000000036
:10B218000000000000000000000000000000000026
:10B228000000000000000000000000000000000016
:10B238000000000000000000000000000000000006
:10B2480000000000000000000000000000000000F6
:10B2580000000000000000000000000000000000E6
:10B2680000000000000000000000000000000000D6
:10B2780000000000000000000000000000000000C6
:10B2880000000000000000000000000000000000B6
:10B2980000000000000000000000000000000000A6
:10B2A8000000000000000000000000000000000096
:10B2B8000000000000000000000000000000000086
:10B2C8000000000000000000000000000000000076
:10B2D8000000000000000000000000000000000066
:10B2E8000000000000000000000000000000000056
:10B2F8000000000000000000000000000000000046
:10B308000000000000000000000000000000000035
:10B318000000000000000000000000000000000025
:10B328000000000000000000000000000000000015
:10B338000000000000000000000000000000000005
:10B3480000000000000000000000000000000000F5
:10B3580000000000000000000000000000000000E5
:10B3680000000000000000000000000000000000D5
:10B3780000000000000000000000000000000000C5
:10B3880000000000000000000000000000000000B5
:10B3980000000000000000000000000000000000A5
:10B3A8000000000000000000000000000000000095
:10B3B8000000000000000000000000000000000085
:10B3C8000000000000000000000000000000000075
:10B3D8000000000000000000000000000000000065
:10B3E8000000000000000000000000000000000055
:10B3F8000000000000000000000000000000000045
:10B408000000000000000000000000000000000034
:10B418000000000000000000000000000000000024
:10B428000000000000000000000000000000000014
:10B438000000000000000000000000000000000004
:10B4480000000000000000000000000000000000F4
:10B4580000000000000000000000000000000000E4
:10B4680000000000000000000000000000000000D4
:10B4780000000000000000000000000000000000C4
:10B4880000000000000000000000000000000000B4
:10B4980000000000000000000000000000000000A4
:10B4A8000000000000000000000000000000000094
:10B4B8000000000000000000000000000000000084
:10B4C8000000000000000000000000000000000074
:10B4D8000000000000000000000000000000000064
:10B4E8000000000000000000000000000000000054
:10B4F8000000000000000000000000000000000044
:10B508000000000000000000000000000000000033
:10B518000000000000000000000000000000000023
:10B528000000000000000000000000000000000013
:10B538000000000000000000000000000000000003
:10B5480000000000000000000000000000000000F3
:10B5580000000000000000000000000000000000E3
:10B5680000000000000000000000000000000000D3
:10B5780000000000000000000000000000000000C3
:10B5880000000000000000000000000000000000B3
:10B59800FFFFFFFFFFFFFFFFFFFFFFFFFFFFFFFFB3
:10B5A800FFFFFFFFFFFFFFFFFFFFFFFFFFFFFFFFA3
:10B5B800FFFFFFFFFFFFFFFFFFFFFFFFFFFFFFFF93
:10B5C800FFFFFFFFFFFFFFFFFFFFFFFFFFFFFFFF83
:10B5D800FFFFFFFFFFFFFFFFFFFFFFFFFFFFFFFF73
:10B5E800FFFFFFFFFFFFFFFFFFFFFFFFFFFFFFFF63
:10B5F800FFFFFFFFFFFFFFFFFFFFFFFFFFFFFFFF53
:10B60800FFFFFFFFFFFFFFFFFFFFFFFFFFFFFFFF42
:10B61800FFFFFFFFFFFFFFFFFFFFFFFFFFFFFFFF32
:10B62800FFFFFFFFFFFFFFFFFFFFFFFFFFFFFFFF22
:10B63800FFFFFFFFFFFFFFFFFFFFFFFFFFFFFFFF12
:10B64800FFFFFFFFFFFFFFFFFFFFFFFFFFFFFFFF02
:10B65800FFFFFFFFFFFFFFFFFFFFFFFFFFFFFFFFF2
:10B66800FFFFFFFFFFFFFFFFFFFFFFFFFFFFFFFFE2
:10B67800FFFFFFFFFFFFFFFFFFFFFFFFFFFFFFFFD2
:10B68800FFFFFFFFFFFFFFFFFFFFFFFFFFFFFFFFC2
:10B69800FFFFFFFFFFFFFFFFFFFFFFFFFFFFFFFFB2
:10B6A800FFFFFFFFFFFFFFFFFFFFFFFFFFFFFFFFA2
:10B6B800FFFFFFFFFFFFFFFFFFFFFFFFFFFFFFFF92
:10B6C800FFFFFFFFFFFFFFFFFFFFFFFFFFFFFFFF82
:10B6D800FFFFFFFFFFFFFFFFFFFFFFFFFFFFFFFF72
:10B6E800FFFFFFFFFFFFFFFFFFFFFFFFFFFFFFFF62
:10B6F800FFFFFFFFFFFFFFFFFFFFFFFFFFFFFFFF52
:10B70800FFFFFFFFFFFFFFFFFFFFFFFFFFFFFFFF41
:10B71800FFFFFFFFFFFFFFFFFFFFFFFFFFFFFFFF31
:10B72800FFFFFFFFFFFFFFFFFFFFFFFFFFFFFFFF21
:10B73800FFFFFFFFFFFFFFFFFFFFFFFFFFFFFFFF11
:10B74800FFFFFFFFFFFFFFFFFFFFFFFFFFFFFFFF01
:10B75800FFFFFFFFFFFFFFFFFFFFFFFFFFFFFFFFF1
:10B76800FFFFFFFFFFFFFFFFFFFFFFFFFFFFFFFFE1
:10B77800FFFFFFFFFFFFFFFFFFFFFFFFFFFFFFFFD1
:10B78800FFFFFFFFFFFFFFFFFFFFFFFFFFFFFFFFC1
:10B79800FFFFFFFFFFFFFFFFFFFFFFFFFFFFFFFFB1
:10B7A800FFFFFFFFFFFFFFFFFFFFFFFFFFFFFFFFA1
:10B7B800FFFFFFFFFFFFFFFFFFFFFFFFFFFFFFFF91
:10B7C800FFFFFFFFFFFFFFFFFFFFFFFFFFFFFFFF81
:10B7D800FFFFFFFFFFFFFFFFFFFFFFFFFFFFFFFF71
:10B7E800FFFFFFFFFFFFFFFFFFFFFFFFFFFFFFFF61
:10B7F800FFFFFFFFFFFFFFFF000000000000000049
:10B808000000000000000000000000000000000030
:10B818000000000000000000000000000000000020
:10B828000000000000000000000000000000000010
:10B838000000000000000000000000000000000000
:10B8480000000000000000000000000000000000F0
:10B8580000000000000000000000000000000000E0
:10B8680000000000000000000000000000000000D0
:10B8780000000000000000000000000000000000C0
:10B8880000000000000000000000000000000000B0
:10B8980000000000000000000000000000000000A0
:10B8A8000000000000000000000000000000000090
:10B8B8000000000000000000000000000000000080
:10B8C8000000000000000000000000000000000070
:10B8D8000000000000000000000000000000000060
:10B8E8000000000000000000000000000000000050
:10B8F8000000000000000000000000000000000040
:10B90800000000000000000000000000000000002F
:10B91800000000000000000000000000000000001F
:10B92800000000000000000000000000000000000F
:10B9380000000000000000000000000000000000FF
:10B9480000000000000000000000000000000000EF
:10B9580000000000000000000000000000000000DF
:10B9680000000000000000000000000000000000CF
:10B9780000000000000000000000000000000000BF
:10B9880000000000000000000000000000000000AF
:10B99800000000000000000000000000000000009F
:10B9A800000000000000000000000000000000008F
:10B9B800000000000000000000000000000000007F
:10B9C800000000000000000000000000000000006F
:10B9D800000000000000000000000000000000005F
:10B9E800000000000000000000000000000000004F
:10B9F800000000000000000000000000000000003F
:10BA0800000000000000000000000000000000002E
:10BA1800000000000000000000000000000000001E
:10BA2800000000000000000000000000000000000E
:10BA380000000000000000000000000000000000FE
:10BA480000000000000000000000000000000000EE
:10BA580000000000000000000000000000000000DE
:10BA680000000000000000000000000000000000CE
:10BA780000000000000000000000000000000000BE
:10BA880000000000000000000000000000000000AE
:10BA9800000000000000000000000000000000009E
:10BAA800000000000000000000000000000000008E
:10BAB800000000000000000000000000000000007E
:10BAC800000000000000000000000000000000006E
:10BAD800000000000000000000000000000000005E
:10BAE800000000000000000000000000000000004E
:10BAF800000000000000000000000000000000003E
:10BB0800000000000000000000000000000000002D
:10BB1800000000000000000000000000000000001D
:10BB2800000000000000000000000000000000000D
:10BB380000000000000000000000000000000000FD
:10BB480000000000000000000000000000000000ED
:10BB580000000000000000000000000000000000DD
:10BB680000000000000000000000000000000000CD
:10BB780000000000000000000000000000000000BD
:10BB880000000000000000000000000000000000AD
:10BB9800000000000000000000000000000000009D
:10BBA800000000000000000000000000000000008D
:10BBB800000000000000000000000000000000007D
:10BBC800000000000000000000000000000000006D
:10BBD800000000000000000000000000000000005D
:10BBE800000000000000000000000000000000004D
:10BBF800000000000000000000000000000000003D
:10BC0800000000000000000000000000000000002C
:10BC1800000000000000000000000000000000001C
:10BC2800000000000000000000000000000000000C
:10BC380000000000000000000000000000000000FC
:10BC480000000000000000000000000000000000EC
:10BC580000000000000000000000000000000000DC
:10BC680000000000000000000000000000000000CC
:10BC780000000000000000000000000000000000BC
:10BC880000000000000000000000000000000000AC
:10BC9800000000000000000000000000000000009C
:10BCA800000000000000000000000000000000008C
:10BCB800000000000000000000000000000000007C
:10BCC800000000000000000000000000000000006C
:10BCD800000000000000000000000000000000005C
:10BCE800000000000000000000000000000000004C
:10BCF800000000000000000000000000000000003C
:10BD0800000000000000000000000000000000002B
:10BD1800000000000000000000000000000000001B
:10BD2800000000000000000000000000000000000B
:10BD380000000000000000000000000000000000FB
:10BD480000000000000000000000000000000000EB
:10BD580000000000000000000000000000000000DB
:10BD680000000000000000000000000000000000CB
:10BD780000000000000000000000000000000000BB
:10BD880000000000000000000000000000000000AB
:10BD9800000000000000000000000000000000009B
:10BDA800000000000000000000000000000000008B
:10BDB800000000000000000000000000000000007B
:10BDC800000000000000000000000000000000006B
:10BDD800000000000000000000000000000000005B
:10BDE800000000000000000000000000000000004B
:10BDF800000000000000000000000000000000003B
:10BE0800000000000000000000000000000000002A
:10BE1800000000000000000000000000000000001A
:10BE2800000000000000000000000000000000000A
:10BE380000000000000000000000000000000000FA
:10BE480000000000000000000000000000000000EA
:10BE580000000000000000000000000000000000DA
:10BE680000000000000000000000000000000000CA
:10BE780000000000000000000000000000000000BA
:10BE880000000000000000000000000000000000AA
:10BE9800000000000000000000000000000000009A
:10BEA800000000000000000000000000000000008A
:10BEB800000000000000000000000000000000007A
:10BEC800000000000000000000000000000000006A
:10BED800000000000000000000000000000000005A
:10BEE800000000000000000000000000000000004A
:10BEF800000000000000000000000000000000003A
:10BF08000000000000000000000000000000000029
:10BF18000000000000000000000000000000000019
:10BF28000000000000000000000000000000000009
:10BF380000000000000000000000000000000000F9
:10BF480000000000000000000000000000000000E9
:10BF580000000000000000000000000000000000D9
:10BF680000000000000000000000000000000000C9
:10BF780000000000000000000000000000000000B9
:10BF880000000000000000000000000000000000A9
:10BF98000000000000000000000000000000000099
:10BFA8000000000000000000000000000000000089
:10BFB8000000000000000000000000000000000079
:10BFC8000000000000000000000000000000000069
:10BFD8000000000000000000000000000000000059
:10BFE8000000000000000000000000000000000049
:10BFF8000000000000000000000000000000000039
:10C008000000000000000000000000000000000028
:10C018000000000000000000000000000000000018
:10C028000000000000000000000000000000000008
:10C0380000000000000000000000000000000000F8
:10C0480000000000000000000000000000000000E8
:10C0580000000000000000000000000000000000D8
:10C0680000000000000000000000000000000000C8
:10C0780000000000000000000000000000000000B8
:10C0880000000000000000000000000000000000A8
:10C098000000000000000000000000000000000098
:10C0A8000000000000000000000000000000000088
:10C0B8000000000000000000000000000000000078
:10C0C8000000000000000000000000000000000068
:10C0D8000000000000000000000000000000000058
:10C0E8000000000000000000000000000000000048
:10C0F8000000000000000000000000000000000038
:10C108000000000000000000000000000000000027
:10C118000000000000000000000000000000000017
:10C128000000000000000000000000000000000007
:10C1380000000000000000000000000000000000F7
:10C1480000000000000000000000000000000000E7
:10C1580000000000000000000000000000000000D7
:10C1680000000000000000000000000000000000C7
:10C1780000000000000000000000000000000000B7
:10C1880000000000000000000000000000000000A7
:10C198000000000000000000000000000000000097
:10C1A8000000000000000000000000000000000087
:10C1B8000000000000000000000000000000000077
:10C1C8000000000000000000000000000000000067
:10C1D8000000000000000000000000000000000057
:10C1E8000000000000000000000000000000000047
:10C1F8000000000000000000000000000000000037
:10C208000000000000000000000000000000000026
:10C218000000000000000000000000000000000016
:10C228000000000000000000000000000000000006
:10C2380000000000000000000000000000000000F6
:10C2480000000000000000000000000000000000E6
:10C2580000000000000000000000000000000000D6
:10C2680000000000000000000000000000000000C6
:10C2780000000000000000000000000000000000B6
:10C2880000000000000000000000000000000000A6
:10C298000000000000000000000000000000000096
:10C2A8000000000000000000000000000000000086
:10C2B8000000000000000000000000000000000076
:10C2C8000000000000000000000000000000000066
:10C2D8000000000000000000000000000000000056
:10C2E8000000000000000000000000000000000046
:10C2F8000000000000000000000000000000000036
:10C308000000000000000000000000000000000025
:10C318000000000000000000000000000000000015
:10C328000000000000000000000000000000000005
:10C3380000000000000000000000000000000000F5
:10C3480000000000000000000000000000000000E5
:10C3580000000000000000000000000000000000D5
:10C3680000000000000000000000000000000000C5
:10C3780000000000000000000000000000000000B5
:10C3880000000000000000000000000000000000A5
:10C398000000000000000000000000000000000095
:10C3A8000000000000000000000000000000000085
:10C3B8000000000000000000000000000000000075
:10C3C8000000000000000000000000000000000065
:10C3D8000000000000000000000000000000000055
:10C3E8000000000000000000000000000000000045
:08C3F80000000000000000003D
:040000056000100087
:00000001FF
