:0200000460009A
:100000004643464200000156000000000101020084
:1000100000000000000000000000000000000000E0
:1000200000000000000000000000000000000000D0
:1000300000000000000000000000000000000000C0
:1000400000000000010406010000000000000000A4
:100050000000800000000000000000000000000020
:100060000000000000000000000000000000000090
:100070000000000000000000000000000000000080
:10008000EB04180AFF1E04320126000000000000E5
:100090000000000000000000000000000000000060
:1000A0000000000000000000000000000000000050
:1000B0000000000000000000000000000000000040
:1000C0000000000000000000000000000000000030
:1000D0000000000000000000000000000000000020
:1000E0000000000000000000000000000000000010
:1000F0000000000000000000000000000000000000
:1001000000000000000000000000000000000000EF
:1001100000000000000000000000000000000000DF
:1001200000000000000000000000000000000000CF
:1001300000000000000000000000000000000000BF
:1001400000000000000000000000000000000000AF
:10015000000000000000000000000000000000009F
:10016000000000000000000000000000000000008F
:10017000000000000000000000000000000000007F
:10018000000000000000000000000000000000006F
:10019000000000000000000000000000000000005F
:1001A000000000000000000000000000000000004F
:1001B000000000000000000000000000000000003F
:1001C000000100000010000001000000000000001D
:1001D000000001000000000000000000000000001E
:1001E000000000000000000000000000000000000F
:1001F00000000000000000000000000000000000FF
:10020000FFFFFFFFFFFFFFFFFFFFFFFFFFFFFFFFFE
:10021000FFFFFFFFFFFFFFFFFFFFFFFFFFFFFFFFEE
:10022000FFFFFFFFFFFFFFFFFFFFFFFFFFFFFFFFDE
:10023000FFFFFFFFFFFFFFFFFFFFFFFFFFFFFFFFCE
:10024000FFFFFFFFFFFFFFFFFFFFFFFFFFFFFFFFBE
:10025000FFFFFFFFFFFFFFFFFFFFFFFFFFFFFFFFAE
:10026000FFFFFFFFFFFFFFFFFFFFFFFFFFFFFFFF9E
:10027000FFFFFFFFFFFFFFFFFFFFFFFFFFFFFFFF8E
:10028000FFFFFFFFFFFFFFFFFFFFFFFFFFFFFFFF7E
:10029000FFFFFFFFFFFFFFFFFFFFFFFFFFFFFFFF6E
:1002A000FFFFFFFFFFFFFFFFFFFFFFFFFFFFFFFF5E
:1002B000FFFFFFFFFFFFFFFFFFFFFFFFFFFFFFFF4E
:1002C000FFFFFFFFFFFFFFFFFFFFFFFFFFFFFFFF3E
:1002D000FFFFFFFFFFFFFFFFFFFFFFFFFFFFFFFF2E
:1002E000FFFFFFFFFFFFFFFFFFFFFFFFFFFFFFFF1E
:1002F000FFFFFFFFFFFFFFFFFFFFFFFFFFFFFFFF0E
:10030000FFFFFFFFFFFFFFFFFFFFFFFFFFFFFFFFFD
:10031000FFFFFFFFFFFFFFFFFFFFFFFFFFFFFFFFED
:10032000FFFFFFFFFFFFFFFFFFFFFFFFFFFFFFFFDD
:10033000FFFFFFFFFFFFFFFFFFFFFFFFFFFFFFFFCD
:10034000FFFFFFFFFFFFFFFFFFFFFFFFFFFFFFFFBD
:10035000FFFFFFFFFFFFFFFFFFFFFFFFFFFFFFFFAD
:10036000FFFFFFFFFFFFFFFFFFFFFFFFFFFFFFFF9D
:10037000FFFFFFFFFFFFFFFFFFFFFFFFFFFFFFFF8D
:10038000FFFFFFFFFFFFFFFFFFFFFFFFFFFFFFFF7D
:10039000FFFFFFFFFFFFFFFFFFFFFFFFFFFFFFFF6D
:1003A000FFFFFFFFFFFFFFFFFFFFFFFFFFFFFFFF5D
:1003B000FFFFFFFFFFFFFFFFFFFFFFFFFFFFFFFF4D
:1003C000FFFFFFFFFFFFFFFFFFFFFFFFFFFFFFFF3D
:1003D000FFFFFFFFFFFFFFFFFFFFFFFFFFFFFFFF2D
:1003E000FFFFFFFFFFFFFFFFFFFFFFFFFFFFFFFF1D
:1003F000FFFFFFFFFFFFFFFFFFFFFFFFFFFFFFFF0D
:10040000FFFFFFFFFFFFFFFFFFFFFFFFFFFFFFFFFC
:10041000FFFFFFFFFFFFFFFFFFFFFFFFFFFFFFFFEC
:10042000FFFFFFFFFFFFFFFFFFFFFFFFFFFFFFFFDC
:10043000FFFFFFFFFFFFFFFFFFFFFFFFFFFFFFFFCC
:10044000FFFFFFFFFFFFFFFFFFFFFFFFFFFFFFFFBC
:10045000FFFFFFFFFFFFFFFFFFFFFFFFFFFFFFFFAC
:10046000FFFFFFFFFFFFFFFFFFFFFFFFFFFFFFFF9C
:10047000FFFFFFFFFFFFFFFFFFFFFFFFFFFFFFFF8C
:10048000FFFFFFFFFFFFFFFFFFFFFFFFFFFFFFFF7C
:10049000FFFFFFFFFFFFFFFFFFFFFFFFFFFFFFFF6C
:1004A000FFFFFFFFFFFFFFFFFFFFFFFFFFFFFFFF5C
:1004B000FFFFFFFFFFFFFFFFFFFFFFFFFFFFFFFF4C
:1004C000FFFFFFFFFFFFFFFFFFFFFFFFFFFFFFFF3C
:1004D000FFFFFFFFFFFFFFFFFFFFFFFFFFFFFFFF2C
:1004E000FFFFFFFFFFFFFFFFFFFFFFFFFFFFFFFF1C
:1004F000FFFFFFFFFFFFFFFFFFFFFFFFFFFFFFFF0C
:10050000FFFFFFFFFFFFFFFFFFFFFFFFFFFFFFFFFB
:10051000FFFFFFFFFFFFFFFFFFFFFFFFFFFFFFFFEB
:10052000FFFFFFFFFFFFFFFFFFFFFFFFFFFFFFFFDB
:10053000FFFFFFFFFFFFFFFFFFFFFFFFFFFFFFFFCB
:10054000FFFFFFFFFFFFFFFFFFFFFFFFFFFFFFFFBB
:10055000FFFFFFFFFFFFFFFFFFFFFFFFFFFFFFFFAB
:10056000FFFFFFFFFFFFFFFFFFFFFFFFFFFFFFFF9B
:10057000FFFFFFFFFFFFFFFFFFFFFFFFFFFFFFFF8B
:10058000FFFFFFFFFFFFFFFFFFFFFFFFFFFFFFFF7B
:10059000FFFFFFFFFFFFFFFFFFFFFFFFFFFFFFFF6B
:1005A000FFFFFFFFFFFFFFFFFFFFFFFFFFFFFFFF5B
:1005B000FFFFFFFFFFFFFFFFFFFFFFFFFFFFFFFF4B
:1005C000FFFFFFFFFFFFFFFFFFFFFFFFFFFFFFFF3B
:1005D000FFFFFFFFFFFFFFFFFFFFFFFFFFFFFFFF2B
:1005E000FFFFFFFFFFFFFFFFFFFFFFFFFFFFFFFF1B
:1005F000FFFFFFFFFFFFFFFFFFFFFFFFFFFFFFFF0B
:10060000FFFFFFFFFFFFFFFFFFFFFFFFFFFFFFFFFA
:10061000FFFFFFFFFFFFFFFFFFFFFFFFFFFFFFFFEA
:10062000FFFFFFFFFFFFFFFFFFFFFFFFFFFFFFFFDA
:10063000FFFFFFFFFFFFFFFFFFFFFFFFFFFFFFFFCA
:10064000FFFFFFFFFFFFFFFFFFFFFFFFFFFFFFFFBA
:10065000FFFFFFFFFFFFFFFFFFFFFFFFFFFFFFFFAA
:10066000FFFFFFFFFFFFFFFFFFFFFFFFFFFFFFFF9A
:10067000FFFFFFFFFFFFFFFFFFFFFFFFFFFFFFFF8A
:10068000FFFFFFFFFFFFFFFFFFFFFFFFFFFFFFFF7A
:10069000FFFFFFFFFFFFFFFFFFFFFFFFFFFFFFFF6A
:1006A000FFFFFFFFFFFFFFFFFFFFFFFFFFFFFFFF5A
:1006B000FFFFFFFFFFFFFFFFFFFFFFFFFFFFFFFF4A
:1006C000FFFFFFFFFFFFFFFFFFFFFFFFFFFFFFFF3A
:1006D000FFFFFFFFFFFFFFFFFFFFFFFFFFFFFFFF2A
:1006E000FFFFFFFFFFFFFFFFFFFFFFFFFFFFFFFF1A
:1006F000FFFFFFFFFFFFFFFFFFFFFFFFFFFFFFFF0A
:10070000FFFFFFFFFFFFFFFFFFFFFFFFFFFFFFFFF9
:10071000FFFFFFFFFFFFFFFFFFFFFFFFFFFFFFFFE9
:10072000FFFFFFFFFFFFFFFFFFFFFFFFFFFFFFFFD9
:10073000FFFFFFFFFFFFFFFFFFFFFFFFFFFFFFFFC9
:10074000FFFFFFFFFFFFFFFFFFFFFFFFFFFFFFFFB9
:10075000FFFFFFFFFFFFFFFFFFFFFFFFFFFFFFFFA9
:10076000FFFFFFFFFFFFFFFFFFFFFFFFFFFFFFFF99
:10077000FFFFFFFFFFFFFFFFFFFFFFFFFFFFFFFF89
:10078000FFFFFFFFFFFFFFFFFFFFFFFFFFFFFFFF79
:10079000FFFFFFFFFFFFFFFFFFFFFFFFFFFFFFFF69
:1007A000FFFFFFFFFFFFFFFFFFFFFFFFFFFFFFFF59
:1007B000FFFFFFFFFFFFFFFFFFFFFFFFFFFFFFFF49
:1007C000FFFFFFFFFFFFFFFFFFFFFFFFFFFFFFFF39
:1007D000FFFFFFFFFFFFFFFFFFFFFFFFFFFFFFFF29
:1007E000FFFFFFFFFFFFFFFFFFFFFFFFFFFFFFFF19
:1007F000FFFFFFFFFFFFFFFFFFFFFFFFFFFFFFFF09
:10080000FFFFFFFFFFFFFFFFFFFFFFFFFFFFFFFFF8
:10081000FFFFFFFFFFFFFFFFFFFFFFFFFFFFFFFFE8
:10082000FFFFFFFFFFFFFFFFFFFFFFFFFFFFFFFFD8
:10083000FFFFFFFFFFFFFFFFFFFFFFFFFFFFFFFFC8
:10084000FFFFFFFFFFFFFFFFFFFFFFFFFFFFFFFFB8
:10085000FFFFFFFFFFFFFFFFFFFFFFFFFFFFFFFFA8
:10086000FFFFFFFFFFFFFFFFFFFFFFFFFFFFFFFF98
:10087000FFFFFFFFFFFFFFFFFFFFFFFFFFFFFFFF88
:10088000FFFFFFFFFFFFFFFFFFFFFFFFFFFFFFFF78
:10089000FFFFFFFFFFFFFFFFFFFFFFFFFFFFFFFF68
:1008A000FFFFFFFFFFFFFFFFFFFFFFFFFFFFFFFF58
:1008B000FFFFFFFFFFFFFFFFFFFFFFFFFFFFFFFF48
:1008C000FFFFFFFFFFFFFFFFFFFFFFFFFFFFFFFF38
:1008D000FFFFFFFFFFFFFFFFFFFFFFFFFFFFFFFF28
:1008E000FFFFFFFFFFFFFFFFFFFFFFFFFFFFFFFF18
:1008F000FFFFFFFFFFFFFFFFFFFFFFFFFFFFFFFF08
:10090000FFFFFFFFFFFFFFFFFFFFFFFFFFFFFFFFF7
:10091000FFFFFFFFFFFFFFFFFFFFFFFFFFFFFFFFE7
:10092000FFFFFFFFFFFFFFFFFFFFFFFFFFFFFFFFD7
:10093000FFFFFFFFFFFFFFFFFFFFFFFFFFFFFFFFC7
:10094000FFFFFFFFFFFFFFFFFFFFFFFFFFFFFFFFB7
:10095000FFFFFFFFFFFFFFFFFFFFFFFFFFFFFFFFA7
:10096000FFFFFFFFFFFFFFFFFFFFFFFFFFFFFFFF97
:10097000FFFFFFFFFFFFFFFFFFFFFFFFFFFFFFFF87
:10098000FFFFFFFFFFFFFFFFFFFFFFFFFFFFFFFF77
:10099000FFFFFFFFFFFFFFFFFFFFFFFFFFFFFFFF67
:1009A000FFFFFFFFFFFFFFFFFFFFFFFFFFFFFFFF57
:1009B000FFFFFFFFFFFFFFFFFFFFFFFFFFFFFFFF47
:1009C000FFFFFFFFFFFFFFFFFFFFFFFFFFFFFFFF37
:1009D000FFFFFFFFFFFFFFFFFFFFFFFFFFFFFFFF27
:1009E000FFFFFFFFFFFFFFFFFFFFFFFFFFFFFFFF17
:1009F000FFFFFFFFFFFFFFFFFFFFFFFFFFFFFFFF07
:100A0000FFFFFFFFFFFFFFFFFFFFFFFFFFFFFFFFF6
:100A1000FFFFFFFFFFFFFFFFFFFFFFFFFFFFFFFFE6
:100A2000FFFFFFFFFFFFFFFFFFFFFFFFFFFFFFFFD6
:100A3000FFFFFFFFFFFFFFFFFFFFFFFFFFFFFFFFC6
:100A4000FFFFFFFFFFFFFFFFFFFFFFFFFFFFFFFFB6
:100A5000FFFFFFFFFFFFFFFFFFFFFFFFFFFFFFFFA6
:100A6000FFFFFFFFFFFFFFFFFFFFFFFFFFFFFFFF96
:100A7000FFFFFFFFFFFFFFFFFFFFFFFFFFFFFFFF86
:100A8000FFFFFFFFFFFFFFFFFFFFFFFFFFFFFFFF76
:100A9000FFFFFFFFFFFFFFFFFFFFFFFFFFFFFFFF66
:100AA000FFFFFFFFFFFFFFFFFFFFFFFFFFFFFFFF56
:100AB000FFFFFFFFFFFFFFFFFFFFFFFFFFFFFFFF46
:100AC000FFFFFFFFFFFFFFFFFFFFFFFFFFFFFFFF36
:100AD000FFFFFFFFFFFFFFFFFFFFFFFFFFFFFFFF26
:100AE000FFFFFFFFFFFFFFFFFFFFFFFFFFFFFFFF16
:100AF000FFFFFFFFFFFFFFFFFFFFFFFFFFFFFFFF06
:100B0000FFFFFFFFFFFFFFFFFFFFFFFFFFFFFFFFF5
:100B1000FFFFFFFFFFFFFFFFFFFFFFFFFFFFFFFFE5
:100B2000FFFFFFFFFFFFFFFFFFFFFFFFFFFFFFFFD5
:100B3000FFFFFFFFFFFFFFFFFFFFFFFFFFFFFFFFC5
:100B4000FFFFFFFFFFFFFFFFFFFFFFFFFFFFFFFFB5
:100B5000FFFFFFFFFFFFFFFFFFFFFFFFFFFFFFFFA5
:100B6000FFFFFFFFFFFFFFFFFFFFFFFFFFFFFFFF95
:100B7000FFFFFFFFFFFFFFFFFFFFFFFFFFFFFFFF85
:100B8000FFFFFFFFFFFFFFFFFFFFFFFFFFFFFFFF75
:100B9000FFFFFFFFFFFFFFFFFFFFFFFFFFFFFFFF65
:100BA000FFFFFFFFFFFFFFFFFFFFFFFFFFFFFFFF55
:100BB000FFFFFFFFFFFFFFFFFFFFFFFFFFFFFFFF45
:100BC000FFFFFFFFFFFFFFFFFFFFFFFFFFFFFFFF35
:100BD000FFFFFFFFFFFFFFFFFFFFFFFFFFFFFFFF25
:100BE000FFFFFFFFFFFFFFFFFFFFFFFFFFFFFFFF15
:100BF000FFFFFFFFFFFFFFFFFFFFFFFFFFFFFFFF05
:100C0000FFFFFFFFFFFFFFFFFFFFFFFFFFFFFFFFF4
:100C1000FFFFFFFFFFFFFFFFFFFFFFFFFFFFFFFFE4
:100C2000FFFFFFFFFFFFFFFFFFFFFFFFFFFFFFFFD4
:100C3000FFFFFFFFFFFFFFFFFFFFFFFFFFFFFFFFC4
:100C4000FFFFFFFFFFFFFFFFFFFFFFFFFFFFFFFFB4
:100C5000FFFFFFFFFFFFFFFFFFFFFFFFFFFFFFFFA4
:100C6000FFFFFFFFFFFFFFFFFFFFFFFFFFFFFFFF94
:100C7000FFFFFFFFFFFFFFFFFFFFFFFFFFFFFFFF84
:100C8000FFFFFFFFFFFFFFFFFFFFFFFFFFFFFFFF74
:100C9000FFFFFFFFFFFFFFFFFFFFFFFFFFFFFFFF64
:100CA000FFFFFFFFFFFFFFFFFFFFFFFFFFFFFFFF54
:100CB000FFFFFFFFFFFFFFFFFFFFFFFFFFFFFFFF44
:100CC000FFFFFFFFFFFFFFFFFFFFFFFFFFFFFFFF34
:100CD000FFFFFFFFFFFFFFFFFFFFFFFFFFFFFFFF24
:100CE000FFFFFFFFFFFFFFFFFFFFFFFFFFFFFFFF14
:100CF000FFFFFFFFFFFFFFFFFFFFFFFFFFFFFFFF04
:100D0000FFFFFFFFFFFFFFFFFFFFFFFFFFFFFFFFF3
:100D1000FFFFFFFFFFFFFFFFFFFFFFFFFFFFFFFFE3
:100D2000FFFFFFFFFFFFFFFFFFFFFFFFFFFFFFFFD3
:100D3000FFFFFFFFFFFFFFFFFFFFFFFFFFFFFFFFC3
:100D4000FFFFFFFFFFFFFFFFFFFFFFFFFFFFFFFFB3
:100D5000FFFFFFFFFFFFFFFFFFFFFFFFFFFFFFFFA3
:100D6000FFFFFFFFFFFFFFFFFFFFFFFFFFFFFFFF93
:100D7000FFFFFFFFFFFFFFFFFFFFFFFFFFFFFFFF83
:100D8000FFFFFFFFFFFFFFFFFFFFFFFFFFFFFFFF73
:100D9000FFFFFFFFFFFFFFFFFFFFFFFFFFFFFFFF63
:100DA000FFFFFFFFFFFFFFFFFFFFFFFFFFFFFFFF53
:100DB000FFFFFFFFFFFFFFFFFFFFFFFFFFFFFFFF43
:100DC000FFFFFFFFFFFFFFFFFFFFFFFFFFFFFFFF33
:100DD000FFFFFFFFFFFFFFFFFFFFFFFFFFFFFFFF23
:100DE000FFFFFFFFFFFFFFFFFFFFFFFFFFFFFFFF13
:100DF000FFFFFFFFFFFFFFFFFFFFFFFFFFFFFFFF03
:100E0000FFFFFFFFFFFFFFFFFFFFFFFFFFFFFFFFF2
:100E1000FFFFFFFFFFFFFFFFFFFFFFFFFFFFFFFFE2
:100E2000FFFFFFFFFFFFFFFFFFFFFFFFFFFFFFFFD2
:100E3000FFFFFFFFFFFFFFFFFFFFFFFFFFFFFFFFC2
:100E4000FFFFFFFFFFFFFFFFFFFFFFFFFFFFFFFFB2
:100E5000FFFFFFFFFFFFFFFFFFFFFFFFFFFFFFFFA2
:100E6000FFFFFFFFFFFFFFFFFFFFFFFFFFFFFFFF92
:100E7000FFFFFFFFFFFFFFFFFFFFFFFFFFFFFFFF82
:100E8000FFFFFFFFFFFFFFFFFFFFFFFFFFFFFFFF72
:100E9000FFFFFFFFFFFFFFFFFFFFFFFFFFFFFFFF62
:100EA000FFFFFFFFFFFFFFFFFFFFFFFFFFFFFFFF52
:100EB000FFFFFFFFFFFFFFFFFFFFFFFFFFFFFFFF42
:100EC000FFFFFFFFFFFFFFFFFFFFFFFFFFFFFFFF32
:100ED000FFFFFFFFFFFFFFFFFFFFFFFFFFFFFFFF22
:100EE000FFFFFFFFFFFFFFFFFFFFFFFFFFFFFFFF12
:100EF000FFFFFFFFFFFFFFFFFFFFFFFFFFFFFFFF02
:100F0000FFFFFFFFFFFFFFFFFFFFFFFFFFFFFFFFF1
:100F1000FFFFFFFFFFFFFFFFFFFFFFFFFFFFFFFFE1
:100F2000FFFFFFFFFFFFFFFFFFFFFFFFFFFFFFFFD1
:100F3000FFFFFFFFFFFFFFFFFFFFFFFFFFFFFFFFC1
:100F4000FFFFFFFFFFFFFFFFFFFFFFFFFFFFFFFFB1
:100F5000FFFFFFFFFFFFFFFFFFFFFFFFFFFFFFFFA1
:100F6000FFFFFFFFFFFFFFFFFFFFFFFFFFFFFFFF91
:100F7000FFFFFFFFFFFFFFFFFFFFFFFFFFFFFFFF81
:100F8000FFFFFFFFFFFFFFFFFFFFFFFFFFFFFFFF71
:100F9000FFFFFFFFFFFFFFFFFFFFFFFFFFFFFFFF61
:100FA000FFFFFFFFFFFFFFFFFFFFFFFFFFFFFFFF51
:100FB000FFFFFFFFFFFFFFFFFFFFFFFFFFFFFFFF41
:100FC000FFFFFFFFFFFFFFFFFFFFFFFFFFFFFFFF31
:100FD000FFFFFFFFFFFFFFFFFFFFFFFFFFFFFFFF21
:100FE000FFFFFFFFFFFFFFFFFFFFFFFFFFFFFFFF11
:100FF000FFFFFFFFFFFFFFFFFFFFFFFFFFFFFFFF01
:10100000D1002043F1150060000000000000000046
:10101000201000600010006000A0026000000000CE
:101020000000006000AC020000000000FFFFFFFFB6
:10103000FFFFFFFFFFFFFFFFFFFFFFFFFFFFFFFFC0
:10104000FFFFFFFFFFFFFFFFFFFFFFFFFFFFFFFFB0
:10105000FFFFFFFFFFFFFFFFFFFFFFFFFFFFFFFFA0
:10106000FFFFFFFFFFFFFFFFFFFFFFFFFFFFFFFF90
:10107000FFFFFFFFFFFFFFFFFFFFFFFFFFFFFFFF80
:10108000FFFFFFFFFFFFFFFFFFFFFFFFFFFFFFFF70
:10109000FFFFFFFFFFFFFFFFFFFFFFFFFFFFFFFF60
:1010A000FFFFFFFFFFFFFFFFFFFFFFFFFFFFFFFF50
:1010B000FFFFFFFFFFFFFFFFFFFFFFFFFFFFFFFF40
:1010C000FFFFFFFFFFFFFFFFFFFFFFFFFFFFFFFF30
:1010D000FFFFFFFFFFFFFFFFFFFFFFFFFFFFFFFF20
:1010E000FFFFFFFFFFFFFFFFFFFFFFFFFFFFFFFF10
:1010F000FFFFFFFFFFFFFFFFFFFFFFFFFFFFFFFF00
:10110000FFFFFFFFFFFFFFFFFFFFFFFFFFFFFFFFEF
:10111000FFFFFFFFFFFFFFFFFFFFFFFFFFFFFFFFDF
:10112000FFFFFFFFFFFFFFFFFFFFFFFFFFFFFFFFCF
:10113000FFFFFFFFFFFFFFFFFFFFFFFFFFFFFFFFBF
:10114000FFFFFFFFFFFFFFFFFFFFFFFFFFFFFFFFAF
:10115000FFFFFFFFFFFFFFFFFFFFFFFFFFFFFFFF9F
:10116000FFFFFFFFFFFFFFFFFFFFFFFFFFFFFFFF8F
:10117000FFFFFFFFFFFFFFFFFFFFFFFFFFFFFFFF7F
:10118000FFFFFFFFFFFFFFFFFFFFFFFFFFFFFFFF6F
:10119000FFFFFFFFFFFFFFFFFFFFFFFFFFFFFFFF5F
:1011A000FFFFFFFFFFFFFFFFFFFFFFFFFFFFFFFF4F
:1011B000FFFFFFFFFFFFFFFFFFFFFFFFFFFFFFFF3F
:1011C000FFFFFFFFFFFFFFFFFFFFFFFFFFFFFFFF2F
:1011D000FFFFFFFFFFFFFFFFFFFFFFFFFFFFFFFF1F
:1011E000FFFFFFFFFFFFFFFFFFFFFFFFFFFFFFFF0F
:1011F000FFFFFFFFFFFFFFFFFFFFFFFFFFFFFFFFFF
:10120000FFFFFFFFFFFFFFFFFFFFFFFFFFFFFFFFEE
:10121000FFFFFFFFFFFFFFFFFFFFFFFFFFFFFFFFDE
:10122000FFFFFFFFFFFFFFFFFFFFFFFFFFFFFFFFCE
:10123000FFFFFFFFFFFFFFFFFFFFFFFFFFFFFFFFBE
:10124000FFFFFFFFFFFFFFFFFFFFFFFFFFFFFFFFAE
:10125000FFFFFFFFFFFFFFFFFFFFFFFFFFFFFFFF9E
:10126000FFFFFFFFFFFFFFFFFFFFFFFFFFFFFFFF8E
:10127000FFFFFFFFFFFFFFFFFFFFFFFFFFFFFFFF7E
:10128000FFFFFFFFFFFFFFFFFFFFFFFFFFFFFFFF6E
:10129000FFFFFFFFFFFFFFFFFFFFFFFFFFFFFFFF5E
:1012A000FFFFFFFFFFFFFFFFFFFFFFFFFFFFFFFF4E
:1012B000FFFFFFFFFFFFFFFFFFFFFFFFFFFFFFFF3E
:1012C000FFFFFFFFFFFFFFFFFFFFFFFFFFFFFFFF2E
:1012D000FFFFFFFFFFFFFFFFFFFFFFFFFFFFFFFF1E
:1012E000FFFFFFFFFFFFFFFFFFFFFFFFFFFFFFFF0E
:1012F000FFFFFFFFFFFFFFFFFFFFFFFFFFFFFFFFFE
:10130000FFFFFFFFFFFFFFFFFFFFFFFFFFFFFFFFED
:10131000FFFFFFFFFFFFFFFFFFFFFFFFFFFFFFFFDD
:10132000FFFFFFFFFFFFFFFFFFFFFFFFFFFFFFFFCD
:10133000FFFFFFFFFFFFFFFFFFFFFFFFFFFFFFFFBD
:10134000FFFFFFFFFFFFFFFFFFFFFFFFFFFFFFFFAD
:10135000FFFFFFFFFFFFFFFFFFFFFFFFFFFFFFFF9D
:10136000FFFFFFFFFFFFFFFFFFFFFFFFFFFFFFFF8D
:10137000FFFFFFFFFFFFFFFFFFFFFFFFFFFFFFFF7D
:10138000FFFFFFFFFFFFFFFFFFFFFFFFFFFFFFFF6D
:10139000FFFFFFFFFFFFFFFFFFFFFFFFFFFFFFFF5D
:1013A000FFFFFFFFFFFFFFFFFFFFFFFFFFFFFFFF4D
:1013B000FFFFFFFFFFFFFFFFFFFFFFFFFFFFFFFF3D
:1013C000FFFFFFFFFFFFFFFFFFFFFFFFFFFFFFFF2D
:1013D000FFFFFFFFFFFFFFFFFFFFFFFFFFFFFFFF1D
:1013E000FFFFFFFFFFFFFFFFFFFFFFFFFFFFFFFF0D
:1013F000FFFFFFFFFFFFFFFFFFFFFFFFFFFFFFFFFD
:10140000824205D051F8043B40F8043B8242F9D8AF
:10141000704700BF044A05494FF0000342F8043BFF
:101420009142FBD8704700BFC052002060FE0020F0
:1014300008B5BFF34F8F00F0ADFD544C544B08205E
:101440005449C3F85401544AC3F800115348C3F82F
:10145000F0405349FFF7D4FF524A53495348FFF72E
:10146000CFFF534CFFF7D6FF4FF470004FF0E02151
:101470000023504AC1F8880D44F823200133B02BD3
:10148000FAD14D4B80214D4A03F8011B9342FBD109
:101490004FF0E0254A4E4B4A4FF0FF31C5F8084D5A
:1014A000D5F8243D43F4E023C5F8243DF36923F047
:1014B0007F0343F04003F361736A23F07F0343F03B
:1014C000400373629166D1661167516700F06AFD4F
:1014D0003D4A3E4BA2636322E36300246A61032317
:1014E0003B4AAC612B61C5F8202DD5F8FC2D394B5A
:1014F00042F080723849C5F8FC2D1A6842F00102AA
:101500001A605B680B6000F01DFF344801F0A4F81E
:10151000F16E334B334A41F44051F1661C60C3F81D
:101520000841C3F81841C3F82841C3F83841936B08
:10153000DB0708D442F615632B4951651365936B9D
:1015400043F001039363274A284C936843F0011347
:10155000936000F0B5FD00F09DFC01F085F800F00F
:1015600023FF00F019FD2368132BFCD900F0B8FF0E
:101570002368B3F5967FFBD300F012FD00F00EFD5B
:1015800001F096F801F098F830BFFDE70C0D11134B
:1015900000800D401B101820B8240200000000003D
:1015A00034280060C0520020F04C0260000000208F
:1015B000005000208550010000E400E0A0E400E0BD
:1015C00000C00F4000C00A40894601008147010069
:1015D00000002020001000E018FD00200046C3237A
:1015E0000040084000400D400000C0561CFD002097
:1015F000054B4FF42A01054A05485A641864054A08
:1016000099639546FFF714FF00C00A40FFABAAAAF2
:10161000070020000080052010B5002104461C4B67
:101620004FF0FF3021811A682175C4F81B20F02289
:10163000C4F81510A4F81910C4E903015868C4F8D7
:101640001F009868DB68C4F8230004F12B00C4F87D
:101650002730C4E9001101F037F800210123A4F874
:101660002411A4F8263184F82811C4E94711C4E9EB
:101670004B11C4E94D11C4E94F11C4E95111C4E93A
:101680005311C4E9551101F00FF8204610BD00BFF9
:101690006412002010B5044600F0DAFFD4F854318B
:1016A00023B104F5A671032208469847D4F84431C3
:1016B00023B104F59E71032208469847D4F83431CB
:1016C00023B104F59671032208469847204610BDC1
:1016D00070B5044600F0CCFF0F4B05681A782AB9A4
:1016E00000F0C6FF034620461D6070BD206800F074
:1016F0009FFF0022084B22601A7022710028EFD051
:1017000000F0C2FF064600F0B3FF066000F0B0FF35
:10171000034620461D6070BD12FE002070B5754C5A
:10172000236833F0020300D070BD73494FF4803555
:10173000724A4CF20F00CB6E43F44063CB664FF419
:1017400080536F49C2F8E450C2F8E800C2F8E410D0
:10175000C2F8E830D2F8E030002BFBDA69494FF4E8
:101760008030694B4FF23805C2F8E80038204A68EB
:101770004FF4804622F400524A604A6842F4020262
:101780004A6043F238020521C3F87C23C3F884235E
:10179000C3F880535D4DC3F89823C3F86803C3F8BA
:1017A00064034FF62900C3F87811C3F874114FF49D
:1017B00000416A6842F440426A600022C5F888101D
:1017C000C5F88460C3F8A8034BF2E900C3F8A4038A
:1017D0003120C3F8B821C3F8B421D3F8302422F063
:1017E000030242F00202C3F83024C3F89403162027
:1017F000474AC3F8A4013220536C23F07E0343F020
:1018000012035364C5F8841000F066FF4149424A50
:10181000C5F88860414B48681268A3FB0232920CFD
:1018200002EB820202EB82024B681B1A9342FBD34B
:10183000364B4FF480420220C3F8842000F04CFF66
:10184000334B4FF40001364A59601A645A6810024B
:10185000FCD51A6C4FF4000192B25960B2F5005FEA
:1018600011D130482A4A5960186453681902FCD5CE
:10187000136C4AF240104FF4000123F00F03516043
:101880009BB283421ED0DFF884C04FF480361D48DF
:101890004FF0010EDCF80430184923F44043164A97
:1018A000214DCCF80430436823F400334360C1F881
:1018B000E460C1F8E050D36E23F44063D366C4F80B
:1018C00000E070BD1948124B516010645A68120252
:1018D000FCD54FF4000116480D4A59605960186450
:1018E00053681B02FCD54FF40001032351602360B1
:1018F00070BD00BF2C5E002000C00F4000800D4076
:101900000120200000C00A4000801F40004000422B
:1019100000802D40001000E0C44B002083DE1B43FC
:1019200000000A6000000E60011001008002625099
:1019300081005E504FF0013340F2011203604360BA
:101940000281704710B5784C2368042B00F0EA80C0
:10195000FFF7E4FE2268032A01D0002010BD734B7C
:101960004BF2E9017248C3F87C13C3F88013C3F843
:101970008413C3F89813C3F88813C3F88C13C3F8FF
:101980009013C3F88C21C3F89021C3F8A821C3F8A1
:101990009421C3F8A021C3F89821C3F89C21A02268
:1019A000D3F82C1441F00101C3F82C14D3F83414EB
:1019B00041F00101C3F83414D3F8381441F00101A7
:1019C000C3F83814D3F83C1441F00101C3F83C14B7
:1019D000D3F8401441F00101C3F84014002100F095
:1019E00073FEA0220021534800F06EFE52490346C8
:1019F000524A4F481360086000F1A00C0346504A59
:101A00004FF4004080215A60203323F81E0C02F569
:101A1000C06223F8161C6345F5D145494FF4806038
:101A2000DFF810E1B1F88230464A0EF1A00C43F421
:101A30000053A1F8823073464FF4B0415A6020330E
:101A400023F81E0C02F5C06223F8161C6345F5D17D
:101A5000BEF8821000223C4B41F400519A60AEF86F
:101A600082103A49C3F884104FF48271C3F8C4104D
:101A70001921C3F8C011C721C3F8C411D3F8441108
:101A800041F48071C3F844112949C3F89021C3F887
:101A900080114FF4C061C3F884E1C3F888111421A8
:101AA000C3F80021C3F8F020C3F8EC10C3F8942168
:101AB000586E274940F000405866C3F81821C3F813
:101AC0001C21C3F82021C3F824219A681140214A1F
:101AD00041F00071996090681F49D0F8080292683F
:101AE00008601E49C2F80812BFF34F8F1C4A4FF41A
:101AF0008021D1601B484FF001011B4A5860BFF3A1
:101B00005B8FD2E84F0FC2E84C1FBCF1000FF8D139
:101B10004FF0807215480421BFF35B8F58621A6141
:101B20005A612160012010BD2C5E002000801F4002
:101B3000C052002080530020F04B0020F44B0020C6
:101B4000403220204014202000802D4024D1F24536
:101B50000080FF7D00ED00E0285E00209D8E0000EB
:101B600000E100E00080FF7F305E00201201007085
:101B700010B40023044C05480549064A236003605D
:101B80000B60136010BC7047345E0020385E00208C
:101B90003C5E0020405E0020F8B1114A40F2DC516A
:101BA00038B504460F4B10480025A18625630F4920
:101BB000C4E904209A88186843F606236287A3873D
:101BC000C4F83600204600F06BFD2046084900F0BE
:101BD0008BFD084B2846636438BD6FF00F007047DB
:101BE0002DC60000845D0020BD9300008C5D0020A8
:101BF0000C5E0020CD93000070B584B00E46044604
:101C00000192FFF79FFE019A002838D012B11046CA
:101C1000FFF790FE002C47D0334B1A78154642BB95
:101C200006222146314800F007FD68BB204600F03F
:101C30000BFDB0B12D4800F013FD044688B12C4BCC
:101C40001B781D46002B34D0284A2A4B10689188F7
:101C50000622C3F83600598783F83C20204604B09A
:101C600070BD00F005FD0E2303600024204604B083
:101C700070BD00F0E5FC00221B4B1A70D6E700F0A7
:101C8000F7FC13230360F0E7194B1A78002ACDD034
:101C9000284600F001FD174800F0F2FC164800F05D
:101CA000C3FC134B1D70C1E702A802AC00F008FD95
:101CB000B2E73146104800F00BFD104B104A2946A0
:101CC0000C4800F0E5FC30B10A4800F0E5FC0123C7
:101CD000074A1370C2E7084800F0A6FC00F0C8FCF1
:101CE00073230360C1E700BF434F0020845D0020E1
:101CF00010FE0020C05D00207C5D0020ED2C010066
:101D0000991B00600D490E4A087808B5002313603E
:101D1000938018B9BDE80840FFF72ABF184600F0C5
:101D2000BBFC084800F0ACFC074800F07DFC002339
:101D300002490B70BDE80840FFF71ABF10FE0020F3
:101D4000845D0020C05D00207C5D00203748384B5A
:101D5000D0F88020DFF8FCC042F44052354900B58D
:101D6000C0F88020344AC3F800C034485A60344A6E
:101D70001862DFF8E4C05A623248334AC3F828C018
:101D8000DA6246F6201218635963996340F6A3118C
:101D9000D868DFF8C8E000F07F40DFF8C4C0024335
:101DA00040F6C410DA609A686FF30F021143274AB5
:101DB0009960D9696FF3150141F4C841D9619969F6
:101DC0006FF3150141F4C8619961196821F48651D6
:101DD0001960196801EA0E0EC3F800E04FF0000E1A
:101DE00019680A401A4942F002021A605A696FF3F0
:101DF000090242F03F025A611A6992B242F0486207
:101E00001A611A696FF30F0210431861D3F8A0200A
:101E100022F00202C3F8A0201A6802EA0C0CC3F8F0
:101E200000C0DA6F1B6CC1F800E000BD00C00F40BD
:101E300000C00C402F002E002200010068050C019C
:101E40009501B2004B0040007D005800BCEFFFFF41
:101E5000745D002040100100DC007A00B3EFFFFF4A
:101E6000BFEFFEFF084A094B11680B4043F4803373
:101E7000136013689B04FCD5054AD2F8803023F424
:101E80004053C2F88030704700C00C40BFEFFEFFE7
:101E900000C00F400F4B40F2376C0F4AA020D96EA4
:101EA00041F44031D966D96E41F44071D966C2F827
:101EB00044C09064936C1B06FCD4084A40F237611E
:101EC000A02351649364936C13F08003FBD1044A04
:101ED0001370704700C00F4000400C4000800C4061
:101EE0001EFE0020294A00210123C2F8A000C2F8EA
:101EF000A410C2F8B0305369D907FCD501234FF4C0
:101F0000803C22495361C2F8A000C2F8A4C0C2F8C4
:101F1000B0304B69DB07FCD501234FF4003C1B4A72
:101F20004B61C1F8A000C1F8A4C0C1F8B03053693A
:101F3000D907FCD50123DFF858C014495361C2F812
:101F4000A000C2F8A4C0C2F8B0304B69DB07FCD5D2
:101F5000D1F8003145F60D504FF0210C9AB2C1F87E
:101F600014C0824210D045F69D518A420AD1C3F373
:101F70004253032B08D0A3F10403B3FA83F35B09A4
:101F800018017047002070470820704700402A4021
:101F900004000300704700BF704700BF704700BFD8
:101FA00000BF70474FF0E02300214FF0100C344881
:101FB000C3F8941DC3F89CCD4FF0110CC3F8A00DCD
:101FC0003048C3F89CCD4FF0120CC3F8A00D2E483A
:101FD000C3F89CCD2D4AC3F8A00DDFF8D0C042F065
:101FE00015022B48C3F89CCDC3F8A00DDFF8C0C084
:101FF0002848C3F89CCDC3F8A00DDFF8B8C0C3F8DB
:102000009C2D2548254AC3F8A0CDC3F89C0DC3F8E4
:10201000A02D02F5A022DFF8A0C00C322048C3F8A2
:102020009CCDC3F8A02D1F4AC3F89C0DC3F8A02D6A
:1020300002F14062DFF884C002321B48C3F89CCD35
:10204000C3F8A02D0A32C3F89C0DC3F8A02D00BF21
:1020500000BF00BF00BF00BF0122C3F8942DBFF333
:102060004F8FBFF36F8FC3F8501FBFF34F8FBFF376
:102070006F8FD3F8142D42F44032C3F8142D7047FB
:102080003F000010250008070900100060FE002036
:1020900021000207250008131600202027000B133B
:1020A000180000602F000B071A00008013002000AA
:1020B00014000020090000101700004019000070F3
:1020C00030B5864B85B0DFF874E21822844D0120CC
:1020D000C3F85CE28349C3F86052A5F58055DFF888
:1020E00060C2814CC3F864E2C3F868522125C3F88A
:1020F0006CC2C3F870C2C3F874C2C3F878C248F2A5
:102100000C7CDA661A675A679A67DA67C3F8802028
:10211000C3F88420C3F88820C1F82C03734AC1F89F
:102120003003C1F83403C1F83803C1F83C03C1F8E7
:102130005003A1696E4B0A406E486F4913436F4AC2
:10214000A361D4F8843043F00C03C4F884304FF01A
:10215000FF34036843F002030360036803EA0C03DF
:102160001A43674B026044608A68664C1340664AB3
:1021700043F000538360C36823F07803C360036AAD
:1021800023401A43604B0262026A22405F4C1343B1
:10219000002243628462C46240F20564D1F8B83020
:1021A00023F03F0343F00103C0F8B830D1F8BC304E
:1021B000574923F03F0343F00103C0F8BC300261EC
:1021C0000567C0F880404567C0F884400224036872
:1021D00023F00203036081614E4B4F49C46143F811
:1021E000042B8B42FBD1434C236843F00103236053
:1021F000256815F00105FBD14548022240F2F56142
:10220000A06140F29940E26140F26642C4F80012D7
:1022100042F20141C4F81022404AC4F82002C4F836
:10222000302240F23542C4F834123D48C4F840220E
:102230003C4AC4F850022846C4F8542242F2012213
:102240003949C4F86012C4F86422FFF74BFE024615
:10225000002839D0810201234FF4802021662549CE
:10226000C4F8A050C4F8A400C4F8B0304B69D80733
:10227000FCD515050124039228464C61FFF732FE78
:10228000039A2A4B0244D2B21A7080B119498002D3
:102290004FF4802348660846C1F8A050C1F8A43026
:1022A000C1F8B0404369DB07FCD5012343612049F5
:1022B0000024204801230094401A00EB02521E48DB
:1022C00000F00EFA05B030BD1B4B184918600870BD
:1022D000D860C3E9010005B030BD00BF00801F40D9
:1022E000F910010000841F4000C00F40FFFCFF1FD9
:1022F0000003008000402A4000802A401200FFFFB7
:10230000FF37F70000FFF07C40000080FF000F83E4
:10231000F05AF05A00422A4000432A409F041830E5
:10232000EB06180A063201263806180A24FE002099
:1023300000000070000000707C6B0020F9B001000C
:10234000F970010010B5174A4FF480544FF4005E45
:102350004FF4404C4FF4803043F24201136913F0C4
:10236000020F0DD113F4005F0FD013F4805F0FD074
:10237000002BF3DA13F4803F0CD15B060ED510BDB1
:10238000C2F818C050619161E8E7C2F814E0E5E7CF
:102390005461E3E74FF480339361DFE740235361F7
:1023A000DCE700BF00800D40414A03204149F3EEC5
:1023B000095AD2F880309FED406A23F001039FED67
:1023C0003F5ADFF814C100B5C2F88030C2F890005F
:1023D000D1F8E010DFF804E1CBB23948CEF8003094
:1023E00007EE903A0B0DC1F30B21F8EEE77A06EEFB
:1023F000903A07EE101A334BB8EEC77ACCF80010BB
:10240000F8EEE66A304937EEC66A37EEC55A76EE20
:10241000C76A77EEE57A26EE266AC3ED006A25EEF6
:10242000265AD2F8803067EEA64AC0ED007AC6EE92
:10243000275A264885EE276AC4EEA76A75EE875AA2
:10244000FCEEE55A36EE076A15EE90CABCEEC66A97
:1024500043EA0C5376EE877AC2F8803016EE103AD3
:10246000D2F890C1FCEEE77A01EA034141EA0C019F
:102470004FF0000C17EE903AC2F89011C3F30B0323
:10248000D2F890110B431249C2F89031D2F8803043
:1024900043F00203C2F880300E4B80F840C0C1F810
:1024A00040314FF0E0230122C3F8082100BD00BFF6
:1024B00000810D4000441F400000AA420000B442C9
:1024C000FCFC002000FD00200000FF0F00E400E005
:1024D0000050002069520100F4FC0020F8FC0020AC
:1024E000314B40F6617210B5C3F8202140F204442C
:1024F00000F0C2F82D4A2E49D2F880302D4843F022
:102500000303C2F880302C4BC1F8604102681A42C4
:1025100003D1D1F8A8319A071BD0254A4FF00041CA
:10252000244B5963D2F8403143F00203C2F84031E2
:10253000D2F840319B07FBD44FF400304FF0E0213C
:102540001C4B4FF00042C1F88C0219209A6300F036
:10255000C3F8184B0021164C4FF080420A209A63B2
:102560004FF420721960C4F8A801144800F0ACF8C8
:102570004FF4800203464FF4810040F2431118608B
:10258000C4F858311A640E4B0E4AC4F84811C3F807
:1025900004224FF0E0224FF400310123C2F80C1165
:1025A000C4F8403110BD00BF00800D4000C00F4096
:1025B00000002E4000900D40001C1E000000002076
:1025C000005000206D54010008B50E4B1B6E9B0798
:1025D00000D4FBBE72B60C4B00200C4AC3F840017D
:1025E00003F160430A49A3F55F2311649D46BFF3DD
:1025F0004F8F4FF40013074A0748DB6902609B685E
:10260000984700BF00441F4000002E4000C00A4011
:1026100003002000000012EB00802020F8B500BF6E
:10262000F8BC08BC9E4670475FF800F09DE00000D3
:102630005FF800F00D9600005FF800F0199A0100B5
:102640005FF800F031A700005FF800F0FD8E000099
:102650005FF800F0057E00005FF800F01949010006
:102660005FF800F0CD8E00005FF800F0614F0100D0
:102670005FF800F005A301005FF800F0D95B0100EE
:102680005FF800F05DDE00005FF800F07595000077
:102690005FF800F0D5E300005FF800F061DD0000B6
:1026A0005FF800F0A5B800005FF800F0E1940000CA
:1026B0005FF800F011A301005FF800F02D4D01005C
:1026C0005FF800F0C98E00005FF800F0C19B0100C8
:1026D0005FF800F025E000005FF800F02D4C0100ED
:1026E0005FF800F0056501005FF800F059A70000F1
:1026F00045000000751F000005460000A55E0000B3
:1027000065630000517A00005D7A0000857F00005B
:10271000758C0000818D0000098E00005D94000022
:0C272000C5300100194801008967010064
:10272C001603550053004200200053006500720050
:10273C00690061006C00000018035400650065001E
:10274C006E00730079006400750069006E006F0004
:10275C000403090409026200030100C032080B00E3
:10276C00020202010009040000010202010005241A
:10277C0000100105240101010424020605240600B1
:10278C00010705820310001009040100020A000071
:10279C000007050302400000070584024000000901
:1027AC0004020002FF6AFF000705810240000107D6
:1027BC00050102400001000009026200030100C093
:1027CC0032080B000202020100090400000102029F
:1027DC000100052400100105240101010424020656
:1027EC0005240600010705820310000509040100F9
:1027FC00020A00000007050302000200070584021C
:10280C000002000904020002FF6AC70007058102EA
:10281C000002010705010200020100000A06000285
:08282C00EF0201400100000071
:102834000000000000000000000000000000000094
:102844000000000000000000000000000000000084
:102854000548064B1B1AD90F01EBA301491002D0FE
:10286400034B03B118477047C0520020C0520020E8
:102874000000000008B5054B1BB105490548AFF33E
:102884000080BDE80840FFF7E3BF00BF0000000080
:10289400249C002000AC02608068704700207047D0
:1028A400704700BF012070474FF44870704700BF65
:1028B400704700BF4FF44870704700BF704700BFB7
:1028C4004FF44870704700BF704700BF4FF4487022
:1028D400704700BF704700BF4FF44870704700BF97
:1028E400704700BF4FF44870704700BF704700BF87
:1028F4004FF44870704700BF10B5046894F801C0E5
:10290400BCF1000F07D090F80DE0F444BCF1FF0FC8
:10291400A8BF4FF0FF0C90F819E00EFB0CCC4FEA67
:102924002C2C81F800C00168097829B190F80CC0FA
:102934006144FF29A8BFFF2190F818C00CFB0111C6
:10294400091211700268927822B1817B0A44FF2A2D
:10295400A8BFFF22817E01FB022212121A7010BD51
:10296400027BC17B437B891A027C90F80EC0D21A89
:10297400437C0173A3EB0C0342738373704700BF62
:102984000368826890F91210013A0B448260036074
:10299400704700BF4068704780688142CCBF002008
:1029A4000120704790F81CC081F800C0C17E1170EE
:1029B400427F1A70009A837F1370704790F81CC08E
:1029C40081F800C0C17E1170427F1A70009A837F23
:1029D4001370704710B50446103014F0E7F904F191
:1029E400080014F0E3F9204614F0E0F9204610BD85
:1029F40005F0CEBC0346042200B583B09B7D694636
:102A04000DEB0200009303F013FC019803B000BD2A
:102A140010B5042282B0044600910DEB0200694611
:102A240003F006FC019BA37502B010BD30B593B052
:102A3400844609A8DCF800E09CF8184080E80E0001
:102A440007C80FAA25469CF819409CF81AC082E8CA
:102A54000B00BEF8001000209EF802309DF840E004
:102A64000A0AADF83810C9B2BEF1020F8DF836006B
:102A74008DF837008DF83A3060D0BEF1030F42D0A4
:102A8400BEF1010F1AD084460346024601468DF872
:102A94003A00ADF838001A9CCDF800C00694199C91
:102AA4000594189C0494179C0394169CCDE9010486
:102AB4009DF8410002F0C2FC13B030BDCDE9014CD9
:102AC4000DF1370C0FA80095CDF81CC00DF1360C94
:102AD400CDF818C00DF1380CCDF80CC00DF13A0C3E
:102AE400CDF814C00DF1390CCDF810C002F024FD5E
:102AF4009DF839109DF838209DF83A309DF836C07D
:102B04009DF83700C7E7CDE9014C0DF1370C0FA84C
:102B14000095CDF81CC00DF1360CCDF818C00DF1A0
:102B2400380CCDF80CC00DF13A0CCDF814C00DF1F1
:102B3400390CCDF810C002F0C7FCD9E7CDE9014C3F
:102B44000DF1370C0FA80095CDF81CC00DF1360C13
:102B5400CDF818C00DF1380CCDF80CC00DF13A0CBD
:102B6400CDF814C00DF1390CCDF810C002F01EFDE3
:102B7400BEE700BFF0B58FB0047E0DF1240C2646ED
:102B8400447E8CE80E0003680B9A1988807EA2F1BB
:102B9400020C9B780022BDF824E0ADF834108DF8C7
:102BA40033200A0A0A9DC9B28DF836300096CDE961
:102BB40001407046BCF1050F00F28C80DFE80CF098
:102BC4002B3E516477030DF1330CCDF818C00DF191
:102BD400340CCDF80CC00DF1360CCDF814C00DF149
:102BE400350CCDF810C002F023FB179B28469DF846
:102BF40033100493169B149C0393159B9DF8342067
:102C040002939DF83630CDE900149DF8351002F09A
:102C1400F3FB0FB0F0BD0DF1330CCDF818C00DF17E
:102C2400340CCDF80CC00DF1360CCDF814C00DF1F8
:102C3400350CCDF810C002F0B1F8D6E70DF1330C25
:102C4400CDF818C00DF1340CCDF80CC00DF1360CD4
:102C5400CDF814C00DF1350CCDF810C002F0B2FA65
:102C6400C3E70DF1330CCDF818C00DF1340CCDF8D9
:102C74000CC00DF1360CCDF814C00DF1350CCDF8A7
:102C840010C002F05FFAB0E70DF1330CCDF818C0B4
:102C94000DF1340CCDF80CC00DF1360CCDF814C088
:102CA4000DF1350CCDF810C002F0F6FA9DE70DF1E8
:102CB400330CCDF818C00DF1340CCDF80CC00DF167
:102CC400360CCDF814C00DF1350CCDF810C002F05F
:102CD4003BFB8AE70DF1330CCDF818C00DF1340C31
:102CE400CDF80CC00DF1360CCDF814C00DF1350C37
:102CF400CDF810C002F04AFA77E700BF70B5044679
:102D04008CB015460E461A466846214605F004FF67
:102D1400049685EAE572DDE90001A2EBE572029012
:102D2400ADF80C10CDE905220A0C8DF80E20DDE972
:102D340002010B0C0A90ADF82C108DF82E30A37DF7
:102D4400012B14D00023ADF820300793002D236805
:102D54004FF0000504A9ACBF03226FF00202204625
:102D64001B6B09958DF8222098470CB070BD1D4A45
:102D74000DF11F0E1378013303F0070113F0020F56
:102D840011704FEAC312D2B242F0400118BF0A4692
:102D940013F0040F07AB42F0200118BF0A461032AB
:102DA400D1B21A7B3AB9DA701A7001337345CDD0B7
:102DB4001A7B002AF7D04FF48070B0FBF2F2D2B243
:102DC400501CC0B200FB011C4FEA2C2CBCF1000FBC
:102DD40001D00CF1FF3C002818BF104683F800C056
:102DE400D870E2E716FE0020034B10B504460360DA
:102DF40005F03AFE204610BD10370020054B10B5F3
:102E04000446036005F030FE3821204614F050FCDF
:102E1400204610BD10370020034B10B50446036054
:102E240005F022FE204610BD10370020054B10B5DA
:102E34000446036005F018FE3821204614F038FCDF
:102E4400204610BD10370020034B10B50446036024
:102E540005F00AFE204610BD10370020054B10B5C2
:102E64000446036005F000FE3821204614F020FCDF
:102E7400204610BD10370020034B10B504460360F4
:102E840005F0F2FD204610BD10370020054B10B5AB
:102E94000446036005F0E8FD3821204614F008FCE0
:102EA400204610BD10370020034B10B504460360C4
:102EB40005F0DAFD204610BD10370020054B10B593
:102EC4000446036005F0D0FD3821204614F0F0FBE1
:102ED400204610BD10370020034B10B50446036094
:102EE40005F0C2FD204610BD10370020054B10B57B
:102EF4000446036005F0B8FD3821204614F0D8FBE1
:102F0400204610BD10370020034B10B50446036063
:102F140005F0AAFD204610BD10370020054B10B562
:102F24000446036005F0A0FD3821204614F0C0FBE0
:102F3400204610BD103700200A4A1368013B136075
:102F440003B1704700B5084A83B0CDE9003010687A
:102F540021F062FD0199044A009B0846136003B006
:102F640000BD00BFFC590020005A00200A4A136823
:102F7400013B136003B1704700B5084A83B0CDE943
:102F84000030106821F04CFD0199044A009B08466A
:102F9400136003B000BD00BF605B0020645B0020D1
:102FA40070B504468CB00E46154668461A4621464E
:102FB40005F0B2FDA27D0496012ADDE90001CDE908
:102FC400055502904FEA1140ADF80C108DF80E0033
:102FD400DDE902014FEA11430A90ADF82C108DF897
:102FE4002E300ED00023ADF8203007932268002342
:102FF40004A92046126B8DF82230099390470CB037
:1030040070BD1A4B0DF11F0C4FF4807E19780131FD
:10301400CA0101F0070011F0020FD2B2187007AB19
:1030240042F0400018BF024611F0040F42F02001A4
:1030340018BF0A461032D1B21A7B3AB9DA701A7044
:1030440001339C45D2D01A7B002AF7D0BEFBF2F2A2
:10305400D2B2501CC0B200FB01152D1205B1013DC6
:10306400002818BF10461D70D870E9E716FE00202E
:1030740010B5042282B0044600910DEB02006946AB
:1030840003F0D6F8019BA37502B010BD10B504225D
:1030940082B0044600910DEB0200694603F0C8F8C3
:1030A400019BA37502B010BD10B5042282B0044682
:1030B40000910DEB0200694603F0BAF8019BA37579
:1030C40002B010BD10B5042282B0044600910DEB8D
:1030D4000200694603F0ACF8019BA37502B010BD71
:1030E40010B5042282B0044600910DEB020069463B
:1030F40003F09EF8019BA37502B010BD10B5042225
:1031040082B0044600910DEB0200694603F090F88A
:10311400019BA37502B010BD10B5042282B0044611
:1031240000910DEB0200694603F082F8019BA37540
:1031340002B010BD2DE9F0413A4F96B005468846DD
:103144003C68002C49D006AE95F8243003AF022B1E
:103154000ED11835042239463046039503F068F839
:10316400069A2AB11588EC4607CA8DE8070004E0E0
:103174000022032141F27075EC460DF11C0EADF8EE
:103184000050CDF81880CDE90112274A0A924FF475
:103194005052ADF82C2000220C92244A0D92244A5D
:1031A4000E92244A0F92244A1092244A1192244ADD
:1031B4001292244A1392244A1492244A15929CE8A7
:1031C400070087E807008EE80700324605212046FD
:1031D40004F0BEFD16B0BDE8F0811D4B06AE0FCB6A
:1031E40086E80F0031461B4804F052FD1A4B1C6858
:1031F4003CB12046174C194A214604F0E9FC3C60D6
:10320400A2E703F021F8164A134B94601A600823CE
:10321400D4611061D360C2E90044C2E90544144694
:10322400E7E700BF785F00208C0A641945030000BB
:10323400FD010000C900000031010000510100003F
:103244006501000069010000750100008D010000A6
:10325400740300207C5F002008600020C10100008E
:103264000C6000202DE9F04104468CB00F4603F0B9
:10327400F7FD03F0B5FE2368A16820465B6A984712
:1032840094F834308046002B3BD0A668D4E900354E
:1032940058682946434B984243D13A4668462146EA
:1032A40005F03AFCA27D0495012ADDE90001ADF8A0
:1032B4000C104FEA114102908DF80E10DDE9020165
:1032C4004FEA11430A90ADF82C108DF82E3086EA9F
:1032D400E673A3EBE673CDE9053328D00023ADF8FC
:1032E40020300793002E4FF00002236804A9ACBFDE
:1032F40003206FF002001B6B8DF822002046099218
:1033040098472368414620469B6A984703F0A8FDE6
:1033140003F0E6FE03F0A4FD0CB0BDE8F04103F0B9
:103324009FBE05463B4632462046A847E9E71E496C
:103334000DF11F0C0B780133DA0103F0070013F0D1
:10334400020FD2B2087042F0400118BF0A4613F0CF
:10335400040F07AB42F0200118BF0A461032D1B265
:103364001A7B3AB9DA701A7001336345BAD01A7B02
:10337400002AF7D04FF48070B0FBF2F2D2B2501CA6
:10338400C0B200FB011E4FEA2E2EBEF1000F01D089
:103394000EF1FF3E002818BF104683F800E0D870F5
:1033A400E2E700BFCD04000016FE0020F0B504469D
:1033B4008FB005F029FB534A23689B6993425CD183
:1033C40003F04EFD03F00CFE2368A16820465B6AFF
:1033D400984794F834300646002B3ED0A568D4E9CB
:1033E4000023526811461746474A91424BD102A81E
:1033F40000222146019305F08FFB019BA27D0693D9
:10340400012ADDE90201ADF814104FEA11410490DC
:103414008DF81610DDE904014FEA11430C90ADF864
:1034240034108DF8363085EAE573A3EBE573CDE906
:1034340007332ED00023ADF828300993002D4FF028
:103444000002236806A9ACBF03206FF002001B6BC7
:103454008DF82A0020460B9298472368314620466F
:103464009B6A984703F0FCFC03F03AFE03F0F8FC77
:103474000FB0BDE8F04003F0F3BD002120460FB0CB
:10348400BDE8F040184719462A4600232046B847AD
:10349400E3E71E490DF1270C0B780133DA0103F041
:1034A400070013F0020FD2B2087042F0400118BFB7
:1034B4000A4613F0040F09AB42F0200118BF0A4674
:1034C4001032D0B21A7B2AB9DA701A70013363450C
:1034D400F8D1B3E74FF48071B1FBF2F2D2B2511CD0
:1034E400C9B201FB000E4FEA2E2EBEF1000F01D02F
:1034F4000EF1FF3E002918BF114683F800E0D97091
:10350400E4E700BF350A0000CD04000016FE0020E9
:10351400F0B5042287B0837D254E0DEB020102A88D
:10352400019302F085FE3468029F64B1214D2E6838
:1035340006B32146304604F065FB204604F0FEFB4A
:10354400384607B0F0BD1C4B02AC1A4D0FCB84E8D3
:103554000F002146194804F09BFB2C68CCB1174995
:103564002046174A04F034FB144931600C462E6897
:10357400002EDED102F068FE124A08219660D66160
:1035840010612A60D160C2E90066C2E90566164688
:10359400CFE702F059FE0B4B08229C60DC611861F6
:1035A4002B60DA60C3E90044C3E905441C46D6E74E
:1035B400785F002008600020740300207C5F0020F6
:1035C400C10100000C600020F0B5042287B0837DA7
:1035D400254E0DEB020102A8019302F029FE346886
:1035E400029F64B1214D2E6806B32146304604F093
:1035F40009FB204604F0A2FB384607B0F0BD1C4B83
:1036040002AC1A4D0FCB84E80F002146194804F090
:103614003FFB2C68CCB117492046174A04F0D8FA6E
:10362400144931600C462E68002EDED102F00CFEE7
:10363400124A08219660D66110612A60D160C2E9FD
:103644000066C2E905661646CFE702F0FDFD0B4BA6
:1036540008229C60DC6118612B60DA60C3E90044D5
:10366400C3E905441C46D6E7785F002008600020C3
:10367400740300207C5F0020C10100000C60002066
:10368400F0B5042287B0837D254E0DEB020102A81C
:10369400019302F0CDFD3468029F64B1214D2E6880
:1036A40006B32146304604F0ADFA204604F046FB4A
:1036B400384607B0F0BD1C4B02AC1A4D0FCB84E862
:1036C4000F002146194804F0E3FA2C68CCB11749DD
:1036D4002046174A04F07CFA144931600C462E68DF
:1036E400002EDED102F0B0FD124A08219660D661A8
:1036F40010612A60D160C2E90066C2E90566164617
:10370400CFE702F0A1FD0B4B08229C60DC6118613D
:103714002B60DA60C3E90044C3E905441C46D6E7DC
:10372400785F002008600020740300207C5F002084
:10373400C10100000C600020F0B5042287B0837D35
:10374400254E0DEB020102A8019302F071FD3468CD
:10375400029F64B1214D2E6806B32146304604F021
:1037640051FA204604F0EAFA384607B0F0BD1C4B83
:1037740002AC1A4D0FCB84E80F002146194804F01F
:1037840087FA2C68CCB117492046174A04F020FA6E
:10379400144931600C462E68002EDED102F054FD2F
:1037A400124A08219660D66110612A60D160C2E98C
:1037B4000066C2E905661646CFE702F045FD0B4BED
:1037C40008229C60DC6118612B60DA60C3E9004464
:1037D400C3E905441C46D6E7785F00200860002052
:1037E400740300207C5F0020C10100000C600020F5
:1037F400F0B5042287B0837D254E0DEB020102A8AB
:10380400019302F015FD3468029F64B1214D2E68C6
:1038140006B32146304604F0F5F9204604F08EFA4A
:10382400384607B0F0BD1C4B02AC1A4D0FCB84E8F0
:103834000F002146194804F02BFA2C68CCB1174923
:103844002046174A04F0C4F9144931600C462E6826
:10385400002EDED102F0F8FC124A08219660D661EF
:1038640010612A60D160C2E90066C2E905661646A5
:10387400CFE702F0E9FC0B4B08229C60DC61186185
:103884002B60DA60C3E90044C3E905441C46D6E76B
:10389400785F002008600020740300207C5F002013
:1038A400C10100000C600020F0B5042287B0837DC4
:1038B400254E0DEB020102A8019302F0B9FC346815
:1038C400029F64B1214D2E6806B32146304604F0B0
:1038D40099F9204604F032FA384607B0F0BD1C4B83
:1038E40002AC1A4D0FCB84E80F002146194804F0AE
:1038F400CFF92C68CCB117492046174A04F068F96F
:10390400144931600C462E68002EDED102F09CFC76
:10391400124A08219660D66110612A60D160C2E91A
:103924000066C2E905661646CFE702F08DFC0B4B34
:1039340008229C60DC6118612B60DA60C3E90044F2
:10394400C3E905441C46D6E7785F002008600020E0
:10395400740300207C5F0020C10100000C60002083
:10396400F0B5042287B0837D254E0DEB020102A839
:10397400019302F05DFC3468029F64B1214D2E680E
:1039840006B32146304604F03DF9204604F0D6F94A
:10399400384607B0F0BD1C4B02AC1A4D0FCB84E87F
:1039A4000F002146194804F073F92C68CCB117496B
:1039B4002046174A04F00CF9144931600C462E686D
:1039C400002EDED102F040FC124A08219660D66136
:1039D40010612A60D160C2E90066C2E90566164634
:1039E400CFE702F031FC0B4B08229C60DC611861CC
:1039F4002B60DA60C3E90044C3E905441C46D6E7FA
:103A0400785F002008600020740300207C5F0020A1
:103A1400C10100000C6000202DE9F0413A4F96B03E
:103A2400054688463C68002C49D006AE95F82430FB
:103A340003AF022B0ED118350422394630460395C4
:103A440002F0F6FB069A2AB11588EC4607CA8DE8FF
:103A5400070004E00022032141F27075EC460DF1E9
:103A64001C0EADF80050CDF81880CDE90112274A9C
:103A74000A924FF45052ADF82C2000220C92244AA2
:103A84000D92244A0E92244A0F92244A1092244AF8
:103A94001192244A1292244A1392244A1492244AD8
:103AA40015929CE8070087E807008EE80700324675
:103AB4000421204604F04CF916B0BDE8F0811D4BFA
:103AC40006AE0FCB86E80F0031461B4804F0E0F841
:103AD4001A4B1C683CB12046174C194A214604F085
:103AE40077F83C60A2E702F0AFFB164A134B9460F0
:103AF4001A600823D4611061D360C2E90044C2E9AA
:103B040005441446E7E700BF785F00208C0A641977
:103B140045030000FD010000C90000003101000060
:103B240051010000650100006901000075010000F9
:103B34008D010000740300207C5F002008600020D9
:103B4400C10100000C6000202DE9F0413A4F96B00D
:103B5400054688463C68002C49D006AE95F82430CA
:103B640003AF022B0ED11835042239463046039593
:103B740002F05EFB069A2AB11588EC4607CA8DE866
:103B8400070004E00022032141F27075EC460DF1B8
:103B94001C0EADF80050CDF81880CDE90112274A6B
:103BA4000A924FF45052ADF82C2000220C92244A71
:103BB4000D92244A0E92244A0F92244A1092244AC7
:103BC4001192244A1292244A1392244A1492244AA7
:103BD40015929CE8070087E807008EE80700324644
:103BE4000321204604F0B4F816B0BDE8F0811D4B63
:103BF40006AE0FCB86E80F0031461B4804F048F8A8
:103C04001A4B1C683CB12046174C194A214603F054
:103C1400DFFF3C60A2E702F017FB164A134B9460E7
:103C24001A600823D4611061D360C2E90044C2E978
:103C340005441446E7E700BF785F00208C0A641946
:103C440045030000FD010000C9000000310100002F
:103C540051010000650100006901000075010000C8
:103C64008D010000740300207C5F002008600020A8
:103C7400C10100000C6000202DE9F0413A4F96B0DC
:103C8400054688463C68002C49D006AE95F8243099
:103C940003AF022B0ED11835042239463046039562
:103CA40002F0C6FA069A2AB11588EC4607CA8DE8CE
:103CB400070004E00022032141F27075EC460DF187
:103CC4001C0EADF80050CDF81880CDE90112274A3A
:103CD4000A924FF45052ADF82C2000220C92244A40
:103CE4000D92244A0E92244A0F92244A1092244A96
:103CF4001192244A1292244A1392244A1492244A76
:103D040015929CE8070087E807008EE80700324612
:103D14000221204604F01CF816B0BDE8F0811D4BCA
:103D240006AE0FCB86E80F0031461B4803F0B0FF08
:103D34001A4B1C683CB12046174C194A214603F023
:103D440047FF3C60A2E702F07FFA164A134B9460E7
:103D54001A600823D4611061D360C2E90044C2E947
:103D640005441446E7E700BF785F00208C0A641915
:103D740045030000FD010000C900000031010000FE
:103D84005101000065010000690100007501000097
:103D94008D010000740300207C5F00200860002077
:103DA400C10100000C6000202DE9F0413A4F96B0AB
:103DB400054688463C68002C49D006AE95F8243068
:103DC40003AF022B0ED11835042239463046039531
:103DD40002F02EFA069A2AB11588EC4607CA8DE835
:103DE400070004E00022032141F27075EC460DF156
:103DF4001C0EADF80050CDF81880CDE90112274A09
:103E04000A924FF45052ADF82C2000220C92244A0E
:103E14000D92244A0E92244A0F92244A1092244A64
:103E24001192244A1292244A1392244A1492244A44
:103E340015929CE8070087E807008EE807003246E1
:103E44000821204603F084FF16B0BDE8F0811D4B25
:103E540006AE0FCB86E80F0031461B4803F018FF6F
:103E64001A4B1C683CB12046174C194A214603F0F2
:103E7400AFFE3C60A2E702F0E7F9164A134B9460E8
:103E84001A600823D4611061D360C2E90044C2E916
:103E940005441446E7E700BF785F00208C0A6419E4
:103EA40045030000FD010000C900000031010000CD
:103EB4005101000065010000690100007501000066
:103EC4008D010000740300207C5F00200860002046
:103ED400C10100000C6000202DE9F0413A4F96B07A
:103EE400054688463C68002C49D006AE95F8243037
:103EF40003AF022B0ED11835042239463046039500
:103F040002F096F9069A2AB11588EC4607CA8DE89C
:103F1400070004E00022032141F27075EC460DF124
:103F24001C0EADF80050CDF81880CDE90112274AD7
:103F34000A924FF45052ADF82C2000220C92244ADD
:103F44000D92244A0E92244A0F92244A1092244A33
:103F54001192244A1292244A1392244A1492244A13
:103F640015929CE8070087E807008EE807003246B0
:103F74000721204603F0ECFE16B0BDE8F0811D4B8E
:103F840006AE0FCB86E80F0031461B4803F080FED7
:103F94001A4B1C683CB12046174C194A214603F0C1
:103FA40017FE3C60A2E702F04FF9164A134B9460E7
:103FB4001A600823D4611061D360C2E90044C2E9E5
:103FC40005441446E7E700BF785F00208C0A6419B3
:103FD40045030000FD010000C9000000310100009C
:103FE4005101000065010000690100007501000035
:103FF4008D010000740300207C5F00200860002015
:10400400C10100000C6000202DE9F0413A4F96B048
:10401400054688463C68002C49D006AE95F8243005
:1040240003AF022B0ED118350422394630460395CE
:1040340002F0FEF8069A2AB11588EC4607CA8DE804
:10404400070004E00022032141F27075EC460DF1F3
:104054001C0EADF80050CDF81880CDE90112274AA6
:104064000A924FF45052ADF82C2000220C92244AAC
:104074000D92244A0E92244A0F92244A1092244A02
:104084001192244A1292244A1392244A1492244AE2
:1040940015929CE8070087E807008EE8070032467F
:1040A4000621204603F054FE16B0BDE8F0811D4BF6
:1040B40006AE0FCB86E80F0031461B4803F0E8FD3F
:1040C4001A4B1C683CB12046174C194A214603F090
:1040D4007FFD3C60A2E702F0B7F8164A134B9460E8
:1040E4001A600823D4611061D360C2E90044C2E9B4
:1040F40005441446E7E700BF785F00208C0A641982
:1041040045030000FD010000C9000000310100006A
:104114005101000065010000690100007501000003
:104124008D010000740300207C5F002008600020E3
:10413400C10100000C600020254B196811F0010139
:1041440010B582B00CD0234804F030FD034610B9FA
:10415400214C22784ABB83F00100C0B202B010BDEA
:104164001C4C0191204612F0BBFD019904F108009A
:1041740012F0B6FD019904F1100012F0B1FD01999D
:1041840004F140024FF0010C114B204621662262DB
:1041940084F86C10C4F8DC10104AC3F800C0C4E9F9
:1041A40019110F4914F006FECDE70E4901900A6873
:1041B40001320A6013F0A8F90B49019B09680B4A04
:1041C400401A2370106083F00100C0B202B010BD29
:1041D40098580020A054002020FE0020644C0020A9
:1041E400A5010000D46600200CFD0020D866002044
:1041F4005C4B1A68D20710B54AD50023CB225A4922
:104204005A4804F0A1FA5A4B1A68D30740F19A802D
:10421400002340F2E2225749574804F095FA574BDD
:104224001A68D4077FD500234FF45C72544955486B
:1042340004F08AFA544B1A68D00765D5002340F27B
:104244002A325249524804F07FFA524B1A68D10775
:104254004BD500234FF4B0724F49504804F074FA20
:104264004F4B1A68D20731D500234FF42A724D49B7
:104274004D4804F069FA4D4B1A68D30717D500234B
:104284004FF4DD724A494B48BDE8104004F05CBA73
:10429400364804F07DFB354B47480121474A1860F6
:1042A4001846304B1960464914F084FDA5E741488F
:1042B40004F06EFB3F4B43480121404A1860184606
:1042C4003A4B1960404914F075FDD8E7364804F0BC
:1042D4005FFB354B3D480121384A18601846304B86
:1042E40019603B4914F066FDBEE72C4804F050FB0E
:1042F4002A4B38480121314A18601846254B196069
:10430400354914F057FDA4E7214804F041FB204B44
:1043140032480121294A186018461B4B196030495C
:1043240014F048FD8AE7174804F032FB154B2D487A
:104334000121224A18601846104B19602A4914F0CA
:1043440039FD70E70C4804F023FB0B4B274801218F
:104354001A4A18601846064B1960254914F02AFDBC
:1043640056E700BFA8580020C06B0020EC60002076
:10437400AC580020216E002024610020B058002099
:10438400C77600205C610020B4580020178100200B
:1043940094610020B8580020958A0020CC61002048
:1043A400BC580020B58E002004620020C0580020B4
:1043B400AD9600203C6200204C370020644C002065
:1043C400B9050000B4380020D90600007838002070
:1043D400A90600003C3800207906000000380020BF
:1043E40049060000C4370020190600008837002061
:1043F400E905000038B5044613F086F8054611486F
:10440400017804F00BFA13F07FF80F4B401B0F4AAE
:104414000F4910601A680D6090424FF0010288BF86
:1044240018600C4B1A7034B10B4A136801331360D3
:104434000A4B1C7038BD0A4A136801331360074BDA
:104444001C7038BD60570020E49B002010FD002044
:104454000CFD002020FE002090660020444F002028
:1044640014FD0020000000002DE9F04FDFF81C824D
:10447400ADF2246D6E4ED8F8005034682C1B03D175
:104484000DF2246DBDE8F08F6A4B28AFD3F800908D
:104494003846494606F028F9674B1B78002B00F094
:1044A400B780664A2592664B1B78002B00F0AD80DE
:1044B400624B2693BB79484627922393FB7997F85E
:1044C40004A097F805B0249306F006F9279A00286B
:1044D40000F09880DFF864E107EE904A594CDFF869
:1044E400B091E068B8EE676B574B0F90D9F8007045
:1044F400DFF8A0C114971B68FB1A544F07EE103A5B
:10450400534B9FED495BB8EE477B1B68C31A514878
:1045140027EE057B87EE064B07EE103A4E4BB8EEBE
:10452400477B27EE057B87EE065B8DED184B8DED03
:10453400165B1B682093494B1B681F93484B1B68F1
:104544001E93484B1B681C93474B1B681B93474B9C
:104554001B681A93464B1B6815933B681D93E369CC
:104564001393A36912936369119323691093CDF88C
:104574001CE02499CDF80CA0069123993D4BCDE97C
:1045840004B1269902912599CDE90021A2684FF43E
:10459400AF610E92DCF800200D9202682AA80B92FB
:1045A400D3F888200992D3F88430334A0A932368D5
:1045B400089363680C93214B17F062FD824614F054
:1045C40015FB2E4B1B7873B12D4B1B78DB070AD5DB
:1045D4002C4AD8F8003012689B1A0E2B03D914F019
:1045E40093FA824518DD3B6801333B60E368184A5F
:1045F40035601360D9F80030134A13600DF2246D4E
:10460400BDE8F08FDFF880E066E71F4B269351E7A3
:104614001D4B0A4A259346E751462AA814F06AFA24
:10462400E4E700BFAFF300800000000000408F40CB
:10463400BC6B0020485E00201DFE002020040020EA
:10464400444F00204C9C0020409C002048FD00204A
:104654003C9C0020E09B0020D0660020D86600200F
:10466400D4660020DC9B0020E49B002010FD002089
:10467400906600204CFD00203004002034FE002011
:1046840033FE0020E4FD0020280400201CFD00204F
:1046940014FD00208C6B0020F0B5402483B0364D0F
:1046A400364E374F10E001F1010C364ABCF12F0FA2
:1046B40031D892F800E0BEF1000F2CD1324AC3F891
:1046C40000C05054013C24D014F0AAF908B314F0EB
:1046D400EDF92E4BC0B219680A2801D00D28E2D199
:1046E400284A4FF0000E284892F800C000F801E074
:1046F400BCF1000F08D10168A9420FD00168B14292
:1047040018D00168B94225D00021013C196011700C
:10471400DAD103B0F0BD01231370D3E70179002986
:10472400ECD11B488165A0F8691080F86B1019481A
:104734000170E9E7184945F2553CB1F800E0E64557
:10474400DFD189780029DCD10192FFF78DFE0F4B70
:10475400019AD9E711490020D1F800C00C498865B5
:10476400A1F8690081F86B0001200A4908700C491E
:10477400C1F800C0C8E700BF53544F5053544154CC
:1047840041524D0014FE00208C5E0020885E002003
:104794004CFC00201DFE0020905E00201CFD00202B
:1047A4009C650020254B19684A1C00B583B01A602B
:1047B40049B3234A2349244814F0FCFA234A1368D2
:1047C400591C1160002B32D01D4A2149214814F094
:1047D400F1FA6021204806F045FD194A1F491E4898
:1047E40014F0E8FA1E4B1F49002243F8042C43E955
:1047F40003220C338B42F8D11B4B4FF000011A8378
:10480400997603B000BD4FF4EE72184817F0F0FD2E
:10481400174B1846019306F0B5FE019B154A8833E1
:104824009A42F6D1144BA2F5EE721A60C1E713480E
:1048340020F0FAF8124A114B1360C5E7605B0020C0
:10484400644C00203D070000605E0020FC590020FD
:10485400090700004C5E00204CFD0020A1860000EA
:10486400CC6B0020E49B0020C09B0020685B0020F0
:10487400AC5B0020445D0020645B0020045A0020EF
:10488400005A00202DE9F843234D40F2EE28234C32
:10489400234FDFF8A8902E6814F0A8F9237873B397
:1048A4003B78DB072BD52B68D9F800209B1A0E2BFD
:1048B40025D9FFF79DFC10231A480021037003F04B
:1048C40079FF43F21B020021174817F091FD0120E4
:1048D400FFF790FD154B16491C68204605F04EFF66
:1048E400204605F07BFE41F63611124806F09EFD87
:1048F4000038114B18BF01201870BDE8F8832B68ED
:1049040022789B1B2AB1B3F5FA6FD2D814F06EF952
:10491400C2E74345FAD9CCE71CFD002034FE002051
:1049240033FE002060570020C06B0020485E00204A
:104934006C0600204CFD002027FE0020E4FD002032
:104944002DE9F04F89B0924C12F0DEFD914B804678
:104954001B681846039305F041FD2378002B00F0F3
:1049640008818D4FFFF798FE80258C4C8C4E07F5FF
:10497400C049DFF864A2CDF8088005E0894A1368CD
:1049840001331360013D6DD0236B204632689A4297
:1049940038BF336006F020F9002863DBF2D02146EB
:1049A40006A805F0BFFF079B5345E7D1A36DD4E9E3
:1049B40010820193A2EB080B3A68BBF1110F02F1CC
:1049C40001023A6048DD08227749404617F03CFC72
:1049D400002841D198F80820002A3DD198F80920F0
:1049E400502A39D198F80A1098F80B2002EB0122CA
:1049F4000D2A31D998F8101098F8112002EB0122F1
:104A0400911EB1F5FF7F27D8D30725D402F11201F7
:104A14008B4521D198F90F1098F80F0000291BDB62
:104A240098F80E104FF0AA0E01EB00235F4901F134
:104A34002A0BB1F800C0A3EB0C0063450EFB00FC8D
:104A440003D348888445C0F0C98006315945F0D164
:104A5400BB680133BB6095E77B68013D03F101034B
:104A64007B6091D1524AD9F85830DDF80880146837
:104A740023B1D9F85C30E31A642B49D8D9F86430EF
:104A8400E31AB3F57A7F02D90023A9F86A30494EB4
:104A94003378002B54D112F037FD474B1D68451B6A
:104AA400FFF74AFB80F00103DBB2CBB148F23523B8
:104AB4009D4215D9414A13680133136012F024FD55
:104AC4003F4BA0EB08001A68824238BF18603D4B88
:104AD4001B68E41AB4F57A7F55D209B0BDE8F08FAB
:104AE4000028EBD03178D1B148F235239D42E5D985
:104AF40099F86930002BE1D043F21B023249334864
:104B040012F036FD002089F86900FFF773FCD5E741
:104B14003B6901333B610023C9F85830AEE72C4BA5
:104B24001B78012BCAD046F64B039D42C6D943F2EB
:104B34001B02264817F05CFC0120FFF75BFCBDE775
:104B4400039805F0C9FD58B1224B1B68E31AB3F56D
:104B54007A7FA0D9D9F86030E31AB3F57A7F9AD96D
:104B640000233370C9F85830A9F8693089F86B30DC
:104B740091E741F63611094806F058FC003818BF91
:104B840001202070EDE609B0BDE8F04FFFF76CBCE2
:104B940027FE0020485E00204C9C00204CFD002095
:104BA400E09B00208C6B0020840300203035002023
:104BB4001CFD00201DFE00200CFD0020D0660020FE
:104BC400DC9B0020BC6B002087CC0020C06B002045
:104BD400444F00209C6500200A00007DA0EB0C00DF
:104BE40000EB4000B0F5FF7F28BF4FF4FF70824216
:104BF4008646FFF431AF8A880592D9F858205AB115
:104C0400D9F85C2001998A1A642A05D93A690132D3
:104C14003A610022C9F85820D9F8642001998A1A07
:104C2400B2F57A7F7BD90022A9F86A2098F80CB0F3
:104C3400BBF1000F4FD0D9F858202AB13A6901329C
:104C44003A610022C9F85820012289F868B0A9F80D
:104C54006A20A3F17802012101FA02F3D9F858205D
:104C64001A42049357D1002A4DD005987246484BF6
:104C740008F11201604400EB4000184412F078FC83
:104C840007F5C043019A04995A669A6D0A4341494B
:104C94008A429A657FF476AE93F8693013B1FB6962
:104CA4000133FB6143F21B0239493B4812F060FCBB
:104CB400019BC9F86030BBF1000318BF012389F8D8
:104CC4006B30FB680133FB600023C9F858300123C3
:104CD40089F8693056E6A3F17802012101FA02F35A
:104CE400D9F858200493049B002112EA0300A9F880
:104CF4006A1046D0BA698B46C9F858100132BA61B5
:104D04003A6901323A61019BC9F85C30ADE799F820
:104D14006B20002A9DD0BB690133BB6132E698F851
:104D24000CB099F86A10BBF1000F16D0002982D09C
:104D340099F868209345EAD0ABEB0202FF21FF32D9
:104D4400B2FBF1F1C1EB0121521A7F2A1BD8D9F829
:104D54005820002A3FF475AF70E7A3F178020120D0
:104D640000FA02F3D9F8582004930029BBD012B1F9
:104D74003A6901323A610022C9F85820A9F86A2038
:104D8400C1E783466FE77B6901337B61FAE500BFC6
:104D94006C9C0020FFFFFB1F87CC002010B49DF803
:104DA4000800049C00FB02229DF80C0000FB033366
:104DB400C2F307229DF80400C3F3072300FB01118B
:104DC40093421846C1F3072128BF1046884228BFE2
:104DD4000846091A121A1B1A217005990A70DDE98E
:104DE40006120B70107010BC704700BF0170037284
:104DF40063B19200074B0232A3FB0212520802FB7A
:104E040003F3B3F1553F88BF013292B202EB420281
:104E140042607047ABAAAAAA70B51E46044682B087
:104E2400D1E903359C46284608E001EB50011CF803
:104E340021E00CEB8101964515D3400820F00101D7
:104E44000028F2D143B305EB450503EB85018C45FE
:104E540003D09CF8003093420CD000232046C4E9D0
:104E6400003302B070BD00F1FF3E01F10C0CAEEB5B
:104E74005000E3E7DCE9013526B9C4E900352046F2
:104E840002B070BD18462A460021019301F0D4F9FE
:104E9400019BC4E90035F2E7BCF1000FD9D1DCE78E
:104EA40090F87130012B1ED0012310B5044682B056
:104EB4000C3084F8713000F0B3FE04F1300004F1DA
:104EC4005001019001F002F8019800F0A9FEA268D7
:104ED40012B9012002B010BD0021206801F0ACF924
:104EE400012002B010BD0020704700BF303000F038
:104EF4006FBE00BF90F87130022B00F0E480436D68
:104F040002222DE9F04F446B85B0066B9C4280F879
:104F1400712000F0BE800123002E04EB44010546FD
:104F240080F8703006EB810108BF00218E4200F04A
:104F3400CC80334600275A680C33974238BF174653
:104F44008B42F8D107FB04F4AB68A34217D228685C
:104F540000232B6008B100F025FD0121204600F05C
:104F640001FD0422009069460DEB020001F060F996
:104F7400019B28682B6008B100F014FD2E6BAC6017
:104F8400002E6FD06B6BB646B0464FF0000903EBB2
:104F94004303CA460EEB8303984563D0E9682E6841
:104FA4008C46286998F800404E44024608E003EB1A
:104FB40052031CF823B00CEB8303A34556D35208C9
:104FC40022F00103002AF2D100295DD000EB400059
:104FD40001EB8000604503D09CF80030A34255D01B
:104FE400ACEB01013A4B01AA05F10C0089108DF8D4
:104FF400044003FB01F1CDE902AA00F0F5FED5E976
:1050040003131A468C4608E000EB52001CF820E01B
:105014000CEB8000A64530D3520822F00100002A90
:10502400F2D103EB430301EB8303914208BF0B4628
:10503400634504D09CF80020A24218BF9C460CF1A2
:10504400040CD5F830E0B94408F10C08CCE9006749
:10505400BEF1000FA3D06B6B03EB43030EEB830392
:1050640098459BD1012005B0BDE8F08F02F1FF3BCC
:1050740003F10C0CABEB5202A2E702F1FF3E00F18C
:105084000C0CAEEB5202C8E70846A3E70CF1040C83
:10509400D9E7B4B13246036D002117781D78AF42C9
:1050A4007FF439AF57685D68AF427FF434AF177A45
:1050B4001D7AAF427FF42FAF01310C320C338C4296
:1050C400EBD1002328E70020704700273C4656E731
:1050D400ABAAAAAA00B5D0E90C3E0020002B0EEB27
:1050E4004E0C03EB8C0C08BF4FF0000C634506D04C
:1050F40059680C33884238BF08466345F8D100FB31
:105104000EF000BD10B51C464FF0000CD0E90C03A6
:10511400002803EB430E0B6000EB8E0E08BF4FF02C
:10512400000E704506D043680C309C4538BF9C4641
:105134007045F8D1C2F800C00A680CFB02F2226084
:1051440010BD00BF9DF8000000FB01119DF8040094
:1051540000FB02229DF80800091200FB033312121F
:10516400DDE9030CC3F3072301708CF80020059AD2
:10517400069913709CF800200078934228BF1346C8
:10518400834228BF03460B70704700BF10B49DF8DC
:105194000400049C00FB01119DF8080000FB02229E
:1051A4009DF80C00091200FB0333121205982170BC
:1051B4001B1202700021DDE906020370117010BC9D
:1051C400704700BF10B49DF8080000FB02229DF850
:1051D4000C0000FB0333C2F307229DF80400C3F361
:1051E400072300FB0111079893429C46C1F3072152
:1051F40028BF94468C4528BF8C46BCF1540F11D867
:10520400A1EB0C01A2EB0C02A3EB0C030CEB4C0C7A
:10521400049C217005990A70069A137080F800C0E6
:1052240010BC70475439543A543B4FF0FF0CEFE72D
:105234002DE9F04FDFF858E09B469DF82440DEF856
:1052440000C09DF828509DF82C60DDE90C78DDE95C
:105254000E9ABCF1000F10D0DCF800E0BEF1000F94
:1052640010D05B46F4460994CDE90E9ACDE90C784A
:10527400CDE90A56BDE8F04F6047044BC3F800C0BF
:10528400CEF80030DFF80CE0EBE700BF6C5F0020E5
:10529400685F00206D2500002DE9F04F1C46274B68
:1052A40099B00E461F7815469DF888A09DF88C800D
:1052B4009DF8909007B308FB0555259A09FB044413
:1052C400C5F307250AFB0666C4F307242B46C6F379
:1052D4000726A54228BF2346B34228BF3346F61A01
:1052E400ED1AE41A1670269A1570279A1470289AE3
:1052F400137019B0BDE8F08F012211481A7000F044
:10530400CFF9602239468346684617F071F868463B
:1053140000F0BCFF0A230B49684617938DF85870B8
:1053240001F0B8FA38466B46594640F2092200F0BB
:1053340077F9684600F03CFBBDE700BF17FE00208C
:1053440080060020D40600202DE9F04F1C46274B90
:1053540099B00E461F7815469DF888A09DF88C805C
:105364009DF8909007B308FB0555259A09FB044462
:10537400C5F307250AFB0666C4F307242B46C6F3C8
:105384000726A54228BF2346B34228BF3346F61A50
:10539400ED1AE41A1670269A1570279A1470289A32
:1053A400137019B0BDE8F08F012211481A7000F093
:1053B40077F9602239468346684617F019F868463B
:1053C40000F064FF0A230B49684617938DF8587060
:1053D40001F060FA38466B4659464FF4057200F006
:1053E4001FF9684600F0E4FABDE700BF19FE00208B
:1053F400800600209007002000B59DF804C0032813
:1054040019D8DFE800F0130F050260469C460346F6
:105414000298017003990A70049A82F800C0059AF0
:10542400137000BD104662468446F1E708466146A3
:1054340094460246ECE79C460023E9E730B5C0F306
:10544400021585B000F007009DF820E00DF1080C6E
:105454008DF8041000218DF806300DEB05039DF83E
:10546400244083F808E00DEB00038DF805200A467C
:105474001C72CBB202F11004013102F1010E9D4203
:105484006C4407D0984205D014F80C3C5FFA8EF2B5
:105494008CF8003005290CF1010CEAD19DF8083094
:1054A4000A9A0C9913709DF809300B9A13709DF8A1
:1054B4000A309DF80B200B700D999DF80C300A7082
:1054C4000E9A137005B030BD2DE9F04FDFF864E09B
:1054D4009DF82490DEF800C09DF828A09DF82CB01B
:1054E400109CDDE90C85DDE90E67BCF1000F10D0DE
:1054F400DCF800E0BEF1000F10D0F446CDE90F74E3
:10550400CDE90D56CDE90BB8CDE9099ABDE8F04FC8
:105514006047074BC3F800C0CEF80030002388F87A
:1055240000302B7033703B702370BDE8F08F00BFE8
:10553400745F0020705F0020194B30B51C7899B05F
:1055440064B100231F9A1370209A1370219A137068
:10555400229A1370239A137019B030BD0122114896
:105564001A7000F09DF8602221460546684616F040
:105574003FFF684600F08AFE0A230B4968461793EA
:105584008DF8584001F086F920466B4629464FF4C1
:10559400BB7200F045F8684600F00AFAD1E700BF94
:1055A40018FE002050080020A8080020194B30B530
:1055B4001C7899B064B100231F9A1370209A137059
:1055C400219A1370229A1370239A137019B030BD64
:1055D400012211481A7000F063F860222146054642
:1055E400684616F005FF684600F050FE0A230B4992
:1055F400684617938DF8584001F04CF920466B46E5
:1056040029464FF4C27200F00BF8684600F0D0F956
:10561400D1E700BF1AFE002050080020280900200E
:10562400F0B50D4697B016461C4678B301282BD129
:10563400174F2146684601F093FB0021204600F0F5
:10564400E7F91DB12946204601F024F91149204605
:1056540001F020F93146204601F02CF93946204664
:1056640001F018F9684601F0C5FA18B10146204660
:1056740001F010F9204601F0BDFA00F0CFFD6846B4
:1056840000F096F917B0F0BD034FD2E7034FD0E70F
:1056940090090020A80900209C090020840900200A
:1056A40000B50178864621B3034673294FF0000CF8
:1056B400184613F8012F0BD02F2901D05C2900D1F3
:1056C400844682B11146184613F8012F7329F3D189
:1056D400722AF6D159786329F4D199782F2901D007
:1056E4005C29EFD100BDBCF1000F02D00CF1010028
:1056F40000BD704600BD00BF00B583B004226946FA
:1057040000900DEB020000F093FD03B000BD00BF5C
:1057140000B583B00422694600900DEB020000F04E
:1057240087FD03B000BD00BF014B08461B68184746
:10573400E44B0020401AB0FA80F04009704700BFE3
:10574400704700BF704700BF704700BF704700BF7D
:10575400704700BF704700BF704700BF704700BF6D
:10576400704700BF704700BF704700BF03685B68A5
:10577400184700BF00B583B0019015F027FD0198CC
:1057840003B000BD0A4B084600B583B01B68019105
:1057940098470199034641B138B10A46B0FA80F1FD
:1057A4000190490916F024FE019B184603B000BD80
:1057B400E04B002000B583B00421019011F078FF84
:1057C400019803B000BD00BF10B582B00846194669
:1057D4001446019315F0E4FF034610B10199A14268
:1057E40002D8184602B010BD0A1B204400210193C0
:1057F40016F0FEFD019B184602B010BD037E03B9EE
:10580400704700B5034683B0C068019315F0DEFC11
:105814000022019B1A7603B000BD00BF28B1436883
:10582400013302D0436801334360704715F0C6BCAE
:1058340015F0CCBCF0B50D46012783B006461C20FC
:1058440015F0BCFCEA190C4B044647600360876002
:105854001046019215F0B2FC019A03462776626164
:1058640004F10C02C4E90305C6E900243046002211
:105874005A5503B0F0BD00BFDC3900202DE9F041DA
:10588400064682B01C201546884615F097FC012375
:105894006A1C074604464360836010460D4B019220
:1058A40047F80C3B15F08AFC019A0346E060C4E912
:1058B40004522DB141462A46019011F059FE019B34
:1058C400002230465A550123C6E90074237602B0FB
:1058D400BDE8F081DC390020D1E900132BB15A680E
:1058E400013202D05A6801325A60027A22B9012286
:1058F400C0E9001302727047DFF824C0013A00B512
:1059040085B05CF82220CDE90213019090470198FC
:105914000122DDE902130272C0E9001305B000BDE3
:10592400B03B00204368CBB15A68013216D05A68A4
:10593400013A5A6092B9196800B583B001901846CB
:105944008B689847019A50688368013B836033B938
:105954000368DB6803B05DF804EB1847704703B0D5
:1059640000BD00BF0E4B10B582B01B680446019108
:1059740098470199034600280CBF002101F001015A
:1059840019B1B4FA84F1490914B9184602B010BD2A
:105994002246019016F02CFD019B184602B010BD62
:1059A400E04B0020014B1B68184700BFE44B00206C
:1059B400027D034602B970470649013A0C3051F89A
:1059C400222000B583B001939047019B184603B091
:1059D40000BD00BFB03B0020027D12B9036818442B
:1059E4007047013A002300B5022A83B0CDE90003D1
:1059F40002DD184603B000BD044B69460C3053F871
:105A040022309847019803B000BD00BFBC3B002082
:105A14000346002000B51A7D83B09860901E0128CB
:105A24000ED80D49013A03F10C00019351F82220DC
:105A34009047019B002219681A755A5403B000BD9F
:105A4400012A01D10029ECD11846FFF7C5FF002334
:105A5400037003B000BD00BFB03B00202DE9F0414E
:105A64001746C26890B00446402A0E4604D8002A5D
:105A74002DD110B0BDE8F0810069114603689B6820
:105A84009847E268054652B9002DF2D02946D4E978
:105A940003200368DB68984710B0BDE8F081314605
:105AA40011F066FDE268002AEED04FF0010830469E
:105AB400394611F05DFDE2681AB13846294611F005
:105AC40057FDB8F1000FD4D0002DDFD1D1E76846DF
:105AD40011F04EFDE268002ACBD06D464FF000086D
:105AE400E5E700BFC36970B50D4682B0044601689E
:105AF4001BB183690344994203D011B16369002B3C
:105B040037D0E16805FB01F100292BD02069036837
:105B14009B689847034628B3626882B12168F9B14B
:105B2400D4F814C0BCF1000F35D0DCF81430019067
:105B3400984762696168926920689047019BE269AD
:105B440021688AB961B1D4F80CC02069A2680193B4
:105B540002FB0CF2D0F800C0DCF80C309847019B33
:105B64002360A56002B070BDA26922449142E9D1CC
:105B7400F6E7D4E90330A268D0F800C003FB02F2D0
:105B840005FB03F3CBB1DCF81060B0470028B8D0B4
:105B94002060A560E6E7D4F80CC00CFB02F23AB929
:105BA400E269002AD1D0A26922449142CDD1D7E73B
:105BB400019011F0DDFC019BC1E7DCF80C30984743
:105BC4009FE700BF83688B4200D37047FFF78ABF0B
:105BD40038B543680D4682680446591C914209D978
:105BE40002EB42025208914238BF1146FFF77AFF96
:105BF400D4E9013293420BD2E2682068616903FB65
:105C0400020031B10B682946984763680133636029
:105C140038BD002AFAD0294611F0AAFC6368F5E7DA
:105C24000346006868B1596859B15A694AB1926922
:105C340000B583B001939047019B00225A6003B0E2
:105C440000BD00225A607047002A3BD02DE9F8437A
:105C540043680D468B4233D956185F1A9046044662
:105C6400B34241692FD251B3B8464FF000097E19AF
:105C74002F4600E06169E06823688A6800FB07300A
:105C840001379047BE42F5D1B9F1000F14D04F4609
:105C94002F442368E068626900FB063605FB003088
:105CA40053683146013598476369304608EB050669
:105CB4009B689847AF42ECD16568A5EB0805656021
:105CC400BDE8F8837047A7EB02090029D0D1B9F1E8
:105CD400000F03D0C06800FB09F212B9A3EB08055A
:105CE400EDE7236800FB063100FB053016F0EEFA01
:105CF400E2E700BF43688B4200D870470122FFF7F8
:105D0400A3BF00BF2DE9F041D0E901630F4604466B
:105D1400711C9046994240D835469D423BD2BE42C2
:105D2400E268636928BF3E4621681046002B3FD0D5
:105D3400AE4228D202FB05F05B68821A0844114483
:105D440098476568013DB54213D92268E0686369E4
:105D540000FB05209B689847E368216805FB03F076
:105D64006269013DC31A5268084419449047B54218
:105D7400EBD82368E06800FB063063699B689847AA
:105D840063692168E06800FB06101B684146984778
:105D9400636801336360BDE8F08103EB43035B0890
:105DA400994238BF1946FFF79DFED4E90153B4E781
:105DB400AE4202FB061303D2AD1B02FB05F535B957
:105DC400002AE5D04146184611F0D2FBE0E702FB79
:105DD40006202A460844194616F078FAE268236831
:105DE40002FB0633ECE700BF2DE9F041D0E9016383
:105DF4000F460446711C9046994240D835469D4250
:105E04003BD2BE42E268636928BF3E462168104621
:105E1400002B3FD0AE4228D202FB05F05B68821A09
:105E24000844114498476568013DB54213D9226876
:105E3400E068636900FB05209B689847E368216874
:105E440005FB03F06269013DC31A52680844194412
:105E54009047B542EBD82368E06800FB06306369DD
:105E64009B68984763692168E06800FB06105B68DB
:105E740041469847636801336360BDE8F08103EBF2
:105E840043035B08994238BF1946FFF72BFED4E958
:105E94000153B4E7AE4202FB061303D2AD1B02FB6F
:105EA40005F535B9002AE5D04146184611F060FBE6
:105EB400E0E702FB06202A460844194616F006FAD3
:105EC400E268236802FB0633ECE700BF2DE9F041EA
:105ED4000D46C1690446EE69E1B92A6886B92168AC
:105EE4002260A3682960D5E90102A2606268AB6000
:105EF400236960606A602A6922612B61BDE8F081D0
:105F0400AB692B449A42EAD1324623460E462C46CC
:105F140011461D46A269236822449342DDD161687B
:105F24002F680A46CEB1A8692844B84233D08E42BD
:105F3400D5F8088013D36369AE602860F3B15B6958
:105F4400216898476369D4E900019B6998476268AE
:105F540068682760C4F80880CAE7D5F80880E06854
:105F640000FB01F100296ED0286903689B689847FB
:105F7400626863692860AA60002BE0D1002AE7D038
:105F8400E36802FB03F3002BE2D01A46216811F008
:105F9400EFFA6268DCE76A6852EA010055D08A4287
:105FA4004FF0000638BF0A46904612E0002A30D06F
:105FB400536839469847E8682B6800FB06306369E4
:105FC4009B689847616801360A46464517D22F6890
:105FD4002368E868B142D4F80CC000FB0677626914
:105FE4000CFB0630E2D96B68B3420AD922B30136FE
:105FF400136939469847616846450A46E7D3686895
:1060040076E77AB15368014638469847E0682368D2
:10601400D3E7BCF1000FD6D03946624611F0A8FA96
:106024006168D0E7BCF1000FCDD001466246384626
:1060340011F09EFA6168C6E701463A462046FFF72A
:106044000DFD6168BFE7084693E7024650E700BFCD
:10605400F8B5044600680E4628B1616819B1636951
:106064000BB19B699847002363607168B1B1A36861
:10607400994214D86369F3B1002500E0636931687B
:10608400E0682268F76800FB05201B6807FB051120
:106094000135984771688D42F0D36160F8BD2046A0
:1060A400FFF720FD7168A3688B42F7D3636913B1CE
:1060B4000029E1D1F1E7E26801FB02F2002AECD009
:1060C4003168206811F054FA7168E6E70346006805
:1060D40000282DD0596800B583B009B35A694AB372
:1060E400926901939047019B0021DA69186859600D
:1060F4001AB19A691A4490420FD070B1D3F810C003
:106104000193D3E9022101FB02F201466046DCF867
:1061140000C0DCF80C309847019B184603B000BD62
:10612400DA69002AEAD09A691A449042E6D1F4E77F
:1061340018467047D9695A600029F4D1DEE700BFD8
:10614400F0B5C70F0E4685B001460A2A14BF0027D2
:1061540007F0010707B141426C4691B3B1FBF2F07D
:1061640002FB101E82BBBEF1090F0DF1010C22DDF2
:106174000EF1570E63468DF800E0302203E00CF177
:10618400010C1A706346A342F9D0181B1FB12D22CB
:10619400013006F8012BA34209D9324613F801ED68
:1061A400A34202F801EBF9D1ACEB03031E44002334
:1061B400337005B0F0BD0EF1300E63468DF800E08B
:1061C400DBE7EC466B46D8E7EC466B460BE00CF19C
:1061D400010C8A421D700146634619D8B0FBF2F5E2
:1061E40002FB150E2846BEF1090F0EF15705EEDC31
:1061F4000EF1300E0CF1010C8A4283F800E0634684
:10620400BBD80146B0FBF2F502FB150E2846EAE7BF
:106214006346B2E701F076BC01F07ABC10B1034BDF
:106224001B7803B9704702F02BBA00BF424F00201D
:1062340002B9704711F09CB902B9704716F0D8B88A
:1062440014F0BCBF14F0C2BF044B1A68D20701D5C6
:1062540003487047012202481A607047A45800207E
:10626400504C00204368013302D04368013343603B
:10627400704700BF4268013206D04268013A42606A
:10628400B2FA82F0400970470020704710B500212F
:106294000446182340228160C0E900321844217565
:1062A40016F0A6F8204610BD70B5044682B0084624
:1062B4000E4616F05DFE013014F080FF05463046B0
:1062C400256016F055FE431C0246C4E9010328B1BB
:1062D40001903146284611F04BF9019A00232046DB
:1062E400AB5402B070BD00BFF0B5561C0546144651
:1062F40083B030460F4614F061FF03462860C5E9B9
:1063040001462CB139462246019011F031F9019B26
:10631400002228461A5503B0F0BD00BF10B58368AB
:106324004C1C82B0D0F800C09C4205D800234160C8
:106334000CF8013002B010BDCDE9000121466046E1
:1063440015F02EFA0021DDE90032C3E900029C6059
:10635400815402B010BD00BF03464068D8B1426802
:10636400013218D04268013A4260A2B9026800B50D
:1063740083B0926801939047019B58688268013A00
:1063840082601AB90268D2689047019B0022C3E96F
:10639400002203B000BD0022C3E90022704700BF01
:1063A400037D032B20D8DFE803F01B050202C3683A
:1063B4001846704700B585B0D0E90323CDE9022320
:1063C4002BB15968013102D0596801315960136801
:1063D40002A80193FFF7C0FF019B184605B000BD5A
:1063E4000368034418467047004BE1E78814002013
:1063F400037A23B1024A013B52F82330184770470D
:10640400B03B00200000000010B5037D86B00446B8
:10641400012B03D104F10C0006B010BD1C2014F0B4
:10642400CDFE0346012122481A4601935960996022
:1064340042F80C0B0846009214F0C0FE019B4FF08A
:10644400000C009A012180F800C0D86058681976C1
:1064540001309FED157BCDE90223CDE9042383EDC3
:10646400047B02D0596801315960217DA9B94FF0EC
:10647400010C0021002084F814C0CDE90401C4E912
:10648400032304A8FFF768FF02A8FFF765FF237D35
:10649400012BBFD0002006B010BD04F10C00FFF7A3
:1064A400A7FFDDE90423E2E700000000010000008B
:1064B400DC3900202DE9F04385681746037D8BB055
:1064C400154404469A1E0091012A1FD8FFF768FF5D
:1064D400A2680346691C60681646002B18BF002A90
:1064E40014BF0122002281422AD8002A40F0CA8027
:1064F4002068002F65D1204400264655237D002BBB
:106504006CD1A56028460BB0BDE8F083012B00F0E8
:10651400C0806B1C6268934266D820683FB1A36850
:106524003A4600991844204411F022F82068204487
:106534000023A5604355A56828460BB0BDE8F08349
:10654400294608A8CDE90223FFF774F9089B0998A6
:106554000193069381460790FFF760F908A8FFF7B7
:10656400FBFEDDE90223002A40F0FB80019B484644
:10657400CDE90839FFF752F937B13A46DDE900139E
:106584001868304410F0F4FF08A8FFF7E5FE0199FD
:1065940048460022CDE90819FFF740F90B6808A81E
:1065A4005A55FFF7D9FE04F10C0006A9FFF794F938
:1065B40006A8A560FFF7D0FEA56828460BB0BDE885
:1065C400F08330443A4600990026204410F0D0FF6E
:1065D400206820444655237D002B92D004F10C0002
:1065E400FFF706FF26758CE70DF120082946404683
:1065F400FFF720F9099A089B104616460792019363
:106604000693FFF70BF94046FFF7A6FE019B3046C1
:10661400CDE90836FFF702F9A2682AB12168019B87
:106624002144186810F0A4FF4046FFF795FE019B33
:106634003046CDE90836FFF7F1F83FB13A46DDE9D7
:1066440000131868A368184410F092FF4046FFF73F
:1066540083FE019930460022CDE90816FFF7DEF8E3
:106664000B6840465A55FFF777FE04F10C0006A963
:10667400FFF732F906A8A560FFF76EFE28460BB0B7
:10668400BDE8F083206819463246204410F070FFBC
:106694002EE7FFF7B9FE4368002B73D05A68013226
:1066A40070D05B68012B6DDD237D012B7FF431AF4E
:1066B4000DF1200829464046FFF7BCF8099A089BCB
:1066C40010460592019316460493FFF7A7F8404637
:1066D400FFF742FE2046FFF797FE019B0246304635
:1066E400CDE90636FFF79AF8019BD2E900101B6842
:1066F400CDE908100293FFF791F8A2681AB109686E
:10670400029810F035FF4046FFF726FE06A8FFF773
:1067140023FE019B3046CDE90836FFF77FF83FB1F1
:106724003A46DDE900131868A368184410F020FF06
:106734004046FFF711FE019930460022CDE90816C4
:10674400FFF76CF80B6840465A55FFF705FE04F155
:106754000C0004A9FFF7C0F804A8A560FFF7FCFD2E
:10676400D0E602934846019B3246CDE90839FFF74B
:1067740055F8DDE90131186810F0FAFE08A8FFF7B2
:10678400EBFDF3E620460DF12008FFF73DFE03463E
:1067940040681A68029309900892FFF73FF89268DC
:1067A40040460192FFF7D8FD691C019A029B914271
:1067B40024D858681A68019309900892FFF72EF8B4
:1067C400019B3FB110683A46A7680099384410F01D
:1067D400CFFE019B40460093FFF7BEFD009BA560E2
:1067E4000021D3E90020CDE90820FFF717F813684A
:1067F40040465955FFF7B0FDA56883E61A68586806
:1068040008920990FFF70AF8136840460193FFF7CE
:10681400A3FD05EB4501029B49081868032984463A
:10682400586838BF0321DDE90062964206D3A268A6
:10683400019E01323244009E96420DD3624601937A
:10684400CDE908C0FEF7EAFF1046FFF767FD4046B2
:10685400FFF782FD019BACE7019AB61A6246CDE9C7
:1068640008C0FEF7DBFF1046FFF758FD4046FFF770
:1068740073FD029B58681A68099001930892FEF709
:10688400CDFF1268404693190093FFF765FD019B05
:106894008FE700BF10B5044682B00846019116F098
:1068A40067FB019902462046FFF704FE204602B02A
:1068B40010BD00BF30B591B004460D464022002102
:1068C400684615F095FDE26D69462846FFF738FCE9
:1068D400694602462046FFF7EDFD11B030BD00BF0A
:1068E40030B5044687B008460D4616F041FB034612
:1068F40060685A1C217DA360824209D8002963D1B3
:1069040020682946204407B0BDE8304010F030BE6E
:10691400012931D01C2014F051FC034636480122D1
:10692400294603F10C05186000205A6018762846A1
:106934009A600093FFF7B8FC009B012259681A760D
:106944000131CDE90253CDE9045302D05A68013232
:106954005A60227D002A40D10122002000212275A4
:10696400C4E90353CDE9040104A8FFF7F5FC02A828
:10697400FFF7F2FC07B030BD2046CDE90023FFF756
:1069840043FD4168DDE9002329B14868013002D0A4
:1069940049680129BEDC2046CDE90023FFF734FD18
:1069A400D0E90040CDE90440FEF738FFA168009A21
:1069B4008A4205D8019B2068B3B90022C25463609F
:1069C40004A8FFF7C9FCD5E704F10C000092FFF717
:1069D4000FFD0023009A237592E704F10C00FFF7E2
:1069E40007FDDDE90453B7E71A462946009310F082
:1069F400BFFD2068009BE0E7DC39002038B5402269
:106A04000446002318200D462375194684E80D001A
:106A1400201815F0EDFC1DB129462046FFF760FF54
:106A2400204638BD10B5D0E9002388B00C46002BB1
:106A340055D05968013102D0596801290EDCCDE9DD
:106A440006235968013102D059680131596013682D
:106A540006A86360FFF780FC08B010BDCDE90223EF
:106A64005968013102D0596801315960236804A87A
:106A740011689A680193FEF701FF019BDDE9041296
:106A8400CDE906122AB15068013002D050680130B5
:106A94005060187DD0B90020C3E9031201220021FF
:106AA400CDE906011A7506A8FFF756FC04A8FFF7FE
:106AB40053FC02A8FFF750FC2068FFF7A5FCD0E9BF
:106AC4000023CDE90623002BBBD1C0E703F10C0062
:106AD4000193FFF78DFC019BDDE90612DBE7CDE9AD
:106AE4000623B4E70000000070B5027D88B00346B9
:106AF400022A20D0032A01D008B070BDC168002941
:106B040064D00269406802F1010C9A6084451BD884
:106B14001868002A4BD11A44002111541A7D002A06
:106B2400EAD003F10C000193FFF762FC019B002102
:106B3400197508B070BDC168002947D0D0E90102B9
:106B440002F1010C8445E3D91C2001914FF00106A8
:106B5400CDE9022314F032FB04460120029A019984
:106B640004F10C056060A0602148206000202076BC
:106B74002846FFF7B9FB20462676CDE90454FEF7F4
:106B84004DFE039B03F10C000193FFF731FC019BC5
:106B940006A81E759FED147BC3E903548DED067B97
:106BA400FFF7DAFB04A8FFF7D7FB08B070BD184461
:106BB4000292019310F0DCFC019B0021029A1868F8
:106BC4001A4411541A7D002A96D0AAE7996003F159
:106BD4000C00CDE90131FFF70BFC019B02991A6807
:106BE4001975995488E700BF0000000000000000F8
:106BF400DC39002000B5037D85B00246032B22D08A
:106C0400032B2FD8DFE803F01A060202D3681846D4
:106C140005B000BDD2E90313CDE902132BB15A68C4
:106C2400013202D05A6801325A600B6802A80193FB
:106C3400FFF792FB019B184605B000BD136813448F
:106C4400184605B000BDC368002BE0D001690029D7
:106C5400DDD0595C0029DAD00190FFF745FF019A95
:106C6400137DCDE7004BD2E78814002030B50B7DAF
:106C740087B004468D68012B50D06A1C43689A4241
:106C840013D8037D002B50D108460092FFF7B2FFC2
:106C9400009A12B9A56007B030BD23680146E01818
:106CA40010F066FCA56007B030BD0846FFF7A2FFF0
:106CB40000901C2014F082FA0122034600994260DD
:106CC400826000F10C0225480193186000200092B4
:106CD40018761046FFF7E8FA019B4FF00102596855
:106CE4001A760131009ACDE90223CDE9042302D0BA
:106CF400596801315960217D41BB012104A8C4E9CF
:106D04000323002200232175CDE90423FFF724FB8C
:106D140002A8FFF721FBA56007B030BD0C310C3091
:106D2400FEF7DAFDA56007B030BD0C30CDE90021D7
:106D3400FFF75EFB0023DDE900212375084600927E
:106D4400FFF758FF009A002AA4D0A6E704F10C002C
:106D5400FFF74EFBDDE90423CFE700BFDC39002059
:106D640038B540220446002318200D4623751946E1
:106D740084E80D00201815F03BFB20462946FFF758
:106D840075FF204638BD00BF38B50D460446084699
:106D9400FFF730FFAA6801462046FFF78BFB204629
:106DA40038BD00BF10B50C46086882B0FFF79CFEE2
:106DB4002068037D012B04D003681844606002B08E
:106DC40010BDFFF721FBD0E90023CDE900232BB14F
:106DD4005968013102D05968013159601368684615
:106DE4006360FFF7B9FA02B010BD00BF10B50C46DE
:106DF400086882B0FFF778FE2068037D012B04D079
:106E040003681844606002B010BDFFF7FDFAD0E9D2
:106E14000023CDE900232BB15968013102D0596810
:106E240001315960136868466360FFF795FA02B050
:106E340010BD00BF044B002000210022C3E9400123
:106E440083F80821704700BF80570020704700BFB7
:106E540000F042BE014B0360704700BF543900206C
:106E6400104B196809B10846704710B582B00E4C32
:106E74000191FFF7E9F90199202220614FF0080CF4
:106E8400A018C4F80CC0C4E905121022E261A26083
:106E94008022C4E9000115F0ABFA024B20461C60C5
:106EA40002B010BDC45E0020C85E002030B50546A7
:106EB400006883B014466B68002800EBC3030CBF62
:106EC4004FF0000C9C46034603E01A6808339142D5
:106ED40015D06345F9D160458E4612D0034602E0D1
:106EE400083363450DD05968A142F9DA1B1A6A4682
:106EF4002846CDF800E0D9100194FEF703FF03B053
:106F040030BD69462846CDE900E4FEF761FE03B0D2
:106F140030BD00BF30B4D0E90024002A02EBC40C19
:106F2400134608BF4FF0000C03E01D68A94204D0CB
:106F340008336345F9D130BC7047002CFBD09B1A51
:106F440030BCD910FEF7D6BEF8B51D4E04461D4B15
:106F540035680360C5B1D5E900311A1E03EBC101E0
:106F640018BF0122002A08BF002103E01A68083371
:106F7400944203D08B42F9D12046F8BD28462146DD
:106F8400FFF7C8FF2046F8BDFFF75EF90E4F202338
:106F9400294638610820BB6110238022F860FB6118
:106FA400BB6007F120037D6118467D603B603D4670
:106FB40015F01EFA0122034601463760D2E700BFEE
:106FC400C45E002054390020C85E002010B5044679
:106FD400FFF7BAFF0421204610F06AFB204610BDDB
:106FE40070B5A8B00446FFF72FF9002108AB0822BA
:106FF40001910093039280229FED157BCDE904015A
:10700400184610238DED067B029315F0F1F9214605
:107014006846FFF71DF8009C94B1019D04EBC5057B
:10702400A5420DD00C4E02E00834AC4208D02068D2
:1070340003689B68B342F7D008349847AC42F6D152
:107044006846FFF743F828B070BD00BFAFF3008077
:107054002000000010000000152F000000000000B8
:1070640070B5A8B00446FFF7EFF8002108AB08227A
:1070740001910093039280229FED157BCDE90401D9
:10708400184610238DED067B029315F0B1F92146C5
:107094006846FEF7DDFF009C94B1019D04EBC50535
:1070A400A5420DD00C4E02E00834AC4208D0206852
:1070B4000368DB68B342F7D008349847AC42F6D192
:1070C4006846FFF703F828B070BD00BFAFF3008037
:1070D4002000000010000000192F00000000000034
:1070E40070B5A8B00446FFF7AFF8002108AB08223A
:1070F40001910093039280229FED157BCDE9040159
:10710400184610238DED067B029315F071F9214684
:107114006846FEF79DFF009C94B1019D04EBC505F4
:10712400A5420DD00C4E02E00834AC4208D02068D1
:1071340003681B69B342F7D008349847AC42F6D1D0
:107144006846FEF7C3FF28B070BD00BFAFF30080F0
:1071540020000000100000001D2F000000000000AF
:107164002DE9F041A8B004460E461746FFF76CF827
:10717400082300210490039308A81023802205917A
:107184000191029300909FED147B8DED067B15F029
:107194002FF921466846FEF75BFF009CACB1019DC8
:1071A40004EBC505A54210D0DFF8348002E00834B2
:1071B400AC420AD0206803685B694345F7D00834C1
:1071C4003A4631469847AC42F4D16846FEF77EFF12
:1071D40028B0BDE8F08100BF2000000010000000CE
:1071E400212F0000704700BF10B40023D1E90042F2
:1071F400C1E900330460426010BC70470023C0E959
:1072040000337047D1E90023C0E9002313B11846C5
:10721400FFF728B8704700BFBAB100EBC20C0B1DD2
:10722400002230B408304C6853F8045C08316045DF
:1072340043F8042C40F8085C03F1080341F8042CDB
:1072440040F8044CEED130BC70477047D1B170B5F2
:107254000E4604460025606878B1FFF70BF860B16C
:10726400606803689B689847626893681046013BAE
:10727400936013B91368DB68984701350834AE424C
:10728400E9D170BD704700BF4368A3B110B504468F
:107294001846FEF7EFFF68B1606803689B6898477B
:1072A40060688368013B836023B90368BDE81040CC
:1072B400DB68184710BD70470023814210B582B0C7
:1072C400D0E900C2C0E900334B6806D00C68C0E9BD
:1072D4000043C1E900C202B010BDC1E900C2002BE5
:1072E400F9D018460193FEF7C5FF0028F3D0019B9F
:1072F4001A68184692689047019B9A68013A9A6006
:10730400002AE8D11A681846D36802B0BDE81040D4
:10731400184700BF38B5046874B1456804EB8505A7
:10732400A54209D054F8043B1846002BF8D01B683A
:107334009B689847A542F5D138BD00BF70B59468E5
:10734400B0B0002C35D02C480D460192FEF7A8F9B8
:1073540060220021064600240DEB020015F048F8D7
:1073640018A8FEF793FF0A22244902A82F928DF849
:10737400B840FFF743FB02A918A8FFF705FD29460B
:1073840018A8FFF797FA1E4918A8FFF783FA01997E
:1073940018A8FFF7F9FC18AB314620467222FEF715
:1073A4003FF902A8FEF704FB18A8FEF701FB30B072
:1073B40070BD11480E46FEF773F96022214605465A
:1073C4000DEB020015F014F818A8FEF75FFF0A236E
:1073D4000A4902A82F938DF8B840FFF70FFB02A9C2
:1073E40018A8FFF7D1FC314618A8FFF763FA18ABC9
:1073F400294620467422D2E7AC090020080A00205E
:10740400400A00202DE9F047054696B0FEF702FF3A
:107414006B68B3B1804600242B68E70053F834004E
:1074240003EBC406E0B103685B6C984760B12B685A
:10743400DE19002B50D06A6803EBC203B3420CD0B0
:107444009AB916B0BDE8F087306820B103684146A8
:10745400DB6B984788B901346A68A242DCD8F0E74C
:10746400002BE8D16A68002AEBD0F9102846FEF711
:1074740041FC6A68A242CFD8E3E73068002842D0D2
:10748400036841469B6B9847306800283BD00368EB
:10749400DB6998470346306803B30028DBD00368F0
:1074A400DB6C984730680028D5D003689B6A9847FE
:1074B4000028D0D0306820B103689B6A984701281F
:1074C400C9D0D5E9003203EBC200D919002B18BF8B
:1074D40003469942B4D1C0E76A68AFE798B103683C
:1074E4005B6998473168814671B10B686846EA4622
:1074F4005B6A9847284649465246FFF71FFF5046A5
:10750400FEF756FACEE7814668460249EA46FFF797
:1075140075FAEFE788140020694B2DE9F047D3F89A
:1075240000809AB00446B8F1000F0AD098F80030F1
:1075340063B1644B1C78002C00F09F801AB0BDE846
:10754400F087614A82F8008090461A60012301F0B6
:10755400020701F0040601EA030988F80030FEF787
:107564005BFE0546B9F1000F0ED1002E32D054BB9C
:10757400FFF738FE002F46D1FEF74EFE002388F8B1
:1075840000301AB0BDE8F087DFF86CA1DAF800002B
:1075940000284DD0DFF864A1FFF734FFDAF800309B
:1075A400002B33D01846FFF7B5FEDEE7B7B9FEF778
:1075B40033FE431B9C42E1D95045DFD0B9F1000FA3
:1075C400E2D1002EF2D000F05DFA03684FF47A7134
:1075D4009B6A984705EB040A002FE8D0FEF71CFECF
:1075E400431B29199C42E2D9091AE0D0019100F009
:1075F40049FA01990368B1F57A7F9B6A28BF4FF471
:107604007A719847D3E7FEF707FEB5E70193FEF7D3
:107614001BFE2E4A019B10619360D361CAF80020BF
:10762400C2E90033C2E905330423D3601346B9E742
:10763400FEF70AFE264B1A6812F0010F254A0BD1F9
:1076440025491160254951602549D16025491161B9
:107654002549516101211960244BC3E90402002228
:107664001846CAF800309A60C3E90022C3E906222A
:107674000822DA6001221A628CE701221C481A707F
:10768400FEF70EF860222146054602A814F0B0FE6B
:1076940002A8FEF7FBFD0A23164902A819938DF8E8
:1076A4006040FFF7F7F802AB4F2229462046FDF76A
:1076B400B7FF02A8FEF77CF91AB0BDE8F08700BF57
:1076C400BC5E00201BFE0020C05E00203060002055
:1076D400A0580020344C0020D5490000B9490000CE
:1076E400CD490000894A0000E949000054600020A7
:1076F400500A0020AC0A0020506000202C600020BA
:1077040000207047704700BF01230371704700BF1A
:1077140001207047704700BF002070470120704768
:10772400002070470020704700207047704700BF5A
:10773400704700BF00207047EFF30580003818BF82
:107744000120704741B14B6833B11868034BC01A2C
:10775400B0FA80F04009704701207047DEC0ADDE0A
:10776400704700BF704700BF0B780370D1E9012355
:10777400C0E90123704700BF0B780370D1E90123EE
:10778400C0E90123704700BF0023C0E900338360D0
:10779400704700BF10B591F800E090F800C080F881
:1077A40000E04C68D0E9012344608C68846081F86F
:1077B40000C0C1E9012310BD704700BF704700BF7E
:1077C40000B583B0042101900FF072FF019803B05B
:1077D40000BD00BF00B583B0042101900FF068FF25
:1077E400019803B000BD00BF08B50C200FF05AFF8C
:1077F4000023C0E90033836008BD00BFB2F5806F89
:1078040038BF4FF48062F0B5104699B00F46154664
:10781400FEF716FD0646B8B10C200FF043FF1A4BD5
:107824000446682233607319002123F00703C0E97A
:107834000165A3F1680014F0DBFD47F0010220604C
:107844004266204619B0F0BD1048FDF729FF6022BA
:1078540004463146684614F0CBFD6846FEF716FD33
:107864000A230B49684617938DF85860FFF712F8FE
:1078740021466B46C9223046FDF7D2FE684634469F
:10788400FEF796F8DDE700BFDEC0ADDEE40A0020B7
:10789400540B002099B148680B4660B100B583B021
:1078A4000191FEF7CFFC019B0C21184603B05DF853
:1078B40004EB0FF0FDBE0C2118460FF0F9BE704723
:1078C4000FF022BE8AB102EB420200EB820210B436
:1078D4000B780C300C3100F80C3C904251E9024317
:1078E40040E90243F4D110BC70477047064B10B511
:1078F40004460360FFF7B4FA2146FFF70BFB20466A
:10790400FFF722FB204610BDF4390020084B10B5C8
:1079140004460360FFF7A4FA2146FFF7FBFA20466A
:10792400FFF712FB204608210FF0C2FE204610BDCF
:10793400F4390020114A136813B1186828B170474C
:107944000F49C1E900330B4611600E4A106800B5B7
:1079540083B038B10268526901939047019B186063
:1079640003B000BD084908680028F3D10748DFF8D0
:1079740024C0074AC0F800C00860EDE7C4600020D6
:10798400C8600020705D0020D0600020D46000201A
:10799400F94E0000343A002038B51C4B05461C68EB
:1079A40054B123681B6A2046984720B9184B1B68BA
:1079B40063B15A6882B138BD164A1468002CF0D1FC
:1079C400154C1649164B21601460ECE7154A104912
:1079D400C2E9003313460A6001225D6085F8622023
:1079E400FFF7A8FF236801462A68DB692046984709
:1079F400074B1B6813B100225A6038BD094A044979
:107A0400C2E900330A601346F5E700BF705D002049
:107A1400C4600020D0600020D4600020343A0020EC
:107A2400E94E0000C86000202DE9F04FF1EE104A45
:107A340010B42DED108AC0F800D0EFF3148414F0C4
:107A4400020F0AD181F3098844F0020472B684F368
:107A54001488BFF36F8F62B609E081F3088824F0BD
:107A6400020472B684F31488BFF36F8F62B6BDEC60
:107A7400108A10BCE1EE104ABDE8F08F0846116888
:107A8400FFF7D2BF104B1A680AB1104670470F496E
:107A940000B583B00846C1E900220192FFF7DAF984
:107AA4000A49019A0A480A710860FFF7D9F9019A4C
:107AB4000649FFF7FBF905490648034B08600846E9
:107AC400196003B000BD00BFD8600020DC60002056
:107AD400F4390020683A0020074A084BDFF820C038
:107AE40051681B68ACFB03C39B0C03FB00F0536899
:107AF4005B1A9842FBD87047001000E0C44B00208A
:107B040083DE1B43014B1868704700BF1CFD002037
:107B14000FF0FABC3629034605D9244A07CA83E87C
:107B240007001846704722480A018258C2F3873278
:107B3400032A05D91F4A07CA83E807001846704775
:107B44001B290FD8DFE801F01E1E0E0E0E0E0E23A9
:107B5400230E0E1414140E0E191928280E0E0E0ED0
:107B64000E0E2D2D002201215A6019709A60D8E75B
:107B7400114A07CA83E80700D3E7104A07CA83E813
:107B84000700CEE70E4A07CA83E80700C9E70D4A93
:107B940007CA83E80700C4E70B4A07CA83E807005B
:107BA400BFE70A4A07CA83E80700BAE79C03002034
:107BB40000400020A8030020CC030020F003002094
:107BC400B4030020C0030020E4030020D8030020F5
:107BD40000B5036883B0CDE900126BB1426803EBD2
:107BE400C20C634502D107E09C4505D01A680833EE
:107BF4009142F9D103B000BD6946FDF7E9FF03B036
:107C040000BD00BFF8B50468002C40D047680D469D
:107C1400064604EBC707A74239D02068A84201D022
:107C2400636898470834A742F7D137687FB3D6F81A
:107C340004E007EBCE0C674529D007F108033C4666
:107C440003E09C4503F1080311D053F8082C954236
:107C5400F7D1A3F10802944203D092E8030084E828
:107C640003009C4504F1080403F10803EDD16445C5
:107C74000DD0BEF1000F0AD0E71B94E803008CE896
:107C84000300F9103046BDE8F840FEF733B8F8BDFC
:107C940070B504460FC984E80F0000232361A36173
:107CA400FEF7D2FA1E4A136813F0010F1D4B0BD1D5
:107CB4001D4919601D4959601D49D9601D49196143
:107CC4001D4959610121116000250C26C4E90B03EB
:107CD400C4E90755C4E90956C4E90D55FEF7B4FAD9
:107CE400C4E91055C4E91256C4E91405C4E916558B
:107CF400FEF7AAFA3221206704F11C00E567A4F814
:107D04008050C4E91855C4E91A56C4E91D55FDF755
:107D140059FF2046C4F8845084F8885070BD00BFD1
:107D24009C580020184C0020394F0000494F000097
:107D3400594F0000654F00009550000010B50446EF
:107D44001030FDF7ADF8002384F8883010BD00BF73
:107D54002DE9F047A2B007460E46144607A8FFF7E0
:107D6400D9FE9DF81C80DDF82490B8F1000F00F0D6
:107D7400A881B9F1000F00F0F1800AADB048FDF719
:107D84008FFC60228246002128464FF0000814F040
:107D94002FFB2846FEF77AFA0A23AA49284621939C
:107DA4008DF88080FEF776FD2B46514661224046D1
:107DB400FDF736FC2846FDF7FBFDA148FDF770FCF6
:107DC400602282464146284614F012FB2846FEF7FC
:107DD4005DFA0A239C49284621938DF88080FEF79A
:107DE40059FD31462846FEF765FD98492846FEF7B9
:107DF40051FD2B46514662224046FDF711FC2846B0
:107E0400FDF7D6FD8E48FDF74BFC602241468246C5
:107E1400284614F0EDFA2846FEF738FA0A234946B4
:107E2400284621938DF88080FEF734FD2B46514679
:107E340063224046FDF7F4FB2846FDF7B9FD804870
:107E4400FDF72EFC602241468146284614F0D0FA04
:107E54002846FEF71BFA0A237A49284621938DF80F
:107E64008080FEF717FD2B46494640466422FDF705
:107E7400D7FB2846FDF79CFD3B6C002B72D07A6C37
:107E840002EB420203EB820C9C4502D16AE063459B
:107E940068D01A780C33B242F9D169480024FDF74E
:107EA400FFFB60228046002128460A2714F0A0FA2E
:107EB4002846FEF7EBF9634928468DF88040219760
:107EC400FEF7E8FC2B4641466A222046FDF7A8FB54
:107ED4002846FDF76DFD5A48FDF7E2FB6022214676
:107EE4008046284614F084FA2846FEF7CFF958490C
:107EF40028468DF880402197FEF7CCFC3146284671
:107F0400FEF7D8FC53492846FEF7C4FC2B464146ED
:107F14006B222046FDF784FB2846FDF749FD4848BF
:107F2400FDF7BEFB602221460646284614F060FA9F
:107F34002846FEF7ABF9434928468DF8804021973F
:107F4400FEF7A8FC2B466C2231462046FDF768FB61
:107F54002846FDF72DFD22B0BDE8F0873B6C0AAD45
:107F6400002B8CD1236B103720689847E36882B2CA
:107F74003146003B284618BF0123FCF737FF29464A
:107F84003846FCF7B3FF3846FCF7B4FF3246261DEB
:107F94000123394605A8FCF73FFF96E8070085E86A
:107FA40007000C9B002B7DD00DF113070DF1120A75
:107FB4003CE00DF1110004ADD4F81C8096E80E00ED
:107FC400CDE902A7019020680095C047059B9DF864
:107FD40010201A70059B9DF811205A70059B9DF87E
:107FE40012209A70059B9DF81320DA70069B581E88
:107FF400991EDA1EA3F1040C93B1059B069003F1BC
:10800400020903F1030803F1040E0133059338B1A7
:10801400CDE9059121B1CDE905820AB1CDE905EC9F
:10802400E36A20689847A36A20689847636B012134
:10803400206898470028BCD122B0BDE8F08700BF73
:10804400680E0020EC0E0020840F0020A40F0020F6
:10805400B80F0020CC0F00202068656AA847059B54
:108064009DF811201A70059B9DF812205A70059BEB
:108074009DF813209A70069B591E9A1ED81E5BB158
:10808400059B06919E1CDD1C0133059321B1CDE9AE
:1080940005620AB1CDE90550E36A20689847A36AEE
:1080A40020689847636B0121206898470DF11303FA
:1080B4000DF112020DF111010028CDD122B0BDE85D
:1080C400F08740480A24FDF7EBFA60220746414650
:1080D4000AA814F08DF90AA8FEF7D8F83A490AA8B4
:1080E4008DF880802194FEF7D5FB0AAB39465822DF
:1080F4004046FDF795FA0AA8FDF75AFC3148FDF70A
:10810400CFFA6022414607460AA814F071F90AA87A
:10811400FEF7BCF82D490AA88DF880802194FEF75B
:10812400B9FB31460AA8FEF7C5FB29490AA8FEF7A0
:10813400B1FB0AAB394659224046FDF771FA0AA849
:10814400FDF736FC1F48FDF7ABFA602241460646B0
:108154000AA814F04DF90AA8FEF798F88DF8808063
:108164002194B9F1000F03D049460AA8FEF792FB07
:108174000AAB31465A220020FDF752FA0AA8FDF74D
:1081840017FC1048FDF78CFA6022064600210AA865
:10819400002414F02DF90AA8FEF778F80A230A49F6
:1081A4000AA821938DF88040FEF774FB0AAB5B228A
:1081B40031462046FDF734FA0AA8FDF7F9FB22B050
:1081C400BDE8F087680E0020EC0E0020400F002070
:1081D400600F00202DE9F047D0F884409AB0814622
:1081E40034B1204602F02EF8F42120460FF060FA54
:1081F40000250BAC382229462046C9F88450FEF7E6
:108204001BF8D9F840701995002F00F0A480D9F814
:10821400443003EB430307EB830ABA4500F09B8029
:1082240029460C3709AE0AAD884608E017F8043C25
:10823400574507F10C0748EA030824D01999312956
:10824400F4D80422314628460994FDF7F1FF0A9B2D
:108254000422314603F00303284604EB8303099305
:10826400FDF7E6FF17F80C1C5745199B07F10C079F
:108274000A9AD154199B03F10103199317F8103C7E
:1082840048EA0308DAD1002307AA06A909F1100075
:108294000893CDE9063308ABFCF734FFB8F1000FBF
:1082A40066D0089BF4204FF0060A4FEA93080FF0BB
:1082B400F9F907469DF864300422314628460593AF
:1082C4000994FDF7B5FF0A9A3146284602F00302E5
:1082D40004EB820209920422FDF7AAFF059B1FFA10
:1082E40088F10A9A4FF000080093019253464246DF
:1082F4003846CDF8088000F061FCB9F80C303846F7
:108304000093B9F80830B9F80420B9F8001001F066
:1083140091F941463868089AC9F88470FDF78CFFD2
:10832400199BABB1013B04223146284619930994A9
:10833400FDF77EFF0A9B04223146284603F003031F
:1083440004EB83030993FDF773FF199B002BE9D119
:108354001AB0BDE8F087002109AE0AAD08AB089158
:1083640007AA09F11000CDE9061106A9FCF7CAFE17
:10837400089BF420054A4FF0000AA2FB03234FEAAE
:1083840053080FF08FF9074694E700BFABAAAAAAD7
:1083940090F88830DBB9436CCBB1012190F8802090
:1083A400034610B582B080F888108AB9D0F88420CA
:1083B40014466AB103F110000193FCF78BFE019B94
:1083C40078B9204602B0BDE8104001F0D1BD704735
:1083D40018460193FFF7FEFE019BD3F88420144650
:1083E400E8E7024619692068FDF722FF204602B03B
:1083F400BDE8104001F0BCBD294B70B51C689AB0B3
:108404001CB323681B6A20469847E0B9254A1368C1
:10841400ABB15B681D46B3B1FFF78CFA98B1236822
:108424000190204629685B6A9847019AC0B1236885
:1084340020462968DB691AB0BDE8704018471A491C
:10844400C1E9003311601AB070BD184A1468002CD9
:10845400D7D117491748184B0C4608601160D2E76A
:1084640005461648FDF71CF960222946044602A871
:1084740013F0BEFF02A8FDF709FF0A23104902A862
:1084840019938DF86050FEF705FA284602ABA42232
:108494002146FDF7C5F802A8FDF78AFAFEE700BFFA
:1084A400705D0020C4600020C8600020D0600020FF
:1084B400D4600020343A0020E94E0000F00F002080
:1084C4005C10002030B50546006C38B3A5F1040CEF
:1084D4008E460023624601E083421FD052F8041FF7
:1084E4001C4601337145F7D183420AD20CEB830257
:1084F400214652F804CF45F821C01946013383427E
:10850400F7D1431E00222B6445F823206A6CA24253
:1085140001D9013A6A64831E9A4200D830BD00230F
:108524006B6430BD2DE9F843254B054688461E682B
:10853400002E3AD033689B6A30464FF001099847C1
:1085440007462A6CE2B16B6C93421BD25A1C55F855
:1085540023406A646CB194F860300BBB94F86130CA
:108564009BB9A36DC3B1E06D984710B194F8603026
:1085740093B1336830469B6A9847C01B4045E0D3AB
:10858400BDE8F88301220023E1E72146284684F868
:108594006090FFF797FFECE72046FFF7FDF9E8E767
:1085A40021462846FFF78EFFE3E7064B1E68002EA0
:1085B400C0D1054E054A1E603260054BBCE700BFC2
:1085C400705D0020D0600020D4600020343A002088
:1085D400054F00000F4A08B513682BB15B683BB127
:1085E400BDE80840FFF708BF0B48C0E9003310603E
:1085F4000A4B186828B1036C5BB1BDE80840FFF76B
:1086040091BF48220146064813F0F2FE044A034B88
:108614001A6008BDC4600020C86000207860002093
:108624007C6000200368114A9B6A934211D1104A6E
:1086340013681BB15B682BB1FFF7DEBE0D48C0E9C0
:10864400003310600C4B186820B1036C63B1FFF762
:1086540069BF184748220146084810B513F0C8FE00
:10866400064A054B1A6010BD704700BFA55D0000A7
:10867400C4600020C8600020786000207C60002076
:1086840010B5044610F0B2FA0D4B1B78BBB10D4B7C
:108694001B78DB0713D50C4B0C4A1B6812689B1A1A
:1086A4000E2B0CD934B1204614F062FC014620464E
:1086B40010F020FA0648BDE810400EF017BD10BDBA
:1086C40034FE002033FE00201CFD0020E4FD0020C9
:1086D400C84B0020054A136813B1054A136070475C
:1086E400044905480B4611600860F6E7E460002081
:1086F400705D0020E8600020A83A00200120704747
:1087040000B583B00422694600900DEB0200FDF72A
:108714008FFD03B000BD00BF00B583B004226946DD
:1087240000900DEB0200FDF783FD03B000BD00BF18
:1087340000B583B00422694600900DEB0200FDF7FA
:1087440077FD03B000BD00BF70B51D1E82B00446A6
:10875400164619DD02EB420300261944236820461D
:1087640001911B69984723680F4ADB6A0199934278
:10877400C4E901150AD1FEF773FB32462146FEF720
:10878400EFFC204602B070BD1546E7E72046984747
:108794000028F0D0054B064AB3FBF0F351688B4236
:1087A40038BF0B465360E6E76D00000040420F00FF
:1087B40060570020034B1B681BB19975DB68002BC5
:1087C400FBD17047605D0020124B1A6802F1010C66
:1087D4008A42C3F800C000DA704710B50446FDF7BA
:1087E40019FD0C4B4FF47A7C0B4A19680CFB01F110
:1087F4004FF0000CC3F800C01368C01A012838BF3A
:108804000120B1FBF0F16180FDF704FD024A106024
:1088140010BD00BF74620020786200202DE9F04F83
:1088240085B00546544E0091FEF71AFBFEF7D8FBBF
:108834006B6823B90CE0FEF76FFE6B6843B1FDF77C
:10884400EBFC34686A680421031BFA209342F2D3D8
:10885400FDF7E2FCEB6830601BB1A968009898470B
:108864000090464B1C68002C33D0DFF8188100269A
:10887400DFF814B1DFF814A14746B14616E05245BB
:10888400A16823D1A37D042202A903A80293FDF7C2
:10889400CFFC03986B88013647F8040B632B98BF11
:1088A40084F81690E4681CB3402E21D094F8340068
:1088B4000028EFD023685A6ADB695B45DFD0019258
:1088C40020469847019A01465245DBD020469047FE
:1088D400E0E719212846FFF777FFFEF7C1FAFEF714
:1088E400FFFBFEF7BDFA05B0BDE8F04FFEF7B8BBDD
:1088F400224B1E68002EECD04FF00009009F06E0CA
:1089040009F10109F668B9F1400F11D086B196F862
:108914003430002BF4D0306809F101093B46446837
:108924003046D6E90112A047B9F1400FF668EDD1FF
:10893400124B1C68002CCCD00026114F0BE0CDF854
:1089440008C0FDF775FC039BA375E4680136002C91
:10895400BFD0402EBDD094F83430042202A903A81D
:10896400002BF2D0236858F826C09B6ABB42E6D09D
:10897400614620469847E8E7F8590020605D0020EA
:10898400E1010000DC58002069000000C50100007E
:108994000021194B242210B50446C0E90031C0E976
:1089A4000211103013F024FD144B00211A6898783A
:1089B4004FEA124C84F82410228219880123104AA9
:1089C400A4F813100221A37584F83430136884F8D2
:1089D40012C0607584F8301013B905E0DB6823B168
:1089E4009C42FBD1204610BD1460064B1A6802B1AC
:1089F400D46020461C6010BDA43900201C04002053
:108A0400605D0020645D00200029B4BF02898AB241
:108A1400406820B102EB42020021FDF70DBC704713
:108A240098B1DFF840C0DCF8003073B1002103E0F6
:108A3400DA681946134642B19842F9D1C36829B19C
:108A4400CB603BB10023C36070477047CCF8003063
:108A5400002BF7D1024B19600023C360704700BF9D
:108A6400645D0020605D0020104B10B50360044677
:108A7400FFF7D6FF90F8303023B994F824305BB96F
:108A8400204610BD0A4A013B2C3052F82330984747
:108A940094F82430002BF3D0064A013B04F118006B
:108AA40052F823309847204610BD00BFA439002057
:108AB400C83B0020A43B002030B5002383B0ADF8B0
:108AC40000308DF80230B8B1044601F1FF3C013AA0
:108AD400EE468D1C12F8011F1CF8010F4B1C38B117
:108AE40000FB033321B104FB03F31B0C8EF80030AD
:108AF400AC450EF1010EEDD1009B0020D9B2C3F3B9
:108B04000722C3F3074361F3070062F30F2063F303
:108B1400174003B030BD00BF0B46103130B51546C9
:108B240087B003F1130204462846CDE90012FFF78B
:108B3400C3FF8DF81400C0F30723C0F307408DF87A
:108B440015308DF81600FF20059BADF810301B0C76
:108B54008DF81230A370BDF81030DDE900122380C7
:108B6400FFF7AAFFC0F30721C0F307428DF81000F6
:108B740020468DF812208DF81110049BA5711A0C53
:108B8400ADF80C30BDF80C306271A4F8033007B0B6
:108B940030BD00BF044B0022FF204FF0FF315A606C
:108BA400DA60186099607047605700200369988BF9
:108BB40080F08000C0F3C010704700BF38B59DF846
:108BC40010C00D46C2610446624680F822304FF65A
:108BD40001632330372A28BF3722B1FBF2F180F832
:108BE400592020F8031CA3610599C4E904339DF8B6
:108BF400183084F8603000236360FF2323726FF021
:108C04007F43E360124BC4F86230A3F5FA73C4F8EF
:108C14006630FDF70DFB94F8223003F03F03052B7B
:108C24000BD805EB45000EF03FFD238C2060204659
:108C340003EB4303C4F8803038BDA8000EF034FDC4
:108C4400238C206020469B00C4F8803038BD00BFD0
:108C5400E2042C01000000002DE9F04FB44EA3B053
:108C64008046346814F0010400F05E83002398F811
:108C74007C20CDE90633CDE90833002A00F02C84AA
:108C840008F12206DFF8CCA20193C2E0002F7ED0C7
:108C9400A8480024FCF704FD6022834600210AA8AA
:108CA4004FF00A0913F0A4FB0AA8FDF7EFFAA24952
:108CB4000AA88DF88040CDF88490FDF7EBFD0AAB4F
:108CC4005946A0222046FCF7ABFC0AA8FCF770FE2C
:108CD4009848FCF7E5FC6022834621460AA813F075
:108CE40087FB0AA8FDF7D2FA94490AA88DF88040B8
:108CF400CDF88490FDF7CEFD29460AA8FDF7DAFDEC
:108D04008F490AA8FDF7C6FD0AAB5946A1222046A1
:108D1400FCF786FC0AA8FCF74BFE8648FCF7C0FC6F
:108D24006022214683460AA813F062FB0AA8FDF7D5
:108D3400ADFA39460AA88DF88040CDF88490FDF745
:108D4400A9FD0AAB5946A2222046FCF769FC0AA8F1
:108D5400FCF72EFE7748FCF7A3FC60222146074669
:108D64000AA813F045FB0AA8FDF790FA72490AA86D
:108D7400CDF884908DF88040FDF78CFD20460AAB39
:108D84003946A322FCF74CFC0AA8FCF711FE2B0180
:108D94000AEB05125AF80340C4F38734032C00F29B
:108DA400DB80D068019990FAA0F086F898400131F0
:108DB400B0FA80F0C9B286F86100019191685AF85E
:108DC400032022AB03EB840501230432834055F8CE
:108DD400700C184345F8700C086820F0F90008601E
:108DE400086840F018000860564850F8241021EA3A
:108DF400030140F82410544811580B431350009BAE
:108E0400A3F1210298F87C30A2EB08029A4280F088
:108E14003781009603A816F8015F2946FEF77AFE0B
:108E24009DF80C40059F002C7FF430AF41484FF073
:108E34000A09FCF735FC6022834621460AA813F090
:108E4400D7FA0AA8FDF722FA3B490AA88DF8804010
:108E5400CDF88490FDF71EFD0AAB594697222046B3
:108E6400FCF7DEFB0AA8FCF7A3FD3248FCF718FC6C
:108E74006022214683460AA813F0BAFA0AA8FDF72D
:108E840005FA32490AA88DF88040CDF88490FDF7A0
:108E940001FD29460AA8FDF70DFD2D490AA8FDF795
:108EA400F9FC0AAB594698222046FCF7B9FB0AA8FC
:108EB400FCF77EFD1F48FCF7F3FB602221460546C4
:108EC4000AA813F095FA0AA8FDF7E0F98DF8804096
:108ED400CDF884901FB139460AA8FDF7DBFC0AAB34
:108EE400294699220020FCF79BFB0AA8FCF760FDA9
:108EF4001048FCF7D5FB6022054600210AA800248F
:108F040013F076FA0AA8FDF7C1F90A230A490AA858
:108F140021938DF88040FDF7BDFC20460AAB29461D
:108F24009A22FCF77DFB0AA8FCF742FD67E700BF25
:108F34009858002088100020EC0E00208C1100208E
:108F4400A40F002068C00A4000801BFEB80F002058
:108F5400600F00200040002043480027FCF7A0FBDE
:108F64006022834600210AA84FF00A0913F040FA50
:108F74000AA8FDF78BF93D490AA88DF88070CDF851
:108F84008490FDF787FC0AAB5946AA223846FCF7C1
:108F940047FB0AA8FCF70CFD3348FCF781FB602271
:108FA400394683460AA813F023FA0AA8FDF76EF996
:108FB4002F490AA88DF88070CDF88490FDF76AFCDB
:108FC40029460AA8FDF776FC2A490AA8FDF762FC9F
:108FD40021460AA8FDF76EFC27490AA8FDF75AFCAA
:108FE4000AAB5946AB223846FCF71AFB0AA8FCF731
:108FF400DFFC1D48FCF754FB6022394604460AA8EE
:1090040013F0F6F90AA8FDF741F91C490AA88DF8EE
:109014008070CDF88490FDF73DFC0AAB2146AC226C
:109024003846FCF7FDFA0AA8FCF7C2FC0E48FCF728
:1090340037FB6022394604460AA813F0D9F90AA876
:10904400FDF724F909490AA8CDF884908DF88070B9
:10905400FDF720FC38460AAB2146AD22FCF7E0FAC6
:109064000AA8FCF7A5FCCAE688100020EC0E002034
:10907400B80F0020A41100209C290020C811002052
:10908400019A002A00F02882934200F2A18108F19B
:109094006C00102206A920F01F04FDF7C9F808F19E
:1090A4007C02BFF34F8F4FF0E023C3F8704F20349E
:1090B400A242FAD8BFF34F8FBFF36F8FAE4B002499
:1090C400B8F86220252593ED006A4FF0410E93ED28
:1090D400007A01EE102AB8EE466A93ED004AB8EE23
:1090E400477AB8F86420B8EE444AB8F86630B7EE68
:1090F400C66A02EE102AB7EEC77A03EE103AB7EE4C
:10910400C44A9E4BB8EE411B0527B8EE422B43F2EE
:10911400230CB8EE433B43F20B06994A2146242024
:10912400DFF89CB2DFF89CA29FED910B86EE005B0A
:1091340087EE006B84EE007B25EE015B26EE026B6E
:10914400BCEEC55B27EE037B15EE109ABCEEC66B36
:10915400A8F85A90BCEEC77B16EE109AA8F85C905B
:1091640017EE109AA8F85E90B3F81E9029F007093C
:10917400A3F81E90DD81A3F814E05C81DC80B8F8CC
:109184005AE0DFF84492A3F800E0B8F85AE0A3F8F4
:1091940010E0A3F80CC0DF855C85DC84B8F85CC003
:1091A400A3F820C0B8F85CC0A3F830C09E85A3F82B
:1091B4004E70A3F84A40A3F84640B8F85E70A3F88E
:1091C4004070B8F85E70A3F850704FF48047A3F86D
:1091D4004C60136F6B4E43F4400313670EF052FB65
:1091E40028460121684D0EF04DFB022126200EF089
:1091F40049FB664B1D2241F61D512846A3F88410F5
:109204002146A3F886200DF06BFD2B68604A4FF0D1
:10921400080C1A605F4A2B68C3E901B9DC60D8F80E
:1092240080009A61D8F88010C0001E61C900D882FD
:10923400594E286AD9839F82A3F81CC02979574BB9
:1092440046F8214046F82130554B5649036005EB5A
:109254000C002B6AC3F810A0DC60C3E90119A0213B
:109264002B6AD9829F82D98321469C839B610DF00E
:1092740037FDAB68296A988B0A6820F08000D1E931
:1092840001EC9883C8681A60C3F804E0C3F808C006
:10929400D860D1E904ECD1E90601C3F810E0C3F8C1
:1092A40014C09861D961BFF35F8F3F494FF0010C3F
:1092B4002B7BDFF818E146F8234046F823103B4B9C
:1092C400287B00F01F0103EB501310300CFA01FC53
:1092D4009B00374941F820E0214605F11000C3F80E
:1092E40000C00DF0FDFC2B69294A1A602B69294A3C
:1092F400C3F810A0C3F804B0C3E902942B69D8F8EA
:1093040080109A61D8F88020C9009F82D200D98247
:10931400287DDA8388229A83264B46F8204046F833
:10932400203023B0BDE8F08F174D214628460DF0BC
:10933400D7FC214605F108000DF0D2FC214605F1C9
:1093440010000DF0CDFC05F1400328461A4A2B62AB
:1093540001231A492C666C66AC6685F86C40C5F826
:10936400DC4033600FF026FD80E400BFAFF30080E3
:109374000000000065CDCD41C04B002000801E40A0
:1093840000C00F4084801B40A054002000C03B401C
:10939400000020200000FFFF00C00E401E000080DF
:1093A40020002020080002031F00008040380038FD
:1093B400005000205E000080644C0020A5010000E5
:1093C4000800022388801B401000007CBD6E000052
:1093D4008E480024FCF764F96022064600210AA89E
:1093E4000A2513F005F80AA8FCF750FF88490AA8D3
:1093F4008DF880402195FDF74DFA0AAB3146CA221B
:109404002046FCF70DF90AA8FCF7D2FA7F48FCF7CE
:1094140047F96022214606460AA812F0E9FF0AA885
:10942400FCF734FF7B490AA88DF880402195FDF7AD
:1094340031FA01990AA8FDF73DFA77490AA8FDF720
:1094440029FA98F87C100AA8FDF734FA73490AA897
:10945400FDF720FA0AAB3146CB222046FCF7E0F8B0
:109464000AA8FCF7A5FA6948FCF71AF96022214614
:1094740006460AA812F0BCFF0AA8FCF707FF6849D1
:109484000AA88DF880402195FDF704FA0AAB31460D
:10949400CC222046FCF7C4F80AA8FCF789FA5B48FA
:1094A400FCF7FEF86022214606460AA812F0A0FF47
:1094B4000AA8FCF7EBFE56490AA821958DF88040CE
:1094C400FDF7E8F920460AAB3146CD22FCF7A8F8AF
:1094D4000AA8FCF76DFADAE54C480024FCF7E0F83A
:1094E4006022064600210AA80A2512F081FF0AA874
:1094F400FCF7CCFE46490AA88DF880402195FDF77B
:10950400C9F90AAB3146C1222046FCF789F80AA8FA
:10951400FCF74EFA3D48FCF7C3F8602221460646A4
:109524000AA812F065FF0AA8FCF7B0FE3D490AA894
:109534008DF880402195FDF7ADF90AAB3146C22282
:109544002046FCF76DF80AA8FCF732FA2F48FCF71E
:10955400A7F86022214606460AA812F049FF0AA885
:10956400FCF794FE30490AA88DF880402195FDF758
:1095740091F998F87C100AA8FDF79CF92B490AA8E0
:10958400FDF788F90AAB3146C3222046FCF748F8B8
:109594000AA8FCF70DFA1D48FCF782F86022214660
:1095A40006460AA812F024FF0AA8FCF76FFE204919
:1095B4000AA88DF880402195FDF76CF90AAB314675
:1095C400C4222046FCF72CF80AA8FCF7F1F90F484E
:1095D400FCF766F86022214606460AA812F008FF46
:1095E4000AA8FCF753FE0A490AA88DF88040219581
:1095F400FDF750F90AABC52231462046FCF710F8B6
:109604000AA8FCF7D5F923B0BDE8F08F8810002034
:10961400EC0E002008120020201200202812002046
:1096240038120020F81000202C11002034110020E2
:10963400501100200A44A0F864101344A0F86620D6
:10964400A0F86230BDF80030A0F86830FFF704BB22
:1096540010B5803014468E461EF801CB1CF0800FE6
:1096640004D150F8802C1A4340F8802C1CF0400F91
:1096740004D150F8702C1A4340F8702C1CF0200FC1
:1096840004D150F8602C1A4340F8602C1CF0100FE1
:1096940004D150F8502C1A4340F8502C1CF0080FF9
:1096A40004D150F8402C1A4340F8402C1CF0040F0D
:1096B40004D150F8302C1A4340F8302C1CF0020F1F
:1096C40004D150F8202C1A4340F8202C1CF0010F30
:1096D40004D150F8102C1A4340F8102CA4EB0E0CB3
:1096E40080308C44BCF1000FB6DC10BD2DE9F04F86
:1096F400474E83B0474D346814F0010468D0464A9D
:10970400297B464BD1771A78002A55D00022444F42
:109714001A704FF4206200213846FCF78DFDD5F80D
:1097240060B0A96E2B6EA1EB030A95F86C30BAF108
:10973400140F28BF4FF0140A0AEB0B022A66E3B198
:10974400D5F864900024374E4FF00108019200E0F0
:10975400A96E96F8380001FB04B116F8013F524691
:10976400494407EB800008FA03F30134FFF770FF64
:1097740095F86C30A342EBDC019A3B4607EBCA1028
:10978400BFF34F8F4FF0E021C1F8703F2033984270
:10979400FAD8BFF34F8FBFF36F8F2B6A4FEACA0A11
:1097A4001F60AB6E296A9B1AA1F816A008D1082382
:1097B4008B8303B0BDE8F08F01221B4F1A70A8E71A
:1097C400142B94BF102312238B8303B0BDE8F08FB6
:1097D400214628460DF084FA214605F108000DF0D3
:1097E4007FFA214605F110000DF07AFA05F14002E6
:1097F40001230E492A6228460D4A2C6685F86C40DE
:10980400C5F8DC403360C5E919440FF0D3FA76E7B4
:1098140098580020A054002000800E400FFE002025
:10982400200020200C550020200A2020A501000043
:10983400644C002090F8223090F87C2003F03F0321
:109844002DE9F04FD0F8804083B0023B04FB02F2D4
:1098540049B9042B00F20583DFE813F09000C2003D
:10986400F30024015801042B00F22D83DFE813F0E8
:10987400A401F601430298020500002A00F0AD801D
:109884006FF002034FF0000E8F009F4C00934B1EAD
:10989400F446724601932DE0009E5B1AB4440668B8
:1098A4000EF1040EB3541FFA8EFEC36913F8086058
:1098B400436903FB06F6A4FB06360368C1EBD63600
:1098C40013445E70C3695D5D836903FB05F5A4FB06
:1098D40005350368C1EBD53513449D700368134403
:1098E400D970D0F8802090F87C3002FB03F37246E4
:1098F4009E4572D2D0F81CA00CF10108D0F810904B
:109904000CF102051AF80C301AF8086009FB03F38D
:1099140009FB06F6A4FB0313A4FB06611AF8056011
:10992400DB0BC90B09FB06F69942A4FB06B628BF5C
:109934001946F60BC9B2B14228BF3146B2FBF7F65D
:1099440007FB1626002EA7D1009B4FEA9E05B342C3
:10995400019B03EB050CC0F270820CEB4C0C6FF016
:1099640002061AF80C300CF10108009609FB03F307
:10997400A4FB03530CF10205DB0B8EE76AB3002250
:10998400614D036806695C18C3699B5C06FB03F3BD
:10999400A5FB0363DB0B6370C36946691344046866
:1099A4005B7806FB03F3A5FB0363DB0B63540368DB
:1099B40084691944C369134403329B7804FB03F399
:1099C400A5FB0343DB0B8B7091B290F87C30D0F88D
:1099D400804004FB03F38B42D3D803B0BDE8F08F7F
:1099E400002AFAD00022484D036806695C18C3694E
:1099F4009B5C06FB03F3A5FB0363DB0BA370C3694A
:109A04004669134404685B7806FB03F3A5FB036310
:109A1400DB0B6354036884691944C3691344033238
:109A24009B7804FB03F3A5FB0343DB0B4B7091B260
:109A340090F87C30D0F8804004FB03F38B42D3D8F9
:109A4400CBE7002AC9D000222F4D036806695C18B1
:109A5400C3699B5C06FB03F3A5FB0363DB0B637029
:109A6400036846695C18C36913445B7806FB03F317
:109A7400A5FB0363DB0BA370C36986691344046805
:109A840003329B7806FB03F3A5FB0363DB0B6354F0
:109A940091B290F87C30D0F8804004FB03F38B4201
:109AA400D3D89AE7002A98D00022174D0368066994
:109AB4005C18C3699B5C06FB03F3A5FB0363DB0B28
:109AC400A370036846695C18C36913445B7806FB9A
:109AD40003F3A5FB0363DB0B6370C369866913445B
:109AE400046803329B7806FB03F3A5FB0363DB0BDB
:109AF400635491B290F87C30D0F8804004FB03F3B7
:109B04008B42D3D869E700BF03820181002A3FF466
:109B140064AF0025A14E2C46D0F81CE005F1010CE1
:109B2400076904341EF80520A4B207FB02F2A6FB61
:109B340002321EF80C3007FB03F3D20BA6FB03839F
:109B440005F1020803351EF808E0DB0B07FB0EF7EE
:109B54009342A6FB07E728BF1346FF0BDBB2BB42C9
:109B640028BF3B460768D21A7A54C26912F80C70AF
:109B7400426902FB07F7A6FB07270268C3EBD73746
:109B84000A445770C269876912F8082007FB02F279
:109B9400A6FB02720768C3EBD2320F44BA700268A4
:109BA4000A442146D37090F87C30D0F8802002FB20
:109BB40003F39C42B0D310E7002A3FF40EAF4B1ED0
:109BC400002201EB410C6FF0020E03EB4307114638
:109BD4001346724E7546B3FBFCF40CFB143444B9C3
:109BE400A6454FF0030E1946A4BF6FF0020EF918F4
:109BF4007546C469033214F8018092B2046904FB07
:109C040008F8A6FB084804684FEAD8381C4484F8CE
:109C14000180C4690C4494F80180446904FB08F889
:109C2400A6FB084804684FEAD83804F80380C469DE
:109C34000C442944A578846904FB05F5A6FB054575
:109C44000468ED0B1C44A570D0F8803090F87C407B
:109C540003FB04F413469442BCD8BEE6002A3FF446
:109C6400BCAE4B1E4FF0000C01EB41016FF0020E35
:109C740003EB430762466346484EB3FBF1F401FB32
:109C840014343CB9A6451A464FF0030E02DBFA1809
:109C94006FF0020EC4690CF1030CA55C1FFA8CFC76
:109CA400046904FB05F5A6FB05450468ED0B1C449B
:109CB400A570C46914446578446904FB05F5A6FBE2
:109CC40005450468ED0BE554C46914440332A578D2
:109CD400846904FB05F5A6FB05450468ED0B1C44EB
:109CE4006570D0F8803090F87C4003FB04F4634640
:109CF4006445C2D871E6002A3FF46FAE4B1E0022C1
:109D040001EB410C6FF0020E03EB430711461346BF
:109D1400224E7546B3FBFCF40CFB143444B9A6453F
:109D24004FF0030E1946A4BF6FF0020EF9187546E2
:109D3400C469033214F8018092B2046904FB08F880
:109D4400A6FB084804684FEAD8381C4484F801800C
:109D5400C4690C4494F80180446904FB08F8A6FB28
:109D6400084804684FEAD8381C4484F80280C4695F
:109D74000C442944A578846904FB05F5A6FB054534
:109D84000468ED0BE554D0F8803090F87C4003FB78
:109D940004F413469442BCD81FE600BF0382018139
:109DA400002A3FF41AAE4B1E002201EB41016FF072
:109DB400020E03EB4307944613466C4EB3FBF1F4D7
:109DC40001FB143444B9A6459C464FF0030E03DB53
:109DD40007EB030C6FF0020EC469033214F80C5045
:109DE40092B2046904FB05F5A6FB05450468ED0B76
:109DF4001C44A570C46964446578446904FB05F592
:109E0400A6FB05450468ED0B1C446570C4696444F5
:109E14000CF1030CA578846904FB05F5A6FB054544
:109E24000468ED0BE554D0F8803090F87C4003FBD7
:109E340004F41346A242C1D3CFE505EB450C1AF84E
:109E44000C304FF0010A09FB03F3A4FB0363032660
:109E540015FB06A84FF0020ADB0B009615FB06A5BE
:109E64001BE5002A3FF4B9AD0022404CC3690669E2
:109E74009B5C056806FB03F3A4FB0363DB0B6B54D9
:109E8400036846695D18C36913445B7806FB03F3F2
:109E9400A4FB0363DB0B6B70036885691944C36916
:109EA400134403329B7805FB03F3A4FB0353DB0B3E
:109EB4008B7091B290F87C30D0F8805005FB03F39E
:109EC4008B42D3D889E5002A3FF487AD4B1E00228C
:109ED40001EB410C6FF0020403EB430E11461346F1
:109EE400224D2746B3FBFCF60CFB16364EB9B442A2
:109EF4004FF003041946A4BF6FF002040EEB0301F4
:109F04002746C669033216F8018092B2066906FB39
:109F140008F8A5FB086806684FEAD83806F80380F5
:109F2400C6690E4496F80180466906FB08F8A5FB4D
:109F3400086806684FEAD8381E4486F80180C66966
:109F44000E443944B778866906FB07F7A5FB076713
:109F54000668FF0B1E44B770D0F8803090F87C6020
:109F640003FB06F613469642BBD836E5038201810D
:109F74002DE9F04FA34F83B00546A34C3E6816F07D
:109F8400010600F01C8123699B8B1A0606D40A2063
:109F9400FCF75EFF23699B8B1B06F8D5626EC4F841
:109FA400DC502B689A4249D095F87C301022D5F8C1
:109FB400801084F86C302B689448A16605F16C011C
:109FC4006366FCF735F995F87C2005F18401904827
:109FD400FCF72EF905F1BB0195F87C208D48FCF7C0
:109FE40027F98A4B03F11001BFF34F8F4FF0E022A2
:109FF400C2F8703F20339942FAD8BFF34F8FBFF3B2
:10A004006F8F854AB5F85A10A36E20681180DB0063
:10A01400B5F85A101182B5F85C101184B5F85C10CB
:10A024001186B5F85E10A2F840102169B5F85E609B
:10A03400A2F85060C382C383CB82CB8395F86010AF
:10A044002846FFF7F7FB744B00217448DA8BADF810
:10A05400042022F00702DA832522DA810522DA8538
:10A06400A3F84E206E4AB2F8843043F4805343F090
:10A074001003A2F88430B2F8863043F01003A2F83B
:10A0840086304FF4A052FCF7D7F8A16E94F86C30E8
:10A0940028298B4628BF4FF0280BC4F860B0002B4A
:10A0A40000F0AD80D4F864A00027DFF894814FF06D
:10A0B40001095A4E00E0A16E98F8380001FB07A18F
:10A0C40018F8013F5A4606EB8000013709FA03F3FA
:10A0D400FFF7BEFA94F86C30BB42ECD84F4B06EB5A
:10A0E400CB10BFF34F8F4FF0E021C1F8703F203306
:10A0F4009842FAD8BFF34F8FBFF36F8FA36EA16856
:10A10400282B0E6041D8A3684FEACB0B454A1A614D
:10A114000822A3F816B09A83217D434B434F197745
:10A124002279DA76207B3C4AD876D976002353818B
:10A13400B5F85A3001335385B5F85A300133A2F8D3
:10A144004A30FCF769F8B5F86230A66E696806FB18
:10A1540003F3B5F86820401ADB00A7FB031302EBF6
:10A1640093129042EDD3019B43F007062A4BDE8302
:10A17400FCF752F8D4F8DC3068609D4202D1002329
:10A18400C4F8DC3003B0BDE8F08FA2680020254994
:10A194003C2B11614FF0A001276AD18290834FF0CC
:10A1A40012009083224A3A60226AD18204D99083B1
:10A1B400204B01221A70AFE710239383F8E731464E
:10A1C40020460CF08DFD314604F108000CF088FDAA
:10A1D400314604F110000CF083FD04F14003164AEB
:10A1E400204623620123154926666666A66684F81E
:10A1F4006C60C4F8DC603B600EF0DCFDC3E6074E27
:10A204006CE700BF98580020A054002000002020D4
:10A214000D5500204455002000801E4020002020C1
:10A2240000C03B4088801B4000800E40D34D62102C
:10A23400200A20200FFE0020644C0020A50100000D
:10A244000C55002038B505460C4CFBF7E5FFB5F876
:10A254006230D5F880106A6801FB03F3801ADB00D2
:10A26400A4FB03239B0905339842EED3286810B15D
:10A2740001210DF01DFA284638BD00BFD34D6210F0
:10A28400014BFA221A607047685D0020024B4FF0C0
:10A294000F321A60704700BF6C5D002090F81CC03C
:10A2A4004160BCF1020FC26001D1836818470CF011
:10A2B40097BD00BF10B5074B82B003600190EFF368
:10A2C400108472B60CF042FE019804B962B602B072
:10A2D40010BD00BFDC36002010B5244C84B0D4F887
:10A2E40000C0DCF81C31834201D004B010BD0B4621
:10A2F400590714D5DCF8341189B182B111780CF501
:10A30400967001930039DCF83831009218BF0121AE
:10A314008DF80F100DF10F019847DDE9002313F0BC
:10A32400F00F0CD02068D0F8441141B1D0F8481196
:10A3340000F59E70CDE900328847DDE900321B0745
:10A34400D3D52068D0F85431002BCED0002ACCD0FD
:10A3540013780DF10F01D0F8582100F5A670003BD9
:10A3640018BF01238DF80F309047BEE7485E0020E8
:10A37400184B70B51D68044601F068FC01F010FD2F
:10A384002B69C01A7C2814D82368134A1B6893428B
:10A3940019D1227F0023022A6360E36004D1A368F9
:10A3A4002046BDE8704018472046BDE870400CF0D8
:10A3B40017BD01F061FC01F0F3FC2368064A1B6839
:10A3C40028619342E5D0002220461146BDE8704042
:10A3D400184700BF485E00206D7A000010B504469F
:10A3E40001F034FC01F0DCFC2369C01A7C2800D89D
:10A3F40010BD01F041FC01F0D3FC206110BD00BF91
:10A40400D0F81C1109B10B6843B990F8262112B198
:10A4140090F828314BB10122104670474FF00003E9
:10A424000122A0F827311046704710B582B0CDE95B
:10A434000002084603F088FE0121009B0028019ACF
:10A4440083F8271118BF002183F8281102D1104680
:10A4540002B010BD01F0A6FC044612F06BFB009B99
:10A4640093F828210460F2E770B5044682B0C0680E
:10A4740001F09AF901F082F9002870D0D4F81C0197
:10A4840028B106F099F9D4F81C0106F0CDF801F0D2
:10A49400D1FBC4F81C0190F83E3084F8203190F8C8
:10A4A4003F3084F8213190F84030092B4FD9632B89
:10A4B4008CBF03250225404A042104F5917011F054
:10A4C400DFFD854269D1237D04F11505002B40D0C1
:10A4D40022463A4928461AF0ABFA38B9C4F81C01A6
:10A4E40084F820010025284602B070BD284601F0FA
:10A4F400A9FB054600283BD0E27ED4F81C01002AC3
:10A5040032D008B11B34046306F054F82C4A137893
:10A51400002BE8D14FF001061670EFF31081009183
:10A5240072B6284C019320460CF010FD2648274AA9
:10A534000099A2600278267742F00402027011B3F7
:10A54400019B6360E3601F480CF04AFCCBE70125E4
:10A55400B1E7284601F072FB01232375B8E712F036
:10A56400E9FA13230360BDE70028CDD00263CBE7EB
:10A574001AF046FAC4F81C5184F8205112F0DAFAA1
:10A584000E230360AEE762B6227F6160022AE160B7
:10A59400D9D1A26820469047A5E70D4B4FF49F728E
:10A5A4000C490D4811F058FD002011F01DFC01204C
:10A5B40001F082FB0DF06EFA74120020A97A0000FB
:10A5C40013FE0020F84B002037FE0020417B0000E2
:10A5D40078120020D812002000130020144B10B56C
:10A5E400044684B05B68D0F81C010393CDE90133C1
:10A5F40018B113B194F828319BB92046FFF734FF02
:10A6040068B10B4900200BF09BF8D4F81C0103AB94
:10A6140002AA01A906F0BCF92046FFF7F1FE04B036
:10A6240010BD03F0D1FE002384F82831E5E700BF14
:10A63400C4580020D0F81C31002B42D0214B1A788A
:10A6440010B5044682B05ABB1F4B186800F07CFF5B
:10A654001E4900200BF074F894F82831D4F81C013A
:10A66400C3B91B4B1A46194606F092F90023D4F8D5
:10A674001C0184F8273106F09FF8D4F81C0105F07A
:10A68400D3FF1AF0BDF90023C4F81C3184F820313B
:10A6940002B010BD03F098FE002384F82831E5E7EA
:10A6A40000220C481A700CF009FCEFF3108301939C
:10A6B40072B608480CF04AFC019B002BC4D162B668
:10A6C400C2E7704713FE0020785D0020C4580020C4
:10A6D400D0430020F84B0020D0F81C0118B190F8AA
:10A6E4003D00C0F380007047D1F81C3123B11A68D3
:10A6F400044BC0E900327047034B024A5B68C0E96F
:10A7040000237047F0380020C4580020D0F81C0102
:10A7140010B582B040B14B6801A9019304F03CFE2E
:10A7240048B9012002B010BD12F004FA732303608B
:10A73400002002B010BD01F035FB044612F0FAF916
:10A744000460F5E7D0F81C0110B582B040B14B6845
:10A7540001A9019304F076FE48B9012002B010BDAE
:10A7640012F0E8F973230360002002B010BD01F079
:10A7740019FB044612F0DEF90460F5E738B500F180
:10A784001B058D4210D00B46044671B1084A4FF4A4
:10A794008071284611F074FCD4F81C3123B1E27E98
:10A7A400002A08BF15461D6338BDC176F4E700BF13
:10A7B400281300201E4B00201E4A196810B51E4C99
:10A7C400C2E900404A1C1A60C9B11C4A1C491D4810
:10A7D4000EF0F0FA1C4A1368591C116003B31B4CA9
:10A7E400164A1B491B480EF0E5FA24681A4B134A13
:10A7F4001C601A491A48BDE810400EF0DBBA194C27
:10A804004FF4EE72184811F0F3FD2046883400F03E
:10A81400B9FE164B9C42F8D1154B134A1A60D4E783
:10A8240014481AF001F9094C124B2360D8E700BF11
:10A83400605B0020C4580020F0380020644C0020E5
:10A844003D070000645E0020FC590020005A0020EF
:10A8540009070000505E0020485E0020857A000051
:10A86400F84B0020AC5B0020685B0020445D0020B6
:10A87400645B0020045A0020B0F8500080B2704796
:10A88400406900B1807A7047406900B1C07A70476E
:10A89400704700BFC26D002A06DBD0E91003181A06
:10A8A400824201D2801A704700207047C36D002B8A
:10A8B40008DBD0E91012521A934203D25A1CC26523
:10A8C400C85C70474FF0FF30704700BFC36D002B6A
:10A8D40006DBD0E91012521A934201D2C85C7047C9
:10A8E4004FF0FF30704700BF10B50446406930B1E7
:10A8F400A37E2BB90AF088FD00236361238310BD76
:10A90400064B04F11C011868FFF71CFF044B0022DE
:10A9140060695B68A2762362ECE700BF485E0020B2
:10A92400CC58002010B5044601F14C0001F036FA71
:10A93400024B02462046C4E9003210BDF038002024
:10A9440090F8603053B14FF6E272D0E91A135B1AF3
:10A95400934203DC4FF6E370C01A7047002070473F
:10A964000AB3C36D002B1EDB30B5D0E910E483B00D
:10A97400A4EB0E0C634518D2ACEB030C0C46054655
:10A98400624528BF624649B1012A0EEB03010FD08C
:10A994002046019211F09AFCEB6D019A1344104683
:10A9A400EB6503B030BD00207047002003B030BD1C
:10A9B4001EF803302370C36DF0E700BF90F86030D9
:10A9C400ABB14FF6E27CD0E91A23F0B515469A1ADA
:10A9D40083B0624502DD002003B0F0BD046FA342E2
:10A9E40007D01970C36E0133C3660120F4E718461B
:10A9F4007047012A2CBF9318531C0746019118462F
:10AA04001E4600920CF04EFE0346DDE900218154FF
:10AA14007AB9013228461A4435B1611BCDE90023C5
:10AA24000CF046FEDDE900239919C7E91A323967AB
:10AA3400DBE7294601900CF09BFDDDE90023E8E704
:10AA44009A4275D02DE9F04FA3EB020816464768E9
:10AA540083B082680D4604469146D21B904525D8A2
:10AA64007A1A9045914664D2A7EB08023B46511EE0
:10AA7400C2EB470C11F8010F03F8010B6345F9D140
:10AA8400636843446360AB1A521BF818012A71DDF2
:10AA9400294611F01BFCB8F1010F67DD424631462F
:10AAA400284603B0BDE8F04F11F010BC03686FF006
:10AAB40000429A46FB1AD11A884561D898452CBFA2
:10AAC4004344DB18934228BF1346184601930CF005
:10AAD400E9FD5545034683460AD0A5EB0A000AF171
:10AAE400FF32184412F8011F03F8011B8342F9D105
:10AAF4003146424618460CF03BFDBD4200EB0806C9
:10AB040006D07F1B304629463E443A460CF030FDC1
:10AB1400BAF1000F04D0A9EB0A0150460CF0C8FDAD
:10AB2400019B5B44C4E900B6A36003B0BDE8F08FA9
:10AB34007047B1185A1A002A20DD38460CF018FD67
:10AB44006368A8EB0908BD424344636009D06A1EE8
:10AB540003EB090012F8011F03F8011B8342F9D12A
:10AB640063684A464B44012A636098DCDDD133783C
:10AB74002B70DAE78FD12A78FA548CE73B46E0E76A
:10AB840001480EF035F900BF2C130020002A18BF2D
:10AB9400002910B514D090F86030012B10D19446E0
:10ABA4000A46C16E4FF6E37450F8683FCB1AE41AB4
:10ABB400644528BF64461319FFF742FF204610BDC1
:10ABC4000024204610BD00BF406800B1807A704761
:10ABD400406800B1C07A70474369002B4FD0294BBD
:10ABE40030B5044689B01868FFF7F8FB216B0029DB
:10ABF4003FD0A36B013900202163591C4FEA431E47
:10AC0400D4E909C2A2EB0C020CEB43135211B1FBC1
:10AC1400F2F502FB15119A8ADD68A163ADF81420E0
:10AC24003CF80EE05968D86058609A6898601869D2
:10AC340004909869DB690690206C0793A4F83CE0C3
:10AC4400A36CA564C4E9101220B1191A0CF030FDEC
:10AC5400D4E91012BDF81430501A0499A4F85030F5
:10AC6400E164DDE9063263650023A265E36509B0AA
:10AC740030BD4FF0FF334FF0FF30E365F7E74FF09F
:10AC8400FF307047485E00200AB3C36D002B1EDB03
:10AC940030B5D0E910E483B0A4EB0E0C634518D2B0
:10ACA400ACEB030C0C460546624528BF624649B12D
:10ACB400012A0EEB03010FD02046019211F006FB8E
:10ACC400EB6D019A13441046EB6503B030BD0020D0
:10ACD4007047002003B030BD1EF803302370C36DED
:10ACE400F0E700BF436913B101209972704700B5C2
:10ACF40083B0CDE900012E200AF0CEFB009A034672
:10AD04000199506118B10120997203B000BD064A3F
:10AD140000901068FFF762FB11F00CFF0C21024653
:10AD240000981160F1E700BF485E0020436913B149
:10AD34000120D972704700B583B0CDE900012E20FF
:10AD44000AF0AAFB009A03460199506118B1012048
:10AD5400D97203B000BD064A00901068FFF73EFBAD
:10AD640011F0E8FE0C21024600981160F1E700BFE3
:10AD7400485E0020436813B101209972704700B502
:10AD840083B0CDE900012E200AF086FB009A034629
:10AD94000199506018B10120997203B000BD064AB0
:10ADA40000901068FFF71AFB11F0C4FE0C21024654
:10ADB40000981160F1E700BF485E0020436813B1BA
:10ADC4000120D972704700B583B0CDE900012E206F
:10ADD4000AF062FB009A03460199506018B1012001
:10ADE400D97203B000BD064A00901068FFF7F6FA66
:10ADF40011F0A0FE0C21024600981160F1E700BF9B
:10AE0400485E002010B54C6882B04169034669B1C0
:10AE1400A3F8782001225C6783F86020D3E91A1034
:10AE24008142104618BFD96602B010BDCDE90002B8
:10AE34002E200AF031FB009B019A58610028E7D1CB
:10AE4400054B00901868FFF7C9FA11F073FE0C2245
:10AE5400034600981A60E7E7485E002030B50023F7
:10AE640085B0044608461849154641F28832CDE9B2
:10AE7400021302A90AF0F0FC08B905B030BD6369F9
:10AE8400039A6BB16267A4F87850D4E91A318B4203
:10AE940018BFE3660123184684F8603005B030BD5E
:10AEA4002E2001920AF0F8FA019A60610028E9D193
:10AEB400064A01901068FFF791FA11F03BFE0C214D
:10AEC400024601981160D8E7F0380020485E00205F
:10AED4001E4B70B503F16802054640692B602A6178
:10AEE40018B1AB7E23BB0AF08FFAA86E18B1296F94
:10AEF400091A0CF0DDFB286C18B1A96C091A0CF0C6
:10AF0400D7FBD5E90946B4420AD0636818461BB199
:10AF1400E168C91A0CF0CCFB2034A642F5D16E6A64
:10AF240026B1E96A3046891B0CF0C2FB284670BD85
:10AF3400074B05F11C011868FFF704FC054B0022C0
:10AF440068695B68AA762B62CDE700BFDC3A002013
:10AF5400485E0020CC58002010B50446FFF7B8FF27
:10AF64008C2120460CF0A4FB204610BD2DE9F04FA7
:10AF740089B0BDF848A0002947D09B46164605462F
:10AF84000F46002A00F08E8000F00AFF0190D5E9F8
:10AF94000931D5E90C02C91A4FEA4219B0EB611F15
:10AFA4004FEA611C03EB421432D0013028630132B2
:10AFB4000021B2FBFCF00CFB10226A6323F8091099
:10AFC400D4E901829045464A126818BFC4F8088043
:10AFD4002261A2610022A282E2613289029222BB32
:10AFE400DBF800203046019922613E4AA4F814A0FF
:10AFF4005269E161A2617A8923F8092005F044FFCE
:10B00400D5F888300133C5F8883009B0BDE8F08F31
:10B01400A86BD5F8841001300131C5F88410B0FB59
:10B02400FCF10CFB1100A863C1E7E268211D029842
:10B03400A2EB08020391A1689042059216D8DDF8AC
:10B044000C8002952546039634461E4600E0A96806
:10B054006268404663891344FFF7F2FC2468002CBD
:10B06400F5D133462C46DDE90256B9E7A1EB0802D7
:10B07400079304920CF016FB049A079B0690F2B90E
:10B08400B8F1000F05D00599404607930CF010FB6A
:10B09400079B06980499029A014460600244C4E93B
:10B0A4000212CCE740690028AFD0AB7E63B90AF046
:10B0B400ABF900236B612B8309B0BDE8F08F4146E7
:10B0C4000CF056FA079BDBE7074B05F11C011868E7
:10B0D400FFF738FB054B68695B68AE762B62E6E7E1
:10B0E400D0430020A46B0020485E0020CC580020F0
:10B0F4000EB400B582B003AA52F8041B019211F0F9
:10B104005DF802B05DF804EB03B0704790F860306E
:10B11400002B6FD0D0E91A3170B5C91A84B0044637
:10B12400B1F5803F80F284808BB24FF420723820D6
:10B134001946039305F012FF054600285CD0D4E9B4
:10B144001A12914203D0039A06F04CF968BBB4F882
:10B15400783004F17402294660699BB20AF0B2F8AF
:10B164000023A26E064684F860302846A4F86430B2
:10B17400E36E9A42364B18BFE26600221B68A4F8BD
:10B1840078206367C4F88020E36705F07DFE16B974
:10B19400012004B070BD304600F004FE044611F0F6
:10B1A400C9FC0460002004B070BD0390284605F07B
:10B1B4006BFE0022039B84F86020A4F86420244AD8
:10B1C40003931268D4E91A10626781422148E26746
:10B1D40018BFE16600210068A4F87810C4F8801054
:10B1E400FFF7FCF8039800F0DDFD044611F0A2FC23
:10B1F4000460D7E700207047D4E91A321549934216
:10B204004FF0000284F8600018BFE366104BA4F806
:10B2140078201B68A4F864006367E3670868C4F8CF
:10B224008020FFF7DBF811F085FC0C230360B9E7FD
:10B23400094C40F29513094A09490094FFF758FF55
:10B24400002010F0D1FD012000F036FD0CF022FCAE
:10B25400D0430020485E00205C13002044130020EB
:10B2640000130020F8B54FF47A720024294B012909
:10B274000E46047338BF01260360B1F1806F048366
:10B284008476C0E9014203F16802234BC0E9042437
:10B29400C0E907343AD2054670010CF003FA1F4F97
:10B2A40000EB461603466862EE622022002118462F
:10B2B40011F09EF803463A684FF00001203384826F
:10B2C4000261B342C4618261EFD1AB624FF0FF33DC
:10B2D400A5F850402846AC652C63A5F87840AC87A7
:10B2E4006A65EB6585F86010A5F86440EA67C5F8FF
:10B2F4008040C5E90D44C5E91044C5E91242C5E9D9
:10B304001A44C5E91C42C5E92144F8BD04480DF0BE
:10B314006FFD00BFDC3A0020F0380020D04300204D
:10B32400BC13002030B51546027E044683B00B469C
:10B334004069002A32D0428A8A4202D1627EAA42FD
:10B3440029D0A27E002A41D101930AF05DF800229F
:10B35400019B626122832E2001930AF09DF8019BD8
:10B364006061002850D025B1427A42F00402427252
:10B3740060691A46294909F04FFE0346606993B98A
:10B384000121224665762176254901930AF02AF89F
:10B39400019BC4E92133012003B030BD0028DAD079
:10B3A400002DE6D0E0E740B1A27EF2B901930AF0A5
:10B3B4002BF80022019B62612283184600F0F2FC04
:10B3C400044611F0B7FB04600020E5E7154A04F1D8
:10B3D4001C0101931068FFF7B5F9134A0021606955
:10B3E4005268019BA1762262AEE70E4A04F11C0169
:10B3F40001931068FFF7A6F90B4A002160695268AF
:10B40400019BA1762262D1E7064B1868FEF7E6FF9E
:10B4140011F090FB0C230360D6E700BFD04300205B
:10B424003D870000485E0020CC5800200022FFF732
:10B4340079BF00BF30B50D4683B0114600220446E3
:10B44400FFF770FF10B9002003B030BD134B29463D
:10B454001B6818460093FFF759F9034628B10120E9
:10B46400A0766B68236203B030BD60690028EAD01F
:10B47400A27E2AB909F0C8FF002363612383E2E7AF
:10B4840004F11C0100980193FFF75CF9019B044A45
:10B49400A376536860692362ECE700BF485E00202E
:10B4A400CC580020194B0020194A196810B5194CC2
:10B4B400C2E900404A1C1A6081B1174A174918486A
:10B4C4000DF078FC174A1368591C1160BBB1124A7D
:10B4D40015491648BDE810400DF06CBC144C4FF4EF
:10B4E400EE72144810F084FF2046883400F04AF8C5
:10B4F400114B9C42F8D1114B0E4A1A60DDE7104CF7
:10B50400204619F091FA0F4B1C60E0E7605B0020C5
:10B51400CC580020F0380020644C00203D07000087
:10B52400685E0020FC59002009070000545E0020DA
:10B53400AC5B0020685B0020445D0020645B00205D
:10B54400045A0020005A00200D4A137803B97047AA
:10B554000346006810B582B0019300F06FFC00212F
:10B56400019B074A19601170197108B902B010BD26
:10B5740000F018FC044611F0DDFA046002B010BDBE
:10B5840012FE002038B50446002540220530294625
:10B594002560257110F02CFF4022294604F1450056
:10B5A40010F026FF204684F88550A4F8865038BD54
:10B5B40038B5194B1D686A1C1A604DB1174C184AEE
:10B5C400184919480DF0F6FB184B22681A6038BD6B
:10B5D400174C4FF4EE722946154810F009FF6564C4
:10B5E400402284F84850002104F1490010F000FF83
:10B5F40004F189004022002110F0FAFE88340D4B3A
:10B6040084F84150A4F842509C42E8D1034CA3F57D
:10B61400CC732360D3E700BF605B0020645B002031
:10B62400644C00203D0700006C5E0020785D002023
:10B63400685B0020005D0020174B19684A1C10B598
:10B644001A6081B1154A164916480DF0B3FB164A23
:10B654001368591C1160BBB1104A14491448BDE861
:10B6640010400DF0A7BB134C4FF4EE72124810F0CB
:10B67400BFFE20468834FFF785FF104B9C42F8D16B
:10B684000F4B0D4A1A60DDE70E4C204619F0CCF939
:10B694000D4B1C60E0E700BF605B0020644C0020A1
:10B6A4003D070000705E0020FC59002009070000DF
:10B6B400585E0020AC5B0020685B0020445D0020E5
:10B6C400645B0020045A0020005A0020084B5A688A
:10B6D400920100D470474FF00071064A59604FF050
:10B6E4000003BFF35B8F1370BFF35B8F704700BF22
:10B6F40000802D40305E002000F034BB094BDB6E2F
:10B7040013F440630BD0084A0123D2F8E410D2F8B2
:10B71400E82009BA0160110E120C01714271184639
:10B72400704700BF00C00F4000802D40114BDB6EFE
:10B7340013F440631CD0EFF3108172B6BFF35F8F34
:10B74400BFF34F8FBFF36F8F03680B4A1BBAC2F866
:10B75400E43083885BBA1B04C2F8E83081F31088B4
:10B76400BFF35F8FBFF34F8FBFF36F8F012070471D
:10B774001846704700C00F4000802D40094A08B5A4
:10B784001368012B0CD0023B022B01D8012008BD09
:10B7940019F02EF9034A1068013818BF012008BDBA
:10B7A400002008BD2C5E0020704700BF30B56C4CF3
:10B7B40083B02368002B51D1002978D0092900F3E4
:10B7C4008780684801680B4606E05A88950454BF90
:10B7D4002033654B99427BD05A881404F5D44A88A7
:10B7E400920454BF203160490160588810F037003A
:10B7F40072D119884FF4C172019305F0AFFB019B1C
:10B804000446002868D0018958681F3120F01F02BF
:10B8140021F01F010144BFF34F8F4FF0E020C0F827
:10B824005C2F20329142FAD8BFF34F8FBFF36F8F52
:10B83400596820462289019305F0D4FD019B002814
:10B844007ED15988494A01F4005149480A435A8033
:10B854004FF080730361204603B030BD454A12683F
:10B86400042A20D1012B39D0022B0BD1404B5A682A
:10B87400120263D5D3F840C03F4AA2F800C04FF487
:10B8840000025A603D4B1B7890F83D20C2F38002C1
:10B894009A4208D0002B39D1394B1B781BB901913E
:10B8A40004F08AFF019900232360002986D1354AD8
:10B8B4004FF00101BFF35B8FD2E84F3FC2E8401F56
:10B8C4000028F9D1DBB2BFF35B8F002B3FF479AFD3
:10B8D4000024204603B030BD0024B2E7244AD2F845
:10B8E40004C01CF4000FDFD0136C4FF4000C234D84
:10B8F400C3F3800E13F00403C2F804C085F800E01B
:10B90400C2D0214BC2F804C01364AFE71A4B1F4ADC
:10B914001B88019113F0020F0CBF4FF0640C4FF021
:10B924000A0CC2F800C0C3F3800CC3F3803382F85E
:10B9340004C0937104F000FF0199B4E70223B3E754
:10B94400134B40F2C7221349134810F085FB002023
:10B9540010F04AFA012000F0AFF90CF09BF800BF98
:10B96400445E0020F04B0020C05200200080FFFF06
:10B9740000802D402C5E0020F4FD00201CFE0020E1
:10B9840011FE0020305E002000004260E84B0020E1
:10B99400F01300205C14002000130020394B1B68B6
:10B9A400042B39D1384B1A68012A10B582B037DD1F
:10B9B400022A56D1354A5168090255D5D2F840C0F9
:10B9C4003349A1F800C04FF4000C3249C2F804C056
:10B9D4000A7890F83D10C1F38001914218D0002AF2
:10B9E40044D02B4A2C491288019312F0020FC2F35F
:10B9F400800EC2F380320CBF4FF0640C4FF00A0C7F
:10BA040081F804E0C1F800C08A7104F095FE019B3E
:10BA140000221A6002B010BD1B4B00221A6070474E
:10BA2400002A1EDB012A06D0184A4FF4000C1B49D9
:10BA3400C2F804C0116415494A6814021FD50A6C7F
:10BA44004FF4000C134CC2F3800E12F00402C1F840
:10BA540004C084F800E0BCD0114AC1F804C00A64F0
:10BA6400A8E70C4A1278B4E70222D2E70D4A12780A
:10BA7400002ACDD1019304F09FFE019BC8E7012267
:10BA8400C7E700BF2C5E0020445E002000802D40EC
:10BA9400F4FD00201CFE0020E84B0020000006609E
:10BAA4000000426011FE002070B51E4D06462C6851
:10BAB40063881A04FCD4002361683289304605F097
:10BAC40053FC3389834229D100F11F02616822F0BB
:10BAD4001F0221F01F030A44BFF34F8F4FF0E021F0
:10BAE400C1F8703F20339A42FAD8BFF34F8FBFF3A7
:10BAF4006F8F20804FF0807163880B4A03F40053EA
:10BB040043F40C436380516163889B0404D42B6821
:10BB1400203300202B6070BD044BFAE76FF0010066
:10BB240070BD00BFF44B002000802D4080530020E6
:10BB340030B5044650B30D460630A6464FF0FF32EA
:10BB440021491EF8013B4FF0080C5A4042F3000310
:10BB5400BCF1010C03EA010383EA5202F6D18645E3
:10BB6400EFD1C2F3846001232178002A03FA00F3A1
:10BB740001F001010BDB19B31449154A65B11068D2
:10BB8400184215D00A6828461A430A6030BDA1B18C
:10BB94001049114A002DF2D10868146860EA0300C4
:10BBA400204010600A6813420CBF0120002030BD01
:10BBB400116828460B431360E8E70849084ADDE7A3
:10BBC4000849094ADAE700BF2083B8ED345E002053
:10BBD40024812D40385E002020812D40405E0020CD
:10BBE40018812D403C5E00201C812D4011B1084677
:10BBF400FFF75ABF6FF00F00704700BF08B50B4640
:10BC04000AB1012A0ED17BB193F801C0114608484C
:10BC14000CF07F02C2709A780271DB784371FFF7EF
:10BC240087FF08B1002008BD6FF0070008BD00BF02
:10BC3400544C002000487047C05D002008B1FFF755
:10BC44005BBD704708B1FFF759BD704770B500245C
:10BC5400084D21462846FFF7A9FD0134064629462A
:10BC640038B1EB6898470028F3D0304605F00CF95A
:10BC7400EFE770BDC05D002008B509F061F8024827
:10BC8400BDE80840FFF78ABEC05D00204C220021B9
:10BC9400044808B510F0ACFB46F66563014AD38747
:10BCA40008BD00BFC05D0020014B1868704700BF8D
:10BCB4001CFD00200BF028BC38B1044B421E012AA5
:10BCC40098BF18460368DB6818477047C84B0020C4
:10BCD40008B5EFF3058303B908BD13460A460146C8
:10BCE400074810F0B9F9074BFD220749074810F03F
:10BCF400B3F9002010F078F80CF02AFF0BF0CAFE1C
:10BD04007C1400208C140020F01400200013002068
:10BD140008B509F069FE00B108BDBDE8084018F097
:10BD240077BE00BF10B582B001A809F0B7FE10B10C
:10BD3400019802B010BD0446064B40F24712064972
:10BD4400064810F089F9204610F04EF80CF000FF78
:10BD54000BF0A0FE8C140020181500200013002006
:10BD640009F052BEB0B10C4B0022D3F83016D3F810
:10BD740020364FEA112C43716CF307024FEA136C1F
:10BD840061F30F22190C1B0A6CF31742037161F360
:10BD94001F620260704700BF00401F400068704788
:10BDA400FFF782BF00F11003DBB2102B04D8034B62
:10BDB400404253F820007047052070477C43002020
:10BDC400164A00234FF0100C127800EB8202D2695D
:10BDD400CB608B608B6181F80EC0C1E90033C1E98F
:10BDE4000433136C0BB181F80FC0536C0BB11023E7
:10BDF4000B74936C0BB110234B7403680BB10123C8
:10BE04008B74136C0BB140230B75536C0BB1402333
:10BE14004B75936C0BB140238B75704726FE002045
:10BE2400024B1B7800EB8300C069704726FE00209C
:10BE3400014B1868704700BFEC9B00202DE9F041CE
:10BE44000546204A40F687111F48FFF741FF4DB3CE
:10BE5400DFF8888098F8003005EB8303DE69F6B1DB
:10BE640006F13C0406F148072946184808F03EFF4D
:10BE740054F8040F08B104F0B7FABC42F8D11449DD
:10BE8400284603F0DFFA304604F0AEFA002298F8B0
:10BE94000030104605EB8305EA61BDE8F0816FF0E0
:10BEA4000500FAE7084B40F688120A490A4810F0E0
:10BEB400D3F828460FF098FF0120FFF7FDFE0BF0A2
:10BEC400E9FD00BF283E00203415002051970000F2
:10BED40080450020901500200013002026FE00203D
:10BEE40010B5044688B0224A40F6A8212148FFF73D
:10BEF400EFFE5CB1204B1B7804EB8303DB692BB1B1
:10BF040093F84D20032A01D922680AB908B010BD5C
:10BF140000220321012005928DF81610196C03925A
:10BF240001928DF80E0002920492CDE9062211B11D
:10BF3400F0228DF818205A6C12B1F0228DF81920D5
:10BF44009B6C13B1F0238DF81A3041F2E9410B4A8E
:10BF5400842301A8ADF80C10214602928DF8063016
:10BF640000F0F8FE204608B0BDE8104000F04ABFDB
:10BF7400883C00203415002026FE0020E00000FB51
:10BF8400384B30B51B788BB0044600EB8303DB6978
:10BF940093F84D20022A24D9033A012A1FD893F892
:10BFA4004C205AB9042183F8CC2083F84D102E4933
:10BFB4000D681DB101210193A847019B20460193FF
:10BFC400FFF78EFF019B93F84C200132D2B2012A75
:10BFD40083F84C203CD94FF4A062A3F84C200BB05A
:10BFE40030BD0268AAB993F84C20022A0CD81AB1C1
:10BFF40093F8CC30012B30D022461C49FA200BB0E8
:10C00400BDE8304008F044BE4FF44072A3F84C2021
:10C01400F2E703A90193FFF7D3FE41F2E9424FF09F
:10C02400000C0846ADF814202146114AADF80CC0A6
:10C03400049200F08FFE019B93F84C200028D4D189
:10C0440001320221D2B283F84D1083F84C20CCE7A0
:10C05400224606494FF47A70D1E72246034941F259
:10C064008830CCE726FE0020E89B00205197000092
:10C07400E00000FB062B2DE9F04746D09A46074620
:10C084001646884613E0B8F1FF0F3EDC06F80C4074
:10C0940005EB0408A6F800E105F066F9B6F80031EE
:10C0A40084421FFA88F81C442CD1A6F8004141466A
:10C0B400384605F039FA044608F10105384604F01B
:10C0C400C00C611CADB22246BCF1C00F2B4621D07E
:10C0D4003F2C1AD8B6F800C104EB0C090CF1010E80
:10C0E40001EB0C08B9F1FF0F16FA8EF10DDC002CF0
:10C0F400C9D10CF1010306F80C40A6F8003128461A
:10C10400BDE8F087013BA6F800314FF6FF752846DD
:10C11400BDE8F0873B89AB42F7D9294605F004FA1C
:10C12400230203F47C5303431BB20B2BEDDD99B2C2
:10C134003B898B42E9D90AF1010332463846FFF7BD
:10C1440099FF4FF6FF739842DFD008F102081FFAF7
:10C1540088F5D4E72DE9F04FC9B00E4604461746DA
:10C164000DF11C0B358804910021029258464FF4BE
:10C17400827210F03DF900235A4629462046FFF703
:10C1840079FF4FF6FF733A46B7F80071984237D0FB
:10C19400002F35D031884FF0000ABBF80091B84623
:10C1A400401A164654460591C3B200970393A9EB6F
:10C1B400070309E03278013414440132E4B216442E
:10C1C400009AA24694421FD2A8EB0402D2B24A4576
:10C1D400F0D81D19022AEDB2ECD90299039F08196F
:10C1E400A91CB9420BEB050113DA019310F02CF8EA
:10C1F400019B0028DED105995746049B0D441D8000
:10C20400384649B0BDE8F08F1746384649B0BDE816
:10C21400F08F009F384649B0BDE8F08F3F2A29D8F7
:10C224001346B0F800C1D2B110B5541C82B06444B6
:10C23400FF2C22DC044600F80C200CF101000192D2
:10C24400A4F8000114FA80F00BF092F9B4F800217C
:10C25400019B00201344A4F8003102B010BDBCF1CE
:10C26400FF0F07D80CF1010200F80C30A0F80021F0
:10C27400002070476FF0050070476FF00500ECE791
:10C28400B1F80021B0F800C1AAB1531C6344FF2BDC
:10C294001CDC0346604400B583B0019200930BF0AC
:10C2A40067F9009B0020019AB3F800110A44A3F82F
:10C2B400002103B000BDBCF1FF0F07D80CF101034E
:10C2C40000F80C20A0F80031002070476FF0050042
:10C2D400704700BF00285BD070B50E46B1FA81F1FB
:10C2E40082B04909002E50D0351D4FF482720446A5
:10C2F40010F07EF8042115F8013D274A0DEB0100EA
:10C304000FF0BEFE01A810F033FE01A9C2B2204610
:10C31400FFF784FF034698BBAE42EBD1B4F800119B
:10C32400F7292DD807204A1C605492B21B49A4F85F
:10C334000021A5180868A0508A88AA808A79AA7161
:10C34400B4F80021D11D89B2FA29A4F8001117D834
:10C3540004200832605492B21149A4F800210868FC
:10C36400A050B4F800110A1D92B2FF2AA4F80021CB
:10C3740006D80531A354A4F80011184602B070BDC4
:10C384006FF00503184602B070BD6FF00F03F4E7B9
:10C394006FF00F0318467047B8150020BC15002035
:10C3A400C415002038B50D464FF4827200210446AE
:10C3B40010F01EF83DB3284610F0DAFD2946C2B24B
:10C3C4002046FFF72BFF0346E8B9B4F80011F9291A
:10C3D40019D805204A1C605492B20C49A4F80021D3
:10C3E400A5180868A0500A792A71B4F800114A1DEA
:10C3F40092B2FF2AA4F8002105D80631A354A4F868
:10C404000011184638BD6FF00503FAE7CC1500207B
:10C4140010B504464FF4827200210FF0E9FF224662
:10C424000921234BDFF894C002F8011B03CBC4F8A5
:10C43400010093F800E00723DCF80000516082F863
:10C4440008E004229CF80610C4F80B00A37212231F
:10C45400BCF804006174A4F80F0020461549A4F840
:10C464000031FFF7DBFE00BBB4F80011F9291CD83A
:10C47400034605204A1C60540F4992B2086804EB35
:10C48400020CA4F80021A0500A798CF80420B4F816
:10C4940000114A1D92B2FF2AA4F8002105D80631E2
:10C4A400A354A4F80011184610BD6FF00503FAE771
:10C4B400D4150020E8150020CC150020E01500203C
:10C4C40070B5164682B00D464FF4827200210446C0
:10C4D4000FF08EFF66B105F582710846019110F0E8
:10C4E40047FD0199C2B22046FFF798FE002839D1D2
:10C4F40005F5A2710846019110F03AFD0199C2B206
:10C504002046FFF78BFE68BB184BB5F88C2153F817
:10C514002250284610F02CFD2946C2B22046FFF7CF
:10C524007DFE0346F0B9B4F80011F9291AD80520A4
:10C534004A1C605492B20E49A4F80021A518086858
:10C54400A0500A792A71B4F800114A1D92B2FF2A48
:10C55400A4F8002106D80631A354A4F80011184603
:10C5640002B070BD6FF00503F9E700BF744300200B
:10C57400CC15002070B516460D464FF4827200218A
:10C5840004460FF035FF46B1284610F0F1FC294669
:10C59400C2B22046FFF742FE90BB05F1400120469F
:10C5A400FFF76EFE60BB184BB5F84C2153F82250D0
:10C5B400284610F0DDFC2946C2B22046FFF72EFEC5
:10C5C4000346E8B9B4F80011F92919D805204A1C22
:10C5D400605492B20D49A4F80021A5180868A0502F
:10C5E4000A792A71B4F800114A1D92B2FF2AA4F8FC
:10C5F400002105D80631A354A4F80011184670BDD3
:10C604006FF00503FAE700BF74430020CC15002047
:10C614002DE9F04391F8027183B088460546B1F8DC
:10C6240000612FB1002E37D1002003B0BDE8F083A4
:10C6340000F10C0400F1200908E0FFF78BFDB04283
:10C6440002D2BDF8067006464C450ED034F8023FBF
:10C65400ADF80630002BF7D0286842460DF10601EC
:10C664000028EAD1B8F80001E9E7B6B9002FDBD019
:10C6740017490222AB883943286849BAADF8061035
:10C684000DF1060104F002FF0028CED1AB8802337D
:10C69400AB8003B0BDE8F0830027AB884146324647
:10C6A400286804F0F3FE0028BFD105F10C0333F829
:10C6B400022F42B101300A28F9D1AB881E44AE8062
:10C6C400002FD5D1B0E7AB8805EB4000C381F5E777
:10C6D40000C0FFFF08B5FFF7A3FB002380F851302B
:10C6E40008BD00BF08B5FFF79BFB002380F870303E
:10C6F40008BD00BFF0B50446006883B00D46164679
:10C704001F46002834D0A288B5F8003101890433CB
:10C7140012FA83F38B4237DC29462046FFF778FF71
:10C7240008B103B0F0BD72BAA3880DF10601206808
:10C73400ADF80620022204F0A9FE0028F1D1A38856
:10C744000222874214BF4FF4C0704FF480700DF181
:10C7540006011344ADF806009BB22068A38004F0E0
:10C7640095FE0028DDD1A3880233A38003B0F0BD79
:10C774004FF4207240F2AA51382004F0EFFB2060FD
:10C7840010B10C22A280BFE74FF0FF30C9E700BF11
:10C79400F0B50446006885B00D461746002851D010
:10C7A400B4F804C0B5F800110C9A0A310B9E89B292
:10C7B4008A1892B2002E18BF11460D9A1AB1B2F817
:10C7C4000021114489B26144028991424ADC3A460B
:10C7D40029462046FFF78EFF0A9B042203A91BBAB1
:10C7E40020680393A38804F051FE48BBA5880B9AE4
:10C7F400AB1D9BB2A3806AB1BDF830200B992068B1
:10C804000193009204F042FED0B9A188009A019BE2
:10C814000A44A2800D9A32B10D9920460093FFF785
:10C82400F7FE009B60B9A188043502222068C91A6A
:10C83400ABB249BAADF80A100DF10A0104F026FEB4
:10C8440005B0F0BD4FF4207240F2AA513820009395
:10C8540004F084FB009B206020B14FF00C0CA4F882
:10C8640004C09FE74FF0FF30EAE700BF10B5C2B045
:10C87400044601A8FFF796FD0123FF2201A92046E3
:10C88400FFF738FF42B010BD10B5C2B00446012214
:10C8940001A8FFF715FE0123FF2201A92046FFF797
:10C8A40029FF42B010BD00BF30B5ADF5077D0D4680
:10C8B4000446114604A80022FFF702FE45A8FFF72C
:10C8C400A7FD2B7B6BB1E3880BB10A220BE00C2292
:10C8D40045A92046FFF70EFF80B901230A22E38011
:10C8E40001E041F294120023204604AC45A9CDE9AD
:10C8F4000023CDE902340C22FFF74AFF0DF5077D32
:10C9040030BD00BF70B5C6B00D460446104616468D
:10C91400FFF786FA014605A8FFF744FD2B7B7BB1A0
:10C92400E38813B14FF00A0C0CE0012205A920465C
:10C93400FFF7E0FE98B901234FF00A0CE38001E011
:10C944004FF0780C204601960424AB7A002501228E
:10C9540005A9CDF800C0CDE90245FFF719FF46B09F
:10C9640070BD00BFF0B5ADF5097D17460D46012237
:10C974001946044606A81E46FFF7A2FD394647A8F5
:10C98400FFF710FD2B7B93B14FF001038DF81E329E
:10C99400E3880BB10A230BE0212206A92046FFF706
:10C9A400A9FED0B94FF00103E3800A2300E0782305
:10C9B40047AA009320460624039206A9B6F88EE1FE
:10C9C4002122AB7A04AD9EFA9EFE029400240195C6
:10C9D400ADF814E00494FFF7DBFE0DF5097DF0BD1E
:10C9E40070B51446ADF5067D0E4600222146054677
:10C9F40004A8FFF765FD2146012245A8FFF760FD65
:10CA0400337B6BB1EB880BB10A220AE00C2204A938
:10CA14002846FFF76FFE78B901230A22EB8000E075
:10CA24007822002345AC04A92846CDE90023CDE9AA
:10CA340002340C22FFF7ACFE0DF5067D70BD00BF7D
:10CA440030B5ADF5097D044610460D460592FFF755
:10CA5400E7F9014606A8FFF7A5FC059947A8FFF7E3
:10CA640039FC2B7B6BB1E3880BB10A220AE00C2260
:10CA740047A92046FFF73EFE80B901230A22E3803E
:10CA840000E07822204606ACAB7A47A90394002440
:10CA940000920C22CDE90144FFF77AFE0DF5097DE1
:10CAA40030BD00BFA9B130B5C3B00C4605460A7805
:10CAB40001A8FFF75FFD002394F84E2101A9284641
:10CAC400FFF718FE18B9EB8800200133EB8043B060
:10CAD40030BD0020704700BF70B51446C6B00122B7
:10CAE40005460E4605A82146FFF7EAFC4FF482727C
:10CAF400002120460FF07CFCD4F884311BB1D4F81B
:10CB0400881120469847337B6BB1EB880BB10A231D
:10CB14000AE0102205A92846FFF7ECFD88B9012395
:10CB2400EB800A2300E0782300931022B37A05A94E
:10CB340001942846B4F80041029400240394FFF7BA
:10CB440027FE46B070BD00BF2DE9F04F144685B0F6
:10CB54000D4607460190FFF763F9A9690090204646
:10CB6400FFF7A0FF064618B1304605B0BDE8F08FC8
:10CB74003846FFF755F9AB7B8146DF0600F1CA80E2
:10CB840009F13C0705F10F0809F1480957F8041F9A
:10CB940019B198F80030D8064BD44F4508F1010874
:10CBA400F4D1AB7C13F0010940F0BE809A074FD456
:10CBB400009B05F11408039603F13C0A47464833E9
:10CBC400D34602935BF8046F56B13A78D3066FD418
:10CBD400900678D4510600F18280130600F18C800F
:10CBE400029B01379B45EDD195F90230039E002B42
:10CBF40028DB63894B44DDE9019763815AF8043FDC
:10CC04007BB198F8002090064AD551062AD5120621
:10CC14003AD5AB7CDB0704D4D9F80030002B40F0C4
:10CC24008E80BA4508F10108E8D1304605B0BDE868
:10CC3400F08F2046FFF728FE002866D1E3880133F1
:10CC4400E380AAE723894B44DDE901972381D5E7F3
:10CC5400019A29462046FFF7F3FE002855D109F131
:10CC64000109A5E7009A294620460193FFF77AFEB9
:10CC740000284AD1A289019B0132A28198F90010AF
:10CC840098F8002081420BDB1A4629462046FFF71C
:10CC940023FF002839D1A3890133A38198F8002008
:10CCA400AB7C02F0600203F005011143B9D0B1E797
:10CCB400324629462046FFF7F7FD30BB3A7809F1A2
:10CCC4000109900686D5324629462046FFF788FE9C
:10CCD400D8B93A7809F1010951067FF57EAF334698
:10CCE400009A29462046FFF73DFE70B93A7809F1CB
:10CCF400010913067FF574AF324629462046FFF733
:10CD0400EBFE10B909F101096AE70646304605B0A1
:10CD1400BDE8F08F01462046FFF7A8FD0028F4D1B6
:10CD2400E3880133E3802BE7019A29462046FFF785
:10CD3400E9FD0028E9D1AB7C4FF0010936E74A460A
:10CD440029462046FFF7DEFD0028DED1A389013302
:10CD5400A38166E770B592B004460D4624220021F3
:10CD640008A80FF045FB08AA21462846FFF7ECFE69
:10CD7400034600283CD1089800283FD0A2781E46DC
:10CD8400BDF82A108DF8122049BABDF82C20BDF840
:10CD940026E089B252BABDF828C09EFA9EFE92B22D
:10CDA4008DF8133061F30F031FFA8EFE9CFA9CFC7E
:10CDB40004A962F31F4322881FFA8CFC6EF30F064A
:10CDC40052BA06936CF31F46ADF810200C22059658
:10CDD40004F008FBBDF82410089804F045F9FFF7A7
:10CDE40027F82389221D0899009508F039FA03468B
:10CDF400089818B1039304F047F8039B184612B03F
:10CE040070BD00BF38B50546FFF70AF890F85130F9
:10CE1400044663B32946274807F068FF2A46254994
:10CE24004FF47A7007F034FF012294F8523084F8FA
:10CE340051204BB32946204807F058FF2A461E4983
:10CE4400FA2007F025FF012294F8703084F852206C
:10CE540033B32946194807F049FF2A46174947F2D0
:10CE6400305007F015FF012384F8703038BD2A468E
:10CE740010494FF47A7007F00BFF012294F85230F6
:10CE840084F85120002BD5D12A460B49FA2007F00B
:10CE9400FFFE012294F8703084F85220002BD8D180
:10CEA4002A46064947F2305007F0F2FE012384F87F
:10CEB400703038BDA59E000091A60000B59E00000C
:10CEC40010B582B00446FEF7ABFF002190F8502065
:10CED40080F852100AB902B010BD034621465430FE
:10CEE4000193FFF737FF019B02460028F3D1204648
:10CEF400A3F8542083F85620C3F85E20C3F86220B8
:10CF0400C3F8662083F86A2083F8502002B0BDE895
:10CF14001040FFF777BF00BF70B500F1FF3C054636
:10CF24001646481E04E0A24215D1DD4215D0A1B137
:10CF34001CF8011F10F801EFA6EB0C0341F02002CE
:10CF440071454EF0200403F1FF33A2F1610EECD0E1
:10CF5400BEF1190FE7D9012070BD002070BD00BFDC
:10CF640008B503F01FFA03F093FA03F00FFB07F080
:10CF740035FF04F0EDFB02F049F909F063FABDE86E
:10CF8400084007F051BE00BF38B505460C46144AA8
:10CF940064211448FEF79CFE5DB1E4B12B6AB3B979
:10CFA40023606360A360E36023616361A3612C6217
:10CFB40038BD0C4B65220C490C480FF04DF800208D
:10CFC4000EF012FF0120FEF777FE0AF063FD054B19
:10CFD40067220749F0E7034B66220649ECE700BFE6
:10CFE400983D0020F8150020501600200013002062
:10CFF400701600206016002030B5054683B0274A1D
:10D00400F92127482C6AFEF763FE95F83D30DB07CB
:10D014003ED57CB3237913B1002003B030BD04F1B5
:10D024000801204A2846019109F0ECFB4FF6A96358
:10D03400228801999A4206D1012322682846237145
:10D0440009F010FCE8E76A8F174BD3182A6A527963
:10D054001A44164B92B21343154A934212D803F55D
:10D064007E431BBA2846236001232268237109F0FA
:10D07400F9FBD1E71C21012003F0DCF9044650B18F
:10D084002862C7E70B4A934288BFA3F57E43E8E7CB
:10D094006FF00F00C1E74FF0FF30BEE79C3C00206B
:10D0A400F815002089A800000001FEA90000FEA9CF
:10D0B400FF00FEA9FFFEFEA90129D0F820C038D048
:10D0C400022910B5044684B00FD061B94FF6FF723F
:10D0D4004FF0020E039103AB0292614602AA8CF850
:10D0E40004E003F055FC04B010BD9CF805300021A9
:10D0F400134A0133CCF8001040F259118CF8053072
:10D10400036A10480193FEF7E3FD019B002BEAD06C
:10D114004FF000021A714FF6A96322889A42E2D1B5
:10D12400094B20461A46194604B0BDE8104003F0E6
:10D134002FBC9CF8053001338CF80530FFF75CBF39
:10D14400D03B0020F8150020D0430020704700BFDA
:10D15400036A0BB11A7902B9704710B582B004465C
:10D164000C4A40F259110C480193FEF7B1FD019BA2
:10D1740000214FF6A96219712388934201D002B0AD
:10D1840010BD064B20461A46194602B0BDE81040B1
:10D1940003F0FEBBD03B0020F8150020D043002054
:10D1A400006A20B10A6803689A4201D000207047DF
:10D1B4000079A0F10200B0FA80F04009704700BF86
:10D1C4002DE9F843002972D0B0FA80F84FEA5818D4
:10D1D40000286CD0154607460C464FF420724FF4D5
:10D1E4009A713820994603F0B9FE064600285ED0AD
:10D1F4004389B3F59A7F66D3032D3FD0A379002BDF
:10D2040059D0384B186873684FF49A722060002123
:10D2140018460FF0EDF840F201120346028097F829
:10D224003C208270226812BA4260EA1F012A47D861
:10D234003A68DA6007F1350107F13B0403F11B0C8E
:10D2440011F801EFA1420CF801EFF9D163226FF05C
:10D254007D0183F8F250304683F8EC2083F8EF2008
:10D2640040F2351283F8ED105321A3F8F020032285
:10D2740083F8EE10A9F80020BDE8F8836379032B46
:10D28400BCD043684FF49A72414618460FF0B0F888
:10D2940040F201120346028097F83C208270226813
:10D2A40012BA42606279043A012AC3D8C0E7002660
:10D2B4003046BDE8F883FEF735FD0A4B1860A2E757
:10D2C400032DB7D1EEE7084B40F27B7207490848BB
:10D2D4000EF0C2FE40460EF087FD0120FEF7ECFC86
:10D2E4000AF0D8FBF0FD002098160020EC16002070
:10D2F4000013002070B5194D2C78CCB9184E336842
:10D30400D3B908F0ABF8306028B3427A154942F03B
:10D3140020024272442207F07FFE43221149306802
:10D3240008F02CF822461049306808F05BF82C7895
:10D33400013400202C7070BD0C4B4FF48A720C49E0
:10D344000C480EF089FE20460EF04EFD0120FEF73B
:10D35400B3FC0AF09FFB4FF0FF3070BD1FFE0020AE
:10D3640098660020D0430020A1B100009816002048
:10D374002C17002000130020002800F08880C169C9
:10D38400002900F084808B6A0022B3F1FF3F00B5CE
:10D3940083B04A8207D01E33B3F5701F43D23B2BB0
:10D3A4006FD801238B82CB6A5A1C07D01E33B3F586
:10D3B400701F3FD23B2B54D801233DE04B890A6BAD
:10D3C400B2F1FF3F09D01E32B2F5701F37D23B2AAB
:10D3D4004DD84FF0000C012235E0B1F80CC00CF12F
:10D3E400FF3C1FFA8CFC634531D8CB79DB0713D59E
:10D3F4000B6A4A7900930A2A4B6A019305D04FF0CD
:10D404000A020023A1F805200B8101AB6A461C31F6
:10D4140003F0BEFA03B000BD91F91C300A7F002B63
:10D4240018DBFF23E5E74FF6FF738B82CB6A5A1CA8
:10D43400BCD1C3E74FF6FF734B81CB81BFE74FF6F7
:10D44400FE7C4FF6FF7263458A810A82CDD90023A0
:10D454004B81CAE7BF2A4FF6FF7388BF6FF07F4343
:10D46400C7E70B4AA2FB0323C3F34F13E4E7DFF838
:10D4740020C0ACFB02C2520902F1FF3C1FFA8CFC33
:10D48400E1E7A2F17732A2FB03235B09CDE7704702
:10D494008988888808B540F2A152064B0649074896
:10D4A4000EF0DAFD00200EF09FFC0120FEF704FCD4
:10D4B4000AF0F0FA981600205417002000130020F8
:10D4C40008B540F2AD52064B064907480EF0C4FDBC
:10D4D40000200EF089FC0120FEF7EEFB0AF0DAFAD8
:10D4E40098160020981700200013002008B5034662
:10D4F4000430442803D812BA80B2CA5008BD074B7E
:10D5040040F2BE52064907480EF0A6FD00200EF078
:10D514006BFC0120FEF7D0FB0AF0BCFA9816002041
:10D52400D017002000130020114A10B5147882B0DF
:10D5340074B1631EDBB213700BB102B010BD0D4C9D
:10D544000193206807F060FF019B236002B010BDC7
:10D55400094B4FF49772094909480EF07DFD2046A6
:10D564000EF042FC0120FEF7A7FB0AF093FA00BF7D
:10D574001FFE002098660020981600200C1800203A
:10D5840000130020244B002210B5DC7882B0C0E9DF
:10D59400082214B1214AD26882621A79002A38D04A
:10D5A4001E4A12695C79C262002C2DD01B4A526952
:10D5B40002639C790969C279C16114B3174942F0C5
:10D5C4000102896909BA0162C271DA791AB1134A8E
:10D5D400D26912BA42621A7A8AB1104C002001A9A7
:10D5E400226A12BA019208F02FFF0B4B5B7A33B117
:10D5F400636A01A901201BBA019308F025FF02B058
:10D6040010BD02F0FE02DFE7826AC2EBC202D2085A
:10D61400CEE7826A5208C5E79C660020A86600200F
:10D624008AB310B582B00C460090104601920FF0F8
:10D634009FFC009B20B3C3F1410C019A604532D892
:10D64400FF283FD803F1020C00EB0C0EBEF1440F8F
:10D6540047D803F1010E0C211FFA8EFEE154611E1E
:10D66400634604F80E001044614401E0442B0BD0DF
:10D6740012F801CB013382429BB201F801CFF5D1FC
:10D68400184602B010BD7047174B40F2AD5217490F
:10D6940017480EF0E1FC00200EF0A6FB0120FEF777
:10D6A4000BFB0AF0F7F9104B40F2D2521149104823
:10D6B4000EF0D2FC00200EF097FB0120FEF7FCFADE
:10D6C4000AF0E8F9084B40F2D4520A4908480EF02F
:10D6D400C3FC00200EF088FB0120FEF7EDFA0AF0EF
:10D6E400D9F9FFF7D7FE00BF98160020981700203D
:10D6F4000013002030180020F0B5C46987B0054637
:10D70400A379082B00F29B8062790023062AE36147
:10D7140004D04FF006022381A4F805200DF116036E
:10D72400012221462846FFF74BFD064600286DD00E
:10D73400BDF81620101D442800F28480776802F199
:10D74400010C4FF0390E80B207F1F0011FFA8CFC86
:10D7540001F802E04FF0020E039101F80CE002EB35
:10D764000E0CB5F834E003321FFA8CFC4FEA1E238A
:10D7740092B201F80C3001F802E02A6BFFF750FF77
:10D7840000F1060EBEF1440F5CD807F1EF0C831CC8
:10D79400421C03994FF037079BB292B20F540420F6
:10D7A4001FFA8EFE9C448854274802780CF8012FF7
:10D7B4001A4601339BB2734505D0442B00F1010096
:10D7C400F3D1FFF77DFE901C4FF0FF0C80B201F8FF
:10D7D40003C0432807D8C2F142020844002192B290
:10D7E4000EF006FE442000F1F001304689B203F049
:10D7F4003BFC1649164A43230095086831460192BA
:10D80400144A07F08BFC304603F03EFBA379FF2B50
:10D8140011D00133DAB2052AA2710CD84FF47A730D
:10D824000D49934003F2F3139BB2A1FB03135B096D
:10D83400238107B0F0BD7823238107B0F0BDFFF743
:10D84400DBFB61E7FFF726FE7003002098660020EB
:10D85400D0430020D4430020D34D6210002800F0B0
:10D86400AA80F0B5C46987B0002C00F0A080637969
:10D87400012B05D04FF001020023A4F805202381D9
:10D884000DF11603032221460546FFF799FC0646CF
:10D89400002879D0BDF81600011D442900F28C80BF
:10D8A4007268431C02F1F007039239229BB23A5486
:10D8B4000222FA548218B5F834C0C31C92B29BB247
:10D8C4004FEA1C2E07F802E007F803C000F10A0330
:10D8D400442B71D8431D322206307A549BB2042261
:10D8E40080B23946FA54E26912BAFFF7FFFD831D8C
:10D8F400442B61D840F2364339463B520230A26988
:10D9040080B212BAFFF7F2FD811D442954D8039B5B
:10D9140040F2374289B2F1333A52284A0344023082
:10D92400013092F800C080B203F801CF884205D0DC
:10D93400442802F10102F3D1FFF7C2FD2A6B3946F4
:10D94400FFF76EFEFF2302463B54013080B24328AA
:10D9540007D8C2F143023844002192B20EF048FDC8
:10D96400442000F1F001304689B203F07DFB1449F4
:10D97400144A43230095086831460192124A07F07D
:10D98400CDFB304603F080FAA379FF2B11D001338D
:10D99400DAB2052AA2710CD84FF47A730B4993407A
:10D9A40003F2F3139BB2A1FB03135B09238107B0BA
:10D9B400F0BD7823FAE77047FFF76CFD7003002091
:10D9C40098660020D0430020D4430020D34D621039
:10D9D400A04B2DE9F04F5D6814468BB0EA69002A2C
:10D9E40000F0AE801379002B00F0AA80B4F80AC0CE
:10D9F400BCF12B0F40F2A480D4F804E09EF8003070
:10DA0400022B40F09D8095F83C60D6B10EF11B01CD
:10DA1400F046E14605F1350000231746AE46B4460C
:10DA240010F8015F11F8012F954240F0898001330D
:10DA3400DBB2634501D2062BF2D175463A46C6469F
:10DA4400CC46DEF8043011681BBA8B4278D100232F
:10DA540081494FF0F00A04920B810393C1E900332A
:10DA64002946B4F808E0224655460BE01268002A1D
:10DA740066D0A5EB0C05AEEB0C0EB2F80AC0ADB245
:10DA84001FFA8EFEAC45F1D9AE4540F2428153688F
:10DA94009446A346079199462B4619F80310FF298B
:10DAA40000F035819C1CA4B29C4248D35A1CBCF89B
:10DAB4000A00824280F2228109EB03056D783B293A
:10DAC40044D8DFE811F05F000F0143000101430077
:10DAD4004300ED0043004300430043004300430080
:10DAE400430043004300430043004300430043001A
:10DAF400430043004300430043004300430043000A
:10DB040043004300430043004300430043004300F9
:10DB140043004300430043004300430043004300E9
:10DB2400430043004300430043004300E100CD00B1
:10DB3400BB00B100430043004300A70061005C4602
:10DB440020460BB0BDE8F04F03F09EB9EA184FF63B
:10DB5400FD739A42F3DC2C44A4B223468342C0F002
:10DB6400D3801B1AAEEB00009BB21FFA80FE7345F4
:10DB7400E5D2DCF800C0BCF1000FE0D0DCF80420F2
:10DB840091468AE793B2E9E7042DD8D14FF6F970AC
:10DB94008342D4D8063305269BB200202E49E046A2
:10DBA40009902E48CDE905E300EB860723468C193E
:10DBB40027E0042D2A4609A9404628BF04220293DF
:10DBC400019203F0D1FB019A8242B8D1042D40F2B4
:10DBD4003B8115F00300B2D14FF00103099A04F818
:10DBE400013B12BA029B3A601A1D92B29A42A6D322
:10DBF400731C043D04370A2B1E46EDB200F08C81E1
:10DC040013462278002AD4D0DDE905E3C446BCF8E3
:10DC14000A00A3E7042D92D14FF6F97083428ED8FF
:10DC240006332E469BB2B8E7042D88D14FF6F9701F
:10DC3400834284D8063302269BB2AEE7012D7FF4DB
:10DC44007EAF4FF6FE7082423FF479AF03332E4627
:10DC54009BB2A2E7A46B00209C660020A86600206B
:10DC6400BAF1F00F7FF46BAF681E18BF01200028D3
:10DC74007FF465AF4FF6FE75AA423FF460AF0333FD
:10DC8400064601259BB288E7042D7FF458AF4FF672
:10DC9400F97083423FF653AF063303269BB27CE709
:10DCA400AA077FF44CAFEA184FF6FD739A423FF788
:10DCB40046AF2B199BB2002D3FF450AF082D4FF007
:10DCC400080628BF082568E7032D7FF638AF2B44E4
:10DCD4004FF6FD7083423FF732AF2B190726042518
:10DCE4009BB25AE7042D7FF42AAF4FF6F9708342B2
:10DCF4003FF625AF063306269BB24EE7DCF800500C
:10DD040025B36D682D78DAE67345FFF4C6AE07993E
:10DD14005C46894B1B7863B1884B002286481B689C
:10DD24000270012B00F0A280022B06D0032B00F01E
:10DD34009B80039B002B00F09E8000234FF06C0E11
:10DD44004FF02C0A0393B4F80AC08CE63B293FF643
:10DD540004AF01A353F821F055B300000FB3000042
:10DD64002BB300000FB300002BB300002BB3000053
:10DD74002BB300002BB300002BB300002BB3000027
:10DD84002BB300002BB300002BB300002BB3000017
:10DD94002BB300002BB300002BB300002BB3000007
:10DDA4002BB300002BB300002BB300002BB30000F7
:10DDB4002BB300002BB300002BB300002BB30000E7
:10DDC4002BB300002BB300002BB300002BB30000D7
:10DDD4002BB300002BB300002BB300002BB30000C7
:10DDE4002BB300002BB300002BB300002BB30000B7
:10DDF4002BB300002BB300002BB300002BB30000A7
:10DE04002BB300002BB300002BB300002BB3000096
:10DE14002BB300002BB300002BB300002BB3000086
:10DE24002BB300000FB300000FB300000FB30000CA
:10DE34000FB300002BB300002BB300002BB3000082
:10DE44000FB300000FB30000DDE905E3C44608D0BA
:10DE54009DF82400394941F82600012036498855A7
:10DE6400D5E6099800BAF5E7012303934FF0EC0EC9
:10DE74004FF06C0A67E7304B0D46049A5B78002B31
:10DE84003FF45EAE2D4861680379052B19D0062B4B
:10DE940027D0022B7FF454AE5379062B7FF450AE77
:10DEA400254B9B78002B3FF44BAE8268EB690398BB
:10DEB40012BA188128469A610A69DA61FFF7CEFC22
:10DEC4003EE6537903F0FD02012A03D0043B012B03
:10DED4003FF636AEE869FFF755FB2846FFF74CFAE4
:10DEE4002EE65379DA1E022A02D9012B7FF428AEDA
:10DEF400EB695A790C2A05D04FF00C010022A3F8E3
:10DF040005101A810E4B28461A46194602F040FDA8
:10DF14002846FFF7F1FB13E604460A4B40F2816200
:10DF240009490A480EF098F820460DF05DFF0120DB
:10DF3400FDF7C2FE09F0AEFD9C660020A866002035
:10DF4400D0430020981600204C1800200013002015
:10DF54002DE9F043C46985B007466379032B05D0E6
:10DF64004FF003020023A4F8052023810DF10E03D2
:10DF7400032221463846FFF723F9064600287CD0C1
:10DF8400BDF80E00011D442900F29480756800F16B
:10DF9400010C821C4FF0020E05F1F0081FFA8CFCF4
:10DFA40092B2C31C4FF039099BB208F8009008F8EC
:10DFB4000CE008F802E0402208F8032000F10A030C
:10DFC400442B77D8431D3222063008F801209BB237
:10DFD4000422414680B208F80320E26912BAFFF72E
:10DFE40085FA811D442965D840F2374205F1F103D1
:10DFF40089B228F8002003442F4A023001301578F2
:10E0040080B203F8015F884212D0442802F1010271
:10E01400F4D12A4B40F2AD5229492A480EF01CF89B
:10E0240000200DF0E1FE0120FDF746FE09F032FD6F
:10E034003A6B4146FFF7F4FAFF23024608F8003032
:10E04400013080B2432807D8C2F143024044002182
:10E0540092B20EF0CDF9442000F1F001304689B2BD
:10E0640003F002F8184A0097432310683146174A10
:10E0740007F0F6F8304602F007FFA379FF2B14D01F
:10E084000133DBB2092BA3710FD8C3EB4311104A40
:10E0940003EB8103DB0003F2F3139BB2A2FB032324
:10E0A4005B09238105B0BDE8F0831423238105B007
:10E0B400BDE8F083FFF7EEF9700300209816002006
:10E0C400981700200013002098660020D4430020F5
:10E0D400D34D621038B505460C46154A40F2F72177
:10E0E4001448FDF7F5FD55B1ECB1E969B1B9342235
:10E0F40020460EF07DF90223E371EC6138BD0D4B2F
:10E104004FF43E720C490D480DF0A6FF00200DF0AF
:10E114006BFE0120FDF7D0FD09F0BCFC054B40F27D
:10E12400FA220749EFE7034B40F2F9220549EAE7EF
:10E13400F83D0020981600205016002000130020FF
:10E14400701800206018002070B50546234A40F27C
:10E154002D312348FDF7BCFD002D3CD095F83D3012
:10E16400DA0738D5AB8EB3F5107F31D3EC6934B30D
:10E1740023790BBBE67934220021204606F00206FF
:10E184000EF036F9E671FFF7B5F8064600BB01223A
:10E19400227195F83D20530709D46279022A04D0EC
:10E1A4004FF002022081A4F80520304670BD2846B5
:10E1B400FFF7A2FA304670BDFFF7B6F9DAE734206C
:10E1C40002F0F4F8044618B10023C371E861D1E702
:10E1D4004FF0FF36E9E76FF00F06E6E7AC3D0020AD
:10E1E4009816002008B5C3692BB15A79052A03D8BB
:10E1F400022A03D852B908BD0A2A05D100229A710D
:10E20400BDE80840FFF7A4BE0C2A05D800229A7185
:10E21400BDE80840FFF770BA074B40F2BE32074929
:10E2240007480DF019FF00200DF0DEFD0120FDF779
:10E2340043FD09F02FFC00BF98160020941800201D
:10E24400001300202DE9F041054686B0574A40F2FC
:10E254008F41EC695648FDF73BFD6379052B05D0EA
:10E264004FF005020023A4F8052023810DF11603C5
:10E27400032221462846FEF7A3FF0646002800F0A5
:10E284009080BDF81600071D442F00F28D80D6F84B
:10E2940004E03922431C0EF1F0019BB20A5402221D
:10E2A400CA548218B5F834C0C31C92B24FEA1C2871
:10E2B4009BB201F8028001F803C000F10A0CBCF122
:10E2C400440F71D8431D37221FFA8CFC9BB2CA55E8
:10E2D4000422CA5400F1F503364A06301EFA83F3C9
:10E2E400013092F800E080B203F801EF604512D0EB
:10E2F400442802F10102F3D12D4B40F2AD522E49D4
:10E304002E480DF0A9FE00200DF06EFD0120FDF752
:10E31400D3FC09F0BFFB2A6B0391FFF781F9FF23BC
:10E32400039902460B54013080B2432807D8C2F146
:10E3340043020844002192B20EF05AF8442000F13E
:10E34400F001304689B202F08FFE1D4A0095432346
:10E354001068314604F1180206F082FF0546304683
:10E3640002F092FDA379FF2B15D00133DBB2092B08
:10E37400A37110D8C3EB4311124A284603EB81035F
:10E384001B0103F2F3139BB2A2FB03235B0923815A
:10E3940006B0BDE8F08128232846238106B0BDE8F5
:10E3A400F0814FF0FF35DDE7FFF774F8AC3C002057
:10E3B40098160020700300209817002000130020F6
:10E3C40098660020D34D621070B5054686B03F4A6A
:10E3D40040F23351EC693E48FDF77AFC002C64D0DE
:10E3E4006379002B61D00023EA69A169A3620591D6
:10E3F400C4F80E30C4F81230C4E90633C4E9083353
:10E40400C4E90B33002A52D053791A1F012A01D9C7
:10E414000A2B4CD100210DF1120307222846A4F83F
:10E42400051021812146FEF7CBFE0646002834D094
:10E43400BDF81200831D442B46D87168431C362254
:10E44400F0319BB20A54042202300391CA54059A53
:10E4540080B212BAFFF74AF8FF23039902460B541D
:10E46400013080B2432807D8C2F143020844002196
:10E4740092B20DF0BDFF442000F1F001304689B2A4
:10E4840002F0F2FD134A009543231068314605AAB1
:10E4940006F0E6FE304602F0F7FC0F4B28461A461B
:10E4A400194602F075FA237943B906B070BD00230A
:10E4B400A4F8053023812379002BF6D0FFF734F834
:10E4C4000023237106B070BDFEF7E4FFDC3B00209F
:10E4D4009816002098660020D0430020784B2DE940
:10E4E400F0411D6886B09DB1EC698CB163797BB154
:10E4F400A18A29B1628A013292B29142628278D0B1
:10E50400228A42B9E2891AB1511E012AE18179D0E5
:10E5140006B0BDE8F081511E012A2182F2D15A1EB3
:10E52400D2B2092AF4D840F2192121FA02F2D20710
:10E53400EED5042B05D04FF004020023A4F80520E7
:10E5440023810DF11603032221462846FEF738FEE7
:10E554008046002800F09280BDF8160000F1040EF9
:10E56400BEF1440F00F2AA80D8F804603922431C9B
:10E5740006F1F0019BB20A540222CA548218B5F87B
:10E5840034C0C31C92B24FEA1C279BB28F5401F8CB
:10E5940003C000F10A0CBCF1440F00F28F80431D4C
:10E5A40037221FFA8CFC9BB201F80E200422CA54B5
:10E5B40000F1F502434B063016FA82F2013093F86B
:10E5C40000E080B202F801EF604532D0442803F144
:10E5D4000103F3D13C4B40F2AD523C493C480DF0B1
:10E5E4003BFD00200DF000FC0120FDF765FB09F068
:10E5F40051FA2846FFF7E8FE284606B0BDE8F04188
:10E60400FFF7A2BD013BDBB2092B81D840F21122F6
:10E6140022FA03F3DB077FF57BAF2846FFF712FEF0
:10E62400A389628A9B1A012B7FF772AF5B10E38187
:10E634006EE72A6B0391FEF7F3FFFF22039903466B
:10E644000A54013080B2432807D8C3F14303084475
:10E6540000219AB20DF0CCFE442000F1F0014046B6
:10E6640089B202F001FD1B4A00954323106841461C
:10E67400194A06F0F5FD404602F006FCA379FF2B8B
:10E684001AD00133DBB2092BA37115D8C3EB4311A4
:10E69400124A03EB8103DB0003F2F3139BB2A2FBE8
:10E6A40003235B09A28A618A2381531A012B7FF712
:10E6B4002FAF5B1023822BE71423F3E7FEF7EAFE68
:10E6C4001C9C00207003002098160020981700203E
:10E6D4000013002098660020D4430020D34D62101C
:10E6E400224B186840B1C36933B11A89012A02D98F
:10E6F400013A1A81704700D070475A790021013AD3
:10E7040019810B2AF8D801A151F822F01BBF00008F
:10E71400C9BE000011BF0000C9BE0000C9BE000090
:10E724000DBF0000C9BE0000C9BE0000C9BE000084
:10E73400C9BE0000C9BE00000DBF0000FEF7DCBF6B
:10E744009B79012BFAD8FFF703BC9B79052B01D8E1
:10E75400FFF784B800B583B00190FFF735FE019848
:10E7640003B05DF804EBFFF7EFBC00BF1C9C002076
:10E77400F0B585B00446BDF83450002847D00E46A5
:10E7840017461C214FF420721020039302F0E6FB7D
:10E794000146002838D04289039B1B2A4BD9426882
:10E7A4006DBAD58094F83C0006283FD1186840F62D
:10E7B40006050391906040F206409B8893810B9B71
:10E7C4001B68C2F812300B9B9B88D3820A9B1B6880
:10E7D400C2F80E300C9B1B68908093610A9B1888CA
:10E7E400174B13604FF6A9633246009598422046B2
:10E7F4000CBF144B3B4606F0F1FE0399084602F0A9
:10E8040043FB002005B0F0BD4FF0FF30FAE70E4B9C
:10E814004FF48C620D490E480DF01EFC00200DF0E3
:10E82400E3FA0120FDF748FA09F034F9064B40F207
:10E8340072420849EFE7044B40F26B420649EAE7AB
:10E8440000010800C0430020A81800205016002032
:10E854000013002034190020001900202DE9F04F86
:10E8640000230A2585B0514C2F4698462246AC46D3
:10E87400AB460191CDE9023304E0F446013318328A
:10E884000A2B1BD0BCF10A0F0FFA83FE92F81490E6
:10E894003FD1B9F1000FF0D018B1066851688E422B
:10E8A4006AD0B9F1010FB2F812A036D0C245E5D34F
:10E8B4000133D046774618320A2BE3D1019E5946DC
:10E8C400012E5BD1BCF10A0F80462FD10A2F37D01D
:10E8D40007EB47033D4654F83330002B51D105EB89
:10E8E400450200216B00BC4604EBC2021175B8F16D
:10E8F400000F05D05A19D8F8001004EBC202516079
:10E904002B44002204EBC3046282604605B0BDE8D8
:10E91400F08FB9F1000FB1D0BEE7116809B30299C5
:10E924008A45ABD37546CDF808A0A7E70CEB4C039A
:10E93400654604EBC3031B7D93BB4FEA4C03D6E748
:10E944000A2915D001EB41060D4654F8360030B1C2
:10E95400019102F099FA0023019944F836300F46E8
:10E96400BDE703998A4589D3F346CDF80CA085E722
:10E974000A2D03D02946E5E7F446C6E74FF0FF3CED
:10E98400C3E70B4B4FF4B7720A490B480DF064FB15
:10E9940000200DF029FA3046FDF78EF909F07AF8D7
:10E9A400034B40F285120549EFE700BFA065002044
:10E9B400A8180020781900200013002090190020C6
:10E9C4002E4B02EB4202F0B503EBC2050F4687B0B3
:10E9D400297D012943D9D2000229044602F10C0CF5
:10E9E4000CEB03060CD004F136014FF400650A4623
:10E9F400334639462046009506F0F0FD07B0F0BDD9
:10EA0400698AB1F58E7F17D8B1F5877FEBD30432CD
:10EA140000F1360100901A44012305910393184B29
:10EA24000292324601930B46FFF7A2FE0599002895
:10EA3400DBD103232B75D8E7043200F136010090B3
:10EA44001A440123059103930D4B029201930B4643
:10EA54000C4AFFF78DFE05990028C6D1E9E70A4B59
:10EA640040F2EF2209490A480DF0F6FA00200DF0B1
:10EA7400BBF90120FDF720F909F00CF8A06500208E
:10EA8400C8430020C0430020A8180020BC1900205F
:10EA94000013002070B51D4C84B0002604F1F0056D
:10EAA4000AE0012A1FD0032A2CD0042A01D1022310
:10EAB40023741834AC4214D0227C002AF9D0E389A0
:10EAC40001339BB2B3F5967FE381EAD354F8040C87
:10EAD40018B102F0D9F944F8046C26741834AC4225
:10EAE400EAD104B070BD042BF0D803926068084AE0
:10EAF40000F13603029401921946064A0090FFF78A
:10EB040037FED6E704232374D3E700BFA4650020AF
:10EB1400C8430020C04300200D4B10B503F1F001A1
:10EB240082B004461A7D12B19A68A24204D0183306
:10EB34008B42F7D102B010BD186830B1019302F0D6
:10EB4400A3F90022019B03491A6000221A75EEE71B
:10EB5400A0650020906600202DE9F0470E4688B09D
:10EB64000546554A40F289215448FDF7B1F8002E74
:10EB74007DD06C682388B3F5807F02D12379062B7E
:10EB840005D0284608B0BDE8F04702F07DB96379A6
:10EB9400042BF6D16388082BF3D12146304607F0C5
:10EBA400F9FED4F80E3032680793002A62D19246F7
:10EBB40004F108080227914696F83C20062A6CD1F5
:10EBC400002B3CD031461846059300F0EBFEB0BB59
:10EBD400059B03F0F003E02B31D00590394607A8DC
:10EBE400FFF73CFE431C2AD0DFF8DCC000EB4000FA
:10EBF4000223059A0CEBC00E8EF81430C300CEF835
:10EC0400086003F10C01D8F800004CF801006144DD
:10EC1400B8F8040088805CF80310AEF8122071B1D3
:10EC24004CF803204FF4006306F13602304600939B
:10EC34004346059106F0D2FC059802F025F9E388D5
:10EC4400B3F5807F9DD18AF0010319EA030F98D0B0
:10EC5400022106F1360342463046039107A9CDF856
:10EC64000480029119460096FFF782FD89E708B0F7
:10EC7400BDE8F087A169A2EB030A04F10808BAFA17
:10EC84008AFA8A424FEA5A1A03D14FF0010901273E
:10EC940092E74FF0000902278EE7084B4FF4D57234
:10ECA400074908480DF0D8F900200DF09DF801201F
:10ECB400FDF702F808F0EEFEB83C0020A81800208A
:10ECC4000C1A002000130020A0650020002900F089
:10ECD400B4800B68002B00F0B0802DE9F0410546AC
:10ECE40086B00C4601461846174600F05BFE002825
:10ECF40040F08980236803F0F003E02B00F0838068
:10ED040001212046FFF7AAFD411C064664D04C4A67
:10ED140000EB400805F1360302EBC80898F814200C
:10ED2400EAB90122C8F808501946284688F8142080
:10ED340000950593CDE90242424A0192424AFFF707
:10ED440017FD0038059B18BF0120404227B198F8F1
:10ED54001420012A25D806D006B0BDE8F081002F82
:10ED640054D0012A1DD13B4605E01A7B52062BD410
:10ED74001B68002B35D059891A899142F5D11A683C
:10ED8400002AF2D0314B40F2FA32314931480DF0C9
:10ED940063F900200DF028F80120FCF78DFF08F03E
:10EDA40079FE1A46264C06EB46033946284604EB00
:10EDB400C3034FF4006400940C33274C267006F010
:10EDC4000DFC06B0BDE8F0813A464FF420711020E6
:10EDD40002F098FB074638B94FF0FF3006B0BDE8A3
:10EDE400F081384602F0BEF906EB4603144A52F8A5
:10EDF400330008B102F048F806EB4606104B43F81E
:10EE040036700020A8E76FF00F00A5E7012228461E
:10EE14001946029403920B4A009501920A4AFFF79D
:10EE2400A7FC0028D8D11823054A03FB06231B7D21
:10EE3400012BE6D1A8F81200E3E76FF00F0070474A
:10EE4400A0650020C8430020C0430020A81800206B
:10EE5400301A00200013002023FE002070B5054660
:10EE640084B014460E46554A40F21E315448FCF70D
:10EE74002FFF002D00F09380002E00F08180002CE5
:10EE84006FD02946206800F08DFD002857D12368F3
:10EE940003F0F002E02A38D02A6869685A400A422E
:10EEA4000ED09BB24FF6A962934209D07368DB6817
:10EEB4009BB2934204D0AB68002B4FD005F10804F9
:10EEC400DFF818C13F4B9CF8002002EB420103EB32
:10EED400C103197D012903D95B68216899423AD09D
:10EEE400384B00201A7D012A03D921685A689142BF
:10EEF40027D0013018330A28F4D132462146284657
:10EF040004B0BDE87040FFF7E1BE01216388627878
:10EF1400ADF808105E2102F07F02ADF80C3002ABB0
:10EF24008DF80A108DF80B204FF4006405F13602B9
:10EF340031462846009406F051FB04B070BD224BC4
:10EF4400F2E7C2B2314628468CF8002004B0BDE88E
:10EF54007040FFF735BD31462846F7E76FF00300F0
:10EF6400EBE7174B40F22132184919480DF074F8B9
:10EF740020460CF039FF0120FCF79EFE08F08AFDC4
:10EF84000F4B4FF44872134911480DF065F83046A1
:10EF94000CF02AFF0120FCF78FFE08F07BFD084BE4
:10EFA40040F21F320C490A480DF056F828460CF07E
:10EFB4001BFF0120FCF780FE08F06CFDF43B0020F1
:10EFC400A8180020A0650020C0430020EC190020F0
:10EFD400001300204C1A00205016002023FE0020AD
:10EFE40000B5012285B0DFF824C000F13603CDE975
:10EFF4000212044A1946CDE9002C034AFFF7B8FB74
:10F0040005B000BDD0430020C0430020C843002009
:10F0140000B58C4685B000F136030121054ACDF8D0
:10F0240000C00192044ACDE902C11946FFF7A0FBD2
:10F0340005B000BDC8430020C043002010B5846A59
:10F0440082B004B30A68204601E0006820B1436836
:10F054009342FAD102B010BD0720009101F044FAA6
:10F06400009970B10B6843600023836003731F4BE6
:10F074000A681B689A421CD023680360206002B0AF
:10F0840010BD0020E6E7CDE90001072001F02CFACD
:10F09400DDE900310028F4D0F9B9144A0173146889
:10F0A400C0E901110A68A24212D1002202609862EA
:10F0B400D0E70F4B4FF489720E490F480CF0CCFF88
:10F0C40000200CF091FE0120FCF7F6FD08F0E2FCB4
:10F0D400074B4FF486720949EFE70A6884600473AA
:10F0E400024C426024680A68DDE700BF986500208E
:10F0F400581A0020E01A002000130020AC1A002047
:10F10400437A022B07D0012B00D070474389013B7F
:10F114009BB29942F9D8022904D8012242810122E2
:10F124004272704700B583B0CDE90001FCF7FAFDE7
:10F134000199009BB0FBF1F202FB1100588108B960
:10F1440001225A8101225A7203B000BD2A4B2DE9D3
:10F15400F0411B688AB006460D46174608214FF455
:10F1640020723820089301F0F9FE002831D0438939
:10F174000446072B30D93268162F436808926A6810
:10F184005A6002D0DFF8808003E0012205F1040810
:10F194002A720025082118461F705D709D70DD706D
:10F1A400079307F029FB079B40F29441424658809D
:10F1B40002200991042101900123049109A9204608
:10F1C4000296039108A9009500F0A8FB204601F0DF
:10F1D4005BFE0AB0BDE8F081084B40F202320849F8
:10F1E40008480CF039FF00200CF0FEFD0120FCF76C
:10F1F40063FD08F04FFC00BFD0430020581A0020E4
:10F20400241B0020001300209465002003490448B7
:10F21400044B054A08601A60704700BF98650020D7
:10F22400E000000194650020E000000210B50A49E6
:10F234000446FFF703FF60B1037B022201334272ED
:10F244000373636C1BB101220349204698470020D5
:10F2540010BD4FF0FF3010BD9865002070B500233D
:10F26400846A836274B10646736C25460022304674
:10F2740024680BB1291D98472946072001F048F955
:10F28400002CF1D1204670BD836A1BB370B51C6895
:10F29400FCB1114E012501E02468D4B1637A022B3C
:10F2A40006D0012BF8D16389013B9BB2042BF3D91F
:10F2B400FCF738FDA6FB0032657222F0030303EB72
:10F2C4009203C01A012838BF012060812468002CF1
:10F2D400E4D170BD704700BFCDCCCCCC806A30B1D6
:10F2E4000A6801E0006810B143689342FAD170479C
:10F2F40070B50E46418982B0044607291BD945687A
:10F304000192284607F078FAA8B9B16A99B1019A2E
:10F314000846126801E0006868B143689342FAD174
:10F324002B78112B0DD0162B05D1437A012B02D14A
:10F334004FF400738360204602B0BDE8704001F0D2
:10F34400A3BD144BD3F800C06B68944505D0002BC3
:10F35400F1D06978FFF7D4FEEDE7ABB96B7823B948
:10F364000A236B70B16A0029E5D008680028E2D04E
:10F3740069780190FFF7C4FE019800680028F7D16E
:10F38400D9E709680029D6D04A689A42F9D10846D3
:10F39400DFE700BF9865002070B50D46254A82B0AE
:10F3A400044640F2E9112448FCF792FC2B6803F070
:10F3B400F002E02A37D1214A1268934233D094F8FC
:10F3C4003D309B062FD529462046FFF737FE0346DE
:10F3D40060B3427A2AB11A7B002001321A7302B058
:10F3E40070BD027B3AB9666C2EB1019001222946A8
:10F3F4002046B047019B1946162220460193FFF789
:10F40400A5FEFCF78FFC0E4A0121019BA2FB0042E2
:10F41400597222F0030101EB9202801A012838BFCD
:10F4240001205881D7E76FF00500D8E74FF0FF308F
:10F43400D5E700BF643D0020581A002098650020DD
:10F44400CDCCCCCC70B50D4682B00446244A2548B8
:10F4540040F24921FCF73CFC286800F0F003E02B63
:10F464002DD1214B1B68984229D094F83D309B063E
:10F4740025D5A26A1AB3134601E01B68FBB159688B
:10F484008842FAD1197B012904D901391973002062
:10F4940002B070BD114612689A4214D0002AF9D104
:10F4A4001A7AAAB9666C2EB1002229462046019325
:10F4B400B047019B1946072001F02AF8E7E76FF0EF
:10F4C400050002B070BD1A680A601A7A002AE9D0F1
:10F4D4001946172220460193FFF738FE019BE1E706
:10F4E400043C0020581A0020986500201D4B186821
:10F4F40000282CD0816A19B970470968002927D0DF
:10F504004A89531E002AF8D09BB24B81002BF4D1B8
:10F514004B7A012BF1D110B582B0134B4FF0020C92
:10F524004C6816221B689C4213D1096869B14A8948
:10F53400531E002AF9D09BB24B81002BF5D14B7A94
:10F54400012BEAD009680029F1D102B010BD70473F
:10F55400704781F809C0CDE90001FFF7F7FDDDE947
:10F564000001E2E71C9C0020986500200B4B1B68FF
:10F574005BB193F83D2002F00502052A07D11A6811
:10F5840042B102787F2A08BF00231846704700233F
:10F594001846704713461846704700BF1C9C00204D
:10F5A4002DE9F04104467F4A82B00F467E4840F27E
:10F5B400D911FCF78DFB626813781909042933D13A
:10F5C400518803F00F03208949BA9B008DB2A842E9
:10F5D40031D86089984227D32089A84224D3132B99
:10F5E40022D91169D06801F0F00E704D97F83DC032
:10F5F400BEF1E00FC5E9040126D11CF0200F78D13B
:10F60400517A112900F0858070B100263946CDE980
:10F61400003200F0C7F938B9296901F0F001E02996
:10F6240002D0DDE900328EBB204601F02DFC002023
:10F6340002B0BDE8F08129462046CDE9003201F050
:10F6440013FDDDE90032C4E71CF0010F5CD0D7F8EC
:10F6540000C0BCF1000FD3D08C4514D00846394605
:10F66400CDE9003200F09EF9DDE9003250B905F130
:10F6740014013846CDE90032FDF792FDDDE9003290
:10F68400002841D02869002874D13E46D18821F051
:10F69400C00141B12046009300F0ACFB04460028B1
:10F6A400C5D04268009BAA60204601930092C5E938
:10F6B4000067117801F00F018900A981394601F032
:10F6C4005FFF0128804644D00199204601F074FB75
:10F6D400009A019B527A013A102A21D8DFE802F0FD
:10F6E4005C56202020512020202020202020202073
:10F6F4004C0005F114013846CDE90032FFF7EEFD68
:10F70400DDE900320028BDD1517A11292CD02869B5
:10F714007AE7D1184988B1F5884F7FF475AFB4E71B
:10F72400B8F1020F12D031466869009300F03AF93B
:10F7340060B96A6902F0F002E02A07D00099204615
:10F7440001F068FB0221204607F0C0FA204601F0D0
:10F754009BFB00230020C5E90033AB60AB81C5E906
:10F76400043302B0BDE8F081D1184988B1F5884F5F
:10F77400CDD18AE73E4649E73946204605F03AFBB3
:10F78400E7E73946204603F013FDE2E7084A394625
:10F794002046FFF7ADFDDCE73946204607F0F0F9D7
:10F7A400D7E700BFC83C0020601B0020A46B0020EA
:10F7B400B86B00202DE9F04F044685B08846154605
:10F7C40040F275314E4A4F489A469DF838909DF85C
:10F7D4003C70BDF84860FCF77BFAA37B012B7AD11F
:10F7E400002D5AD0002E55D0282E71D8F31C204657
:10F7F40023F003039BB2194603F1140B009301F0A9
:10F80400A3FA0190002860D132461199606807F08C
:10F81400AFFE009B9E424BD31421204601F094FA84
:10F824000646002851D16389132B63D94FEA9B0202
:10F834006368062F42F0400283F808A05F722968CB
:10F844001A7083F801902289196151BA9871D8719C
:10F85400598001D1442A04D92B4A1688711C76BADE
:10F8640011809E80B8F1000F1FD0D8F80020DA6014
:10F8740000229A72DA72109B9B8E13B122899A42EB
:10F884001DD8109B2A46214610981B69984705B03D
:10F89400BDE8F08F4FF0140BBEE76389132B14D926
:10F8A400636803AD1B690393E5E7184A1268DEE752
:10F8B40060689A1B019930440CF09AFDACE72A4623
:10F8C4001099204600F080FCE1E76FF00100DEE7CC
:10F8D4006FF00500DBE70B4B40F276320C490D4824
:10F8E4000CF0BAFB00200CF07FFA0120FCF7E4F9DD
:10F8F40008F0D0F8034B40F2AA320749EFE700BF03
:10F904001C3C0020601B0020F8FD0020D043002098
:10F91400B41B002000130020C01B0020F0B59DF88C
:10F9240014E09DF81840BDF82460DDE907C51AB15C
:10F9340009B10F6807B96146CDF814E0CDE908565E
:10F94400CDE9064CBDE8F040FFF734BF10B586B0F2
:10F954009DF820C00A9CCDF800C04FF0000C029422
:10F96400CDE903CC9DF824C0CDF804C0FFF722FFF5
:10F9740006B010BD30B587B09DF828E09DF82C4046
:10F98400DDF830C01AB109B10D6805B96146CDF88A
:10F9940000E0CDE9014C0024CDE90344FFF70AFF60
:10F9A40007B030BD431E033314D891F83D3013F033
:10F9B40002030DD00B6883420FD04A6843401342C0
:10F9C4000BD1D34320EA0200C31AB3FA83F35B09D1
:10F9D400184670470123184670470023184670479D
:10F9E400F0B5514C85B00278A35C5B0738D50F465F
:10F9F40003AE6D46302A36D04FF00A0E0130002196
:10FA040007E0BEF1080F1CD001FB0E21027830394B
:10FA14000130A35C13F0040FF3D1BEF1100F15D124
:10FA240013F0440F12D003F0030302F10A0C02781E
:10FA3400022B14BF41236123ACEB030343EA0111FE
:10FA4400E6E7A2F1300CBCF1070FDDD92E2A18D15C
:10FA5400B54205D0027845F8041BA35C5907C9D404
:10FA6400002005B0F0BD427802F0DF03582B03D02C
:10FA740001304FF0080EC1E782784FF0100E0230CB
:10FA8400BCE70AB11B07EBD56B46EB1A9B1001339D
:10FA9400042B3AD801A252F823F000BF31D200005F
:10FAA40091D2000081D20000BFD200009BD200009E
:10FAB400B1F1807FD4D2009BFF2BD1D841EA0361FE
:10FAC4000FB109BA39600120CBE7FF29C8D80098E3
:10FAD400FF28C5D8019BFF2BC2D8029AFF2ABFD8A2
:10FAE4001B0443EA006343EA02231943E8E7B1F540
:10FAF400803FB5D2009AFF2AB2D8019BFF2BAFD822
:10FB04001B0443EA02631943DAE7084BFB22084962
:10FB140008480CF0A1FA00200CF066F90120FCF76B
:10FB2400CBF807F0B7FF00BFCD3E0020F01B00204C
:10FB3400481C00200013002008B540F24712064B71
:10FB4400064907480CF088FA00200CF04DF9012012
:10FB5400FCF7B2F807F09EFF541C0020AC1C0020F8
:10FB64000013002010B5044648B1406908B101F003
:10FB74008BF921460620BDE8104000F0C9BC074BB4
:10FB84004FF43472064907480CF066FA20460CF02C
:10FB94002BF90120FCF790F807F07CFF541C00209F
:10FBA400C81C00200013002081422DE9F04100F020
:10FBB4008D800746884600295ED00968814240F05E
:10FBC40081804C68002C45D063689A883AB300263B
:10FBD4006368204625461C6801F0BAFA3318B3F569
:10FBE400803F61DA28469EB201F04EF9002CEFD135
:10FBF4003A4B1A68974248D0B8F1000F43D03B689B
:10FC0400C8F800303946052000F082FC344A1388D5
:10FC1400B3425FD39B1B30461380BDE8F0811A6862
:10FC2400386979697A60FD68BA6898602046D96055
:10FC340001211A605D60BA691A6107F04BF8204629
:10FC440001F086FA0646204601F01EF97C68002C75
:10FC5400BED1CDE7214B1A68914219D00B6805201B
:10FC64002646C8F8003000F053FC1D4A304613887D
:10FC74009B1B1380BDE8F0814468002CA4D1174B72
:10FC84001A6890420DD0FFF757FF3A681A60B9E737
:10FC94000A6805201A6000F03BFC114A26461388C6
:10FCA400B8E702680146F4E70E4BCE220E490F482E
:10FCB4000CF0D2F900200CF097F80120FBF7FCFFC0
:10FCC40007F0E8FE074BAD220949F0E7054BAB22EC
:10FCD4000849ECE7034BD4220749E8E7489C002095
:10FCE400FAFD0020541C0020F41C00200013002006
:10FCF400E01C0020D41C0020141D00202DE9F04736
:10FD040005468A460027DFF8B880D8F800000028A6
:10FD140048D04FF00009D5F80CC0CE4649464B46B2
:10FD2400426962452AD009F1010453B9026892B3C9
:10FD340053698E4601469C45034636D009F10204B8
:10FD4400104693F81F90C27F06684A450AD926B325
:10FD5400726994450FD0014630460134C27F06686B
:10FD64004A45F4D88E46034691461EB372699445BB
:10FD7400F1D18E4603460146A14630462C6982697C
:10FD8400A242D0D18489AA889442CCD10268AAB173
:10FD940001461046C4E78E4603464BB9574501DA7F
:10FDA400012CB2DC3846BDE8F087A1461046E5E7F1
:10FDB40071461846FFF7F8FE0744EFE74C46ECE7B8
:10FDC400489C002038B50A4B1C684CB10025E37FE1
:10FDD400204624685A1E23B10546C277002CF6D16A
:10FDE40038BD2946FFF7E0FE002CF0D1F8E700BF4C
:10FDF400489C00202DE9F04F476883B006463B78C5
:10FE040003F00F03052B40F0D9807D886DBAADB2A5
:10FE1400132D40F2D380B7F8068001F099F9A24B74
:10FE240081461B8803440A2B00F3E3809F4B196827
:10FE3400002900F0EB80F86803E00968002900F06D
:10FE4400E5804B698342F8D13B698A699A42F4D1CF
:10FE54008A89BB889A42F0D1FB8858BAC0F30C0057
:10FE6400002800F0B3804C6898FA98FCA5F11402BD
:10FE740013F02003CCF30C0C93469A464FEACC0CB7
:10FE84000AD10CEB02039BB29C4500F28B804FF627
:10FE9400EB72934200F28680D6F804E0BEF802309A
:10FEA4009EF800205BBA02F00F029BB2B3EB820F04
:10FEB40078D3A3EB8203BEF8062052BAC2F30C0235
:10FEC400D2001344AEF8042098B2AEF806300023F2
:10FED400824201908EF800308EF801308EF80230A4
:10FEE4008EF803305ED8002C00F039814FF0010801
:10FEF4000FE063D0DF88BA4260D335B1EC88844226
:10FF040014BF4FF0000808F001081C68002C00F032
:10FF1400BD801D46636898888242EAD2CEF80040CC
:10FF2400002D00F0BB80019CEB88844246D89A42A5
:10FF340044D39A4214BF4FF0000808F001082E6021
:10FF4400BAF1000F00F083808B7FDB0740F18C80D7
:10FF5400B8F1000F00F088804B68002B00F084801B
:10FF64005B689A887AB9DEF80000002800F0018105
:10FF7400019C04E01068002800F09A80D48842684C
:10FF84009088A042F6D0484A13884B441380BAF1B3
:10FF9400000F16D18B7FDC4443F00103A1F81CC091
:10FFA4008B770EE054B9414B1B688B4240F0F280D2
:10FFB4000B6805203D4A136000F0AAFA304600F0B1
:10FFC40063FF0025284603B0BDE8F08FC88940BA16
:10FFD400C0F30C0000283FF446AF3B687A68BC6865
:10FFE400F8688B60CA600C6148613B698B61FB886F
:0CFFF40039E701463846FFF781FE00287F
:02000004600199
:10000000DED02A4B1B884B440A2B7FF711AFD7E772
:10001000052000F06BFA014668B3254A00241368F6
:100020008C600B600F23CC600C614C618C61CC61E7
:100030004C60CB7711603B68D7F804C0BA68F868A9
:100040008B60C1F80CC00A6148613B698B61FB8819
:100050000CE7B8F1000F02D04B68002B82D18B7FE8
:10006000DC4443F00103A1F81CC08B770F4A1388CE
:100070004B441380A7E749463846FFF741FE8145C8
:100080009EDC052000F032FA01460028C5D197E732
:10009000BA4214BF4FF0000808F001081E6051E793
:1000A000019B83428CD84E604CE700BFFAFD0020D4
:1000B000489C0020934260D03D4802884A44028018
:1000C000BAF1000F4BD1887F0BEB0C0240F001001E
:1000D0008A8388778D6814320C69486952BACE6871
:1000E0009C605E60D86000201C681D608D695A802D
:1000F0001D6198714D68D8719872D8726CB10F46B5
:1001000014212046666800F059FE2146284601F079
:1001100037F83468002CF3D13946264B1B688B42E4
:1001200006D0002B3DD01A688A4215D01346F8E756
:100130000B68204A1360052000F0ECF9284601F016
:1001400009F81B4B1B8883422DD31B1A184A2846DB
:10015000138003B0BDE8F08F0A681A60EBE78A8B62
:10016000B8E74E60BAF1000F3FF476AF8B7FDA0745
:100170003FF5F4AE7AE79E459ED10F4B4FF4F172F6
:100180000E490F480BF06AFF00200BF02FFE0120F4
:10019000FBF794FD07F080FC074B40F2AD220949C4
:1001A000EFE7FFF7CBFC044B40F29D220649E8E75E
:1001B000FAFD0020489C0020541C0020381D00201F
:1001C00000130020881D00206C1D00202DE9F04F39
:1001D000D0F804A08DB09AF8003003F00F03052B7F
:1001E00040F0C08043890546132B40F2BB80038951
:1001F000143B9BB21E46002B00F0AF808B8E142761
:100200000024DFF8A091B3F11400B04648BFA3F179
:100210000D00CDE90A1220F00702BAF80630C1102D
:10022000CDF814A05BBA92B209910492C3F30C0208
:10023000C3F34033039208934FF42072142110202B
:1002400000F08EFE834600284CD04389132B40F2E9
:100250009B8005994368C8680A68D1F804C08E6815
:10026000D86004981A604045C3F804C09E6028BF57
:1002700040460A6902901A61DBF8042000286ED01B
:100280006C89BC4271D3029ECDE906281AE0019424
:1002900003466A68214600203A440092412200F059
:1002A00033FD824618B3361B284600F05DFF5146E9
:1002B000B6B25846C8E9049500F062FFFEB12D6859
:1002C00000276C89E41BA4B2B44228BF3446002C3A
:1002D000F5D0062000F00AF980460028D7D158460C
:1002E00000F0D4FD4FF0FF300DB0BDE8F08F414677
:1002F000062000F00FF9584600F0C8FDF2E7274449
:10030000DDE90628BFB20A99039E8B8E0898133B3D
:100310004345D8BF40F00100C6F30C0343EA403325
:1003200008465BBAD380029B14335BBA5380002328
:100330009372D3720B6959460B9A9847584600F04E
:10034000A5FD029BA8EB030B099B1FFA8BF8334416
:100350000393B8F1000F7FF46FAF0020C4E7274488
:10036000BFB2D0E76FF00500BEE70A4B40F22F3274
:1003700009490A480BF072FE00200BF037FD0120FE
:10038000FBF79CFC07F088FB024B40F22632044945
:10039000EFE700BF541C0020C81D00200013002000
:1003A000A81D002035D30000704700BF704700BF74
:1003B00008B50AF005FF90B1C31C23F0030398426F
:1003C0000DD0074BC822074907480BF047FE002015
:1003D0000BF00CFD0120FBF771FC07F05DFB08BD85
:1003E000D81D0020281E00200013002010B540B1A9
:1003F000C31C23F00303984211D1BDE810400AF05A
:10040000E7BE094BD922094909480BF027FE002015
:100410000BF0ECFC0120FBF751FC07F03DFB024B1D
:10042000DA220449F0E700BFD81D00204C1E00204E
:10043000001300205C1E00200AF030BE08B54FF407
:100440008C72064B064907480BF008FE00200BF0A3
:10045000CDFC0120FBF732FC07F01EFB741E0020D0
:10046000C41E00200013002008B54FF4B672064BDE
:10047000064907480BF0F2FD00200BF0B7FC012005
:10048000FBF71CFC07F008FB741E0020E81E002090
:1004900000130020F0B5DFF850E00424104B0026D4
:1004A000104D0EF12C075EF8042B2E6074B103334F
:1004B0000021B2F800C023F003030A4600E06344C1
:1004C000013219601946A242F9D12B60774505D057
:1004D000DEF80020D2E901355488E4E7F0BD00BF22
:1004E00098BC2020009C00209C4400200A280BD8A7
:1004F00008B5074B53F820309B68186818B102689C
:100500001A60830702D108BD00207047FFF796FFED
:100510009C44002061B10A280AD808B58B0708D18D
:10052000054B53F820309B681A680A60196008BDB3
:100530007047FFF799FF00BF9C4400206FF00B004D
:10054000704700BF68B190F83D2002F00501052911
:1005500000D070470368002BFBD09306F9D5FEF757
:1005600095BE10B50446074B4FF464720649074820
:100570000BF074FD20460BF039FC0120FBF79EFBCD
:1005800007F08AFA081F0020581F002000130020DF
:10059000704700BF10B5054A044640F25B3104487D
:1005A000FBF798FB034B1C6010BD00BFA03E002072
:1005B000081F00201C9C002030B5054685B0184A55
:1005C00040F271311748FBF785FB1DB195F83D30BE
:1005D000DA0701D505B030BD134943F0010301220C
:1005E0000C6885F83D308DF804204CB101AA082133
:1005F0002846D4E900349847002CF7D195F83D30CF
:1006000003F00502052AE5D12A68002AE2D09B06FC
:10061000E0D5284605B0BDE83040FEF737BE00BF44
:100620007C3E0020081F0020786B002030B5054676
:1006300085B0144A40F2BF311348FBF74BFB1DB1A4
:1006400095F83D30DA0701D405B030BD0F490022DE
:100650000C688DF804204CB101AA08212846D4E981
:1006600000349847002CF7D195F83D3023F0010273
:100670001B0785F83D20E7D5284605B0BDE830408A
:10068000FEF74CBA603E0020081F0020786B002067
:1006900038B50546244A40F20A312448FBF71AFBD4
:1006A000B5B1234B1C683CB1002202212846D4E995
:1006B00000349847002CF7D12B68D3B995F83D301A
:1006C0009A060ED4DB0704D41A4C2368AB4221D01F
:1006D00038BD184C2846FFF7A9FF2368AB42F7D175
:1006E00018E02846FEF7BCFD95F83D30DB07EBD55A
:1006F000EFE70021284601F0B5FF0021284604F06D
:10070000F3FE0021284600F0BDFF95F83D309A0623
:10071000D8D5E6E7084A40F25B310448FBF7DAFA3D
:100720000023236038BD00BF203D0020081F0020AB
:10073000786B00201C9C0020A03E002030B50546B0
:1007400085B01B4A40F204411A48FBF7C3FA1DB1B9
:1007500095F83D305A0701D505B030BD43F004038C
:10076000284685F83D30FDF73FFD2846FCF7F0FCB4
:1007700095F83D3003F00502052A10D00E4A0123FA
:1007800014688DF80430002CE6D001AA0421284614
:10079000D4E900349847002CF7D105B030BD2A6861
:1007A000002AEBD09B06E9D52846FEF76FFDE5E76A
:1007B000403E0020081F0020786B002030B5054621
:1007C00085B0144A40F22A411348FBF783FA1DB161
:1007D00095F83D305A0701D405B030BD23F004032D
:1007E000284685F83D30FCF7B5FC284606F056F85B
:1007F0000A4A002314688DF80430002CECD001AABA
:1008000004212846D4E900349847002CF7D105B0DC
:1008100030BD00BF083E0020081F0020786B00207C
:1008200010B50446094A40F2CE610948FBF752FA76
:1008300054B1084B186830B190F840300133DBB246
:10084000A34218BF002010BD204610BDB83D0020B7
:10085000081F00201C9C002038B504460D46164A8F
:1008600040F20A711548FBF735FA34B1A5B1144BC3
:1008700025601A681C60626038BD104B40F20B7234
:10088000104911480BF0EAFB20460BF0AFFA0120AB
:10089000FBF714FA07F000F9084B40F20C720B4911
:1008A00009480BF0DBFB28460BF0A0FA0120FBF710
:1008B00005FA07F0F1F800BFD43C0020081F002023
:1008C000786B00207C1F002000130020981F002060
:1008D00010B50446164A40F21D711648FBF7FAF9A6
:1008E000BCB1154B196871B1A1420DD04B6823B949
:1008F00007E05A68194622B113469C42F9D1636851
:100900004B600023636010BD62681A60002363605F
:10091000F9E7084B40F21E72084909480BF09EFBAC
:1009200020460BF063FA0120FBF7C8F907F0B4F892
:10093000343C0020081F0020786B00207C1F002022
:1009400000130020F8B5054668B10E4B0E46174659
:100950001C683CB13A4631462846D4E900349847F1
:10096000002CF7D1F8BD084B40F23E720749084809
:100970000BF074FB28460BF039FA0120FBF79EF9C7
:1009800007F08AF8786B0020081F0020AC1F0020B9
:1009900000130020F0B50D4689B017460446544AAE
:1009A0004FF4307153481E46FBF794F9002D36D0B2
:1009B00007B316B32B6823B3002319463F68D4E965
:1009C0000120974226D067600192326801AE8242D0
:1009D000069641F0400626D0A26002AA0290079235
:1009E0002BB346F0A00189B205AA2046FFF7AAFF63
:1009F00009B0F0BD404F002EDCD12B683E4E002BDD
:100A0000DAD12168002943D13F680123D4E90120CC
:100A10009742D8D13268824258D00E46DCE7364D34
:100A2000002FC6D1E6E753B141F0C001DCE72368EF
:100A30002A6893420AD146F4946189B2D4E72368C4
:100A40002A68934204D141F49861CDE746F020062C
:100A500003AF2A6804A93846CDE9033201F002FE4B
:100A600004A9384604F040FD04A9384600F00AFE07
:100A700004AA3946204605F0F3FF2B6801212046E1
:100A80002360FFF75FFD46F49263059799B2ABE7E9
:100A900003A8039105A9059301F0E4FD05A903A8A6
:100AA00004F022FD05A903A800F0ECFD05AA03A9A6
:100AB000204605F0D5FF2B68012120462360FFF773
:100AC00041FD03AB10210593012377E71BB10029FA
:100AD0008ED0902188E723682A68934206D10029A6
:100AE0000CBF4FF480614FF492617DE70E46AFE793
:100AF000303D0020081F0020D0430020F0B583B017
:100B000004460D46164640F22D11364A36480193EA
:100B1000FBF7E0F8354A019B1768002F4DD1002CF8
:100B20003BD0099A002A38D0002D3ED0002E37D075
:100B3000002B38D0089832462946A0610A98E06018
:100B40000020C4E90000A060A08684F83D00E061B8
:100B500020626062A062E062606484F84000A06489
:100B6000234820612046FFF715FF2046099B984740
:100B700098B994F83C30062B2ED894F83D309B065B
:100B800017D41C4B1D683DB1002201212046D5E938
:100B900000359847002DF7D12746384603B0F0BD01
:100BA000154E002BC6D1144BC4E7134D002EBFD1F8
:100BB000F6E72046FEF73CFBE3E70B4B40F2311231
:100BC0000E490F480BF04AFA00200BF00FF90120F4
:100BD000FBF774F806F060FF034B40F28B120949F3
:100BE000EFE700BF4C3D0020081F00201C9C0020A8
:100BF00009DD0000786B0020D0430020C41F0020D6
:100C000000130020E01F002000B59C4685B00023A3
:100C1000CDF808C0CDE900121A461946FFF76EFF5D
:100C200005B000BD08B540F24632064B06490748FC
:100C30000BF014FA00200BF0D9F80120FBF73EF876
:100C400006F02AFF0C2000205C200020001300206A
:100C500008B540F24C52064B064907480BF0FEF926
:100C600000200BF0C3F80120FBF728F806F014FF72
:100C70000C200020702000200013002007490022D3
:100C8000074B08681A7010B906E0C06820B1436FBE
:100C9000002BFAD001F03ABD704700BF24FD0020C0
:100CA00028FE002030B522F0400483B0012C15D17D
:100CB00005460920CDE90012FFF718FC60B10023BA
:100CC0000099019A0360437361F30F03456061F378
:100CD0001F430273C481836003B030BD074B4FF4E0
:100CE000A672074907480BF0B9F900200BF07EF80F
:100CF0000120FAF7E3FF06F0CFFE00BF0C20002032
:100D00008420002000130020033020F0030010B5E1
:100D100001EB000EBDF80CC01446029AE64513D84C
:100D20004FF0000C61F30F0C61F31F4C02B1024451
:100D3000002002215A60012218601846C3F808C03A
:100D40001C735973DA8110BD002010BD10B5F0B1CD
:100D5000B1F5803F0BD2C1B18AB2038913449BB273
:100D60009A4204D890F90CC0BCF1000F01DB0120BD
:100D700010BD446800F1100C611A6145F7D3B0F85A
:100D80000AC04160624403814281002010BD0446D4
:100D9000074B4FF4F272074907480BF05FF9204602
:100DA0000BF024F80120FAF789FF06F075FE00BF6A
:100DB0000C200020982000200013002010B5A8B1BE
:100DC000B1F5803F10D269B18AB2438993420BD307
:100DD00044689B1A04EB010C018943818B1AC0F80B
:100DE00004C00381002010BD012010BD0446074B44
:100DF0004FF41472064907480BF030F920460AF008
:100E0000F5FF0120FAF75AFF06F046FE0C200020FD
:100E10009820002000130020002918DB10B5F8B13D
:100E200099B18AB2038913449BB29A4216D890F9B9
:100E30000CC04468BCF1000FA4EB01010ADBB0F860
:100E40000AC04160624403814281002010BD4942D2
:100E5000FFF7B4BF00F1100C6145F0D2012010BDC6
:100E60000446074B4FF4F272064907480BF0F6F8B8
:100E700020460AF0BBFF0120FAF720FF06F00CFE27
:100E80000C2000209820002000130020F8B5054613
:100E9000002849D0002608E02C69002C3AD02846CA
:100EA000A0470136F6B2D7B13D46AC7B1CB3013C3E
:100EB000E4B2AC739CB96B7B2F6813F00204EBD1E6
:100EC0002B7B03F00F03022B0BD0012B0ED033BB77
:100ED00001362846FFF78AFAF6B2002FE4D13046F1
:100EE000F8BD29460A20FFF715FBDAE72946092055
:100EF000FFF710FBD5E7144B40F2F52213491448D5
:100F00000BF0ACF820460AF071FF0120FAF7D6FE8C
:100F100006F0C2FD0C4B40F203320E49EFE70A4BDC
:100F200040F213320C49EAE7074B4FF438720B4991
:100F300007480BF093F828460AF058FF0120FAF70B
:100F4000BDFE06F0A9FD00BF0C200020A42000205B
:100F500000130020BC200020E0200020982000206A
:100F6000B2F5C17F2DE9F84381460F463AD012D839
:100F700022F04003012B30D0364B40F22912364983
:100F800036480BF06BF800200AF030FF0120FAF72A
:100F900095FE06F081FDB2F5207FEDD1CB1C03302C
:100FA00023F0030320F0030010331844FFF700FA86
:100FB000804678B100212A4B81440A46C36009F17A
:100FC000130367F30F0223F0030367F31F42C0E923
:100FD000001382604046BDE8F8830020BDE8F84376
:100FE000FFF760BE002240F2EC551E4C904606E032
:100FF0003260FB1A4FF000099FB2002FEAD00A209E
:101000001646FFF773FA0246C0B109F1030300EB7D
:1010100009010020178123F0030313311060EB1A3C
:1010200021F00301D4609BB25160BB4228BF3B4614
:101030005381B8F1000FDBD19046DAE70A4B012269
:101040001A70B8F1000F02D04046FFF71FFF4FF0B3
:101050000008BFE70C200020F4200020001300202F
:10106000800001008200010028FE0020F8B504463F
:1010700000285DD003898B4222D90D46C91A06E0AB
:101080002289EB1A0A449DB22281246894B36389B1
:10109000AB42F5D3227B120706D1AB4204D0637B6F
:1010A00013F002031E460CD00023206865F30F03E3
:1010B00065F31F43A36008B1FFF7E8FE0023236038
:1010C000F8BD636820461B1B5919FFF76FF90746E7
:1010D000F8B18442E8D0194B40F2C11218491948BE
:1010E0000AF0BCFF30460AF081FE0120FAF7E6FD67
:1010F00006F0D2FC114B40F2B112134911480AF02C
:10110000ADFF20460AF072FE0120FAF7D7FD06F087
:10111000C3FC0A4B40F2BF120C490A480AF09EFF7A
:1011200038460AF063FE0120FAF7C8FD06F0B4FC69
:10113000024B4FF4CD720649E0E700BF0C200020BF
:101140005C210020001300202821002040210020E5
:1011500010210020034630B1002001301B6880B20E
:10116000002BFAD17047704730B108B5837B01334B
:10117000DBB283730BB108BD7047FFF753FD00BFAF
:10118000D0B110B5B1FA81F46409A1B1884214D08C
:10119000036843B10289B1F808C06244028118466D
:1011A0001B68002BF6D102894389934214D10A8926
:1011B00001601344038110BD70470F4B40F25F3252
:1011C0000E490F480AF04AFF20460AF00FFE0120A0
:1011D000FAF774FD06F060FC074B40F267320949EC
:1011E00007480AF03BFF00200AF000FE0120FAF752
:1011F00065FD06F051FC00BF0C2000207821002086
:10120000001300209421002000B583B00191FFF766
:10121000B7FF019921B18B7B0133DBB28B730BB12B
:1012200003B000BDFFF7FEFC002900F08B802DE924
:10123000F84391460A890E464A4561D3054600287F
:101240005ED0018903EB0902914259DBB0FA80F8C4
:101250001F464FEA58186C897389E41B6868A3EB32
:101260000803716838449C42414428BF1C464C45E1
:1012700028BF4C462246274406F07CF96A89BA42C8
:1012800051D3A044738943453ED3A9EB04041FFA0C
:1012900084F91DD0BA422AD032899A420AD01DB1AF
:1012A0006A892B899A420CD0B9F1000FD3D14846F4
:1012B000BDE8F8833368002BF1D06FF00500BDE87E
:1012C000F8832B68002BF8D1B9F1000FC3D1EEE7FA
:1012D000B9F10003366818BF012306B983B9BA42D1
:1012E0004FF0000807D0002ED9D07389D4E7B9F1A8
:1012F000000318BF01232D6805B90BB90027F2E7D9
:101300006FF00F00BDE8F883104B40F2FB3210493C
:1013100010480AF0A3FE00200AF068FD0120FAF749
:10132000CDFC06F0B9FB094B40F2FA320A490948F4
:101330000AF094FE00200AF059FD0120FAF7BEFCE5
:1013400006F0AAFB6FF00F00704700BF0C200020D2
:10135000DC21002000130020C421002019B100234B
:101360000A89FFF761BF6FF00F0070472DE9F8435E
:1013700079B1054668B10F4616469AB3B5F80AC06A
:1013800063B16345A3EB0C0208D32D6893B2002D23
:10139000F4D14FF000084046BDE8F8834FF0000854
:1013A00001E0B5F80AC0ACEB030C696807EB080074
:1013B0001FFA8CF41944B442A14628BFB1464A46EC
:1013C000C84406F0D7F82D68A6EB09091FFA88F87B
:1013D0000023002DDFD0B4421FFA89F6E1D3404646
:1013E000BDE8F8839046D6E7B9B32DE9F843054642
:1013F00008B3038993421BD3BAB1B0FA80F7914680
:10140000884616467F0901E02D68BDB16C8908EB5E
:1014100007016868B44228BF34462246274406F0D4
:10142000A9F8361BF0D1B9451AD10020BDE8F883E0
:101430004FF0FF30FAE76FF00F00F7E7104B40F284
:10144000E542104910480AF009FE28460AF0CEFC91
:101450000120FAF733FC06F01FFB6FF00F00704716
:10146000074B4FF49E62094907480AF0F7FD3046E2
:101470000AF0BCFC0120FAF721FC06F00DFB00BFCE
:101480000C200020F8210020001300201022002052
:10149000002835D09C46034670B582B003E01B6837
:1014A0001FFA80FC43B35C896445ACEB0400F6D9B9
:1014B00018890CEB0205A8421EDB58686044A4EBB7
:1014C0000C0C624504DC06F055F8002002B070BD3B
:1014D0001FFA8CF2CDE90013164606F04BF82A1BD2
:1014E00092B2DDE90013002AEFD03144186802B04F
:1014F000BDE87040FFF778BF4FF0FF3002B070BD1D
:101500004FF0FF30704700BF38B514460A462189B6
:10151000FFF726FD054628B1002322892146FFF763
:1015200083FE08B9284638BDFFF792FB18B90AE0D8
:10153000006899B230B143898B42A1EB0303F7D91C
:101540004368585C7047704740B143898B42A1EBB8
:10155000030306D8006899B20028F6D14FF0FF3097
:1015600070474368585C704718B90AE0006899B240
:1015700030B143898B42A1EB0303F7D943685A5436
:10158000704770472DE9F84F384E814631687069D1
:10159000FEF70AFA364BD3F800B0BBF1000F54D077
:1015A0008046D9F804200020557A044605E0DBF88F
:1015B0000C305C46002B34D09B469BF81030AB427D
:1015C000F5D19BF8081031B1736893F840300133BE
:1015D000DBB29942EBD1DBF80010B8F1000F22D05A
:1015E0000029E4D19BF81130DB0704D5DBF80410A7
:1015F00033699942DBD1DBF81470002FD7D09246C3
:101600001C4B4A465946DBF81800B84788B9D9F848
:10161000042052451BD1DBF80C3002205C46002B25
:10162000CAD1BDE8F88F0029DCD073699942BED1D8
:10163000D8E744B10E49DBF80C200B68E260C1F832
:1016400000B0CBF80C300120EBE75846E9E707463D
:10165000094BC02209490A480AF000FD38460AF041
:10166000C5FB0120FAF72AFB06F016FAA46B00204E
:10167000449C0020B46B0020282200207822002007
:101680000013002010B1026801B102B970470B6865
:10169000002BFBD0084B1B68002BF7D010B400E0E8
:1016A00002681C68944201D10A681A60DB68002B4A
:1016B000F6D110BC704700BF449C002010B5044612
:1016C000E0B1037D042B03D0072B0BD0032B07D1F4
:1016D00002F0AAFD58B905232046237502F040FF09
:1016E000002010BD02F0A0FD08B90923F4E7431C57
:1016F000F7D1638B43F008036383F1E7074B4FF4A3
:10170000CE72074907480AF0A9FC20460AF06EFB92
:101710000120FAF7D3FA06F0BFF900BFC422002077
:10172000142300200013002008B5D422064B0749DB
:1017300007480AF093FC00200AF058FB0120FAF752
:10174000BDFA06F0A9F900BFC42200202023002022
:101750000013002008B5FAF7E7FA024B024A0343E8
:10176000138008BD00C0FFFF3E4F002008B5037D79
:10177000012B05D001460220BDE80840FEF7CABE95
:10178000FFF7D2FF38B50446E0B1038D40F6683E5E
:10179000C16A426A658E581A7545104494BFA0EB21
:1017A000050CA0EB0E0CBCF1000F05DA8B1A05D46A
:1017B000B3F5803F15D20020638538BD002318465D
:1017C000638538BD094B40F2AA32094909480AF03D
:1017D00045FC00200AF00AFB0120FAF76FFA06F038
:1017E0005BF9024B40F2BA320349EFE7C422002012
:1017F00034230020001300205823002070B5044635
:101800000D461B4A40F2D1311A48FAF763FAB4B1D7
:10181000237D012B1E461CD0238DE91889B28B42F3
:1018200003D841F2D063994201D941F2D0612046F8
:101830002185FFF7A7FF40F2B353984200D870BD4F
:10184000638B204643F002036383BDE8704002F0DF
:1018500087BE084B40F2D632074908480AF0FEFB23
:1018600000200AF0C3FA3046FAF728FA06F014F915
:10187000B43E0020C4220020742300200013002066
:1018800070B138B5044625462468686808B1FFF78A
:10189000FDFA29460420FEF73DFE002CF3D138BDA9
:1018A000704700BF88B10146406858B100B583B0A9
:1018B0000191FFF7EBFA0199042003B05DF804EB06
:1018C000FEF728BE0420FEF725BE704710B504467B
:1018D00082B0B0B10420FEF709FE034670B1206863
:1018E000D4F804C0A168E268C3F804C01860996025
:1018F0005868DA600193FFF737FC019B184602B085
:1019000010BD074B40F28662064907480AF0A6FB65
:1019100020460AF06BFA0120FAF7D0F906F0BCF87D
:10192000C42200209C2300200013002020B1037D4E
:101930000A2B01D0012B00D8704730B50546806FC7
:1019400083B018B1FFF7A2FA0023AB676C6F6CB1DC
:1019500021462468486818B10191FFF797FA019968
:101960000420FEF7D7FD002CF2D16C674FF6FF7311
:10197000EC6E2B8664B121462468486818B1019149
:10198000FFF784FA01990420FEF7C4FD002CF2D180
:101990002C6F64B121462468486818B10191FFF7A3
:1019A00075FA01990420FEF7B5FD002CF2D1A5F8D7
:1019B0006840C5E91B4403B030BD00BF2DE9F04FBE
:1019C000A74F87B0DFF8B4923B68DFF8B4A20133C9
:1019D0003B6099F80030013389F80030A14B1C6856
:1019E000002C7CD04FF0000B257D002D00F0F58100
:1019F000012D00F0E3810A2D00F0FE8199F80030FE
:101A0000A27F9A4200F02581022DA37794F84230FC
:101A100000F0A2800B2B40F2AA800126062D00F0D8
:101A2000CC80637A1B0740F19A80042D02D0072DE9
:101A300040F09580D4F894108B483B68226A0818CF
:101A40008A4D9B1AA5FB0050B3EB501F40F2D58086
:101A500001364FF00108F6B2656F9DB13B689A1AE6
:101A6000B4F9403003EB4303B2EB430F80F00A813B
:101A7000237D032B48D0092B4BD13B68226A9B1A4C
:101A8000F02B46D92046D4F89050FFF74FFF754B06
:101A90001B68BBF1000F00F072819C4200F0C48112
:101AA000E368CBF80C30B8F1000F40F05B81237D88
:101AB000012B00F0AB8121460220D4E90346FEF75A
:101AC00029FD00238AF800303DB16FF00C0130464B
:101AD000A8479AF80030002B80D1002C84D1644EA6
:101AE000346874B10025237D0A2B40F08A813B685D
:101AF000226A9B1AF02B00F291802546E468002CA4
:101B0000F1D107B0BDE8F08F3B68226A9B1A282B01
:101B1000B8D8002EB6D1237F627F0133E568DBB2EF
:101B20009A42237712D8D4F88C3026778AF800604E
:101B3000002B00F013812146206998479AF8003065
:101B4000002B7FF44BAF002800F00881A3462C4601
:101B5000002C7FF449AFC2E7052B08D90126656F39
:101B6000002D00F0ED804FF00008226A76E794F82F
:101B70009960002E00F09680226F002A40F04A8182
:101B8000E36E002B00F0558194F89A300B2B3FF652
:101B900044AF384B334413F8011C94F898308B420F
:101BA000C0F0FA80B4F86060A6B9204602F012FFD7
:101BB000B8B1257D062D7FF434AF638BDA0628D5C6
:101BC0003B68226A9B1A282B23D901364FF0000864
:101BD000F6B241E73146204602F0D2F9002800F083
:101BE000E48094F899300026257D062B84F89860CF
:101BF0009CBF013384F89930DCE794F89B201E48A1
:101C000000FB0211194AA2FB0121B3EB511F00F2A4
:101C10009980656F002DA6D1A8467AE72046FFF788
:101C200085FE3368002D00F0B0809C4200F0F78004
:101C3000D4F80C80C5F80C80237D012B00F0E680E1
:101C4000214644460220FEF765FC002C7FF44BAF92
:101C500057E7A346E468002C7FF4C6AE3FE700BF19
:101C600034FD002024FD0020B84C0A00D34D621042
:101C700038FD0020F4440020F82401002FFE00204D
:101C80002DFE002005942C462D68606808B1FFF7F2
:101C9000FDF821460420FEF73DFC002DF3D1059C04
:101CA0006567E5E6B4F9303047F6FE719AB28A42CC
:101CB00002D8013213B22386B4F940209A423FF78A
:101CC000ADAE204602F0E2FA257D38B1236F002B3D
:101CD0007FF4A4AEE36E002B3FF4A0AE022D14D02F
:101CE00094F84220B4F93C100C2AB4F93E3028BFD5
:101CF0000C2203EBE10356498A5C934047F6FF72DE
:101D00009342A8BF1346A4F84030638E2046B4F82F
:101D10004810A4F848305B009AB2B4F860308B42A7
:101D200028BF0B465B08934238BF1346A4F84A30DD
:101D300000232386A4F86A3002F0C8FD257D6DE6F5
:101D4000A84695E6204602F00BFE00287FF407AF78
:101D500094F89B30013384F89B3000E7204602F072
:101D6000FFFBF3E6238B2046626A216D0293E38A30
:101D70000193231D0093234602F066FB97E69C42E5
:101D80005CD1E368334A13608DE69C425BD1D4F8A2
:101D90000C80C6F800804FE70133DBB28B4284F839
:101DA0009830BFF4FFAE164638E6204602F0D8FB66
:101DB00000287FF416AF0646257D2FE6264B40F21D
:101DC000C342264926480AF049F900200AF00EF8D5
:101DD0002846F9F773FF05F05FFE1F4B40F2C24241
:101DE00020491F480AF03AF9002009F0FFFF0120BE
:101DF000F9F764FF05F050FE174B40F2C4421A4950
:101E0000EFE7154B40F2A5521849EAE7124BD422EE
:101E10001749E6E7104B4FF49B621649E1E70E4B7A
:101E200040F2B3521449DCE70B4B40F271521349B4
:101E3000D7E7094B40F2D9421149D2E7064B40F2AD
:101E400075521049CDE7044B40F2B7520E49C8E72E
:101E5000D444002024FD0020C4220020E4230020DC
:101E600000130020B82300201024002000250020AB
:101E7000202300203C24002030250020A82400201E
:101E800070240020D42400205825002070B50C4672
:101E9000002934D0002841D003688B421FD02BB1D9
:101EA000DA68A24228D01346002BF9D1002320463D
:101EB000E360FFF73BFD237D0A2B1AD0012B0AD0EC
:101EC000638BDA070ED4E36E002B31D1256F002D22
:101ED00033D1636F3BBB00232375E38270BDCB68B6
:101EE0000360E3E743F002032046638302F038FB1C
:101EF000237D012BE7D1EEE7E268DA60D6E7114BEC
:101F000040F68D02104911480AF0A8F8002009F0A7
:101F10006DFF0120F9F7D2FE05F0BEFD094B40F63A
:101F20008E020B49EFE7074B4FF40A620949EAE7D3
:101F3000044B40F69D020849E5E7024B40F69E023D
:101F40000649E0E7C422002080250020001300207D
:101F50009C250020F0250020BC250020D425002051
:101F60002DE9F04F054687B00E46534A40F23B211B
:101F70005248F9F7AFFE002D5DD02C7D012C00F00A
:101F80008C800A2C79D02B6D9A466B6A9B46D5F8CB
:101F900090301F462B699846EB8A9946002C42D117
:101FA000002B4BD14FF0000900262C6F64B1214665
:101FB0002468486818B10591FEF768FF0599042068
:101FC000FEF7A8FA002CF2D1EC6E64B12146246829
:101FD000486818B10591FEF759FF05990420FEF7EE
:101FE00099FA002CF2D16C6F64B1214624684868DC
:101FF00018B10591FEF74AFF05990420FEF78AFA09
:10200000002CF2D14EBB2B7D012B44D0294602205F
:10201000FEF780FA3B4677B16FF00C01404607B0FF
:10202000BDE8F04F184729462548FFF72FFF254BFD
:1020300001221A70B9E707B0BDE8F08F224A136891
:10204000AB4217D033B1DA68AA4201D01346F9E7A0
:10205000EA68DA600023EB60A4E7CDF804905A4602
:102060002B8B5146284602932B1D00932B4602F0E2
:10207000EBF9C8E7EB681360ECE729461348FFF774
:1020800005FF2B7D012B06D02946022007B0BDE8B5
:10209000F04FFEF73FBAFFF747FB084B4FF41072C3
:1020A0000B490C4809F0DAFF002009F09FFE20469A
:1020B000F9F704FE05F0F0FC403D0020C4220020AA
:1020C00024FD00202DFE002028FD002038FD0020EA
:1020D00008260020001300200121FFF741BF00BFA8
:1020E00070B5634A82B040F2327106466148F9F732
:1020F000F1FD0220FEF7FAF9044620B39C220021EC
:1021000020460AF077F95C4B5C4941F2D0601A68CE
:102110005B4B09782262A362FF235A4AA4F8640049
:10212000A17759485949A2644FF00612E372584BFF
:102130006675C4F88400C4F89410C4F83E20236384
:10214000204602B070BD534B1B686BB11846DB686C
:10215000428B1107F9D522F0080201934283FFF761
:10216000ADFA019B002BF1D14B4B1B6883B1424A66
:10217000002110681A6A821A914201D81C46114641
:10218000DB68002BF6D11CB101212046FFF7E8FEE9
:102190000220FEF7ABF904460028AFD13D4B196889
:1021A00099B1354B2246186801E0C96849B10B7DE9
:1021B000092BFAD10B6AC31A9A42F6D80C461A4672
:1021C000F3E714B12046FFF7CBFE0220FEF78EF9AD
:1021D0000446002892D12F4B196899B1264B22460C
:1021E000186801E0C96849B10B7D082BFAD10B6A68
:1021F000C31A9A42F6D80C461A46F3E714B12046A1
:10220000FFF7AEFE0220FEF771F9044600287FF4C6
:1022100075AF33062AD40EB332461E4B1B68EBB1A2
:10222000013A15494FF0000CD2B2D1F800E006E0B7
:10223000186AAEEB000C0A461C46DB684BB1597DB0
:102240009142F5D3F9D1186AAEEB00056545F4D398
:10225000EFE71CB101212046FFF782FE0220FEF7C6
:1022600045F9044600287FF449AF69E77F22D4E7A7
:10227000543E0020C422002034FD00202FFE002008
:10228000D016D0160100D01625FC000000DD6D0030
:10229000FFFF180224FD002038FD002030B5044661
:1022A00085B0002800F09680037D19B1042B15D06D
:1022B000072B13D0012B65D0022B41D0002B55D119
:1022C000E38A002B46D0594A1368A3427FD0002BE3
:1022D0007AD0DA68A24275D01346F8E7A36F002BD4
:1022E0003FD0638B13F010031D4600F09080218BCC
:1022F000201DE28A2346CDE90121626A216D00900A
:10230000204602F0A1F82046FFF710FB484A136868
:10231000A34231D033B1DA68A24201D01346F9E7C3
:10232000E268DA60434B0020434A01211B68E06009
:10233000A342117023D0237D012B0BD1FFF7F4F9B9
:1023400021463B48FFF7A2FD0121237D3A4A8B42FB
:102350001170F3D021460220FEF7DCF8002005B012
:1023600030BD228D41F2D0639A42BAD1204605B0E9
:10237000BDE83040FFF7A2B9E3681360D2E701F08F
:10238000C5FCEBE72D49002001F10C0C51F8043F8E
:102390001B6833B1DA6F944208BFD867DB68002B43
:1023A000F8D18C45F2D121462548FFF76FFD237DFA
:1023B000012B1D461DD021460320FEF7ABF800205F
:1023C00005B030BDE268DA600023E360C2E7E3688D
:1023D0001360F9E71B4B4FF4AF721B491B4809F020
:1023E0003DFE204609F002FD0120F9F767FC05F0EB
:1023F00053FB144BDF221649144809F02FFE00202E
:1024000009F0F4FC2846F9F759FC05F045FB0D4BA3
:102410004FF4B2720F490D4809F020FE284609F02A
:10242000E5FC0120F9F74AFC05F036FB28FD002009
:1024300024FD00202CFD00202DFE0020E44400207F
:1024400030FD0020C42200203C2600200013002084
:10245000782600205C26002039B318460B4600B5CC
:1024600083B052B1184611890192FFF7C7F901985C
:10247000FEF70CFD002003B000BD0028FAD10C4A85
:1024800001914FF4F3710B48F9F724FC019B1A7D7D
:10249000012A03D05A8B42F010025A8301211846B8
:1024A00003B05DF804EBFFF7F9BE6FF00F00704763
:1024B000583D0020C4220020002838D0826F00231D
:1024C00070B5D0F8845082B0517B044683670E46C5
:1024D00065B1014600690192A847019A68B10D30C3
:1024E00021D06FF00400A26702B070BD1189019283
:1024F000FFF784F90198FEF7C9FCB30610D5238DC8
:1025000041F2D062934201D001332385D4F8845044
:1025100035B10023214620691A46A8470D3002D064
:10252000002002B070BD6FF00C0002B070BD6FF003
:102530000F0070472DE9F0411C4D0027DFF8748033
:102540002B781B4E01332B70D8F80040B4B1A37F19
:102550002A78934214D0638BA277D90719D41A072B
:1025600010D4A36F2046E468002BEFD03770FFF73C
:10257000A3FF3378002BE7D1002CE8D1BDE8F08130
:10258000E468E3E723F0080320466383FFF796F847
:10259000E7E743F002032046638301F0E1FF638B2A
:1025A00023F003039BB26383D9E700BF2FFE002013
:1025B0002DFE002024FD002008B5FFF7BBFF054AD3
:1025C000137801331370DB0700D408BDBDE8084061
:1025D000FFF7F4B92EFE002020B1038B021DC18A43
:1025E00003F076BA10B50446074B40F6B40207492B
:1025F000074809F033FD204609F0F8FB0120F9F700
:102600005DFB05F049FA00BFC4220020942600209B
:10261000001300207AB169B18A8E282A134638BF88
:102620002823283B9BB2834228BF03469BB2002A43
:1026300018BF1846704710B51446074B40F6CF0236
:102640000649074809F00AFD204609F0CFFB0120A2
:10265000F9F734FB05F020FAC4220020B026002050
:102660000013002008B1036803B9704770B50E4627
:102670002349024682B00868B0B10168C4688B4241
:1026800006D08CB1204613680168C4688B42F8D12B
:102690009BB24FF6A9650121AB42F2D00092FFF741
:1026A0005FFC009A002CEDD1164B1B684BB14FF626
:1026B000A964196818461568DB68A94212D0002B76
:1026C000F7D16EB133685BB10F4B1B6843B118682B
:1026D0001168884201D131681960DB68002BF6D19E
:1026E00002B070BD1FFA81FC0121A445E7D0CDE9FD
:1026F0000032FFF735FCDDE90032002BD9D1E0E7ED
:1027000024FD002028FD002030FD002070B5446F1E
:102710006CB1064625462468686808B1FEF7B6FB2A
:1027200029460420FDF7F6FE002CF3D1746770BD36
:102730000C4A0D4913880988581C994210800FD9FA
:102740000A4A12681AB10A4909888B4204D2094A16
:1027500012681344187D70475B1ADBB2D05C704777
:102760000020704700FE002004FE002040FD0020F5
:1027700002FE00203CFD0020C2680B46F0B59289A5
:1027800083B00646D10530D41A4DD3F80CC0184694
:102790003289D5F800E0DCF8044072441F89111B2F
:1027A000C91B002912DBBCF80C20D20504D5F16846
:1027B0008A8942F480728A811C68FFF773F8234685
:1027C000002CE2D10023336003B0F0BDA21A002A2E
:1027D000F9DAA4EB0E017068019389B23181FEF73A
:1027E00045FC019B336003B0F0BD1846FFF748F885
:1027F000E8E700BF08FD0020F8B51D4B1C88BCB100
:1028000000221C4D074613462A809C4210D9FFF730
:102810008FFF012829D002280BD048B1FFF788FF8D
:10282000012805D92B88023B03449BB22B80ECE79F
:10283000F8BDFFF77DFF0428FAD12B880133A342AE
:10284000F6DAFFF775FF0646FFF772FF40F2B45164
:1028500040EA062240F2B35092B2531E9BB283422A
:1028600088BF0A462B887A86CFE72B88CDE700BF42
:1028700004FE002000FE0020104B1B7813F0100314
:1028800001D118467047428B0346D20600B583B08B
:1028900008D4D0F890202AB16FF00E01006901939E
:1028A0009047019B194606480193FFF7EFFA0198FC
:1028B000FEF75CFF012003B000BD00BF29FE002031
:1028C00024FD002000294AD02DE9F8438846164609
:1028D00004462B4F2B4DD8F80C203B685168B8F8B4
:1028E000080009BA92895B1A02F440721B1A002A86
:1028F00018BF013B002B1DDBD8E90090FEF72AFC36
:10290000B4F8663098422CD829881B1AB8F80820E9
:102910004046A4F866300A442A80FEF7C3FFB4F8A4
:10292000663013B156EA09080AD0B9F1000F04D095
:10293000C846D0E74046BDE8F8830020BDE8F883EC
:10294000114B40F26E421149114809F087FB404695
:1029500009F04CFA0120F9F7B1F905F09DF80020D3
:102960007047094B40F264420A49094809F076FB76
:10297000002009F03BFA0120F9F7A0F905F08CF8E6
:1029800090650020FCFD0020D82600205427002060
:10299000001300202C270020F0B5027D83B0032A0D
:1029A00040F2C583984B0446984D1B78D8064CD40A
:1029B000974F38882B68002800F08B80227D062AEC
:1029C00000F28780626AD11A9E1AB1F1010C00F1FF
:1029D0002B8106F1FF3E1EEB000F00F125818D4B90
:1029E0005E680193002E00F0C9834FF6FE73994292
:1029F00000F2BF8389B230898842C0F0B583019A62
:102A000013895B1A1381738999420BD9401A4FF0CD
:102A1000000CC91AA6F80AC03081366889B27389D9
:102A20008B42F6D33046FEF7C9F9019A636AD16842
:102A3000208D4B602B600146002840F0F08120463D
:102A400003B0BDE8F04001F045BD2B68606D7249F0
:102A5000C61AB4F860C0D4F858E0002E09684EDBFE
:102A6000984248D08E4500F02881666C701A002884
:102A700056DB674F3888002800F0B880666B002E60
:102A80009DD0A36B5B1A002B93DA644BB4F93C2006
:102A90001968B4F93E30A3EBA300A1EBE203C1EB4C
:102AA000E2019B1B31449BB289B213F4004F1A44DC
:102AB00018BF0B4612B203443888A287E38703EBA2
:102AC000E203A4F84030002363632B6800287FF4FE
:102AD00075AF626A991A002907DB218D013A0A4411
:102AE000D31A002B01DB03B0F0BD638B43F002036C
:102AF000638303B0F0BDAEEB01000028B2DA4848B2
:102B00000068C089B4F86260A4F860008642666C10
:102B100038BFA4F86200701A0028C4E91531A8DA99
:102B2000F343CB4200F1D080236D5B1A002BC0F23F
:102B3000CB80638BB4F84A2013F0040040F04D8141
:102B40008E1BA4F842006164B4F93C00B6B2E18F78
:102B500001EBE001A4F84010B4F84810914280F075
:102B6000FC8213F4006F638E0CBF0222012213FB60
:102B700002F39BB2B34294BFCA188A1993B28B4234
:102B800080F03D824FF6FF73A4F848302046D4E928
:102B90001B21FFF797FEE16E024620672046FFF7F4
:102BA00091FE0023226F2377B2FA82F3E0665B097D
:102BB0005B422386002800F025821A4B1988B4F85E
:102BC00064300B44A4F86430638B19057FD5002A68
:102BD00000F05082D2685268E16C12BA521A002A90
:102BE00075DB23F400630A4F638371E0B4F860007F
:102BF000F444A26D0244624500F0D680666B002E5C
:102C00007FF43FAF65E700BF25FE002008FD0020F0
:102C100006FE0020946B00209065002034FD00200B
:102C20003CFD0020FCFD0020002EC0F2B880208D6D
:102C300010EB0C0F01463FF502AF934200F0ED8020
:102C4000626F002A00F01B82D2F80CC0DCF804107E
:102C5000994200F0DA81581A0028C0F2468203F146
:102C6000FF3E16461268002A39D0D2F80CC0DCF8B4
:102C70000410994200F0CA81F0684068AEEB000091
:102C80000028EEDBC81A0128EBD493480192FEF726
:102C90001DFE074600283FF4D2AEF3682968586845
:102CA0003389019A0344CB1A002BC0F236821146B5
:102CB00038463760FFF760FDC1E688480068C08984
:102CC0008445BFF4D2AE1DE7204601F003FC844FDB
:102CD000666B002E3FF46DAE824B1968D1E6C91ABF
:102CE0009142BFF6ACAEBCF80C30DB053FF5A7AEA9
:102CF0007948FEF7EBFD306000283FF4A0AEF268A3
:102D00002B68516832890A449A1A002AC0F2148248
:102D1000D5F800E03A88D4F824C07244238DACEB97
:102D20000202DA427FF58BAE3068C2680192918967
:102D300011F4807F4FEA112207D002F03E0221F405
:102D40007C5152BA0A4301998A81A3EB0E01614476
:102D500089B201814068FEF789F933682968DA6829
:102D60001B89928902F44072002A18BF0133228D18
:102D700011FA83F13B80636A134499423FF45FAEDA
:102D8000594B4FF4E1625949594809F067F900205D
:102D900009F02CF80120F8F791FF04F07DFE638B19
:102DA00043F0020363834AE6228ED20B7FF426AF00
:102DB0008E427FF423AF94F84320FF2A00F0A181D4
:102DC0000132D2B2032A84F8432000F29A817FF4C0
:102DD00015AF204601F0F8FA7AE723F004038E1BC2
:102DE00061646383B4F93C10E38FA4F8482003EBDB
:102DF000E103A4F840300023A4F86A30A4F842307C
:102E0000B4F86A301E44B6B2B34200F2ED80964286
:102E100080F0EC80A4F86A60B8E62F4B0193019B28
:102E2000DA681B89968916F4407F4FEA162C40F029
:102E3000058183423B8016D9019E70683181FEF77F
:102E400015F9F368208D9989338901F440710029BF
:102E500018BF013329683B8011FA83F3616A01448A
:102E60008B4240F07581666F002E00F00D81019B52
:102E7000DB689B89DA0540F18380336830466367FD
:102E8000FEF710FD666F002EF7D139882B68208D74
:102E900001EB030C8842C4F824C0C0F06081411AE1
:102EA00020462185FEF76EFC019A5368198919B1F5
:102EB00010490B6000235360019BDB689B89D80598
:102EC00004D50D4A137843F020031370676F002F69
:102ED00000F08180084E3DE0946B00203CFD002016
:102EE00006FE002090650020D8260020C027002084
:102EF00000130020B8FC002029FE00206144944506
:102F0000616200F22081A2EB0C02121A2046228597
:102F1000FEF738FC79680A893AB19B4B186800289B
:102F200056D0FEF72DF900227A60FA689289D10511
:102F300008D5327842F020023270227D042A01D175
:102F4000072222753A6838466267FEF7ABFC676F66
:102F5000002F40D0FA68606A516881423BD12960F5
:102F60009089B7F808C010F44070228DC6D00CF1DB
:102F7000010001449042616200F2E5800120C2E755
:102F8000F06839882A683389D0F804E001EB020C34
:102F90007344ACEB0303002B7BDB8389DB050AD591
:102FA000019AD1688B89980505D443F480738B818D
:102FB000138901333B8030463668FEF773FC002EE0
:102FC000DED139882B6801EB030C208D666761E741
:102FD0006D4B1960A7E7638BDA0747D523F0010330
:102FE00043F0020363837EE54FF6FF76638EB61AE5
:102FF0001344A4F86A609BB29342FFF4C3ADA4F8F3
:103000004830C3E5A4F86800D7E500265F48138977
:10301000018999427FF613AD1368002B3FF40FAD81
:103020000192FEF753FC00283FF409AD019A002EEF
:103030007BD030601146FFF79FFB00E501339BB268
:1030400083423B807FF60FAF1CF0010F06D00CF0DF
:103050003E0326F47C565BBA1E43968116F4007F2D
:1030600000F1FF3189B208BF0146E5E643F00103F4
:10307000638338E500283FF4B4ADC268ABE543484C
:10308000FEF724FC6067DAE439882B6801EB030C57
:1030900000E7AEEB0C03002B97DAAEEB0201019ACE
:1030A00089B2D36811819B899B0502D5013989B208
:1030B0001181019A5068FDF7D9FF019AD3681189EF
:1030C0009B8903F44073002B18BF0131F36889B268
:1030D0003980D3F804C02B680B4463453FF475AFC7
:1030E0002B4B40F202622B494EE628480192FEF734
:1030F000EDFB00283FF4A3AC01996067FFF73CFBB0
:103100009DE4B4F84820638E13449BB29A4201D9DF
:103110004FF6FF73A4F848305BE6091A706889B26D
:103120003181FDF7A3FF019AC1E5606782E7184B83
:103130004FF49162184927E65B1A706899B23181A1
:10314000FDF794FFE4E5124B40F2316213491BE6B0
:103150000F4B40F2D152124916E60A4650E60C4B8C
:1031600040F20D620F490FE6094B40F29D520E49A5
:103170000AE6074B40F29B520C4905E6044B40F22D
:103180009A520B4900E600BFB8FC0020946B002067
:10319000D8260020F827002074270020542800207B
:1031A000C027002034280020B0270020A0270020BE
:1031B000902700202DE9F04F06468BB0564A822119
:1031C0005648F8F787FD002E00F083847389544F2A
:1031D0007268132B3A6005D830460BB0BDE8F04F4B
:1031E000FDF754BEDFF85C81D8F80010D8F8140061
:1031F000FCF7DAFB0028EFD1D8F8143003F0F00325
:10320000E02BE9D03B689989C1F3031189001329A8
:10321000E2D933898B42DFD3424BA1F11402424CF5
:10322000186070892280884280F064823568002DA1
:1032300000F0848414213046FDF7C0FD2388748992
:1032400030463A4A21461D1B14800493FDF7B6FD13
:103250003068ADB24289AA42BED342682946314B9A
:103260001A60FDF7ABFD3389049A23449B1A7289D7
:103270009BB23381002A40F0AC84326812899342B9
:10328000934640F0A284D7F800E0294ADEF80430E3
:103290001BBA0793CEF80430BEF802C01360DEF804
:1032A00008309CFA9CFC234A1BBAAEF802C01FFAF5
:1032B0008CFC13600893CEF80830BEF80C301E4A20
:1032C000190ABEF80E305BBAAEF80E30BEF8003008
:1032D0005BBA1FFA83F9AEF8003001F03F030593A3
:1032E00013708B0740F00E82144B0693A3F800B0C6
:1032F000134B1B680493002B00F0F780CDF824E0FB
:103300000022B646D8F80400D8F810500E46049CA7
:10331000D8F814A01EE000BF503C0020D8260020A2
:103320003CFD002040FD002004FE002002FE0020A5
:1033300008FD00209065002025FE002006FE0020EC
:1033400024FD0020A46B0020E3682246002B00F03F
:10335000CA801C46237D002B00F05E830A2B00F000
:103360004D83012B00F05C83217A29B190F8403025
:103370000133DBB29942E7D1238B4B45E4D1E38A99
:103380006345E1D16368AB42DED123685345DBD1AD
:10339000E36831467646DDF824E0A34200F01D8460
:1033A0003AB1D360884B1C60049BA342E36000F0F9
:1033B000C0830023854ADFF834821360844D854A38
:1033C000C8F800302B7013800B07A8F808B0C8F8B5
:1033D0000CE0C8F8046003D5737B43F001037373FA
:1033E000A36F7BB12046FFF767F80D3000F0D38163
:1033F000A36F23B1069B1B88002B40F0CC81764B3A
:103400001B780593059B754E5807346040F19881F1
:10341000277D022F00F0EB82714B626A19688A42A5
:1034200000F0BF81881A2B78002803F0080307DB1F
:10343000521A218DD14203D4628B42F00202628380
:10344000002B40F0B981634B1A8852B1D4F8803018
:1034500023B12146206998470D3036D000235D4ABC
:1034600013802046FFF708FA00282ED1574B1A6820
:10347000BAB1A36F002B40F06583638B13F0100388
:1034800040F03783D4F88470002F00F08383214606
:103490002069B84710F10D0F17D010B14B4B1B68C6
:1034A000A3672B789B0607D5A36F002B00F028831A
:1034B0005A7B42F020025A73002320463360FFF704
:1034C000DBF910B9204601F04BF800243F4BD8F847
:1034D000040034601C6018B1FDF7D8FCC8F8044043
:1034E0000BB0BDE8F08F314676463E4A10680028A2
:1034F0003DD0D8F80440D8F8105002E0C068002849
:1035000035D0037D0A2B40F0E882027A2AB194F884
:1035100040300133DBB29A42F0D1038B4B45EDD101
:10352000C38A6345EAD14368AB42E7D10268D8F861
:1035300014309A42E2D14F073FF54EAE069B8D07FD
:103540001A8840F1CF82416A079B5C1A002C04DB89
:10355000C91A048DE14240F12283002A3FF43CAEB7
:10356000438B43F00203438300F0FAFF34E61E4B23
:103570001C68002C00F0AC80D8F814208A46D8F8DB
:103580000430A34604928646224605960146044628
:103590001D46049E099303E0D368964643B31A463A
:1035A000107A28B195F840300133DBB29842F3D15C
:1035B000D38A6345F0D11368B34200F0AD80002B8D
:1035C00004BF71461446E7E724FD0020B8FC002044
:1035D00029FE0020FCFD002025FE00202CFD0020FF
:1035E00008FD002038FD002030FD0020946B0020F5
:1035F000254608465C465146059E002D68D020B100
:10360000EA68994BC2601D60EC6048073FF5E4AD85
:1036100011F010039A4640F085808A077FF5DCADF3
:10362000687DFEF75DFD0446002800F0D48039680F
:10363000D8E90432804648F8042B43608B4B0A7863
:103640001B684978013342EA0122E98A4362C36276
:103650000323C18202830375FEF7BEFF834BA0657F
:103660001B682065013B6064E06563652B69E56765
:1036700023616B7A7E4A03F00C0363722B7A237208
:1036800013681460E36001F09FFA7A4B0122204630
:103690001A70FFF7B1F83B684046658EDA895346E9
:1036A00062F30F0362F31F432366FBF761FF424699
:1036B00001462846FEF7AEFF12216086204600F044
:1036C0001BFD002840F09180204600F049FF83E573
:1036D0004C073FF581AD069B0899CDE901C91A88D1
:1036E000079BD8F804001A44634B0093043300F09E
:1036F000C9FE71E5614B30461A80FDF75FFB3389E7
:103700009B46C0E50BF101025D4892B206905A4516
:103710000280BFF4EDAD5FE551465C46059E15465F
:1037200070466CE7069BCDE901C91A88079B1A44CD
:10373000514BDDE908100093043300F0A3FE4BE584
:10374000059A638B910704D5227D023A012A00F283
:10375000B881DA0602D44B4B1B6823620023204653
:10376000A4F89A30FFF748F8474B1A78237D12F0F7
:1037700002003FD0991E012909D8032B40F0C080D8
:103780003A4B1A68636A013B934200F042822B78FD
:1037900003F0080354E6638D002B00F096813B4E46
:1037A00093E6002F00F01E822B7843F008032B7065
:1037B000638B23F001036383D4F890301BB16FF067
:1037C0000D012069984721462948FEF75FFB2046F6
:1037D000FDF7CCFF79E6AB69002B3FF4FDAC014669
:1037E0004FF0FF3228699847F6E451462046FEF72D
:1037F000B7FBF1E4023B072BC9D8DFE803F081BA3D
:10380000AA664BAA15042046FFF7C6F81E4B1A7885
:103810002B78D20605D51E4A216D1268914200F020
:10382000308203F008030BE62046FFF7B5F8164B8D
:103830001B78D906ABD5164B226D1B689A42A6D1D0
:10384000E36E002BA3D12046FEF770F8084B1B68EF
:10385000A34200F03A82002B00F00382DA68A24211
:1038600000F0FD811346F6E730FD002008FD002042
:1038700024FD00202DFE0020B46B002002FE00205D
:1038800006FE002034FD002025FE00202CFD002037
:10389000906500202046FFF77FF82B789806C0D56A
:1038A000638B204643F002036383FEF73FF8A84B87
:1038B0001B68A34200F00982002B00F0D281DA6875
:1038C000A24200F0CC811346F6E72046FFF764F8E9
:1038D000A04B1A782B7802F010029F0640F18781E6
:1038E000618B41F002012AB19B4A1068226D82422D
:1038F00000F0CF81082203F00803618322759FE561
:10390000D3067FF544AF944B3F681968934B1B680F
:1039100020B1626C01328A4200F08680069A20460D
:1039200012881A443B8802937B8801938C4B009346
:10393000043300F089FD94F84230052B3FF627AFA1
:1039400000232046238600F0E3FF2B7803F00803D2
:1039500076E52046FFF720F82A7802F00803920661
:103960007FF56EAD628B42F0020262830722227500
:1039700066E5D0067FF50BAF774B1968636CDB43C8
:10398000CB4200F14D81236D5B1A002BC0F24881C0
:1039900004232375E36F002B00F0AE809F69002F96
:1039A00000F00A81002221462069B847002840F033
:1039B000BC802046FEF7F0FF6A4A13880BB1013B3A
:1039C0001380628E41F21C1153008B42184638BF9F
:1039D0000846B0EB820F40F2F48093002A78A4F8F6
:1039E0004830910602F008037FF52AADBAE75A4B3A
:1039F000226D1B689A423FF4D7AEC8E65A4BFC22B0
:103A00005A495B4808F02AFB002008F0EFF9012032
:103A1000F8F754F904F040F8534BFB225549F0E70E
:103A2000514BFD225449ECE762645A1C013B62622F
:103A3000E262FA896365002362F30F0362F31F43B6
:103A400023660423E7182375638E38460493FBF737
:103A50008FFD3A4601460498FEF7DCFD41F21C1248
:103A6000430060869342194638BF1146B1EB800F80
:103A700040F222818300B4F86670A4F84830002F29
:103A800000F0E880013FA4F86670276F002F00F077
:103A9000DB803B6823673846FDF704FF236F002B6C
:103AA00000F0CF80002384F842302386D4F8883099
:103AB00033B100222146206998470D303FF405AD0F
:103AC000638B43F00203638361E6204600F002FD4E
:103AD00065E6254B8322294993E7234B40F21F12C9
:103AE00027498EE7CC077FF538AD264B1B6803626C
:103AF00033E51046FDF7CAF92046FEF7EDFAE4E497
:103B0000238D41F2D062934201D001332385D4F852
:103B10008470002F3FF4D0AC0023214620691A4660
:103B2000B8470D307FF4C8ACCFE40D303FF4CDACD6
:103B3000E2E70D4B40F21512134962E70A4BC2222D
:103B400012495EE7084B4FF4F372114959E700BF81
:103B500024FD002025FE00209065002008FD0020A7
:103B6000B46B0020FCFD0020D8260020F4280020A3
:103B700000130020CC2800202029002078280020D5
:103B8000A029002034FD0020742900209028002066
:103B90003C2A00203B462146FEF75EFC7AE41A44AC
:103BA0004C4B089900930433CDF80890CDF804C02D
:103BB00000F04AFCFFF710BB474B4FF46E724749C9
:103BC0001FE78B4238BF0B4608E7434BE0224449CE
:103BD00017E7414BDF22434913E73F4B40F20D12F9
:103BE00041490EE73C4B40F23B32404909E703F0C4
:103BF0000803002A3FF424AC3D4A216D126891422B
:103C00007FF41EACE26E002A7FF41AAC0622227505
:103C100016E4204600F086FB2B7803F008030FE43F
:103C2000069A3B681088334A12680244188802904A
:103C300020465B880193274B0093043300F004FC7B
:103C4000A5E54FF0FF3330E7E76E002F38D03B6833
:103C5000E36620E7204B40F277322749D1E6E2685D
:103C6000DA60264B0A2222751A681C60E260012283
:103C7000234B1A7000F0A8FF2B7803F00803FFF71E
:103C8000DFBBE26E002A7FF4CCAD43F010022A7055
:103C9000C7E5E26E002A7FF42DAE20466183FDF772
:103CA00045FE184B1B68A3420FD0002BD9D0DA6811
:103CB000A242D4D01346F8E7934238BF1346DAE65F
:103CC000054B40F27F3210499BE6E3680D4A1360D2
:103CD000C7E700BFB46B0020D82600201C2A0020B4
:103CE000AC280020A028002048290020D02900204E
:103CF0009065002008FD0020F029002038FD0020FC
:103D00002DFE002024FD0020082A0020024A1378FE
:103D100043F010031370704729FE00202DE9F04393
:103D200083B006469DF8284000284BD0042001911E
:103D300090469946FCF7DAFB0199054680B38472F8
:103D4000A4000B89002704F0040441600760A3422B
:103D50002AD31B1B038108461421FCF7F7FFD0B9B7
:103D60006968A402B6F816C099FA89F3496804F59F
:103D7000A044E96048EA0402348B4B609CFA9CF34F
:103D800052BA88740B8063BA8A81C8744B80284603
:103D900003B0BDE8F0832846FDF784FD0025F6E773
:103DA0000846FDF773F8F9E70D4BB3220D490E48AD
:103DB00008F054F9384608F019F80120F7F77EFFAB
:103DC00003F06AFE064BA6220849074808F046F9A8
:103DD000304608F00BF80120F7F770FF03F05CFEA7
:103DE000582A0020CC2A002000130020AC2A0020F2
:103DF00014312DE9F84389B20746904624204FF448
:103E000020729946BDF820509DF82440BDF82860E6
:103E1000FDF7A6F8C0B14389132B17D944F4A0418C
:103E2000426899FA99F495FA95FE49BA97FA87FC8F
:103E300073BA148091810021A2F802E0C2F80480D4
:103E4000C2F808C0D3811161BDE8F883074B40F286
:103E500027720749074808F001F9002007F0C6FF5C
:103E60000120F7F72BFF03F017FE00BF582A0020B0
:103E7000E42A00200013002070B5044686B00D46E9
:103E8000164620B3007AB0B918460593FBF770FBCD
:103E9000059AB0B1E37AA47A0094062402903146E0
:103EA00001942846FBF768FD04462846FCF7EEFF20
:103EB000204606B070BD0593FCF7B2FC059A0028B9
:103EC000E8D128466FF00304FCF7E0FFF0E718465E
:103ED0000593FBF74DFB0028F3D0FF23059ADBE7A2
:103EE0002DE9F843BDF82050BDF8246012B383B328
:103EF000074688464FF4207214212420FDF730F83D
:103F0000B0B14389132B29D9436896FA96FC98FAE5
:103F100088F239BA95FA95FEA3F802C09A60002299
:103F2000DFF858C0A3F800E05960C3F80CC01A616C
:103F3000BDE8F8830C4B40F2C4720C490C4808F001
:103F40008DF8002007F052FF0120F7F7B7FE03F0CD
:103F5000A3FD054B40F2C5720649EFE7024B40F264
:103F600027720549EAE700BF582A0020142B0020D9
:103F700000130020302B0020E42A00205014D0161B
:103F80002DE9F047054684B0002800F0A080C46EFB
:103F9000002C00F08A800F46002900F089802689D5
:103FA0008E4274D9438E8B42C0F09680A37AA6EBE2
:103FB00001084FF4207238209A469B001FFA88F8B7
:103FC00003F0040303EB0801039389B2FCF7C8FF75
:103FD0008146002869D0039B6068D9F804102289C3
:103FE000194403899B1A42463B449BB2FDF7BEF934
:103FF000404557D1E1688B891B0A13F008024AD16A
:1040000003F03F0818F0010F03D008F0FE0842F05B
:1040100001024B6828464946CDF800A01BBA3B4434
:10402000FFF77CFE814600283FD06068BE1BFDF78D
:1040300091F86268B5F8663011891B1A1046314450
:10404000A5F8663089B2FDF711F8228998FA98F33D
:1040500060681644E268268191890B439381FDF7DD
:1040600079F8B5F866300344D9F80400A5F866304D
:10407000FDF770F8B5F8663018442368A5F86600B7
:10408000C9F80030C4F80090D9F800303BB10020E6
:1040900004B0BDE8F08703F037080822B2E7A5F8BE
:1040A0006830F4E74846FCF7F1FE4FF0FF30EFE7E9
:1040B0000C4B40F256320C490C4807F0CFFF002061
:1040C00007F094FE0120F7F7F9FD03F0E5FC054B3E
:1040D00040F24E320649EFE7024B40F25E320549AC
:1040E000EAE700BF582A0020702B002000130020B0
:1040F0004C2B0020942B0020F0B511F0030685B066
:1041000078D00446002870D0C1F340070D4601F076
:1041100002064FF42072B90038200391FCF720FF0B
:104120000399002846D043898B4268D30146009703
:104130002A46E36D2046FFF7F1FD00283AD0C36818
:1041400013F003074CD10389002B3AD1E36E3BB344
:104150001A461B68002BFBD11060002305F00105F7
:10416000A4F86830B6B935B1E36D0133E365638B0C
:1041700043F0200363834068FCF7ECFFB4F866303B
:10418000184480B2A4F8660010B1206F50B100202E
:1041900005B0F0BDE36D0133E365002DEBD0E6E73C
:1041A000E066DAE7E46E002CF2D1174B40F2694288
:1041B00016490AE0638B4FF0FF3043F080036383BE
:1041C000E6E7114B40F247421149124807F046FF1B
:1041D000002007F00BFE0120F7F770FD03F05CFCF8
:1041E000094B40F246420C49EFE7074B40F21542BB
:1041F0000A49EAE7044B40F213420949E5E7024B5A
:1042000040F23D420749E0E7582A00209C2C00205C
:10421000702C002000130020582C0020FC2B0020C4
:10422000A42B00201C2C0020C0B1C36E43B11A4641
:104230001B68002BFBD1D1688A8912F4E06F02D091
:104240000121FFF759BFB0F81AC042F480724CF058
:10425000200C8A81A0F81AC01846704710B5044691
:10426000074B40F2EF320749074807F0F7FE2046B8
:1042700007F0BCFD0120F7F721FD03F00DFC00BFA6
:10428000582A0020C42C002000130020002831D020
:10429000D0F870C0BCF1000F0ED06246D2E90031F8
:1042A000897B3BB1012907D11A46D2E90031897BCC
:1042B000002BF7D1012903D06FF005031846704792
:1042C000C16E1160418BC0E91BC341F40061D2F89B
:1042D0000CC012894183DCF80410BCF80CC009BA88
:1042E00043630CF4407C9C4518BF01320A44C2640D
:1042F0001846704710B50446074B40F267620749FD
:10430000074807F0ABFE204607F070FD0120F7F7E5
:10431000D5FC03F0C1FB00BF582A0020E02C002090
:104320000013002010B5002838D0D0F870E0BEF19E
:10433000000F2CD0DEF804309B7B012B27D1DEF858
:10434000003000F16C0CC26E03676AB1DEF80C300D
:10435000596809BA02E0944612682AB1D3685B68CA
:104360001BBA5B1A002BF6DBCEF80020CCF800E07D
:10437000DEF800307BB190F84230FF2B02D00133E1
:1043800080F8423000231A464363104610BD6FF098
:104390000502104610BDA0F86830ECE70446074B54
:1043A00040F2C5620649074807F058FE204607F06C
:1043B0001DFD0120F7F782FC03F06EFB582A002058
:1043C000042D00200013002010B5044630B3036F05
:1043D00013B1438B5B0700D510BDFFF7A3FF002887
:1043E000FAD1B4F86030B4F84810628E8B4228BF1E
:1043F0000B465B10B3EB420FA4F84A3002D25300D5
:10440000A4F84A30618B02EB42020020134441F0D1
:1044100004022086A4F84830628310BD074B40F2A6
:10442000FD620749074807F019FE204607F0DEFC49
:104430000120F7F743FC03F02FFB00BF582A0020B0
:104440001C2D00200013002030B585B0054608461D
:104450001146BDF824201C46089B0092BDF8282078
:10446000039301922246FFF73BFD40B10146039BB7
:104470002246284605B0BDE83040FFF7FDBC05B038
:1044800030BD00BFF0B585B09C460A9EBDF82CE05B
:10449000BDF83030D8B10746084611466246654639
:1044A000CDE900E33346FFF71BFD044678B129460A
:1044B0000023062532460297CDE90035FF23FBF79E
:1044C0005BFA204605B0BDE8F040FCF7DFBC05B064
:1044D000F0BD00BF10B5044684B060B3026D102378
:1044E000418D008B12BACDE901310021E38A0090A1
:1044F000606AFFF77DFCB0B1B4F82AC0231D626A80
:10450000014620466244E2622246FFF7B5FC638B17
:1045100020B923F00303638304B010BD43F0030309
:10452000638304B010BD638B6FF0010043F003039D
:10453000638304B010BD074B4FF40362064907487C
:1045400007F08CFD204607F051FC0120F7F7B6FB81
:1045500003F0A2FA582A00203C2D0020001300206E
:104560002DE9F04F044687B09E4A40F2E3419E4851
:10457000F7F7B0FB002C00F09781257D012D00F0AE
:104580008E819A4B1B68A34231D0E56E2DB3207A01
:10459000B4F84880B4F86060002840F05381201DD2
:1045A000FAF7E6FF8146B9F1000F00F06181B045EE
:1045B000236828BFB04613B9D9F800302360EB68F0
:1045C000606C29895A68081A12BA8618464512D9A9
:1045D000B4F86030434500F02381B4F81AE01EF0CF
:1045E000020F40F017812EF0800EA4F81AE0002090
:1045F00007B0BDE8F08F002684F89960266F002E82
:1046000000F01E8137463668002EFBD1CDF81090A1
:104610000026B946DFF8D8B12F461D461044404564
:1046200000F21A81B5F80CC01CF4806F40F02381B1
:10463000236F6BB1B4F81AE01EF0440F08D1E36E9B
:104640000593002B00F0BB801B68002B00F0B080AE
:10465000237D022B00F093804CF4805C7868A5F8F1
:104660000CC0837B012B31D03868E066638B23F06C
:1046700003036383AD89236D15F4407F73D18D18D7
:104680005B1B002B1ADBE1B1236F3E60002B74D063
:10469000D9F80C10496809BA511A0029C0F2AA8049
:1046A000C9F80070B9460746002F00F0CF80FD68BA
:1046B000606C6A68398912BA081AAFE72565002963
:1046C000E2D13846FDF7EEF8E76EEDE7636A628DFA
:1046D00019BA134452BAA960EA81E362BB7A13F0B3
:1046E000010353D105F11402B4F930100029616BB4
:1046F000B8BF268629B9DBF800106163696809BA7A
:10470000A163002B43684189A5EB03034560A1EB3E
:10471000030141810189A1EB030303810CBF142331
:1047200018232E746E742B449A4240F0B380049B7D
:10473000221D2146029306230193A37A0093E37A74
:10474000FBF71AF9002840F08E80FD68237D6A6827
:104750003868022B398912BAE06687D1AD89236D9A
:1047600015F4407F8BD0114401315B1A002B8BDA9A
:10477000236F21653E60002B8AD1276792E7786816
:10478000837B012BA2D03868E06673E7221D049971
:1047900040F2B450FDF73EFF40F0017005F1180201
:1047A00000BA6861BB7AFD6803F0010378689BE793
:1047B000059B1B891846638E9842BFF449AFB4F835
:1047C0006430002B3FF444AFB4F866300F2B3FF653
:1047D0003FAF1EF0A00F7FF43BAF059800287FF499
:1047E00002AF35E05C3C0020582A00202CFD002060
:1047F00034FD002004F17000D968496809BA891AAB
:10480000002903DA18461B68002BF5D13B600760CE
:10481000E76E49E7204607B0BDE8F04FFFF75ABE04
:10482000236F002B7FF4D9AE94F89930002B7FF4DE
:10483000D4AE4FF4807284F89A30A4F89820CCE675
:104840003746E3E6FBF7ECFF8146ACE6B4F81AE046
:104850000023A4F86830C6E6E06EB4F81AE0002839
:104860007FF4C1AEF4E7638B43F080036383BFE65C
:104870006FF00300BCE60F4B40F23A520E490F486E
:1048800007F0ECFB002007F0B1FA0120F7F716FA69
:1048900003F002F9074B4FF4C4620949EFE7054BF7
:1048A00040F2E7420749EAE7024B40F2E542064997
:1048B000E5E700BF582A00209C2D002000130020AF
:1048C000B42D0020742D00205C2D002040B190F804
:1048D0004230FF2B02D0013380F84230FFF740BE58
:1048E00010B50446074B40F29C620749074807F0A1
:1048F000B5FB204607F07AFA0120F7F7DFF903F05D
:10490000CBF800BF582A0020C82D0020001300203B
:1049100010B5044678B1FFF7B9FC00B110BD94F8AA
:104920004230FF2B02D0013384F842302046BDE8EC
:104930001040FFF715BE074B40F2B1620649074829
:1049400007F08CFB204607F051FA0120F7F7B6F983
:1049500003F0A2F8582A0020EC2D002000130020BC
:1049600010B5044684B000B3026D1023418D013AA6
:10497000008B12BACDE901310021E38A0090606A10
:10498000FFF736FA68B1B4F82AC00146626A231DFF
:1049900020466244E262224604B0BDE81040FFF7C0
:1049A0006BBA4FF0FF3004B010BD074B40F66A02FF
:1049B0000649074807F052FB204607F017FA012086
:1049C000F7F77CF903F068F8582A0020082E002039
:1049D00000130020F0B5044685B0002865D0C56EF0
:1049E000002D5BD090F89A30FF2B02D0013380F875
:1049F0009A30EB689A89D20530D45A681023618DB9
:104A0000CDE90131218BE38A00910121606AFFF732
:104A1000EFF90646002844D0638D626A716813443A
:104A2000E36268681431B5F808C001220389A3EB7A
:104A30000C039BB2FCF79AFCEB683146226D2046D2
:104A40005B681BBA0133D21A002A2246B8BF23651D
:104A5000231D05B0BDE8F040FFF70EBA5A68638D1C
:104A60002989029310230F4600390193238B18BF25
:104A700001210093E38A606AFFF7BAF9064680B124
:104A8000628D636A41681344E362002FC9D18B8948
:104A900023F47C5343F488538B81CDE7284605B03B
:104AA000F0BD4FF0FF3005B0F0BD074B40F695026A
:104AB0000649074807F0D2FA204607F097F9012087
:104AC000F7F7FCF802F0E8FF582A0020242E002017
:104AD0000013002030B583B005460820CDE9002141
:104AE000FBF704FD0446DDE9002198B10023816055
:104AF0000F49C260C0E900350B681BB907E01946D1
:104B00001B681BB15A68AA1A002AF8DA23600C60E5
:104B100003B030BD074BBE220749084807F09EFA94
:104B2000204607F063F90120F7F7C8F802F0B4FF58
:104B3000209C0020482E00209C2E002000130020E6
:104B400000B583B0436801909847F7F72BF9019AB5
:104B5000074BD2F800C01B686344191A00290549A5
:104B6000B4BF6044184603B05DF804EBFFF7B2BF72
:104B7000946600200D23010008B5FDF71DFD0C4BC8
:104B80001B6873B10B4A40F227110B48F7F7A2F8E4
:104B9000F7F708F900220949FA30BDE80840FFF7A5
:104BA00099BF074B1B68002BECD1064A136008BD68
:104BB00024FD0020CC3D0020482E0020452301008C
:104BC00038FD002044FD0020114AA821114808B5F5
:104BD000F7F780F8104B1A68CAB9104A126892B1F8
:104BE0004FF0010C0E4A40F227110A48C3F800C0EA
:104BF000F7F770F8F7F7D6F800220A49FA30BDE85F
:104C00000840FFF767BF084A1268002AE8D108BDCC
:104C1000E43D0020482E002044FD002024FD00201B
:104C2000CC3D00204523010038FD002070B5134C19
:104C300004F13806256840F22711114A1148F7F7A8
:104C400049F8B5F1804F0AD2F7F7ACF8224608349C
:104C50000D492844FFF73EFFB442EBD170BD094B2C
:104C600040F2291209490A4807F0F8F9002007F034
:104C7000BDF80120F7F722F802F00EFFE043002014
:104C8000CC3D0020482E00200D230100DC2E00200A
:104C90000013002070B504460D46164640F2271159
:104CA0000F4A1048F7F716F8B4F1804F08D2F7F71B
:104CB00079F8324629462044BDE87040FFF70ABF24
:104CC000084B40F229120849084807F0C7F90020AC
:104CD00007F08CF80120F6F7F1FF02F0DDFE00BFCF
:104CE000CC3D0020482E0020DC2E002000130020A8
:104CF00038B5114A04460D46104840F24111F6F706
:104D0000E9FF0F48016899B1002203E00B680A46E9
:104D100019466BB18B68A342F8D1CB68AB42F5D191
:104D20000B6832B113600820BDE83840FBF7F2BBD6
:104D300038BD0360F7E700BF7C3D0020482E00200F
:104D4000209C00202DE9F8431E4A40F267111E48BE
:104D5000F6F7C0FF1D4EF7F725F81D4C05461D4F11
:104D600010E02168B1B14B68EA1A002A16DB0A6824
:104D700008203B602260D1E90289FBF7CBFBB8F148
:104D8000000F1CD13378002BEBD0FBF777FF2168A5
:104D90000029E8D14FF0FF30BDE8F883581BFBD560
:104DA000094B4FF4BD720C490C4807F057F900202D
:104DB00007F01CF80120F6F781FF02F06DFE48466F
:104DC000C047DFE7EC3C0020482E002028FE0020F2
:104DD000209C002094660020142F00200013002047
:104DE00008B5F6F7A1FF024B024A0343138008BD42
:104DF00000C0FFFF404F00202DE9F04F044685B072
:104E000089467D4ACD217D48F6F764FF002C00F0ED
:104E1000EB80B9F1000F00F0EB806389072B40F2C3
:104E2000A680774F666839687869FAF7BDFD754BDB
:104E30008046D7F814C0196800297CD072880B46C8
:104E40003588002052BAD7F804E06DBA4FF0000B55
:104E500092B2ADB2CDE90241414604E0DC681846A9
:104E6000002C63D02346B3F812809045F6D11C7A0B
:104E70003CB19EF8408008F101085FFA88F844458B
:104E8000ECD11C6800293FD054B1BCF1FF3F00F0C9
:104E9000828084EA0C08D9F8046018EA060FDDD194
:104EA00093F810A01AF0040F08D1BBF1000F37D00F
:104EB000BCF1FF3F77D0002C18BF9B46B3F814809D
:104EC000A845CBD15C6814B13E69B442C6D1DDE9D6
:104ED0000241002871D04B4A1E461360DA68C26056
:104EE000D96008212046FBF769FF00286DD13346C1
:104EF0001E6A002E3BD0586A19462246424B009546
:104F0000B04705B0BDE8F08F002C36D06445A5D180
:104F100093F810A01AF0040FD0D1BBF1000FCAD142
:104F2000B3F814809B46A84598D1CBE75E46029C17
:104F30008846002ED5D1D9F80030634517D1082115
:104F40002046FBF73BFF00283FD1B8F1000F0ED100
:104F50007B6903F0F003E02B09D0B98920460831C2
:104F600009B2FBF759FF0321204601F0B1FE2046AC
:104F700005B0BDE8F04FFBF789BF93F8108018F03B
:104F8000040F9BD1B3F814808B4508BF9B46A845FE
:104F90007FF464AF96E793F810A01AF0040F8DD158
:104FA000BBF1000FBCD0D9F80080DBF800604645AB
:104FB00084D0A04508BF9B4680E708212046029385
:104FC000FBF7FCFE029B002892D00C4B4FF4B8720A
:104FD0000E490F4807F042F8002006F007FF0120B5
:104FE000F6F76CFE02F058FD044BCF220949F0E7BA
:104FF000024BD0220849ECE7C03E0020282F0020B9
:10500000A46B0020D8FD0020B46B0020AC2F002042
:1050100000130020782F0020902F0020F8B50F46B5
:1050200015460446394A4FF46B713948F6F752FE7B
:10503000002F3BD0002C63D0364ED6F800E0BEF1F6
:10504000000F2AD0704601E0C06810B18442FBD145
:105050000120002D2DD03F68734601E0DB68BBB115
:105060009C42FBD0617A490702D55A7A5207F5D49F
:105070005A8AAA42F2D11A68002A18BFBA4201D04D
:10508000002FEBD16FF00700F8BD3F68ACF800507F
:105090002760658228B10020F8BD4DB13B6865826C
:1050A00023600020C4F80CE03460F5E71A4FC1E734
:1050B0007046DFF868C04FF6FF72BCF800309342CC
:1050C00018D001339DB2BEF1000FDED04FF4804105
:1050D000734602E0DB68002BD7D05A8AAA42F9D186
:1050E000013989B279B14FF6FF739D4205D0013580
:1050F000ADB2EDE74FF44045E5E74FF44045E7E753
:105100006FF00F00F8BDACF80050BBE7703E002018
:10511000282F0020D8FD0020D0430020404F002041
:105120002DE9F04186B00E4617460446494A40F242
:10513000CF2149489846F6F7CDFDDDE90C23002A3A
:1051400018BF002B0CBF01220022002F08BF42F025
:105150000102002E08BF42F00102002A65D1002C96
:1051600063D0628A002A3FD032894FF6F7739A42A1
:105170005ED808213046FBF7E9FD002846D13546C8
:105180006B89072B57D9618A98FA98F26B6849BAEC
:105190005A80002219809A71DA712A89207C51BACA
:1051A0003A68000702F0F0021AD4E02A99802BD066
:1051B000E37A0C9A11200D990292A27A0190284666
:1051C00000923A46FAF7C4FBB542034604D0059074
:1051D0002846FBF75BFE059B184606B0BDE8F0814C
:1051E000E02A0CD09980E3E721462046FFF716FF1E
:1051F00003460028B8D0184606B0BDE8F0816A7BA7
:1052000042F004026A739980637FD2E74FF4207200
:1052100008212420FBF7A4FE054648B13389002B62
:10522000AED03146FBF7F0FFAAE76FF00F03D3E7EC
:105230004FF0FF33D0E7084B40F20D3207490848E2
:1052400006F00CFF002006F0D1FD0120F6F736FD38
:1052500002F022FC8C3E0020282F0020C82F0020C6
:105260000013002010B582B0DDF810E0BEF1000F91
:1052700018BF002A0CBF4FF0010C4FF0000C0029A2
:1052800008BF4CF0010CBCF1000F16D1A8B1D0F84A
:1052900000C0BCF1000F06D1F446CDE900ECFFF7E9
:1052A0003FFF02B010BD0CF0F004E02CF4D0DEF8AB
:1052B0000040A44504D18446EFE76FF00F00F0E70B
:1052C0006FF00300EDE700BF002A18BF00294ED0A1
:1052D00000284CD030B50446007A87B080BB1068F7
:1052E00000F0F000E02817D1207F98BBA06998B1AA
:1052F000DFF888C0DCF80050A8420DD004F1180097
:105300000391CDE90423FAF733F984460399DDE9E3
:105310000423BCF1000F0CD110460392CDE9041315
:10532000FAF726F9059B8446DDE90321BCF1000F5D
:1053300020D02046CDF800C0FFF794FF07B030BD65
:10534000CDE904230391FBF76BFA059B8446DDE965
:105350000312EBE7CDE904230391FBF761FA8446DE
:10536000059BDDE90312BCF1000FE2D1D4E76FF039
:105370000F0070476FF00300E0E700BFD443002048
:1053800070B50D460446164640F23741134A14489C
:10539000F6F7A0FCFDB1F4B1628AAAB12A68237CB9
:1053A000104943F0040362600A68A68223743AB18C
:1053B000134601E0DB681BB19C42FBD1002070BDAD
:1053C0000020E2600C60FAE721462046FFF726FE47
:1053D0000028E3D070BD6FF00F0070BD1C3E0020B0
:1053E000282F0020D8FD002070B504460E46154633
:1053F00040F28C41034A0448F6F76CFC0CB1C4E956
:10540000086570BDD83D0020282F002010B5044647
:10541000104A40F2A3411048F6F75CFCCCB10F4AA9
:105420001368A3420DD033B11A46DB681BB1A34207
:10543000FAD1E368D36021460120BDE81040FBF7B4
:1054400069B8E368214601201360BDE81040FBF70E
:1054500061B810BD8C3D0020282F0020D8FD002011
:1054600000B50C4A83B040F2CB410B48F6F732FC52
:105470000120FBF73BF8034640B1282200210190B0
:1054800006F0B8FFFF22019BDA725A77184603B084
:1054900000BD00BF003D0020282F002000B50F4AAE
:1054A00083B040F2F2410E48F6F714FC0D4A40F288
:1054B000CB410B48F6F70EFC0120FBF717F803462B
:1054C00040B128220021019006F094FFFF22019BA9
:1054D000DA725A77184603B000BD00BF683C00205E
:1054E000282F0020003D002010B1026801B102B950
:1054F00070470B68002BFBD0084B1B68002BF7D0C4
:1055000010B400E002681C68944201D10A681A6075
:10551000DB68002BF6D110BC704700BFD8FD00201F
:1055200030B5044683B00D462A4A59212A48F6F779
:10553000D1FB6389102B21D96068E27BC3891AB93A
:1055400095F840200132E2738278D1070DD5012A07
:1055500034D0062202302149019306F077FE019BE8
:1055600018B9627B42F008026273082B0CD0B3F5C5
:10557000C16F03D195F83D301B0714D42046FBF7CB
:1055800085FC002003B030BD95F83D301A07F5D5F5
:1055900010212046FBF712FC0028EFD129462046B7
:1055A000FAF700F8EDE710212046FBF707FC00288A
:1055B000E4D129462046F9F7D1FAE2E7C278002A79
:1055C000D3D102795E2AD0D1627B42F0100262739D
:1055D000CBE700BF083D0020F82F0020C04300208B
:1055E0002DE9F0470C4606461021174620469846FE
:1055F000BDF82050FBF7AAFBF0B9194A81464FF4D9
:10560000A2711848F6F766FB6DBA6368DD81D8F8B9
:105610000020C3F80220B8F80420DA803A689A60C3
:10562000BA889A8196F83C30062B09D173692146D5
:105630003046BDE8F04718476FF00100BDE8F0873D
:10564000084B40F24B120849084806F007FD48464F
:1056500006F0CCFB0120F6F731FB02F01DFA00BF8B
:10566000783C0020F82F00204C3000200013002050
:105670000A68036892B159684FF0010C104600B5F2
:1056800083B081F800C00193F6F78AFB019B9A680A
:10569000506001221B681A7003B000BD1B68012214
:1056A0001A707047012A03D10B680360002070470D
:1056B000022A00B583B00ED0032A05D012B1002013
:1056C00003B000BD0260FAE700680028F7D00C21A3
:1056D00001F0F0FFF3E70A6801900C20009201F05E
:1056E000E3FF009A8446019B07CAC3F800C08CE818
:1056F0000700E4E712B330B5144683B00D46F6F761
:1057000051FBD4E90423801A98420CD3A3681BB13F
:1057100003222146204698471821204603B0BDE8C1
:10572000304001F0C7BFA368019543B1E36801A908
:1057300020469847A368002BEAD1EDE7704703F0B5
:105740008DFB00BF012801D90020704700B583B050
:105750004B68C0B201A9019300F078FE012003B0AC
:1057600000BD00BF2DE9F0438F6887B000286CD0E2
:10577000B7FA87F56D09002F67D00E4680461820CE
:10578000914601F091FF04460222314602950595AB
:10579000C0E90055C0E90255C0E90455CDE90355FB
:1057A00002A8B847E268A3686F460592B2680493FE
:1057B000A260F268DDE90201E260CDE9000194E84F
:1057C0000300CDE90201DDE9000184E803001BB11B
:1057D000032202A902A89847F6F7E4FA23461E4AD4
:1057E0003946C4E90409404600F0C2FF10F1050F34
:1057F000804626D0A0B1A3681BB1032221462046D3
:1058000098471821204601F055FF4046F6F7CCFA9C
:10581000044607F091F90460002007B0BDE8F0836A
:10582000A3681BB103222146204698471821204631
:1058300001F040FFB368029763B1F36802A93046F4
:105840009847012007B0BDE8F08307F075F91623EB
:105850000360E1E703F002FBC12E010030B5002335
:1058600089B005460C2014468DF80E3001918DF854
:105870000F30059301F018FF019903461C4A81601F
:105880000DF10F010792284619600DF10E01194A1A
:10589000596004A9069222460493FFF763FF069D10
:1058A00003462DB104A9019003220846A847019B95
:1058B00013B9184609B030BDF6F774FA9DF80F30E9
:1058C00005462BB10DE003F093F99DF80F3043B975
:1058D000F6F768FA401BA042F5D307F02DF97423C0
:1058E00003609DF80E30DBB2184609B030BD00BF32
:1058F0003D2E0100712E0100194B0020194A196834
:1059000010B5194CC2E900404A1C1A6081B1174A0F
:105910001749184803F050FA174A1368591C1160C8
:10592000BBB1124A15491648BDE8104003F044BA0D
:10593000144C4FF4EE72144806F05CFD2046883497
:10594000F5F722FE114B9C42F8D1114B0E4A1A601A
:10595000DDE7104C20460FF069F80F4B1C60E0E7C4
:10596000605B0020D4580020F0380020644C0020F8
:105970003D070000745E0020FC590020090700006C
:105980005C5E0020AC5B0020685B0020445D002072
:10599000645B0020045A0020005A00200F4A13685C
:1059A000DB0407D51368002023F4825343F48053AB
:1059B000136070470A4B126C0A4903F14000C91A80
:1059C00043F8042B5A5843F8042B8342FAD1064B70
:1059D000402202490120096C1A60704700C00C4047
:1059E00008BD202040C00C40745D0020064BD3F859
:1059F000800010F4405006D0A3F54033186880F4BE
:105A00000050C0F34030704700C00F402DE9F84F00
:105A1000204B07468A461A68D2040AD51A681E49DE
:105A200022F4825242F480521A60DA6F1B6C002317
:105A30000B60BAF1000F24D0DFF85C805646154D9C
:105A4000D8F80040DFF8549044B92B6813F4A05FF5
:105A5000FBD0FFF7A3FFB8B1D8F80040B442A3468B
:105A6000C4F14001384628BFB34649445A46A4EB26
:105A70000B0401F07FFDB6EB0B065F44C8F8004055
:105A8000E2D15046BDE8F88FAAEB060A5046BDE8C1
:105A9000F88F00BF00C00C40745D002008BD2020BE
:105AA00010B5042182B004460DEB0100FFF7AEFFF4
:105AB000042804D1019B0120236002B010BD07F02F
:105AC0003BF80522034600201A6002B010BD00BF5B
:105AD000F0B51A4C85B006460F4625785DB9102101
:105AE0001748CDE90223F6F73DF91028DDE9022336
:105AF00016D10121217013480780438003461168A5
:105B00000C2241600421346800920D4A8460022016
:105B100000F020F80446F6F7CFF8204405B0F0BDB9
:105B2000094B2D2209490A4806F098FA284606F042
:105B30005DF90120F6F7C2F801F0AEFF0CFE00207F
:105B4000DC590020EC59002080300020E03000209B
:105B5000001300202DE9F04F8BB057688346DFF823
:105B60009CA205911946149B87EA0A0ADFF89092D5
:105B700003F1080095689C4E87EA0909C0089B4F0D
:105B8000D2F800C06E40D2686F40DFF878820128FA
:105B9000974C984B8CEA0808974D82EA04048CEAEB
:105BA000030382EA05056BD0A0F1020C1A460846F1
:105BB000E646CDE906C10368D0F804C05F408CEA30
:105BC0000505BBF1000F4AD0039300211346CDF821
:105BD00010C0CDE901E016EB080C4FEA074E4FEA82
:105BE000463201F101014AEB0408FB180EEB154E99
:105BF00045EB090002EBD4422D048EEA030E640348
:105C000082EA0C0205EB174504EBD64445404FEA07
:105C10004E5784EA080418EB0E084FEA42464CEB54
:105C2000050A12EB030907EBD52744EB000306EB4B
:105C3000D4366D058B454FEA444487EA080705EBE7
:105C4000DE2586EA090604EBD23485EA0A0584EAF1
:105C50000304C0D11A46DDE901E0DDE9033C0EF1A1
:105C6000FF3E83EA08088CEA0A0A0830BEF1FF3FCB
:105C7000A1D11346DDE906C101F1080202EBCC0116
:105C8000019308A8149B1A06099203F00702002347
:105C9000089301F06FFC0899099A4F40019B554009
:105CA000BBF1000F45D00020CDE901121A4616EBDA
:105CB000080C4FEA074E4FEA463300F101004AEB69
:105CC0000408BA180EEB154E45EB090103EBD4435B
:105CD0002D048EEA020E640383EA0C0305EB1745DC
:105CE00004EBD6444D404FEA4E5784EA080418EBC3
:105CF0000E084FEA43464CEB050A13EB020907EB8B
:105D0000D52744EB010206EBD4366D0583454FEAF7
:105D1000444487EA080705EBDE2586EA090604EB1A
:105D2000D33485EA0A0584EA0204C0D113460199F6
:105D3000029A83F0FF0E059B81EA080082EA0A01BD
:105D40004A46002B45D04FF0000CF34616EB000AF4
:105D50004FEA074E4FEA46390CF1010C44EB0100C3
:105D60000EEB154117EB0B0E4FEA054B09EBD44335
:105D70004FEA443845EB02090BEB174B81EA0E0260
:105D800008EBD64883EA0A038BEA090B570588EA31
:105D9000000880184FEA4B544AEB0B014FEA484584
:105DA00004EBD22413EB0E024FEA434648EB090EF4
:105DB00005EBD33384EA010507EBDB2783EA0E0406
:105DC000059B06EBD83647406345F34686EA020654
:105DD000BCD187EA0E0755407E406C407040614060
:105DE0000BB0BDE8F08F00BF6D6F646E73657479A2
:105DF00061726F646172656E62646574656D6F7304
:105E00006567796C75657370234BF0B5044683B094
:105E1000224E03F130071D687DB11A7AA2420CD1DF
:105E20004FF48A705A6800FB04601030CDE900130B
:105E3000A8470022019B00991A600C33BB42EAD1AB
:105E40004FF48A701549002700FB0460FAB201374D
:105E5000944202D08A7A022A16D0042F01F58A7160
:105E6000F4D14FF48A7202FB0466F27B032A09D84C
:105E70000B4C54F82200FFF7C9FAF27B0021F773AC
:105E800044F8221003B0F0BDCD7BC27B9542E4D133
:105E90000423C373F6E700BFDC660020146700200C
:105EA000805500202DE9F04FDFF88CA14FF48A7463
:105EB00087B004FB00A4E37A012B00F2A180584ACA
:105EC000064652F8233023B994F81051002D00F003
:105ED00090804FF48A7406FB04F404F110075744D1
:105EE000384607F047F800F112014FF420723820CD
:105EF00089B2FBF735F8804600286ED054440C2256
:105F0000013F0C2523894FF6FE790DEB02015BBAA8
:105F1000ADF80C300023CDF80F30CDF813308DF8EC
:105F2000173001238DF80E304FF48073ADF8103028
:105F3000FBF75AFA01967A787E1C2E2A50D0002A56
:105F40004ED03246144612F8013F2E2B01D0002BC2
:105F5000F8D1E41B17465FFA84FBA4B25A462A44E0
:105F60004A4537DC5A4629464046AB44FBF7FCFA23
:105F7000681C2246314683B240460BF10105FBF70F
:105F800087FA3A78ADB2002AD5D129464046019E1B
:105F9000FBF7EAFA4FF001220BF1020302A9404697
:105FA0009BB202920422FBF773FA4FF48A7303FB4D
:105FB00006AA9AF810319AF80F00B3B99AF80B2094
:105FC0003523174901EB8202164951F8200041465A
:105FD000FFF77AF94046FAF759FF07B0BDE8F08FAE
:105FE0000022374614469346B9E741F2E9430E4A88
:105FF000EAE72946FFF708FFA57207B0BDE8F08F72
:106000000A4B40F20D320A490A4806F027F80020F0
:1060100005F0ECFE0120F5F751FE01F03DFD00BF5B
:106020000C6700208055002070430020FC300020C9
:106030004C3100200013002014670020414A4FF427
:106040008A7303FB002310B59B7A0446032B6AD89E
:10605000DFE803F00E1231024FF48A7300FB03F302
:10606000D15800293ED14FF48A7303FB042399725F
:1060700010BD1989614508D1F5F756FE314B1FFA5D
:1060800080FC1A46997A0229F3D003F58A732E49C7
:106090009942F7D14FF48A73A1F24E41204604FB96
:1060A00003F31A440833A2F808C0284ACA50BDE8CE
:1060B0001040FFF7F7BE4FF48A7004FB00F0111890
:1060C0000B7B013BDBB20B73002BD1D14B7B01333C
:1060D000DBB2042B4B730AD00B732046BDE8104093
:1060E000FFF7E0BE0139D1500029BCD0C0E7CB7A20
:1060F0006BB9174B5B6853B191F810313BB908305D
:10610000144A40F2011C22F800C04B73E5E700215D
:106110002046FFF779FE4FF48A730A4A002103FBF9
:106120000423997210BD0C4B40F26E420B490C488F
:1061300005F094FF002005F059FE0120F5F7BEFDA3
:1061400001F0AAFC14670020646B0020020001002B
:106150000C67002017670020FC300020643100200D
:10616000001300202DE9F0471E4613898AB014461B
:106170000F2B05D82046FAF789FE0AB0BDE8F08754
:1061800000230C2204A92046FBF7F0F80C28F1D1DB
:10619000A84B0025BDF810109A7A49BA022A89B294
:1061A00007D0013503F58A73042DE3D09A7A022AC9
:1061B000F7D11A898A42F4D1BDF81430B3F5807F43
:1061C000D8D19DF81230DB09D4D09A4A4FF48A73A3
:1061D00003FB052393F8102132B9D97A964B326824
:1061E00053F821309A42C5D14FF48A73A846274606
:1061F000BDF8169003FB05F3054603F110029A461D
:106200008C4BD41829463846FBF79EF900282DDB25
:106210004FF6FF739D4229D000F0C002C02A25D05E
:106220000135ADB220B3261819E02178681C834AE5
:106230000134525C02F00302012A804AD25C08BF9A
:10624000203102F00302012A08BF203399420DD108
:106250004FF6FF739D4285B208D0B44208D029465C
:106260003846FBF771F9031EDBB2DEDA3C4681E704
:1062700029463846FBF768F90028F7DB04F10104EA
:10628000C0D12E464FF6FF7245463C4696423FF43B
:1062900071AF731C9BB293423FF46CAF042202A90E
:1062A00038460193FBF762F804287FF463AFBDF82A
:1062B0000A20B2F5807F7FF45DAFBDF80820B2F50B
:1062C000807F7FF457AF4FF6FB72019B93423FF6FE
:1062D00051AF9DF813305FFA88F81B0750D199FA37
:1062E00099F2731DA946264697B29CB2002F00F082
:1062F00090803389A34209D88BE0328993423DDAFA
:106300002146FBF721F9002838DB10D0651C214617
:106310003046FBF719F9031EADB2304603F0C00258
:106320002B442BDB9CB24DB3C02AE6D12C464FF652
:10633000FF739C4222D0651CADB29D421ED02B46FD
:106340000A2207A93046FBF711F80A2816D14FF6A2
:10635000F5739D4212D8079904F10B03BDF8242070
:10636000B1F1012F9BB224D054BA13FA84F4B4F5DE
:10637000803F03DA7B1EA4B29FB2B7E73446F9E64A
:106380004FF48A732B4A03FB0523DB7A002B42D19F
:10639000294B5B68002B3ED04FF48A73284A40F2A9
:1063A0000131404605FB03F30833D152FFF746FEA7
:1063B000E0E6B2F5806FD7D1042203A93046344617
:1063C000FAF7D4FF04287FF4D5AE4FF48A74304630
:1063D000184E09FB04F4039B35196B60FAF756FD60
:1063E000089B0AF10401174A40461BBA3144934204
:1063F00028BF134633510323AB72FFF705FD335912
:10640000002B7FF4BAAEAA7A032A7FF4B6AEAB7241
:10641000B3E64D4634462046FAF738FD00214046A3
:10642000FFF7F2FC4FF48A730249002203FB0513C5
:106430009A72A2E6146700200C670020CD3E00206F
:1064400018670020803A0900704700BF012800D972
:10645000704721B1054B0A6843F820207047044A71
:10646000024B126843F82020704700BF0C670020E1
:10647000D043002010B50024E0B20134FFF7DEFD68
:10648000042CF9D110BD00BF002900F059812DE97D
:10649000F04F044683B0002800F005810578002DF8
:1064A00000F001819A4691460D4606F063FD00F129
:1064B000FF3814F808302E2B18BF8046B8F1FF0FB4
:1064C00000F2F18029462046F9F78CFA18B1002035
:1064D00003B0BDE8F08F9C4F264600950446394630
:1064E000BB469A4F0D4615F8063C032B49D00134A4
:1064F00005F58A75042CF6D1344695493E465F462B
:10650000204606F003FAA8F106032344984273D00C
:10651000904B1B68002B00F00A814FF0000B002508
:1065200017F8063C022B40D0013507F58A77042D79
:10653000F6D1894B002218781346B17AD7B20029D8
:1065400048D0032902F1010208D1B17B411AC9B236
:106550008B4238BF3D468B4238BF0B46042A06F5B6
:106560008A76EAD1042D07D0784A4FF48A7303FB68
:1065700005239A7A032A42D04FF0FF3003B0BDE8DA
:10658000F08F424629463046F6F7C8FC0028AED1C7
:1065900015F80830002BAAD14FF48A726B49009D80
:1065A00002FB04135B682B6091E7424639462046A4
:1065B000F6F7B4FC0028B7D117F80830002BB3D198
:1065C000664A11680C32002900F09C800133042BCC
:1065D000F7D1A9E74FF48A735C4903FB02165F4BBE
:1065E00000251A46009313680C325BB10135042D67
:1065F000F9D14FF0FF30C1E74FF0010B8FE71E4696
:106600002F46ECE705EB45020193009B2146B07352
:1066100006F1100043F8229003EB8202504CC2F8BE
:1066200004A04FEA450A17720122B272424600F0F6
:10663000A1FFB044019B224688F8103098461368A9
:1066400004329BB308F10108B8F1040FF7D14548B3
:106650000422017801315FFA81F8B8F1030FA2F149
:1066600002030CD921684FF0020800295CD1012AED
:1066700010D06268002A5DD113F0FF020AD054F8EE
:10668000281008F10103013A61BB12F0FF025FFA22
:1066900083F8E2D104225544009BF2730022B272C7
:1066A00043F8252068E76FF00F0011E72E20FEF772
:1066B000F5FE8146002840D0F5F736FB82B2B2F5F0
:1066C000806FF9D328494846FEF7A8FC10F1080F5F
:1066D000F2D010BB024625494846FEF785FE214808
:1066E00044F828901C4A80F800803846137886F8D1
:1066F00010B1013386F80F801370FFF79FFC6FF025
:106700000400E5E603EB4302144941F8229001EB53
:106710008202C2F804A01572F1E74846FEF776FE41
:10672000002244F8282092E74FF00008DAE76FF0E3
:106730000500CDE64FF00108D4E744F8289086E73D
:106740006FF00F00704700BF24670020146700201F
:10675000843100200C67002022FE0020DC6600202F
:106760008055002021FE0020D04300203139010057
:1067700000B54FF0000C83B0CDF800C0FFF784FEE9
:1067800003B000BD70B54FF0000E00F0010471457C
:1067900005DD24B110F8013B013963F31F2E0129F7
:1067A00028DD8E1E490803464FF0000C4D1E00EBFD
:1067B000410233F8021B93428C44FAD1C5EBC573F6
:1067C000023006EB4301A0EB4300012902D103781C
:1067D00063F3070E0EEB0C039AB202EB134398B26D
:1067E00000EB134003BAC3F30F43002C18BF184645
:1067F00080B270BD4FF0000CE7E700BF08B5FFF7AF
:10680000C1FFC04380B208BD70B5154606460C46B0
:10681000114A7C211148F5F75DFA75B1B26C25611A
:106820003AB1134601E01B681BB19C42FBD100202A
:1068300070BD22600020B46470BD084B7D22084901
:10684000084805F00BFC284605F0D0FA0120F5F7C2
:1068500035FA01F021F900BF183D00208C310020ED
:10686000E03100200013002010B50123002482B085
:106870004A600C730B810191F5F756FA064B0246FC
:1068800020460199A3FB0243DB0803EB8303A2EB41
:1068900043024A8102B010BDCDCCCCCC836C23B175
:1068A00000221A721B68002BFBD1704738B5374B9A
:1068B0001D68002D36D0AC6C74B933E0013B042A5E
:1068C0009BB2638139D8022A4ED8013A012A01D8F5
:1068D000002B3AD024682CB3237B0BB1013B2373EC
:1068E0006389227A002BE9D1042A1CD8022A29D9EB
:1068F000637A13B9637304232372211D2846F8F7C2
:1069000089FB637A4FF0140201336281DBB2012B01
:106910002DD9052300212846A360236998472468C0
:10692000002CD9D138BD072AD4D14FF000022369F9
:106930000121284622729847CCE7072ACAD1002BAA
:10694000C8D1F2E7013A012AC4D80223211D284602
:106950002372F8F747FB637A0133DBB2022B6372D1
:1069600007D90B4BA360B5E7002BB3D1C0E7637227
:10697000B0E7F5F7D9F9074BA3FB0023DB0803EBDE
:106980008303A0EB43000A306081A3E71C9C002036
:1069900003001400CDCCCCCC2DE9F043054685B0E6
:1069A000D0F836006B8FAC6C0290ADF80C306CB345
:1069B0000E46D1F80E808F690AE03BB1636843450B
:1069C0002FD0BB4202D1B8F1000F22D02468ECB125
:1069D000237A032BF1D91A1F022AF7D8626842459D
:1069E000F4D1062206F1080102A8019305F02EFC5D
:1069F000019B0028EAD0062B2AD0237B8BB9211DCE
:106A00002846F8F707FB64232373DFE705B0BDE8EA
:106A1000F083062206F1080102A805F017FC002801
:106A2000D4D0637B022128460133637323699847DE
:106A3000637B092B05D9072323724FF416736381F7
:106A4000C4E7002301212846237223699847BDE744
:106A5000002302212846237223699847B6E700BF26
:106A6000002930D08C46096869B362B3136853B308
:106A7000836C43B330B5154685B0624602E01B68AF
:106A8000FBB111685C688C42F9D189B24FF6A964F8
:106A9000A142F4D12988A142F1D0197A052916D84A
:106AA000032911D801390229E9D8002103921A6972
:106AB00019720221029001939047039ADDE9013097
:106AC000DDE705B030BD704706211972D7E7072909
:106AD000D5D1EAE72DE9F043058989B00746884614
:106AE0001C2D91464FF024004FF4207228BF1C2526
:106AF00005F10804A4B22146FAF732FA50B34389EB
:106B00000646A34229D37B682A464468002505939C
:106B10003946082384F8008084F801902571657156
:106B2000A571E571FAF780FB059B07A8DB68079361
:106B3000F8F71EFD58B10123A570E57007AA029071
:106B4000294601933046FF230095F8F715FF30469C
:106B5000FAF79CF909B0BDE8F083074B4FF4BB721C
:106B60000649074805F07AFA002005F03FF90120B0
:106B7000F5F7A4F800F090FF003200205432002016
:106B8000001300202DE9F0414B4D86B00446AE685D
:106B9000337803F00F039B00132B14D94289032A87
:106BA00011D942681278082A0DD1686900F0F00204
:106BB000E02A08D00F4629680493F8F7F5FE10B9CB
:106BC0002289072A05D8204606B0BDE8F041FAF729
:106BD0005DB9049B204603F1100105930491FAF777
:106BE000B5F8DDE90413002848D02289991889B244
:106BF0008A42E8D84FF4207210200493FAF7B0F9D3
:106C000080460028DFD0049B418903F108029142AD
:106C100049D331461A464068049300F0ABFC04990E
:106C20004046FAF7CBF8002841D121464046FAF712
:106C300095FB002837D120464446FAF727F9049BF4
:106C4000194620466668FAF781F80028BBD16268C9
:106C5000D5E90413D360FF2311613070E073B07085
:106C6000F0709072D0721372012200901349CDE936
:106C7000012702462046F8F77FFEA4E7204604934A
:106C8000FAF79CF8049B0028DAD00D4BCC220D4972
:106C90000D4805F0E3F9002005F0A8F80120F5F70C
:106CA0000DF800F0F9FE4046FAF7F0F88BE7044BD8
:106CB000BB220649ECE700BFA46B0020B86B0020A4
:106CC00000320020B4320020001300208032002067
:106CD0000A460321FFF7FEBE0A460B21FFF7FABE64
:106CE0000000000010B572B6DFF8C0C0BCF800208C
:106CF00091B9036883B190F804E0BEF10F0F0CD88E
:106D000042FA0EF414F0010445D0264C7444B3EB5F
:106D1000441F02D162B610BD002142FA01F3DB0725
:106D200007D501311029F8D162B600230171036043
:106D300010BD01238B401A43ACF8002062B61A4AFA
:106D400081F0030C0171D36F43F0C003D367A2F548
:106D5000A03240F28243136002F58072114B02F8B8
:106D6000E61CCB1802F8E21C02F8E81C5B0102F8F2
:106D7000E11C9FED0A7B036083ED007B83ED027BCA
:106D800083ED047B83ED067B1CF8023063F03F0348
:106D90000CF8023010BD2146BFE700BF0000000024
:106DA000000000008074000200C00F40F6FD0020CB
:106DB00003790F2B11D8094A937672B6084901223C
:106DC00090F804C00B8802FA0CF223EA02030B804D
:106DD00062B61022002302710360704700800E40EB
:106DE000F6FD0020EFF3108272B6437F33B9017FC6
:106DF000012907D0032911D0012343770AB962B6CC
:106E000070477047DFF868C0DCF80010F9B1164928
:106E100043610B68086083615861EDE700B5DFF8F6
:106E200054E01249DEF800C0BCF1000F16D04361F7
:106E30000B68836158614FF0E0234FF0805C08607D
:106E4000C3F804CD0123437702B962B600BD064BF7
:106E5000CCF800001860C0E90511CDE7C0E905CC09
:106E6000CEF80000E7E700BF5C5D0020545D002025
:106E7000505D0020585D002070B5EFF3108272B6AF
:106E80000C4C206880B10C4E00254369236073B11F
:106E90009D6102B962B6836845779847EFF3108227
:106EA00072B620680028F0D102B962B670BD3360B6
:106EB000EFE700BF585D0020545D0020FFF7DCBF06
:106EC0000346EFF3108272B6407F50B1197F01295B
:106ED00000B50AD0032913D00021597702B962B650
:106EE00000BD0AB962B670477047D3E905C1A1B1C8
:106EF000C1F814C0BCF1000F14D0CCF81810EBE7A7
:106F0000D3E905C199B1C1F814C0BCF1000FF4D1A7
:106F1000DFF82CC0CCF80010DEE7DFF828E0CEF870
:106F200000C0E7E7DFF820C0CCF80010D4E7DFF8B6
:106F30001CE0CEF800C0BCF1000FDED1E8E700BFD6
:106F4000545D0020505D00205C5D0020585D0020F5
:106F5000037F012B0ED0032B00D07047437F33B14A
:106F6000D0E90523C3B15A6162B90E4A1360002308
:106F700003777047437F002BF9D0D0E905232BB16D
:106F80005A6132B1936100230377704706490A6062
:106F9000F7E7064A1360EAE705490A60002AF1D1DB
:106FA000E3E700BF545D0020505D00205C5D0020E1
:106FB000585D00200449054A4968054B196013686B
:106FC00001331360704700BF001000E01CFD00207B
:106FD00018FD0020084601F07BBD00BFF8B50D4646
:106FE0000D4FC41CC61D14F8011F00230A22284699
:106FF00000F098F8B4424FF02E0006D02B681B68C2
:10700000BB4204D101F064FDEDE70420F8BD2E2160
:1070100028469847E7E700BFA1470100704700BF37
:10702000704700BF704700BF704700BF38B5064CBF
:10703000A4F1600554F8083C2046183CDB689847EA
:10704000AC42F7D138BD00BF70540020074B002080
:10705000DFF824C0064A0749C3F800C0C3F818C0C7
:10706000C3F830C0C3F848C001F0A6BE20540020C9
:10707000644C0020F94701005C350020012A70B5FE
:1070800008BF0A228AB005461E4659B34FF0210CAC
:1070900001E05FFA84FC0CF1FF34B1FBF2F302FB78
:1070A000131EBEF1090F0EF1370098BF0EF130002C
:1070B0000DEB0C0E914219468EF80400E9D23EB158
:1070C0000CF1FF3C2D225FFA8CFC0DEB0C031A71C6
:1070D0002B6801A9CCF1220228465B6861449847DD
:1070E0000AB070BD30234FF0210C8DF82530E6E753
:1070F00000B5036883B040F60D2C022201A95B683D
:10710000ADF804C0984703B000BD00BF044B02288F
:1071100088BF0346D3F800C01846DCF8043018478F
:10712000C84B002042B90368C9B2054A1B689342A4
:1071300004D1084601F0CCBCFFF7A0BF184700BF40
:10714000A147010001F0B4BC01F04ABCA94AAA4B16
:1071500090422DE9F047A94CD3F814E09969D4F88E
:107160000CC000F2088103F1437303F5F4530333B9
:10717000A3FB0023DB0D03EB830303EB830202F28B
:10718000B63240F227639A4228BF1A469C4BA3FBB3
:107190000232D208203A984D0CF01F04D5F8803006
:1071A000944243F0C003C5F880300BD22CF01F0C82
:1071B000924C4CEA020CC4F80CC02368002BFCDA99
:1071C0000CF01F041EF0007327D18E4D2E698E4DDA
:1071D000B54300F0FA8081F4805576464FF480572D
:1071E00016F0605F06D02EF0605E4EEA030E824B12
:1071F000C3F814E015F4405F07D021F440517E4DF0
:107200003943A961AB6C1B07FCD44EF0007E7A4970
:10721000C1F814E08B6C9F06FCD47C49884200F2D4
:10722000DF80012635460EE0082D0CD1042E00F239
:1072300091800136022506FB00F38B4200F2C380E9
:107240005B008B4206D8013506FB05F300FB03F318
:107250008B42E9D9771E05F1FF384FEA872A8EEA7B
:1072600087276B4959186B4B99427CD9DFF8E49119
:107270006C2369486349B0FBF5F0684DB0FBF6F04C
:107280000E6835404D4508D043F400534FF4805507
:107290000D600B600B68002BFCDA57490B6903F09B
:1072A0000703434504D0C1F810808B6CDE03FCD487
:1072B00017F4E05F0BD02EF4E05E0AF4E0534E4981
:1072C00043EA0E0EC1F814E08B6C9D07FCD4544DBC
:1072D000544945198D4239D8534BED09A3FB053567
:1072E0002D0B6B1E1B028EEA030111F4407F07D0A9
:1072F0002EF4407E03F440733F4943EA0E034B6192
:107300003D494B6923F000734B618B6C9B06FCD4A9
:10731000464BA242A3FB00134FF0FF314FEA9343C9
:10732000B0FBF5F5B1FBF3F34149086041490D604D
:1073300041490B6008D22CF01F0C30494CEA020284
:10734000CA600B68002BFCDABDE8F0874FF440738D
:107350000425C8E7771E2E494FF007084FEA872A11
:1073600059188EEA8727294B99421CD8DFF8E890F4
:10737000362332487EE7324B984201D80E220AE784
:10738000304B984228D9304A904227D9821A2F4B45
:10739000120AA3FB0232D20902EB820202EB820242
:1073A00002F2E242EDE6A3F182532948DFF8AC9005
:1073B000A3F589337E3BA3FB01310B0D03FB00F0EA
:1073C00043EA090956E7012544E71F468EF0C056F7
:1073D0000D464FF0C05303E70F22DCE61222DAE637
:1073E000012603464FF0000A77464FF00008354665
:1073F00037E700BF001C4E0E00C00F4000000840E1
:107400001F85EB5100800D4040300080FFB19F266A
:10741000808D5B00FF7EF64D00643F4D7F30018024
:107420007FD1F0087F17B42C9F10E50083DE1B434B
:10743000C44B0020C04B002004FD002000B29F265A
:10744000FF0A6B1B00A4781F0046C32323B24C0025
:10745000001BB7006C2000803620008000200080D8
:1074600000B970472DE9F84F01218146224C234E87
:10747000234D54E8003F3268286844E80013002B8D
:10748000F7D120494B684FF47A7BDFF87CA01B1AB8
:1074900001270BFB02F8DAF80020A2FB03235B456F
:1074A00094BF9844D84454E8003F3268286844E8C0
:1074B0000073002BF7D14B68DAF800C01B1A0BFBE6
:1074C00002F2ACFB03C3B3F57A7F94BFD21802F586
:1074D0007A72A2EB0802B2F57A7F08D3B9F1010FF4
:1074E00008F57A7809F1FF39DDD1BDE8F88F01F0B0
:1074F0007FFB0449D7E700BF20FD00201CFD0020D2
:1075000018FD0020001000E004FD002010B50F4B16
:107510004FF0010C0E4CDFF844E053E8002F2068D8
:10752000DEF8001043E800C2002AF6D1094B5B6880
:10753000094A5B1A4FF47A71126801FB00F0A2FB52
:1075400003238B4294BFC018401810BD20FD0020BB
:107550001CFD0020001000E004FD002018FD0020AC
:1075600008B5EDF791F9EDF7EDF901F041FBFAE718
:1075700030BFFDE7844641EA000313F003036DD1F9
:10758000403A41D351F8043B40F8043B51F8043BE6
:1075900040F8043B51F8043B40F8043B51F8043BED
:1075A00040F8043B51F8043B40F8043B51F8043BDD
:1075B00040F8043B51F8043B40F8043B51F8043BCD
:1075C00040F8043B51F8043B40F8043B51F8043BBD
:1075D00040F8043B51F8043B40F8043B51F8043BAD
:1075E00040F8043B51F8043B40F8043B51F8043B9D
:1075F00040F8043B51F8043B40F8043B51F8043B8D
:1076000040F8043B403ABDD2303211D351F8043B2C
:1076100040F8043B51F8043B40F8043B51F8043B6C
:1076200040F8043B51F8043B40F8043B103AEDD2DB
:107630000C3205D351F8043B40F8043B043AF9D22C
:10764000043208D0D2071CBF11F8013B00F8013BFF
:1076500001D30B8803806046704700BF082A13D30C
:107660008B078DD010F003038AD0C3F10403D21A24
:10767000DB071CBF11F8013B00F8013B80D331F858
:10768000023B20F8023B7BE7043AD9D3013A11F8D8
:10769000013B00F8013BF9D20B7803704B78437043
:1076A0008B7883706046704703F08ABD03F088BD15
:1076B00003F08EBD03F08CBD01F1FF3C70B5664652
:1076C0004FF0000E01E00EF1010EB0FBF2F402FBF0
:1076D0001403092B03F1370598BF03F130059042DD
:1076E000204606F8015FEED201EB0E0300225A702D
:1076F000BEF1000F11D0481C70440CF102021CF8BE
:10770000014F10F8015DA1EB0C03521A8CF80050E8
:10771000013B047073449A42EFDB084670BD00BF22
:1077200010B500234FF470440F224FF4806EA0F880
:107730008C411946A0F88E214FF46044A0F8903196
:107740000A46B0F8883148F2B82C43F0F003A0F8AC
:10775000883101EB4103013100EB431304299C8084
:10776000A3F806E05A841A865A805A81A3F80EC0FC
:107770005A82DA825A83DA83EBD1B0F8883143F047
:107780000F03A0F88831B0F8883143F47063A0F893
:10779000883110BD374B384A996F384841F47F0122
:1077A00070B5996741F20106D3F8801045F6C055CF
:1077B00043F226040A43C3F88020FFF7B1FF00F527
:1077C0008040FFF7ADFF00F58040FFF7A9FF00F50F
:1077D0008040FFF7A5FF0022A0F503104FF00F0E29
:1077E000114600EB42134FEA421C01329981042AF0
:1077F0005981A3F80EE09E82DD8020F80C101982DA
:107800009C81EED100221E484FF00F0E41F201067E
:10781000114645F6C05543F2260400EB42134FEAE9
:10782000421C01329981042A5981A3F80EE09E82FC
:10783000DD8020F80C1019829C81EED100221148C5
:107840000F2641F20105114645F6C05443F2260EBB
:1078500000EB42134FEA421C01329981042A5981FC
:10786000DE819D82DC8020F80C101982A3F80CE0E8
:10787000EED170BD00C00F40000003FC00C03D40D1
:1078800000001E4000401E4083290DD857280BD809
:1078900021F0010C074AC9073CF8023005D423F057
:1078A000FF0318432CF802007047DBB243EA0020C4
:1078B000F8E700BF00C03B4072B6EFF30583524CBF
:1078C000C4F884301EF0040F0CBFEFF30882EFF30E
:1078D00009824FF0E0234D4DD3F8280DD3F82C1D2D
:1078E000C4E92201D3F8341DD3F8383DC4E9241388
:1078F0009369A83444F8103CD36944F80C3C00F078
:10790000CFF804ED020A01F0DFF90B2344F8040C70
:107910004FF0FF323E4844F8283C2B6820210435C4
:107920005A4042F30003013903EA000383EA52029A
:10793000F7D1A542F1D1344BC3F8A820BFF34F8F44
:107940004FF0E0233149334AC3F8701FC3F8702F5A
:10795000BFF34F8FBFF36F8F2F4A02242F48D36E90
:107960002F4943F44053D3660460D3692D4823F074
:107970007F0343F04003D3610B68834240D8274D17
:1079800000204FF0E0234FF0FF3228600121C5F8BE
:10799000080125480C460E46C5F80001C5F8081137
:1079A000C3F88021C3F88421C3F88821C3F88C214F
:1079B000C3F8902101E000F073F9D5F80C31002BE9
:1079C000F9D04F2CC5F80C6104F10104F3D9174B21
:1079D000022017494FF00042C1F840015A63D5F820
:1079E0000C313BB9134814490C4A0163D2F80C31ED
:1079F000002BFAD04FF0E023104AC3F80C2DFEE71D
:107A0000FFF7A4FBBBE700BF00FF272080FF272074
:107A10002083B8EDA0FF272000C00F4000400840A1
:107A2000C44B0020803DCD0B009F240000900D40F2
:107A300000002E4000800F40F100AD0B0400FA055D
:107A4000094A08B50346106823B1034407498B422D
:107A500001D8136008BD05F06FF80C2203464FF003
:107A6000FF301A6008BD00BF604C002000002820D5
:107A7000002070474FF0FF30704700BF4FF40053B5
:107A800000204B60704700BF012070474FF0FF306F
:107A9000704700BF30BFFDE730BFFDE7FFF70CBF09
:107AA000124AD2F880305B07FBD5D2F880301048FC
:107AB000C3F30B230F4990ED007A07EE903A91ED56
:107AC000006AB8EE477A0C4AF8EEE77A0B4BD2ED33
:107AD000006A77EEC77A93ED007AB8EE477A67EEE0
:107AE000867A87EEA60A37EE400A704700810D407D
:107AF000F4FC0020FCFC002000FD0020F8FC00202D
:107B0000836B70B586460E4610461BB1536843F42E
:107B10000043536072B6DEF8342042B31B4B106052
:107B2000D3F8B02132421ED1194C656805E0626875
:107B3000A2EB050CBCF5166F0BD2D3F8402142F432
:107B40008042C3F84021D3F8B811D3F84021520441
:107B5000EDD5314007D10D4ACEE90201D2F8B0315E
:107B60003343C2F8B031CEF8340062B670BD074975
:107B7000CEE90202D1F8B0313343C1F8B031CEF8CA
:107B80003000CEF8340062B670BD00BF00002E4059
:107B9000001000E070B5056B95B12B46002403E0A2
:107BA0001B680134012B0CD05A681206F8D5036308
:107BB00006462CB12846B36B2D689847013CF9D195
:107BC00070BD00220023C0E90C23F1E700B501BB22
:107BD000DFF8A0C0234B0021234A4FF0010E4FF0E5
:107BE00001109960C3F800E0CCE902314FF0800C3D
:107BF000C3F804C0C2F8BC01D2F8B0311B4843EA54
:107C00000E03C2F8B0310160D2F8B031002BFBD1C5
:107C100000BD0904164BDFF85CC04FF0010E41F0C7
:107C200080019860104A596000F58051C3F800E067
:107C3000D96000F50051CCF84830196100F5405189
:107C400000F58040596100219861CCF84C10D2F8C1
:107C5000B03143F48033C2F8B031D2F8B031002BE8
:107C6000FBD1B7E7A055002000002E406C6B002030
:107C7000C055002000000020074901220B788240F7
:107C800023EA02030B7033B9044AD2F8483123F0D7
:107C90008003C2F8483170472CFE002000002E40BF
:107CA0002DE9F047A64C82B0D4F84461F107C4F83E
:107CB00044614CD5D4F8AC31002B43D0A14DA24F38
:107CC000DFF8B882C4F8AC31D5E90A20D4F84031E5
:107CD00043F40053C4F84031D4F840319B04F5D547
:107CE000D4F840314FF0011123F40053C4F840316F
:107CF000C4F8B411D4F8B43113F00113FAD191B22D
:107D000084463B60B1F5086F00F03A8100F295803F
:107D100040F2023E714500F0928100F2A480822977
:107D200000F0E181B1F5817F00F0B381802940F05E
:107D30009580864802210380FFF748FFD4F8AC31D4
:107D4000002BBFD17E4AD2F8BC31002B42D1720643
:107D500016D57B4BD3F8AC21C3F8AC21D3F8BC21AA
:107D6000C3F8BC21D3F8B041002CFBD14FF0FF3257
:107D7000C3F8B421D3F8843100F042FD744B1C6089
:107D8000F40103D5734B1B6803B19847B00103D5C9
:107D9000714B1B6803B19847710708D5684BD3F83E
:107DA000843113F4007345D06C4B01221A70644B7C
:107DB000D3F848311A060AD5330608D5684A13782D
:107DC0002BB1013BDBB21370002B00F06D8202B0CF
:107DD000BDE8F0875C49C2F8BC310868034240F056
:107DE00098815B4A12681340B1D01C0C554D1FFAA4
:107DF00083F810D094FAA4F7B7FA87F705EBC71009
:107E00004030FFF7C7FE012303FA07F7BC43F1D167
:107E1000B8F1000F9BD0012798FAA8F4B4FA84F4C3
:107E200005EBC41007FA04F4FFF7B4FE38EA0408BF
:107E3000F2D18CE7494A1370B9E742F2212E71451D
:107E40005AD049D8B1F5106F00F0A28042F2210C4F
:107E5000614503D1010C072900F08C814FF001131B
:107E6000C4F8C0316AE7B1F5A06F00F0CA80A1F58F
:107E7000D0610129F2D83B4B59680029EED01FFA96
:107E80008CFE120C03E019690C330029E6D0B3F81C
:107E900000C09445F7D1B3F802C0F445F3D14FEADE
:107EA000122C000CBCF1030F00F0CB811B89834224
:107EB00028BF0346B2F5007F9A4640F09A81274BCF
:107EC0001B78002B40F0EE81274952462748DFF807
:107ED0009C90FFF74FFB9EE142F22133994214D070
:107EE0004FF6C0039942B9D183B2FF2BB6D843F401
:107EF0006E4363F30F0CBEE780B230B91C4B120C1B
:107F000019681C4B19601C4B1A700023C5F8488077
:107F1000EB64C8F808300123C8F800308023C8F8A3
:107F200004304FF00113C4F8BC31D4F8B03143F43D
:107F30008033C4F8B031D4F8B031002BFBD1FDE66A
:107F400000002E40000000206C6B0020BCFC0020D4
:107F5000706B0020E8FD0020ECFD002035FE0020C5
:107F600036FE0020FC4400206027006060BD202019
:107F70001CFD0020E4FD002033FE0020A055002061
:107F8000B34B0121B3481B780370FFF71FFED5E602
:107F9000AF49120C01930A70AF4AC4F8C821AF4A26
:107FA000C4F8CC21AE4AC4F8D02100F02BFC8022CA
:107FB0000199AC4804F01EFAAB498022019BA964E8
:107FC0004A60AA4AEB64C5F8A02002F13C428B60EB
:107FD00002F56C2202F56F72C5F8E02001220A60FA
:107FE0004FF00112C4F8BC21D4F8B02142F4803221
:107FF000C4F8B0219E4A3B60D2F8B031002BFBD1CF
:108000009CE69949EB648B600123A9640B60802393
:108010004B604FF001139649C4F8BC31D4F8B0312D
:1080200043F48033C4F8B031D1F8B031002BFBD128
:10803000130C5B0643F08073C1F854317EE610F0F8
:10804000780F7FF40BAF00F07F028A4B000653F8E5
:1080500022104CBF41F4803141F0010143F822105D
:108060000021814BE96499600121AB641960802192
:108070007F4A59604FF00113C2F8BC31D2F8B031D9
:1080800043F48033C2F8B031D2F8B031002BFBD1C9
:1080900054E610F0780F7FF4E1AE00F07F02754BEC
:1080A000000653F822104CBF21F4803121F0010169
:1080B00043F8221000216C4BE96499600121AB6404
:1080C000196080216A4A59604FF00113C2F8BC312F
:1080D000D2F8B03143F48033C2F8B031D2F8B031C5
:1080E000002BFBD12AE610F078037FF4B7AE00F046
:1080F0007F01604A000652F82110564A138036D597
:10810000C90301D50123137002215248FFF75EFD18
:1081100014E60020086058490C88486842F22101A2
:108120008C427FF45EAE80B200287FF45AAE534991
:10813000534C03C9A18086284FEA11412060A171E8
:108140007FF44FAE72B64F48017841F008010170DC
:10815000D2F848110D0605D480200143C2F844012D
:10816000C2F8481162B6484A5021117039E6CB076F
:10817000CAD5C7E74049EB60444BC1E90020012262
:10818000AB601A60424A5A603C4A9A60D4F8B01117
:1081900041F00101C4F8B01102F58051D96002F537
:1081A0000051196102F5405102F5804259619A610E
:1081B0002F4AD2F8B031002BFBD12B49EB648B60F6
:1081C0000123A9640B6048F280034B604FF0011358
:1081D000C2F8BC31D2F8B03143F48033C2F8B031C8
:1081E0004FF48033224A3B60D2F8B031002BFBD1F0
:1081F000A4E5B2F5E06F7FF468AE264B1B78002B48
:108200004ED12549DFF8949052464846FFF7B2F91F
:10821000072389F8013029F01F0309EB0A02BFF395
:108220004F8F4FF0E021C1F8703F20339A42FAD8C7
:10823000BFF34F8FBFF36F8F18485146FFF7C6FC4F
:108240007CE50B78834228BF03469A463DE600BF93
:1082500034FE0020BCFC00200200CC00C80002005C
:108260000200C80080000020A05500205DCFC6B8E5
:1082700000002E40C0012E4090580020646B00206A
:10828000DCFD00202CFE002036FE0020C055002022
:108290008000070035FE0020C427006060BD20205C
:1082A0000449AFE7044910E60320FFF7E5FC0CF0B2
:1082B000ADFB00BF60270060C42700602DE9F043DC
:1082C000841E83B0022C02D903B0BDE8F083124DA6
:1082D00090460F46C60105EBC0143C2200210190D8
:1082E000201D994604F086F8B8FA88F2390452093C
:1082F00041EA42710122A951C4F83890A260B9F153
:10830000000FE1D00549019B9A400B681A430A60AF
:1083100003B0BDE8F08300BF00000020706B0020B8
:108320002DE9F043A0F1020E83B0BEF1020F02D995
:1083300003B0BDE8F0839146C201124F884602F1B6
:10834000400605463C220021F4190193201D04F04B
:1083500051F8B9FA89FC4FEA0842019B4FEA5C1CCC
:1083600042EA4C72BA510122A363A260002BDFD013
:10837000054905F110000B6882401A430A6003B0FA
:10838000BDE8F08300000020706B002012044FF065
:10839000010C816042F08002C0F800C0C36101F5A9
:1083A000805C01F54053426001F5005201F58041C7
:1083B000C0F80CC08161C0E904237047831E022B02
:1083C00000D9704700F1100C064B0A4603EBC010B1
:1083D00000B54FF0010E0EFA0CF15DF804EBFFF75B
:1083E0008FBB00BF40000020831E022B00D97047C6
:1083F0004FF0010C034B0A460CFA00F103EBC010DE
:10840000FFF77EBB0000002040687047144B0A2233
:10841000DFF850C0D3F8200220F07F4000EB80034B
:1084200000B55B0085B0604538BF18466946FFF768
:1084300043F9DFF834C06B460022604619780132F8
:10844000013341B10A2A20F8021FF7D116228CF815
:10845000002005B000BD52008CF8002005B000BD22
:1084600000441F4080969800284F002000F0E8BA92
:1084700000F0D8BA00F06EBB00F048BB08461146C9
:1084800000F03ABB70B5164D4FF0E02415494FF49B
:108490000032154E05EB401582B001EB4021C4F8C7
:1084A0008C210346328828460191FFF76FFF01991E
:1084B00033880B44BFF34F8FC4F85C1F20318B42CD
:1084C000FAD8BFF34F8FBFF36F8F03202946FFF712
:1084D0008BFF4FF40033C4F80C3102B070BD00BF05
:1084E000E0550020E0BD2020FEFD0020264B1A882C
:1084F0004368C3F30E43D21A002AF0B5C46983B0AF
:1085000028DD2248224D01782D78CBB2DFF894C0C7
:10851000A942204D09D01CF803100F4635F8111060
:108520000E46C1F500718A421AD90133002125F89F
:108530001420082B184D88BF0B4625F8141098BF3F
:1085400019460CF80340154B017019680A441A606B
:1085500003B0F0BD204603B0BDE8F040FFF792BF86
:108560000F4906EB47200192084401EB4421FFF735
:1085700001F8019A09492046B31825F817300B680D
:1085800013440B60E7E700BFFEFD00202AFE002039
:108590002BFE0020C8FC0020D8FC0020C4FC0020DA
:1085A000E0BD2020E8FC0020224B1A78002A3FD1B1
:1085B00002F0FF03204A1278002A39D01F4A12889D
:1085C000002A35D01E49C2F5006210B5087884B083
:1085D0001C4901EB40141C4901EBC0212046CDE9A8
:1085E00002230191FFF7D2FEDDE901120A44BFF335
:1085F0004F8F4FF0E020039BC0F8701F20318A425C
:10860000FAD80193BFF34F8FBFF36F8F0420214639
:10861000FFF7D4FE0A480021084B02781980013286
:10862000019BD2B2032A98BF1346037004B010BD59
:10863000704700BF32FE002034FE002008FE0020FC
:1086400031FE0020E0560020E0CD20202DE9F04F43
:1086500087B00490002900F0BF8000235F4C604F7A
:108660004FF00109DFF890A15E4E029303915E4B3B
:108670005E4A1D783B8802EB451284F80090019217
:10868000002B40F0A58098461D469B460198FFF7B9
:10869000BBFE10F0800000F08B80BFF34F8F9AF884
:1086A000003084F800B00DB9D6F80080002B7BD1E3
:1086B0003368A3EB0803782B00F283804C4B1B78C4
:1086C000002B71D000F094FA3B88012584F80090CB
:1086D000002BDBD044491A46C3F500600D7803999E
:1086E00000EBC520DFF814B19142584417D205932E
:1086F000DDE903210192FEF73DFF019A4FF0404171
:10870000059B9B1A3B803B4BC3F88410BFF34F8FF4
:10871000029800231044237007B0BDE8F08F04993D
:10872000FEF728FF00230BEBC5214FF400620198F0
:10873000FFF72CFE0BEBC521BFF34F8F01F1200299
:1087400001F50063934294BF012340234FF0E022E0
:1087500001EB4313C2F8701F20318B42FAD1BFF3F3
:108760004F8FBFF36F8F04200199FFF727FE1E4A3A
:1087700013780133DBB2042B28BF002313703B882E
:10878000039AD11A029A1A4403910292049A1A4443
:1087900000230492174A3B80C2F88430BFF34F8F06
:1087A000237000297FF463AF029807B0BDE8F08F13
:1087B0004FF400620C4B8AF800001D7813463A8093
:1087C0008DE7012302988AF8003007B0BDE8F08FEA
:1087D0001A46C3F5006082E70846E6E732FE00204D
:1087E00008FE00201CFD002031FE0020E056002085
:1087F00034FE002000002E4030FE0020E0CD20207E
:10880000704700BF2D4B002180222D4870B51B788A
:1088100000242C4E8B420CBF40234FF400732A4D92
:1088200033802B8003F0E6FD284A2146284B147044
:108830004FF4807227481C8003F0DCFD264A10218B
:10884000264B0220C2E90044C2E90244244AC3E99B
:1088500000441470234AC3E90244234B1C7023468E
:1088600014602246FFF75CFD204B2246318803202E
:10887000FFF724FD2346012229880420FFF750FD3D
:1088800020460134FFF7FEFD082CF9D1184B0021DA
:108890004A221848184C0460C3F88410C3F880209A
:1088A000D3F84821154942F08072C3F8482121B11C
:1088B000134A137843F00103137070BD35FE002096
:1088C000E0560020FEFD00200AFE002031FE0020C0
:1088D00008FE0020E0550020C8FC0020D8FC002045
:1088E0002AFE0020C4FC00202BFE0020B95C010001
:1088F00000002E40E8FD0020755D01000000000032
:1089000037FE00202DE9F84F4FF400324FF0E023FE
:10891000C3F88C212B4B1C78002950D082468B4603
:10892000E4B20027DFF8B490274B5046274AABEB60
:1089300007081B78A34204F1010437D0092C244B0B
:10894000244928BF00241E5D39F8163031F816502E
:1089500003EB4621ED1A1144A8452A4617D21E4CB6
:1089600042465046FEF706FE236839F81610584670
:10897000A3EB0B0388443B4429F8168023604FF097
:10898000E0234FF40032C3F80C21BDE8F88FFEF766
:10899000F1FD114A2F4430461368AA445B1B136053
:1089A000084A1470FFF76EFDBB45BDD84FF0E023B9
:1089B0004FF400323846C3F80C21BDE8F88F084662
:1089C000DDE700BF2BFE00202AFE0020E0BD2020B6
:1089D000E8FC0020C8FC0020C4FC0020D8FC0020DB
:1089E0000B4B0C4A12781978D3B28A420DD001335E
:1089F00009480A4A092B0A4928BF0023C35C31F8F9
:108A0000131002EB4323585C70474FF0FF30704760
:108A10002AFE00202BFE0020E8FC0020E0BD2020E4
:108A2000D8FC0020054B186800B1704700B583B032
:108A3000019000F0DDF8019803B000BDC4FC0020F7
:108A40002DE9F84F144E154D33782A78934220D0F3
:108A5000DCB2DFF85090DFF850B0DFF85080104FF4
:108A60000134082CA24601D90024A24619F80400BA
:108A7000DBF8003038F8102037F81010521A9B1A23
:108A8000CBF80030FFF7FEFC86F800A02B78A3425D
:108A9000E6D1BDE8F88F00BF2BFE00202AFE0020A3
:108AA000D8FC0020E8FC0020C4FC0020C8FC00200A
:108AB00000B583B001210DF10700FFF723FF18B1C6
:108AC0009DF8070003B000BD4FF0FF30FAE700BF8C
:108AD000084B00B583B01B788DF8070033B1012136
:108AE0000DF10700FFF7B2FD03B000BD03F0FF007A
:108AF00003B000BD34FE0020034B1B780BB1FFF721
:108B0000A5BD03F0FF00704734FE00202DE9F041C1
:108B100000240D4E01230D4DA0460D4F33703B78C0
:108B20002846A34205D0FFF76FFC030658BF08F59F
:108B3000006801342035042CF1D1BFF34F8F00239E
:108B400040463370BDE8F08132FE0020E056002040
:108B500031FE0020204B1B7813B1204B1A8802B93C
:108B600070471F4BC2F500621E481F4930B51B7885
:108B700083B01E4C00EB431001EBC32101230546DB
:108B800023700023CDE90012FFF700FCDDE900129D
:108B90000A44BFF34F8F4FF0E023C3F8701F20311A
:108BA0008A42FAD8BFF34F8FBFF36F8F0420294654
:108BB000FFF704FC0A49002208480B7802800133C1
:108BC000DBB2042B28BF13460B70BFF34F8F074B4C
:108BD0001A7003B030BD00BF34FE002008FE002034
:108BE00031FE0020E0560020E0CD202032FE0020A3
:108BF0002E4B2DE9F0411E7886B1DFF8C88098F839
:108C000000305BB90123F10788F8003040D4B20787
:108C100027D4002388F80030730701D4BDE8F08121
:108C2000234B1A68002AF9D0EFF30582002AF5D108
:108C3000EFF3108572B61868002830D01D4C2178EB
:108C400000292CD10122227042691A60002A2AD000
:108C5000916105B962B6002583684577984725700C
:108C6000DCE7154B1B78002BD3D0144F002557F8A9
:108C7000044F236820461B69984710B163699B68BD
:108C800098470D4B01351A78EBB29A42EFD8C0E7FE
:108C9000FFF7C8FE0028BAD0AFF30080B7E7002D79
:108CA000BCD162B6BAE7064B1A60D2E737FE0020A5
:108CB000505D00200DFE00200EFE00207C540020A0
:108CC0005C5D002015FE0020074A506A936A194631
:108CD0008446506A936A9942F9D18445F7D1DB0BF7
:108CE00043EA4040704700BF00400D4008B5D0E95E
:108CF00000325BB1BAB10F4BA3FB0213DB0803EBED
:108D00004303B2EB83030AD1012008BD094BA3FB47
:108D10000213DB0803EB4303B2EB830301D0D21A47
:108D20004260F02AF0D803F007FF1C22034600201F
:108D30001A6008BDABAAAAAA30B583B060B30446D6
:108D400021B11D46B2FA82F35B09A2B9206818B3BB
:108D500062680AB3164B174902FB03F3B1EBB30F7A
:108D60001AD3A368FBB9002323606360A360E360A8
:108D7000012003B030BD0193069BC0E90012C3601F
:108D8000FFF7B4FF60B1002DF2D06268019920684E
:108D9000A56003F02FFBEBE703F0CEFE1623036084
:108DA000002003B030BD002103F024FBDBE700BF4F
:108DB000ABAAAAAA5555551503460846194602F00E
:108DC0003DBF00BF38B50546082000F0CFF8294662
:108DD000044600F065FF054A0549204600F0DCFD29
:108DE000204600F0DBF800F061F900BF5D73010080
:108DF0009435002038B50546082000F0B7F829461C
:108E0000044600F08FFF054A0549204600F0C4FDE6
:108E1000204600F0C3F800F049F900BF9D7301003F
:108E2000A035002000487047E832002010B5034B01
:108E30000360044600F002FA204610BD983B002073
:108E400010B5054B0360044600F0F8F92046FEF724
:108E50002FFC204610BD00BF983B002008B5042021
:108E600000F084F8024B034A0349036000F094FDCC
:108E7000983B0020F9650100B835002022494A6876
:108E800030B5A0F108044AB350F8083C04EB030ED7
:108E900072451D4622D8536827D001F1040C33B91E
:108EA0002DE0596802F1040C1A4651B10B469E455B
:108EB000F7D822D1536819685B685360DCF800303A
:108EC0000D441A6899188C420CD05B6840F8043C39
:108ED000DCF8003040F8085C5C6030BD40F8042CE1
:108EE0004C6030BD2A441A6030BD126840F8043C22
:108EF0002A4440F8082C4C6030BD1346E1E7134685
:108F000001F1040CDDE700BF70570020164910F195
:108F1000090F98BF00F10F02486894BF22F00702C2
:108F20000822043118B97047011D4068B0B10368C8
:108F30009342F9D308680368A3EB020CBCF1070F56
:108F400000B5D0F804E00AD98318C3F804E040F86B
:108F500002C0086802600B60083000BD7047036003
:108F600073460B60083000BD7057002010B500F14B
:108F70008004803002F024F9034630B180220021C1
:108F8000184603F037FA803010BD2046FFF7BEFFC9
:108F900003460028F2D100F08FFC00BF064BD3E956
:108FA000022380381344984203D2824201D2FFF751
:108FB00065BF02F00DB900BF7057002070B5364D87
:108FC00036488AB00024C5E90144EC6002F0ACF8F0
:108FD000334B344A0821CDE9053404910423092197
:108FE000CDE907120993A0B1044623782E483A2B05
:108FF00008BF01340F22214603F028F910B9E37BA2
:109000002E2B16D020463A2103F038FA04460028C9
:10901000EBD1099A069C402AA8BF4022002C08BF29
:1090200006243E3402FB04F4A400EC60ACB90AB0A0
:1090300070BD103404AB1E68214632462EB158680C
:10904000019303F003F9019B10B9A25D3D2A0ED0F4
:109050000C330AAA9342EED1D4E7204602F0B0F8CE
:10906000A860B0B10023C0E900436860DFE7701C6E
:109070002044002203A9019302F0D0FD039C019B30
:1090800022783A2A01D0002ABCD10028A8BF9860D3
:10909000B8E7E860CBE700BF70570020FC32002043
:1090A000103300201C330020283300201EB400F0B1
:1090B0008DF81EBC01F0D6FDF0B50278472A83B0CA
:1090C0000C461F4619D0264E0020336801909B683D
:1090D0003046984778B1019B1B68019302252368AD
:1090E000314620461E6901AA0123B04738BB054618
:1090F000284603B0F0BD0125F1E743784E2BE2D1BD
:109100008378552BDFD1C378432BDCD10379462BF1
:109110001AD0432BD7D143792B2BD4D183792B2B46
:10912000D1D1C379012BCED850F8206C4FF0000379
:1091300001930ABF3046583056F8786CC5E7019B5A
:109140003B60284603B0F0BD43794F2BBBD18379F8
:10915000522BB8D1C0790028B5D1024EB5E700BF77
:10916000803500206C35002010B5044600F07CF8F6
:10917000234613F82029472A04D0826822BB836043
:10918000012010BD62784E2AF7D1A278552AF4D179
:10919000E278432AF1D12279432AEED162792B2A4F
:1091A000EBD1A2792B2AE8D1E279012AE5D854F84B
:1091B000042C0132012A44F8042CE1D1826844F8DD
:1091C000082C8360012010BD00F076FB08B500F08C
:1091D0004BF883687BB393F82020472A04D0002201
:1091E000826003F1200008BD93F821204E2AF6D1B9
:1091F00093F82220552AF2D193F82320432AEED166
:1092000093F82420432AEAD193F825202B2AE6D18B
:1092100093F826202B2AE2D193F82720012ADED8C2
:10922000DA69013ADA61002ADBD1996981609A61D1
:1092300003F1200008BD00F03FFB00BF704700BFF6
:10924000704700BF004870473833002000B583B036
:1092500004210190FEF72EFA019803B000BD00BF73
:1092600000487047445D002000487047445D00207E
:10927000502870B51D461ED000F00F0384460E46E0
:109280000C2B55D8DFE803F0074426071E5454542E
:10929000542A22071E00104650F8043B4BB10CF034
:1092A0007001102918BF324613441CF0800F18BFFC
:1092B0001B682B6070BDD01C20F0030050F8043BED
:1092C0002B6070BD104650F8083BE7E7104630F9B8
:1092D000023BE3E7104630F8023BDFE7002310468D
:1092E000194610F8014B04F07F0E0EFA01FE14F03F
:1092F000800F43EA0E0301F10701F2D11F29CDD8F7
:109300006406CBD54FF0FF3404FA01F10B43C6E7F6
:1093100000231046194610F8014B04F07F0E0EFA98
:1093200001FE240643EA0E0301F10701F3D4B5E779
:10933000FEF7B2FBFF281FD008B500F07003302BFA
:1093400015D006D8202B0BD1BDE80840084601F007
:10935000A2BE402B07D1BDE80840084601F088BEF8
:1093600003D8002008BD502BFBD0FEF795FBBDE8CD
:109370000840084601F08CBE0020704730B5034617
:1093800083B00D46144618B1019001F071FE019BA7
:1093900020602A4612F8015BFF2D2ED16060104636
:1093A00010F8013BFF2B39D010234FF0000C237530
:1093B000624610F8011B01F07F03934009064CEA56
:1093C000030C02F10702F4D400EB0C03E36010F885
:1093D000013B63754FF0000C624610F8011B01F071
:1093E0007F0393404CEA030C0B0602F10702F4D40E
:1093F00000EB0C03236103B030BD194628460192EF
:10940000FFF798FF019A0146231D2846FFF730FF1A
:109410000246104610F8013BFF2BC5D123750023EF
:10942000D4E700BF2DE9F04F00F0030397B000240C
:10943000012B02940C948946904600F0A680022BE2
:109440000AD14146484601F0FBFD002840F09280D9
:10945000082017B0BDE8F08F002B40F01F8210F0FD
:109460000804EED110AB01250393039B0093002366
:109470000C2219464046CDF8409001F025F84046B0
:1094800001F0FCFD05900028DBD044EA05030493BD
:10949000029B039A05998DF8543040460023CDE98C
:1094A0001333FFF76BFF9DF8543002930446414697
:1094B0001846139BDDF850A00693FFF73BFF0FAF54
:1094C00000230790194600970F22404600F0D6FF70
:1094D00054450F9B37D223F001039DF85550DDF81A
:1094E00040B05E1E00212846FFF724FF22460146B9
:1094F0000DAB2846FFF7BCFE002104462846FFF7C7
:1095000019FF224601460EAB2846FFF7B1FE0021A7
:1095100004462846FFF70EFF224601463B462846F2
:10952000FFF7A6FE04460020024614F8011B01F0D6
:109530007F03934018430B0602F10702F5D40D9BFD
:109540005B44B3421AD9049BDC0725D500252E467F
:1095500000231946009740460D220C9C00F08EFF18
:10956000059BC9E90B360F9BC9F82030C9E90945AD
:1095700006206EE7092017B0BDE8F08F0E9A13445D
:10958000B3425BD85445ADD3DDE710F008040AD0F0
:1095900010AB0393022568E7049B180700F17C8158
:1095A000484600F096FC10AB0D6A03930093029BB3
:1095B0000D221946404600F061FF109B9D42E9D103
:1095C000039B0093029BCDF840900C221946404625
:1095D00000F07AFFD9F83060002EE1D0D9E90A53C3
:1095E0000FAF0593002DC0F21281032400231A4609
:1095F000194600974046CDF83C9000F065FF0023E7
:1096000019460122009740460F9500F05DFF0023A8
:1096100019460F220097404600F030FF0F9A00973E
:1096200002F00102002332430F9240460F221946F6
:1096300000F04AFF022C6ED007200AE70F9E002E92
:109640003FF4FFAE119A1644002800F01581002E59
:109650003FF4F7AE049B013813F008030AEB000453
:109660000A9300F00D818E4BC9F800308D4BC9F87C
:109670000430029B089603F007030B934B464FF010
:10968000000AB9464FF0010BCDF824801F46002593
:109690002A4614F8011B01F07F039340080645EAAF
:1096A000030502F10702F4D41F2A08D80BFA02F3CB
:1096B0005B4211F0400F43EA050318BF1D46002628
:1096C0002046324610F8011B01F07F0393401E43F1
:1096D0000B0602F10702F5D41F2A40D84B063ED5EF
:1096E0000BFA02F35B421E43002D75D0049B022B44
:1096F0000FD0002D39DC069A6FF040435B1B02EB64
:10970000830817B10A9A002A6AD0D8F80030BBB192
:109710002EB13444BBE74846FFF726FD8CE73B46B5
:10972000089EDDF824804F469946BAF1000F3FF4B9
:1097300088AE049BDD073FF584AE0025022455E783
:109740003B464F469946049B089EDDF82480DA0785
:109750003FF5FEAE002D3FF448AF00F0BBF885B1F9
:10976000049B022BD4D0002DC5DD029BFF2B76D0AD
:109770000B9A042A00F29280DFE802F008902A088F
:1097800026004FF0010A002EC3D1C8E7069BA3EBC9
:109790008502079902984B46FFF76AFD0F9941B180
:1097A000002FB5D00CAB00223846FFF785FC00280F
:1097B000AED03B464F469946049B089EDDF8248078
:1097C000D9073FF5C5AE10E7069BA3EBC502E0E75E
:1097D000069BA3EB4502DCE74FF0010A344456E751
:1097E000069A52F8231000293BD00C9B0F9303E0FC
:1097F00058F8041F002934D041444B460022384613
:10980000FFF75AFC0028F3D0002E82D187E7069B91
:10981000039A059913934046029B8DF85430FFF745
:10982000ADFD9DF85400DDF84CA04146FFF782FDE8
:109830006FF040435B1B0AEB83045AF8233033B1CB
:109840002246002352F8041F01330029FAD1C9E946
:109850000A300423C9F83440C9F83030C5E6069A06
:1098600097E73B464F469946049B089EDDF82480C7
:10987000DB073FF56DAEB5E6002E7FF45AAFE0E5AD
:1098800099F80730012B0CBF59F8203C09F1580317
:109890000C93EEE600F098FB00F00EF8FEF7FCF8F3
:1098A000474E5543464F520008B58047FEF7F4F83F
:1098B00000F08AFBFEF7F0F808B5034B1868BFF319
:1098C0005B8FFFF7F1FF00BFD84B002008B5804742
:1098D000FFF7F2FF08B5034B1868BFF35B8FFFF784
:1098E000F5FF00BFDC4B0020024B1868BFF35B8F15
:1098F000704700BFD84B0020024B1868BFF35B8F46
:10990000704700BFDC4B002000B5012883B01CD895
:10991000BFF35B8FA1F1280353E8002F013A43E81E
:1099200000200028F8D1BFF35B8F62B951F81C3CCE
:1099300001F1580013B101909847019803B05DF808
:1099400004EBFFF72BBB03B000BD51F8140CFFF77D
:10995000ABFF00BF002310B540E91E1240F8803C69
:109960000446FFF7C9FF44F8700CFFF7BDFF074935
:10997000074A084B44F8581C44F8542C44F86C0C23
:1099800044F8503CA4F1800010BD00BF474E554341
:10999000432B2B00D570010070B504460D461646CA
:1099A000FFF762FC43680133324643602946204694
:1099B000FFF7D0FF0446012344F8283B204601F07E
:1099C00041F9204600F000FBFFF776FF10B5FFF7E6
:1099D0004BFCD0E90042013242606CB194F8202087
:1099E000472A0BD00022026004F1200001F04AF95E
:1099F00004F1200000F0E8FAFFF75EFF94F8212060
:109A00004E2AEFD194F82220552AEBD194F8232046
:109A1000432AE7D194F82420432AE3D194F825205F
:109A20002B2ADFD194F826202B2ADBD194F827208B
:109A3000012AD7D8626952426261D5E710B5034B5B
:109A40000360044600F0C8F9204610BD2839002004
:109A500010B5054B0360044600F0BEF920460C210A
:109A6000FDF728FE204610BD2839002070B582B0D1
:109A70000546069C94420E460BD0A868D0F800C05C
:109A80000694DCF820403146A44602B0BDE87040A0
:109A9000604719460192009300F062F8DDE9003258
:109AA0000028EAD0062002B070BD00BF2DE9F043C7
:109AB00083B00F46194601920093DDE90A48DDE9BB
:109AC0000C65814600F04CF8DDE9003278B9B4420B
:109AD00020D0D9F8080039460768CDE90C65CDE9F2
:109AE0000A48FC69A44603B0BDE8F0436047002F74
:109AF0002C602A7109DB3C44A64214BF01240624D1
:109B0000AC71002003B0BDE8F0830237F9D1012326
:109B1000AB71F6E741464846CDE9002300F020F856
:109B2000DDE900230028D4D06A71EAE72DE9F0418D
:109B300007460E4615461C4600F088F950B9B8682D
:109B40000168D1F818E023462A463146F446BDE8BC
:109B5000F0416047BDE8F081704700BF00207047CA
:109B6000814211D008B5406803782A2B0AD0496891
:109B70000B782A2B08BF013103F02CF8B0FA80F0E3
:109B8000400908BD002008BD0120704740687047AB
:109B900010B543680C4A0D490446A3F10C009042ED
:109BA00082B0216005D12046FFF748FB204602B075
:109BB00010BD53F8042C511E002A43F8041CF2DC9B
:109BC00001A900F0E7F8EEE7785E00205C3B00209A
:109BD00010B543680C4A0D490446A3F10C009042AD
:109BE00082B0216005D12046FFF728FB204602B055
:109BF00010BD53F8042C511E002A43F8041CF2DC5B
:109C000001A900F0C7F8EEE7785E00205C3B002079
:109C100010B543680E4A0F490446A3F10C00904268
:109C200082B0216008D12046FFF708FB2046FDF7EF
:109C30003FFD204602B010BD53F8042C511E002AEF
:109C400043F8041CEFDC01A900F0A4F8EBE700BF27
:109C5000785E00205C3B002010B543680E4A0F4937
:109C60000446A3F10C00904282B0216008D1204646
:109C7000FFF7E4FA2046FDF71BFD204602B010BDB9
:109C800053F8042C511E002A43F8041CEFDC01A9F0
:109C900000F080F8EBE700BF785E00205C3B00201E
:109CA000F0B51C4B85B00446036079B308460D46F9
:109CB00003F060F90646B0B103AA002100F03CF8B9
:109CC000012E034600F10C0712D0019029463246BE
:109CD0003846FDF74FFC019B0F4A93420BD12046BB
:109CE000676005B0F0BD0D4F6760204605B0F0BD60
:109CF0002A780273F0E700229A601E6033441A73D8
:109D0000EDE72046FFF79AFAFFF7D0F90448FFF78E
:109D100059F800BF5C3B0020785E0020845E002084
:109D20004C33002010B50446FFF7BAFF014B236007
:109D3000204610BD703B002000B5144A904283B00D
:109D400020D88842034612D94800834238BF0346D0
:109D500003F11D00B0F5805F09D9994207D203F5E0
:109D60008053C0F30B001B1A934228BF134603F124
:109D70000D000193FDF798FC019B0022C0E9013220
:109D800003B000BD0248FFF735F800BFFCFFFF3FFE
:109D900078330020FDF78CBC70B5036884B00024D4
:109DA0009E690394102315460293CDE900446B4647
:109DB0001268B0479DF8043003F00603062B03BF7A
:109DC000009B2B600120204604B070BD009890429B
:109DD0000CBF06200120704710B5034B03600446FA
:109DE000FFF7BAFE204610BDFC38002010B5054B29
:109DF00003600446FFF7B0FE20460821FDF75AFC39
:109E0000204610BDFC38002030B583B015460899B7
:109E1000069A8A4204460DD019462046FFF7A0FE56
:109E200028B1099A069911600123157193710020D8
:109E300003B030BD07990193FFF792FE019B002804
:109E4000EAD0099B00205D7103B030BD10B582B02F
:109E500014460193FFF784FE019B20B108210622DE
:109E60001C60D9601A7102B010BD00BF2DE9F0412D
:109E7000074616461D460C46FFF772FE48B9032DED
:109E800007D823683246394620465B69BDE8F04171
:109E90001847BDE8F08100BF0378472B17D14378FE
:109EA0004E2B14D18378552B11D1C378432B0ED16F
:109EB0000379432B0BD143792B2B08D183792B2B9F
:109EC00005D1C07901288CBF0020012070470020F7
:109ED000704708B550B1044600F076F82046FFF709
:109EE000DBFF18B154F8140CFFF7DEFCFFF7E4FCBD
:109EF0002DE9F04F83B00246FFF7CEFF38B152E9AB
:109F00000674D2E90C69D2F828A0002505E00446C1
:109F100007460125814606468246104600F054F861
:109F20000DB1FFF7D7FC3846FFF7D0FC00F04CF836
:109F30000DB1FFF7C1FCFFF793F9D0F8008098F856
:109F40002730012B0CBFD8F8003008F178030093BC
:109F50004FEA960B0027BA451DDD07FB0BF309EB13
:109F6000830259F8236006B116446B46002231463D
:109F700008F12000FFF7A0F808B1FFF727FD3368CC
:109F800001900E49304601AA1E690123B0472843BB
:109F9000C5B20137DFE745B10420FEF7E7FF084B04
:109FA000084A06490360FFF7F7FC2046FFF77CFCF0
:109FB00000F04EF800F04CF8FFF778F8AC350020D0
:109FC000843B00200D6A010010B5044682B0FFF703
:109FD0004BF92246036812F82019472905D0002BB7
:109FE00034D10260184602B010BD61784E29F6D116
:109FF000A1785529F3D1E1784329F0D1217943297A
:10A00000EDD161792B29EAD1A1792B29E7D1E17929
:10A010000129E4D854F80C1C002914DB013144F860
:10A020000C1C416801394160934218BF44F8103C50
:10A03000636A18BF02602046019300F017FA019B83
:10A04000184602B010BDC1F10101E8E7FFF734FC8A
:10A0500008B5FFF705F903687BB393F82020472A7A
:10A0600007D00022026003F12000BDE8084000F0A4
:10A07000FFB993F821204E2AF3D193F82220552AD4
:10A08000EFD193F82320432AEBD193F82420432ADD
:10A09000E7D193F825202B2AE3D193F826202B2A09
:10A0A000DFD193F82720012ADBD85A69002A05DB83
:10A0B000013A08D0511C0ED05A6108BD0132FBD1C3
:10A0C00019690160F8E71A69026003F12000BDE830
:10A0D000084000F0CDB9FFF7EFFB00BF03685A005E
:10A0E0004CBF43F0004323F000431844704700BFC7
:10A0F0002DE9F04751B301F1FF38174605464646B2
:10A100004FF0000A0AEB060101EBD171491005EB93
:10A11000C1094846FFF7E2FF88454FEAC10410D065
:10A12000B84204F10800284407D8FFF7D7FF0138E8
:10A13000B84208D201F1010AE4E78A4506D04E1E72
:10A14000E0E7B842F9D84846BDE8F0874FF000098B
:10A150004846BDE8F08700BF012806D0022802D09B
:10A1600028B90448704704487047044870470020E5
:10A17000704700BF05800100158001000D800100BF
:10A1800010B5234B84B004468A1E4BB303A9104676
:10A190000192AFF30080F0B10399019AFFF7A8FF95
:10A1A0000146C0B1FFF79AFFA0644B68012B2BD08A
:10A1B000002B01F1040025DBFFF790FF002323654E
:10A1C0000368E064002B12DBFFF788FF03460020E2
:10A1D000236104B010BD00230920236104B010BD29
:10A1E0000C4B0D49C91AC91018460391D6E7C3F3A1
:10A1F0000360FFF7B1FF031E0CBF0920002023619D
:10A2000004B010BD0123DAE700230520E0E700BF1A
:10A210000000000014220200BC2402000368DA07D8
:10A2200010B5044606D49B0700F1500009D500F094
:10A23000A1FC2368590709D51A070ED5DB0613D5EB
:10A2400010BD00F08FFC23685907F5D404F1D80045
:10A2500000F098FC23681A07F0D404F5AC7000F005
:10A2600099FC2368DB06EBD404F5EC70BDE81040E4
:10A2700000F0D4BC036803B103441846704700BF24
:10A28000704700BF70B504460D46296C2046FFF7A5
:10A2900077FF064688B92A6C626123692A462146FF
:10A2A000012098470828F0D0072806D13046296CAD
:10A2B000FFF7E6FF281D00F049FCFDF7EDFB00BFAE
:10A2C0002DE9F04F0C1DD0F80C90D0F818A00746DF
:10A2D00015460FCCADF5777D0DF10C0CACE80F00F9
:10A2E0000FCCACE80F000FCCACE80F0094E80F00E7
:10A2F00002AE4FF0000E8CE80F00C6F800E020E040
:10A30000336C7B614FF4F47231467CA8FDF732F96F
:10A310003B697CAA3946584698478A9BB3642946CC
:10A32000CDE9006A04463B4601203A46C847054647
:10A3300018BB4FF4F4727CA93046FDF71BF9082CCA
:10A3400019D1316C3846FFF71BFF093504465FFA17
:10A3500085FB0028D4D0B36BB3643A46CDE9006ADC
:10A360003B464BF010010120C84730B920460DF59F
:10A37000777DBDE8F08F072C05D0092420460DF528
:10A38000777DBDE8F08F2846316CFFF779FF03A891
:10A3900000F0DCFBF0B5CB6BFBB001F1040E0B64FD
:10A3A0000E460446BEE80F000DF1040CACE80F00A9
:10A3B000BEE80F00ACE80F00BEE80F00ACE80F00ED
:10A3C0009EE80F004FF0FF378CE80F00009706E083
:10A3D00023696A46214698470828074608D11099FC
:10A3E0002046FFF7CDFE0028F2D009207BB0F0BD5B
:10A3F0006846FFF713FF062FF7D131462046FFF7D7
:10A4000041FF00BFC1608261DA6B1A641946002205
:10A41000FFF756BF436970B50B64C668AEB90369F0
:10A420000A4604460D46014602209847072805D0F3
:10A4300008280FD129462046FFF724FF3046296C13
:10A44000FFF71EFF281D00F081FB0122FFF738FFF8
:10A45000FDF722FBFDF720FBC26822B1CA6B0A643C
:10A460000022FFF72DBFFFF795BF00BF704700BF69
:10A47000836813B10146012018477047052915D894
:10A48000DFE801F00A031403030501207047009A76
:10A49000436C13600020704743B90F2A06D800EBC5
:10A4A0008200009A436813600020704702207047C2
:10A4B00000B585B00A46002303A900911946FFF7AD
:10A4C000DDFF039805B000BD052915D8DFE801F0D0
:10A4D0000A031403030501207047009B1B684364B3
:10A4E0000020704743B90F2A06D8009B00EB82007A
:10A4F0001B684360002070470220704700B585B09C
:10A500000DF10C0C00230392CDF800C00A46194649
:10A51000FFF7DAFF05B000BD2DE9F041D36BADF5D3
:10A52000107D02F1040C136406460F46BCE80F00D0
:10A530000DF15C0EAEE80F00BCE80F00AEE80F00B6
:10A54000BCE80F00AEE80F009CE80F004FF0FF38AA
:10A550008EE80F00CDF8588010E0FFF7CFFF3946A6
:10A5600016A8B047034616AA0820694683B9049B7B
:10A570009847052880460DD0092809D026996846B5
:10A58000FFF7FEFD03460C216A4616A8002BE4D017
:10A590004FF0090816A8FFF741FE40460DF5107D63
:10A5A000BDE8F0812DE9F04F1646CA6C89B00C4623
:10A5B00052F8041B069200F0030CE3B10D0C8DF869
:10A5C0001D500904EDB2059102EB850202218DF8C0
:10A5D0001C10216DBCF1020F08BFA26B11F001012C
:10A5E0000FD005A9304600F0A7FB00283AD108207B
:10A5F00009B0BDE8F08F090205918DF81D300321E7
:10A60000E5E7D2F80080B8F1000FEAD000F00800CA
:10A61000CDE90101C2469946E046B9F1020F25D0C5
:10A62000B2F800A05788151DA36C27F0010B0F216D
:10A6300030469B44FFF73CFF834515D82AF00103C1
:10A640005B44834294BF002001207B0003F002039F
:10A650000AF0010A43EA0A03012B0BD0022B4BD06C
:10A66000002B41D00920C3E70020EEE7576802F134
:10A670000805D9E7B8F1000F6CD1A8B16B689A1C36
:10A68000F0D004F1580701332A68049700F0C7801E
:10A69000281DFFF7EFFDD20F014604AB2046FEF761
:10A6A0000BFD002840F0938005F10802D2F800A0CD
:10A6B000BAF1000FB1D105A9304600F03DFB0028EA
:10A6C000D0D1029B002B92D00F213046FFF7F0FE35
:10A6D0000E2102463046FFF711FF564A0F21304641
:10A6E000FFF70CFF072083E7B8F1000F02D0002826
:10A6F00040F083802A1DD9E72F6827F0004BB8F17E
:10A70000000F0ED128B1019B002B3BD0BBF1000FF5
:10A7100038D0002F00DA04350BF1010305EB83027A
:10A72000C4E70D213046FFF7C3FED4F820A08245D0
:10A73000EFD1A26A9542ECD100270422C4E90B7242
:10A74000AA18C4F828B062632A68BA426DDB0123F4
:10A750000293E1E70D213046FFF7AAFE276A874200
:10A76000A2D1A36A9D429FD12846FFF7B7FC0F21D3
:10A7700002463046FFF7C2FE224600213046FFF770
:10A78000BDFEAFE7CDF80C8005F1040AA046002716
:10A7900058340CE050460494FFF76CFD002201464B
:10A7A00004AB4046FEF788FC0AF1040A00BB5F4593
:10A7B00007F10107EED10D213046FFF779FE049B2A
:10A7C000C8F828500246C8E90823062010E701907F
:10A7D0000D213046FFF76CFE019A049F2062022A89
:10A7E00004BFE76204F12C07C4E909750620FFE6FF
:10A7F00044462F68DDF80C808BE72846FFF76EFC97
:10A8000004350746A5632046FEF7AEFC00283FF45A
:10A8100029AF3A460F213046FFF770FE62E70D215F
:10A820003046FFF745FE2062DEE70BF1010205EB43
:10A8300082009AE7BD7601000023FFF7B3BE00BF98
:10A840000123FFF7AFBE00BF0223FFF7ABBE00BF7F
:10A850002DE9F0410446C4B0052908D8DFE801F02D
:10A8600016310779A00B1144102940F2C080022054
:10A8700044B0BDE8F081002AF9D1A36B53F8042B52
:10A880006264A363002044B0BDE8F081002BEED1E8
:10A89000D4F838C095B24FF0010E0EFA03F12942F8
:10A8A000604606D050F8041B04F1040C4CF8231049
:10A8B00084460133102BF0D19104E3D4C4F838C09E
:10A8C000E0E7110C012B0E4692B2CCD0052BCED175
:10A8D00011442029CBD80F2E40F2CA80002AD1D0B3
:10A8E000216817464A0740F12181204621F00401E2
:10A8F00040F8D81B009300F049F902A8804600F008
:10A9000045F9D4F838E0009B4FF002024FF0FF31D8
:10A91000102E17FB021C314638BF102108EBC10175
:10A9200084396246704650F8045B41F8045F013A8E
:10A93000551CF8D10EF1040E012B0EEB8C0200F029
:10A94000EC800F2EA26340F2F380404600F01AF92B
:10A9500098E7032B8BD193B21E4603EB1243102BC7
:10A960004FEA124783D823681A0700F1AC8022AD62
:10A97000284600F031F9A16B730066B105EBC70200
:10A98000013B881A013B52F800C042F804CB5F1C1F
:10A99000F8D101EBC601A163284600F0FBF871E78E
:10A9A000002B7FF464AF102A3FF661AF2368DD0609
:10A9B0007FD422A8009200F03BF9D4F838E0009A46
:10A9C00022A80023012199401142F44603F101031A
:10A9D00003D05CF8041B0160E646042B00F1040080
:10A9E000F0D1C4F838E022A800F018F94AE7102E98
:10A9F0003FF43DAF2168C8070AD5204621F0030186
:10AA000040F8501BCDE9002300F0B0F8DDE9002349
:10AA100022AD2846CDE9002300F0A8F8009AD4F82A
:10AA200038E0002A7BD0019B00274FF0FF3112B2A3
:10AA300001EB420205EBC601904604397046013A2B
:10AA400050F804CB41F804CFB2F1FF3FF7D10EF13B
:10AA5000040E0EEB880E002F3DD1012B5FD00F2E80
:10AA6000C4F838E03FF60EAF284600F083F809E757
:10AA70002068102900F0010530D865B120F00101EF
:10AA8000204641F0020140F8501BCDE9002300F0C0
:10AA900075F8DDE9002322AD2846CDE9002300F05A
:10AAA0006DF8DDE90023002ADED0D4F838E0002775
:10AAB000BBE723F01003236004F5EC70009200F074
:10AAC000B7F8009A75E723F00803236004F5AC702B
:10AAD00000F082F84BE70DF1080815E7A1F1100727
:10AAE0005DB120F00102204642F0020240F8502BF6
:10AAF000009300F043F82068009B42071CD40093A9
:10AB000022AD284600F03AF802A800F03FF8A26B08
:10AB1000009B9646C6F1100287E7964622AD0EF1DD
:10AB20000403A363284600F01DF8ABE60093E4E6B7
:10AB300022A800F01FF808E720F004022046009346
:10AB400040F8D82B00F022F8DAE700BF00F134011A
:10AB500091E838009C46A6464CF8045D90E8FF0F4B
:10AB6000E54600BD90EC210B704700BF80EC210B47
:10AB7000704700BF90EC200B704700BF80EC200BAB
:10AB8000704700BFD0EC200B704700BFC0EC200B1B
:10AB9000704700BFF0EC0201F0EC0211F0EC022172
:10ABA000F0EC0231F0EC0241F0EC0251F0EC026109
:10ABB000F0EC0271F0EC0281F0EC0291F0EC02A1F9
:10ABC000F0EC02B1F0EC02C1F0EC02D1F0EC02E1E9
:10ABD000F0EC02F1704700BFE0EC0201E0EC021182
:10ABE000E0EC0221E0EC0231E0EC0241E0EC025149
:10ABF000E0EC0261E0EC0271E0EC0281E0EC029139
:10AC0000E0EC02A1E0EC02B1E0EC02C1E0EC02D128
:10AC1000E0EC02E1E0EC02F1704700BFB0FC018122
:10AC2000B0FC0191B0FC01A1B0FC01B1704700BFC4
:10AC3000A0FC0181A0FC0191A0FC01A1A0FC01B13C
:10AC4000704700BFEC4600B52DE900502DE9FF1F0D
:10AC50004FF000030CB401A9FFF79CFBDDF840E0C6
:10AC600012B07047EC4600B52DE900502DE9FF1FEA
:10AC70004FF000030CB401A9FFF7CCFBDDF840E076
:10AC800012B07047EC4600B52DE900502DE9FF1FCA
:10AC90004FF000030CB401A9FFF7DEFBDDF840E044
:10ACA00012B07047EC4600B52DE900502DE9FF1FAA
:10ACB0004FF000030CB401ABFFF7A4FBDDF840E05C
:10ACC00012B07047EC4600B52DE900502DE9FF1F8A
:10ACD0004FF000030CB401AAFFF71EFCDDF840E0C2
:10ACE00012B07047027A03467AB9427AA2B141683B
:10ACF000013A42720868032201F1040C1A7202023E
:10AD0000C3F804C0000E1A6070470068013A1A7256
:10AD100002021A60000E7047B020704700B585B07F
:10AD200003AA0023009219460C22FFF7A7FB039801
:10AD300005B000BDFFF7F2BF2DE9F041064686B031
:10AD40000D464FF000082846FFF7CCFFB028044618
:10AD500000F0228107065CD500F0F003A02B1AD08A
:10AD600031D8802B00F08280902B28D100F00D0389
:10AD70000D2B24D004AF002300F00F0219460097DA
:10AD80003046FFF77BFB002300970D221946304623
:10AD9000FFF79AFBD7E7C34303F007034FF47F6243
:10ADA0001A41010702F47F624FF0000348BF42F4EA
:10ADB000804219463046FFF74BFD0028C3D00920DA
:10ADC00006B0BDE8F081B02B66D0C02B3CD1C628C0
:10ADD00000F0CF80C72800F0E48000F0F803C02B1B
:10ADE00000F0F180C82800F0FC80C928E7D128468F
:10ADF000FFF778FF020300F00F0002F47022013029
:10AE00000243012105233046FFF722FD00289AD096
:10AE1000D5E78300DBB20433039304AF0023194664
:10AE200000970D223046FFF729FBDDE9033260066B
:10AE30004CBFD21A9A180023049200970D2219468B
:10AE40003046FFF741FB7EE700F0F803D02BB6D188
:10AE500000F007020132052342F4002201213046AE
:10AE6000FFF7F6FC00283FF46EAFA8E72846FFF78F
:10AE700039FF40EA0420B0F5004FA0D004010023C0
:10AE8000A2B219463046FFF7E3FC002897D1C4F37D
:10AE9000C03048EA000856E7A0F1B103042B00F2E5
:10AEA000BC80DFE803F05429160C030005AA002338
:10AEB000009219460D223046FFF7E0FA43E70023DF
:10AEC0001A4605213046FFF7C3FC00283FF43BAF8C
:10AED00075E72846FFF706FF020300F00F00013078
:10AEE00002F470220123024319463046FFF7B0FCFA
:10AEF00000283FF428AF62E7002304AF0D22194673
:10AF000000973046FFF7BAFA2846FFF7EBFE020635
:10AF1000049C4FF002030DD500F07F0098400444DC
:10AF20000733284603930494FFF7DCFE10F0800FEC
:10AF3000039BF1D1984004F5017420440023049050
:10AF400000970D2219463046FFF7BEFAFBE6284669
:10AF5000FFF7C8FE431EDBB20E2B3FF630AF0023D7
:10AF6000024619463046FFF773FC00283FF4EBAE6B
:10AF700025E72846FFF7B6FE020300F00F00013078
:10AF800002F470220323024319463046FFF760FCA7
:10AF900000283FF4D8AE12E7B8F1000F2DD0002002
:10AFA0000EE72846FFF79EFE431EDBB20E2B3FF650
:10AFB00006AF0246002304213046FFF749FC002873
:10AFC0003FF4C1AEFBE600F00F020132032342F46E
:10AFD000202219463046FFF73BFC00283FF4B3AE71
:10AFE000EDE62846FFF77EFE00F0F00200F00F03CA
:10AFF0001032013343EA023203E704AC43464146D0
:10B0000000940E223046FFF739FA0F22009443468F
:10B0100041463046FFF758FAC1E700F0FC03B42B75
:10B020003FF4CDAE00F007020132012342F40022CA
:10B0300019463046FFF70CFC00283FF484AEBEE60C
:10B0400000B5C26C536885B04FEA032E4FF0030C75
:10B0500008321B0E084601A9CDF804E002928DF8D3
:10B060000CC08DF80D30FFF767FE05B000BD00BFC6
:10B0700008B5FFF75FFE806C08BD00BF08B5FFF79D
:10B0800059FEC06CC37900EB8300083008BD00BFD7
:10B0900008B5FCF701FD08B5FFF7FAFFDFF80CC0B3
:10B0A0000A460146DCF8000000F002B8D04E00204D
:10B0B00010B5A1FB021482B074BB00F091F80346F6
:10B0C00070B350F8042C22F00302043A242A10D85A
:10B0D000132A16D91B2AC0E900441AD9242AC0E928
:10B0E00002440ABFC0E9044400F1100100F1180154
:10B0F00008E02146019001F07DF9019B184602B05D
:10B1000010BD014600221846C1E900228A6002B043
:10B1100010BD00F10801F5E701F00EFD0C230360FE
:10B120000023184602B010BD00B5044B83B00146A1
:10B1300001AA186800F004F803B000BDD04E00204A
:10B140002DE9F0431D4F83B080460E46914601F035
:10B15000BFFF3D684DB133781C4673B1344602E001
:10B1600014F8013F43B13D2BFAD1404601F0B6FF40
:10B17000002003B0BDE8F083A41B28680028F4D0A9
:10B180002246314601F0E2F920B92B681A5D3D2ACA
:10B19000234404D055F8040F0028F1D1E5E73A68BC
:10B1A0000193AA1A92104046C9F8002001F096FFB8
:10B1B000019B581C03B0BDE8F08300BFE84E00209F
:10B1C000024B0146186800F00BB800BFD04E0020BB
:10B1D000024B0146186801F0DDBF00BFD04E0020D1
:10B1E0002DE9F04F01F10B02162A85B0804624D8D4
:10B1F000102900F2AB8000F0C9FA022518211022B4
:10B20000B74C2144A1F108004E68864200F06281EB
:10B210007268F168B46822F003023244E1608C6025
:10B22000516841F001014046516000F0B5FA06F165
:10B230000804204605B0BDE8F08F32F0070200F1A7
:10B240008580914200F28280019200F09FFA019A7B
:10B25000B2F5FC7FC0F0BA81570A7FD0042F00F20C
:10B260007281970907F139052BB207F1380CDB0021
:10B270009B4C2344A3F108065B689E4207D10DE076
:10B280000028DF6880F21381BE4207D03B46596830
:10B2900021F00301881A0F28F2DD654623699149E0
:10B2A0008B4200F0F1805E6826F00306B11A0F2988
:10B2B00000F391818B480029C4E9040080F2798170
:10B2C000B6F5007F676880F01981F10801310FFA47
:10B2D00081FC76090121B14054F83C0098600F438D
:10B2E00004EBCC010839D960676044F83C30C36096
:10B2F000AB1001269E40BE4236D83E4206D125F014
:10B30000030576003E4205F10405FAD004EBC50AB8
:10B3100004EBC507A946F9680EE0486820F0030E63
:10B32000AEEB020CBCF10F0F0B46C96800F318819D
:10B33000BCF1000F80F22D818F42EED109F101099D
:10B3400019F0030F07F10807E5D17FE10C23C8F8D6
:10B3500000300024204605B0BDE8F08F4FF40073A4
:10B3600040254FF03F0C83E7A768796821F003037D
:10B3700093429A4603D3991A0F2900F387805A49BA
:10B380005A4E0968103111440820CDE9011201F02C
:10B3900007FC01994B1E03444542834630681D401B
:10B3A000B0F1FF3F18BF29464046019101F09CFBD8
:10B3B000411C0546DDE9011200F02B8107EB0A0C68
:10B3C000844500F224814A4B186800EB01090BF117
:10B3D000FF3EC3F8009000F08981306801301BBF48
:10B3E000A5EB0C0C09EB0C003560186015F007009C
:10B3F000814600F04881C0F108000544CDE90123F1
:10B400006B1803EA0E015844401A00EA0E06314652
:10B4100040469B4601F068FB421CDDE9012300F039
:10B420009581401B304440F001011868A56000EB95
:10B430000609A7426960C3F8009017D0BAF10F0F50
:10B4400040F25E81AAF10C0121F0070C796801F04D
:10B45000010141EA0C017960052607EB0C01BCF102
:10B460000F0FC1E9016600F263816968214B1E6814
:10B470004E4538BFC3F800901F4B1E684E4501D2A1
:10B48000C3F800902F46C6E0676831E7BD1841F069
:10B49000010142F001027A604046A560696000F057
:10B4A0007BF907F10804204605B0BDE8F08F9A68E3
:10B4B00001931944D760BA604A6842F001024046DD
:10B4C0004A6000F069F9019B03F10804204605B0C9
:10B4D000BDE8F08FCE68B1427FF49AAE0235DDE66A
:10B4E000B8450020C045002050640020BC4E00201C
:10B4F00020640020486400204C640020B6F5206FD2
:10B500004FEA56207CD3142800F2D38000F15C016E
:10B5100009B25B30C90004EB010C6158ACF1080CB6
:10B520008C4503D1A8E089688C4504D0486820F098
:10B530000300B042F7D8D1F80CC0C3E9021CCCF824
:10B540000830CB60D4E6142F72D9542F00F2BA80A1
:10B55000170B07F16F052BB207F16E0CDB0087E6C6
:10B560009D1842F001025A609E68864AF1608E6022
:10B57000C4E90455C5E902224CF001026A60404664
:10B5800043F80EC0019300F007F9019B03F1080492
:10B59000E0E69E441C46DEF8043043F00103CEF89A
:10B5A000043054F8083F4046D9608B6000F0F4F84E
:10B5B000D0E61E4440467268019342F00102726078
:10B5C00000F0EAF8019B03F10804C3E6D508691C02
:10B5D00009B2C90014E69D1842F001025A60694A96
:10B5E0000193C4E90455C5E9022241F001026A60F1
:10B5F0004046995100F0D0F8019B03F10804A9E6F8
:10B60000B00900F1390109B23830C90083E7A74217
:10B6100063D0A768796821F003009042A0EB020193
:10B6200002D30F293FF732AF404600F0B5F890E65D
:10B6300007F15C052BB207F15B0CDB0018E6514605
:10B6400051F808398B428A4640F09A8015F0030F72
:10B6500005F1FF35F3D1636823EA060363607600E2
:10B660009E423FF681AE1EB97EE6760009F10409DE
:10B670001E42FAD04D4649E68010012606FA00F037
:10B680000743676059E7CDE902236B1803EA0E010F
:10B69000ABEB010606EA0E0631464046019301F087
:10B6A00023FA431C019B04BF4E461846DDE90223E2
:10B6B000B7E6542827D8300B00F16F0109B26E307D
:10B6C000C90028E7B7F5AA7F27D8D70B07F1780577
:10B6D0002BB207F1770CDB00CAE52B4B186800EBA7
:10B6E00001090BF1FF3EC3F8009076E615EA0E0F54
:10B6F0007FF473AEA568514441F001016960B5E67D
:10B7000001236B6090E7B0F5AA7F25D8F00B00F11C
:10B71000780109B27730C900FDE640F254539F42E8
:10B7200024D8930C03F17D0503F17C0CEB009FE51D
:10B7300007F108014046CDE9012301F02BFDA56882
:10B74000029B6968D3F80090019A8FE6A9F108017D
:10B750000BEB0100002664E640F2545188420BD8FE
:10B76000B00C00F17D01C9007C30D4E64FF47E734B
:10B770007F254FF07E0C7BE54FF47E717E20CAE67C
:10B7800063686CE7C045002020640020014801F098
:10B7900003BA00BF18640020014801F0FFB900BFE0
:10B7A00018640020DFF80CC00A460146DCF80000EF
:10B7B00000F002B8D04E0020002900F09F802DE953
:10B7C000F04383B00C4600928046FFF7DFFF0099FC
:10B7D00001F10B03162B60D81023994260D854F85E
:10B7E00004EC2EF003029A42A4F1080565DAB3488E
:10B7F000806805EB020C6045DCF8046000F0908086
:10B8000026F0010060444068C0076CD426F00306AF
:10B81000901983424CDD1EF0010F0FD154F8080C33
:10B82000281A0746406820F0030006441644B34235
:10B8300040F3EF801618B34240F3C9804046CDE98B
:10B840000023FFF7CDFCDDE900230646002800F0C9
:10B85000178154F8041C21F001012944A0F1080CBF
:10B86000614500F0AE80043A242A00F2CE80132A0B
:10B8700000F29C80034622461168196051685960A5
:10B8800092689A602146404601F084FC4046FFF7EA
:10B8900083FF304603B0BDE8F08333F007039CD547
:10B8A0000C23C8F800300026304603B0BDE8F08312
:10B8B0000246DCE90201C16088606968D01A0F287D
:10B8C00001F0010105EB02061BD8114369607368A2
:10B8D00043F0010373604046FFF75EFF26463046A3
:10B8E00003B0BDE8F0831EF0010FA7D154F8080C97
:10B8F000281A0746406820F003009BE71146FFF72F
:10B900006FBC19436960E91840F001004860736832
:10B9100043F0010308317360404601F03BFCDAE775
:10B9200026F00306B01803F1100C604580F28B80FE
:10B930001EF0010F82D154F8080C281A07464068FF
:10B9400020F0030006441644B445B1463FF772AFF9
:10B950003E46F96856F8080F043A242AC160886008
:10B9600000F2A580132A40F2A0802168B9606168C6
:10B97000F9601B2A00F2A480083407F11002216844
:10B98000116061685160A1689160F918A9EB030228
:10B990004A4D42F00102A9604A607A6802F0010251
:10B9A000134340467B60FFF7F7FE98E72368036088
:10B9B000636843601B2A3BD804F1080200F10803C6
:10B9C0005AE750F8041C21F003010A4475E7043AD1
:10B9D0003D46F96855F8080F242AC160886020D8D0
:10B9E000132A1CD92168B9606168F9601B2A3DD807
:10B9F000083407F110022168116061685160A16884
:10BA000091602C4632463D4657E7214600F060FCE7
:10BA100038E7DCE90201043AC1608860D8E72A46C9
:10BA2000E9E721462846009300F052FC009BE8E736
:10BA3000A3688360E368C360242A25D004F1100260
:10BA400000F1100318E71D4A1D449560C21A42F028
:10BA500001026A6054F8042C02F0010213434046CC
:10BA600044F8043CFFF798FE264638E7A1683961A0
:10BA7000E1687961242A10D0103407F11802BAE77E
:10BA80004046FFF789FE0EE7236903616169416162
:10BA900004F1180200F11803EEE62269BA61626946
:10BAA000FA61183407F12002A5E7324667E721461C
:10BAB0003046009300F00CFC009B66E7B845002080
:10BAC000A1683961E1687961242A03D0103407F153
:10BAD000180254E72269BA616269FA61183407F101
:10BAE00020024CE72DE9F0471D464A4B16460C460E
:10BAF00082460A46114612F801EB13F80EC01CF0FC
:10BB0000080CF7D1BEF12D0F5AD0BEF12B0F03BF99
:10BB100092F800E063468A1C634645B9BEF1300FD7
:10BB20005CD00A253C4F4FF00509A8460AE0102DCD
:10BB30004BD04FF0FF37B7FBF5F705FB07F96FEA7E
:10BB40000909A8460021084605E02CD008FB00C0E2
:10BB5000012112F801EBAEF1300CBCF1090F06D94E
:10BB6000AEF1410CBCF1190F0BD8AEF1370C6545A5
:10BB700010DDB1F1FF3FECD0B842E6D94FF0FF3114
:10BB8000E7E7AEF1610CBCF1190F03D8AEF1570C29
:10BB90006545EEDC4D1C0BD003B140420EB169B9D6
:10BBA0003460BDE8F087CC45D0DD4FF0FF31D0E701
:10BBB0002223CAF800300846002EF2D0541EEFE7C8
:10BBC00092F800E001238A1CA7E7BEF1300F11D0E4
:10BBD0004FF00F096FF07047A846B3E7117801F0F6
:10BBE000DF0158290BD008254FF007096FF0604797
:10BBF000A846A7E7117801F0DF015829E8D14FF0F6
:10BC0000100892F801E04FF00F0902326FF0704710
:10BC1000454697E7CD3E00209999991900B5DFF880
:10BC200018E084461346DEF800005DF804EB0A468F
:10BC30006146FFF757BF00BFD04E002013460A46AB
:10BC40000146022001F002BAB1F90C202DE9F041C1
:10BC5000804610070C4650D4496842F4006300291E
:10BC6000A38164DDA66A002E44D0002112F4805224
:10BC7000D8F80050C8F8001065D1E16901234046AA
:10BC8000B047411C02466CD0B4F90C30A66A5B0781
:10BC900005D56368D21A236B0BB1E36BD21A00236C
:10BCA000E1694046B047471CB4F90C304DD1D8F893
:10BCB00000101D2940D8304ACA40D6073CD5226919
:10BCC000226023F40062A281D9044FF00002626076
:10BCD00003D5D8F80030002B41D0216BC8F80050B4
:10BCE00041B104F14003994202D0404601F052FABA
:10BCF000002323630020BDE8F0810E69002EF9D0F7
:10BD00000D680E6092070CBF4B690023AD1B8B6062
:10BD10000AE02B463246E169676A4046B847002888
:10BD2000A5EB0005064406DD002DF2DCE2E7E16B41
:10BD3000002997DCDEE7A38943F04003A3814FF09D
:10BD4000FF30BDE8F081226DA1E72269226023F473
:10BD50000062A281DB044FF000026260BDD5206565
:10BD6000BBE7D8F80030002B8ED01D2B01D0162B4E
:10BD7000E1D1C8F80050BDE70100402000B50346FE
:10BD800083B008B1426B52B3B1F90C0098B14A6E5E
:10BD9000D20701D4820512D518460091FFF754FF4F
:10BDA00000994A6E0346D00702D48A8992050ED5BF
:10BDB000184603B000BD0346184603B000BD886DA9
:10BDC0000193009100F0E8FEDDE90013E4E7886DDF
:10BDD000009300F0E3FE009B184603B000BDCDE9E0
:10BDE000000100F0EFF8DDE90031CDE7002838D0A0
:10BDF00000B51E4B1B6883B001460BB15A6BD2B124
:10BE0000B1F90C0098B14A6ED20701D482051AD557
:10BE100018460091FFF718FF00994A6E0346D007B5
:10BE200002D48A89920516D5184603B000BD034690
:10BE3000184603B000BD01901846009300F0C2F808
:10BE4000DDE90031DCE7886D0193009100F0A4FE8C
:10BE5000DDE90013DCE7886D009300F09FFE009B96
:10BE6000E2E7034A0349044800F0D6B8D04E002068
:10BE7000C44E002049950100C0490020024A0349F0
:10BE8000034800F0C9B800BFC44E002071F601009D
:10BE9000C04900200C4B4168994210B5044601D0BE
:10BEA00006F000F8A168094B994202D0204605F03F
:10BEB000F9FFE168064B994204D02046BDE81040E6
:10BEC00005F0F0BF10BD00BF54640020BC6400202A
:10BED000246500202DE9F843314A324C3249DFF81D
:10BEE000DC90DFF8DC80314F116000250423294607
:10BEF000082204F15C00C4E903352D4EA560C4E9B5
:10BF00000055C4E90555656600F074FA04F158005F
:10BF1000C4E90749C4E90987E66200F039FE294609
:10BF2000244B6367082204F1C400C4E91A55C4E92C
:10BF30001E552567C4F8CC50C4F8805000F05AFA5A
:10BF400004F1680304F1C000C4F88430C4E9229805
:10BF5000C4E9247600F01CFE174BC4F8DC302946F7
:10BF600004F596700822C4E93455C4E93855C4F87C
:10BF7000D850C4F83451C4F8E85000F03BFA04F14A
:10BF8000D003C4E93D87C4F8F09004F59470C4F878
:10BF9000FC60C4F8EC30BDE8F84300F0F9BD00BF28
:10BFA0008C65002054640020499601001599010019
:10BFB000399901000900010012000200B198010046
:10BFC000D598010010B504460A4800F0E5FD636B02
:10BFD00023B9094B094A1B68626323B1BDE81040CD
:10BFE000044800F0DBBDFFF775FFBDE810400148D5
:10BFF00000F0D4BD1C6400208C6500206196010017
:10C00000014800F0C9BD00BF1C640020014800F0D9
:10C01000C5BD00BF1C6400202DE9F84307468846D3
:10C0200016464FF000097568013D11D4B468A38924
:10C03000012B08D9B4F90E3001332146384602D01D
:10C04000C04749EA0009013D6B1C04F16804EED1C8
:10C050003668002EE7D14846BDE8F8830FB400B536
:10C06000074983B004AB086853F8042B8168019337
:10C0700003F0D8FD03B05DF804EB04B0704700BFD7
:10C08000D04E00200CB430B5144B0D1E1C689DB072
:10C090001FDB14BF01220022AA1A114B05930021B5
:10C0A00021AB1B91029006900492079202A9209A5C
:10C0B0000193204601F092FD431CBCBF8B232360FB
:10C0C00015B1029B00221A701DB0BDE8304002B0CD
:10C0D00070478B2323604FF0FF30F5E7D04E0020F0
:10C0E0000802FFFF10B50C46B1F90E1000F0E6FC97
:10C0F000002803DB236D0344236510BDA38923F4CB
:10C100008053A38110BD00BF2DE9F0411F46B1F956
:10C110000C301646DA050C4605460BD423F4805342
:10C12000A381B4F90E103B4632462846BDE8F041E3
:10C1300000F0ECBC0223B1F90E10002200F0A8FCC4
:10C14000B4F90C30EAE700BF10B50C46B1F90E1097
:10C1500000F09EFCB4F90C30421C0EBF23F4805357
:10C1600043F480532065A38110BD00BFB1F90E10C8
:10C1700000F07CBC70B5ADF5067D0E46009313460D
:10C180004FF40072059206A905AA054600F028F8AA
:10C1900098B10246059B03903146284600F0B6FC54
:10C1A000039A059006AB9A4204D02846114600F047
:10C1B000F1FF05980DF5067D70BD4FF0FF30F9E7F2
:10C1C00000B5DFF818E084461346DEF800005DF89D
:10C1D00004EB0A466146FFF7CDBF00BFD04E0020FA
:10C1E00010B59AB021B1D2F800C0BCF1000F1CD13B
:10C1F00000214FF4227CADF80CC0199100910491FC
:10C200004FF6FF7C02910591144669461A461C9B25
:10C21000ADF80EC001F0E2FC002814DB009B2060AA
:10C2200000221A7004981AB010BD00910491614662
:10C230004FF4C16CADF80CC04FF0000CCDF864C0E9
:10C24000DEDA8B23036000201AB010BD032A11D858
:10C25000002A3BD0013A431E0139024401E09A42D0
:10C2600034D013F8010F11F801CF6045F7D0A0EBDF
:10C270000C00704710B541EA0004A40784460B4641
:10C280000FD0013A431E0139024401E09A421BD00B
:10C2900013F8010F11F801CF6045F7D0A0EB0C00A7
:10C2A00010BDDCF80040D3F800E074451946604644
:10C2B00003F104030CF1040CE3D1043A032AF0D88F
:10C2C00060461946002ADCD1002010BD00207047CE
:10C2D000884270B531D98B1883422ED9032A00EBDE
:10C2E00002011DD941EA030C1CF0030F1D4618D1B1
:10C2F0004FEA920C0CF1FF36A1EB8C048C4653F8FC
:10C3000004ED4CF804EDA445F9D1C6EB867301EBBE
:10C31000830105EB830CACF10403043902F0030242
:10C3200052B102F1FF3C6FEA0C0C9C4413F8012D52
:10C3300001F8012D6345F9D170BD032A50D941EAB6
:10C3400000039B074ED10F2A51D922F00F0301F1B0
:10C35000100601F1100C103B203100F1100E1944B1
:10C360005CF8104C4EF8104C5CF80C4C4EF80C4C31
:10C370005CF8084C4EF8084C5CF8044C4EF8044C41
:10C380000CF1100C8C450EF1100EE9D1F11812F0E1
:10C390000C0F034402F00F0503F1100325D025F024
:10C3A000030CACF1040426461A1F1C198C465CF8D9
:10C3B00004EB42F804EFA242F9D1043104333144D2
:10C3C000334405F00302002AB6D0013A0132013BA2
:10C3D0000A4411F801CB03F801CF9142F9D170BDA5
:10C3E0000346F0E7013A0346F0E72A46EBE7034647
:10C3F0001546D4E730B584078646034606D0A2B377
:10C4000003F8011B980702F1FF32F8D1032A26D95D
:10C410005FFA81FC0CEB0C2C0F2A0CEB0C402AD998
:10C4200022F00F0C9C44C3E90000C3E90200103362
:10C430006345F8D112F00C0F02F00F0417D04FEA49
:10C44000940C0CF1FF351A4603EB8C0C42F8040BEC
:10C450006245FBD1043304F0030203EB850322B1F0
:10C460001A4403F8011B9A42FBD1704630BD2246A4
:10C47000002AF5D1F9E71446E1E700BF11F0FF010A
:10C48000034600F003023AD092BB026801EB01239D
:10C4900003EB034383EA020C10B51C46A2F10133FF
:10C4A00023EA0203ACF1013222EA0C02134313F037
:10C4B000803F0FD150F804CF8CEA040EACF1013369
:10C4C000AEF1013223EA0C0322EA0E02134313F009
:10C4D000803FEFD0037823B936E010F8013F002BFE
:10C4E00032D09942F9D110BD8A4228D09A0729D07A
:10C4F0001A7818460133002AF6D110467047CAB997
:10C500000268A2F1013323EA020313F0803F08D14D
:10C5100050F8042FA2F1013323EA020313F0803F05
:10C52000F6D003785BB110F8013F002BFBD17047C8
:10C53000990705D01A7818460133002AF8D17047B8
:10C540001846DDE71846A0E7184610BD8AB340EA52
:10C5500001039B0730B504468E4618D1032A07D83D
:10C5600015E0043A23D01CF0803F20D1032A26D9BD
:10C570002368DEF80050A3F10131AB4221EA030C3D
:10C580002046714604F104040EF1040EE9D003784C
:10C590000C78A3420FD1013A024406E06BB110F8C7
:10C5A000013F11F8014FA34205D19042F6D100207E
:10C5B00030BD10467047181B30BD184630BD2046B0
:10C5C0007146E4E710B504460843830701D1032A06
:10C5D00019D8A44601F1FF3E07E01EF8011F03F839
:10C5E000011B501E31B19C4602466346002AF4D11D
:10C5F000204610BD94440028FAD003F8011B63457F
:10C60000FBD1204610BD0B46A44618681946A0F180
:10C61000013323EA000313F0803F01F10403D9D171
:10C62000043A032A4CF8040BEFD81946D2E700BFAE
:10C6300001292DE9F04115465BD94FF00108C646A6
:10C6400000224FF0FF34434608E0A3EB04081A46EB
:10C650004FF0010E02EB0E03994210D900EB040CCF
:10C66000C75C1CF80E60B742EFD332D04FF0010820
:10C670001446C646424402EB0E039942EED8012707
:10C68000C5F80080BE4600224FF0FF363B4607E06B
:10C690009F1B1A464FF0010E02EB0E03994210D970
:10C6A00000EB060C10F803801CF80EC0E045EFD834
:10C6B00017D001271646BE463A4402EB0E039942B4
:10C6C000EED80136601C864201D32F603046BDE8AB
:10C6D000F081C6450ABF72440EF1010E4FF0010E03
:10C6E000B8E7BE450ABF72440EF1010E4FF0010ECD
:10C6F000D2E701270026E8E72DE9F04F9346ADF297
:10C700001C4D0746894605AA194658461C46FFF7A0
:10C710008FFF05AB82460DF2144143F8044F8B4264
:10C72000FBD16CB1601E58440BF1FF3212F8011FAF
:10C73000A31A013B06AE5B44824246F82130F5D194
:10C74000059B029352460BEB03015846FFF77EFD13
:10C75000002878D144F4006380460546A9EB040123
:10C760000393661EA94213D307EB050E06AA1EF813
:10C77000063052F82330D3B1B8F1000F03D0029A3B
:10C780009A4288BFA31A1D44A9424FF00008EBD279
:10C79000039907EB090005F0D1FD8144A9EB0401E1
:10C7A000A942E1D200200DF21C4DBDE8F08FD0452A
:10C7B000434638BF5346B3421BD20BF1FF301844F7
:10C7C0000EEB0302019502E00133B34210D015785D
:10C7D00010F801CFAC4502F10102F5D09E42019D57
:10C7E00007D9CAF101022A44D5184FF00008B9E769
:10C7F000019DD04580F0888007EB0A022A440AF1A7
:10C80000FF330BEB0A00019502E0984511D0013B84
:10C8100010F801CD12F8015DAC45F6D0019D013351
:10C8200008F10108984509D8029B1D44A4EB0308B0
:10C8300098E708F101089845019DF5D970460DF279
:10C840001C4DBDE8F08FA4EB0A03534538BF534697
:10C8500001330293661E44F400630025A9EB040132
:10C86000019307EB0608A94208D318F8052006AB88
:10C8700053F822309BB11D44A942F6D2019907EB2F
:10C88000090005F05BFD8144A9EB0401A94289D3AD
:10C8900018F8052006AB53F82230002BEBD1564593
:10C8A00019D90BF1FF3007EB0A0350442B445246D1
:10C8B00002E0013296420ED093F800C010F801EF6A
:10C8C000E64503F10103F4D0964204D9CAF101030D
:10C8D0002B449D18C7E7BAF1000F10D007EB0A00F0
:10C8E00028440BEB0A0201E05A4508D010F801CDAC
:10C8F00012F801EDE645F7D0029B1D44BCE778191C
:10C900000DF21C4DBDE8F08F534689E72DE9F0414B
:10C910000D7890B00446002D48D04A78002A68D09F
:10C920008B78002B46D0C878002877D00B79002B65
:10C9300065D008460E4600F01DFB054640F4007128
:10C94000204605F0FBFC854242D8FE2D7FD8401BD7
:10C9500027184022691C6846FFF74CFD5DB1721E26
:10C96000A81812F8013F03F03F036B44B11A2944A1
:10C9700090421970F5D1013C635D03F03F036B44B5
:10C980001B781C44A74203D227E04444A74224D387
:10C9900014F805C00CF03F0CEC442A463146204602
:10C9A0009CF80080FFF752FC0028EED1204610B022
:10C9B000BDE8F081007842EA054238B140EA03431D
:10C9C0009A4214F8010FF8D1023CEFE79A42FBD0EB
:10C9D0000024204610B0BDE8F0817B5D7819002B63
:10C9E000F6D04FF4006105F0A9FC0744A742C2D27B
:10C9F000EEE7294610B0BDE8F041FFF73FBD2278D1
:10CA0000002AE5D0096809BA42EA0323204614F84F
:10CA1000012FB2B19942F7D1C41EC7E7120442EA0E
:10CA20000562217842EA0323024641EA020059B135
:10CA3000B3EB002F14F8011F4FEA0022F5D1033C9D
:10CA4000B4E79942C4D1E7E79342C1D1F7E7014681
:10CA50002B463246204610B0BDE8F041FFF74CBEF1
:10CA6000014B93F810027047684C002038B5074C12
:10CA70000023054608462360FAF7FCFF431C00D05C
:10CA800038BD2368002BFBD02B6038BD746B0020B1
:10CA900038B58C46084C114605461A4660460023B8
:10CAA0002360FAF7F3FF431C00D038BD2368002B46
:10CAB000FBD02B6038BD00BF746B002038B58C46AE
:10CAC000084C114605461A46604600232360FAF7D3
:10CAD000CFFF431C00D038BD2368002BFBD02B6058
:10CAE00038BD00BF746B002038B5074C00230546E5
:10CAF00008462360FAF7A4FF431C00D038BD236822
:10CB0000002BFBD02B6038BD746B002038B58C46F1
:10CB1000084C114605461A46604600232360FAF782
:10CB2000F5FA431C00D038BD2368002BFBD02B60E6
:10CB300038BD00BF746B0020014B1868704700BF00
:10CB4000D04E002070B50E4E0E4DAE4208D0761B72
:10CB5000B610002455F8043B01349847A642F9D892
:10CB6000094E0A4D07F04AFFAE4208D0761BB610B8
:10CB7000002455F8043B01349847A642F9D870BD0B
:10CB8000F0260060F02600602C270060F026006090
:10CB9000704700BF704700BF704700BF704700BFBD
:10CBA000082802D14FF48050704708B5FFF7C4FF42
:10CBB000162303604FF0FF3008BD00BF00000000E7
:10CBC0000000000000000000000000000000000065
:10CBD0000000000002780B78012A28BF9A4240F03A
:10CBE000D8806DE9044540EA0104CDE902676FF0A1
:10CBF000000C4FEA44721AB380EA010414F0070FE4
:10CC00006BD100F0070420F0070004F0030521F0C9
:10CC100007014FEAC505F0E8042314F0040FF1E81A
:10CC200004670CFA05F462EA040266EA04060BD013
:10CC300063EA0403624667EA0407664604E000BF4D
:10CC4000F0E80423F1E8046782FA4CF582EA06046E
:10CC5000A4FA8CF46CBB83FA4CF583EA0705A5FAB9
:10CC60008CF595B950E9022351E9026782FA4CF537
:10CC700082EA0604A4FA8CF483FA4CF583EA0705E9
:10CC8000A5FA8CF52543DBD09CB92DBAB5FA85F40D
:10CC900024F0070427FA04F1DDE9026723FA04F31C
:10CCA00003F0FF0001F0FF01FDE80445A0EB0100E7
:10CCB000704724BAB4FA84F424F0070426FA04F185
:10CCC000DDE9026722FA04F202F0FF0001F0FF0141
:10CCD000FDE80445A0EB0100704714F0030F3CD1C0
:10CCE00010F0030428D150F8082B51F8083B82FAC1
:10CCF0004CF582EA0305A5FA8CF55DB950F8042CD1
:10CD000051F8043C82FA4CF582EA0305A5FA8CF549
:10CD1000002DE8D02DBAB5FA85F424F0070423FAE3
:10CD200004F122FA04F202F0FF0001F0FF01FDE835
:10CD30000445A0EB010070474FEAC40420F0030053
:10CD400050F8082B21F0030151F8083B0CFA04F4C9
:10CD500062EA040263EA0403C9E710F003041DD089
:10CD6000A1EB040120F00300E40750F8042B06D0E7
:10CD700012D28B785FFAA2F4E41A06D12BB1CB78E9
:10CD80005FFAB2F4E41A00D133B920465DF8104BD3
:10CD90007047A2EB0300704701F1040150F8042B27
:10CDA000CC0721F0030151F8043B48D824D222F0EB
:10CDB0007F4482FA4CF594EA1325A5FA8CF50AD142
:10CDC00065B951F8043B84EA0204B4EB036F0ED159
:10CDD00050F8042BEBE74FEA132355E035F07F457D
:10CDE0004DD10878FDE80445C0F1000070474FEAD6
:10CDF000126203F0FF0347E002EA1C4482FA4CF59A
:10CE000094EA1345A5FA8CF50AD165B951F8043BAB
:10CE100084EA0204B4EB034F0CD150F8042BEBE787
:10CE20004FEA134330E015EA1C4528D10B884FEA3E
:10CE3000124229E04FEA124203EA1C4324E002F0C6
:10CE4000FF0482FA4CF594EA1365A5FA8CF50AD131
:10CE500065B951F8043B84EA0204B4EB032F09D10D
:10CE600050F8042BEBE74FEA13630DE015F0FF0FCA
:10CE700005D10B684FEA122223F07F4304E04FF004
:10CE80000000FDE80445704712BA1BBA82FA4CF460
:10CE900082EA0304A4FA8CF5B5FA85F402FA04F2E6
:10CEA00003FA04F34FEA1260FDE80445A0EB1360B7
:10CEB000704700BF01F0FF01102A2BDB10F0070FB5
:10CEC00008D010F8013B013A8B422DD010F0070F2B
:10CED00042B3F6D1F0B441EA012141EA014122F026
:10CEE00007047FF000070023F0E80256083C85EABB
:10CEF000010586EA010685FA47F5A3FA87F586FA61
:10CF000047F6A5FA87F68EB9EED1F0BC01F0FF0125
:10CF100002F0070232B110F8013B013A83EA010343
:10CF200013B1F8D10020704701387047002D06BFBB
:10CF300035460338073815F0010F07D1013015F4D5
:10CF4000807F02BF013015F4C03F0130F0BC0138D2
:10CF5000704700BF0000000000000000000000005B
:10CF600000000000000000000000000000000000C1
:10CF70000000000030B490F800F020F007016FF0DE
:10CF8000000C10F0070491F820F040F048804FF0BA
:10CF900000046FF00700D1E9002391F840F000F1A0
:10CFA000080082FA4CF2A4FA8CF283FA4CF3A2FA4B
:10CFB0008CF34BBBD1E9022382FA4CF200F108005A
:10CFC000A4FA8CF283FA4CF3A2FA8CF3E3B9D1E918
:10CFD000042382FA4CF200F10800A4FA8CF283FADE
:10CFE0004CF3A2FA8CF37BB9D1E9062301F12001BD
:10CFF00082FA4CF200F10800A4FA8CF283FA4CF3A6
:10D00000A2FA8CF3002BC6D0002A04BF04301A46C3
:10D0100012BAB2FA82F200EBD20030BC7047D1E90A
:10D02000002304F00305C4F100004FEAC50514F025
:10D03000040F91F840F00CFA05F562EA05021CBFF6
:10D0400063EA050362464FF00004AAE7F0B51D4C01
:10D0500083B005462068019116461F46FFF79CFDE8
:10D06000194A0199136823B35A6820681F2A23DCE0
:10D070004DB9541C02325C6043F82210FFF78EFD5C
:10D08000002003B0F0BD03EB820E0124CEF88860CF
:10D09000D3F88861944046EA040C022DC3F888C195
:10D0A000CEF80871E5D1D3F88C512543C3F88C51E3
:10D0B000DFE7064B1360D7E7FFF770FD4FF0FF3057
:10D0C000DFE700BF5C4C00207C6200208062002013
:10D0D0000148FFF761BD00BF146400200148FFF75D
:10D0E0005DBD00BF14640020F8B5064608200C465C
:10D0F000FFF756FD07463046FEF748FB224A936885
:10D100005D6825F00305A5F111031C1B3C44B4FB2D
:10D11000F7F4013C07FB04F4A74208DC0021304689
:10D12000FFF7E2FC184A93682B44984204D030463B
:10D13000FEF732FB0020F8BD61423046FFF7D4FC19
:10D140000130114A0DD0114993682D1B45F001059E
:10D150005D600B6830461B1B0B60FEF71DFB01205A
:10D16000F8BD00213046FFF7BFFC074A9268831ADA
:10D170000F2BDCDD43F001035360054B03491B68B3
:10D18000C01A0860D3E700BFB84500202064002023
:10D19000BC4E0020002965D02DE9F0410C46074621
:10D1A000FEF7F4FA54F804EC7D49A4F1080C2EF0D3
:10D1B00001030CEB03028D685068954220F00300D8
:10D1C0000EF0010600F08B80151850606D6805F0B8
:10D1D0000105A846AEBB54F8084CACEB040C234444
:10D1E000DCF8084001F1080E74456BD0DCF80C50F7
:10D1F000E560AC60B8F1000F00F08C8043F00100F6
:10D20000CCF804001360B3F5007F35D2DA08486823
:10D210005C090132012312B2A34003434B6051F871
:10D220003200CCF8080001EBC203083BCCF80C300C
:10D2300041F832C0C0F80CC03846BDE8F041FEF7F6
:10D24000ABBA85B9034401F1080E9068704543F00C
:10D2500001047AD0D268C2609060CCF804404CF8E7
:10D260000330D0E770474EF00102B3F5007F44F879
:10D27000042C4CF80330C9D3B3F5206F4FEA532088
:10D280004AD2980900F1390212B200F13804D200F2
:10D2900088188A580838904203D15FE0926890421B
:10D2A00004D0516821F003019942F7D8D068CCE945
:10D2B0000220C0F808C03846C2F80CC0BDE8F041F2
:10D2C000FEF76ABAA5BB1844D2E90223D3609A607C
:10D2D00040F00103CCF804304CF80000ACE71844EF
:10D2E00046B954F8083CACEB030C1844DCE90223C3
:10D2F000D3609A6040F00103CCF80430294BC1F8A8
:10D3000008C01B68834297D8274B38461968FFF737
:10D31000EBFE91E7034498E714280FD9542824D84A
:10D32000180B00F16F0212B200F16E04D200AFE7E9
:10D3300043F00101CCF8041013607DE700F15C02BA
:10D3400012B200F15B04D200A2E7C1E904CCCCE93F
:10D3500002EECCF804404CF803306DE7A410012332
:10D36000A3404C6823434B60A1E7B0F5AA7F07D8E0
:10D37000D80B00F1780212B200F17704D20087E7EF
:10D3800040F25452904206D8980C00F17D0200F110
:10D390007C04D2007CE74FF47E727E2478E700BFE5
:10D3A000B8450020C04E00205064002082B049B132
:10D3B0005AB16BB113780B601278101E18BF0120A0
:10D3C00002B0704701A9002AF3D1104602B070479D
:10D3D0006FF00100F4E700BF30B5436C83B0054641
:10D3E0000C4653B153F8240088B1026843F8242056
:10D3F0000023C0E9033303B030BD21220421FDF72F
:10D4000057FE034668640028ECD10020F3E70121B1
:10D4100001FA04F35A1D920028460193FDF748FED5
:10D420000028F2D0019B44608360E1E731B1436C96
:10D430004A6853F82200086043F82210704700BF82
:10D440002DE9F0410E6917460D461C4601F1140204
:10D450004FF0000E11688BB207FB03434FEA134CE9
:10D46000090C07FB01CC0EF1010E9BB203EB0C4340
:10D47000764542F8043B4FEA1C44EBDC3CB1AB6818
:10D48000B34207DD05EB860301365C612E61284659
:10D49000BDE8F081696801318046FFF79DFF0746CE
:10D4A000B0B12A69023205F10C0192000C30FAF792
:10D4B00061F8D8F844306A6853F82210296043F8BC
:10D4C00022503D4605EB860301365C612E61DEE7A6
:10D4D000024B03483A46BA2104F088FFD4330020B7
:10D4E000E8330020B0F5803F034636BF0304002038
:10D4F0001020B3F1807F3CBF1B020830B3F1805F86
:10D5000006D3B3F1804F0FD29A0012D40330704784
:10D510001A01B2F1804F00F1040006D29B0108D439
:10D520005B00F3D4202070471A46002AFBDB013051
:10D5300070470230704700BF0368590708D0DA0708
:10D540001FD499072AD55B08036001221046704753
:10D550009AB282B91B0CDAB2B2B11022190701D10A
:10D5600004321B09990714D0D90701D401325B0892
:10D57000036010467047DAB24AB11A0717D1042285
:10D58000EFE700221046704718221B0AE6E7082240
:10D59000FBE7590707D502329B08E9E79B080222FF
:10D5A000036010467047DB0804D12022CEE7DB0879
:10D5B0000322DDE70332DBE738B5436C04460D4652
:10D5C0004BB15868B0B102685A6000220123C0E92B
:10D5D0000323456138BD21220421FDF769FD03467F
:10D5E00060640028EDD1094B0948002240F2451142
:10D5F00004F0FCFE1C2201212046FDF759FD002805
:10D60000F1D001220223C0E90123DEE7D433002058
:10D61000E83300202DE9F04F0F691569AF4285B05E
:10D620000E46904605DB2A4643463D468846174649
:10D630001E46D8F80830D8F80410EC19A342B8BF39
:10D640000131FFF7C9FE8446002800F09C801430A9
:10D6500000EB840E704505D20346002143F8041BFD
:10D660009E45FBD8143606EB870296427CD208F121
:10D67000140707EB8505A5EB080308F11508A84575
:10D68000A3F11503CDE902E44FEA930A8CBF00240D
:10D6900001249146E34605E0090C34D1B14500F17F
:10D6A00004005ED956F8041B8AB2002AF4D0CDE9F2
:10D6B0000090B8468646002358F8041BDEF80000A8
:10D6C0001FFA81F94FEA114C81B202FB0911000CDB
:10D6D000194402FB0C0000EB114089B241EA004101
:10D6E00045454EF8041B4FEA1043E5D8DDE90090AC
:10D6F000002C4FEA8A0208BF00220244536056F809
:10D70000041C090CCAD00368CDF800908846BC46BA
:10D71000864600221946BCF8009008FB092909EB4F
:10D7200011499BB243EA09434EF8043B5CF8043BC1
:10D73000DEF800101B0C8AB208FB032303EB19432D
:10D7400065454FEA1342E6D8002C4FEA8A02DDF81D
:10D75000009008BF00220244B145536000F104006C
:10D76000A0D8DDE902E4DC46002C02DC05E0013C47
:10D7700003D05EF8043D002BF9D06046CCF8104091
:10D7800005B0BDE8F08F034B034862464FF4B1711A
:10D7900004F02CFED4330020E8330020F8B512F05A
:10D7A0000303144607462FD10E46A4102AD03D6C21
:10D7B000002D32D004F0010364103BB92868B8B1E1
:10D7C000054604F001036410002BF7D02A463146C9
:10D7D0003846FFF71FFF36B17B6C716853F8212084
:10D7E000326043F8216074B1064628680028E7D10A
:10D7F0002A4629463846FFF70DFF002328600360BC
:10D800000546DEE73046F8BD013B0F4A52F82320BB
:10D810000023FFF715FE0646C7E701213846FFF74C
:10D82000DBFD054640B1012340F27122C0E904321C
:10D83000002338640360BDE7044B05482A4640F2E4
:10D84000451104F0D3FD00BFC8440020D4330020AC
:10D85000E83300202DE9F0470D4691462E69AB686C
:10D86000496806EB6216741C9C4207464FEA621830
:10D8700004DD5B009C4201F10101FADC3846FFF750
:10D88000ABFD844600284FD0B8F1000F00F1140022
:10D890000BDD08F105010CEB81010346002243F882
:10D8A000042B8B42FBD100EB8800296905F114039E
:10D8B00019F01F0803EB810E2ED0C8F12009024693
:10D8C0004FF0000A196801FA08F141EA0A0142F82A
:10D8D000041B53F8041B9E4521FA09FAF2D8AEEB5B
:10D8E0000503153B23F0030305F11502964538BFE8
:10D8F0000023043340F803A0BAF1000F00D13446EE
:10D900007B6C6A68CCF8104053F82210296060469E
:10D9100043F82250BDE8F087043853F8042B40F850
:10D92000042F9E45F9D8EAE7034B044862464FF4BA
:10D93000EF7104F05BFD00BFD4330020E83300201A
:10D9400003690A6900B5B3EB020E12D100F1140CA1
:10D9500014310CEB820301EB820101E09C4508D2FB
:10D9600053F8040D51F8042D9042F7D003D24FF034
:10D97000FF3E704600BD4FF0010E704600BD00BF77
:10D980002DE9F04F17460A693B69A2EB0308B8F18D
:10D99000000F83B00C4615D1143107F1140505EBC7
:10D9A000830501EB830302E0994280F0858053F800
:10D9B000046D55F8042D9642F6D080F08A804FF021
:10D9C000010805E0FBDB3B464FF000080F461C4614
:10D9D0007968FFF701FD002800F086803A69266922
:10D9E000C0F80C8007F1100107F11408834600F11C
:10D9F000140704F1140008EB820E944600EB86062F
:10DA00000023B946C2460A46019450F8041B52F856
:10DA1000045F8CB21FFA85F8A8EB0408090C98443F
:10DA2000C1EB154101EB28411FFA88F848EA01448F
:10DA3000864249F8044B4FEA2143E6D8A146019CAF
:10DA4000301B1538153420F00300A64238BF0020E3
:10DA50000AEB00010431C4198E4562460846DC46D3
:10DA600098BF23461AD9A7EB0A070434C61950F801
:10DA7000045B13FA85F82B442D0C05EB28459BB26B
:10DA800043EA05498645C6F800904FEA2543EDD89C
:10DA90000EF1FF335B1A23F003032344B9F1000FA7
:10DAA00004D153F8041D013A0029FAD06046CCF89D
:10DAB000102003B0BDE8F08F0021FFF78DFC8446F5
:10DAC00058B101220023C0E90423604603B0BDE839
:10DAD000F08F3B4627461C467AE7074B07486246CD
:10DAE00040F2372104F082FC0246034B034840F227
:10DAF000452104F07BFC00BFD4330020E833002034
:10DB00002DE9F043894683B0012157EC106B904614
:10DB1000FFF762FC0446002846D0C7F30A55C7F356
:10DB200013030DB143F480130193331E15D101A8E3
:10DB3000FFF702FD019B636101212030216115B3D4
:10DB4000A5F233450544C0F13500C9F80050C8F8C6
:10DB50000000204603B0BDE8F08368460093FFF75D
:10DB6000EBFCDDE9002328B1C0F1200103FA01F14B
:10DB70000A43C340002B0CBF012102216261A36153
:10DB80002161002DDCD104EB8103A0F23240C9F801
:10DB900000001869FFF7A6FCC0EB4110C8F80000B0
:10DBA000204603B0BDE8F083034B0448224640F210
:10DBB0000F3104F01BFC00BFD4330020E8330020F9
:10DBC00049B1FF2A02D80A70012070478A230360F6
:10DBD0004FF0FF3070470846704700BF2DE9F04F07
:10DBE0002DED028BD1B00C460791904609938246E9
:10DBF00004F0B4FB036811931846FFF7BBF9082241
:10DC00001090002120A8FEF7F5FBA389180603D584
:10DC10002369002B01F06E8000239FED728BCDE90C
:10DC20002533CDE9143327AA0D9324921746129376
:10DC30001393059345462C466C4BD3F8CC61FEF705
:10DC40000FFF20AA034600921AA922465046B04769
:10DC5000002800F09880C0F28E801A9A252A034688
:10DC600001D01C44E8E7B4EB0508064640F08F807D
:10DC700000234FF0FF328DF85F309B46069301344E
:10DC80002378049201349946A9F120035A2B00F21B
:10DC9000AF80DFE813F0FE02AD00AD00FA02AD0088
:10DCA000AD00AD00DD02AD00AD00A802B702AD00D1
:10DCB000B302C002AD00BC025B005B005B005B0016
:10DCC0005B005B005B005B005B00AD00AD00AD0086
:10DCD000AD00AD00AD00AD002101AD009C01AC0375
:10DCE000210121012101AD00AD00AD00AD00A8036F
:10DCF000AD00AD000803AD00AD00AD007302AD0096
:10DD00006103AD00AD009807AD00AD00AD00AD0002
:10DD1000AD00AD00AD00AD002101AD009C0187015B
:10DD2000210121012101ED0387016C00AD000804F0
:10DD3000AD00F8033D0413046C00AD0073026A00EB
:10DD40008303AD00AD00FB07AD006A00A9F130030D
:10DD5000002214F8019B02EB820203EB4202A9F1BC
:10DD60003003092BF5D906928EE723788AE72378CA
:10DD70004BF0200B86E70822002120A8FEF73AFB93
:10DD800001231C4458E7B4EB0508064610D025993A
:10DD9000269B013143440729C7E900582693259162
:10DDA00017DC0837059B43440593002E7FF460AFD2
:10DDB000269B002B41F00383079B9B8903F04003C4
:10DDC000002B41F0CF86059851B0BDEC028BBDE829
:10DDD000F08F079924AA504604F038F80028EBD1B8
:10DDE00027AFDFE70000000000000000684C0020C3
:10DDF000B9F1000FDCD00023CDE90B3301228DF8FF
:10DE0000DC908DF85F3008930A9204930E9337AD3F
:10DE10000292269A1BF08403904600F005819DF83B
:10DE20005F1009B3DDF894C000260CF10101012058
:10DE30000132786007290DF15F00CDE925123860C5
:10DE400000F33E8408377EB1DDF894C00CF1010187
:10DE500018A80232386007294FF00200CDE92512D8
:10DE6000786000F320840837802B00F06583049BE2
:10DE70000A995E1A002E00F3E8801BF4807F40F0C0
:10DE800021810A9B7B601A44259B3D600133072B4F
:10DE90002692259300F3BC8308371BF0040F05D0AE
:10DEA000069B02995D1A002D00F31884DDE9053107
:10DEB00002988142ACBF5B181B180593002A40F002
:10DEC000778300232593089B1BB108995046FFF7E1
:10DED00061F927AF2546AEE6099B073323F0070318
:10DEE000B3EC028B9FEDA17BB0EEC86BB4EE476B39
:10DEF000F1EE10FA099300F33986B4EE488BF1EE97
:10DF000010FA81F14685B9F1610F01F07A83B9F118
:10DF1000410F01F07084049B013301F07F82B9F15D
:10DF2000670F18EE903A4BF4807801F0F584B9F160
:10DF3000470F01F0F1840023089318EE903A002B6C
:10DF4000C1F20885B0EE487B0026A9F14103252BDC
:10DF500001F2DD81DFE813F0A50CDB09DB09DB0949
:10DF6000700ADD0ADB09DB09DB09DB09DB09DB09F8
:10DF7000DB09DB09DB09DB09DB09DB09DB09DB0981
:10DF8000DB09DB09DB09DB09DB09DB09DB09DB0971
:10DF9000DB09DB09DB09DB09A50CDB09DB09DB0994
:10DFA000700ADD0A1BF0200F40F0DE85099A1BF095
:10DFB000100F52F8046B41F01C861BF0400F0992C1
:10DFC00001F08E8046F3C038434636B21FE2B9F105
:10DFD000430F03D01BF0100F00F0658608220021CC
:10DFE00022A8FEF707FA099A37AD126822AB294634
:10DFF000504605F0C5F90A90013001F0AE850A9B44
:10E0000023EAE3730293099B269A043309930023BE
:10E01000CDE90B338DF85F30089304930E931BF01A
:10E02000840390467FF4FBAE0699029E8E1B002E61
:10E0300000F321849DF85F1000297FF4F3AE049B68
:10E040000A995E1A002E7FF718AF4A49259B0F9157
:10E05000102E27DD39464FF0100837462E4625464C
:10E06000079C04E0103F102F01F1080116DD013379
:10E0700040481032072BC1E90008CDE92532F1DD17
:10E0800024AA2146504603F0E1FE002840F0988281
:10E09000103F102FDDE9253227A9E8DC2C46354654
:10E0A0003E460F4601330F9939603244072BCDE9C4
:10E0B00025327E6000F364841BF4807F07F108073B
:10E0C0003FF4DFAEB9F1650F40F3AC82B5EE408BA3
:10E0D000F1EE10FA40F05283259B27493960013355
:10E0E00001320121072B26922593796000F37F8767
:10E0F0000837199B0D998B4280F2EB84109B119984
:10E100001A44C7E90013259B26920133072B259358
:10E1100000F3D38508370D9B5D1E002D7FF7BDAE44
:10E120001449259B0F91102D40F39787A146DDF8E8
:10E130001C8010260C4604E00837103D102D40F3DB
:10E140008B8701331032072BC7E90046CDE9253212
:10E15000F2DD24AA4146504603F078FE002840F044
:10E160002F82DDE9253227AFE7E700BFFFFFFFFF82
:10E17000FFFFEF7F84450020B8200020DDF82480D9
:10E1800058F8045B00238DF85F30002D00F0A18566
:10E19000B9F1530F00F037871BF010030B9340F0D9
:10E1A0003287049B002BC1F2FC801A460B9928464B
:10E1B000FEF780FE9DF85F300890002801F048844B
:10E1C000089A521B0A9222EAE27202920BB10132C1
:10E1D00002920B9BCDF8248004930E930C9308932A
:10E1E0004FF0730915E6099B53F8042B0692002A99
:10E1F00080F27584069A09935242069223784BF076
:10E20000040B3FE52B238DF85F3023783AE5237824
:10E210004BF0800B36E5214611F8019BB9F12A0F2E
:10E2200001F09084A9F13003092B98BF002201F27C
:10E23000DD8211F8019B02EB820203EB4202A9F19D
:10E240003003092BF5D942EAE27304930C461BE52F
:10E25000504604F083F8436813931846FEF78AFE8D
:10E2600015900646504604F079F882682378149297
:10E27000002E3FF407AD002A3FF404AD1278002AC7
:10E280003FF400AD4BF4806BFCE423784BF0010BC2
:10E29000F8E49DF85F202378002A7FF4F3AC202275
:10E2A0008DF85F20EEE41BF0200F4BF0100000F023
:10E2B0002884099B073323F007031A46596852F84C
:10E2C000083B099200228DF85F20049A002A18DB8F
:10E2D00053EA010220F4906B15D1049A9AB910F018
:10E2E00001031A46029300F0738630238DF83F3104
:10E2F000049B0A92CDE90B330E9308930DF23F1560
:10E3000087E520F4806B50AD03F00702DB0843EA99
:10E310004173C908303253EA0106284605F8012D39
:10E32000F2D11BF0010F00F01582302A00F01282AA
:10E330003023049905F8013C023850AB1B1A99426E
:10E340004FF00002B8BF1946CDE90B2208920A939C
:10E35000054602910E925CE51BF0200F4BF0100178
:10E3600021D1099B1A1D099B04981B684FF00008D6
:10E3700040458DF85F801E4659DB21F0800B002B55
:10E3800040F08C850992002840F0E983CDE90B002C
:10E390000A900E900290089050AD3AE51BF0200FC5
:10E3A00000F0BE835946099B073323F00702002380
:10E3B0008DF85F30049BD2F8048052F8086B099204
:10E3C000002B35DB56EA080321F0800B31D1049B8A
:10E3D000002B40F0C483CDE90B330A930E930293D4
:10E3E000089350AD15E523784BF0080B4AE41BF079
:10E3F000200F4BF0100300F07A83099A073222F0C5
:10E4000007029B46536852F8086B09929846002B06
:10E41000C0F2C282049A002A0BDB56EA08032BF0F2
:10E42000800B06D1002A00F04187302607E00992D0
:10E430008B460A2E78F1000380F0BF823036049AB2
:10E440009DF85F308DF83F61012AB8BF012202922A
:10E4500001220A920DF23F15002B01F06D83029B01
:10E46000013302930023CDE90B3308930E93D0E4DC
:10E470002378682B03BF63784BF4007B01344BF0A7
:10E48000400BFFF7FFBB099A1BF0200F02F10403BA
:10E4900000F08883126805991160C91751600993CB
:10E4A0002546FFF7C8BB23786C2B03BF63784BF07E
:10E4B000200B01344BF0100BFFF7E4BB099A049ECC
:10E4C00052F8041B002047F630038642ADF8603056
:10E4D0008DF85F000B46C0F2DB832BF0800545F022
:10E4E000020B002940F0D683002E00F0E686099248
:10E4F00030230122CDE90A210E918DF83F31029699
:10E500000DF23F154FF078098E4608910C91A5E366
:10E510001BF0200F40F02583099A1BF0100F52F8D2
:10E52000043B41F05E831BF0400F00F0E9859BB295
:10E53000099258460021C5E6069B02995E1A002EF4
:10E540007FF795AC8B49259B0F91102E24DD384623
:10E550004FF010082F4619462546864C04E0103E21
:10E56000102E00F1080013DD013110320729C0E937
:10E570000048CDE92512F2DD079924AA504603F0A0
:10E5800065FCE8B9103E102EDDE9251227A8EBDC6A
:10E590002C460B463D46074601330F9939603244FD
:10E5A000072BCDE925327E6000F3638508375EE4F2
:10E5B000079924AA504603F049FC00283FF481AC97
:10E5C000089B002B3FF4F8AB08995046FEF7E2FD9C
:10E5D000079B9B8903F04003FFF7F2BB109B119947
:10E5E0001A44C7E90013259B26920133072B259374
:10E5F00000F3068707F108010028C1F21E810D987B
:10E600000D6001330244072BCDE92532486046DD19
:10E61000079924AA504603F019FC0028D0D1269A65
:10E6200027AF3AE40D98259B012802F1010203F17E
:10E63000010307F1080140F364810120072BCDE9B4
:10E6400025323D60786000F32C821098119E0133D2
:10E650000244072BC1E90060CDE9253200F32D8289
:10E6600008310D98B5EE408BF1EE10FA00F1FF364F
:10E6700000F05F81013301353244072BCDE92532AB
:10E680000D604E6000F349810831129848600133F3
:10E690000244072B1CA8CDE925320860B8DC01F143
:10E6A0000807FFF7FABB07990F9324AA504603F017
:10E6B000CDFB002884D1269A0F9B27AFFFF7D4BB50
:10E6C00007990F9324AA504603F0C0FB00287FF45B
:10E6D00077AF269A0F9B27AFFFF7B5BB102D259B71
:10E6E00041F3D580A046DDF81C90234C102604E0B1
:10E6F000103D102D07F1080715DD01331032072BEF
:10E70000C7E90046CDE92532F2DD24AA4946504644
:10E7100003F09CFB00287FF453AF103D102DDDE982
:10E72000253227AFE9DC21464446884601332A4496
:10E73000072BC7E90085CDE925327FF7B7AB0799ED
:10E7400024AA504603F082FB00287FF439AF269AB2
:10E75000FFF7ACBB049950AA521B91424FF0000343
:10E76000B8BF1146CDE90B3308930A9202910E937C
:10E77000FFF74FBB84450020D03F002019980028A8
:10E7800040F300840B9B0D998B42A8BF0B46002BD6
:10E7900098460ADD1A44C7E90053259B26920133A7
:10E7A000072B259300F3B48708370B9EB8F1000FB1
:10E7B000A8BFA6EB0806002E00F3AB820B9B1BF450
:10E7C000806F03EB050940F0CA82199B0D998B42BB
:10E7D00003DB1BF0010F00F07D85109911980A44AE
:10E7E000C7E900012599269201310729259100F3F7
:10E7F0009B8708370D996E18A6EB0906CD1AAE4215
:10E80000A8BF2E46002E0BDD259BC7F800900133D4
:10E810003244072B7E602692259300F3D387083776
:10E82000002EA8BFAD1B002D7FF737ABB949259B44
:10E830000F91102D40F31184A146DDF81C801026A5
:10E840000C4604E00837103D102D40F305840133D9
:10E850001032072BC7E90046CDE92532F2DD24AAA4
:10E860004146504603F0F2FA00287FF4A9AEDDE9F4
:10E87000253227AFE7E72599102E404640F3618700
:10E880000F943A46A846079CA34D1F4604E0103E4D
:10E89000102E02F1080216DD013110301023072975
:10E8A000CDE9251015605360F1DD24AA21465046BC
:10E8B00003F0CCFA00287FF483AE103E102EDDE981
:10E8C000251027AAE8DC3B460F9C17462A464546FA
:10E8D000904601F1010C3218BCF1070FCDE925C2B9
:10E8E000C7F800807E6000F336839DF85F1008371C
:10E8F000002940F0F880002B3FF4B9AA0B46FFF73F
:10E90000A5BA1BF0010F7FF498AE0120072BCDE9CB
:10E9100025323D6078607FF7B8AE079924AA50464B
:10E9200003F094FA00287FF44BAEDDE9253227A9E5
:10E93000ABE60D9801287FF7A8AE112875480F9017
:10E9400040F3B783A046079F1025044604E0083132
:10E95000103E102E40F3AC8301331032072BC1E977
:10E960000045CDE92532F2DD24AA3946504603F0B0
:10E970006DFA00287FF424AEDDE9253227A9E7E708
:10E98000079924AA504603F061FA00287FF418AED4
:10E99000269A27AFFFF771BA2D238DF85F30049BBD
:10E9A000764268EB4808002BFFF643AD0A2E78F15B
:10E9B00000032BF0800BFFF441AD0294CDF82890BA
:10E9C00050A9DDF8509008974FF0000C0BF48064CC
:10E9D00026E016EB0803514843F10003A0FB032097
:10E9E00020F0030202EB90029B1AF31A4B484FF0FF
:10E9F000CC32B646474602FB03F268F1000800FB42
:10EA00000822A3FB0063BEF10A0F13444FEA560627
:10EA100077F10007294646EAC3764FEA53082DD31B
:10EA20003E4D16EB080343F10003A5FB032020F045
:10EA3000030202EB90029B1AF31AA3FB053268F162
:10EA4000000005FB00225B0843EAC27303EB83036B
:10EA5000A6EB430330330CF1010C01F8013C4D1ED1
:10EA6000002CB6D099F800306345B2D1BCF1FF0F4D
:10EA7000AFD00A2E78F1000380F0B3830499029C92
:10EA8000CDF8509050AB5A1B9142B8BF1146DDF8FB
:10EA90002890089F9DF85F30CDF834C00A9202910B
:10EAA000DAE4079924AA504603F0D0F900287FF44D
:10EAB00087ADDDE9253227A9C7E5079924AA504685
:10EAC00003F0C4F900287FF47BADDDE9253227A9E6
:10EAD000C7E51BF0010F3FF4E0A9FFF70FBB099357
:10EAE0002378FFF7CFB81E460023FFF79EB9099A97
:10EAF0000432099909920E684FEAE6789B4643462C
:10EB000085E4099B1A1D099B09921B680021FFF7E8
:10EB1000D9BB00BF84450020D03F0020CDCCCCCC59
:10EB2000099A1BF0100052F8043B41F057801BF08B
:10EB3000400100F0A8818DF85F009BB204994FF06E
:10EB4000000841451E46C0F2A9812BF0800B002B26
:10EB500040F0A481049B0992002B3FF43CAC0026BA
:10EB60006CE45846FFF7A5BB5B4646E4B5EEC08BA8
:10EB7000F1EE10FA2BF0800B00F11E839DF85F3050
:10EB8000B9F1470FCCBFA44DA44D002B40F05287E4
:10EB90000322CDE90B3308930A9204930E93029259
:10EBA000FFF737B91BF0100F40F07C821BF0400FCD
:10EBB00040F0A7831BF4007F00F07482099A059946
:10EBC000126811706BE4964E1BF0200F00F07D81EF
:10EBD000099B073323F007031A46586852F8083B8D
:10EBE00009921BF0010140F05C81049A8DF85F10DE
:10EBF000002AC0F28B8153EA00022BF4906B00F0E4
:10EC0000948103F00F02B25C8DF83F211B0943EAA7
:10EC10000073020953EA10100DF23F150BD003F0F8
:10EC20000F001B09305C05F8010D43EA027312095D
:10EC300053EA0200F3D1049A50AB4FF0000E5B1B75
:10EC40009A42CDE90BEEB8BF1A460A930292CDF86C
:10EC500020E0CDF838E000293FF4DBA8029BDDE995
:10EC600025C2023302931BF084039046614604D10F
:10EC7000069E0298361A002E06DCBEF1000F3FF405
:10EC8000E5A80226FFF7D1B80223F5E5654E9BE71C
:10EC90004BF0020B0992634E03F00F020221B25CAB
:10ECA0004FF07809B0E7099B1B688DF8DC30012331
:10ECB00002930A9337ADFFF7A6B9079924AA5046E5
:10ECC00003F0C4F800287FF47BAC269A27AFFFF747
:10ECD00022BA049B0895062B28BF062302930A93A9
:10ECE0002B460495CDE90B334F4DCDF824800E9380
:10ECF000FFF78FB840215046FCF772FA079B186067
:10ED00001861002800F06087079A40235361FEF7DE
:10ED100083BF102E259B40F32E874448DDF81C80CE
:10ED20000F9039464FF01009074604E00831103EB5
:10ED3000102E40F32B8201331032072BC1E90079EA
:10ED4000CDE92532F2DD24AA4146504603F07EF893
:10ED500000287FF435ACDDE9253227A9E7E70D9BD4
:10ED6000DDF83880CDF83CB0EB1804930C9BDDF84F
:10ED70001CB00B94002B4E463946DDF85090159F81
:10ED80000E9531DDB8F1000F40F32B8108F1FF380B
:10ED90002598139B01303A440728C1E90037269291
:10EDA000259000F39F800831049B99F800009D1B7B
:10EDB0008542A8BF0546002D0CDD259801302A4468
:10EDC0000728C1E900652692259000F35E8199F835
:10EDD00000000831002DACBF441B0446002C14DC9D
:10EDE00006440C9B002BCDDCB8F1000FCEDCDDE936
:10EDF0000D35EB189E42CDF850900B9CDDF83CB0E1
:10EE0000B1460F4628BF9946DFE4102C2598074BE2
:10EE10002BDD10250A9310E04834002044340020F4
:10EE200068340020543400207C34002084450020C5
:10EE3000103C102C01F1080116DD0130AE4B1032F0
:10EE40000728C1E90035CDE92502F1DD24AA59469C
:10EE5000504602F0FBFF00287FF4B2AB103C102CB0
:10EE6000DDE9250227A9E8DC0A9B0B60013022447A
:10EE70000728CDE925024C6000F3588399F800007B
:10EE800008310644ADE71BF4007840F03282049963
:10EE90008DF85F8000291E46BFF657AE0992FFF736
:10EEA000C8BA53EA000237D030228DF86020002221
:10EEB0008DF85F20049A8DF86190002A23DB2BF4F3
:10EEC000906242F0020B02219BE6099A1BF0100FA0
:10EED00052F8043B099214D11BF0400F0DD09BB2A5
:10EEE00000207EE624AA5946504602F0AFFF0028D3
:10EEF0007FF466AB269A27A956E71BF4007F40F003
:10EF0000F58100206DE64BF0020B022103F00F02A9
:10EF10002BF4806BB25C77E6049B00218B428DF86A
:10EF20005F10C0F241812BF4906B049A002A00F02C
:10EF3000CB80012A33788DF83F31B8BF01220023FE
:10EF400002920122CDE90B3308930A920E930DF23F
:10EF50003F15FEF75EBF07990F9324AA504602F0B3
:10EF600075FF00287FF42CAB9DF85F10269A0F9B4D
:10EF7000002900F0AC801E46DDF894C0034627AFA0
:10EF8000FEF753BF259B5D493960013301320121F2
:10EF9000072B26922593796000F37C81083700289F
:10EFA0007FF41CAB0D990BF001030B433EF475AFDE
:10EFB000109B11991A44C7E90013259B269201332F
:10EFC000072B259300F31C8207F10801FFF717BBFD
:10EFD000049B0A93CDE90B330E93089350ADFEF7D3
:10EFE00018BF0C9B013B09F1FF390C93D0E6079940
:10EFF00024AA504602F02AFF00287FF4E1AA269AAC
:10F0000027AFFFF776B80822002122A81B95FDF74D
:10F01000F1F9049B002B7DDB00260294CDF82080C3
:10F02000344698460EE037A9504604F0A9F9411C31
:10F03000204400F09484404509DC06F1040600F009
:10F04000008504461B9A925922AB002AEBD10A9400
:10F05000DDF82080029C6AE04C4601330F9939604C
:10F060002A44072B7D60CDE925327EF715AFFFF7E7
:10F07000CFBA079924AA504602F0E8FE00287FF490
:10F080009FAA269A27AFFEF7F2BE24AA59465046F9
:10F0900002F0DCFE00287FF493AA99F80000269A7B
:10F0A00027A997E6099A059912681160FFF7F7B941
:10F0B000444601330F9808603244072BCDE92532CE
:10F0C0004E607FF7E1AA28E4049BFFF784B9002B88
:10F0D00000F00981DDF894C00B4627AFFEF7B6BEFD
:10F0E0001BF4007F16BF46F3C0184FEAE67876B2ED
:10F0F0004346FFF78CB900BF84450020B8200020AC
:10F100001BF4007100F0F980DBB20992584600212F
:10F11000FFF7D8B822AB009300231BAA194650462C
:10F1200004F056F90A90013000F019841B950A9BEF
:10F13000002B00F09F80632B00F34C810023089389
:10F1400037AD0822002122A8FDF754F90A9E22AB10
:10F1500000931BAA33462946504604F039F98642EB
:10F1600040F042850A9A0023AB5422EAE2720292EE
:10F170009DF85F20049312B1029A01320292CDE908
:10F180000B33CDF824800E93FEF743BE0F460133B8
:10F190000F9939603244072BCDE925327E6000F3A8
:10F1A00023810837FFF70ABB33788DF83F312BF402
:10F1B000806B0DF23F153EE52D238DF85F30B9F1E0
:10F1C000470F4FF000030893049340F3E6800322B7
:10F1D000964D0A92CDE90B330E9304230293FEF76A
:10F1E00018BE159A1399AD1A2846FDF7EBF999F850
:10F1F00001300BB109F101098D4A16EB080343F107
:10F200000003A2FB030727F0030000EB97001B1A83
:10F21000F31A4FF0CC3168F1000803FB01F102FB57
:10F220000811A3FB023001445B0843EAC1764FEAB0
:10F23000510816EB080343F10003A2FB031020F072
:10F24000030101EB90015B1AF31AA3FB023168F191
:10F2500000005B0802FB001243EAC27303EB830366
:10F26000A6EB4303303305F8013C4FF0010C013DA0
:10F27000FFF7F8BB9DF85F30CDF82480003B18BF46
:10F28000012302930A9B0493CDE90B330E93089359
:10F29000FEF7BFBD079924AA504602F0D7FD00280B
:10F2A0007FF48EA91998269A27AF78E69DF85F30EB
:10F2B00002920A9250ADFFF7CFB8049B0992CDE9B4
:10F2C0000A330E930C93029350AD4FF078099E468B
:10F2D0000893C3E46E18A6EB0906CD1AAE42A8BF88
:10F2E0002E46FFF79DBA27AFFEF7C1BDDBB2002067
:10F2F00077E48DF85F10DBB220E409925846FEF700
:10F30000E1BF099A059912681180FFF7C8B822ABCE
:10F3100001931BAB0093B0EE470B049A19AB02218B
:10F3200050468DED027B03F015F99DED027B0546FD
:10F330001BF0010F40F05582229B5A1B199B0D9226
:10F34000D81C0B93C0F2018204999942C0F20B8140
:10F350009A4200F392820B9B0A931BF4806F03D0B6
:10F360000B9B002B00F32D830A9B23EAE373C34618
:10F3700002934FF0670900230E930C930BF00201E8
:10F38000002E00F0CA804FF02D0E8DF85FE0029B3A
:10F3900001330293002304935DE40322254D0A9276
:10F3A00018E72846FDF7E6FD9DF85F300A9020EA51
:10F3B000E0720292002B3EF40CAFFEF708BF079CF0
:10F3C00024AA2146504602F041FDA38903F04003E0
:10F3D000FEF7F6BC591C5046FBF702FF0546002815
:10F3E00000F0F6830890ACE6079924AA504602F094
:10F3F0002DFD00287FF4E4A8269A27AFFFF7DEB999
:10F40000079924AA504602F021FD00287FF4D8A8CD
:10F41000DDE92532199827A9FFF7EEB800230893F4
:10F42000062304934BF48078FEF787BD4834002010
:10F43000CDCCCCCC44340020049B01330D9302216D
:10F4400022AB01931BAB0093B0EE470B19AB0D9AA7
:10F4500050468DED027B03F07DF80D9B29F0200CCA
:10F46000BCF1460F9DED027B054600EB030100F069
:10F470009880B5EE407BF1EE10FA00F0D882229B26
:10F48000994288BF4FF0450C40F2CF8230205A1C81
:10F4900022921870229B8B42F9D35B1B0D93BCF117
:10F4A000470F199B0B9356D0BCF1460F00F08F808D
:10F4B0000B9B8DF87090013B002B1993C0F24C818F
:10F4C0002B22092B8DF8712000F34F8130228DF80B
:10F4D00072200DF17302303302F8013B1CABD31ADA
:10F4E00012930D9B129A012B1A440A9240F3418207
:10F4F0000A9B109A13440A930A9A2BF4806343F4EC
:10F50000807B22EAE2720023CDE90B330E93029254
:10F5100034E7049B0D93032192E79DF85FE0BEF171
:10F52000000F7FF434AF0496FFF795BB24AA594629
:10F53000504602F08BFC00287FF442A899F80000A6
:10F54000269A27A906444CE4199B0B934B1BBCF14C
:10F55000470F0D933BD10B9B0333C0F2F680049B06
:10F560000B9A93420FDA0B9B013BA9F10209002B86
:10F570008DF870901993A3DA0B9B2D22C3F1010330
:10F580008DF87120A2E70D9B0B9A934200F37581D1
:10F590001BF0010F0B9B00F0B282109A13440A93E8
:10F5A000DBE62B78302B00F06182199B1944B5EE15
:10F5B000407BF1EE10FAC7D0229B8B42FFF466AF7E
:10F5C0005B1B0D93BCF1470F199B0B93C3D00B9999
:10F5D000049A0BF00103002943EA020340F3CF82AF
:10F5E000002B40F01A820B9B0A934FF066091BF424
:10F5F000806F40F0E8810A9B23EAE373C3460293DD
:10F60000B9E647F63003ADF86030049B632B4BF04E
:10F61000020B00F35C8118EE903A002BC0F23B81A4
:10F62000B0EE480B19A802F09DFEB4EE007B20EE70
:10F63000077BB5EE407BF1EE10FA40F040820123EB
:10F640000026199337AD0896AE480499B3EE004BE7
:10F650002B4606E0B5EE407BF1EE10FA00F00F828B
:10F66000114627EE047BFDEEC76B4A1E16EE90CACC
:10F6700010F80CE0B8EEE65B9C4637EE457B03F8ED
:10F6800001EB0029E6D1B6EE005BB4EEC57BF1EEEE
:10F6900010FA08DCB4EE457BF1EE10FA1ED116EE3E
:10F6A000902AD2071AD5CDF888C013F8011C90F81B
:10F6B0000FC08C451A460AD14FF0300E02F801EC0B
:10F6C000229A511E229112F8011C6145F6D0392967
:10F6D00016BF0131817AC9B202F8011C199A5B1B6D
:10F6E0000D93B9F1610F02F1FF33199300F01F82FE
:10F6F00050214FF04109002B8DF87010C0F20E829E
:10F700002B22092B8DF871202FDC0DF17202E2E61D
:10F71000079924AA504602F099FB00287EF450AFC6
:10F72000269A27AFFFF741B8079924AA504602F05E
:10F730008DFB00287EF444AF199B269A27AFFFF774
:10F7400059B8DFF8CC81FFF7C4B80B9BA9F10209C7
:10F75000013B8DF8709019930B9A2D238DF8713021
:10F76000C2F101030832BFF6B1AE0DF17F0CDFF834
:10F77000A4E162461046AEFB0312D20802EB8201FE
:10F78000A3EB41013031632B00F8011C134600F15B
:10F79000FF32EFDC303302F8013C831E634580F01A
:10F7A000C8810DF1710213F8011B02F8011F6345B6
:10F7B000F9D103F5A0736B44CC3B1B1A1CAA9B1A0E
:10F7C00012938EE6079924AA504602F03FFB0028C8
:10F7D0007EF4F6AE199D0D9B269A5D1B27AFFFF7B1
:10F7E0001FB8049B4FF0470CE918E0E600230C46D5
:10F7F0000493FEF749BA45F63003ADF86030049B38
:10F80000632B4BF0020B62DC18EE903A002B42DBCC
:10F81000B0EE480B19A802F0A5FDB4EE007B20EE77
:10F82000077BB5EE407BF1EE10FA01D1012319936D
:10F8300000263548089637AD07E746421030334872
:10F840000F9052DA1027804603E00831103E102E48
:10F850004BDD01331032072BC1E90087CDE925329A
:10F86000F3DD079924AA504602F0F0FA00287EF44E
:10F87000A7AEDDE9253227A9E8E70D9B109A9A1873
:10F880000B9B0A92002B79DD4FF06709AFE6DFF89A
:10F890008080FEF74BBF0023089337AD2D26B1EED5
:10F8A000487BB0EE470B19A802F05CFDB4EE007B7C
:10F8B00020EE077BB5EE407BF1EE10FA04BF01238A
:10F8C0001993B9F1610F3FF4BFAE0F48BDE6049B39
:10F8D0005046591CFBF784FC0546002800F03D818A
:10F8E00008904BF48078FEF728BB01330F9808602E
:10F8F0003244072BCDE925324E6000F302810831F6
:10F90000FEF77DBE5434002068340020844500207A
:10F91000D03F0020CDCCCCCC049A002A00F0D4807B
:10F92000002BC0F22481B0EE487B002622AB01936D
:10F930001BAB0093B0EE470B19AB049A0221504663
:10F940008DED027B02F006FE00239DED027B054655
:10F950000893EDE42D26B1EE487BFEF7F6BA079B3F
:10F960009B890022089243F04003079A9381FEF797
:10F9700027BE1BF0010F3FF4BFADB9E5C3F1010392
:10F980001A4422EAE273C3460A9202934FF06709CF
:10F99000F1E418EE903A13F000432BF0800B0B9338
:10F9A00000F09A802D238DF85F30B9F1470F4FF0AA
:10F9B00000030893049340F3F8800322944D0A92C5
:10F9C00008E44FF0670914990B78FF2B00F0F880DA
:10F9D00000200B9A0E90844603E001300131FF2B8A
:10F9E00009D0934207DAD21A4B78002BF5D10B7865
:10F9F0000CF1010CF3E7CDE90B201491CDF838C0E0
:10FA00000C9A0E9B159913440A9A01FB03230A933F
:10FA100023EAE373C3460293B0E4109B02EB0109AF
:10FA20004B440A934FF06609E1E55B1B0D93199B6C
:10FA30000B933DE50023032208930A920493FFF7FA
:10FA4000C9BB049B029CDDF820800A93FFF76FBBC3
:10FA5000CDF824801BB3049B0A935A1C0292049095
:10FA60000E900C904FF07309FEF7D3B9B5EE407BC2
:10FA7000F1EE10FA1ED1199B0B93194466E5002A8A
:10FA80000491FFF62BAE0499302001EB030C1946CC
:10FA900001F8010B6145FBD11A44531C1EE6049B7F
:10FAA0000A930293089B0E930C9304934FF07309EF
:10FAB000FEF7AFB90D9BC3F10103199376E500265C
:10FAC0005448089637ADC0E5934273DBB0EE487BEF
:10FAD0000123049E049329E79DF85F30B9F1470F95
:10FAE000CCBF4B4D4C4D002B40F08680032204933D
:10FAF0000A920E930C9308930292FEF78AB90A9326
:10FB00002BE4079924AA504602F0A0F900287EF4BD
:10FB100057ADDDE9253227A9FEF771BD2D238DF8FC
:10FB20007130C2F101030832FFF61FAEEDE570211E
:10FB3000E1E502231293D4E4CDE90B3308930E934D
:10FB4000FEF767B9099A63780C4652F8041B0992CC
:10FB500041EAE1710491FEF795B8079A938943F061
:10FB6000400393814FF0FF330593FEF72CB92D2608
:10FB7000B1EE487BDAE629490F91FFF708BBC3468F
:10FB800033B9012302934FF066090A93FFF7F3BBE1
:10FB9000109B03F10109049B4B440A9323EAE3738E
:10FBA00002934FF06609FFF7E6BB03221A4D0A9253
:10FBB000FFF710BB01232D260493B1EE487BB5E679
:10FBC00000230E930C931BE70C23CAF80030C9E7FF
:10FBD000079B08909B8943F04003C6E65946FEF711
:10FBE000C2BB5846FEF78FBF079B9B8943F040037B
:10FBF000BBE65B46FEF77DBF002304930E930C9398
:10FC0000089303230A9304230293FEF702B900BF6B
:10FC100050340020543400204C340020844500200F
:10FC2000000000002DE9F04F2DED028BD1B0904681
:10FC300004911C468246099302F090FB03681193DD
:10FC40001846FDF797F908221090002120A8FCF72C
:10FC5000D1FBBAF1000F04D0DAF83430002B01F0F8
:10FC6000AF81049B5A6EB3F90C30D70740F14C8535
:10FC70009E0400F1C886049943F4005322F4005214
:10FC80008B814A66950401F1F387049BB3F90C302C
:10FC90001A0740F11185049A1269002A00F00C85B8
:10FCA00003F01A020A2A00F0168500239FED8D8BBF
:10FCB000CDE92533CDE9143327AA0D9324921746B5
:10FCC00012931393069345462C46884BD3F8CC6188
:10FCD000FCF7C6FE20AA034600921AA92246504607
:10FCE000B047002800F0FD83C0F2F2831A9A252A5B
:10FCF000034601D01C44E8E7B4EB0508064640F093
:10FD0000F48300234FF0FF328DF85F309B4607935A
:10FD100001342378059201349946A9F120035A2B26
:10FD20005CD8DFE813F0E2025B005B00DE025B0000
:10FD30005B005B00C1025B005B00230232025B00E0
:10FD40002E02A4025B00A002D000D000D000D000A0
:10FD5000D000D000D000D000D0005B005B005B0082
:10FD60005B005B005B005B00E5005B002C014E0369
:10FD7000E500E500E5005B005B005B005B009C02CA
:10FD80005B005B0043025B005B005B00EE015B001D
:10FD9000A3035B005B00E8075B005B005B005B00AC
:10FDA0005B005B005B005B00E5005B002C01170162
:10FDB000E500E500E5004403170113015B003A0389
:10FDC0005B000003EC020F0313015B00EE01110165
:10FDD0006E035B005B004B085B001101B9F1000F83
:10FDE00000F095830023CDE90B3301228DF8DC90E0
:10FDF0008DF85F3008930A9205930E9337AD029207
:10FE0000269A1BF08403904600F0DA809DF85F107C
:10FE100009B3DDF894C000260CF101010120013284
:10FE2000786007290DF15F00CDE92512386000F3F5
:10FE3000758408377EB1DDF894C00CF1010118A873
:10FE40000232386007294FF00200CDE925127860B0
:10FE500000F372840837802B00F06383059B0A99B6
:10FE60005E1A002E00F3BD801BF4807F40F0F68008
:10FE70000A9B7B601A44259B3D600133072B269229
:10FE8000259300F3C58308371BF0040F05D0079BAB
:10FE900002995D1A002D00F35D84DDE906310298B8
:10FEA0008142ACBF5B181B180693002A40F0758393
:10FEB00000232593089B1BB108995046FDF76AF96A
:10FEC00027AF254600E7A9F13003002214F8019B73
:10FED00002EB820203EB4202A9F13003092BF5D9B0
:10FEE00007921AE70000000000000000684C0020A4
:10FEF000099B073323F00703B3EC028B9FEDA57B2F
:10FF0000B0EEC86BB4EE476BF1EE10FA099340F314
:10FF1000E585B5EEC08BF1EE10FA2BF0800B01F108
:10FF2000BA839DF85F30B9F1470FCCBF9B4D9C4D14
:10FF3000002B41F030860322CDE90B3308930A925F
:10FF400005930E9302925BE72378E4E623784BF067
:10FF5000200BE0E61BF0200F40F01586099A1BF0FD
:10FF6000100F52F8046B41F015871BF0400F0992F7
:10FF700001F0E48046F3C038434636B231E2B9F1CD
:10FF8000430F00F051871BF0100F40F04D87099B85
:10FF90001B688DF8DC30012302930A9337AD099B6F
:10FFA000269A043309930023CDE90B338DF85F3093
:10FFB000089305930E931BF0840390467FF426AFBD
:10FFC0000799029E8E1B002E00F3A5849DF85F10FA
:10FFD00000297FF41EAF059B0A995E1A002E7FF759
:10FFE00043AF7049259B0F91102E27DD39464FF006
:10FFF000100837462E462546049C04E0103F102F7B
:02000004600298
:1000000001F1080116DD013366481032072BC1E902
:100010000008CDE92532F1DD24AA2146504601F041
:1000200005FF002840F0C182103F102FDDE9253286
:1000300027A9E8DC2C4635463E460F4601330F998A
:1000400039603244072BCDE925327E6000F3CF843E
:100050001BF4807F07F108073FF40AAFB9F1650F81
:1000600040F3E082B5EE408BF1EE10FA40F0BE8333
:10007000259B4D493960013301320121072B26921E
:100080002593796000F3A1870837199B0D998B425E
:1000900080F2BE84109B11991A44C7E90013259B76
:1000A00026920133072B259300F3A18608370D9B79
:1000B0005D1E002D7FF7E8AE3A49259B0F91102D6C
:1000C00040F3EE87A146DDF8108010260C4604E0D0
:1000D0000837103D102D40F3E28701331032072B13
:1000E000C7E90046CDE92532F2DD24AA4146504653
:1000F00001F09CFE002840F05882DDE9253227AF50
:10010000E7E7DDF8248058F8045B00238DF85F30C2
:10011000002D00F07886B9F1530F00F062871BF0D4
:1001200010030B9340F05D87059B002BC1F23F81CC
:100130001A460B992846FCF7BDFE9DF85F300890E3
:10014000002801F0F184089A521B0A9222EAE27216
:1001500002920BB1013202920B9BCDF824800593E1
:100160000E930C9308934FF0730949E6099B53F8DB
:10017000042B0792002A80F25184079A0993524275
:10018000079223784BF0040BC5E52B238DF85F30E5
:100190002378C0E5FFFFFFFFFFFFEF7F483400201B
:1001A0004434002094450020B82000201BF0200F8C
:1001B0004BF0100000F08384099B073323F0070302
:1001C0001A46596852F8083B099200228DF85F20C0
:1001D000059A002A18DB53EA010220F4906B15D12E
:1001E000059A9AB910F001031A46029300F0DF86CF
:1001F00030238DF83F31059B0A92CDE90B330E93E6
:1002000008930DF23F15FBE520F4806B50AD03F031
:100210000702DB0843EA4173C908303253EA01069A
:10022000284605F8012DF2D11BF0010F00F04181A5
:10023000302A00F03E813023059905F8013C023850
:1002400050AB1B1A99424FF00002B8BF1946CDE9D6
:100250000B2208920A93054602910E92D0E523786C
:100260004BF0080B57E523784BF0800B53E5214604
:1002700011F8019BB9F12A0F01F05D85A9F1300356
:10028000092B98BF002201F24E8311F8019B02EB6B
:10029000820203EB4202A9F13003092BF5D942EAAD
:1002A000E27305930C4638E5504602F057F8436870
:1002B00013931846FCF75EFE15900646504602F072
:1002C0004DF8826823781492002E3FF424AD002A62
:1002D0003FF421AD1278002A3FF41DAD4BF4806B42
:1002E00019E523784BF0010B15E59DF85F20237885
:1002F000002A7FF410AD20228DF85F200BE51BF063
:10030000200F40F0F584099A1BF0100F52F8043BBF
:1003100041F03D851BF0400F00F01B879BB2099216
:100320005846002151E7099A1BF0200F02F10403FF
:1003300000F0B483126806991160C91751600993DF
:100340002546C1E4099A059E52F8041B002047F691
:1003500030038642ADF860308DF85F000B46C0F286
:100360002F852BF0800545F0020B002940F02A85EF
:10037000002E00F0448730238DF83F3101230C918B
:10038000099202960DF23F154FF078090B918E46B7
:100390000E9108910A9300F0F9BC23786C2B03BFEF
:1003A00063784BF0200B01344BF0100BB3E423784F
:1003B000682B03BF63784BF4007B01344BF0400B98
:1003C000A9E41BF0200F4BF0100300F0FF83099A03
:1003D000073222F007029B46536852F8086B0992D5
:1003E0009846002BC0F2FE83059A002A1FDB56EACE
:1003F00008032BF0800B1AD1002A00F0B3863026B8
:100400001BE01BF0200F00F0C0835946099B073307
:1004100023F0070200238DF85F30059BD2F804809B
:1004200052F8086B0992002B80F2FC828B460A2E50
:1004300078F1000380F0E7833036059A9DF85F304D
:100440008DF83F61012AB8BF0122029201220A926F
:100450000DF23F15002B01F05A84029B01330293E9
:100460000023CDE90B3308930E93C9E41BF0200F52
:100470004BF01001CAD1099B1A1D099B05981B68F6
:100480004FF0000840458DF85F801E46C1F2FF80A6
:1004900021F0800B002B40F0E9840992002840F005
:1004A0009383CDE90B000A900E900290089050AD16
:1004B000A6E4059950AA521B91424FF00003B8BF21
:1004C0001146CDE90B3308930A9202910E9397E4FB
:1004D0000822002120A8FBF78DFF01231C44FFF711
:1004E000F4BBB4EB0508064611D02599269B0131D3
:1004F00043440729C7E900582693259100F3D38088
:100500000837069B43440693002E7FF4FAAB269BE4
:10051000002B40F09E86049B0022B3F90C302592FC
:100520004CE0079B02995E1A002E7FF797ACAD490D
:10053000259B0F91102E24DD38464FF010082F46D2
:1005400019462546A74C04E0103E102E00F1080085
:1005500013DD013110320729C0E90048CDE9251229
:10056000F2DD049924AA504601F060FCE8B9103E7F
:10057000102EDDE9251227A8EBDC2C460B463D4664
:10058000074601330F9939603244072BCDE92532F4
:100590007E6000F32084083760E4049924AA504662
:1005A00001F044FC00283FF483AC089B1BB1089980
:1005B0005046FCF7EFFD049BB3F90C30049A526EE1
:1005C000D00702D49A0540F1D3845B0601F14B8336
:1005D000069851B0BDEC028BBDE8F08F109B1199CD
:1005E0001A44C7E90013259B26920133072B259354
:1005F00000F3F08607F108010028C1F2C0810D98D0
:100600000D6001330244072BCDE92532486046DDF9
:10061000049924AA504601F009FC0028C5D1269A65
:1006200027AF31E40D98259B012802F1010203F167
:10063000010307F1080140F356810120072BCDE9A2
:1006400025323D60786000F342841098119E01339A
:100650000244072BC1E90060CDE9253200F32A846A
:1006600008310D98B5EE408BF1EE10FA00F1FF362F
:1006700000F09681013301353244072BCDE9253254
:100680000D604E6000F33B810831129848600133E1
:100690000244072B1CA8CDE925320860B8DC01F123
:1006A0000807FFF7F1BB049924AA504601F0BEFBEE
:1006B000002880D127AF24E7049D5046294601F049
:1006C000CFFD002841F0C882B5F90C3003F01A02C2
:1006D0000A2A7FF4EAAA0499B1F90E20002AFFF64B
:1006E000E4AA4A6ED60702D49D0540F1818604999A
:1006F00023464246504601F059FB0690069851B0F9
:10070000BDEC028BBDE8F08F98055FD599047FF5AD
:10071000B2AA97047FF5BCAA01F0ACBA04990F9372
:1007200024AA504601F082FB00287FF43EAF269AAF
:100730000F9B27AFFFF77EBB04990F9324AA504667
:1007400001F074FB00287FF430AF269A0F9B27AF8F
:10075000FFF781BB102D259B41F30D81A046DDF8ED
:100760001090214C102604E0103D102D07F10807D1
:1007700015DD01331032072BC7E90046CDE92532DC
:10078000F2DD24AA4946504601F050FB00287FF4D0
:100790000CAF103D102DDDE9253227AFE9DC2146F5
:1007A0004446884601332A44072BC7E90085CDE932
:1007B00025327FF772AB049924AA504601F036FB2C
:1007C00000287FF4F2AE269AFFF767BB049DA86D60
:1007D000FCF7E2F9B5F90C306A6E9E043FF552AAB7
:1007E000FFF749BA94450020E03F002019980028FF
:1007F00040F32F810B9B0D998B42A8BF0B46002B1A
:1008000098460ADD1A44C7E90053259B2692013316
:10081000072B259300F3D48708370B9EB8F1000F00
:10082000A8BFA6EB0806002E00F35A840B9B1BF40E
:10083000806F03EB050940F03D86199B0D998B42B3
:1008400003DB1BF0010F00F0E784109911980A44B4
:10085000C7E900012599269201310729259101F365
:10086000148008370D996E18A6EB0906CD1AAE4212
:10087000A8BF2E46002E0BDD259BC7F80090013344
:100880003244072B7E602692259301F35680083769
:10089000002EA8BFAD1B002D7FF7F6AA8C49259B23
:1008A0000F91102D40F3FC83A146DDF81080102637
:1008B0000C4604E00837103D102D40F3F08301335F
:1008C0001032072BC7E90046CDE92532F2DD24AA14
:1008D0004146504601F0AAFA00287FF466AEDDE9F1
:1008E000253227AFE7E71BF0010F7FF4A6AE01200A
:1008F000072BCDE925323D6078607FF7C6AE0499BD
:1009000024AA504601F092FA00287FF44EAEDDE9A9
:10091000253227A9B9E62599102E404640F3FF87D6
:100920000F943A46A846049C6A4D1F4604E0103EC8
:10093000102E02F1080216DD0131103010230729B4
:10094000CDE9251015605360F1DD24AA21465046FB
:1009500001F06CFA00287FF428AE103E102EDDE97D
:10096000251027AAE8DC3B460F9C17462A46454639
:10097000904601F1010C3218BCF1070FCDE925C2F8
:10098000C7F800807E6000F3FB829DF85F10083797
:1009900000295AD1002B3FF461AA0B46FFF74DBA4C
:1009A0000D9801287FF771AE112849480F9040F348
:1009B0008C83A046049F1025044604E00831103EB5
:1009C000102E40F3818301331032072BC1E900451B
:1009D000CDE92532F2DD24AA3946504601F026FA47
:1009E00000287FF4E2ADDDE9253227A9E7E7049985
:1009F00024AA504601F01AFA00287FF4D6AD269AB0
:100A000027AFFFF731BA95047FF542A901F02BB962
:100A10001BF0010F3FF438AAFFF73CBB0993237882
:100A2000FFF779B956EA080321F0800B7FF4FFAC99
:100A3000059B002B40F0C880CDE90B330A930E9341
:100A40000293089350ADFFF7DBB91E460023FFF772
:100A5000E3B9259B20493960013301320121072B7D
:100A600026922593796000F36086083700287FF48A
:100A7000B5AD0D990BF001030B433FF405AA109B94
:100A800011991A44C7E90013259B26920133072BBD
:100A9000259300F39F8407F10801B0E51BF0100FC8
:100AA00040F00A831BF0400F40F0C5831BF4007F29
:100AB00000F00283099A0699126811703FE4099BBD
:100AC0001A1D099B09921B680021FFF77EBB00BF1E
:100AD00094450020E03F0020B8200020B4EE488B71
:100AE000F1EE10FA80F1FA87B9F1610F00F0A886F3
:100AF000B9F1410F00F0B783059B013300F0CB87BC
:100B0000B9F1670F18EE903A4BF4807800F07A87CD
:100B1000B9F1470F00F076870023089318EE903A5A
:100B2000002BC0F26A87B0EE487B0026A9F1410392
:100B3000252B00F21E83DFE813F08A071C031C0339
:100B40001C036004B1041C031C031C031C031C03D2
:100B50001C031C031C031C031C031C031C031C039D
:100B60001C031C031C031C031C031C031C031C038D
:100B70001C031C031C031C031C038A071C031C030B
:100B80001C036004B1045B4621E4099A1BF01000C9
:100B900052F8043B41F0DA801BF0400100F05B8129
:100BA0008DF85F009BB205994FF0000841451E4645
:100BB000C0F25C812BF0800B002B40F05781059B2D
:100BC0000992002B3FF438AF002635E4099A04322D
:100BD000099909920E684FEAE6789B464346002B36
:100BE000BFF602AC2D238DF85F30059B764268EB93
:100BF0004808002BFFF61BAC0A2E78F100032BF0FF
:100C0000800BFFF419AC0294CDF8289050A9DDF8C0
:100C1000509008974FF0000C0BF4806426E016EB20
:100C20000803B94843F10003A0FB032020F00302AE
:100C300002EB90029B1AF31AB3484FF0CC32B6463F
:100C4000474602FB03F268F1000800FB0822A3FB01
:100C50000063BEF10A0F13444FEA560677F100070E
:100C6000294646EAC3764FEA53082DD3A64D16EB24
:100C7000080343F10003A5FB032020F0030202EB6D
:100C800090029B1AF31AA3FB053268F1000005FBE2
:100C900000225B0843EAC27303EB8303A6EB430322
:100CA00030330CF1010C01F8013C4D1E002CB6D084
:100CB00099F800306345B2D1BCF1FF0FAFD00A2ED6
:100CC00078F1000380F09A840599029CCDF8509049
:100CD00050AB5A1B9142B8BF1146DDF82890089FCF
:100CE0009DF85F30CDF834C00A920291FFF7B2BB95
:100CF0005846FFF761BA854E1BF0200F00F0CD80FB
:100D0000099B073323F007031A46586852F8083B3B
:100D100009921BF0010140F0AC80059A8DF85F103C
:100D2000002AC0F2EA8053EA00022BF4906B00F034
:100D3000FC8003F00F02B25C8DF83F211B0943EAEF
:100D40000073020953EA10100DF23F150BD003F0A7
:100D50000F001B09305C05F8010D43EA027312090C
:100D600053EA0200F3D1059A50AB4FF0000E5B1B23
:100D70009A42CDE90BEEB8BF1A460A930292CDF81B
:100D800020E0CDF838E000293FF43AA8029BDDE9E5
:100D900025C2023302931BF084039046614604D1BE
:100DA000079E0298361A002E06DCBEF1000F3FF4B3
:100DB00044A80226FFF730B80223ADE5544E9BE766
:100DC0004BF0020B0992524E03F00F020221B25C6B
:100DD0004FF07809B0E7049924AA504601F026F8AC
:100DE00000287FF4E2AB269A27AFFFF737B80499C3
:100DF00024AA504601F01AF800287FF4D6AB269AB0
:100E000027AFFFF754B9059B0895062B28BF06238B
:100E100002930A932B460595CDE90B333D4DCDF852
:100E200024800E93FEF7ECBF0822002122A8FBF7D6
:100E3000E1FA099A37AD126822AB2946504602F012
:100E40009FFA0A90013000F086800A9B23EAE37340
:100E50000293FFF7A4B81BF4007840F0F6810599DF
:100E60008DF85F8000291E46BFF6A4AE0992FFF7F9
:100E7000DEBA53EA00024FD030228DF86020002203
:100E80008DF85F20059A8DF86190002A32DB2BF4F3
:100E9000906242F0020B02214BE7099A1BF0100FFF
:100EA00052F8043B099223D11BF0400F1CD09BB297
:100EB00000202EE7049924AA504600F0B7FF00282E
:100EC0007FF473ABDDE9253227A9FFF7CABB04998C
:100ED00024AA504600F0AAFF00287FF466ABDDE9A3
:100EE000253227A9FFF7B1BB1BF4007F40F0A0819A
:100EF00000200EE74BF0020B022103F00F022BF44F
:100F0000806BB25C18E700BFCDCCCCCC683400203D
:100F1000543400207C340020059B00218B428DF846
:100F20005F10C0F2E9832BF4906B059A002A00F061
:100F3000C980012A33788DF83F31B8BF01220023E0
:100F400002920122CDE90B3308930A920E930DF21F
:100F50003F15FEF755BF0498B0F90C30426E43F0D0
:100F600040018181D00700F17E86990500F17B86E2
:100F7000049CA06DFBF712FEB4F90C30FFF725BB03
:100F800004990F9324AA504600F050FF00287FF4E4
:100F90000CAB9DF85F10269A0F9B002900F0C680CD
:100FA0001E46DDF894C0034627AFFEF735BF059B0C
:100FB0000A93CDE90B330E93089350ADFEF720BF93
:100FC0005046FAF7FFFFFEF74CBE049924AA50469C
:100FD00000F02CFF00287FF4E8AA269A27AFFFF73D
:100FE00054B80822002122A81B95FBF703FA059BA1
:100FF000002BC0F2738300260294CDF82080344683
:1010000098460EE037A9504602F0BAF9431C204436
:1010100000F04985404509DC06F1040600F0B4857E
:1010200004461B9A925922AB002AEBD10A94DDF8B0
:101030002080029C0A9B002B00F06783632B40F307
:10104000BE84591C5046FAF7CBF80546002800F03C
:10105000888608900822002122A8FBF7CBF90A9E77
:1010600022AB00931BAA33462946504602F0B0F942
:10107000864240F087860A9A0023AB5422EAE27245
:1010800002929DF85F20059312B1029A01320292FA
:10109000CDE90B33CDF824800E93FEF7B1BE4C465C
:1010A00001330F9939602A44072B7D60CDE9253241
:1010B0007EF7E9AEFFF7ACBA099A0699126811609B
:1010C000FFF73DB9059BB7E4444601330F9808602C
:1010D0003244072BCDE925324E607FF7D5AA0EE4C6
:1010E000102E259B40F31086B848DDF810800F9035
:1010F00039464FF01009074604E00831103E102E23
:1011000040F3DE8201331032072BC1E90079CDE9CB
:101110002532F2DD24AA4146504600F087FE002821
:101120007FF443AADDE9253227A9E7E7002B7CD02D
:10113000DDF894C00B4627AFFEF77FBE1BF4007F9F
:1011400016BF46F3C0184FEAE67876B24346FFF77B
:1011500048B91BF4007174D0DBB2099258460021E3
:10116000FFF733B89DF85F3002920A9250ADFFF757
:1011700071B922AB01931BAB0093B0EE470B059AFC
:1011800019AB022150468DED027B01F0E3F99DED94
:10119000027B05461BF0010F40F0CA83229B5A1BBD
:1011A000199B0D92D91C0B93C0F27C83059999422F
:1011B000C0F220839A4200F3D3830B9B0A931BF463
:1011C000806F03D00B9B002B00F3EB840A9B23EA78
:1011D000E373C34602934FF0670900230E930C9309
:1011E0000BF00201002E00F05D814FF02D0E8DF806
:1011F0005FE0029B0133029300230593C3E5059B47
:101200000992CDE90B330E930A93029350AD4FF040
:1012100078099E460893B9E56E18A6EB0906CD1A23
:10122000AE42A8BF2E46FFF733BB27AFFEF716BE70
:10123000DBB200206DE5099A069912681180FFF76C
:101240007EB809925846FEF7C0BF8DF85F10DBB23A
:10125000A9E4049924AA504600F0E8FD00283FF4D0
:101260005AA9FFF7A8B945F63003ADF86030059BE1
:10127000632B4BF0020B00F3008418EE903A002B26
:10128000C0F2DF83B0EE480B19A801F06BF8B4EEA2
:10129000007B20EE077BB5EE407BF1EE10FA01D12A
:1012A0000123199300264A48089637AD0599B3EEF5
:1012B000004B2B4606E0B5EE407BF1EE10FA00F055
:1012C0004384114627EE047BFDEEC76B4A1E16EEE3
:1012D00090CA10F80CE0B8EEE65B9C4637EE457B12
:1012E00003F801EB0029E6D1B6EE005BB4EEC57B56
:1012F000F1EE10FA08DCB4EE457BF1EE10FA1ED1E7
:1013000016EE902AD2071AD5CDF888C013F8011C22
:1013100090F80FC08C451A460AD14FF0300E02F8F3
:1013200001EC229A511E229112F8011C6145F6D05F
:10133000392916BF0131817AC9B202F8011C199A04
:101340005B1B0D93B9F1610F02F1FF33199300F0AC
:10135000A48450214FF04109002B8DF87010C0F289
:1013600092842B22092B8DF8712000F3AB820DF1B2
:101370007202303302F8013B1CABD31A12930D9B5F
:10138000129A012B1A440A9240F397830A9B109AEF
:1013900013440A930A9A2BF4806343F4807B22EA75
:1013A000E2720023CDE90B330E93029218E7284630
:1013B000FBF7E0FD9DF85F300A9020EAE0720292B0
:1013C000002B3EF4C9AEFEF7C5BE00BF9445002019
:1013D00068340020049924AA504600F027FD002814
:1013E0007FF4E3A8DDE92532199827A9FFF704B9AE
:1013F000886DFBF7D3FBFFF77AB9059B01330D939B
:10140000022122AB01931BAB0093B0EE470B19AB4B
:101410000D9A50468DED027B01F09CF80D9B29F052
:10142000200CBCF1460F9DED027B054600EB03014D
:1014300000F09681B5EE407BF1EE10FA00F0688383
:10144000229B8B4238BF4FF0450C80F05F833020E9
:101450005A1C22921870229B8B42F9D35B1B0D936E
:10146000BCF1470F199B0B9300F0BD81BCF1460FF7
:1014700000F08C810B9B8DF87090013B002B199331
:10148000C0F217822B22092B8DF8712000F31A82EB
:1014900030228DF872200DF173026AE7059B0D93DF
:1014A0000321AEE79DF85FE0BEF1000F7FF4A1AE2F
:1014B000059668E40D9BDDF83880CDF83CB0EB185C
:1014C00005930C9BDDF810B00B94002B4E4639466B
:1014D000DDF85090159F0E952EDDB8F1000F7ADDE6
:1014E00008F1FF382598139B01303A440728C1E9D9
:1014F00000372692259063DC0831059B99F800009F
:101500009D1B8542A8BF0546002D0BDD25980130A7
:101510002A440728C1E900652692259061DC99F8E4
:1015200000000831002DACBF441B0446002C15DC24
:1015300006440C9B002BD0DCB8F1000FD0DCDDE9B9
:101540000D35EB189E42CDF850900B9CDDF83CB069
:10155000B1460F4628BF9946FFF76FB9102C259862
:10156000B44B1FDD10250A9304E0103C102C01F150
:10157000080116DD0130AF4B10320728C1E90035F4
:10158000CDE92502F1DD24AA5946504600F04EFC73
:1015900000287FF40AA8103C102CDDE9250227A9B9
:1015A000E8DC0A9B0B60013022440728CDE92502C4
:1015B0004C6000F3C78099F8000008310644B8E792
:1015C00024AA5946504600F031FC00287EF4EDAFC5
:1015D000269A27A991E70C9B013B09F1FF390C934F
:1015E00080E724AA5946504600F020FC00287EF4EB
:1015F000DCAF99F80000269A27A993E7159A13996A
:10160000AD1A2846FAF7DEFF99F801300BB109F15F
:101610000109894A16EB080343F10003A2FB030703
:1016200027F0030000EB97001B1AF31A4FF0CC31A0
:1016300068F1000803FB01F102FB0811A3FB023073
:1016400001445B0843EAC1764FEA510816EB0803F0
:1016500043F10003A2FB031020F0030101EB900112
:101660005B1AF31AA3FB023168F100005B0802FB6E
:10167000001243EAC27303EB8303A6EB4303303348
:1016800005F8013C4FF0010C013DFFF711BB099239
:101690008B46FEF7CCBE2D238DF85F30B9F1470F96
:1016A0004FF000030893059340F356810322634DE6
:1016B0000A92CDE90B330E9304230293FEF7A0BBED
:1016C0000F4601330F9939603244072BCDE925329B
:1016D0007E6000F386810837FFF7A8B822AB00933D
:1016E00000231BAA1946504601F072FE0A900130F1
:1016F00000F0D9811B959DE433788DF83F312BF4B0
:10170000806B0DF23F15FFF72EBB9DF85F30CDF8D3
:101710002480003B18BF012302930A9B0593CDE967
:101720000B330E930893FEF76BBB049924AA504623
:1017300000F07CFB00287EF438AF1998269A27AF7A
:10174000FFF794B924AA5946504600F06FFB0028D1
:101750007EF42BAF99F80000269A27A90644E8E604
:101760002B78302B00F0D781199B1944B5EE407BC4
:10177000F1EE10FA30D0229B8B42FFF468AE5B1B77
:101780000D93BCF1470F199B0B932CD00B99059A25
:101790000BF00103002943EA020340F39F82002B70
:1017A00040F02C820B9B0A934FF066091BF4806F6C
:1017B00040F0F9810A9B23EAE373C34602930CE5E8
:1017C000049924AA504600F031FB00287EF4EDAEC7
:1017D000269A27AFFFF721B8199B0B934B1BBCF13F
:1017E000470F0D93D2D10B9B03335BDB059B0B9A09
:1017F000934210DA0B9B013BA9F10209002B8DF8F3
:1018000070901993BFF63EAE0B9B2D22C3F10103DE
:101810008DF871203CE60D9B0B9A934200F3A0805B
:101820001BF0010F0B9B00F0F181109A13440A93F7
:10183000C5E400BF94450020CDCCCCCC483400207A
:1018400047F63003ADF86030059B632B4BF0020B7D
:1018500000F3138118EE903A002BC0F2F280B0EE44
:10186000480B19A800F07EFDB4EE007B20EE077B4C
:10187000B5EE407BF1EE10FA40F0DD810123002649
:10188000199337AD0896B94810E5049924AA504633
:1018900000F0CCFA00287EF488AE199B269A27AF78
:1018A000FEF7E0BF0B9BA9F10209013B8DF8709098
:1018B00019930B9A2D238DF87130C2F10103083270
:1018C000BFF6E6AD0DF17F0CDFF8B4E262461046DC
:1018D000AEFB0312D20802EB8201A3EB41013031CF
:1018E000632B00F8011C134600F1FF32EFDC3033AC
:1018F00002F8013C831E634580F00F820DF17102F6
:1019000013F8011B02F8011F6345F9D103F5A07319
:101910006B44CC3B1B1A1CAA9B1A12932FE5DFF8D1
:101920006482FFF726B800230C460593FEF7F5B94D
:10193000059B4FF0470CE91818E7049924AA504674
:1019400000F074FA00287EF430AE199D0D9B269AA3
:101950005D1B27AFFEF79CBF0322854D0A92A8E6C8
:101960000D9B109A9A180B9B0A92002B40F3AA80A9
:101970004FF067091AE7DFF80C82FEF713BF464203
:1019800010307C480F901FDA1027804603E00831A2
:10199000103E102E18DD01331032072BC1E90087ED
:1019A000CDE92532F3DD049924AA504600F03EFA31
:1019B00000287EF4FAADDDE9253227A9E8E7002307
:1019C000089337ADFFF746BB01330F9808603244E8
:1019D000072BCDE925324E6000F320810831FEF758
:1019E0000EBE049924AA504600F020FA00287EF486
:1019F000DCAD269A27AFFEF719BF2D26B1EE487B46
:101A0000FFF794B8059A002A00F04A81002BC0F233
:101A10006181B0EE487B002622AB01931BAB0093A3
:101A2000B0EE470B19AB059A022150468DED027BB3
:101A300000F090FD00239DED027B05460893FFF723
:101A4000A9BB0023089337AD2D26B1EE487BB0EE3D
:101A5000470B19A800F086FCB4EE007B20EE077B54
:101A6000B5EE407BF1EE10FA04BF01231993B9F1F2
:101A7000610F3FF408AF404818E4059B5046591CDD
:101A8000F9F7AEFB054600283FF465AA08904BF431
:101A90008078FFF743B800230893062305934BF49F
:101AA0008078FFF73BB8049B9B890022089243F0A3
:101AB0004003049A9381FEF778BD1BF0010F3FF4B9
:101AC00069AC63E4C3F101031A4422EAE273C3463A
:101AD0000A9202934FF06709FFF77FBB18EE903A26
:101AE00013F000432BF0800B0B9300F0E1802D23CB
:101AF0008DF85F30B9F1470F4FF00003089305935D
:101B000040F30F8103221D4D0A92D2E55B1B0D931A
:101B1000199B0B93AEE4B5EE407BF1EE10FA78D151
:101B2000199B0B93194459E6CDF82480002B00F043
:101B30008880059B0A935A1C029205900E900C9087
:101B40004FF07309FEF75CB9002A0591FFF6F7AB79
:101B50000599302001EB030C194601F8010B614592
:101B6000FBD11A44531CFFF7EABB00BF54340020DA
:101B70004434002094450020683400205034002074
:101B8000CDCCCCCCE03F0020059B029CDDF8208032
:101B90000A93FFF74FBA0023032208930A92059392
:101BA00087E54FF0670914990B78FF2B00F0D1807F
:101BB00000200B9A0E90844603E001300131FF2B88
:101BC00009D0934207DAD21A4B78002BF5D10B7863
:101BD0000CF1010CF3E7CDE90B201491CDF838C0DE
:101BE0000C9A0E9B159913440A9A01FB03230A933E
:101BF00023EAE373C3460293FFF7F2BA109B02EBAA
:101C000001094B440A934FF06609CFE50A93FFF7A9
:101C1000D6BA0D9BC3F101031993A6E5049924AA32
:101C2000504600F003F900287EF4BFACDDE9253210
:101C300027A9FEF7E4BC00265848089637ADFFF701
:101C400035BB059B0A930293089B0E930C93059357
:101C50004FF07309FEF7D4B8049A536EDB0702D431
:101C600093899F0579D54FF0FF330693FEF7B0BCFB
:101C7000D007F8D4049B9B899905F4D4049B986DF4
:101C8000FAF78CFFEFE72D238DF87130C2F10103D5
:101C90000832FFF617AEFFF76ABB7021FFF75CBB97
:101CA000934242DBB0EE487B0123059E0593B3E6E9
:101CB0009DF85F30B9F1470FCCBF394D394D002B3E
:101CC00055D1032205930A920E930C930893029226
:101CD000FEF796B82D26B1EE487B9DE6C34633B994
:101CE000012302934FF066090A93FFF776BA109B1F
:101CF00003F10109059B4B440A9323EAE373029322
:101D00004FF06609FFF769BA27490F91D9E4CDE989
:101D10000B3308930E93FEF773B802231293FFF769
:101D20002EBB03221F4D0A92C3E401232D260593E7
:101D3000B1EE487B70E6099A63780C4652F8041BB2
:101D4000099241EAE1710591FDF7E5BF5946FEF7B9
:101D500094BB00230E930C9342E7906DFAF71EFF9D
:101D600081E7049B08909B8943F04003A1E6002390
:101D700005930E930C93089303230A930423029371
:101D8000FEF73EB8049B9B8943F0400391E658461A
:101D9000FEF797BE5B46FEF71BBF00BF5434002022
:101DA000503400204C34002094450020F0B50D46FE
:101DB000ADF2744D164689896A6E1B92EA89ADF8B8
:101DC000162021F00201EA69ADF8141009921CA94D
:101DD0006A6A0291074606910B924FF480610022D5
:101DE00018A80193049107910892FAF7D1FE3246A0
:101DF000019B02A93846FDF715FF061E07DB02A965
:101E00003846F9F7BBFF002818BF4FF0FF36BDF882
:101E100014305B0603D5AB8943F04003AB811898BF
:101E2000FAF7B8FE30460DF2744DF0BD936810B568
:101E300014461BB918460023636010BD00F094F8E7
:101E40000023A3600023636010BD00BF2DE9F041B3
:101E50001546926802B32C6807468846083401E0AC
:101E60000834C9B16B68581E002B1146686013DD39
:101E700054F8046C002EF3D0334654F8082C414635
:101E8000384602F02BFC431C07D0AA68921B11466F
:101E9000AA6008340029E5D100200023C5E90133F8
:101EA000BDE8F08170B5002941D006460C4610B15E
:101EB000436B002B3ED0FAF7A3F8636EB4F90C2005
:101EC000DD0730D4900538D521463046F9F7BCFE01
:101ED000E36A054633B1E169304698470028B8BF48
:101EE0004FF0FF35A3891A0639D4216B41B104F1B3
:101EF0004003994202D03046FBF74CF9002323639C
:101F0000616C21B13046FBF745F900236364636ED1
:101F10000022DB07A2811ED5A06DFAF73BFEFAF77F
:101F200075F8284670BD002ACED1FAF76FF8002563
:101F3000284670BDFAF746F8BDE7A06DFAF72CFE0B
:101F4000B4F90C30002BBFD1636ED907EDD4A06D6E
:101F5000FAF724FEE9E7A06DFAF720FEDCE7216935
:101F60003046FBF717F9C0E79368002B00F0B78005
:101F70002DE9F04FB1F90CC01CF0080F83B00C46EE
:101F8000804617462DD00B695BB31CF002033E68F8
:101F900033D04FF0000ADFF8C4B25546B9465D456C
:101FA0002B46524628BF5B464046B5B1E169676A99
:101FB000B847002840F38B80D9F808301B1A8244B8
:101FC000C9F80830002B79D02D1A5D452B465246B2
:101FD00028BF5B464046002DE8D1D6E900A508366B
:101FE000DDE72146404600F03BF9002874D1B4F902
:101FF0000CC03E681CF00203CBD11CF0010A70D16A
:10200000236800975546002D54D01CF4007FD4F867
:102010000890184600F0AB80A945CB4600F2E4805A
:102020001CF4906F34D021696269A3EB010902EBC3
:10203000420202EBD27209F1010352102B44934287
:1020400094BF93469B46934288BF1A461CF4806F08
:1020500000F0E98011464046F9F7C2F8002800F088
:10206000F7804A4621690190F5F784FAA289019B1D
:1020700022F4906242F08002A28103EB0900236106
:10208000ABEB0903C4F814B0A3602060A946AB46CB
:1020900051465A46FAF71CF9A2682368A2EB0902D6
:1020A000A260009A91685B44491B2360916029B14A
:1020B000B4F90CC0D6E900A50836A4E7002003B0A7
:1020C000BDE8F08F21464046F9F758FE68B3B4F9F1
:1020D0000C3043F04003A3814FF0FF30EFE70020C6
:1020E00070471D469A461846B946009365B30028C6
:1020F00031D05246D4E904132068AA4228BF2A46A8
:10210000884204D9A16803EB010B5A457CDC934259
:102110006DDCE169009A676A4046B847B0F1000B90
:10212000D5DDBAEB0B0ACDD00120D9F80830A3EBEE
:102130000B03C9F80830002BC0D0009BA5EB0B05A2
:102140005B440093002DD2D1756833460836002DCC
:10215000FAD01B680093009F2A460A213846FAF7F6
:10216000A9FE002871D00130A0EB070AC1E722695F
:102170009A4221D36269AA421ED86FF00043AB4253
:1021800028BF2B46E16993FBF2F3676A02FB03F376
:1021900040465246B847B0F1000998DD009A93686E
:1021A000A3EB0903A5EB09059360002B86D0B4F9D6
:1021B0000CC02368CA4426E7A94528BFA94618468B
:1021C0004A465146FAF784F8A2682368A2EB09024E
:1021D0004B44A2602360002AE0D121464046F9F733
:1021E000CDFD0028DAD072E7A946AB4650E700994A
:1021F0000192FAF76DF8019AA3689B1AA36023680D
:102200001344236093468CE700995A46FAF760F826
:1022100023685B44236021464046F9F7AFFD002860
:102220003FF47FAF53E74046F9F7C6FA034600286C
:102230007FF423AF21694046FAF7ACFFA3890C2253
:10224000C8F8002023F0800343E76A1C924651E758
:102250000C22B4F90C30C8F800203AE700FCFF7FEC
:1022600010B5354B0446186882B00B4610B1426B6E
:10227000002A53D0B3F90C20110711D51869C8B141
:10228000B3F90C2012F0010126D059694FF0000C6F
:102290004942C3F808C0996120B3002002B010BDC4
:1022A000D00640D5510723D4186942F008029A811C
:1022B0000028E5D19A8902F42072B2F5007FDFD0C0
:1022C00019462046019302F06BFA019BB3F90C20EA
:1022D000186912F00101D8D1940758BF5969996063
:1022E0000028DAD11106D9D542F040029A811FE0C8
:1022F000196B61B103F14000814206D02046019381
:10230000FAF748FF019BB3F90C2000211963186903
:102310000021C3E9000122F02402C6E70191F9F788
:1023200051FE019BA6E7092142F0400221609A81FB
:102330004FF0FF30B2E700BFD04E002059B1034646
:1023400000EB010C02E001339C4504D01A78002A0E
:10235000F9D1181A70470846704700BF0048704707
:10236000404E00204DF804BD83B08DED000B019A66
:10237000DFF870C022F0004300216345016025D8DA
:10238000DDF800C053EA0C0C20D0DFF85CC002EA94
:102390000C0CBCF1000F0AD19FED107B20EE077BE7
:1023A0008DED007B019A6FF0350122F00043DDE9ED
:1023B00000BC6FF31E5242F07F5C1B154CF4001CF6
:1023C000A3F2FE33CDE900BC0B4403609DED000B8E
:1023D00003B05DF804BB7047AFF30080000000005D
:1023E00000005043FFFFEF7F0000F07F00B50B4C73
:1023F0002468864685B0E0689C460C4652B1084980
:102400000094CDE9011273460649624600F0ECFFE4
:10241000F5F742FB04490A46F2E700BFD04E002020
:102420008434002094340020881400202DE9F04FDB
:1024300003690C69A34283B0C0F28880013C01F1BA
:10244000140500F1140855F8243058F824200133FD
:1024500008EB84069A4200964FEA840B05EB84074A
:10246000B2FBF3F63AD300230191C64629469C46B7
:1024700051F8042BDEF800901FFA82FA06FB0A33AB
:102480004FEA134A120C06FB02A29BB21FFA89FA0A
:10249000AAEB030363441FFA82FCCCEB234C0CEB46
:1024A000194C9BB243EA0C438F424EF8043B4FEA6F
:1024B0002C4C4FEA1243DBD258F80B3001996BB920
:1024C000009B043B984504D307E0984504F1FF3492
:1024D00003D21A68043B002AF7D004618146FBF757
:1024E0002FFA00282EDB01364146002255F8040B56
:1024F000D1F800C01FFA80FE1FFA8CF3A3EB0E0385
:102500001344020CC2EB234202EB1C429BB243EA8F
:102510000243AF4241F8043B4FEA2242E6D258F868
:10252000242008EB84036AB9043B984504D307E0F0
:10253000984504F1FF3403D21A68043B002AF7D00F
:10254000C9F81040304603B0BDE8F08F002003B05A
:10255000BDE8F08F2DE9F04F93B08DED000B0491A5
:10256000816B1C9D069257EC106B0446089341B199
:10257000C26B4A60012393408B60FAF757FF002338
:10258000A363B7F10008B4BF012300232B60A34B62
:10259000BCBF28F00048CDF8048033EA080300F0FF
:1025A00092809DED007BB5EE407BF1EE10FA0DD1EF
:1025B000089A012313601D9B13B11D9A984B136059
:1025C000984B0293029813B0BDE8F08F10AAB0EEBA
:1025D000470B11A920468DED027BFBF791FA5FEACC
:1025E00018539DED027B109A834640F08280119B28
:1025F000134403F23241202940F3E281C1F140014A
:1026000008FA01F803F2124126FA01F148EA010141
:1026100006EE101AB8EE466B013B16EE901A4FF01C
:102620000108A1F1F8719FED772BB7EE081B9FED24
:10263000775B9FED784B06EE901A03EE903A36EEFC
:10264000416BB8EEE33BA6EE025BB0EE456BA3EE4A
:10265000046BFDEEC65BB5EEC06BF1EE10FACDED8E
:10266000055A00F1C0800599D21A162902F1FF3AE5
:1026700000F2A4806C4B03EBC10393ED006BB4EE4E
:10268000C67BF1EE10FA00F1A281002A40F3C0846B
:102690000027CDE90A178A4400230993049B092BDC
:1026A0003DD8052BC4BF043B0493049BA3F1020354
:1026B000CCBF00250125032B33D8DFE813F0FA0146
:1026C000F701ED019201089AC8F3130842F20F7363
:1026D00058EA060813601BD11D9B002B00F04286B0
:1026E000524B029308331D9A0298136013B0BDE851
:1026F000F08F17EE901AB0EE476BC1F3130141F063
:102700007F51A3F2FF3341F440114FF000088AE7F4
:102710001D9B002B40F06181454B029352E7002343
:1027200004930025E563294620468DED067BFAF7E4
:1027300053FE9DED067B0290002800F0B485119AAF
:10274000029BA363002A75DB05990E2972DC364BC8
:1027500003EBC10393ED003B87EE036BBDEEC66B4D
:10276000029916EE103A303301F8013B4FF0FF3971
:10277000B8EEC65BA5EE437B0123B2EE044B11E03D
:1027800087EE036BBDEEC66B013316EE102A4B4588
:1027900002F13002B8EEC65B01F8012BA5EE437BD7
:1027A00000F0A38427EE047BB5EE407BF1EE10FA37
:1027B000E6D1059B013304930D46ECE001230B9316
:1027C000059BBAF1000FBABFC2F101074FF0000A32
:1027D0000027002B80F2F180059BFF1A5B420993D2
:1027E00000230A935AE7B8EEE55BB4EE465BF1EEE0
:1027F00010FA3FF438AF05990139059133E700BF6E
:10280000AFF3008061436F63A787D23FB3C8608B8B
:10281000288AC63FFB799F501344D33F0000F07FC6
:10282000B9200020B8200020A8020020C4340020D5
:10283000D03400204FF0FF390695CDF83090B8F134
:10284000000F00F0E984DDF8248002F23342012118
:1028500020469244BD18FAF7AFFE0646002F40F01E
:102860009F82099B002B00F09383B8F1000F40F08A
:1028700077835946099A2046FAF790FF0123834649
:10288000099301212046FAF797FE0A9B8046002B08
:1028900040F04582049B012B40F3AA820120504462
:1028A00010F01F0000F008811B2800F3D582C0F152
:1028B0001C00054407448244002D05DD59462A4684
:1028C0002046FAF7C7FF8346BAF1000F05DD4146FF
:1028D00052462046FAF7BEFF80460B9B002B40F085
:1028E0000082B9F1000F40F3D781099B002B40F023
:1028F0002481059B01330493029F012507E059467B
:1029000000230A222046FAF79BFD01358346414603
:102910005846FFF78BFD4D4500F1300A07F801AB33
:10292000EDDB029BB9F1000F03F1010209F1FF3960
:102930004FF00003D8BF4FF000099144009359466F
:1029400001222046FAF786FF41468346FAF7F8FF50
:10295000002840F32083029A02E0914500F026838C
:102960004D4609F1FF3915F8013C392BF5D00133FB
:1029700089F8003041462046FAF758FD5EB1009BC9
:102980002BB1B34203D019462046FAF74FFD31462A
:102990002046FAF74BFD59462046FAF747FD00233B
:1029A0002B70089B049A1A601D9B002B3FF40AAE03
:1029B00002981D6013B0BDE8F08F9A440A936BE64D
:1029C000C1F1200106FA01F106EE101A22E6059B7C
:1029D000013B059300230B93F2E6AC4B02930333C8
:1029E00081E601230D93DDE90523134403F1010979
:1029F0004E46012E0C93B8BF0126172E40F39C843F
:102A0000012204235B0003F11400B042114602F1DD
:102A10000102F7D9E16320468DED0E7BFAF7DCFC6D
:102A20000290002800F03F84B9F10E0F9DED0E7B5F
:102A3000A06346D8002D44D00599002940F3F182C7
:102A4000934B01F00F0203EBC203CD0593ED006B36
:102A50004FEA211340F18A838E4A92ED085B03F01E
:102A60000F03032187EE054B002B00F0FB81894A01
:102A700001E05B100832D80703D45B100832DE0790
:102A8000F7D592ED005B5B1001F1010126EE056BBD
:102A900000F0E8810832F2E701230D93069B002B3A
:102AA00040F38B81069E0C96B146A6E700230D935A
:102AB00099E700230D93F1E71C2005440744824465
:102AC000FAE6119A002AC0F24081059B0E2B00F312
:102AD0003C816F4B059A03EBC20393ED003B069BD1
:102AE000002B80F2ED82B9F1000F00F3E98240F093
:102AF0008682B1EE046B23EE066BB4EEC67BF1EE7C
:102B000010FA494640F27C82029D312305F8013BD0
:102B10002046FAF78BFC059B023304933BE73146D2
:102B200000230A222046FAF78BFC0C9B002B06465A
:102B300040F3FA83DDF830900595002F05DD31462E
:102B40003A462046FAF786FE06460A9B002B40F0DE
:102B5000F6823746029D6B1E4B440A93009B03F09E
:102B600001030C9341465846FFF760FC31460B9039
:102B700000F1300A5846FAF7E3FE414681463A46EC
:102B80002046FAF7FDFEC3680146002B36D10990B6
:102B90005846FAF7D5FE099906902046FAF746FC02
:102BA000069A002A5AD1049B1BB90C9B002B00F0FB
:102BB000A483B9F1000F43DB0A9BA9469D4209F8A3
:102BC00001AB00F0D782594600230A222046FAF7CB
:102BD00037FCBE42834631464FF000034FF00A02F5
:102BE000204635D0FAF72CFC3946064600230A2247
:102BF0002046FAF725FC4D460746B3E72046FAF78C
:102C000015FCB9F1000F08DB009B03F00102049BE7
:102C100049EA030952EA09022ED159460122204607
:102C2000FAF718FE41468346FAF78AFE002840F379
:102C30004183BAF1390F00F024830B9B03F1310A71
:102C400005F801AB059B0096013304933E4691E6DF
:102C5000FAF7F6FB4D460646074683E7B9F1000F43
:102C6000C0F28483049B49EA03090C9B53EA0909D7
:102C700000F07C83002A9FDDBAF1390F00F0018358
:102C80000AF1010305F8013BDCE700BFD034002066
:102C9000A802002080020020049B022B7FF725AEB3
:102CA000B9F1000F40F0008241464B460522204614
:102CB000FAF7C6FB014680465846FAF741FE4845FA
:102CC00040F3F281029D312305F8013B4146204645
:102CD000FAF7ACFB059B02330493002E7FF457AE4A
:102CE00059E641465846FAF72BFE0028BFF6F9ADE3
:102CF000594600230A222046059DFAF7A1FB099BAD
:102D0000013D8346002B7FF40AAF0C9B002B40F360
:102D1000FE82059BDDF8309004930595ECE51A469C
:102D200001462046FAF73AFD049B012B804640F30A
:102D3000F98100230A93D8F8103008EB830318694F
:102D4000FAF7D0FBC0F12000A9E50D9B73B9002F65
:102D500067D1099B002B74D11D461E4691E5119A3F
:102D6000002A03DB05990E297FF7B4AE049B012BE3
:102D70007FF765AD099B09F1FF384345C0F27781C4
:102D8000B9F1000FA3EB080880F2BE82A7EB09039C
:102D9000012120460D93FAF70FFC3D460D9F064694
:102DA000BAF1000F7FF75DAD57453B46A8BF5346CC
:102DB000ED1AFF1AAAEB030A53E50021E16320464E
:102DC0008DED067BFAF708FB9DED067B029000284F
:102DD00000F06982029BA363002D40F09F81119A4D
:102DE000AA42C0F27C8201230C93994606936CE6BA
:102DF000009B002B7FF452AD019BC3F31303002B08
:102E00007FF44CAD019B23F000431B0D1B05002BF1
:102E10003FF444AD012301350AF1010A0A93184633
:102E20003DE5BAF1000F00F0FE8157453B46099E93
:102E3000A8BF5346FD1AAAEB030A2F46002E3FF403
:102E400020AD5946099A2046FAF7A8FC002383468C
:102E500009933D461E4614E51C283FF42DADC0F1F4
:102E60003C002AE684EE065B0B9B3BB1B7EE006BA1
:102E7000B4EEC65BF1EE10FA00F1E081B1EE0C4B5E
:102E800006EE901AB8EEE66BA6EE054B14EE901A1D
:102E900053EC142BA1F15073B9F1000F00F09B809B
:102EA000DDF814C0484643EC142BB64B029DFDEEF2
:102EB000C53B03EBC00212ED022B13EE902A02F188
:102EC000300E0D9A691CB8EEE36B0E4635EE466B7C
:102ED000002A00F05B81B6EE003B83EE025B35EE2C
:102EE000445BB4EEC65BF1EE10FA85F800E000F347
:102EF0002782B7EE001BB2EE043B002518E0013537
:102F00008542BFF62CAF26EE036B25EE035BFDEE8C
:102F1000C64B14EE902AB8EEE42B303236EE426BFC
:102F2000B4EEC56BF1EE10FA01F8012B00F1DF8170
:102F300031EE464BB4EEC54BF1EE10FADFD5029AF6
:102F40000CF1010C02E0914200F097810D4611F85E
:102F5000013D392BF7D001330B70CDF810C01AE5C5
:102F6000314642462046FAF719FC5A4601460646C3
:102F70002046FAF74FFB59460D902046FAF756FACD
:102F8000099BDDF834B0B3EB080309937FF471AC0F
:102F90000123099375E403D11AF0010F7FF4DBAC30
:102FA0004D4619F8013D302BFAD0E3E4059B029A17
:102FB0000233049331231370DCE406EE901AB1EE71
:102FC0000C4BB8EEE66BA5EE064B14EE901A53ECE4
:102FD000142BA1F1507343EC142BB1EE046B35EEBE
:102FE000466BB4EEC46BF1EE10FA00F35681B1EE0D
:102FF000444BB4EEC46BF1EE10FA7FF562AD0021E4
:103000002046FAF713FA069B029D5B420493C2E442
:10301000059B0A939A460023C2F101070B93FFF721
:103020003BBB00F00781059A564B524202F00F015C
:1030300003EBC10393ED005B131127EE055B00F07A
:103040007981514A022101E05B100832DD0703D487
:103050005B100832D807F7D592ED006B5B1001F1D9
:10306000010125EE065B3FF4FFAE0832F2E7099B53
:103070000A9AA8EB03031A44012120460A92FAF7A0
:103080009BFACA4407EB09050646CDF82480002FB9
:103090003FF4EFAB57453B46A8BF5346ED1AFF1A26
:1030A000AAEB030AFFF7E5BB41462046FAF7BEF953
:1030B000069B029D5B420493002E7FF468AC6AE499
:1030C000029B5E1C87EE036BBDEEC66B029A16EE8A
:1030D000103AB9F1010F03F13003B8EEC65B314687
:1030E0001370A3EE457B7FF447AB37EE077BB4EE5E
:1030F000C37B059BF1EE10FA03F1010304939C4698
:1031000008DCB4EE437BF1EE10FA05D116EE103A6E
:10311000DB0701D5029A19E70D463CE40C95A94658
:10312000069589E4009B002B7FF403AEDDE90012D5
:10313000C2F31303002B00F0C4800A91FBE5716811
:103140002046FAF749F90546002800F00481336962
:1031500002339A0006F10C010C30F4F70BFA294601
:1031600001222046FAF776FB0746F3E40221B0EE8F
:10317000474B79E4059B009601333E460493FFF7E5
:10318000DEBB00BFA802002080020020029A24EECD
:10319000022B012882F800E014D0B2EE043B029A20
:1031A000151826EE036BFDEEC65B15EE902A303245
:1031B00001F8012BA942B8EEE54B36EE446BF0D195
:1031C000711E0144B6EE005B32EE054BB4EEC64B09
:1031D000F1EE10FA3FF5B3AE35EE425BB4EEC65BEE
:1031E000F1EE10FA0DDC119A002AFFF6B0AD059A47
:1031F0000E2A3FF7ACAD059A03EBC20393ED003BFB
:1032000060E70D46013915F8013C302BF9D00CF17F
:1032100001030493FFF7BFBB109ADDF82480C2F1CD
:103220003602FFF714BB099E002E7FF40AAE3D461E
:10323000FFF727BB0221B0EE475B15E6B9F1000F9F
:103240003FF4BBAE0C9800287FF73BACB2EE043BDA
:10325000B1EE0C4B013106EE901A25EE035B059B97
:10326000B8EEE66BA5EE064B14EE901A03F1FF3CA8
:1032700053EC142BA1F1507315E60CF1010C312322
:103280006AE6A946392309F8013B059B00960133FC
:10329000029A04933E46FFF763BB029D312305F873
:1032A000013B002134E4334B3348002240F2AF119C
:1032B000FFF79CF87FF4C4AC1AF0010F7FF4B9ACAF
:1032C000BEE4019B23F000431B0D1B05002B3FF4C4
:1032D00031AD012301350AF1010A0A932BE50D9B5B
:1032E000002B33D101230C93994606932FE50CF163
:1032F000010304930D46FFF74EBBBAF1390FC0D05E
:1033000091453FF79AAC9BE44A46FFF7A0BA049A6E
:10331000022A05DC059A049299460595FFF7ECBA56
:103320000595DDF83090BBE4049A0595022AF8DC97
:10333000994602E4022197E50021E163FFF76BBBA8
:103340000CF1010304930D46FFF725BB0D9B06937B
:1033500099460C930EE5074B07482A4640F2EF21A9
:10336000FFF744F8054B0293FFF72CB9002A3FF70B
:1033700054AC65E4D4330020D4340020C43400209D
:1033800030B5044687B05BB110480193D0F8C851FE
:1033900071B12046A847421C019B10D007B030BD38
:1033A00000F5827309480193D0F8C8510029F0D183
:1033B0000A46204603A9A847421C019BEED10021E2
:1033C0008A221960226007B030BD00BF684C00201F
:1033D00010B582B0049CCDE900344FF0FF3301F00A
:1033E000F3FA02B010BD00BF0EB400B582B003AB5B
:1033F000DFF81CC053F8042B01930146DCF80000F1
:1034000000F008F802B05DF804EB03B0704700BFAD
:10341000D04E00202DE9F04FC5B00DF1500A834683
:10342000049116460021082250461C460B93F8F7DB
:10343000E1FFBBF1000F04D0DBF83430002B00F0CB
:103440004987049B5A6EB3F90C30D00740F1418193
:10345000990400F1A985049943F4005322F4005221
:103460008B814A66930401F1AE80049BB3F90C3062
:103470001D0740F1BD80049A1269002A00F0B8804F
:1034800003F01A020A2A00F0C2800023CDE91933A2
:10349000CDE90E331BAADFF86C980D9318921746EE
:1034A0000793B0464546D9F8CC41F9F7D9FACDF89B
:1034B00000A003462A4612A95846A047002800F05B
:1034C000C580C0F2BB80129A252A034601D01D4454
:1034D000E9E7B5EB0806044640F0BC800023194636
:1034E0008DF8433008934FF0FF326B78059205F169
:1034F0000108039108F101081946A1F120035A2B94
:1035000000F2F280DFE813F0E603F000F000DF03E2
:10351000F000F000F000BF03F000F00007025302DB
:10352000F00012020004F000F1035B005B005B009E
:103530005B005B005B005B005B005B00F000F00089
:10354000F000F000F000F000F000F000F000D80112
:103550009F03F000F000F000F000F000F000F00039
:10356000F000F000F0001902F000F000F000AA01F5
:10357000F000FB02F000F000BA05F000F000F000EF
:10358000F000F000F000F000F000F000F000D801D2
:103590006801F000F000F000950368016D00F00094
:1035A0008B03F0007D036A0320036D00F000AA0185
:1035B0006A005902F000F000FB05F0006A00A1F17A
:1035C0003003002218F8011B02EB820203EB4202D7
:1035D000A1F13003092BF5D908928EE798F8003055
:1035E00088E7039B43F02003039398F8003081E7BA
:1035F000049D58462946FEF733FE002840F0F68722
:10360000B5F90C3003F01A020A2A7FF43EAF049990
:10361000B1F90E20002AFFF638AF4A6ED20702D465
:103620009F0540F19087049923463246584601F0A1
:1036300015F80790079845B0BDE8F08F08220021E3
:103640005046F8F7D7FE01231D442CE7B5EB0806DA
:10365000044610D01A9B33441A93199B0133072B4D
:10366000C7E90086199310DC0837079B334407939A
:10367000002C7FF433AF1A9B002B40F06E87049B25
:103680000022B3F90C30199218E0049918AA584690
:10369000FEF7CCFB78B91BAFE7E7049918AA5846A8
:1036A000FEF7C4FB002800F08380099B1BB1099939
:1036B0005846F9F76FFD049BB3F90C30049A526E2B
:1036C000D0077FD55B0600F16687079845B0BDE857
:1036D000F08F9F0540F114819D047FF5BCAE9004EE
:1036E0007FF5C6AE00F071BF0029C4D000230122CF
:1036F0008DF8AC108DF8433009930A9205932BADE9
:103700000692DDE919C0039C14F084060146624666
:1037100026D1089B069C1C1B002C00F3ED839DF812
:10372000433003B300260C960132012301317B6044
:10373000072A0DF14303CDE919213B6000F386838D
:1037400008370C9B63B1013211AB02313B60072A91
:103750004FF00203CDE919217B6000F36B8308373A
:10376000802E00F0EE82059B0A981C1A002C00F3B4
:1037700026830A9B3D6001321944072ACDE91921AD
:103780007B6000F34C830837039B5C0705D5089BDF
:10379000069A9C1A002C00F36583DDE9073206982F
:1037A0008242ACBF9B181B18079300297FF475AFAA
:1037B00000231993099B1BB109995846F9F7EAFCB4
:1037C0001BAF6FE69A053FF57DAF049CA06DF9F73E
:1037D000E5F9B4F90C3075E7039B980640F13C8499
:1037E0000B9B073323F00702536852F8084B0B92E8
:1037F0001E46002BC0F23882059A002A07DB039B85
:1038000023F08003039354EA060300F08C840A2C0F
:1038100076F1000380F0F7803034059A9DF843304C
:103820008DF80F41012AB8BF01220692002B00F04B
:10383000AF83069B0133002506930123CDE909538D
:103840000DF20F15DDE91921039B13F084060846DC
:1038500094463FF45EAF00230C9365E70B9E002374
:103860008DF8433056F8043B0993002B00F0558542
:10387000532900F07284039B13F0100440F06D8410
:10388000059A002AC0F2138509982146F9F712FB20
:103890009DF84330099D002800F08B86421B0A9258
:1038A00022EAE2720692002B00F00E8501320594A6
:1038B00006920B960994C5E7432903D0039BDD06C6
:1038C00040F127840822002116A8F8F793FD0B9AEF
:1038D0002BAD126816AB29465846FFF751FD0A90EA
:1038E000013000F04F860A9B23EAE37306930B9B9B
:1038F00004330B9300238DF843300993059300E7BD
:10390000049DA86DF9F748F9B5F90C306A6E990471
:103910003FF5A8AD9FE50B9B53F8042B0892002AB6
:1039200080F23D83089A0B9352420892039B43F026
:103930000403039398F80030DCE5039B43F0100088
:103940009B0640F14E830B9B073323F007031A4677
:10395000596852F8083B0B9200228DF84320059AD3
:10396000002AC0F2118320F49062039253EA01020C
:1039700000F01E8344AD03F00702DB0843EA417305
:10398000C908303253EA0104284605F8012DF2D166
:10399000039B13F0010340F09E82059A099344AB08
:1039A0005B1B9A42B8BF1A460A930692A9E62B23DC
:1039B0008DF8433098F800309CE503998E0600F1AD
:1039C000A48003990B9A11F0100052F8043B40F0C8
:1039D0002783039911F0400100F0CA848DF8430059
:1039E0009BB205990026B1421C4606DB039921F0E3
:1039F00080010391002B00F07B850A2C76F10003F7
:103A00000B92FFF409AF039B09970020CDF830B06B
:103A100044A9DDF834B0069003F48067CDF828801F
:103A200025E00690A319B54843F10003A0FB032C41
:103A30002CF0030202EB9C029B1AE31A4FF0CC32EB
:103A4000A046B64602FB03F266F1000600FB062222
:103A5000A3FB0043B8F10A0F13444FEA54047EF16C
:103A6000000E294644EAC3744FEA53062ED3069B40
:103A7000A24A01330693A31943F100031046A2FBA7
:103A8000032525F0030202EB95029B1AE31AA3FB20
:103A9000003266F1000500FB05225B0843EAC273B1
:103AA00003EB8303A4EB4303303301F8013C4D1EC9
:103AB000002FB7D006989BF800308342B1D1FF2881
:103AC000AFD00A2C76F1000380F0AF8405999DF801
:103AD0004330CDF834B044AA521B9142B8BF1146CE
:103AE000DDE90978DDF830B00A920691002B00F08C
:103AF000EE83069B0133069300230993A2E6039B02
:103B000043F010019B0640F189820B9B073323F0A1
:103B1000070200238DF84330059B566852F8084B86
:103B20000B92002BC0F2EE8221F08003039354EA43
:103B300006037FF46CAE059B002B40F0DE840A93F5
:103B40000693099344ADDCE5059C0B99039800228C
:103B500047F630039442ADF844308DF8432051F8D5
:103B6000043BC0F2D28220F0800040F002000390BB
:103B7000002B00F0E58303F00F0461481B09045D8E
:103B80008DF80F410B9100F05685022106910DF240
:103B90000F1503F00F011B09415C05F8011D43EAF5
:103BA0000273120953EA0201F3D144AB5A1B059B7D
:103BB0000A929342B8BF1346069A002A00F039854C
:103BC000DDE91921039C023314F0840606930846AC
:103BD000944600F0E98200230993B4E50398860631
:103BE0003FF5B1AE03990B9ACD0652F8043B00F1B4
:103BF00014850398440640F1C8839BB20B920021C0
:103C0000AAE603990B9A8C0602F1040340F1F081B5
:103C1000126807991160C91751600B9342E498F834
:103C200000306C2B00F08F82039A42F01002039256
:103C300060E498F80030682B00F07B82039A42F031
:103C40004002039256E4039A940642F0100300F1F6
:103C500000820B9A04320B9903930C680B92E617BF
:103C60003346002BBFF6C8AD2D238DF84330059B9E
:103C7000644266EB4606002BFFF6C9AD039B23F0BA
:103C800080030393C3E55846FEF768FB43680F9330
:103C90001846F9F76FF90E9004465846FEF75EFB9A
:103CA000826898F800300D92002C3FF423AC002A73
:103CB0003FF420AC1278002A3FF41CAC039A42F483
:103CC0008062039216E4039B43F00103039398F888
:103CD00000300FE49DF8432098F80030002A7FF46C
:103CE00009AC20228DF8432004E4039B43F08003B9
:103CF000039398F80030FFF7FDBB00BFCDCCCCCCD0
:103D000054340020684C0020404610F8011B2A293A
:103D100000F07784A1F13003092B98BF002200F254
:103D2000178410F8011B02EB820203EB4202A1F19F
:103D30003003092BF5D942EAE27305938046FFF779
:103D4000DCBB089B06981C1A002C7FF70CAD102CCE
:103D500040F3268438460C95AE4F049D102604E0AF
:103D6000103C102C00F1080015DD01321031072A3B
:103D7000C0E90076CDE91921F2DD18AA2946584696
:103D8000FEF754F800287FF490AC103C102CDDE9CD
:103D900019211BA8E9DC0C9D3B4607460132214452
:103DA000072ACDE919213B607C6000F3A482059BC2
:103DB0000A981C1A002C07F108077FF7DAAC102CC0
:103DC00040F3ED8238461026924F04E0103C102C50
:103DD00000F1080016DD01328E4B1031072AC0E9D0
:103DE0000036CDE91921F1DD049918AA5846FEF7ED
:103DF0001DF800287FF459AC103C102CDDE9192186
:103E00001BA8E8DC3B46074601322144072ACDE9DE
:103E100019213B607C6000F3AA800837A9E404996B
:103E200018AA5846FEF702F800287FF43EAC1A990B
:103E30001BAFA9E4049918AA5846FDF7F7FF00281C
:103E40007FF433ACDDE919211BAF89E4049918AA8A
:103E50005846FDF7EBFF00287FF427ACDDE9192178
:103E60001BAF6EE4102C199B40F381833A46049EED
:103E7000694F102504E0103C102C02F1080215DDFA
:103E800001331031072BC2E90075CDE91931F2DD9C
:103E900018AA31465846FDF7C9FF00287FF405AC43
:103EA000103C102CDDE919311BAAE9DC3E4617460F
:103EB00001332144072BC7E90064CDE919317FF7AD
:103EC0006CAC049918AA5846FDF7B0FF00287FF49F
:103ED000ECAB1A9961E4302A00F001823023059A94
:103EE00005F8013C023844AB1B1A9A42B8BF1A4687
:103EF0000A9306920546EFE000230C93102C464EE1
:103F0000624623DD394610232F46049D04E0103C11
:103F1000102C01F1080117DD01321030072AC1E928
:103F20000063CDE91920F2DD18AA29465846FDF7AD
:103F30007DFF00287FF4B9AB103C102CDDE919207F
:103F40001BA94FF01003E7DC3D460F460132211854
:103F5000072ACDE919213E607C6000F37A819DF843
:103F600043600837002E36D00026FFF7DDBB0499EA
:103F700018AA5846FDF75AFF00287FF496ABDDE9F2
:103F800019211BAFFFF7F5BB20F480620392F1E427
:103F9000099301230A930DF20F15FFF7B2BB0B93A0
:103FA00098F80030FFF7A6BA92047FF561AAF2E212
:103FB000059A002A7FF4DEAC10F00102069200F0B0
:103FC000428130238DF80F31059B0A9209930DF23F
:103FD0000F15FFF796BB0C9B002B7FF4B4ABFFF7DC
:103FE000C2BB0B9B1A1D0B9B0B921B680021B3E4F9
:103FF000039AD00600F18C81039A510600F1958254
:10400000039A920540F184810B9A07991268117006
:1040100003E600BFA4450020F03F00200B9B1A1DC3
:104020000B9B05981B680026B0428DF843601C4628
:1040300067DB21F080010391002B7FF4DEAC0B9253
:10404000002840F05A820A900690099044ADFFF78C
:1040500058BB0393FFF7C4BB039B0B9AD90652F8D6
:10406000044B3FF5F8AD039B5E0640F1768144F3C7
:10407000C0360B9224B23346FFF7BBBBAD48039B5F
:104080009D0640F1B5800B9B073323F007031A46CA
:104090005C6852F8083B0B92039A12F001020692F8
:1040A00040F08C808DF84320059A002AC0F2B7803A
:1040B000039A22F49062039253EA040240F0F380E0
:1040C000059A002A00F0F68103788DF80F3101235C
:1040D00006920A930DF20F15DDE91921039B13F0E7
:1040E00084060846944600F0A1829DF84330002BD8
:1040F00000F0AB82002309930C93FFF715BB8E48A9
:10410000BDE70B920391FFF782BB40F002000390E2
:1041100031E50B9B1B688DF8AC30012306930A93A5
:104120002BADFFF7E4BB002A00F0D4813024FFF769
:1041300074BB039B43F40073039308F1010898F8E0
:104140000030FFF7D7B9039B43F02003039308F136
:10415000010898F80030FFF7CDB9099B13930822A6
:10416000002116A8F8F746F9059B002BC0F219812B
:104170000024069725461F460EE02BA95846FFF758
:10418000FFF8411C284400F0FD81B84209DC04F12D
:10419000040400F008820546139A125916AB002A4F
:1041A000EBD1069F05950AE1089C069B0996E41A47
:1041B000002C7FF7C8AA02230C939FE653EA04025F
:1041C0005ED100238DF84330059B002BC0F2218186
:1041D000039B23F49063039300F0878103788DF8A9
:1041E0000F31069B0A93059B06930DF20F1573E79B
:1041F0000B9A52F8043B0B92039AD40608D4520649
:1042000002D59BB2002447E7039A960500F181810D
:10421000002441E742F00202039202220692039A2E
:1042200022F48062039203F00F02825C8DF80F216A
:104230001B0943EA0473220953EA14147FF4A7AC60
:104240000DF20F15B1E4059B44ADCDE90933FFF73D
:1042500058BA049918AA5846FDF7E8FD0646002802
:104260007FF423AA9DF84330DDE91921002B40F0AB
:1042700089800C9B1BAF002B7FF465AAFFF773BAF4
:1042800030228DF8442000228DF84320059A8DF8C5
:104290004510002A039ABDDB22F4906242F002022C
:1042A00003920222069203F00F02825CBEE7099D90
:1042B0002846F8F75FFE9DF843300A9020EAE07246
:1042C0000692002B7FF4F2AA099D05930B960993A1
:1042D000FFF717BA5846F7F775FEFFF7B2B8059A19
:1042E00044AB5B1B9A42B8BF1A460A93002306925E
:1042F0000993FFF706BA049918AA5846FDF796FDE8
:1043000000287FF4D2A9DDE919211BAFFFF72BBAF2
:104310000B9A0799126811607FE4059B074D0B9675
:10432000062B28BF062306930A93099B0593FFF7E4
:10433000E8B900BF68340020543400207C340020E9
:104340000B91002C00F0DC80302301228DF80F311E
:104350000DF20F1523460A9232E4039B0B929D0542
:104360004ABF44F3C016E61764B23346FFF741BABA
:10437000039810F4007600F0CF808DF84310DBB284
:10438000FFF72FBB1BAFFFF7CFB9039810F40071F5
:1043900000F0BB80DBB20B920021FFF7DDBAAC4B23
:1043A00032E516AB0093002313AA19465846FFF7CF
:1043B0000FF80590013000F0E580099B1393059BF1
:1043C000002B7CD0632B00F3B680002309932BAD28
:1043D0000822002116A8F8F70DF8059C16AB0093EB
:1043E00013AA234629465846FEF7F2FF844240F0BE
:1043F0001681059900236B5421EAE17206929DF81B
:104400004320002A40F0B580CDE90A160592FFF757
:1044100078B903788DF80F31039B23F480630393FD
:10442000069B0A930DF20F1556E60E9A0F99AD1AD8
:104430002846F8F7C7F89BF801300BB10BF1010BD8
:10444000844AA31943F10003A2FB030C2CF00300E0
:1044500000EB9C001B1AE31A4FF0CC3166F100060A
:1044600003FB01F102FB0611A3FB023001445B08D0
:1044700043EAC1744E08A31943F10003A2FB0310E1
:1044800020F0030101EB90015B1AE31AA3FB023158
:1044900066F1000002FB00125B0843EAC27303EB03
:1044A0008303A4EB4303303305F8013C0120013DB5
:1044B000FFF701BB059B0A9344A805460CE69DF84F
:1044C0004330099D0B96003B18BF01230693059BC3
:1044D0000A9301E69DF843303BB1059BCDE90933D2
:1044E000012344AD0693FFF7ADB9059BFFF727BB4A
:1044F000059B0B92002B3FF422AB0024FFF78CB9F5
:10450000059B0A9344ADFFF75BBB03980B92FFF743
:1045100023BADBB20024BFE505998DF8436000297A
:104520001C46BFF663AAFFF768BA0B9A0799126890
:104530001180FFF772BB591C5846F6F751FE05462D
:1045400000B3099044E7886DF8F728FBFFF76BB8D4
:10455000002380460593FEF7D0BF049918AA584659
:10456000FDF764FC00283FF48AA8FFF7A4B83A4E90
:104570009EE4059A0A92069A0B96013206920593DA
:10458000FFF760B90498B0F90C30426E43F0400177
:10459000D207818109D54FF0FF330793FFF795B814
:1045A0002B4BFFF7FBBB069F09E79905F3D4FFF7F9
:1045B0000CB99BB1059B0B965A1C06920A93059069
:1045C0000990FFF73FB9D707E5D4049B9B899E0567
:1045D000E1D4049B986DF8F7E1FADCE7059A0993BA
:1045E000CDE905320B960A92FFF78BB8049A536E09
:1045F000D807D0D493899905CDD4906DF8F7CEFA29
:10460000C9E70B9A98F8013052F8041B0B9241EA63
:10461000E17180460591FEF76DBF0846E3E4049A18
:10462000938943F040039381FFF73FB80996FFF762
:1046300070B8069350E5059B0122012BB8BF0123FA
:104640000DF20F150A92FFF7BBBA0993FFF788B86E
:10465000A4450020CDCCCCCCF03F0020F0B50D46D9
:10466000ADF2744D164689896A6E1B92EA89ADF8DF
:10467000162021F00201EA69ADF8141009921CA974
:104680006A6A0291074606910B924FF480610022FC
:1046900018A80193049107910892F8F779FA324625
:1046A000019B02A93846FEF7B5FE061E07DB02A9EC
:1046B0003846F7F763FB002818BF4FF0FF36BDF808
:1046C00014305B0603D5AB8943F04003AB811898E7
:1046D000F8F760FA30460DF2744DF0BD2DE9F04365
:1046E0008E681D46AE420B6883B00C4690463AD8A1
:1046F000B1F90CC01CF4906F0FD1354618464146F5
:104700002A46F7F7E5FDA3689E1B2368A6602B44A5
:104710000020236003B0BDE8F0834A69096902EB19
:1047200042025E1A02EBD2726B1C52103344934267
:1047300094BF17461F46934288BF1A461CF4806FE9
:10474000814612D01146F6F74BFDF0B13246216991
:104750000190F2F70FFFA289019B22F4906242F0D0
:104760008002A28105E02E46C8E7F7F725F8034648
:1047700038B123613344BE1BA660676123602E46B7
:10478000BCE721694846F8F705FDA3890C2243F0F0
:104790004003C9F800204FF0FF30A381BAE700BF03
:1047A000B1F90C20930706D501F143030122C1E9B9
:1047B00004320B60704730B50B46B1F90E1000297A
:1047C00099B0044632DB02AA009300F05BF800289F
:1047D000009B29DB4FF4806120460093039DF6F790
:1047E000FFFC009BB3F90C20002839D005F4704180
:1047F00042F0800218601861B1F5005F4FF48060EC
:104800009A8158613AD1B3F90E100093204600F016
:104810004DF8009BB3F90C2080B322F0030242F064
:1048200001024FF4006117E0B3F90C20019312F07C
:10483000800F0CBF4FF48061402120460091F6F7B5
:10484000CFFC019B0099B3F90C2048B1C3E90401E6
:1048500042F08002186000210A439A8119B030BDED
:104860009105FBD422F0030203F1430142F002025E
:104870000120C3E904109A811960EFE74FF4006149
:10488000EAE700BF38B5084C002305460846114644
:104890002360F3F7F3F8431C00D038BD2368002BE6
:1048A000FBD02B6038BD00BF746B002038B5074CBF
:1048B0000023054608462360F3F7E6F8431C00D0C2
:1048C00038BD2368002BFBD02B6038BD746B0020F3
:1048D0002DE9F04F8BB0DDE91589149F02901C463D
:1048E000B8F1000F57D0166801960029C34608BFDB
:1048F0004FF0FF37002588460391924606E0019B62
:1049000053F8040B0193002837D06546AF423ED9D7
:10491000002C3CD0DBF800300493DBF80430059326
:10492000019B02981A68D9F8C8615B4606A9B0478E
:10493000431C33D000EB050CBC453AD8039B013C2B
:10494000002BDCD000280DDD08F1FF32019E06A906
:1049500000EB020E11F8013B02F8013F7245F9D15C
:1049600001968044019BDAF8002053F8040B019370
:104970000432CAF800200028C7D10399D84609B1EB
:10498000CAF800000022C8F800200CF1FF352846C4
:104990000BB0BDE8F08F00F58678A4E7029B0546D2
:1049A0008A21002228461960CBF800200BB0BDE810
:1049B000F08FD846DDF810A0DDF814B02846C8E91D
:1049C00000AB0BB0BDE8F08F00B585B0DFF81CC0C0
:1049D000069800900798019003480068CDF808C039
:1049E000FFF776FF05B000BDD04E0020684C0020D8
:1049F000000000005FF800F01D1700605FF800F095
:104A00001D2600605FF800F0051D00605FF800F0F3
:104A1000C92500605FF800F04D1D00605FF800F0F0
:104A2000951600605FF800F0D11600605FF800F0A6
:104A3000191600605FF800F0F91B0060000000002C
:044A40000000000072
:044A4400F8B500BF02
:104A4800DD49FF7FA908B100FFFF01080E041C0023
:104A5800180E0000C949FF7FA908B100FFFF01082F
:104A68000E041C00180E000008B10181B0B00084CB
:104A78000000000008B10181B0B00084000000000F
:104A88009D49FF7FB0AF1600FF1019011122D6050E
:104A98000000B60604F00801F406880200000100D0
:104AA800000000007949FF7F8408B101B0B0B00070
:104AB800FF100D01040206080101000000000000BB
:104AC80008B10181B0B000840000000008B1018184
:104AD800B0B00084000000004549FF7FB0AB04007F
:104AE800FFFF010C1C046200680400006E046200F1
:104AF8002D49FF7FB0AF0200FF1019010F320A3CA9
:104B080001840136C00100C8010400000100000052
:104B1800000000000949FF7FB0A80100FFFF010065
:104B280008B10181B0B000840000000008B1018123
:104B3800B0B00084000000007842FF7F0100000050
:104B48007C42FF7FFCFEFF7FA442FF7F08FFFF7FC0
:104B5800CC42FF7F01000000FC42FF7F0CFFFF7F7B
:104B68001443FF7F010000004845FF7FB0AB02807F
:104B7800F045FF7F01000000F046FF7FB0B0AA803B
:104B8800AC47FF7FF0FEFF7FEC47FF7FB0A90280B4
:104B98008C48FF7FECFEFF7F084DFF7F08FFFF7FFB
:104BA800104DFF7F010000001C4DFF7F14FFFF7FA9
:104BB8001C4DFF7F18FFFF7F284DFF7F010000007D
:104BC800404DFF7F00840280844DFF7F010000007C
:104BD800C04DFF7FB0B0AA80EC4DFF7FB0B0A88079
:104BE800544EFF7F010000003C4FFF7FB0B0AC8007
:104BF800604FFF7F01000000A050FF7FDCFEFF7FB9
:104C08001C51FF7FB0B0A8802851FF7F008402802C
:104C18007C51FF7F010000007851FF7FB0AA03801C
:104C2800A451FF7F01000000C052FF7FC4FEFF7F38
:104C38009053FF7FE0FEFF7F1054FF7F01000000CC
:104C48003855FF7FB0A80380CC55FF7FB0B0A8804F
:104C58001C56FF7F010000002456FF7FB0B0AA80D9
:104C68005856FF7FAF76B2802457FF7FAB3F3A801C
:104C78008C57FF7F010000009457FF7FB0B0AA80D7
:104C8800D057FF7F010000008858FF7FAC0FB2802B
:104C98000C59FF7FB0AF0880985BFF7F01000000D0
:104CA800A85BFF7FAC3F03809C5EFF7F0100000094
:104CB8006460FF7F008404807460FF7F010000004F
:104CC8007060FF7FB0AC05807063FF7F0084048054
:104CD8009863FF7F4CFEFF7F9C63FF7F50FEFF7F42
:084CE800A863FF7F010000003A
:104CF00000000000000000000000000000000000B4
:104D000000000000000000000000000000000000A3
:104D10000000000000000000000000000000000093
:104D20000000000000000000000000000000000083
:104D30000000000000000000000000000000000073
:104D40000000000000000000000000000000000063
:104D50000000000000000000000000000000000053
:104D60000000000000000000000000000000000043
:104D70000000000000000000000000000000000033
:104D80000000000000000000000000000000000023
:104D90000000000000000000000000000000000013
:104DA0000000000000000000000000000000000003
:104DB00000000000000000000000000000000000F3
:104DC00000000000000000000000000000000000E3
:104DD00000000000000000000000000000000000D3
:104DE00000000000000000000000000000000000C3
:104DF00000000000000000000000000000000000B3
:104E000000000000000000000000000000000000A2
:104E10000000000000000000000000000000000092
:104E20000000000000000000000000000000000082
:104E30000000000000000000000000000000000072
:104E40000000000000000000000000000000000062
:104E50000000000000000000000000000000000052
:104E60000000000000000000000000000000000042
:104E70000000000000000000000000000000000032
:104E80000000000000000000000000000000000022
:104E90000000000000000000000000000000000012
:104EA0000000000000000000000000000000000002
:104EB00000000000000000000000000000000000F2
:104EC00000000000000000000000000000000000E2
:104ED00000000000000000000000000000000000D2
:104EE00000000000000000000000000000000000C2
:104EF00000000000000000000000000000000000B2
:104F000000000000000000000000000000000000A1
:104F10000000000000000000000000000000000091
:104F20000000000000000000000000000000000081
:104F30000000000000000000000000000000000071
:104F40000000000000000000000000000000000061
:104F50000000000000000000000000000000000051
:104F60000000000000000000000000000000000041
:104F70000080E03779C34143176E05B5B5B8934655
:104F8000F5F93FE9034F384D321D30F94877825A21
:104F90003CBF737FDD4F1575000000000000F03F3F
:104FA0000000000000002440000000000000594004
:104FB0000000000000408F40000000000088C34057
:104FC00000000000006AF8400000000080842E41CC
:104FD00000000000D01263410000000084D7974118
:104FE0000000000065CDCD41000000205FA002421E
:104FF000000000E876483742000000A2941A6D4293
:10500000000040E59C30A2420000901EC4BCD64285
:1050100000003426F56B0C430080E03779C3414330
:1050200000A0D8855734764300C84E676DC1AB43A6
:10503000003D9160E458E143408CB5781DAF1544C4
:1050400050EFE2D6E41A4B4492D54D06CFF080449F
:10505000F64AE1C7022DB544B49DD9794378EA44B4
:1050600001031C06FA000000710200007701000035
:10507000180100004172742D4E657400000000009C
:10508000000D0B0C011B1A01022D2B2A0000000041
:1050900001000000880B002000000000020000005A
:1050A000D80B00200100000006000000300C00209A
:1050B0000100000006000000980C00200100000024
:1050C00007000000E40C00200100000007000000C1
:1050D000500D00200100000008000000B00D00206D
:1050E00001000000080000000C0E0020FFFFFFFF81
:1050F000FFFFFFFFFFFFFFFFFFFFFFFFFFFFFFFFC0
:10510000FFFFFFFFFFFFFFFFFFFFFFFFFFFFFF00AE
:10511000747275650000000066616C7365000000C4
:105120007B226669726D77617265223A22746565C9
:105130006E737934312D6172746E65742D302E3139
:10514000222C2270696E6F75745F636F6E66697270
:105150006D6564223A25732C22756E7769726564D9
:105160005F62656E6368223A25732C2261726D65F9
:1051700064223A25732C22626C61636B223A257398
:105180002C226970223A2225752E25752E25752E22
:105190002575222C226C696E6B223A25732C2270A5
:1051A00061636B657473223A256C752C227564708B
:1051B0005F7265636569766564223A256C752C2299
:1051C0007564705F71756575655F64726F70732269
:1051D0003A256C752C2271756575655F7065616B1C
:1051E000223A256C752C2272656A656374656422A7
:1051F0003A256C752C22666F726569676E223A25B6
:105200006C752C2269676E6F726564223A256C7525
:105210002C22636F6D706C657465223A256C752C59
:1052200022696E636F6D706C657465223A256C75CA
:105230002C227374616C65223A256C752C2264757E
:10524000706C696361746573223A256C752C226FEA
:105250007665727772697474656E223A256C752C66
:10526000227375626D6974746564223A256C752CBD
:1052700022626C61636B6F757473223A256C752CB6
:1052800022636F6D706C6574655F667073223A257A
:105290002E33662C227375626D69745F667073229B
:1052A0003A252E33662C2273686F775F63616C6CCE
:1052B0005F7573223A256C752C226D61785F736877
:1052C0006F775F63616C6C5F7573223A256C752C28
:1052D000226D61785F6C6F6F705F7573223A256C19
:1052E000752C2274656C656D657472795F736B697A
:1052F00070706564223A256C752C22646D615F6361
:105300006F6D706C65746564223A256C752C22642F
:105310006D615F656C61707365645F7573223A25BA
:105320006C752C22646D615F627573795F6465666C
:10533000657272616C73223A256C752C22706879E3
:10534000736963616C5F6670735F766572696669C5
:105350006564223A66616C73657D0A007465656EEA
:1053600073792D6172746E65742D746573740000A9
:10537000433A5C636F6465782D746F6F6C735C7413
:1053800065656E737934312D6C6962735C74656523
:105390006E737934315F756E77697265645F6265CB
:1053A0006E63685C466173744C45445C7372632F32
:1053B000666C2F6766782F726762772E6370702E27
:1053C00068707000524742573A206B524742574329
:1053D0006F6C6F72696D6574726963207265717547
:1053E00065737465642062757420464153544C455E
:1053F000445F524742575F434F4C4F52494D4554CB
:10540000524943206973206E6F7420646566696E2B
:10541000656420E280942066616C6C696E6720622E
:1054200061636B20746F206B52474257457861630C
:1054300074436F6C6F72732E20446566696E6520CD
:10544000464153544C45445F524742575F434F4C8B
:105450004F52494D45545249433D3120746F2065A8
:105460006E61626C652074686520636F6C6F726931
:105470006D657472696320706174682E00000000AD
:10548000524742573A206B52474257436F6C6F72F4
:10549000696D6574726963426F6F737465642072BD
:1054A0006571756573746564206275742046415337
:1054B000544C45445F524742575F434F4C4F52490B
:1054C0004D4554524943206973206E6F74206465C2
:1054D00066696E656420E280942066616C6C696E1A
:1054E00067206261636B20746F206B52474257459F
:1054F00078616374436F6C6F72732E2044656669C4
:105500006E6520464153544C45445F524742575FB5
:10551000434F4C4F52494D45545249433D312074FD
:105520006F20656E61626C652074686520636F6CC6
:105530006F72696D657472696320706174682E00A2
:10554000433A5C636F6465782D746F6F6C735C7441
:1055500065656E737934312D6C6962735C74656551
:105560006E737934315F756E77697265645F6265F9
:105570006E63685C466173744C45445C7372632F60
:10558000666C2F6766782F72676277772E6370700C
:105590002E6870700000000052474257573A206B47
:1055A0005247425757436F6C6F72696D65747269E9
:1055B0006320726571756972657320464153544C5E
:1055C00045445F524742575F434F4C4F52494D4508
:1055D000545249433D312028746865206D617468D8
:1055E000206C6962726172792074686174207072D3
:1055F0006F766964657320736F6C76655F7267623E
:10560000636374292E204F757470757474696E67A6
:10561000207A65726F732E0052474257573A206BBB
:105620005247425757436F6C6F72696D6574726968
:1056300063426F6F7374656420726571756972651A
:105640007320464153544C45445F524742575F4391
:105650004F4C4F52494D45545249433D312E204FF6
:10566000757470757474696E67207A65726F732EC5
:1056700000000000293A205741524E3A2000000015
:10568000293A204552524F523A200000293A2049E7
:105690004E464F3A2000000028000000433A5C6369
:1056A0006F6465782D746F6F6C735C7465656E7371
:1056B0007934312D6C6962735C7465656E7379340D
:1056C000315F756E77697265645F62656E63685C91
:1056D000466173744C45445C7372632F666C2F741F
:1056E00061736B2F7363686564756C65722E63708C
:1056F000702E6870700000005B666C3A3A746173DB
:105700006B5D205761726E696E673A206E6F207410
:1057100068656E28292063616C6C6261636B20731D
:10572000657420666F72205461736B230000000063
:10573000206C61756E6368656420617420000000F0
:10574000433A5C636F6465782D746F6F6C735C743F
:1057500065656E737934312D6C6962735C7465654F
:105760006E737934315F756E77697265645F6265F7
:105770006E63685C466173744C45445C7372632F5E
:10578000666C2F7461736B2F6578656375746F72C7
:105790002E6370702E687070000000007461736B6F
:1057A0003A3A72756E2072652D656E7472616E6321
:1057B000792064657465637465642C20736B69700B
:1057C00070696E67206E65737465642063616C6CCC
:1057D00000000000433A5C636F6465782D746F6F5E
:1057E0006C735C7465656E737934312D6C696273AA
:1057F0005C7465656E737934315F756E7769726557
:10580000645F62656E63685C466173744C45445CBA
:105810007372632F706C6174666F726D732F617237
:105820006D2F7465656E73792F636F726F75746910
:105830006E655F7465656E73792E696D706C2E6828
:1058400070700000436F726F7574696E65506C61A3
:1058500074666F726D5465656E73793A204661693E
:105860006C656420746F20616C6C6F63617465207B
:10587000737461636B00000050696E206E756D6219
:1058800065722065786365656473204E554D5F448D
:1058900049474954414C5F50494E5320666F72202E
:1058A0007468697320626F617264202D2070696E64
:1058B000206973206F7574206F662076616C69644F
:1058C0002072616E6765000050696E20646F6573B9
:1058D000206E6F74206D617020746F20612076617E
:1058E0006C6964204750494F20706F7274202847BC
:1058F00050494F362D3929202D206D617920626560
:1059000020612067726F756E642F706F7765722FDC
:10591000726561642D6F6E6C792070696E00000095
:105920005741524E494E473A2050696E20697320C4
:1059300053657269616C3120554152542028303DC5
:105940005258312C20313D54583129202D206D6181
:1059500079206361757365206E6F6973652F736954
:10596000676E616C2069737375657320616E642066
:105970006166666563742073657269616C20646535
:1059800062756767696E67005741524E494E473AE4
:105990002050696E2069732053657269616C3220F2
:1059A000554152542028373D5258322C20383D540E
:1059B000583229202D206D6179206361757365202F
:1059C0006E6F6973652F7369676E616C206973739D
:1059D000756573005741524E494E473A2050696EE3
:1059E0002069732053504920627573202831313D5E
:1059F0004D4F53492C2031323D4D49534F2C2031CE
:105A0000333D53434B29202D206D6179206361750F
:105A10007365206E6F69736520616E6420636F6EBD
:105A2000666C696374207769746820666C6173685A
:105A30002F5344207065726970686572616C7300E1
:105A40005741524E494E473A2050696E20697320A3
:105A50005350493120627573202832363D4D4F53E3
:105A600049312C2032373D53434B3129202D206DB5
:105A70006179206361757365206E6F69736520615C
:105A80006E6420636F6E666C6963742077697468F6
:105A9000207065726970686572616C730000000047
:105AA0005741524E494E473A2050696E2069732043
:105AB00049324320627573202831383D53444130C8
:105AC0002C2031393D53434C3029202D206D6179F4
:105AD000206361757365206E6F69736520616E6404
:105AE00020636F6E666C69637420776974682049FF
:105AF0003243206465766963657300005741524EF6
:105B0000494E473A2050696E20697320493243203C
:105B1000627573202831363D53434C312C20313788
:105B20003D5344413129202D206D617920636175F9
:105B30007365206E6F69736520616E6420636F6E9C
:105B4000666C696374207769746820493243206405
:105B50006576696365730000433A5C636F646578DA
:105B60002D746F6F6C735C7465656E737934312D51
:105B70006C6962735C7465656E737934315F756EE0
:105B800077697265645F62656E63685C46617374B1
:105B90004C45445C7372632F706C6174666F726DF8
:105BA000732F61726D2F7465656E73792F746565DF
:105BB0006E7379345F636F6D6D6F6E2F636C6F639F
:105BC0006B6C6573735F6F626A656374666C656442
:105BD0002E6370702E687070000000003D3D3D3DEA
:105BE0003D3D3D3D3D3D3D3D3D3D3D3D3D3D3D3DE5
:105BF0003D3D3D3D3D3D3D3D3D3D3D3D3D3D3D3DD5
:105C00003D3D3D3D3D3D3D3D3D3D3D3D3D3D3D3DC4
:105C10003D3D3D3D3D3D3D3D3D3D3D3D3D3D3D3DB4
:105C20003D3D3D3D3D3D3D3D3D3D3D3D0000000098
:105C3000464153544C4544204552524F523A20530A
:105C400074726970206F6E2070696E200000000011
:105C500020697320494E56414C494420616E6420AE
:105C6000686173206265656E2064697361626C654A
:105C700064000000464153544C4544205741524E65
:105C8000494E473A205374726970206F6E207069D4
:105C90006E200000206D617920686176652069734F
:105CA0007375657300000000464153544C45442011
:105CB0004552524F523A2050696E2000206973209D
:105CC000616C726561647920696E20757365202D41
:105CD0002073747269702064697361626C6564001A
:105CE000433A5C636F6465782D746F6F6C735C749A
:105CF00065656E737934312D6C6962735C746565AA
:105D00006E737934315F756E77697265645F626551
:105D10006E63685C466173744C45445C7372632FB8
:105D2000706C6174666F726D732F736861726564F5
:105D30002F636F726F7574696E655F636F6E7465E4
:105D400078742E6370702E68707000004641544164
:105D50004C3A20537461636B206F766572666C6F8A
:105D60007720646574656374656420696E20636F71
:105D7000726F7574696E6500433A5C636F64657831
:105D80002D746F6F6C735C7465656E737934312D2F
:105D90006C6962735C7465656E737934315F756EBE
:105DA00077697265645F62656E63685C466173748F
:105DB0004C45445C7372632F74686972645F7061F0
:105DC0007274792F6F626A6563745F666C65642FA5
:105DD0007372632F4F6A656374464C45442E63703B
:105DE000702E687070000000464153544C454420AA
:105DF000435249544943414C204552524F523A2054
:105E00004E6F2076616C69642070696E7320636FD9
:105E10006E6669677572656421000000416C6C20D4
:105E2000000000002070696E73206661696C656413
:105E30002076616C69646174696F6E2E00000000E9
:105E40004F626A656374464C4544206472697665A6
:105E5000722069732064697361626C6564202D200F
:105E60006E6F204C4544732077696C6C206265200E
:105E7000757064617465642E0000000046415354DF
:105E80004C4544205741524E494E473A2050696E86
:105E90002000000020646F6573206E6F74206D61B8
:105EA0007020746F204750494F362D3920286F6677
:105EB000667365743D000000546869732070696EF4
:105EC000206D617920626520612067726F756E6454
:105ED0002F706F7765722F726561642D6F6E6C79AC
:105EE0002070696E202D207374726970206469734C
:105EF00061626C6564000000464153544C45442087
:105F00005741524E494E473A204F6E6C792000005F
:105F1000206F6620000000002070696E732061729F
:105F2000652076616C696400537472697073206FC8
:105F30006E20696E76616C69642070696E7320777B
:105F4000696C6C206E6F742066756E6374696F6E19
:105F50002E000000716E65746865726E65742D6C3C
:105F60007769700025750000433A5C636F6465785B
:105F70002D746F6F6C735C7465656E737934312D3D
:105F80006C6962735C7465656E737934315F756ECC
:105F900077697265645F62656E63685C514E4574D3
:105FA0006865726E65745C7372635C716E6574684B
:105FB00065726E65745C514E45746865726E657489
:105FC0002E6370700000000045787065637465642E
:105FD00020636F6D706C65746520696E74657266A0
:105FE000616365206E616D652066696C6C00000000
:105FF000417373657274696F6E2022257322206667
:1060000061696C6564206174206C696E652025642B
:1060100020696E2025730A0025730000766563747D
:106020006F723A3A5F4D5F72616E67655F696E735A
:10603000657274004F7574707574207061636B6560
:106040007420746F6F206C6172676500433A5C6303
:106050006F6465782D746F6F6C735C7465656E73B7
:106060007934312D6C6962735C7465656E73793453
:10607000315F756E77697265645F62656E63685CD7
:10608000514E45746865726E65745C7372635C71C1
:106090006E65746865726E65745C514E45746865B2
:1060A000726E65745544502E6370700063616E6E3D
:1060B0006F7420637265617465207374643A3A7614
:1060C0006563746F72206C617267657220746861B9
:1060D0006E206D61785F73697A6528290000000081
:1060E000433A5C636F6465782D746F6F6C735C7496
:1060F00065656E737934312D6C6962735C746565A6
:106100006E737934315F756E77697265645F62654D
:106110006E63685C514E45746865726E65745C733D
:1061200072635C716E65746865726E65745C6472CE
:1061300069766572735C6472697665725F746565B1
:106140006E737934312E637070000000457870658D
:106150006374656420737061636520666F7220707C
:106160006275662066696C6C0000000025733A2534
:10617000643A257328290D0A00000000433A5C6345
:106180006F6465782D746F6F6C735C7465656E7386
:106190007934312D6C6962735C7465656E73793422
:1061A000315F756E77697265645F62656E63685CA6
:1061B000514E45746865726E65745C7372635C7190
:1061C0006E65746865726E65745C716E6574686521
:1061D000726E65745F68616C2E6370700000000001
:1061E00046756E6374696F6E2063616C6C656420C4
:1061F00066726F6D20696E7465727275707420635B
:106200006F6E746578740000656E74726F707920BB
:1062100067656E65726174696F6E206572726F7208
:1062200000000000433A5C636F6465782D746F6F03
:106230006C735C7465656E737934312D6C6962734F
:106240005C7465656E737934315F756E77697265FC
:10625000645F62656E63685C514E45746865726E1A
:1062600065745C7372635C6C7769705C6170707389
:106270005C6D646E735C6D646E732E630000000071
:106280006D646E735F726573705F72656D6F766556
:106290005F6E657469663A204E756C6C20706F692C
:1062A0006E7465720000000025640000696E2D6147
:1062B0006464720061727061000000006C6F636161
:1062C0006C0000005F73657276696365730000009F
:1062D0005F646E732D7364005F756470000000006E
:1062E0005F74637000000000433A5C636F6465781C
:1062F0002D746F6F6C735C7465656E737934312DBA
:106300006C6962735C7465656E737934315F756E48
:1063100077697265645F62656E63685C514E45744F
:106320006865726E65745C7372635C6C7769705CCF
:10633000697076345C6175746F69702E630000005B
:106340006E6574696620213D204E554C4C0000005E
:106350006175746F697020213D204E554C4C0000D2
:106360006E6574696620616C72656164792068612C
:1063700073206120737472756374206175746F6922
:106380007020736574000000433A5C636F64657845
:106390002D746F6F6C735C7465656E737934312D19
:1063A0006C6962735C7465656E737934315F756EA8
:1063B00077697265645F62656E63685C514E4574AF
:1063C0006865726E65745C7372635C6C7769705C2F
:1063D000697076345C646863702E6300646863700F
:1063E0005F6372656174655F6D73673A20636865AA
:1063F000636B2074686174206669727374207062C4
:1064000075662063616E20686F6C642073747275AA
:10641000637420646863705F6D73670064686370A1
:106420005F696E635F7063625F726566636F756EEE
:106430007428293A206D656D6F7279206C65616BE7
:1064400000000000646863705F6F7074696F6E3A7B
:10645000206F7074696F6E735F6F75745F6C656EBB
:10646000202B2032202B206F7074696F6E5F6C655B
:106470006E203C3D20444843505F4F5054494F4E9E
:10648000535F4C454E000000646863705F6F70742A
:10649000696F6E5F627974653A206F7074696F6EB0
:1064A000735F6F75745F6C656E203C204448435089
:1064B0005F4F5054494F4E535F4C454E0000000013
:1064C000646863705F6F7074696F6E5F6C6F6E6726
:1064D0003A206F7074696F6E735F6F75745F6C656F
:1064E0006E202B2034203C3D20444843505F4F50C9
:1064F00054494F4E535F4C454E0000006468637032
:106500005F7063625F726566636F756E7428293AA7
:1065100020726566636F756E74206572726F7200AB
:10652000444843503A20686F73746E616D6520690A
:106530007320746F6F206C6F6E67210063686563F2
:106540006B206465636F64655F69647800000000B8
:106550006468637020213D204E554C4C00000000C3
:106560006E6574696620616C72656164792068612A
:106570007320612073747275637420646863702083
:1065800073657400696E76616C6964206468637019
:106590002D3E737461746500433A5C636F64657883
:1065A0002D746F6F6C735C7465656E737934312D07
:1065B0006C6962735C7465656E737934315F756E96
:1065C00077697265645F62656E63685C514E45749D
:1065D0006865726E65745C7372635C6C7769705C1D
:1065E000697076345C6574686172702E63000000B7
:1065F000636865636B207468617420666972737484
:1066000020706275662063616E20686F6C64207311
:106610007472756374206574686172705F68647207
:10662000000000006E657469662D3E6877616464E1
:10663000725F6C656E206D7573742062652074687E
:10664000652073616D65206173204554485F48572C
:10665000414444525F4C454E20666F722065746819
:1066600061727021000000006172705F7461626C81
:10667000655B695D2E71203D3D204E554C4C000000
:106680006172705F7461626C655B695D2E737461C9
:106690007465203D3D204554484152505F5354415C
:1066A00054455F454D505459000000006172705FC1
:1066B0007461626C655B6172705F6964785D2E7392
:1066C00074617465203E3D204554484152505F53EB
:1066D000544154455F535441424C450069706164D4
:1066E000647220213D204E554C4C00006574685F5B
:1066F00072657420213D204E554C4C006E657469C6
:10670000662D3E6877616464725F6C656E203D3D06
:10671000204554485F4857414444525F4C454E0021
:106720006E6F207061636B6574207175657565733C
:1067300020616C6C6F776564210000007120213D41
:10674000204E554C4C000000433A5C636F64657802
:106750002D746F6F6C735C7465656E737934312D55
:106760006C6962735C7465656E737934315F756EE4
:1067700077697265645F62656E63685C514E4574EB
:106780006865726E65745C7372635C6C7769705C6B
:10679000697076345C69676D702E630069676D702F
:1067A0005F6C6F6F6B75705F67726F75703A2066A4
:1067B000697273742067726F7570206D75737420C1
:1067C000626520616C6C73797374656D7300000091
:1067D00069676D705F6C6F6F6B75705F67726F75F7
:1067E000703A20616C6C206578636570742066690E
:1067F0007273742067726F7570206D757374206E7C
:106800006F7420626520616C6C73797374656D734D
:106810000000000069676D705F73656E643A206305
:106820006865636B20746861742066697273742094
:10683000706275662063616E20686F6C642073748B
:10684000727563742069676D705F6D736700000017
:10685000433A5C636F6465782D746F6F6C735C741E
:1068600065656E737934312D6C6962735C7465652E
:106870006E737934315F756E77697265645F6265D6
:106880006E63685C514E45746865726E65745C73C6
:1068900072635C6C7769705C697076345C697034C3
:1068A0002E630000702D3E726566203D3D20310054
:1068B000636865636B2074686174206669727374C1
:1068C00020706275662063616E20686F6C6420734F
:1068D00074727563742069705F68647200000000F0
:1068E000433A5C636F6465782D746F6F6C735C748E
:1068F00065656E737934312D6C6962735C7465659E
:106900006E737934315F756E77697265645F626545
:106910006E63685C514E45746865726E65745C7335
:1069200072635C6C7769705C697076345C69703432
:106930005F616464722E6300756E68616E646C657D
:1069400064000000433A5C636F6465782D746F6F78
:106950006C735C7465656E737934312D6C69627328
:106960005C7465656E737934315F756E77697265D5
:10697000645F62656E63685C514E45746865726EF3
:1069800065745C7372635C6C7769705C6970763493
:106990005C6970345F667261672E630073616E6953
:1069A000747920636865636B206C696E6B65642025
:1069B0006C6973740000000070637220213D204EEA
:1069C000554C4C007072657620213D206970720034
:1069D000707265762D3E6E657874203D3D2069703D
:1069E0007200000070627566735F66726565642090
:1069F0002B20636C656E203C3D20307866666666B1
:106A00000000000069705F72656173735F7062758A
:106A100066636F756E74203E3D2070627566735FAD
:106A2000667265656400000073616E697479206345
:106A30006865636B0000000076616C696461746571
:106A40005F646174616772616D3A6E6578745F70DE
:106A5000627566213D4E554C4C00000069705F72B6
:106A6000656173735F70627566636F756E74203EE7
:106A70003D20636C656E00006E6F742066697273F2
:106A800074616C74686F756768206A7573742065CB
:106A90006E7175657565640074686973206E6565EF
:106AA00064732061207062756620696E206F6E6568
:106AB0002070696563652100702D3E6C656E203E17
:106AC0003D20706F66660000433A5C636F646578D2
:106AD0002D746F6F6C735C7465656E737934312DD2
:106AE0006C6962735C7465656E737934315F756E61
:106AF00077697265645F62656E63685C514E457468
:106B00006865726E65745C7372635C6C7769705CE7
:106B10006D656D2E630000006D616C6C6F632829DC
:106B2000206D7573742072657475726E20616C6966
:106B3000676E6564206D656D6F727900726D656D4D
:106B400020213D204E554C4C00000000726D656DBB
:106B5000203D3D204D454D5F414C49474E28726DCB
:106B6000656D2900433A5C636F6465782D746F6FBF
:106B70006C735C7465656E737934312D6C69627306
:106B80005C7465656E737934315F756E77697265B3
:106B9000645F62656E63685C514E45746865726ED1
:106BA00065745C7372635C6C7769705C6D656D7045
:106BB0002E6300006D656D705F6D616C6C6F633A84
:106BC000206D656D702070726F7065726C792061D8
:106BD0006C69676E656400006D656D705F667265F7
:106BE000653A206D656D2070726F7065726C7920EA
:106BF000616C69676E656400433A5C636F646578D5
:106C00002D746F6F6C735C7465656E737934312DA0
:106C10006C6962735C7465656E737934315F756E2F
:106C200077697265645F62656E63685C514E457436
:106C30006865726E65745C7372635C6C7769705CB6
:106C40006E657469662E63006E657469665F69734C
:106C50007375655F7265706F7274733A20696E76D2
:106C6000616C6964206E65746966000063616C6CB8
:106C70006261636B206D75737420626520213D2015
:106C80004E554C4C00000000666E206D75737420EC
:106C9000626520213D204E554C4C00006E657469A4
:106CA00066206D75737420626520213D204E554C21
:106CB0004C00000073696E676C65206E65746966D0
:106CC00020616C7265616479207365740000000056
:106CD0006E657469662D3E6877616464725F6C6589
:106CE0006E203C3D204E455449465F4D41585F481B
:106CF00057414444525F4C454E000000433A5C63A8
:106D00006F6465782D746F6F6C735C7465656E73FA
:106D10007934312D6C6962735C7465656E73793496
:106D2000315F756E77697265645F62656E63685C1A
:106D3000514E45746865726E65745C7372635C6C09
:106D40007769705C706275662E63000070627566AC
:106D500020726566206F766572666C6F7700000042
:106D6000706275665F636F7079206661696C6564D7
:106D700000000000696E76616C696420706275665F
:106D80005F747970650000007020213D204E554CE5
:106D90004C000000706275665F667265653A20702F
:106DA0002D3E726566203E203000000070632D3E4F
:106DB000637573746F6D5F667265655F66756E632C
:106DC00074696F6E20213D204E554C4C0000000030
:106DD000696E76616C696420706275662074797082
:106DE00065000000706275665F616C6C6F633A20CD
:106DF0006572726F6E656F757320747970650000CF
:106E0000706275665F7265616C6C6F633A207020AA
:106E1000213D204E554C4C00706275665F72656175
:106E20006C6C6F633A207120213D204E554C4C0014
:106E30006D656D5F7472696D2072657475726E65D3
:106E4000642072203D3D204E554C4C006D656D5FB9
:106E50007472696D2072657475726E65642072203B
:106E6000213D2071000000004372656174696E6706
:106E700020616E20696E66696E697465206C6F6F43
:106E800070000000702D3E746F745F6C656E203D65
:106E90003D20702D3E6C656E20286F66206C6173FE
:106EA00074207062756620696E20636861696E295E
:106EB000000000006F66667365745F746F203C3D70
:106EC00020705F746F2D3E6C656E00006F66667398
:106ED00065745F66726F6D203C3D20705F66726FF7
:106EE0006D2D3E6C656E0000706275665F74616B3F
:106EF000653A20696E76616C69642070627566001F
:106F0000646964206E6F7420636F707920616C6CAB
:106F10002064617461000000433A5C636F646578CB
:106F20002D746F6F6C735C7465656E737934312D7D
:106F30006C6962735C7465656E737934315F756E0C
:106F400077697265645F62656E63685C514E457413
:106F50006865726E65745C7372635C6C7769705C93
:106F60007261772E63000000726177207063622087
:106F7000726563762063616C6C6261636B20616C27
:106F800074657265642070627566207061796C6FDB
:106F9000616420706F696E74657220776974686FC0
:106FA000757420656174696E67207061636B6574C8
:106FB00000000000433A5C636F6465782D746F6F66
:106FC0006C735C7465656E737934312D6C696273B2
:106FD0005C7465656E737934315F756E776972655F
:106FE000645F62656E63685C514E45746865726E7D
:106FF00065745C7372635C6C7769705C7463702E2B
:107000006300000070636220213D204E554C4C000F
:107010007463705F667265653A204C495354454EFF
:10702000000000007463705F7570646174655F7266
:1070300063765F616E6E5F776E643A20696E76612B
:107040006C696420706362006E65775F7263765F5F
:10705000616E6E5F776E64203C3D203078666666B8
:1070600066000000646F6E27742063616C6C20748E
:1070700063705F72656376656420666F72206C6909
:107080007374656E2D706362730000007463705FCB
:107090007365675F636F70793A20696E76616C69BA
:1070A00064207365670000007463705F736C6F77B2
:1070B000746D723A20616374697665207063622D25
:1070C0003E737461746520213D20434C4F53454409
:1070D000000000007463705F736C6F77746D723AB8
:1070E00020616374697665207063622D3E737461FC
:1070F000746520213D204C495354454E000000004A
:107100007463705F736C6F77746D723A206163742F
:10711000697665207063622D3E7374617465202109
:107120003D2054494D452D57414954007463705FCB
:10713000736C6F7774696D723A20706572736973DE
:1071400074207469636B696E67207769746820695D
:107150006E2D666C6967687420646174610000005C
:107160007463705F736C6F7774696D723A207065C9
:107170007273697374207469636B696E67207769D1
:10718000746820656D7074792073656E6420627513
:1071900066666572000000007463705F736C6F77E1
:1071A000746D723A206D6964646C6520746370203C
:1071B000213D207463705F6163746976655F7063FD
:1071C000627300007463705F736C6F77746D723AF2
:1071D00020666972737420706362203D3D20746381
:1071E000705F6163746976655F706362730000004D
:1071F0007463705F736C6F77746D723A2054494D8D
:10720000452D57414954207063622D3E737461745B
:1072100065203D3D2054494D452D574149540000BE
:107220007463705F736C6F77746D723A206D69640C
:10723000646C652074637020213D207463705F74FA
:10724000775F7063627300007463705F736C6F7755
:10725000746D723A20666972737420706362203DA7
:107260003D207463705F74775F7063627300000029
:107270007463705F7063625F72656D6F76653A20EC
:10728000696E76616C696420706362007463705F1C
:107290007063625F72656D6F76653A20696E7661C4
:1072A0006C6964207063626C69737400756E7365D9
:1072B0006E74207365676D656E7473206C65616BA9
:1072C000696E6700756E61636B6564207365676DD9
:1072D000656E7473206C65616B696E6700000000F9
:1072E0006F6F736571207365676D656E7473206C65
:1072F00065616B696E670000646F6E27742063615F
:107300006C6C207463705F61626F72742F74637051
:107310005F6162616E646F6E20666F72206C69736C
:1073200074656E2D70636273000000007463705F9B
:10733000636C6F73655F73687574646F776E3A2002
:10734000696E76616C696420706362007063622D9F
:107350003E666C61677320262054465F5258434C4A
:107360004F534544000000007463705F66726565AA
:107370005F6C697374656E3A20214C495354454ED5
:10738000000000007463705F6E6578745F697373EA
:107390003A20696E76616C69642070636200000057
:1073A0007463705F6566665F73656E645F6D73734B
:1073B0005F6E657469663A20696E76616C696420F7
:1073C0006473745F69700000433A5C636F6465784E
:1073D0002D746F6F6C735C7465656E737934312DC9
:1073E0006C6962735C7465656E737934315F756E58
:1073F00077697265645F62656E63685C514E45745F
:107400006865726E65745C7372635C6C7769705CDE
:107410007463705F696E2E63000000007063622DFC
:107420003E736E645F71756575656C656E203E3D7B
:1074300020706275665F636C656E286E6578742D6A
:107440003E7029007463705F726563656976653AA2
:107450002076616C6964207175657565206C656E58
:10746000677468007463705F726563656976653A16
:107470002077726F6E67207374617465000000007E
:10748000696E7365672E7020213D204E554C4C006F
:10749000696E73616E65206F6666736574210000A6
:1074A0007062756620746F6F2073686F727421004C
:1074B0007463705F726563656976653A20736567AA
:1074C0006D656E74206E6F74207472696D6D656485
:1074D00020636F72726563746C7920746F207263BD
:1074E000765F776E640000007463705F7265636539
:1074F0006976653A207365676D656E74206E6F748A
:10750000207472696D6D656420636F727265637457
:107510006C7920746F206F6F73657120717565755C
:10752000650000007463705F726563656976653A33
:10753000207463706C656E203E207263765F776E98
:10754000640000007463705F726563656976653A14
:10755000206F6F736571207463706C656E203E20C0
:107560007263765F776E64007463705F696E7075C6
:10757000743A20696E76616C696420706275660089
:10758000702D3E6E65787420213D204E554C4C0088
:10759000702D3E6C656E203D3D203000702D3E7498
:1075A0006F745F6C656E203D3D20702D3E6E65787A
:1075B000742D3E746F745F6C656E00007463705F51
:1075C000696E7075743A20616374697665207063C2
:1075D000622D3E737461746520213D20434C4F53EE
:1075E000454400007463705F696E7075743A206181
:1075F0006374697665207063622D3E73746174658F
:1076000020213D2054494D452D574149540000004B
:107610007463705F696E7075743A20616374697623
:1076200065207063622D3E737461746520213D2076
:107630004C495354454E00007463705F696E707519
:10764000743A207063622D3E6E65787420213D206F
:1076500070636220286265666F726520636163688B
:10766000652900007463705F696E7075743A2070EC
:1076700063622D3E6E65787420213D207063622028
:107680002861667465722063616368652900000083
:107690007463705F696E7075743A2054494D452D5E
:1076A00057414954207063622D3E737461746520A4
:1076B0003D3D2054494D452D57414954000000009F
:1076C0007463705F696E7075743A207063622D3EEA
:1076D000737461746520213D20434C4F5345440031
:1076E0007063622D3E736E645F71756575656C6560
:1076F0006E203E20300000006E6F207365676D6560
:107700006E7420746F206672656500007063622D70
:107710003E6C697374656E65722D3E61636365705E
:107720007420213D204E554C4C0000007063622DAA
:107730003E726566757365645F64617461203D3D8A
:10774000204E554C4C000000433A5C636F646578F2
:107750002D746F6F6C735C7465656E737934312D45
:107760006C6962735C7465656E737934315F756ED4
:1077700077697265645F62656E63685C514E4574DB
:107780006865726E65745C7372635C6C7769705C5B
:107790007463705F6F75742E630000007463705FB4
:1077A0006372656174655F7365676D656E743A20B9
:1077B000696E76616C69642070636200702D3E743E
:1077C0006F745F6C656E203E3D206F70746C656EEB
:1077D00000000000636865636B2074686174206654
:1077E0006972737420706275662063616E20686FC1
:1077F0006C6420737472756374207463705F686462
:10780000720000007463705F7273743A20696E7660
:10781000616C6964206C6F63616C5F69700000006B
:107820007463705F7273743A20696E76616C696418
:107830002072656D6F74655F697000007463705FBE
:1078400073706C69745F756E73656E745F73656772
:107850003A20696E76616C69642070636200000092
:1078600043616E27742073706C6974207365676D53
:10787000656E7420696E746F206C656E6774682025
:107880003000000073706C6974203C3D206D737390
:10789000000000007463705F656E71756575655FEB
:1078A000666C6167733A206E65656420656974680B
:1078B0006572205443505F53594E206F72205443D9
:1078C000505F46494E20696E20666C6167732028C0
:1078D00070726F6772616D6D65722076696F6C6131
:1078E0007465732041504929000000007463705F83
:1078F000656E71756575655F666C6167733A206961
:107900006E76616C69642070636200007463705FFE
:10791000656E71756575655F666C6167733A206346
:107920006865636B20746861742066697273742083
:10793000706275662063616E20686F6C64206F7082
:10794000746C656E000000007365672D3E74637093
:10795000686472206E6F7420616C69676E65640084
:107960007463705F656E71756575655F666C616780
:10797000733A20696E76616C6964207365676D6522
:107980006E74206C656E6774680000007463705FCD
:10799000656E71756575655F666C6167733A2069C0
:1079A0006E76616C6964207175657565206C656EB5
:1079B000677468007463705F73656E645F66696E98
:1079C0003A20696E76616C69642070636200000021
:1079D0007463705F7265786D69745F72746F5F70E5
:1079E0007265706172653A20696E76616C696420B7
:1079F000706362007463705F7265786D69743A20B9
:107A0000696E76616C696420706362007463705F94
:107A10007265786D69745F666173743A20696E7619
:107A2000616C696420706362000000007463705FC1
:107A300073656E645F656D7074795F61636B3A2026
:107A4000696E76616C696420706362007463705F54
:107A50006F75747075743A20696E76616C69642014
:107A600070636200646F6E27742063616C6C2074B5
:107A700063705F6F757470757420666F72206C69C7
:107A80007374656E2D70636273000000525354204E
:107A90006E6F7420657870656374656420686572C4
:107AA000652100006F7074696F6E73206E6F7420B3
:107AB00066696C6C656400007463705F7265786DF4
:107AC00069745F72746F5F636F6D6D69743A20697A
:107AD0006E76616C69642070636200007463705F2D
:107AE0007265786D69745F72746F3A20696E766141
:107AF0006C696420706362007463705F6B656570AD
:107B0000616C6976653A20696E76616C6964207093
:107B1000636200007463705F7A65726F5F77696E8D
:107B2000646F775F70726F62653A20696E76616C20
:107B30006964207063620000433A5C636F64657837
:107B40002D746F6F6C735C7465656E737934312D51
:107B50006C6962735C7465656E737934315F756EE0
:107B600077697265645F62656E63685C514E4574E7
:107B70006865726E65745C7372635C6C7769705C67
:107B800074696D656F7574732E6300007379735F2C
:107B900074696D656F75743A2074696D656F75747D
:107BA00020213D204E554C4C2C20706F6F6C204D89
:107BB000454D505F5359535F54494D454F555420DF
:107BC000697320656D7074790000000054696D65FB
:107BD0006F75742074696D6520746F6F206C6F6EA3
:107BE000672C206D6178206973204C5749505F5590
:107BF000494E5433325F4D41582F34206D736563C5
:107C000073000000696E76616C696420736C656551
:107C10007074696D65000000433A5C636F64657859
:107C20002D746F6F6C735C7465656E737934312D70
:107C30006C6962735C7465656E737934315F756EFF
:107C400077697265645F62656E63685C514E457406
:107C50006865726E65745C7372635C6C7769705C86
:107C60007564702E630000007564705F696E7075D6
:107C7000743A20696E76616C696420706275660082
:107C80007564705F696E7075743A20696E76616CA8
:107C90006964206E65746966000000007062756634
:107CA0005F72656D6F76655F686561646572206699
:107CB00061696C6564000000636865636B207468CB
:107CC00061742066697273742070627566206361E6
:107CD0006E20686F6C6420737472756374207564B1
:107CE000705F686472000000433A5C636F6465789B
:107CF0002D746F6F6C735C7465656E737934312DA0
:107D00006C6962735C7465656E737934315F756E2E
:107D100077697265645F62656E63685C514E457435
:107D20006865726E65745C7372635C6E65746966B7
:107D30005C65746865726E65742E63006E65746947
:107D4000662D3E6877616464725F6C656E206D7548
:107D50007374206265203620666F722065746865D2
:107D6000726E65745F6F7574707574210000000029
:107D7000433A5C636F6465782D746F6F6C735C74E9
:107D800065656E737934312D6C6962735C746565F9
:107D90006E737934315F756E77697265645F6265A1
:107DA0006E63685C514E45746865726E65745C7391
:107DB00072635C716E65746865726E65745C6C7715
:107DC00069705F686F6F6B732E63707000000000E6
:107DD000456E74726F70792067656E657261746943
:107DE0006F6E206572726F7200000000433A5C6330
:107DF0006F6465782D746F6F6C735C7465656E73FA
:107E00007934312D6C6962735C7465656E73793495
:107E1000315F756E77697265645F62656E63685C19
:107E2000514E45746865726E65745C7372635C6C08
:107E30007769705C646E732E63000000646E73205B
:107E4000736572766572206F7574206F662061723B
:107E500072617900756E6B6E6F776E20646E735F02
:107E60007461626C6520656E7472792073746174DC
:107E7000653A00002E6C6F63616C0000433A5C63EE
:107E80006F6465782D746F6F6C735C7465656E7369
:107E90007934312D6C6962735C7465656E73793405
:107EA000315F756E77697265645F62656E63685C89
:107EB000514E45746865726E65745C7372635C6C78
:107EC0007769705C697076345C6163642E6300006E
:107ED0006163645F636F6E666C6963745F63616C3A
:107EE0006C6261636B20213D204E554C4C000000BC
:107EF000433A5C636F6465782D746F6F6C735C7468
:107F000065656E737934312D6C6962735C74656577
:107F10006E737934315F756E77697265645F62651F
:107F20006E63685C514E45746865726E65745C730F
:107F300072635C6C7769705C697076345C69636DE0
:107F4000702E6300636865636B20746861742066DB
:107F50006972737420706275662063616E20686F49
:107F60006C642069636D70206D6573736167650073
:107F700069636D705F696E7075743A206D6F7669B4
:107F80006E6720722D3E7061796C6F616420746F32
:107F90002069636D7020686561646572206661693F
:107FA0006C65640069636D705F696E7075743A200A
:107FB000726573746F72696E67206F726967696E3C
:107FC000616C20702D3E7061796C6F616420666118
:107FD000696C6564000000006261645F66756E63D1
:107FE00074696F6E5F63616C6C000000474C4942BE
:107FF0004358585F54554E41424C455300000000D1
:108000006F626A5F73697A65000000006F626A5F81
:10801000636F756E74000000676C69626378782E18
:1080200065685F706F6F6C007374643A3A62616484
:108030005F657863657074696F6E00006261736973
:10804000635F737472696E673A3A5F535F636F6E12
:10805000737472756374206E756C6C206E6F74200F
:1080600076616C696400000062617369635F7374B8
:1080700072696E673A3A5F535F6372656174650057
:108080004C435F434F4C4C41544500004C435F43CD
:1080900054595045000000004C435F4D4F4E45542D
:1080A000415259004C435F4E554D455249430000E3
:1080B0004C435F54494D45004C435F4D455353413C
:1080C0004745530042616C6C6F6320737563636551
:1080D00065646564000000002F646174612F6A6547
:1080E0006E6B696E732F776F726B73706163652F40
:1080F000474E552D746F6F6C636861696E2F6172A6
:108100006D2D31352D352F7372632F6E65776C6948
:10811000622D63796777696E2F6E65776C69622F60
:108120006C6962632F7374646C69622F6D70726521
:10813000632E6300494E4600696E66004E414E0054
:108140006E616E0030313233343536373839616222
:1081500063646566000000003031323334353637F1
:10816000383941424344454600000000286E756C92
:108170006C2900002C2066756E6374696F6E3A205E
:1081800000000000617373657274696F6E202225B0
:108190007322206661696C65643A2066696C6520AB
:1081A000222573222C206C696E6520256425732599
:1081B000730A0000496E66696E69747900000000F8
:1081C0004E614E002F646174612F6A656E6B696E3B
:1081D000732F776F726B73706163652F474E552DE8
:1081E000746F6F6C636861696E2F61726D2D3135CC
:1081F0002D352F7372632F6E65776C69622D6379ED
:108200006777696E2F6E65776C69622F6C69626340
:108210002F7374646C69622F64746F612E63000045
:108220007800CB0000007A00E202CB007F007003F0
:10823000AD0385002A031D078B006001470A8E00ED
:10824000A802A70B9200BA014F0E0000E9470100F7
:10825000ED470100F1470100F5470100FC3800201F
:10826000D435002028390020F4350020CC350020FA
:10827000FC38002018360020283900203C36002029
:10828000743500202839002064360020C4350020D1
:108290002839002074360020943500202839002029
:1082A00088360020C4350020283900209C36002064
:1082B000C4350020FC380020B4360020FC380020F3
:1082C000C43600204E31305F5F6378786162697632
:1082D0003131355F5F666F726365645F756E7769B4
:1082E0006E6445004E31305F5F6378786162697615
:1082F0003131375F5F636C6173735F747970655F91
:10830000696E666F450000004E31305F5F637878BC
:10831000616269763131395F5F666F726569676E78
:108320005F657863657074696F6E45004E31305FCC
:108330005F637878616269763132305F5F73695F5D
:10834000636C6173735F747970655F696E666F45A6
:1083500000000000537431316C6F6769635F6572B0
:10836000726F7200537431326C656E6774685F654A
:1083700072726F7200000000537431336261645F87
:10838000657863657074696F6E00000053743137EF
:108390006261645F66756E6374696F6E5F63616C62
:1083A0006C000000537439657863657074696F6E92
:1083B00000000000537439747970655F696E666FF0
:1083C0000000000000000000000000006D7A0000C6
:1083D0000000000000000000A1470100495C01000E
:1083E000455C0100415C01003D5C01001149010058
:1083F00015490100395C0100000000000000000088
:1084000071070000CD040000000000000000000023
:10841000615201007D0B0000350A00006900000078
:1084200075000000C5010000E10100006D000000C2
:108430006152010000000000000000007107000010
:10844000CD040000B9050000CD050000BD0000000E
:108450007D0B0000350A0000690000007500000077
:10846000990D000041080000C100000049140000FF
:10847000000000000000000071070000CD040000B3
:10848000E9050000FD050000B10000007D0B0000C3
:10849000350A00006900000075000000E10C0000D2
:1084A000E9080000B50000001913000000000000FA
:1084B0000000000071070000CD0400001906000054
:1084C0002D060000A50000007D0B0000350A00000D
:1084D000690000007500000031110000CD080000A7
:1084E000A9000000E91100000000000000000000E9
:1084F00071070000CD040000490600005D06000081
:10850000990000007D0B0000350A000069000000A2
:108510007500000079100000B10800009D00000007
:1085200005090000000000000000000071070000C5
:10853000CD040000790600008D0600008D000000CB
:108540007D0B0000350A0000690000007500000086
:10855000C10F00009508000091000000D91700002D
:10856000000000000000000071070000CD040000C2
:10857000A9060000BD060000810000007D0B000080
:10858000350A00006900000075000000090F0000B6
:108590007908000085000000A91600000000000016
:1085A0000000000071070000CD040000D9060000A3
:1085B000ED060000710000007D0B0000350A000090
:1085C0006900000075000000510E00005D08000009
:1085D0007900000079150000000000000000000094
:1085E000A94701000000000074350020A5750100B6
:1085F000B975010029730100297301003976010062
:108600006575010019760100D575010099750100A5
:108610000000000088350020097201001D72010071
:108620002973010029730100397601006575010085
:10863000F972010079720100397201000000000036
:1086400000000000194700009D470000152F0000A2
:10865000192F00001D2F0000212F0000252F0000E2
:10866000292F00002D2F00001D46000000000000F3
:1086700000000000112F0000852F0000552F000082
:10868000F92E0000992F0000052F000000000000C7
:108690000000000061520100615201000000000072
:1086A00000000000615201007D0B0000350A00004F
:1086B00069000000CD5E0000C5010000E10100007E
:1086C0006D0000000000000000000000392F0000D5
:1086D000452F0000CD2F00003D2F000000000000BE
:1086E000000000000000000000000000152F000046
:1086F000192F00001D2F0000212F0000252F000042
:10870000292F00002D2F0000D94E000061520100DA
:10871000D14E0000F55D0000D54E000000000000C5
:10872000000000008D4F0000914F0000F14E00004E
:10873000E54E0000F54E0000F94E0000FD4E000031
:10874000014F0000E94E0000ED4E0000054F000013
:108750000000000000000000BD500000DD500000DF
:10876000152F0000192F00001D2F0000212F0000E1
:10877000252F0000292F00002D2F0000D94E0000CA
:10878000A55D0000D14E0000F55D0000D54E000053
:108790000000000000000000894F0000A54F00000D
:1087A000E14E0000E54E0000CD4F0000B94F000043
:1087B000655000004D520000094F0000154F0000A9
:1087C0009150000000000000000000008D810000BA
:1087D0005D83000011810000618000006580000061
:1087E0007D8000009D800000FD8B0000058C000056
:1087F000B9800000D58500002D860000DD880000CE
:10880000A98300003181000059840000F580000038
:1088100049800000A186000029870000B58400007F
:1088200051800000FD84000059800000F0FFFFFF30
:108830000000000045850000998300008D85000040
:10884000A183000000000000943500205D7301004A
:10885000DD7301005973010000000000A035002005
:108860009D73010025740100597301000000000090
:10887000AC3500200D6A0100196A0100116A01007F
:1088800000000000B8350020F96501000D66010008
:10889000F1650100D15E0000E95E0000015F0000AB
:1088A000F5300000312F0000352F0000F5410000A9
:1088B000BD45000075450000C92E0000E12E0000F6
:1088C0006175746F69705F73746F70006468637052
:1088D0005F72656C656173655F616E645F73746F11
:1088E000700000006574686172705F6F75747075F8
:1088F0007400000069676D705F6C65617665677212
:108900006F75705F6E657469660000006970345F32
:108910006F75747075745F69665F6F70745F737282
:10892000630000006E657469665F72656D6F7665E1
:108930005F6578745F63616C6C6261636B000000FB
:108940007463705F696E7075740000007463705FAB
:108950006F757470757400007564705F6E65775F15
:1089600069705F747970650065746865726E6574AE
:108970005F6F7574707574006D646E735F7265738C
:10898000705F616E6E6F756E636500006175746F08
:1089900069705F73746172740000000064686370D2
:1089A0005F72656E657700006574686172705F69FB
:1089B0006E707574000000006970345F696E7075C8
:1089C000740000006E657469665F6164645F657859
:1089D000745F63616C6C6261636B00007379735FD9
:1089E000636865636B5F74696D656F7574730000B0
:1089F0007564705F6E65770065746865726E657426
:108A00005F696E70757400006163645F6164640027
:108A10006E657469665F72656D6F76650000000053
:108A20006E657469665F7365745F6164647200008B
:108A30007463705F6162616E646F6E006E6574690D
:108A4000665F6164640000007463705F636C6F73E1
:108A50006500000069676D705F6A6F696E67726FAD
:108A600075705F6E65746966000000007379735FEE
:108A7000756E74696D656F75740000007564705F64
:108A800072656D6F766500006175746F69705F73F4
:108A900065745F737472756374000000646863705A
:108AA0005F737461727400006E657469665F6765F8
:108AB000745F62795F696E64657800007379735FD3
:108AC00074696D656F7574007564705F7265637647
:108AD000000000007463705F74696D65725F6E659D
:108AE0006564656400000000646863705F736574AA
:108AF0005F737472756374006E657469665F736525
:108B0000745F6C696E6B5F646F776E007564705F25
:108B1000636F6E6E656374006D646E735F72657310
:108B2000705F72656D6F76655F6E65746966000073
:108B30006E657469665F7365745F6C696E6B5F7593
:108B4000700000007463705F616C6C6F6300000004
:108B50006E657469665F7365745F646F776E00003D
:108B60007564705F62696E64000000006E65746910
:108B7000665F7365745F7570000000007564705FF8
:108B800073656E64746F5F69665F73726300000083
:108B90006E657469665F7365745F64656661756C44
:108BA000740000007463705F726563766564000032
:108BB0007564705F696E707574000000002020207D
:108BC000202020202020282828282820202020207D
:108BD000202020202020202020202020208810104D
:108BE00010101010101010101010101010040404A9
:108BF0000404040404040410101010101010414167
:108C00004141414101010101010101010101010154
:108C10000101010101010101101010101010424268
:108C20004242424202020202020202020202020224
:108C300002020202020202021010101020000000C4
:108C40000000000000000000000000000000000024
:108C50000000000000000000000000000000000014
:108C60000000000000000000000000000000000004
:108C700000000000000000000000000000000000F4
:108C800000000000000000000000000000000000E4
:108C900000000000000000000000000000000000D4
:108CA00000000000000000000000000000000000C4
:108CB00000000000000000000000000000000000B4
:108CC00020202020202020202020202020202020A4
:108CD0002020202020202020202020202020202094
:108CE0002020202020202020202020202020202084
:108CF00000000042C8801F40B8821F4008000000EA
:108D000000000042C4801F40B4821F4004000000E5
:108D100000C0004224801F4014821F401000000049
:108D200000C0004228801F4018821F402000000021
:108D300000C000422C801F401C821F4040000000E9
:108D400000C0004234801F4024821F400001000008
:108D50000040004264811F4054831F400004000013
:108D60000040004280811F4070831F4000000200CD
:108D7000004000427C811F406C831F4000000100C6
:108D80000040004268811F4058831F4000080000D7
:108D9000004000423C811F402C831F400100000026
:108DA0000040004244811F4034831F400400000003
:108DB0000040004240811F4030831F4002000000FD
:108DC0000040004248811F4038831F4008000000D7
:108DD0000000004204811F40F4821F400000040094
:108DE0000000004208811F40F8821F400000080078
:108DF0000000004218811F4008831F4000008000CF
:108E00000000004214811F4004831F400000400006
:108E10000000004200811F40F0821F40000002005D
:108E200000000042FC801F40EC821F400000010057
:108E30000000004224811F4014831F4000000004F2
:108E40000000004228811F4018831F4000000008D6
:108E5000000000421C811F400C831F4000000001E5
:108E60000000004220811F4010831F4000000002CC
:108E700000000042EC801F40DC821F400010000018
:108E800000000042F0801F40E0821F4000200000F0
:108E90000000004234811F4024831F400000004036
:108EA0000000004238811F4028831F4000000080DE
:108EB0000080004294801F4084821F400000040014
:108EC00000C0004290801F4080821F400000008050
:108ED00000800042A8801F4098821F400000800050
:108EE00000800042A4801F4094821F400000400088
:108EF000004000426C811F405C831F400010000056
:108F000000C0004230801F4020821F4080000000CF
:108F100000400042B0811F40A0831F40000000209D
:108F200000400042AC811F409C831F4000000010A5
:108F30000040004284811F4074831F4000000400F1
:108F40000040004288811F4078831F4000000800D5
:108F5000000000422C811F401C831F4000000010B5
:108F60000000004230811F4020831F40000000208D
:108F7000000000420C811F40FC821F4000001000D6
:108F80000000004210811F4000831F4000002000AD
:108F900000800042C8811F40B8831F40008000004D
:108FA00000800042C4811F40B4831F400040000085
:108FB00000800042C0811F40B0831F40002000009D
:108FC00000800042BC811F40AC831F4000100000A5
:108FD00000800042D0811F40C0831F40000002007B
:108FE00000800042CC811F40BC831F400000010074
:108FF00000C0004274801F4064821F4000000001D6
:1090000000C0004280801F4070821F4000000008A6
:1090100000C0004284801F4074821F400000001086
:1090200000C000426C801F405C821F400000400076
:1090300000C000427C801F406C821F400000000482
:1090400000C0004278801F4068821F40000000027C
:1090500000C0004288801F4078821F40000000202E
:10906000E00000FBE8150020F015002000000000E3
:109070000C000000690000000B00000076000000FA
:1090800077000000160000000B00000070000000D8
:10909000780000007F00000080000000FFFFFFFF5D
:1090A0007100000068000000800000000500000062
:1090B000FFFFFFFFFFFF00000000000000000000B6
:1090C00000000000FFFFFFFFFA00000085FD000028
:1090D000E803000095D50000E803000065C2000029
:1090E00060EA0000ADBC0000F4010000B1BE000069
:1090F000640000007940010064000000BDCC000065
:10910000E8030000413C010018000F0090B220204D
:10911000F09B00201000090000B22020F49B0020EA
:109120001000100000B02020F89B0020FC0510006B
:1091300040502020FC9B00201C00040098BC2020F4
:10914000009C002020000500F8B32020049C002093
:109150001000100000B12020089C00209C00080096
:1091600078B620200C9C00201C00080098B5202018
:10917000109C00201000100098B42020149C0020A7
:109180002800080058BB2020189C002048440020DC
:10919000904400206C440020784400208444002047
:1091A000544400201844002024440020604400203F
:1091B000304400203C44002005000000190000005D
:1091C0007D000000010203040506070707070707E3
:1091D0000700000030FD002028FD002024FD0020B5
:1091E00038FD002003060C183060780000010000F4
:1091F000D44E002012000000000600002828006065
:109200000A00000000020000C427006062000000A5
:10921000000700006027006062000000EE0300000D
:10922000144F002012000000000004EEEC4E00205D
:1092300028000000000300005C2700600000000020
:109240000103090444270060000000000203090430
:109250002C2700600000000003030904284F0020B1
:1092600000000000000000000000000000000000FE
:10927000E00000FB303030303030303030303030D3
:1092800030303030303030303030303030303030DE
:1092900030303030303030303030303030303030CE
:1092A00030303030000000000000000000000000FE
:1092B000B8450020B8450020C0450020C04500202A
:1092C000C8450020C8450020D0450020D0450020DA
:1092D000D8450020D8450020E0450020E04500208A
:1092E000E8450020E8450020F0450020F04500203A
:1092F000F8450020F84500200046002000460020E8
:109300000846002008460020104600201046002095
:109310001846002018460020204600202046002045
:1093200028460020284600203046002030460020F5
:1093300038460020384600204046002040460020A5
:109340004846002048460020504600205046002055
:109350005846002058460020604600206046002005
:1093600068460020684600207046002070460020B5
:109370007846002078460020804600208046002065
:109380008846002088460020904600209046002015
:109390009846002098460020A0460020A0460020C5
:1093A000A8460020A8460020B0460020B046002075
:1093B000B8460020B8460020C0460020C046002025
:1093C000C8460020C8460020D0460020D0460020D5
:1093D000D8460020D8460020E0460020E046002085
:1093E000E8460020E8460020F0460020F046002035
:1093F000F8460020F84600200047002000470020E3
:109400000847002008470020104700201047002090
:109410001847002018470020204700202047002040
:1094200028470020284700203047002030470020F0
:1094300038470020384700204047002040470020A0
:109440004847002048470020504700205047002050
:109450005847002058470020604700206047002000
:1094600068470020684700207047002070470020B0
:109470007847002078470020804700208047002060
:109480008847002088470020904700209047002010
:109490009847002098470020A0470020A0470020C0
:1094A000A8470020A8470020B0470020B047002070
:1094B000B8470020B8470020C0470020C047002020
:1094C000C8470020C8470020D0470020D0470020D0
:1094D000D8470020D8470020E0470020E047002080
:1094E000E8470020E8470020F0470020F047002030
:1094F000F8470020F84700200048002000480020DE
:10950000084800200848002010480020104800208B
:10951000184800201848002020480020204800203B
:1095200028480020284800203048002030480020EB
:10953000384800203848002040480020404800209B
:10954000484800204848002050480020504800204B
:1095500058480020584800206048002060480020FB
:1095600068480020684800207048002070480020AB
:10957000784800207848002080480020804800205B
:10958000884800208848002090480020904800200B
:109590009848002098480020A0480020A0480020BB
:1095A000A8480020A8480020B0480020B04800206B
:1095B000B8480020B8480020C0480020C04800201B
:1095C000C8480020C8480020D0480020D0480020CB
:1095D000D8480020D8480020E0480020E04800207B
:1095E000E8480020E8480020F0480020F04800202B
:1095F000F8480020F84800200049002000490020D9
:109600000849002008490020104900201049002086
:109610001849002018490020204900202049002036
:1096200028490020284900203049002030490020E6
:109630003849002038490020404900204049002096
:109640004849002048490020504900205049002046
:1096500058490020584900206049002060490020F6
:1096600068490020684900207049002070490020A6
:109670007849002078490020804900208049002056
:109680008849002088490020904900209049002006
:109690009849002098490020A0490020A0490020B6
:1096A000A8490020A8490020B0490020B049002066
:1096B0000000000054640020BC64002024650020E9
:1096C000000000000000000000000000000000009A
:1096D000000000000000000000000000000000008A
:1096E000000000000000000000000000000000007A
:1096F000000000000000000000000000000000006A
:109700000000000000000000000000000000000059
:109710000000000000000000000000000000000049
:109720000000000000000000000000000000000039
:109730000000000000000000000000000000000029
:109740000000000000000000010000000000000018
:109750000E33CDAB34126DE6ECDE05000B000000DD
:1097600000000000000000000000000000000000F9
:1097700000000000000000000000000000000000E9
:1097800000000000000000000000000000000000D9
:1097900000000000000000000000000000000000C9
:1097A00000000000000000000000000000000000B9
:1097B00000000000000000000000000000000000A9
:1097C0000000000000000000000000000000000099
:1097D0000000000000000000000000000000000089
:1097E0000000000000000000000000000000000079
:1097F0000000000000000000000000000000000069
:109800000000000000000000000000000000000058
:109810000000000000000000000000000000000048
:109820000000000000000000000000000000000038
:109830000000000000000000000000000000000028
:109840000000000000000000000000000000000018
:109850000000000000000000000000000000000008
:1098600000000000000000000000000000000000F8
:1098700000000000000000000000000000000000E8
:1098800000000000000000000000000000000000D8
:1098900000000000000000000000000000000000C8
:1098A00000000000000000000000000000000000B8
:1098B0000029DE07007B9A17E83600200000000030
:1098C000E8030000000000003D4D0100857001002C
:1098D000FD2F0000013000006400000001010000C5
:1098E000C052002080530020DC3600200000000021
:1098F0000000000000000000000000000000000068
:109900000000000000000000000000000000000057
:10991000314F0000000000000000000000000000C7
:10992000354F00000000000000000000594A000010
:109930000000000000000000000000001D4A0000C0
:109940008439002001005E00000000001064002047
:10995000E0ED2020000000004300000000000000B7
:1099600000000000000000000000000000000000F7
:1099700000000000000000004300000000000000A4
:1099800000000000000000000000000000000000D7
:109990000000000000000000430000000000000084
:1099A00000000000000000000000000000000000B7
:1099B0000000000000000000430000000000000064
:1099C0000000000000000000000000000000000097
:1099D0000000000000000000430000000000000044
:1099E0000000000000000000000000000000000077
:1099F0000000000000000000430000000000000024
:109A00000000000000000000000000000000000056
:109A10000000000000000000430000000000000003
:109A20000000000000000000000000000000000036
:109A300000000000000000004300000000000000E3
:109A40000000000000000000000000000000000016
:109A50000000000000000000000000000000000006
:109A600000000000000000000000000000000000F6
:109A700000000000000000000000000000000000E6
:109A800000000000000000000000000000000000D6
:109A900000000000000000000000000000000000C6
:109AA00000000000000000000000000000000000B6
:109AB00000000000000000000000000000000000A6
:109AC0000000000000000000000000000000000096
:109AD0000000000000000000000000000000000086
:109AE0000000000000000000000000000000000076
:109AF0000000000000000000000000000000000066
:109B00000000000000000000000000000000000055
:109B10000000000000000000000000000000000045
:109B20008DB3010079AB010000000000CC3E0020A5
:109B3000601200208814002088140020881400205F
:109B40008814002088140020881400208814002025
:109B50008814002088140020FFFFFFFFFFFFFFFF95
:109B6000FFFFFFFFFFFF0000010041534349490091
:109B700000000000000000000000000000000000E5
:109B8000000000000000000000004153434949006C
:109B900000000000000000000000000000000000C5
:109BA000000000000000000000000000FFFFFFFFB9
:109BB00000000200000000000300000054640020C8
:109BC000C049002012010002EF020140C0168304C8
:109BD0008002010203010000906B002028000000B9
:109BE00000010400010000000000000002015749CC
:109BF0004E5553420000000000000000000000002D
:109C00000000000012034D005300460054003100D4
:109C100030003000F80000000C03000000000000DD
:109C2000000000000000000000000000000000C074
:109C300000C004010100000000000000000000005E
:109C40000000000000000000000000000000000014
:109C50000000000000000000000000000000000004
:109C600000000000000000000000000000000000F4
:109C700000000000000000000000000000000000E4
:109C800000000000000000000000000000000000D4
:109C900000000000000000000000000000000000C4
:109CA00000000000000000000000000000000000B4
:109CB00000000000000000000000000000000000A4
:109CC0000000000000000000000000000000000094
:109CD0000000000000000000000000000000000084
:109CE0000000000000000000000000000000000074
:109CF0000000000000000000000000000000000064
:109D00000000000000000000000000000000000053
:109D10000000000000000000000000000000000043
:109D20000000000000000000000000000000000033
:109D30000000000000000000000000000000000023
:109D40000000000000000000000000000000000013
:109D50000000000000000000000000000000000003
:109D600000000000000000000000000000000000F3
:109D700000000000000000000000000000000000E3
:109D800000000000000000000000000000000000D3
:109D900000000000000000000000000000000000C3
:109DA00000000000000000000000000000000000B3
:109DB00000000000000000000000000000000000A3
:109DC0000000000000000000000000000000000093
:109DD0000000000000000000000000000000000083
:109DE0000000000000000000000000000000000073
:109DF0000000000000000000000000000000000063
:109E00000000000000000000000000000000000052
:109E10000000000000000000000000000000000042
:109E20000000000000000000000000000000000032
:109E30000000000000000000000000000000000022
:109E40000000000000000000000000000000000012
:109E50000000000000000000000000000000000002
:109E600000000000000000000000000000000000F2
:109E700000000000000000000000000000000000E2
:109E800000000000000000000000000000000000D2
:109E900000000000000000000000000000000000C2
:109EA00000000000000000000000000000000000B2
:109EB00000000000000000000000000000000000A2
:109EC0000000000000000000000000000000000092
:109ED0000000000000000000000000000000000082
:109EE0000000000000000000000000000000000072
:109EF0000000000000000000000000000000000062
:109F00000000000000000000000000000000000051
:109F10000000000000000000000000000000000041
:109F20000000000000000000000000000000000031
:109F30000000000000000000000000000000000021
:109F40000000000000000000000000000000000011
:109F50000000000000000000000000000000000001
:109F600000000000000000000000000000000000F1
:109F700000000000000000000000000000000000E1
:109F800000000000000000000000000000000000D1
:109F900000000000000000000000000000000000C1
:109FA00000000000000000000000000000000000B1
:109FB000FFFFFFFFFFFFFFFFFFFFFFFFFFFFFFFFB1
:109FC000FFFFFFFFFFFFFFFFFFFFFFFFFFFFFFFFA1
:109FD000FFFFFFFFFFFFFFFFFFFFFFFFFFFFFFFF91
:109FE000FFFFFFFFFFFFFFFFFFFFFFFFFFFFFFFF81
:109FF000FFFFFFFFFFFFFFFFFFFFFFFFFFFFFFFF71
:10A000000000000000000000000000000000000050
:10A010000000000000000000000000000000000040
:10A020000000000000000000000000000000000030
:10A030000000000000000000000000000000000020
:10A040000000000000000000000000000000000010
:10A050000000000000000000000000000000000000
:10A0600000000000000000000000000000000000F0
:10A0700000000000000000000000000000000000E0
:10A0800000000000000000000000000000000000D0
:10A0900000000000000000000000000000000000C0
:10A0A00000000000000000000000000000000000B0
:10A0B00000000000000000000000000000000000A0
:10A0C0000000000000000000000000000000000090
:10A0D0000000000000000000000000000000000080
:10A0E0000000000000000000000000000000000070
:10A0F0000000000000000000000000000000000060
:10A10000000000000000000000000000000000004F
:10A11000000000000000000000000000000000003F
:10A12000000000000000000000000000000000002F
:10A13000000000000000000000000000000000001F
:10A14000000000000000000000000000000000000F
:10A1500000000000000000000000000000000000FF
:10A1600000000000000000000000000000000000EF
:10A1700000000000000000000000000000000000DF
:10A1800000000000000000000000000000000000CF
:10A1900000000000000000000000000000000000BF
:10A1A00000000000000000000000000000000000AF
:10A1B000000000000000000000000000000000009F
:10A1C000000000000000000000000000000000008F
:10A1D000000000000000000000000000000000007F
:10A1E000000000000000000000000000000000006F
:10A1F000000000000000000000000000000000005F
:10A20000000000000000000000000000000000004E
:10A21000000000000000000000000000000000003E
:10A22000000000000000000000000000000000002E
:10A23000000000000000000000000000000000001E
:10A24000000000000000000000000000000000000E
:10A2500000000000000000000000000000000000FE
:10A2600000000000000000000000000000000000EE
:10A2700000000000000000000000000000000000DE
:10A2800000000000000000000000000000000000CE
:10A2900000000000000000000000000000000000BE
:10A2A00000000000000000000000000000000000AE
:10A2B000000000000000000000000000000000009E
:10A2C000000000000000000000000000000000008E
:10A2D000000000000000000000000000000000007E
:10A2E000000000000000000000000000000000006E
:10A2F000000000000000000000000000000000005E
:10A30000000000000000000000000000000000004D
:10A31000000000000000000000000000000000003D
:10A32000000000000000000000000000000000002D
:10A33000000000000000000000000000000000001D
:10A34000000000000000000000000000000000000D
:10A3500000000000000000000000000000000000FD
:10A3600000000000000000000000000000000000ED
:10A3700000000000000000000000000000000000DD
:10A3800000000000000000000000000000000000CD
:10A3900000000000000000000000000000000000BD
:10A3A00000000000000000000000000000000000AD
:10A3B000000000000000000000000000000000009D
:10A3C000000000000000000000000000000000008D
:10A3D000000000000000000000000000000000007D
:10A3E000000000000000000000000000000000006D
:10A3F000000000000000000000000000000000005D
:10A40000000000000000000000000000000000004C
:10A41000000000000000000000000000000000003C
:10A42000000000000000000000000000000000002C
:10A43000000000000000000000000000000000001C
:10A44000000000000000000000000000000000000C
:10A4500000000000000000000000000000000000FC
:10A4600000000000000000000000000000000000EC
:10A4700000000000000000000000000000000000DC
:10A4800000000000000000000000000000000000CC
:10A4900000000000000000000000000000000000BC
:10A4A00000000000000000000000000000000000AC
:10A4B000000000000000000000000000000000009C
:10A4C000000000000000000000000000000000008C
:10A4D000000000000000000000000000000000007C
:10A4E000000000000000000000000000000000006C
:10A4F000000000000000000000000000000000005C
:10A50000000000000000000000000000000000004B
:10A51000000000000000000000000000000000003B
:10A52000000000000000000000000000000000002B
:10A53000000000000000000000000000000000001B
:10A54000000000000000000000000000000000000B
:10A5500000000000000000000000000000000000FB
:10A5600000000000000000000000000000000000EB
:10A5700000000000000000000000000000000000DB
:10A5800000000000000000000000000000000000CB
:10A5900000000000000000000000000000000000BB
:10A5A00000000000000000000000000000000000AB
:10A5B000000000000000000000000000000000009B
:10A5C000000000000000000000000000000000008B
:10A5D000000000000000000000000000000000007B
:10A5E000000000000000000000000000000000006B
:10A5F000000000000000000000000000000000005B
:10A60000000000000000000000000000000000004A
:10A61000000000000000000000000000000000003A
:10A62000000000000000000000000000000000002A
:10A63000000000000000000000000000000000001A
:10A64000000000000000000000000000000000000A
:10A6500000000000000000000000000000000000FA
:10A6600000000000000000000000000000000000EA
:10A6700000000000000000000000000000000000DA
:10A6800000000000000000000000000000000000CA
:10A6900000000000000000000000000000000000BA
:10A6A00000000000000000000000000000000000AA
:10A6B000000000000000000000000000000000009A
:10A6C000000000000000000000000000000000008A
:10A6D000000000000000000000000000000000007A
:10A6E000000000000000000000000000000000006A
:10A6F000000000000000000000000000000000005A
:10A700000000000000000000000000000000000049
:10A710000000000000000000000000000000000039
:10A720000000000000000000000000000000000029
:10A730000000000000000000000000000000000019
:10A740000000000000000000000000000000000009
:10A7500000000000000000000000000000000000F9
:10A7600000000000000000000000000000000000E9
:10A7700000000000000000000000000000000000D9
:10A7800000000000000000000000000000000000C9
:10A7900000000000000000000000000000000000B9
:10A7A00000000000000000000000000000000000A9
:10A7B0000000000000000000000000000000000099
:10A7C0000000000000000000000000000000000089
:10A7D0000000000000000000000000000000000079
:10A7E0000000000000000000000000000000000069
:10A7F0000000000000000000000000000000000059
:10A800000000000000000000000000000000000048
:10A810000000000000000000000000000000000038
:10A820000000000000000000000000000000000028
:10A830000000000000000000000000000000000018
:10A840000000000000000000000000000000000008
:10A8500000000000000000000000000000000000F8
:10A8600000000000000000000000000000000000E8
:10A8700000000000000000000000000000000000D8
:10A8800000000000000000000000000000000000C8
:10A8900000000000000000000000000000000000B8
:10A8A00000000000000000000000000000000000A8
:10A8B0000000000000000000000000000000000098
:10A8C0000000000000000000000000000000000088
:10A8D0000000000000000000000000000000000078
:10A8E0000000000000000000000000000000000068
:10A8F0000000000000000000000000000000000058
:10A900000000000000000000000000000000000047
:10A910000000000000000000000000000000000037
:10A920000000000000000000000000000000000027
:10A930000000000000000000000000000000000017
:10A940000000000000000000000000000000000007
:10A9500000000000000000000000000000000000F7
:10A9600000000000000000000000000000000000E7
:10A9700000000000000000000000000000000000D7
:10A9800000000000000000000000000000000000C7
:10A9900000000000000000000000000000000000B7
:10A9A00000000000000000000000000000000000A7
:10A9B0000000000000000000000000000000000097
:10A9C0000000000000000000000000000000000087
:10A9D0000000000000000000000000000000000077
:10A9E0000000000000000000000000000000000067
:10A9F0000000000000000000000000000000000057
:10AA00000000000000000000000000000000000046
:10AA10000000000000000000000000000000000036
:10AA20000000000000000000000000000000000026
:10AA30000000000000000000000000000000000016
:10AA40000000000000000000000000000000000006
:10AA500000000000000000000000000000000000F6
:10AA600000000000000000000000000000000000E6
:10AA700000000000000000000000000000000000D6
:10AA800000000000000000000000000000000000C6
:10AA900000000000000000000000000000000000B6
:10AAA00000000000000000000000000000000000A6
:10AAB0000000000000000000000000000000000096
:10AAC0000000000000000000000000000000000086
:10AAD0000000000000000000000000000000000076
:10AAE0000000000000000000000000000000000066
:10AAF0000000000000000000000000000000000056
:10AB00000000000000000000000000000000000045
:10AB10000000000000000000000000000000000035
:10AB20000000000000000000000000000000000025
:10AB30000000000000000000000000000000000015
:10AB40000000000000000000000000000000000005
:10AB500000000000000000000000000000000000F5
:10AB600000000000000000000000000000000000E5
:10AB700000000000000000000000000000000000D5
:10AB800000000000000000000000000000000000C5
:10AB900000000000000000000000000000000000B5
:10ABA00000000000000000000000000000000000A5
:10ABB0000000000000000000000000000000000095
:10ABC0000000000000000000000000000000000085
:10ABD0000000000000000000000000000000000075
:10ABE0000000000000000000000000000000000065
:10ABF0000000000000000000000000000000000055
:040000056000100087
:00000001FF
