:0200000460009A
:100000004643464200000156000000000101020084
:1000100000000000000000000000000000000000E0
:1000200000000000000000000000000000000000D0
:1000300000000000000000000000000000000000C0
:1000400000000000010406010000000000000000A4
:100050000000800000000000000000000000000020
:100060000000000000000000000000000000000090
:100070000000000000000000000000000000000080
:10008000EB04180AFF1E04320126000000000000E5
:100090000000000000000000000000000000000060
:1000A0000000000000000000000000000000000050
:1000B0000000000000000000000000000000000040
:1000C0000000000000000000000000000000000030
:1000D0000000000000000000000000000000000020
:1000E0000000000000000000000000000000000010
:1000F0000000000000000000000000000000000000
:1001000000000000000000000000000000000000EF
:1001100000000000000000000000000000000000DF
:1001200000000000000000000000000000000000CF
:1001300000000000000000000000000000000000BF
:1001400000000000000000000000000000000000AF
:10015000000000000000000000000000000000009F
:10016000000000000000000000000000000000008F
:10017000000000000000000000000000000000007F
:10018000000000000000000000000000000000006F
:10019000000000000000000000000000000000005F
:1001A000000000000000000000000000000000004F
:1001B000000000000000000000000000000000003F
:1001C000000100000010000001000000000000001D
:1001D000000001000000000000000000000000001E
:1001E000000000000000000000000000000000000F
:1001F00000000000000000000000000000000000FF
:10020000FFFFFFFFFFFFFFFFFFFFFFFFFFFFFFFFFE
:10021000FFFFFFFFFFFFFFFFFFFFFFFFFFFFFFFFEE
:10022000FFFFFFFFFFFFFFFFFFFFFFFFFFFFFFFFDE
:10023000FFFFFFFFFFFFFFFFFFFFFFFFFFFFFFFFCE
:10024000FFFFFFFFFFFFFFFFFFFFFFFFFFFFFFFFBE
:10025000FFFFFFFFFFFFFFFFFFFFFFFFFFFFFFFFAE
:10026000FFFFFFFFFFFFFFFFFFFFFFFFFFFFFFFF9E
:10027000FFFFFFFFFFFFFFFFFFFFFFFFFFFFFFFF8E
:10028000FFFFFFFFFFFFFFFFFFFFFFFFFFFFFFFF7E
:10029000FFFFFFFFFFFFFFFFFFFFFFFFFFFFFFFF6E
:1002A000FFFFFFFFFFFFFFFFFFFFFFFFFFFFFFFF5E
:1002B000FFFFFFFFFFFFFFFFFFFFFFFFFFFFFFFF4E
:1002C000FFFFFFFFFFFFFFFFFFFFFFFFFFFFFFFF3E
:1002D000FFFFFFFFFFFFFFFFFFFFFFFFFFFFFFFF2E
:1002E000FFFFFFFFFFFFFFFFFFFFFFFFFFFFFFFF1E
:1002F000FFFFFFFFFFFFFFFFFFFFFFFFFFFFFFFF0E
:10030000FFFFFFFFFFFFFFFFFFFFFFFFFFFFFFFFFD
:10031000FFFFFFFFFFFFFFFFFFFFFFFFFFFFFFFFED
:10032000FFFFFFFFFFFFFFFFFFFFFFFFFFFFFFFFDD
:10033000FFFFFFFFFFFFFFFFFFFFFFFFFFFFFFFFCD
:10034000FFFFFFFFFFFFFFFFFFFFFFFFFFFFFFFFBD
:10035000FFFFFFFFFFFFFFFFFFFFFFFFFFFFFFFFAD
:10036000FFFFFFFFFFFFFFFFFFFFFFFFFFFFFFFF9D
:10037000FFFFFFFFFFFFFFFFFFFFFFFFFFFFFFFF8D
:10038000FFFFFFFFFFFFFFFFFFFFFFFFFFFFFFFF7D
:10039000FFFFFFFFFFFFFFFFFFFFFFFFFFFFFFFF6D
:1003A000FFFFFFFFFFFFFFFFFFFFFFFFFFFFFFFF5D
:1003B000FFFFFFFFFFFFFFFFFFFFFFFFFFFFFFFF4D
:1003C000FFFFFFFFFFFFFFFFFFFFFFFFFFFFFFFF3D
:1003D000FFFFFFFFFFFFFFFFFFFFFFFFFFFFFFFF2D
:1003E000FFFFFFFFFFFFFFFFFFFFFFFFFFFFFFFF1D
:1003F000FFFFFFFFFFFFFFFFFFFFFFFFFFFFFFFF0D
:10040000FFFFFFFFFFFFFFFFFFFFFFFFFFFFFFFFFC
:10041000FFFFFFFFFFFFFFFFFFFFFFFFFFFFFFFFEC
:10042000FFFFFFFFFFFFFFFFFFFFFFFFFFFFFFFFDC
:10043000FFFFFFFFFFFFFFFFFFFFFFFFFFFFFFFFCC
:10044000FFFFFFFFFFFFFFFFFFFFFFFFFFFFFFFFBC
:10045000FFFFFFFFFFFFFFFFFFFFFFFFFFFFFFFFAC
:10046000FFFFFFFFFFFFFFFFFFFFFFFFFFFFFFFF9C
:10047000FFFFFFFFFFFFFFFFFFFFFFFFFFFFFFFF8C
:10048000FFFFFFFFFFFFFFFFFFFFFFFFFFFFFFFF7C
:10049000FFFFFFFFFFFFFFFFFFFFFFFFFFFFFFFF6C
:1004A000FFFFFFFFFFFFFFFFFFFFFFFFFFFFFFFF5C
:1004B000FFFFFFFFFFFFFFFFFFFFFFFFFFFFFFFF4C
:1004C000FFFFFFFFFFFFFFFFFFFFFFFFFFFFFFFF3C
:1004D000FFFFFFFFFFFFFFFFFFFFFFFFFFFFFFFF2C
:1004E000FFFFFFFFFFFFFFFFFFFFFFFFFFFFFFFF1C
:1004F000FFFFFFFFFFFFFFFFFFFFFFFFFFFFFFFF0C
:10050000FFFFFFFFFFFFFFFFFFFFFFFFFFFFFFFFFB
:10051000FFFFFFFFFFFFFFFFFFFFFFFFFFFFFFFFEB
:10052000FFFFFFFFFFFFFFFFFFFFFFFFFFFFFFFFDB
:10053000FFFFFFFFFFFFFFFFFFFFFFFFFFFFFFFFCB
:10054000FFFFFFFFFFFFFFFFFFFFFFFFFFFFFFFFBB
:10055000FFFFFFFFFFFFFFFFFFFFFFFFFFFFFFFFAB
:10056000FFFFFFFFFFFFFFFFFFFFFFFFFFFFFFFF9B
:10057000FFFFFFFFFFFFFFFFFFFFFFFFFFFFFFFF8B
:10058000FFFFFFFFFFFFFFFFFFFFFFFFFFFFFFFF7B
:10059000FFFFFFFFFFFFFFFFFFFFFFFFFFFFFFFF6B
:1005A000FFFFFFFFFFFFFFFFFFFFFFFFFFFFFFFF5B
:1005B000FFFFFFFFFFFFFFFFFFFFFFFFFFFFFFFF4B
:1005C000FFFFFFFFFFFFFFFFFFFFFFFFFFFFFFFF3B
:1005D000FFFFFFFFFFFFFFFFFFFFFFFFFFFFFFFF2B
:1005E000FFFFFFFFFFFFFFFFFFFFFFFFFFFFFFFF1B
:1005F000FFFFFFFFFFFFFFFFFFFFFFFFFFFFFFFF0B
:10060000FFFFFFFFFFFFFFFFFFFFFFFFFFFFFFFFFA
:10061000FFFFFFFFFFFFFFFFFFFFFFFFFFFFFFFFEA
:10062000FFFFFFFFFFFFFFFFFFFFFFFFFFFFFFFFDA
:10063000FFFFFFFFFFFFFFFFFFFFFFFFFFFFFFFFCA
:10064000FFFFFFFFFFFFFFFFFFFFFFFFFFFFFFFFBA
:10065000FFFFFFFFFFFFFFFFFFFFFFFFFFFFFFFFAA
:10066000FFFFFFFFFFFFFFFFFFFFFFFFFFFFFFFF9A
:10067000FFFFFFFFFFFFFFFFFFFFFFFFFFFFFFFF8A
:10068000FFFFFFFFFFFFFFFFFFFFFFFFFFFFFFFF7A
:10069000FFFFFFFFFFFFFFFFFFFFFFFFFFFFFFFF6A
:1006A000FFFFFFFFFFFFFFFFFFFFFFFFFFFFFFFF5A
:1006B000FFFFFFFFFFFFFFFFFFFFFFFFFFFFFFFF4A
:1006C000FFFFFFFFFFFFFFFFFFFFFFFFFFFFFFFF3A
:1006D000FFFFFFFFFFFFFFFFFFFFFFFFFFFFFFFF2A
:1006E000FFFFFFFFFFFFFFFFFFFFFFFFFFFFFFFF1A
:1006F000FFFFFFFFFFFFFFFFFFFFFFFFFFFFFFFF0A
:10070000FFFFFFFFFFFFFFFFFFFFFFFFFFFFFFFFF9
:10071000FFFFFFFFFFFFFFFFFFFFFFFFFFFFFFFFE9
:10072000FFFFFFFFFFFFFFFFFFFFFFFFFFFFFFFFD9
:10073000FFFFFFFFFFFFFFFFFFFFFFFFFFFFFFFFC9
:10074000FFFFFFFFFFFFFFFFFFFFFFFFFFFFFFFFB9
:10075000FFFFFFFFFFFFFFFFFFFFFFFFFFFFFFFFA9
:10076000FFFFFFFFFFFFFFFFFFFFFFFFFFFFFFFF99
:10077000FFFFFFFFFFFFFFFFFFFFFFFFFFFFFFFF89
:10078000FFFFFFFFFFFFFFFFFFFFFFFFFFFFFFFF79
:10079000FFFFFFFFFFFFFFFFFFFFFFFFFFFFFFFF69
:1007A000FFFFFFFFFFFFFFFFFFFFFFFFFFFFFFFF59
:1007B000FFFFFFFFFFFFFFFFFFFFFFFFFFFFFFFF49
:1007C000FFFFFFFFFFFFFFFFFFFFFFFFFFFFFFFF39
:1007D000FFFFFFFFFFFFFFFFFFFFFFFFFFFFFFFF29
:1007E000FFFFFFFFFFFFFFFFFFFFFFFFFFFFFFFF19
:1007F000FFFFFFFFFFFFFFFFFFFFFFFFFFFFFFFF09
:10080000FFFFFFFFFFFFFFFFFFFFFFFFFFFFFFFFF8
:10081000FFFFFFFFFFFFFFFFFFFFFFFFFFFFFFFFE8
:10082000FFFFFFFFFFFFFFFFFFFFFFFFFFFFFFFFD8
:10083000FFFFFFFFFFFFFFFFFFFFFFFFFFFFFFFFC8
:10084000FFFFFFFFFFFFFFFFFFFFFFFFFFFFFFFFB8
:10085000FFFFFFFFFFFFFFFFFFFFFFFFFFFFFFFFA8
:10086000FFFFFFFFFFFFFFFFFFFFFFFFFFFFFFFF98
:10087000FFFFFFFFFFFFFFFFFFFFFFFFFFFFFFFF88
:10088000FFFFFFFFFFFFFFFFFFFFFFFFFFFFFFFF78
:10089000FFFFFFFFFFFFFFFFFFFFFFFFFFFFFFFF68
:1008A000FFFFFFFFFFFFFFFFFFFFFFFFFFFFFFFF58
:1008B000FFFFFFFFFFFFFFFFFFFFFFFFFFFFFFFF48
:1008C000FFFFFFFFFFFFFFFFFFFFFFFFFFFFFFFF38
:1008D000FFFFFFFFFFFFFFFFFFFFFFFFFFFFFFFF28
:1008E000FFFFFFFFFFFFFFFFFFFFFFFFFFFFFFFF18
:1008F000FFFFFFFFFFFFFFFFFFFFFFFFFFFFFFFF08
:10090000FFFFFFFFFFFFFFFFFFFFFFFFFFFFFFFFF7
:10091000FFFFFFFFFFFFFFFFFFFFFFFFFFFFFFFFE7
:10092000FFFFFFFFFFFFFFFFFFFFFFFFFFFFFFFFD7
:10093000FFFFFFFFFFFFFFFFFFFFFFFFFFFFFFFFC7
:10094000FFFFFFFFFFFFFFFFFFFFFFFFFFFFFFFFB7
:10095000FFFFFFFFFFFFFFFFFFFFFFFFFFFFFFFFA7
:10096000FFFFFFFFFFFFFFFFFFFFFFFFFFFFFFFF97
:10097000FFFFFFFFFFFFFFFFFFFFFFFFFFFFFFFF87
:10098000FFFFFFFFFFFFFFFFFFFFFFFFFFFFFFFF77
:10099000FFFFFFFFFFFFFFFFFFFFFFFFFFFFFFFF67
:1009A000FFFFFFFFFFFFFFFFFFFFFFFFFFFFFFFF57
:1009B000FFFFFFFFFFFFFFFFFFFFFFFFFFFFFFFF47
:1009C000FFFFFFFFFFFFFFFFFFFFFFFFFFFFFFFF37
:1009D000FFFFFFFFFFFFFFFFFFFFFFFFFFFFFFFF27
:1009E000FFFFFFFFFFFFFFFFFFFFFFFFFFFFFFFF17
:1009F000FFFFFFFFFFFFFFFFFFFFFFFFFFFFFFFF07
:100A0000FFFFFFFFFFFFFFFFFFFFFFFFFFFFFFFFF6
:100A1000FFFFFFFFFFFFFFFFFFFFFFFFFFFFFFFFE6
:100A2000FFFFFFFFFFFFFFFFFFFFFFFFFFFFFFFFD6
:100A3000FFFFFFFFFFFFFFFFFFFFFFFFFFFFFFFFC6
:100A4000FFFFFFFFFFFFFFFFFFFFFFFFFFFFFFFFB6
:100A5000FFFFFFFFFFFFFFFFFFFFFFFFFFFFFFFFA6
:100A6000FFFFFFFFFFFFFFFFFFFFFFFFFFFFFFFF96
:100A7000FFFFFFFFFFFFFFFFFFFFFFFFFFFFFFFF86
:100A8000FFFFFFFFFFFFFFFFFFFFFFFFFFFFFFFF76
:100A9000FFFFFFFFFFFFFFFFFFFFFFFFFFFFFFFF66
:100AA000FFFFFFFFFFFFFFFFFFFFFFFFFFFFFFFF56
:100AB000FFFFFFFFFFFFFFFFFFFFFFFFFFFFFFFF46
:100AC000FFFFFFFFFFFFFFFFFFFFFFFFFFFFFFFF36
:100AD000FFFFFFFFFFFFFFFFFFFFFFFFFFFFFFFF26
:100AE000FFFFFFFFFFFFFFFFFFFFFFFFFFFFFFFF16
:100AF000FFFFFFFFFFFFFFFFFFFFFFFFFFFFFFFF06
:100B0000FFFFFFFFFFFFFFFFFFFFFFFFFFFFFFFFF5
:100B1000FFFFFFFFFFFFFFFFFFFFFFFFFFFFFFFFE5
:100B2000FFFFFFFFFFFFFFFFFFFFFFFFFFFFFFFFD5
:100B3000FFFFFFFFFFFFFFFFFFFFFFFFFFFFFFFFC5
:100B4000FFFFFFFFFFFFFFFFFFFFFFFFFFFFFFFFB5
:100B5000FFFFFFFFFFFFFFFFFFFFFFFFFFFFFFFFA5
:100B6000FFFFFFFFFFFFFFFFFFFFFFFFFFFFFFFF95
:100B7000FFFFFFFFFFFFFFFFFFFFFFFFFFFFFFFF85
:100B8000FFFFFFFFFFFFFFFFFFFFFFFFFFFFFFFF75
:100B9000FFFFFFFFFFFFFFFFFFFFFFFFFFFFFFFF65
:100BA000FFFFFFFFFFFFFFFFFFFFFFFFFFFFFFFF55
:100BB000FFFFFFFFFFFFFFFFFFFFFFFFFFFFFFFF45
:100BC000FFFFFFFFFFFFFFFFFFFFFFFFFFFFFFFF35
:100BD000FFFFFFFFFFFFFFFFFFFFFFFFFFFFFFFF25
:100BE000FFFFFFFFFFFFFFFFFFFFFFFFFFFFFFFF15
:100BF000FFFFFFFFFFFFFFFFFFFFFFFFFFFFFFFF05
:100C0000FFFFFFFFFFFFFFFFFFFFFFFFFFFFFFFFF4
:100C1000FFFFFFFFFFFFFFFFFFFFFFFFFFFFFFFFE4
:100C2000FFFFFFFFFFFFFFFFFFFFFFFFFFFFFFFFD4
:100C3000FFFFFFFFFFFFFFFFFFFFFFFFFFFFFFFFC4
:100C4000FFFFFFFFFFFFFFFFFFFFFFFFFFFFFFFFB4
:100C5000FFFFFFFFFFFFFFFFFFFFFFFFFFFFFFFFA4
:100C6000FFFFFFFFFFFFFFFFFFFFFFFFFFFFFFFF94
:100C7000FFFFFFFFFFFFFFFFFFFFFFFFFFFFFFFF84
:100C8000FFFFFFFFFFFFFFFFFFFFFFFFFFFFFFFF74
:100C9000FFFFFFFFFFFFFFFFFFFFFFFFFFFFFFFF64
:100CA000FFFFFFFFFFFFFFFFFFFFFFFFFFFFFFFF54
:100CB000FFFFFFFFFFFFFFFFFFFFFFFFFFFFFFFF44
:100CC000FFFFFFFFFFFFFFFFFFFFFFFFFFFFFFFF34
:100CD000FFFFFFFFFFFFFFFFFFFFFFFFFFFFFFFF24
:100CE000FFFFFFFFFFFFFFFFFFFFFFFFFFFFFFFF14
:100CF000FFFFFFFFFFFFFFFFFFFFFFFFFFFFFFFF04
:100D0000FFFFFFFFFFFFFFFFFFFFFFFFFFFFFFFFF3
:100D1000FFFFFFFFFFFFFFFFFFFFFFFFFFFFFFFFE3
:100D2000FFFFFFFFFFFFFFFFFFFFFFFFFFFFFFFFD3
:100D3000FFFFFFFFFFFFFFFFFFFFFFFFFFFFFFFFC3
:100D4000FFFFFFFFFFFFFFFFFFFFFFFFFFFFFFFFB3
:100D5000FFFFFFFFFFFFFFFFFFFFFFFFFFFFFFFFA3
:100D6000FFFFFFFFFFFFFFFFFFFFFFFFFFFFFFFF93
:100D7000FFFFFFFFFFFFFFFFFFFFFFFFFFFFFFFF83
:100D8000FFFFFFFFFFFFFFFFFFFFFFFFFFFFFFFF73
:100D9000FFFFFFFFFFFFFFFFFFFFFFFFFFFFFFFF63
:100DA000FFFFFFFFFFFFFFFFFFFFFFFFFFFFFFFF53
:100DB000FFFFFFFFFFFFFFFFFFFFFFFFFFFFFFFF43
:100DC000FFFFFFFFFFFFFFFFFFFFFFFFFFFFFFFF33
:100DD000FFFFFFFFFFFFFFFFFFFFFFFFFFFFFFFF23
:100DE000FFFFFFFFFFFFFFFFFFFFFFFFFFFFFFFF13
:100DF000FFFFFFFFFFFFFFFFFFFFFFFFFFFFFFFF03
:100E0000FFFFFFFFFFFFFFFFFFFFFFFFFFFFFFFFF2
:100E1000FFFFFFFFFFFFFFFFFFFFFFFFFFFFFFFFE2
:100E2000FFFFFFFFFFFFFFFFFFFFFFFFFFFFFFFFD2
:100E3000FFFFFFFFFFFFFFFFFFFFFFFFFFFFFFFFC2
:100E4000FFFFFFFFFFFFFFFFFFFFFFFFFFFFFFFFB2
:100E5000FFFFFFFFFFFFFFFFFFFFFFFFFFFFFFFFA2
:100E6000FFFFFFFFFFFFFFFFFFFFFFFFFFFFFFFF92
:100E7000FFFFFFFFFFFFFFFFFFFFFFFFFFFFFFFF82
:100E8000FFFFFFFFFFFFFFFFFFFFFFFFFFFFFFFF72
:100E9000FFFFFFFFFFFFFFFFFFFFFFFFFFFFFFFF62
:100EA000FFFFFFFFFFFFFFFFFFFFFFFFFFFFFFFF52
:100EB000FFFFFFFFFFFFFFFFFFFFFFFFFFFFFFFF42
:100EC000FFFFFFFFFFFFFFFFFFFFFFFFFFFFFFFF32
:100ED000FFFFFFFFFFFFFFFFFFFFFFFFFFFFFFFF22
:100EE000FFFFFFFFFFFFFFFFFFFFFFFFFFFFFFFF12
:100EF000FFFFFFFFFFFFFFFFFFFFFFFFFFFFFFFF02
:100F0000FFFFFFFFFFFFFFFFFFFFFFFFFFFFFFFFF1
:100F1000FFFFFFFFFFFFFFFFFFFFFFFFFFFFFFFFE1
:100F2000FFFFFFFFFFFFFFFFFFFFFFFFFFFFFFFFD1
:100F3000FFFFFFFFFFFFFFFFFFFFFFFFFFFFFFFFC1
:100F4000FFFFFFFFFFFFFFFFFFFFFFFFFFFFFFFFB1
:100F5000FFFFFFFFFFFFFFFFFFFFFFFFFFFFFFFFA1
:100F6000FFFFFFFFFFFFFFFFFFFFFFFFFFFFFFFF91
:100F7000FFFFFFFFFFFFFFFFFFFFFFFFFFFFFFFF81
:100F8000FFFFFFFFFFFFFFFFFFFFFFFFFFFFFFFF71
:100F9000FFFFFFFFFFFFFFFFFFFFFFFFFFFFFFFF61
:100FA000FFFFFFFFFFFFFFFFFFFFFFFFFFFFFFFF51
:100FB000FFFFFFFFFFFFFFFFFFFFFFFFFFFFFFFF41
:100FC000FFFFFFFFFFFFFFFFFFFFFFFFFFFFFFFF31
:100FD000FFFFFFFFFFFFFFFFFFFFFFFFFFFFFFFF21
:100FE000FFFFFFFFFFFFFFFFFFFFFFFFFFFFFFFF11
:100FF000FFFFFFFFFFFFFFFFFFFFFFFFFFFFFFFF01
:10100000D1002043F1150060000000000000000046
:10101000201000600010006000D403600000000099
:101020000000006000E0030000000000FFFFFFFF81
:10103000FFFFFFFFFFFFFFFFFFFFFFFFFFFFFFFFC0
:10104000FFFFFFFFFFFFFFFFFFFFFFFFFFFFFFFFB0
:10105000FFFFFFFFFFFFFFFFFFFFFFFFFFFFFFFFA0
:10106000FFFFFFFFFFFFFFFFFFFFFFFFFFFFFFFF90
:10107000FFFFFFFFFFFFFFFFFFFFFFFFFFFFFFFF80
:10108000FFFFFFFFFFFFFFFFFFFFFFFFFFFFFFFF70
:10109000FFFFFFFFFFFFFFFFFFFFFFFFFFFFFFFF60
:1010A000FFFFFFFFFFFFFFFFFFFFFFFFFFFFFFFF50
:1010B000FFFFFFFFFFFFFFFFFFFFFFFFFFFFFFFF40
:1010C000FFFFFFFFFFFFFFFFFFFFFFFFFFFFFFFF30
:1010D000FFFFFFFFFFFFFFFFFFFFFFFFFFFFFFFF20
:1010E000FFFFFFFFFFFFFFFFFFFFFFFFFFFFFFFF10
:1010F000FFFFFFFFFFFFFFFFFFFFFFFFFFFFFFFF00
:10110000FFFFFFFFFFFFFFFFFFFFFFFFFFFFFFFFEF
:10111000FFFFFFFFFFFFFFFFFFFFFFFFFFFFFFFFDF
:10112000FFFFFFFFFFFFFFFFFFFFFFFFFFFFFFFFCF
:10113000FFFFFFFFFFFFFFFFFFFFFFFFFFFFFFFFBF
:10114000FFFFFFFFFFFFFFFFFFFFFFFFFFFFFFFFAF
:10115000FFFFFFFFFFFFFFFFFFFFFFFFFFFFFFFF9F
:10116000FFFFFFFFFFFFFFFFFFFFFFFFFFFFFFFF8F
:10117000FFFFFFFFFFFFFFFFFFFFFFFFFFFFFFFF7F
:10118000FFFFFFFFFFFFFFFFFFFFFFFFFFFFFFFF6F
:10119000FFFFFFFFFFFFFFFFFFFFFFFFFFFFFFFF5F
:1011A000FFFFFFFFFFFFFFFFFFFFFFFFFFFFFFFF4F
:1011B000FFFFFFFFFFFFFFFFFFFFFFFFFFFFFFFF3F
:1011C000FFFFFFFFFFFFFFFFFFFFFFFFFFFFFFFF2F
:1011D000FFFFFFFFFFFFFFFFFFFFFFFFFFFFFFFF1F
:1011E000FFFFFFFFFFFFFFFFFFFFFFFFFFFFFFFF0F
:1011F000FFFFFFFFFFFFFFFFFFFFFFFFFFFFFFFFFF
:10120000FFFFFFFFFFFFFFFFFFFFFFFFFFFFFFFFEE
:10121000FFFFFFFFFFFFFFFFFFFFFFFFFFFFFFFFDE
:10122000FFFFFFFFFFFFFFFFFFFFFFFFFFFFFFFFCE
:10123000FFFFFFFFFFFFFFFFFFFFFFFFFFFFFFFFBE
:10124000FFFFFFFFFFFFFFFFFFFFFFFFFFFFFFFFAE
:10125000FFFFFFFFFFFFFFFFFFFFFFFFFFFFFFFF9E
:10126000FFFFFFFFFFFFFFFFFFFFFFFFFFFFFFFF8E
:10127000FFFFFFFFFFFFFFFFFFFFFFFFFFFFFFFF7E
:10128000FFFFFFFFFFFFFFFFFFFFFFFFFFFFFFFF6E
:10129000FFFFFFFFFFFFFFFFFFFFFFFFFFFFFFFF5E
:1012A000FFFFFFFFFFFFFFFFFFFFFFFFFFFFFFFF4E
:1012B000FFFFFFFFFFFFFFFFFFFFFFFFFFFFFFFF3E
:1012C000FFFFFFFFFFFFFFFFFFFFFFFFFFFFFFFF2E
:1012D000FFFFFFFFFFFFFFFFFFFFFFFFFFFFFFFF1E
:1012E000FFFFFFFFFFFFFFFFFFFFFFFFFFFFFFFF0E
:1012F000FFFFFFFFFFFFFFFFFFFFFFFFFFFFFFFFFE
:10130000FFFFFFFFFFFFFFFFFFFFFFFFFFFFFFFFED
:10131000FFFFFFFFFFFFFFFFFFFFFFFFFFFFFFFFDD
:10132000FFFFFFFFFFFFFFFFFFFFFFFFFFFFFFFFCD
:10133000FFFFFFFFFFFFFFFFFFFFFFFFFFFFFFFFBD
:10134000FFFFFFFFFFFFFFFFFFFFFFFFFFFFFFFFAD
:10135000FFFFFFFFFFFFFFFFFFFFFFFFFFFFFFFF9D
:10136000FFFFFFFFFFFFFFFFFFFFFFFFFFFFFFFF8D
:10137000FFFFFFFFFFFFFFFFFFFFFFFFFFFFFFFF7D
:10138000FFFFFFFFFFFFFFFFFFFFFFFFFFFFFFFF6D
:10139000FFFFFFFFFFFFFFFFFFFFFFFFFFFFFFFF5D
:1013A000FFFFFFFFFFFFFFFFFFFFFFFFFFFFFFFF4D
:1013B000FFFFFFFFFFFFFFFFFFFFFFFFFFFFFFFF3D
:1013C000FFFFFFFFFFFFFFFFFFFFFFFFFFFFFFFF2D
:1013D000FFFFFFFFFFFFFFFFFFFFFFFFFFFFFFFF1D
:1013E000FFFFFFFFFFFFFFFFFFFFFFFFFFFFFFFF0D
:1013F000FFFFFFFFFFFFFFFFFFFFFFFFFFFFFFFFFD
:10140000824205D051F8043B40F8043B8242F9D8AF
:10141000704700BF044A05494FF0000342F8043BFF
:101420009142FBD8704700BFC0820020402F0120AE
:1014300008B5BFF34F8F01F0B1F9544C544B08205D
:101440005449C3F85401544AC3F800115348C3F82F
:10145000F0405349FFF7D4FF524A53495348FFF72E
:10146000CFFF534CFFF7D6FF4FF470004FF0E02151
:101470000023504AC1F8880D44F823200133B02BD3
:10148000FAD14D4B80214D4A03F8011B9342FBD109
:101490004FF0E0254A4E4B4A4FF0FF31C5F8084D5A
:1014A000D5F8243D43F4E023C5F8243DF36923F047
:1014B0007F0343F04003F361736A23F07F0343F03B
:1014C000400373629166D1661167516701F06EF94E
:1014D0003D4A3E4BA2636322E36300246A61032317
:1014E0003B4AAC612B61C5F8202DD5F8FC2D394B5A
:1014F00042F080723849C5F8FC2D1A6842F00102AA
:101500001A605B680B6001F021FB344801F0F4FCC9
:10151000F16E334B334A41F44051F1661C60C3F81D
:101520000841C3F81841C3F82841C3F83841936B08
:10153000DB0708D442F615632B4951651365936B9D
:1015400043F001039363274A284C936843F0011347
:10155000936001F0B9F901F0A1F801F0BDFC01F0D0
:1015600027FB01F01DF92368132BFCD901F0BCFB0C
:101570002368B3F5967FFBD301F016F901F012F959
:1015800001F0B6FC01F090FC30BFFDE70C0D11132B
:1015900000800D401B101820A81C03000000000054
:1015A000AC310060C0820020584E03600000002073
:1015B00000800020193F020000E400E0A0E400E009
:1015C00000C00F4000C00A40F9320200F1330200AF
:1015D00000002020001000E0DC2D01200046C32385
:1015E0000040084000400D400000C056E02D0120A2
:1015F000054B4FF42A01054A05485A641864054A08
:1016000099639546FFF714FF00C00A40FFBFAAAADE
:10161000070020000080042010B5002104461C4B68
:101620004FF0FF3021811A682175C4F81B20F02289
:10163000C4F81510A4F81910C4E903015868C4F8D7
:101640001F009868DB68C4F8230004F12B00C4F87D
:101650002730C4E9001101F0F3FB00210123A4F8B5
:101660002411A4F8263184F82811C4E94711C4E9EB
:101670004B11C4E94D11C4E94F11C4E95111C4E93A
:101680005311C4E9551101F03BFC204610BD00BFC9
:101690006C32002010B5044601F0FEFBD4F8543142
:1016A00023B104F5A671032208469847D4F84431C3
:1016B00023B104F59E71032208469847D4F83431CB
:1016C00023B104F59671032208469847204610BDC1
:1016D00070B5044601F0ECFB0F4B05681A782AB987
:1016E00001F0E6FB034620461D6070BD206801F056
:1016F000BBFB0022084B22601A7022710028EFD039
:1017000001F0E2FB064601F0D3FB066001F0D0FBDE
:10171000034620461D6070BDD72E012070B5754C64
:10172000236833F0020300D070BD73494FF4803555
:10173000724A4CF20F00CB6E43F44063CB664FF419
:1017400080536F49C2F8E450C2F8E800C2F8E410D0
:10175000C2F8E830D2F8E030002BFBDA69494FF4E8
:101760008030694B4FF23805C2F8E80038204A68EB
:101770004FF4804622F400524A604A6842F4020262
:101780004A6043F238020521C3F87C23C3F884235E
:10179000C3F880535D4DC3F89823C3F86803C3F8BA
:1017A00064034FF62900C3F87811C3F874114FF49D
:1017B00000416A6842F440426A600022C5F888101D
:1017C000C5F88460C3F8A8034BF2E900C3F8A4038A
:1017D0003120C3F8B821C3F8B421D3F8302422F063
:1017E000030242F00202C3F83024C3F89403162027
:1017F000474AC3F8A4013220536C23F07E0343F020
:1018000012035364C5F8841001F062FB4149424A57
:10181000C5F88860414B48681268A3FB0232920CFD
:1018200002EB820202EB82024B681B1A9342FBD34B
:10183000364B4FF480420220C3F8842001F048FB6D
:10184000334B4FF40001364A59601A645A6810024B
:10185000FCD51A6C4FF4000192B25960B2F5005FEA
:1018600011D130482A4A5960186453681902FCD5CE
:10187000136C4AF240104FF4000123F00F03516043
:101880009BB283421ED0DFF884C04FF480361D48DF
:101890004FF0010EDCF80430184923F44043164A97
:1018A000214DCCF80430436823F400334360C1F881
:1018B000E460C1F8E050D36E23F44063D366C4F80B
:1018C00000E070BD1948124B516010645A68120252
:1018D000FCD54FF4000116480D4A59605960186450
:1018E00053681B02FCD54FF40001032351602360B1
:1018F00070BD00BFD48E002000C00F4000800D409E
:101900000120200000C00A4000801F40004000422B
:1019100000802D40001000E07078002083DE1B4323
:1019200000000A6000000E60011001008002625099
:1019300081005E504FF0013340F2011203604360BA
:101940000281704710B5784C2368042B00F0EA80C0
:10195000FFF7E4FE2268032A01D0002010BD734B7C
:101960004BF2E9017248C3F87C13C3F88013C3F843
:101970008413C3F89813C3F88813C3F88C13C3F8FF
:101980009013C3F88C21C3F89021C3F8A821C3F8A1
:101990009421C3F8A021C3F89821C3F89C21A02268
:1019A000D3F82C1441F00101C3F82C14D3F83414EB
:1019B00041F00101C3F83414D3F8381441F00101A7
:1019C000C3F83814D3F83C1441F00101C3F83C14B7
:1019D000D3F8401441F00101C3F84014002101F094
:1019E0002FFAA0220021534801F02AFA5249034657
:1019F000524A4F481360086000F1A00C0346504A59
:101A00004FF4004080215A60203323F81E0C02F569
:101A1000C06223F8161C6345F5D145494FF4806038
:101A2000DFF810E1B1F88230464A0EF1A00C43F421
:101A30000053A1F8823073464FF4B0415A6020330E
:101A400023F81E0C02F5C06223F8161C6345F5D17D
:101A5000BEF8821000223C4B41F400519A60AEF86F
:101A600082103A49C3F884104FF48271C3F8C4104D
:101A70001921C3F8C011C721C3F8C411D3F8441108
:101A800041F48071C3F844112949C3F89021C3F887
:101A900080114FF4C061C3F884E1C3F888111421A8
:101AA000C3F80021C3F8F020C3F8EC10C3F8942168
:101AB000586E274940F000405866C3F81821C3F813
:101AC0001C21C3F82021C3F824219A681140214A1F
:101AD00041F00071996090681F49D0F8080292683F
:101AE00008601E49C2F80812BFF34F8F1C4A4FF41A
:101AF0008021D1601B484FF001011B4A5860BFF3A1
:101B00005B8FD2E84F0FC2E84C1FBCF1000FF8D139
:101B10004FF0807215480421BFF35B8F58621A6141
:101B20005A612160012010BDD48E002000801F402A
:101B3000C0820020808300208C79002090790020D2
:101B4000404220204024202000802D4024D1F24516
:101B50000080FF7D00ED00E0D08E0020117B0100B1
:101B600000E100E00080FF7FD88E002012010070AD
:101B700010B40023044C05480549064A236003605D
:101B80000B60136010BC7047DC8E0020E08E0020DC
:101B9000E48E0020E88E0020F8B1114A40F2DC51BA
:101BA00038B504460F4B10480025A18625630F4920
:101BB000C4E904209A88186843F606236287A3873D
:101BC000C4F83600204601F03FF92046084901F0EC
:101BD0009FF9084B2846636438BD6FF00F007047CB
:101BE000A1B201002C8E002031800100348E002033
:101BF000B48E00204180010070B584B00E460446CA
:101C00000192FFF79FFE019A002838D012B11046CA
:101C1000FFF790FE002C47D0334B1A78154642BB95
:101C200006222146314801F013F968BB204601F035
:101C300043F9B0B12D4801F00FF9044688B12C4B9F
:101C40001B781D46002B34D0284A2A4B10689188F7
:101C50000622C3F83600598783F83C20204604B09A
:101C600070BD01F025F90E2303600024204604B066
:101C700070BD01F001F900221B4B1A70D6E701F08C
:101C800017F913230360F0E7194B1A78002ACDD017
:101C9000284601F0E5F8174801F036F9164801F03A
:101CA000CBF8134B1D70C1E702A802AC01F0F0F8AD
:101CB000B2E73146104801F0DBF8104B104A2946D4
:101CC0000C4801F00DF930B10A4801F0C9F80123C0
:101CD000074A1370C2E7084801F0AEF801F0E8F8CF
:101CE00073230360C1E700BF707E00202C8E0020AC
:101CF000D52E0120688E0020248E0020611902005C
:101D0000991B00600D490E4A087808B5002313603E
:101D1000938018B9BDE80840FFF72ABF184601F0C4
:101D20009FF8084801F0F0F8074801F085F8002313
:101D300002490B70BDE80840FFF71ABFD52E0120FD
:101D40002C8E0020688E0020248E00203748384BCF
:101D5000D0F88020DFF8FCC042F44052354900B58D
:101D6000C0F88020344AC3F800C034485A60344A6E
:101D70001862DFF8E4C05A623248334AC3F828C018
:101D8000DA6246F6201218635963996340F6A3118C
:101D9000D868DFF8C8E000F07F40DFF8C4C0024335
:101DA00040F6C410DA609A686FF30F021143274AB5
:101DB0009960D9696FF3150141F4C841D9619969F6
:101DC0006FF3150141F4C8619961196821F48651D6
:101DD0001960196801EA0E0EC3F800E04FF0000E1A
:101DE00019680A401A4942F002021A605A696FF3F0
:101DF000090242F03F025A611A6992B242F0486207
:101E00001A611A696FF30F0210431861D3F8A0200A
:101E100022F00202C3F8A0201A6802EA0C0CC3F8F0
:101E200000C0DA6F1B6CC1F800E000BD00C00F40BD
:101E300000C00C402F002E002200010068050C019C
:101E40009501B2004B0040007D005800BCEFFFFF41
:101E50001C8E002040100100DC007A00B3EFFFFF71
:101E6000BFEFFEFF084A094B11680B4043F4803373
:101E7000136013689B04FCD5054AD2F8803023F424
:101E80004053C2F88030704700C00C40BFEFFEFFE7
:101E900000C00F40214B002010B4C3E92000C3E96B
:101EA0002200C3E92400C3E92600C3F8A800BFF359
:101EB0004F8F4FF0E0231A491A4AC3F8701FC3F836
:101EC000702FBFF34F8FBFF36F8F174B0146174C27
:101ED0000122D3F808C004F6DC74C3F808C0186304
:101EE000134B44F81C0C184602330088A34212FA24
:101EF00080F21144F7D192B20C4B42EA0142C3F88E
:101F0000DC2FBFF34F8F4FF0E023094AC3F8682F4F
:101F1000BFF34F8FBFF36F8F10BC704700FF2720B8
:101F200080FF2720A0FF272000800F4000F02720FF
:101F3000C0FF2720994BD3F880300B2B2DE9F041BF
:101F40000D4682B040F0F8804FF0FF319448954B39
:101F5000954E026820240430514041F30002013CB8
:101F600002EA030282EA5101F7D1B042F1D1DFF86F
:101F70002C82D8F8A830994240F0DE802B680C22E1
:101F80008A4928465B689847284600F079FF2A6806
:101F9000D8F8A41028465268854BCDE90012A3FB5F
:101FA000012784497F09A3FB072326225E09019BA1
:101FB000C8F8A460984780490A222846A1FB063148
:101FC0002346090901EB4101A6EBC10100F078FFAE
:101FD0002B68C6EB061601225B68284677499847AE
:101FE0002346A7EB86010A222846C7EB071700F015
:101FF00067FF2B68012271495B6828469847009962
:1020000023460A22A1EB8701284600F059FF284603
:1020100000F036FF2B68242269495B682846984700
:1020200023461022D8F89810284600F049FF284689
:1020300000F026FFD8F888602B68002E40F057810A
:10204000564ED6F88C40002C40F07A8122225B68F4
:102050005C4928469847514B0221284693ED280AAF
:10206000B7EEC00A00F010FF2B68042256495B68E7
:1020700028469847284600F003FF2B681D22534945
:102080005B6828469847524A5248002311680A2242
:10209000A0FB01012846890C00F012FF2B680322E7
:1020A0004D495B6828469847284600F0E9FE4B4BAF
:1020B0009C68A2070DD5196B494A2B6891425B6851
:1020C00000F036814022474928469847284600F0CC
:1020D000D7FE670700F19680260700F19F80E00693
:1020E00000F1A880A10600F1B180620600F1BA807B
:1020F000230600F1C38014F4807440F0CC80274B99
:10210000D3F8C06096B1D3F8DC700122C0333648F2
:10211000194602330988834212FA81F21444F7D136
:1021200093B243EA04439F4200F02381FFF7B2FEDB
:10213000012002B0BDE8F0812B6817222B49284608
:102140005B689847284600F09BFE2B684822284988
:102150005B6828469847284600F092FE2B68492283
:1021600024495B6828469847284600F089FE2B687A
:10217000242221495B6828469847284600F080FEC3
:102180002B6847221D495B6828469847284600F07F
:1021900077FE2B683F221A4983E700BF00FF272004
:1021A00080FF27202083B8EDA8FF2720F0520020D1
:1021B0008988888800530020ABAAAAAA2825002075
:1021C00028530020B0570020D4570020DC570020AF
:1021D0007078002083DE1B43FC57002000800F40F6
:1021E000F100AD0BAC590020DCFF27200058002087
:1021F0001858002064580020B0580020D8580020FB
:10220000205900202B6827229C4928465B68984764
:10221000284600F035FE26077FF561AF2B682A229D
:10222000974928465B689847284600F029FEE00653
:102230007FF558AF2B682622924928465B6898475D
:10224000284600F01DFEA1067FF54FAF2B6829221E
:102250008D4928465B689847284600F011FE6206C3
:102260007FF546AF2B682122884928465B6898474E
:10227000284600F005FE23067FF53DAF2B6821229E
:10228000834928465B689847284600F0F9FD14F416
:1022900080743FF434AF2B6829227E4928465B685E
:1022A0009847284600F0ECFD7B49286821228B687E
:1022B0004468284623F480738B607849A0472846F9
:1022C00000F0DEFD2B68422275495B68284698477E
:1022D000284600F0D5FD734A734B07211964936BB0
:1022E00043F040039363BFF34F8F30BFFDE75B685C
:1022F00008226E492846984723461022D8F88810AD
:10230000284600F0DDFD284600F0BAFD2B68F707EF
:102310005C686ED4B00700F14D81310700F1418156
:10232000F20600F15381B7066BD52A22604962E0BC
:102330004822604928469847284600F0A1FDC8E693
:102340005B6808225C49284698470023D6F88C1021
:102350001022284600F0B4FD284600F091FD2B68BD
:10236000A0075E6863D461007FF570AE1B225349FD
:102370005FE0002406E0062F3C463FF4D7AE504B0A
:10238000D3F8C0604FF0010808FA04F304EB080723
:102390003342F0D02B680E224A4928465B689847A2
:1023A0003946284600F044FD2B68052246495B6803
:1023B00028469847454B0A22284603EB840400230D
:1023C000616800F07DFD2B68042241495B68284666
:1023D0009847616800231022284600F071FD2B68A1
:1023E00042463C495B6828469847284600F048FD2D
:1023F000C1E7282238492846A047284600F040FD7A
:102400002B68340672D4F0055C6819D4B10500F16C
:10241000CE80720500F1C880370500F1D480F00449
:1024200000F1CE80B10413D531222C490AE02622D6
:102430002B492846B047284600F022FD2B6805E6C8
:10244000202228492846A047284600F019FD2B687D
:10245000320470D4F7035C6864D4B00300F1AD803B
:1024600071037AD4320300F1B780F70100F1B18033
:10247000B6017FF5E5AD1B221B4955E0F059002060
:10248000185A0020445A00206C5A0020985A002004
:10249000BC5A0020E05A002000800F400C5B002056
:1024A000305B002000400D4000C00A405053002027
:1024B00000540020605900206057002094570020ED
:1024C00000FF2720745B0020845B0020C0FF2720D2
:1024D0008C5B0020942E00205C53002024560020AA
:1024E0006C57002014550020445700203F4C2122F7
:1024F0005B6828463E49984710220023D4F8901084
:10250000284600F0DDFCD4F890201F2A28D9394B4A
:102510009A4202D320339A4261D3284600F0B0FC9D
:102520002B6870E7232234492846A047284600F04C
:10253000A7FC2B6884E55B68212230492846984730
:102540002A4900231022D1F89410284600F0B8FC44
:10255000284600F095FC2B687CE728222849E3E711
:102560002B681F22274928465B689847D4F89810A3
:1025700000231022284600F0A3FC2B683F222249AA
:102580005B6828469847D4F8981000231022284604
:1025900000F096FC2B681D221C495B682846984772
:1025A000BBE729221A4926E744221A494AE72D2285
:1025B000194947E7212219491DE731221849B3E794
:1025C000332218493EE73F2217493BE725221749A6
:1025D00011E728221649A7E716221649A4E72B6817
:1025E0004222154928465B68984796E700FF272056
:1025F0002C540020402F01207C56002058560020EB
:10260000D45600205054002070540020B0540020B4
:10261000AC53002068550020385500208853002016
:10262000A0560020F0550020B0550020D8530020BF
:102630001857002000570020D0540020134BD3F827
:1026400080300B2B1FD14FF0FF32DFF848C010480D
:1026500000B5DFF844E0DCF8003020210CF1040C78
:102660005A4042F30003013903EA000383EA5202AD
:10267000F7D1F445EFD1054BD3F8A800801AB0FA92
:1026800080F0400900BD0020704700BF00FF2720F8
:102690002083B8ED80FF2720A8FF27200F4B40F2B2
:1026A000376C0F4AA020D96E41F44031D966D96EFB
:1026B00041F44071D966C2F844C09064936C1B0623
:1026C000FCD4084A40F23761A02351649364936CB0
:1026D00013F08003FBD1044A1370704700C00F4011
:1026E00000400C4000800C40E92E0120294A0021C6
:1026F0000123C2F8A000C2F8A410C2F8B030536998
:10270000D907FCD501234FF4803C22495361C2F81C
:10271000A000C2F8A4C0C2F8B0304B69DB07FCD5FA
:1027200001234FF4003C1B4A4B61C1F8A000C1F8E3
:10273000A4C0C1F8B0305369D907FCD50123DFF834
:1027400058C014495361C2F8A000C2F8A4C0C2F82E
:10275000B0304B69DB07FCD5D1F8003145F60D50A0
:102760004FF0210C9AB2C1F814C0824210D045F645
:102770009D518A420AD1C3F34253032B08D0A3F1DF
:102780000403B3FA83F35B09180170470020704714
:102790000820704700402A4004000300704700BF33
:1027A000704700BF704700BF00BF70474FF0E02385
:1027B00000214FF0100C3448C3F8941DC3F89CCD91
:1027C0004FF0110CC3F8A00D3048C3F89CCD4FF06A
:1027D000120CC3F8A00D2E48C3F89CCD2D4AC3F8A7
:1027E000A00DDFF8D0C042F015022B48C3F89CCDF5
:1027F000C3F8A00DDFF8C0C02848C3F89CCDC3F8CB
:10280000A00DDFF8B8C0C3F89C2D2548254AC3F8B1
:10281000A0CDC3F89C0DC3F8A02D02F5A022DFF8CF
:10282000A0C00C322048C3F89CCDC3F8A02D1F4A8D
:10283000C3F89C0DC3F8A02D02F14062DFF884C0FC
:1028400002321B48C3F89CCDC3F8A02D0A32C3F84E
:102850009C0DC3F8A02D00BF00BF00BF00BF00BF8C
:102860000122C3F8942DBFF34F8FBFF36F8FC3F8CE
:10287000501FBFF34F8FBFF36F8FD3F8142D42F467
:102880004032C3F8142D70473F00001025000807A0
:1028900009001000402F0120210002072500081325
:1028A0001600202027000B13180000602F000B07D4
:1028B0001A000080130020001400002009000010FE
:1028C000170000401900007030B5864B85B0DFF866
:1028D00074E21822844D0120C3F85CE28349C3F8F6
:1028E0006052A5F58055DFF860C2814CC3F864E200
:1028F000C3F868522125C3F86CC2C3F870C2C3F88C
:1029000074C2C3F878C248F20C7CDA661A675A6758
:102910009A67DA67C3F88020C3F88420C3F8882058
:10292000C1F82C03734AC1F83003C1F83403C1F86D
:102930003803C1F83C03C1F85003A1696E4B0A404B
:102940006E486F4913436F4AA361D4F8843043F053
:102950000C03C4F884304FF0FF34036843F00203E3
:102960000360036803EA0C031A43674B0260446088
:102970008A68664C1340664A43F000538360C3681C
:1029800023F07803C360036A23401A43604B02625A
:10299000026A22405F4C1343002243628462C46295
:1029A00040F20564D1F8B83023F03F0343F001034F
:1029B000C0F8B830D1F8BC30574923F03F0343F09A
:1029C0000103C0F8BC3002610567C0F8804045676C
:1029D000C0F884400224036823F00203036081618D
:1029E0004E4B4F49C46143F8042B8B42FBD1434CFF
:1029F000236843F001032360256815F00105FBD12E
:102A00004548022240F2F561A06140F29940E2613E
:102A100040F26642C4F8001242F20141C4F81022AA
:102A2000404AC4F82002C4F8302240F23542C4F8CB
:102A300034123D48C4F840223C4AC4F850022846AB
:102A4000C4F8542242F201223949C4F86012C4F891
:102A50006422FFF74BFE0246002839D08102012391
:102A60004FF4802021662549C4F8A050C4F8A40082
:102A7000C4F8B0304B69D807FCD515050124039282
:102A800028464C61FFF732FE039A2A4B0244D2B229
:102A90001A7080B1194980024FF4802348660846B5
:102AA000C1F8A050C1F8A430C1F8B0404369DB07B9
:102AB000FCD50123436120490024204801230094D0
:102AC000401A00EB02521E4800F0EAF905B030BD92
:102AD0001B4B184918600870D860C3E9010005B0A5
:102AE00030BD00BF00801F40F910010000841F406E
:102AF00000C00F40FFFCFF1F0003008000402A4081
:102B000000802A401200FFFFFF37F70000FFF07C33
:102B100040000080FF000F83F05AF05A00422A4024
:102B200000432A409F041830EB06180A063201269B
:102B30003806180AEF2E0120000000700000007017
:102B4000409C0020F9B00100F970010010B5174A4F
:102B50004FF480544FF4005E4FF4404C4FF48030FB
:102B600043F24201136913F0020F0DD113F4005F19
:102B70000FD013F4805F0FD0002BF3DA13F4803FF3
:102B80000CD15B060ED510BDC2F818C05061916122
:102B9000E8E7C2F814E0E5E75461E3E74FF4803377
:102BA0009361DFE740235361DCE700BF00800D4005
:102BB000414A03204149F3EE095AD2F880309FED93
:102BC000406A23F001039FED3F5ADFF814C100B5BE
:102BD000C2F88030C2F89000D1F8E010DFF804E1CC
:102BE000CBB23948CEF8003007EE903A0B0DC1F366
:102BF0000B21F8EEE77A06EE903A07EE101A334B07
:102C0000B8EEC77ACCF80010F8EEE66A304937EE35
:102C1000C66A37EEC55A76EEC76A77EEE57A26EED3
:102C2000266AC3ED006A25EE265AD2F8803067EE98
:102C3000A64AC0ED007AC6EE275A264885EE276AD6
:102C4000C4EEA76A75EE875AFCEEE55A36EE076ABF
:102C500015EE90CABCEEC66A43EA0C5376EE877A4C
:102C6000C2F8803016EE103AD2F890C1FCEEE77A46
:102C700001EA034141EA0C014FF0000C17EE903AD3
:102C8000C2F89011C3F30B03D2F890110B43124911
:102C9000C2F89031D2F8803043F00203C2F880309D
:102CA0000E4B80F840C0C1F840314FF0E0230122C4
:102CB000C3F8082100BD00BF00810D4000441F4043
:102CC0000000AA420000B442C02D0120C42D012002
:102CD0000000FF0F00E400E000800020FD40020043
:102CE000B82D0120BC2D0120314B40F6617210B58A
:102CF000C3F8202140F2044400F0F6F82D4A2E4992
:102D0000D2F880302D4843F00303C2F880302C4BBA
:102D1000C1F8604102681A4203D1D1F8A8319A077C
:102D20001BD0254A4FF00041244B5963D2F8403163
:102D300043F00203C2F84031D2F840319B07FBD484
:102D40004FF400304FF0E0211C4B4FF00042C1F82F
:102D50008C0219209A6300F0BBF8184B0021164C26
:102D60004FF080420A209A634FF420721960C4F831
:102D7000A801144800F064F84FF4800203464FF4B1
:102D8000810040F243111860C4F858311A640E4BA8
:102D90000E4AC4F84811C3F804224FF0E0224FF461
:102DA00000310123C2F80C11C4F8403110BD00BF3E
:102DB00000800D4000C00F4000002E4000900D40EC
:102DC000001C1E00000000200080002001430200C3
:102DD00008B50E4B1B6E9B0700D4FBBE72B60C4BA6
:102DE00000200C4AC3F8400103F160430A49A3F5EF
:102DF0005F2311649D46BFF34F8F4FF40013074AC2
:102E00000748DB6902609B68984700BF00441F4089
:102E100000002E4000C00A4003002000000012EB1A
:102E200000802020F8B500BFF8BC08BC9E46704763
:102E30005FF800F02D3502005FF800F011CD0100C1
:102E40005FF800F02DAA02005FF800F019A501005C
:102E50005FF800F085A802005FF800F0417B0100F8
:102E60005FF800F0D5C901005FF800F08182010031
:102E70005FF800F099CC01005FF800F0A593010025
:102E80005FF800F0453502005FF800F0B935020048
:102E90005FF800F03D7B01005FF800F0796A010007
:102EA0005FF800F0995302005FF800F0BD3B0200AC
:102EB0005FF800F079B102005FF800F0717B01006B
:102EC0005FF800F0953502005FF800F0E98101003D
:102ED0005FF800F0393A02005FF800F0F53D0200BB
:102EE0005FF800F049D001005FF800F06D4A020081
:102EF0005FF800F085B102005FF800F025370200AE
:102F00005FF800F0558101005FF800F0D1CA0100C0
:102F10005FF800F0CD93010045000000E5090000D6
:102F200011C600002DC6000079F800006D480100B0
:102F3000F54F0100F96B0100E9780100F579010016
:102F40007D7A0100D1800100391D02008934020020
:042F50001D56020008
:102F54001603550053004200200053006500720020
:102F6400690061006C0000001803540065006500EE
:102F74006E00730079006400750069006E006F00D4
:102F84000403090409026200030100C032080B00B3
:102F940002020201000904000001020201000524EA
:102FA4000010010524010101042402060524060081
:102FB400010705820310001009040100020A000041
:102FC40000070503024000000705840240000009D1
:102FD40004020002FF6AFF000705810240000107A6
:102FE400050102400001000009026200030100C063
:102FF40032080B000202020100090400000102026F
:103004000100052400100105240101010424020625
:1030140005240600010705820310000509040100C8
:10302400020A0000000705030200020007058402EB
:103034000002000904020002FF6AC70007058102BA
:103044000002010705010200020100000A06000255
:10305400EF020140010000006CC00F4003000000BB
:103064000E0D00003D6702002A3600001400000027
:103074001300000001000000F4841F402B32000004
:10308400140000001300000001000000F8841F4039
:103094002D310000140000001300000001000000A6
:1030A400F0841F402CFFFF0014000000000000000B
:1030B400000000000100000000000000EC841F403C
:1030C40000000000000000006CC00F403000000051
:1030D400100F00003D6702000127000017000000E8
:1030E400120000000001000014851F401AFF0000B8
:1030F40012000000000000000100000018851F40BD
:103104001BFF00001200000000000000010000008E
:1031140010851F400026FF00170000001200000069
:103124000000000001010000010000000C851F40A8
:103134000C851F40000000006CC00F40C000000060
:10314400504F0000116802000CFF00001300000043
:10315400000000000000000024851F400BFF000059
:1031640013000000000000000000000028851F403C
:103174000DFF00001300000000000000000000002C
:1031840020851F400A2524001300000012000000BF
:103194001200000001020300000000000000000013
:0831A400000000000000000023
:1031AC000000000000000000000000000000000013
:1031BC000000000000000000000000000000000003
:1031CC000548064B1B1AD90F01EBA301491002D07D
:1031DC00034B03B118477047C0820020C082002007
:1031EC000000000008B5054B1BB105490548AFF3BD
:1031FC000080BDE80840FFF7E3BF00BF00000000FF
:10320C00E8CC002000E0036003685B68184700BF4F
:10321C0010B50446103023F0B9F804F1080023F07F
:10322C00B5F8204623F0B2F8204610BD034B10B57C
:10323C00044603600EF0BEFB204610BD84630020E4
:10324C00054B10B5044603600EF0B4FB20460EF09F
:10325C0087FB204610BD00BF8463002000B583B0FF
:10326C000422694600900DEB02000EF07BFB03B0CC
:10327C0000BD00BF00B583B00422694600900DEB81
:10328C0002000EF06FFB03B000BD00BF00B583B0B1
:10329C000422694600900DEB02000EF063FB03B0B4
:1032AC0000BD00BF00B583B00422694600900DEB51
:1032BC0002000EF057FB03B000BD00BF00B583B099
:1032CC000422694600900DEB02000EF04BFB03B09C
:1032DC0000BD00BF00B583B00422694600900DEB21
:1032EC0002000EF03FFB03B000BD00BF00B583B081
:1032FC000422694600900DEB02000EF033FB03B084
:10330C0000BD00BF00B583B00422694600900DEBF0
:10331C0002000EF027FB03B000BD00BF034640685F
:10332C00B8B100B583B001930EF04EFB019B68B1B0
:10333C005868026892689047019B58688268013A05
:10334C0082601AB90268D2689047019B184603B094
:10335C0000BD1846704700BF00B5042283B0009032
:10336C0069460DEB02000EF0FDFA019803B05DF812
:10337C0004EB0DF05BBC00BF0A4A1368013B136001
:10338C0003B1704700B5084A83B0CDE9003010682E
:10339C0031F0E2FB0199044A009B0846136003B02C
:1033AC0000BD00BFA08A0020A48A00200A4A13682E
:1033BC00013B136003B1704700B5084A83B0CDE9F7
:1033CC000030106831F0E0FB0199044A009B08467C
:1033DC00136003B000BD00BF048C0020088C0020DB
:1033EC0090F8783003B9704700B585B000F10C0C3B
:1033FC00042203A9019002A8CDF80CC00EF0B2FA79
:10340C0002980268126A90470022019B83F8782088
:10341C0005B000BD2E4B1878D8B12E4B2E4A1B6828
:10342C001268134314D02D4B196811F0010110B51B
:10343C0082B010D02A4814F0B9FE034618B9294AB4
:10344C001178002932D183F00100C0B202B010BD56
:10345C00704701207047224C0191204622F030FF2A
:10346C00019904F1080022F02BFF019904F11000DE
:10347C0022F026FF019904F14002184B4FF0010C89
:10348C00216622622046184A84F86C10C4F8DC10BD
:10349C00C3F800C0C4E91911144925F08DF810487F
:1034AC0014F084FE03460028CDD1C8E701901048E3
:1034BC0001680131016023F0E5FB0A4ADFF838C0EE
:1034CC00019B0C491370DCF80020801A0860BAE7E5
:1034DC00F32E0120D82D012054970020F4880020D1
:1034EC00A0840020EB2E01208C7B002071000000BA
:1034FC00989700209C970020D02D01202DE9F04FAB
:10350C00AC4DDFB007F0C4F907462B6813F001048B
:10351C0000F0138123AB2CACA74D0393D5E90065C8
:10352C0015B128460EF048FA3846224642F2107180
:10353C002C962D9506F0FCFD2D9820B10EF044FA3A
:10354C00002840F0EB80DFF8A0B207AF0EAD0DF114
:10355C00540CDA460BF11C060BF1380E4FF0010936
:10356C004FF00008BAE80F000FC79AE8070087E889
:10357C0007000FCE0FC596E8070085E80700BEE8E8
:10358C000F00ACE80F004FF002038DF892908DF80D
:10359C00A0800DF1500A8DF8AC304FF00B0305AF45
:1035AC008DF8A430DBF85430ADF88C301B0C8DF852
:1035BC008E30BBF854309EE80700ADF88F309BF886
:1035CC0056300DF1340B8CE807002AA88DF8913099
:1035DC00FFF750FE4FF07E538DF8AC900DF11809AB
:1035EC008DF892802A9311E040A80DF02FF99DF8E8
:1035FC00FC30002B61D19DF8F030002B67D19DF889
:10360C00CC30002B6DD10DAB4B4573D0039B2646B4
:10361C006A4AA64600931DAD5BF8043FDFF8CCC1A7
:10362C0003EB43031344664A3B6012685AF8043FA9
:10363C009342A8BF13467B6059F8043F1C930023A8
:10364C008DF88830BCE80F00DCF800C00FC6C6F857
:10365C0000C0BEE80F000FC542233A46C5F800C0B3
:10366C001CA9204606F008F82146384609F0F6FF5A
:10367C00384614F075FB786870B10EF0A5F958B1A6
:10368C00786803689B68984778688368013B836017
:10369C0013B90368DB6898479DF87031002BA3D0F1
:1036AC00484A013B46A852F82330984740A80DF0F1
:1036BC00CDF89DF8FC30002B9DD0434A013B3EA831
:1036CC0052F8233098479DF8F030002B97D03F4AA2
:1036DC00013B39A852F8233098479DF8CC30002B89
:1036EC0091D03B4A013B204652F8233098470DAB12
:1036FC004B458BD1102337480021037014F036FB57
:10370C00354A01219DF8AC301170002B4AD19DF83F
:10371C00A030002B3DD15FB0BDE8F08F2D98036831
:10372C009B6898472D988368013B8360002B7FF43E
:10373C000AAF0368DB68984705E77C2104200EF08C
:10374C000BF94FF0010800F10C03244AC0F8048077
:10375C00064680F878402CACC0F808800260214600
:10376C002C9323AB0422184603930EF0FBF8DDF8E0
:10377C008C90484612F06EFCC5F800800E4D184A2D
:10378C001849284686F87880C5E9009624F014FF7D
:10379C00C4E60E4A013B25A852F8233098475FB087
:1037AC00BDE8F08F084A013B2AA852F8233098470D
:1037BC00ADE700BF64890020D08F0020849C0020DE
:1037CC00507E00201C6800204868002004680020FF
:1037DC00F467002060870020F32E01208463002012
:1037EC008C7B00207D010000E40700203C080020B9
:1037FC00F0B5434D8DB0434E07462B6832681343EA
:10380C0026D023F03FFA404B04461978184614F0A2
:10381C00E1FA23F037FA3D4A001B3D4B10601A6861
:10382C00904213D83B4B01221C603B4B1A7037B1B2
:10383C00336813443360394B1F700DB0F0BD2B68E7
:10384C0001332B60354B1F700DB0F0BD1860E9E7EC
:10385C0024F0CEFD324B1B781BB1324B1B78DA07B0
:10386C0032D423F00FFA04462748017814F0B2FA48
:10387C0023F008FA254A001B254B10601A68904269
:10388C0000D9186024F0B4FD254B1B78002BC9D04F
:10389C00244B1B78DB07C5D5234B244A1B681268C5
:1038AC009B1A0E2BBED902A827F0E8FF204B214A09
:1038BC001B682149D21A099B204800930A9B22F0CD
:1038CC002BFF24F047FDADE7174B184A1B68126815
:1038DC009B1A0E2BC5D902A827F0D0FF184A144BFF
:1038EC0012681B680192134A1649D21A099B134895
:1038FC0000930A9B22F010FF24F02CFDB1E700BFCF
:10390C00D82D01205497002060870020D42D012051
:10391C00A8CC0020D02D0120EB2E0120717E0020A0
:10392C00002F0120FF2E0120E02D0120A82E0120C8
:10393C00887B002000002820A40900206479002046
:10394C00507E0020380900202DE9F04FDFF8288246
:10395C00ADF22C6D704ED8F8005034682C1B03D18E
:10396C000DF22C6DBDE8F08F6C4B2AAFD3F80090A4
:10397C003846494616F0AAF9694B6A4A1B78D2F8C0
:10398C0000A0002B00F0B880674A2792674B1B7889
:10399C00002B00F0AE80644B28937B79484629922B
:1039AC002493BB7997F804B02593FB79269316F0F2
:1039BC0085F9299A002800F09980DFF86CE107EE70
:1039CC00904A5B4CDFF8B491E068B8EE676B594BEA
:1039DC001090D9F80070DFF8A8C115971B68FB1A76
:1039EC00554F07EE103A554B9FED495BB8EE477BB0
:1039FC001B68C31A524827EE057B87EE064B07EE71
:103A0C00103A504BB8EE477B27EE057B87EE065BF2
:103A1C008DED1A4B8DED185B1B6822934A4B1B687E
:103A2C0021934A4B1B682093494B1B681E93494BAF
:103A3C001B681D93484B1B681C93484B1B681693C3
:103A4C003B681F93E3691493A369139363691293FF
:103A5C0023691193CDF820E02699009207912599BE
:103A6C003F4B06912499CDE904B1289903912799EC
:103A7C00CDE901A1A2684FF4AF610F92DCF80020F0
:103A8C000E9202682CA80C9262680D92D3F88420D6
:103A9C000B92D3F88830334A0A9323680993224B4C
:103AAC0029F06EFE824624F0A3FC2F4B1B7873B1D9
:103ABC002E4B1B78DB070AD52D4AD8F8003012683C
:103ACC009B1A0E2B03D924F021FC824518DD3B6890
:103ADC0001333B60E368194A35601360D9F8003054
:103AEC00144A13600DF22C6DBDE8F08FDFF884E002
:103AFC0065E7204B289350E71E4B0B4A279345E76D
:103B0C0051462CA824F0F8FBE4E700BFAFF300808B
:103B1C000000000000408F40809C0020F08E0020B0
:103B2C00E82E0120507E0020000A0020717E00202B
:103B3C0010CD002004CD00200C2E012000CD002043
:103B4C00A4CC0020949700209C97002098970020EC
:103B5C00A0CC0020A8CC0020D42D0120549700200C
:103B6C00102E0120100A0020002F0120FF2E012012
:103B7C00A82E0120080A0020E02D0120D82D0120BC
:103B8C00509C0020254B19684A1C00B583B01A6064
:103B9C0049B3234A2349244824F00EFD234A1368D1
:103BAC00591C1160002B32D01D4A2149214824F0A8
:103BBC0003FD6021204816F047FE194A1F491E4894
:103BCC0024F0FAFC1E4B1F49002243F8042C43E955
:103BDC0003220C338B42F8D11B4B4FF000011A839C
:103BEC00997603B000BD4FF4EE72184829F0EEFF41
:103BFC00174B1846019316F0B7FF019B154A8833F3
:103C0C009A42F6D1144BA2F5EE721A60C1E7134832
:103C1C0030F0AAFF124A114B1360C5E7048C002048
:103C2C008C7B00200D020000088F0020A08A002051
:103C3C00D9010000F48E0020102E01201573010014
:103C4C00909C0020A8CC002084CC00200C8C002060
:103C5C00508C0020E88D0020088C0020A88A0020C1
:103C6C00A48A00202DE9F8431B4D40F2EE281B4C92
:103C7C001B4FDFF880902E6824F0BAFB2378EBB151
:103C8C003B78DB071AD52B68D9F800209B1A0E2B32
:103C9C0014D9144B14491C68204616F061F82046C0
:103CAC0015F08EFF41F63611104816F0B1FE0038B3
:103CBC000F4B18BF01201870BDE8F8832B682278D1
:103CCC009B1B2AB1B3F5FA6FE3D824F091FBD3E731
:103CDC004345FAD9DDE700BFE02D0120002F01207C
:103CEC00FF2E0120F08E00205C0C0020102E0120F5
:103CFC00F22E0120A82E01202DE9F047402482B09D
:103D0C00534D544E544FDFF89081DFF89091DFF80B
:103D1C0090A109E05A1C2F2A2ED8317861BB2A6059
:103D2C004E4AD054013C24D024F07CFA08B324F041
:103D3C00BFFA2B68C0B20A2801D00D28EAD1474A35
:103D4C0000203178D05479B91368BB4217D013686E
:103D5C00434520D013684B4529D01368534540D0B8
:103D6C0012683F4B9A4261D00023013C2B603370A8
:103D7C00DAD102B0BDE8F08701233370D2E71379B2
:103D8C00002BE4D1374A9365A2F8693082F86B3086
:103D9C00354A1370E8E7354B45F25531188888429F
:103DAC00D8D19B78002BD5D1FFF7CEFDDCE79388DB
:103DBC00482BD2D124F01CFB2D4B284A1B78002B0E
:103DCC00CBD02C4B1B78DB07C7D52B4B2B491B6857
:103DDC0009685B1A0E2BC0D929492A4830F0D0FE4D
:103DEC00C2E7918842F254039942B9D1264B1B7811
:103DFC00BBB91D4A1178F9B1194B9A45B4D101924E
:103E0C00FFF77CFB019A1C4B00211868154B996538
:103E1C00A3F8691083F86B10012313701B4B186007
:103E2C00A2E70F4B9A459FD10F4AECE7164B0E4A6F
:103E3C001B78002BE7D1E2E70A22154827F066FF32
:103E4C00431EB3F55C7F8FD2124B18608CE700BF1A
:103E5C00308F0020D92E012053544F50348F002026
:103E6C0041524D00102D0120E82E0120388F0020EA
:103E7C00002F0120FF2E0120E02D0120A82E012073
:103E8C006479002068780020F32E012060960020D1
:103E9C003A8F0020507E00205354415443524153DA
:103EAC004C494D492DE9F04F89B0924C22F0EAFE75
:103EBC00914B80461B681846039315F081FD2378BF
:103ECC00002B00F008818D4FFFF716FF80258C4CDE
:103EDC008C4E07F5C049DFF864A2CDF8088005E0E8
:103EEC00894A136801331360013D6DD0236B204662
:103EFC0032689A4238BF336016F060F9002863DBF1
:103F0C00F2D0214606A815F0FFFF079B5345E7D1D9
:103F1C00A36DD4E910820193A2EB080B3A68BBF1B4
:103F2C00110F02F101023A6048DD08227749404640
:103F3C0029F078FD002841D198F80820002A3DD1BD
:103F4C0098F80920502A39D198F80A1098F80B20C3
:103F5C0002EB01220D2A31D998F8101098F8112093
:103F6C0002EB0122911EB1F5FF7F27D8D30725D490
:103F7C0002F112018B4521D198F90F1098F80F001E
:103F8C0000291BDB98F80E104FF0AA0E01EB002352
:103F9C005F4901F12A0BB1F800C0A3EB0C0063459B
:103FAC000EFB00FC03D348888445C0F0C980063161
:103FBC005945F0D1BB680133BB6095E77B68013D87
:103FCC0003F101037B6091D1524AD9F85830DDF8E6
:103FDC000880146823B1D9F85C30E31A642B49D8F3
:103FEC00D9F86430E31AB3F57A7F02D90023A9F823
:103FFC006A30494E3378002B54D122F043FE474BA4
:10400C001D68451BFFF706FA80F00103DBB2CBB14C
:10401C0048F235239D4215D9414A13680133136088
:10402C0022F030FE3F4BA0EB08001A68824238BFEA
:10403C0018603D4B1B68E41AB4F57A7F55D209B071
:10404C00BDE8F08F0028EBD03178D1B148F23523A0
:10405C009D42E5D999F86930002BE1D043F21B025F
:10406C003249334822F084FE002089F86900FFF7BA
:10407C00BFFBD5E73B6901333B610023C9F85830DE
:10408C00AEE72C4B1B78012BCAD046F64B039D4256
:10409C00C6D943F21B02264829F098FD0120FFF7F0
:1040AC00A7FBBDE7039815F009FE58B1224B1B681E
:1040BC00E31AB3F57A7FA0D9D9F86030E31AB3F5D7
:1040CC007A7F9AD900233370C9F85830A9F869302F
:1040DC0089F86B3091E741F63611094816F098FCD7
:1040EC00003818BF01202070EDE609B0BDE8F04F94
:1040FC00FFF72ABCF22E0120F08E002010CD0020FC
:10410C00102E0120A4CC0020509C00205008002030
:10411C00E05D0020E02D0120E82E0120D02D0120B3
:10412C0094970020A0CC0020809C00204BFD002008
:10413C00849C0020717E0020609600200A00007D87
:10414C00A0EB0C0000EB4000B0F5FF7F28BF4FF454
:10415C00FF7082428646FFF431AF8A880592D9F807
:10416C0058205AB1D9F85C2001998A1A642A05D9C9
:10417C003A6901323A610022C9F85820D9F8642012
:10418C0001998A1AB2F57A7F7BD90022A9F86A20A4
:10419C0098F80CB0BBF1000F4FD0D9F858202AB1C9
:1041AC003A6901323A610022C9F85820012289F893
:1041BC0068B0A9F86A20A3F17802012101FA02F390
:1041CC00D9F858201A42049357D1002A4DD005989B
:1041DC007246484B08F11201604400EB4000184451
:1041EC0022F0C6FD07F5C043019A04995A669A6DF0
:1041FC000A4341498A429A657FF476AE93F8693056
:10420C0013B1FB690133FB6143F21B0239493B4893
:10421C0022F0AEFD019BC9F86030BBF1000318BF62
:10422C00012389F86B30FB680133FB600023C9F86C
:10423C005830012389F8693056E6A3F17802012140
:10424C0001FA02F3D9F858200493049B002112EAD6
:10425C000300A9F86A1046D0BA698B46C9F8581001
:10426C000132BA613A6901323A61019BC9F85C309A
:10427C00ADE799F86B20002A9DD0BB690133BB6177
:10428C0032E698F80CB099F86A10BBF1000F16D012
:10429C00002982D099F868209345EAD0ABEB020252
:1042AC00FF21FF32B2FBF1F1C1EB0121521A7F2A3F
:1042BC001BD8D9F85820002A3FF475AF70E7A3F14A
:1042CC007802012000FA02F3D9F85820049300294F
:1042DC00BBD012B13A6901323A610022C9F85820B8
:1042EC00A9F86A20C1E783466FE77B6901337B61DC
:1042FC00FAE500BF30CD0020FFFFFB1F4BFD002077
:10430C00704700BF704700BF704700BF704700BFC9
:10431C00704700BF704700BF80687047002070472F
:10432C00C06E7047406B70477030704738307047C4
:10433C0082B0CDE9001202B0704700BF704700BFD9
:10434C008068704710B1012380F8A430704700BF1B
:10435C000123002082B063F30F2002B0704700BF2E
:10436C00086828B1007FA0F10200B0FA80F0400983
:10437C00704700BF10B5046894F800C0BCF1000F82
:10438C0007D090F80CE0F444BCF1FF0FA8BF4FF03D
:10439C00FF0C90F818E00EFB0CCC4FEA2C2C81F89B
:1043AC0000C00168497829B190F80DC06144FF291B
:1043BC00A8BFFF2190F819C00CFB01110912117054
:1043CC000268927822B1817B0A44FF2AA8BFFF229F
:1043DC00817E01FB022212121A7010BD027BC17B7E
:1043EC00437B891A027C90F80EC0D21A437C01736D
:1043FC00A3EB0C0342738373704700BF036882689E
:10440C0090F91210013A0B4482600360704700BFB0
:10441C004068704780688142CCBF00200120704703
:10442C0090F81BC081F800C0017F1170427F1A7098
:10443C00009A837F1370704790F81BC081F800C0FE
:10444C00017F1170427F1A70009A837F137070473E
:10445C0010B5046894F800C0BCF1000F07D090F8B8
:10446C000CE0F444BCF1FF0FA8BF4FF0FF0C90F828
:10447C0018E00EFB0CCC4FEA2C2C81F800C0016824
:10448C00897829B190F80EC06144FF29A8BFFF219B
:10449C0090F81AC00CFB01110912117002685278C5
:1044AC0022B1417B0A44FF2AA8BFFF22417E01FBB7
:1044BC00022212121A7010BD027BC17B437B891A37
:1044CC00027C90F80EC0D21A437C0173A3EB0C0350
:1044DC0042738373704700BF0368826890F91210AF
:1044EC00013A0B4482600360704700BF406870471C
:1044FC0080688142CCBF00200120704790F81BC01F
:10450C0081F800C0417F1170027F1A70009A837F7E
:10451C001370704790F81BC081F800C0417F117078
:10452C00027F1A70009A837F1370704710B504686D
:10453C0094F801C0BCF1000F07D090F80DE0F444E2
:10454C00BCF1FF0FA8BF4FF0FF0C90F819E00EFB69
:10455C000CCC4FEA2C2C81F800C00168097829B1E9
:10456C0090F80CC06144FF29A8BFFF2190F818C037
:10457C000CFB0111091211700268927822B1817B37
:10458C000A44FF2AA8BFFF22817E01FB02221212DD
:10459C001A7010BD027BC17B437B891A027C90F898
:1045AC000EC0D21A437C0173A3EB0C0342738373CA
:1045BC00704700BF0368826890F91210013A0B44EF
:1045CC0082600360704700BF40687047806881421A
:1045DC00CCBF00200120704790F81CC081F800C0AF
:1045EC00C17E1170427F1A70009A837F13707047DE
:1045FC0090F81CC081F800C0C17E1170427F1A7007
:10460C00009A837F1370704710B5046894F801C04A
:10461C00BCF1000F07D090F80DE0F444BCF1FF0F93
:10462C00A8BF4FF0FF0C90F819E00EFB0CCC4FEA32
:10463C002C2C81F800C00168897829B190F80EC043
:10464C006144FF29A8BFFF2190F81AC00CFB01118F
:10465C00091211700268127822B1017B0A44FF2AF8
:10466C00A8BFFF22017E01FB022212121A7010BD9C
:10467C00027BC17B437B891A027C90F80EC0D21A54
:10468C00437C0173A3EB0C0342738373704700BF2D
:10469C000368826890F91210013A0B44826003603F
:1046AC00704700BF4068704780688142CCBF0020D3
:1046BC000120704790F81CC081F800C0417F117038
:1046CC00C27E1A70009A837F1370704790F81CC0DA
:1046DC0081F800C0417F1170C27E1A70009A837FEE
:1046EC001370704710B5046894F802C0BCF1000F49
:1046FC0007D090F80EE0F444BCF1FF0FA8BF4FF0C8
:10470C00FF0C90F81AE00EFB0CCC4FEA2C2C81F825
:10471C0000C00168097829B190F80CC06144FF29E8
:10472C00A8BFFF2190F818C00CFB011109121170E1
:10473C000268527822B1417B0A44FF2AA8BFFF22AB
:10474C00417E01FB022212121A7010BD027BC17B4A
:10475C00437B891A027C90F80EC0D21A437C0173F9
:10476C00A3EB0C0342738373704700BF036882682A
:10477C0090F91210013A0B4482600360704700BF3D
:10478C004068704780688142CCBF00200120704790
:10479C0090F81DC081F800C0C17E1170027F1A70A4
:1047AC00009A837F1370704790F81DC081F800C089
:1047BC00C17E1170027F1A70009A837F137070474C
:1047CC0010B5046894F802C0BCF1000F07D090F843
:1047DC000EE0F444BCF1FF0FA8BF4FF0FF0C90F8B3
:1047EC001AE00EFB0CCC4FEA2C2C81F800C00168AF
:1047FC00497829B190F80DC06144FF29A8BFFF2169
:10480C0090F819C00CFB0111091211700268127892
:10481C0022B1017B0A44FF2AA8BFFF22017E01FBC3
:10482C00022212121A7010BD027BC17B437B891AC3
:10483C00027C90F80EC0D21A437C0173A3EB0C03DC
:10484C0042738373704700BF0368826890F912103B
:10485C00013A0B4482600360704700BF40687047A8
:10486C0080688142CCBF00200120704790F81DC0A9
:10487C0081F800C0017F1170C27E1A70009A837F8C
:10488C001370704790F81DC081F800C0017F117043
:10489C00C27E1A70009A837F1370704710B4002385
:1048AC00D1E90042C1E900330460426010BC70479A
:1048BC000023C0E9003370470A46036900F1080180
:1048CC00406818470A46036900F108014068184718
:1048DC0000B5D0F810E013460A4600F10801F44682
:1048EC0040685DF804EB604700B5D0F810E0134663
:1048FC000A4600F10801F44640685DF804EB604795
:10490C0000B5D0F810E013460A4600F10801F44651
:10491C0040685DF804EB604700B5D0F810E0134632
:10492C000A4600F10801F44640685DF804EB604764
:10493C0000B5D0F810E013460A4600F10801F44621
:10494C0040685DF804EB604700B5D0F810E0134602
:10495C000A4600F10801F44640685DF804EB604734
:10496C009FED077B10B5502204460021A0EC027B82
:10497C0029F02CF9002384F8503010BDAFF30080DF
:10498C0000000000000000009FED077B10B55022D6
:10499C0004460021A0EC027B29F018F9002384F8CE
:1049AC00503010BDAFF3008000000000000000008C
:1049BC009FED077B10B5502204460021A0EC027B32
:1049CC0029F004F9002384F8503010BDAFF30080B7
:1049DC0000000000000000009FED077B10B5502286
:1049EC0004460021A0EC027B29F0F0F8002384F8A7
:1049FC00503010BDAFF3008000000000000000003C
:104A0C00704700BF704700BF704700BF704700BFC2
:104A1C00704700BF704700BF704700BF704700BFB2
:104A2C0003685B68184700BF03685B68184700BFE2
:104A3C0003685B68184700BF0120704710B5044637
:104A4C0044310DF031FF204610BD00BF10B582B0CF
:104A5C00044601910DF028FF01998A6D91F85C30A4
:104A6C00A26584F85C3002B010BD00BF034604227E
:104A7C0000B583B09B7D69460DEB020000930CF0F2
:104A8C0071FF019803B000BD10B5042282B004463A
:104A9C0000910DEB020069460CF064FF019BA375BD
:104AAC0002B010BD10B5042282B0044600910DEB8B
:104ABC00020069460CF056FF019B93E8070084E85E
:104ACC00070002B010BD00BF10B5042282B004462E
:104ADC0000910DEB020069460CF044FF019B93E83A
:104AEC00070084E8070002B010BD00BF10B5042217
:104AFC0082B0044600910DEB020069460CF032FFC7
:104B0C00DDF804E0A446BEE80F00ACE80F009EE818
:104B1C0007008CE8070002B010BD00BF10B50422DE
:104B2C0082B0044600910DEB020069460CF01AFFAE
:104B3C00019B0FCB84E80F0002B010BD00B583B011
:104B4C000422694600900DEB02000CF00BFF03B041
:104B5C0000BD00BF00B583B00422694600900DEB88
:104B6C0002000CF0FFFE03B000BD00BF00B583B027
:104B7C000422694600900DEB02000CF0F3FE03B02A
:104B8C0000BD00BF10B5042282B0044600910DEBAD
:104B9C00020069460CF0E6FE019B0022A261A28392
:104BAC001A46197B2173597B6173997BA173D97B4D
:104BBC00E173197C2174597C617452F8181B2160C3
:104BCC0092E803000A0CA061A183A27793F912204A
:104BDC00A2745A68C4E901225B69636102B010BD1A
:104BEC0000B583B00422694600900DEB02000CF076
:104BFC00B9FE03B000BD00BF10B5042282B004465C
:104C0C0000910DEB020069460CF0ACFE019B0022FA
:104C1C00A261A2831A46197B2173597B6173997B1C
:104C2C00A173D97BE173197C2174597C617452F89E
:104C3C00181B216092E803000A0CA061A183A277E3
:104C4C0093F91220A2745A68C4E901225B6963616A
:104C5C0002B010BD00B583B00422694600900DEB84
:104C6C0002000CF07FFE03B000BD00BF10B50422A3
:104C7C0082B0044600910DEB020069460CF072FE06
:104C8C00019B0022A261A2831A46197B2173597BD6
:104C9C006173997BA173D97BE173197C2174597C65
:104CAC00617452F8181B216092E803000A0CA06191
:104CBC00A183A27793F91220A2745A68C4E9012245
:104CCC005B69636102B010BD00B583B00422694614
:104CDC0000900DEB02000CF045FE03B000BD00BFD0
:104CEC0010B5042282B0044600910DEB0200694617
:104CFC000CF038FE019B0022A261A2831A46197B9C
:104D0C002173597B6173997BA173D97BE173197CF6
:104D1C002174597C617452F8181B216092E80300CD
:104D2C000A0CA061A183A27793F91220A2745A688D
:104D3C00C4E901225B69636102B010BD00B583B0A8
:104D4C000422694600900DEB02000CF00BFE03B040
:104D5C0000BD00BF10B5042282B0044600910DEBDB
:104D6C00020069460CF0FEFD019B0022A261A283A9
:104D7C001A46197B2173597B6173997BA173D97B7B
:104D8C00E173197C2174597C617452F8181B2160F1
:104D9C0092E803000A0CA061A183A27793F9122078
:104DAC00A2745A68C4E901225B69636102B010BD48
:104DBC0000B583B00422694600900DEB02000CF0A4
:104DCC00D1FD03B000BD00BF00B583B0042269461D
:104DDC0000900DEB02000CF0C5FD03B000BD00BF50
:104DEC0000B583B00422009169460DEB02000CF073
:104DFC00B9FD03B000BD00BF00B583B00422694605
:104E0C0000900DEB02000CF0ADFD03B000BD00BF37
:104E1C0010B5042282B0044600910DEB02006946E5
:104E2C000CF0A0FDDDF804E0A446BEE80F00ACE8F1
:104E3C000F00BEE80F00ACE80F00BEE80F00ACE8B6
:104E4C000F009EE80F008CE80F0002B010BD00BFF1
:104E5C0000B583B00422009169460DEB02000CF002
:104E6C0081FD03B000BD00BF00B583B004220091EA
:104E7C0069460DEB02000CF075FD03B000BD00BFE0
:104E8C0010B5042282B0044600910DEB0200694675
:104E9C000CF068FD019B1B68236002B010BD00BFC5
:104EAC0000B583B00422694600900DEB02000CF0B3
:104EBC0059FD03B000BD00BF00B5042283B00090C3
:104ECC0069460DEB02000CF04DFD0198436C1BB1D3
:104EDC0003B05DF804EB184703B000BD00B5042225
:104EEC0083B0009069460DEB02000CF03BFD01987D
:104EFC0003685B6803B05DF804EB184700B5042247
:104F0C0083B0009069460DEB02000CF02BFD01986C
:104F1C0003685B6803B05DF804EB184710B5042216
:104F2C0082B0044600910DEB020069460CF01AFDAC
:104F3C00019B1B68236002B010BD00BF10B504229A
:104F4C0082B0044600910DEB020069460CF00AFD9C
:104F5C00019B1B68236002B010BD00BF10B504227A
:104F6C0082B0044600910DEB020069460CF0FAFC8D
:104F7C00019B1B68236002B010BD00BF10B504225A
:104F8C0082B0044600910DEB020069460CF0EAFC7D
:104F9C00019B1B68236002B010BD00BF30B504221A
:104FAC0083B0044600910DEB020069460CF0DAFC6C
:104FBC00019B064803F108015D6820601B69656070
:104FCC00236103C9C4E9020103B030BD546400205D
:104FDC0030B5042283B0044600910DEB0200694603
:104FEC000CF0C0FC019B064803F108015D682060D1
:104FFC001B696560236103C9C4E9020103B030BDBC
:10500C004064002030B5042283B0044600910DEBBF
:10501C00020069460CF0A6FC019B064803F108014E
:10502C005D6820601B696560236103C9C4E90201E6
:10503C0003B030BDA464002030B5042283B0044614
:10504C0000910DEB020069460CF08CFC019B0648AC
:10505C0003F108015D6820601B696560236103C969
:10506C00C4E9020103B030BD9064002030B50422C5
:10507C0083B0044600910DEB020069460CF072FC03
:10508C00019B064803F108015D6820601B6965609F
:10509C00236103C9C4E9020103B030BD7C64002064
:1050AC0030B5042283B0044600910DEB0200694632
:1050BC000CF058FC019B064803F108015D68206068
:1050CC001B696560236103C9C4E9020103B030BDEB
:1050DC006864002030B5042283B0044600910DEBC7
:1050EC00020069460CF03EFC019B064803F10801E6
:1050FC005D6820601B696560236103C9C4E9020116
:10510C0003B030BDCC64002030B5042283B004461B
:10511C0000910DEB020069460CF024FC019B064843
:10512C0003F108015D6820601B696560236103C998
:10513C00C4E9020103B030BDB864002010B50422EC
:10514C0082B0044600910DEB020069460CF00AFC9B
:10515C000199402220464B6C63640B6C236402B0B3
:10516C00BDE810400CF0FEBB10B5042282B0044622
:10517C0000910DEB020069460CF0F4FB0199402202
:10518C0020464B6C63640B6C236402B0BDE810408A
:10519C000CF0E8BB10B5042282B0044600910DEB74
:1051AC00020069460CF0DEFB0199402220464B6C54
:1051BC0063640B6C236402B0BDE810400CF0D2BBEE
:1051CC0010B5042282B0044600910DEB0200694632
:1051DC000CF0C8FB0199402220464B6C63640B6CAD
:1051EC00236402B0BDE810400CF0BCBB00B583B02A
:1051FC000422694600900DEB02000CF0B3FB03B0E7
:10520C0000BD00BF00B5042283B0009069460DEBD1
:10521C0002000CF0A7FB0198436C1BB103B05DF8C6
:10522C0004EB184703B000BD00B5042283B0009016
:10523C0069460DEB02000CF095FB019803685B6866
:10524C0003B05DF804EB184700B5042283B000905E
:10525C0069460DEB02000CF085FB019803685B6856
:10526C0003B05DF804EB184700B583B0042269461F
:10527C0000900DEB02000CF075FB03B000BD00BFFD
:10528C0000B5042283B0009069460DEB02000CF0CF
:10529C0069FB0198436C1BB103B05DF804EB184734
:1052AC0003B000BD00B5042283B0009069460DEB3D
:1052BC0002000CF057FB019803685B6803B05DF8C3
:1052CC0004EB184700B5042283B0009069460DEB3F
:1052DC0002000CF047FB019803685B6803B05DF8B3
:1052EC0004EB184700B583B00422694600900DEB1F
:1052FC0002000CF037FB03B000BD00BF00B5042268
:10530C0083B0009069460DEB02000CF02BFB01986A
:10531C00436C1BB103B05DF804EB184703B000BD40
:10532C0000B5042283B0009069460DEB02000CF02E
:10533C0019FB019803685B6803B05DF804EB184730
:10534C0000B5042283B0009069460DEB02000CF00E
:10535C0009FB019803685B6803B05DF804EB184720
:10536C0000B583B00422694600900DEB02000CF0EE
:10537C00F9FA03B000BD00BF00B5042283B0009061
:10538C0069460DEB02000CF0EDFA0198436C1BB171
:10539C0003B05DF804EB184703B000BD00B5042260
:1053AC0083B0009069460DEB02000CF0DBFA01981B
:1053BC0003685B6803B05DF804EB184700B5042282
:1053CC0083B0009069460DEB02000CF0CBFA01980B
:1053DC0003685B6803B05DF804EB184710B5042252
:1053EC0082B0044600910DEB020069460CF0BAFA4B
:1053FC00019B0022D3E90001C3E90022C4E90001AA
:10540C0002B010BD10B5042282B0044600910DEB21
:10541C00020069460CF0A6FA019B1B68236002B0DF
:10542C0010BD00BF10B584B004460422029103A83D
:10543C0002A90CF097FA0399402220464B6C01917B
:10544C0063640B6C23640CF08DFA002301994B649C
:10545C0004B010BD30B5042283B0044600910DEBAE
:10546C00020069460CF07EFA019B064803F1080124
:10547C005D6820601B696560236103C9C4E9020192
:10548C0003B030BD5464002030B5042283B0044610
:10549C0000910DEB020069460CF064FA019B064882
:1054AC0003F108015D6820601B696560236103C915
:1054BC00C4E9020103B030BD4064002010B50422E1
:1054CC0082B0044600910DEB020069460CF04AFADA
:1054DC00019B0022D3E90001C3E90022C4E90001C9
:1054EC0002B010BD10B5042282B0044600910DEB41
:1054FC00020069460CF036FA019B1B68236002B06F
:10550C0010BD00BF10B584B004460422029103A85C
:10551C0002A90CF027FA0399402220464B6C01910A
:10552C0063640B6C23640CF01DFA002301994B642B
:10553C0004B010BD30B5042283B0044600910DEBCD
:10554C00020069460CF00EFA019B064803F10801B3
:10555C005D6820601B696560236103C9C4E90201B1
:10556C0003B030BDA464002030B5042283B00446DF
:10557C0000910DEB020069460CF0F4F9019B064812
:10558C0003F108015D6820601B696560236103C934
:10559C00C4E9020103B030BD9064002010B50422B0
:1055AC0082B0044600910DEB020069460CF0DAF96A
:1055BC00019B0022D3E90001C3E90022C4E90001E8
:1055CC0002B010BD10B5042282B0044600910DEB60
:1055DC00020069460CF0C6F9019B1B68236002B0FF
:1055EC0010BD00BF10B584B004460422029103A87C
:1055FC0002A90CF0B7F90399402220464B6C01919B
:10560C0063640B6C23640CF0ADF9002301994B64BB
:10561C0004B010BD30B5042283B0044600910DEBEC
:10562C00020069460CF09EF9019B064803F1080143
:10563C005D6820601B696560236103C9C4E90201D0
:10564C0003B030BD7C64002030B5042283B0044626
:10565C0000910DEB020069460CF084F9019B0648A1
:10566C0003F108015D6820601B696560236103C953
:10567C00C4E9020103B030BD6864002010B50422F7
:10568C0082B0044600910DEB020069460CF06AF9F9
:10569C00019B0022D3E90001C3E90022C4E9000107
:1056AC0002B010BD10B5042282B0044600910DEB7F
:1056BC00020069460CF056F9019B1B68236002B08E
:1056CC0010BD00BF10B584B004460422029103A89B
:1056DC0002A90CF047F90399402220464B6C01912A
:1056EC0063640B6C23640CF03DF9002301994B644B
:1056FC0004B010BD30B5042283B0044600910DEB0C
:10570C00020069460CF02EF9019B064803F10801D2
:10571C005D6820601B696560236103C9C4E90201EF
:10572C0003B030BDCC64002030B5042283B00446F5
:10573C0000910DEB020069460CF014F9019B064830
:10574C0003F108015D6820601B696560236103C972
:10575C00C4E9020103B030BDB864002008B5602272
:10576C00002128F033FABDE808400CF051B900BF15
:10577C000BF05CBA59B170B50E46044600250135E4
:10578C0020460BF053FA6034AE42F8D170BD70472E
:10579C00034B10B5044603600CF00CF9204610BD09
:1057AC00CC630020034B10B5044603600CF002F9E7
:1057BC00204610BD9C630020034B10B504460360CB
:1057CC000CF0F8F8204610BDDC620020054B10B53B
:1057DC00044603600CF0EEF820460CF0C1F82046AD
:1057EC0010BD00BF9C630020054B10B50446036040
:1057FC000CF0E0F820460CF0B3F8204610BD00BFCA
:10580C00DC620020054B10B5044603600CF0D2F8A6
:10581C0020460CF0A5F8204610BD00BFCC6300203C
:10582C0000B583B01421019021F042FB019803B024
:10583C0000BD00BF00B583B01421019021F038FBEE
:10584C00019803B000BD00BF00B583B014210190D6
:10585C0021F02EFB019803B000BD00BF00B583B052
:10586C001421019021F024FB019803B000BD00BF6E
:10587C0000B583B01421019021F01AFB019803B0FC
:10588C0000BD00BF00B583B01421019021F010FBC6
:10589C00019803B000BD00BF00B583B01421019086
:1058AC0021F006FB019803B000BD00BF00B583B02A
:1058BC001421019021F0FCFA019803B000BD00BF47
:1058CC0000B585B00422029002A903A80CF04AF896
:1058DC00039B5868A0B101930CF076F880B1019B42
:1058EC005868026892689047019B58688368013B2E
:1058FC0083602BB90368DB6805B05DF804EB1847CF
:10590C0005B000BD00B585B00422029002A903A821
:10591C000CF028F8039B5868A0B101930CF054F8D4
:10592C0080B1019B5868026892689047019B586847
:10593C008368013B83602BB90368DB6805B05DF8B5
:10594C0004EB184705B000BD00B585B004220290E9
:10595C0002A903A80CF006F8039B5868A0B10193A8
:10596C000CF032F880B1019B58680268926890473D
:10597C00019B58688368013B83602BB90368DB6823
:10598C0005B05DF804EB184705B000BD00B585B057
:10599C000422029002A903A80BF0E4FF039B5868B1
:1059AC00A0B101930CF010F880B1019B586802680B
:1059BC0092689047019B58688368013B83602BB9C0
:1059CC000368DB6805B05DF804EB184705B000BD53
:1059DC0000B585B00422029002A903A80BF0C2FF07
:1059EC00039B5868A0B101930BF0EEFF80B1019BB3
:1059FC005868026892689047019B58688368013B1D
:105A0C0083602BB90368DB6805B05DF804EB1847BD
:105A1C0005B000BD0A6838B50C4602600023054687
:105A2C000C30D1E90121A36040F8041C04F10C01F5
:105A3C00636040F8082C0CF027FD94F8643085F86E
:105A4C00643038BD10B582B0044601910CF01CFDD9
:105A5C0001998A6D91F85C30A26584F85C3002B0D3
:105A6C0010BD00BF38B50B6804460D460360D1E984
:105A7C000130C4E9013008B10BF09EFF05F10C01B7
:105A8C0004F10C000CF010FF95F8643084F86430CD
:105A9C0038BD00BFD1E90023C0E9002313B118467B
:105AAC000BF08ABF704700BF10B5042282B00446C9
:105ABC0000910DEB020069460BF054FF019BD3E9FA
:105ACC000020C4E9002020B102B0BDE810400BF06A
:105ADC0073BF02B010BD00BF10B5042282B00446E3
:105AEC0000910DEB020069460BF03CFF019BD3E9E2
:105AFC000020C4E9002020B102B0BDE810400BF03A
:105B0C005BBF02B010BD00BF10B5042282B00446CA
:105B1C0000910DEB020069460BF024FF019BD3E9C9
:105B2C000020C4E9002020B102B0BDE810400BF009
:105B3C0043BF02B010BD00BF10B5042282B00446B2
:105B4C0000910DEB020069460BF00CFF019BD3E9B1
:105B5C000020C4E9002020B102B0BDE810400BF0D9
:105B6C002BBF02B010BD00BF04300BF053BD00BF03
:105B7C0059B170B50E46041D0025013520460BF0B9
:105B8C0049FD2434AE42F8D170BD704700B583B0E6
:105B9C00019012F039FA0198002103689B6903B057
:105BAC005DF804EB184700BF70B50C4691689AB0CD
:105BBC00002945D00546414801920AF091FA60222D
:105BCC000646002102A828F001F802A80BF020FFDD
:105BDC0000223B4902A88DF860200A2219920CF091
:105BEC0019FA294602A80CF0A1FE364902A80CF0BD
:105BFC0011FA214602A80CF099FE334902A80CF0C8
:105C0C0009FA019902A80CF091FE304902A80CF097
:105C1C0001FA2F4902A80CF0FDF9214602A80CF05C
:105C2C0085FE2C4902A80CF0F5F902AB872231460F
:105C3C0001200AF015FA02A80AF0F8FF1AB070BD9C
:105C4C0006461E4801910AF04BFA6022019905465E
:105C5C0002A827F0BBFF02A80BF0DAFE01990A2379
:105C6C0002A88DF86010164919930CF0D3F931463F
:105C7C0002A80CF05BFE134902A80CF0CBF92146EC
:105C8C0002A80CF053FE144902A80CF0C3F91049F9
:105C9C0002A80CF0BFF9214602A80CF047FE0D49F2
:105CAC0002A80CF0B7F902AB8D22294601200AF0AC
:105CBC00D7F902A80AF0BAFF1AB070BD780C002010
:105CCC00D40C0020E00C0020F40C00202C0D002043
:105CDC00500D0020800D0020A40D002030B593B095
:105CEC00844609A8DCF800E09CF8184080E80E0017
:105CFC0007C80FAA25469CF819409CF81AC082E8E0
:105D0C000B00BEF8001000209EF802309DF840E019
:105D1C000A0AADF83810C9B2BEF1020F8DF8360080
:105D2C008DF837008DF83A3060D0BEF1030F42D0B9
:105D3C00BEF1010F1AD084460346024601468DF887
:105D4C003A00ADF838001A9CCDF800C00694199CA6
:105D5C000594189C0494179C0394169CCDE901049B
:105D6C009DF841000AF08AF813B030BDCDE9014C22
:105D7C000DF1370C0FA80095CDF81CC00DF1360CA9
:105D8C00CDF818C00DF1380CCDF80CC00DF13A0C53
:105D9C00CDF814C00DF1390CCDF810C00AF0ECF8A8
:105DAC009DF838109DF839209DF83A309DF836C092
:105DBC009DF83700C7E7CDE9014C0DF1370C0FA862
:105DCC000095CDF81CC00DF1360CCDF818C00DF1B6
:105DDC00380CCDF80CC00DF13A0CCDF814C00DF107
:105DEC00390CCDF810C00AF08FF8D9E7CDE9014C89
:105DFC000DF1370C0FA80095CDF81CC00DF1360C29
:105E0C00CDF818C00DF1380CCDF80CC00DF13A0CD2
:105E1C00CDF814C00DF1390CCDF810C00AF0E6F82D
:105E2C00BEE700BF30B593B0844609A8DCF800E0AB
:105E3C009CF8184080E80E0007C80FAA25469CF86D
:105E4C0019409CF81AC082E80B00BEF80010002024
:105E5C009EF802309DF840E00A0AADF83810C9B23D
:105E6C00BEF1020F8DF836008DF837008DF83A3000
:105E7C0060D0BEF1030F42D0BEF1010F1AD08446A0
:105E8C000346024601468DF83A00ADF838001A9CDC
:105E9C00CDF800C00694199C0594189C0494179C8A
:105EAC000394169CCDE901049DF8410009F0E6FF2E
:105EBC0013B030BDCDE9014C0DF1370C0FA8009596
:105ECC00CDF81CC00DF1360CCDF818C00DF1380C06
:105EDC00CDF80CC00DF13A0CCDF814C00DF1390C05
:105EEC00CDF810C00AF048F89DF838109DF83A200B
:105EFC009DF839309DF836C09DF83700C7E7CDE9DD
:105F0C00014C0DF1370C0FA80095CDF81CC00DF10C
:105F1C00360CCDF818C00DF1380CCDF80CC00DF1C5
:105F2C003A0CCDF814C00DF1390CCDF810C009F0B5
:105F3C00EBFFD9E7CDE9014C0DF1370C0FA800951B
:105F4C00CDF81CC00DF1360CCDF818C00DF1380C85
:105F5C00CDF80CC00DF13A0CCDF814C00DF1390C84
:105F6C00CDF810C00AF042F8BEE700BF30B593B0D0
:105F7C00844609A8DCF800E09CF8184080E80E0084
:105F8C0007C80FAA25469CF819409CF81AC082E84D
:105F9C000B00BEF8001000209EF802309DF840E087
:105FAC000A0AADF83810C9B2BEF1020F8DF83600EE
:105FBC008DF837008DF83A3060D0BEF1030F42D027
:105FCC00BEF1010F1AD084460346024601468DF8F5
:105FDC003A00ADF838001A9CCDF800C00694199C14
:105FEC000594189C0494179C0394169CCDE9010409
:105FFC009DF8410009F042FF13B030BDCDE9014CD2
:10600C000DF1370C0FA80095CDF81CC00DF1360C16
:10601C00CDF818C00DF1380CCDF80CC00DF13A0CC0
:10602C00CDF814C00DF1390CCDF810C009F0A4FF57
:10603C009DF839109DF838209DF83A309DF836C0FF
:10604C009DF83700C7E7CDE9014C0DF1370C0FA8CF
:10605C000095CDF81CC00DF1360CCDF818C00DF123
:10606C00380CCDF80CC00DF13A0CCDF814C00DF174
:10607C00390CCDF810C009F047FFD9E7CDE9014C38
:10608C000DF1370C0FA80095CDF81CC00DF1360C96
:10609C00CDF818C00DF1380CCDF80CC00DF13A0C40
:1060AC00CDF814C00DF1390CCDF810C009F09EFFDD
:1060BC00BEE700BF30B593B0844609A8DCF800E019
:1060CC009CF8184080E80E0007C80FAA25469CF8DB
:1060DC0019409CF81AC082E80B00BEF80010002092
:1060EC009EF802309DF840E00A0AADF83810C9B2AB
:1060FC00BEF1020F8DF836008DF837008DF83A306E
:10610C0060D0BEF1030F42D0BEF1010F1AD084460D
:10611C000346024601468DF83A00ADF838001A9C49
:10612C00CDF800C00694199C0594189C0494179CF7
:10613C000394169CCDE901049DF8410009F09EFEE4
:10614C0013B030BDCDE9014C0DF1370C0FA8009503
:10615C00CDF81CC00DF1360CCDF818C00DF1380C73
:10616C00CDF80CC00DF13A0CCDF814C00DF1390C72
:10617C00CDF810C009F000FF9DF839109DF83A20B9
:10618C009DF838309DF836C09DF83700C7E7CDE94B
:10619C00014C0DF1370C0FA80095CDF81CC00DF17A
:1061AC00360CCDF818C00DF1380CCDF80CC00DF133
:1061BC003A0CCDF814C00DF1390CCDF810C009F023
:1061CC00A3FED9E7CDE9014C0DF1370C0FA80095D2
:1061DC00CDF81CC00DF1360CCDF818C00DF1380CF3
:1061EC00CDF80CC00DF13A0CCDF814C00DF1390CF2
:1061FC00CDF810C009F0FAFEBEE700BF30B593B081
:10620C00844609A8DCF800E09CF8184080E80E00F1
:10621C0007C80FAA25469CF819409CF81AC082E8BA
:10622C000B00BEF8001000209EF802309DF840E0F4
:10623C000A0AADF83810C9B2BEF1020F8DF836005B
:10624C008DF837008DF83A3060D0BEF1030F42D094
:10625C00BEF1010F1AD084460346024601468DF862
:10626C003A00ADF838001A9CCDF800C00694199C81
:10627C000594189C0494179C0394169CCDE9010476
:10628C009DF8410009F0FAFD13B030BDCDE9014C89
:10629C000DF1370C0FA80095CDF81CC00DF1360C84
:1062AC00CDF818C00DF1380CCDF80CC00DF13A0C2E
:1062BC00CDF814C00DF1390CCDF810C009F05CFE0E
:1062CC009DF83A109DF838209DF839309DF836C06D
:1062DC009DF83700C7E7CDE9014C0DF1370C0FA83D
:1062EC000095CDF81CC00DF1360CCDF818C00DF191
:1062FC00380CCDF80CC00DF13A0CCDF814C00DF1E2
:10630C00390CCDF810C009F0FFFDD9E7CDE9014CEF
:10631C000DF1370C0FA80095CDF81CC00DF1360C03
:10632C00CDF818C00DF1380CCDF80CC00DF13A0CAD
:10633C00CDF814C00DF1390CCDF810C009F056FE93
:10634C00BEE700BF30B593B0844609A8DCF800E086
:10635C009CF8184080E80E0007C80FAA25469CF848
:10636C0019409CF81AC082E80B00BEF800100020FF
:10637C009EF802309DF840E00A0AADF83810C9B218
:10638C00BEF1020F8DF836008DF837008DF83A30DB
:10639C0060D0BEF1030F42D0BEF1010F1AD084467B
:1063AC000346024601468DF83A00ADF838001A9CB7
:1063BC00CDF800C00694199C0594189C0494179C65
:1063CC000394169CCDE901049DF8410009F056FD9B
:1063DC0013B030BDCDE9014C0DF1370C0FA8009571
:1063EC00CDF81CC00DF1360CCDF818C00DF1380CE1
:1063FC00CDF80CC00DF13A0CCDF814C00DF1390CE0
:10640C00CDF810C009F0B8FD9DF83A109DF8392070
:10641C009DF838309DF836C09DF83700C7E7CDE9B8
:10642C00014C0DF1370C0FA80095CDF81CC00DF1E7
:10643C00360CCDF818C00DF1380CCDF80CC00DF1A0
:10644C003A0CCDF814C00DF1390CCDF810C009F090
:10645C005BFDD9E7CDE9014C0DF1370C0FA8009588
:10646C00CDF81CC00DF1360CCDF818C00DF1380C60
:10647C00CDF80CC00DF13A0CCDF814C00DF1390C5F
:10648C00CDF810C009F0B2FDBEE700BFF0B58FB07B
:10649C00047E0DF1240C2646447E8CE80E00036825
:1064AC000B9A1988807EA2F1020C9B780022BDF811
:1064BC0024E0ADF834108DF833200A0A0A9DC9B2D5
:1064CC008DF836300096CDE901407046BCF1050FD1
:1064DC0000F28C80DFE80CF02B3E516477030DF159
:1064EC00330CCDF818C00DF1340CCDF80CC00DF1F7
:1064FC00360CCDF814C00DF1350CCDF810C009F0E8
:10650C00B7FB179B28469DF833100493169B149CDD
:10651C000393159B9DF8352002939DF83630CDE9F9
:10652C0000149DF8341009F087FC0FB0F0BD0DF18C
:10653C00330CCDF818C00DF1340CCDF80CC00DF1A6
:10654C00360CCDF814C00DF1350CCDF810C009F097
:10655C0045F9D6E70DF1330CCDF818C00DF1340C1C
:10656C00CDF80CC00DF1360CCDF814C00DF1350C76
:10657C00CDF810C009F046FBC3E70DF1330CCDF894
:10658C0018C00DF1340CCDF80CC00DF1360CCDF853
:10659C0014C00DF1350CCDF810C009F0F3FAB0E7CA
:1065AC000DF1330CCDF818C00DF1340CCDF80CC036
:1065BC000DF1360CCDF814C00DF1350CCDF810C022
:1065CC0009F08AFB9DE70DF1330CCDF818C00DF1E5
:1065DC00340CCDF80CC00DF1360CCDF814C00DF107
:1065EC00350CCDF810C009F0CFFB8AE70DF1330C58
:1065FC00CDF818C00DF1340CCDF80CC00DF1360CE3
:10660C00CDF814C00DF1350CCDF810C009F0DEFA40
:10661C0077E700BFF0B58FB0047E0DF1240C264651
:10662C00447E8CE80E0003680B9A1988807EA2F1D8
:10663C00020C9B780022BDF824E0ADF834108DF8E4
:10664C0033200A0A0A9DC9B28DF836300096CDE97E
:10665C0001407046BCF1050F00F28C80DFE80CF0B5
:10666C002B3E516477030DF1330CCDF818C00DF1AE
:10667C00340CCDF80CC00DF1360CCDF814C00DF166
:10668C00350CCDF810C009F0F3FA179B28469DF88D
:10669C0033100493169B149C0393159B9DF8362082
:1066AC0002939DF83530CDE900149DF8341009F0B3
:1066BC00C3FB0FB0F0BD0DF1330CCDF818C00DF1CC
:1066CC00340CCDF80CC00DF1360CCDF814C00DF116
:1066DC00350CCDF810C009F081F8D6E70DF1330C6C
:1066EC00CDF818C00DF1340CCDF80CC00DF1360CF2
:1066FC00CDF814C00DF1350CCDF810C009F082FAAC
:10670C00C3E70DF1330CCDF818C00DF1340CCDF8F6
:10671C000CC00DF1360CCDF814C00DF1350CCDF8C4
:10672C0010C009F02FFAB0E70DF1330CCDF818C0FA
:10673C000DF1340CCDF80CC00DF1360CCDF814C0A5
:10674C000DF1350CCDF810C009F0C6FA9DE70DF12E
:10675C00330CCDF818C00DF1340CCDF80CC00DF184
:10676C00360CCDF814C00DF1350CCDF810C009F075
:10677C000BFB8AE70DF1330CCDF818C00DF1340C7E
:10678C00CDF80CC00DF1360CCDF814C00DF1350C54
:10679C00CDF810C009F01AFA77E700BFF0B58FB04A
:1067AC00047E0DF1240C2646447E8CE80E00036812
:1067BC000B9A1988807EA2F1020C9B780022BDF8FE
:1067CC0024E0ADF834108DF833200A0A0A9DC9B2C2
:1067DC008DF836300096CDE901407046BCF1050FBE
:1067EC0000F28C80DFE80CF02B3E516477030DF146
:1067FC00330CCDF818C00DF1340CCDF80CC00DF1E4
:10680C00360CCDF814C00DF1350CCDF810C009F0D4
:10681C002FFA179B28469DF833100493169B149C53
:10682C000393159B9DF8342002939DF83630CDE9E7
:10683C0000149DF8351009F0FFFA0FB0F0BD0DF102
:10684C00330CCDF818C00DF1340CCDF80CC00DF193
:10685C00360CCDF814C00DF1350CCDF810C008F085
:10686C00BDFFD6E70DF1330CCDF818C00DF1340C8B
:10687C00CDF80CC00DF1360CCDF814C00DF1350C63
:10688C00CDF810C009F0BEF9C3E70DF1330CCDF80B
:10689C0018C00DF1340CCDF80CC00DF1360CCDF840
:1068AC0014C00DF1350CCDF810C009F06BF9B0E740
:1068BC000DF1330CCDF818C00DF1340CCDF80CC023
:1068CC000DF1360CCDF814C00DF1350CCDF810C00F
:1068DC0009F002FA9DE70DF1330CCDF818C00DF15B
:1068EC00340CCDF80CC00DF1360CCDF814C00DF1F4
:1068FC00350CCDF810C009F047FA8AE70DF1330CCE
:10690C00CDF818C00DF1340CCDF80CC00DF1360CCF
:10691C00CDF814C00DF1350CCDF810C009F056F9B6
:10692C0077E700BFF0B58FB0047E0DF1240C26463E
:10693C00447E8CE80E0003680B9A1988807EA2F1C5
:10694C00020C9B780022BDF824E0ADF834108DF8D1
:10695C0033200A0A0A9DC9B28DF836300096CDE96B
:10696C0001407046BCF1050F00F28C80DFE80CF0A2
:10697C002B3E516477030DF1330CCDF818C00DF19B
:10698C00340CCDF80CC00DF1360CCDF814C00DF153
:10699C00350CCDF810C009F06BF9179B28469DF803
:1069AC0033100493169B149C0393159B9DF836206F
:1069BC0002939DF83430CDE900149DF8351009F0A0
:1069CC003BFA0FB0F0BD0DF1330CCDF818C00DF142
:1069DC00340CCDF80CC00DF1360CCDF814C00DF103
:1069EC00350CCDF810C008F0F9FED6E70DF1330CDC
:1069FC00CDF818C00DF1340CCDF80CC00DF1360CDF
:106A0C00CDF814C00DF1350CCDF810C009F0FAF822
:106A1C00C3E70DF1330CCDF818C00DF1340CCDF8E3
:106A2C000CC00DF1360CCDF814C00DF1350CCDF8B1
:106A3C0010C009F0A7F8B0E70DF1330CCDF818C071
:106A4C000DF1340CCDF80CC00DF1360CCDF814C092
:106A5C000DF1350CCDF810C009F03EF99DE70DF1A4
:106A6C00330CCDF818C00DF1340CCDF80CC00DF171
:106A7C00360CCDF814C00DF1350CCDF810C009F062
:106A8C0083F98AE70DF1330CCDF818C00DF1340CF5
:106A9C00CDF80CC00DF1360CCDF814C00DF1350C41
:106AAC00CDF810C009F092F877E700BFF0B58FB0C1
:106ABC00047E0DF1240C2646447E8CE80E000368FF
:106ACC000B9A1988807EA2F1020C9B780022BDF8EB
:106ADC0024E0ADF834108DF833200A0A0A9DC9B2AF
:106AEC008DF836300096CDE901407046BCF1050FAB
:106AFC0000F28C80DFE80CF02B3E516477030DF133
:106B0C00330CCDF818C00DF1340CCDF80CC00DF1D0
:106B1C00360CCDF814C00DF1350CCDF810C009F0C1
:106B2C00A7F8179B28469DF833100493169B149CCA
:106B3C000393159B9DF8342002939DF83530CDE9D5
:106B4C0000149DF8361009F077F90FB0F0BD0DF177
:106B5C00330CCDF818C00DF1340CCDF80CC00DF180
:106B6C00360CCDF814C00DF1350CCDF810C008F072
:106B7C0035FED6E70DF1330CCDF818C00DF1340C01
:106B8C00CDF80CC00DF1360CCDF814C00DF1350C50
:106B9C00CDF810C009F036F8C3E70DF1330CCDF881
:106BAC0018C00DF1340CCDF80CC00DF1360CCDF82D
:106BBC0014C00DF1350CCDF810C008F0E3FFB0E7B0
:106BCC000DF1330CCDF818C00DF1340CCDF80CC010
:106BDC000DF1360CCDF814C00DF1350CCDF810C0FC
:106BEC0009F07AF89DE70DF1330CCDF818C00DF1D2
:106BFC00340CCDF80CC00DF1360CCDF814C00DF1E1
:106C0C00350CCDF810C009F0BFF88AE70DF1330C44
:106C1C00CDF818C00DF1340CCDF80CC00DF1360CBC
:106C2C00CDF814C00DF1350CCDF810C008F0CEFF26
:106C3C0077E700BFF0B58FB0047E0DF1240C26462B
:106C4C00447E8CE80E0003680B9A1988807EA2F1B2
:106C5C00020C9B780022BDF824E0ADF834108DF8BE
:106C6C0033200A0A0A9DC9B28DF836300096CDE958
:106C7C0001407046BCF1050F00F28C80DFE80CF08F
:106C8C002B3E516477030DF1330CCDF818C00DF188
:106C9C00340CCDF80CC00DF1360CCDF814C00DF140
:106CAC00350CCDF810C008F0E3FF179B28469DF873
:106CBC0033100493169B149C0393159B9DF835205D
:106CCC0002939DF83430CDE900149DF8361009F08C
:106CDC00B3F80FB0F0BD0DF1330CCDF818C00DF1B9
:106CEC00340CCDF80CC00DF1360CCDF814C00DF1F0
:106CFC00350CCDF810C008F071FDD6E70DF1330C52
:106D0C00CDF818C00DF1340CCDF80CC00DF1360CCB
:106D1C00CDF814C00DF1350CCDF810C008F072FF91
:106D2C00C3E70DF1330CCDF818C00DF1340CCDF8D0
:106D3C000CC00DF1360CCDF814C00DF1350CCDF89E
:106D4C0010C008F01FFFB0E70DF1330CCDF818C0E0
:106D5C000DF1340CCDF80CC00DF1360CCDF814C07F
:106D6C000DF1350CCDF810C008F0B6FF9DE70DF114
:106D7C00330CCDF818C00DF1340CCDF80CC00DF15E
:106D8C00360CCDF814C00DF1350CCDF810C008F050
:106D9C00FBFF8AE70DF1330CCDF818C00DF1340C64
:106DAC00CDF80CC00DF1360CCDF814C00DF1350C2E
:106DBC00CDF810C008F00AFF77E700BFF0B54C68BB
:106DCC0099B00E4607468CB18D6805EB051504EBA2
:106DDC00C505AC420AD02368184623B11B68DB6991
:106DEC00984700286DD18834AC42F4D1D6F8C03025
:106DFC0093B9D6F8A030384633B900F8043B0AF002
:106E0C0007FE384619B0F0BD022300F8043B0AF027
:106E1C00FFFD384619B0F0BD60220021684626F00F
:106E2C00D5FE68460AF0F4FD00220A2326488DF8A8
:106E3C005820179309F054F918B1014668460BF025
:106E4C00E9F8224968460BF0E5F84FF48B71684677
:106E5C000BF0F0F81E4968460BF0DCF81D4968464B
:106E6C000BF0D8F8D6F8C01068460BF0F9F81A49B0
:106E7C0068460BF0CFF868460BF058FC0AF062FD40
:106E8C00684609F0D3FED6F8BC3083B1D6F8C010F2
:106E9C0003EBC10199420AD00833002053F8082CA7
:106EAC000AB182F890008B4203F10803F6D106F187
:106EBC00BC000AF01BF8D6F8A0303846002B9CD04A
:106ECC00A2E73846012398E7E00D0020001E0020C1
:106EDC00540E0020580E00207C0E00202DE9F043AB
:106EEC003D4B99B06022002103600546684626F0B0
:106EFC006DFE68460AF08CFD00220A2337488DF897
:106F0C005820179309F0ECF818B1014668460BF0BD
:106F1C0081F8334968460BF07DF8472168460BF041
:106F2C0089F8304968460BF075F82F4968460BF024
:106F3C0071F805F1440168460BF0F8FC2B496846E2
:106F4C000BF068F868460BF0F1FB0AF0FBFC6846A6
:106F5C0009F06CFE05F19C0009F0C8FF6846294653
:106F6C00FFF72CFF9DF8004001A809F05FFE002CF4
:106F7C00F4D16C68CCB1AF6807EB071704EBC7070B
:106F8C00A74212D0883454F8883C2646184643B1A0
:106F9C001B681B6A984720B154F8880C0368DB689F
:106FAC009847B74204F18804EDD105F1BC000AF012
:106FBC0031FB05F19C000AF02DFB05F1440009F0B2
:106FCC0035FE05F124000AF025FB281D0AF022FBF2
:106FDC00284619B0BDE8F0837C620020E00D00204B
:106FEC00001E0020540E0020900E0020DC0C00200F
:106FFC0010B50446FFF772FFDC2120461FF058FF46
:10700C00204610BD38B504460D46D1E90030C4E920
:10701C00003008B10AF0D0FCAB6805F10C0104F1AA
:10702C000C00A3600BF040FC00236A6F042104F1F8
:10703C006400C4E91B31C4E91933C4E91D23C4E954
:10704C001F3305F164010AF001FA95F8843084F8D5
:10705C00843038BD10B598B0104809F041F8602262
:10706C0004460021684626F0B1FD68460AF0D0FCC3
:10707C0000220A230A4968468DF8582017930AF013
:10708C00C9FF6B464FF405722146012008F0E8FF5A
:10709C00684609F0CBFD18B010BD00BFBC0E002037
:1070AC00180F002090F8183103B9704700B585B05F
:1070BC0000F10C0C042203A9019002A8CDF80CC01D
:1070CC000AF050FC02980268926890470022019BDB
:1070DC0083F8182105B000BD90F8E83003B970476B
:1070EC0000B585B000F10C0C042203A9019002A894
:1070FC00CDF80CC00AF036FC02980268126A904770
:10710C000022019B83F8E82005B000BD2DE9F04377
:10711C00344B99B06022002103608046684626F00B
:10712C0055FD68460AF074FC00220A232E488DF89F
:10713C005820179308F0D4FF18B1014668460AF09E
:10714C0069FF2A4968460AF065FF2D2168460AF056
:10715C0071FF274968460AF05DFF264968460AF028
:10716C0059FF68460BF0E2FA0AF0ECFB684609F0AE
:10717C005DFD0BF065FC41460BF0BCFCD8F80440FF
:10718C00E4B1D8F80870682303FB0747A74215D071
:10719C000025DFF8649002E06834A7420ED06068E6
:1071AC000028F9D003689B694B45CDE90055F3D015
:1071BC006834DDE900129847A742F0D108F1440089
:1071CC0009F034FD08F124000AF024FA08F1040057
:1071DC000AF020FA40460BF0A7FC404619B0BDE877
:1071EC00F08300BF30610020BC0E0020001E002088
:1071FC00540E0020580F00209111000010B50446C9
:10720C00FFF784FFA82120461FF052FE204610BD38
:10721C000B1A402B2DE9F0410D4632DD0F1FA1F169
:10722C000808DB10046855F8041C50F8232000EB08
:10723C008303A24240DD8A4203DB8C4240DB2246C0
:10724C0003468742196045F8042C40D0031F0446BE
:10725C0053F8046F2146964204DD51F8042B266046
:10726C000C461A60434555F8042CF1D1236821468D
:10727C00226045F8043CFFF7CBFF201D2B1A402B56
:10728C00CFDC854216D000F1040C654512D0604568
:10729C00DCF800101DD0634603E043F80429834258
:1072AC0003D053F8042C9142F7DC0CF1040C196058
:1072BC006545ECD1BDE8F0818C42C0DB8A42C0DA76
:1072CC000A463B468742196045F8042CBED13C4621
:1072DC00CCE70CF1040C034665451960D7D1E9E7FE
:1072EC000B1A402B2DE9F0410D4632DD0F1FA1F199
:1072FC000808DB10046855F8041C50F8232000EB38
:10730C008303A24240DD8A4203DB8C4240DB2246EF
:10731C0003468742196045F8042C40D0031F0446ED
:10732C0053F8046F2146964204DD51F8042B266075
:10733C000C461A60434555F8042CF1D123682146BC
:10734C00226045F8043CFFF7CBFF201D2B1A402B85
:10735C00CFDC854216D000F1040C654512D0604597
:10736C00DCF800101DD0634603E043F80429834287
:10737C0003D053F8042C9142F7DC0CF1040C196087
:10738C006545ECD1BDE8F0818C42C0DB8A42C0DAA5
:10739C000A463B468742196045F8042CBED13C4650
:1073AC00CCE70CF1040C034665451960D7D1E9E72D
:1073BC000B1A402B2DE9F0410D4632DD0F1FA1F1C8
:1073CC000808DB10046855F8041C50F8232000EB67
:1073DC008303A24240DD8A4203DB8C4240DB22461F
:1073EC0003468742196045F8042C40D0031F04461D
:1073FC0053F8046F2146964204DD51F8042B2660A5
:10740C000C461A60434555F8042CF1D123682146EB
:10741C00226045F8043CFFF7CBFF201D2B1A402BB4
:10742C00CFDC854216D000F1040C654512D06045C6
:10743C00DCF800101DD0634603E043F804298342B6
:10744C0003D053F8042C9142F7DC0CF1040C1960B6
:10745C006545ECD1BDE8F0818C42C0DB8A42C0DAD4
:10746C000A463B468742196045F8042CBED13C467F
:10747C00CCE70CF1040C034665451960D7D1E9E75C
:10748C00BAB100EBC20C0B1D002230B408304C68B2
:10749C0053F8045C0831604543F8042C40F8085C50
:1074AC0003F1080341F8042C40F8044CEED130BC35
:1074BC0070477047B2B1F8B5174605460C46002622
:1074CC0001362146284660340AF0DEFF54F8081CC9
:1074DC0014F8043CB742A96505F1600505F8043CB5
:1074EC00EED1F8BD704700BF30B5054699B00C46DB
:1074FC00684629460AF0C8FFAA6D95F85C3021460B
:10750C00284616928DF85C300BF080F8A26D694617
:10751C0094F85C302046AA6585F85C300BF076F860
:10752C00169A9DF85C306846A26584F85C3009F0C8
:10753C007DFB19B030BD00BF08B56822002126F0D4
:10754C0045FB0C30BDE808400AF062BA2AB32DE9BD
:10755C00F0410026904600F10C0501F10C04374671
:10756C0054F80C3C01362846214645F80C3C68354D
:10757C0054E9023244F8047C683445F8703C45F810
:10758C006C2C44F8707C0AF07FFF14F8103CB0456A
:10759C0005F8103CE4D1BDE8F081704730B50D68BA
:1075AC009BB0002D6CD002680B46DFF82CC1044652
:1075BC00526962453FD12A7F022A41D1194604F112
:1075CC009C0009F043FC6022002102A826F0FEFA80
:1075DC0002A80AF01DFA00220A2338488DF8602010
:1075EC00199308F07DFD18B1014602A80AF012FDAE
:1075FC00334902A80AF00EFDE22102A80AF01AFD96
:10760C00304902A80AF006FD2F4902A80AF002FD33
:10761C00D4F8A01002A80AF023FD2C4902A80AF005
:10762C00F9FC02A80BF082F80AF08CF902A809F018
:10763C00FDFA1BB030BD01919047019B0028BDD1D4
:10764C001E48002408F04CFD60220546002102A8CB
:10765C0026F0BCFA02A80AF0DBF90A231C4902A89E
:10766C0019938DF860400AF0D5FC02ABDD22294657
:10767C00204608F0F5FC02A809F0D8FA1BB030BD82
:10768C000E4808F02DFD60222946044602A826F07B
:10769C009DFA02A80AF0BCF90A230E4902A8199314
:1076AC008DF860500AF0B6FC284602ABD722214672
:1076BC0008F0D6FC02A809F0B9FABAE7E00D0020F0
:1076CC00001E0020540E00200C100020942E0020D0
:1076DC00BC0F00207C0F0020C111000092B32DE9DB
:1076EC00F8430027904600F10C0401F10C053E46CE
:1076FC004FF0040929462046013755E9032345E993
:10770C00036644E9032355F8043C44F8043C0AF0AE
:10771C00BBFEAB6E04F1580005F158018835C4E985
:10772C001A36C4E91666C4E91869C4E91C6609F07E
:10773C00CBFE883415F8103CB84504F8103CD9D170
:10774C00BDE8F883704700BFD1E900234FF0000C6F
:10775C00C0E9002391F8503080F850C003B970474D
:10776C0010B503F1FF3C0446084882B00A460831C4
:10777C0050F82C3004F1080001929847019A92F8C5
:10778C00502084F8502002B010BD00BF08670020C4
:10779C00D1E900234FF0000CC0E9002391F85030E0
:1077AC0080F850C003B9704710B503F1FF3C044694
:1077BC00084882B00A46083150F82C3004F1080011
:1077CC0001929847019A92F8502084F8502002B008
:1077DC0010BD00BF80670020D1E900234FF0000CE2
:1077EC00C0E9002391F8503080F850C003B97047BD
:1077FC0010B503F1FF3C0446084882B00A46083134
:10780C0050F82C3004F1080001929847019A92F834
:10781C00502084F8502002B010BD00BF44670020F7
:10782C00D1E900234FF0000CC0E9002391F850304F
:10783C0080F850C003B9704710B503F1FF3C044603
:10784C00084882B00A46083150F82C3004F1080080
:10785C0001929847019A92F8502084F8502002B077
:10786C0010BD00BFBC67002070B5D1E90023002615
:10787C000D460446C0E900238B680C30C1E9006654
:10788C0040F8043C0C310AF0FFFD6B6F042205F14B
:10789C00640104F16400C4E91D36C4E91966C4E945
:1078AC001B62C4E91F6609F00FFE95F8843084F85A
:1078BC00843070BD70B504468CB01F4A0E4654F827
:1078CC00043B054641690293136813F0010F1B4BEF
:1078DC000BD11B4818601B4858601B48D8601B48CC
:1078EC0018611B48586101201060002203A8CDE9E3
:1078FC000713002321460393CDE90933082306938C
:10790C000023CDE9042309F0DFFD334653F8042BA3
:10791C009C422A6005D019462046019309F024FEAA
:10792C00019B029A184603A9326009F01DFE03A8B8
:10793C0009F070FE0CB070BD00890020D4790020D5
:10794C00F5280000FD16000011170000E15E000094
:10795C00E1420000002A3FD02DE9F04F00F108046D
:10796C0083B00D1D4FF00009DFF880A01B4EDFF82F
:10797C008080DFF880B0019255F8042C0023D5F8F4
:10798C0010C04FF0080E44F8082C2946DAF80020F5
:10799C00201F134FD2070BD4124A3761F260124AE0
:1079AC00C6F804B072610122C6F80080CAF8002043
:1079BC0009F10109243544E90133C4E9013EC4E964
:1079CC000533C4E903C609F07FFD019B24344B4504
:1079DC00D2D103B0BDE8F08F704700BFD47900203E
:1079EC00E15E000011170000E14200000089002058
:1079FC00F5280000FD16000010B5042282B00446E4
:107A0C0000910DEB0200694609F0ACFF019B0022CE
:107A1C00A261A2831A46197B2173597B6173997BEE
:107A2C00A173D97BE173197C2174597C617452F870
:107A3C00181B216092E803000A0CA061A183A277B5
:107A4C0093F91220A2745A68C4E901225B6963613C
:107A5C0002B010BD1A4A03464869D2F800C010B5EE
:107A6C001CF0010F0C68DFF85CC01C6017D1DFF84C
:107A7C0058E0CCF800E0DFF854E0CCF804E0DFF894
:107A8C0050E0CCF80CE0DFF84CE0CCF810E0DFF87C
:107A9C0048E0CCF814E04FF0010EC2F800E00022F0
:107AAC005861082004311A62C3E90320BDE8104074
:107ABC00181DC3E90122C3E906C209F0C7BC00BF07
:107ACC0000890020D4790020F5280000FD16000064
:107ADC0011170000E15E0000E14200001A4A034663
:107AEC004869D2F800C010B51CF0010F0C68DFF823
:107AFC005CC01C6017D1DFF858E0CCF800E0DFF870
:107B0C0054E0CCF804E0DFF850E0CCF80CE0DFF8FF
:107B1C004CE0CCF810E0DFF848E0CCF814E04FF083
:107B2C00010EC2F800E000225861082004311A62EC
:107B3C00C3E90320BDE81040181DC3E90122C3E9C5
:107B4C0006C209F0C1BC00BF00890020D479002016
:107B5C00F5280000FD16000011170000E15E000082
:107B6C00E14200002422002110B5044626F02EF834
:107B7C0009F004FF0E4B1A6812F0010F0D4A0BD1DD
:107B8C000D4911600D4951600D49D1600D491161CC
:107B9C000D4951610121196000230821C4E9050236
:107BAC00C4E90133C4E90331C4E9073310BD00BF94
:107BBC0000890020D4790020F5280000FD16000073
:107BCC0011170000E15E0000E1420000C1B1F8B500
:107BDC000E46044600250B4F03E001355834AE42E7
:107BEC000DD094F85030002BF7D0013B013504F147
:107BFC000800583457F823309847AE42F1D1F8BDFD
:107C0C00704700BFF4660020C1B1F8B50E460446BB
:107C1C0000250B4F03E001355834AE420DD094F8DB
:107C2C005030002BF7D0013B013504F108005834DB
:107C3C0057F823309847AE42F1D1F8BD704700BFDA
:107C4C006C670020C1B1F8B50E46044600250B4FF9
:107C5C0003E001355834AE420DD094F85030002B6F
:107C6C00F7D0013B013504F10800583457F82330A4
:107C7C009847AE42F1D1F8BD704700BF3067002085
:107C8C00C1B1F8B50E46044600250B4F03E0013593
:107C9C005834AE420DD094F85030002BF7D0013B45
:107CAC00013504F10800583457F823309847AE4298
:107CBC00F1D1F8BD704700BFA86700202DE9F04353
:107CCC000D4699B0044600296AD10F4623686846D0
:107CDC0021469B6898479DF8006001A808F0A6FF14
:107CEC00002E59D03C4BD3F80080B8F1000F47D090
:107CFC0009F026FE814609F023FEA0EB090321467C
:107D0C00684698453CD923689B6898479DF8006065
:107D1C0001A808F08BFF002E3ED0002DEBD009F00F
:107D2C000DFEC01B8542E6D82C4808F0D9F960221C
:107D3C0000210446684625F049FF684609F068FEB4
:107D4C0000220A23264968468DF8582017930AF01A
:107D5C0061F96B4621222146012008F081F9684621
:107D6C0008F064FF002019B0BDE8F08325B109F0DC
:107D7C00E5FDC01B854217D9042100200BF078F9D2
:107D8C002368684621469B6898479DF8006001A8C7
:107D9C0008F04CFF002EE9D1012019B0BDE8F083AA
:107DAC0009F0CCFD074691E70C4808F099F96022E0
:107DBC0000210446684625F009FF684609F028FEB4
:107DCC0000220A23064968468DF8582017930AF0BA
:107DDC0021F96B462B22BEE70C8E002040100020B0
:107DEC009C130020FFF76ABFA2B32DE9F8430026CD
:107DFC00904600F1080501F10804B146164F04E065
:107E0C00013658355834B0451BD054E9021385F867
:107E1C00489045E9021394F84830002BF0D0013B10
:107E2C002146284657F82330984794F8483085F86F
:107E3C00483043B9013684F8489058355834B04529
:107E4C00E3D1BDE8F883054A013B204652F82330C4
:107E5C009847EFE7704700BFD0670020A867002065
:107E6C00A2B32DE9F8430026904600F1080501F174
:107E7C000804B146164F04E0013658355834B04565
:107E8C001BD054E9021385F8489045E9021394F885
:107E9C004830002BF0D0013B2146284657F82330C0
:107EAC00984794F8483085F8483043B9013684F83F
:107EBC00489058355834B045E3D1BDE8F883054AAD
:107ECC00013B204652F823309847EFE7704700BF3C
:107EDC005867002030670020A2B32DE9F843002634
:107EEC00904600F1080501F10804B146164F04E074
:107EFC00013658355834B0451BD054E9021385F877
:107F0C00489045E9021394F84830002BF0D0013B1F
:107F1C002146284657F82330984794F8483085F87E
:107F2C00483043B9013684F8489058355834B04538
:107F3C00E3D1BDE8F883054A013B204652F82330D3
:107F4C009847EFE7704700BF946700206C670020EC
:107F5C00A2B32DE9F8430026904600F1080501F183
:107F6C000804B146164F04E0013658355834B04574
:107F7C001BD054E9021385F8489045E9021394F894
:107F8C004830002BF0D0013B2146284657F82330CF
:107F9C00984794F8483085F8483043B9013684F84E
:107FAC00489058355834B045E3D1BDE8F883054ABC
:107FBC00013B204652F823309847EFE7704700BF4B
:107FCC001C670020F466002090F8503003B970470D
:107FDC00024A013B083052F823301847F46600205F
:107FEC0090F8503003B97047024A013B083052F800
:107FFC00233018476C67002090F8503003B9704755
:10800C00024A013B083052F82330184730670020F1
:10801C0090F8503003B97047024A013B083052F8CF
:10802C0023301847A8670020F0B597B00D460422FE
:10803C0003AC039006A805F11006214609F092FC4A
:10804C0029460DF11C0E069F51F8045B0DF1280C0E
:10805C0007C98DE8070096E8070084E807009DE84B
:10806C0007008EE8070094E807008CE8070095F8F5
:10807C00403053BB184B0DF1180C1849AE460E93FB
:10808C000124174B174A0F93174B0D91174906975D
:10809C00CDE91023164B174ACDE91213164B149247
:1080AC001593BCE80F00AEE80F00BCE80F00AEE87B
:1080BC000F00BCE80F00AEE80F009CE80F008EE844
:1080CC000F0085F8404017B0F0BD0C4A013B284624
:1080DC0052F823309847CDE73D2B0000ED320000DD
:1080EC00D51100003D1200005D120000711200005D
:1080FC00751200008112000099120000E467002044
:10810C00F0B597B00D46042203AC039006A805F118
:10811C001006214609F026FC29460DF11C0E069F7F
:10812C0051F8045B0DF1280C07C98DE8070096E89F
:10813C00070084E807009DE807008EE8070094E834
:10814C0007008CE8070095F8403053BB184B0DF135
:10815C00180C1849AE460E930124174B174A0F936F
:10816C00174B0D9117490697CDE91023164B174A5B
:10817C00CDE91213164B14921593BCE80F00AEE820
:10818C000F00BCE80F00AEE80F00BCE80F00AEE833
:10819C000F009CE80F008EE80F0085F8404017B0E8
:1081AC00F0BD0C4A013B284652F823309847CDE7E6
:1081BC00A5310000953A0000211600008916000038
:1081CC00A9160000BD160000C1160000CD16000057
:1081DC00E5160000E4670020F0B597B00D460422C8
:1081EC0003AC039006A805F11006214609F0BAFB72
:1081FC0029460DF11C0E069F51F8045B0DF1280C5D
:10820C0007C98DE8070096E8070084E807009DE899
:10821C0007008EE8070094E807008CE8070095F843
:10822C00403053BB184B0DF1180C1849AE460E9349
:10823C000124174B174A0F93174B0D9117490697AB
:10824C00CDE91023164B174ACDE91213164B149295
:10825C001593BCE80F00AEE80F00BCE80F00AEE8C9
:10826C000F00BCE80F00AEE80F009CE80F008EE892
:10827C000F0085F8404017B0F0BD0C4A013B284672
:10828C0052F823309847CDE75D3000000D390000DF
:10829C0045150000AD150000CD150000E1150000DE
:1082AC00E5150000F115000009160000E467002038
:1082BC00F0B597B00D46042203AC039006A805F167
:1082CC001006214609F04EFB29460DF11C0E069FA7
:1082DC0051F8045B0DF1280C07C98DE8070096E8EE
:1082EC00070084E807009DE807008EE8070094E883
:1082FC0007008CE8070095F8403053BB184B0DF184
:10830C00180C1849AE460E930124174B174A0F93BD
:10831C00174B0D9117490697CDE91023164B174AA9
:10832C00CDE91213164B14921593BCE80F00AEE86E
:10833C000F00BCE80F00AEE80F00BCE80F00AEE881
:10834C000F009CE80F008EE80F0085F8404017B036
:10835C00F0BD0C4A013B284652F823309847CDE734
:10836C00152F00008537000069140000D11400009F
:10837C00F11400000515000009150000151500008A
:10838C002D150000E4670020F0B597B00D460422CF
:10839C0003AC039006A805F11006214609F0E2FA99
:1083AC0029460DF11C0E069F51F8045B0DF1280CAB
:1083BC0007C98DE8070096E8070084E807009DE8E8
:1083CC0007008EE8070094E807008CE8070095F892
:1083DC00403053BB184B0DF1180C1849AE460E9398
:1083EC000124174B174A0F93174B0D9117490697FA
:1083FC00CDE91023164B174ACDE91213164B1492E4
:10840C001593BCE80F00AEE80F00BCE80F00AEE817
:10841C000F00BCE80F00AEE80F009CE80F008EE8E0
:10842C000F0085F8404017B0F0BD0C4A013B2846C0
:10843C0052F823309847CDE7CD2D0000FD350000D4
:10844C008D130000F5130000151400002914000012
:10845C002D1400003914000051140000E4670020B2
:10846C00F0B597B00D46042203AC039006A805F1B5
:10847C001006214609F076FA29460DF11C0E069FCE
:10848C0051F8045B0DF1280C07C98DE8070096E83C
:10849C00070084E807009DE807008EE8070094E8D1
:1084AC0007008CE8070095F8403053BB184B0DF1D2
:1084BC00180C1849AE460E930124174B174A0F930C
:1084CC00174B0D9117490697CDE91023164B174AF8
:1084DC00CDE91213164B14921593BCE80F00AEE8BD
:1084EC000F00BCE80F00AEE80F00BCE80F00AEE8D0
:1084FC000F009CE80F008EE80F0085F8404017B085
:10850C00F0BD0C4A013B284652F823309847CDE782
:10851C00852C000075340000B11200001913000006
:10852C00391300004D130000511300005D130000BF
:10853C0075130000E467002003464068B8B100B52D
:10854C0083B0019309F040FA019B68B15868026846
:10855C0092689047019B58688268013A82601AB908
:10856C000268D2689047019B184603B000BD1846BC
:10857C00704700BFD1E900234FF0000CC0E9002385
:10858C0091F8503080F850C003B9704710B503F122
:10859C00FF3C0446124882B00A46083150F82C3091
:1085AC0004F10800019200919847019A009992F801
:1085BC00500084F8500020B9002382F8503002B0EB
:1085CC0010BDDFF820C0431E084600925CF8233033
:1085DC009847009A002382F8503002B010BD00BFBB
:1085EC001C670020F4660020D1E900234FF0000C3A
:1085FC00C0E9002391F8503080F850C003B970479F
:10860C0010B503F1FF3C0446124882B00A4608310B
:10861C0050F82C3004F10800019200919847019A0F
:10862C00009992F8500084F8500020B9002382F889
:10863C00503002B010BDDFF820C0431E0846009237
:10864C005CF823309847009A002382F8503002B02F
:10865C0010BD00BF946700206C670020D1E9002397
:10866C004FF0000CC0E9002391F8503080F850C056
:10867C0003B9704710B503F1FF3C0446124882B0B1
:10868C000A46083150F82C3004F108000192009190
:10869C009847019A009992F8500084F8500020B93C
:1086AC00002382F8503002B010BDDFF820C0431E0A
:1086BC00084600925CF823309847009A002382F811
:1086CC00503002B010BD00BF58670020306700204A
:1086DC00D1E900234FF0000CC0E9002391F8503091
:1086EC0080F850C003B9704710B503F1FF3C044645
:1086FC00124882B00A46083150F82C3004F10800B8
:10870C00019200919847019A009992F8500084F8D0
:10871C00500020B9002382F8503002B010BDDFF8B1
:10872C0020C0431E084600925CF823309847009AFC
:10873C00002382F8503002B010BD00BFD06700207B
:10874C00A8670020D1B170B50E46044600256068BC
:10875C0078B109F039F960B1606803689B68984793
:10876C00626893681046013B936013B91368DB6829
:10877C00984701350834AE42E9D170BD704700BF4F
:10878C0009B370B50E4600F10C040025204608F024
:10879C004DFA54F8040C88B109F016F970B154F87C
:1087AC00040C03689B68984754F8042C9368104693
:1087BC00013B936013B91368DB6898470135683443
:1087CC00AE42E3D170BD704729B370B50E4600F1CF
:1087DC0064040025204608F01DFFA4F1580008F0A1
:1087EC0025FA54F8600C88B109F0EEF870B154F821
:1087FC00600C03689B68984754F8602C936810468B
:10880C00013B936013B91368DB68984701358834D2
:10881C00AE42DFD170BD704710B542689AB00346C6
:10882C000C4605920146002251F8080B8DF8602089
:10883C0093F850200490002A43D1206804F10802D8
:10884C00186091426068586010D093F8500000286E
:10885C004AD194F8500000285AD1DDE90431C4E91A
:10886C0000319DF86030C3B91AB010BDDDE90401C8
:10887C0094F85030C4E90001002BF2D03949013B87
:10888C001046019251F8233098470023019A84F83E
:10889C0050309DF86030002BE6D03349013B104638
:1088AC0051F8233006A998479DF8603084F8503071
:1088BC00002BD9D02B4A013B06A852F823309847FD
:1088CC00D2E72948013A029350F8222006A80191D8
:1088DC009047029B019993F850208DF8602082BB41
:1088EC00002283F85020A8E70138DFF878C0019106
:1088FC00CDE902235CF82030084698470020039B02
:10890C0083F8500094F85000DDE901120028A4D03F
:10891C0000F1FF3C08461449029351F82C301146E3
:10892C000192984794F85010029B019A83F85010CA
:10893C0081B90020DDE9043184F85000C4E900312C
:10894C008FE70848013A50F8222008469047DDE9A5
:10895C000113C5E70139034B104653F821309847F2
:10896C00019AE6E7A8670020D067002010B542689E
:10897C009AB003460C4605920146002251F8080BAA
:10898C008DF8602093F850200490002A43D1206881
:10899C0004F10802186091426068586010D093F896
:1089AC00500000284AD194F8500000285AD1DDE933
:1089BC000431C4E900319DF86030C3B91AB010BD60
:1089CC00DDE9040194F85030C4E90001002BF2D029
:1089DC003949013B1046019251F823309847002346
:1089EC00019A84F850309DF86030002BE6D0334962
:1089FC00013B104651F8233006A998479DF860308A
:108A0C0084F85030002BD9D02B4A013B06A852F8E1
:108A1C0023309847D2E72948013A029350F8222094
:108A2C0006A801919047029B019993F850208DF86C
:108A3C00602082BB002283F85020A8E70138DFF8C1
:108A4C0078C00191CDE902235CF8203008469847A4
:108A5C000020039B83F8500094F85000DDE90112CC
:108A6C000028A4D000F1FF3C08461449029351F8A9
:108A7C002C3011460192984794F85010029B019AA1
:108A8C0083F8501081B90020DDE9043184F85000DE
:108A9C00C4E900318FE70848013A50F82220084613
:108AAC009047DDE90113C5E70139034B104653F834
:108ABC0021309847019AE6E730670020586700207C
:108ACC0010B542689AB003460C4605920146002246
:108ADC0051F8080B8DF8602093F850200490002A70
:108AEC0043D1206804F10802186091426068586014
:108AFC0010D093F8500000284AD194F85000002868
:108B0C005AD1DDE90431C4E900319DF86030C3B9B4
:108B1C001AB010BDDDE9040194F85030C4E900012D
:108B2C00002BF2D03949013B1046019251F8233009
:108B3C0098470023019A84F850309DF86030002B40
:108B4C00E6D03349013B104651F8233006A998472B
:108B5C009DF8603084F85030002BD9D02B4A013B63
:108B6C0006A852F823309847D2E72948013A0293D5
:108B7C0050F8222006A801919047029B019993F886
:108B8C0050208DF8602082BB002283F85020A8E78B
:108B9C000138DFF878C00191CDE902235CF8203070
:108BAC00084698470020039B83F8500094F8500027
:108BBC00DDE901120028A4D000F1FF3C084614495D
:108BCC00029351F82C3011460192984794F85010AA
:108BDC00029B019A83F8501081B90020DDE9043121
:108BEC0084F85000C4E900318FE70848013A50F886
:108BFC00222008469047DDE90113C5E70139034BF4
:108C0C00104653F821309847019AE6E76C6700202C
:108C1C009467002010B542689AB003460C46059242
:108C2C000146002251F8080B8DF8602093F8502073
:108C3C000490002A43D1206804F108021860914284
:108C4C006068586010D093F8500000284AD194F80E
:108C5C00500000285AD1DDE90431C4E900319DF8F7
:108C6C006030C3B91AB010BDDDE9040194F850307E
:108C7C00C4E90001002BF2D03949013B10460192A6
:108C8C0051F8233098470023019A84F850309DF80E
:108C9C006030002BE6D03349013B104651F82330AD
:108CAC0006A998479DF8603084F85030002BD9D035
:108CBC002B4A013B06A852F823309847D2E72948A3
:108CCC00013A029350F8222006A801919047029B8A
:108CDC00019993F850208DF8602082BB002283F814
:108CEC005020A8E70138DFF878C00191CDE90223C4
:108CFC005CF82030084698470020039B83F850000E
:108D0C0094F85000DDE901120028A4D000F1FF3CDA
:108D1C0008461449029351F82C3011460192984799
:108D2C0094F85010029B019A83F8501081B90020DE
:108D3C00DDE9043184F85000C4E900318FE70848BC
:108D4C00013A50F8222008469047DDE90113C5E7A7
:108D5C000139034B104653F821309847019AE6E746
:108D6C00F46600201C6700204368A3B110B50446CC
:108D7C00184608F029FE68B1606803689B6898473C
:108D8C0060688368013B836023B90368BDE81040C9
:108D9C00DB68184710BD7047884200F0AC802DE9A5
:108DAC00F04F00F168099DB0494500F096800746E8
:108DBC0000F174080DF1080B0025019158F80C2CEA
:108DCC00414605A858E9024348E902550493CDE908
:108DDC00022409F059FB98F858304F458DF86C3047
:108DEC0000F084804446CA462DE054E91C3654E910
:108DFC000220AAF1680A44F80C1C44E91C2044E93E
:108E0C00023688B108F0E0FD70B154F86C0C0268C1
:108E1C009268904754F86C1C8A680846013A8A603C
:108E2C0012B90A68D26890470AF10C06204644E948
:108E3C001C553146683C09F0E9FB94F8582057451D
:108E4C0084F8C0204CD054F8741C029A8A42CCDCB2
:108E5C000AF10C06DA45CAF800201AD0DAF8041028
:108E6C00039ADAF808000391CAF80420049A0490D3
:108E7C00CAF8082058B108F0A7FD40B10498026860
:108E8C009268904704988268013A826052B3CDE9A7
:108E9C00035505A9304609F0B9FB9DF86C2005A8CF
:108EAC008AF8642007F0C2FE049870B108F08CFDBB
:108EBC0058B1049803689B68984704988368013BF1
:108ECC00836013B90368DB68984709F16809019B53
:108EDC0008F168084B457FF471AF1DB0BDE8F08F09
:108EEC00029AB7E70268D2689047D0E7029ABA466E
:108EFC0007F10C06AEE7704710B504460C3007F0CE
:108F0C0095FEA06880B108F05FFD68B1A0680368A9
:108F1C009B689847A0688368013B836023B903680A
:108F2C00BDE81040DB68184710BD00BF10B5044603
:108F3C00643008F06FFB04F10C0007F077FE6068FA
:108F4C0080B108F041FD68B1606803689B68984780
:108F5C0060688368013B836023B90368BDE81040F7
:108F6C00DB68184710BD00BF70B50A7D86B00B4694
:108F7C000446032A1FD1083103AD04220193029148
:108F8C00284602A908F0EEFC039A92B1117994F8E4
:108F9C00243000293FD153B1384A013B04F1180069
:108FAC00019152F823309847019984F8241006B0A7
:108FBC0070BD019B1A7D022A1DD103AD083304221A
:108FCC0002A92846029308F0CDFC039B9BB19A683A
:108FDC0094F824C06ABBBCF1000FE8D00CF1FF3C44
:108FEC00264B04F11800019253F82C309847019A43
:108FFC0084F82420DBE794F82430002BD7D01F4AC8
:10900C00013B04F1180052F823309847002384F8F0
:10901C00243006B070BD07CA85E8070023BB04F1F5
:10902C001806032395E8070086E8070084F8243027
:10903C00BDE793E8070085E80700BCF1000F09D1F4
:10904C0004F11806022395E8070086E8070084F867
:10905C002430ACE70CF1FF3C084B04F1180053F83A
:10906C002C3006469847EDE7044A013B04F1180002
:10907C0052F8233006469847D3E700BF0468002017
:10908C000023884210B582B0D0E900C2C0E9003399
:10909C004B6806D00C68C0E90043C1E900C202B0BD
:1090AC0010BDC0E900C2002BF9D01846019308F09E
:1090BC008BFC0028F3D0019B1A68184692689047E5
:1090CC00019B9A68013A9A60002AE8D11A681846FE
:1090DC00D36802B0BDE81040184700BFF0B59BB094
:1090EC008268002300F10C070292054602680C46C8
:1090FC008360394600924268436003A8019209F0EC
:10910C00C3F995F8643022468DF864302B4652F83A
:10911C00041B43F8041B9A420FD06B686268A86862
:10912C006A606360A368AB60A06018B108F04CFC87
:10913C00002847D10023C4E9013304F10C0138465F
:10914C0009F064FA94F86430616885F86430A068BA
:10915C00DDE900230191C4E90023029B0290A36086
:10916C0070B108F031FC58B1029803689B689847BD
:10917C0002988368013B836013B90368DB689847E6
:10918C00002303A904F10C00CDE9013309F03EFAE8
:10919C009DF8643003A884F8643007F047FD02980A
:1091AC0070B108F011FC58B1029803689B6898479D
:1091BC0002988368013B836013B90368DB689847A6
:1091CC001BB0F0BDA06803689B689847A0688368D3
:1091DC00013B8360002BADD10368DB689847A9E79E
:1091EC002DE9F041A2B043680026054601930C46D8
:1091FC00036800F10C01466005F164070093836875
:10920C00066003A8029309F03FF96B6F394619A861
:10921C001B961D93042320961C93CDE91966CDE96A
:10922C001E6608F051F995F88430AC428DF8843004
:10923C000FD02B68226868682A60236063686B60B3
:10924C00606018B108F0C0FB00285AD10023C4E9B3
:10925C000033A36804F1640605F10C0004F10C0161
:10926C00AB6009F0D3F9BE4203D03846314608F062
:10927C007BF923686068009A94F884100093019B32
:10928C0085F884100190C4E9002370B108F09CFBB0
:10929C0058B1019803689B68984701988368013B13
:1092AC00836013B90368DB689847029B03A904F138
:1092BC000C00A3600023CDE9003309F0A7F919A92C
:1092CC00304608F051F99DF8843019A884F88430A0
:1092DC0008F0A0F903A807F0A9FC019870B108F0F8
:1092EC0073FB58B1019803689B6898470198836891
:1092FC00013B836013B90368DB68984722B0BDE873
:10930C00F081606803689B68984760688368013BDC
:10931C008360002B9AD10368DB68984796E700BFFF
:10932C00502A03462DE9F04190B090F820C000F08F
:10933C0001812ADC112A00F0DE80422A00F0BC8078
:10934C000A2A78D1CA68486817460A8A06464869C4
:10935C00904691F91220044651F8180B054603C9A2
:10936C00ADF83C10090C0E908DF83E10BCF1000FBE
:10937C0040F03B819A740122DF609646A3F810807E
:10938C009E605C61C3E9005625E0812A74D0882A6E
:10939C0051D1CA68486815460A8A07464869144676
:1093AC0091F91220804651F8180B064603C9ADF806
:1093BC003C10090C0E908DF83E10BCF1000F40F0E3
:1093CC00D8809A740622DD601C829F60C3E9006716
:1093DC009646C3F8148083F820200DF1080C0EF18A
:1093EC00FF340DF1140EDDE90E010A0C986199831E
:1093FC009A7703F1680207CA8CE8070003F124028C
:10940C00089203F1740207CA8EE807009CE8070073
:10941C000DF1240C8CE807009EE807000DF1300CD0
:10942C008CE807007A4A184608A952F82430984765
:10943C0010B0BDE8F08103F1680202AC0DF1140E1E
:10944C0007CA84E8070003F12402089203F17402AE
:10945C0007CA8EE8070094E8070009AC84E8070007
:10946C009EE807000CAC84E80700BCF1000F40F04C
:10947C00C88010B0BDE8F081CA68486814460A8AF2
:10948C0006464869174691F91220804651F8180B88
:10949C00054603C9ADF83C10090C0E908DF83E1032
:1094AC00BCF1000F40F095809A740522DC601F829D
:1094BC009E60C3E900568BE7CA68486817460A8A5B
:1094CC0006464869144691F91220804651F8180B4B
:1094DC00054603C9ADF83C10090C0E908DF83E10F2
:1094EC00BCF1000F69D19A740322DF601C829E606C
:1094FC00C3E900566CE7CA68486816460A8A0546EE
:10950C004869174691F91220804651F8180B044609
:10951C0003C9ADF83C10090C0E908DF83E10BCF14F
:10952C00000F3ED19A740222DE601F829D60C3E957
:10953C0000454DE7CA68486816460A8A05464869D8
:10954C00174691F91220804651F8180B044603C9AE
:10955C00ADF83C10090C0E908DF83E10BCF1000FCC
:10956C0013D19A740422DE601F829D60C3E900450A
:10957C002EE70CF1FF3C27491846019251F82C10AC
:10958C0000938847DDE900321BE70CF1FF3C2149D1
:10959C001846019251F82C1000938847DDE90032EF
:1095AC00DFE70CF1FF3C1B491846019251F82C10D7
:1095BC0000938847DDE90032B4E70CF1FF3C154914
:1095CC001846019251F82C1000938847DDE90032BF
:1095DC0089E70CF1FF3C0F491846019251F82C1009
:1095EC0000938847DDE900325EE70CF1FF3C094946
:1095FC001846019251F82C1000938847DDE900328F
:10960C00B8E60CF1FF32052A14463FF732AF09E7F2
:10961C00C86600209866002010B5134692F85820B2
:10962C0098B00446012A17D0CB1702A800910193D9
:10963C0008F0EEF9694602A808F03EFD0D492046F7
:10964C0008F0E0FD02A9204609F062F902A807F033
:10965C00EDFA204618B010BD0422694602A800930A
:10966C0008F080F90299204609F01EF9204618B03E
:10967C0010BD00BF9C1000208C462DE9F04704461D
:10968C0017469A4686464FF00109089D4FF0000890
:10969C002E46BCE80F00AEE80F009CE807008EE8F1
:1096AC00070084F81C903B6823627B68C4E9093A84
:1096BC0056F8033BB278A3851B0C84F8312084F850
:1096CC002E30AA79B5F8033084F8322084F8408023
:1096DC00A4F82F302B7D93B92B7E002284F84430D4
:1096EC0095F8203084F84C20B3B904F1500007F001
:1096FC00A1F80223204684F8C030BDE8F0870D4A5B
:10970C00013B05F1080104F1340052F8233098476D
:10971C002B7D84F84030DFE7074A013B05F11C0143
:10972C0004F1480052F82330984795F8203084F81B
:10973C004C30DAE7106800205068002000B5027F3A
:10974C0085B00346012A0DD1042202A903A8CDE954
:10975C00013308F007F9039A12B1106805B000BD87
:10976C00019B1A7F022A0AD1042202A903A80293A0
:10977C0008F0F8F8039B13B1186805B000BD4FF062
:10978C00FF3005B000BD00BF00B5027F85B00346B9
:10979C00012A0DD1042202A903A8CDE9013308F056
:1097AC00E1F8039A12B1106805B000BD019B1A7F55
:1097BC00022A0AD1042202A903A8029308F0D2F8C3
:1097CC00039B13B1186805B000BD4FF0FF3005B016
:1097DC0000BD00BF037F012B10D1042200B583B064
:1097EC00009069460DEB020008F0BCF8019810B12E
:1097FC00043003B000BD024803B000BD0048704700
:10980C006868002010B50446703007F003FF94F828
:10981C0068301BB9237F5BB9204610BD084A013B59
:10982C0004F1200052F823309847237F002BF3D00B
:10983C00044A013B204652F823309847204610BD7D
:10984C00E0660020F467002090F8A83003B9704758
:10985C0000B585B000F1100C042203A9019002A8F8
:10986C00CDF80CC008F07EF80298FFF7CBFF002271
:10987C00019B83F8A82005B000BD00BF30B599B09E
:10988C00044609F0D7F83E4B236008F077F83D4BBF
:10989C001A6812F0010F3C4A0BD13C4911603C494B
:1098AC0051603C49D1603C4911613C4951610121F5
:1098BC00196000236821C4E90502C4E90133C4E935
:1098CC000331C4E9073308F059F8354A136813F02B
:1098DC00010F344B0BD13449196034495960344968
:1098EC00D96034491961344959610121116000254D
:1098FC006022606304F144002564C4E90B52C4E99E
:10990C000E35C4E9095508F083F82C4B6022294622
:10991C00684684F8A450C4E9273424F057F9684603
:10992C0008F076F80A2326488DF85850179306F05D
:10993C00D7FB18B10146684608F06CFB2149684614
:10994C0008F068FB6846262108F074FB1E4968463F
:10995C0008F060FB1D49684608F05CFB684608F09F
:10996C00E5FE07F0EFFF684607F060F909F068F8CC
:10997C000022214609F08AF8204619B030BD00BFFC
:10998C003061002028890020EC7A0020C5280000D6
:10999C0075280000994300003D5F0000AD430000B6
:1099AC00FC880020B8790020AD180000A528000024
:1099BC00BD2500004943000015430000A51100001F
:1099CC00BC0E0020001E0020540E0020A810002009
:1099DC008B68D3B170B54468ACB18668682303FB5F
:1099EC000646A6420FD00D4602E06834A6420AD0C5
:1099FC00294604F10C0008F0A7FF0028F5D094F8D4
:109A0C006400013070BD002070BD0020704700BFA5
:109A1C00F8B59368074603B34C68ECB18D686823BE
:109A2C00164603FB0545A54203D115E06834AC424C
:109A3C0012D094F86430002BF8D0314604F10C00AD
:109A4C0008F082FF0028F1D0D4E90130C7E90030DA
:109A5C0028B107F0B1FF02E00023C7E90033384614
:109A6C00F8BD00BF2DE9F04114689CB00746002CEE
:109A7C0073D016469A680D46002A44D16C688CB196
:109A8C00AD68682303FB0545A5420BD094F8643000
:109A9C00314623B1606803685B69984738BB68340A
:109AAC00AC42F3D15048002406F01AFB602200218E
:109ABC00054604A824F08AF804A807F0A9FF0A2395
:109ACC004A4904A81B938DF8684008F0A3FA04AB2C
:109ADC0029464FF4D172012006F0C2FA04A807F00F
:109AEC00A5F8C7E9004438461CB0BDE8F081D4E9BC
:109AFC000130C7E900300028F5D007F05DFF38468B
:109B0C001CB0BDE8F0811A4602A80193FFF780FF54
:109B1C00029C4CB122683146204652699047C0B92C
:109B2C00334A1478002C31D003980028A6D007F0C3
:109B3C004BFF0028A2D0039803689B6898470398B2
:109B4C008368013B8360002B98D10368DB689847DE
:109B5C0094E7039BC7E90043C5E7234806F0C0FA26
:109B6C0060222146054604A824F030F804A807F02A
:109B7C004FFF0A231F4904A81B938DF8684008F077
:109B8C0049FA04AB29464FF4BF72A4E701211648E9
:109B9C00117006F0A5FA21468046602204A824F034
:109BAC0015F804A807F034FF0A22134904A81B92E5
:109BBC008DF8684008F02EFA019904A808F0B6FE5A
:109BCC000E4904A808F026FA0D4904A808F022FA58
:109BDC00204604AB414640F2911206F041FA04A82B
:109BEC0007F024F8A0E700BFBC0E00208C11002069
:109BFC00DD2E0120C8100020081100202C1100209F
:109C0C00641100202DE9F043B3B00C46064604A8BD
:109C1C0007F0FEFE94F8693073B10E2B44D8A64AB7
:109C2C0052F823101AA807F0DBFE1AA904A808F0B2
:109C3C00EDFC1AA806F0FAFFA04F3D68002D00F0CD
:109C4C00D080DFF8C08298F80030002B00F0C38081
:109C5C003046294604AB04F1EC02FFF703FF606EBB
:109C6C0018B18368013B8360BBB1D6E900130D4684
:109C7C00C4E9181313B19A6801329A6094F86930E8
:109C8C0013B194F86A308BB1002D7CD004A806F087
:109C9C00CDFF304633B0BDE8F0834368002BE4D1F0
:109CAC000368DB689847E0E78549BBE71AAD71B1FB
:109CBC000B682846DB68984704A9284608F008FE7C
:109CCC008146284606F0B2FFB9F1000F58D039682A
:109CDC00002900F0EB8098F80030002B00F0878012
:109CEC0002A804AAFFF794FE029F7648002F00F00A
:109CFC00868006F0F5F9602200210746284623F0FD
:109D0C0065FF284607F084FE00236F4928468DF82E
:109D1C00C0300A23319308F07DF904F17001284614
:109D2C0008F004FE6949284608F074F904A928468D
:109D3C0008F0FCFD6649284608F06CF96549284690
:109D4C0008F068F901202B46394640F2AF1206F0B4
:109D5C0087F9284606F06AFF0123039884F86A30D5
:109D6C0070B107F031FE58B1039803689B689847AF
:109D7C0003988368013B836013B90368DB689847D9
:109D8C003568002D82D14F4806F0AAF96022294689
:109D9C0007461AA823F01AFF1AA807F039FE0A235F
:109DAC0049491AA831938DF8C05008F033F904F1E1
:109DBC0070011AA808F0BAFD47491AA808F02AF948
:109DCC001AAB39464FF4DB72012006F049F91AA898
:109DDC0006F02CFF5AE7012388F800300DF068F9E3
:109DEC0036E73E4D2846FFF749FD3D6029E7012344
:109DFC00019188F800300DF05BF9019970E706F0DD
:109E0C006FF9602239468046284623F0DFFE28464B
:109E1C0007F0FEFD0A232C49284631938DF8C070BB
:109E2C0008F0F8F804F17001284608F07FFD274986
:109E3C00284608F0EFF804A9284608F077FD2849D1
:109E4C00284608F0E7F82749284608F0E3F804A963
:109E5C00284608F06BFD2449284608F0DBF8234916
:109E6C00284608F0D7F82249284608F0D3F82149AB
:109E7C00284608F0CFF804A9284608F057FD1E49DB
:109E8C00284608F0C7F81D49284608F0C3F81C49B5
:109E9C00284608F0BFF82B46414640F2A512012097
:109EAC0006F0DEF8284606F0C1FE55E70B48FFF732
:109EBC00E5FC0A4939600EE7FC080020A891002057
:109ECC0090340020780C0020D40C0020C811002005
:109EDC00E01200201C1300205C130020AC91002029
:109EEC00D4110020FC1100201C1200202412002090
:109EFC00401200207C120020A0120020A81200208A
:109F0C0034130020DE2E01202DE9F041AEB00D46B9
:109F1C00804601A807F07CFD6C68002C43D0AD682E
:109F2C00682303FB0545A5423DD000273E460BE0C8
:109F3C00022B2AD0032B01D1039B43B3683418A8FE
:109F4C0006F074FEA5420FD0616817A80B689B68D9
:109F5C0098479DF85C30012BEAD1683418A81E464E
:109F6C0006F064FEA542EFD1039BF3B9A6B927B363
:109F7C004046022300F8043B07F04AFD01A806F016
:109F8C0055FE40462EB0BDE8F0810127D6E718A952
:109F9C0001A808F081FCD1E74046012300F8043BFE
:109FAC0007F036FDEAE7039B3BB14046032301A9CA
:109FBC0000F8043B08F078FCE0E74046002300F88A
:109FCC00043B07F025FDD9E72DE9F047144698B07E
:109FDC000F460546002A7BD1904668463946FFF766
:109FEC0093FF9DF8006001A806F020FE7EB3474B5E
:109FFC001E6886BB4FF0000908EB040A6846394618
:10A00C00FFF782FF9DF8006001A806F00FFEF6B185
:10A01C008CB107F093FCA0EB0800A0425CD207F0D7
:10A02C008DFCA0EB08039C4201D9824503D1002092
:10A03C0018B0BDE8F08795F8A43085F8A49003F02B
:10A04C00FF00002BDAD1042109F012F8D6E7012029
:10A05C0018B0BDE8F08707F073FC814607F070FC80
:10A06C00A0EB090339466846B342C3D2FFF74CFF55
:10A07C009DF800A001A806F0D9FDBAF1000FE6D0BA
:10A08C00002CEBD007F05AFCA0EB0800A042E5D363
:10A09C001F4806F025F8602200210446684623F08C
:10A0AC0095FD684607F0B4FC00220A23194968465E
:10A0BC008DF85820179307F0ADFF6B464FF4DF7205
:10A0CC002146012005F0CCFF684606F0AFFDAEE757
:10A0DC0007F034FC804680E70D4806F001F860225A
:10A0EC0000210446684623F071FD684607F090FC99
:10A0FC0000220A23074968468DF85820179307F069
:10A10C0089FF6B464FF4E472DAE700BF0C8E002037
:10A11C00BC0E00208C13002008B501464FF47A7257
:10A12C00FFF752FF00B108BDBDE80840FCF792BF35
:10A13C002DE9F04F1468CBB0002C00F0518223684D
:10A14C0004AD06468846DB682146284617469847E4
:10A15C00AC68002C00F010827468002C00F00481B4
:10A16C00B368682202FB03494C4504D1FCE0683417
:10A17C00A14500F0F980294604F10C0008F0E4FB3D
:10A18C000028F4D03A6863689A4200F0AE8130AC93
:10A19C006C4805F0A5FF602200218146204623F083
:10A1AC0015FD204607F034FC0023674920468DF846
:10A1BC0018310A23479307F02DFF284608F0B6FA0A
:10A1CC0018B10146204607F025FF6049204607F0EC
:10A1DC0021FF234649467622002005F041FF204608
:10A1EC0006F024FD60220021204623F0EFFC2046DF
:10A1FC0007F00EFC002353488DF818310A234793BF
:10A20C0005F06EFF18B10146204607F003FF5049D8
:10A21C00204607F0FFFE7D21204607F00BFF4D493D
:10A22C00204607F0F7FE4C49204607F0F3FE204687
:10A23C0008F07CFA07F086FB204606F0F7FC4FF49A
:10A24C007A7231463046FFF7BFFE002800F0C58118
:10A25C00B368002B00F0B3814FF00009CA4605E04B
:10A26C00B36809F168099A4580F0A981706829469C
:10A27C000AF1010A48440C3008F066FB0028EFD0C4
:10A28C0060220021204623F0A1FC204607F0C0FBF1
:10A29C0000232C488DF818310A23479305F020FF32
:10A2AC0018B10146204607F0B5FE2949204607F0B3
:10A2BC00B1FE8321204607F0BDFE2649204607F05B
:10A2CC00A9FE2649204607F0A5FE284608F02EFADE
:10A2DC0018B10146204607F09DFE2149204607F0A3
:10A2EC0099FE204608F022FA07F02CFB204606F0D7
:10A2FC009DFC736803EB09025068002800F08E8106
:10A30C000168DFF860A0896901910021CDE9301165
:10A31C000199514540F093812BB1B168682000FB45
:10A32C000133934203D0B368002B40F07D81F36C72
:10A33C0006F1040B03B306F14401284608F004FBB4
:10A34C0081461BE0BC0E002060140020DC0C0020B9
:10A35C00001E0020540E0020F41400204015002094
:10A36C00681500209111000030ACDFF82CA306F129
:10A37C00040BF36C002BDED14FF00109CDF8C0803B
:10A38C003B6878683193329008B107F015FB294689
:10A39C0033A808F089FA584621468DF8249106F026
:10A3AC007DFD33A806F042FC329820B107F00CFB7F
:10A3BC00002840F08B8038680368D3F81890D1459A
:10A3CC0040F0008103AF1B69984738801AA807F04A
:10A3DC001FFB3B78002B74D17B783BB11C9B002B73
:10A3EC0040F0F6809B491AA807F014FE1C9B002B2A
:10A3FC0062D060220021204623F0E8FB204607F0C3
:10A40C0007FB002394488DF818310A23479305F075
:10A41C0067FE18B10146204607F0FCFD8F49204627
:10A42C0007F0F8FDAB21204607F004FE8C492046CE
:10A43C0007F0F0FD8B49204607F0ECFD284608F0AC
:10A44C0075F918B10146204607F0E4FD864920460F
:10A45C0007F0E0FD4146204607F0ECFD834920461D
:10A46C0007F0D8FD1AA808F061F918B1014620468A
:10A47C0007F0D0FD7E49204607F0CCFD204608F0C1
:10A48C0055F907F05FFA204606F0D0FB706850B122
:10A49C00B368682202FB03F3C118814203D09342D4
:10A4AC0001D0FEF779FC1AA806F0C0FB284606F08E
:10A4BC00BDFB4BB0BDE8F08F6E491AA807F0B8FF92
:10A4CC0097E76D491AA807F0A5FD85E73298036850
:10A4DC009B68984732988368013B8360002B7FF41C
:10A4EC006AAF0368DB68984765E7236843457FF4E8
:10A4FC004EAE30AC60220021204623F067FB204694
:10A50C0007F086FA00220A2353488DF81821479346
:10A51C0005F0E6FD18B10146204607F07BFD4F49DA
:10A52C00204607F077FD7021204607F083FD4C494B
:10A53C00204607F06FFD5149204607F06BFD284679
:10A54C0008F0F4F818B10146204607F063FD4C49B9
:10A55C00204607F05FFD4146204607F06BFD494958
:10A56C00204607F057FD204608F0E0F807F0EAF91E
:10A57C00204606F05BFB1CE0374805F0B1FD60227D
:10A58C002146064630A823F021FB30A807F040FAFC
:10A59C000A233D4930A847938DF8184107F03AFD3E
:10A5AC00204630AB3146622205F05AFD30A806F049
:10A5BC003DFB284606F03AFB4BB0BDE8F08FDFF8C8
:10A5CC00D8A0B4E6D6E92712C84738680368F9E67C
:10A5DC002E491AA807F01EFD04E7FCF73BFD37E6F1
:10A5EC001D4805F07DFD60222146054630A823F06C
:10A5FC00EDFA30A807F00CFA0A23254930A8479346
:10A60C008DF8184107F006FD204630AB592229463B
:10A61C0005F026FD30A806F009FB4AE7DFF878A024
:10A62C00002B7FF47AAE7EE64FEAE9091949301D1A
:10A63C0006F1040B01FB09F106F0C2FC99E694E863
:10A64C000600019B9847736803EB0902002B7FF40B
:10A65C0064AE66E6D01E0020BC0E0020001E00205A
:10A66C00540E002090150020B0150020C0150020BD
:10A67C00942E002088150020D81E00209C14002049
:10A68C00BC140020E01400200014002084150020CD
:10A69C00CC130020C54EECC4911100002DE9F047FD
:10A6AC00154698B00F460646002A40F08280904628
:10A6BC0068463946FFF728FC9DF8004001A804F0D5
:10A6CC00FD0406F0B3FA8CB3484B1C6894BB4FF0F6
:10A6DC00000908EB050A68463946FFF715FC9DF89A
:10A6EC00004001A804F0FD0406F0A0FAF4B18DB10D
:10A6FC0007F024F9A0EB0800A8425ED207F01EF97F
:10A70C00A0EB08039D4201D9824503D1002018B06B
:10A71C00BDE8F08796F8A43086F8A49003F0FF000B
:10A72C00002BD8D1042108F0A3FCD4E7012018B0E9
:10A73C00BDE8F08707F004F9814607F001F9A0EBBA
:10A74C00090339466846A342C1D2FFF7DDFB9DF8E9
:10A75C0000A001A80AF0FD0A06F068FABAF1000F91
:10A76C00E4D0002DE9D007F0E9F8A0EB0800A842EE
:10A77C00E3D31F4805F0B4FC602200210446684670
:10A78C0023F024FA684607F043F900220A231949FA
:10A79C0068468DF85820179307F03CFC6B464FF435
:10A7AC00DF722146012005F05BFC684606F03EFA9C
:10A7BC00ACE707F0C3F880467AE70D4805F090FC4B
:10A7CC00602200210446684623F000FA684607F030
:10A7DC001FF900220A23074968468DF85820179361
:10A7EC0007F018FC6B464FF4E472DAE70C8E00208D
:10A7FC00BC0E00208C13002030B50A4699B00146DF
:10A80C00FFF74CFF044610B1204619B030BD10487C
:10A81C0005F066FC602221460546684623F0D6F911
:10A82C00684607F0F5F80A230A49684617938DF82D
:10A83C00584007F0EFFB6B4640F2232229460120DB
:10A84C0005F00EFC684606F0F1F9204619B030BD53
:10A85C00BC0E0020CC15002070B5446806467CB1B7
:10A86C008568682303FB0545A54209D094F864303C
:10A87C001BB1606803685B6898476834AC42F5D1DB
:10A88C0030464FF47A71BDE87040FFF7B5BF00BF9A
:10A89C000C4B186800B583B060B10B4B1A780AB139
:10A8AC0003B000BD012201901A700CF001FC01985C
:10A8BC0003B000BD0548FEF7E1FF044A014B10460A
:10A8CC001A60EAE7A8910020DE2E0120AC9100204E
:10A8DC00374B70B503600E46044607F04FF8354908
:10A8EC000B6813F00102344B0AD1DA60334A1A6058
:10A8FC00334A5A60334A1A61334A5A6101220A6058
:10A90C0000258822A3616061C4E90352C4E90155A2
:10A91C00C4E9075507F032F80822034631462B4E9E
:10A92C0004F14400C4E90B52C4E90D35C4E90955DE
:10A93C00C4E90F5507F066FC254D07F01FF8336886
:10A94C00DA070BD4234B2B60234B6B60234BEB6050
:10A95C00234B2B61234B6B610123336000230822B3
:10A96C00C4F8AC00C4F8B050C4E92733C4E92932A8
:10A97C00C4E92D3307F002F83368DB070BD4154B11
:10A98C002B60154B6B60154BEB60154B2B61154B0E
:10A99C006B610123336000230822C4E93305C4E949
:10A9AC002F332046C4E93132C4E9353370BD00BFC2
:10A9BC007C62002030890020247B0020653E000052
:10A9CC00C9460000416000003D45000000890020A0
:10A9DC00D4790020F5280000FD16000011170000A6
:10A9EC00E15E0000E14200002DE9F04F4E68ABB093
:10A9FC00044656B317465268964202D15A6896429C
:10AA0C0046D04848002505F06BFB60220021064625
:10AA1C0008A823F0DBF808A806F0FAFF0A2342493D
:10AA2C0008A81F938DF8785007F0F4FA08AB31465C
:10AA3C001E22284605F014FB08A806F0F7F8C4E916
:10AA4C00005520462BB0BDE8F08F364805F048FB8A
:10AA5C0060223146054608A823F0B8F808A806F08D
:10AA6C00D7FF0A23314908A81F938DF8786007F0A7
:10AA7C00D1FA08AB29461922304605F0F1FA08A89C
:10AA8C0006F0D4F82046C4E900662BB0BDE8F08F80
:10AA9C00349A0AB11278C2B92248002505F020FB7D
:10AAAC0060220021064608A823F090F808A806F0BA
:10AABC00AFFF0A231E4908A81F938DF8785007F0A2
:10AACC00A9FA08AB31462322B3E70D460420EC214A
:10AADC00019306F041FF174A012608A902604FF0C6
:10AAEC000002466080F8E82000F10C0286600490B9
:10AAFC0007A80892042206F035FF079A34991046ED
:10AB0C000092FFF7E5FE049B6A6883F8E860002A70
:10AB1C0000F01581BA4600262F46DDF804B00594E6
:10AB2C00B5E000BFE00D00205416002018160020E0
:10AB3C00901600209C63002020460391019206F0A1
:10AB4C003BFF019A2046039952F8262051F8261013
:10AB5C0002920191CDE908540BAD06F02DFF029A3B
:10AB6C00019928460A9207F04DFB06F007FF0022D8
:10AB7C0025902046219228928DF8A4209FED8E7B63
:10AB8C00CDE9262204228DED227B249206F01CFFB7
:10AB9C0058B12268204692689047A268013AA26098
:10ABAC001AB922682046D3689847009B08A9181D3B
:10ABBC0006F074F921A806F02DFD284606F036F8AB
:10ABCC00099870B106F000FF58B1099803689B68AA
:10ABDC00984709988368013B836013B90368DB6865
:10ABEC0098476022002108A822F0F0FF08A806F080
:10ABFC000FFF002372488DF878300A231F9305F05D
:10AC0C006FFA18B1014608A807F004FA6D4908A8B4
:10AC1C0007F000FA332108A807F00CFA6A4908A8D3
:10AC2C0007F0F8F9694908A807F0F4F9DBF80030E7
:10AC3C0053F8081011B108A807F0ECF9644908A8FA
:10AC4C0007F0E8F9DAF8003008A853F8081007F014
:10AC5C00F1F9604908A807F0DDF93B6853F80900E1
:10AC6C000368DB6A9847014608A807F0E3F95A49DC
:10AC7C0008A807F0CFF908A807F058FD06F062FE07
:10AC8C0008A805F0D3FF01367B689E424ED23B6884
:10AC9C004FEAC60953F8365003EBC60325B35C687C
:10ACAC004FEA8608DAF80020DBF80010002C7FF45D
:10ACBC0043AF52F8262051F8261008950BAD2846C4
:10ACCC00CDE9094207F09EFA06F058FE0423002253
:10ACDC00259024930023219428948DF8A440CDE949
:10ACEC002644CDE9222360E7354805F0F9F96022C6
:10ACFC002946044608A822F069FF08A806F088FE39
:10AD0C000A23364908A81F938DF8785007F082F96A
:10AD1C00314608A807F0A4F9284608AB21462D2295
:10AD2C0005F09EF908A805F081FFACE7009B059C97
:10AD3C009D6845B1009B2360049B636081E6009B8A
:10AD4C009D68002DF6D11E4805F0CAF960222946EF
:10AD5C00064608A822F03AFF08A806F059FE0A2376
:10AD6C001F4908A88DF878501F9307F053F908ABCA
:10AD7C0028463146392205F073F908A805F056FF2C
:10AD8C000023049DC4E90033284606F01DFE00286C
:10AD9C003FF457AE2B6828469B689847AB68013B3D
:10ADAC00AB60002B7FF44DAE2B682846DB689847D0
:10ADBC0047E600BFAFF30080000000000000000079
:10ADCC00E00D0020001E0020540E0020F81600207C
:10ADDC00B01500202C170020942E0020C416002043
:10ADEC0038170020436AF0B583B07BB1846A03EB5B
:10ADFC00C404A34203D109E008339C4206D01A686C
:10AE0C008A42F9D15C68204603B0F0BD87684FF0E8
:10AE1C00FF34002FF7D0D0F804E0002526469EF82A
:10AE2C0084307BB1DEF86430A3B1DEF8682003EB2C
:10AE3C00820C634502D10DE09C450BD01A6804339B
:10AE4C009142F9D1DEF80830B342C8BF2C46B34268
:10AE5C00C8BF1E4601350EF1880EAF42DFD1631C10
:10AE6C00D1D0009124306946019406F017F82046A1
:10AE7C0003B0F0BDF0B591F884509FB00C46019230
:10AE8C0075B14B6E002B77D0886E03EB8000984227
:10AE9C0072D0196804338A42F9D101201FB0F0BD79
:10AEAC0008681F460368DB6A98470128034640F090
:10AEBC008D8067494FF4803620684FF6FF720093FF
:10AECC00CDE90251CDE904260268526A90476049E7
:10AEDC008DF808000391206801998DF811708DF898
:10AEEC00101002A90268059692689047009B0646CE
:10AEFC00002800F0898084F8843001A904F16400F2
:10AF0C0005F0A4FF6022294606A822F05FFE06A8E1
:10AF1C0006F07EFD0A234F488DF870501D9305F006
:10AF2C00DFF818B1014606A807F074F84A4906A8DC
:10AF3C0007F070F806A8BE2107F07CF8474906A870
:10AF4C0007F068F8464906A807F064F804F10C010C
:10AF5C0006A807F0EBFC434906A807F05BF801993B
:10AF6C0006A807F067F806A807F0E0FB06F0EAFC75
:10AF7C0006A805F05BFE90E73648002505F0B0F812
:10AF8C0060220021064606A822F020FE06A806F044
:10AF9C003FFD0A23344906A81D938DF8705007F025
:10AFAC0039F804F10C0106A807F0C0FC2F4906A8DB
:10AFBC0007F030F8284606ABA122314605F050F8D0
:10AFCC0006A805F033FE00201FB0F0BD214805F0A7
:10AFDC0087F860222946044606A822F0F7FD06A849
:10AFEC0006F016FD0A23224906A81D938DF8705011
:10AFFC0007F010F8284606ABB722214605F030F8CA
:10B00C0006A805F013FEDEE7124805F069F8602289
:10B01C003146054606A822F0D9FD06A806F0F8FC34
:10B02C000A23144906A81D938DF8706006F0F2FFF0
:10B03C0004F10C0106A807F079FC304606ABB222ED
:10B04C00294605F00DF806A805F0F0FDBBE700BF9A
:10B05C00002D3101E00D0020001E0020540E0020B8
:10B06C00FC17002024180020741700209C170020C7
:10B07C0038180020CC1700202DE9F0419AB0164664
:10B08C00054606F07BFC4F4B4F491A68D2070BD490
:10B09C004E4A0A604E4A4A604E4ACA604E4A0A619B
:10B0AC004E4A4A6101221A600023242228616961F8
:10B0BC00C5E90133C5E90633D6E900462B6004EB3C
:10B0CC00C606EA60B44222D14AE04548002705F0A2
:10B0DC0007F860220021804602A822F077FD02A822
:10B0EC0006F096FC0A233F4902A819938DF860706C
:10B0FC0006F090FF384602AB4FF49B72414604F0C9
:10B10C00AFFF02A805F092FD0834A64228D02368B0
:10B11C00002BF9D01A7F022AD7D1042202A801935E
:10B12C000DEB020106F01EFC029B69685F68D9B149
:10B13C00D5F800C001EBC1010023604603E0994241
:10B14C0000F1240010D05CF823200933BA42F6D168
:10B15C0050B121460834043005F078FEA642D6D111
:10B16C0028461AB0BDE8F08106F008FC1E4A1368A8
:10B17C0013F0010F1D4B0BD11D4919601D4959606E
:10B18C001D49D9601D4919611D4959610121116081
:10B19C00002221460297CDE90703002303A803935D
:10B1AC00CDE90933082306930023CDE9042305F0E8
:10B1BC004DFE284602A905F049FE03A806F02AFA1E
:10B1CC00A2E700BF2C890020087B0020B5480000B6
:10B1DC003D490000C549000015470000B547000077
:10B1EC00E00D00207818002000890020D479002080
:10B1FC00F5280000FD16000011170000E15E0000AC
:10B20C00E14200004B68002B00F03C810B681B688E
:10B21C002DE9F04F1A7F9FB005460C46022A22D02A
:10B22C00A848002404F05CFF60220021054606A813
:10B23C0022F0CCFC06A806F0EBFB0A23A24906A8D8
:10B24C001D938DF8704006F0E5FE06AB4FF4AE7220
:10B25C002046294604F004FF06A805F0E7FC002070
:10B26C001FB0BDE8F08F042203A906A8039306F0D3
:10B27C0079FB069B5E6823681868FEF75FFA314617
:10B28C0007462846FFF7AEFD031EC0F2FD80686836
:10B29C0003EB031132463B4606468A468346284654
:10B2AC0006EBC1084146FFF7E5FD0028D7D0D4E9ED
:10B2BC00006306EBC3094E4500F01A8106F1080540
:10B2CC00B2E06022002106A822F080FC06A806F05D
:10B2DC009FFB00237B488DF870300A231D9304F0EC
:10B2EC00FFFE18B1014606A806F094FE774906A8A1
:10B2FC0006F090FE40F2831106A806F09BFE7449FE
:10B30C0006A806F087FE734906A806F083FE08F12E
:10B31C000C0106A807F00AFB6F4906A806F07AFE96
:10B32C0055F8080CFEF70AFA014606A806F082FE4C
:10B33C006A4906A806F06EFE616F06A806F090FE3C
:10B34C00674906A806F066FE06A807F0EFF906F0B6
:10B35C00F9FA06A805F06AFCD8F80010626F03A889
:10B36C000B681B69984703A80BF07CF9074600286B
:10B37C0000F00F8103A901A80BF07CF9626F029B0E
:10B38C009A4200F24A81216F019806F0EBFAD8F844
:10B39C000000012103685B6998470446002800F00F
:10B3AC006F816022002106A822F010FC06A806F08E
:10B3BC002FFB002343488DF870300A231D9304F0B3
:10B3CC008FFE18B1014606A806F024FE3F4906A8D8
:10B3DC0006F020FE40F2A11106A806F02BFE3C4917
:10B3EC0006A806F017FE3F4906A806F013FE06A8AD
:10B3FC0007F09CF906F0A6FA06A805F017FC0498CD
:10B40C0070B106F0E1FA58B1049803689B6898474C
:10B41C0004988368013B836013B90368DB68984721
:10B42C0008360835B14563D055F8084C002CF7D0D8
:10B43C000123676F84F89030002F7FF442AF2148CE
:10B44C0004F04EFE60223946044606A822F0BEFBEC
:10B45C0006A806F0DDFA0A23234906A81D938DF8E9
:10B46C00707006F0D7FD06AB21464FF4BF7238461C
:10B47C0004F0F6FD06A805F0D9FB55F8083C83F856
:10B48C009070CDE7012070470E48002404F028FE90
:10B49C0060220021054606A822F098FB06A806F0BB
:10B4AC00B7FA0A23114906A81D938DF8704006F0CF
:10B4BC00B1FD314606A806F0BDFD06AB40F26712A1
:10B4CC00C6E600BFE00D0020B4180020001E0020CE
:10B4DC00540E00205C190020901900203C12002012
:10B4EC0098190020441A002030190020F018002070
:10B4FC005BF83A004FF47A7103689B6998470446ED
:10B50C0078B36022002106A822F060FB06A806F0A2
:10B51C007FFA00220A236B488DF870201D9304F0EB
:10B52C00DFFD18B1014606A806F074FD664906A8B1
:10B53C0006F070FD40F2AB1106A806F07BFD6349E6
:10B54C0006A806F067FD624906A806F063FD06A88A
:10B55C0007F0ECF806F0F6F906A805F067FB0120F9
:10B56C007EE6584804F0BCFD60222146054606A83C
:10B57C0022F02CFB06A806F04BFA0A23554906A824
:10B58C001D938DF8704006F045FD06AB40F2A712F6
:10B59C005EE64C4804F0A4FD60223946044606A839
:10B5AC0022F014FB06A806F033FA0A234A4906A82F
:10B5BC001D938DF8707006F02DFD03A80BF066F846
:10B5CC00014606A806F036FD444906A806F022FD01
:10B5DC0006AB214640F28912384604F041FD06A81C
:10B5EC0005F024FB336883F89070049800283FF42E
:10B5FC0036AE06F0E9F900283FF431AE0498036842
:10B60C009B68984704988368013B8360002B7FF408
:10B61C0026AE0368DB68984721E62A48002504F02B
:10B62C005FFD60220021074606A822F0CFFA06A88B
:10B63C0006F0EEF90A232A4906A81D938DF87050DE
:10B64C0006F0E8FC029906A806F00AFD254906A8B2
:10B65C0006F0E0FC616F06A806F002FD1F4906A883
:10B66C0006F0D8FC06AB39464FF4C972284604F0F4
:10B67C00F7FC06A805F0DAFA336883F89050B4E7C3
:10B68C00104804F02DFD60222146054606A822F044
:10B69C009DFA06A806F0BCF90A23134906A81D93C7
:10B6AC008DF8704006F0B6FC06AB29464FF4CE720E
:10B6BC00204604F0D5FC06A805F0B8FA336883F8E8
:10B6CC00904092E7E00D0020001E0020540E002058
:10B6DC00B01A0020801A0020A0190020942E0020FF
:10B6EC00E0190020101A0020141A00202DE9F04750
:10B6FC00A0B060220021804608A822F067FA08A8B2
:10B70C0006F086F900220A2391488DF878201F93C1
:10B71C0004F0E6FC18B1014608A806F07BFC8D4944
:10B72C0008A806F077FCEA2108A806F083FC8A49F1
:10B73C0008A806F06FFC894908A806F06BFCD8F83D
:10B74C00A01008A806F08CFC854908A806F062FC3D
:10B75C0008A806F0EBFF06F0F5F808A805F066FA65
:10B76C0008F19C0108F1BC0005F0FEFE08F19C00FC
:10B77C0005F0BCFB41466846D8E92F23CDE90823E8
:10B78C0008AAFFF779FC6022002108A822F01EFA13
:10B79C0008A806F03DF900220A236D488DF87820A0
:10B7AC001F9304F09DFC18B1014608A806F032FC6A
:10B7BC00684908A806F02EFCF42108A806F03AFC0B
:10B7CC00654908A806F026FC664908A806F022FC84
:10B7DC00019908A806F044FC634908A806F01AFC75
:10B7EC0008A806F0A3FF06F0ADF808A805F01EFAAD
:10B7FC00019B002B77D000252E46A94604E001368C
:10B80C00019B24359E426ED20021602208A8009C28
:10B81C0022F0DCF908A806F0FBF80A234C482C446B
:10B82C008DF878901F9304F05BFC014608A809B1D1
:10B83C0006F0F0FB474908A806F0ECFBFA2108A833
:10B84C0006F0F8FB444908A806F0E4FB474908A8B1
:10B85C0006F0E0FB216808A806F0ECFB444908A8B8
:10B86C0006F0D8FBA16808A806F0FAFB414908A825
:10B87C0006F0D0FB08A806F059FF06F063F808A8FC
:10B88C0005F0D4F908A94046D4E90123CDE90823F1
:10B89C00FFF7B8FC07460028B1D12D48013604F05B
:10B8AC001FFC60223946824608A8243522F08EF906
:10B8BC0008A806F0ADF80A232F4908A81F938DF8A5
:10B8CC00787006F0A7FB216808A806F0B3FB08AB5C
:10B8DC00FE225146384604F0C3FB08A805F0A6F931
:10B8EC00019B9E4290D36022002108A822F06EF9A1
:10B8FC0008A806F08DF800220A2315488DF8782048
:10B90C001F9304F0EDFB18B1014608A806F082FB6A
:10B91C00104908A806F07EFB08A840F2031106F0B7
:10B92C0089FB0D4908A806F075FB144908A806F018
:10B93C0071FB08A806F0FAFE06F004F808A805F05A
:10B94C0075F9684605F066FE20B0BDE8F08700BFCB
:10B95C00E00D0020001E0020540E0020E81A0020EC
:10B96C00181B0020241B00204C1B0020601B0020F7
:10B97C009C1B0020A01B0020AC1B0020F01B0020F7
:10B98C00D0F8A03003B97047FFF7B0BE2DE9F043F3
:10B99C00067D0546436B8DB00C460068002E40F0CA
:10B9AC00A380EF680121002F5BD09847002840F05E
:10B9BC00258137468DF82C60CDE90957002E00F013
:10B9CC00A2800AAF3946204605F040FA0DF1290154
:10B9DC00204605F03BFA0DF12A01204605F036FA17
:10B9EC000DF12B01204605F031FA099B0121002BAA
:10B9FC0000F089805A6B18689047002800F083800B
:10BA0C00099A0DF1210108AB1068CDE900310DF157
:10BA1C00230303930DF122030293131DD2F81C9000
:10BA2C000ECBC8479DF82020002362F307039DF836
:10BA3C00212062F30F239DF8222062F317439DF817
:10BA4C00232062F31F630A93099B9A6A1868904734
:10BA5C00099BDA6A186890474FF001038DF82C3077
:10BA6C00B0E79847002851D107463E0ECDE909575B
:10BA7C0049D00AAF4FF001083946204605F0E6F9E7
:10BA8C000DF12901204605F0E1F90DF12A012046BE
:10BA9C0005F0DCF9099B0121002B34D05A6B186896
:10BAAC0090470DF123030DF122020DF1210150B34A
:10BABC000998D0F824900068C8479DF822309DF86A
:10BACC0023208DF829308DF82A20099B9DF8212000
:10BADC008DF828209A6A18689047099BDA6A1868CA
:10BAEC0090478DF82B80C7E701219847002840F03C
:10BAFC00AE800646034607468DF82C708DF82D3027
:10BB0C00CDE9095603BB0DB0BDE8F08309AB0DF1CF
:10BB1C0023020DF1220128686E6AB0479DF822209D
:10BB2C009DF8233062F307079DF82420286863F3FF
:10BB3C000F27012362F3174763F31F67AB6A98471C
:10BB4C00EB6A2868984790E70AAF3946204605F01B
:10BB5C007DF90DF12901204605F078F90DF12A0146
:10BB6C00204605F073F90DF12B01204605F06EF916
:10BB7C000BA9204605F06AF9099B0121002BC2D0C4
:10BB8C005A6B186890470028BDD0099A0DF11F0315
:10BB9C000DF1210C08A9106800930DF123030493F7
:10BBAC000DF12203039302F11003CDE9011CD2F82D
:10BBBC0020900ECBC8479DF81F20002362F307038B
:10BBCC009DF8202062F30F239DF8212062F3174388
:10BBDC009DF8222062F31F639DF823200A93099B92
:10BBEC008DF82C209A6A18689047099BDA6A1868B5
:10BBFC0090474FF001038DF82D30A6E709AA0DF1FF
:10BC0C002303CDE902320DF122020DF12103CDE91E
:10BC1C0000322B1DEF6928680ECBB8479DF8212008
:10BC2C0037469DF822302868012662F307079DF8F5
:10BC3C00232063F30F279DF8243062F3174763F337
:10BC4C001F67AB6A9847EB6A28689847B2E609AA5F
:10BC5C000DF123030DF12201CDE903320DF1210386
:10BC6C0008AACDE9013105F110032E6A009228686B
:10BC7C000ECBB0479DF8202000269DF82130286877
:10BC8C0062F307069DF822209DF8247063F30F26BB
:10BC9C009DF8233062F3174663F31F66AB6A98472F
:10BCAC00EB6A28689847012326E700BF30B5834D1F
:10BCBC0083B0286808B103B030BD01464FF48C72D4
:10BCCC007F4821F083FF05F059FE7E490B6813F085
:10BCDC00010F7D4B0BD17D4A1A607D4A5A607D4A1B
:10BCEC00DA607D4A1A617D4A5A6101220A60744CFD
:10BCFC0000220193A260226284F82420C4E900226D
:10BD0C00C4E906225822C4E90403E26005F036FEB9
:10BD1C006C49019B0A6812F0010F0BD16B4A1A6037
:10BD2C006B4A5A606B4ADA606B4A1A616B4A5A6109
:10BD3C0001220A6000220193C4E90A222263A26450
:10BD4C0084F84C20C4E910225822C4E90E03626323
:10BD5C0005F014FE5B49019B0A6812F0010F0BD130
:10BD6C005A4A1A605A4A5A605A4ADA605A4A1A614E
:10BD7C005A4A5A6101220A6000220193C4E9142232
:10BD8C00A265226784F87420C4E91A225822C4E9F7
:10BD9C001803E26505F0F2FD4A49019B0A6812F0AE
:10BDAC00010F0BD1494A1A60494A5A60494ADA6074
:10BDBC00494A1A61494A5A6101220A6000225821F3
:10BDCC00C4F88C30C4F8982084F89C20C4F88800FF
:10BDDC00C4E91E22C4E92021C4E9242205F0CEFDC9
:10BDEC003F4B1A6812F0010F3E4A0BD13E491160CD
:10BDFC003E4951603E49D1603E4911613E49516115
:10BE0C000121196000235821C4F8B420C4F8C030B3
:10BE1C0084F8C430C4F8B000C4E92833C4E92A312A
:10BE2C00C4E92E3305F0AAFD344B1A6812F0010F49
:10BE3C00334A0BD133491160334951603349D160D6
:10BE4C003349116133495161012119600023582193
:10BE5C00C4F8DC20C4F8E83084F8EC30C4F8D8001E
:10BE6C00C4E93233C4E93431C4E9383305F086FD12
:10BE7C00294B1A6812F0010F284A0BD1284911607E
:10BE8C00284951602849D1602849116128495161DC
:10BE9C000121196000235821C4F800010848C4F896
:10BEAC000421C4F8103184F814312C60C4E93C33FB
:10BEBC00C4E93E31C4E9423303B030BD8C9000205C
:10BECC0090900020188900207C7A0020A945000061
:10BEDC00D5530000C1170000755A0000B14D000089
:10BEEC0020890020B47A0020F1450000495400005C
:10BEFC00E917000021590000394D00001C89002071
:10BF0C00987A002039460000BD540000111800003A
:10BF1C00CD570000C14C000024890020D07A0020AD
:10BF2C008146000031550000391800007956000098
:10BF3C00494C00002DE9F043884683B0B0210746F8
:10BF4C000820914605F008FD0123002604224360D9
:10BF5C00054683600DEB02011D4B80F8A860036061
:10BF6C0000F110036846019305F0FCFC009C98F866
:10BF7C001C30267703BB00264FF0010884F868605C
:10BF8C0005F00AFD4946C4F8800004F17000A6676C
:10BF9C00C4F88C60C4F87C80C4E91C66C4E92166D2
:10BFAC0005F092FA384684F8906085F8A880C7E9C5
:10BFBC00004503B0BDE8F083064A013B41462046EC
:10BFCC0052F82330984798F81C302377D3E700BFFA
:10BFDC00DC620020FC6700202DE9F047B2B00E4671
:10BFEC00012104461F4690463A9D0BF0ADFFA14B34
:10BFFC0023604433A363002384F85830337F002B31
:10C00C0040F00F8100239C492A7E84F86830A4F804
:10C01C006A3084F86920E765984AC4E918330B68DC
:10C02C0013F0010302D1136001230B60136805AEFA
:10C03C0004F17007591CE3660293DB17304611605C
:10C04C00039302238DF8C43005F0E2FC02A93046BC
:10C05C0006F032F88A49384606F0D4F831463846AC
:10C06C0006F056FC304604F0E1FD9DF8C430002B80
:10C07C0040F0CF801BAF834A4FF0000A04F1F4006C
:10C08C00136884F8DCA0A4F8C8301B0C84F8E0A07A
:10C09C0084F8CA301388A4F8CB30937884F8CD3068
:10C0AC00012384F8CE300223C4E93BAA84F8E8309B
:10C0BC0004F0C0FB05F1080104F1D000D8E900231D
:10C0CC00A8468142C4E9012358F8033BA4F8C830C0
:10C0DC004FEA134384F8CA3098F80230B5F80320BD
:10C0EC0084F8CD30A4F8CB20AB7984F8CE3006D0D0
:10C0FC0094F8DC30002B7CD12B7D002B70D105F11A
:10C10C001C0104F1E40A2B7E514584F8E03009D07F
:10C11C0094F8E830002B40F09B8095F82030002BF1
:10C12C0040F08B802B6829462046ADF86C301B0CF8
:10C13C008DF86E301B9B23821B0CA374B5F8032067
:10C14C0098F80230ADF86C20BB70BDF86C30A4F8D8
:10C15C001330BB786375AB79A375FCF705FF05F05D
:10C16C001BFC00231F903A461D9304F13C012293C3
:10C17C003046CDE91B33CDE9203301231E93FFF765
:10C18C00D9FE04F1EC039E4222D0D4F8EC30059A8F
:10C19C00D4F8F000C4F8EC200593069B0690C4F884
:10C1AC00F03070B105F010FC58B1069803689B682C
:10C1BC00984706988368013B836013B90368DB6872
:10C1CC009847384605F026FA204632B0BDE8F0878D
:10C1DC0006980028F5D005F0F7FB0028F1D0E4E72D
:10C1EC00294A013B52F8233098472B7D84F8DC30E8
:10C1FC0085E7264A013B019152F82330009098477D
:10C20C0084F8DCA02B7DDDE90001002B3FF477AF37
:10C21C00E6E71BAF1E4A013B384652F823309847DD
:10C22C0029E71C4A013B314604F13C0052F823300B
:10C23C009847337F84F85830E4E6174A013B504660
:10C24C0052F82330984795F8203084F8E83069E7A5
:10C25C00124A013B5046009152F823309847002374
:10C26C00009984F8E83095F82030002B3FF45AAF51
:10C27C00E3E700BFE463002060890020CC8F00203E
:10C28C009C1000205C08002010680020046800202E
:10C29C001C680020FC6700205068002048680020C3
:10C2AC002DE9F04184B00446FF2588460DF10F01BD
:10C2BC009DF828709DF82C608DF80F5007F00F0733
:10C2CC0006F00F06CDE9003204F0E8FD0DF10F0188
:10C2DC0020468DF80F5004F0E1FD0DF10F012046C2
:10C2EC008DF80F5004F0DAFD0DF10F0120468DF89A
:10C2FC000F5004F0D3FD0DF10F0120468DF80F50B7
:10C30C0004F0CCFD0DF10F0120468DF80F500025E7
:10C31C0004F0C4FD0DF10F0120468DF80F5004F010
:10C32C00BDFD032120468DF80F100DF10F0104F017
:10C33C00B5FD0DF10F0120468DF80F8004F0AEFD18
:10C34C00019A0DF10F01204602F00F028DF80F201B
:10C35C0004F0A4FD009B0DF10F01204603F00F0328
:10C36C008DF80F3004F09AFD0DF10F0120468DF879
:10C37C000F7004F093FD0DF10F0120468DF80F6046
:10C38C0004F08CFD0DF10F0120468DF80F5004F0D8
:10C39C0085FD0DF10F0120468DF80F5004F07EFD48
:10C3AC0004B0BDE8F08100BF82B02DE9F04F91B030
:10C3BC008B46042705AD1B931E9C0DF124099DF89B
:10C3CC0074800DF1280A85E807009DF81C3005469D
:10C3DC00002B40F08480B8F1000F00F088801F9B88
:10C3EC000EAA0CA91F981B68CDF824B09B68CDE948
:10C3FC000C97CDE90EA79847BDF828300EA920461A
:10C40C001B0A8DF8383004F049FDBDF828300EA910
:10C41C0020468DF8383004F041FDBDF82A300EA9C5
:10C42C0020461B0A8DF8383004F038FDBDF82A3050
:10C43C000EA920468DF8383004F030FDBDF82C30B4
:10C44C000EA920461B0A8DF8383004F027FDBDF8E4
:10C45C002C300EA920468DF8383004F01FFDBDF8A5
:10C46C002E300EA920461B0A8DF8383004F016FD2C
:10C47C00BDF82E300EA920468DF8383004F00EFD94
:10C48C00002DA8D06B6B0121286898470028A2D0FA
:10C49C000EAB28680CAA4FF0000B03930DF123038D
:10C4AC00CDE901320DF122022B1D0092EE690ECB6B
:10C4BC00B0479DF822209DF8233062F3070B9DF8BE
:10C4CC003020286863F30F2B9DF8383062F3174B3C
:10C4DC0063F31F6BAB6A9847EB6A28689847B8F10F
:10C4EC00000F3FF47CAF1B9BAB427FF478AF11B0D5
:10C4FC00BDE8F04F02B070472DE9F04F8DB0054606
:10C50C004FF003080DF1180ACDE90201CDE9002323
:10C51C009DF80F30BDF80C609DF80EB09DF807909B
:10C52C00DDE91647002B65D1B9F1000F68D03B68E7
:10C53C0005A90AAA38469B68ADF814608DF816B0A8
:10C54C00CDE90818CDE90AA808A99847BDF8183014
:10C55C000AA920461B0A8DF8283004F09FFCBDF870
:10C56C0018300AA920468DF8283004F097FCBDF845
:10C57C001A300AA920461B0A8DF8283004F08EFCCC
:10C58C00BDF81A300AA920468DF8283004F086FC34
:10C59C00BDF81C300AA920461B0A8DF8283004F07F
:10C5AC007DFCBDF81C300AA920468DF8283004F01B
:10C5BC0075FC002DB8D06B6B0121286898470028BA
:10C5CC00B2D06E6A0AAB08AA0DF113012868B04705
:10C5DC009DF813104FF000069DF82020AB6A61F314
:10C5EC00070628689DF828B062F30F269847EB6A77
:10C5FC0028689847B9F1000F99D0009B9D4296D1BD
:10C60C000DB0BDE8F08F00BF2DE9F04F012AA9B0A5
:10C61C0004460D461F46329E00F03881032A0CBF9B
:10C62C004FF09B094FF08B0903F0C8F8C6F3811249
:10C63C00C6F3C10306F003066A44010C6B446E4456
:10C64C00ADF824008DF8261092F8241093F82420CD
:10C65C0096F8243001F00F0BC0F3036102F00F08C1
:10C66C0003F00F030A900791069397F82030012BE3
:10C67C0000F083819FED9D0A0BA803F08DFF2B6BBF
:10C68C002868EE6898472B7D82467BB1002E40F0DF
:10C69C009480974B1A78002A00F0DF810B9BB9F13C
:10C6AC00030F04930CBF0323062309E00B9BB9F182
:10C6BC00030F049300F0CC81002E0CBF062308233B
:10C6CC0003FB0AFA8B4F079B5A460AF10F0A49469D
:10C6DC0001932046A7FB0ACE069B2EF0010C00937B
:10C6EC0043460CEB5E0CAAEB0C0ACAF1030AA7FB3F
:10C6FC000AC727F0010C0CEB5707AAEB070AFFF748
:10C70C00CFFDBAF1000F0DD04FF0000810AFC346AB
:10C71C0008F10108394620468DF840B004F0BEFB04
:10C72C00C245F5D1B9F1030F4FD0734A136813F01A
:10C73C00010300F0E380049B002B00F0EC8010ABB5
:10C74C0005936B6B01212868002E00F0A28098479E
:10C75C00002840F0A58106460DF134090346049AE1
:10C76C008DF8483013AB0392002202948DF83C20D4
:10C77C00CDE90D2299E80700CDE9105683E80700B2
:10C78C00059A139BDDE914018DE8030007CAFFF736
:10C79C000BFE0C9870B105F017F958B10C980368A2
:10C7AC009B6898470C988368013B836013B90368B6
:10C7BC00DB68984729B0BDE8F08F0B9BB9F1030FEC
:10C7CC0004930CBF042308237AE76B6B01212868C0
:10C7DC00002E00F0DD809847002840F08B81064643
:10C7EC0003468DF84830CDE91056002BD1D011AF4F
:10C7FC004FF0010A0DF134090DF12308394620469A
:10C80C0004F024FB0DF14501204604F01FFB0DF153
:10C81C004601204604F01AFB0DF14701204604F0B6
:10C82C0015FB109B0121002BB3D05A6B1868904755
:10C83C000028AED0109A0DF122010DF121031068E1
:10C84C00CDE90031131DCDE90289D2F81CB00ECB15
:10C85C00D8479DF82120002362F307039DF822207E
:10C86C0062F30F239DF8232062F317439DF83420C5
:10C87C0062F31F631193109B9A6A18689047109B80
:10C88C00DA6A186890478DF848A0B7E74FF00309AB
:10C89C00CAE69847D8B1059B0DAA0DF1230128686B
:10C8AC006F6AB8479DF82330286863F307069DF834
:10C8BC00343063F30F269DF8403063F317460123A1
:10C8CC0063F31F66AB6A9847EB6A28689847049B2A
:10C8DC00002205990193109511960094CDE912222E
:10C8EC00DDE9122303C9FFF707FE52E73333334068
:10C8FC00DC2E0120ABAAAAAAF0880020914892490C
:10C90C00C0E9003301231360904A1BF055FE049BD1
:10C91C00002B7FF414AFDFF82C92D9F8003004937D
:10C92C00002B7FF40CAF10AB9FED890A18460593D2
:10C93C0003F032FED9F80030109AD9F804001093A5
:10C94C00119B0492C9F80020C9F8043011900028FA
:10C95C003FF4F7AE05F038F858B1119803689B68AE
:10C96C00984711988368013B836013B90368DB68AF
:10C97C009847D9F800300493E3E61C3704220DA93C
:10C98C0010A80D9704F0EEFF109B93ED000A73E6D0
:10C99C009847D8B110AB0DAA0DF1230128686F6A26
:10C9AC00B8479DF823209DF8343062F307069DF8B4
:10C9BC004020286863F30F26012362F3174663F3C4
:10C9CC001F66AB6A9847EB6A28689847CDE9105602
:10C9DC00360E3FF4DEAE11AF4FF00108394620465B
:10C9EC0004F034FA0DF14501204604F02FFA0DF154
:10C9FC004601204604F02AFA109B0121002B3FF43B
:10CA0C00C8AE5A6B1868904700283FF4C2AE109815
:10CA1C000DF122010DAB0DF12302D0F8249000682A
:10CA2C00C8479DF82320109B8DF845209DF8342095
:10CA3C008DF846209DF822208DF844209A6A1868BB
:10CA4C009047109BDA6A186890478DF84780C5E7C5
:10CA5C00002E0CBF0323042332E601223D481A703A
:10CA6C0003F03EFB10AB6022314607461846059397
:10CA7C0021F0ACF8059804F0CBFF0A233649059851
:10CA8C0027938DF8986005F0C5FA3046059B39461A
:10CA9C004FF4B77203F0E4FA059804F0C7F8FDE51B
:10CAAC00059B0DF13409CDE902930DF1230301939C
:10CABC000DF1220300932B1DEE6928680ECBB047B5
:10CACC009DF82230002063F307009DF8233063F3B8
:10CADC000F209DF8343063F317409DF8403063F31A
:10CAEC001F60AB6A064628689847EB6A2868984727
:10CAFC00012334E610AA0DAB0DF12301CDE902326E
:10CB0C000DF122022B1DEE69CDE900210ECB286818
:10CB1C00B0479DF8222000269DF82330286862F348
:10CB2C0007069DF8342063F30F269DF8403062F31E
:10CB3C00174663F31F66AB6A9847EB6A28689847F9
:10CB4C0001234EE6648F0020995300008C7B00205B
:10CB5C0033333340780C00201C1C00202DE9F04F9F
:10CB6C008BB000264FF01F0A4FF08009169D0DF177
:10CB7C0027079DF854B08DF82760DFF85481CDE974
:10CB8C0004239DF81730CDE9060139462846039356
:10CB9C0004F084F9394628468DF8276004F07EF9B4
:10CBAC00394628468DF8276004F078F9394628462E
:10CBBC008DF8276004F072F9029664E0039B002B59
:10CBCC006CD01BFB0A93A8FB0323DB097DD1BBF1C3
:10CBDC00000F7AD0E123394628468DF8273004F02F
:10CBEC005DF907A9284604F031F90DF11D0128461D
:10CBFC0004F02CF90DF11E01284604F027F9069BD0
:10CC0C00002B5ED05A6B012118689047002858D031
:10CC1C0006993B460DF1260208684C6A0DF1250178
:10CC2C00A0479DF826309DF827209DF825108DF8FB
:10CC3C001D30069B8DF81C108DF81E209A6A186802
:10CC4C009047069BDA6A1868904701238DF81F30CD
:10CC5C00149CACB1636B01212068984780B12068AB
:10CC6C000DF126030DF1250209A90097A66BB0471B
:10CC7C00A36A20689DF827B09847E36A2068984714
:10CC8C00029B013302939DF81F30002B96D0039B1F
:10CC9C00002B96D0069A049B9A4292D1029E0024B5
:10CCAC004FF0FF0876090136B600013439462846A4
:10CCBC008DF8278004F0F2F8B442F6D30BB0BDE83F
:10CCCC00F08F00238DF81F30C2E763F01F0382E75B
:10CCDC00818080802DE9F04F8BB000264FF01F0A29
:10CCEC004FF08009169D0DF127079DF854B08DF873
:10CCFC002760DFF85481CDE904239DF81730CDE986
:10CD0C00060139462846039304F0C8F839462846EC
:10CD1C008DF8276004F0C2F8394628468DF8276054
:10CD2C0004F0BCF8394628468DF8276004F0B6F8B4
:10CD3C00029664E0039B002B6CD01BFB0A93A8FBB0
:10CD4C000323DB097CD1BBF1000F79D0E1233946F9
:10CD5C0028468DF8273004F0A1F807A9284604F0DE
:10CD6C0075F80DF11D01284604F070F80DF11E0147
:10CD7C00284604F06BF8069B002B5DD05A6B012102
:10CD8C0018689047002857D006993B460DF12602AB
:10CD9C0008684C6A0DF12501A0479DF826309DF8D6
:10CDAC0027209DF825108DF81D30069B8DF81C1042
:10CDBC008DF81E209A6A18689047069BDA6A1868E4
:10CDCC00904701238DF81F30149CACB1636B01218B
:10CDDC002068984780B120680DF126030DF12502DB
:10CDEC0009A90097A66BB047A36A20689DF827B0E5
:10CDFC009847E36A20689847029B013302939DF899
:10CE0C001F30002B96D0039B002B96D0069A049BC8
:10CE1C009A4292D1029E00247609A0460136B600B1
:10CE2C000134394628468DF8278004F037F8B4428F
:10CE3C00F6D30BB0BDE8F08F00238DF81F30C3E79D
:10CE4C0063F01F0383E700BF8180808070B586B0DC
:10CE5C00CDE902019DF80F000A9CCDE900239DF855
:10CE6C00075048B155B1029A009B9A4206D106B0C0
:10CE7C0070BD00238DF80F30002DF8D003A920468B
:10CE8C0003F0E4FF0DF10D01204603F0DFFF0DF17F
:10CE9C000E01204603F0DAFF029B002BE9D05A6BFF
:10CEAC000121186890470028E3D002980DF1170370
:10CEBC000DF116020DF11501466A0068B047029B90
:10CECC009DF816C09DF817009DF815109A6A8DF8FC
:10CEDC000DC08DF80C108DF80E0018689047029B51
:10CEEC00DA6A1868904701238DF80F30BAE700BF53
:10CEFC0070B586B000260A9C8DF81760CDE902014A
:10CF0C000DF117012046CDE900239DF8075003F0E1
:10CF1C00C5FF0DF1170120468DF8176003F0BEFF19
:10CF2C000DF1170120468DF8176003F0B7FF0DF1D6
:10CF3C00170120468DF8176003F0B0FF9DF80F30F5
:10CF4C00002B54D1002D58D09DF80C3005A99DF81C
:10CF5C000EC020469DF80D206FEA93038CF0C00C98
:10CF6C006FEA121203F0300302F00C0243EA9C1336
:10CF7C00134363F03F038DF8143003F08FFF03A9C4
:10CF8C00204603F063FF0DF10D01204603F05EFF18
:10CF9C000DF10E01204603F059FF029B002B4BD0E4
:10CFAC005A6B012118689047002845D002980DF162
:10CFBC0017030DF116020DF11501466A0068B04712
:10CFCC00029B9DF816C09DF817009DF815109A6AE3
:10CFDC008DF80DC08DF80C108DF80E001868904768
:10CFEC00029BDA6A1868904701238DF80F30002DE8
:10CFFC00AAD0029A009B9A42A6D100250DF11701E6
:10D00C0020468DF8175003F049FF0DF1170120460B
:10D01C008DF8175003F042FF0DF1170120468DF8E3
:10D02C00175003F03BFF0DF1170120468DF81750F8
:10D03C0003F034FF06B070BD00238DF80F3081E78C
:10D04C002DE9F04F89B000270546129C8DF81F7012
:10D05C00CDE90401CDE902239DF817200DF11F0144
:10D06C009DF80F302046019200939DF814909DF886
:10D07C0015809DF816B003F011FF0DF11F0120462D
:10D08C008DF81F7003F00AFF0DF11F0120468DF87B
:10D09C001F7003F003FF0DF11F0120468DF81F7068
:10D0AC0003F0FCFE019A3BE0009A002A44D001F404
:10D0BC00787103F4F84320460B430DF11F016FEA1E
:10D0CC0043436FEA53431A0A43EADB0A8DF81F20E5
:10D0DC0003F0E4FE0DF11F0120468DF81FA003F0B4
:10D0EC00DDFE0121002D4FD06B6B286898470DF1A8
:10D0FC001F030DF11E02002846D00DF11D012868FA
:10D10C006E6AB047AB6A28689DF81D909DF81E802A
:10D11C009DF81FB09847EB6A2868984701220137A1
:10D12C004FEAC9134FEA8801002ABDD0009A002AA1
:10D13C00BDD0029AAA42BAD17F0922D000254FF065
:10D14C00FF082E460DF11F0120468DF81F8003F0BD
:10D15C00A5FE0DF11F01204601358DF81F6003F06F
:10D16C009DFE0DF11F0120468DF81F6003F096FE09
:10D17C000DF11F0120468DF81F6003F08FFEAF42AA
:10D18C00E0D109B0BDE8F08F0022C8E72DE9F04FDF
:10D19C0091B0074608264FF000081C9C0DF13F0586
:10D1AC00CDE90C01CDE90A239DF834309DF837A068
:10D1BC0006939DF8353007939DF8363005939DF80E
:10D1CC002F300893294620468DF83F8003F066FEE9
:10D1DC00013EF7D1B046DFF850914FF0FF0B0996A6
:10D1EC0003977FE0002B00F08A80069B0DF13A013B
:10D1FC0020468DF83AB039F813308DF83BB00493D3
:10D20C00079B39F813A0059B39F8136003F046FE11
:10D21C000DF13B01204603F041FE049B29462046BC
:10D22C001A0A8DF83F2003F039FE049B294620464C
:10D23C008DF83F3003F032FE4FEA1A232946204680
:10D24C008DF83F3003F02AFE294620468DF83FA08A
:10D25C0003F024FE330A294620468DF83F3003F0B4
:10D26C001DFE294620468DF83F6003F017FE039BF8
:10D27C00002B56D0039F01217B6B38689847002800
:10D28C004FD00DF13D012B460DF13E0238687E6A00
:10D29C004FF0010AB0479DF83D309DF83F200693B2
:10D2AC009DF83E3038680793BB6A05929847FB6A35
:10D2BC00386898471A9E9EB1736B01213068984765
:10D2CC0070B130680DF13E030DF13D020FA90095D0
:10D2DC00B76BB847B36A30689847F36A30689847B9
:10D2EC0008F10108089BBAF1000F3FF47BAF002B4B
:10D2FC003FF47BAF0A9B039A93427FF476AF4FEADD
:10D30C005808099EFF2708F10408013629462046D3
:10D31C008DF83F7003F0C2FDB045F6D111B0BDE8F9
:10D32C00F08F4FF0000AC5E78002002030B590F86E
:10D33C00482083B004460D46012A12D104226946C6
:10D34C0000940DEB020004F00DFB019B3BB118683F
:10D35C00294603681B6803B0BDE83040184794F8B1
:10D36C004820022A10D10422694600940DEB0200D9
:10D37C0004F0F8FA019B2BB11B68284603B0BDE8FA
:10D38C003040184794F84820032A10D104226946EB
:10D39C0000940DEB020004F0E5FA019828B1036C3F
:10D3AC00294603B0BDE83040184794F84820042AB9
:10D3BC0016D1694601A8009404F0D4FA019868B11A
:10D3CC000368114A1B689342EAD1036900F1080112
:10D3DC002A46406803B0BDE83040184794F848200E
:10D3EC00052A0ED10422694600940DEB020004F0CC
:10D3FC00B9FA019828B10368044A1B689342E4D037
:10D40C00CEE703B030BD00BF191700002517000090
:10D41C004268002A00F0B48090F824302DE9F047DF
:10D42C0015469CB08A460446002B36D00026B146E1
:10D43C003546276807EB060898F85010E9B14D45BA
:10D44C0019D05823BA5903FB09F17A500F4408F14B
:10D45C000801D8F8043007F108007B60814209D03C
:10D46C0097F85030002B40F0D18098F85030002BBA
:10D47C0040F0C280626809F10109013558369542C5
:10D48C00D7D34946204603F087FE0023656884F80D
:10D49C00243015B91CB0BDE8F08704F06FFA0423F2
:10D4AC000026102207930CAB4FF020084FF0100908
:10D4BC000890314606921846402209960596582740
:10D4CC000493CDE90A8920F081FB8046304623681D
:10D4DC0007FB063393F85020C2B15968B8F1000F1E
:10D4EC0008EB800C434608BF4FF0000C039102E0A0
:10D4FC00126891420AD063451A4603F10403F7D12E
:10D50C0004A803A903F0A2FCDDE904800136AE42B5
:10D51C00DDD3B8F1000F0AD008EB80018300414540
:10D52C0005D0042B03D04046F9F742FF059840B3D1
:10D53C000027582658F827804FF0000903E009F11E
:10D54C000109A94515D26368002B4FD0236806FB4F
:10D55C00093393F850100029F1D059684145EED1A8
:10D56C0009F1010903F108005146FFF7DFFEA94557
:10D57C00E9D30137059B9F4203D2DDF81080D9E730
:10D58C00704794F824308BB3626891463AB3002606
:10D59C00B1463546276807EB060898F85010D1B10C
:10D5AC00A94516D05823BA5903FB09F17A500F44F8
:10D5BC0008F10801D8F8043007F108007B608142BB
:10D5CC0006D097F85030002B37D198F8503053BB19
:10D5DC00626809F10109013558369542DAD349469A
:10D5EC00204603F0D9FD002384F8243004A804F06D
:10D5FC0011F81CB0BDE8F087164A013B52F82330F5
:10D60C00984798F8503087F8503033E7124A013B6E
:10D61C00019152F82330009098470023DDE9000176
:10D62C0087F8503021E70B4A013B52F823309847DA
:10D63C0098F8503087F85030CAE7074A013B0191FF
:10D64C0052F82330009098470023DDE9000187F859
:10D65C005030BAE708670020F46600202DE9F0414D
:10D66C000D469AB006464FF48E7104204FF0010817
:10D67C0004F072F91D4BC0F80480044603600023CB
:10D68C00C0F8088004A980F8183100F10C030422BA
:10D69C0003A8049304F066F905F12C03039F04AA74
:10D6AC002946009338462B6A04936B6A0593AB6A40
:10D6BC00FEF792FC05F16802F96E04A884F8188153
:10D6CC0037607460FBF7A8FF306804A9703004F071
:10D6DC009DFF04A803F0AAFAFEF7E8FA3168383186
:10D6EC00FFF796FE30461AB0BDE8F081CC630020FF
:10D6FC00384B014603F1440210B582B00446036076
:10D70C0041F8382F0191FEF7D1FA01992830FFF733
:10D71C007FFE04F1F40003F099F8D4F8F00018B18E
:10D72C0004F052F900282ED194F8E830002B3DD1AA
:10D73C0094F8DC30002B44D104F1700003F076FA3D
:10D74C00606E18B18368013B836053B194F8583014
:10D75C008BB9214B204623600AF086FC204602B090
:10D76C0010BD4368002BF1D10368DB68984794F82F
:10D77C005830002BEDD0194A013B04F13C0052F813
:10D78C0023309847E5E7D4F8F00003689B68984786
:10D79C00D4F8F0008368013B8360002BC4D103688C
:10D7AC00DB68984794F8E830002BC1D00C4A013B59
:10D7BC0004F1E40052F82330984794F8DC30002B45
:10D7CC00BAD0084A013B04F1D00052F823309847F4
:10D7DC00B2E700BFE4630020CC5F0020F4670020B8
:10D7EC004868002004680020A0F13800FFF780BFD3
:10D7FC0010B50446FFF77CFF4FF48671204619F0F4
:10D80C0057FB204610BD00BF10B5A0F138042046D0
:10D81C00FFF76EFF20464FF4867119F049FB204646
:10D82C0010BD00BF30B599B004460AF0DFFB58B903
:10D83C0020460AF0C7FBFEF739FA04F138015030E4
:10D84C00FFF7E6FD19B030BD154802F049FC602227
:10D85C0005460021684620F0B9F9684604F0D8F86E
:10D86C000A234FF000020F49684617938DF8582091
:10D87C0004F0D0FB04F17001684605F057F80A4932
:10D88C00684604F0C7FB6B4640F2D62229460020BE
:10D89C0002F0E6FB684603F0C9F919B030BD00BFD1
:10D8AC00780C0020D40C0020FC1C002070B516460F
:10D8BC0090F8482082B00446012A0D4613D1042268
:10D8CC00009069460DEB020004F04CF8019B43B14B
:10D8DC0018683246294603681B6802B0BDE87040E0
:10D8EC00184794F84820022A11D104226946009462
:10D8FC000DEB020004F036F8019B33B11B68314686
:10D90C00284602B0BDE87040184794F84820032A16
:10D91C0011D10422694600940DEB020004F022F8A8
:10D92C00019830B1036C3246294602B0BDE8704014
:10D93C00184794F84820042A18D1694601A8009485
:10D94C0004F010F8019878B10368124A1B689342EE
:10D95C00E9D1046900F1080133462A464068A4461F
:10D96C0002B0BDE87040604794F84820052A0ED1FB
:10D97C000422694600940DEB020003F0F3FF0198BA
:10D98C0028B10368044A1B689342E2D0CBE702B08B
:10D99C0070BD00BF61170000791700001346426884
:10D9AC00002A00F0B8802DE9F04F9B4690F8243007
:10D9BC009DB016468A460446002B38D04FF000091D
:10D9CC005823C8464D46266806EB090797F85000C1
:10D9DC00E0B1454518D056F8092003FB08F007F1D3
:10D9EC000801325006447A6806F1080072608142E0
:10D9FC0009D096F85020002A40F0D68097F8502095
:10DA0C00002A40F0C480626808F10108013509F170
:10DA1C0058099542D7D34146204603F0BDFB00235D
:10DA2C00666884F8243016B91DB0BDE8F08F03F099
:10DA3C00A5FF00250CAB102204214FF020084FF05D
:10DA4C001009089018460995059558270493CDE9B7
:10DA5C00062129464022CDE90A8920F0B7F8A946CB
:10DA6C0029468046236807FB093393F85020BAB146
:10DA7C005D68B8F1000F08EB8100434608BF002039
:10DA8C00039502E0126895420AD083421A4603F1CC
:10DA9C000403F7D103A904A803F0D8F9DDE9048144
:10DAAC0009F10109B145DDD3B8F1000F0BD008EB3A
:10DABC0081038A00434506D0042A04D01946404607
:10DACC00F9F70EFC059939B34FF000095827424677
:10DADC0052F82980002502E00135B54214D2626863
:10DAEC00002A4ED0206807FB050090F85020002A31
:10DAFC00F2D042684245EFD1013508305A465146C2
:10DB0C00FFF7D4FEB542EAD309F10109059A914514
:10DB1C0002D2049ADCE7704794F824308BB3626825
:10DB2C0091463AB30026B1463546276807EB0608FE
:10DB3C0098F85010D1B1A94516D05823B95903FB08
:10DB4C0009F2B950174408F10801D8F8043007F16C
:10DB5C0008007B60814206D097F85030002B3CD1F6
:10DB6C0098F850307BBB626809F1010901355836D1
:10DB7C009542DAD34946204603F00EFB002384F885
:10DB8C00243004A803F046FD1DB0BDE8F08FDFF88B
:10DB9C0064C0013A5CF82220904797F85020582333
:10DBAC0086F8502062682FE7DFF84CC0013A0191EB
:10DBBC005CF822200090904700225823DDE90001F8
:10DBCC0086F850201AE70B4A013B52F8233098474D
:10DBDC0098F8503087F85030C5E7074A013B01915F
:10DBEC0052F82330009098470023DDE9000187F8B4
:10DBFC005030B5E7446700203067002070B51646FA
:10DC0C0090F8482082B00446012A0D4613D1042214
:10DC1C00009069460DEB020003F0A4FE019B43B19A
:10DC2C0018683246294603681B6802B0BDE870408C
:10DC3C00184794F84820022A11D10422694600940E
:10DC4C000DEB020003F08EFE019B33B11B683146D5
:10DC5C00284602B0BDE87040184794F84820032AC3
:10DC6C0011D10422694600940DEB020003F07AFEF8
:10DC7C00019830B1036C3246294602B0BDE87040C1
:10DC8C00184794F84820042A18D1694601A8009432
:10DC9C0003F068FE019878B10368124A1B6893423E
:10DCAC00E9D1046900F1080133462A464068A446CC
:10DCBC0002B0BDE87040604794F84820052A0ED1A8
:10DCCC000422694600940DEB020003F04BFE019810
:10DCDC0028B10368044A1B689342E2D0CBE702B038
:10DCEC0070BD00BF91170000A917000013464268D1
:10DCFC00002A00F0B8802DE9F04F9B4690F82430B4
:10DD0C009DB016468A460446002B38D04FF00009C9
:10DD1C005823C8464D46266806EB090797F850006D
:10DD2C00E0B1454518D056F8092003FB08F007F17F
:10DD3C000801325006447A6806F10800726081428C
:10DD4C0009D096F85020002A40F0D68097F8502041
:10DD5C00002A40F0C480626808F10108013509F11D
:10DD6C0058099542D7D34146204603F015FA0023B3
:10DD7C00666884F8243016B91DB0BDE8F08F03F046
:10DD8C00FDFD00250CAB102204214FF020084FF0B4
:10DD9C001009089018460995059558270493CDE964
:10DDAC00062129464022CDE90A891FF00FFFA9461A
:10DDBC0029468046236807FB093393F85020BAB1F3
:10DDCC005D68B8F1000F08EB8100434608BF0020E6
:10DDDC00039502E0126895420AD083421A4603F179
:10DDEC000403F7D103A904A803F030F8DDE904819A
:10DDFC0009F10109B145DDD3B8F1000F0BD008EBE7
:10DE0C0081038A00434506D0042A04D019464046B3
:10DE1C00F9F7FEF9059939B34FF000095827424636
:10DE2C0052F82980002502E00135B54214D262680F
:10DE3C00002A4ED0206807FB050090F85020002ADD
:10DE4C00F2D042684245EFD1013508305A4651466E
:10DE5C00FFF7D4FEB542EAD309F10109059A9145C1
:10DE6C0002D2049ADCE7704794F824308BB36268D2
:10DE7C0091463AB30026B1463546276807EB0608AB
:10DE8C0098F85010D1B1A94516D05823B95903FBB5
:10DE9C0009F2B950174408F10801D8F8043007F119
:10DEAC0008007B60814206D097F85030002B3CD1A3
:10DEBC0098F850307BBB626809F10109013558367E
:10DECC009542DAD34946204603F066F9002384F8DC
:10DEDC00243004A803F09EFB1DB0BDE8F08FDFF8E2
:10DEEC0064C0013A5CF82220904797F850205823E0
:10DEFC0086F8502062682FE7DFF84CC0013A019198
:10DF0C005CF822200090904700225823DDE90001A4
:10DF1C0086F850201AE70B4A013B52F823309847F9
:10DF2C0098F8503087F85030C5E7074A013B01910B
:10DF3C0052F82330009098470023DDE9000187F860
:10DF4C005030B5E7BC670020A8670020D0F8EC3053
:10DF5C002DE9F04F93F89030ADF5077D05900791C2
:10DF6C00002B40F04782059A92F86830002B40F065
:10DF7C002E8205995BA8FBF745FE5B9B5C9A06938A
:10DF8C000892002B00F00882059C04F1F40002F0CA
:10DF9C0085FC94F8DC30E26D8146022B39AC0A9298
:10DFAC0040F09082059D042221465BA805F1D00328
:10DFBC00236003F0D7FC5B9A95F8DC30002A00F064
:10DFCC008182118814AF0D9107CA87E807000E9162
:10DFDC000C92032B40F06C82059B042221465BA81B
:10DFEC00D033236003F0BEFC5B9A002A00F0608201
:10DFFC00918817ABADF8421007CA83E807000F9061
:10E00C000B920D9A23AD4FF0000A4FF0020C3A80A0
:10E01C000E9A8DF8B0A17A600C9A8DF88CC1BA600A
:10E02C000F9A1A60BDF842209A800B9A9A60059A52
:10E03C0002F1700697E807001AAF119687E80700FF
:10E04C0093E807001DAB83E8070097E807001DABBA
:10E05C0085E8070093E807007EAB8DF8F4C1079FB5
:10E06C0084E8070095E80700CDE984AA83E8070057
:10E07C0094E8070081AB83E807000A9A394664A844
:10E08C00FBF74EF9B9F1000F00F0FC807B684846B5
:10E09C009FB2129302F04EFC8046484602F04CFCB4
:10E0AC0018FB00FB1FFA8BFB5F4540F06382DFF827
:10E0BC0048B6079BDBF800A01B680993BAF1000F68
:10E0CC0000F0EB83504602F011FFBDF848105046AB
:10E0DC0003F062F86FB34FF0000B4346A04659466D
:10E0EC005E461C4642464846B1FBF4F304FB131152
:10E0FC00A8F800302980294602F0D2FB874231462D
:10E10C004FF0000C00EB400304D9099AD018D15AF7
:10E11C0090F802C00BEB4B00DAF800300BF1010B5E
:10E12C00195203441FFA8BF183F802C08F42D9D8DD
:10E13C004446079B9DF88C219869998B9B7FDAE963
:10E14C00009A2860A980AB7195E80300ADF8001126
:10E15C00090C3F908DF80211002A40F038835BAF18
:10E16C000323CDF86C914FF0000904228DF87E3119
:10E17C0001232F600DF5A6788DF88C3156AFCDF8B4
:10E18C007891ADF87C91CDF88091DDE93F01CDE936
:10E19C005CAAADF88811090C619020468DF88A11A3
:10E1AC00294603F0DFFB022220ABD4F800C084F830
:10E1BC0064201AAA84F8209007CA83E807000D9AF5
:10E1CC001A800E9A5A600C9A9A601DAA07CA85E8A2
:10E1DC0007000F9A2A60BDF84220AA800B9AAA6009
:10E1EC0093E8070088E8070095E8070087E8070030
:10E1FC000A9A61462046C4E92099FBF791F89DF8EC
:10E20C00B031002B40F0198394F82030002B40F0F3
:10E21C0002839DF8F431002B40F0F38294F86430C3
:10E22C00002B40F0DC82DDF810C27EAED4E9203247
:10E23C008493859B859298E8070086E8070097E809
:10E24C00070081AEC4E920C386E8070083B11846F5
:10E25C0003F0BAFB60B1D4F8840003689B6898475C
:10E26C00D4F884008368013B8360002B00F0278383
:10E27C0094F86430002B40F0988294F82030002BF6
:10E28C0040F09E829DF8F431012B40F024816DAB5F
:10E29C000422294620462B6003F064FBD4F800804E
:10E2AC00059ED6F8EC3003F17009484602F01EFECC
:10E2BC0096F85830012B00F05D82022B00F0CF82D3
:10E2CC00FDF7F4FC059BC830DFF8309403F13807F8
:10E2DC00D3F8EC203946FFF761FB069928460B680A
:10E2EC00DB689847D9F80000002800F0AF82DFF80F
:10E2FC00108498F80030002B00F0F0802946FBF7D2
:10E30C0067FB012800F0F780022803D10023059A4F
:10E31C0082F86B30069B059A1B68D2F8F000D3F894
:10E32C000080D2F8EC306060236008B103F044FB4D
:10E33C0006982146C047606820B103F045FB0028D1
:10E34C0040F05F81FDF7B2FC0699064620460B684B
:10E35C00DB68984706F1F00022463946FFF7C6FC09
:10E36C00204602F063FC284602F060FC859820B140
:10E37C0003F02AFB002840F0EE809DF8F431002BCE
:10E38C0040F0E2809DF8B031002B40F0D6809DF833
:10E39C008C31002B40F0CA80089B002B00F084804D
:10E3AC00089C204603F010FB00287DD023682046F3
:10E3BC009B689847A368013BA360002B74D120464F
:10E3CC002368DB680DF5077DBDE8F04F1847516EEB
:10E3DC000891002968D04B68002B65D04B68002B46
:10E3EC0062D04B68126E013306924B60002A7FF4A8
:10E3FC00CBADD5E75BAFB24801F072FE60220446AC
:10E40C000021384600251FF0E1FB4FF00A09384681
:10E41C0003F0FEFAAB4938468DF8C451CDF8C891DB
:10E42C0003F0F8FD059E384606F17008414604F0ED
:10E43C007DFAA549384603F0EDFD21463B464FF4E5
:10E44C00E372284601F00CFE384602F0EFFB746EC6
:10E45C001CB16368002B40F0E380994801F040FE4A
:10E46C0060220021044638461FF0B0FB384603F00A
:10E47C00CFFA00220A23934938468DF8C4217293AF
:10E48C0003F0C8FD4146384604F050FA8F4938462F
:10E49C0003F0C0FD01203B4640F2C912214601F0B9
:10E4AC00DFFD384602F0C2FB0DF5077DBDE8F08FAD
:10E4BC00874B0F934FF45053ADF8423000230B931E
:10E4CC0017AB9EE50022032014AF0C9241F2707240
:10E4DC00CDE90D207DE54FF00008E1E60123079022
:10E4EC0088F8003008F0E4FD07982946FBF770FA2D
:10E4FC0001287FF409AF059B93F86B30002B7FF458
:10E50C0032AFD9F80040002C00F0DD8598F80030CF
:10E51C00002B00F0D18504F1440211982946F7F73D
:10E52C0043FB0123059A82F86B301CE7694A013BD7
:10E53C005BA852F8233098472EE7674A013B64A842
:10E54C0052F82330984722E7644A013B6DA852F8F1
:10E55C002330984716E7859803689B6898478598F9
:10E56C008368013B8360002B7FF407AF0368DB6893
:10E57C00984702E71390524801F0B2FD51466022D1
:10E58C00099020461FF022FB204603F041FA0A2294
:10E59C004C492046E26584F858A003F03BFD314617
:10E5AC00204604F0C3F94E49204603F033FD4146A2
:10E5BC00204603F06BFD4B49204603F02BFD1399CD
:10E5CC00204603F063FD4849204603F023FD5946DD
:10E5DC00204603F05BFD4549204603F01BFD394600
:10E5EC00204603F053FD4249204603F013FD234619
:10E5FC0009995322012001F033FD204602F016FB4D
:10E60C0055E5606803689B68984760688368013BC0
:10E61C008360002B7FF496AE0368DB68984791E625
:10E62C006368002B3FF419AF6368316E013363608C
:10E63C00002900F00C8608464FF47A71F9F73EFB7E
:10E64C0082461F48BAF1000F5CD001F049FD6022F0
:10E65C002946824638461FF0B9FA384603F0D8F9F5
:10E66C0018493846CDF8C8918DF8C45103F0D2FC46
:10E67C004146384604F05AF91E49384603F0CAFCA4
:10E68C003B46514628464FF4E97201F0E9FC384606
:10E69C0002F0CCFA204603F097F900283FF463AC63
:10E6AC00236820469B689847A368013BA360002B16
:10E6BC007FF459AC23682046DB68984753E400BFCD
:10E6CC00780C0020D40C0020301D0020601E00208F
:10E6DC008C0A64199066002098660020E46700207C
:10E6EC00EC1D00207856002004250020041E00207C
:10E6FC00201E0020C41D00206C8F0020A89100203B
:10E70C00DE2E012001F0ECFC602251460546384615
:10E71C001FF05CFA384603F07BF99B4938468DF8BC
:10E72C00C4A1CDF8C89103F075FC4146384604F0FD
:10E73C00FDF89649384603F06DFC3B4640F2CF128B
:10E74C002946012001F08CFC384602F06FFA204675
:10E75C0003F03AF900283FF4A7AE236820469B68E3
:10E76C009847A368013BA360002B7FF49DAE236800
:10E77C00204626E6059B0422294620463C332B6086
:10E78C0003F0F0F823681A7E002A00F05184531E1F
:10E79C00022B3FF695AD059E41464846F36D00931E
:10E7AC0006F1C803FDF730FF8AE5794A013B42A820
:10E7BC0052F82330984794F82030002B3FF462AD88
:10E7CC00744A013B204652F8233098475AE5013AE7
:10E7DC005BAF714B384653F822309847C0E46F4A10
:10E7EC00013B42A96DA852F82330984794F8643045
:10E7FC008DF8F431002B40F04284002384F864300F
:10E80C0011E5634A013B6DA852F823309847002369
:10E81C008DF8F43102E5624A013B214664A852F8B6
:10E82C002330984794F820308DF8B031002B40F00D
:10E83C001E84002384F82030EBE4564A013B64A884
:10E84C0052F8233098478DF8B091DDE4DFF8588109
:10E85C004046FBF713F84046C9F8008047E5059B96
:10E86C000422294620463C332B6003F07BF82368B6
:10E87C009B680E2B3FF624ADDFE813F0C6024D0269
:10E88C009D0310025D01200198004403CF01980004
:10E89C002500250098002500030303F06FF8414B79
:10E8AC000322C3F808A0C3F81CA01861CBF80030F1
:10E8BC00DA60C3E900AAC3E905AA9A4602E4036830
:10E8CC00DB689847D4E4B8F1000F00F01784D8F84F
:10E8DC0034300121D8F800009847002800F06584F6
:10E8EC002A4620A9D8F824702346D8F80000B84747
:10E8FC009DF880300027D8F8000063F307072B78C9
:10E90C0063F30F27237863F31747012363F31F6720
:10E91C00D8F828309847D8F82C30D8F80000984709
:10E92C000023C5E90087C5E90233D8F8343001214A
:10E93C00D8F800009847002800F0E4831DAA1AA913
:10E94C00D8F8000020AB0094D8F83870B847D8F845
:10E95C002830D8F8000027789847D8F82C30D8F809
:10E96C000000984701236371C4F800802771CDF82B
:10E97C00089094E80300DDE925238DE8030095E871
:10E98C000300FEF7EBF89BE4D40C0020841D002060
:10E99C00E46700209866002090660020EC67002059
:10E9AC00B0660020708F0020AC910020B8F1000FF1
:10E9BC0000F0A283D8F834300121D8F80000984731
:10E9CC00002800F09983D8F8247023462A4620A901
:10E9DC00D8F80000B8479DF880200023D8F8000034
:10E9EC0062F307032A7862F30F23227862F317434A
:10E9FC00012262F31F631F46D8F828309847D8F8D5
:10EA0C002C30D8F80000984729464846C4E90087BE
:10EA1C0000272F7002F042FA294648462F7002F068
:10EA2C003DFA294648462F7002F038FA29464846E6
:10EA3C002F7002F033FAE379002B00F0B3830DF161
:10EA4C00EA034FF0FF0807932946484685F80080F3
:10EA5C00013702F023FA3AA9484602F0F7F90DF112
:10EA6C00E901484602F0F2F90799484602F0EEF93E
:10EA7C0023680121002B00F0E1825A6B1868904743
:10EA8C00002800F0DB8220681DA92B4620AA466ACC
:10EA9C000068B0479DF88020236862712A78A271C3
:10EAAC009DF8742022719A6A186890472368DA6A74
:10EABC00186890474FF00103E371C5E7B8F1000FF8
:10EACC0000F00B83D8F834300121D8F800009847B7
:10EADC00002800F00283D8F8247023462A4620A987
:10EAEC00D8F80000B8479DF880200023D8F8000023
:10EAFC0062F307032A7862F30F23227862F3174339
:10EB0C00012262F31F631F46D8F828309847D8F8C3
:10EB1C002C30D8F8000098470023C4E90087CDF8C2
:10EB2C000090C4E9023394E80300DDE93B23FEF7CF
:10EB3C00DFF9FFF7C5BBB8F1000F00F0D482D8F8AD
:10EB4C0034300121D8F800009847002800F0CB821F
:10EB5C00D8F8247023462A4620A9D8F80000B847D4
:10EB6C009DF880300027D8F8000063F307072B7856
:10EB7C0063F30F27237863F31747012363F31F67AE
:10EB8C00D8F828309847D8F82C30D8F80000984797
:10EB9C00C4E900873F0E0CD14FF007080027294627
:10EBAC0048462F7002F07AF9B8F10108F7D1FFF757
:10EBBC0087BB3AA9484602F049F90DF1E9014846EC
:10EBCC0002F044F90DF1EA01484602F03FF92368DE
:10EBDC000121002B00F048825A6B186890470028DE
:10EBEC0000F0428220681DA92B4620AA476A0068C3
:10EBFC00B8479DF88020236862712A78A2719DF82D
:10EC0C00742022719A6A186890472368DA6A186827
:10EC1C0090474FF00103E371CBE7B8F1000F00F020
:10EC2C006482D8F834300121D8F8000098470028C5
:10EC3C0040F0E782C5E90080C5E90200D8F834301D
:10EC4C000121D8F800009847002800F052821DAA34
:10EC5C001AA9D8F8000020AB0094D8F83870B8473F
:10EC6C00D8F82830D8F8000027789847D8F82C30F6
:10EC7C00D8F80000984701236371C4F8008027710D
:10EC8C00CDF8089094E80300DDE925238DE8030016
:10EC9C0095E80300FEF71EF8FFF712BBB8F1000F62
:10ECAC0000F01982D8F834300121D8F800009847C8
:10ECBC00002800F01082D8F8247023462A4620A998
:10ECCC00D8F80000B8479DF880200023D8F8000041
:10ECDC0062F307032A7862F30F23227862F3174357
:10ECEC00012262F31F631F46D8F828309847D8F8E2
:10ECFC002C30D8F8000098470023C5E90087CDF8E0
:10ED0C000090C4E9003395E8030094E80C00FEF78A
:10ED1C009DF8FFF7D5BAB8F1000F3FF4D1AAD8F897
:10ED2C0034300121D8F80000984700283FF4C8AAD5
:10ED3C0020A9D8F8247023462A46D8F800004FF0B2
:10ED4C00000BB8479DF88030D8F82820D8F8000080
:10ED5C00079395F800A027789047D8F82C20D8F87E
:10ED6C0000009047079B5A1E5B0821464846D2B2CA
:10ED7C00FC2A98BF43F0010363F07F03237002F079
:10ED8C008DF80AF1FF334FEA5A0A2146DBB24846A6
:10ED9C00FC2B98BF4AF0010A6AF07F03237002F043
:10EDAC007DF87B1E7F082146DBB24846FC2B98BFC2
:10EDBC0047F0010767F07F03237002F06FF8012121
:10EDCC00D8F83430D8F800009847002800F05F815C
:10EDDC0020A9D8F8247023462A46D8F800000BF155
:10EDEC00010BB8479DF88030D8F82820D8F80000DF
:10EDFC00079395F800A027789047D8F82C20D8F8DE
:10EE0C0000009047079BAEE7B8F1000F00F0678158
:10EE1C00D8F834300121D8F800009847002800F0C9
:10EE2C005E81D8F8247023462A4620A9D8F8000021
:10EE3C00B8479DF880200023D8F8000062F3070340
:10EE4C002A7862F30F23227862F31743012262F3CC
:10EE5C001F631F46D8F828309847D8F82C30D8F8BC
:10EE6C00000098470023C4E90087CDF80090C4E95E
:10EE7C00023394E80300DDE93B23FEF7E1F8FFF7EA
:10EE8C001FBAB8F1000F00F04081D8F834300121DE
:10EE9C00D8F800009847002840F08D81C5E9008023
:10EEAC00C5E90200D8F834300121D8F800009847A1
:10EEBC00002800F02E811DAA1AA9D8F8000020AB5A
:10EECC000094D8F83870B847D8F82830D8F8000033
:10EEDC0027789847D8F82C30D8F8000098470123A9
:10EEEC006371C4F800802771CDF8089094E8030092
:10EEFC00DDE925238DE8030095E80300FEF746F9CC
:10EF0C00FFF7DEB9B8F1000F00F00681D8F8343005
:10EF1C000121D8F800009847002800F0FD80D8F8AF
:10EF2C00247023462A4620A9D8F80000B8479DF83B
:10EF3C0080200023D8F8000062F307032A7862F3DC
:10EF4C000F23227862F31743012262F31F631F46DB
:10EF5C00D8F828309847D8F82C30D8F800009847C3
:10EF6C0029464846C4E9008700272F7001F096FF18
:10EF7C00294648462F7001F091FF294648462F70CC
:10EF8C0001F08CFF294648462F7001F087FFE3798A
:10EF9C00002B40F0C3804FF0040A4FF000084746A6
:10EFAC0008F10108294648462F7001F077FFD0453B
:10EFBC00F6D1FFF785B9B8F1000F00F09280D8F8C0
:10EFCC0034300121D8F800009847002800F08980DF
:10EFDC00D8F8247023462A4620A9D8F80000B84750
:10EFEC009DF880200023D8F8000062F307032A78EC
:10EFFC0062F30F23227862F31743012262F31F633B
:10F00C001F46D8F828309847D8F82C30D8F800008C
:10F01C0098470023C4E90087CDF80090C4E9023377
:10F02C0094E80300DDE93B23FDF710FFFFF748B937
:10F03C0049464046FCF7AAFCFFF742B94FEA57187D
:10F04C00002308F10108E3714FEA88084FF0000A29
:10F05C00FF270AF1010A294648462F7001F01EFFCE
:10F06C00C245F6D1FFF72CB90023E37194E5894A28
:10F07C00013B204652F823309847FFF7DABB864A0B
:10F08C00013B42A852F823309847FFF7B6BB0BEB75
:10F09C004B0202F14207BF093FF412A98246804697
:10F0AC000AF1010A2146484684F8008001F0F6FE78
:10F0BC005745F5D1FFF704B9012388F8003007F064
:10F0CC00F7FFFFF728BA754C2046FAF7D7FBC9F8BB
:10F0DC000040FFF71BBA00270EE600271CE50027AF
:10F0EC00C0E6002795E7002752E5C5E90088C5E989
:10F0FC00028800231F46BFE5002785E4C5E9008888
:10F10C00C5E9028800231F462DE4C5E90088C5E93E
:10F11C00028800231F46E3E6002721E70DF1EA03EE
:10F12C004FF0FF0807932946484685F800800137C1
:10F13C0001F0B4FE3AA9484601F088FE0DF1E90150
:10F14C00484601F083FE0799484601F07FFE23688C
:10F15C000121F3B15A6B18689047D0B120681DA9F2
:10F16C002B4620AA466A0068B0479DF88020236889
:10F17C0062712A78A2719DF8742022719A6A1868BB
:10F18C0090472368DA6A186890474FF00103E371DF
:10F19C00C9E74FEA571A00230AF1010AE3714FEA53
:10F1AC008A0AFAE64FF0040850E7C5E90080C5E981
:10F1BC000200FFF7BABB2A4620A9D8F824702346D0
:10F1CC00D8F80000B8479DF880300027D8F8000028
:10F1DC0063F307072B7863F30F27237863F3174741
:10F1EC00012363F31F67D8F828309847D8F82C30E0
:10F1FC00D8F8000098470023C5E90087C5E9023319
:10F20C0050E62A4620A9D8F824702346D8F80000E6
:10F21C00B8479DF880300027D8F8000063F3070743
:10F22C002B7863F30F27237863F31747012363F3DA
:10F23C001F67D8F828309847D8F82C30D8F8000039
:10F24C0098470023C5E90087C5E90233F6E4144862
:10F25C00059100F045FF60220599054638461EF0E1
:10F26C00B5FC384602F0D4FB05993846CDF8C89168
:10F27C008DF8C4110B4902F0CDFE4146384603F01F
:10F28C0055FB0949384602F0C5FE3B4640F2C9120F
:10F29C00FFF756BA98660020E4670020AC91002076
:10F2AC00780C0020D40C0020601E002070B50446A1
:10F2BC008CB015460E461A466846214608F02CFFBF
:10F2CC00049685EAE572DDE90001A2EBE572029095
:10F2DC00ADF80C10CDE905220A0C8DF80E20DDE9F5
:10F2EC0002010B0C0A90ADF82C108DF82E30A37D7A
:10F2FC00012B18D00023ADF8203007932368002D84
:10F30C00284A4FF000001B6BACBF03216FF00201C9
:10F31C000990934220468DF8221004A93ED1FEF7A5
:10F32C0015FE0CB070BD204A0DF11F0E1378013381
:10F33C0003F0070113F0020F11704FEAC312D2B29F
:10F34C0042F0400118BF0A4613F0040F07AB42F01D
:10F35C00200118BF0A461032D1B21A7B3AB9DA70C2
:10F36C001A7001337345C9D01A7B002AF7D04FF4B9
:10F37C008070B0FBF2F2D2B2501CC0B200FB011C88
:10F38C004FEA2C2CBCF1000F01D00CF1FF3C0028F3
:10F39C0018BF104683F800C0D870E2E798470CB04D
:10F3AC0070BD00BFADAD0000DB2E012070B5044672
:10F3BC008CB00E46154668461A46214608F0ACFE3F
:10F3CC00A27D0496012ADDE90001CDE905550290E4
:10F3DC004FEA1140ADF80C108DF80E00DDE902017A
:10F3EC004FEA11430A90ADF82C108DF82E3012D044
:10F3FC000023ADF8203007932268002322492046D1
:10F40C00126B8DF822308A42099304A938D1FEF789
:10F41C009DFD0CB070BD1D4B0DF11F0C4FF4807E8B
:10F42C0019780131CA0101F0070011F0020FD2B2B4
:10F43C00187007AB42F0400018BF024611F0040FE1
:10F44C0042F0200118BF0A461032D1B21A7B3AB9E9
:10F45C00DA701A7001339C45CED01A7B002AF7D093
:10F46C00BEFBF2F2D2B2501CC0B200FB01152D1241
:10F47C0005B1013D002818BF10461D70D870E9E792
:10F48C0090470CB070BD00BFADAD0000DB2E01206D
:10F49C002DE9F04104468CB0884603F0D1FA03F014
:10F4AC008FFB2368594A5B6A934263D1A37D042284
:10F4BC0002A904A8029302F055FA049D94F8343082
:10F4CC00002B3FD0A768D4E900365A683146504B20
:10F4DC009A4258D142466846214608F01DFEA27D4C
:10F4EC000496012ADDE90001ADF80C104FEA114138
:10F4FC0002908DF80E10DDE902014FEA11430A90DB
:10F50C00ADF82C108DF82E3087EAE773A3EBE77378
:10F51C00CDE905333DD00023ADF820300793002F03
:10F52C0023683C4A4FF00001ACBF03206FF002008F
:10F53C008DF8220020461B6B099104A9934262D1DD
:10F54C00FEF704FD2368344A9B6A934217D10422C8
:10F55C0002A904A8029502F005FA049BA37503F016
:10F56C006FFA03F0ADFB03F06BFA0CB0BDE8F041A1
:10F57C0003F066BBA1682046984705469EE72946DE
:10F58C0020469847EBE7164643463A462046B04796
:10F59C00D8E722490DF11F0C0B780133DA0103F087
:10F5AC00070013F0020FD2B2087042F0400118BFEE
:10F5BC000A4613F0040F07AB42F0200118BF0A46AD
:10F5CC001032D1B21A7B3AB9DA701A7001339C45F9
:10F5DC00A5D01A7B002AF7D04FF48070B0FBF2F262
:10F5EC00D2B2501CC0B200FB011E4FEA2E2EBEF14F
:10F5FC00000F01D00EF1FF3E002818BF104683F813
:10F60C0000E0D870E2E798479CE700BFCD180000F7
:10F61C000DC10000ADAD0000E9180000DB2E01208B
:10F62C002DE9F04104468CB0884603F009FA03F04A
:10F63C00C7FA2368594A5B6A934263D1A37D0422BB
:10F64C0002A904A8029302F08DF9049D94F83430B9
:10F65C00002B3FD0A768D4E900365A683146504B8E
:10F66C009A4258D142466846214608F055FDA27D83
:10F67C000496012ADDE90001ADF80C104FEA1141A6
:10F68C0002908DF80E10DDE902014FEA11430A9049
:10F69C00ADF82C108DF82E3087EAE773A3EBE773E7
:10F6AC00CDE905333DD00023ADF820300793002F72
:10F6BC0023683C4A4FF00001ACBF03206FF00200FE
:10F6CC008DF8220020461B6B099104A9934262D14C
:10F6DC00FEF73CFC2368344A9B6A934217D1042200
:10F6EC0002A904A8029502F03DF9049BA37503F04E
:10F6FC00A7F903F0E5FA03F0A3F90CB0BDE8F0416B
:10F70C0003F09EBAA1682046984705469EE7294615
:10F71C0020469847EBE7164643463A462046B04704
:10F72C00D8E722490DF11F0C0B780133DA0103F0F5
:10F73C00070013F0020FD2B2087042F0400118BF5C
:10F74C000A4613F0040F07AB42F0200118BF0A461B
:10F75C001032D1B21A7B3AB9DA701A7001339C4567
:10F76C00A5D01A7B002AF7D04FF48070B0FBF2F2D0
:10F77C00D2B2501CC0B200FB011E4FEA2E2EBEF1BD
:10F78C00000F01D00EF1FF3E002818BF104683F881
:10F79C0000E0D870E2E798479CE700BFCD18000066
:10F7AC000DC10000ADAD0000E9180000DB2E0120FA
:10F7BC00014BFA221A6070470C8E0020024B82B06B
:10F7CC00186802B0704700BF108E0020024B4FF03B
:10F7DC000F321A60704700BF108E002010B49DF8D5
:10F7EC000800049C00FB02229DF80C0000FB033374
:10F7FC00C2F307229DF80400C3F3072300FB011199
:10F80C0093421846C1F3072128BF1046884228BFEF
:10F81C000846091A121A1B1A217005990A70DDE99B
:10F82C0006120B70107010BC704700BF0170037291
:10F83C0063B19200074B0232A3FB0212520802FB87
:10F84C0003F3B3F1553F88BF013292B202EB42028F
:10F85C0042607047ABAAAAAA70B51E46044682B095
:10F86C00D1E903359C46284608E001EB50011CF811
:10F87C0021E00CEB8101964515D3400820F00101E5
:10F88C000028F2D143B305EB450503EB85018C450C
:10F89C0003D09CF8003093420CD000232046C4E9DE
:10F8AC00003302B070BD00F1FF3E01F10C0CAEEB69
:10F8BC005000E3E7DCE9013526B9C4E90035204600
:10F8CC0002B070BD18462A460021019302F04EF892
:10F8DC00019BC4E90035F2E7BCF1000FD9D1DCE79C
:10F8EC0090F87130012B1ED0012310B5044682B064
:10F8FC000C3084F8713001F0F9FA04F1300004F1A5
:10F90C005001019001F0E0FC019801F0EFFAA268BF
:10F91C0012B9012002B010BD0021206802F026F8B7
:10F92C00012002B010BD0020704700BF303001F044
:10F93C008DBA00BF90F87130022B00F0E480436D5B
:10F94C0002222DE9F04F446B85B0066B9C4280F887
:10F95C00712000F0BE800123002E04EB440105460B
:10F96C0080F8703006EB810108BF00218E4200F058
:10F97C00CC80334600275A680C33974238BF174661
:10F98C008B42F8D107FB04F4AB68A34217D228686A
:10F99C0000232B6008B101F043F90121204601F04E
:10F9AC001FF90422009069460DEB020001F0DAFF0A
:10F9BC00019B28682B6008B101F032F92E6BAC600A
:10F9CC00002E6FD06B6BB646B0464FF0000903EBC0
:10F9DC004303CA460EEB8303984563D0E9682E684F
:10F9EC008C46286998F800404E44024608E003EB28
:10F9FC0052031CF823B00CEB8303A34556D35208D7
:10FA0C0022F00103002AF2D100295DD000EB400066
:10FA1C0001EB8000604503D09CF80030A34255D028
:10FA2C00ACEB01013A4B01AA05F10C0089108DF8E1
:10FA3C00044003FB01F1CDE902AA01F03BFBD5E93F
:10FA4C0003131A468C4608E000EB52001CF820E029
:10FA5C000CEB8000A64530D3520822F00100002A9E
:10FA6C00F2D103EB430301EB8303914208BF0B4636
:10FA7C00634504D09CF80020A24218BF9C460CF1B0
:10FA8C00040CD5F830E0B94408F10C08CCE9006757
:10FA9C00BEF1000FA3D06B6B03EB43030EEB8303A0
:10FAAC0098459BD1012005B0BDE8F08F02F1FF3BDA
:10FABC0003F10C0CABEB5202A2E702F1FF3E00F19A
:10FACC000C0CAEEB5202C8E70846A3E70CF1040C91
:10FADC00D9E7B4B13246036D002117781D78AF42D7
:10FAEC007FF439AF57685D68AF427FF434AF177A53
:10FAFC001D7AAF427FF42FAF01310C320C338C42A4
:10FB0C00EBD1002328E70020704700273C4656E73E
:10FB1C00ABAAAAAA00B5D0E90C3E0020002B0EEB34
:10FB2C004E0C03EB8C0C08BF4FF0000C634506D059
:10FB3C0059680C33884238BF08466345F8D100FB3E
:10FB4C000EF000BD10B51C464FF0000CD0E90C03B4
:10FB5C00002803EB430E0B6000EB8E0E08BF4FF03A
:10FB6C00000E704506D043680C309C4538BF9C464F
:10FB7C007045F8D1C2F800C00A680CFB02F2226092
:10FB8C0010BD00BF9DF8000000FB01119DF80400A2
:10FB9C0000FB02229DF80800091200FB033312122D
:10FBAC00DDE9030CC3F3072301708CF80020059AE0
:10FBBC00069913709CF800200078934228BF1346D6
:10FBCC00834228BF03460B70704700BF10B49DF8EA
:10FBDC000400049C00FB01119DF8080000FB0222AC
:10FBEC009DF80C00091200FB0333121205982170CA
:10FBFC001B1202700021DDE906020370117010BCAB
:10FC0C00704700BF10B49DF8080000FB02229DF85D
:10FC1C000C0000FB0333C2F307229DF80400C3F36E
:10FC2C00072300FB0111079893429C46C1F307215F
:10FC3C0028BF94468C4528BF8C46BCF1540F11D874
:10FC4C00A1EB0C01A2EB0C02A3EB0C030CEB4C0C88
:10FC5C00049C217005990A70069A137080F800C0F4
:10FC6C0010BC70475439543A543B4FF0FF0CEFE73B
:10FC7C002DE9F04FDFF858E09B469DF82440DEF864
:10FC8C0000C09DF828509DF82C60DDE90C78DDE96A
:10FC9C000E9ABCF1000F10D0DCF800E0BEF1000FA2
:10FCAC0010D05B46F4460994CDE90E9ACDE90C7858
:10FCBC00CDE90A56BDE8F04F6047044BC3F800C0CD
:10FCCC00CEF80030DFF80CE0EBE700BF80900020AE
:10FCDC007C9000203DC600002DE9F04F1C46274BC0
:10FCEC0099B00E461F7815469DF888A09DF88C801B
:10FCFC009DF8909007B308FB0555259A09FB044421
:10FD0C00C5F307250AFB0666C4F307242B46C6F386
:10FD1C000726A54228BF2346B34228BF3346F61A0E
:10FD2C00ED1AE41A1670269A1570279A1470289AF0
:10FD3C00137019B0BDE8F08F012211481A7000F051
:10FD4C00CFF960223946834668461DF03FFF68466E
:10FD5C0001F05EFE0A230B49684617938DF8587024
:10FD6C0002F058F938466B46594640F2092200F029
:10FD7C0077F9684600F05AFFBDE700BFDF2E01207F
:10FD8C00241F0020781F00202DE9F04F1C46274B24
:10FD9C0099B00E461F7815469DF888A09DF88C806A
:10FDAC009DF8909007B308FB0555259A09FB044470
:10FDBC00C5F307250AFB0666C4F307242B46C6F3D6
:10FDCC000726A54228BF2346B34228BF3346F61A5E
:10FDDC00ED1AE41A1670269A1570279A1470289A40
:10FDEC00137019B0BDE8F08F012211481A7000F0A1
:10FDFC0077F960223946834668461DF0E7FE68466F
:10FE0C0001F006FE0A230B49684617938DF85870CB
:10FE1C0002F000F938466B4659464FF4057200F073
:10FE2C001FF9684600F002FFBDE700BFE12E01207C
:10FE3C00241F00203420002000B59DF804C00328A6
:10FE4C0019D8DFE800F0130F050260469C46034604
:10FE5C000298017003990A70049A82F800C0059AFE
:10FE6C00137000BD104662468446F1E708466146B1
:10FE7C0094460246ECE79C460023E9E730B5C0F314
:10FE8C00021585B000F007009DF820E00DF1080C7C
:10FE9C008DF8041000218DF806300DEB05039DF84C
:10FEAC00244083F808E00DEB00038DF805200A468A
:10FEBC001C72CBB202F11004013102F1010E9D4211
:10FECC006C4407D0984205D014F80C3C5FFA8EF2C3
:10FEDC008CF8003005290CF1010CEAD19DF80830A2
:10FEEC000A9A0C9913709DF809300B9A13709DF8AF
:10FEFC000A309DF80B200B700D999DF80C300A7090
:10FF0C000E9A137005B030BD2DE9F04FDFF864E0A8
:10FF1C009DF82490DEF800C09DF828A09DF82CB028
:10FF2C00109CDDE90C85DDE90E67BCF1000F10D0EB
:10FF3C00DCF800E0BEF1000F10D0F446CDE90F74F0
:10FF4C00CDE90D56CDE90BB8CDE9099ABDE8F04FD6
:10FF5C006047074BC3F800C0CEF80030002388F888
:10FF6C0000302B7033703B702370BDE8F08F00BFF6
:10FF7C008890002084900020194B30B51C7899B0E3
:10FF8C0064B100231F9A1370209A1370219A137076
:10FF9C00229A1370239A137019B030BD01221148A4
:10FFAC001A7000F09DF860222146054668461DF047
:10FFBC000DFE684601F02CFD0A230B496846179389
:10FFCC008DF8584002F026F820466B4629464FF42F
:10FFDC00BB7200F045F8684600F028FED1E700BF80
:10FFEC00E02E0120F42000204C210020194B30B5CC
:04FFFC001C7899B024
:02000004600199
:1000000064B100231F9A1370209A1370219A137001
:10001000229A1370239A137019B030BD012211482F
:100020001A7000F063F860222146054668461DF00C
:10003000D3FD684601F0F2FC0A230B49684617938A
:100040008DF8584001F0ECFF20466B4629464FF4EE
:10005000C27200F00BF8684600F0EEFDD1E700BF79
:10006000E22E0120F4200020CC210020F0B50D4626
:1000700097B016461C4678B301282BD1174F21465E
:10008000684602F017FC0021204600F005FE1DB175
:100090002946204601F0C4FF1149204601F0C0FF67
:1000A0003146204601F0CCFF3946204601F0B8FF2A
:1000B000684602F041FB18B10146204601F0B0FF4E
:1000C000204602F039FB01F043FC684600F0B4FD25
:1000D00017B0F0BD034FD2E7034FD0E73422002022
:1000E000001E0020402200202822002000B50178B8
:1000F000864621B3034673294FF0000C184613F8C7
:10010000012F0BD02F2901D05C2900D1844682B168
:100110001146184613F8012F7329F3D1722AF6D12C
:1001200059786329F4D199782F2901D05C29EFD12E
:1001300000BDBCF1000F02D00CF1010000BD704603
:1001400000BD00BF4B6810B454689C4228BF1C46D9
:10015000002C10DD0B68116804EB030C5A1E0239E9
:100160000CF1FF3C12F8013F2033624530F81330A8
:1001700021F8023FF6D110BC704700BF704700BFA6
:1001800003685B68184700BF034B10B50446036063
:1001900001F016FC204610BDC462002000B583B0FB
:1001A00040224FF41071019016F08AFE019803B0BE
:1001B00000BD00BF054B10B50446036001F000FC14
:1001C000204601F0D3FB204610BD00BFC4620020D2
:1001D00090F8803203B9704700B585B000F1400C4B
:1001E000042203A9019002A8CDF80CC001F0C0FBC5
:1001F00002980268126890470022019B83F88022CF
:1002000005B000BD00EB002300EB0320704700BFEA
:1002100001807047704700BF53682DE9F0414D6879
:1002200082B09D4228BF1D46002D27DD0F6816466F
:100230008046BA1EC7F1020702EB4505BC1832F82A
:10024000020FFFF7E7FFC0F30F235FFA80FE01A85C
:1002500008EB430CFF2BBCF8401007D0BCF8423031
:100260005B1A0EFB03F301EB232189B2FFF7D0FFEA
:10027000BDF80410336895421953DFD102B0BDE8D0
:10028000F08100BF89B2081AB0FA80F040097047C7
:10029000704700BF536870B54D689D4228BF1D462A
:1002A000002D20DD0968064614680239023C01EB86
:1002B000450531F8020FFFF7ADFF5FFA80FCC0F390
:1002C0000F2006EB4002FF28B2F8403007D0B2F80A
:1002D0004220D21A0CFB02F203EB22239BB2A9426A
:1002E00024F8023FE5D170BD0246406878B18368CA
:1002F000013B83605BB943684BB9036800B583B0C9
:10030000DB6801929847019A104603B000BD104681
:10031000704700BFBEEEC40A80ED000A704700BF00
:10032000B0F5803F034601D3030C103113F47F4F27
:1003300001F1080014BF1B0A084613F0F00F00F18A
:10034000040101D01B09F1E713F00C0F00F10201C9
:1003500001D09B08EAE79B0748BF0130704700BF08
:10036000DFED047A20EE270ABCEEC00A10EE103A48
:1003700003807047000080452DE9F04F834685B02B
:10038000804B00275E4603A8CBF80030012426F8F6
:10039000407FFFF7BFFFDDF80C90CDF804B0B9FA4D
:1003A00089F84FEA5818CCE0BAF1807F00F0D3808A
:1003B000B8F1000F40F0CF80734B5344022B40F252
:1003C000CA804146FFF7ACFF1728A0F1180240F39E
:1003D000C5802AFA02F000F17F406C4BC1176C4DCA
:1003E00080FB033C1B0E43EA0C234FEA2C6C5B1989
:1003F000A5F188754CF1000E03FB01FCA5F54075D5
:1004000000FB0ECCA3FB003EF4441B0E43EA0C237E
:100410004FEA2C6C5B1905F109756CF1000E03FBBA
:1004200001FC05F5746500FB0ECCA3FB003EF44413
:100430001B0E43EA0C234FEA2C6C5B194CF1000CA9
:1004400003FB01F100FB0C11A3FB003001441B0E68
:1004500043EA012303EB026383FB09321B0E43EAE9
:100460000223B3F1E06F4FEA23627EDA12F1180F34
:100470006FDB002A23F07F437EDB4FF080709040DB
:100480004FF45132434DD917DFF814A183FB022BEF
:100490004FEAE07C120E42EA0B224FEA2B6B521914
:1004A0003D4D4BF1000B02FB01FE03FB0BEEA2FBEB
:1004B000032BF344120E42EA0B224FEA2B6B12EB92
:1004C0000A0202FB01FE4BF1000BA2FB032A03FB15
:1004D0000BEE120ED64442EA0E224FEA2E6E52194D
:1004E0004EF1000E02FB01F103FB0E11A2FB0323F0
:1004F0001944130E43EA0123091613F1807303FB19
:100500000CF241F1000100FB0122A3FB0030024488
:10051000180E40EA02204FF6FF724FF400033946EE
:10052000FFF7B6FE01340236E0FB02311B0E43EA50
:100530000123B3F5803F28BF1346B4F5807F338095
:1005400016D016492046FFF75DFEB0F1000A3FF7CE
:100550002BAF0020DFE74FF08070DCE7C0F1180020
:100560000AFA00F000F17F4037E76FF00040D2E771
:10057000019805B0BDE8F08F52424FF080701041F5
:100580007EE700BF6C600020020000FF00B6E4FFC1
:10059000000D5D0000A90D004073B10001010100D4
:1005A000009F3D00B5EEC00A70B5F1EE10FA0446AA
:1005B0002DED028B86B000F1B6809FED948AB4EEEB
:1005C000C80AF1EE10FA38FE008AB0EE480A03A815
:1005D000FFF7C6FE42F6CC41BDF80C00FFF752FE15
:1005E000002848D08A4B8B4D1A68D10740F1D08043
:1005F000686818B14368002B40F0988000224FF4DF
:1006000030714020C4E9002201F0ACF90121002240
:100610000090416080F8802200F1400281607E49B4
:10062000016005A9059204A8042201F0A1F9049B28
:100630007A494FF4007218461E4640F8401B78492C
:1006400016F09CFB4FF00102009B686883F8802243
:1006500048B18268013A82602AB942681AB90268D0
:10066000D2689047009B9A680132C5E900639A609E
:10067000C4E9006352E06B4B6B4D1A68D20775D525
:100680006A4B1B78002B00F08180694BBDF80C0091
:1006900019881E46FFF7F6FD002840F089804FF4C8
:1006A0003071402001F05EF9012205A901904260FD
:1006B0008260594A0260002280F8802200F14002E4
:1006C00004A80592042201F053F9049AB0EE480AF6
:1006D00010460092FFF750FE4FF00102019BBDF85B
:1006E0000C10686883F880223180009A60B18168BC
:1006F0000139816041B9416831B90168CDE9003201
:10070000C9688847DDE9003299680131C5E90023ED
:1007100099600121C4E90023444B1970204606B0BA
:10072000BDEC028B70BD9FED438A4EE74368002B02
:100730003FF464AF43682A6801334360C4E9002092
:10074000002AEBD101F046F900283FF457AF60686A
:1007500003689B68984760688368013B8360002B4F
:100760007FF44CAF0368DB68984747E7002000211F
:10077000314AC5E900010121284619602F4917F0C7
:1007800021FF2A4B1B78002B7FF47FAF284E86E792
:1007900000200021284AC5E90001012128461960EE
:1007A000264917F00FFF686800287FF423AF25E77C
:1007B0006B68002B3FF473AF5A68002A3FF46FAFA9
:1007C0005A68002A3FF46BAF5A6801325A602A68AF
:1007D00012B1C4E90023A1E71846009301F0FAF82A
:1007E000009B00283FF45BAF1A681846009392689C
:1007F0009047009B9A68013A9A60002A7FF44FAFB5
:100800001A681846D368984749E700BFFAFE7F4147
:1008100044890020D8880020C46200206C60002039
:100820008004002040890020D0880020E42E012090
:10083000988F0020000000008C7B00203DD100003C
:100840000023044A03604260C0E90233C0E9043374
:10085000704700BF000080BF10B50446406910B16A
:1008600001F0B8F890B9E06870B101F0B3F858B190
:10087000E06803689B689847E0688368013B836091
:1008800013B90368DB689847204610BD60690368A8
:100890009B68984760698368013B8360002BE2D1C5
:1008A0000368DB689847DEE70069704738B503786E
:1008B0000446032B41D8DFE803F029191002108801
:1008C000B4F802C00B88E2680CFB0033926832F87F
:1008D0001300A38A184480B238BDA568138808881D
:1008E00062883DB31946A388A847F2E71088A2881A
:1008F0000B88B4F802C0B0FBF2F102FB1100B3FBAD
:10090000FCF20CFB123310FB0C30E2E760880B8822
:100910001288B3FBF0F100FB1133A188B2FBF1FCAC
:1009200001FB1C2291B2D20744BF0131DB4310FB13
:100930000130CEE713FB0200CBE7002038BD00BF3B
:10094000408870478088704700207047014B0846F8
:100950001B68184780790020401AB0FA80F04009DF
:10096000704700BF704700BF704700BF704700BFAF
:10097000704700BF704700BF704700BF10B400232E
:10098000D1E90042C1E900330460426010BC704705
:100990000B680360704700BF034603C983E8030088
:1009A000704700BF704700BF03685B68184700BF0F
:1009B00000B583B001901AF07DFC019803B000BD32
:1009C0000A4B084600B583B01B680191984701990E
:1009D000034641B138B10A46B0FA80F101904909A5
:1009E0001DF0FAF8019B184603B000BD7C79002089
:1009F00000B583B00421019016F060FA019803B0AD
:100A000000BD00BF00B583B00421019016F056FA76
:100A1000019803B000BD00BF10B582B0084619466A
:100A2000144601931AF03CFF034610B10199A1420C
:100A300002D8184602B010BD0A1B204400210193C1
:100A40001DF0CAF8019B184602B010BD037E03B921
:100A5000704700B5034683B0C06801931AF02AFCC2
:100A60000022019B1A7603B000BD00BF28B1436885
:100A7000013302D043680133436070471AF012BC5F
:100A80001AF018BCF0B50D46012783B006461C20AD
:100A90001AF008FCEA190C4B0446476003608760B3
:100AA000104601921AF0FEFB019A03462776626116
:100AB00004F10C02C4E90305C6E900243046002213
:100AC0005A5503B0F0BD00BFF46200200C4B08463D
:100AD00000B583B01B68019198470199034601B1A5
:100AE00010B9184603B000BD0A46B0FA80F1019073
:100AF00049091DF071F8019B184603B000BD00BF05
:100B00007C7900202DE9F041064682B01C20154674
:100B100088461AF0C7FB01236A1C07460446436057
:100B2000836010460D4B019247F80C3B1AF0BAFB5C
:100B3000019A0346E060C4E904522DB141462A46B9
:100B4000019016F01BF9019B002230465A550123F3
:100B5000C6E90074237602B0BDE8F081F46200209B
:100B6000D1E900132BB15A68013202D05A68013220
:100B70005A60027A22B90122C0E90013027270475A
:100B8000DFF824C0013A00B585B05CF82220CDE939
:100B900002130190904701980122DDE902130272CD
:100BA000C0E9001305B000BD246800204368CBB144
:100BB0005A68013216D05A68013A5A6092B91968D7
:100BC00000B583B0019018468B689847019A506829
:100BD0008368013B836033B90368DB6803B05DF869
:100BE00004EB1847704703B000BD00BF0E4B10B5B3
:100BF00082B01B680446019198470199034600287A
:100C00000CBF002101F0010119B1B4FA84F14909C6
:100C100014B9184602B010BD224601901CF0DCFF4A
:100C2000019B184602B010BD7C790020014B1B6867
:100C3000184700BF80790020027D034602B9704743
:100C40000649013A0C3051F8222000B583B00193D7
:100C50009047019B184603B000BD00BF24680020E8
:100C6000027D12B9036818447047013A002300B5A9
:100C7000022A83B0CDE9000302DD184603B000BDAF
:100C8000044B69460C3053F822309847019803B062
:100C900000BD00BF3C6800200346002000B51A7D5F
:100CA00083B09860901E01280ED80D49013A03F1D7
:100CB0000C00019351F822209047019B00221968F3
:100CC0001A755A5403B000BD012A01D10029ECD194
:100CD0001846FFF7C5FF0023037003B000BD00BF37
:100CE000246800202DE9F0411746C26890B0044600
:100CF000402A0E4604D8002A2DD110B0BDE8F0815C
:100D00000069114603689B689847E268054652B936
:100D1000002DF2D02946D4E903200368DB68984708
:100D200010B0BDE8F081314616F028F8E268002ADC
:100D3000EED04FF001083046394616F01FF8E26851
:100D40001AB13846294616F019F8B8F1000FD4D078
:100D5000002DDFD1D1E7684616F010F8E268002ACE
:100D6000CBD06D464FF00008E5E700BFC36970B512
:100D70000D4682B0044601681BB183690344994261
:100D800003D011B16369002B37D0E16805FB01F195
:100D900000292BD0206903689B689847034628B335
:100DA000626882B12168F9B1D4F814C0BCF1000FB7
:100DB00035D0DCF814300190984762696168926917
:100DC00020689047019BE26921688AB961B1D4F833
:100DD0000CC02069A268019302FB0CF2D0F800C09D
:100DE000DCF80C309847019B2360A56002B070BD11
:100DF000A26922449142E9D1F6E7D4E90330A2681E
:100E0000D0F800C003FB02F205FB03F3CBB1DCF822
:100E10001060B0470028B8D02060A560E6E7D4F89D
:100E20000CC00CFB02F23AB9E269002AD1D0A269E7
:100E300022449142CDD1D7E7019015F09FFF019B4D
:100E4000C1E7DCF80C3098479FE700BF83688B420E
:100E500000D37047FFF78ABF38B543680D468268F4
:100E60000446591C914209D902EB420252089142B0
:100E700038BF1146FFF77AFFD4E9013293420BD213
:100E8000E2682068616903FB020031B10B68294602
:100E9000984763680133636038BD002AFAD0294659
:100EA00015F06CFF6368F5E738B543680D46826856
:100EB0000446591C914209D902EB42025208914260
:100EC00038BF1146FFF752FFD4E9013293420BD2EB
:100ED000E2682068616903FB020031B14B68294672
:100EE000984763680133636038BD002AFAD0294609
:100EF00015F044FF6368F5E70346006868B1596878
:100F000059B15A694AB1926900B583B001939047CB
:100F1000019B00225A6003B000BD00225A60704756
:100F2000002A3BD02DE9F84343680D468B4233D964
:100F300056185F1A90460446B34241692FD251B306
:100F4000B8464FF000097E192F4600E06169E0685D
:100F500023688A6800FB073001379047BE42F5D10D
:100F6000B9F1000F14D04F462F442368E06862693E
:100F700000FB063605FB00305368314601359847C3
:100F80006369304608EB05069B689847AF42ECD191
:100F90006568A5EB08056560BDE8F8837047A7EBB9
:100FA00002090029D0D1B9F1000F03D0C06800FBBD
:100FB00009F212B9A3EB0805EDE7236800FB06313F
:100FC00000FB05301CF076FDE2E700BF43688B4272
:100FD00000D870470122FFF7A3BF00BF2DE9F04101
:100FE000D0E901630F460446711C9046994240D8EF
:100FF00035469D423BD2BE42E268636928BF3E4609
:1010000021681046002B3FD0AE4228D202FB05F0EB
:101010005B68821A0844114498476568013DB542EF
:1010200013D92268E068636900FB05209B68984734
:10103000E368216805FB03F06269013DC31A526849
:10104000084419449047B542EBD82368E06800FB98
:10105000063063699B68984763692168E06800FB14
:1010600006101B6841469847636801336360BDE81A
:10107000F08103EB43035B08994238BF1946FFF741
:1010800075FED4E90153B4E7AE4202FB061303D266
:10109000AD1B02FB05F535B9002AE5D041461846DF
:1010A00015F06CFEE0E702FB06202A4608441946CC
:1010B0001CF000FDE268236802FB0633ECE700BF8A
:1010C0002DE9F041D0E901630F460446711C9046BA
:1010D000994240D835469D423BD2BE42E2686369A0
:1010E00028BF3E4621681046002B3FD0AE4228D292
:1010F00002FB05F05B68821A084411449847656852
:10110000013DB54213D92268E068636900FB052000
:101110009B689847E368216805FB03F06269013D1D
:10112000C31A5268084419449047B542EBD8236863
:10113000E06800FB063063699B6898476369216833
:10114000E06800FB06105B6841469847636801331E
:101150006360BDE8F08103EB43035B08994238BF4D
:101160001946FFF703FED4E90153B4E7AE4202FB90
:10117000061303D2AD1B02FB05F535B9002AE5D0F5
:101180004146184615F0FAFDE0E702FB06202A4624
:10119000084419461CF08EFCE268236802FB063303
:1011A000ECE700BFF8B545688D4212D004460E4604
:1011B00010D9436963B10D4600E06369E0682268B5
:1011C0009B6800FB0520013598476368AB42F4D863
:1011D0006660F8BD81688E4214D86169F9B1C9684A
:1011E000E9B1AE42F4D9771E01E06369D968E068DD
:1011F000236800FB05308847AF4205F10105F4D1B3
:101200006660E6E701EB41014908B14238BF31466B
:10121000FFF7ACFDA368B342DBD36568DDE7E368A5
:10122000721B03FB02F2002AD2D0206805FB0300E8
:101230001CF0D2FCCCE700BF2DE9F04145688D429F
:1012400013D0044617460E4611D9436963B10D46C3
:1012500000E06369E06822689B6800FB05200135B7
:1012600098476368AB42F4D86660BDE8F081816856
:101270008E4213D86369F3B1AE4201D8F4E76369D3
:10128000E068394622681B6800FB05209847731EFA
:10129000AB4205F10105F2D16660E6E701EB4101E1
:1012A0004908B14238BF3146FFF760FDA368B34239
:1012B000DBD36568DEE7AE42D6D9E3681A462BB1C8
:1012C0002068394605FB030015F058FD0135AE4294
:1012D000F3D1C9E72DE9F0410D46C1690446EE6935
:1012E000E1B92A6886B921682260A3682960D5E936
:1012F0000102A2606268AB60236960606A602A696B
:1013000022612B61BDE8F081AB692B449A42EAD19E
:10131000324623460E462C4611461D46A2692368D6
:1013200022449342DDD161682F680A46CEB1A86994
:101330002844B84233D08E42D5F8088013D363696D
:10134000AE602860F3B15B69216898476369D4E9AE
:1013500000019B699847626868682760C4F8088044
:10136000CAE7D5F80880E06800FB01F100296ED0DB
:10137000286903689B689847626863692860AA6067
:10138000002BE0D1002AE7D0E36802FB03F3002B37
:10139000E2D01A46216815F0F1FC6268DCE76A6861
:1013A00052EA010055D08A424FF0000638BF0A4683
:1013B000904612E0002A30D0536839469847E868D2
:1013C0002B6800FB063063699B68984761680136AB
:1013D0000A46464517D22F682368E868B142D4F818
:1013E0000CC000FB067762690CFB0630E2D96B6823
:1013F000B3420AD922B30136136939469847616866
:1014000046450A46E7D3686876E77AB153680146ED
:1014100038469847E0682368D3E7BCF1000FD6D080
:101420003946624615F0AAFC6168D0E7BCF1000FAE
:10143000CDD001466246384615F0A0FC6168C6E78B
:1014400001463A462046FFF74DFC6168BFE7084673
:1014500093E7024650E700BFF8B5044600680E4621
:1014600028B1616819B163690BB19B699847002382
:1014700063607168B1B1A368994214D86369F3B12C
:10148000002500E063693168E0682268F76800FBC6
:1014900005201B6807FB05110135984771688D42CF
:1014A000F0D36160F8BD2046FFF760FC7168A36867
:1014B0008B42F7D3636913B10029E1D1F1E7E26808
:1014C00001FB02F2002AECD03168206815F056FCCE
:1014D0007168E6E70B46C96930B5044683B0D3E9C5
:1014E00000EC69B99A68C0F800E0C0E901C2186967
:1014F0000A4620611A60002299605A6003B030BD2C
:101500009A691A44964505D0C0E900EC9868A06035
:101510001869EEE78268944512D86269C2B15569CC
:101520006246196820680193A847019BD3F804C05C
:101530001A69C4F804C0226100225A6003B030BDA9
:1015400061460193FFF712FC019BD3F804C0E4E766
:10155000BCF1000FECD0E26802FB0CF2002AE7D0ED
:1015600019682068019315F009FC019BD3F804C0A9
:10157000DEE700BF884233D00268034630B50D462F
:1015800083B0F2B1416800292BD1C16900293FD154
:10159000186911460193D0F800C0D3E90242DCF883
:1015A0000C3004FB02F29847019B0022D9691A60B3
:1015B0009A6051B92946184603B0BDE83040FFF79C
:1015C00089BFC16942600029F4D098691844186045
:1015D00018469960294603B0BDE83040FFF77ABF4E
:1015E0007047406980B10193836910469847019B19
:1015F0000020D9691A68586079B1986918449042F6
:10160000E5D0002AC4D1E2E7D96958600029BFD0EB
:10161000986918448242BBD1D9E7002AB8D1C9E7FA
:101620000346006800282DD0596800B583B009B37F
:101630005A694AB3926901939047019B0021DA6984
:10164000186859601AB19A691A4490420FD070B163
:10165000D3F810C00193D3E9022101FB02F2014645
:101660006046DCF800C0DCF80C309847019B184657
:1016700003B000BDDA69002AEAD09A691A449042A0
:10168000E6D1F4E718467047D9695A600029F4D1C9
:10169000DEE700BFF0B5C70F0E4685B001460A2A47
:1016A00014BF002707F0010707B141426C4691B310
:1016B000B1FBF2F002FB101E82BBBEF1090F0DF16F
:1016C000010C22DD0EF1570E63468DF800E030224A
:1016D00003E00CF1010C1A706346A342F9D0181B09
:1016E0001FB12D22013006F8012BA34209D9324641
:1016F00013F801EDA34202F801EBF9D1ACEB0303BF
:101700001E440023337005B0F0BD0EF1300E634669
:101710008DF800E0DBE7EC466B46D8E7EC466B461D
:101720000BE00CF1010C8A421D700146634619D88A
:10173000B0FBF2F502FB150E2846BEF1090F0EF1C3
:101740005705EEDC0EF1300E0CF1010C8A4283F8E5
:1017500000E06346BBD80146B0FBF2F502FB150E74
:101760002846EAE76346B2E72DE9F04F1C46CB0F67
:101770008FB00D460A2C14BF002303F00103074667
:101780000492059313B1474261EB410557EA050303
:101790000DF118083ED04FEAE47B22463846294630
:1017A0005B4618F063FB16460092B4BB092A0DF1A4
:1017B00019092ADD5732CA468DF81820302204E074
:1017C00009F101098AF80020CA46C245F8D0059BF4
:1017D000AAEB08002BB1049A2D24013002F8014B2A
:1017E0000492C2450BD9049A1AF8013DC24502F889
:1017F000013BF9D1049AA9EB0A031A44049200238D
:10180000049A13700FB0BDE8F08F3032CA468DF8DD
:101810001820D3E7C146C246D0E7C146C24601956B
:1018200010E0A742019D09F101098AF800C075EB9B
:101830000B052BD318F01AFBCA4616460092DDE9B9
:101840000273019322465B463846019918F00EFB5D
:10185000009D06F1570C2246092D5B46CDE9020199
:10186000DFDCA742019B09F1010906F1300673EBA9
:101870000B058AF80060CA46A0D35B4618F0F6FA5A
:1018800016460092DDE902730193DBE7CA4695E74D
:1018900070B584B00D466C4668B3B0FBF2F102FB44
:1018A000110E5ABBBEF1090F0DF1010C1DDD0EF139
:1018B000570E63468DF800E0302203E00CF1010C76
:1018C0001A706346A342F9D0A3EB040009D92A4653
:1018D00013F801EDA34202F801EBF9D1EB1A03EB87
:1018E0000C0500232B7004B070BD0EF1300E634662
:1018F0008DF800E0E0E7EC466B46DDE7EC466B4632
:101900000BE00CF1010C82421E700846634619D8A8
:10191000B1FBF2F602FB161E3146BEF1090F0EF1C5
:101920005706EEDC0EF1300E0CF1010C824283F80A
:1019300000E06346C0D80846B1FBF2F602FB161E73
:101940003146EAE76346B7E703F0D0BB03F0D4BB08
:1019500010B1034B1B7803B9704704F09FBE00BF62
:101960006F7E0020084619F09DBC00BF19F0A2BC94
:1019700002B9704715F002BA02B970471CF02CB9D1
:1019800019F090BC19F096BC044B1A68D20701D527
:1019900003487047012202481A6070473C890020C2
:1019A000787B0020044B1A68D20701D503487047A2
:1019B000012202481A607047F8880020B47900209C
:1019C000704700BF4368013302D04368013343606E
:1019D000704700BF4268013206D04268013A426057
:1019E000B2FA82F0400970470020704738B54022B3
:1019F0000446002318200D462375194684E80D007F
:101A000020181CF0E9F835B128461CF08FFE02239F
:101A1000C4E902052375204638BD00BF10B500217A
:101A20000446182340228160C0E900321844217521
:101A30001CF0D2F8204610BD70B5044682B00846AE
:101A40000E461CF073FE013019F02CFC05463046A2
:101A500025601CF06BFE431C0246C4E9010328B15B
:101A600001903146284615F089F9019A0023204655
:101A7000AB5402B070BD00BFF0B5561C054614460D
:101A800083B030460F4619F00DFC03462860C5E9C7
:101A900001462CB139462246019015F06FF9019BA1
:101AA000002228461A5503B0F0BD00BF10B5836868
:101AB0004C1C82B0D0F800C09C4205D80023416085
:101AC0000CF8013002B010BDCDE90001214660469E
:101AD00019F0E6FE0021DDE90032C3E900029C6056
:101AE000815402B010BD00BF03464068D8B14268BF
:101AF000013218D04268013A4260A2B9026800B5CA
:101B000083B0926801939047019B58688268013ABC
:101B100082601AB90268D2689047019B0022C3E92B
:101B2000002203B000BD0022C3E90022704700BFBD
:101B3000037D032B20D8DFE803F01B050202C368F6
:101B40001846704700B585B0D0E90323CDE90223DC
:101B50002BB15968013102D05968013159601368BD
:101B600002A80193FFF7C0FF019B184605B000BD16
:101B70000368034418467047004BE1E790340020A7
:101B8000037A23B1024A013B52F8233018477047C9
:101B90002468002010B5037D86B00446012B03D1D4
:101BA00004F10C0006B010BD1C2019F07BFB0346AD
:101BB000012122481A4601935960996042F80C0BA2
:101BC0000846009219F06EFB019B4FF0000C009A42
:101BD000012180F800C0D8605868197601309FED67
:101BE000157BCDE90223CDE9042383ED047B02D0EC
:101BF000596801315960217DA9B94FF0010C0021CC
:101C0000002084F814C0CDE90401C4E9032304A82A
:101C1000FFF76AFF02A8FFF767FF237D012BBFD004
:101C2000002006B010BD04F10C00FFF7A9FFDDE9AC
:101C30000423E2E70000000001000000F46200203D
:101C40002DE9F04385681746037D8BB015440446A3
:101C50009A1E0091012A1FD8FFF76AFFA268034667
:101C6000691C60681646002B18BF002A14BF0122A9
:101C7000002281422AD8002A40F0CA802068002F22
:101C800065D1204400264655237D002B6CD1A560EC
:101C900028460BB0BDE8F083012B00F0C0806B1C20
:101CA0006268934266D820683FB1A3683A460099BB
:101CB0001844204415F062F8206820440023A560F1
:101CC0004355A56828460BB0BDE8F083294608A80F
:101CD000CDE90223FEF7D6FE089B099801930693EF
:101CE00081460790FEF7C2FE08A8FFF7FDFEDDE97A
:101CF0000223002A40F0FB80019B4846CDE90839C9
:101D0000FEF7B4FE37B13A46DDE9001318683044F7
:101D100015F034F808A8FFF7E7FE019948460022BD
:101D2000CDE90819FEF7A2FE0B6808A85A55FFF77F
:101D3000DBFE04F10C0006A9FEF712FF06A8A56061
:101D4000FFF7D2FEA56828460BB0BDE8F08330440B
:101D50003A4600990026204415F010F820682044E7
:101D60004655237D002B92D004F10C00FFF708FFAD
:101D700026758CE70DF1200829464046FEF782FEC5
:101D8000099A089B10461646079201930693FEF7A0
:101D90006DFE4046FFF7A8FE019B3046CDE90836B0
:101DA000FEF764FEA2682AB12168019B21441868ED
:101DB00014F0E4FF4046FFF797FE019B3046CDE963
:101DC0000836FEF753FE3FB13A46DDE900131868C6
:101DD000A368184414F0D2FF4046FFF785FE01992E
:101DE00030460022CDE90816FEF740FE0B6840465B
:101DF0005A55FFF779FE04F10C0006A9FEF7B0FE74
:101E000006A8A560FFF770FE28460BB0BDE8F0837A
:101E1000206819463246204414F0B0FF2EE7FFF741
:101E2000B9FE4368002B73D05A68013270D05B68EA
:101E3000012B6DDD237D012B7FF431AF0DF12008E7
:101E400029464046FEF71EFE099A089B1046059259
:101E5000019316460493FEF709FE4046FFF744FE41
:101E60002046FFF797FE019B02463046CDE9063635
:101E7000FEF7FCFD019BD2E900101B68CDE90810BC
:101E80000293FEF7F3FDA2681AB10968029814F0F4
:101E900075FF4046FFF728FE06A8FFF725FE019BC9
:101EA0003046CDE90836FEF7E1FD3FB13A46DDE9BF
:101EB00000131868A368184414F060FF4046FFF749
:101EC00013FE019930460022CDE90816FEF7CEFD3B
:101ED0000B6840465A55FFF707FE04F10C0004A9B1
:101EE000FEF73EFE04A8A560FFF7FEFDD0E60293D4
:101EF0004846019B3246CDE90839FEF7B7FDDDE9DA
:101F00000131186814F03AFF08A8FFF7EDFDF3E679
:101F100020460DF12008FFF73DFE034640681A6891
:101F2000029309900892FEF7A1FD92684046019243
:101F3000FFF7DAFD691C019A029B914224D8586888
:101F40001A68019309900892FEF790FD019B3FB13A
:101F500010683A46A7680099384414F00FFF019BB7
:101F600040460093FFF7C0FD009BA5600021D3E928
:101F70000020CDE90820FEF779FD13684046595549
:101F8000FFF7B2FDA56883E61A68586808920990C1
:101F9000FEF76CFD136840460193FFF7A5FD05EBC6
:101FA0004501029B4908186803298446586838BFD0
:101FB0000321DDE90062964206D3A268019E013248
:101FC0003244009E96420DD362460193CDE908C08B
:101FD000FEF74CFD1046FFF769FD4046FFF784FD14
:101FE000019BACE7019AB61A6246CDE908C0FEF73C
:101FF0003DFD1046FFF75AFD4046FFF775FD029B79
:1020000058681A68099001930892FEF72FFD12682C
:10201000404693190093FFF767FD019B8FE700BFD0
:1020200010B5044682B0084601911CF07FFB01996F
:1020300002462046FFF704FE204602B010BD00BF56
:1020400030B591B004460D464022002168461BF091
:10205000C3FDE26D69462846FFF71CFB6946024650
:102060002046FFF7EDFD11B030BD00BF30B591B097
:1020700004460D464022002168461BF0ADFDE26D8E
:1020800069462846FFF704FC694602462046FFF7EA
:10209000D7FD11B030BD00BF30B591B004460D463C
:1020A0004022002168461BF097FDE26D69462846F4
:1020B000FFF7EEFB694602462046FFF7C1FD11B06F
:1020C00030BD00BF30B591B00D460446402200211E
:1020D00068461BF081FD0A236A46D5E90001FFF737
:1020E00043FB694602462046FFF7AAFD204611B091
:1020F00030BD00BF30B5044687B008460D461CF021
:1021000015FB034660685A1C217DA360824209D8F2
:10211000002963D120682946204407B0BDE830403B
:1021200014F02CBE012931D01C2019F0BBF8034655
:1021300036480122294603F10C05186000205A6038
:10214000187628469A600093FFF776FC009B0122E0
:1021500059681A760131CDE90253CDE9045302D012
:102160005A6801325A60227D002A40D101220020A3
:1021700000212275C4E90353CDE9040104A8FFF747
:10218000B3FC02A8FFF7B0FC07B030BD2046CDE994
:102190000023FFF7FFFC4168DDE9002329B148680F
:1021A000013002D049680129BEDC2046CDE9002378
:1021B000FFF7F0FCD0E90040CDE90440FEF756FC03
:1021C000A168009A8A4205D8019B2068B3B9002211
:1021D000C254636004A8FFF787FCD5E704F10C0044
:1021E0000092FFF7CDFC0023009A237592E704F1DB
:1021F0000C00FFF7C5FCDDE90453B7E71A46294692
:10220000009314F0BBFD2068009BE0E7F46200201F
:1022100038B540220446002318200D462375194680
:1022200084E80D0020181BF0D7FC1DB1294620467C
:10223000FFF760FF204638BD10B5D0E9002388B015
:102240000C46002B55D05968013102D0596801293C
:102250000EDCCDE906235968013102D059680131FD
:102260005960136806A86360FFF73EFC08B010BD14
:10227000CDE902235968013102D059680131596012
:10228000236804A811689A680193FEF73BFC019B40
:10229000DDE90412CDE906122AB15068013002D0FE
:1022A000506801305060187DD0B90020C3E9031296
:1022B00001220021CDE906011A7506A8FFF714FCDA
:1022C00004A8FFF711FC02A8FFF70EFC2068FFF737
:1022D00061FCD0E90023CDE90623002BBBD1C0E788
:1022E00003F10C000193FFF74BFC019BDDE90612A3
:1022F000DBE7CDE90623B4E72DE9F041561C86B0B3
:102300001546826042680446037D96420AD8002B37
:102310007BD12068002D43D120440023435506B0D3
:10232000BDE8F081012B4ED01C20019118F0BAFFBE
:10233000012203464260826003F10C073E4A00938B
:1023400002604FF000020276304618F0ABFF009BAF
:102350008046D860C3E9045645BB4FF001020570C2
:102360001A765A680132CDE90273CDE9047302D0BE
:102370005A6801325A60237D002B52D1012200237A
:10238000DDE904012275E06004A82161CDE9043390
:10239000FFF7AAFB02A8FFF7A7FB06B0BDE8F08194
:1023A0002A46204414F0EAFC2068B5E72A46019941
:1023B000009314F0E3FC4FF00002009B08F80520A6
:1023C0004FF00102CCE70091FFF7E4FB436800996E
:1023D0002BB15A68013202D05B68012BA4DC204685
:1023E0000091FFF7D7FBD0E90040CDE90440FEF7AC
:1023F0003DFBA3689E4204D82068BDB90023435525
:10240000656004A8FFF770FB89E70C300091FFF7C7
:10241000B7FB0023009920682375002D3FF47CAFA3
:10242000BEE704F10C00FFF7ABFBA7E72A460099D3
:1024300014F0A4FC2068E1E7F462002010B5044623
:1024400082B059B1084601911CF070F90199024619
:102450002046FFF751FF204602B010BD037D81608A
:102460009A1E0191012A0CD8094A013B0C3052F8FE
:10247000233098470199236820462175E15402B022
:1024800010BDFEF7EDFB01990170204602B010BDB2
:1024900024680020F8B51823002640220C46C718EF
:1024A00003604260054686603146067538461BF07B
:1024B00093FBA268237DAA60FBB9013205D1A2601B
:1024C000236800222846E254F8BD2168384621449A
:1024D00014F054FC237DA660002BF1D004F10C070E
:1024E000124A013B384652F8233098470023002215
:1024F000284623752368E254F8BD04F10C0705F162
:102500000C0087420CD00A4A013B394652F823306E
:102510009847237D2B752BB900232375A360CFE744
:10252000A660DDE73846FFF72BFBF5E724680020BF
:102530003068002088424FD00B4630B50A7D83B00A
:1025400004468968002A29D1007DA160002836D17F
:102550009A68013214D100241A7D9C6022B91A684D
:102560000021995403B030BD03F10C000093FFF734
:1025700007FB009B00211A681C75995403B030BDFD
:1025800020681968204400931944002414F0F6FBD5
:10259000009B1A7D9C60002AE1D0E5E703F10C0264
:1025A0000C30A16082421546D5D0227D1ABB1A7D1F
:1025B0009AB99A6000211A68995403B030BD04F1A9
:1025C0000C00CDE90023FFF7DBFA009A019B22758E
:1025D0009A680132BFD0D3E770470E49013A0093A1
:1025E00051F8222029469047009B1A7D22755AB93E
:1025F00000221A75DDE7CDE90003FFF7C1FA0022DA
:10260000DDE900032275D2E72846FFF7B9FA009BFF
:10261000EEE700BF3068002000B583B00190FFF7FF
:1026200089FF019803B000BD0000000070B5027D75
:1026300088B00346022A20D0032A01D008B070BD1A
:10264000C168002964D00269406802F1010C9A60F7
:1026500084451BD81868002A4BD11A440021115414
:102660001A7D002AEAD003F10C000193FFF788FAE3
:10267000019B0021197508B070BDC168002947D0C1
:10268000D0E9010202F1010C8445E3D91C2001913B
:102690004FF00106CDE9022318F004FE04460120A4
:1026A000029A019904F10C056060A0602148206045
:1026B000002020762846FFF7DFF920462676CDE970
:1026C0000454FEF7D3F9039B03F10C000193FFF7C9
:1026D00057FA019B06A81E759FED147BC3E90354AE
:1026E0008DED067BFFF700FA04A8FFF7FDF908B0AF
:1026F00070BD18440292019314F040FB019B00212D
:10270000029A18681A4411541A7D002A96D0AAE732
:10271000996003F10C00CDE90131FFF731FA019B1B
:1027200002991A681975995488E700BF00000000E3
:1027300000000000F462002000B5037D85B0024671
:10274000032B22D0032B2FD8DFE803F01A06020256
:10275000D368184605B000BDD2E90313CDE90213D2
:102760002BB15A68013202D05A6801325A600B68A4
:1027700002A80193FFF7B8F9019B184605B000BD08
:1027800013681344184605B000BDC368002BE0D0A1
:1027900001690029DDD0595C0029DAD00190FFF7EA
:1027A00045FF019A137DCDE7004BD2E7903400201E
:1027B00030B50B7D87B004468D68012B50D06A1C64
:1027C00043689A4213D8037D002B50D108460092EB
:1027D000FFF7B2FF009A12B9A56007B030BD2368B9
:1027E0000146E01814F0CAFAA56007B030BD0846EB
:1027F000FFF7A2FF00901C2018F054FD01220346B1
:1028000000994260826000F10C0225480193186033
:102810000020009218761046FFF70EF9019B4FF04A
:10282000010259681A760131009ACDE90223CDE9F7
:10283000042302D0596801315960217D41BB012137
:1028400004A8C4E90323002200232175CDE9042351
:10285000FFF74AF902A8FFF747F9A56007B030BDB6
:102860000C310C30FEF77CF9A56007B030BD0C30A0
:10287000CDE90021FFF784F90023DDE9002123756C
:1028800008460092FFF758FF009A002AA4D0A6E756
:1028900004F10C00FFF774F9DDE90423CFE700BF72
:1028A000F462002000B583B00190FFF781FF01982A
:1028B00003B000BD38B540220446002318200D4661
:1028C0002375194684E80D0020181BF085F9204671
:1028D0002946FFF76DFF204638BD00BF30B58A6836
:1028E00083B08468944202D0012003B030BD0C460E
:1028F0000190FFF721FF05462046FFF71DFF019BD2
:102900009A6842B1014628461BF092F8003818BF79
:10291000012003B030BD104603B030BD38B50D46C0
:1029200004460846FFF708FFAA6801462046FFF75D
:1029300087F9204638BD00BF38B50D460446084625
:10294000FFF7FAFEAA6801462046FFF779F920460C
:1029500038BD00BF30B58A6883B08468944202D025
:10296000002003B030BD0C460190FFF7E5FE0546A0
:102970002046FFF7E1FE019B9A6842B101462846D6
:102980001BF056F8B0FA80F0400903B030BD0120CA
:1029900003B030BD10B50C46086882B0FFF746FEA4
:1029A0002068037D012B04D003681844606002B0E6
:1029B00010BDFFF7EFF8D0E90023CDE900232BB1DC
:1029C0005968013102D0596801315960136868466D
:1029D0006360FFF789F802B010BD00BF10B50C4668
:1029E000086882B0FFF722FE2068037D012B04D027
:1029F00003681844606002B010BDFFF7CBF8D0E95F
:102A00000023CDE900232BB15968013102D0596868
:102A100001315960136868466360FFF765F802B0DA
:102A200010BD00BF044B002000210022C3E940017B
:102A300083F80821704700BF8087002002F040BB68
:102A4000014B0360704700BF88600020104B19687D
:102A500009B10846704710B582B00E4C0191FEF7DF
:102A600093FF0199202220614FF0080CA018C4F8B0
:102A70000CC0C4E905121022E261A2608022C4E900
:102A800000011BF0A9F8024B20461C6002B010BDEB
:102A9000D88F0020DC8F002030B50546006883B059
:102AA00014466B68002800EBC3030CBF4FF0000C0A
:102AB0009C46034603E01A680833914215D06345EB
:102AC000F9D160458E4612D0034602E008336345D3
:102AD0000DD05968A142F9DA1B1A6A462846CDF88A
:102AE00000E0D9100194FEF779FA03B030BD6946D1
:102AF0002846CDE900E4FEF7AFF903B030BD00BFD2
:102B000030B4D0E90024002A02EBC40C134608BFFD
:102B10004FF0000C03E01D68A94204D00833634560
:102B2000F9D130BC7047002CFBD09B1A30BCD910B7
:102B3000FEF74CBAF8B51D4E04461D4B35680360D0
:102B4000C5B1D5E900311A1E03EBC10118BF01223E
:102B5000002A08BF002103E01A680833944203D01A
:102B60008B42F9D12046F8BD28462146FFF7C8FF21
:102B70002046F8BDFEF708FF0E4F20232946386196
:102B80000820BB6110238022F860FB61BB6007F165
:102B900020037D6118467D603B603D461BF01CF8BC
:102BA0000122034601463760D2E700BFD88F0020DC
:102BB00088600020DC8F002010B50446FFF7BAFFC4
:102BC0000421204614F07AF9204610BD70B5A8B053
:102BD0000446FEF7D9FE002108AB082201910093BC
:102BE000039280229FED157BCDE904011846102346
:102BF0008DED067B02931AF0EFFF21466846FEF743
:102C00002BFC009C94B1019D04EBC505A5420DD0A1
:102C10000C4E02E00834AC4208D0206803689B6880
:102C2000B342F7D008349847AC42F6D16846FEF775
:102C3000F7FC28B070BD00BFAFF30080200000009B
:102C400010000000C1D700000000000070B5A8B05F
:102C50000446FEF799FE002108AB0822019100937B
:102C6000039280229FED157BCDE9040118461023C5
:102C70008DED067B02931AF0AFFF21466846FEF702
:102C8000EBFB009C94B1019D04EBC505A5420DD062
:102C90000C4E02E00834AC4208D020680368DB68C0
:102CA000B342F7D008349847AC42F6D16846FEF7F5
:102CB000B7FC28B070BD00BFAFF30080200000005B
:102CC00010000000611100000000000070B5A8B005
:102CD0000446FEF759FE002108AB0822019100933B
:102CE000039280229FED157BCDE904011846102345
:102CF0008DED067B02931AF06FFF21466846FEF7C2
:102D0000ABFB009C94B1019D04EBC505A5420DD021
:102D10000C4E02E00834AC4208D0206803681B69FE
:102D2000B342F7D008349847AC42F6D16846FEF774
:102D300077FC28B070BD00BFAFF30080200000001A
:102D400010000000C5D70000704700BF10B400237A
:102D5000D1E90042C1E900330460426010BC704711
:102D60000023C0E900337047D1E90023C0E9002304
:102D700013B11846FEF726BE704700BFBAB100EB8C
:102D8000C20C0B1D002230B408304C6853F8045CB0
:102D90000831604543F8042C40F8085C03F108034F
:102DA00041F8042C40F8044CEED130BC7047704719
:102DB000D1B170B50E4604460025606878B1FEF7C3
:102DC00009FE60B1606803689B6898476268936811
:102DD0001046013B936013B91368DB6898470135CF
:102DE0000834AE42E9D170BD704700BF4368A3B15B
:102DF00010B504461846FEF7EDFD68B1606803683B
:102E00009B68984760688368013B836023B90368C7
:102E1000BDE81040DB68184710BD704700238142B1
:102E200010B582B0D0E900C2C0E900334B6806D0CB
:102E30000C68C0E90043C1E900C202B010BDC1E99D
:102E400000C2002BF9D018460193FEF7C3FD0028FD
:102E5000F3D0019B1A68184692689047019B9A68C4
:102E6000013A9A60002AE8D11A681846D36802B07D
:102E7000BDE81040184700BF38B5046874B1456814
:102E800004EB8505A54209D054F8043B1846002BF5
:102E9000F8D01B689B689847A542F5D138BD00BFA4
:102EA00070B59468B0B0002C35D02C480D46019216
:102EB000FDF71CF960220021064600240DEB0200FC
:102EC0001AF08AFE18A8FEF7A9FD0A22244902A8D2
:102ED0002F928DF8B840FFF79BF902A918A8FFF7C9
:102EE0002BFD294618A8FFF7ABF81E4918A8FFF7D5
:102EF00097F8019918A8FFF71FFD18AB3146204637
:102F00007222FDF7B3F802A8FDF796FE18A8FDF7A8
:102F100093FE30B070BD11480E46FDF7E7F8602211
:102F2000214605460DEB02001AF056FE18A8FEF7E2
:102F300075FD0A230A4902A82F938DF8B840FFF7C0
:102F400067F902A918A8FFF7F7FC314618A8FFF7A0
:102F500077F818AB294620467422D2E74C2200208D
:102F6000A8220020E02200202DE9F047054696B077
:102F7000FEF7EAFC6B68B3B1804600242B68E700DB
:102F800053F8340003EBC406E0B103685B6C984768
:102F900060B12B68DE19002B50D06A6803EBC203C6
:102FA000B3420CD09AB916B0BDE8F087306820B1B2
:102FB00003684146DB6B984788B901346A68A242CE
:102FC000DCD8F0E7002BE8D16A68002AEBD0F910D2
:102FD0002846FDF7FBFF6A68A242CFD8E3E73068D6
:102FE000002842D0036841469B6B98473068002810
:102FF0003BD00368DB6998470346306803B3002879
:10300000DBD00368DB6C984730680028D5D00368B4
:103010009B6A98470028D0D0306820B103689B6A2B
:1030200098470128C9D0D5E9003203EBC200D9196D
:10303000002B18BF03469942B4D1C0E76A68AFE7D6
:1030400098B103685B6998473168814671B10B6834
:103050006846EA465B6A9847284649465246FFF763
:103060001FFF5046FDF7E8FDCEE78146684602495E
:10307000EA46FFF7CDF8EFE790340020694B2DE9E1
:10308000F047D3F800809AB00446B8F1000F0AD098
:1030900098F8003063B1644B1C78002C00F09F80DE
:1030A0001AB0BDE8F087614A82F8008090461A6045
:1030B000012301F0020701F0040601EA030988F880
:1030C0000030FEF743FC0546B9F1000F0ED1002E8B
:1030D00032D054BBFFF738FE002F46D1FEF736FC46
:1030E000002388F800301AB0BDE8F087DFF86CA143
:1030F000DAF8000000284DD0DFF864A1FFF734FFB4
:10310000DAF80030002B33D01846FFF7B5FEDEE7C3
:10311000B7B9FEF71BFC431B9C42E1D95045DFD0F9
:10312000B9F1000FE2D1002EF2D001F09FFF036849
:103130004FF47A719B6A984705EB040A002FE8D098
:10314000FEF704FC431B29199C42E2D9091AE0D07E
:10315000019101F08BFF01990368B1F57A7F9B6AB9
:1031600028BF4FF47A719847D3E7FEF7EFFBB5E736
:103170000193FEF709FC2E4A019B10619360D36115
:10318000CAF80020C2E90033C2E905330423D36042
:103190001346B9E7FEF7F8FB264B1A6812F0010F49
:1031A000254A0BD125491160254951602549D16037
:1031B000254911612549516101211960244BC3E959
:1031C000040200221846CAF800309A60C3E90022BF
:1031D000C3E906220822DA6001221A628CE7012282
:1031E0001C481A70FCF782FF60222146054602A89F
:1031F0001AF0F2FC02A8FEF711FC0A23164902A8F5
:1032000019938DF86040FEF70BFF02AB4F22294661
:103210002046FCF72BFF02A8FDF70EFD1AB0BDE813
:10322000F08700BF908F0020E32E0120948F0020B4
:1032300058920020388900205C7B0020BDFB0000F4
:10324000A1FB0000B5FB000071FC0000D1FB0000F9
:103250007C920020F02200204C2300207892002055
:103260005492002082B0012002B0704782B0012049
:1032700002B0704700207047704700BF0123037100
:10328000704700BF01207047704700BF00207047A3
:1032900001207047002070470020704700207047D1
:1032A000704700BF704700BF002070470220704782
:1032B00004207047EFF30580003818BF01207047E5
:1032C00041B14B6833B11868034BC01AB0FA80F0B3
:1032D0004009704701207047DEC0ADDE037C23B19A
:1032E0000023037480F82C3083620120704700BFF4
:1032F000007C7047407C704740687047806870472A
:10330000037C23B10023037480F83030C3620120B2
:10331000704700BF007C7047407C70474068704732
:10332000806870470448012204490068044B007912
:10333000C8771A70704700BF188E002000800E40BA
:103340006E7E0020014B1878704700BF6E7E002013
:10335000024A1378002BFCD0704700BF6E7E00201D
:1033600043681868704700BF80687047704700BFA7
:10337000704700BF0B780370D1E90123C0E9012336
:10338000704700BF0B780370D1E90123C0E9012326
:10339000704700BF0023C0E900338360704700BF5F
:1033A00010B591F800E090F800C080F800E04C689B
:1033B000D0E9012344608C68846081F800C0C1E9D1
:1033C000012310BD10B40023D1E90042C1E900334C
:1033D0000460426010BC70470023C0E900337047AE
:1033E0000B68002203600A60704700BF002303607F
:1033F000704700BF6AB100239C4610B451F83340B7
:1034000041F833C040F8334001339A42F6D110BC42
:103410007047704710B40023D1E90042C1E900337E
:103420000460426010BC70470023C0E9003370475D
:1034300010B40023D1E90042C1E9003304604260C6
:1034400010BC70470023C0E900337047704700BFCD
:10345000704700BF704700BF03685B68184700BF34
:1034600003685B68184700BF03685B68184700BFC4
:1034700003685B68184700BF03685B68184700BFB4
:1034800003685B68184700BF034B10B50446036030
:10349000FEF796FA204610BD6C630020034B10B572
:1034A00004460360FEF78CFA204610BDB46300208A
:1034B000034B10B504460360FEF782FA204610BDA8
:1034C00054630020034B10B504460360FEF778FAFE
:1034D000204610BD24630020034B10B50446036052
:1034E000FEF76EFA204610BD0C630020034B10B5AA
:1034F00004460360FEF764FA204610BD3C630020DA
:10350000054B10B504460360FEF75AFA2046FEF755
:103510002DFA204610BD00BF6C630020054B10B58E
:1035200004460360FEF74CFA2046FEF71FFA2046D9
:1035300010BD00BFB4630020054B10B50446036006
:10354000FEF73EFA2046FEF711FA204610BD00BFF6
:1035500054630020054B10B504460360FEF730FAB3
:103560002046FEF703FA204610BD00BF246300206A
:10357000054B10B504460360FEF722FA2046FEF71D
:10358000F5F9204610BD00BF0C630020054B10B5B7
:1035900004460360FEF714FA2046FEF7E7F92046DA
:1035A00010BD00BF3C630020D1E90023C0E9002327
:1035B00013B11846FEF706BA704700BFD1E90023E1
:1035C000C0E9002313B11846FEF7FCB9704700BFED
:1035D000D1E90023C0E9002313B11846FEF7F2B980
:1035E000704700BF03464068B8B100B583B001938F
:1035F000FEF7F0F9019B68B158680268926890473D
:10360000019B58688268013A82601AB90268D268E0
:103610009047019B184603B000BD1846704700BF95
:1036200003464068B8B100B583B00193FEF7D2F904
:10363000019B68B15868026892689047019B58687E
:103640008268013A82601AB90268D2689047019B89
:10365000184603B000BD1846704700BF00B583B0E0
:103660000421019013F02AFC019803B000BD00BFB3
:1036700000B583B00421019013F020FC019803B041
:1036800000BD00BF00B583B00421019013F016FC0B
:10369000019803B000BD00BF0B682BB101220C30B4
:1036A00083F89020FDF700BC704700BF002310B5E1
:1036B000044600F8043BFEF7B1F9204610BD00BFF8
:1036C00010B50446FDF7ACFF204610BD10B504460A
:1036D000FDF7A6FF204610BD104B10B5044640F87C
:1036E0004C3BFDF79DFF04F12C00FDF799FF04F121
:1036F0000C00FDF795FFA06870B1FEF76BF958B1AB
:10370000A06803689B689847A0688368013B836052
:1037100013B90368DB689847204610BD4C6200204F
:1037200010B50446FFF7D8FF6C21204613F0C6FB06
:10373000204610BD08B50C2013F0BAFB0023C0E9E9
:103740000033836008BD00BF406805F017BF00BFAD
:1037500009494268016072B100B583B0019010461A
:10376000009206F075F80098F42113F0A7FB019B76
:10377000184603B000BD704730620020B2F5806F7C
:1037800038BF4FF48062F0B5104699B00F46154629
:10379000FEF7F6F80646B8B10C2013F089FB1A4B79
:1037A0000446682233607319002123F00703C0E93F
:1037B0000165A3F168001AF00FFA47F001022060DA
:1037C0004266204619B0F0BD1048FCF78FFC60221D
:1037D0000446314668461AF0FFF96846FEF71EF9BE
:1037E0000A230B49684617938DF85860FEF718FCBA
:1037F00021466B46C9223046FCF738FC6846344601
:10380000FDF71AFADDE700BFDEC0ADDE842300203D
:10381000F423002099B148680B4660B100B583B02D
:103820000191FEF7AFF8019B0C21184603B05DF83B
:1038300004EB13F043BB0C21184613F03FBB704759
:1038400013F026BA0346407C00286DD15A6891F8DF
:1038500000C0B2F1FF3F03D0D2B2624500D0704742
:10386000BCF1010F5ED0BCF1020F59D0BCF1000FCA
:10387000F5D12E4830B583B0D860C3F804C091F9B3
:103880000A20002A1546B4BF012202221A7691F9B5
:103890000BE0BEF1000F01DB01321A7691F90C202A
:1038A000002A144602DB1A7E01321A764A685A61EF
:1038B000002291F908C091F909106CF30702BCF1DC
:1038C000000F5C7761F30F2265F317426EF31F62FE
:1038D000C3F8192008DB5FFA8CF1019316F062FA45
:1038E000019B93F91A10D868002905DBC9B201932E
:1038F00016F0E8F9019BD86893F91B10002905DB45
:10390000C9B2019316F018FA019BD868019316F01A
:10391000BFF84FF48072019B01201A8203B030BDC2
:103920000348A7E70348A5E7012070477478002003
:1039300014790020C47800200368034A1B6B93426B
:1039400001D1FFF77FBF1847990601002DE9F04329
:10395000467C9FB0002E67D142680B460D78044626
:10396000511C02D0D2B2AA4263D1012D00F0908046
:10397000022D00F06F81002D00F04781BD4800242A
:10398000FCF7B4FB60220746002106A81AF024F9D0
:1039900006A8FEF743F80A23B74906A81D938DF839
:1039A0007040FEF73DFB294606A8FEF749FB06AB33
:1039B000394620469222FCF759FB06A8FDF73CF950
:1039C00030461FB0BDE8F08313F9032C724540F078
:1039D000868013F9022C624540F0818013F9012C96
:1039E0004A457CD1BEF1000F80F237815FFA8CF13D
:1039F000E06816F067F994F91A10002903DBC9B2E0
:103A0000E06816F099F9E06816F042F86368022B56
:103A100007D89A4A52F823301BB15A6A42F08062A2
:103A20005A624FF480732382012630461FB0BDE8EE
:103A3000F08390480193FCF759FB3146054660221C
:103A400006A81AF0C9F806A8FDF7E8FF0A228C4973
:103A500006A81D928DF87060FEF7E2FA616806A86C
:103A6000FEF7EEFA874906A8FEF7DAFA019B06A8E8
:103A70001978FEF7E5FA06AB7E2229463046FCF7B8
:103A8000F5FA06A8FDF7D8F830461FB0BDE8F08378
:103A9000DFF81082C4F80C80656093F909C0BCF1AE
:103AA000000FC0F2B58093F90A20002A9146C0F2B7
:103AB000AF805A6803AFEDB26261734A93F908E0D0
:103AC00004AB84F819C084F81A9084F818E007CA87
:103AD00087E8070013F8042CAA423FF475AF0433BB
:103AE00007AA9342F6D163480025FCF7FFFA60224B
:103AF0008046002106A80A271AF06EF806A8FDF7EE
:103B00008DFF624906A88DF870501D97FEF788FA60
:103B1000616806A8FEF794FA06AB4146BA22284629
:103B2000FCF7A4FA06A8FDF787F85248FCF7DEFA7E
:103B300060222946804606A81AF04EF806A8FDF72E
:103B40006DFF534906A88DF870501D97FEF768FA6F
:103B5000636806A80DEB830393F90D10FEF770FA66
:103B60004C4906A8FEF75CFA636806A80DEB8303D0
:103B700093F90E10FEF764FA474906A8FEF750FACB
:103B8000636806A80DEB830393F90F10FEF758FA4C
:103B900006AB4146BB222846FCF768FA06A8FDF7AB
:103BA0004BF83448FCF7A2FA60222946804606A862
:103BB0001AF012F806A8FDF731FF384906A81D973C
:103BC0008DF87050FEF72CFA94F9181006A8FEF73D
:103BD00037FA304906A8FEF723FA94F9191006A817
:103BE000FEF72EFA2C4906A8FEF71AFA94F91A10D5
:103BF00006A8FEF725FA284606AB4146BE22FCF78A
:103C000035FA06A8FDF718F80FE7DFF89C8041E7C2
:103C100018480024FCF76AFA60220546002106A82D
:103C200019F0DAFF06A8FDF7F9FE0A231C4906A8D9
:103C30001D938DF87040FEF7F3F906AB2946204638
:103C40009822FCF713FA06A8FCF7F6FF30461FB0DF
:103C5000BDE8F083DFF854801CE75FFA8EF1404640
:103C600016F0A0F894F919C0BCF1000FFFF6C3AE2E
:103C7000BCE600BFB82500206C260020F00800201C
:103C8000382600206426002060080020CC26002072
:103C900000270020142700201C27002024270020B4
:103CA00090260020C4780020747800201479002029
:103CB0000368034A1B6B934201D1FFF747BE1847C5
:103CC000A107010000B583B003490190FDF78EFE06
:103CD000019803B000BD00BFF41E002000B583B002
:103CE00003490190FDF782FE019803B000BD00BFBB
:103CF000EC1E00200868B0B108B5037F012B01D08D
:103D0000002008BDF5F76CFD816840F2DC52D0E977
:103D1000003C03EB0C00A0F57A70084490428CBF85
:103D20000020012008BD704710B50F4A82B01378FB
:103D3000002BFCD00D4C00230D4A20681360136348
:103D400060B10179A2F548229176019012F024FB2E
:103D50000821019813F0B2F800232360054B0022DC
:103D60001A7002B010BD00BF6E7E0020188E0020B9
:103D700000001B40D42E0120024B1B780BB1FFF733
:103D8000D3BF7047D42E0120064B074A1B78026030
:103D90003BB100B583B00190FFF7C6FF019803B0B7
:103DA00000BD7047D42E012008620020074B084A4E
:103DB0001B7810B5044602600BB1FFF7B5FF204633
:103DC000042113F07BF8204610BD00BFD42E012043
:103DD0000862002090F8703003B9704700B585B0D4
:103DE00000F10C0C042203A9019002A8CDF80CC02C
:103DF000FDF7BEFD02980268126A90470022019BFF
:103E000083F8702005B000BD90F83C3003B97047CE
:103E100000B585B000F10C0C042203A9019002A8A2
:103E2000CDF80CC0FDF7A4FD029802681268904717
:103E30000022019B83F83C2005B000BD90F8403083
:103E400003B9704700B585B000F10C0C042203A93A
:103E5000019002A8CDF80CC0FDF78AFD0298026817
:103E6000126890470022019B83F8402005B000BDF6
:103E70000000000010B5FDF787FD184B1A6812F01E
:103E8000010F174A0BD1174C1749C2E90041174CD3
:103E90001749C2E90341174C012154611960164BBF
:103EA000002108244FF0010C186118465A61134A8A
:103EB000C3E902149FED077B114CC3E90011C4F85C
:103EC00000C01049BDE8104083ED067B14F07ABBBA
:103ED000AFF3008000000000000000000489002013
:103EE000F079002011040100690201007D02010047
:103EF000911701005D0E0100908800208C7B00204E
:103F0000E8880020150501000000000010B5FDF74D
:103F10003BFD184B1A6812F0010F174A0BD1174CD2
:103F20001749C2E90041174C1749C2E90341174C30
:103F3000012154611960164B002108244FF0010C37
:103F4000186118465A61134AC3E902149FED077BB2
:103F5000114CC3E90011C4F800C01049BDE810407D
:103F600083ED067B14F02EBBAFF300800000000051
:103F700000000000088900200C7A002025040100C0
:103F80008502010099020100ED170100290E0100D0
:103F9000B08800208C7B0020EC88002021050100E7
:103FA00090F82C3003B9704700B585B000F10C0CC7
:103FB000042203A9019002A8CDF80CC0FDF7D8FC9B
:103FC0000298FDF72DFB0022019B83F82C2005B001
:103FD00000BD00BFBAB100EBC20C0B1D002230B413
:103FE00008304C6853F8045C0831604543F8042CF1
:103FF00040F8085C03F1080341F8042C40F8044C35
:10400000EED130BC70477047BAB100EBC20C0B1D4B
:10401000002230B408304C6853F8045C0831604525
:1040200043F8042C40F8085C03F1080341F8042C21
:1040300040F8044CEED130BC70477047BAB100EB89
:10404000C20C0B1D002230B408304C6853F8045CDD
:104050000831604543F8042C40F8085C03F108037C
:1040600041F8042C40F8044CEED130BC7047704746
:104070008AB102EB420200EB820210B40B780C30E2
:104080000C3100F80C3C904251E9024340E90243F4
:10409000F4D110BC704770472DE9F04184B01C4644
:1040A0000746F4200B9E904612F002FF002C9DF86C
:1040B00028301FFA88F101964FF00006009314BFD4
:1040C0000623334632460296054604F07DF8BDF8D5
:1040D0003C300334BDF83420BDF83010284600933E
:1040E000BDF8383008FB04F404F0AAFD2868314616
:1040F0002246E861FDF740FC0C2012F0D9FE044B8B
:1041000038600360C0E90154384604B0BDE8F0816E
:1041100030620020037C03B9704700B585B000F120
:104120000C0C042203A9019002A8CDF80CC0FDF7E5
:104130001FFC029806490268019B12688A4203D15B
:1041400000221A7405B000BD9047019BF8E700BF3C
:10415000A10201000B6B10B5044682B093B348680E
:1041600038B303681D4A5B69934232D11C4B1878FF
:10417000C0B2F0B1CB6A7BB1086B03EBC0009842D0
:104180000AD0083308304FF0000C53F8082C0833DD
:10419000834282F890C0F8D101F12C00FCF7ACFE0C
:1041A0000023204600F8043BFDF738FC204602B00F
:1041B00010BD2046012300F8043BFDF72FFC2046EC
:1041C00002B010BD00F8043BFDF728FC204602B009
:1041D00010BD019198470199CBE700BF99010100FB
:1041E0006E7E0020037C03B9704710B5042282B0B4
:1041F00000F10C0304460DEB020168460193FDF744
:10420000B7FB0098084A03681B6893420AD1074B22
:10421000074A1B7802600BB1FFF786FD0023237469
:1042200002B010BD9847F9E7DD0B0100D42E012044
:104230000862002010B5164B04464068236048B160
:104240000368144ADB6993421FD1134B1B780BB1EF
:10425000FFF76AFD04F12C00FDF7E2F904F10C0010
:10426000FDF7DEF9A06870B1FDF7B4FB58B1A068A6
:1042700003689B689847A0688368013B836013B913
:104280000368DB689847204610BD9847E2E700BF07
:10429000D8610020CD0B0100D42E012010B50446BA
:1042A000FFF7C8FF6421204612F008FE204610BD2B
:1042B0000A4A436810B5044682B002603BB1184612
:1042C000019305F0C5FAF421019812F0F7FD20469C
:1042D0000C2112F0F3FD204602B010BD3062002028
:1042E000064B10B504460360FEF7B0FB2146FEF70F
:1042F00007FC2046FEF71EFC204610BDE0640020AF
:10430000084B10B504460360FEF7A0FB2146FEF7FC
:10431000F7FB2046FEF70EFC2046082112F0CEFDEA
:10432000204610BDE0640020002944D02DE9F0476C
:10433000804682B00F460025DFF87C90DFF87CA035
:1043400058F8354074B3D4F8A8609EB133685B6800
:104350004B452DD17368C6F800A03BB118460193B8
:1043600005F076FA0198F42112F0A8FD0C213046F0
:1043700012F0A4FD04F18400FDF752F904F1640089
:10438000FDF74EF904F14000FDF74AF9606B08B102
:10439000FCF74CFC04F11400FDF742F9B021204673
:1043A00012F08CFD0135AF42CAD102B0BDE8F087F2
:1043B00030469847DEE77047051101003062002063
:1043C00010B5046882B0002C34D0D4F8A830B3B152
:1043D0001A681B4952688A422ED11A495A681960D4
:1043E0004AB110460193009205F032FAF421009888
:1043F00012F064FD019B0C21184612F05FFD04F1E0
:104400008400FDF70DF904F16400FDF709F904F1EA
:104410004000FDF705F9606B08B1FCF707FC04F1FB
:104420001400FDF7FDF8B021204602B0BDE81040B1
:1044300012F044BD02B010BD18469047DFE700BF40
:10444000051101003062002000238842026810B587
:1044500082B0036002D00C680B6004600C680A60D4
:10446000002C34D0D4F8A830B3B11A681A49526875
:104470008A422ED119495A6819604AB110460193EF
:10448000009205F0E5F9F421009812F017FD019B68
:104490000C21184612F012FD04F18400FDF7C0F85B
:1044A00004F16400FDF7BCF804F14000FDF7B8F832
:1044B000606B08B1FCF7BAFB04F11400FDF7B0F82B
:1044C000B021204602B0BDE8104012F0F7BC02B0A7
:1044D00010BD18469047DFE705110100306200204B
:1044E000064B03F16C001A780C338A4203D08342E6
:1044F000F9D1002070470120704700BF80060020DE
:10450000D1B170B50E4604460025606878B1FDF75C
:1045100061FA60B1606803689B6898476268936855
:104520001046013B936013B91368DB689847013567
:104530000834AE42E9D170BD704700BFD1B170B54B
:104540000E4604460025606878B1FDF743FA60B175
:10455000606803689B689847626893681046013BEF
:10456000936013B91368DB68984701350834AE428D
:10457000E9D170BD704700BF114A136813B11868C4
:1045800028B170470F49C1E900330B4611600E4A4C
:10459000106800B583B038B1026852690193904742
:1045A000019B186003B000BD084908680028F3D1DA
:1045B0000748DFF824C0074AC0F800C00860EDE7EC
:1045C0001093002014930020148E00201C930020D0
:1045D00020930020F10001002065002038B51C4B1D
:1045E00005461C6854B123681B6A2046984720B9C9
:1045F000184B1B6863B15A6882B138BD164A1468FB
:10460000002CF0D1154C1649164B21601460ECE7D4
:10461000154A1049C2E9003313460A6001225D6061
:1046200085F86220FFF7A8FF236801462A68DB6946
:1046300020469847074B1B6813B100225A6038BDCB
:10464000094A0449C2E900330A601346F5E700BF8E
:10465000148E0020109300201C9300202093002033
:1046600020650020E100010014930020D1B170B555
:104670000E4604460025606878B1FDF7ABF960B1DD
:10468000606803689B689847626893681046013BBE
:10469000936013B91368DB68984701350834AE425C
:1046A000E9D170BD704700BF0B6813B11A7F012AB2
:1046B00001D00020704770B5044618460D46F5F746
:1046C0008FF88168D0E90023134440F2DC52A3F54F
:1046D0007A730B44934215D863689BB12868F5F749
:1046E00059F86268DFF830C0C1B213689B6863454F
:1046F0000CD1084B03F16C001A780C338A4203D0BA
:104700009842F9D1002070BD012070BD1046BDE86F
:104710007040184780060020351301004368A3B19C
:1047200010B504461846FDF755F968B1606803688E
:104730009B68984760688368013B836023B903687E
:10474000BDE81040DB68184710BD70474368A3B14F
:1047500010B504461846FDF73DF968B16068036876
:104760009B68984760688368013B836023B903684E
:10477000BDE81040DB68184710BD70474368A3B11F
:1047800010B504461846FDF725F968B1606803685E
:104790009B68984760688368013B836023B903681E
:1047A000BDE81040DB68184710BD7047362A0DD8A9
:1047B0001F491301CB58C3F38733032B0DD90023B3
:1047C0001C4A0021C0E900120370704700231A4AF6
:1047D0000021C0E90012037070471B2A0FD8DFE8E0
:1047E00002F024240E0E0E0E0E18180E0E151515BE
:1047F0000E0E21211B1B0E0E0E0E0E0E1E1E012371
:1048000000220021C0E900120370704701230B4A07
:10481000DEE701230A4ADBE701230A4AD8E701233E
:10482000094AD5E70123094AD2E70123084ACFE71D
:10483000AC6C002088270020382700209428002016
:10484000482800206029002000290020BC290020E1
:10485000E027002038B5037C04464BB10368154AB5
:104860009B69934222D10023037480F82C30836229
:10487000206A70B1FDF7AEF858B1206A03689B68F2
:104880009847206A8368013B836013B90368DB683B
:1048900098470025E068C4E90755A584A56284F817
:1048A0002C5015F0B9FAE560657438BD4FF0FF3152
:1048B0009847DDE731010100427C1AB1C3680BB1B2
:1048C000FFF7C8BF704700BF38B5037C04464BB143
:1048D0000368154A9B69934222D10023037480F830
:1048E0003030C362606A70B1FDF774F858B1606A25
:1048F00003689B689847606A8368013B836013B9CB
:104900000368DB6898470025E068C4E908552585F9
:10491000E56284F8305015F07FFAE560657438BDC3
:104920004FF0FF319847DDE755010100427C1AB195
:10493000C3680BB1FFF7C8BF704700BF00238842B0
:1049400010B582B0D0E900C2C0E900334B6806D090
:104950000C68C0E90043C1E900C202B010BDC0E963
:1049600000C2002BF9D018460193FDF733F8002858
:10497000F3D0019B1A68184692689047019B9A6889
:10498000013A9A60002AE8D11A681846D36802B042
:10499000BDE81040184700BF0023884210B582B020
:1049A000D0E900C2C0E900334B6806D00C68C0E90A
:1049B0000043C1E900C202B010BDC0E900C2002B33
:1049C000F9D018460193FDF705F80028F3D0019BB4
:1049D0001A68184692689047019B9A68013A9A6053
:1049E000002AE8D11A681846D36802B0BDE8104022
:1049F000184700BF0023884210B582B0D0E900C23A
:104A0000C0E900334B6806D00C68C0E90043C1E937
:104A100000C202B010BDC0E900C2002BF9D0184698
:104A20000193FCF7D7FF0028F3D0019B1A681846C2
:104A300092689047019B9A68013A9A60002AE8D1EF
:104A40001A681846D36802B0BDE81040184700BF86
:104A5000204A437C10B5044602603BB3C06828B3CB
:104A6000237C23B10023237484F82C30A362236AAF
:104A700083B11846FCF7AEFF58B1206A03689B6803
:104A80009847206A8368013B836013B90368DB6839
:104A90009847E0680023C4E90733A384A36284F83D
:104AA0002C3015F0B9F90023E3606374206A70B10B
:104AB000FCF790FF58B1206A03689B689847206A0A
:104AC0008368013B836013B90368DB68984720461D
:104AD00010BD00BF60610020204A437C10B5044631
:104AE00002603BB3C06828B3237C23B10023237446
:104AF00084F83030E362636A83B11846FCF76AFFDA
:104B000058B1606A03689B689847606A8368013B94
:104B1000836013B90368DB689847E0680023C4E941
:104B200008332385E36284F8303015F075F90023EB
:104B3000E3606374606A70B1FCF74CFF58B1606A5F
:104B400003689B689847606A8368013B836013B978
:104B50000368DB689847204610BD00BF9C610020B9
:104B6000224A437C10B5044602603BB3C06828B3B8
:104B7000237C23B10023237484F82C30A362236A9E
:104B800083B11846FCF726FF58B1206A03689B687A
:104B90009847206A8368013B836013B90368DB6828
:104BA0009847E0680023C4E90733A384A36284F82C
:104BB0002C3015F031F90023E3606374206A70B182
:104BC000FCF708FF58B1206A03689B689847206A81
:104BD0008368013B836013B90368DB68984720460C
:104BE000302112F06BF9204610BD00BF606100203B
:104BF000224A437C10B5044602603BB3C06828B328
:104C0000237C23B10023237484F83030E362636A89
:104C100083B11846FCF7DEFE58B1606A03689B68F2
:104C20009847606A8368013B836013B90368DB6857
:104C30009847E0680023C4E908332385E36284F8D9
:104C4000303015F0E9F80023E3606374606A70B1F6
:104C5000FCF7C0FE58B1606A03689B689847606AB9
:104C60008368013B836013B90368DB68984720467B
:104C7000342112F023F9204610BD00BF9C610020B2
:104C800010B483B00B46CDE90012C27C002A30D0AC
:104C900072B6C27CD40708D54FF0E02C4469DCF82A
:104CA000801121408162CCF88011910708D54FF026
:104CB000E02C8469DCF884112140C162CCF88411B5
:104CC000540708D54FF0E02CC469DCF88811214066
:104CD0000163CCF88811110708D54FF0E02C046A65
:104CE000DCF88C1121404163CCF88C11D2063AD407
:104CF00062B68268934240D0234A83609269234916
:104D0000C2F3011CC2F3826251F82CC00132BCFB19
:104D1000F2F103B38B4232D8B1FBF3F2B1FBF2F103
:104D20008B422ED3B2F5817F1BD2022A27D9023AB9
:104D3000530803EB032342EA0323C3600268032101
:104D400000201061516201211364019B13661161FF
:104D500003B010BC70479445EFD34A1CB2F5817F75
:104D6000E3D30B4BE9E74FF0E021446AD1F89021FF
:104D700022408263C1F89021BAE7C368DEE70023CE
:104D8000DBE71146E9E700BF00C00F40586800208C
:104D9000FF7F7F00437C30B583B0002B69D0C368B0
:104DA000002B66D090F82C40002C62D0826A002A3A
:104DB00060D04169054607221846CDE90012FFF789
:104DC0005FFF6B68022B51D83E4A52F82320002A1D
:104DD0004CD0D2F860C095F825102CF4403343F441
:104DE0008033136611B1E96901B10968AB6A53B147
:104DF000013B581801395369DB07FCD511F8013F15
:104E000081425366F7D15369DB01FCD4E968C2F8EB
:104E100060C0CB7C13B3D80704D5886A4FF0E0227A
:104E2000C2F800019A0704D5C86A4FF0E022C2F820
:104E30000401580704D5086B4FF0E022C2F80801BE
:104E40001A0704D5486B4FF0E022C2F80C01DB06CC
:104E500004D58A6B4FF0E023C3F8102100232046CD
:104E60002B7485F82C30AB6203B030BDEA68D37C7C
:104E70001BB90024204603B030BDD90704D5906A81
:104E80004FF0E021C1F800019D0704D5D06A4FF032
:104E9000E021C1F804015C0704D5106B4FF0E0215C
:104EA000C1F80801180704D5506B4FF0E021C1F894
:104EB0000C01D906DDD5926B4FF0E023C3F8102129
:104EC000D7E700BFF0080020437C30B583B0002B4B
:104ED00070D0C368002B6DD090F83040002C69D0A2
:104EE000C26A002A67D04169054607221846CDE903
:104EF0000012FFF7C5FE6B68022B58D8434A52F8E0
:104F00002320002A53D02B7ED2F860C0032B55D823
:104F1000012B94BF002301231B042CF440310B43CD
:104F200095F82910136611B1296A01B10968EB6A75
:104F300053B1013B581801395369DB07FCD511F80F
:104F4000013F81425366F7D15369DB01FCD4E96824
:104F5000C2F860C0CB7C13B3D80704D5886A4FF081
:104F6000E022C2F800019A0704D5C86A4FF0E02297
:104F7000C2F80401580704D5086B4FF0E022C2F8CC
:104F800008011A0704D5486B4FF0E022C2F80C0163
:104F9000DB0604D58A6B4FF0E023C3F81021002311
:104FA00020462B7485F83030EB6203B030BDEA68E0
:104FB000D37C33B90024204603B030BD4FF4003316
:104FC000ABE7D90704D5906A4FF0E021C1F80001A2
:104FD0009D0704D5D06A4FF0E021C1F804015C07B9
:104FE00004D5106B4FF0E021C1F80801180704D573
:104FF000506B4FF0E021C1F80C01D906DAD5926B65
:105000004FF0E023C3F81021D4E700BFF0080020E0
:105010002DE9F04FF1EE104A10B42DED108AC0F8D2
:1050200000D0EFF3148414F0020F0AD181F3098841
:1050300044F0020472B684F31488BFF36F8F62B633
:1050400009E081F3088824F0020472B684F314881E
:10505000BFF36F8F62B6BDEC108A10BCE1EE104A50
:10506000BDE8F08F08461168FFF7D2BF104B1A68F1
:105070000AB1104670470F4900B583B00846C1E930
:1050800000220192FDF7DCFC0A49019A0A480A71E4
:105090000860FDF7DBFC019A0649FDF7FDFC0549B8
:1050A0000648034B08600846196003B000BD00BF06
:1050B0002493002028930020E06400205465002001
:1050C000074A084BDFF820C051681B68ACFB03C3DC
:1050D0009B0C03FB00F053685B1A9842FBD87047A7
:1050E000001000E07078002083DE1B43014B18683D
:1050F000704700BFE02D012011F0CABD36290346DC
:1051000005D9244A07CA83E8070018467047224891
:105110000A018258C2F38732032A05D91F4A07CAF7
:1051200083E80700184670471B290FD8DFE801F015
:105130001E1E0E0E0E0E0E23230E0E1414140E0E33
:10514000191928280E0E0E0E0E0E2D2D00220121EB
:105150005A6019709A60D8E7114A07CA83E80700B5
:10516000D3E7104A07CA83E80700CEE70E4A07CA0A
:1051700083E80700C9E70D4A07CA83E80700C4E7C8
:105180000B4A07CA83E80700BFE70A4A07CA83E851
:105190000700BAE76C080020AC6C002078080020FB
:1051A0009C080020C00800208408002090080020EF
:1051B000B4080020A80800202DE9F04F8246B1B0C5
:1051C000944D002609E08DF86460FCF727FC9DF8FB
:1051D00064401AA8FBF730FD7CB1DAF800301AA859
:1051E0009B68AB42EFD019A8514698479DF86440A0
:1051F0001AA8FBF721FD002CEFD10AF12C040AF1CB
:105200000C012046FCF766F80AF10C00FBF774FE6F
:10521000DAF83030002B00F06E83DAF84C50002DB5
:1052200000F09583DAF8503005EBC306B54200F084
:10523000DA8355F8080B1430FBF75EFEAE42F8D166
:10524000DAF82C60002E38D0DAF8307006EBC70799
:10525000B74232D0DFF8C891B84607943068F4F707
:10526000BFFADAF84C300546002B00F05D81DAF821
:10527000502003EBC202934200F05681076802E01F
:105280009A4200F051811C6808332168B942F7D175
:10529000606869688842F3D1A068A9688842EFD144
:1052A000E068E9688842EBD13146083604F1140021
:1052B000FBF7D2FDB045D1D1079CDAE91353002D9D
:1052C00000F0FA8005EBC30EAE4500F0F58005F165
:1052D000080B514F0A94CDF820E006E0DDE90732D3
:1052E0000BF1080B934200F0E4805BF8086CCDF8FA
:1052F0001CB0B369002BF1D006F134052846FAF74B
:10530000F5FA5BF8083C5C69002C37D09B6904EB2C
:10531000C308444532D00834099654F8080CA14615
:10532000F4F738FADAF80410C6B20B689B68BB428F
:1053300068D1314619A8FFF7E1FE9DF86430C3B18A
:1053400054F8081C496F11F0030058D1334A02FB8E
:1053500001FCBCF1553F5BD803460320B1FBF0F0E4
:10536000314682B219A8FAF767FA19A92846FAF75E
:10537000E3FAC14504F10804CFD1099E2846FAF7A3
:10538000DFFA5BF8083C5C69002C56D0996904EBA5
:10539000C108444551D00834CDF824B018E0FFF7D7
:1053A000ADFE9DF864C001234A46294619A8BCF108
:1053B000000F09D0FAF756FA54F8083C1A995A6FB8
:1053C0008A4228BF0A466ABBD84504F1080430D097
:1053D00054F8080CA346F4F7DDF9DAF804C05FFAD4
:1053E00080F919A8DCF8003049469B68BB42D6D04A
:1053F00061464A4617A898479DF85CC0D3E703204A
:105400000023ABE7324617A898479DF85C3096E733
:105410000420A3E70105010001160100ABAAAAAA16
:1054200034890020196F08341998FCF7A1FAD8457F
:10543000CED1DDF824B05BF8083C96F8A420D3F870
:10544000A840002A40F04481002C00F05D812846ED
:10545000FAF766FB5BF8083C04468A49D3F8A800D3
:105460000368DA688A4240F049828268944228BF21
:1054700014467CB19B68844A934240F07182436831
:1054800018682246716BFCF773FA5BF8083CD3F896
:10549000A80003681B697D4A934240F03782406848
:1054A0000BF1080B04F06AF8DDE9073293427FF450
:1054B0001CAF0A9CDAF85030EBB15D1EEE0002E042
:1054C000083EC5B1013DDAF84C309A599269002A7C
:1054D000F6D123B1DAF85030B6EBC30FF0D0DAF8DA
:1054E0005030002BECD0F1100AF14C00083EFBF7D5
:1054F0006DFD002DE6D1DAF82C307BB1DAF83010F2
:1055000003EBC101994209D008330831002053F858
:10551000082C08338B4282F89000F8D1204631B035
:10552000BDE8F04FFBF7E8BCB02011F0C1FCB022A1
:105530000021044618F050FB554B2361FCF724FA78
:10554000544B1B6813F0010F534B0CD1534A514974
:105550001A60534A5A60534ADA60534A1A61534AEE
:105560005A6101220A60C4E909030023C4E9053332
:10557000E3616363E363C4E90B3308232362FCF74D
:1055800003FAD9F8003013F0010F494B0CD1494A06
:105590001A60494A5A60494ADA60494A1A61494AD6
:1055A0005A610122C9F8002000274FF00C0BC4E912
:1055B0001403C4E91077A764C4F84CB0C4E91677A3
:1055C000FCF7E2F9C4F880706067C4E91977C4E9B0
:1055D0001B7BC4E91E77FCF7D7F93221C4F88C7025
:1055E000C4F8A070A4F8A470C4E924B0C4E9217779
:1055F00004F14000C4E92677FBF728FCC4F8A87042
:10560000274619940FCD0FC72B6819A90AF14C0032
:105610003B60FBF749FC199D002D3FF445AED5F8E2
:10562000A870AFB13B68284A5B68934240F09A810A
:10563000264B3B607B683BB11846089304F008F9A1
:105640000898F42111F03AFC38460C2111F036FC90
:1056500005F18400FBF7E4FF05F16400FBF7E0FFD0
:1056600005F14000FBF7DCFF686B08B1FBF7DEFAE1
:1056700005F11400FBF7D4FF2846B02111F01EFC01
:1056800012E600BFBD010100B50101009D0501004A
:105690003027002000890020D4790020F528000060
:1056A000FD16000011170000E15E0000E14200005D
:1056B000407B0020C9010100D9010100E90101007E
:1056C000F5010100C50E0100051101003062002046
:1056D0000022C3F8A820BCB12368A54A5B689342A6
:1056E00040F03B81A34AD4F804902260B9F1000F46
:1056F00006D0484604F0ACF84846F42111F0DEFB31
:1057000020460C2111F0DAFB0DF16409382200214A
:105710004846FCF731F90022736E2792002B3FF4C4
:10572000DDADB16E01EB410103EB810199423FF424
:10573000D5AD0995984615460C46312A00F23881B8
:10574000042216A917A8CDF85890FCF711F917985C
:10575000042216A900F0030008F10C0809EB8000F0
:10576000169017A8FCF704F918F80C0C279AA04516
:1057700017998854279A18F8041C02F1010245EA87
:1057800001052792D9D12C46099D002A3FF4A6ADE8
:10579000002314AA13A928461593CDE9133315AB9A
:1057A000FAF7D6F9DAF80420E11C17A81368904636
:1057B0000991DA68159B0B92CDF85890B3FBF1F282
:1057C000279B16A9109204221193FCF7D1F8179B7E
:1057D000042216A917A803F0030309EB8303169309
:1057E000FCF7C6F85BF8083C63491868179A0C90F8
:1057F00058680D909868DB680E900B980F9388425C
:1058000040F0BC80F4200B9211F052FB9DF8443024
:10581000002C0B9A109C804600934FF00003A1B21D
:10582000019202934FF0000218BF062302F0CCFC55
:10583000BDF83C30BDF834204046BDF83010009330
:10584000BDF8383003F0FCF90999D8F8000001FBE5
:1058500004F20021C8F81C000B92CDF82480FCF75C
:105860008BF80C2011F024FB0B9A099B04465BF883
:10587000081C82603F4A436001F1A8031790026050
:1058800017A8984227D000231793D1F8A830C1F861
:10589000A840002B50D01A68354952688A4240F01F
:1058A0009F80344A5C681A6044B12046099303F033
:1058B000CFFF2046F42111F001FB099B18460C2173
:1058C00011F0FCFA179C002C36D02368284A5B683C
:1058D00093424AD1274A636822603BB11846099334
:1058E00003F0B6FF0998F42111F0E8FA20460C21E4
:1058F00011F0E4FA20E031B0BDE8F08F90475BF89A
:10590000083C0246D3F8A8000368AFE59847E5E4F1
:10591000013B042216A917A82793CDF85890FCF74D
:1059200027F8179B042216A917A803F0030309EB15
:1059300083031693FCF71CF8279B002BE8D15BF838
:10594000083CD3F8A830002B3FF4C8AC7FE5DAF868
:105950002C60002E7FF478ACACE520469847D3E667
:1059600098478EE53846984772E620469847E3E721
:105970000511010030620020ED0E01000F9B414631
:1059800017A805930E9B04930D9B03930C9BCDE9E5
:105990000123119B109A009323460B9CA0475BF8B0
:1059A000081C17AA01F1A8039A428BD0179C6AE73A
:1059B000214643462C46099D03F10C0093F808C08C
:1059C0001833884244EA0C043FF4E2AE007A8B427A
:1059D00044EA0004E4B2EFD1002A3FF47FACD7E6FA
:1059E000184690476EE7DAF82C60002E7FF42CAC56
:1059F00068E400BF2DE9F0416E4C82B00D46904640
:105A000021781F46089E002940F0AF80C8EB08129D
:105A10004FF0040EC7EB0713674F4FEAC20CDB00D1
:105A2000C6EB06160CF5FA7CC5EB051103F5FA7307
:105A3000624DF200A7FB0C6CC900A7FB03636E6FFD
:105A400001F5FA714FEA9C1C46F003069B09B1F57B
:105A5000FA6F6E67AE6A26F00E2646F00226AE6238
:105A60002E6A46F4C0162E6245688668C5F800E0C6
:105A70004FF01805356074D3A7FB017189094D1EDD
:105A80008E1CEDB2B44538BFB4460CF102089845FF
:105A900038BF9846B2F5803F60D241F2707E632AEB
:105AA00088BF9646464A022346781360136813F06F
:105AB0000203FBD1ACEB0100A8EB01011360A8EBE2
:105AC0000C0C013901384FEA58070CF1FF3C45EA4C
:105AD00001213C4DC0B2013F45EA062540EA0C20B9
:105AE000C2F88050FFB2C2F80031374B47F4F85784
:105AF000364D43EA062803F1807345EA062543EA5A
:105B0000062C334EFF23C2F80064324EC2F8806484
:105B100006F58066C2F80075C2F80484C2F8846491
:105B2000C2F804152C4E2D49C2F808C4C2F88814D6
:105B300001F5B821C2F80805C2F80C543568C2F85E
:105B40008C14C2F80CE513615361936195B1012087
:105B5000234B2070187002B0BDE8F0814FF6FF7E35
:105B6000A0E77646012502218CE70190FEF7DCF8DC
:105B700001984BE7082011F09BF90746294610F0E1
:105B8000A5FB3A79174B184943F8225043F82210E5
:105B9000164B3A79164902F01F0502F1100003EB8B
:105BA000521301223760AA409B00124D41F8205049
:105BB0001A60CCE7D42E0120D34D621000C00F40F4
:105BC00000001B40020003000200430003004300EA
:105BD0000100400100220001188E00200066000133
:105BE0006E7E002000C00E4001000080403800386A
:105BF000008000207901010010B5174C86B000200C
:105C0000A4469CF800E00CF10C0C8E4505D0013048
:105C10000928F6D1002006B010BD00EB40008C46EC
:105C200011461A4604EB8004099B8DF808C00093C6
:105C300094F801C0D4E90103084C8DF809C0041997
:105C400006481818089BCDE9034002A8FFF7D2FECA
:105C5000012006B010BD00BF8006002000801F405C
:105C6000364B2DE9F0431C7883B0002C5DD0344BCB
:105C70001C68002C59D000285BD0002959D0314D28
:105C80002B7803F0FF04002BFAD0B1F5805F0B46B0
:105C90002D4E804628BF4FF4805300213046DA1C39
:105CA000019322F0030791463A46FBF765FE414611
:105CB000019A3046FBF75CFE3346F119BFF34F8F74
:105CC0004FF0E022C2F8703F20339942FAD8BFF378
:105CD0004F8FBFF36F8F1D4AFF23C7F1000E1C4F7C
:105CE000106800214FEA990C20F001001060136148
:105CF0005361936101231363114B186803681E609D
:105D0000042699829961C3F80CE0C3E90176114E2B
:105D10001E610A26A3F816C0A3F81EC09E830523A1
:105D2000297000790C49C8761360204603B0BDE89D
:105D3000F0830024204603B0BDE8F083D42E012078
:105D4000188E00206E7E00200000202000001B40E6
:105D50000400020280031B4000800E4008461146EA
:105D6000FFF77EBF4368002B00F01A812DE9F04F4A
:105D700005469FB02B6806A829469B6898479DF862
:105D8000184007A8FAF758FF002CF3D105F12C08AA
:105D900005F10C014046FBF79DFA05F10C00FBF7FD
:105DA000ABF82B6B002B00F0EC80EF6A002F50D08B
:105DB00007EBC30B5F454CD00837DFF80892CDF8EE
:105DC000148057F8080CBA46F3F7E4FCC4B257F84D
:105DD000080C0394F3F704FD95F84C30804623B18A
:105DE00095F84D30A34200F0A98068686D4A0668B6
:105DF000F369934240F09E806B4B1B781BB1FDF71B
:105E000093FF68680668B368684A934227D1684B75
:105E1000039C03F16C011A780C33A24200F08880D5
:105E20008B42F8D1D34507F10807CAD1EB6ADDF8F8
:105E3000148073B1296B03EBC1018B4209D0083385
:105E40000831002053F8082C08338B4282F8900068
:105E5000F8D140461FB0BDE8F04FFBF74DB80399AD
:105E600098470028DED068680668D8F80830F668D9
:105E7000D8F80CE0D8E900120A4402EB030C4D4BB1
:105E80009E4270D14A4B0026039C1846049101782B
:105E90000C30A14206D00136092EC3D001780C3057
:105EA000A142F8D106EB46064348039403EB86066D
:105EB0008DF81840634604997468D6F808C0201815
:105EC000CDF800E0079070788DF819003A486044EA
:105ED000089006A8FFF78EFD039B05F150040126EC
:105EE00085F84D30B8E80F000FC4D8F800302360B3
:105EF00085F84C6057F8083C596F002992D06C68BF
:105F0000186F23682D4A1B69934244D1FFF7A8FEFE
:105F100068682B4A03689B69934235D199F8003031
:105F2000002BFBD0D34507F108077FF44AAF7DE78C
:105F300003949AE798476868066864E702682B6DDF
:105F40009A427FF452AF42686B6D9A427FF44DAF34
:105F50008268AB6D9A427FF448AFC268EB6D9A429B
:105F60007FF443AFC6E713460A460399CDE900CE56
:105F7000B0470028B0D1D34507F108077FF421AF1F
:105F800054E71FB0BDE8F08F9847D34507F10807E5
:105F90007FF417AF4AE70A46014620469847B7E71D
:105FA000704700BFCD0B0100D42E01203513010036
:105FB000800600204D2A010000801F40B12B010007
:105FC000A50101006E7E002070B5142182B0054647
:105FD0000420FBF7C7FC0D4A0023012602600422BF
:105FE000037400F10C03044646600DEB0201866069
:105FF00068460193FBF7BCFC009B054A28461A60E3
:106000002674C5E9003402B070BD00BF546300209F
:106010000862002070B5142182B005460420FBF709
:10602000A1FC0D4A0023012602600422037400F142
:106030000C03044646600DEB02018660684601933E
:10604000FBF796FC009B054A28461A602674C5E9B2
:10605000003402B070BD00BFB4630020AC62002009
:106060002E4B70B52E4E044640F8043BFFF7D2FF8E
:106070002C4DFBF789FC3368DA070BD42A4B2B60D5
:106080002A4B6B602A4BEB602A4B2B612A4B6B61CE
:106090000123336000230822E0612562C4E9033351
:1060A000C4E90532C4E90933FBF76EFC3368DB074A
:1060B0000BD41D4B2B601D4B6B601D4BEB601D4BC0
:1060C0002B611D4B6B610123336000230822C4E95F
:1060D0000B33C4E90D32C4E91133C4E90F05FBF7F2
:1060E00053FC1649164A0B6813F001030AD11360DA
:1060F000144B5360144BD360144B1361144B536116
:1061000001230B6000230821C4E91702C4E91333FB
:106110002046C4E91531C4E9193370BD4C62002032
:1061200000890020D4790020F5280000FD16000029
:1061300011170000E15E0000E14200001489002018
:10614000607A002035020100410201009D12010029
:1061500049020100294B70B51C689AB01CB3236832
:106160001B6A20469847E0B9254A1368ABB15B68C3
:106170001D46B3B1FEF700FA98B12368019020469E
:1061800029685B6A9847019AC0B12368204629684C
:10619000DB691AB0BDE8704018471A49C1E90033FD
:1061A00011601AB070BD184A1468002CD7D1174975
:1061B0001748184B0C4608601160D2E70546164890
:1061C000F9F794FF60222946044602A817F004FD5F
:1061D00002A8FBF723FC0A23104902A819938DF8A3
:1061E0006050FBF71DFF284602ABA4222146F9F7B9
:1061F0003DFF02A8FAF720FDFEE700BF148E002045
:1062000010930020149300201C9300202093002062
:1062100020650020E1000100E42A0020502B00202E
:1062200030B50546006C38B3A5F1040C8E4600234A
:10623000624601E083421FD052F8041F1C4601331E
:106240007145F7D183420AD20CEB8302214652F802
:1062500004CF45F821C0194601338342F7D1431ECC
:1062600000222B6445F823206A6CA24201D9013A2E
:106270006A64831E9A4200D830BD00236B6430BD2F
:106280002DE9F843254B054688461E68002E3AD076
:1062900033689B6A30464FF00109984707462A6CDD
:1062A000E2B16B6C93421BD25A1C55F823406A64CE
:1062B0006CB194F860300BBB94F861309BB9A36D5E
:1062C000C3B1E06D984710B194F8603093B1336872
:1062D00030469B6A9847C01B4045E0D3BDE8F88331
:1062E00001220023E1E72146284684F86090FFF769
:1062F00097FFECE72046FEF771F9E8E721462846CC
:10630000FFF78EFFE3E7064B1E68002EC0D1054E57
:10631000054A1E603260054BBCE700BF148E0020AA
:106320001C9300202093002020650020FD00010028
:106330000F4A08B513682BB15B683BB1BDE8084054
:10634000FFF708BF0B48C0E9003310600A4B18681C
:1063500028B1036C5BB1BDE80840FFF791BF48224C
:106360000146064817F038FC044A034B1A6008BD82
:106370001093002014930020C4920020C8920020A3
:106380000368114A9B6A934211D1104A13681BB1EA
:106390005B682BB1FFF7DEBE0D48C0E9003310602B
:1063A0000C4B186820B1036C63B1FFF769BF184745
:1063B00048220146084810B517F00EFC064A054B66
:1063C0001A6010BD704700BF853101001093002096
:1063D00014930020C4920020C89200202DE9F043BD
:1063E000074683B08946042030210026FBF7BAFA1D
:1063F000184B4FF001080422036000F10C030DEB71
:106400000201C0F804800546C0F8088080F82C60BE
:1064100068460193FBF7ACFA009C8DF80460FBF72B
:10642000C1FA01AA206149462046E661C4E9006636
:10643000C4E90268C4E90566FAF7FEFE4FF480730A
:10644000384685F82C803B81C7E9004503B0BDE89C
:10645000F08300BF6C6300200346487C20B918819C
:10646000C3E900001846704730B50C46097C87B078
:1064700059B95100B1F5802F15D900220121C3E986
:1064800000221981184607B030BD20683449806960
:10649000884252D10021217484F82C10A16251004D
:1064A000B1F5802FE9D803A8CDE90013FFF796FFD7
:1064B000E069039A0390E261206A049A04902262E0
:1064C000DDE90013A0B1FBF785FADDE9001378B12F
:1064D000049802689268904704988268013ADDE95E
:1064E0000013826022B90268D2689047DDE9001388
:1064F0009DF814C09DF8152084F824C084F8252048
:10650000AAB1E06998B1A162012184F82C10186049
:10651000206A586038B10093FBF754FA94F824C00D
:1065200094F82520009B83F808C05A72AAE700223D
:106530000221C3E900221981A4E7CDE900324FF01E
:10654000FF31034620469847DDE90032002890D10C
:106550000322C3E9000018461A8107B030BD00BF0E
:10656000310101000346487C20B91881C3E90000CD
:106570001846704730B50C46097C87B059B9910070
:10658000B1F5802F15D900220121C3E9002219811C
:10659000184607B030BD206834498069884252D11E
:1065A0000021217484F83010E1629100B1F5802F50
:1065B000E9D803A8CDE90013FFF710FF206A039A7A
:1065C00003902262606A049A04906262DDE900131B
:1065D000A0B1FBF7FFF9DDE9001378B10498026878
:1065E0009268904704988268013ADDE9001382605E
:1065F00022B90268D2689047DDE900139DF814C003
:106600009DF8152084F828C084F82920AAB1206AB2
:1066100098B1E162012184F830101860606A586016
:1066200038B10093FBF7CEF994F828C094F82920EC
:10663000009B83F808C05A72AAE700220221C3E92E
:1066400000221981A4E7CDE900324FF0FF31034663
:1066500020469847DDE90032002890D10322C3E9A3
:10666000000018461A8107B030BD00BF5501010077
:10667000437A1BB10368003B18BF012318467047DB
:106680004B7A33B10B6823B1D3E90023C0E900236F
:106690007047C0E900337047007A704710B5044670
:1066A00011F0ACFE0D4B1B78BBB10D4B1B78DB071B
:1066B00013D50C4B0C4A1B6812689B1A0E2B0CD975
:1066C00034B1204618F032F80146204611F01AFE87
:1066D0000648BDE8104010F00BB810BD002F012097
:1066E000FF2E0120E02D0120A82E0120647900203A
:1066F000F0B5742183B007460420FBF733F9324A22
:10670000002301260260042280F8703000F10C039F
:106710000DEB020146600546866068460193FBF773
:1067200027F9009C294B204640F8043BFFF74CFC1E
:10673000FBF72AF9264A1368D90738D5254E0023D6
:10674000C4E903336361C4E909330823C4E90706D4
:10675000A361FBF719F91E4A1368DB070BD41E4B24
:1067600033601E4B73601E4BF3601E4B33611E4B38
:106770007361012313604FF47F43E06301223846C5
:10678000A4F84C30194B266423660023C4E90B336C
:106790006363C4E91133C4E91433C4E9163308232D
:1067A000A36385F87020C7E9004503B0F0BD0A4B2C
:1067B0001660084E3360094B7360094BF360094B58
:1067C0003361094B7361BAE73C630020D861002054
:1067D00000890020D4790020F5280000FD16000073
:1067E00011170000E15E0000E142000030270020A8
:1067F000F0B57C2183B005460420FBF7B3F80E4AC0
:10680000002301260260042280F8783000F10C0396
:10681000044646600DEB0201866068460193FBF773
:10682000A7F8009F3846FFF71BFC284684F87860DD
:10683000C5E9007403B0F0BD846300202DE9F04386
:10684000064683B08946042040219046FBF78AF82B
:10685000184B002501270422036000F10C030446B5
:1068600047600DEB0201876080F83C506846019359
:10687000FBF77EF8D9F800203046009BC3E90128D9
:106880000D4ADD601A600D4A1D825A614FF6FF7293
:106890009D841A834FF0FF329D6283F82C509A76C4
:1068A000C3E9075584F83C70C6E9003403B0BDE87D
:1068B000F08300BF0C63002060610020002D3101D7
:1068C0002DE9F043064683B08946042044219046D2
:1068D000FBF748F8184B002501270422036000F15C
:1068E0000C0304460DEB0201476080F840508760BE
:1068F00068460193FBF73CF8D9F800203046009B2E
:106900000E49DD601D821D85DD6283F83050C3E9CC
:1069100001280B4A1A606FF0FE02C3E905124FF618
:10692000FF72C3E908559A8384F84070C6E90034C1
:1069300003B0BDE8F08300BF24630020002D3101C7
:106940009C61002070B59CB06022002104A817F063
:1069500043F904A8FBF762F800220A23A1488DF846
:1069600068201B93F9F7C2FB18B1014604A8FBF796
:1069700057FB9D4904A8FBF753FB5E2104A8FBF7D6
:106980005FFB9A4904A8FBF74BFB994904A8FBF766
:1069900047FB04A8FBF7D0FEFAF7DAFF04A8FAF7E2
:1069A0004BF96022002104A817F016F904A8FBF7A0
:1069B00035F800220A238B488DF868201B93F9F7DD
:1069C00095FB18B1014604A8FBF72AFB864904A8E9
:1069D000FBF726FB3F2104A8864CFBF731FB8349DC
:1069E00004A8FBF71DFB844904A8FBF719FB04A8C6
:1069F000FBF7A2FEFAF7ACFF04A8FAF71DF923682B
:106A000013F0010300F09C827C4C7D4D2B68DE0767
:106A100040F174827B4D2B68D80740F18282D4E923
:106A20000030CDE90430002800F05682FAF7CAFFA2
:106A3000049B43B1744B1B68D90740F1298204A918
:106A40007248FAF709FA059820B1FAF7C3FF00284F
:106A500040F0F9816E4BD3E90020CDE904200028F5
:106A600000F00782FAF7AEFF049B43B1664B1B6848
:106A7000DA0740F1108204A96448FAF7EDF90598A5
:106A800020B1FAF7A7FF002840F0BE81614BD3E99F
:106A90000020CDE90420002800F0CC81FAF792FF15
:106AA000049B43B1584B1B68DB0740F1EE8104A9FE
:106AB0005648FAF7D1F9059820B1FAF78BFF00286C
:106AC00040F093816022002104A817F085F804A803
:106AD000FAF7A4FF00220A2342488DF868201B938E
:106AE000F9F704FB18B1014604A8FBF799FA3E49EF
:106AF00004A8FBF795FA4B2104A8FBF7A1FA3B4940
:106B000004A8FBF78DFA444904A8FBF789FA04A806
:106B1000FBF712FEFAF71CFF04A8FAF78DF86022C3
:106B2000002104A817F058F804A8FAF777FF00220C
:106B30000A232C488DF868201B93F9F7D7FA18B16F
:106B4000014604A8FBF76CFA274904A8FBF768FA8A
:106B50002C2104A8314CFBF773FA244904A8FBF755
:106B60005FFA2F4904A8FBF75BFA04A8FBF7E4FDE2
:106B7000FAF7EEFE04A8FAF75FF8236813F00103B2
:106B800000F03882274C284D2B68DE0740F1238225
:106B9000264D2B68D80740F10F82D4E90030CDE9AB
:106BA0000430002800F0A181FAF70CFF049B43B1E8
:106BB0001F4B1B68D90740F1658104A91D48FAF7EE
:106BC0004BF9059820B1FAF705FF002840F0EE8058
:106BD000194BD3E90020CDE90420002800F0FC8007
:106BE0002CE000BF7C2B0020001E0020540E002053
:106BF000002C002054890020282C0020B48F002075
:106C0000588900205C890020EC880020B088002092
:106C1000BC8F0020C48F0020642C002048890020F5
:106C20008C2C00209C8F00204C8900205089002053
:106C3000E888002090880020A48F0020FAF7C2FE88
:106C4000049B43B1984B1B68DA0740F12A8104A9E1
:106C50009648FAF701F9059820B1FAF7BBFE00282B
:106C600040F08580924BD3E90020CDE90420002834
:106C700000F09380FAF7A6FE049B43B18A4B1B6891
:106C8000DB0740F10B8104A98848FAF7E5F805987D
:106C900018B1FAF79FFE00285BD16022002104A8FA
:106CA00016F09AFF04A8FAF7B9FE00220A238148D9
:106CB0008DF868201B93F9F719FA18B1014604A85A
:106CC000FBF7AEF97C4904A8FBF7AAF9382104A820
:106CD000FBF7B6F9794904A8FBF7A2F9784904A8AB
:106CE000FBF79EF904A8FBF727FDFAF731FE04A88D
:106CF000F9F7A2FF6022002104A816F06DFF04A896
:106D0000FAF78CFE00220A236A488DF868201B934C
:106D1000F9F7ECF918B1014604A8FBF781F96649C7
:106D200004A8FBF77DF904A86421FBF789F96349FE
:106D300004A8FBF775F9634904A8FBF771F904A8E7
:106D4000FBF7FAFCFAF704FE04A8F9F775FF1CB08C
:106D500070BD059803689B68984705988368013B58
:106D60008360002B99D10368DB68984795E7059805
:106D700003689B68984705988368013B8360002BF4
:106D80007FF470AF0368DB689847494BD3E9002074
:106D9000CDE9042000287FF46DAF002A3FF47DAFD9
:106DA000414B1B68DB073FF56EAF77E00598036842
:106DB0009B68984705988368013B8360002B7FF4AC
:106DC00007AF0368DB6898473F4BD3E90020CDE964
:106DD000042000287FF432AF002A3FF443AF324B47
:106DE0001B68DA073FF533AF5BE0059803689B68E3
:106DF000984705988368013B8360002B7FF462AE5F
:106E00000368DB6898475DE6059803689B689847C8
:106E100005988368013B8360002B7FF437AE0368DD
:106E2000DB689847294BD3E90020CDE904200028EE
:106E30007FF434AE002A3FF445AE254B1B68DB07D8
:106E40003FF535AE21E0059803689B6898470598A3
:106E50008368013B8360002B7FF4FCAD0368DB6833
:106E600098471C4BD3E90020CDE9042000287FF48B
:106E7000F9AD002A3FF40AAE154B1B68DA073FF55F
:106E8000FAAD08E0FCF7F6FF97E6FDF73FF80EE6EF
:106E9000FDF73CF8D3E5FDF739F8ECE5FCF7EAFF40
:106EA000F1E6FCF7E7FFD2E6E888002090880020B2
:106EB000AC8F00207C2B0020001E0020540E0020F0
:106EC000B82C0020E02C0020A48F0020C48F0020CC
:106ED000EC880020BC8F0020002B3FF4BBAD634B3F
:106EE0001B68D9073FF5ABADD2E7002B3FF470AE7E
:106EF0005F4B1B68D9073FF560AEC3E701235D4ACE
:106F000004A95D480493FFF7DBFC01235B4A5C495D
:106F10002B605C4D584811F055FB2B68D8073FF5A6
:106F20007EAD022304A9584A58480493FFF7C8FCD1
:106F30000123524A524955482B6011F043FB6EE53C
:106F4000442104200193FAF70DFD514A0126019BCB
:106F50000546026000F10C02466004A980F840304A
:106F6000866003A804920422FAF702FD0399019BAC
:106F7000DFF844C14B60CB600B820B85CB6281F89C
:106F800030302660434C3D4A2046C1E90833424B2D
:106F90000B60424B8B606FF0FE03C1E905C34FF6F7
:106FA000FF738B834FF00103C4E9001585F840306F
:106FB000334911F007FB28E5022304A9324A384877
:106FC0000493FFF73BFC01232C4A364934482B60DD
:106FD00011F0F8FAE1E5012304A9264A32480493A6
:106FE000FFF72CFC0123254A2E492F482B6011F076
:106FF000E9FACDE5402104200193FAF7B3FC2B4ACE
:107000000126019B0546026000F10C02466004A9BE
:1070100080F83C30866003A804920422FAF7A8FCAA
:107020000399019B26604B60CB600B828B848B6243
:1070300081F82C301E4C114A2046C1E907331D4B04
:107040000B60164B8B601C4B4B614FF6FF730B8331
:107050004FF0FF338B764FF00103C4E9001585F83C
:107060003C30104911F0AEFA8DE500BFEC880020ED
:10707000E8880020542C0020BC8F00208C7B00204E
:10708000390401005C8900205C2C0020C48F0020A2
:1070900024630020B48F00209C610020D01E0020BB
:1070A000AC8F002075040100A48F00200C63002029
:1070B0009C8F002060610020002D31012DE9F04FF0
:1070C000C7B0602200212EA816F086FD2EA8FAF780
:1070D000A5FC00220A23AE488DF810214593F9F74C
:1070E00005F818B101462EA8FAF79AFFA9492EA86B
:1070F000FAF796FF89212EA8FAF7A2FFA6492EA833
:10710000FAF78EFFA5492EA8FAF78AFF2EA8FBF7FB
:1071100013FBFAF71DFC2EA8F9F78EFDF3F7BEFB63
:107120006022002103902EA816F056FD2EA8FAF733
:1071300075FC00220A2396488DF810214593F8F734
:10714000D5FF18B101462EA8FAF76AFF91492EA87B
:10715000FAF766FF6E212EA8FAF772FF8E492EA865
:10716000FAF75EFF8E492EA8FAF75AFF2EA8FBF712
:10717000E3FAFAF7EDFB2EA8F9F75EFD26A8FFF774
:10718000B7FADDE92630CDE92E3008B1FAF71AFC5E
:1071900003982EAA0821F2F7D1FF2F9820B1FAF711
:1071A00019FC002840F0D883602200212EA816F098
:1071B00013FD2EA8FAF732FC00220A2374488DF83A
:1071C00010214593F8F792FF18B101462EA8FAF75F
:1071D00027FF70492EA8FAF723FF73212EA8FAF78C
:1071E0002FFF6D492EA8FAF71BFF6E492EA8FAF75C
:1071F00017FF2EA8FBF7A0FAFAF7AAFB2EA8F9F7BB
:107200001BFD279820B1FAF7E5FB002840F07783B3
:10721000602200212EA816F0DFFC2EA8FAF7FEFB54
:1072200000220A235A488DF810214593F8F75EFF93
:1072300018B101462EA8FAF7F3FE56492EA8FAF720
:10724000EFFE78212EA8FAF7FBFE53492EA8FAF795
:10725000E7FE55492EA8FAF7E3FE2EA8FBF76CFAD5
:10726000FAF776FB2EA8F9F7E7FC26A8FFF7C0FA95
:10727000DDE92630CDE92E3008B1FAF7A3FB0398FB
:107280002EAA0521F2F75AFF2F9820B1FAF7A2FB98
:10729000002840F07083602200212EA816F09CFC8C
:1072A0002EA8FAF7BBFB00220A2339488DF81021DB
:1072B0004593F8F71BFF18B101462EA8FAF7B0FE68
:1072C00034492EA8FAF7ACFE7D212EA8FAF7B8FEB5
:1072D00031492EA8FAF7A4FE34492EA8FAF7A0FEE9
:1072E0002EA8FBF729FAFAF733FB2EA8F9F7A4FC2E
:1072F000279820B1FAF76EFB002840F0F182602257
:1073000000212EA816F068FC2EA8FAF787FB0022B1
:107310000A231F488DF810214593F8F7E7FE18B1AE
:1073200001462EA8FAF77CFE1A492EA8FAF778FE35
:1073300029212EA8DFF89490FAF782FE16492EA88C
:10734000FAF76EFE1A492EA8FAF76AFE2EA8FBF786
:10735000F3F9FAF7FDFA2EA8F9F76EFCFAF714FB29
:10736000144B1B68DC0733D4134B124AC9F80030A6
:10737000124BC9F80430124BC9F80C30114BC9F844
:107380001030114BC9F814300123136020E000BF06
:10739000082D0020001E0020540E0020942D0020F7
:1073A000C82D0020F82D00202C2E0020602E00205B
:1073B000982E002010890020FD0301001902010011
:1073C0002D02010049180100910E0100447A0020AD
:1073D0000024082300260027042509930894CDE9FA
:1073E0000A09CDE90644CDE90C67FAF7CDFA109405
:1073F000129013941195CDE90E44CDE91467FAF774
:10740000C3FA8D4B18941A781B94CDE91C67CDE90B
:107410001950CDE91644002A00F0C782874B1B683B
:10742000D80740F1BF82602200212EA816F0D4FBBD
:107430002EA8FAF7F3FA002381488DF810310A23B9
:107440004593F8F753FE18B101462EA8FAF7E8FD68
:107450007C492EA8FAF7E4FD33212EA87A4DFAF7DD
:10746000EFFD7A492EA8FAF7DBFD79492EA8FAF745
:10747000D7FD2EA86968FAF7F9FD76492EA8FAF724
:10748000CFFD2EA8FBF758F9FAF762FA2EA8F9F704
:10749000D3FB2C68002C45D06B6804EBC308444533
:1074A00040D008340EAE16AF4FF0070BDFF8B8A18E
:1074B00009E080682E902EA93846F9F7F5FCA8451A
:1074C00004F1080430D054F8083C2546002BF6D0CF
:1074D00054F8040C2E932F9008B1FAF773FA06A80B
:1074E0002EA9F9F7E1FC2F9870B1FAF773FA58B1A9
:1074F0002F9803689B6898472F988368013B8360A7
:1075000013B90368DB68984730462EA9CDF8B8B0A8
:10751000F9F7CAFC54F8080C03689B6A5345C8D0B5
:107520009847C7E70EAE16AF4B4B1A78002A00F00B
:1075300034824A4B1B68D90740F12C82602200211B
:107540002EA816F049FB2EA8FAF768FA00233C484B
:107550008DF810310A234593F8F7C8FD18B101469C
:107560002EA8FAF75DFD37492EA8FAF759FD4121FB
:107570002EA83B4DFAF764FD34492EA8FAF750FDCA
:1075800033492EA8FAF74CFD2EA86968FAF76EFD6C
:1075900034492EA8FAF744FD2EA8FBF7CDF8FAF7E8
:1075A000D7F92EA8F9F748FB2C68002C60D06B683F
:1075B00004EBC30844455BD008344FF0060BDFF8FA
:1075C000ACA009E080682E902EA93846F9F76CFC33
:1075D000A84504F108044BD054F8083C2546002B7C
:1075E000F6D054F8040C2E932F9008B1FAF7EAF96C
:1075F00006A82EA9F9F758FC2F9870B1FAF7EAF906
:1076000058B12F9803689B6898472F988368013B6F
:10761000836013B90368DB68984730462EA9CDF81C
:10762000B8B0F9F741FC54F8080C03689B6A53455D
:10763000C8D09847C7E700BFE62E0120EC8800209D
:10764000082D0020001E0020B0880020540E0020CD
:10765000D02E0020E42E0020E52E0120E888002016
:1076600090880020F82E00207501010051010100D2
:10767000079C002C00F0CF80A8490A9B0A68D2071B
:1076800010D4A74AC9F80020A64AC9F80420A64A7F
:10769000C9F80C20A54AC9F81020A54AC9F8142039
:1076A00001220A6000244FF0000806A92EA8042534
:1076B0003094CDE9323908234FF000093193CDE9F8
:1076C0003489CDE92E44F9F7C7FE129B314626A82E
:1076D00029952A9328942B94CDE92C89CDE9264429
:1076E000F9F7BAFE1A9B39461EA8219504AD2293DC
:1076F00020942394CDE92489CDE91E44F9F7ACFE0A
:107700008C4B26AA2EA9284600931EABF3F772F9DC
:107710001EA8F9F785FF26A8F9F782FF2EA8F9F72A
:107720007FFFD5F80080B8F1000F00F05281DDE94D
:107730000E3101291C6809D903EB8101043953F882
:10774000042F9442B8BF14469942F8D16868CDF826
:10775000B8802F9008B1FAF735F903982EAA214680
:10776000F2F7ECFC2F9820B1FAF734F9002840F03A
:107770002181602200212EA816F02EFA2EA8FAF7F9
:107780004DF900236C488DF810310A234593F8F722
:10779000ADFC18B101462EA8FAF742FC67492EA8A5
:1077A000FAF73EFC61212EA8FAF74AFC64492EA89C
:1077B000FAF736FC63492EA8FAF732FC07992EA88F
:1077C000FAF754FC60492EA8FAF72AFC21462EA8A5
:1077D000FAF736FC5D492EA8FAF722FC2EA8FAF734
:1077E000ABFFFAF7B5F82EA8F9F726FA6868002873
:1077F0003DD0FAF7EFF8002839D0686803689B6835
:10780000984768688368013B8360002B2FD1036829
:10781000DB6898472BE0602221462EA816F0DCF9A1
:107820002EA8FAF7FBF80A2343488DF81041459338
:10783000F8F75CFC18B101462EA8FAF7F1FB3F49B6
:107840002EA8FAF7EDFB68212EA8FAF7F9FB3C49C0
:107850002EA8FAF7E5FB3E492EA8FAF7E1FB2EA881
:10786000FAF76AFFFAF774F82EA8F9F7E5F938463F
:10787000F9F7D6FE3046F9F7D3FE06A8F9F7D0FEA1
:10788000602200212EA816F0A7F92EA8FAF7C6F854
:1078900000220A2328488DF810214593F8F726FC8A
:1078A00018B101462EA8FAF7BBFB24492EA8FAF717
:1078B000B7FB2EA89621FAF7C3FB21492EA8FAF7A9
:1078C000AFFB24492EA8FAF7ABFB2EA8FAF734FF3A
:1078D000FAF73EF82EA8F9F7AFF947B0BDE8F08FF8
:1078E000279803689B68984727988368013B8360C3
:1078F000002B7FF404AD0368DB689847FFE427980A
:1079000003689B68984727988368013B8360002B36
:107910007FF47EAC0368DB68984779E41089002027
:10792000FD030100190201002D02010049180100A8
:10793000910E01000C2F0020082D0020001E0020B9
:10794000540E0020182F0020482F0020942E0020D5
:10795000942F0020C82F00202F9803689B68984719
:107960002F988368013B8360002B7FF41DAC036874
:10797000DB68984718E42F9803689B6898472F980E
:107980008368013B8360002B7FF485AC0368DB6870
:10799000984780E4FCF76EFAD0E501221A70FEF7F2
:1079A000D1FFC6E5FCF7B2FA3DE501221A70FEF7F9
:1079B000C9FF33E52F9803689B6898472F98836821
:1079C000013B8360002B7FF4D4AE0368DB689847EB
:1079D000CFE60F48F8F78AFB6022414604462EA8FE
:1079E00016F0FAF82EA8FAF719F80A2309492EA872
:1079F00045938DF81081FAF713FB40462EAB2146D4
:107A00006522F8F733FB2EA8F9F716F9EEE600BF6A
:107A1000082D0020602F0020054A136813B1054A85
:107A200013607047044905480B4611600860F6E78B
:107A300030930020148E00203493002094650020A1
:107A40000120704710B40023D1E90042C1E900339E
:107A50000460426010BC70470023C0E900337047E7
:107A600003685B68184700BFD1E90023C0E9002321
:107A700013B11846F9F7A6BF704700BF90F86830F9
:107A800003B9704700B585B000F1100C042203A9BA
:107A9000019002A8CDF80CC0F9F76AFF02980268BD
:107AA000526890470022019B83F8682005B000BD12
:107AB000BAB100EBC20C0B1D002230B408304C6888
:107AC00053F8045C0831604543F8042C40F8085C26
:107AD00003F1080341F8042C40F8044CEED130BC0B
:107AE00070477047294A10B504461068D8B1D0E9EC
:107AF0000032191E03EBC20C18BF012100292168B6
:107B000008BF4FF0000C03E01A680833914209D017
:107B10006345F9D12146F9F79FF92068BDE8104087
:107B2000F5F786BE10BDF9F72FFF194B174A1968F4
:107B300011F0010F174917D1DFF860C0C1F800C07C
:107B4000DFF85CC0C1F804C0DFF858C0C1F80CC051
:107B5000DFF854C0C1F810C0DFF850C0C1F814C03D
:107B60004FF0010CC3F800C00B4BC3E904011360D4
:107B7000082100221846C3E90221C3E90022C3E913
:107B80000622944613461146B8E700BFA092002093
:107B90000C890020287A0020A4920020BD48010012
:107BA00099480100AD480100194B01000549010049
:107BB00000293ED0F0B50E4685B0044600251D4F85
:107BC0006068B0B1F9F706FF98B163681A68926807
:107BD000BA4227D193F868208AB99A68013A9A6024
:107BE0003AB91A681448D16881421FD152681846C0
:107BF000904701350834AE42E2D105B0F0BD03F143
:107C0000100203A902A8019303920422F9F7B0FE1F
:107C10000298026852689047019B002283F868200E
:107C20006368DAE7184690476368D6E718468847DE
:107C3000DFE77047D1480100B5480100436803B34E
:107C400010B5044684B01846F9F7C4FEB8B16368AD
:107C50001A491A6892688A4227D193F868208AB92B
:107C60009A68013A9A6052B91A681548D1688142F7
:107C70001FD15268184604B0BDE81040104704B048
:107C800010BD704703F11000042203A90193039073
:107C900002A8F9F76DFE0298026852689047019BAE
:107CA000002283F868206368DAE718469047636823
:107CB000D6E7184604B0BDE810400847D148010097
:107CC000B548010010B588424FF0000484B0D0E9F7
:107CD00000C2C0E900444B6806D00C68C0E900430C
:107CE000C1E900C204B010BDC0E900C2002BF9D048
:107CF00018460193F9F76EFE0028F3D0019B19494D
:107D00001A6892688A4222D193F868207AB99A68F0
:107D1000013A9A60002AE5D11A681348D168814275
:107D20001AD15268184604B0BDE81040104703F15C
:107D30001000042203A9039002A8F9F719FE029883
:107D4000026852689047019B83F86840DFE7184655
:107D500001939047019BDAE7184604B0BDE8104054
:107D6000084700BFD1480100B548010003680BB1C6
:107D7000FFF7B8BE704700BF034B1B681BB1997576
:107D8000DB68002BFBD17047048E0020124B1A6871
:107D900002F1010C8A42C3F800C000DA704710B546
:107DA0000446F9F7D1FD0C4B4FF47A7C0B4A196865
:107DB0000CFB01F14FF0000CC3F800C01368C01AAF
:107DC000012838BF0120B1FBF0F16180F9F7BCFD5B
:107DD000024A106010BD00BF389300203C93002081
:107DE0002DE9F04F85B00546544E0091FAF72EFE6E
:107DF000FAF7ECFE6B6823B90CE0FBF73FF96B6810
:107E000043B1F9F7A3FD34686A680421031BFA2023
:107E10009342F2D3F9F79AFDEB6830601BB1A96881
:107E2000009898470090464B1C68002C33D0DFF830
:107E300018810026DFF814B1DFF814A14746B146D7
:107E400016E05245A16823D1A37D042202A903A80C
:107E50000293F9F78DFD03986B88013647F8040B00
:107E6000632B98BF84F81690E4681CB3402E21D091
:107E700094F834000028EFD023685A6ADB695B4528
:107E8000DFD0019220469847019A01465245DBD047
:107E900020469047E0E719212846FFF777FFFAF7D9
:107EA000D5FDFAF713FFFAF7D1FD05B0BDE8F04FA5
:107EB000FAF7CCBE224B1E68002EECD04FF0000922
:107EC000009F06E009F10109F668B9F1400F11D0F1
:107ED00086B196F83430002BF4D0306809F10109EE
:107EE0003B4644683046D6E90112A047B9F1400F3D
:107EF000F668EDD1124B1C68002CCCD00026114F37
:107F00000BE0CDF808C0F9F733FD039BA375E468D7
:107F10000136002CBFD0402EBDD094F8343004225E
:107F200002A903A8002BF2D0236858F826C09B6A48
:107F3000BB42E6D0614620469847E8E79C8A00208D
:107F4000048E0020E91800008089002079110000CB
:107F5000CD18000070B51A4B0025044624220E46A9
:107F60002946C0E90035C0E90255103015F034FE4D
:107F7000144B84F824501A68110C22821A88A174B8
:107F8000A4F8132002229978012384F83020617527
:107F9000A37584F834300EB1204670BD0A4A1368C8
:107FA0005BB19C42F8D0DB68002BFAD1074B1A6812
:107FB00002B1D46020461C6070BD1460F6E700BFBB
:107FC000F8600020EC080020048E0020088E0020BD
:107FD000074A136813B904E0DB681BB19842FBD170
:107FE00070471060034B1A6802B1D0601860704788
:107FF000048E0020088E0020054B1B6813B905E095
:10800000DB681BB19842FBD10120704718467047CE
:10801000048E00200029B4BF02898AB2406820B1D2
:1080200002EB42020021F9F7A7BC704798B1DFF8D4
:1080300040C0DCF8003073B1002103E0DA68194673
:10804000134642B19842F9D1C36829B1CB603BB124
:108050000023C36070477047CCF80030002BF7D185
:10806000024B19600023C360704700BF088E0020D8
:10807000048E0020104B10B503600446FFF7D6FFB6
:1080800090F8303023B994F824305BB9204610BD05
:108090000A4A013B2C3052F82330984794F8243098
:1080A000002BF3D0064A013B04F1180052F82330AC
:1080B0009847204610BD00BFF860002048680020A7
:1080C0000468002030B5002383B0ADF800308DF88F
:1080D0000230B8B1044601F1FF3C013AEE468D1C76
:1080E00012F8011F1CF8010F4B1C38B100FB0333C1
:1080F00021B104FB03F31B0C8EF80030AC450EF1EC
:10810000010EEDD1009B0020D9B2C3F30722C3F3C7
:10811000074361F3070062F30F2063F3174003B0D6
:1081200030BD00BF0B46103130B5154687B003F1A6
:10813000130204462846CDE90012FFF7C3FF8DF86D
:108140001400C0F30723C0F307408DF815308DF8F5
:108150001600FF20059BADF810301B0C8DF8123077
:10816000A370BDF81030DDE900122380FFF7AAFFED
:10817000C0F30721C0F307428DF8100020468DF8A8
:1081800012208DF81110049BA5711A0CADF80C305B
:10819000BDF80C306271A4F8033007B030BD00BFE9
:1081A000044B0022FF204FF0FF315A60DA60186064
:1081B00099607047608700200369988B80F0800089
:1081C000C0F3C010704700BF38B59DF810C00D4611
:1081D000C2610446624680F822304FF601632330C4
:1081E000372A28BF3722B1FBF2F180F8592020F856
:1081F000031CA3610599C4E904339DF8183084F881
:10820000603000236360FF2323726FF07F43E360DD
:10821000124BC4F86230A3F5FA73C4F86630F9F76C
:10822000A7FB94F8223003F03F03052B0BD805EB96
:1082300045000EF03FFE238C2060204603EB4303F5
:10824000C4F8803038BDA8000EF034FE238C2060C6
:1082500020469B00C4F8803038BD00BFE2042C01EA
:10826000000000002DE9F04FB44EA3B08046346802
:1082700014F0010400F05E83002398F87C20CDE91F
:108280000633CDE90833002A00F02C8408F12206D9
:10829000DFF8CCA20193C2E0002F7ED0A8480024D2
:1082A000F7F724FF6022834600210AA84FF00A094D
:1082B00015F092FC0AA8F9F7B1FBA2490AA88DF8BB
:1082C0008040CDF88490F9F7ABFE0AAB5946A02266
:1082D0002046F7F7CBFE0AA8F8F7AEFC9848F7F768
:1082E00005FF6022834621460AA815F075FC0AA8FE
:1082F000F9F794FB94490AA88DF88040CDF8849052
:10830000F9F78EFE29460AA8F9F79AFE8F490AA8BE
:10831000F9F786FE0AAB5946A1222046F7F7A6FEDA
:108320000AA8F8F789FC8648F7F7E0FE60222146A4
:1083300083460AA815F050FC0AA8F9F76FFB3946E6
:108340000AA88DF88040CDF88490F9F769FE0AAB51
:108350005946A2222046F7F789FE0AA8F8F76CFCD6
:108360007748F7F7C3FE6022214607460AA815F0B2
:1083700033FC0AA8F9F752FB72490AA8CDF8849099
:108380008DF88040F9F74CFE20460AAB3946A3220F
:10839000F7F76CFE0AA8F8F74FFC2B010AEB051261
:1083A0005AF80340C4F38734032C00F2DB80D06812
:1083B000019990FAA0F086F898400131B0FA80F067
:1083C000C9B286F86100019191685AF8032022AB86
:1083D00003EB840501230432834055F8700C1843E5
:1083E00045F8700C086820F0F9000860086840F053
:1083F00018000860564850F8241021EA030140F89C
:108400002410544811580B431350009BA3F1210230
:1084100098F87C30A2EB08029A4280F037810096EF
:1084200003A816F8015F2946FCF768FE9DF80C408A
:10843000059F002C7FF430AF41484FF00A09F7F751
:1084400055FE6022834621460AA815F0C5FB0AA8FE
:10845000F9F7E4FA3B490AA88DF88040CDF88490FA
:10846000F9F7DEFD0AAB594697222046F7F7FEFDE5
:108470000AA8F8F7E1FB3248F7F738FE60222146F8
:1084800083460AA815F0A8FB0AA8F9F7C7FA3249EB
:108490000AA88DF88040CDF88490F9F7C1FD2946EF
:1084A0000AA8F9F7CDFD2D490AA8F9F7B9FD0AABDD
:1084B000594698222046F7F7D9FD0AA8F8F7BCFBE1
:1084C0001F48F7F713FE6022214605460AA815F05B
:1084D00083FB0AA8F9F7A2FA8DF88040CDF88490C2
:1084E0001FB139460AA8F9F79BFD0AAB2946992224
:1084F0000020F7F7BBFD0AA8F8F79EFB1048F7F736
:10850000F5FD6022054600210AA8002415F064FB51
:108510000AA8F9F783FA0A230A490AA821938DF8D1
:108520008040F9F77DFD20460AAB29469A22F7F7ED
:108530009DFD0AA8F8F780FB67E700BFF4880020DC
:10854000F02F002060300020803100209831002082
:1085500068C00A4000801BFE483100205C310020CA
:10856000AC6C002043480027F7F7C0FD602283462B
:1085700000210AA84FF00A0915F02EFB0AA8F9F706
:108580004DFA3D490AA88DF88070CDF88490F9F72E
:1085900047FD0AAB5946AA223846F7F767FD0AA8F5
:1085A000F8F74AFB3348F7F7A1FD602239468346C6
:1085B0000AA815F011FB0AA8F9F730FA2F490AA802
:1085C0008DF88070CDF88490F9F72AFD29460AA825
:1085D000F9F736FD2A490AA8F9F722FD21460AA82B
:1085E000F9F72EFD27490AA8F9F71AFD0AAB5946F3
:1085F000AB223846F7F73AFD0AA8F8F71DFB1D48ED
:10860000F7F774FD6022394604460AA815F0E4FA2B
:108610000AA8F9F703FA1C490AA88DF88070CDF86A
:108620008490F9F7FDFC0AAB2146AC223846F7F7F7
:108630001DFD0AA8F8F700FB0E48F7F757FD60226A
:10864000394604460AA815F0C7FA0AA8F9F7E6F968
:1086500009490AA8CDF884908DF88070F9F7E0FCFC
:1086600038460AAB2146AD22F7F700FD0AA8F8F715
:10867000E3FACAE6F02F00206030002048310020E5
:10868000AC310020942E0020D0310020019A002A25
:1086900000F02882934200F2A18108F16C001022C0
:1086A00006A920F01F04F9F763F908F17C02BFF373
:1086B0004F8F4FF0E023C3F8704F2034A242FAD816
:1086C000BFF34F8FBFF36F8FAE4B0024B8F862201B
:1086D000252593ED006A4FF0410E93ED007A01EEEF
:1086E000102AB8EE466A93ED004AB8EE477AB8F819
:1086F0006420B8EE444AB8F86630B7EEC66A02EEB7
:10870000102AB7EEC77A03EE103AB7EEC44A9E4B72
:10871000B8EE411B0527B8EE422B43F2230CB8EE0E
:10872000433B43F20B06994A21462420DFF89CB2D2
:10873000DFF89CA29FED910B86EE005B87EE006B4D
:1087400084EE007B25EE015B26EE026BBCEEC55B82
:1087500027EE037B15EE109ABCEEC66BA8F85A9074
:10876000BCEEC77B16EE109AA8F85C9017EE109A34
:10877000A8F85E90B3F81E9029F00709A3F81E90A0
:10878000DD81A3F814E05C81DC80B8F85AE0DFF802
:108790004492A3F800E0B8F85AE0A3F810E0A3F878
:1087A0000CC0DF855C85DC84B8F85CC0A3F820C011
:1087B000B8F85CC0A3F830C09E85A3F84E70A3F84B
:1087C0004A40A3F84640B8F85E70A3F84070B8F885
:1087D0005E70A3F850704FF48047A3F84C60136F9D
:1087E0006B4E43F4400313670EF054FC28460121FE
:1087F000684D0EF04FFC022126200EF04BFC664B1C
:108800001D2241F61D512846A3F884102146A3F8E5
:1088100086200DF05BFD2B68604A4FF0080C1A6053
:108820005F4A2B68C3E901B9DC60D8F880009A611F
:10883000D8F88010C0001E61C900D882594E286A3D
:10884000D9839F82A3F81CC02979574B46F8214051
:1088500046F82130554B5649036005EB0C002B6A56
:10886000C3F810A0DC60C3E90119A0212B6AD982EA
:108870009F82D98321469C839B610DF027FDAB68C5
:10888000296A988B0A6820F08000D1E901EC98836E
:10889000C8681A60C3F804E0C3F808C0D860D1E91A
:1088A00004ECD1E90601C3F810E0C3F814C09861E4
:1088B000D961BFF35F8F3F494FF0010C2B7BDFF88D
:1088C00018E146F8234046F823103B4B287B00F084
:1088D0001F0103EB501310300CFA01FC9B003749C9
:1088E00041F820E0214605F11000C3F800C00DF06A
:1088F000EDFC2B69294A1A602B69294AC3F810A09C
:10890000C3F804B0C3E902942B69D8F880109A61C7
:10891000D8F88020C9009F82D200D982287DDA83CE
:1089200088229A83264B46F8204046F8203023B010
:10893000BDE8F08F174D214628460DF0C7FC2146B3
:1089400005F108000DF0C2FC214605F110000DF004
:10895000BDFC05F1400328461A4A2B6201231A493F
:108960002C666C66AC6685F86C40C5F8DC403360FC
:108970000FF028FE80E400BFAFF30080000000008D
:1089800065CDCD416C78002000801E4000C00F40B6
:1089900084801B40A084002000C03B4000102020A9
:1089A0000000FFFF00C00E401E00008020102020AD
:1089B000080002031F0000804038003800800020BB
:1089C0005E0000808C7B0020710000000800022304
:1089D00088801B401000007C4D5B01008E48002405
:1089E000F7F784FB6022064600210AA80A2515F045
:1089F000F3F80AA8F9F712F888490AA88DF8804018
:108A00002195F9F70DFB0AAB3146CA222046F7F74C
:108A10002DFB0AA8F8F710F97F48F7F767FB6022EB
:108A2000214606460AA815F0D7F80AA8F8F7F6FF77
:108A30007B490AA88DF880402195F9F7F1FA019950
:108A40000AA8F9F7FDFA77490AA8F9F7E9FA98F8B8
:108A50007C100AA8F9F7F4FA73490AA8F9F7E0FAC2
:108A60000AAB3146CB222046F7F700FB0AA8F8F7FD
:108A7000E3F86948F7F73AFB6022214606460AA860
:108A800015F0AAF80AA8F8F7C9FF68490AA88DF8EE
:108A900080402195F9F7C4FA0AAB3146CC22204632
:108AA000F7F7E4FA0AA8F8F7C7F85B48F7F71EFBF0
:108AB0006022214606460AA815F08EF80AA8F8F7A3
:108AC000ADFF56490AA821958DF88040F9F7A8FA1C
:108AD00020460AAB3146CD22F7F7C8FA0AA8F8F7C4
:108AE000ABF8DAE54C480024F7F700FB60220646B5
:108AF00000210AA80A2515F06FF80AA8F8F78EFFDA
:108B000046490AA88DF880402195F9F789FA0AAB01
:108B10003146C1222046F7F7A9FA0AA8F8F78CF8DF
:108B20003D48F7F7E3FA6022214606460AA815F009
:108B300053F80AA8F8F772FF3D490AA88DF880405B
:108B40002195F9F76DFA0AAB3146C2222046F7F7B4
:108B50008DFA0AA8F8F770F82F48F7F7C7FA6022DD
:108B6000214606460AA815F037F80AA8F8F756FF76
:108B700030490AA88DF880402195F9F751FA98F804
:108B80007C100AA8F9F75CFA2B490AA8F9F748FA09
:108B90000AAB3146C3222046F7F768FA0AA8F8F76D
:108BA0004BF81D48F7F7A2FA6022214606460AA8AC
:108BB00015F012F80AA8F8F731FF20490AA88DF835
:108BC00080402195F9F72CFA0AAB3146C4222046A1
:108BD000F7F74CFA0AA8F8F72FF80F48F7F786FAD4
:108BE0006022214606460AA814F0F6FF0AA8F8F704
:108BF00015FF0A490AA88DF880402195F9F710FA67
:108C00000AABC52231462046F7F730FA0AA8F8F732
:108C100013F823B0BDE8F08FF02F00206030002063
:108C20001032002028320020303200204032002054
:108C3000B4300020E8300020F03000200C3100205B
:108C40000A44A0F864101344A0F86620A0F862302B
:108C5000BDF80030A0F86830FFF704BB10B58030D5
:108C600014468E461EF801CB1CF0800F04D150F83C
:108C7000802C1A4340F8802C1CF0400F04D150F88F
:108C8000702C1A4340F8702C1CF0200F04D150F8BF
:108C9000602C1A4340F8602C1CF0100F04D150F8DF
:108CA000502C1A4340F8502C1CF0080F04D150F8F7
:108CB000402C1A4340F8402C1CF0040F04D150F80B
:108CC000302C1A4340F8302C1CF0020F04D150F81D
:108CD000202C1A4340F8202C1CF0010F04D150F82E
:108CE000102C1A4340F8102CA4EB0E0C80308C444E
:108CF000BCF1000FB6DC10BD2DE9F04F474E83B03C
:108D0000474D346814F0010468D0464A297B464B2D
:108D1000D1771A78002A55D00022444F1A704FF4A8
:108D2000206200213846F8F727FED5F860B0A96E1A
:108D30002B6EA1EB030A95F86C30BAF1140F28BF23
:108D40004FF0140A0AEB0B022A66E3B1D5F86490DF
:108D50000024374E4FF00108019200E0A96E96F80A
:108D6000380001FB04B116F8013F5246494407EBB5
:108D7000800008FA03F30134FFF770FF95F86C30B8
:108D8000A342EBDC019A3B4607EBCA10BFF34F8FBF
:108D90004FF0E021C1F8703F20339842FAD8BFF37A
:108DA0004F8FBFF36F8F2B6A4FEACA0A1F60AB6EFB
:108DB000296A9B1AA1F816A008D108238B8303B057
:108DC000BDE8F08F01221B4F1A70A8E7142B94BF47
:108DD000102312238B8303B0BDE8F08F2146284671
:108DE0000DF074FA214605F108000DF06FFA2146E6
:108DF00005F110000DF06AFA05F1400201230E4959
:108E00002A6228460D4A2C6685F86C40C5F8DC407D
:108E10003360C5E919440FF0D5FB76E7F4880020EC
:108E2000A084002000800E40D32E0120201020209E
:108E30000C850020201A2020710000008C7B00206F
:108E400090F8223090F87C2003F03F032DE9F04F9A
:108E5000D0F8804083B0023B04FB02F249B9042BF6
:108E600000F20583DFE813F09000C200F300240154
:108E70005801042B00F22D83DFE813F0A401F60162
:108E8000430298020500002A00F0AD806FF0020353
:108E90004FF0000E8F009F4C00934B1EF44672461D
:108EA00001932DE0009E5B1AB44406680EF1040E97
:108EB000B3541FFA8EFEC36913F80860436903FBBD
:108EC00006F6A4FB06360368C1EBD63613445E7083
:108ED000C3695D5D836903FB05F5A4FB0535036884
:108EE000C1EBD53513449D7003681344D970D0F895
:108EF000802090F87C3002FB03F372469E4572D2CC
:108F0000D0F81CA00CF10108D0F810900CF102056B
:108F10001AF80C301AF8086009FB03F309FB06F68F
:108F2000A4FB0313A4FB06611AF80560DB0BC90B55
:108F300009FB06F69942A4FB06B628BF1946F60BB4
:108F4000C9B2B14228BF3146B2FBF7F607FB16267D
:108F5000002EA7D1009B4FEA9E05B342019B03EB75
:108F6000050CC0F270820CEB4C0C6FF002061AF884
:108F70000C300CF10108009609FB03F3A4FB03532A
:108F80000CF10205DB0B8EE76AB30022614D03682A
:108F900006695C18C3699B5C06FB03F3A5FB0363CE
:108FA000DB0B6370C3694669134404685B7806FB96
:108FB00003F3A5FB0363DB0B635403688469194463
:108FC000C369134403329B7804FB03F3A5FB0343FB
:108FD000DB0B8B7091B290F87C30D0F8804004FBB2
:108FE00003F38B42D3D803B0BDE8F08F002AFAD048
:108FF0000022484D036806695C18C3699B5C06FB48
:1090000003F3A5FB0363DB0BA370C3694669134439
:1090100004685B7806FB03F3A5FB0363DB0B635477
:10902000036884691944C369134403329B7804FBC1
:1090300003F3A5FB0343DB0B4B7091B290F87C303C
:10904000D0F8804004FB03F38B42D3D8CBE7002A4F
:10905000C9D000222F4D036806695C18C3699B5C68
:1090600006FB03F3A5FB0363DB0B63700368466930
:109070005C18C36913445B7806FB03F3A5FB036329
:10908000DB0BA370C36986691344046803329B78C1
:1090900006FB03F3A5FB0363DB0B635491B290F86B
:1090A0007C30D0F8804004FB03F38B42D3D89AE79E
:1090B000002A98D00022174D036806695C18C3691E
:1090C0009B5C06FB03F3A5FB0363DB0BA370036848
:1090D00046695C18C36913445B7806FB03F3A5FB80
:1090E0000363DB0B6370C36986691344046803324E
:1090F0009B7806FB03F3A5FB0363DB0B635491B280
:1091000090F87C30D0F8804004FB03F38B42D3D836
:1091100069E700BF03820181002A3FF464AF0025A4
:10912000A14E2C46D0F81CE005F1010C076904346F
:109130001EF80520A4B207FB02F2A6FB02321EF8BD
:109140000C3007FB03F3D20BA6FB038305F10208E7
:1091500003351EF808E0DB0B07FB0EF79342A6FB76
:1091600007E728BF1346FF0BDBB2BB4228BF3B46D5
:109170000768D21A7A54C26912F80C70426902FB6D
:1091800007F7A6FB07270268C3EBD7370A445770D7
:10919000C269876912F8082007FB02F2A6FB027277
:1091A0000768C3EBD2320F44BA7002680A44214602
:1091B000D37090F87C30D0F8802002FB03F39C42FF
:1091C000B0D310E7002A3FF40EAF4B1E002201EB94
:1091D000410C6FF0020E03EB430711461346724E2B
:1091E0007546B3FBFCF40CFB143444B9A6454FF0B0
:1091F000030E1946A4BF6FF0020EF9187546C46934
:10920000033214F8018092B2046904FB08F8A6FB4B
:10921000084804684FEAD8381C4484F80180C469BF
:109220000C4494F80180446904FB08F8A6FB084844
:1092300004684FEAD83804F80380C4690C44294410
:10924000A578846904FB05F5A6FB05450468ED0BCC
:109250001C44A570D0F8803090F87C4003FB04F4E7
:1092600013469442BCD8BEE6002A3FF4BCAE4B1E67
:109270004FF0000C01EB41016FF0020E03EB4307CE
:1092800062466346484EB3FBF1F401FB14343CB92B
:10929000A6451A464FF0030E02DBFA186FF0020ED5
:1092A000C4690CF1030CA55C1FFA8CFC046904FB77
:1092B00005F5A6FB05450468ED0B1C44A570C469C3
:1092C00014446578446904FB05F5A6FB054504686C
:1092D000ED0BE554C46914440332A578846904FB9A
:1092E00005F5A6FB05450468ED0B1C446570D0F838
:1092F000803090F87C4003FB04F463466445C2D898
:1093000071E6002A3FF46FAE4B1E002201EB410CC8
:109310006FF0020E03EB430711461346224E7546CB
:10932000B3FBFCF40CFB143444B9A6454FF0030E18
:109330001946A4BF6FF0020EF9187546C4690332CE
:1093400014F8018092B2046904FB08F8A6FB0848EF
:1093500004684FEAD8381C4484F80180C4690C447E
:1093600094F80180446904FB08F8A6FB08480468E7
:109370004FEAD8381C4484F80280C4690C4429445C
:10938000A578846904FB05F5A6FB05450468ED0B8B
:10939000E554D0F8803090F87C4003FB04F4134689
:1093A0009442BCD81FE600BF03820181002A3FF42B
:1093B0001AAE4B1E002201EB41016FF0020E03EBCF
:1093C0004307944613466C4EB3FBF1F401FB14348F
:1093D00044B9A6459C464FF0030E03DB07EB030C94
:1093E0006FF0020EC469033214F80C5092B2046993
:1093F00004FB05F5A6FB05450468ED0B1C44A570B0
:10940000C46964446578446904FB05F5A6FB054519
:109410000468ED0B1C446570C46964440CF1030CD2
:10942000A578846904FB05F5A6FB05450468ED0BEA
:10943000E554D0F8803090F87C4003FB04F41346E8
:10944000A242C1D3CFE505EB450C1AF80C304FF022
:10945000010A09FB03F3A4FB0363032615FB06A81B
:109460004FF0020ADB0B009615FB06A51BE5002A50
:109470003FF4B9AD0022404CC36906699B5C0568A6
:1094800006FB03F3A4FB0363DB0B6B540368466921
:109490005D18C36913445B7806FB03F3A4FB036305
:1094A000DB0B6B70036885691944C369134403328D
:1094B0009B7805FB03F3A4FB0353DB0B8B7091B28A
:1094C00090F87C30D0F8805005FB03F38B42D3D862
:1094D00089E5002A3FF487AD4B1E002201EB410CC9
:1094E0006FF0020403EB430E11461346224D27464C
:1094F000B3FBFCF60CFB16364EB9B4424FF0030436
:109500001946A4BF6FF002040EEB03012746C6699B
:10951000033216F8018092B2066906FB08F8A5FB33
:10952000086806684FEAD83806F80380C6690E4412
:1095300096F80180466906FB08F8A5FB08680668EE
:109540004FEAD8381E4486F80180C6690E44394473
:10955000B778866906FB07F7A5FB07670668FF0B68
:109560001E44B770D0F8803090F87C6003FB06F69C
:1095700013469642BBD836E5038201812DE9F04FB0
:10958000A34F83B00546A34C3E6816F0010600F0D9
:109590001C8123699B8B1A0606D40A20F9F74EFA20
:1095A00023699B8B1B06F8D5626EC4F8DC502B68D0
:1095B0009A4249D095F87C301022D5F8801084F872
:1095C0006C302B689448A16605F16C016366F8F76E
:1095D000CFF995F87C2005F184019048F8F7C8F997
:1095E00005F1BB0195F87C208D48F8F7C1F98A4B4D
:1095F00003F11001BFF34F8F4FF0E022C2F8703F2C
:1096000020339942FAD8BFF34F8FBFF36F8F854A4B
:10961000B5F85A10A36E20681180DB00B5F85A1017
:109620001182B5F85C101184B5F85C101186B5F89C
:109630005E10A2F840102169B5F85E60A2F8506093
:10964000C382C383CB82CB8395F860102846FFF793
:10965000F7FB744B00217448DA8BADF8042022F03C
:109660000702DA832522DA810522DA85A3F84E2063
:109670006E4AB2F8843043F4805343F01003A2F8EA
:109680008430B2F8863043F01003A2F886304FF4ED
:10969000A052F8F771F9A16E94F86C3028298B4626
:1096A00028BF4FF0280BC4F860B0002B00F0AD804D
:1096B000D4F864A00027DFF894814FF001095A4ED6
:1096C00000E0A16E98F8380001FB07A118F8013FEF
:1096D0005A4606EB8000013709FA03F3FFF7BEFA9A
:1096E00094F86C30BB42ECD84F4B06EBCB10BFF379
:1096F0004F8F4FF0E021C1F8703F20339842FAD8E5
:10970000BFF34F8FBFF36F8FA36EA168282B0E603E
:1097100041D8A3684FEACB0B454A1A610822A3F847
:1097200016B09A83217D434B434F19772279DA761D
:10973000207B3C4AD876D97600235381B5F85A303D
:1097400001335385B5F85A300133A2F84A30F8F79F
:10975000FDF8B5F86230A66E696806FB03F3B5F84C
:109760006820401ADB00A7FB031302EB9312904220
:10977000EDD3019B43F007062A4BDE83F8F7E6F8AA
:10978000D4F8DC3068609D4202D10023C4F8DC309C
:1097900003B0BDE8F08FA268002025493C2B116181
:1097A0004FF0A001276AD18290834FF0120090837E
:1097B000224A3A60226AD18204D99083204B012246
:1097C0001A70AFE710239383F8E7314620460CF078
:1097D0007DFD314604F108000CF078FD314604F1BE
:1097E00010000CF073FD04F14003164A204623627A
:1097F0000123154926666666A66684F86C60C4F87F
:10980000DC603B600EF0DEFEC3E6074E6CE700BF97
:10981000F4880020A0840020001020200D85002066
:109820004485002000801E402010202000C03B40C6
:1098300088801B4000800E40D34D6210201A2020EB
:10984000D32E01208C7B0020710000000C850020AD
:1098500038B505460C4CF8F779F8B5F86230D5F80C
:1098600080106A6801FB03F3801ADB00A4FB03236A
:109870009B0905339842EED3286810B101210DF001
:109880001DFB284638BD00BFD34D621090F81CC0A8
:109890004160BCF1020FC26001D1836818470CF02F
:1098A00095BD00BF10B5074B82B003600190EFF388
:1098B000108472B60CF040FE019804B962B602B092
:1098C00010BD00BF8C5F002010B5244C84B0D4F8CC
:1098D00000C0DCF81C31834201D004B010BD0B463F
:1098E000590714D5DCF8341189B182B111780CF51F
:1098F000967001930039DCF83831009218BF0121CD
:109900008DF80F100DF10F019847DDE9002313F0DA
:10991000F00F0CD02068D0F8441141B1D0F84811B4
:1099200000F59E70CDE900328847DDE900321B0763
:10993000D3D52068D0F85431002BCED0002ACCD01B
:1099400013780DF10F01D0F8582100F5A670003BF7
:1099500018BF01238DF80F309047BEE7F08E00202E
:10996000184B70B51D68044601F068FC01F010FD4D
:109970002B69C01A7C2814D82368134A1B689342A9
:1099800019D1227F0023022A6360E36004D1A36817
:109990002046BDE8704018472046BDE870400CF0F6
:1099A00015BD01F061FC01F0F3FC2368064A1B6859
:1099B00028619342E5D0002220461146BDE8704060
:1099C000184700BFF08E0020E166010010B5044684
:1099D00001F034FC01F0DCFC2369C01A7C2800D8BB
:1099E00010BD01F041FC01F0D3FC206110BD00BFAF
:1099F000D0F81C1109B10B6843B990F8262112B1B7
:109A000090F828314BB10122104670474FF0000307
:109A10000122A0F827311046704710B582B0CDE979
:109A20000002084603F088FE0121009B0028019AED
:109A300083F8271118BF002183F8281102D110469E
:109A400002B010BD01F0A6FC044614F06BFC009BB4
:109A500093F828210460F2E770B5044682B0C0682C
:109A600001F09AF901F082F9002870D0D4F81C01B5
:109A700028B106F099F9D4F81C0106F0CDF801F0F0
:109A8000D1FBC4F81C0190F83E3084F8203190F8E6
:109A90003F3084F8213190F84030092B4FD9632BA7
:109AA0008CBF03250225404A042104F5917013F070
:109AB0006DFE854269D1237D04F11505002B40D050
:109AC00022463A4928461BF049F838B9C4F81C0127
:109AD00084F820010025284602B070BD284601F018
:109AE000A9FB054600283BD0E27ED4F81C01002AE1
:109AF00032D008B11B34046306F054F82C4A1378B2
:109B0000002BE8D14FF001061670EFF310810091A1
:109B100072B6284C019320460CF00EFD2648274AC9
:109B20000099A2600278267742F00402027011B315
:109B3000019B6360E3601F480CF048FCCBE7012504
:109B4000B1E7284601F072FB01232375B8E714F052
:109B5000E9FB13230360BDE70028CDD00263CBE708
:109B60001BF004F8C4F81C5184F8205114F0DAFBFF
:109B70000E230360AEE762B6227F6160022AE160D5
:109B8000D9D1A26820469047A5E70D4B4FF49F72AC
:109B90000C490D4813F0E6FD002013F02FFB0120C7
:109BA00001F082FB0DF07EFB7C3200201D6701007E
:109BB000D82E012094790020032F0120B5670100E1
:109BC00080320020E032002008330020144B10B512
:109BD000044684B05B68D0F81C010393CDE90133DF
:109BE00018B113B194F828319BB92046FFF734FF20
:109BF00068B10B4900200BF09BF8D4F81C0103ABB3
:109C000002AA01A906F0BCF92046FFF7F1FE04B054
:109C100010BD03F0D1FE002384F82831E5E700BF32
:109C200068890020D0F81C31002B42D0214B1A78D3
:109C300010B5044682B05ABB1F4B186800F07CFF79
:109C40001E4900200BF074F894F82831D4F81C0158
:109C5000C3B91B4B1A46194606F092F90023D4F8F3
:109C60001C0184F8273106F09FF8D4F81C0105F098
:109C7000D3FF1AF07BFF0023C4F81C3184F8203195
:109C800002B010BD03F098FE002384F82831E5E708
:109C900000220C481A700CF007FCEFF310830193BC
:109CA00072B608480CF048FC019B002BC4D162B688
:109CB000C2E77047D82E0120208E0020688900203E
:109CC0007C70002094790020D0F81C0118B190F825
:109CD0003D00C0F380007047D1F81C3123B11A68F1
:109CE000044BC0E900327047034B024A5B68C0E98D
:109CF000002370470860002068890020D0F81C010C
:109D000010B582B040B14B6801A9019304F03CFE4C
:109D100048B9012002B010BD14F004FB73230360A6
:109D2000002002B010BD01F035FB044614F0FAFA31
:109D30000460F5E7D0F81C0110B582B040B14B6863
:109D400001A9019304F076FE48B9012002B010BDCC
:109D500014F0E8FA73230360002002B010BD01F094
:109D600019FB044614F0DEFA0460F5E738B500F19B
:109D70001B058D4210D00B46044671B1084A4FF4C2
:109D80008071284613F002FDD4F81C3123B1E27E25
:109D9000002A08BF15461D6338BDC176F4E700BF31
:109DA000303300201E4B00201E4A196810B51E4C8F
:109DB000C2E900404A1C1A60C9B11C4A1C491D482E
:109DC0000EF000FC1C4A1368591C116003B31B4CB5
:109DD000164A1B491B480EF0F5FB24681A4B134A20
:109DE0001C601A491A48BDE810400EF0EBBB194C34
:109DF0004FF4EE72184813F0EFFE2046883400F05E
:109E0000B9FE164B9C42F8D1154B134A1A60D4E7A1
:109E100014481AF0AFFE094C124B2360D8E700BF7C
:109E2000048C002068890020086000208C7B0020C2
:109E30000D0200000C8F0020A08A0020A48A0020C0
:109E4000D9010000F88E0020F08E0020F966010094
:109E500094790020508C00200C8C0020E88D00208C
:109E6000088C0020A88A0020B0F8500080B270470B
:109E7000406900B1807A7047406900B1C07A70478C
:109E8000704700BFC26D002A06DBD0E91003181A24
:109E9000824201D2801A704700207047C36D002BA8
:109EA00008DBD0E91012521A934203D25A1CC26541
:109EB000C85C70474FF0FF30704700BFC36D002B88
:109EC00006DBD0E91012521A934201D2C85C7047E7
:109ED0004FF0FF30704700BF10B50446406930B105
:109EE000A37E2BB90AF088FD00236361238310BD94
:109EF000064B04F11C011868FFF71CFF044B0022FD
:109F000060695B68A2762362ECE700BFF08E0020F8
:109F10007089002010B5044601F14C0001F036FABA
:109F2000024B02462046C4E9003210BD0860002002
:109F300090F8603053B14FF6E272D0E91A135B1A11
:109F4000934203DC4FF6E370C01A7047002070475D
:109F50000AB3C36D002B1EDB30B5D0E910E483B02B
:109F6000A4EB0E0C634518D2ACEB030C0C46054673
:109F7000624528BF624649B1012A0EEB03010FD0AA
:109F80002046019213F096FDEB6D019A13441046A2
:109F9000EB6503B030BD00207047002003B030BD3A
:109FA0001EF803302370C36DF0E700BF90F86030F7
:109FB000ABB14FF6E27CD0E91A23F0B515469A1AF8
:109FC00083B0624502DD002003B0F0BD046FA34200
:109FD00007D01970C36E0133C3660120F4E7184639
:109FE0007047012A2CBF9318531C0746019118464D
:109FF0001E4600920CF05CFF0346DDE9002181540F
:10A000007AB9013228461A4435B1611BCDE90023E3
:10A010000CF054FFDDE900239919C7E91A323967BA
:10A02000DBE7294601900CF0A9FEDDE90023E8E713
:10A030009A4275D02DE9F04FA3EB02081646476807
:10A0400083B082680D4604469146D21B904525D8C0
:10A050007A1A9045914664D2A7EB08023B46511EFE
:10A06000C2EB470C11F8010F03F8010B6345F9D15E
:10A07000636843446360AB1A521BF818012A71DD10
:10A08000294613F017FDB8F1010F67DD424631464E
:10A09000284603B0BDE8F04F13F00CBD03686FF025
:10A0A00000429A46FB1AD11A884561D898452CBFC0
:10A0B0004344DB18934228BF1346184601930CF023
:10A0C000F7FE5545034683460AD0A5EB0A000AF180
:10A0D000FF32184412F8011F03F8011B8342F9D123
:10A0E0003146424618460CF049FEBD4200EB0806D8
:10A0F00006D07F1B304629463E443A460CF03EFED1
:10A10000BAF1000F04D0A9EB0A0150460CF0D6FEBC
:10A11000019B5B44C4E900B6A36003B0BDE8F08FC7
:10A120007047B1185A1A002A20DD38460CF026FE76
:10A130006368A8EB0908BD424344636009D06A1E06
:10A1400003EB090012F8011F03F8011B8342F9D148
:10A1500063684A464B44012A636098DCDDD133785A
:10A160002B70DAE78FD12A78FA548CE73B46E0E788
:10A1700001480EF045FA00BF34330020002A18BF12
:10A18000002910B514D090F86030012B10D19446FE
:10A190000A46C16E4FF6E37450F8683FCB1AE41AD2
:10A1A000644528BF64461319FFF742FF204610BDDF
:10A1B0000024204610BD00BF406800B1807A70477F
:10A1C000406800B1C07A70474369002B4FD0294BDB
:10A1D00030B5044689B01868FFF7F8FB216B0029F9
:10A1E0003FD0A36B013900202163591C4FEA431E65
:10A1F000D4E909C2A2EB0C020CEB43135211B1FBE0
:10A20000F2F502FB15119A8ADD68A163ADF81420FE
:10A210003CF80EE05968D86058609A6898601869F0
:10A2200004909869DB690690206C0793A4F83CE0E1
:10A23000A36CA564C4E9101220B1191A0CF03EFEFB
:10A24000D4E91012BDF81430501A0499A4F8503013
:10A25000E164DDE9063263650023A265E36509B0C8
:10A2600030BD4FF0FF334FF0FF30E365F7E74FF0BD
:10A27000FF307047F08E00200AB3C36D002B1EDB49
:10A2800030B5D0E910E483B0A4EB0E0C634518D2CE
:10A29000ACEB030C0C460546624528BF624649B14B
:10A2A000012A0EEB03010FD02046019213F002FCAD
:10A2B000EB6D019A13441046EB6503B030BD0020EE
:10A2C0007047002003B030BD1EF803302370C36D0B
:10A2D000F0E700BF436913B101209972704700B5E0
:10A2E00083B0CDE900012E200AF0CEFB009A034690
:10A2F0000199506118B10120997203B000BD064A5E
:10A3000000901068FFF762FB14F00CF80C21024675
:10A3100000981160F1E700BFF08E0020436913B18F
:10A320000120D972704700B583B0CDE900012E201D
:10A330000AF0AAFB009A03460199506118B1012066
:10A34000D97203B000BD064A00901068FFF73EFBCB
:10A3500013F0E8FF0C21024600981160F1E700BFFE
:10A36000F08E0020436813B101209972704700B548
:10A3700083B0CDE900012E200AF086FB009A034647
:10A380000199506018B10120997203B000BD064ACE
:10A3900000901068FFF71AFB13F0C4FF0C2102466F
:10A3A00000981160F1E700BFF08E0020436813B100
:10A3B0000120D972704700B583B0CDE900012E208D
:10A3C0000AF062FB009A03460199506018B101201F
:10A3D000D97203B000BD064A00901068FFF7F6FA84
:10A3E00013F0A0FF0C21024600981160F1E700BFB6
:10A3F000F08E002010B54C6882B04169034669B107
:10A40000A3F8782001225C6783F86020D3E91A1052
:10A410008142104618BFD96602B010BDCDE90002D6
:10A420002E200AF031FB009B019A58610028E7D1E9
:10A43000054B00901868FFF7C9FA13F073FF0C2260
:10A44000034600981A60E7E7F08E002030B500233D
:10A4500085B0044608461849154641F28832CDE9D0
:10A46000021302A90AF0F0FC08B905B030BD636917
:10A47000039A6BB16267A4F87850D4E91A318B4221
:10A4800018BFE3660123184684F8603005B030BD7C
:10A490002E2001920AF0F8FA019A60610028E9D1B1
:10A4A000064A01901068FFF791FA13F03BFF0C2168
:10A4B000024601981160D8E708600020F08E002065
:10A4C0001E4B70B503F16802054640692B602A6196
:10A4D00018B1AB7E23BB0AF08FFAA86E18B1296FB2
:10A4E000091A0CF0EBFC286C18B1A96C091A0CF0D5
:10A4F000E5FCD5E90946B4420AD0636818461BB1A9
:10A50000E168C91A0CF0DAFC2034A642F5D16E6A73
:10A5100026B1E96A3046891B0CF0D0FC284670BD94
:10A52000074B05F11C011868FFF704FC054B0022DE
:10A5300068695B68AA762B62CDE700BFC86500201A
:10A54000F08E00207089002010B50446FFF7B8FF98
:10A550008C2120460CF0B2FC204610BD2DE9F04FB6
:10A5600089B0BDF848A0002947D09B46164605464D
:10A570000F46002A00F08E8000F00AFF0190D5E916
:10A580000931D5E90C02C91A4FEA4219B0EB611F33
:10A590004FEA611C03EB421432D0013028630132D0
:10A5A0000021B2FBFCF00CFB10226A6323F80910B7
:10A5B000D4E901829045464A126818BFC4F8088061
:10A5C0002261A2610022A282E2613289029222BB50
:10A5D000DBF800203046019922613E4AA4F814A01D
:10A5E0005269E161A2617A8923F8092005F044FFEC
:10A5F000D5F888300133C5F8883009B0BDE8F08F50
:10A60000A86BD5F8841001300131C5F88410B0FB77
:10A61000FCF10CFB1100A863C1E7E268211D029860
:10A62000A2EB08020391A1689042059216D8DDF8CA
:10A630000C8002952546039634461E4600E0A96824
:10A640006268404663891344FFF7F2FC2468002CDB
:10A65000F5D133462C46DDE90256B9E7A1EB0802F5
:10A66000079304920CF024FC049A079B0690F2B91D
:10A67000B8F1000F05D00599404607930CF01EFC79
:10A68000079B06980499029A014460600244C4E959
:10A690000212CCE740690028AFD0AB7E63B90AF064
:10A6A000ABF900236B612B8309B0BDE8F08F414605
:10A6B0000CF064FB079BDBE7074B05F11C011868F6
:10A6C000FFF738FB054B68695B68AE762B62E6E7FF
:10A6D0007C700020689C0020F08E00207089002093
:10A6E0000EB400B582B003AA52F8041B019213F015
:10A6F000EBF802B05DF804EB03B0704790F86030FF
:10A70000002B6FD0D0E91A3170B5C91A84B0044655
:10A71000B1F5803F80F284808BB24FF420723820F4
:10A720001946039305F012FF054600285CD0D4E9D2
:10A730001A12914203D0039A06F04CF968BBB4F8A0
:10A74000783004F17402294660699BB20AF0B2F8CD
:10A750000023A26E064684F860302846A4F86430D0
:10A76000E36E9A42364B18BFE26600221B68A4F8DB
:10A7700078206367C4F88020E36705F07DFE16B992
:10A78000012004B070BD304600F004FE044613F012
:10A79000C9FD0460002004B070BD0390284605F098
:10A7A0006BFE0022039B84F86020A4F86420244AF6
:10A7B00003931268D4E91A10626781422148E26764
:10A7C00018BFE16600210068A4F87810C4F8801072
:10A7D000FFF7FCF8039800F0DDFD044613F0A2FD3E
:10A7E0000460D7E700207047D4E91A321549934234
:10A7F0004FF0000284F8600018BFE366104BA4F825
:10A8000078201B68A4F864006367E3670868C4F8ED
:10A810008020FFF7DBF813F085FD0C230360B9E718
:10A82000094C40F29513094A09490094FFF758FF73
:10A83000002012F0E3FC012000F036FD0CF032FDA8
:10A840007C700020F08E0020643300204C33002008
:10A8500008330020F8B54FF47A720024294B0129FF
:10A860000E46047338BF01260360B1F1806F048384
:10A870008476C0E9014203F16802234BC0E9042455
:10A88000C0E907343AD2054670010CF011FB1F4FA6
:10A8900000EB461603466862EE622022002118464D
:10A8A00013F09AF903463A684FF00001203384828E
:10A8B0000261B342C4618261EFD1AB624FF0FF33FA
:10A8C000A5F850402846AC652C63A5F87840AC87C5
:10A8D0006A65EB6585F86010A5F86440EA67C5F81D
:10A8E0008040C5E90D44C5E91044C5E91242C5E9F7
:10A8F0001A44C5E91C42C5E92144F8BD04480DF0DD
:10A900007FFE00BFC8650020086000207C7000202A
:10A91000C433002030B51546027E044683B00B4692
:10A920004069002A32D0428A8A4202D1627EAA421B
:10A9300029D0A27E002A41D101930AF05DF80022BD
:10A94000019B626122832E2001930AF09DF8019BF6
:10A950006061002850D025B1427A42F00402427270
:10A9600060691A46294909F04FFE0346606993B9A8
:10A970000121224665762176254901930AF02AF8BD
:10A98000019BC4E92133012003B030BD0028DAD097
:10A99000002DE6D0E0E740B1A27EF2B901930AF0C3
:10A9A0002BF80022019B62612283184600F0F2FC22
:10A9B000044613F0B7FC04600020E5E7154A04F1F3
:10A9C0001C0101931068FFF7B5F9134A0021606973
:10A9D0005268019BA1762262AEE70E4A04F11C0187
:10A9E00001931068FFF7A6F90B4A002160695268CD
:10A9F000019BA1762262D1E7064B1868FEF7E6FFBD
:10AA000013F090FC0C230360D6E700BF7C7000209D
:10AA1000B1730100F08E0020708900200022FFF742
:10AA200079BF00BF30B50D4683B011460022044601
:10AA3000FFF770FF10B9002003B030BD134B29465B
:10AA40001B6818460093FFF759F9034628B1012007
:10AA5000A0766B68236203B030BD60690028EAD03D
:10AA6000A27E2AB909F0C8FF002363612383E2E7CD
:10AA700004F11C0100980193FFF75CF9019B044A63
:10AA8000A376536860692362ECE700BFF08E002074
:10AA900070890020194B0020194A196810B5194C0B
:10AAA000C2E900404A1C1A6081B1174A1749184888
:10AAB0000DF088FD174A1368591C1160BBB1124A8A
:10AAC00015491648BDE810400DF07CBD144C4FF4FC
:10AAD000EE72144813F080F82046883400F04AF8EB
:10AAE000114B9C42F8D1114B0E4A1A60DDE7104C15
:10AAF00020461AF03FF80F4B1C60E0E7048C002062
:10AB000070890020086000208C7B00200D0200006E
:10AB1000108F0020A08A0020D9010000FC8E0020A8
:10AB2000508C00200C8C0020E88D0020088C002028
:10AB3000A88A0020A48A00200D4A137803B9704720
:10AB40000346006810B582B0019300F06FFC00214D
:10AB5000019B074A19601170197108B902B010BD44
:10AB600000F018FC044613F0DDFB046002B010BDD9
:10AB7000D72E012038B5044600254022053029464D
:10AB80002560257113F028F84022294604F145007C
:10AB900013F022F8204684F88550A4F8865038BD7A
:10ABA00038B5194B1D686A1C1A604DB1174C184A0C
:10ABB000184919480DF006FD184B22681A6038BD77
:10ABC000174C4FF4EE722946154813F005F86564EA
:10ABD000402284F84850002104F1490012F0FCFFA3
:10ABE00004F189004022002112F0F6FF88340D4B59
:10ABF00084F84150A4F842509C42E8D1034CA3F59C
:10AC0000CC732360D3E700BF048C0020088C0020A5
:10AC10008C7B00200D020000148F0020208E00206D
:10AC20000C8C0020A48D0020174B19684A1C10B50D
:10AC30001A6081B1154A164916480DF0C3FC164A30
:10AC40001368591C1160BBB1104A14491448BDE87F
:10AC500010400DF0B7BC134C4FF4EE72124812F0D6
:10AC6000BBFF20468834FFF785FF104B9C42F8D18C
:10AC70000F4B0D4A1A60DDE70E4C204619F07AFFA3
:10AC80000D4B1C60E0E700BF048C00208C7B002093
:10AC90000D020000188F0020A08A0020D9010000BA
:10ACA000008F0020508C00200C8C0020E88D0020AC
:10ACB000088C0020A88A0020A48A0020084B5A682B
:10ACC000920100D470474FF00071064A59604FF06E
:10ACD0000003BFF35B8F1370BFF35B8F704700BF40
:10ACE00000802D40D88E002000F034BB094BDB6E75
:10ACF00013F440630BD0084A0123D2F8E410D2F8D1
:10AD0000E82009BA0160110E120C01714271184657
:10AD1000704700BF00C00F4000802D40114BDB6E1C
:10AD200013F440631CD0EFF3108172B6BFF35F8F52
:10AD3000BFF34F8FBFF36F8F03680B4A1BBAC2F884
:10AD4000E43083885BBA1B04C2F8E83081F31088D2
:10AD5000BFF35F8FBFF34F8FBFF36F8F012070473B
:10AD60001846704700C00F4000802D40094A08B5C2
:10AD70001368012B0CD0023B022B01D8012008BD27
:10AD800019F000FF034A1068013818BF012008BD00
:10AD9000002008BDD48E0020704700BF30B56C4C39
:10ADA00083B02368002B51D1002978D0092900F302
:10ADB0008780684801680B4606E05A88950454BFAE
:10ADC0002033654B99427BD05A881404F5D44A88C5
:10ADD000920454BF203160490160588810F0370058
:10ADE00072D119884FF4C172019305F0AFFB019B3A
:10ADF0000446002868D0018958681F3120F01F02DE
:10AE000021F01F010144BFF34F8F4FF0E020C0F845
:10AE10005C2F20329142FAD8BFF34F8FBFF36F8F70
:10AE2000596820462289019305F0D4FD019B002832
:10AE30007ED15988494A01F4005149480A435A8051
:10AE40004FF080730361204603B030BD454A12685D
:10AE5000042A20D1012B39D0022B0BD1404B5A6848
:10AE6000120263D5D3F840C03F4AA2F800C04FF4A5
:10AE700000025A603D4B1B7890F83D20C2F38002DF
:10AE80009A4208D0002B39D1394B1B781BB901915C
:10AE900004F08AFF019900232360002986D1354AF6
:10AEA0004FF00101BFF35B8FD2E84F3FC2E8401F74
:10AEB0000028F9D1DBB2BFF35B8F002B3FF479AFF1
:10AEC0000024204603B030BD0024B2E7244AD2F863
:10AED00004C01CF4000FDFD0136C4FF4000C234DA2
:10AEE000C3F3800E13F00403C2F804C085F800E039
:10AEF000C2D0214BC2F804C01364AFE71A4B1F4AFB
:10AF00001B88019113F0020F0CBF4FF0640C4FF03F
:10AF10000A0CC2F800C0C3F3800CC3F3803382F87C
:10AF200004C0937104F000FF0199B4E70223B3E772
:10AF3000134B40F2C7221349134812F013FC0020B0
:10AF400012F05CF9012000F0AFF90CF0ABF900BF92
:10AF5000EC8E00208C790020C08200200080FFFF52
:10AF600000802D40D48E0020B82E0120E72E012035
:10AF7000D62E0120D88E0020000042608479002067
:10AF8000F83300206434002008330020394B1B685C
:10AF9000042B39D1384B1A68012A10B582B037DD3D
:10AFA000022A56D1354A5168090255D5D2F840C017
:10AFB0003349A1F800C04FF4000C3249C2F804C074
:10AFC0000A7890F83D10C1F38001914218D0002A10
:10AFD00044D02B4A2C491288019312F0020FC2F37D
:10AFE000800EC2F380320CBF4FF0640C4FF00A0C9D
:10AFF00081F804E0C1F800C08A7104F095FE019B5D
:10B0000000221A6002B010BD1B4B00221A6070476C
:10B01000002A1EDB012A06D0184A4FF4000C1B49F7
:10B02000C2F804C0116415494A6814021FD50A6C9D
:10B030004FF4000C134CC2F3800E12F00402C1F85E
:10B0400004C084F800E0BCD0114AC1F804C00A640E
:10B05000A8E70C4A1278B4E70222D2E70D4A127828
:10B06000002ACDD1019304F09FFE019BC8E7012285
:10B07000C7E700BFD48E0020EC8E002000802D405A
:10B08000B82E0120E72E0120847900200000066000
:10B0900000004260D62E012070B51E4D06462C6879
:10B0A00063881A04FCD4002361683289304605F0B5
:10B0B00053FC3389834229D100F11F02616822F0D9
:10B0C0001F0221F01F030A44BFF34F8F4FF0E0210E
:10B0D000C1F8703F20339A42FAD8BFF34F8FBFF3C5
:10B0E0006F8F20804FF0807163880B4A03F4005308
:10B0F00043F40C436380516163889B0404D42B6840
:10B10000203300202B6070BD044BFAE76FF0010084
:10B1100070BD00BF9079002000802D40808300200A
:10B1200030B5044650B30D460630A6464FF0FF3208
:10B1300021491EF8013B4FF0080C5A4042F300032E
:10B14000BCF1010C03EA010383EA5202F6D1864501
:10B15000EFD1C2F3846001232178002A03FA00F3BF
:10B1600001F001010BDB19B31449154A65B11068F0
:10B17000184215D00A6828461A430A6030BDA1B1AA
:10B180001049114A002DF2D10868146860EA0300E2
:10B19000204010600A6813420CBF0120002030BD1F
:10B1A000116828460B431360E8E70849084ADDE7C1
:10B1B0000849094ADAE700BF2083B8EDDC8E002099
:10B1C00024812D40E08E002020812D40E88E00203B
:10B1D00018812D40E48E00201C812D4011B10846BD
:10B1E000FFF75ABF6FF00F00704700BF08B50B465E
:10B1F0000AB1012A0ED17BB193F801C0114608486B
:10B200000CF07F02C2709A780271DB784371FFF70D
:10B2100087FF08B1002008BD6FF0070008BD00BF20
:10B220007C7B002000487047688E002008B1FFF743
:10B230005BBD704708B1FFF759BD704770B500247A
:10B24000084D21462846FFF7A9FD01340646294648
:10B2500038B1EB6898470028F3D0304605F00CF978
:10B26000EFE770BD688E002008B509F061F802486C
:10B27000BDE80840FFF78ABE688E00204C220021FE
:10B28000044808B512F0A8FC46F66563014AD38766
:10B2900008BD00BF688E0020014B1868704700BFD2
:10B2A000E02D01200BF0F4BC38B1044B421E012A02
:10B2B00098BF18460368DB68184770476479002018
:10B2C00008B5EFF3058303B908BD13460A460146E6
:10B2D000074812F047FA074BFD220749074812F0CA
:10B2E00041FA002011F08AFF0DF03AF80BF0DAFF76
:10B2F0008434002094340020F834002008330020E7
:10B3000008B509F069FE00B108BDBDE8084019F0B4
:10B3100035BC00BF10B582B001A809F0B7FE10B16E
:10B32000019802B010BD0446064B40F24712064990
:10B33000064812F017FA204611F060FF0DF010F8E1
:10B340000BF0B0FF9434002020350020083300209B
:10B3500009F052BEB0B10C4B0022D3F83016D3F82E
:10B3600020364FEA112C43716CF307024FEA136C3D
:10B3700061F30F22190C1B0A6CF31742037161F37E
:10B380001F620260704700BF00401F4000687047A6
:10B39000FFF782BF00F11003DBB2102B04D8034B80
:10B3A000404253F820007047052070472870002065
:10B3B000164A00234FF0100C127800EB8202D2697B
:10B3C000CB608B608B6181F80EC0C1E90033C1E9AD
:10B3D0000433136C0BB181F80FC0536C0BB1102305
:10B3E0000B74936C0BB110234B7403680BB10123E6
:10B3F0008B74136C0BB140230B75536C0BB1402352
:10B400004B75936C0BB140238B757047F12E012067
:10B41000024B1B7800EB8300C0697047F12E0120BE
:10B42000014B1868704700BFB0CC00202DE9F041F7
:10B430000546204A40F687111F48FFF741FF4DB3EC
:10B44000DFF8888098F8003005EB8303DE69F6B1F9
:10B4500006F13C0406F148072946184808F03EFF6B
:10B4600054F8040F08B104F0B7FABC42F8D11449FB
:10B47000284603F0DFFA304604F0AEFA002298F8CE
:10B480000030104605EB8305EA61BDE8F0816FF0FE
:10B490000500FAE7084B40F688120A490A4812F0FC
:10B4A00061F9284611F0AAFE0120FFF7FDFE0BF01E
:10B4B000F9FE00BFD46A00203C350020C58301009E
:10B4C0002C7200209835002008330020F12E012036
:10B4D00010B5044688B0224A40F6A8212148FFF75B
:10B4E000EFFE5CB1204B1B7804EB8303DB692BB1CF
:10B4F00093F84D20032A01D922680AB908B010BD7B
:10B5000000220321012005928DF81610196C039278
:10B5100001928DF80E0002920492CDE9062211B13B
:10B52000F0228DF818205A6C12B1F0228DF81920F3
:10B530009B6C13B1F0238DF81A3041F2E9410B4AAC
:10B54000842301A8ADF80C10214602928DF8063034
:10B5500000F0F8FE204608B0BDE8104000F04ABFF9
:10B56000346900203C350020F12E0120E00000FB72
:10B57000384B30B51B788BB0044600EB8303DB6996
:10B5800093F84D20022A24D9033A012A1FD893F8B0
:10B590004C205AB9042183F8CC2083F84D102E4951
:10B5A0000D681DB101210193A847019B204601931D
:10B5B000FFF78EFF019B93F84C200132D2B2012A93
:10B5C00083F84C203CD94FF4A062A3F84C200BB078
:10B5D00030BD0268AAB993F84C20022A0CD81AB1DF
:10B5E00093F8CC30012B30D022461C49FA200BB006
:10B5F000BDE8304008F044BE4FF44072A3F84C2040
:10B60000F2E703A90193FFF7D3FE41F2E9424FF0BD
:10B61000000C0846ADF814202146114AADF80CC0C4
:10B62000049200F08FFE019B93F84C200028D4D1A7
:10B6300001320221D2B283F84D1083F84C20CCE7BE
:10B64000224606494FF47A70D1E72246034941F277
:10B650008830CCE7F12E0120ACCC0020C58301005E
:10B66000E00000FB062B2DE9F04746D09A4607463E
:10B670001646884613E0B8F1FF0F3EDC06F80C4092
:10B6800005EB0408A6F800E105F066F9B6F800310C
:10B6900084421FFA88F81C442CD1A6F80041414688
:10B6A000384605F039FA044608F10105384604F039
:10B6B000C00C611CADB22246BCF1C00F2B4621D09C
:10B6C0003F2C1AD8B6F800C104EB0C090CF1010E9E
:10B6D00001EB0C08B9F1FF0F16FA8EF10DDC002C0E
:10B6E000C9D10CF1010306F80C40A6F80031284638
:10B6F000BDE8F087013BA6F800314FF6FF752846FC
:10B70000BDE8F0873B89AB42F7D9294605F004FA3A
:10B71000230203F47C5303431BB20B2BEDDD99B2E0
:10B720003B898B42E9D90AF1010332463846FFF7DB
:10B7300099FF4FF6FF739842DFD008F102081FFA15
:10B7400088F5D4E72DE9F04FC9B00E4604461746F8
:10B750000DF11C0B358804910021029258464FF4DC
:10B76000827212F039FA00235A4629462046FFF722
:10B7700079FF4FF6FF733A46B7F80071984237D019
:10B78000002F35D031884FF0000ABBF80091B84641
:10B79000401A164654460591C3B200970393A9EB8D
:10B7A000070309E03278013414440132E4B216444C
:10B7B000009AA24694421FD2A8EB0402D2B24A4594
:10B7C000F0D81D19022AEDB2ECD90299039F08198D
:10B7D000A91CB9420BEB050113DA019312F028F909
:10B7E000019B0028DED105995746049B0D441D801E
:10B7F000384649B0BDE8F08F1746384649B0BDE835
:10B80000F08F009F384649B0BDE8F08F3F2A29D815
:10B810001346B0F800C1D2B110B5541C82B06444D4
:10B82000FF2C22DC044600F80C200CF101000192F0
:10B83000A4F8000114FA80F00BF0A0FAB4F800218B
:10B84000019B00201344A4F8003102B010BDBCF1EC
:10B85000FF0F07D80CF1010200F80C30A0F800210E
:10B86000002070476FF0050070476FF00500ECE7AF
:10B87000B1F80021B0F800C1AAB1531C6344FF2BFA
:10B880001CDC0346604400B583B0019200930BF0CA
:10B8900075FA009B0020019AB3F800110A44A3F83E
:10B8A000002103B000BDBCF1FF0F07D80CF101036C
:10B8B00000F80C20A0F80031002070476FF0050060
:10B8C000704700BF00285BD070B50E46B1FA81F119
:10B8D00082B04909002E50D0351D4FF482720446C3
:10B8E00012F07AF9042115F8013D274A0DEB010009
:10B8F00011F04CFF01A812F019FF01A9C2B22046B5
:10B90000FFF784FF034698BBAE42EBD1B4F80011B9
:10B91000F7292DD807204A1C605492B21B49A4F87D
:10B920000021A5180868A0508A88AA808A79AA717F
:10B93000B4F80021D11D89B2FA29A4F8001117D852
:10B9400004200832605492B21149A4F8002108681A
:10B95000A050B4F800110A1D92B2FF2AA4F80021E9
:10B9600006D80531A354A4F80011184602B070BDE2
:10B970006FF00503184602B070BD6FF00F03F4E7D7
:10B980006FF00F0318467047C0350020C435002003
:10B99000CC35002038B50D464FF4827200210446A4
:10B9A00012F01AF93DB3284612F0C0FE2946C2B281
:10B9B0002046FFF72BFF0346E8B9B4F80011F92938
:10B9C00019D805204A1C605492B20C49A4F80021F1
:10B9D000A5180868A0500A792A71B4F800114A1D08
:10B9E00092B2FF2AA4F8002105D80631A354A4F886
:10B9F0000011184638BD6FF00503FAE7D435002072
:10BA000010B504464FF48272002112F0E5F8224688
:10BA10000921234BDFF894C002F8011B03CBC4F8C3
:10BA2000010093F800E00723DCF80000516082F881
:10BA300008E004229CF80610C4F80B00A37212233D
:10BA4000BCF804006174A4F80F0020461549A4F85E
:10BA50000031FFF7DBFE00BBB4F80011F9291CD858
:10BA6000034605204A1C60540F4992B2086804EB53
:10BA7000020CA4F80021A0500A798CF80420B4F834
:10BA800000114A1D92B2FF2AA4F8002105D8063100
:10BA9000A354A4F80011184610BD6FF00503FAE78F
:10BAA000DC350020F0350020D4350020E8350020BA
:10BAB00070B5164682B00D464FF4827200210446DE
:10BAC00012F08AF866B105F582710846019112F00C
:10BAD0002DFE0199C2B22046FFF798FE002839D109
:10BAE00005F5A2710846019112F020FE0199C2B23B
:10BAF0002046FFF78BFE68BB184BB5F88C2153F836
:10BB00002250284612F012FE2946C2B22046FFF704
:10BB10007DFE0346F0B9B4F80011F9291AD80520C2
:10BB20004A1C605492B20E49A4F80021A518086876
:10BB3000A0500A792A71B4F800114A1D92B2FF2A66
:10BB4000A4F8002106D80631A354A4F80011184621
:10BB500002B070BD6FF00503F9E700BF2070002050
:10BB6000D435002070B516460D464FF48272002180
:10BB7000044612F031F846B1284612F0D7FD2946A6
:10BB8000C2B22046FFF742FE90BB05F140012046BD
:10BB9000FFF76EFE60BB184BB5F84C2153F82250EE
:10BBA000284612F0C3FD2946C2B22046FFF72EFEFA
:10BBB0000346E8B9B4F80011F92919D805204A1C40
:10BBC000605492B20D49A4F80021A5180868A0504D
:10BBD0000A792A71B4F800114A1D92B2FF2AA4F81A
:10BBE000002105D80631A354A4F80011184670BDF1
:10BBF0006FF00503FAE700BF20700020D435002065
:10BC00002DE9F04391F8027183B088460546B1F8FA
:10BC100000612FB1002E37D1002003B0BDE8F083C2
:10BC200000F10C0400F1200908E0FFF78BFDB042A1
:10BC300002D2BDF8067006464C450ED034F8023FDD
:10BC4000ADF80630002BF7D0286842460DF106010A
:10BC50000028EAD1B8F80001E9E7B6B9002FDBD037
:10BC600017490222AB883943286849BAADF8061053
:10BC70000DF1060104F002FF0028CED1AB8802339B
:10BC8000AB8003B0BDE8F0830027AB884146324665
:10BC9000286804F0F3FE0028BFD105F10C0333F847
:10BCA000022F42B101300A28F9D1AB881E44AE8080
:10BCB000002FD5D1B0E7AB8805EB4000C381F5E795
:10BCC00000C0FFFF08B5FFF7A3FB002380F8513049
:10BCD00008BD00BF08B5FFF79BFB002380F870305C
:10BCE00008BD00BFF0B50446006883B00D46164697
:10BCF0001F46002834D0A288B5F8003101890433EA
:10BD000012FA83F38B4237DC29462046FFF778FF8F
:10BD100008B103B0F0BD72BAA3880DF10601206826
:10BD2000ADF80620022204F0A9FE0028F1D1A38874
:10BD30000222874214BF4FF4C0704FF480700DF19F
:10BD400006011344ADF806009BB22068A38004F0FE
:10BD500095FE0028DDD1A3880233A38003B0F0BD97
:10BD60004FF4207240F2AA51382004F0EFFB20601B
:10BD700010B10C22A280BFE74FF0FF30C9E700BF2F
:10BD8000F0B50446006885B00D461746002851D02E
:10BD9000B4F804C0B5F800110C9A0A310B9E89B2B0
:10BDA0008A1892B2002E18BF11460D9A1AB1B2F835
:10BDB0000021114489B26144028991424ADC3A4629
:10BDC00029462046FFF78EFF0A9B042203A91BBACF
:10BDD00020680393A38804F051FE48BBA5880B9A02
:10BDE000AB1D9BB2A3806AB1BDF830200B992068CF
:10BDF0000193009204F042FED0B9A188009A019B01
:10BE00000A44A2800D9A32B10D9920460093FFF7A3
:10BE1000F7FE009B60B9A188043502222068C91A88
:10BE2000ABB249BAADF80A100DF10A0104F026FED2
:10BE300005B0F0BD4FF4207240F2AA5138200093B3
:10BE400004F084FB009B206020B14FF00C0CA4F8A0
:10BE500004C09FE74FF0FF30EAE700BF10B5C2B063
:10BE6000044601A8FFF796FD0123FF2201A9204601
:10BE7000FFF738FF42B010BD10B5C2B00446012232
:10BE800001A8FFF715FE0123FF2201A92046FFF7B5
:10BE900029FF42B010BD00BF30B5ADF5077D0D469E
:10BEA0000446114604A80022FFF702FE45A8FFF74A
:10BEB000A7FD2B7B6BB1E3880BB10A220BE00C22B0
:10BEC00045A92046FFF70EFF80B901230A22E3802F
:10BED00001E041F294120023204604AC45A9CDE9CB
:10BEE0000023CDE902340C22FFF74AFF0DF5077D50
:10BEF00030BD00BF70B5C6B00D46044610461646AC
:10BF0000FFF786FA014605A8FFF744FD2B7B7BB1BE
:10BF1000E38813B14FF00A0C0CE0012205A920467A
:10BF2000FFF7E0FE98B901234FF00A0CE38001E02F
:10BF30004FF0780C204601960424AB7A00250122AC
:10BF400005A9CDF800C0CDE90245FFF719FF46B0BD
:10BF500070BD00BFF0B5ADF5097D17460D46012255
:10BF60001946044606A81E46FFF7A2FD394647A813
:10BF7000FFF710FD2B7B93B14FF001038DF81E32BC
:10BF8000E3880BB10A230BE0212206A92046FFF724
:10BF9000A9FED0B94FF00103E3800A2300E0782323
:10BFA00047AA009320460624039206A9B6F88EE11C
:10BFB0002122AB7A04AD9EFA9EFE029400240195E4
:10BFC000ADF814E00494FFF7DBFE0DF5097DF0BD3C
:10BFD00070B51446ADF5067D0E4600222146054695
:10BFE00004A8FFF765FD2146012245A8FFF760FD83
:10BFF000337B6BB1EB880BB10A220AE00C2204A957
:10C000002846FFF76FFE78B901230A22EB8000E093
:10C010007822002345AC04A92846CDE90023CDE9C8
:10C0200002340C22FFF7ACFE0DF5067D70BD00BF9B
:10C0300030B5ADF5097D044610460D460592FFF773
:10C04000E7F9014606A8FFF7A5FC059947A8FFF701
:10C0500039FC2B7B6BB1E3880BB10A220AE00C227E
:10C0600047A92046FFF73EFE80B901230A22E3805C
:10C0700000E07822204606ACAB7A47A9039400245E
:10C0800000920C22CDE90144FFF77AFE0DF5097DFF
:10C0900030BD00BFA9B130B5C3B00C4605460A7823
:10C0A00001A8FFF75FFD002394F84E2101A928465F
:10C0B000FFF718FE18B9EB8800200133EB8043B07E
:10C0C00030BD0020704700BF70B51446C6B00122D5
:10C0D00005460E4605A82146FFF7EAFC4FF482729A
:10C0E0000021204611F078FDD4F884311BB1D4F83A
:10C0F000881120469847337B6BB1EB880BB10A233C
:10C100000AE0102205A92846FFF7ECFD88B90123B3
:10C11000EB800A2300E0782300931022B37A05A96C
:10C1200001942846B4F80041029400240394FFF7D8
:10C1300027FE46B070BD00BF2DE9F04F144685B014
:10C140000D4607460190FFF763F9A9690090204664
:10C15000FFF7A0FF064618B1304605B0BDE8F08FE6
:10C160003846FFF755F9AB7B8146DF0600F1CA8000
:10C1700009F13C0705F10F0809F1480957F8041FB8
:10C1800019B198F80030D8064BD44F4508F1010892
:10C19000F4D1AB7C13F0010940F0BE809A074FD474
:10C1A000009B05F11408039603F13C0A4746483307
:10C1B000D34602935BF8046F56B13A78D3066FD436
:10C1C000900678D4510600F18280130600F18C802D
:10C1D000029B01379B45EDD195F90230039E002B60
:10C1E00028DB63894B44DDE9019763815AF8043FFA
:10C1F0007BB198F8002090064AD551062AD5120640
:10C200003AD5AB7CDB0704D4D9F80030002B40F0E2
:10C210008E80BA4508F10108E8D1304605B0BDE886
:10C22000F08F2046FFF728FE002866D1E38801330F
:10C23000E380AAE723894B44DDE901972381D5E711
:10C24000019A29462046FFF7F3FE002855D109F14F
:10C250000109A5E7009A294620460193FFF77AFED7
:10C2600000284AD1A289019B0132A28198F90010CD
:10C2700098F8002081420BDB1A4629462046FFF73A
:10C2800023FF002839D1A3890133A38198F8002026
:10C29000AB7C02F0600203F005011143B9D0B1E7B5
:10C2A000324629462046FFF7F7FD30BB3A7809F1C0
:10C2B0000109900686D5324629462046FFF788FEBA
:10C2C000D8B93A7809F1010951067FF57EAF3346B6
:10C2D000009A29462046FFF73DFE70B93A7809F1E9
:10C2E000010913067FF574AF324629462046FFF751
:10C2F000EBFE10B909F101096AE70646304605B0C0
:10C30000BDE8F08F01462046FFF7A8FD0028F4D1D4
:10C31000E3880133E3802BE7019A29462046FFF7A3
:10C32000E9FD0028E9D1AB7C4FF0010936E74A4628
:10C3300029462046FFF7DEFD0028DED1A389013320
:10C34000A38166E770B592B004460D462422002111
:10C3500008A811F041FC08AA21462846FFF7ECFE88
:10C36000034600283CD1089800283FD0A2781E46FA
:10C37000BDF82A108DF8122049BABDF82C20BDF85E
:10C3800026E089B252BABDF828C09EFA9EFE92B24B
:10C390008DF8133061F30F031FFA8EFE9CFA9CFC9C
:10C3A00004A962F31F4322881FFA8CFC6EF30F0668
:10C3B00052BA06936CF31F46ADF810200C22059676
:10C3C00004F008FBBDF82410089804F045F9FFF7C5
:10C3D00027F82389221D0899009508F039FA0346A9
:10C3E000089818B1039304F047F8039B184612B05D
:10C3F00070BD00BF38B50546FFF70AF890F8513018
:10C40000044663B32946274807F068FF2A462549B2
:10C410004FF47A7007F034FF012294F8523084F818
:10C4200051204BB32946204807F058FF2A461E49A1
:10C43000FA2007F025FF012294F8703084F852208A
:10C4400033B32946194807F049FF2A46174947F2EE
:10C45000305007F015FF012384F8703038BD2A46AC
:10C4600010494FF47A7007F00BFF012294F8523014
:10C4700084F85120002BD5D12A460B49FA2007F029
:10C48000FFFE012294F8703084F85220002BD8D19E
:10C490002A46064947F2305007F0F2FE012384F89D
:10C4A000703038BD198B010005930100298B010004
:10C4B00010B582B00446FEF7ABFF002190F8502083
:10C4C00080F852100AB902B010BD0346214654301C
:10C4D0000193FFF737FF019B02460028F3D1204666
:10C4E000A3F8542083F85620C3F85E20C3F86220D6
:10C4F000C3F8662083F86A2083F8502002B0BDE8B4
:10C500001040FFF777BF00BF70B500F1FF3C054654
:10C510001646481E04E0A24215D1DD4215D0A1B155
:10C520001CF8011F10F801EFA6EB0C0341F02002EC
:10C5300071454EF0200403F1FF33A2F1610EECD0FF
:10C54000BEF1190FE7D9012070BD002070BD00BFFA
:10C5500008B503F01FFA03F093FA03F00FFB07F09E
:10C5600035FF04F0EDFB02F049F909F063FABDE88C
:10C57000084007F051BE00BF38B505460C46144AC6
:10C5800064211448FEF79CFE5DB1E4B12B6AB3B997
:10C5900023606360A360E36023616361A3612C6235
:10C5A00038BD0C4B65220C490C4811F0DBF800201B
:10C5B00010F024FE0120FEF777FE0AF073FE054B13
:10C5C00067220749F0E7034B66220649ECE700BF04
:10C5D000446A00200036002058360020083300202E
:10C5E000783600206836002030B5054683B0274AEB
:10C5F000F92127482C6AFEF763FE95F83D30DB07EA
:10C600003ED57CB3237913B1002003B030BD04F1D3
:10C610000801204A2846019109F0ECFB4FF6A96376
:10C62000228801999A4206D1012322682846237163
:10C6300009F010FCE8E76A8F174BD3182A6A527981
:10C640001A44164B92B21343154A934212D803F57B
:10C650007E431BBA2846236001232268237109F018
:10C66000F9FBD1E71C21012003F0DCF9044650B1AD
:10C670002862C7E70B4A934288BFA3F57E43E8E7E9
:10C680006FF00F00C1E74FF0FF30BEE748690020B0
:10C6900000360020FD9401000001FEA90000FEA963
:10C6A000FF00FEA9FFFEFEA90129D0F820C038D066
:10C6B000022910B5044684B00FD061B94FF6FF725D
:10C6C0004FF0020E039103AB0292614602AA8CF86E
:10C6D00004E003F055FC04B010BD9CF805300021C7
:10C6E000134A0133CCF8001040F259118CF8053090
:10C6F000036A10480193FEF7E3FD019B002BEAD08B
:10C700004FF000021A714FF6A96322889A42E2D1D3
:10C71000094B20461A46194604B0BDE8104003F004
:10C720002FBC9CF8053001338CF80530FFF75CBF57
:10C730007C680020003600207C700020704700BF1D
:10C74000036A0BB11A7902B9704710B582B004467A
:10C750000C4A40F259110C480193FEF7B1FD019BC0
:10C7600000214FF6A96219712388934201D002B0CB
:10C7700010BD064B20461A46194602B0BDE81040CF
:10C7800003F0FEBB7C680020003600207C70002097
:10C79000006A20B10A6803689A4201D000207047FD
:10C7A0000079A0F10200B0FA80F04009704700BFA4
:10C7B0002DE9F843002972D0B0FA80F84FEA5818F2
:10C7C00000286CD0154607460C464FF420724FF4F3
:10C7D0009A713820994603F0B9FE064600285ED0CB
:10C7E0004389B3F59A7F66D3032D3FD0A379002BFD
:10C7F00059D0384B186873684FF49A722060002142
:10C80000184611F0E9F940F201120346028097F848
:10C810003C208270226812BA4260EA1F012A47D87F
:10C820003A68DA6007F1350107F13B0403F11B0CAC
:10C8300011F801EFA1420CF801EFF9D163226FF07A
:10C840007D0183F8F250304683F8EC2083F8EF2026
:10C8500040F2351283F8ED105321A3F8F0200322A3
:10C8600083F8EE10A9F80020BDE8F8836379032B64
:10C87000BCD043684FF49A724146184611F0ACF9A7
:10C8800040F201120346028097F83C208270226831
:10C8900012BA42606279043A012AC3D8C0E700267E
:10C8A0003046BDE8F883FEF735FD0A4B1860A2E775
:10C8B000032DB7D1EEE7084B40F27B7207490848D9
:10C8C00010F050FF404610F099FC0120FEF7ECFC00
:10C8D0000AF0E8FCB42E0120A0360020F436002037
:10C8E0000833002070B5194D2C78CCB9184E336838
:10C8F000D3B908F0ABF8306028B3427A154942F05A
:10C9000020024272442207F07FFE43221149306820
:10C9100008F02CF822461049306808F05BF82C78B3
:10C92000013400202C7070BD0C4B4FF48A720C49FE
:10C930000C4810F017FF204610F060FC0120FEF7B5
:10C94000B3FC0AF0AFFC4FF0FF3070BDEA2E0120BF
:10C950005C9700207C700020159E0100A03600200E
:10C960003437002008330020002800F08880C16997
:10C97000002900F084808B6A0022B3F1FF3F00B5EC
:10C9800083B04A8207D01E33B3F5701F43D23B2BCE
:10C990006FD801238B82CB6A5A1C07D01E33B3F5A4
:10C9A000701F3FD23B2B54D801233DE04B890A6BCB
:10C9B000B2F1FF3F09D01E32B2F5701F37D23B2AC9
:10C9C0004DD84FF0000C012235E0B1F80CC00CF14D
:10C9D000FF3C1FFA8CFC634531D8CB79DB0713D5BC
:10C9E0000B6A4A7900930A2A4B6A019305D04FF0EB
:10C9F0000A020023A1F805200B8101AB6A461C3115
:10CA000003F0BEFA03B000BD91F91C300A7F002B81
:10CA100018DBFF23E5E74FF6FF738B82CB6A5A1CC6
:10CA2000BCD1C3E74FF6FF734B81CB81BFE74FF615
:10CA3000FE7C4FF6FF7263458A810A82CDD90023BE
:10CA40004B81CAE7BF2A4FF6FF7388BF6FF07F4361
:10CA5000C7E70B4AA2FB0323C3F34F13E4E7DFF856
:10CA600020C0ACFB02C2520902F1FF3C1FFA8CFC51
:10CA7000E1E7A2F17732A2FB03235B09CDE7704720
:10CA80008988888808B540F2A152064B06490748B4
:10CA900010F068FE002010F0B1FB0120FEF704FC4E
:10CAA0000AF000FCA03600205C370020083300208C
:10CAB00008B540F2AD52064B0649074810F052FE49
:10CAC000002010F09BFB0120FEF7EEFB0AF0EAFBD2
:10CAD000A0360020A03700200833002008B5034608
:10CAE0000430442803D812BA80B2CA5008BD074B9C
:10CAF00040F2BE520649074810F034FE002010F004
:10CB00007DFB0120FEF7D0FB0AF0CCFBA036002015
:10CB1000D837002008330020114A10B5147882B0AD
:10CB200074B1631EDBB213700BB102B010BD0D4CBB
:10CB30000193206807F060FF019B236002B010BDE5
:10CB4000094B4FF497720949094810F00BFE204633
:10CB500010F054FB0120FEF7A7FB0AF0A3FB00BF77
:10CB6000EA2E01205C970020A03600201438002017
:10CB700008330020244B002210B5DC7882B0C0E9D5
:10CB8000082214B1214AD26882621A79002A38D068
:10CB90001E4A12695C79C262002C2DD01B4A526970
:10CBA00002639C790969C279C16114B3174942F0E3
:10CBB0000102896909BA0162C271DA791AB1134AAC
:10CBC000D26912BA42621A7A8AB1104C002001A9C5
:10CBD000226A12BA019208F02FFF0B4B5B7A33B135
:10CBE000636A01A901201BBA019308F025FF02B076
:10CBF00010BD02F0FE02DFE7826AC2EBC202D20879
:10CC0000CEE7826A5208C5E7609700206C97002043
:10CC10008AB310B582B00C4600901046019211F014
:10CC200085FD009B20B3C3F1410C019A604532D8C9
:10CC3000FF283FD803F1020C00EB0C0EBEF1440FAD
:10CC400047D803F1010E0C211FFA8EFEE154611E3C
:10CC5000634604F80E001044614401E0442B0BD0FD
:10CC600012F801CB013382429BB201F801CFF5D11A
:10CC7000184602B010BD7047174B40F2AD5217492D
:10CC8000174810F06FFD002010F0B8FA0120FEF7F1
:10CC90000BFB0AF007FB104B40F2D252114910482F
:10CCA00010F060FD002010F0A9FA0120FEF7FCFA58
:10CCB0000AF0F8FA084B40F2D4520A49084810F03A
:10CCC00051FD002010F09AFA0120FEF7EDFA0AF06B
:10CCD000E9FAFFF7D7FE00BFA0360020A0370020FA
:10CCE0000833002038380020F0B5C46987B0054605
:10CCF000A379082B00F29B8062790023062AE36166
:10CD000004D04FF006022381A4F805200DF116038C
:10CD1000012221462846FFF74BFD064600286DD02C
:10CD2000BDF81620101D442800F28480776802F1B7
:10CD3000010C4FF0390E80B207F1F0011FFA8CFCA4
:10CD400001F802E04FF0020E039101F80CE002EB53
:10CD50000E0CB5F834E003321FFA8CFC4FEA1E23A8
:10CD600092B201F80C3001F802E02A6BFFF750FF95
:10CD700000F1060EBEF1440F5CD807F1EF0C831CE6
:10CD8000421C03994FF037079BB292B20F54042014
:10CD90001FFA8EFE9C448854274802780CF8012F15
:10CDA0001A4601339BB2734505D0442B00F10100B4
:10CDB000F3D1FFF77DFE901C4FF0FF0C80B201F81D
:10CDC00003C0432807D8C2F142020844002192B2AE
:10CDD00010F002FF442000F1F001304689B203F068
:10CDE0003BFC1649164A43230095086831460192D8
:10CDF000144A07F08BFC304603F03EFBA379FF2B6F
:10CE000011D00133DAB2052AA2710CD84FF47A732B
:10CE10000D49934003F2F3139BB2A1FB03135B098B
:10CE2000238107B0F0BD7823238107B0F0BDFFF761
:10CE3000DBFB61E7FFF726FEE00700205C970020A0
:10CE40007C70002080700020D34D6210002800F01C
:10CE5000AA80F0B5C46987B0002C00F0A080637987
:10CE6000012B05D04FF001020023A4F805202381F7
:10CE70000DF11603032221460546FFF799FC0646ED
:10CE8000002879D0BDF81600011D442900F28C80DD
:10CE90007268431C02F1F007039239229BB23A54A4
:10CEA0000222FA548218B5F834C0C31C92B29BB265
:10CEB0004FEA1C2E07F802E007F803C000F10A034E
:10CEC000442B71D8431D322206307A549BB204227F
:10CED00080B23946FA54E26912BAFFF7FFFD831DAA
:10CEE000442B61D840F2364339463B520230A269A6
:10CEF00080B212BAFFF7F2FD811D442954D8039B7A
:10CF000040F2374289B2F1333A52284A03440230A0
:10CF1000013092F800C080B203F801CF884205D0FA
:10CF2000442802F10102F3D1FFF7C2FD2A6B394612
:10CF3000FFF76EFEFF2302463B54013080B24328C8
:10CF400007D8C2F143023844002192B210F044FEE7
:10CF5000442000F1F001304689B203F07DFB144912
:10CF6000144A43230095086831460192124A07F09B
:10CF7000CDFB304603F080FAA379FF2B11D00133AB
:10CF8000DAB2052AA2710CD84FF47A730B49934098
:10CF900003F2F3139BB2A1FB03135B09238107B0D8
:10CFA000F0BD7823FAE77047FFF76CFDE00700203B
:10CFB0005C9700207C70002080700020D34D6210B0
:10CFC000A04B2DE9F04F5D6814468BB0EA69002A4A
:10CFD00000F0AE801379002B00F0AA80B4F80AC0EC
:10CFE000BCF12B0F40F2A480D4F804E09EF800308E
:10CFF000022B40F09D8095F83C60D6B10EF11B01EC
:10D00000F046E14605F1350000231746AE46B4462A
:10D0100010F8015F11F8012F954240F0898001332B
:10D02000DBB2634501D2062BF2D175463A46C646BD
:10D03000CC46DEF8043011681BBA8B4278D100234D
:10D0400081494FF0F00A04920B810393C1E9003348
:10D050002946B4F808E0224655460BE01268002A3B
:10D0600066D0A5EB0C05AEEB0C0EB2F80AC0ADB263
:10D070001FFA8EFEAC45F1D9AE4540F242815368AD
:10D080009446A346079199462B4619F80310FF29A9
:10D0900000F035819C1CA4B29C4248D35A1CBCF8B9
:10D0A0000A00824280F2228109EB03056D783B2958
:10D0B00044D8DFE811F05F000F0143000101430095
:10D0C0004300ED004300430043004300430043009E
:10D0D0004300430043004300430043004300430038
:10D0E0004300430043004300430043004300430028
:10D0F0004300430043004300430043004300430018
:10D100004300430043004300430043004300430007
:10D11000430043004300430043004300E100CD00CF
:10D12000BB00B100430043004300A70061005C4620
:10D1300020460BB0BDE8F04F03F09EB9EA184FF659
:10D14000FD739A42F3DC2C44A4B223468342C0F020
:10D15000D3801B1AAEEB00009BB21FFA80FE734512
:10D16000E5D2DCF800C0BCF1000FE0D0DCF8042010
:10D1700091468AE793B2E9E7042DD8D14FF6F970CA
:10D180008342D4D8063305269BB200202E49E046C0
:10D1900009902E48CDE905E300EB860723468C195C
:10D1A00027E0042D2A4609A9404628BF04220293FD
:10D1B000019203F0D1FB019A8242B8D1042D40F2D2
:10D1C0003B8115F00300B2D14FF00103099A04F836
:10D1D000013B12BA029B3A601A1D92B29A42A6D340
:10D1E000731C043D04370A2B1E46EDB200F08C81FF
:10D1F00013462278002AD4D0DDE905E3C446BCF802
:10D200000A00A3E7042D92D14FF6F97083428ED81D
:10D2100006332E469BB2B8E7042D88D14FF6F9703D
:10D22000834284D8063302269BB2AEE7012D7FF4F9
:10D230007EAF4FF6FE7082423FF479AF03332E4645
:10D240009BB2A2E7689C0020609700206C970020AA
:10D25000BAF1F00F7FF46BAF681E18BF01200028F1
:10D260007FF465AF4FF6FE75AA423FF460AF03331B
:10D27000064601259BB288E7042D7FF458AF4FF690
:10D28000F97083423FF653AF063303269BB27CE727
:10D29000AA077FF44CAFEA184FF6FD739A423FF7A6
:10D2A00046AF2B199BB2002D3FF450AF082D4FF025
:10D2B000080628BF082568E7032D7FF638AF2B4402
:10D2C0004FF6FD7083423FF732AF2B190726042536
:10D2D0009BB25AE7042D7FF42AAF4FF6F9708342D0
:10D2E0003FF625AF063306269BB24EE7DCF800502A
:10D2F00025B36D682D78DAE67345FFF4C6AE07995D
:10D300005C46894B1B7863B1884B002286481B68BA
:10D310000270012B00F0A280022B06D0032B00F03C
:10D320009B80039B002B00F09E8000234FF06C0E2F
:10D330004FF02C0A0393B4F80AC08CE63B293FF661
:10D3400004AF01A353F821F0C99F0100839F01009E
:10D350009F9F0100839F01009F9F01009F9F0100ED
:10D360009F9F01009F9F01009F9F01009F9F0100C1
:10D370009F9F01009F9F01009F9F01009F9F0100B1
:10D380009F9F01009F9F01009F9F01009F9F0100A1
:10D390009F9F01009F9F01009F9F01009F9F010091
:10D3A0009F9F01009F9F01009F9F01009F9F010081
:10D3B0009F9F01009F9F01009F9F01009F9F010071
:10D3C0009F9F01009F9F01009F9F01009F9F010061
:10D3D0009F9F01009F9F01009F9F01009F9F010051
:10D3E0009F9F01009F9F01009F9F01009F9F010041
:10D3F0009F9F01009F9F01009F9F01009F9F010031
:10D400009F9F01009F9F01009F9F01009F9F010020
:10D410009F9F0100839F0100839F0100839F010064
:10D42000839F01009F9F01009F9F01009F9F01001C
:10D43000839F0100839F0100DDE905E3C44608D016
:10D440009DF82400394941F82600012036498855C5
:10D45000D5E6099800BAF5E7012303934FF0EC0EE7
:10D460004FF06C0A67E7304B0D46049A5B78002B4F
:10D470003FF45EAE2D4861680379052B19D0062B69
:10D4800027D0022B7FF454AE5379062B7FF450AE95
:10D49000254B9B78002B3FF44BAE8268EB690398D9
:10D4A00012BA188128469A610A69DA61FFF7CEFC40
:10D4B0003EE6537903F0FD02012A03D0043B012B21
:10D4C0003FF636AEE869FFF755FB2846FFF74CFA02
:10D4D0002EE65379DA1E022A02D9012B7FF428AEF8
:10D4E000EB695A790C2A05D04FF00C010022A3F801
:10D4F00005101A810E4B28461A46194602F040FDC7
:10D500002846FFF7F1FB13E604460A4B40F281621E
:10D5100009490A4810F026F920460FF06FFE012055
:10D52000FDF7C2FE09F0BEFE609700206C97002058
:10D530007C700020A03600205438002008330020E2
:10D540002DE9F043C46985B007466379032B05D004
:10D550004FF003020023A4F8052023810DF10E03F0
:10D56000032221463846FFF723F9064600287CD0DF
:10D57000BDF80E00011D442900F29480756800F189
:10D58000010C821C4FF0020E05F1F0081FFA8CFC12
:10D5900092B2C31C4FF039099BB208F8009008F80A
:10D5A0000CE008F802E0402208F8032000F10A032A
:10D5B000442B77D8431D3222063008F801209BB255
:10D5C0000422414680B208F80320E26912BAFFF74C
:10D5D00085FA811D442965D840F2374205F1F103EF
:10D5E00089B228F8002003442F4A02300130157810
:10D5F00080B203F8015F884212D0442802F1010290
:10D60000F4D12A4B40F2AD5229492A4810F0AAF829
:10D6100000200FF0F3FD0120FDF746FE09F042FE69
:10D620003A6B4146FFF7F4FAFF23024608F8003050
:10D63000013080B2432807D8C2F1430240440021A0
:10D6400092B210F0C9FA442000F1F001304689B2DC
:10D6500003F002F8184A0097432310683146174A2E
:10D6600007F0F6F8304602F007FFA379FF2B14D03D
:10D670000133DBB2092BA3710FD8C3EB4311104A5E
:10D6800003EB8103DB0003F2F3139BB2A2FB032342
:10D690005B09238105B0BDE8F0831423238105B025
:10D6A000BDE8F083FFF7EEF9E0070020A036002088
:10D6B000A0370020083300205C97002080700020F5
:10D6C000D34D621038B505460C46154A40F2F72195
:10D6D0001448FDF7F5FD55B1ECB1E969B1B9342253
:10D6E000204610F079FA0223E371EC6138BD0D4B4E
:10D6F0004FF43E720C490D4810F034F800200FF042
:10D700007DFD0120FDF7D0FD09F0CCFD054B40F279
:10D71000FA220749EFE7034B40F2F9220549EAE70D
:10D72000A46A0020A03600205836002008330020CC
:10D73000783800206838002070B50546234A40F24A
:10D740002D312348FDF7BCFD002D3CD095F83D3030
:10D75000DA0738D5AB8EB3F5107F31D3EC6934B32B
:10D7600023790BBBE67934220021204606F002061D
:10D7700010F032FAE671FFF7B5F8064600BB012259
:10D78000227195F83D20530709D46279022A04D00A
:10D790004FF002022081A4F80520304670BD2846D3
:10D7A000FFF7A2FA304670BDFFF7B6F9DAE734208A
:10D7B00002F0F4F8044618B10023C371E861D1E720
:10D7C0004FF0FF36E9E76FF00F06E6E7586A0020F2
:10D7D000A036002008B5C3692BB15A79052A03D8B1
:10D7E000022A03D852B908BD0A2A05D100229A712B
:10D7F000BDE80840FFF7A4BE0C2A05D800229A71A4
:10D80000BDE80840FFF770BA074B40F2BE32074947
:10D8100007480FF0A7FF00200FF0F0FC0120FDF7F4
:10D8200043FD09F03FFD00BFA03600209C380020DA
:10D83000083300202DE9F041054686B0574A40F2F2
:10D840008F41EC695648FDF73BFD6379052B05D008
:10D850004FF005020023A4F8052023810DF11603E3
:10D86000032221462846FEF7A3FF0646002800F0C3
:10D870009080BDF81600071D442F00F28D80D6F869
:10D8800004E03922431C0EF1F0019BB20A5402223B
:10D89000CA548218B5F834C0C31C92B24FEA1C288F
:10D8A0009BB201F8028001F803C000F10A0CBCF140
:10D8B000440F71D8431D37221FFA8CFC9BB2CA5506
:10D8C0000422CA5400F1F503364A06301EFA83F3E7
:10D8D000013092F800E080B203F801EF604512D009
:10D8E000442802F10102F3D12D4B40F2AD522E49F2
:10D8F0002E480FF037FF00200FF080FC0120FDF7CD
:10D90000D3FC09F0CFFC2A6B0391FFF781F9FF23C9
:10D91000039902460B54013080B2432807D8C2F164
:10D9200043020844002192B210F056F9442000F15D
:10D93000F001304689B202F08FFE1D4A0095432364
:10D940001068314604F1180206F082FF05463046A1
:10D9500002F092FDA379FF2B15D00133DBB2092B26
:10D96000A37110D8C3EB4311124A284603EB81037D
:10D970001B0103F2F3139BB2A2FB03235B09238178
:10D9800006B0BDE8F08128232846238106B0BDE813
:10D99000F0814FF0FF35DDE7FFF774F8586900209C
:10D9A000A0360020E0070020A03700200833002028
:10D9B0005C970020D34D621070B5054686B03F4A93
:10D9C00040F23351EC693E48FDF77AFC002C64D0FC
:10D9D0006379002B61D00023EA69A169A3620591F4
:10D9E000C4F80E30C4F81230C4E90633C4E9083371
:10D9F000C4E90B33002A52D053791A1F012A01D9E6
:10DA00000A2B4CD100210DF1120307222846A4F85D
:10DA1000051021812146FEF7CBFE0646002834D0B2
:10DA2000BDF81200831D442B46D87168431C362272
:10DA3000F0319BB20A54042202300391CA54059A71
:10DA400080B212BAFFF74AF8FF23039902460B543B
:10DA5000013080B2432807D8C2F1430208440021B4
:10DA600092B210F0B9F8442000F1F001304689B2CA
:10DA700002F0F2FD134A009543231068314605AACF
:10DA800006F0E6FE304602F0F7FC0F4B28461A4639
:10DA9000194602F075FA237943B906B070BD002328
:10DAA000A4F8053023812379002BF6D0FFF734F852
:10DAB0000023237106B070BDFEF7E4FF88680020E4
:10DAC000A03600205C9700207C700020784B2DE968
:10DAD000F0411D6886B09DB1EC698CB163797BB172
:10DAE000A18A29B1628A013292B29142628278D0CF
:10DAF000228A42B9E2891AB1511E012AE18179D004
:10DB000006B0BDE8F081511E012A2182F2D15A1ED1
:10DB1000D2B2092AF4D840F2192121FA02F2D2072E
:10DB2000EED5042B05D04FF004020023A4F8052005
:10DB300023810DF11603032221462846FEF738FE05
:10DB40008046002800F09280BDF8160000F1040E17
:10DB5000BEF1440F00F2AA80D8F804603922431CB9
:10DB600006F1F0019BB20A540222CA548218B5F899
:10DB700034C0C31C92B24FEA1C279BB28F5401F8E9
:10DB800003C000F10A0CBCF1440F00F28F80431D6A
:10DB900037221FFA8CFC9BB201F80E200422CA54D3
:10DBA00000F1F502434B063016FA82F2013093F889
:10DBB00000E080B202F801EF604532D0442803F162
:10DBC0000103F3D13C4B40F2AD523C493C480FF0CD
:10DBD000C9FD00200FF012FB0120FDF765FB09F0E5
:10DBE00061FB2846FFF7E8FE284606B0BDE8F04195
:10DBF000FFF7A2BD013BDBB2092B81D840F2112215
:10DC000022FA03F3DB077FF57BAF2846FFF712FE0E
:10DC1000A389628A9B1A012B7FF772AF5B10E381A5
:10DC20006EE72A6B0391FEF7F3FFFF220399034689
:10DC30000A54013080B2432807D8C3F14303084493
:10DC400000219AB20FF0C8FF442000F1F0014046D5
:10DC500089B202F001FD1B4A00954323106841463A
:10DC6000194A06F0F5FD404602F006FCA379FF2BA9
:10DC70001AD00133DBB2092BA37115D8C3EB4311C2
:10DC8000124A03EB8103DB0003F2F3139BB2A2FB06
:10DC900003235B09A28A618A2381531A012B7FF730
:10DCA0002FAF5B1023822BE71423F3E7FEF7EAFE86
:10DCB000E0CC0020E0070020A0360020A0370020A4
:10DCC000083300205C97002080700020D34D621044
:10DCD000224B186840B1C36933B11A89012A02D9AD
:10DCE000013A1A81704700D070475A790021013AF1
:10DCF00019810B2AF8D801A151F822F08FAB01004D
:10DD00003DAB010085AB01003DAB01003DAB010027
:10DD100081AB01003DAB01003DAB01003DAB01001B
:10DD20003DAB01003DAB010081AB0100FEF7DCBF64
:10DD30009B79012BFAD8FFF703BC9B79052B01D8FF
:10DD4000FFF784B800B583B00190FFF735FE019866
:10DD500003B05DF804EBFFF7EFBC00BFE0CC0020A0
:10DD6000F0B585B00446BDF83450002847D00E46C3
:10DD700017461C214FF420721020039302F0E6FB9B
:10DD80000146002838D04289039B1B2A4BD94268A0
:10DD90006DBAD58094F83C0006283FD1186840F64B
:10DDA00006050391906040F206409B8893810B9B8F
:10DDB0001B68C2F812300B9B9B88D3820A9B1B689E
:10DDC000C2F80E300C9B1B68908093610A9B1888E8
:10DDD000174B13604FF6A9633246009598422046D0
:10DDE0000CBF144B3B4606F0F1FE0399084602F0C7
:10DDF00043FB002005B0F0BD4FF0FF30FAE70E4BBB
:10DE00004FF48C620D490E480FF0ACFC00200FF06F
:10DE1000F5F90120FDF748FA09F044FA064B40F203
:10DE200072420849EFE7044B40F26B420649EAE7C9
:10DE3000000108006C700020B03800205836002027
:10DE4000083300203C390020083900202DE9F04F2C
:10DE500000230A2585B0514C2F4698462246AC46F1
:10DE6000AB460191CDE9023304E0F44601331832A8
:10DE70000A2B1BD0BCF10A0F0FFA83FE92F8149004
:10DE80003FD1B9F1000FF0D018B1066851688E4249
:10DE90006AD0B9F1010FB2F812A036D0C245E5D36D
:10DEA0000133D046774618320A2BE3D1019E5946FA
:10DEB000012E5BD1BCF10A0F80462FD10A2F37D03B
:10DEC00007EB47033D4654F83330002B51D105EBA7
:10DED000450200216B00BC4604EBC2021175B8F18B
:10DEE000000F05D05A19D8F8001004EBC202516097
:10DEF0002B44002204EBC3046282604605B0BDE8F7
:10DF0000F08FB9F1000FB1D0BEE7116809B30299E3
:10DF10008A45ABD37546CDF808A0A7E70CEB4C03B8
:10DF2000654604EBC3031B7D93BB4FEA4C03D6E766
:10DF30000A2915D001EB41060D4654F8360030B1E0
:10DF4000019102F099FA0023019944F836300F4606
:10DF5000BDE703998A4589D3F346CDF80CA085E740
:10DF60000A2D03D02946E5E7F446C6E74FF0FF3C0B
:10DF7000C3E70B4B4FF4B7720A490B480FF0F2FBA3
:10DF800000200FF03BF93046FDF78EF909F08AF9D1
:10DF9000034B40F285120549EFE700BF649600206D
:10DFA000B038002080390020083300209839002044
:10DFB0002E4B02EB4202F0B503EBC2050F4687B0D1
:10DFC000297D012943D9D2000229044602F10C0C13
:10DFD0000CEB03060CD004F136014FF400650A4641
:10DFE000334639462046009506F0F0FD07B0F0BDF7
:10DFF000698AB1F58E7F17D8B1F5877FEBD30432EC
:10E0000000F1360100901A44012305910393184B47
:10E010000292324601930B46FFF7A2FE05990028B3
:10E02000DBD103232B75D8E7043200F136010090D1
:10E030001A440123059103930D4B029201930B4661
:10E040000C4AFFF78DFE05990028C6D1E9E70A4B77
:10E0500040F2EF2209490A480FF084FB00200FF03C
:10E06000CDF80120FDF720F909F01CF96496002095
:10E07000747000206C700020B0380020C43900207B
:10E080000833002070B51D4C84B0002604F1F00563
:10E090000AE0012A1FD0032A2CD0042A01D102232E
:10E0A00023741834AC4214D0227C002AF9D0E389BE
:10E0B00001339BB2B3F5967FE381EAD354F8040CA5
:10E0C00018B102F0D9F944F8046C26741834AC4243
:10E0D000EAD104B070BD042BF0D803926068084AFE
:10E0E00000F13603029401921946064A0090FFF7A8
:10E0F00037FED6E704232374D3E700BF68960020D9
:10E10000747000206C7000200D4B10B503F1F0010D
:10E1100082B004461A7D12B19A68A24204D0183324
:10E120008B42F7D102B010BD186830B1019302F0F4
:10E13000A3F90022019B03491A6000221A75EEE739
:10E1400064960020549700202DE9F0470E4688B0D1
:10E150000546554A40F289215448FDF7B1F8002E92
:10E160007DD06C682388B3F5807F02D12379062B9C
:10E1700005D0284608B0BDE8F04702F07DB96379C4
:10E18000042BF6D16388082BF3D12146304607F0E3
:10E19000F9FED4F80E3032680793002A62D1924615
:10E1A00004F108080227914696F83C20062A6CD113
:10E1B000002B3CD031461846059300F0EBFEB0BB77
:10E1C000059B03F0F003E02B31D00590394607A8FA
:10E1D000FFF73CFE431C2AD0DFF8DCC000EB400018
:10E1E0000223059A0CEBC00E8EF81430C300CEF853
:10E1F000086003F10C01D8F800004CF801006144FC
:10E20000B8F8040088805CF80310AEF8122071B1F1
:10E210004CF803204FF4006306F1360230460093B9
:10E220004346059106F0D2FC059802F025F9E388F3
:10E23000B3F5807F9DD18AF0010319EA030F98D0CE
:10E24000022106F1360342463046039107A9CDF874
:10E250000480029119460096FFF782FD89E708B015
:10E26000BDE8F087A169A2EB030A04F10808BAFA35
:10E270008AFA8A424FEA5A1A03D14FF0010901275C
:10E2800092E74FF0000902278EE7084B4FF4D57252
:10E29000074908480FF066FA00200EF0AFFF012092
:10E2A000FDF702F808F0FEFF64690020B038002096
:10E2B000143A00200833002064960020002900F062
:10E2C000B4800B68002B00F0B0802DE9F0410546CA
:10E2D00086B00C4601461846174600F05BFE002843
:10E2E00040F08980236803F0F003E02B00F0838086
:10E2F00001212046FFF7AAFD411C064664D04C4A86
:10E3000000EB400805F1360302EBC80898F814202A
:10E31000EAB90122C8F808501946284688F814209E
:10E3200000950593CDE90242424A0192424AFFF725
:10E3300017FD0038059B18BF0120404227B198F80F
:10E340001420012A25D806D006B0BDE8F081002FA0
:10E3500054D0012A1DD13B4605E01A7B52062BD42E
:10E360001B68002B35D059891A899142F5D11A685A
:10E37000002AF2D0314B40F2FA32314931480FF0E5
:10E38000F1F900200EF03AFF0120FCF78DFF08F0B4
:10E3900089FF1A46264C06EB46033946284604EB0D
:10E3A000C3034FF4006400940C33274C267006F02E
:10E3B0000DFC06B0BDE8F0813A464FF42071102004
:10E3C00002F098FB074638B94FF0FF3006B0BDE8C1
:10E3D000F081384602F0BEF906EB4603144A52F8C3
:10E3E000330008B102F048F806EB4606104B43F83C
:10E3F00036700020A8E76FF00F00A5E7012228463D
:10E400001946029403920B4A009501920A4AFFF7BB
:10E41000A7FC0028D8D11823054A03FB06231B7D3F
:10E42000012BE6D1A8F81200E3E76FF00F00704768
:10E4300064960020747000206C700020B0380020BA
:10E44000383A002008330020EE2E012070B5054632
:10E4500084B014460E46554A40F21E315448FCF72B
:10E460002FFF002D00F09380002E00F08180002C03
:10E470006FD02946206800F08DFD002857D1236811
:10E4800003F0F002E02A38D02A6869685A400A424C
:10E490000ED09BB24FF6A962934209D07368DB6835
:10E4A0009BB2934204D0AB68002B4FD005F1080417
:10E4B000DFF818C13F4B9CF8002002EB420103EB50
:10E4C000C103197D012903D95B68216899423AD0BB
:10E4D000384B00201A7D012A03D921685A689142DD
:10E4E00027D0013018330A28F4D132462146284675
:10E4F00004B0BDE87040FFF7E1BE01216388627897
:10E50000ADF808105E2102F07F02ADF80C3002ABCE
:10E510008DF80A108DF80B204FF4006405F13602D7
:10E5200031462846009406F051FB04B070BD224BE2
:10E53000F2E7C2B2314628468CF8002004B0BDE8AC
:10E540007040FFF735BD31462846F7E76FF003000E
:10E55000EBE7174B40F22132184919480FF002F946
:10E5600020460EF04BFE0120FCF79EFE08F09AFEBE
:10E570000F4B4FF44872134911480FF0F3F830462F
:10E580000EF03CFE0120FCF78FFE08F08BFE084BDE
:10E5900040F21F320C490A480FF0E4F828460EF00A
:10E5A0002DFE0120FCF780FE08F07CFEA068002014
:10E5B000B0380020649600206C700020F4390020F0
:10E5C00008330020543A002058360020EE2E012057
:10E5D00000B5012285B0DFF824C000F13603CDE993
:10E5E0000212044A1946CDE9002C034AFFF7B8FB92
:10E5F00005B000BD7C7000206C700020747000209D
:10E6000000B58C4685B000F136030121054ACDF8EE
:10E6100000C00192044ACDE902C11946FFF7A0FBF0
:10E6200005B000BD747000206C70002010B5846AC5
:10E6300082B004B30A68204601E0006820B1436854
:10E640009342FAD102B010BD0720009101F044FAC4
:10E65000009970B10B6843600023836003731F4B04
:10E660000A681B689A421CD023680360206002B0CD
:10E6700010BD0020E6E7CDE90001072001F02CFAEB
:10E68000DDE900310028F4D0F9B9144A01731468A7
:10E69000C0E901110A68A24212D100220260986208
:10E6A000D0E70F4B4FF489720E490F480FF05AF81C
:10E6B00000200EF0A3FD0120FCF7F6FD08F0F2FDAE
:10E6C000074B4FF486720949EFE70A6884600473C8
:10E6D000024C426024680A68DDE700BF5C960020B7
:10E6E000603A0020E83A002008330020B43A0020C5
:10E6F000437A022B07D0012B00D070474389013B9E
:10E700009BB29942F9D8022904D801224281012200
:10E710004272704700B583B0CDE90001FCF7FAFD05
:10E720000199009BB0FBF1F202FB1100588108B97E
:10E7300001225A8101225A7203B000BD2A4B2DE9F1
:10E74000F0411B688AB006460D46174608214FF473
:10E7500020723820089301F0F9FE002831D0438957
:10E760000446072B30D93268162F436808926A682E
:10E770005A6002D0DFF8808003E0012205F104082E
:10E780002A720025082118461F705D709D70DD708B
:10E79000079307F029FB079B40F2944142465880BB
:10E7A00002200991042101900123049109A9204626
:10E7B0000296039108A9009500F0A8FB204601F0FD
:10E7C0005BFE0AB0BDE8F081084B40F20232084916
:10E7D00008480EF0C7FF00200EF010FD0120FCF7E6
:10E7E00063FD08F05FFD00BF7C700020603A0020F0
:10E7F0002C3B002008330020589600200349044891
:10E80000044B054A08601A60704700BF5C96002000
:10E81000E000000158960020E000000210B50A490F
:10E820000446FFF703FF60B1037B0222013342720B
:10E830000373636C1BB101220349204698470020F3
:10E8400010BD4FF0FF3010BD5C96002070B5002366
:10E85000846A836274B10646736C25460022304692
:10E8600024680BB1291D98472946072001F048F973
:10E87000002CF1D1204670BD836A1BB370B51C68B3
:10E88000FCB1114E012501E02468D4B1637A022B5A
:10E8900006D0012BF8D16389013B9BB2042BF3D93D
:10E8A000FCF738FDA6FB0032657222F0030303EB90
:10E8B0009203C01A012838BF012060812468002C0F
:10E8C000E4D170BD704700BFCDCCCCCC806A30B1F4
:10E8D0000A6801E0006810B143689342FAD17047BA
:10E8E00070B50E46418982B0044607291BD9456898
:10E8F0000192284607F078FAA8B9B16A99B1019A4D
:10E900000846126801E0006868B143689342FAD192
:10E910002B78112B0DD0162B05D1437A012B02D168
:10E920004FF400738360204602B0BDE8704001F0F0
:10E93000A3BD144BD3F800C06B68944505D0002BE1
:10E94000F1D06978FFF7D4FEEDE7ABB96B7823B966
:10E950000A236B70B16A0029E5D008680028E2D06C
:10E9600069780190FFF7C4FE019800680028F7D18C
:10E97000D9E709680029D6D04A689A42F9D10846F1
:10E98000DFE700BF5C96002070B50D46254A82B0D7
:10E99000044640F2E9112448FCF792FC2B6803F08E
:10E9A000F002E02A37D1214A1268934233D094F81A
:10E9B0003D309B062FD529462046FFF737FE0346FC
:10E9C00060B3427A2AB11A7B002001321A7302B076
:10E9D00070BD027B3AB9666C2EB1019001222946C6
:10E9E0002046B047019B1946162220460193FFF7A7
:10E9F000A5FEFCF78FFC0E4A0121019BA2FB004201
:10EA0000597222F0030101EB9202801A012838BFEB
:10EA100001205881D7E76FF00500D8E74FF0FF30AD
:10EA2000D5E700BF106A0020603A00205C96002005
:10EA3000CDCCCCCC70B50D4682B00446244A2548D6
:10EA400040F24921FCF73CFC286800F0F003E02B81
:10EA50002DD1214B1B68984229D094F83D309B065C
:10EA600025D5A26A1AB3134601E01B68FBB15968A9
:10EA70008842FAD1197B012904D901391973002080
:10EA800002B070BD114612689A4214D0002AF9D122
:10EA90001A7AAAB9666C2EB1002229462046019343
:10EAA000B047019B1946072001F02AF8E7E76FF00D
:10EAB000050002B070BD1A680A601A7A002AE9D00F
:10EAC0001946172220460193FFF738FE019BE1E724
:10EAD000B0680020603A00205C9600201D4B18684A
:10EAE00000282CD0816A19B970470968002927D0FD
:10EAF0004A89531E002AF8D09BB24B81002BF4D1D7
:10EB00004B7A012BF1D110B582B0134B4FF0020CB0
:10EB10004C6816221B689C4213D1096869B14A8966
:10EB2000531E002AF9D09BB24B81002BF5D14B7AB2
:10EB3000012BEAD009680029F1D102B010BD70475D
:10EB4000704781F809C0CDE90001FFF7F7FDDDE965
:10EB50000001E2E7E0CC00205C9600200B4B1B6834
:10EB60005BB193F83D2002F00502052A07D11A682F
:10EB700042B102787F2A08BF00231846704700235D
:10EB80001846704713461846704700BFE0CC002077
:10EB90002DE9F04104467F4A82B00F467E4840F29C
:10EBA000D911FCF78DFB626813781909042933D158
:10EBB000518803F00F03208949BA9B008DB2A84207
:10EBC00031D86089984227D32089A84224D3132BB7
:10EBD00022D91169D06801F0F00E704D97F83DC050
:10EBE000BEF1E00FC5E9040126D11CF0200F78D159
:10EBF000517A112900F0858070B100263946CDE99F
:10EC0000003200F0C7F938B9296901F0F001E029B4
:10EC100002D0DDE900328EBB204601F02DFC002041
:10EC200002B0BDE8F08129462046CDE9003201F06E
:10EC300013FDDDE90032C4E71CF0010F5CD0D7F80A
:10EC400000C0BCF1000FD3D08C4514D00846394623
:10EC5000CDE9003200F09EF9DDE9003250B905F14E
:10EC600014013846CDE90032FDF792FDDDE90032AE
:10EC7000002841D02869002874D13E46D18821F06F
:10EC8000C00141B12046009300F0ACFB04460028CF
:10EC9000C5D04268009BAA60204601930092C5E956
:10ECA0000067117801F00F018900A981394601F050
:10ECB0005FFF0128804644D00199204601F074FB93
:10ECC000009A019B527A013A102A21D8DFE802F01B
:10ECD0005C56202020512020202020202020202091
:10ECE0004C0005F114013846CDE90032FFF7EEFD86
:10ECF000DDE900320028BDD1517A11292CD02869D4
:10ED00007AE7D1184988B1F5884F7FF475AFB4E739
:10ED1000B8F1020F12D031466869009300F03AF959
:10ED200060B96A6902F0F002E02A07D00099204633
:10ED300001F068FB0221204607F0C0FA204601F0EE
:10ED40009BFB00230020C5E90033AB60AB81C5E924
:10ED5000043302B0BDE8F081D1184988B1F5884F7D
:10ED6000CDD18AE73E4649E73946204605F03AFBD1
:10ED7000E7E73946204603F013FDE2E7084A394643
:10ED80002046FFF7ADFDDCE73946204607F0F0F9F5
:10ED9000D7E700BF74690020683B0020689C002012
:10EDA0007C9C00202DE9F04F044685B0884615462E
:10EDB00040F275314E4A4F489A469DF838909DF87A
:10EDC0003C70BDF84860FCF77BFAA37B012B7AD13D
:10EDD000002D5AD0002E55D0282E71D8F31C204675
:10EDE00023F003039BB2194603F1140B009301F0C7
:10EDF000A3FA0190002860D132461199606807F0AB
:10EE0000BDFF009B9E424BD31421204601F094FA93
:10EE10000646002851D16389132B63D94FEA9B0220
:10EE20006368062F42F0400283F808A05F722968E9
:10EE30001A7083F801902289196151BA9871D871BA
:10EE4000598001D1442A04D92B4A1688711C76BAFC
:10EE500011809E80B8F1000F1FD0D8F80020DA6032
:10EE600000229A72DA72109B9B8E13B122899A4209
:10EE70001DD8109B2A46214610981B69984705B05B
:10EE8000BDE8F08F4FF0140BBEE76389132B14D944
:10EE9000636803AD1B690393E5E7184A1268DEE770
:10EEA00060689A1B019930440EF096FEACE72A4642
:10EEB0001099204600F080FCE1E76FF00100DEE7EA
:10EEC0006FF00500DBE70B4B40F276320C490D4842
:10EED0000EF048FC00200EF091F90120FCF7E4F957
:10EEE00008F0E0F9034B40F2AA320749EFE700BF10
:10EEF000C8680020683B0020BC2E01207C700020E8
:10EF0000BC3B002008330020C83B0020F0B59DF832
:10EF100014E09DF81840BDF82460DDE907C51AB17A
:10EF200009B10F6807B96146CDF814E0CDE908567C
:10EF3000CDE9064CBDE8F040FFF734BF10B586B010
:10EF40009DF820C00A9CCDF800C04FF0000C029440
:10EF5000CDE903CC9DF824C0CDF804C0FFF722FF13
:10EF600006B010BD30B587B09DF828E09DF82C4064
:10EF7000DDF830C01AB109B10D6805B96146CDF8A8
:10EF800000E0CDE9014C0024CDE90344FFF70AFF7E
:10EF900007B030BD431E033314D891F83D3013F051
:10EFA00002030DD00B6883420FD04A6843401342DE
:10EFB0000BD1D34320EA0200C31AB3FA83F35B09EF
:10EFC00018467047012318467047002318467047BB
:10EFD000F0B5514C85B00278A35C5B0738D50F467D
:10EFE00003AE6D46302A36D04FF00A0E01300021B4
:10EFF00007E0BEF1080F1CD001FB0E21027830396A
:10F000000130A35C13F0040FF3D1BEF1100F15D142
:10F0100013F0440F12D003F0030302F10A0C02783C
:10F02000022B14BF41236123ACEB030343EA01111C
:10F03000E6E7A2F1300CBCF1070FDDD92E2A18D17A
:10F04000B54205D0027845F8041BA35C5907C9D422
:10F05000002005B0F0BD427802F0DF03582B03D04A
:10F0600001304FF0080EC1E782784FF0100E0230E9
:10F07000BCE70AB11B07EBD56B46EB1A9B100133BB
:10F08000042B3AD801A252F823F000BFA5BE01001C
:10F0900005BF0100F5BE010033BF01000FBF010035
:10F0A000B1F1807FD4D2009BFF2BD1D841EA03611C
:10F0B0000FB109BA39600120CBE7FF29C8D8009801
:10F0C000FF28C5D8019BFF2BC2D8029AFF2ABFD8C0
:10F0D0001B0443EA006343EA02231943E8E7B1F55E
:10F0E000803FB5D2009AFF2AB2D8019BFF2BAFD840
:10F0F0001B0443EA02631943DAE7084BFB22084981
:10F1000008480EF02FFB00200EF078F80120FCF7E5
:10F11000CBF808F0C7F800BF796B0020F83B00205F
:10F12000503C00200833002008B540F24712064B3F
:10F13000064907480EF016FB00200EF05FF801208C
:10F14000FCF7B2F808F0AEF85C3C0020B43C0020BC
:10F150000833002010B5044648B1406908B101F0F9
:10F160008BF921460620BDE8104000F0C9BC074BD2
:10F170004FF43472064907480EF0F4FA20460EF0B8
:10F180003DF80120FCF790F808F08CF85C3C00207A
:10F19000D03C00200833002081422DE9F04100F0EE
:10F1A0008D800746884600295ED00968814240F07C
:10F1B00081804C68002C45D063689A883AB3002659
:10F1C0006368204625461C6801F0BAFA3318B3F587
:10F1D000803F61DA28469EB201F04EF9002CEFD153
:10F1E0003A4B1A68974248D0B8F1000F43D03B68B9
:10F1F000C8F800303946052000F082FC344A1388F4
:10F20000B3425FD39B1B30461380BDE8F0811A6880
:10F21000386979697A60FD68BA6898602046D96073
:10F2200001211A605D60BA691A6107F04BF8204647
:10F2300001F086FA0646204601F01EF97C68002C93
:10F24000BED1CDE7214B1A68914219D00B68052039
:10F250002646C8F8003000F053FC1D4A304613889B
:10F260009B1B1380BDE8F0814468002CA4D1174B90
:10F270001A6890420DD0FFF757FF3A681A60B9E755
:10F280000A6805201A6000F03BFC114A26461388E4
:10F29000B8E702680146F4E70E4BCE220E490F484C
:10F2A0000EF060FA00200DF0A9FF0120FBF7FCFF33
:10F2B00007F0F8FF074BAD220949F0E7054BAB22F9
:10F2C0000849ECE7034BD4220749E8E70CCD0020BE
:10F2D000BE2E01205C3C0020FC3C002008330020B6
:10F2E000E83C0020DC3C00201C3D00202DE9F047DC
:10F2F00005468A460027DFF8B880D8F800000028C5
:10F3000048D04FF00009D5F80CC0CE4649464B46D0
:10F31000426962452AD009F1010453B9026892B3E7
:10F3200053698E4601469C45034636D009F10204D6
:10F33000104693F81F90C27F06684A450AD926B343
:10F34000726994450FD0014630460134C27F066889
:10F350004A45F4D88E46034691461EB372699445D9
:10F36000F1D18E4603460146A14630462C6982699A
:10F37000A242D0D18489AA889442CCD10268AAB191
:10F3800001461046C4E78E4603464BB9574501DA9D
:10F39000012CB2DC3846BDE8F087A1461046E5E70F
:10F3A00071461846FFF7F8FE0744EFE74C46ECE7D6
:10F3B0000CCD002038B50A4B1C684CB10025E37F0A
:10F3C000204624685A1E23B10546C277002CF6D188
:10F3D00038BD2946FFF7E0FE002CF0D1F8E700BF6A
:10F3E0000CCD00202DE9F04F476883B006463B78EE
:10F3F00003F00F03052B40F0D9807D886DBAADB2C4
:10F40000132D40F2D380B7F8068001F099F9A24B92
:10F4100081461B8803440A2B00F3E3809F4B196845
:10F42000002900F0EB80F86803E00968002900F08B
:10F43000E5804B698342F8D13B698A699A42F4D1ED
:10F440008A89BB889A42F0D1FB8858BAC0F30C0075
:10F45000002800F0B3804C6898FA98FCA5F11402DB
:10F4600013F02003CCF30C0C93469A464FEACC0CD5
:10F470000AD10CEB02039BB29C4500F28B804FF645
:10F48000EB72934200F28680D6F804E0BEF80230B8
:10F490009EF800205BBA02F00F029BB2B3EB820F22
:10F4A00078D3A3EB8203BEF8062052BAC2F30C0253
:10F4B000D2001344AEF8042098B2AEF80630002310
:10F4C000824201908EF800308EF801308EF80230C2
:10F4D0008EF803305ED8002C00F039814FF001081F
:10F4E0000FE063D0DF88BA4260D335B1EC88844244
:10F4F00014BF4FF0000808F001081C68002C00F051
:10F50000BD801D46636898888242EAD2CEF80040EA
:10F51000002D00F0BB80019CEB88844246D89A42C3
:10F5200044D39A4214BF4FF0000808F001082E603F
:10F53000BAF1000F00F083808B7FDB0740F18C80F5
:10F54000B8F1000F00F088804B68002B00F0848039
:10F550005B689A887AB9DEF80000002800F0018123
:10F56000019C04E01068002800F09A80D48842686A
:10F570009088A042F6D0484A13884B441380BAF1D1
:10F58000000F16D18B7FDC4443F00103A1F81CC0AF
:10F590008B770EE054B9414B1B688B4240F0F280F0
:10F5A0000B6805203D4A136000F0AAFA304600F0CF
:10F5B00063FF0025284603B0BDE8F08FC88940BA34
:10F5C000C0F30C0000283FF446AF3B687A68BC6883
:10F5D000F8688B60CA600C6148613B698B61FB888D
:10F5E00039E701463846FFF781FE0028DED02A4B76
:10F5F0001B884B440A2B7FF711AFD7E7052000F09B
:10F600006BFA014668B3254A002413688C600B60CE
:10F610000F23CC600C614C618C61CC614C60CB776A
:10F6200011603B68D7F804C0BA68F8688B60C1F80D
:10F630000CC00A6148613B698B61FB880CE7B8F13B
:10F64000000F02D04B68002B82D18B7FDC4443F04B
:10F650000103A1F81CC08B770F4A13884B44138019
:10F66000A7E749463846FFF741FE81459EDC052065
:10F6700000F032FA01460028C5D197E7BA4214BF1C
:10F680004FF0000808F001081E6051E7019B83421B
:10F690008CD84E604CE700BFBE2E01200CCD002060
:10F6A000934260D03D4802884A440280BAF1000F7C
:10F6B0004BD1887F0BEB0C0240F001008A838877E6
:10F6C0008D6814320C69486952BACE689C605E60DD
:10F6D000D86000201C681D608D695A801D6198717A
:10F6E0004D68D8719872D8726CB10F4614212046BB
:10F6F000666800F059FE2146284601F037F8346864
:10F70000002CF3D13946264B1B688B4206D0002BC8
:10F710003DD01A688A4215D01346F8E70B68204A94
:10F720001360052000F0ECF9284601F009F81B4BA6
:10F730001B8883422DD31B1A184A2846138003B016
:10F74000BDE8F08F0A681A60EBE78A8BB8E74E6075
:10F75000BAF1000F3FF476AF8B7FDA073FF5F4AED6
:10F760007AE79E459ED10F4B4FF4F1720E490F4838
:10F770000DF0F8FF00200DF041FD0120FBF794FD96
:10F7800007F090FD074B40F2AD220949EFE7FFF784
:10F79000CBFC044B40F29D220649E8E7BE2E012037
:10F7A0000CCD00205C3C0020403D002008330020B0
:10F7B000903D0020743D00202DE9F04FD0F804A0CA
:10F7C0008DB09AF8003003F00F03052B40F0C08095
:10F7D00043890546132B40F2BB800389143B9BB23F
:10F7E0001E46002B00F0AF808B8E14270024DFF81C
:10F7F000A091B3F11400B04648BFA3F10D00CDE9CC
:10F800000A1220F00702BAF80630C110CDF814A091
:10F810005BBA92B209910492C3F30C02C3F3403372
:10F82000039208934FF420721421102000F08EFEF2
:10F83000834600284CD04389132B40F29B800599C6
:10F840004368C8680A68D1F804C08E68D860049814
:10F850001A604045C3F804C09E6028BF40460A694C
:10F8600002901A61DBF8042000286ED06C89BC423B
:10F8700071D3029ECDE906281AE0019403466A6816
:10F88000214600203A440092412200F033FD824696
:10F8900018B3361B284600F05DFF5146B6B25846F5
:10F8A000C8E9049500F062FFFEB12D6800276C895D
:10F8B000E41BA4B2B44228BF3446002CF5D0062085
:10F8C00000F00AF980460028D7D1584600F0D4FD50
:10F8D0004FF0FF300DB0BDE8F08F4146062000F03C
:10F8E0000FF9584600F0C8FDF2E72744DDE9062885
:10F8F000BFB20A99039E8B8E0898133B4345D8BF2D
:10F9000040F00100C6F30C0343EA403308465BBAFB
:10F91000D380029B14335BBA538000239372D3725B
:10F920000B6959460B9A9847584600F0A5FD029B73
:10F93000A8EB030B099B1FFA8BF833440393B8F130
:10F94000000F7FF46FAF0020C4E72744BFB2D0E7B9
:10F950006FF00500BEE70A4B40F22F3209490A4812
:10F960000DF000FF00200DF049FC0120FBF79CFC8E
:10F9700007F098FC024B40F226320449EFE700BF43
:10F980005C3C0020D03D002008330020B03D00202A
:10F99000A9BF0100704700BF704700BF08B50BF05A
:10F9A00081FC90B1C31C23F0030398420DD0074B98
:10F9B000C822074907480DF0D5FE00200DF01EFCB7
:10F9C0000120FBF771FC07F06DFC08BDE03D002055
:10F9D000303E00200833002010B540B1C31C23F096
:10F9E0000303984211D1BDE810400BF063BC094BF2
:10F9F000D922094909480DF0B5FE00200DF0FEFBA3
:10FA00000120FBF751FC07F04DFC024BDA220449C0
:10FA1000F0E700BFE03D0020543E00200833002006
:10FA2000643E00200BF0ACBB08B54FF48C72064B63
:10FA3000064907480DF096FE00200DF0DFFB01207F
:10FA4000FBF732FC07F02EFC7C3E0020CC3E002071
:10FA50000833002008B54FF4B672064B0649074834
:10FA60000DF080FE00200DF0C9FB0120FBF71CFC0F
:10FA700007F018FC7C3E0020F03E002008330020F8
:10FA8000F0B5DFF850E00424104B0026104D0EF1C5
:10FA90002C075EF8042B2E6074B103330021B2F8FA
:10FAA00000C023F003030A4600E0634401321960FA
:10FAB0001946A242F9D12B60774505D0DEF8002027
:10FAC000D2E901355488E4E7F0BD00BF98CC20208E
:10FAD000C4CC0020487100200A280BD808B5074B79
:10FAE00053F820309B68186818B102681A608307C1
:10FAF00002D108BD00207047FFF796FF4871002033
:10FB000061B10A280AD808B58B0708D1054B53F80C
:10FB100020309B681A680A60196008BD7047FFF7BB
:10FB200099FF00BF487100206FF00B00704700BFC5
:10FB300068B190F83D2002F00501052900D070471A
:10FB40000368002BFBD09306F9D5FEF795BE10B5E0
:10FB50000446074B4FF46472064907480DF002FE55
:10FB600020460DF04BFB0120FBF79EFB07F09AFBB4
:10FB7000103F0020603F002008330020704700BF86
:10FB800010B5054A044640F25B310448FBF798FB88
:10FB9000034B1C6010BD00BF4C6B0020103F0020C9
:10FBA000E0CC002030B5054685B0184A40F27131EE
:10FBB0001748FBF785FB1DB195F83D30DA0701D5F5
:10FBC00005B030BD134943F0010301220C6885F8EC
:10FBD0003D308DF804204CB101AA08212846D4E913
:10FBE00000349847002CF7D195F83D3003F005021A
:10FBF000052AE5D12A68002AE2D09B06E0D52846EE
:10FC000005B0BDE83040FEF737BE00BF286B0020CE
:10FC1000103F00203C9C002030B5054685B0144ABA
:10FC200040F2BF311348FBF74BFB1DB195F83D3057
:10FC3000DA0701D405B030BD0F4900220C688DF8F9
:10FC400004204CB101AA08212846D4E90034984781
:10FC5000002CF7D195F83D3023F001021B0785F801
:10FC60003D20E7D5284605B0BDE83040FEF74CBA48
:10FC70000C6B0020103F00203C9C002038B505464E
:10FC8000244A40F20A312448FBF71AFBB5B1234B52
:10FC90001C683CB1002202212846D4E90034984770
:10FCA000002CF7D12B68D3B995F83D309A060ED4C5
:10FCB000DB0704D41A4C2368AB4221D038BD184C62
:10FCC0002846FFF7A9FF2368AB42F7D118E0284682
:10FCD000FEF7BCFD95F83D30DB07EBD5EFE70021E3
:10FCE000284601F0B5FF0021284604F0F3FE00216C
:10FCF000284600F0BDFF95F83D309A06D8D5E6E7D6
:10FD0000084A40F25B310448FBF7DAFA002323602B
:10FD100038BD00BFCC690020103F00203C9C002073
:10FD2000E0CC00204C6B002030B5054685B01B4A66
:10FD300040F204411A48FBF7C3FA1DB195F83D3073
:10FD40005A0701D505B030BD43F00403284685F8B5
:10FD50003D30FDF73FFD2846FCF7F0FC95F83D30BF
:10FD600003F00502052A10D00E4A012314688DF80D
:10FD70000430002CE6D001AA04212846D4E900343E
:10FD80009847002CF7D105B030BD2A68002AEBD087
:10FD90009B06E9D52846FEF76FFDE5E7EC6A0020F3
:10FDA000103F00203C9C002030B5054685B0144A29
:10FDB00040F22A411348FBF783FA1DB195F83D3014
:10FDC0005A0701D405B030BD23F00403284685F856
:10FDD0003D30FCF7B5FC284606F056F80A4A0023E9
:10FDE00014688DF80430002CECD001AA04212846B8
:10FDF000D4E900349847002CF7D105B030BD00BFDE
:10FE0000B46A0020103F00203C9C002010B504463E
:10FE1000094A40F2CE610948FBF752FA54B1084B47
:10FE2000186830B190F840300133DBB2A34218BFFC
:10FE3000002010BD204610BD646A0020103F002045
:10FE4000E0CC002038B504460D46164A40F20A714F
:10FE50001548FBF735FA34B1A5B1144B25601A6883
:10FE60001C60626038BD104B40F20B7210491148A3
:10FE70000DF078FC20460DF0C1F90120FBF714FAD3
:10FE800007F010FA084B40F20C720B4909480DF0CC
:10FE900069FC28460DF0B2F90120FBF705FA07F0DE
:10FEA00001FA00BF80690020103F00203C9C002028
:10FEB000843F002008330020A03F002010B50446F6
:10FEC000164A40F21D711648FBF7FAF9BCB1154B02
:10FED000196871B1A1420DD04B6823B907E05A6887
:10FEE000194622B113469C42F9D163684B60002346
:10FEF000636010BD62681A6000236360F9E7084B15
:10FF000040F21E72084909480DF02CFC20460DF005
:10FF100075F90120FBF7C8F907F0C4F9E068002083
:10FF2000103F00203C9C0020843F0020083300202C
:10FF3000F8B5054668B10E4B0E4617461C683CB135
:10FF40003A4631462846D4E900349847002CF7D188
:10FF5000F8BD084B40F23E72074908480DF002FC1C
:10FF600028460DF04BF90120FBF79EF907F09AF9AE
:10FF70003C9C0020103F0020B43F002008330020AC
:10FF8000F0B50D4689B017460446544A4FF4307117
:10FF900053481E46FBF794F9002D36D007B316B32D
:10FFA0002B6823B3002319463F68D4E90120974208
:10FFB00026D067600192326801AE8242069641F017
:10FFC000400626D0A26002AA029007922BB346F008
:10FFD000A00189B205AA2046FFF7AAFF09B0F0BD2B
:10FFE000404F002EDCD12B683E4E002BDAD1216829
:10FFF000002943D13F680123D4E901209742D8D199
:02000004600298
:100000003268824258D00E46DCE7364D002FC6D10A
:10001000E6E753B141F0C001DCE723682A68934268
:100020000AD146F4946189B2D4E723682A689342DE
:1000300004D141F49861CDE746F0200603AF2A6869
:1000400004A93846CDE9033201F002FE04A938467E
:1000500004F040FD04A9384600F00AFE04AA39461F
:10006000204605F0F3FF2B68012120462360FFF7AF
:100070005FFD46F49263059799B2ABE703A803913D
:1000800005A9059301F0E4FD05A903A804F022FDEC
:1000900005A903A800F0ECFD05AA03A9204605F078
:1000A000D5FF2B68012120462360FFF741FD03ABFC
:1000B00010210593012377E71BB100298ED09021F1
:1000C00088E723682A68934206D100290CBF4FF4C1
:1000D00080614FF492617DE70E46AFE7DC69002056
:1000E000103F00207C700020F0B583B004460D4620
:1000F000164640F22D11364A36480193FBF7E0F8D8
:10010000354A019B1768002F4DD1002C3BD0099A2E
:10011000002A38D0002D3ED0002E37D0002B38D00A
:10012000089832462946A0610A98E0600020C4E998
:100130000000A060A08684F83D00E061206260625B
:10014000A062E062606484F84000A06423482061FB
:100150002046FFF715FF2046099B984798B994F869
:100160003C30062B2ED894F83D309B0617D41C4B00
:100170001D683DB1002201212046D5E90035984790
:10018000002DF7D12746384603B0F0BD154E002BA1
:10019000C6D1144BC4E7134D002EBFD1F6E720465D
:1001A000FEF73CFBE3E70B4B40F231120E490F48E0
:1001B0000DF0D8FA00200DF021F80120FBF774F8BB
:1001C00007F070F8034B40F28B120949EFE700BFCC
:1001D000F8690020103F0020E0CC00207DC901001C
:1001E0003C9C00207C700020CC3F00200833002085
:1001F000E83F002000B59C4685B00023CDF808C03C
:10020000CDE900121A461946FFF76EFF05B000BD92
:1002100008B540F24632064B064907480DF0A2FAEF
:1002200000200CF0EBFF0120FBF73EF807F03AF856
:1002300014400020644000200833002008B540F23C
:100240004C52064B064907480DF08CFA00200CF082
:10025000D5FF0120FBF728F807F024F81440002010
:10026000784000200833002007490022074B086827
:100270001A7010B906E0C06820B1436F002BFAD0A5
:1002800001F03ABD704700BFE82D0120F42E012097
:1002900030B522F0400483B0012C15D10546092069
:1002A000CDE90012FFF718FC60B100230099019A14
:1002B0000360437361F30F03456061F31F430273EF
:1002C000C481836003B030BD074B4FF4A672074969
:1002D00007480DF047FA00200CF090FF0120FAF7D4
:1002E000E3FF06F0DFFF00BF144000208C40002039
:1002F00008330020033020F0030010B501EB000E9E
:10030000BDF80CC01446029AE64513D84FF0000C15
:1003100061F30F0C61F31F4C02B102440020022173
:100320005A60012218601846C3F808C01C7359733C
:10033000DA8110BD002010BD10B5F0B1B1F5803FDD
:100340000BD2C1B18AB2038913449BB29A4204D83A
:1003500090F90CC0BCF1000F01DB012010BD446816
:1003600000F1100C611A6145F7D3B0F80AC0416082
:10037000624403814281002010BD0446074B4FF4C4
:10038000F272074907480DF0EDF920460CF036FFF0
:100390000120FAF789FF06F085FF00BF1440002016
:1003A000A04000200833002010B5A8B1B1F5803F6F
:1003B00010D269B18AB2438993420BD344689B1A25
:1003C00004EB010C018943818B1AC0F804C003813E
:1003D000002010BD012010BD0446074B4FF41472DD
:1003E000064907480DF0BEF920460CF007FF012032
:1003F000FAF75AFF06F056FF14400020A0400020F4
:1004000008330020002918DB10B5F8B199B18AB281
:10041000038913449BB29A4216D890F90CC04468E1
:10042000BCF1000FA4EB01010ADBB0F80AC0416087
:10043000624403814281002010BD4942FFF7B4BFEE
:1004400000F1100C6145F0D2012010BD0446074BAD
:100450004FF4F272064907480DF084F920460CF07B
:10046000CDFE0120FAF720FF06F01CFF144000200B
:10047000A040002008330020F8B50546002849D0E8
:10048000002608E02C69002C3AD02846A047013607
:10049000F6B2D7B13D46AC7B1CB3013CE4B2AC73C1
:1004A0009CB96B7B2F6813F00204EBD12B7B03F01C
:1004B0000F03022B0BD0012B0ED033BB0136284685
:1004C000FFF78AFAF6B2002FE4D13046F8BD29468C
:1004D0000A20FFF715FBDAE729460920FFF710FB92
:1004E000D5E7144B40F2F522134914480DF03AF9C0
:1004F00020460CF083FE0120FAF7D6FE06F0D2FE6D
:100500000C4B40F203320E49EFE70A4B40F2133234
:100510000C49EAE7074B4FF438720B4907480DF0D6
:1005200021F928460CF06AFE0120FAF7BDFE06F01C
:10053000B9FE00BF14400020AC400020083300206A
:10054000C4400020E8400020A0400020B2F5C17F58
:100550002DE9F84381460F463AD012D822F04003E5
:10056000012B30D0364B40F22912364936480DF077
:10057000F9F800200CF042FE0120FAF795FE06F093
:1005800091FEB2F5207FEDD1CB1C033023F00303A5
:1005900020F0030010331844FFF700FA804678B1CA
:1005A00000212A4B81440A46C36009F1130367F313
:1005B0000F0223F0030367F31F42C0E900138260B8
:1005C0004046BDE8F8830020BDE8F843FFF760BE71
:1005D000002240F2EC551E4C904606E03260FB1AB9
:1005E0004FF000099FB2002FEAD00A201646FFF70D
:1005F00073FA0246C0B109F1030300EB09010020C0
:10060000178123F0030313311060EB1A21F003016B
:10061000D4609BB25160BB4228BF3B465381B8F1C6
:10062000000FDBD19046DAE70A4B01221A70B8F1CD
:10063000000F02D04046FFF71FFF4FF00008BFE752
:1006400014400020FC4000200833002080000100FE
:1006500082000100F42E0120F8B5044600285DD088
:1006600003898B4222D90D46C91A06E02289EB1A6A
:100670000A449DB22281246894B36389AB42F5D3C6
:10068000227B120706D1AB4204D0637B13F0020336
:100690001E460CD00023206865F30F0365F31F434B
:1006A000A36008B1FFF7E8FE00232360F8BD63688C
:1006B00020461B1B5919FFF76FF90746F8B1844212
:1006C000E8D0194B40F2C112184919480DF04AF808
:1006D00030460CF093FD0120FAF7E6FD06F0E2FD4E
:1006E000114B40F2B112134911480DF03BF820466E
:1006F0000CF084FD0120FAF7D7FD06F0D3FD0A4B7C
:1007000040F2BF120C490A480DF02CF838460CF0A4
:1007100075FD0120FAF7C8FD06F0C4FD024B4FF449
:10072000CD720649E0E700BF14400020644100207C
:1007300008330020304100204841002018410020AB
:10074000034630B1002001301B6880B2002BFAD183
:100750007047704730B108B5837B0133DBB28373D8
:100760000BB108BD7047FFF753FD00BFD0B110B506
:10077000B1FA81F46409A1B1884214D0036843B18D
:100780000289B1F808C06244028118461B68002B38
:10079000F6D102894389934214D10A890160134436
:1007A000038110BD70470F4B40F25F320E490F4876
:1007B0000CF0D8FF20460CF021FD0120FAF774FD63
:1007C00006F070FD074B40F26732094907480CF00C
:1007D000C9FF00200CF012FD0120FAF765FD06F0BC
:1007E00061FD00BF1440002080410020083300203C
:1007F0009C41002000B583B00191FFF7B7FF01993C
:1008000021B18B7B0133DBB28B730BB103B000BD25
:10081000FFF7FEFC002900F08B802DE9F84391469C
:100820000A890E464A4561D3054600285ED00189F3
:1008300003EB0902914259DBB0FA80F81F464FEAF8
:1008400058186C897389E41B6868A3EB0803716806
:1008500038449C42414428BF1C464C4528BF4C4666
:100860002246274406F08AFA6A89BA4251D3A04444
:10087000738943453ED3A9EB04041FFA84F91DD0C4
:10088000BA422AD032899A420AD01DB16A892B898C
:100890009A420CD0B9F1000FD3D14846BDE8F88395
:1008A0003368002BF1D06FF00500BDE8F8832B68AA
:1008B000002BF8D1B9F1000FC3D1EEE7B9F1000375
:1008C000366818BF012306B983B9BA424FF0000851
:1008D00007D0002ED9D07389D4E7B9F1000318BF2F
:1008E00001232D6805B90BB90027F2E76FF00F005F
:1008F000BDE8F883104B40F2FB32104910480CF071
:1009000031FF00200CF07AFC0120FAF7CDFC06F054
:10091000C9FC094B40F2FA320A4909480CF022FF9F
:1009200000200CF06BFC0120FAF7BEFC06F0BAFCCC
:100930006FF00F00704700BF14400020E44100201A
:1009400008330020CC41002019B100230A89FFF7A9
:1009500061BF6FF00F0070472DE9F84379B105468C
:1009600068B10F4616469AB3B5F80AC063B163453D
:10097000A3EB0C0208D32D6893B2002DF4D14FF0F5
:1009800000084046BDE8F8834FF0000801E0B5F8E4
:100990000AC0ACEB030C696807EB08001FFA8CF483
:1009A0001944B442A14628BFB1464A46C84406F09D
:1009B000E5F92D68A6EB09091FFA88F80023002D38
:1009C000DFD0B4421FFA89F6E1D34046BDE8F88390
:1009D0009046D6E7B9B32DE9F843054608B3038935
:1009E00093421BD3BAB1B0FA80F7914688461646B7
:1009F0007F0901E02D68BDB16C8908EB07016868CB
:100A0000B44228BF34462246274406F0B7F9361BC5
:100A1000F0D1B9451AD10020BDE8F8834FF0FF307E
:100A2000FAE76FF00F00F7E7104B40F2E54210498C
:100A300010480CF097FE28460CF0E0FB0120FAF776
:100A400033FC06F02FFC6FF00F007047074B4FF49C
:100A50009E62094907480CF085FE30460CF0CEFB3B
:100A60000120FAF721FC06F01DFC00BF1440002015
:100A7000004200200833002018420020002835D012
:100A80009C46034670B582B003E01B681FFA80FCE9
:100A900043B35C896445ACEB0400F6D918890CEBD0
:100AA0000205A8421EDB58686044A4EB0C0C6245AA
:100AB00004DC06F063F9002002B070BD1FFA8CF26E
:100AC000CDE90013164606F059F92A1B92B2DDE96A
:100AD0000013002AEFD03144186802B0BDE870401E
:100AE000FFF778BF4FF0FF3002B070BD4FF0FF301E
:100AF000704700BF38B514460A462189FFF726FD26
:100B0000054628B1002322892146FFF783FE08B954
:100B1000284638BDFFF792FB18B90AE0006899B281
:100B200030B143898B42A1EB0303F7D94368585C8A
:100B30007047704740B143898B42A1EB030306D84D
:100B4000006899B20028F6D14FF0FF307047436833
:100B5000585C704718B90AE0006899B230B143890F
:100B60008B42A1EB0303F7D943685A54704770478F
:100B70002DE9F84F384E814631687069FEF70AFA60
:100B8000364BD3F800B0BBF1000F54D08046D9F8F3
:100B900004200020557A044605E0DBF80C305C4662
:100BA000002B34D09B469BF81030AB42F5D19BF81C
:100BB000081031B1736893F840300133DBB29942C9
:100BC000EBD1DBF80010B8F1000F22D00029E4D1FE
:100BD0009BF81130DB0704D5DBF804103369994228
:100BE000DBD1DBF81470002FD7D092461C4B4A465D
:100BF0005946DBF81800B84788B9D9F8042052459F
:100C00001BD1DBF80C3002205C46002BCAD1BDE8BA
:100C1000F88F0029DCD073699942BED1D8E744B17E
:100C20000E49DBF80C200B68E260C1F800B0CBF88D
:100C30000C300120EBE75846E9E70746094BC02294
:100C400009490A480CF08EFD38460CF0D7FA01200D
:100C5000FAF72AFB06F026FB689C002008CD00204E
:100C6000789C002030420020804200200833002081
:100C700010B1026801B102B970470B68002BFBD0BC
:100C8000084B1B68002BF7D010B400E002681C680A
:100C9000944201D10A681A60DB68002BF6D110BCBF
:100CA000704700BF08CD002010B50446E0B1037DB9
:100CB000042B03D0072B0BD0032B07D102F0AAFD86
:100CC00058B905232046237502F040FF002010BDCF
:100CD00002F0A0FD08B90923F4E7431CF7D1638BA8
:100CE00043F008036383F1E7074B4FF4CE720749E3
:100CF00007480CF037FD20460CF080FA0120FAF787
:100D0000D3FA06F0CFFA00BFCC4200201C430020EB
:100D10000833002008B5D422064B074907480CF0D9
:100D200021FD00200CF06AFA0120FAF7BDFA06F066
:100D3000B9FA00BFCC42002028430020083300202D
:100D400008B5FAF7E7FA024B024A0343138008BDDD
:100D500000C0FFFF6A7E002008B5037D012B05D08F
:100D600001460220BDE80840FEF7CABEFFF7D2FFE9
:100D700038B50446E0B1038D40F6683EC16A426A68
:100D8000658E581A7545104494BFA0EB050CA0EB76
:100D90000E0CBCF1000F05DA8B1A05D4B3F5803FB9
:100DA00015D20020638538BD00231846638538BD01
:100DB000094B40F2AA32094909480CF0D3FC002043
:100DC0000CF01CFA0120FAF76FFA06F06BFA024BEE
:100DD00040F2BA320349EFE7CC4200203C43002006
:100DE000083300206043002070B504460D461B4ABE
:100DF00040F2D1311A48FAF763FAB4B1237D012BDE
:100E00001E461CD0238DE91889B28B4203D841F2CB
:100E1000D063994201D941F2D06120462185FFF784
:100E2000A7FF40F2B353984200D870BD638B2046B1
:100E300043F002036383BDE8704002F087BE084BB5
:100E400040F2D632074908480CF08CFC00200CF028
:100E5000D5F93046FAF728FA06F024FA606B00203C
:100E6000CC4200207C4300200833002070B138B50C
:100E7000044625462468686808B1FFF7FDFA29464C
:100E80000420FEF73DFE002CF3D138BD704700BFB3
:100E900088B10146406858B100B583B00191FFF7B1
:100EA000EBFA0199042003B05DF804EBFEF728BECD
:100EB0000420FEF725BE704710B5044682B0B0B1DD
:100EC0000420FEF709FE034670B12068D4F804C080
:100ED000A168E268C3F804C0186099605868DA60D5
:100EE0000193FFF737FC019B184602B010BD074B7A
:100EF00040F28662064907480CF034FC20460CF0AC
:100F00007DF90120FAF7D0F906F0CCF9CC420020A7
:100F1000A44300200833002020B1037D0A2B01D018
:100F2000012B00D8704730B50546806F83B018B1EB
:100F3000FFF7A2FA0023AB676C6F6CB121462468FF
:100F4000486818B10191FFF797FA01990420FEF75C
:100F5000D7FD002CF2D16C674FF6FF73EC6E2B8639
:100F600064B121462468486818B10191FFF784FAFA
:100F700001990420FEF7C4FD002CF2D12C6F64B15E
:100F800021462468486818B10191FFF775FA019964
:100F90000420FEF7B5FD002CF2D1A5F86840C5E9A4
:100FA0001B4403B030BD00BF2DE9F04FA74F87B001
:100FB000DFF8B4923B68DFF8B4A201333B6099F8E4
:100FC0000030013389F80030A14B1C68002C7CD024
:100FD0004FF0000B257D002D00F0F581012D00F074
:100FE000E3810A2D00F0FE8199F80030A27F9A4239
:100FF00000F02581022DA37794F8423000F0A28002
:101000000B2B40F2AA800126062D00F0CC80637ADB
:101010001B0740F19A80042D02D0072D40F09580E7
:10102000D4F894108B483B68226A08188A4D9B1AA2
:10103000A5FB0050B3EB501F40F2D58001364FF0B6
:101040000108F6B2656F9DB13B689A1AB4F9403059
:1010500003EB4303B2EB430F80F00A81237D032BA4
:1010600048D0092B4BD13B68226A9B1AF02B46D9FA
:101070002046D4F89050FFF74FFF754B1B68BBF12B
:10108000000F00F072819C4200F0C481E368CBF84D
:101090000C30B8F1000F40F05B81237D012B00F094
:1010A000AB8121460220D4E90346FEF729FD002347
:1010B0008AF800303DB16FF00C013046A8479AF82D
:1010C0000030002B80D1002C84D1644E346874B180
:1010D0000025237D0A2B40F08A813B68226A9B1AF7
:1010E000F02B00F291802546E468002CF1D107B086
:1010F000BDE8F08F3B68226A9B1A282BB8D8002ED7
:10110000B6D1237F627F0133E568DBB29A42237751
:1011100012D8D4F88C3026778AF80060002B00F0C3
:1011200013812146206998479AF80030002B7FF4FC
:101130004BAF002800F00881A3462C46002C7FF41A
:1011400049AFC2E7052B08D90126656F002D00F0D5
:10115000ED804FF00008226A76E794F89960002E3F
:1011600000F09680226F002A40F04A81E36E002B47
:1011700000F0558194F89A300B2B3FF644AF384B72
:10118000334413F8011C94F898308B42C0F0FA8075
:10119000B4F86060A6B9204602F012FFB8B1257D10
:1011A000062D7FF434AF638BDA0628D53B68226ABC
:1011B0009B1A282B23D901364FF00008F6B241E7DD
:1011C0003146204602F0D2F9002800F0E48094F87D
:1011D00099300026257D062B84F898609CBF01334A
:1011E00084F89930DCE794F89B201E4800FB02113C
:1011F000194AA2FB0121B3EB511F00F29980656FE0
:10120000002DA6D1A8467AE72046FFF785FE336871
:10121000002D00F0B0809C4200F0F780D4F80C80E4
:10122000C5F80C80237D012B00F0E6802146444662
:101230000220FEF765FC002C7FF44BAF57E7A34676
:10124000E468002C7FF4C6AE3FE700BFF82D012014
:10125000E82D0120B84C0A00D34D6210FC2D01206E
:10126000A0710020F8240100FB2E0120F92E01209E
:1012700005942C462D68606808B1FFF7FDF82146FB
:101280000420FEF73DFC002DF3D1059C6567E5E6E3
:10129000B4F9303047F6FE719AB28A4202D8013270
:1012A00013B22386B4F940209A423FF7ADAE2046F0
:1012B00002F0E2FA257D38B1236F002B7FF4A4AE53
:1012C000E36E002B3FF4A0AE022D14D094F8422020
:1012D000B4F93C100C2AB4F93E3028BF0C2203EBC1
:1012E000E10356498A5C934047F6FF729342A8BFD8
:1012F0001346A4F84030638E2046B4F84810A4F892
:1013000048305B009AB2B4F860308B4228BF0B467D
:101310005B08934238BF1346A4F84A300023238663
:10132000A4F86A3002F0C8FD257D6DE6A84695E672
:10133000204602F00BFE00287FF407AF94F89B30A4
:10134000013384F89B3000E7204602F0FFFBF3E610
:10135000238B2046626A216D0293E38A0193231D49
:101360000093234602F066FB97E69C425CD1E3685B
:10137000334A13608DE69C425BD1D4F80C80C6F8EA
:1013800000804FE70133DBB28B4284F89830BFF422
:10139000FFAE164638E6204602F0D8FB00287FF460
:1013A00016AF0646257D2FE6264B40F2C34226495E
:1013B00026480CF0D7F900200BF020FF2846F9F75B
:1013C00073FF05F06FFF1F4B40F2C24220491F48D8
:1013D0000CF0C8F900200BF011FF0120F9F764FFB1
:1013E00005F060FF174B40F2C4421A49EFE7154B76
:1013F00040F2A5521849EAE7124BD4221749E6E712
:10140000104B4FF49B621649E1E70E4B40F2B3528A
:101410001449DCE70B4B40F271521349D7E7094BF3
:1014200040F2D9421149D2E7064B40F275521049B9
:10143000CDE7044B40F2B7520E49C8E78071002057
:10144000E82D0120CC420020EC430020083300208E
:10145000C0430020184400200845002028430020F5
:101460004444002038450020B04400207844002047
:10147000DC4400206045002070B50C46002934D0C3
:10148000002841D003688B421FD02BB1DA68A242FA
:1014900028D01346002BF9D100232046E360FFF744
:1014A0003BFD237D0A2B1AD0012B0AD0638BDA0770
:1014B0000ED4E36E002B31D1256F002D33D1636F35
:1014C0003BBB00232375E38270BDCB680360E3E779
:1014D00043F002032046638302F038FB237D012B97
:1014E000E7D1EEE7E268DA60D6E7114B40F68D020D
:1014F000104911480CF036F900200BF07FFE012056
:10150000F9F7D2FE05F0CEFE094B40F68E020B49EC
:10151000EFE7074B4FF40A620949EAE7044B40F64C
:101520009D020849E5E7024B40F69E020649E0E7C6
:10153000CC4200208845002008330020A44500202C
:10154000F8450020C4450020DC4500202DE9F04F7F
:10155000054687B00E46534A40F23B215248F9F700
:10156000AFFE002D5DD02C7D012C00F08C800A2C6C
:1015700079D02B6D9A466B6A9B46D5F890301F4602
:101580002B699846EB8A9946002C42D1002B4BD10F
:101590004FF0000900262C6F64B12146246848688A
:1015A00018B10591FEF768FF05990420FEF7A8FA27
:1015B000002CF2D1EC6E64B121462468486818B161
:1015C0000591FEF759FF05990420FEF799FA002CC2
:1015D000F2D16C6F64B121462468486818B1059156
:1015E000FEF74AFF05990420FEF78AFA002CF2D193
:1015F0004EBB2B7D012B44D029460220FEF780FAFA
:101600003B4677B16FF00C01404607B0BDE8F04FA4
:10161000184729462548FFF72FFF254B01221A704E
:10162000B9E707B0BDE8F08F224A1368AB4217D084
:1016300033B1DA68AA4201D01346F9E7EA68DA6002
:101640000023EB60A4E7CDF804905A462B8B51465B
:10165000284602932B1D00932B4602F0EBF9C8E7B6
:10166000EB681360ECE729461348FFF705FF2B7D75
:10167000012B06D02946022007B0BDE8F04FFEF747
:101680003FBAFFF747FB084B4FF410720B490C4869
:101690000CF068F800200BF0B1FD2046F9F704FECD
:1016A00005F000FEEC690020CC420020E82D01206E
:1016B000F92E0120EC2D0120FC2D012010460020E8
:1016C000083300200121FFF741BF00BF70B5634A16
:1016D00082B040F2327106466148F9F7F1FD02200E
:1016E000FEF7FAF9044620B39C22002120460CF0B4
:1016F00073FA5C4B5C4941F2D0601A685B4B097825
:101700002262A362FF235A4AA4F86400A1775948D1
:101710005949A2644FF00612E372584B6675C4F83B
:101720008400C4F89410C4F83E202363204602B01D
:1017300070BD534B1B686BB11846DB68428B1107B9
:10174000F9D522F0080201934283FFF7ADFA019B1D
:10175000002BF1D14B4B1B6883B1424A002110682A
:101760001A6A821A914201D81C461146DB68002B86
:10177000F6D11CB101212046FFF7E8FE0220FEF75A
:10178000ABF904460028AFD13D4B196899B1354BF0
:101790002246186801E0C96849B10B7D092BFAD1CE
:1017A0000B6AC31A9A42F6D80C461A46F3E714B1EC
:1017B0002046FFF7CBFE0220FEF78EF904460028F4
:1017C00092D12F4B196899B1264B2246186801E037
:1017D000C96849B10B7D082BFAD10B6AC31A9A422A
:1017E000F6D80C461A46F3E714B12046FFF7AEFED2
:1017F0000220FEF771F9044600287FF475AF330626
:101800002AD40EB332461E4B1B68EBB1013A154980
:101810004FF0000CD2B2D1F800E006E0186AAEEB4F
:10182000000C0A461C46DB684BB1597D9142F5D34A
:10183000F9D1186AAEEB00056545F4D3EFE71CB1AA
:1018400001212046FFF782FE0220FEF745F90446FB
:1018500000287FF449AF69E77F22D4E7006B0020BE
:10186000CC420020F82D0120FB2E0120D016D016EE
:101870000100D01699E8010000DD6D00FFFF18029D
:10188000E82D0120FC2D012030B5044685B000284C
:1018900000F09680037D19B1042B15D0072B13D0CF
:1018A000012B65D0022B41D0002B55D1E38A002BB0
:1018B00046D0594A1368A3427FD0002B7AD0DA6809
:1018C000A24275D01346F8E7A36F002B3FD0638B7D
:1018D00013F010031D4600F09080218B201DE28A3A
:1018E0002346CDE90121626A216D0090204602F075
:1018F000A1F82046FFF710FB484A1368A34231D0F5
:1019000033B1DA68A24201D01346F9E7E268DA603F
:10191000434B0020434A01211B68E060A342117041
:1019200023D0237D012B0BD1FFF7F4F921463B484F
:10193000FFF7A2FD0121237D3A4A8B421170F3D0BB
:1019400021460220FEF7DCF8002005B030BD228DD4
:1019500041F2D0639A42BAD1204605B0BDE830408A
:10196000FFF7A2B9E3681360D2E701F0C5FCEBE72B
:101970002D49002001F10C0C51F8043F1B6833B1D4
:10198000DA6F944208BFD867DB68002BF8D18C452A
:10199000F2D121462548FFF76FFD237D012B1D461F
:1019A0001DD021460320FEF7ABF8002005B030BD66
:1019B000E268DA600023E360C2E7E3681360F9E7F6
:1019C0001B4B4FF4AF721B491B480BF0CBFE20465C
:1019D0000BF014FC0120F9F767FC05F063FC144BD5
:1019E000DF22164914480BF0BDFE00200BF006FC68
:1019F0002846F9F759FC05F055FC0D4B4FF4B2722F
:101A00000F490D480BF0AEFE28460BF0F7FB012006
:101A1000F9F74AFC05F046FCEC2D0120E82D0120E9
:101A2000F02D0120F92E012090710020F42D0120CD
:101A3000CC4200204446002008330020804600208D
:101A40006446002039B318460B4600B583B052B146
:101A5000184611890192FFF7C7F90198FEF70CFDAE
:101A6000002003B000BD0028FAD10C4A01914FF4C8
:101A7000F3710B48F9F724FC019B1A7D012A03D06E
:101A80005A8B42F010025A830121184603B05DF8C8
:101A900004EBFFF7F9BE6FF00F007047046A0020F7
:101AA000CC420020002838D0826F002370B5D0F8D7
:101AB000845082B0517B044683670E4665B101466F
:101AC00000690192A847019A68B10D3021D06FF0EA
:101AD0000400A26702B070BD11890192FFF784F97A
:101AE0000198FEF7C9FCB30610D5238D41F2D062F0
:101AF000934201D001332385D4F8845035B10023BB
:101B0000214620691A46A8470D3002D0002002B0B5
:101B100070BD6FF00C0002B070BD6FF00F00704729
:101B20002DE9F0411C4D0027DFF874802B781B4E07
:101B300001332B70D8F80040B4B1A37F2A789342C8
:101B400014D0638BA277D90719D41A0710D4A36FC6
:101B50002046E468002BEFD03770FFF7A3FF3378FF
:101B6000002BE7D1002CE8D1BDE8F081E468E3E781
:101B700023F0080320466383FFF796F8E7E743F076
:101B800002032046638301F0E1FF638B23F003032C
:101B90009BB26383D9E700BFFB2E0120F92E012001
:101BA000E82D012008B5FFF7BBFF054A1378013384
:101BB0001370DB0700D408BDBDE80840FFF7F4B997
:101BC000FA2E012020B1038B021DC18A03F076BAE0
:101BD00010B50446074B40F6B402074907480BF01E
:101BE000C1FD20460BF00AFB0120F9F75DFB05F073
:101BF00059FB00BFCC4200209C4600200833002047
:101C00007AB169B18A8E282A134638BF2823283B27
:101C10009BB2834228BF03469BB2002A18BF1846D6
:101C2000704710B51446074B40F6CF0206490748E7
:101C30000BF098FD20460BF0E1FA0120F9F734FB98
:101C400005F030FBCC420020B846002008330020CD
:101C500008B1036803B9704770B50E4623490246C0
:101C600082B00868B0B10168C4688B4206D08CB1FC
:101C7000204613680168C4688B42F8D19BB24FF6C6
:101C8000A9650121AB42F2D00092FFF75FFC009AF8
:101C9000002CEDD1164B1B684BB14FF6A9641968A7
:101CA00018461568DB68A94212D0002BF7D16EB137
:101CB00033685BB10F4B1B6843B1186811688842E9
:101CC00001D131681960DB68002BF6D102B070BD1C
:101CD0001FFA81FC0121A445E7D0CDE90032FFF7CE
:101CE00035FCDDE90032002BD9D1E0E7E82D0120F9
:101CF000EC2D0120F42D012070B5446F6CB1064627
:101D000025462468686808B1FEF7B6FB294604201A
:101D1000FDF7F6FE002CF3D1746770BD0C4A0D4937
:101D200013880988581C994210800FD90A4A1268F2
:101D30001AB10A4909888B4204D2094A126813442D
:101D4000187D70475B1ADBB2D05C7047002070478B
:101D5000C42E0120C82E0120042E0120C62E0120F1
:101D6000002E0120C2680B46F0B5928983B006466A
:101D7000D10530D41A4DD3F80CC018463289D5F8A5
:101D800000E0DCF8044072441F89111BC91B0029C4
:101D900012DBBCF80C20D20504D5F1688A8942F424
:101DA00080728A811C68FFF773F82346002CE2D109
:101DB0000023336003B0F0BDA21A002AF9DAA4EBC5
:101DC0000E017068019389B23181FEF745FC019BD9
:101DD000336003B0F0BD1846FFF748F8E8E700BFEE
:101DE000CC2D0120F8B51D4B1C88BCB100221C4D28
:101DF000074613462A809C4210D9FFF78FFF01281F
:101E000029D002280BD048B1FFF788FF012805D957
:101E10002B88023B03449BB22B80ECE7F8BDFFF715
:101E20007DFF0428FAD12B880133A342F6DAFFF7AD
:101E300075FF0646FFF772FF40F2B45140EA0622F2
:101E400040F2B35092B2531E9BB2834288BF0A46FF
:101E50002B887A86CFE72B88CDE700BFC82E0120DC
:101E6000C42E0120104B1B7813F0100301D118462B
:101E70007047428B0346D20600B583B008D4D0F831
:101E800090202AB16FF00E01006901939047019BE9
:101E9000194606480193FFF7EFFA0198FEF75CFF39
:101EA000012003B000BD00BFF52E0120E82D012068
:101EB00000294AD02DE9F8438846164604462B4FA0
:101EC0002B4DD8F80C203B685168B8F8080009BAC7
:101ED00092895B1A02F440721B1A002A18BF013B58
:101EE000002B1DDBD8E90090FEF72AFCB4F8663021
:101EF00098422CD829881B1AB8F808204046A4F824
:101F000066300A442A80FEF7C3FFB4F8663013B186
:101F100056EA09080AD0B9F1000F04D0C846D0E744
:101F20004046BDE8F8830020BDE8F883114B40F23D
:101F30006E42114911480BF015FC40460BF05EF95A
:101F40000120F9F7B1F905F0ADF900207047094B10
:101F500040F264420A4909480BF004FC00200BF0EF
:101F60004DF90120F9F7A0F905F09CF954960020ED
:101F7000C02E0120E04600205C47002008330020EE
:101F800034470020F0B5027D83B0032A40F2C583B8
:101F9000984B0446984D1B78D8064CD4974F3888F8
:101FA0002B68002800F08B80227D062A00F28780B3
:101FB000626AD11A9E1AB1F1010C00F12B8106F16F
:101FC000FF3E1EEB000F00F125818D4B5E680193F3
:101FD000002E00F0C9834FF6FE73994200F2BF83D2
:101FE00089B230898842C0F0B583019A13895B1A9F
:101FF0001381738999420BD9401A4FF0000CC91A0A
:10200000A6F80AC03081366889B273898B42F6D34C
:102010003046FEF7C9F9019A636AD168208D4B609A
:102020002B600146002840F0F081204603B0BDE857
:10203000F04001F045BD2B68606D7249C61AB4F8D6
:1020400060C0D4F858E0002E09684EDB984248D0B2
:102050008E4500F02881666C701A002856DB674FA9
:102060003888002800F0B880666B002E9DD0A36BE6
:102070005B1A002B93DA644BB4F93C201968B4F96D
:102080003E30A3EBA300A1EBE203C1EBE2019B1BFB
:1020900031449BB289B213F4004F1A4418BF0B4667
:1020A00012B203443888A287E38703EBE203A4F863
:1020B0004030002363632B6800287FF475AF626AA9
:1020C000991A002907DB218D013A0A44D31A002B03
:1020D00001DB03B0F0BD638B43F00203638303B005
:1020E000F0BDAEEB01000028B2DA48480068C089B4
:1020F000B4F86260A4F860008642666C38BFA4F849
:102100006200701A0028C4E91531A8DAF343CB4203
:1021100000F1D080236D5B1A002BC0F2CB80638B63
:10212000B4F84A2013F0040040F04D818E1BA4F84F
:1021300042006164B4F93C00B6B2E18F01EBE0010A
:10214000A4F84010B4F84810914280F0FC8213F4D7
:10215000006F638E0CBF0222012213FB02F39BB2BD
:10216000B34294BFCA188A1993B28B4280F03D8261
:102170004FF6FF73A4F848302046D4E91B21FFF73F
:1021800097FEE16E024620672046FFF791FE00238E
:10219000226F2377B2FA82F3E0665B095B42238603
:1021A000002800F025821A4B1988B4F864300B44DB
:1021B000A4F86430638B19057FD5002A00F05082A3
:1021C000D2685268E16C12BA521A002A75DB23F405
:1021D00000630A4F638371E0B4F86000F444A26DB9
:1021E0000244624500F0D680666B002E7FF43FAF5C
:1021F00065E700BFF02E0120CC2D0120CA2E012062
:10220000589C002054960020F82D0120002E01201B
:10221000C02E0120002EC0F2B880208D10EB0C0FD4
:1022200001463FF502AF934200F0ED80626F002A55
:1022300000F01B82D2F80CC0DCF80410994200F0C8
:10224000DA81581A0028C0F2468203F1FF3E164692
:102250001268002A39D0D2F80CC0DCF80410994278
:1022600000F0CA81F0684068AEEB00000028EEDBA9
:10227000C81A0128EBD493480192FEF71DFE0746C9
:1022800000283FF4D2AEF368296858683389019A70
:102290000344CB1A002BC0F2368211463846376011
:1022A000FFF760FDC1E688480068C0898445BFF437
:1022B000D2AE1DE7204601F003FC844F666B002E72
:1022C0003FF46DAE824B1968D1E6C91A9142BFF650
:1022D000ACAEBCF80C30DB053FF5A7AE7948FEF795
:1022E000EBFD306000283FF4A0AEF2682B68516827
:1022F00032890A449A1A002AC0F21482D5F800E002
:102300003A88D4F824C07244238DACEB0202DA423E
:102310007FF58BAE3068C2680192918911F4807F9D
:102320004FEA112207D002F03E0221F47C5152BA4A
:102330000A4301998A81A3EB0E01614489B20181AC
:102340004068FEF789F933682968DA681B89928941
:1023500002F44072002A18BF0133228D11FA83F172
:102360003B80636A134499423FF45FAE594B4FF48C
:10237000E162594959480BF0F5F900200AF03EFF97
:102380000120F8F791FF04F08DFF638B43F0020307
:1023900063834AE6228ED20B7FF426AF8E427FF40F
:1023A00023AF94F84320FF2A00F0A1810132D2B27A
:1023B000032A84F8432000F29A817FF415AF204667
:1023C00001F0F8FA7AE723F004038E1B616463835B
:1023D000B4F93C10E38FA4F8482003EBE103A4F820
:1023E00040300023A4F86A30A4F84230B4F86A30D0
:1023F0001E44B6B2B34200F2ED80964280F0EC800B
:10240000A4F86A60B8E62F4B0193019BDA681B8938
:10241000968916F4407F4FEA162C40F005818342DE
:102420003B8016D9019E70683181FEF715F9F3687B
:10243000208D9989338901F44071002918BF013337
:1024400029683B8011FA83F3616A01448B4240F0B2
:102450007581666F002E00F00D81019BDB689B8902
:10246000DA0540F18380336830466367FEF710FD7C
:10247000666F002EF7D139882B68208D01EB030C95
:102480008842C4F824C0C0F06081411A20462185EA
:10249000FEF76EFC019A5368198919B110490B6057
:1024A00000235360019BDB689B89D80504D50D4A46
:1024B000137843F020031370676F002F00F08180C2
:1024C000084E3DE0589C0020002E0120CA2E01201D
:1024D00054960020E0460020C84700200833002022
:1024E0007C2D0120F52E012061449445616200F2AB
:1024F0002081A2EB0C02121A20462285FEF738FC3E
:1025000079680A893AB19B4B1868002856D0FEF7C3
:102510002DF900227A60FA689289D10508D53278BF
:1025200042F020023270227D042A01D10722227556
:102530003A6838466267FEF7ABFC676F002F40D001
:10254000FA68606A516881423BD129609089B7F886
:1025500008C010F44070228DC6D00CF10100014477
:102560009042616200F2E5800120C2E7F06839889C
:102570002A683389D0F804E001EB020C7344ACEB19
:102580000303002B7BDB8389DB050AD5019AD16825
:102590008B89980505D443F480738B8113890133AB
:1025A0003B8030463668FEF773FC002EDED139885A
:1025B0002B6801EB030C208D666761E76D4B19609A
:1025C000A7E7638BDA0747D523F0010343F0020343
:1025D00063837EE54FF6FF76638EB61A1344A4F844
:1025E0006A609BB29342FFF4C3ADA4F84830C3E5E0
:1025F000A4F86800D7E500265F481389018999424D
:102600007FF613AD1368002B3FF40FAD0192FEF778
:1026100053FC00283FF409AD019A002E7BD03060B6
:102620001146FFF79FFB00E501339BB283423B80DD
:102630007FF60FAF1CF0010F06D00CF03E0326F41E
:102640007C565BBA1E43968116F4007F00F1FF3181
:1026500089B208BF0146E5E643F00103638338E52C
:1026600000283FF4B4ADC268ABE54348FEF724FC54
:102670006067DAE439882B6801EB030C00E7AEEB06
:102680000C03002B97DAAEEB0201019A89B2D368F2
:1026900011819B899B0502D5013989B21181019A6B
:1026A0005068FDF7D9FF019AD36811899B8903F41B
:1026B0004073002B18BF0131F36889B23980D3F819
:1026C00004C02B680B4463453FF475AF2B4B40F2BD
:1026D00002622B494EE628480192FEF7EDFB0028E6
:1026E0003FF4A3AC01996067FFF73CFB9DE4B4F8AD
:1026F0004820638E13449BB29A4201D94FF6FF7370
:10270000A4F848305BE6091A706889B23181FDF798
:10271000A3FF019AC1E5606782E7184B4FF491620D
:10272000184927E65B1A706899B23181FDF794FF6A
:10273000E4E5124B40F2316213491BE60F4B40F2C5
:10274000D152124916E60A4650E60C4B40F20D6291
:102750000F490FE6094B40F29D520E490AE6074B1E
:1027600040F29B520C4905E6044B40F29A520B4949
:1027700000E600BF7C2D0120589C0020E046002090
:10278000004800207C4700205C480020C84700200B
:102790003C480020B8470020A84700209847002068
:1027A0002DE9F04F06468BB0564A82215648F8F77D
:1027B00087FD002E00F083847389544F7268132BB9
:1027C0003A6005D830460BB0BDE8F04FFDF754BE77
:1027D000DFF85C81D8F80010D8F81400FCF7DAFBB9
:1027E0000028EFD1D8F8143003F0F003E02BE9D043
:1027F0003B689989C1F3031189001329E2D9338910
:102800008B42DFD3424BA1F11402424C1860708915
:102810002280884280F064823568002D00F0848434
:1028200014213046FDF7C0FD2388748930463A4AAA
:1028300021461D1B14800493FDF7B6FD3068ADB230
:102840004289AA42BED342682946314B1A60FDF73D
:10285000ABFD3389049A23449B1A72899BB233815E
:10286000002A40F0AC84326812899342934640F0CB
:10287000A284D7F800E0294ADEF804301BBA079397
:10288000CEF80430BEF802C01360DEF808309CFABF
:102890009CFC234A1BBAAEF802C01FFA8CFC1360E2
:1028A0000893CEF80830BEF80C301E4A190ABEF85C
:1028B0000E305BBAAEF80E30BEF800305BBA1FFACD
:1028C00083F9AEF8003001F03F03059313708B07D6
:1028D00040F00E82144B0693A3F800B0134B1B6814
:1028E0000493002B00F0F780CDF824E00022B646D8
:1028F000D8F80400D8F810500E46049CD8F814A05C
:102900001EE000BFFC680020E0460020002E0120F1
:10291000042E0120C82E0120C62E0120CC2D01201E
:1029200054960020F02E0120CA2E0120E82D01200F
:10293000689C0020E3682246002B00F0CA801C46F9
:10294000237D002B00F05E830A2B00F04D83012BCA
:1029500000F05C83217A29B190F840300133DBB27A
:102960009942E7D1238B4B45E4D1E38A6345E1D11A
:102970006368AB42DED123685345DBD1E36831465F
:102980007646DDF824E0A34200F01D843AB1D3601E
:10299000884B1C60049BA342E36000F0C0830023CB
:1029A000854ADFF834821360844D854AC8F80030C8
:1029B0002B7013800B07A8F808B0C8F80CE0C8F813
:1029C000046003D5737B43F001037373A36F7BB182
:1029D0002046FFF767F80D3000F0D381A36F23B1D5
:1029E000069B1B88002B40F0CC81764B1B7805930F
:1029F000059B754E5807346040F19881277D022F62
:102A000000F0EB82714B626A19688A4200F0BF8164
:102A1000881A2B78002803F0080307DB521A218D4F
:102A2000D14203D4628B42F002026283002B40F059
:102A3000B981634B1A8852B1D4F8803023B1214652
:102A4000206998470D3036D000235D4A1380204618
:102A5000FFF708FA00282ED1574B1A68BAB1A36FB6
:102A6000002B40F06583638B13F0100340F0378335
:102A7000D4F88470002F00F0838321462069B84782
:102A800010F10D0F17D010B14B4B1B68A3672B78BB
:102A90009B0607D5A36F002B00F028835A7B42F0DA
:102AA00020025A73002320463360FFF7DBF910B988
:102AB000204601F04BF800243F4BD8F80400346066
:102AC0001C6018B1FDF7D8FCC8F804400BB0BDE895
:102AD000F08F314676463E4A106800283DD0D8F83F
:102AE0000440D8F8105002E0C068002835D0037DBB
:102AF0000A2B40F0E882027A2AB194F84030013380
:102B0000DBB29A42F0D1038B4B45EDD1C38A6345CA
:102B1000EAD14368AB42E7D10268D8F814309A4250
:102B2000E2D14F073FF54EAE069B8D071A8840F164
:102B3000CF82416A079B5C1A002C04DBC91A048D02
:102B4000E14240F12283002A3FF43CAE438B43F044
:102B50000203438300F0FAFF34E61E4B1C68002C8E
:102B600000F0AC80D8F814208A46D8F80430A34688
:102B70000492864622460596014604461D46049E5A
:102B8000099303E0D368964643B31A46107A28B1F6
:102B900095F840300133DBB29842F3D1D38A6345D4
:102BA000F0D11368B34200F0AD80002B04BF714632
:102BB0001446E7E7E82D01207C2D0120F52E0120A9
:102BC000C02E0120F02E0120F02D0120CC2D01205F
:102BD000FC2D0120F42D0120589C0020254608469C
:102BE0005C465146059E002D68D020B1EA68994B9D
:102BF000C2601D60EC6048073FF5E4AD11F01003C2
:102C00009A4640F085808A077FF5DCAD687DFEF747
:102C10005DFD0446002800F0D4803968D8E904320C
:102C2000804648F8042B43608B4B0A781B68497830
:102C3000013342EA0122E98A4362C3620323C1826B
:102C400002830375FEF7BEFF834BA0651B682065FA
:102C5000013B6064E06563652B69E56723616B7A1E
:102C60007E4A03F00C0363722B7A2372136814609C
:102C7000E36001F09FFA7A4B012220461A70FFF7B9
:102C8000B1F83B684046658EDA89534662F30F031C
:102C900062F31F432366FBF761FF42460146284665
:102CA000FEF7AEFF12216086204600F01BFD0028D3
:102CB00040F09180204600F049FF83E54C073FF546
:102CC00081AD069B0899CDE901C91A88079BD8F800
:102CD00004001A44634B0093043300F0C9FE71E50D
:102CE000614B30461A80FDF75FFB33899B46C0E598
:102CF0000BF101025D4892B206905A450280BFF482
:102D0000EDAD5FE551465C46059E154670466CE7A5
:102D1000069BCDE901C91A88079B1A44514BDDE98E
:102D200008100093043300F0A3FE4BE5059A638B73
:102D3000910704D5227D023A012A00F2B881DA0611
:102D400002D44B4B1B68236200232046A4F89A3020
:102D5000FFF748F8474B1A78237D12F002003FD066
:102D6000991E012909D8032B40F0C0803A4B1A68FC
:102D7000636A013B934200F042822B7803F0080320
:102D800054E6638D002B00F096813B4E93E6002FB6
:102D900000F01E822B7843F008032B70638B23F026
:102DA00001036383D4F890301BB16FF00D012069EB
:102DB000984721462948FEF75FFB2046FDF7CCFFE8
:102DC00079E6AB69002B3FF4FDAC01464FF0FF32D2
:102DD00028699847F6E451462046FEF7B7FBF1E430
:102DE000023B072BC9D8DFE803F081BAAA664BAAD9
:102DF00015042046FFF7C6F81E4B1A782B78D2062A
:102E000005D51E4A216D1268914200F0308203F010
:102E100008030BE62046FFF7B5F8164B1B78D906DA
:102E2000ABD5164B226D1B689A42A6D1E36E002BE0
:102E3000A3D12046FEF770F8084B1B68A34200F0B0
:102E40003A82002B00F00382DA68A24200F0FD8192
:102E50001346F6E7F42D0120CC2D0120E82D0120AA
:102E6000F92E0120789C0020C62E0120CA2E0120B8
:102E7000F82D0120F02E0120F02D01205496002085
:102E80002046FFF77FF82B789806C0D5638B204645
:102E900043F002036383FEF73FF8A84B1B68A3428D
:102EA00000F00982002B00F0D281DA68A24200F023
:102EB000CC811346F6E72046FFF764F8A04B1A785A
:102EC0002B7802F010029F0640F18781618B41F060
:102ED00002012AB19B4A1068226D824200F0CF8124
:102EE000082203F00803618322759FE5D3067FF56E
:102EF00044AF944B3F681968934B1B6820B1626CD8
:102F000001328A4200F08680069A204612881A44CE
:102F10003B8802937B8801938C4B0093043300F031
:102F200089FD94F84230052B3FF627AF0023204659
:102F3000238600F0E3FF2B7803F0080376E52046B4
:102F4000FFF720F82A7802F0080392067FF56EADAD
:102F5000628B42F0020262830722227566E5D00688
:102F60007FF50BAF774B1968636CDB43CB4200F105
:102F70004D81236D5B1A002BC0F248810423237519
:102F8000E36F002B00F0AE809F69002F00F00A81F4
:102F9000002221462069B847002840F0BC80204626
:102FA000FEF7F0FF6A4A13880BB1013B1380628E73
:102FB00041F21C1153008B42184638BF0846B0EB53
:102FC000820F40F2F48093002A78A4F848309106EA
:102FD00002F008037FF52AADBAE75A4B226D1B6851
:102FE0009A423FF4D7AEC8E65A4BFC225A495B4896
:102FF0000AF0B8FB00200AF001F90120F8F754F9B3
:1030000004F050F9534BFB225549F0E7514BFD2298
:103010005449ECE762645A1C013B6262E262FA893D
:103020006365002362F30F0362F31F4323660423E7
:10303000E7182375638E38460493FBF78FFD3A46F5
:1030400001460498FEF7DCFD41F21C124300608645
:103050009342194638BF1146B1EB800F40F22281EE
:103060008300B4F86670A4F84830002F00F0E880C0
:10307000013FA4F86670276F002F00F0DB803B68EB
:1030800023673846FDF704FF236F002B00F0CF8045
:10309000002384F842302386D4F8883033B10022EC
:1030A0002146206998470D303FF405AD638B43F00E
:1030B0000203638361E6204600F002FD65E6254BCE
:1030C0008322294993E7234B40F21F1227498EE7B9
:1030D000CC077FF538AD264B1B68036233E51046FD
:1030E000FDF7CAF92046FEF7EDFAE4E4238D41F23C
:1030F000D062934201D001332385D4F88470002F2D
:103100003FF4D0AC0023214620691A46B8470D3061
:103110007FF4C8ACCFE40D303FF4CDACE2E70D4B0B
:1031200040F21512134962E70A4BC22212495EE7C8
:10313000084B4FF4F372114959E700BFE82D012005
:10314000F02E012054960020CC2D0120789C0020E8
:10315000C02E0120E0460020FC480020083300205B
:10316000D44800202849002080480020A849002099
:10317000F82D01207C49002098480020444A002076
:103180003B462146FEF75EFC7AE41A444C4B089914
:1031900000930433CDF80890CDF804C000F04AFC49
:1031A000FFF710BB474B4FF46E7247491FE78B4246
:1031B00038BF0B4608E7434BE022444917E7414B31
:1031C000DF22434913E73F4B40F20D1241490EE71E
:1031D0003C4B40F23B32404909E703F00803002A28
:1031E0003FF424AC3D4A216D126891427FF41EAC3D
:1031F000E26E002A7FF41AAC0622227516E42046FD
:1032000000F086FB2B7803F008030FE4069A3B6876
:103210001088334A126802441888029020465B885E
:103220000193274B0093043300F004FCA5E54FF015
:10323000FF3330E7E76E002F38D03B68E36620E7C6
:10324000204B40F277322749D1E6E268DA60264B1C
:103250000A2222751A681C60E2600122234B1A7050
:1032600000F0A8FF2B7803F00803FFF7DFBBE26E46
:10327000002A7FF4CCAD43F010022A70C7E5E26E5D
:10328000002A7FF42DAE20466183FDF745FE184BE2
:103290001B68A3420FD0002BD9D0DA68A242D4D049
:1032A0001346F8E7934238BF1346DAE6054B40F27F
:1032B0007F3210499BE6E3680D4A1360C7E700BF01
:1032C000789C0020E0460020244A0020B4480020DA
:1032D000A848002050490020D849002054960020DA
:1032E000CC2D0120F8490020FC2D0120F92E0120D1
:1032F000E82D0120104A0020024A137843F0100301
:1033000013707047F52E01202DE9F04383B0064677
:103310009DF8284000284BD0042001919046994602
:10332000FCF7DAFB0199054680B38472A4000B898F
:10333000002704F0040441600760A3422AD31B1B4A
:10334000038108461421FCF7F7FFD0B96968A4028D
:10335000B6F816C099FA89F3496804F5A044E96003
:1033600048EA0402348B4B609CFA9CF352BA88748E
:103370000B8063BA8A81C8744B80284603B0BDE8CD
:10338000F0832846FDF784FD0025F6E70846FDF7A3
:1033900073F8F9E70D4BB3220D490E480AF0E2F934
:1033A000384609F02BFF0120F7F77EFF03F07AFF84
:1033B000064BA622084907480AF0D4F9304609F01E
:1033C0001DFF0120F7F770FF03F06CFF604A00203B
:1033D000D44A002008330020B44A002014312DE9DB
:1033E000F84389B20746904624204FF4207299464C
:1033F000BDF820509DF82440BDF82860FDF7A6F8E0
:10340000C0B14389132B17D944F4A041426899FAFB
:1034100099F495FA95FE49BA97FA87FC73BA148025
:1034200091810021A2F802E0C2F80480C2F808C02D
:10343000D3811161BDE8F883074B40F22772074939
:1034400007480AF08FF9002009F0D8FE0120F7F7AD
:103450002BFF03F027FF00BF604A0020EC4A00204A
:103460000833002070B5044686B00D46164620B3DA
:10347000007AB0B918460593FBF770FB059AB0B116
:10348000E37AA47A009406240290314601942846F7
:10349000FBF768FD04462846FCF7EEFF204606B021
:1034A00070BD0593FCF7B2FC059A0028E8D12846C8
:1034B0006FF00304FCF7E0FFF0E718460593FBF715
:1034C0004DFB0028F3D0FF23059ADBE72DE9F843F5
:1034D000BDF82050BDF8246012B383B30746884678
:1034E0004FF4207214212420FDF730F8B0B1438945
:1034F000132B29D9436896FA96FC98FA88F239BAC0
:1035000095FA95FEA3F802C09A600022DFF858C031
:10351000A3F800E05960C3F80CC01A61BDE8F88355
:103520000C4B40F2C4720C490C480AF01BF9002005
:1035300009F064FE0120F7F7B7FE03F0B3FE054B78
:1035400040F2C5720649EFE7024B40F22772054987
:10355000EAE700BF604A00201C4B0020083300202F
:10356000384B0020EC4A00205014D0162DE9F047CB
:10357000054684B0002800F0A080C46E002C00F046
:103580008A800F46002900F0898026898E4274D9EE
:10359000438E8B42C0F09680A37AA6EB01084FF4CD
:1035A000207238209A469B001FFA88F803F0040323
:1035B00003EB0801039389B2FCF7C8FF814600289A
:1035C00069D0039B6068D9F80410228919440389E3
:1035D0009B1A42463B449BB2FDF7BEF9404557D18A
:1035E000E1688B891B0A13F008024AD103F03F08F7
:1035F00018F0010F03D008F0FE0842F001024B68FA
:1036000028464946CDF800A01BBA3B44FFF77CFE94
:10361000814600283FD06068BE1BFDF791F86268C4
:10362000B5F8663011891B1A10463144A5F866308A
:1036300089B2FDF711F8228998FA98F36068164468
:10364000E268268191890B439381FDF779F8B5F8FB
:1036500066300344D9F80400A5F86630FDF770F829
:10366000B5F8663018442368A5F86600C9F800303C
:10367000C4F80090D9F800303BB1002004B0BDE898
:10368000F08703F037080822B2E7A5F86830F4E7BE
:103690004846FCF7F1FE4FF0FF30EFE70C4B40F2ED
:1036A00056320C490C480AF05DF8002009F0A6FDDE
:1036B0000120F7F7F9FD03F0F5FD054B40F24E321E
:1036C0000649EFE7024B40F25E320549EAE700BFE8
:1036D000604A0020784B002008330020544B002023
:1036E0009C4B0020F0B511F0030685B078D004465D
:1036F000002870D0C1F340070D4601F002064FF4D8
:103700002072B90038200391FCF720FF03990028AC
:1037100046D043898B4268D3014600972A46E36D21
:103720002046FFF7F1FD00283AD0C36813F00307E5
:103730004CD10389002B3AD1E36E3BB31A461B6888
:10374000002BFBD11060002305F00105A4F86830C0
:10375000B6B935B1E36D0133E365638B43F0200304
:1037600063834068FCF7ECFFB4F86630184480B21D
:10377000A4F8660010B1206F50B1002005B0F0BD74
:10378000E36D0133E365002DEBD0E6E7E066DAE7B1
:10379000E46E002CF2D1174B40F2694216490AE060
:1037A000638B4FF0FF3043F080036383E6E7114BF8
:1037B00040F247421149124809F0D4FF002009F0B5
:1037C0001DFD0120F7F770FD03F06CFD094B40F281
:1037D00046420C49EFE7074B40F215420A49EAE737
:1037E000044B40F213420949E5E7024B40F23D42E7
:1037F0000749E0E7604A0020A44C0020784C0020F4
:1038000008330020604C0020044C0020AC4B00200A
:10381000244C0020C0B1C36E43B11A461B68002B74
:10382000FBD1D1688A8912F4E06F02D00121FFF741
:1038300059BFB0F81AC042F480724CF0200C8A8153
:10384000A0F81AC01846704710B50446074B40F25E
:10385000EF320749074809F085FF204609F0CEFC02
:103860000120F7F721FD03F01DFD00BF604A002095
:10387000CC4C002008330020002831D0D0F870C094
:10388000BCF1000F0ED06246D2E90031897B3BB11A
:10389000012907D11A46D2E90031897B002BF7D1E3
:1038A000012903D06FF0050318467047C16E1160FF
:1038B000418BC0E91BC341F40061D2F80CC01289EE
:1038C0004183DCF80410BCF80CC009BA43630CF463
:1038D000407C9C4518BF01320A44C26418467047B8
:1038E00010B50446074B40F267620749074809F0E4
:1038F00039FF204609F082FC0120F7F7D5FC03F0E0
:10390000D1FC00BF604A0020E84C002008330020B2
:1039100010B5002838D0D0F870E0BEF1000F2CD0E0
:10392000DEF804309B7B012B27D1DEF8003000F15C
:103930006C0CC26E03676AB1DEF80C30596809BAC4
:1039400002E0944612682AB1D3685B681BBA5B1A1E
:10395000002BF6DBCEF80020CCF800E0DEF80030DB
:103960007BB190F84230FF2B02D0013380F8423017
:1039700000231A464363104610BD6FF0050210463F
:1039800010BDA0F86830ECE70446074B40F2C56272
:103990000649074809F0E6FE204609F02FFC012001
:1039A000F7F782FC03F07EFC604A00200C4D0020FB
:1039B0000833002010B5044630B3036F13B1438BB6
:1039C0005B0700D510BDFFF7A3FF0028FAD1B4F8BC
:1039D0006030B4F84810628E8B4228BF0B465B10F3
:1039E000B3EB420FA4F84A3002D25300A4F84A3095
:1039F000618B02EB42020020134441F00402208656
:103A0000A4F84830628310BD074B40F2FD620749BD
:103A1000074809F0A7FE204609F0F0FB0120F7F760
:103A200043FC03F03FFC00BF604A0020244D00200F
:103A30000833002030B585B0054608461146BDF86C
:103A400024201C46089B0092BDF828200393019275
:103A50002246FFF73BFD40B10146039B2246284624
:103A600005B0BDE83040FFF7FDBC05B030BD00BF7C
:103A7000F0B585B09C460A9EBDF82CE0BDF830300C
:103A8000D8B107460846114662466546CDE900E3CF
:103A90003346FFF71BFD044678B12946002306256F
:103AA00032460297CDE90035FF23FBF75BFA20464B
:103AB00005B0BDE8F040FCF7DFBC05B0F0BD00BFCD
:103AC00010B5044684B060B3026D1023418D008BA5
:103AD00012BACDE901310021E38A0090606AFFF754
:103AE0007DFCB0B1B4F82AC0231D626A01462046AD
:103AF0006244E2622246FFF7B5FC638B20B923F0F3
:103B00000303638304B010BD43F00303638304B075
:103B100010BD638B6FF0010043F00303638304B0B7
:103B200010BD074B4FF403620649074809F01AFE1F
:103B3000204609F063FB0120F7F7B6FB03F0B2FB68
:103B4000604A0020444D0020083300202DE9F04F4A
:103B5000044687B09E4A40F2E3419E48F7F7B0FB27
:103B6000002C00F09781257D012D00F08E819A4B6D
:103B70001B68A34231D0E56E2DB3207AB4F848809B
:103B8000B4F86060002840F05381201DFAF7E6FF8A
:103B90008146B9F1000F00F06181B045236828BF6C
:103BA000B04613B9D9F800302360EB68606C2989FE
:103BB0005A68081A12BA8618464512D9B4F8603005
:103BC000434500F02381B4F81AE01EF0020F40F0E4
:103BD00017812EF0800EA4F81AE0002007B0BDE88F
:103BE000F08F002684F89960266F002E00F01E8169
:103BF00037463668002EFBD1CDF810900026B94626
:103C0000DFF8D8B12F461D461044404500F21A8116
:103C1000B5F80CC01CF4806F40F02381236F6BB1AA
:103C2000B4F81AE01EF0440F08D1E36E0593002BA0
:103C300000F0BB801B68002B00F0B080237D022BBE
:103C400000F093804CF4805C7868A5F80CC0837B0E
:103C5000012B31D03868E066638B23F00303638364
:103C6000AD89236D15F4407F73D18D185B1B002B3C
:103C70001ADBE1B1236F3E60002B74D0D9F80C1031
:103C8000496809BA511A0029C0F2AA80C9F800701F
:103C9000B9460746002F00F0CF80FD68606C6A6867
:103CA000398912BA081AAFE725650029E2D13846EA
:103CB000FDF7EEF8E76EEDE7636A628D19BA13441B
:103CC00052BAA960EA81E362BB7A13F0010353D1CF
:103CD00005F11402B4F930100029616BB8BF2686D3
:103CE00029B9DBF800106163696809BAA163002B88
:103CF00043684189A5EB03034560A1EB03014181C2
:103D00000189A1EB030303810CBF142318232E7434
:103D10006E742B449A4240F0B380049B221D2146CE
:103D2000029306230193A37A0093E37AFBF71AF92F
:103D3000002840F08E80FD68237D6A683868022B79
:103D4000398912BAE06687D1AD89236D15F4407FB9
:103D50008BD0114401315B1A002B8BDA236F216564
:103D60003E60002B8AD1276792E77868837B012B1E
:103D7000A2D03868E06673E7221D049940F2B4507F
:103D8000FDF73EFF40F0017005F1180200BA6861CE
:103D9000BB7AFD6803F0010378689BE7059B1B89EC
:103DA0001846638E9842BFF449AFB4F86430002BD4
:103DB0003FF444AFB4F866300F2B3FF63FAF1EF030
:103DC000A00F7FF43BAF059800287FF402AF35E0E9
:103DD00008690020604A0020F02D0120F82D012004
:103DE00004F17000D968496809BA891A002903DA10
:103DF00018461B68002BF5D13B600760E76E49E76A
:103E0000204607B0BDE8F04FFFF75ABE236F002BE6
:103E10007FF4D9AE94F89930002B7FF4D4AE4FF4F0
:103E2000807284F89A30A4F89820CCE63746E3E60E
:103E3000FBF7ECFF8146ACE6B4F81AE00023A4F8E7
:103E40006830C6E6E06EB4F81AE000287FF4C1AE30
:103E5000F4E7638B43F080036383BFE66FF00300F6
:103E6000BCE60F4B40F23A520E490F4809F07AFC7B
:103E7000002009F0C3F90120F7F716FA03F012FA4F
:103E8000074B4FF4C4620949EFE7054B40F2E742A4
:103E90000749EAE7024B40F2E5420649E5E700BF81
:103EA000604A0020A44D002008330020BC4D0020B3
:103EB0007C4D0020644D002040B190F84230FF2B33
:103EC00002D0013380F84230FFF740BE10B50446FF
:103ED000074B40F29C620749074809F043FC204623
:103EE00009F08CF90120F7F7DFF903F0DBF900BFE7
:103EF000604A0020D04D00200833002010B5044651
:103F000078B1FFF7B9FC00B110BD94F84230FF2B37
:103F100002D0013384F842302046BDE81040FFF75C
:103F200015BE074B40F2B1620649074809F01AFC7A
:103F3000204609F063F90120F7F7B6F903F0B2F96A
:103F4000604A0020F44D00200833002010B50446DC
:103F500084B000B3026D1023418D013A008B12BA78
:103F6000CDE901310021E38A0090606AFFF736FA5B
:103F700068B1B4F82AC00146626A231D2046624433
:103F8000E262224604B0BDE81040FFF76BBA4FF082
:103F9000FF3004B010BD074B40F66A0206490748DF
:103FA00009F0E0FB204609F029F90120F7F77CF938
:103FB00003F078F9604A0020104E002008330020FA
:103FC000F0B5044685B0002865D0C56E002D5BD0E5
:103FD00090F89A30FF2B02D0013380F89A30EB68CA
:103FE0009A89D20530D45A681023618DCDE9013108
:103FF000218BE38A00910121606AFFF7EFF9064601
:10400000002844D0638D626A71681344E362686873
:104010001431B5F808C001220389A3EB0C039BB24D
:10402000FCF79AFCEB683146226D20465B681BBAB0
:104030000133D21A002A2246B8BF2365231D05B0DA
:10404000BDE8F040FFF70EBA5A68638D29890293E4
:1040500010230F4600390193238B18BF01210093D1
:10406000E38A606AFFF7BAF9064680B1628D636A37
:1040700041681344E362002FC9D18B8923F47C5338
:1040800043F488538B81CDE7284605B0F0BD4FF04F
:10409000FF3005B0F0BD074B40F6950206490748D2
:1040A00009F060FB204609F0A9F80120F7F7FCF8B9
:1040B00003F0F8F8604A00202C4E0020083300205E
:1040C00030B583B005460820CDE90021FBF704FD9B
:1040D0000446DDE9002198B1002381600F49C260E8
:1040E000C0E900350B681BB907E019461B681BB116
:1040F0005A68AA1A002AF8DA23600C6003B030BDAF
:10410000074BBE220749084809F02CFB204609F05E
:1041100075F80120F7F7C8F803F0C4F8E4CC0020E4
:10412000504E0020A44E00200833002000B583B07C
:10413000436801909847F7F72BF9019A074BD2F89B
:1041400000C01B686344191A00290549B4BF6044C4
:10415000184603B05DF804EBFFF7B2BF5897002094
:10416000810F020008B5FDF71DFD0C4B1B6873B1F4
:104170000B4A40F227110B48F7F7A2F8F7F708F9B6
:1041800000220949FA30BDE80840FFF799BF074B04
:104190001B68002BECD1064A136008BDE82D0120F6
:1041A000786A0020504E0020B90F0200FC2D01203B
:1041B000082E0120114AA821114808B5F7F780F808
:1041C000104B1A68CAB9104A126892B14FF0010C2C
:1041D0000E4A40F227110A48C3F800C0F7F770F8FA
:1041E000F7F7D6F800220A49FA30BDE80840FFF791
:1041F00067BF084A1268002AE8D108BD906A00200B
:10420000504E0020082E0120E82D0120786A002061
:10421000B90F0200FC2D012070B5134C04F13806D3
:10422000256840F22711114A1148F7F749F8B5F10E
:10423000804F0AD2F7F7ACF8224608340D492844DB
:10424000FFF73EFFB442EBD170BD094B40F229129B
:1042500009490A4809F086FA002008F0CFFF01203A
:10426000F7F722F803F01EF88C700020786A00201F
:10427000504E0020810F0200E44E00200833002041
:1042800070B504460D46164640F227110F4A1048F5
:10429000F7F716F8B4F1804F08D2F7F779F83246FD
:1042A00029462044BDE87040FFF70ABF084B40F2A2
:1042B00029120849084809F055FA002008F09EFF25
:1042C0000120F6F7F1FF02F0EDFF00BF786A002051
:1042D000504E0020E44E00200833002038B5114A2B
:1042E00004460D46104840F24111F6F7E9FF0F4829
:1042F000016899B1002203E00B680A4619466BB1C8
:104300008B68A342F8D1CB68AB42F5D10B6832B1D0
:1043100013600820BDE83840FBF7F2BB38BD0360EE
:10432000F7E700BF286A0020504E0020E4CC0020B0
:104330002DE9F8431E4A40F267111E48F6F7C0FF08
:104340001D4EF7F725F81D4C05461D4F10E021685E
:10435000B1B14B68EA1A002A16DB0A6808203B60F4
:104360002260D1E90289FBF7CBFBB8F1000F1CD129
:104370003378002BEBD0FBF777FF21680029E8D1D9
:104380004FF0FF30BDE8F883581BFBD5094B4FF4C5
:10439000BD720C490C4809F0E5F9002008F02EFF29
:1043A0000120F6F781FF02F07DFF4846C047DFE7B6
:1043B00098690020504E0020F42E0120E4CC00200B
:1043C000589700201C4F00200833002008B5F6F74E
:1043D000A1FF024B024A0343138008BD00C0FFFF48
:1043E0006C7E00202DE9F04F044685B089467D4A59
:1043F000CD217D48F6F764FF002C00F0EB80B9F189
:10440000000F00F0EB806389072B40F2A680774F06
:10441000666839687869FAF7BDFD754B8046D7F84C
:1044200014C0196800297CD072880B46358800209A
:1044300052BAD7F804E06DBA4FF0000B92B2ADB2A9
:10444000CDE90241414604E0DC681846002C63D007
:104450002346B3F812809045F6D11C7A3CB19EF801
:10446000408008F101085FFA88F84445ECD11C68E7
:1044700000293FD054B1BCF1FF3F00F0828084EAB4
:104480000C08D9F8046018EA060FDDD193F810A0E3
:104490001AF0040F08D1BBF1000F37D0BCF1FF3F79
:1044A00077D0002C18BF9B46B3F81480A845CBD119
:1044B0005C6814B13E69B442C6D1DDE9024100280E
:1044C00071D04B4A1E461360DA68C260D960082179
:1044D0002046FBF769FF00286DD133461E6A002E87
:1044E0003BD0586A19462246424B0095B04705B06A
:1044F000BDE8F08F002C36D06445A5D193F810A00C
:104500001AF0040FD0D1BBF1000FCAD1B3F8148058
:104510009B46A84598D1CBE75E46029C8846002E74
:10452000D5D1D9F80030634517D108212046FBF7D3
:104530003BFF00283FD1B8F1000F0ED17B6903F09B
:10454000F003E02B09D0B9892046083109B2FBF706
:1045500059FF0321204601F0B1FE204605B0BDE819
:10456000F04FFBF789BF93F8108018F0040F9BD130
:10457000B3F814808B4508BF9B46A8457FF464AF11
:1045800096E793F810A01AF0040F8DD1BBF1000F3D
:10459000BCD0D9F80080DBF80060464584D0A04547
:1045A00008BF9B4680E7082120460293FBF7FCFEEC
:1045B000029B002892D00C4B4FF4B8720E490F4862
:1045C00009F0D0F8002008F019FE0120F6F76CFE83
:1045D00002F068FE044BCF220949F0E7024BD022DB
:1045E0000849ECE76C6B0020304F0020689C0020ED
:1045F0009C2E0120789C0020B44F0020083300201E
:10460000804F0020984F0020F8B50F46154604460D
:10461000394A4FF46B713948F6F752FE002F3BD000
:10462000002C63D0364ED6F800E0BEF1000F2AD041
:10463000704601E0C06810B18442FBD10120002D1A
:104640002DD03F68734601E0DB68BBB19C42FBD0D4
:10465000617A490702D55A7A5207F5D45A8AAA4292
:10466000F2D11A68002A18BFBA4201D0002FEBD14C
:104670006FF00700F8BD3F68ACF800502760658216
:1046800028B10020F8BD4DB13B6865822360002051
:10469000C4F80CE03460F5E71A4FC1E77046DFF864
:1046A00068C04FF6FF72BCF80030934218D0013357
:1046B0009DB2BEF1000FDED04FF48041734602E0A0
:1046C000DB68002BD7D05A8AAA42F9D1013989B2C6
:1046D00079B14FF6FF739D4205D00135ADB2EDE7DC
:1046E0004FF44045E5E74FF44045E7E76FF00F0032
:1046F000F8BDACF80050BBE71C6B0020304F002029
:104700009C2E01207C7000206C7E00202DE9F04161
:1047100086B00E4617460446494A40F2CF21494822
:104720009846F6F7CDFDDDE90C23002A18BF002BD3
:104730000CBF01220022002F08BF42F00102002E10
:1047400008BF42F00102002A65D1002C63D0628AC2
:10475000002A3FD032894FF6F7739A425ED808217B
:104760003046FBF7E9FD002846D135466B89072B1B
:1047700057D9618A98FA98F26B6849BA5A80002230
:1047800019809A71DA712A89207C51BA3A68000737
:1047900002F0F0021AD4E02A99802BD0E37A0C9A26
:1047A00011200D990292A27A0190284600923A4671
:1047B000FAF7C4FBB542034604D005902846FBF740
:1047C0005BFE059B184606B0BDE8F081E02A0CD0E0
:1047D0009980E3E721462046FFF716FF03460028AD
:1047E000B8D0184606B0BDE8F0816A7B42F00402FA
:1047F0006A739980637FD2E74FF4207208212420E6
:10480000FBF7A4FE054648B13389002BAED03146F4
:10481000FBF7F0FFAAE76FF00F03D3E74FF0FF338A
:10482000D0E7084B40F20D320749084808F09AFFDC
:10483000002008F0E3FC0120F6F736FD02F032FD1F
:10484000386B0020304F0020D04F0020083300206C
:1048500010B582B0DDF810E0BEF1000F18BF002ADD
:104860000CBF4FF0010C4FF0000C002908BF4CF0BA
:10487000010CBCF1000F16D1A8B1D0F800C0BCF1FA
:10488000000F06D1F446CDE900ECFFF73FFF02B080
:1048900010BD0CF0F004E02CF4D0DEF80040A4458C
:1048A00004D18446EFE76FF00F00F0E76FF00300EC
:1048B000EDE700BF002A18BF00294ED000284CD0D9
:1048C00030B50446007A87B080BB106800F0F00075
:1048D000E02817D1207F98BBA06998B1DFF888C085
:1048E000DCF80050A8420DD004F118000391CDE986
:1048F0000423FAF733F984460399DDE90423BCF174
:10490000000F0CD110460392CDE90413FAF726F9F3
:10491000059B8446DDE90321BCF1000F20D0204631
:10492000CDF800C0FFF794FF07B030BDCDE90423F8
:104930000391FBF76BFA059B8446DDE90312EBE775
:10494000CDE904230391FBF761FA8446059BDDE979
:104950000312BCF1000FE2D1D4E76FF00F007047F3
:104960006FF00300E0E700BF8070002070B50D46D7
:104970000446164640F23741134A1448F6F7A0FCA5
:10498000FDB1F4B1628AAAB12A68237C104943F0D0
:10499000040362600A68A68223743AB1134601E0F8
:1049A000DB681BB19C42FBD1002070BD0020E2609F
:1049B0000C60FAE721462046FFF726FE0028E3D0E8
:1049C00070BD6FF00F0070BDC86A0020304F00202E
:1049D0009C2E012070B504460E46154640F28C41CF
:1049E000034A0448F6F76CFC0CB1C4E9086570BDD5
:1049F000846A0020304F002010B50446104A40F26F
:104A0000A3411048F6F75CFCCCB10F4A1368A342EF
:104A10000DD033B11A46DB681BB1A342FAD1E3686B
:104A2000D36021460120BDE81040FBF769B8E36878
:104A3000214601201360BDE81040FBF761B810BDAE
:104A4000386A0020304F00209C2E012000B50C4A0F
:104A500083B040F2CB410B48F6F732FC0120FBF764
:104A60003BF8034640B128220021019009F0B4F838
:104A7000FF22019BDA725A77184603B000BD00BFCF
:104A8000AC690020304F002000B50F4A83B040F2DF
:104A9000F2410E48F6F714FC0D4A40F2CB410B48A8
:104AA000F6F70EFC0120FBF717F8034640B1282269
:104AB0000021019009F090F8FF22019BDA725A77E9
:104AC000184603B000BD00BF14690020304F00201D
:104AD000AC69002010B1026801B102B970470B68DF
:104AE000002BFBD0084B1B68002BF7D010B400E064
:104AF00002681C68944201D10A681A60DB68002BC6
:104B0000F6D110BC704700BF9C2E012030B5044682
:104B100083B00D462A4A59212A48F6F7D1FB63890A
:104B2000102B21D96068E27BC3891AB995F840201F
:104B30000132E2738278D1070DD5012A34D00622E2
:104B400002302149019308F073FF019B18B9627B81
:104B500042F008026273082B0CD0B3F5C16F03D189
:104B600095F83D301B0714D42046FBF785FC002048
:104B700003B030BD95F83D301A07F5D51021204619
:104B8000FBF712FC0028EFD129462046FAF700F87F
:104B9000EDE710212046FBF707FC0028E4D1294669
:104BA0002046F9F7D1FAE2E7C278002AD3D1027998
:104BB0005E2AD0D1627B42F010026273CBE700BF65
:104BC000B4690020005000206C7000202DE9F047EF
:104BD0000C4606461021174620469846BDF8205040
:104BE000FBF7AAFBF0B9194A81464FF4A2711848A5
:104BF000F6F766FB6DBA6368DD81D8F80020C3F86C
:104C00000220B8F80420DA803A689A60BA889A815B
:104C100096F83C30062B09D1736921463046BDE831
:104C2000F04718476FF00100BDE8F087084B40F2ED
:104C30004B120849084808F095FD484608F0DEFA8E
:104C40000120F6F731FB02F02DFB00BF24690020A4
:104C50000050002054500020083300200A680368E8
:104C600092B159684FF0010C104600B583B081F83D
:104C700000C00193F6F78AFB019B9A6850600122FD
:104C80001B681A7003B000BD1B6801221A707047C0
:104C9000012A03D10B68036000207047022A00B587
:104CA00083B00ED0032A05D012B1002003B000BD9E
:104CB0000260FAE700680028F7D00C2102F0FEF845
:104CC000F3E70A6801900C20009202F0F1F8009AD4
:104CD0008446019B07CAC3F800C08CE80700E4E7DC
:104CE00012B330B5144683B00D46F6F751FBD4E944
:104CF0000423801A98420CD3A3681BB103222146D7
:104D0000204698471821204603B0BDE8304002F005
:104D1000D5B8A368019543B1E36801A92046984737
:104D2000A368002BEAD1EDE7704703F09DFC00BFBC
:104D3000012801D90020704700B583B04B68C0B28C
:104D400001A9019300F078FE012003B000BD00BF6F
:104D50002DE9F0438F6887B000286CD0B7FA87F54B
:104D60006D09002F67D00E4680461820914602F04C
:104D70009FF804460222314602950595C0E9005588
:104D8000C0E90255C0E90455CDE9035502A8B8476A
:104D9000E268A3686F460592B2680493A260F26865
:104DA000DDE90201E260CDE9000194E80300CDE90C
:104DB0000201DDE9000184E803001BB1032202A91E
:104DC00002A89847F6F7E4FA23461E4A3946C4E992
:104DD0000409404600F0C2FF10F1050F804626D0BE
:104DE000A0B1A3681BB10322214620469847182191
:104DF000204602F063F84046F6F7CCFA044609F084
:104E000091FA0460002007B0BDE8F083A3681BB1ED
:104E100003222146204698471821204602F04EF8EA
:104E2000B368029763B1F36802A93046984701203E
:104E300007B0BDE8F08309F075FA16230360E1E7D7
:104E400003F012FC351B020030B5002389B0054683
:104E50000C2014468DF80E3001918DF80F3005931B
:104E600002F026F8019903461C4A81600DF10F01FA
:104E70000792284619600DF10E01194A596004A9DC
:104E8000069222460493FFF763FF069D03462DB169
:104E900004A9019003220846A847019B13B91846AC
:104EA00009B030BDF6F774FA9DF80F3005462BB106
:104EB0000DE003F0A3FA9DF80F3043B9F6F768FA56
:104EC000401BA042F5D309F02DFA742303609DF82E
:104ED0000E30DBB2184609B030BD00BFB11A020077
:104EE000E51A0200194B0020194A196810B5194C2F
:104EF000C2E900404A1C1A6081B1174A1749184894
:104F000003F060FB174A1368591C1160BBB1124AC9
:104F100015491648BDE8104003F054BB144C4FF43B
:104F2000EE72144808F058FE20468834F5F722FE49
:104F3000114B9C42F8D1114B0E4A1A60DDE7104C20
:104F400020460FF017FE0F4B1C60E0E7048C00209A
:104F500078890020086000208C7B00200D02000072
:104F60001C8F0020A08A0020D9010000048F00209F
:104F7000508C00200C8C0020E88D0020088C002034
:104F8000A88A0020A48A00200F4A1368DB0407D5F2
:104F90001368002023F4825343F480531360704756
:104FA0000A4B126C0A4903F14000C91A43F8042B5A
:104FB0005A5843F8042B8342FAD1064B4022024947
:104FC0000120096C1A60704700C00C4008CD2020F9
:104FD00040C00C401C8E0020064BD3F8800010F41B
:104FE000405006D0A3F54033186880F40050C0F359
:104FF0004030704700C00F402DE9F84F204B074666
:105000008A461A68D2040AD51A681E4922F48252C6
:1050100042F480521A60DA6F1B6C00230B60BAF105
:10502000000F24D0DFF85C805646154DD8F80040BC
:10503000DFF8549044B92B6813F4A05FFBD0FFF75E
:10504000A3FFB8B1D8F80040B442A346C4F1400170
:10505000384628BFB34649445A46A4EB0B0401F036
:105060008DFEB6EB0B065F44C8F80040E2D1504617
:10507000BDE8F88FAAEB060A5046BDE8F88F00BFDE
:1050800000C00C401C8E002008CD202010B504214B
:1050900082B004460DEB0100FFF7AEFF042804D1F7
:1050A000019B0120236002B010BD09F03BF90522ED
:1050B000034600201A6002B010BD00BFF0B51A4CC4
:1050C00085B006460F4625785DB910211748CDE911
:1050D0000223F6F73DF91028DDE9022316D101215C
:1050E0002170134807804380034611680C224160F9
:1050F0000421346800920D4A8460022000F020F8F8
:105100000446F6F7CFF8204405B0F0BD094B2D2238
:1051100009490A4808F026FB284608F06FF80120E4
:10512000F6F7C2F802F0BEF8D02E0120808A0020E7
:10513000908A002088500020E8500020083300208A
:105140002DE9F04F8BB057688346DFF89CA205919C
:105150001946149B87EA0A0ADFF8909203F10800C7
:1051600095689C4E87EA0909C0089B4FD2F800C099
:105170006E40D2686F40DFF878820128974C984BD8
:105180008CEA0808974D82EA04048CEA030382EA59
:1051900005056BD0A0F1020C1A460846E646CDE99B
:1051A00006C10368D0F804C05F408CEA0505BBF176
:1051B000000F4AD0039300211346CDF810C0CDE96B
:1051C00001E016EB080C4FEA074E4FEA463201F1B8
:1051D00001014AEB0408FB180EEB154E45EB0900E4
:1051E00002EBD4422D048EEA030E640382EA0C0221
:1051F00005EB174504EBD64445404FEA4E5784EA89
:10520000080418EB0E084FEA42464CEB050A12EB75
:10521000030907EBD52744EB000306EBD4366D05F5
:105220008B454FEA444487EA080705EBDE2586EA0A
:10523000090604EBD23485EA0A0584EA0304C0D1E6
:105240001A46DDE901E0DDE9033C0EF1FF3E83EAA9
:1052500008088CEA0A0A0830BEF1FF3FA1D11346C4
:10526000DDE906C101F1080202EBCC01019308A8B7
:10527000149B1A06099203F007020023089301F019
:105280007DFD0899099A4F40019B5540BBF1000FE5
:1052900045D00020CDE901121A4616EB080C4FEA62
:1052A000074E4FEA463300F101004AEB0408BA18F2
:1052B0000EEB154E45EB090103EBD4432D048EEAAA
:1052C000020E640383EA0C0305EB174504EBD64496
:1052D0004D404FEA4E5784EA080418EB0E084FEA97
:1052E00043464CEB050A13EB020907EBD52744EBC9
:1052F000010206EBD4366D0583454FEA444487EA44
:10530000080705EBDE2586EA090604EBD33485EAB7
:105310000A0584EA0204C0D113460199029A83F077
:10532000FF0E059B81EA080082EA0A014A46002B2B
:1053300045D04FF0000CF34616EB000A4FEA074E3B
:105340004FEA46390CF1010C44EB01000EEB15411C
:1053500017EB0B0E4FEA054B09EBD4434FEA4438E9
:1053600045EB02090BEB174B81EA0E0208EBD6481E
:1053700083EA0A038BEA090B570588EA00088018BC
:105380004FEA4B544AEB0B014FEA484504EBD22459
:1053900013EB0E024FEA434648EB090E05EBD333FD
:1053A00084EA010507EBDB2783EA0E04059B06EB85
:1053B000D83647406345F34686EA0206BCD187EA01
:1053C0000E0755407E406C40704061400BB0BDE818
:1053D000F08F00BF6D6F646E7365747961726F6476
:1053E0006172656E62646574656D6F736567796C13
:1053F00075657370234BF0B5044683B0224E03F1FC
:1054000030071D687DB11A7AA2420CD14FF48A7020
:105410005A6800FB04601030CDE90013A847002251
:10542000019B00991A600C33BB42EAD14FF48A7099
:105430001549002700FB0460FAB20137944202D0FC
:105440008A7A022A16D0042F01F58A71F4D14FF41A
:105450008A7202FB0466F27B032A09D80B4C54F8CB
:105460002200FFF7C9FAF27B0021F77344F82210FB
:1054700003B0F0BDCD7BC27B9542E4D10423C3735E
:10548000F6E700BFA0970020D89700208085002075
:105490002DE9F04FDFF88CA14FF48A7487B004FB3C
:1054A00000A4E37A012B00F2A180584A064652F884
:1054B000233023B994F81051002D00F090804FF460
:1054C0008A7406FB04F404F110075744384609F0C7
:1054D0002DF900F112014FF42072382089B2FBF748
:1054E00035F8804600286ED054440C22013F0C252C
:1054F00023894FF6FE790DEB02015BBAADF80C3053
:105500000023CDF80F30CDF813308DF8173001237C
:105510008DF80E304FF48073ADF81030FBF75AFA67
:1055200001967A787E1C2E2A50D0002A4ED0324620
:10553000144612F8013F2E2B01D0002BF8D1E41BAA
:1055400017465FFA84FBA4B25A462A444A4537DC20
:105550005A4629464046AB44FBF7FCFA681C2246F3
:10556000314683B240460BF10105FBF787FA3A78E2
:10557000ADB2002AD5D129464046019EFBF7EAFA92
:105580004FF001220BF1020302A940469BB20292A6
:105590000422FBF773FA4FF48A7303FB06AA9AF806
:1055A00010319AF80F00B3B99AF80B203523174938
:1055B00001EB8202164951F820004146FFF77AF9C3
:1055C0004046FAF759FF07B0BDE8F08F0022374692
:1055D00014469346B9E741F2E9430E4AEAE7294601
:1055E000FFF708FFA57207B0BDE8F08F0A4B40F245
:1055F0000D320A490A4808F0B5F8002007F0FEFD10
:105600000120F5F751FE01F04DFE00BFD0970020BC
:10561000808500201C70002004510020545100207F
:1056200008330020D8970020414A4FF48A7303FBC7
:10563000002310B59B7A0446032B6AD8DFE803F0F9
:105640000E1231024FF48A7300FB03F3D158002984
:105650003ED14FF48A7303FB0423997210BD19895C
:10566000614508D1F5F756FE314B1FFA80FC1A460A
:10567000997A0229F3D003F58A732E499942F7D11A
:105680004FF48A73A1F24E41204604FB03F31A44FF
:105690000833A2F808C0284ACA50BDE81040FFF7F6
:1056A000F7BE4FF48A7004FB00F011180B7B013B2E
:1056B000DBB20B73002BD1D14B7B0133DBB2042B5C
:1056C0004B730AD00B732046BDE81040FFF7E0BED5
:1056D0000139D1500029BCD0C0E7CB7A6BB9174B48
:1056E0005B6853B191F810313BB90830144A40F26D
:1056F000011C22F800C04B73E5E700212046FFF7AC
:1057000079FE4FF48A730A4A002103FB042399723D
:1057100010BD0C4B40F26E420B490C4808F022F8C9
:10572000002007F06BFD0120F5F7BEFD01F0BAFD8A
:10573000D8970020289C002002000100D09700206C
:10574000DB970020045100206C510020083300201A
:105750002DE9F0471E4613898AB014460F2B05D851
:105760002046FAF789FE0AB0BDE8F08700230C2234
:1057700004A92046FBF7F0F80C28F1D1A84B00252E
:10578000BDF810109A7A49BA022A89B207D00135B9
:1057900003F58A73042DE3D09A7A022AF7D11A8985
:1057A0008A42F4D1BDF81430B3F5807FD8D19DF88A
:1057B0001230DB09D4D09A4A4FF48A7303FB0523D5
:1057C00093F8102132B9D97A964B326853F82130C8
:1057D0009A42C5D14FF48A73A8462746BDF8169061
:1057E00003FB05F3054603F110029A468C4BD418CF
:1057F00029463846FBF79EF900282DDB4FF6FF734C
:105800009D4229D000F0C002C02A25D00135ADB29A
:1058100020B3261819E02178681C834A0134525CB1
:1058200002F00302012A804AD25C08BF203102F054
:105830000302012A08BF203399420DD14FF6FF73AE
:105840009D4285B208D0B44208D029463846FBF7BD
:1058500071F9031EDBB2DEDA3C4681E729463846A1
:10586000FBF768F90028F7DB04F10104C0D12E46EC
:105870004FF6FF7245463C4696423FF471AF731CAB
:105880009BB293423FF46CAF042202A938460193C5
:10589000FBF762F804287FF463AFBDF80A20B2F585
:1058A000807F7FF45DAFBDF80820B2F5807F7FF484
:1058B00057AF4FF6FB72019B93423FF651AF9DF8F5
:1058C00013305FFA88F81B0750D199FA99F2731DCB
:1058D000A946264697B29CB2002F00F090803389EB
:1058E000A34209D88BE0328993423DDA2146FBF787
:1058F00021F9002838DB10D0651C21463046FBF723
:1059000019F9031EADB2304603F0C0022B442BDB65
:105910009CB24DB3C02AE6D12C464FF6FF739C4291
:1059200022D0651CADB29D421ED02B460A2207A98B
:105930003046FBF711F80A2816D14FF6F5739D4251
:1059400012D8079904F10B03BDF82420B1F1012FFF
:105950009BB224D054BA13FA84F4B4F5803F03DA2E
:105960007B1EA4B29FB2B7E73446F9E64FF48A73C0
:105970002B4A03FB0523DB7A002B42D1294B5B68C2
:10598000002B3ED04FF48A73284A40F20131404642
:1059900005FB03F30833D152FFF746FEE0E6B2F50C
:1059A000806FD7D1042203A930463446FAF7D4FFDA
:1059B00004287FF4D5AE4FF48A743046184E09FBA4
:1059C00004F4039B35196B60FAF756FD089B0AF146
:1059D0000401174A40461BBA3144934228BF13467C
:1059E00033510323AB72FFF705FD3359002B7FF4CE
:1059F000BAAEAA7A032A7FF4B6AEAB72B3E64D46CE
:105A000034462046FAF738FD00214046FFF7F2FC05
:105A10004FF48A730249002203FB05139A72A2E62F
:105A2000D8970020D0970020796B0020DC970020C9
:105A3000803A0900704700BF012800D9704721B1A2
:105A4000054B0A6843F820207047044A024B12684D
:105A500043F82020704700BFD09700207C700020C2
:105A600010B50024E0B20134FFF7DEFD042CF9D1BB
:105A700010BD00BF002900F059812DE9F04F044608
:105A800083B0002800F005810578002D00F0018129
:105A90009A4691460D4608F049FE00F1FF3814F889
:105AA00008302E2B18BF8046B8F1FF0F00F2F180AE
:105AB00029462046F9F78CFA18B1002003B0BDE85A
:105AC000F08F9C4F2646009504463946BB469A4FB8
:105AD0000D4615F8063C032B49D0013405F58A75AF
:105AE000042CF6D1344695493E465F46204608F0E0
:105AF000FFFAA8F106032344984273D0904B1B6829
:105B0000002B00F00A814FF0000B002517F8063C2F
:105B1000022B40D0013507F58A77042DF6D1894B49
:105B2000002218781346B17AD7B2002948D0032949
:105B300002F1010208D1B17B411AC9B28B4238BFD0
:105B40003D468B4238BF0B46042A06F58A76EAD1D9
:105B5000042D07D0784A4FF48A7303FB05239A7A01
:105B6000032A42D04FF0FF3003B0BDE8F08F424629
:105B700029463046F6F7C8FC0028AED115F80830A3
:105B8000002BAAD14FF48A726B49009D02FB0413CB
:105B90005B682B6091E7424639462046F6F7B4FC35
:105BA0000028B7D117F80830002BB3D1664A116826
:105BB0000C32002900F09C800133042BF7D1A9E7B7
:105BC0004FF48A735C4903FB02165F4B00251A46AB
:105BD000009313680C325BB10135042DF9D14FF0FD
:105BE000FF30C1E74FF0010B8FE71E462F46ECE771
:105BF00005EB45020193009B2146B07306F11000AE
:105C000043F8229003EB8202504CC2F804A04FEA02
:105C1000450A17720122B272424601F0AFF8B04451
:105C2000019B224688F810309846136804329BB3D3
:105C300008F10108B8F1040FF7D1454804220178B2
:105C400001315FFA81F8B8F1030FA2F102030CD918
:105C500021684FF0020800295CD1012A10D0626847
:105C6000002A5DD113F0FF020AD054F8281008F181
:105C70000103013A61BB12F0FF025FFA83F8E2D13F
:105C800004225544009BF2730022B27243F825208F
:105C900068E76FF00F0011E72E20FEF7F5FE814652
:105CA000002840D0F5F736FB82B2B2F5806FF9D309
:105CB00028494846FEF7A8FC10F1080FF2D010BBA7
:105CC000024625494846FEF785FE214844F82890BB
:105CD0001C4A80F800803846137886F810B10133EA
:105CE00086F80F801370FFF79FFC6FF00400E5E665
:105CF00003EB4302144941F8229001EB8202C2F8FF
:105D000004A01572F1E74846FEF776FE002244F83B
:105D1000282092E74FF00008DAE76FF00500CDE6A3
:105D20004FF00108D4E744F8289086E76FF00F00A1
:105D3000704700BFE8970020D89700208C510020C2
:105D4000D0970020ED2E0120A09700208085002014
:105D5000EC2E01207C700020A525020000B54FF03C
:105D6000000C83B0CDF800C0FFF784FE03B000BD87
:105D700070B54FF0000E00F00104714505DD24B14F
:105D800010F8013B013963F31F2E012928DD8E1E17
:105D9000490803464FF0000C4D1E00EB410233F85A
:105DA000021B93428C44FAD1C5EBC573023006EB5B
:105DB0004301A0EB4300012902D1037863F3070EEE
:105DC0000EEB0C039AB202EB134398B200EB1340B4
:105DD00003BAC3F30F43002C18BF184680B270BD3E
:105DE0004FF0000CE7E700BF08B5FFF7C1FFC04365
:105DF00080B208BD70B5154606460C46114A7C2196
:105E00001148F5F75DFA75B1B26C25613AB11346E8
:105E100001E01B681BB19C42FBD1002070BD2260D9
:105E20000020B46470BD084B7D220849084807F083
:105E300099FC284607F0E2F90120F5F735FA01F060
:105E400031FA00BFC469002094510020E8510020BD
:105E50000833002010B50123002482B04A600C737F
:105E60000B810191F5F756FA064B0246204601993F
:105E7000A3FB0243DB0803EB8303A2EB43024A814B
:105E800002B010BDCDCCCCCC836C23B100221A72F1
:105E90001B68002BFBD1704738B5374B1D68002DB0
:105EA00036D0AC6C74B933E0013B042A9BB26381F9
:105EB00039D8022A4ED8013A012A01D8002B3AD00B
:105EC00024682CB3237B0BB1013B23736389227AB3
:105ED000002BE9D1042A1CD8022A29D9637A13B9E4
:105EE000637304232372211D2846F8F789FB637A24
:105EF0004FF0140201336281DBB2012B2DD905234F
:105F000000212846A360236998472468002CD9D132
:105F100038BD072AD4D14FF0000223690121284659
:105F200022729847CCE7072ACAD1002BC8D1F2E7E2
:105F3000013A012AC4D80223211D28462372F8F70A
:105F400047FB637A0133DBB2022B637207D90B4B39
:105F5000A360B5E7002BB3D1C0E76372B0E7F5F7F4
:105F6000D9F9074BA3FB0023DB0803EB8303A0EB6A
:105F700043000A306081A3E7E0CC00200300140056
:105F8000CDCCCCCC2DE9F043054685B0D0F8360019
:105F90006B8FAC6C0290ADF80C306CB30E46D1F840
:105FA0000E808F690AE03BB1636843452FD0BB4246
:105FB00002D1B8F1000F22D02468ECB1237A032B70
:105FC000F1D91A1F022AF7D862684245F4D1062295
:105FD00006F1080102A8019307F02AFD019B0028A1
:105FE000EAD0062B2AD0237B8BB9211D2846F8F74F
:105FF00007FB64232373DFE705B0BDE8F0830622C7
:1060000006F1080102A807F013FD0028D4D0637B35
:10601000022128460133637323699847637B092B68
:1060200005D9072323724FF416736381C4E7002355
:1060300001212846237223699847BDE700230221E6
:106040002846237223699847B6E700BF002930D05D
:106050008C46096869B362B3136853B3836C43B366
:1060600030B5154685B0624602E01B68FBB1116889
:106070005C688C42F9D189B24FF6A964A142F4D18F
:106080002988A142F1D0197A052916D8032911D8F7
:1060900001390229E9D8002103921A6919720221F3
:1060A000029001939047039ADDE90130DDE705B0E6
:1060B00030BD704706211972D7E70729D5D1EAE725
:1060C0002DE9F043058989B0074688461C2D914685
:1060D0004FF024004FF4207228BF1C2505F108045E
:1060E000A4B22146FAF732FA50B343890646A342D6
:1060F00029D37B682A46446800250593394608233E
:1061000084F8008084F8019025716571A571E571AE
:10611000FAF780FB059B07A8DB680793F8F71EFDDD
:1061200058B10123A570E57007AA02902946019392
:106130003046FF230095F8F715FF3046FAF79CF933
:1061400009B0BDE8F083074B4FF4BB72064907481E
:1061500007F008FB002007F051F80120F5F7A4F83C
:1061600001F0A0F8085200205C5200200833002003
:106170002DE9F0414B4D86B00446AE68337803F00C
:106180000F039B00132B14D94289032A11D94268AB
:106190001278082A0DD1686900F0F002E02A08D0D0
:1061A0000F4629680493F8F7F5FE10B92289072AEB
:1061B00005D8204606B0BDE8F041FAF75DB9049B6A
:1061C000204603F1100105930491FAF7B5F8DDE9D3
:1061D0000413002848D02289991889B28A42E8D845
:1061E0004FF4207210200493FAF7B0F9804600288B
:1061F000DFD0049B418903F10802914249D3314623
:106200001A464068049300F0B9FD04994046FAF735
:10621000CBF8002841D121464046FAF795FB0028EB
:1062200037D120464446FAF727F9049B1946204601
:106230006668FAF781F80028BBD16268D5E90413D3
:10624000D360FF2311613070E073B070F070907212
:10625000D0721372012200901349CDE90127024642
:106260002046F8F77FFEA4E720460493FAF79CF84F
:10627000049B0028DAD00D4BCC220D490D4807F0C5
:1062800071FA002006F0BAFF0120F5F70DF801F0D1
:1062900009F84046FAF7F0F88BE7044BBB220649B1
:1062A000ECE700BF689C00207C9C00200852002086
:1062B000BC52002008330020885200200A460321E7
:1062C000FFF7FEBE0A460B21FFF7FABE10B572B605
:1062D000DFF8C0C0BCF8002091B9036883B190F822
:1062E00004E0BEF10F0F0CD842FA0EF414F00104D2
:1062F00045D0264C7444B3EB441F02D162B610BDA6
:10630000002142FA01F3DB0707D501311029F8D14A
:1063100062B600230171036010BD01238B401A4354
:10632000ACF8002062B61A4A81F0030C0171D36FF9
:1063300043F0C003D367A2F5A03240F2824313605A
:1063400002F58072114B02F8E61CCB1802F8E21C31
:1063500002F8E81C5B0102F8E11C9FED0A7B036078
:1063600083ED007B83ED027B83ED047B83ED067B75
:106370001CF8023063F03F030CF8023010BD2146D8
:10638000BFE700BF000000000000000080740002B2
:1063900000C00F40BA2E012003790F2B11D8094AF3
:1063A000937672B60849012290F804C00B8802FA6D
:1063B0000CF223EA02030B8062B610220023027162
:1063C0000360704700800E40BA2E0120EFF3108268
:1063D00072B6437F33B9017F012907D0032911D059
:1063E000012343770AB962B670477047DFF868C087
:1063F000DCF80010F9B1164943610B68086083614D
:106400005861EDE700B5DFF854E01249DEF800C04E
:10641000BCF1000F16D043610B68836158614FF0E7
:10642000E0234FF0805C0860C3F804CD012343777C
:1064300002B962B600BD064BCCF800001860C0E996
:106440000511CDE7C0E905CCCEF80000E7E700BFB5
:10645000008E0020F88D0020F48D0020FC8D00209F
:1064600070B5EFF3108272B60C4C206880B10C4E00
:1064700000254369236073B19D6102B962B68368E8
:1064800045779847EFF3108272B620680028F0D164
:1064900002B962B670BD3360EFE700BFFC8D00202B
:1064A000F88D0020FFF7DCBF0346EFF3108272B6D1
:1064B000407F50B1197F012900B50AD0032913D0BC
:1064C0000021597702B962B600BD0AB962B67047B9
:1064D0007047D3E905C1A1B1C1F814C0BCF1000FE8
:1064E00014D0CCF81810EBE7D3E905C199B1C1F885
:1064F00014C0BCF1000FF4D1DFF82CC0CCF80010B0
:10650000DEE7DFF828E0CEF800C0E7E7DFF820C0DC
:10651000CCF80010D4E7DFF81CE0CEF800C0BCF1E6
:10652000000FDED1E8E700BFF88D0020F48D0020D9
:10653000008E0020FC8D0020037F012B0ED0032B4A
:1065400000D07047437F33B1D0E90523C3B15A610E
:1065500062B90E4A1360002303777047437F002B14
:10656000F9D0D0E905232BB15A6132B193610023F0
:106570000377704706490A60F7E7064A1360EAE7BF
:1065800005490A60002AF1D1E3E700BFF88D002039
:10659000F48D0020008E0020FC8D00200449054A67
:1065A0004968054B1960136801331360704700BFD9
:1065B000001000E0E02D0120DC2D0120084601F054
:1065C0008DBE00BFF8B50D460D4FC41CC61D14F896
:1065D000011F00230A22284600F0B2F8B4424FF00F
:1065E0002E0006D02B681B68BB4204D101F076FE5A
:1065F000EDE70420F8BD2E2128469847E7E700BFC5
:1066000011340200704700BF704700BF704700BFE1
:10661000704700BF38B5064CA4F1600554F8083C3B
:106620002046183CDB689847AC42F7D138BD00BF24
:1066300070840020074B0020DFF824C0064A074979
:10664000C3F800C0C3F818C0C3F830C0C3F848C0CE
:1066500001F0B8BF208400208C7B00206934020048
:106660000C5E0020012A70B508BF0A228AB00546D8
:106670001E4659B34FF0210C01E05FFA84FC0CF187
:10668000FF34B1FBF2F302FB131EBEF1090F0EF152
:10669000370098BF0EF130000DEB0C0E91421946F9
:1066A0008EF80400E9D23EB10CF1FF3C2D225FFAD6
:1066B0008CFC0DEB0C031A712B6801A9CCF12202A2
:1066C00028465B68614498470AB070BD30234FF09C
:1066D000210C8DF82530E6E7002903DB00230A2290
:1066E000FFF7C0BF49422D230A22FFF7BBBF00BFFF
:1066F00000B5036883B040F60D2C022201A95B6847
:10670000ADF804C0984703B000BD00BF044B022899
:1067100088BF0346D3F800C01846DCF80430184799
:10672000647900200EB400B582B003AA52F8041BAD
:10673000019207F0C9F802B05DF804EB03B07047AE
:1067400042B90368C9B2054A1B68934204D108469E
:1067500001F0C4BDFFF786BF184700BF1134020027
:1067600000000000B4EE400B70B5F1EE10FA86B0F8
:10677000864680F18280B0EEC07B9FED486BB4EE20
:10678000467BF1EE10FA6CDC9FED467BB4EEC70B56
:10679000F1EE10FA5CDC9FED457BB4EEC70BF1EE39
:1067A00010FA55D4B5EEC00BF1EE10FA61D4002307
:1067B000B6EE007B002964D04FF0000C9FED3D6BDE
:1067C0000CF1010C27EE067B6145F9D130EE070B89
:1067D0000C460A2270467646FCEEC07BB8EE676B2C
:1067E00017EE901A30EE460B8DED000BFFF73AFFD7
:1067F0000F2C21464FF02E0328BF0F2105468DF8A0
:1068000008300DF10903481EB2EE046B02AA53FAD8
:1068100080F09DED000B20EE060BFCEEC07BCDED75
:10682000007A9DF8003007EE903A3033B8EEE77BFF
:1068300002F8013F904230EE470BECD133684A1C1E
:10684000304602A95B68D2B29847284606B070BDB0
:10685000DEF80030032219495B6806B0BDE87040DD
:1068600018470368032216495B6806B0BDE870400C
:106870001847B1EE400B01239AE703680322114940
:10688000EAE730EE070B0A227046FCEEC07B17EEFB
:10689000901A06B0BDE87040FFF7E4BEFFFFFFFFAF
:1068A000FFFFEF7F000000E0FFFFEF41000000E08E
:1068B000FFFFEFC19A9999999999B93F9C5B002084
:1068C000985B0020945B002001F0F8BC01F08EBCC6
:1068D000A94AAA4B90422DE9F047A94CD3F814E0FD
:1068E0009969D4F80CC000F2088103F1437303F5F1
:1068F000F4530333A3FB0023DB0D03EB830303EB10
:10690000830202F2B63240F227639A4228BF1A4647
:106910009C4BA3FB0232D208203A984D0CF01F0486
:10692000D5F88030944243F0C003C5F880300BD2D4
:106930002CF01F0C924C4CEA020CC4F80CC02368DB
:10694000002BFCDA0CF01F041EF0007327D18E4DD3
:106950002E698E4DB54300F0FA8081F4805576465D
:106960004FF4805716F0605F06D02EF0605E4EEA5E
:10697000030E824BC3F814E015F4405F07D021F4F6
:1069800040517E4D3943A961AB6C1B07FCD44EF0DE
:10699000007E7A49C1F814E08B6C9F06FCD47C49D8
:1069A000884200F2DF80012635460EE0082D0CD12A
:1069B000042E00F291800136022506FB00F38B4283
:1069C00000F2C3805B008B4206D8013506FB05F35D
:1069D00000FB03F38B42E9D9771E05F1FF384FEA3C
:1069E000872A8EEA87276B4959186B4B99427CD9C5
:1069F000DFF8E4916C2369486349B0FBF5F0684D1A
:106A0000B0FBF6F00E6835404D4508D043F4005316
:106A10004FF480550D600B600B68002BFCDA574972
:106A20000B6903F00703434504D0C1F810808B6C59
:106A3000DE03FCD417F4E05F0BD02EF4E05E0AF422
:106A4000E0534E4943EA0E0EC1F814E08B6C9D07EB
:106A5000FCD4544D544945198D4239D8534BED0956
:106A6000A3FB05352D0B6B1E1B028EEA030111F4EF
:106A7000407F07D02EF4407E03F440733F4943EA41
:106A80000E034B613D494B6923F000734B618B6CE6
:106A90009B06FCD4464BA242A3FB00134FF0FF31F0
:106AA0004FEA9343B0FBF5F5B1FBF3F341490860BE
:106AB00041490D6041490B6008D22CF01F0C304950
:106AC0004CEA0202CA600B68002BFCDABDE8F087D2
:106AD0004FF440730425C8E7771E2E494FF007088E
:106AE0004FEA872A59188EEA8727294B99421CD8E2
:106AF000DFF8E890362332487EE7324B984201D8DF
:106B00000E220AE7304B984228D9304A904227D9C2
:106B1000821A2F4B120AA3FB0232D20902EB820225
:106B200002EB820202F2E242EDE6A3F1825329482F
:106B3000DFF8AC90A3F589337E3BA3FB01310B0D4D
:106B400003FB00F043EA090956E7012544E71F4625
:106B50008EF0C0560D464FF0C05303E70F22DCE61F
:106B60001222DAE6012603464FF0000A77464FF07C
:106B70000008354637E700BF001C4E0E00C00F402E
:106B8000000008401F85EB5100800D404030008020
:106B9000FFB19F26808D5B00FF7EF64D00643F4D68
:106BA0007F3001807FD1F0087F17B42C9F10E50063
:106BB00083DE1B43707800206C780020C82D0120F4
:106BC00000B29F26FF0A6B1B00A4781F0046C32358
:106BD00023B24C00001BB7006C20008036200080E0
:106BE0000020008000B970472DE9F84F012181464F
:106BF000224C234E234D54E8003F3268286844E875
:106C00000013002BF7D120494B684FF47A7BDFF853
:106C10007CA01B1A01270BFB02F8DAF80020A2FB6C
:106C200003235B4594BF9844D84454E8003F32683E
:106C3000286844E80073002BF7D14B68DAF800C0ED
:106C40001B1A0BFB02F2ACFB03C3B3F57A7F94BFB4
:106C5000D21802F57A72A2EB0802B2F57A7F08D355
:106C6000B9F1010F08F57A7809F1FF39DDD1BDE8F6
:106C7000F88F01F0C3FB0449D7E700BFE42D0120E2
:106C8000E02D0120DC2D0120001000E0C82D0120A6
:106C900010B50F4B4FF0010C0E4CDFF844E053E8F9
:106CA000002F2068DEF8001043E800C2002AF6D169
:106CB000094B5B68094A5B1A4FF47A71126801FB51
:106CC00000F0A2FB03238B4294BFC018401810BDF4
:106CD000E42D0120E02D0120001000E0C82D01204E
:106CE000DC2D0120362831D802011B4B012903EB92
:106CF00000109B5800B55A68D0E902EC12D0042964
:106D000010D022EA0C025A60C9B102291FD003290F
:106D10004FF015020CBF114B114BCEF800304368F9
:106D20001A6000BD42EA0C0201295A6007D040F601
:106D30003803CEF80030436815221A6000BD3823AE
:106D40001522CEF8003043681A6000BD7047054B2D
:106D5000CEF80030EFE700BFAC6C00203830010007
:106D60003800010038F0010008B5DCF781FFDDF7DD
:106D70009FF801F043FBFAE730BFFDE7844641EAA4
:106D8000000313F003036DD1403A41D351F8043BA3
:106D900040F8043B51F8043B40F8043B51F8043BF5
:106DA00040F8043B51F8043B40F8043B51F8043BE5
:106DB00040F8043B51F8043B40F8043B51F8043BD5
:106DC00040F8043B51F8043B40F8043B51F8043BC5
:106DD00040F8043B51F8043B40F8043B51F8043BB5
:106DE00040F8043B51F8043B40F8043B51F8043BA5
:106DF00040F8043B51F8043B40F8043B51F8043B95
:106E000040F8043B51F8043B40F8043B403ABDD203
:106E1000303211D351F8043B40F8043B51F8043BA5
:106E200040F8043B51F8043B40F8043B51F8043B64
:106E300040F8043B103AEDD20C3205D351F8043B34
:106E400040F8043B043AF9D2043208D0D2071CBF00
:106E500011F8013B00F8013B01D30B880380604629
:106E6000704700BF082A13D38B078DD010F003039F
:106E70008AD0C3F10403D21ADB071CBF11F8013B0F
:106E800000F8013B80D331F8023B20F8023B7BE75E
:106E9000043AD9D3013A11F8013B00F8013BF9D289
:106EA0000B7803704B7843708B7883706046704723
:106EB00004F0F8B904F0F6B904F0FCB904F0FAB93A
:106EC00004F0F8B901F1FF3C70B566464FF0000ED2
:106ED00001E00EF1010EB0FBF2F402FB1403092BEA
:106EE00003F1370598BF03F130059042204606F8BC
:106EF000015FEED201EB0E0300225A70BEF1000FCB
:106F000011D0481C70440CF102021CF8014F10F81B
:106F1000015DA1EB0C03521A8CF80050013B047088
:106F200073449A42EFDB084670BD00BF10B50023E2
:106F30004FF470440F224FF4806EA0F88C41194634
:106F4000A0F88E214FF46044A0F890310A46B0F8C2
:106F5000883148F2B82C43F0F003A0F8883101EBF7
:106F60004103013100EB431304299C80A3F806E0A0
:106F70005A841A865A805A81A3F80EC05A82DA823D
:106F80005A83DA83EBD1B0F8883143F00F03A0F8CD
:106F90008831B0F8883143F47063A0F8883110BDAF
:106FA000374B384A996F384841F47F0170B599677B
:106FB00041F20106D3F8801045F6C05543F226048D
:106FC0000A43C3F88020FFF7B1FF00F58040FFF7C8
:106FD000ADFF00F58040FFF7A9FF00F58040FFF707
:106FE000A5FF0022A0F503104FF00F0E114600EB95
:106FF00042134FEA421C01329981042A5981A3F8B5
:107000000EE09E82DD8020F80C1019829C81EED16A
:1070100000221E484FF00F0E41F20106114645F6C0
:10702000C05543F2260400EB42134FEA421C0132E2
:107030009981042A5981A3F80EE09E82DD8020F810
:107040000C1019829C81EED1002211480F2641F2CA
:107050000105114645F6C05443F2260E00EB4213DB
:107060004FEA421C01329981042A5981DE819D82B6
:10707000DC8020F80C101982A3F80CE0EED170BD72
:1070800000C00F40000003FC00C03D4000001E4057
:1070900000401E4083290DD857280BD821F0010C41
:1070A000074AC9073CF8023005D423F0FF03184310
:1070B0002CF802007047DBB243EA0020F8E700BF7B
:1070C00000C03B4072B6EFF30583524CC4F88430E5
:1070D0001EF0040F0CBFEFF30882EFF309824FF0AC
:1070E000E0234D4DD3F8280DD3F82C1DC4E922011F
:1070F000D3F8341DD3F8383DC4E924139369A83478
:1071000044F8103CD36944F80C3C00F0CFF804ED8F
:10711000020A01F0DFF90B2344F8040C4FF0FF32B0
:107120003E4844F8283C2B68202104355A4042F35D
:107130000003013903EA000383EA5202F7D1A542B2
:10714000F1D1344BC3F8A820BFF34F8F4FF0E023A9
:107150003149334AC3F8701FC3F8702FBFF34F8F04
:10716000BFF36F8F2F4A02242F48D36E2F4943F469
:107170004053D3660460D3692D4823F07F0343F066
:107180004003D3610B68834240D8274D00204FF065
:10719000E0234FF0FF3228600121C5F8080125489F
:1071A0000C460E46C5F80001C5F80811C3F8802149
:1071B000C3F88421C3F88821C3F88C21C3F8902137
:1071C00001E000F073F9D5F80C31002BF9D04F2C09
:1071D000C5F80C6104F10104F3D9174B02201749DB
:1071E0004FF00042C1F840015A63D5F80C313BB969
:1071F000134814490C4A0163D2F80C31002BFAD021
:107200004FF0E023104AC3F80C2DFEE7FFF760FBB8
:10721000BBE700BF00FF272080FF27202083B8EDB9
:10722000A0FF272000C00F400040084070780020D9
:10723000803DCD0B009F240000900D4000002E40AB
:1072400000800F40F100AD0B0400FA05094A08B5B3
:107250000346106823B1034407498B4201D81360E9
:1072600008BD07F05FF80C2203464FF0FF301A60AC
:1072700008BD00BF887B0020000028200020704748
:107280004FF0FF30704700BF4FF4005300204B60B9
:10729000704700BF012070474FF0FF30704700BFBC
:1072A00030BFFDE730BFFDE7FFF70CBF124AD2F851
:1072B00080305B07FBD5D2F880301048C3F30B2336
:1072C0000F4990ED007A07EE903A91ED006AB8EE22
:1072D000477A0C4AF8EEE77A0B4BD2ED006A77EE6C
:1072E000C77A93ED007AB8EE477A67EE867A87EE32
:1072F000A60A37EE400A704700810D40B82D0120E4
:10730000C02D0120C42D0120BC2D0120836B70B540
:1073100086460E4610461BB1536843F40043536043
:1073200072B6DEF8342042B31B4B1060D3F8B021A4
:1073300032421ED1194C656805E06268A2EB050C6B
:10734000BCF5166F0BD2D3F8402142F48042C3F84B
:107350004021D3F8B811D3F840215204EDD5314083
:1073600007D10D4ACEE90201D2F8B0313343C2F859
:10737000B031CEF8340062B670BD0749CEE90202E2
:10738000D1F8B0313343C1F8B031CEF83000CEF887
:10739000340062B670BD00BF00002E40001000E057
:1073A00070B5056B95B12B46002403E01B680134D2
:1073B000012B0CD05A681206F8D5036306462CB18F
:1073C0002846B36B2D689847013CF9D170BD002267
:1073D0000023C0E90C23F1E700B501BBDFF8A0C032
:1073E000234B0021234A4FF0010E4FF0011099600A
:1073F000C3F800E0CCE902314FF0800CC3F804C0C0
:10740000C2F8BC01D2F8B0311B4843EA0E03C2F8FF
:10741000B0310160D2F8B031002BFBD100BD0904BE
:10742000164BDFF85CC04FF0010E41F08001986010
:10743000104A596000F58051C3F800E0D96000F5AA
:107440000051CCF84830196100F5405100F58040FA
:10745000596100219861CCF84C10D2F8B03143F456
:107460008033C2F8B031D2F8B031002BFBD1B7E78E
:10747000A085002000002E40309C0020C085002008
:1074800000000020074901220B78824023EA020312
:107490000B7033B9044AD2F8483123F08003C2F8A4
:1074A00048317047F82E012000002E402DE9F047AA
:1074B000A64C82B0D4F84461F107C4F844614CD5BD
:1074C000D4F8AC31002B43D0A14DA24FDFF8B882E5
:1074D000C4F8AC31D5E90A20D4F8403143F4005364
:1074E000C4F84031D4F840319B04F5D5D4F840318C
:1074F0004FF0011123F40053C4F84031C4F8B41123
:10750000D4F8B43113F00113FAD191B284463B6040
:10751000B1F5086F00F03A8100F2958040F2023E2A
:10752000714500F0928100F2A480822900F0E1818F
:10753000B1F5817F00F0B381802940F095808648C5
:1075400002210380FFF748FFD4F8AC31002BBFD1F4
:107550007E4AD2F8BC31002B42D1720616D57B4B45
:10756000D3F8AC21C3F8AC21D3F8BC21C3F8BC21BB
:10757000D3F8B041002CFBD14FF0FF32C3F8B42157
:10758000D3F8843100F042FD744B1C60F40103D544
:10759000734B1B6803B19847B00103D5714B1B684F
:1075A00003B19847710708D5684BD3F8843113F4B9
:1075B000007345D06C4B01221A70644BD3F84831EC
:1075C0001A060AD5330608D5684A13782BB1013B51
:1075D000DBB21370002B00F06D8202B0BDE8F087C3
:1075E0005C49C2F8BC310868034240F098815B4AAC
:1075F00012681340B1D01C0C554D1FFA83F810D0FF
:1076000094FAA4F7B7FA87F705EBC7104030FFF7F5
:10761000C7FE012303FA07F7BC43F1D1B8F1000F0D
:107620009BD0012798FAA8F4B4FA84F405EBC410AF
:1076300007FA04F4FFF7B4FE38EA0408F2D18CE745
:10764000494A1370B9E742F2212E71455AD049D800
:10765000B1F5106F00F0A28042F2210C614503D118
:10766000010C072900F08C814FF00113C4F8C031E0
:107670006AE7B1F5A06F00F0CA80A1F5D0610129D9
:10768000F2D83B4B59680029EED01FFA8CFE120C41
:1076900003E019690C330029E6D0B3F800C0944523
:1076A000F7D1B3F802C0F445F3D14FEA122C000C25
:1076B000BCF1030F00F0CB811B89834228BF034636
:1076C000B2F5007F9A4640F09A81274B1B78002B39
:1076D00040F0EE81274952462748DFF89C90FFF79B
:1076E0004DFB9EE142F22133994214D04FF6C00384
:1076F0009942B9D183B2FF2BB6D843F46E4363F3FA
:107700000F0CBEE780B230B91C4B120C19681C4B31
:1077100019601C4B1A700023C5F84880EB64C8F848
:1077200008300123C8F800308023C8F804304FF037
:107730000113C4F8BC31D4F8B03143F48033C4F839
:10774000B031D4F8B031002BFBD1FDE600002E4063
:1077500000000020309C0020802D0120349C00205F
:10776000AC2E0120B02E0120012F0120022F01207C
:10777000A8710020882F006060CD2020E02D01201E
:10778000A82E0120FF2E0120A0850020B34B01214F
:10779000B3481B780370FFF71FFED5E6AF49120C04
:1077A00001930A70AF4AC4F8C821AF4AC4F8CC218B
:1077B000AE4AC4F8D02100F02BFC80220199AC48DD
:1077C00006F00AFAAB498022019BA9644A60AA4AE2
:1077D000EB64C5F8A02002F13C428B6002F56C22FC
:1077E00002F56F72C5F8E02001220A604FF0011225
:1077F000C4F8BC21D4F8B02142F48032C4F8B021DE
:107800009E4A3B60D2F8B031002BFBD19CE69949EF
:10781000EB648B600123A9640B6080234B604FF005
:1078200001139649C4F8BC31D4F8B03143F4803325
:10783000C4F8B031D1F8B031002BFBD1130C5B068A
:1078400043F08073C1F854317EE610F0780F7FF476
:107850000BAF00F07F028A4B000653F822104CBF9A
:1078600041F4803141F0010143F822100021814BA5
:10787000E96499600121AB64196080217F4A5960F5
:107880004FF00113C2F8BC31D2F8B03143F4803369
:10789000C2F8B031D2F8B031002BFBD154E610F071
:1078A000780F7FF4E1AE00F07F02754B000653F8CD
:1078B00022104CBF21F4803121F0010143F8221045
:1078C00000216C4BE96499600121AB64196080214F
:1078D0006A4A59604FF00113C2F8BC31D2F8B03196
:1078E00043F48033C2F8B031D2F8B031002BFBD171
:1078F0002AE610F078037FF4B7AE00F07F01604A0B
:10790000000652F82110564A138036D5C90301D516
:107910000123137002215248FFF75EFD14E6002098
:10792000086058490C88486842F221018C427FF473
:107930005EAE80B200287FF45AAE5349534C03C95F
:10794000A18086284FEA11412060A1717FF44FAEDB
:1079500072B64F48017841F008010170D2F8481121
:107960000D0605D480200143C2F84401C2F8481135
:1079700062B6484A5021117039E6CB07CAD5C7E72D
:107980004049EB60444BC1E900200122AB601A6022
:10799000424A5A603C4A9A60D4F8B01141F0010161
:1079A000C4F8B01102F58051D96002F50051196197
:1079B00002F5405102F5804259619A612F4AD2F88E
:1079C000B031002BFBD12B49EB648B600123A96400
:1079D0000B6048F280034B604FF00113C2F8BC31DA
:1079E000D2F8B03143F48033C2F8B0314FF4803371
:1079F000224A3B60D2F8B031002BFBD1A4E5B2F5AE
:107A0000E06F7FF468AE264B1B78002B4ED12549E2
:107A1000DFF8949052464846FFF7B0F9072389F8FB
:107A2000013029F01F0309EB0A02BFF34F8F4FF01B
:107A3000E021C1F8703F20339A42FAD8BFF34F8F4C
:107A4000BFF36F8F18485146FFF7C6FC7CE50B78F3
:107A5000834228BF03469A463DE600BF002F01201F
:107A6000802D01200200CC00C80002000200C800E6
:107A700080000020A08500205DCFC6B800002E4009
:107A8000C0012E40E0880020289C0020A02E01206C
:107A9000F82E0120022F0120C08500208000070061
:107AA000012F0120EC2F006060CD20200449AFE7BA
:107AB000044910E60320FFF7E5FC0DF06FF800BF66
:107AC000882F0060EC2F00602DE9F043841E83B006
:107AD000022C02D903B0BDE8F083124D90460F4648
:107AE000C60105EBC0143C2200210190201D9946DF
:107AF00006F072F8B8FA88F23904520941EA427184
:107B00000122A951C4F83890A260B9F1000FE1D068
:107B10000549019B9A400B681A430A6003B0BDE80F
:107B2000F08300BF00000020349C00202DE9F043CA
:107B3000A0F1020E83B0BEF1020F02D903B0BDE87E
:107B4000F0839146C201124F884602F14006054675
:107B50003C220021F4190193201D06F03DF8B9FAEA
:107B600089FC4FEA0842019B4FEA5C1C42EA4C72D6
:107B7000BA510122A363A260002BDFD0054905F1B1
:107B800010000B6882401A430A6003B0BDE8F0831E
:107B900000000020349C002012044FF0010C816092
:107BA00042F08002C0F800C0C36101F5805C01F5BD
:107BB0004053426001F5005201F58041C0F80CC00D
:107BC0008161C0E904237047831E022B00D97047EE
:107BD00000F1100C064B0A4603EBC01000B54FF045
:107BE000010E0EFA0CF15DF804EBFFF78FBB00BF3E
:107BF00040000020831E022B00D970474FF0010C7B
:107C0000034B0A460CFA00F103EBC010FFF77EBBF2
:107C10000000002040687047144B0A22DFF850C073
:107C2000D3F8200220F07F4000EB800300B55B001A
:107C300085B0604538BF18466946FFF743F9DFF85D
:107C400034C06B460022604619780132013341B1DD
:107C50000A2A20F8021FF7D116228CF8002005B05E
:107C600000BD52008CF8002005B000BD00441F404C
:107C700080969800547E002000F0E8BA00F0D8BA50
:107C800000F06EBB00F048BB0846114600F03ABB5E
:107C900070B5164D4FF0E02415494FF40032154EE3
:107CA00005EB401582B001EB4021C4F88C2103465E
:107CB000328828460191FFF76FFF019933880B4402
:107CC000BFF34F8FC4F85C1F20318B42FAD8BFF34B
:107CD0004F8FBFF36F8F03202946FFF78BFF4FF4C1
:107CE0000033C4F80C3102B070BD00BFE085002045
:107CF000E0CD2020C22E0120264B1A884368C3F312
:107D00000E43D21A002AF0B5C46983B028DD224898
:107D1000224D01782D78CBB2DFF894C0A942204DD6
:107D200009D01CF803100F4635F811100E46C1F5A6
:107D300000718A421AD90133002125F81420082B3A
:107D4000184D88BF0B4625F8141098BF19460CF83B
:107D50000340154B017019680A441A6003B0F0BD66
:107D6000204603B0BDE8F040FFF792BF0F4906EB95
:107D700047200192084401EB4421FEF7FFFF019ADE
:107D800009492046B31825F817300B6813440B60D7
:107D9000E7E700BFC22E0120F62E0120F72E0120BA
:107DA0008C2D01209C2D0120882D0120E0CD20204C
:107DB000AC2D0120224B1A78002A3FD102F0FF039C
:107DC000204A1278002A39D01F4A1288002A35D05A
:107DD0001E49C2F5006210B5087884B01C4901EB59
:107DE00040141C4901EBC0212046CDE9022301913A
:107DF000FFF7D2FEDDE901120A44BFF34F8F4FF0C7
:107E0000E020039BC0F8701F20318A42FAD801930A
:107E1000BFF34F8FBFF36F8F04202146FFF7D4FECF
:107E20000A480021084B027819800132019BD2B226
:107E3000032A98BF1346037004B010BD704700BFFB
:107E4000FE2E0120002F0120CC2E0120FD2E01202E
:107E5000E0860020E0DD20202DE9F04F87B004907F
:107E6000002900F0BF8000235F4C604F4FF00109F4
:107E7000DFF890A15E4E029303915E4B5E4A1D783F
:107E80003B8802EB451284F800900192002B40F0F1
:107E9000A58098461D469B460198FFF7BBFE10F053
:107EA000800000F08B80BFF34F8F9AF8003084F889
:107EB00000B00DB9D6F80080002B7BD13368A3EB5E
:107EC0000803782B00F283804C4B1B78002B71D079
:107ED00000F094FA3B88012584F80090002BDBD059
:107EE00044491A46C3F500600D78039900EBC5209C
:107EF000DFF814B19142584417D20593DDE903210C
:107F00000192FEF73BFF019A4FF04041059B9B1AFF
:107F10003B803B4BC3F88410BFF34F8F0298002384
:107F20001044237007B0BDE8F08F0499FEF726FFD8
:107F300000230BEBC5214FF400620198FFF72CFEE4
:107F40000BEBC521BFF34F8F01F1200201F5006358
:107F5000934294BF012340234FF0E02201EB4313EF
:107F6000C2F8701F20318B42FAD1BFF34F8FBFF39D
:107F70006F8F04200199FFF727FE1E4A1378013303
:107F8000DBB2042B28BF002313703B88039AD11A5D
:107F9000029A1A4403910292049A1A44002304920A
:107FA000174A3B80C2F88430BFF34F8F23700029FB
:107FB0007FF463AF029807B0BDE8F08F4FF4006222
:107FC0000C4B8AF800001D7813463A808DE7012398
:107FD00002988AF8003007B0BDE8F08F1A46C3F562
:107FE000006082E70846E6E7FE2E0120CC2E012045
:107FF000E02D0120FD2E0120E0860020002F012031
:1080000000002E40FC2E0120E0DD2020704700BF44
:108010002D4B002180222D4870B51B7800242C4E5A
:108020008B420CBF40234FF400732A4D33802B80CA
:1080300005F0D2FD284A2146284B14704FF4807277
:1080400027481C8005F0C8FD264A1021264B022037
:10805000C2E90044C2E90244244AC3E9004414705E
:10806000234AC3E90244234B1C7023461460224672
:10807000FFF75CFD204B224631880320FFF724FDEB
:108080002346012229880420FFF750FD20460134B1
:10809000FFF7FEFD082CF9D1184B00214A221848A1
:1080A000184C0460C3F88410C3F88020D3F848212A
:1080B000154942F08072C3F8482121B1134A137860
:1080C00043F00103137070BD012F0120E0860020F2
:1080D000C22E0120CE2E0120FD2E0120CC2E01200B
:1080E000E08500208C2D01209C2D0120F62E012002
:1080F000882D0120F72E01204D4B020000002E405C
:10810000AC2E0120094C020000000000032F0120CA
:108110002DE9F84F4FF400324FF0E023C3F88C21E3
:108120002B4B1C78002950D082468B46E4B20027A6
:10813000DFF8B490274B5046274AABEB07081B7873
:10814000A34204F1010437D0092C244B244928BF51
:1081500000241E5D39F8163031F8165003EB462125
:10816000ED1A1144A8452A4617D21E4C42465046E5
:10817000FEF704FE236839F816105846A3EB0B03EC
:1081800088443B4429F8168023604FF0E0234FF4E5
:108190000032C3F80C21BDE8F88FFEF7EFFD114A5D
:1081A0002F4430461368AA445B1B1360084A1470BE
:1081B000FFF76EFDBB45BDD84FF0E0234FF4003212
:1081C0003846C3F80C21BDE8F88F0846DDE700BF4C
:1081D000F72E0120F62E0120E0CD2020AC2D01202D
:1081E0008C2D0120882D01209C2D01200B4B0C4A49
:1081F00012781978D3B28A420DD0013309480A4A5D
:10820000092B0A4928BF0023C35C31F8131002EB85
:108210004323585C70474FF0FF307047F62E012023
:10822000F72E0120AC2D0120E0CD20209C2D012037
:10823000054B186800B1704700B583B0019000F09D
:10824000DDF8019803B000BD882D01202DE9F84F1D
:10825000144E154D33782A78934220D0DCB2DFF8E3
:108260005090DFF850B0DFF85080104F0134082CE8
:10827000A24601D90024A24619F80400DBF8003018
:1082800038F8102037F81010521A9B1ACBF800302B
:10829000FFF7FEFC86F800A02B78A342E6D1BDE8EC
:1082A000F88F00BFF72E0120F62E01209C2D012013
:1082B000AC2D0120882D01208C2D012000B583B02C
:1082C00001210DF10700FFF723FF18B19DF807000A
:1082D00003B000BD4FF0FF30FAE700BF084B00B518
:1082E00083B01B788DF8070033B101210DF1070031
:1082F000FFF7B2FD03B000BD03F0FF0003B000BD07
:10830000002F0120034B1B780BB1FFF7A5BD03F035
:10831000FF007047002F01202DE9F04100240D4E91
:1083200001230D4DA0460D4F33703B782846A342E4
:1083300005D0FFF76FFC030658BF08F5006801344D
:108340002035042CF1D1BFF34F8F0023404633700A
:10835000BDE8F081FE2E0120E0860020FD2E0120E8
:10836000204B1B7813B1204B1A8802B970471F4B62
:10837000C2F500621E481F4930B51B7883B01E4C01
:1083800000EB431001EBC3210123054623700023BA
:10839000CDE90012FFF700FCDDE900120A44BFF34B
:1083A0004F8F4FF0E023C3F8701F20318A42FAD874
:1083B000BFF34F8FBFF36F8F04202946FFF704FCF4
:1083C0000A49002208480B7802800133DBB2042BF3
:1083D00028BF13460B70BFF34F8F074B1A7003B0C3
:1083E00030BD00BF002F0120CC2E0120FD2E01202A
:1083F000E0860020E0DD2020FE2E01202E4B2DE91E
:10840000F0411E7886B1DFF8C88098F800305BB97B
:108410000123F10788F8003040D4B20727D40023A5
:1084200088F80030730701D4BDE8F081234B1A6847
:10843000002AF9D0EFF30582002AF5D1EFF3108579
:1084400072B61868002830D01D4C217800292CD134
:108450000122227042691A60002A2AD0916105B96E
:1084600062B600258368457798472570DCE7154B91
:108470001B78002BD3D0144F002557F8044F2368E6
:1084800020461B69984710B163699B6898470D4B5C
:1084900001351A78EBB29A42EFD8C0E7FFF7C8FE71
:1084A0000028BAD0AFF30080B7E7002DBCD162B688
:1084B000BAE7064B1A60D2E7032F0120F48D0020A3
:1084C000D12E0120D22E01207C840020008E00209D
:1084D000DA2E0120074A506A936A19468446506A88
:1084E000936A9942F9D18445F7D1DB0B43EA4040C6
:1084F000704700BF00400D4008B5D0E900325BB1C5
:10850000BAB10F4BA3FB0213DB0803EB4303B2EB3F
:1085100083030AD1012008BD094BA3FB0213DB082A
:1085200003EB4303B2EB830301D0D21A4260F02A7B
:10853000F0D805F0F7FE1C22034600201A6008BDA3
:10854000ABAAAAAA30B583B060B3044621B11D46D8
:10855000B2FA82F35B09A2B9206818B362680AB361
:10856000164B174902FB03F3B1EBB30F1AD3A36801
:10857000FBB9002323606360A360E360012003B0C4
:1085800030BD0193069BC0E90012C360FFF7B4FF42
:1085900060B1002DF2D0626801992068A56005F0F5
:1085A0001BFBEBE705F0BEFE16230360002003B0C3
:1085B00030BD002105F010FBDBE700BFABAAAAAA83
:1085C0005555551503460846194603F0B5BB00BF7F
:1085D00038B50546082000F0CFF82946044600F0DB
:1085E00065FF054A0549204600F0DCFD204600F005
:1085F000DBF800F061F900BFF1610200445E002089
:1086000038B50546082000F0B7F82946044600F0C2
:108610008FFF054A0549204600F0C4FD204600F0C2
:10862000C3F800F049F900BF31620200505E00203B
:1086300000487047A05B002010B5034B0360044660
:1086400000F002FA204610BD8466002010B5054BEC
:108650000360044600F0F8F92046FEF72DFC2046A2
:1086600010BD00BF8466002008B5042000F084F827
:10867000024B034A0349036000F094FD8466002026
:108680008D540200685E002022494A6830B5A0F18E
:1086900008044AB350F8083C04EB030E72451D462B
:1086A00022D8536827D001F1040C33B92DE0596862
:1086B00002F1040C1A4651B10B469E45F7D822D15F
:1086C000536819685B685360DCF800300D441A6821
:1086D00099188C420CD05B6840F8043CDCF8003000
:1086E00040F8085C5C6030BD40F8042C4C6030BD44
:1086F0002A441A6030BD126840F8043C2A4440F80D
:10870000082C4C6030BD1346E1E7134601F1040C20
:10871000DDE700BF70870020164910F1090F98BFF0
:1087200000F10F02486894BF22F0070208220431CA
:1087300018B97047011D4068B0B103689342F9D37E
:1087400008680368A3EB020CBCF1070F00B5D0F872
:1087500004E00AD98318C3F804E040F802C00868AE
:1087600002600B60083000BD7047036073460B6009
:10877000083000BD7087002010B500F18004803003
:1087800002F090FD034630B180220021184605F02A
:1087900023FA803010BD2046FFF7BEFF03460028B5
:1087A000F2D100F08FFC00BF064BD3E902238038E2
:1087B0001344984203D2824201D2FFF765BF02F010
:1087C00079BD00BF7087002070B5364D36488AB03D
:1087D0000024C5E90144EC6002F018FD334B344A33
:1087E0000821CDE90534049104230921CDE90712BC
:1087F0000993A0B1044623782E483A2B08BF0134D0
:108800000F22214605F014F910B9E37B2E2B16D068
:1088100020463A2105F024FA04460028EBD1099AB3
:10882000069C402AA8BF4022002C08BF06243E34E4
:1088300002FB04F4A400EC60ACB90AB070BD1034C3
:1088400004AB1E68214632462EB15868019305F0EC
:10885000EFF8019B10B9A25D3D2A0ED00C330AAA95
:108860009342EED1D4E7204602F01CFDA860B0B1DF
:108870000023C0E900436860DFE7701C2044002249
:1088800003A9019303F048FA039C019B22783A2A3A
:1088900001D0002ABCD10028A8BF9860B8E7E860E2
:1088A000CBE700BF70870020B45B0020C85B0020CE
:1088B000D45B0020E05B00201EB400F08DF81EBCED
:1088C00002F040FAF0B50278472A83B00C461F4602
:1088D00019D0264E0020336801909B683046984797
:1088E00078B1019B1B68019302252368314620461D
:1088F0001E6901AA0123B04738BB0546284603B0CC
:10890000F0BD0125F1E743784E2BE2D18378552B5A
:10891000DFD1C378432BDCD10379462B1AD0432B0C
:10892000D7D143792B2BD4D183792B2BD1D1C379B8
:10893000012BCED850F8206C4FF0000301930ABFF2
:108940003046583056F8786CC5E7019B3B602846A6
:1089500003B0F0BD43794F2BBBD18379522BB8D1F3
:10896000C0790028B5D1024EB5E700BF305E0020C7
:108970001C5E002010B5044600F07CF8234613F876
:108980002029472A04D0826822BB8360012010BDC1
:1089900062784E2AF7D1A278552AF4D1E278432A98
:1089A000F1D12279432AEED162792B2AEBD1A27937
:1089B0002B2AE8D1E279012AE5D854F8042C0132B7
:1089C000012A44F8042CE1D1826844F8082C836021
:1089D000012010BD00F076FB08B500F04BF883686D
:1089E0007BB393F82020472A04D00022826003F151
:1089F000200008BD93F821204E2AF6D193F82220BA
:108A0000552AF2D193F82320432AEED193F824205B
:108A1000432AEAD193F825202B2AE6D193F8262081
:108A20002B2AE2D193F82720012ADED8DA69013A0D
:108A3000DA61002ADBD1996981609A6103F1200033
:108A400008BD00F03FFB00BF704700BF704700BF8C
:108A500000487047F05B002000B583B0042101900E
:108A6000FEF72CFA019803B000BD00BF0048704724
:108A7000E88D002000487047E88D0020502870B530
:108A80001D461ED000F00F0384460E460C2B55D811
:108A9000DFE803F0074426071E545454542A2207E3
:108AA0001E00104650F8043B4BB10CF07001102929
:108AB00018BF324613441CF0800F18BF1B682B6090
:108AC00070BDD01C20F0030050F8043B2B6070BD3B
:108AD000104650F8083BE7E7104630F9023BE3E761
:108AE000104630F8023BDFE700231046194610F825
:108AF000014B04F07F0E0EFA01FE14F0800F43EAE2
:108B00000E0301F10701F2D11F29CDD86406CBD5A0
:108B10004FF0FF3404FA01F10B43C6E7002310467F
:108B2000194610F8014B04F07F0E0EFA01FE2406E0
:108B300043EA0E0301F10701F3D4B5E7FEF7B2FBF8
:108B4000FF281FD008B500F07003302B15D006D8D1
:108B5000202B0BD1BDE80840084602F00CBB402B8F
:108B600007D1BDE80840084602F0F2BA03D8002059
:108B700008BD502BFBD0FEF795FBBDE8084008462A
:108B800002F0F6BA0020704730B5034683B00D46B8
:108B9000144618B1019002F0DBFA019B20602A46CE
:108BA00012F8015BFF2D2ED16060104610F8013BDA
:108BB000FF2B39D010234FF0000C2375624610F8BC
:108BC000011B01F07F03934009064CEA030C02F1FC
:108BD0000702F4D400EB0C03E36010F8013B63756B
:108BE0004FF0000C624610F8011B01F07F03934028
:108BF0004CEA030C0B0602F10702F4D400EB0C0361
:108C0000236103B030BD194628460192FFF798FF53
:108C1000019A0146231D2846FFF730FF0246104601
:108C200010F8013BFF2BC5D123750023D4E700BF0B
:108C30002DE9F04F00F0030397B00024012B0294BC
:108C40000C948946904600F0A680022B0AD141463A
:108C5000484602F065FA002840F09280082017B0DC
:108C6000BDE8F08F002B40F01F8210F00804EED119
:108C700010AB01250393039B009300230C2219469C
:108C80004046CDF8409001F08FFC404602F066FA75
:108C900005900028DBD044EA05030493029B039A65
:108CA00005998DF8543040460023CDE91333FFF782
:108CB0006BFF9DF854300293044641461846139BBF
:108CC000DDF850A00693FFF73BFF0FAF002307909E
:108CD000194600970F22404601F040FC54450F9B77
:108CE00037D223F001039DF85550DDF840B05E1EE9
:108CF00000212846FFF724FF224601460DAB2846F7
:108D0000FFF7BCFE002104462846FFF719FF224664
:108D100001460EAB2846FFF7B1FE00210446284667
:108D2000FFF70EFF224601463B462846FFF7A6FE08
:108D300004460020024614F8011B01F07F03934013
:108D400018430B0602F10702F5D40D9B5B44B342B6
:108D50001AD9049BDC0725D500252E460023194689
:108D6000009740460D220C9C01F0F8FB059BC9E9D9
:108D70000B360F9BC9F82030C9E9094506206EE77C
:108D8000092017B0BDE8F08F0E9A1344B3425BD8A8
:108D90005445ADD3DDE710F008040AD010AB0393BF
:108DA000022568E7049B180700F17C81484600F023
:108DB00096FC10AB0D6A03930093029B0D2219469B
:108DC000404601F0CBFB109B9D42E9D1039B0093F1
:108DD000029BCDF840900C221946404601F0E4FB7E
:108DE000D9F83060002EE1D0D9E90A530FAF0593CE
:108DF000002DC0F21281032400231A461946009761
:108E00004046CDF83C9001F0CFFB002319460122EB
:108E1000009740460F9501F0C7FB002319460F222B
:108E20000097404601F09AFB0F9A009702F001026A
:108E3000002332430F9240460F22194601F0B4FB43
:108E4000022C6ED007200AE70F9E002E3FF4FFAEE3
:108E5000119A1644002800F01581002E3FF4F7AE59
:108E6000049B013813F008030AEB00040A9300F096
:108E70000D818E4BC9F800308D4BC9F80430029B30
:108E8000089603F007030B934B464FF0000AB946D0
:108E90004FF0010BCDF824801F4600252A4614F818
:108EA000011B01F07F039340080645EA030502F128
:108EB0000702F4D41F2A08D80BFA02F35B4211F020
:108EC000400F43EA050318BF1D46002620463246E0
:108ED00010F8011B01F07F0393401E430B0602F1C3
:108EE0000702F5D41F2A40D84B063ED50BFA02F3F1
:108EF0005B421E43002D75D0049B022B0FD0002D2A
:108F000039DC069A6FF040435B1B02EB830817B114
:108F10000A9A002A6AD0D8F80030BBB12EB1344486
:108F2000BBE74846FFF726FD8CE73B46089EDDF889
:108F300024804F469946BAF1000F3FF488AE049B57
:108F4000DD073FF584AE0025022455E73B464F463A
:108F50009946049B089EDDF82480DA073FF5FEAEB3
:108F6000002D3FF448AF00F0BBF885B1049B022B05
:108F7000D4D0002DC5DD029BFF2B76D00B9A042A9E
:108F800000F29280DFE802F008902A0826004FF0F5
:108F9000010A002EC3D1C8E7069BA3EB85020799FF
:108FA00002984B46FFF76AFD0F9941B1002FB5D0EB
:108FB0000CAB00223846FFF785FC0028AED03B46BC
:108FC0004F469946049B089EDDF82480D9073FF55B
:108FD000C5AE10E7069BA3EBC502E0E7069BA3EB3B
:108FE0004502DCE74FF0010A344456E7069A52F88E
:108FF000231000293BD00C9B0F9303E058F8041F6B
:10900000002934D041444B4600223846FFF75AFC31
:109010000028F3D0002E82D187E7069B039A05999A
:1090200013934046029B8DF85430FFF7ADFD9DF839
:109030005400DDF84CA04146FFF782FD6FF040433D
:109040005B1B0AEB83045AF8233033B1224600231A
:1090500052F8041F01330029FAD1C9E90A30042368
:10906000C9F83440C9F83030C5E6069A97E73B4660
:109070004F469946049B089EDDF82480DB073FF5A8
:109080006DAEB5E6002E7FF45AAFE0E599F80730F3
:10909000012B0CBF59F8203C09F158030C93EEE664
:1090A00000F098FB00F00EF8FEF7FCF8474E554331
:1090B000464F520008B58047FEF7F4F800F08AFBEF
:1090C000FEF7F0F808B5034B1868BFF35B8FFFF7A6
:1090D000F1FF00BF7479002008B58047FFF7F2FF69
:1090E00008B5034B1868BFF35B8FFFF7F5FF00BFB0
:1090F00078790020024B1868BFF35B8F704700BF80
:1091000074790020024B1868BFF35B8F704700BF73
:109110007879002000B5012883B01CD8BFF35B8F9D
:10912000A1F1280353E8002F013A43E8002000286A
:10913000F8D1BFF35B8F62B951F81C3C01F15800C4
:1091400013B101909847019803B05DF804EBFFF765
:109150002BBB03B000BD51F8140CFFF7ABFF00BFF1
:10916000002310B540E91E1240F8803C0446FFF78A
:10917000C9FF44F8700CFFF7BDFF0749074A084BC9
:1091800044F8581C44F8542C44F86C0C44F8503CF7
:10919000A4F1800010BD00BF474E5543432B2B0068
:1091A000695F020070B504460D461646FFF762FC83
:1091B000436801333246436029462046FFF7D0FF1B
:1091C0000446012344F8283B204601F0ABFD20462D
:1091D00000F000FBFFF776FF10B5FFF74BFCD0E97E
:1091E0000042013242606CB194F82020472A0BD033
:1091F0000022026004F1200001F0B4FD04F120001F
:1092000000F0E8FAFFF75EFF94F821204E2AEFD134
:1092100094F82220552AEBD194F82320432AE7D151
:1092200094F82420432AE3D194F825202B2ADFD177
:1092300094F826202B2ADBD194F82720012AD7D8AE
:10924000626952426261D5E710B5034B0360044680
:1092500000F0C8F9204610BD4060002010B5054B55
:109260000360044600F0BEF920460C21FDF726FEFF
:10927000204610BD4060002070B582B00546069CB7
:1092800094420E460BD0A868D0F800C00694DCF8D3
:1092900020403146A44602B0BDE870406047194600
:1092A0000192009300F062F8DDE900320028EAD074
:1092B000062002B070BD00BF2DE9F04383B00F4619
:1092C000194601920093DDE90A48DDE90C65814603
:1092D00000F04CF8DDE9003278B9B44220D0D9F87A
:1092E000080039460768CDE90C65CDE90A48FC69F4
:1092F000A44603B0BDE8F0436047002F2C602A71FC
:1093000009DB3C44A64214BF01240624AC710020B2
:1093100003B0BDE8F0830237F9D10123AB71F6E762
:1093200041464846CDE9002300F020F8DDE900235E
:109330000028D4D06A71EAE72DE9F04107460E46CD
:1093400015461C4600F088F950B9B8680168D1F894
:1093500018E023462A463146F446BDE8F04160470E
:10936000BDE8F081704700BF00207047814211D0F6
:1093700008B5406803782A2B0AD049680B782A2B55
:1093800008BF013105F012F8B0FA80F0400908BDBD
:10939000002008BD012070474068704710B5436841
:1093A0000C4A0D490446A3F10C00904282B02160A2
:1093B00005D12046FFF748FB204602B010BD53F808
:1093C000042C511E002A43F8041CF2DC01A900F011
:1093D000E7F8EEE7208F00204866002010B54368CC
:1093E0000C4A0D490446A3F10C00904282B0216062
:1093F00005D12046FFF728FB204602B010BD53F8E8
:10940000042C511E002A43F8041CF2DC01A900F0D0
:10941000C7F8EEE7208F00204866002010B54368AB
:109420000E4A0F490446A3F10C00904282B021601D
:1094300008D12046FFF708FB2046FDF73DFD2046FA
:1094400002B010BD53F8042C511E002A43F8041C2E
:10945000EFDC01A900F0A4F8EBE700BF208F0020AB
:109460004866002010B543680E4A0F490446A3F130
:109470000C00904282B0216008D12046FFF7E4FA48
:109480002046FDF719FD204602B010BD53F8042C0C
:10949000511E002A43F8041CEFDC01A900F080F8FB
:1094A000EBE700BF208F002048660020F0B51C4B82
:1094B00085B00446036079B308460D4605F036F9D9
:1094C0000646B0B103AA002100F03CF8012E034685
:1094D00000F10C0712D00190294632463846FDF7BC
:1094E0004DFC019B0F4A93420BD12046676005B0AB
:1094F000F0BD0D4F6760204605B0F0BD2A780273BD
:10950000F0E700229A601E6033441A73EDE72046AC
:10951000FFF79AFAFFF7D0F90448FFF759F800BFB0
:1095200048660020208F00202C8F0020045C002043
:1095300010B50446FFF7BAFF014B2360204610BD6B
:109540005C66002000B5144A904283B020D888425F
:10955000034612D94800834238BF034603F11D0079
:10956000B0F5805F09D9994207D203F58053C0F363
:109570000B001B1A934228BF134603F10D00019301
:10958000FDF796FC019B0022C0E9013203B000BD4B
:109590000248FFF735F800BFFCFFFF3F305C0020BA
:1095A000FDF78ABC70B5036884B000249E690394FB
:1095B000102315460293CDE900446B461268B0476C
:1095C0009DF8043003F00603062B03BF009B2B60BD
:1095D0000120204604B070BD009890420CBF0620C8
:1095E0000120704710B5034B03600446FFF7BAFE35
:1095F000204610BD1460002010B5054B03600446E2
:10960000FFF7B0FE20460821FDF758FC204610BDAC
:109610001460002030B583B015460899069A8A4236
:1096200004460DD019462046FFF7A0FE28B1099A3E
:1096300006991160012315719371002003B030BDAC
:1096400007990193FFF792FE019B0028EAD0099B3E
:1096500000205D7103B030BD10B582B01446019397
:10966000FFF784FE019B20B1082106221C60D9600F
:109670001A7102B010BD00BF2DE9F0410746164631
:109680001D460C46FFF772FE48B9032D07D8236824
:109690003246394620465B69BDE8F0411847BDE8CF
:1096A000F08100BF0378472B17D143784E2B14D19C
:1096B0008378552B11D1C378432B0ED10379432BDB
:1096C0000BD143792B2B08D183792B2B05D1C07972
:1096D00001288CBF0020012070470020704708B58A
:1096E00050B1044600F076F82046FFF7DBFF18B1D2
:1096F00054F8140CFFF7DEFCFFF7E4FC2DE9F04F03
:1097000083B00246FFF7CEFF38B152E90674D2E9C2
:109710000C69D2F828A0002505E00446074601257B
:10972000814606468246104600F054F80DB1FFF718
:10973000D7FC3846FFF7D0FC00F04CF80DB1FFF72E
:10974000C1FCFFF793F9D0F8008098F82730012B7F
:109750000CBFD8F8003008F1780300934FEA960B5D
:109760000027BA451DDD07FB0BF309EB830259F80F
:10977000236006B116446B460022314608F12000F2
:10978000FFF7A0F808B1FFF727FD336801900E49F5
:10979000304601AA1E690123B0472843C5B20137EC
:1097A000DFE745B10420FEF7E7FF084B084A06490A
:1097B0000360FFF7F7FC2046FFF77CFC00F04EF853
:1097C00000F04CF8FFF778F85C5E0020706600202F
:1097D000A158020010B5044682B0FFF74BF92246AB
:1097E000036812F82019472905D0002B34D10260F4
:1097F000184602B010BD61784E29F6D1A1785529DE
:10980000F3D1E1784329F0D121794329EDD1617970
:109810002B29EAD1A1792B29E7D1E1790129E4D8D3
:1098200054F80C1C002914DB013144F80C1C41686D
:1098300001394160934218BF44F8103C636A18BF75
:1098400002602046019300F081FE019B184602B0A1
:1098500010BDC1F10101E8E7FFF734FC08B5FFF7DF
:1098600005F903687BB393F82020472A07D000222C
:10987000026003F12000BDE8084000F069BE93F8E3
:1098800021204E2AF3D193F82220552AEFD193F8C4
:109890002320432AEBD193F82420432AE7D193F8DD
:1098A00025202B2AE3D193F826202B2ADFD193F809
:1098B0002720012ADBD85A69002A05DB013A08D0A3
:1098C000511C0ED05A6108BD0132FBD119690160EB
:1098D000F8E71A69026003F12000BDE8084000F0D3
:1098E00037BEFFF7EFFB00BF304B314910B5D3E96E
:1098F000114E9EF80400C8771A6C94F804C081F8E1
:109900001CC0087752B1B2F5004F23D32949511832
:10991000274A1964D07682F81BC010BD19680F243D
:10992000D86C8C6540F20134CA610C614FF47C54F0
:109930004C6103210468246883F83D101E4B9C424F
:1099400020D1037F4260022BC26020D18368BDE832
:10995000104018472468E18B090421D4E283DEF823
:109960000010B4F81EE0A4F816E0CC8B240412D446
:10997000CA83CA8BCA8200210D4A1964D07682F844
:109980001BC010BD23461146BDE810401847BDE876
:109990001040FCF71BBDCC8B62F30804CC83E8E7D6
:1099A000E18B62F30801E183D9E700BFC4780020AE
:1099B00000800E400180FFFFE1660100304B31491D
:1099C00010B5D3E9114E9EF80400C8771A6C94F8CC
:1099D00004C081F81CC0087752B1B2F5004F23D300
:1099E00029495118274A1964D07682F81BC010BD46
:1099F00019680F24D86C8C6540F20134CA610C617F
:109A00004FF47C544C6103210468246883F83D10B2
:109A10001E4B9C4220D1037F4260022BC26020D1AA
:109A20008368BDE8104018472468E18B090421D4FD
:109A3000E283DEF80010B4F81EE0A4F816E0CC8B48
:109A4000240412D4CA83CA8BCA8200210D4A196425
:109A5000D07682F81BC010BD23461146BDE81040E9
:109A60001847BDE81040FCF7B1BCCC8B62F308048A
:109A7000CC83E8E7E18B62F30801E183D9E700BF1B
:109A80007478002000800E400180FFFFE166010035
:109A900043682DE9F04FD3E90041814D4FF0B809FB
:109AA00022684FF00F0B22EA01027E492260AA6968
:109AB00011407D4A0A43AA6190F810E07B4A03EB0B
:109AC0000E0603EB8E0E317C02EB01118968C1F8A2
:109AD000009090F811C003EB0C050CF10A0C95F8FE
:109AE000241002EB01118968C1F80090817C03EB1E
:109AF000010803EB810198F838A002EB0A1ADAF8A2
:109B000008A0CAF80090D4F800905F6849EA0709F5
:109B1000C4F80090347CDEF814E002EB04146468AE
:109B2000C4F800E095F8244053F82CC002EB04146C
:109B30006468C4F800C098F83840C96B02EB04129E
:109B4000526811609A6C98F8441011601A6A317F5B
:109B50005B6B116095F830201A60022203681A616D
:109B6000C3F858B0C27C002A32D072B6C37CDD077D
:109B700008D54FF0E0214469D1F88021224082626B
:109B8000C1F880219C0708D54FF0E0218469D1F805
:109B900084212240C262C1F88421590708D54FF0C0
:109BA000E021C469D1F8882122400263C1F88821EC
:109BB0001A0708D54FF0E021046AD1F88C21224021
:109BC0004263C1F88C21DF065CD462B6C27C0368B4
:109BD000374D8168A9425FD0314985608969354C2C
:109BE000C1F30117C1F38261334E54F827400131AC
:109BF000B4FBF1F4B44230D80021C16000241C61F0
:109C000003245C620724196401211C66196112B3E4
:109C1000D60704D5816A4FF0E023C3F800119507F9
:109C200004D5C16A4FF0E023C3F80411540704D5EA
:109C3000016B4FF0E023C3F80811110704D5416B05
:109C40004FF0E023C3F80C11D30604D5826B4FF01C
:109C5000E023C3F81021BDE8F08F1849A1FB04618F
:109C6000090DB4FBF1F4AC4288BF0131B1F5817F3D
:109C700014D20229C0D902394C0804EB042441EA69
:109C80000421BAE74FF0E022416AD2F890310B404C
:109C90008363C2F8903198E7C168AFE70849ACE741
:109CA00000C00F40CFFFFFE310000008AC6C0020A5
:109CB00000093D0058680020FF083D0083DE1B437B
:109CC000FF7F7F004268437C134493F824308B422B
:109CD00007D092F82430994204D092F82530994266
:109CE00025D0704700218C4630B51468D4F800E0C8
:109CF00054681EEA040F18D0DFF838E0B8250EEBE0
:109D000003139C6802EB0C030CF10A0C256052F85B
:109D10002C4093F824C0526B0EEB0C1EDEF804C0EE
:109D2000CCF8004093F830301360417430BD01210D
:109D30008C46D9E7AC6C00204268037C13441B7C42
:109D40008B4205D0137C994203D0537C994224D096
:109D5000704700218C4630B51468D4F800E0546890
:109D60001EEA040F17D0DFF838E0B8250EEB031316
:109D70009C6802EB0C0302EB8C0C126A2560DCF889
:109D8000144093F810C00EEB0C1EDEF804C0CCF8A3
:109D900000401B7F1360017430BD01218C46DAE75F
:109DA000AC6C00204268837C134493F838308B42BB
:109DB00007D092F83830994204D092F8393099425D
:109DC00025D0704700218C4630B51468D4F800E0E7
:109DD00054681EEA040F18D0DFF838E0B8250EEBFF
:109DE00003139C6802EB0C0302EB8C0C926C256055
:109DF000DCF83C4093F838C00EEB0C1EDEF804C0D3
:109E0000CCF8004093F844301360817430BD0121D8
:109E10008C46D9E7AC6C00204268D2E9001309688F
:109E2000194200D1704703460020052110B51C6877
:109E300082B02061187C01930244107CFCF752FF31
:109E4000019B0521587C5A68024492F82400FCF7D3
:109E500049FF019B05215A689B7C134493F8380005
:109E600002B0BDE81040FCF73DBF00BF53B94AB98E
:109E7000002908BF00281CBF4FF0FF314FF0FF3012
:109E800001F07CB9ADF1080C6DE904CE00F006F8E4
:109E9000DDF804E0DDE9022304B070472DE9F04766
:109EA00082B00646DDF828E00846B4460D46002B91
:109EB0004ED18A4214466DD9B2FA82F242B1C2F151
:109EC0002003954026FA03F394401D4306FA02FC52
:109ED000260CA7B2B5FBF6F14FEA1C4306FB115561
:109EE00043EA054301FB07F0984209D9E31801F161
:109EF000FF3580F00381984240F20081023923440B
:109F00001B1A1FFA8CFCB3FBF6F006FB10334CEA6D
:109F1000034C00FB07F363450AD914EB0C0C00F16A
:109F2000FF3580F0ED80634540F2EA80A4440238BA
:109F300040EA0140ACEB030C0021BEF1000F04D05D
:109F40002CFA02F30022CEE9003202B0BDE8F0871D
:109F50008B4209D9BEF1000F01D0CEE9006100218A
:109F6000084602B0BDE8F087B3FA83F1174600292E
:109F70004DD1834202D3B24200F20F81B6EB070CFF
:109F800060EB030301201D46BEF1000FDDD0CEE9DA
:109F900000C5DAE7002A00F098801A46B4FA84F384
:109FA000002B40F0AF800B1B270CA6B20121B3FBA6
:109FB000F7F54FEA1C4007FB153340EA034306FB65
:109FC00005F8984507D9E31805F1FF3002D2984506
:109FD00000F2E8800546A3EB08031FFA8CFCB3FBF4
:109FE000F7F007FB10334CEA034C06FB00F3634524
:109FF00008D914EB0C0C00F1FF3602D2634500F2D5
:10A00000CE803046ACEB030C40EA054095E7C1F149
:10A0100020058B4022FA05FC4CEA030C00FA01F4FF
:10A0200026FA05F3E84002FA01F943EA04084FEA88
:10A030001C4206FA01FAB0FBF2F71FFA8CF602FB9B
:10A0400017004FEA184444EA004407FB06F0A04218
:10A050000AD91CEB040407F1FF3380F09C80A04276
:10A0600040F29980023F6444241A1FFA88F3B4FB3B
:10A07000F2F002FB104443EA044300FB06F69E4262
:10A0800009D91CEB030300F1FF3480F082809E426B
:10A090007FD90238634440EA0740A0FB09749B1B48
:10A0A000A3423E46A04664D361D0BEF1000F0AD061
:10A0B000BAEB060263EB080303FA05F5CA40154341
:10A0C000CB40CEE9005300213FE7730843EAC17358
:10A0D0004A08190C41EA02414FEAC67C9BB2B2FB26
:10A0E000F4F02646A04627461F2243EA0143B1FB6F
:10A0F000F4F1A3EB080341EA004158E72946FFE6E3
:10A10000284615E71A46C3F120019C4026FA01F3C0
:10A1100020FA01F190400343270C06FA02FCB1FB40
:10A12000F7F0A6B207FB1015190C41EA054100FB38
:10A1300006F58D423BD9611801D28D4220D8491BCA
:10A140000138B1FBF7F5019505FB06F8019D9BB2BF
:10A1500007FB151143EA0143434526D2E31805F1F5
:10A16000FF31C6D24345C4D2A91E2344C1E7BA4534
:10A170009BD2B7EB090664EB0C040138A04694E7C8
:10A18000651B29440238B1FBF7F5019505FB06F87C
:10A19000DCE720467FE71F4666E70846F4E6A4446E
:10A1A00002382FE7023D234415E70199A1E7491B37
:10A1B000B1FBF7F5019505FB06F8C7E703685A0000
:10A1C0004CBF43F0004323F000431844704700BFE6
:10A1D0002DE9F04751B301F1FF38174605464646D1
:10A1E0004FF0000A0AEB060101EBD171491005EBB3
:10A1F000C1094846FFF7E2FF88454FEAC10410D085
:10A20000B84204F10800284407D8FFF7D7FF013807
:10A21000B84208D201F1010AE4E78A4506D04E1E91
:10A22000E0E7B842F9D84846BDE8F0874FF00009AA
:10A230004846BDE8F08700BF012806D0022802D0BA
:10A2400028B9044870470448704704487047002004
:10A25000704700BF6D7702007D77020075770200BE
:10A2600010B5234B84B004468A1E4BB303A9104695
:10A270000192AFF30080F0B10399019AFFF7A8FFB4
:10A280000146C0B1FFF79AFFA0644B68012B2BD0A9
:10A29000002B01F1040025DBFFF790FF002323656D
:10A2A0000368E064002B12DBFFF788FF0346002001
:10A2B000236104B010BD00230920236104B010BD48
:10A2C0000C4B0D49C91AC91018460391D6E7C3F3C0
:10A2D0000360FFF7B1FF031E0CBF092000202361BC
:10A2E00004B010BD0123DAE700230520E0E700BF3A
:10A2F00000000000041A0300AC1C03000368DA0726
:10A3000010B5044606D49B0700F1500009D500F0B3
:10A31000A1FC2368590709D51A070ED5DB0613D50A
:10A3200010BD00F08FFC23685907F5D404F1D80064
:10A3300000F098FC23681A07F0D404F5AC7000F024
:10A3400099FC2368DB06EBD404F5EC70BDE8104003
:10A3500000F0D4BC036803B103441846704700BF43
:10A36000704700BF70B504460D46296C2046FFF7C4
:10A3700077FF064688B92A6C626123692A4621461E
:10A38000012098470828F0D0072806D13046296CCC
:10A39000FFF7E6FF281D00F049FCFCF783FF00BF34
:10A3A0002DE9F04F0C1DD0F80C90D0F818A00746FE
:10A3B00015460FCCADF5777D0DF10C0CACE80F0018
:10A3C0000FCCACE80F000FCCACE80F0094E80F0006
:10A3D00002AE4FF0000E8CE80F00C6F800E020E05F
:10A3E000336C7B614FF4F47231467CA8FCF7C6FCF9
:10A3F0003B697CAA3946584698478A9BB3642946EC
:10A40000CDE9006A04463B4601203A46C847054666
:10A4100018BB4FF4F4727CA93046FCF7AFFC082C53
:10A4200019D1316C3846FFF71BFF093504465FFA36
:10A4300085FB0028D4D0B36BB3643A46CDE9006AFB
:10A440003B464BF010010120C84730B920460DF5BE
:10A45000777DBDE8F08F072C05D0092420460DF547
:10A46000777DBDE8F08F2846316CFFF779FF03A8B0
:10A4700000F0DCFBF0B5CB6BFBB001F1040E0B641C
:10A480000E460446BEE80F000DF1040CACE80F00C8
:10A49000BEE80F00ACE80F00BEE80F00ACE80F000C
:10A4A0009EE80F004FF0FF378CE80F00009706E0A2
:10A4B00023696A46214698470828074608D110991B
:10A4C0002046FFF7CDFE0028F2D009207BB0F0BD7A
:10A4D0006846FFF713FF062FF7D131462046FFF7F6
:10A4E00041FF00BFC1608261DA6B1A641946002225
:10A4F000FFF756BF436970B50B64C668AEB9036910
:10A500000A4604460D46014602209847072805D012
:10A5100008280FD129462046FFF724FF3046296C32
:10A52000FFF71EFF281D00F081FB0122FFF738FF17
:10A53000FCF7B8FEFCF7B6FEC26822B1CA6B0A642B
:10A540000022FFF72DBFFFF795BF00BF704700BF88
:10A55000836813B10146012018477047052915D8B3
:10A56000DFE801F00A031403030501207047009A95
:10A57000436C13600020704743B90F2A06D800EBE4
:10A580008200009A436813600020704702207047E1
:10A5900000B585B00A46002303A900911946FFF7CC
:10A5A000DDFF039805B000BD052915D8DFE801F0EF
:10A5B0000A031403030501207047009B1B684364D2
:10A5C0000020704743B90F2A06D8009B00EB820099
:10A5D0001B684360002070470220704700B585B0BB
:10A5E0000DF10C0C00230392CDF800C00A46194669
:10A5F000FFF7DAFF05B000BD2DE9F041D36BADF5F3
:10A60000107D02F1040C136406460F46BCE80F00EF
:10A610000DF15C0EAEE80F00BCE80F00AEE80F00D5
:10A62000BCE80F00AEE80F009CE80F004FF0FF38C9
:10A630008EE80F00CDF8588010E0FFF7CFFF3946C5
:10A6400016A8B047034616AA0820694683B9049B9A
:10A650009847052880460DD0092809D026996846D4
:10A66000FFF7FEFD03460C216A4616A8002BE4D036
:10A670004FF0090816A8FFF741FE40460DF5107D82
:10A68000BDE8F0812DE9F04F1646CA6C89B00C4642
:10A6900052F8041B069200F0030CE3B10D0C8DF888
:10A6A0001D500904EDB2059102EB850202218DF8DF
:10A6B0001C10216DBCF1020F08BFA26B11F001014B
:10A6C0000FD005A9304600F0A7FB00283AD108209A
:10A6D00009B0BDE8F08F090205918DF81D30032106
:10A6E000E5E7D2F80080B8F1000FEAD000F00800EA
:10A6F000CDE90101C2469946E046B9F1020F25D0E5
:10A70000B2F800A05788151DA36C27F0010B0F218C
:10A7100030469B44FFF73CFF834515D82AF00103E0
:10A720005B44834294BF002001207B0003F00203BE
:10A730000AF0010A43EA0A03012B0BD0022B4BD08B
:10A74000002B41D00920C3E70020EEE7576802F153
:10A750000805D9E7B8F1000F6CD1A8B16B689A1C55
:10A76000F0D004F1580701332A68049700F0C7803D
:10A77000281DFFF7EFFDD20F014604AB2046FEF780
:10A78000A1F8002840F0938005F10802D2F800A05B
:10A79000BAF1000FB1D105A9304600F03DFB002809
:10A7A000D0D1029B002B92D00F213046FFF7F0FE54
:10A7B0000E2102463046FFF711FF564A0F21304660
:10A7C000FFF70CFF072083E7B8F1000F02D0002845
:10A7D00040F083802A1DD9E72F6827F0004BB8F19D
:10A7E000000F0ED128B1019B002B3BD0BBF1000F15
:10A7F00038D0002F00DA04350BF1010305EB83029A
:10A80000C4E70D213046FFF7C3FED4F820A08245EF
:10A81000EFD1A26A9542ECD100270422C4E90B7261
:10A82000AA18C4F828B062632A68BA426DDB012313
:10A830000293E1E70D213046FFF7AAFE276A87421F
:10A84000A2D1A36A9D429FD12846FFF7B7FC0F21F2
:10A8500002463046FFF7C2FE224600213046FFF78F
:10A86000BDFEAFE7CDF80C8005F1040AA046002735
:10A8700058340CE050460494FFF76CFD002201466A
:10A8800004AB4046FEF71EF80AF1040A00BB5F4520
:10A8900007F10107EED10D213046FFF779FE049B49
:10A8A000C8F828500246C8E90823062010E701909E
:10A8B0000D213046FFF76CFE019A049F2062022AA8
:10A8C00004BFE76204F12C07C4E909750620FFE61E
:10A8D00044462F68DDF80C808BE72846FFF76EFCB6
:10A8E00004350746A5632046FEF744F800283FF4E8
:10A8F00029AF3A460F213046FFF770FE62E70D217F
:10A900003046FFF745FE2062DEE70BF1010205EB62
:10A9100082009AE7516502000023FFF7B3BE00BF33
:10A920000123FFF7AFBE00BF0223FFF7ABBE00BF9E
:10A930002DE9F0410446C4B0052908D8DFE801F04C
:10A9400016310779A00B1144102940F2C080022073
:10A9500044B0BDE8F081002AF9D1A36B53F8042B71
:10A960006264A363002044B0BDE8F081002BEED107
:10A97000D4F838C095B24FF0010E0EFA03F1294217
:10A98000604606D050F8041B04F1040C4CF8231068
:10A9900084460133102BF0D19104E3D4C4F838C0BD
:10A9A000E0E7110C012B0E4692B2CCD0052BCED194
:10A9B00011442029CBD80F2E40F2CA80002AD1D0D2
:10A9C000216817464A0740F12181204621F0040101
:10A9D00040F8D81B009300F049F902A8804600F027
:10A9E00045F9D4F838E0009B4FF002024FF0FF31F8
:10A9F000102E17FB021C314638BF102108EBC10195
:10AA000084396246704650F8045B41F8045F013AAD
:10AA1000551CF8D10EF1040E012B0EEB8C0200F048
:10AA2000EC800F2EA26340F2F380404600F01AF94A
:10AA300098E7032B8BD193B21E4603EB1243102BE6
:10AA40004FEA124783D823681A0700F1AC8022AD81
:10AA5000284600F031F9A16B730066B105EBC7021F
:10AA6000013B881A013B52F800C042F804CB5F1C3E
:10AA7000F8D101EBC601A163284600F0FBF871E7AD
:10AA8000002B7FF464AF102A3FF661AF2368DD0628
:10AA90007FD422A8009200F03BF9D4F838E0009A65
:10AAA00022A80023012199401142F44603F1010339
:10AAB00003D05CF8041B0160E646042B00F104009F
:10AAC000F0D1C4F838E022A800F018F94AE7102EB7
:10AAD0003FF43DAF2168C8070AD5204621F00301A5
:10AAE00040F8501BCDE9002300F0B0F8DDE9002369
:10AAF00022AD2846CDE9002300F0A8F8009AD4F84A
:10AB000038E0002A7BD0019B00274FF0FF3112B2C2
:10AB100001EB420205EBC601904604397046013A4A
:10AB200050F804CB41F804CFB2F1FF3FF7D10EF15A
:10AB3000040E0EEB880E002F3DD1012B5FD00F2E9F
:10AB4000C4F838E03FF60EAF284600F083F809E776
:10AB50002068102900F0010530D865B120F001010E
:10AB6000204641F0020140F8501BCDE9002300F0DF
:10AB700075F8DDE9002322AD2846CDE9002300F079
:10AB80006DF8DDE90023002ADED0D4F838E0002794
:10AB9000BBE723F01003236004F5EC70009200F093
:10ABA000B7F8009A75E723F00803236004F5AC704A
:10ABB00000F082F84BE70DF1080815E7A1F1100746
:10ABC0005DB120F00102204642F0020240F8502B15
:10ABD000009300F043F82068009B42071CD40093C8
:10ABE00022AD284600F03AF802A800F03FF8A26B28
:10ABF000009B9646C6F1100287E7964622AD0EF1FD
:10AC00000403A363284600F01DF8ABE60093E4E6D6
:10AC100022A800F01FF808E720F004022046009365
:10AC200040F8D82B00F022F8DAE700BF00F1340139
:10AC300091E838009C46A6464CF8045D90E8FF0F6A
:10AC4000E54600BD90EC210B704700BF80EC210B66
:10AC5000704700BF90EC200B704700BF80EC200BCA
:10AC6000704700BFD0EC200B704700BFC0EC200B3A
:10AC7000704700BFF0EC0201F0EC0211F0EC022191
:10AC8000F0EC0231F0EC0241F0EC0251F0EC026128
:10AC9000F0EC0271F0EC0281F0EC0291F0EC02A118
:10ACA000F0EC02B1F0EC02C1F0EC02D1F0EC02E108
:10ACB000F0EC02F1704700BFE0EC0201E0EC0211A1
:10ACC000E0EC0221E0EC0231E0EC0241E0EC025168
:10ACD000E0EC0261E0EC0271E0EC0281E0EC029158
:10ACE000E0EC02A1E0EC02B1E0EC02C1E0EC02D148
:10ACF000E0EC02E1E0EC02F1704700BFB0FC018142
:10AD0000B0FC0191B0FC01A1B0FC01B1704700BFE3
:10AD1000A0FC0181A0FC0191A0FC01A1A0FC01B15B
:10AD2000704700BFEC4600B52DE900502DE9FF1F2C
:10AD30004FF000030CB401A9FFF79CFBDDF840E0E5
:10AD400012B07047EC4600B52DE900502DE9FF1F09
:10AD50004FF000030CB401A9FFF7CCFBDDF840E095
:10AD600012B07047EC4600B52DE900502DE9FF1FE9
:10AD70004FF000030CB401A9FFF7DEFBDDF840E063
:10AD800012B07047EC4600B52DE900502DE9FF1FC9
:10AD90004FF000030CB401ABFFF7A4FBDDF840E07B
:10ADA00012B07047EC4600B52DE900502DE9FF1FA9
:10ADB0004FF000030CB401AAFFF71EFCDDF840E0E1
:10ADC00012B07047027A03467AB9427AA2B141685A
:10ADD000013A42720868032201F1040C1A7202025D
:10ADE000C3F804C0000E1A6070470068013A1A7276
:10ADF00002021A60000E7047B020704700B585B09F
:10AE000003AA0023009219460C22FFF7A7FB039820
:10AE100005B000BDFFF7F2BF2DE9F041064686B050
:10AE20000D464FF000082846FFF7CCFFB028044637
:10AE300000F0228107065CD500F0F003A02B1AD0A9
:10AE400031D8802B00F08280902B28D100F00D03A8
:10AE50000D2B24D004AF002300F00F0219460097F9
:10AE60003046FFF77BFB002300970D221946304642
:10AE7000FFF79AFBD7E7C34303F007034FF47F6262
:10AE80001A41010702F47F624FF0000348BF42F409
:10AE9000804219463046FFF74BFD0028C3D00920F9
:10AEA00006B0BDE8F081B02B66D0C02B3CD1C628DF
:10AEB00000F0CF80C72800F0E48000F0F803C02B3A
:10AEC00000F0F180C82800F0FC80C928E7D12846AE
:10AED000FFF778FF020300F00F0002F47022013048
:10AEE0000243012105233046FFF722FD00289AD0B6
:10AEF000D5E78300DBB20433039304AF0023194684
:10AF000000970D223046FFF729FBDDE9033260068A
:10AF10004CBFD21A9A180023049200970D221946AA
:10AF20003046FFF741FB7EE700F0F803D02BB6D1A7
:10AF300000F007020132052342F4002201213046CD
:10AF4000FFF7F6FC00283FF46EAFA8E72846FFF7AE
:10AF500039FF40EA0420B0F5004FA0D004010023DF
:10AF6000A2B219463046FFF7E3FC002897D1C4F39C
:10AF7000C03048EA000856E7A0F1B103042B00F204
:10AF8000BC80DFE803F05429160C030005AA002357
:10AF9000009219460D223046FFF7E0FA43E70023FE
:10AFA0001A4605213046FFF7C3FC00283FF43BAFAB
:10AFB00075E72846FFF706FF020300F00F00013097
:10AFC00002F470220123024319463046FFF7B0FC19
:10AFD00000283FF428AF62E7002304AF0D22194692
:10AFE00000973046FFF7BAFA2846FFF7EBFE020655
:10AFF000049C4FF002030DD500F07F0098400444FC
:10B000000733284603930494FFF7DCFE10F0800F0B
:10B01000039BF1D1984004F501742044002304906F
:10B0200000970D2219463046FFF7BEFAFBE6284688
:10B03000FFF7C8FE431EDBB20E2B3FF630AF0023F6
:10B04000024619463046FFF773FC00283FF4EBAE8A
:10B0500025E72846FFF7B6FE020300F00F00013097
:10B0600002F470220323024319463046FFF760FCC6
:10B0700000283FF4D8AE12E7B8F1000F2DD0002021
:10B080000EE72846FFF79EFE431EDBB20E2B3FF66F
:10B0900006AF0246002304213046FFF749FC002892
:10B0A0003FF4C1AEFBE600F00F020132032342F48D
:10B0B000202219463046FFF73BFC00283FF4B3AE90
:10B0C000EDE62846FFF77EFE00F0F00200F00F03E9
:10B0D0001032013343EA023203E704AC43464146EF
:10B0E00000940E223046FFF739FA0F2200944346AF
:10B0F00041463046FFF758FAC1E700F0FC03B42B95
:10B100003FF4CDAE00F007020132012342F40022E9
:10B1100019463046FFF70CFC00283FF484AEBEE62B
:10B1200000B5C26C536885B04FEA032E4FF0030C94
:10B1300008321B0E084601A9CDF804E002928DF8F2
:10B140000CC08DF80D30FFF767FE05B000BD00BFE5
:10B1500008B5FFF75FFE806C08BD00BF08B5FFF7BC
:10B1600059FEC06CC37900EB8300083008BD00BFF6
:10B1700008B5FCF797F808B5FFF7FAFF704700BF6E
:10B18000DFF80CC00A460146DCF8000000F002B807
:10B19000F87D002010B5A1FB021482B074BB00F052
:10B1A00091F8034670B350F8042C22F00302043ADD
:10B1B000242A10D8132A16D91B2AC0E900441AD908
:10B1C000242AC0E902440ABFC0E9044400F1100186
:10B1D00000F1180108E02146019002F0FDFC019BFE
:10B1E000184602B010BD014600221846C1E90022EF
:10B1F0008A6002B010BD00F10801F5E703F092F893
:10B200000C2303600023184602B010BD00B5044BA8
:10B2100083B0014601AA186800F004F803B000BD2D
:10B22000F87D00202DE9F0431D4F83B080460E4687
:10B23000914603F029FB3D684DB133781C4673B14C
:10B24000344602E014F8013F43B13D2BFAD14046A9
:10B2500003F020FB002003B0BDE8F083A41B2868A6
:10B260000028F4D02246314602F062FD20B92B6856
:10B270001A5D3D2A234404D055F8040F0028F1D16B
:10B28000E5E73A680193AA1A92104046C9F80020EF
:10B2900003F000FB019B581C03B0BDE8F08300BF26
:10B2A000107E0020024B0146186800F00BB800BF6A
:10B2B000F87D0020024B0146186803F047BB00BF31
:10B2C000F87D00202DE9F04F01F10B02162A85B020
:10B2D000804624D8102900F2AB8000F0C9FA02257C
:10B2E00018211022B74C2144A1F108004E68864273
:10B2F00000F062817268F168B46822F0030232449F
:10B30000E1608C60516841F001014046516000F0FD
:10B31000B5FA06F10804204605B0BDE8F08F32F01A
:10B32000070200F18580914200F28280019200F0D4
:10B330009FFA019AB2F5FC7FC0F0BA81570A7FD01C
:10B34000042F00F27281970907F139052BB207F13A
:10B35000380CDB009B4C2344A3F108065B689E423B
:10B3600007D10DE00028DF6880F21381BE4207D0CC
:10B370003B46596821F00301881A0F28F2DD654623
:10B38000236991498B4200F0F1805E6826F0030644
:10B39000B11A0F2900F391818B480029C4E90400F8
:10B3A00080F27981B6F5007F676880F01981F10835
:10B3B00001310FFA81FC76090121B14054F83C00BB
:10B3C00098600F4304EBCC010839D960676044F8FA
:10B3D0003C30C360AB1001269E40BE4236D83E4290
:10B3E00006D125F0030576003E4205F10405FAD0AA
:10B3F00004EBC50A04EBC507A946F9680EE04868E6
:10B4000020F0030EAEEB020CBCF10F0F0B46C96827
:10B4100000F31881BCF1000F80F22D818F42EED134
:10B4200009F1010919F0030F07F10807E5D17FE1E0
:10B430000C23C8F800300024204605B0BDE8F08F8A
:10B440004FF4007340254FF03F0C83E7A7687968FD
:10B4500021F0030393429A4603D3991A0F2900F36C
:10B4600087805A495A4E0968103111440820CDE9A5
:10B47000011202F08BFF01994B1E034445428346A3
:10B4800030681D40B0F1FF3F18BF2946404601918A
:10B4900002F020FF411C0546DDE9011200F02B817E
:10B4A00007EB0A0C844500F224814A4B186800EB34
:10B4B00001090BF1FF3EC3F8009000F0898130686C
:10B4C00001301BBFA5EB0C0C09EB0C0035601860BC
:10B4D00015F00700814600F04881C0F108000544DE
:10B4E000CDE901236B1803EA0E015844401A00EA23
:10B4F0000E06314640469B4602F0ECFE421CDDE95A
:10B50000012300F09581401B304440F00101186890
:10B51000A56000EB0609A7426960C3F8009017D048
:10B52000BAF10F0F40F25E81AAF10C0121F0070C75
:10B53000796801F0010141EA0C017960052607EB09
:10B540000C01BCF10F0FC1E9016600F2638169686B
:10B55000214B1E684E4538BFC3F800901F4B1E6834
:10B560004E4501D2C3F800902F46C6E0676831E728
:10B57000BD1841F0010142F001027A604046A56029
:10B58000696000F07BF907F10804204605B0BDE8CA
:10B59000F08F9A6801931944D760BA604A6842F004
:10B5A000010240464A6000F069F9019B03F108047A
:10B5B000204605B0BDE8F08FCE68B1427FF49AAE68
:10B5C0000235DDE6607200206872002014950020CC
:10B5D000E47D0020E49400200C95002010950020CC
:10B5E000B6F5206F4FEA56207CD3142800F2D380A2
:10B5F00000F15C0109B25B30C90004EB010C615839
:10B60000ACF1080C8C4503D1A8E089688C4504D0C6
:10B61000486820F00300B042F7D8D1F80CC0C3E965
:10B62000021CCCF80830CB60D4E6142F72D9542F0A
:10B6300000F2BA80170B07F16F052BB207F16E0C01
:10B64000DB0087E69D1842F001025A609E68864A38
:10B65000F1608E60C4E90455C5E902224CF0010294
:10B660006A60404643F80EC0019300F007F9019B61
:10B6700003F10804E0E69E441C46DEF8043043F083
:10B680000103CEF8043054F8083F4046D9608B607F
:10B6900000F0F4F8D0E61E4440467268019342F090
:10B6A0000102726000F0EAF8019B03F10804C3E6AE
:10B6B000D508691C09B2C90014E69D1842F00102C0
:10B6C0005A60694A0193C4E90455C5E9022241F070
:10B6D00001026A604046995100F0D0F8019B03F1E5
:10B6E0000804A9E6B00900F1390109B23830C900EF
:10B6F00083E7A74263D0A768796821F003009042EE
:10B70000A0EB020102D30F293FF732AF404600F011
:10B71000B5F890E607F15C052BB207F15B0CDB0096
:10B7200018E6514651F808398B428A4640F09A8013
:10B7300015F0030F05F1FF35F3D1636823EA060323
:10B74000636076009E423FF681AE1EB97EE67600CB
:10B7500009F104091E42FAD04D4649E6801001263F
:10B7600006FA00F00743676059E7CDE902236B183A
:10B7700003EA0E01ABEB010606EA0E06314640462F
:10B78000019302F0A7FD431C019B04BF4E461846DF
:10B79000DDE90223B7E6542827D8300B00F16F010A
:10B7A00009B26E30C90028E7B7F5AA7F27D8D70BB2
:10B7B00007F178052BB207F1770CDB00CAE52B4BBC
:10B7C000186800EB01090BF1FF3EC3F8009076E624
:10B7D00015EA0E0F7FF473AEA568514441F00101E4
:10B7E0006960B5E601236B6090E7B0F5AA7F25D8C4
:10B7F000F00B00F1780109B27730C900FDE640F2A4
:10B8000054539F4224D8930C03F17D0503F17C0C23
:10B81000EB009FE507F108014046CDE9012303F065
:10B8200095F8A568029B6968D3F80090019A8FE6A5
:10B83000A9F108010BEB0100002664E640F2545127
:10B8400088420BD8B00C00F17D01C9007C30D4E6F1
:10B850004FF47E737F254FF07E0C7BE54FF47E71B5
:10B860007E20CAE663686CE768720020E4940020DA
:10B87000014802F087BD00BFDC940020014802F0BF
:10B8800083BD00BFDC94002000B5044B83B0196871
:10B89000019003F093F9019803B000BDF87D0020FA
:10B8A000DFF80CC00A460146DCF8000000F002B8E0
:10B8B000F87D0020002900F09F802DE9F04383B03F
:10B8C0000C4600928046FFF7D3FF009901F10B036D
:10B8D000162B60D81023994260D854F804EC2EF04F
:10B8E00003029A42A4F1080565DAB348806805EBC3
:10B8F000020C6045DCF8046000F0908026F0010046
:10B9000060444068C0076CD426F003069019834257
:10B910004CDD1EF0010F0FD154F8080C281A074611
:10B92000406820F0030006441644B34240F3EF8021
:10B930001618B34240F3C9804046CDE90023FFF713
:10B94000C1FCDDE900230646002800F0178154F809
:10B95000041C21F001012944A0F1080C614500F00C
:10B96000AE80043A242A00F2CE80132A00F29C8092
:10B9700003462246116819605168596092689A60BE
:10B980002146404602F0E2FF4046FFF777FF30468F
:10B9900003B0BDE8F08333F007039CD50C23C8F84F
:10B9A00000300026304603B0BDE8F0830246DCE9F3
:10B9B0000201C16088606968D01A0F2801F0010196
:10B9C00005EB02061BD811436960736843F001035D
:10B9D00073604046FFF752FF2646304603B0BDE88D
:10B9E000F0831EF0010FA7D154F8080C281A07465F
:10B9F000406820F003009BE71146FFF763BC194342
:10BA00006960E91840F001004860736843F0010381
:10BA100008317360404602F099FFDAE726F003062A
:10BA2000B01803F1100C604580F28B801EF0010FFE
:10BA300082D154F8080C281A0746406820F0030009
:10BA400006441644B445B1463FF772AF3E46F96826
:10BA500056F8080F043A242AC160886000F2A580D5
:10BA6000132A40F2A0802168B9606168F9601B2A3E
:10BA700000F2A480083407F11002216811606168A7
:10BA80005160A1689160F918A9EB03024A4D42F098
:10BA90000102A9604A607A6802F00102134340463D
:10BAA0007B60FFF7EBFE98E7236803606368436001
:10BAB0001B2A3BD804F1080200F108035AE750F8AA
:10BAC000041C21F003010A4475E7043A3D46F96875
:10BAD00055F8080F242AC160886020D8132A1CD981
:10BAE0002168B9606168F9601B2A3DD8083407F104
:10BAF00010022168116061685160A16891602C4654
:10BB000032463D4657E7214601F0D4FF38E7DCE9ED
:10BB10000201043AC1608860D8E72A46E9E7214675
:10BB20002846009301F0C6FF009BE8E7A368836006
:10BB3000E368C360242A25D004F1100200F1100349
:10BB400018E71D4A1D449560C21A42F001026A605E
:10BB500054F8042C02F001021343404644F8043C1C
:10BB6000FFF78CFE264638E7A1683961E168796104
:10BB7000242A10D0103407F11802BAE74046FFF724
:10BB80007DFE0EE7236903616169416104F11802DA
:10BB900000F11803EEE62269BA616269FA611834AD
:10BBA00007F12002A5E7324667E7214630460093B9
:10BBB00001F080FF009B66E760720020A168396198
:10BBC000E1687961242A03D0103407F1180254E7A0
:10BBD0002269BA616269FA61183407F120024CE700
:10BBE0002DE9F0471D464A4B16460C4682460A464A
:10BBF000114612F801EB13F80EC01CF0080CF7D137
:10BC0000BEF12D0F5AD0BEF12B0F03BF92F800E00A
:10BC100063468A1C634645B9BEF1300F5CD00A25E5
:10BC20003C4F4FF00509A8460AE0102D4BD04FF0CD
:10BC3000FF37B7FBF5F705FB07F96FEA0909A846D7
:10BC40000021084605E02CD008FB00C0012112F8B5
:10BC500001EBAEF1300CBCF1090F06D9AEF1410C8D
:10BC6000BCF1190F0BD8AEF1370C654510DDB1F101
:10BC7000FF3FECD0B842E6D94FF0FF31E7E7AEF135
:10BC8000610CBCF1190F03D8AEF1570C6545EEDC21
:10BC90004D1C0BD003B140420EB169B93460BDE810
:10BCA000F087CC45D0DD4FF0FF31D0E72223CAF832
:10BCB00000300846002EF2D0541EEFE792F800E064
:10BCC00001238A1CA7E7BEF1300F11D04FF00F09F6
:10BCD0006FF07047A846B3E7117801F0DF015829EB
:10BCE0000BD008254FF007096FF06047A846A7E77B
:10BCF000117801F0DF015829E8D14FF0100892F8CF
:10BD000001E04FF00F0902326FF07047454697E7A8
:10BD1000796B00209999991900B5DFF818E08446ED
:10BD20001346DEF800005DF804EB0A466146FFF7B3
:10BD300057BF00BFF87D002013460A460146022087
:10BD400002F060BD0EB400B582B003ABDFF81CC0DA
:10BD500053F8042B01930146DCF8000000F008F8CA
:10BD600002B05DF804EB03B0704700BFF87D00201F
:10BD70002DE9F04FC5B00DF1500A834604911646E7
:10BD80000021082250461C460B9301F025FFBBF111
:10BD9000000F04D0DBF83430002B00F04987049BFF
:10BDA0005A6EB3F90C30D00740F14181990400F18B
:10BDB000A985049943F4005322F400528B814A660A
:10BDC000930401F1AE80049BB3F90C301D0740F1E0
:10BDD000BD80049A1269002A00F0B88003F01A02AC
:10BDE0000A2A00F0C2800023CDE91933CDE90E33D1
:10BDF0001BAADFF86C980D93189217460793B0466C
:10BE00004546D9F8CC4102F01DFACDF800A0034612
:10BE10002A4612A95846A047002800F0C580C0F263
:10BE2000BB80129A252A034601D01D44E9E7B5EBF1
:10BE30000806044640F0BC80002319468DF84330C4
:10BE400008934FF0FF326B78059205F101080391DA
:10BE500008F101081946A1F120035A2B00F2F280E3
:10BE6000DFE813F0E603F000F000DF03F000F0007D
:10BE7000F000BF03F000F00007025302F0001202CE
:10BE80000004F000F1035B005B005B005B005B0003
:10BE90005B005B005B005B00F000F000F000F00076
:10BEA000F000F000F000F000F000D8019F03F00077
:10BEB000F000F000F000F000F000F000F000F00002
:10BEC000F0001902F000F000F000AA01F000FB02FF
:10BED000F000F000BA05F000F000F000F000F00013
:10BEE000F000F000F000F000F000D8016801F00070
:10BEF000F000F000950368016D00F0008B03F00086
:10BF00007D036A0320036D00F000AA016A00590254
:10BF1000F000F000FB05F0006A00A1F13003002200
:10BF200018F8011B02EB820203EB4202A1F130037D
:10BF3000092BF5D908928EE798F8003088E7039B23
:10BF400043F02003039398F8003081E7049D58469E
:10BF5000294601F0C9FC002840F0F687B5F90C30FD
:10BF600003F01A020A2A7FF43EAF0499B1F90E20B9
:10BF7000002AFFF638AF4A6ED20702D49F0540F17F
:10BF80009087049923463246584601F015F80790E9
:10BF9000079845B0BDE8F08F08220021504601F017
:10BFA0001BFE01231D442CE7B5EB0806044610D008
:10BFB0001A9B33441A93199B0133072BC7E9008658
:10BFC000199310DC0837079B33440793002C7FF448
:10BFD00033AF1A9B002B40F06E87049B0022B3F90D
:10BFE0000C30199218E0049918AA584601F024F868
:10BFF00078B91BAFE7E7049918AA584601F01CF876
:10C00000002800F08380099B1BB10999584602F073
:10C010009DFC049BB3F90C30049A526ED0077FD577
:10C020005B0600F16687079845B0BDE8F08F9F0575
:10C0300040F114819D047FF5BCAE90047FF5C6AE3F
:10C0400000F071BF0029C4D0002301228DF8AC108C
:10C050008DF8433009930A9205932BAD0692DDE9E2
:10C0600019C0039C14F084060146624626D1089B41
:10C07000069C1C1B002C00F3ED839DF8433003B39A
:10C0800000260C960132012301317B60072A0DF155
:10C090004303CDE919213B6000F3868308370C9BED
:10C0A00063B1013211AB02313B60072A4FF002034A
:10C0B000CDE919217B6000F36B830837802E00F0F7
:10C0C000EE82059B0A981C1A002C00F326830A9B1B
:10C0D0003D6001321944072ACDE919217B6000F344
:10C0E0004C830837039B5C0705D5089B069A9C1A6E
:10C0F000002C00F36583DDE9073206988242ACBF6D
:10C100009B181B18079300297FF475AF0023199320
:10C11000099B1BB10999584602F018FC1BAF6FE64A
:10C120009A053FF57DAF049CA06D02F02DF9B4F99E
:10C130000C3075E7039B980640F13C840B9B07335A
:10C1400023F00702536852F8084B0B921E46002B4F
:10C15000C0F23882059A002A07DB039B23F0800394
:10C16000039354EA060300F08C840A2C76F1000352
:10C1700080F0F7803034059A9DF843308DF80F41F8
:10C18000012AB8BF01220692002B00F0AF83069B64
:10C190000133002506930123CDE909530DF20F1554
:10C1A000DDE91921039B13F08406084694463FF409
:10C1B0005EAF00230C9365E70B9E00238DF84330A0
:10C1C00056F8043B0993002B00F05585532900F0E5
:10C1D0007284039B13F0100440F06D84059A002ACA
:10C1E000C0F213850998214602F050FA9DF84330B9
:10C1F000099D002800F08B86421B0A9222EAE27217
:10C200000692002B00F00E850132059406920B96E3
:10C210000994C5E7432903D0039BDD0640F1278439
:10C220000822002116A801F0D7FC0B9A2BAD12684A
:10C2300016AB2946584603F0F7F80A90013000F093
:10C240004F860A9B23EAE37306930B9B04330B93FD
:10C2500000238DF843300993059300E7049DA86DF2
:10C2600002F090F8B5F90C306A6E99043FF5A8AD6C
:10C270009FE50B9B53F8042B0892002A80F23D8324
:10C28000089A0B9352420892039B43F004030393D2
:10C2900098F80030DCE5039B43F010009B0640F16A
:10C2A0004E830B9B073323F007031A46596852F855
:10C2B000083B0B9200228DF84320059A002AC0F219
:10C2C000118320F49062039253EA010200F01E836E
:10C2D00044AD03F00702DB0843EA4173C90830327A
:10C2E00053EA0104284605F8012DF2D1039B13F00F
:10C2F000010340F09E82059A099344AB5B1B9A426E
:10C30000B8BF1A460A930692A9E62B238DF843304C
:10C3100098F800309CE503998E0600F1A4800399FB
:10C320000B9A11F0100052F8043B40F02783039958
:10C3300011F0400100F0CA848DF843009BB20599CA
:10C340000026B1421C4606DB039921F080010391CF
:10C35000002B00F07B850A2C76F100030B92FFF492
:10C3600009AF039B09970020CDF830B044A9DDF850
:10C3700034B0069003F48067CDF8288025E006905D
:10C38000A319B54843F10003A0FB032C2CF00302D2
:10C3900002EB9C029B1AE31A4FF0CC32A046B64641
:10C3A00002FB03F266F1000600FB0622A3FB00433A
:10C3B000B8F10A0F13444FEA54047EF1000E2946E7
:10C3C00044EAC3744FEA53062ED3069BA24A0133B4
:10C3D0000693A31943F100031046A2FB032525F0A1
:10C3E000030202EB95029B1AE31AA3FB003266F1EB
:10C3F000000500FB05225B0843EAC27303EB8303DD
:10C40000A4EB4303303301F8013C4D1E002FB7D09D
:10C4100006989BF800308342B1D1FF28AFD00A2C98
:10C4200076F1000380F0AF8405999DF84330CDF894
:10C4300034B044AA521B9142B8BF1146DDE90978D5
:10C44000DDF830B00A920691002B00F0EE83069BD7
:10C450000133069300230993A2E6039B43F01001E6
:10C460009B0640F189820B9B073323F007020023D0
:10C470008DF84330059B566852F8084B0B92002B01
:10C48000C0F2EE8221F08003039354EA06037FF4A6
:10C490006CAE059B002B40F0DE840A930693099353
:10C4A00044ADDCE5059C0B990398002247F6300368
:10C4B0009442ADF844308DF8432051F8043BC0F26B
:10C4C000D28220F0800040F002000390002B00F0A8
:10C4D000E58303F00F0461481B09045D8DF80F41EB
:10C4E0000B9100F05685022106910DF20F1503F015
:10C4F0000F011B09415C05F8011D43EA0273120993
:10C5000053EA0201F3D144AB5A1B059B0A929342B2
:10C51000B8BF1346069A002A00F03985DDE91921D3
:10C52000039C023314F0840606930846944600F0F8
:10C53000E98200230993B4E5039886063FF5B1AE7E
:10C5400003990B9ACD0652F8043B00F11485039829
:10C55000440640F1C8839BB20B920021AAE60399DE
:10C560000B9A8C0602F1040340F1F08112680799DE
:10C570001160C91751600B9342E498F800306C2B9E
:10C5800000F08F82039A42F01002039260E498F860
:10C590000030682B00F07B82039A42F04002039245
:10C5A00056E4039A940642F0100300F100820B9ABD
:10C5B00004320B9903930C680B92E6173346002B59
:10C5C000BFF6C8AD2D238DF84330059B644266EB62
:10C5D0004606002BFFF6C9AD039B23F080030393AF
:10C5E000C3E5584601F034FE43680F93184602F045
:10C5F0009DF80E900446584601F02AFE826898F88D
:10C6000000300D92002C3FF423AC002A3FF420AC04
:10C610001278002A3FF41CAC039A42F48062039221
:10C6200016E4039B43F00103039398F800300FE4F2
:10C630009DF8432098F80030002A7FF409AC2022AE
:10C640008DF8432004E4039B43F08003039398F8A0
:10C650000030FFF7FDBB00BFCDCCCCCC5C5C002034
:10C66000907B0020404610F8011B2A2900F07784B7
:10C67000A1F13003092B98BF002200F2178410F8B3
:10C68000011B02EB820203EB4202A1F13003092BF2
:10C69000F5D942EAE27305938046FFF7DCBB089BBD
:10C6A00006981C1A002C7FF70CAD102C40F3268442
:10C6B00038460C95AE4F049D102604E0103C102C1B
:10C6C00000F1080015DD01321031072AC0E90076BB
:10C6D000CDE91921F2DD18AA2946584600F0ACFC34
:10C6E00000287FF490AC103C102CDDE919211BA828
:10C6F000E9DC0C9D3B46074601322144072ACDE97F
:10C7000019213B607C6000F3A482059B0A981C1AE7
:10C71000002C07F108077FF7DAAC102C40F3ED820C
:10C7200038461026924F04E0103C102C00F108000F
:10C7300016DD01328E4B1031072AC0E90036CDE9F3
:10C740001921F1DD049918AA584600F075FC00285B
:10C750007FF459AC103C102CDDE919211BA8E8DC52
:10C760003B46074601322144072ACDE919213B60A7
:10C770007C6000F3AA800837A9E4049918AA5846F7
:10C7800000F05AFC00287FF43EAC1A991BAFA9E4D4
:10C79000049918AA584600F04FFC00287FF433ACE7
:10C7A000DDE919211BAF89E4049918AA584600F065
:10C7B00043FC00287FF427ACDDE919211BAF6EE4B0
:10C7C000102C199B40F381833A46049E694F102533
:10C7D00004E0103C102C02F1080215DD0133103189
:10C7E000072BC2E90075CDE91931F2DD18AA3146EF
:10C7F000584600F021FC00287FF405AC103C102CBA
:10C80000DDE919311BAAE9DC3E4617460133214414
:10C81000072BC7E90064CDE919317FF76CAC0499A7
:10C8200018AA584600F008FC00287FF4ECAB1A99CF
:10C8300061E4302A00F001823023059A05F8013CBA
:10C84000023844AB1B1A9A42B8BF1A460A930692A2
:10C850000546EFE000230C93102C464E624623DD84
:10C86000394610232F46049D04E0103C102C01F1A2
:10C87000080117DD01321030072AC1E90063CDE954
:10C880001920F2DD18AA2946584600F0D5FB0028E9
:10C890007FF4B9AB103C102CDDE919201BA94FF037
:10C8A0001003E7DC3D460F4601322118072ACDE987
:10C8B00019213E607C6000F37A819DF8436008375F
:10C8C000002E36D00026FFF7DDBB049918AA584683
:10C8D00000F0B2FB00287FF496ABDDE919211BAF15
:10C8E000FFF7F5BB20F480620392F1E40993012382
:10C8F0000A930DF20F15FFF7B2BB0B9398F80030B7
:10C90000FFF7A6BA92047FF561AAF2E2059A002A1F
:10C910007FF4DEAC10F00102069200F04281302379
:10C920008DF80F31059B0A9209930DF20F15FFF751
:10C9300096BB0C9B002B7FF4B4ABFFF7C2BB0B9BE9
:10C940001A1D0B9B0B921B680021B3E4039AD006BF
:10C9500000F18C81039A510600F19582039A9205A9
:10C9600040F184810B9A07991268117003E600BFA9
:10C97000307200207C6C00200B9B1A1D0B9B0598CD
:10C980001B680026B0428DF843601C4667DB21F02F
:10C9900080010391002B7FF4DEAC0B92002840F065
:10C9A0005A820A900690099044ADFFF758BB039352
:10C9B000FFF7C4BB039B0B9AD90652F8044B3FF513
:10C9C000F8AD039B5E0640F1768144F3C0360B92CE
:10C9D00024B23346FFF7BBBBAD48039B9D0640F135
:10C9E000B5800B9B073323F007031A465C6852F8A7
:10C9F000083B0B92039A12F00102069240F08C80E1
:10CA00008DF84320059A002AC0F2B780039A22F4D9
:10CA10009062039253EA040240F0F380059A002AE0
:10CA200000F0F68103788DF80F31012306920A9306
:10CA30000DF20F15DDE91921039B13F0840608465A
:10CA4000944600F0A1829DF84330002B00F0AB82A9
:10CA5000002309930C93FFF715BB8E48BDE70B929B
:10CA60000391FFF782BB40F00200039031E50B9B7E
:10CA70001B688DF8AC30012306930A932BADFFF7AA
:10CA8000E4BB002A00F0D4813024FFF774BB039B81
:10CA900043F40073039308F1010898F80030FFF79E
:10CAA000D7B9039B43F02003039308F1010898F8DA
:10CAB0000030FFF7CDB9099B13930822002116A877
:10CAC00001F08AF8059B002BC0F21981002406971B
:10CAD00025461F460EE02BA9584602F0A5FC411C36
:10CAE000284400F0FD81B84209DC04F1040400F0A0
:10CAF00008820546139A125916AB002AEBD1069FFD
:10CB000005950AE1089C069B0996E41A002C7FF71C
:10CB1000C8AA02230C939FE653EA04025ED10023C5
:10CB20008DF84330059B002BC0F22181039B23F439
:10CB30009063039300F0878103788DF80F31069B93
:10CB40000A93059B06930DF20F1573E70B9A52F8A3
:10CB5000043B0B92039AD40608D4520602D59BB22A
:10CB6000002447E7039A960500F18181002441E7FC
:10CB700042F00202039202220692039A22F4806299
:10CB8000039203F00F02825C8DF80F211B0943EA28
:10CB90000473220953EA14147FF4A7AC0DF20F15A5
:10CBA000B1E4059B44ADCDE90933FFF758BA0499C8
:10CBB00018AA584600F040FA064600287FF423AA37
:10CBC0009DF84330DDE91921002B40F089800C9B52
:10CBD0001BAF002B7FF465AAFFF773BA30228DF8E4
:10CBE000442000228DF84320059A8DF84510002A34
:10CBF000039ABDDB22F4906242F002020392022209
:10CC0000069203F00F02825CBEE7099D284601F000
:10CC10008DFD9DF843300A9020EAE0720692002BC9
:10CC20007FF4F2AA099D05930B960993FFF717BAB3
:10CC3000584600F0CFFBFFF7B2B8059A44AB5B1B38
:10CC40009A42B8BF1A460A93002306920993FFF747
:10CC500006BA049918AA584600F0EEF900287FF4A5
:10CC6000D2A9DDE919211BAFFFF72BBA0B9A07995F
:10CC7000126811607FE4059B074D0B96062B28BFB9
:10CC8000062306930A93099B0593FFF7E8B900BFB3
:10CC9000485C00205C5C0020705C00200B91002C44
:10CCA00000F0DC80302301228DF80F310DF20F15DA
:10CCB00023460A9232E4039B0B929D054ABF44F33C
:10CCC000C016E61764B23346FFF741BA039810F472
:10CCD000007600F0CF808DF84310DBB2FFF72FBB5A
:10CCE0001BAFFFF7CFB9039810F4007100F0BB80C1
:10CCF000DBB20B920021FFF7DDBAAC4B32E516AB8D
:10CD00000093002313AA1946584602F0B5FB05907C
:10CD1000013000F0E580099B1393059B002B7CD02C
:10CD2000632B00F3B680002309932BAD082200216A
:10CD300016A800F051FF059C16AB009313AA2346DA
:10CD40002946584602F098FB844240F01681059926
:10CD500000236B5421EAE17206929DF84320002AD9
:10CD600040F0B580CDE90A160592FFF778B903784F
:10CD70008DF80F31039B23F480630393069B0A9382
:10CD80000DF20F1556E60E9A0F99AD1A284601F0CE
:10CD90000BF89BF801300BB10BF1010B844AA3197E
:10CDA00043F10003A2FB030C2CF0030000EB9C00FA
:10CDB0001B1AE31A4FF0CC3166F1000603FB01F1B8
:10CDC00002FB0611A3FB023001445B0843EAC17475
:10CDD0004E08A31943F10003A2FB031020F0030146
:10CDE00001EB90015B1AE31AA3FB023166F100002C
:10CDF00002FB00125B0843EAC27303EB8303A4EB5C
:10CE00004303303305F8013C0120013DFFF701BB2E
:10CE1000059B0A9344A805460CE69DF84330099DFE
:10CE20000B96003B18BF01230693059B0A9301E66E
:10CE30009DF843303BB1059BCDE90933012344AD57
:10CE40000693FFF7ADB9059BFFF727BB059B0B9238
:10CE5000002B3FF422AB0024FFF78CB9059B0A930B
:10CE600044ADFFF75BBB03980B92FFF723BADBB22D
:10CE70000024BFE505998DF8436000291C46BFF6E4
:10CE800063AAFFF768BA0B9A079912681180FFF737
:10CE900072BB591C5846FEF715FA054600B30990B7
:10CEA00044E7886D01F070FAFFF76BB80023804605
:10CEB0000593FEF7D0BF049918AA584600F0BCF8B5
:10CEC00000283FF48AA8FFF7A4B83A4E9EE4059ADA
:10CED0000A92069A0B96013206920593FFF760B903
:10CEE0000498B0F90C30426E43F04001D2078181C2
:10CEF00009D54FF0FF330793FFF795B82B4BFFF79A
:10CF0000FBBB069F09E79905F3D4FFF70CB99BB16A
:10CF1000059B0B965A1C06920A9305900990FFF701
:10CF20003FB9D707E5D4049B9B899E05E1D4049BB8
:10CF3000986D01F029FADCE7059A0993CDE90532ED
:10CF40000B960A92FFF78BB8049A536ED807D0D489
:10CF500093899905CDD4906D01F016FAC9E70B9A23
:10CF600098F8013052F8041B0B9241EAE1718046B7
:10CF70000591FEF76DBF0846E3E4049A938943F0F8
:10CF800040039381FFF73FB80996FFF770B8069307
:10CF900050E5059B0122012BB8BF01230DF20F15AF
:10CFA0000A92FFF7BBBA0993FFF788B830720020E6
:10CFB000CDCCCCCC7C6C0020F0B50D46ADF2744DE0
:10CFC000164689896A6E1B92EA89ADF8162021F00F
:10CFD0000201EA69ADF8141009921CA96A6A02916B
:10CFE000074606910B924FF48061002218A8019326
:10CFF00004910791089201F0C1F93246019B02A900
:10D000003846FEF7B5FE061E07DB02A9384600F0DB
:10D01000BDF8002818BF4FF0FF36BDF814305B068E
:10D0200003D5AB8943F04003AB81189801F0A8F910
:10D0300030460DF2744DF0BD936810B514461BB91F
:10D0400018460023636010BD00F0EEF90023A360D2
:10D050000023636010BD00BFB1F90C202DE9F04141
:10D06000804610070C4650D4496842F400630029FA
:10D07000A38164DDA66A002E44D0002112F4805200
:10D08000D8F80050C8F8001065D1E1690123404686
:10D09000B047411C02466CD0B4F90C30A66A5B075D
:10D0A00005D56368D21A236B0BB1E36BD21A002348
:10D0B000E1694046B047471CB4F90C304DD1D8F86F
:10D0C00000101D2940D8304ACA40D6073CD52269F5
:10D0D000226023F40062A281D9044FF00002626052
:10D0E00003D5D8F80030002B41D0216BC8F8005090
:10D0F00041B104F14003994202D0404601F026FCC0
:10D10000002323630020BDE8F0810E69002EF9D0D2
:10D110000D680E6092070CBF4B690023AD1B8B603E
:10D120000AE02B463246E169676A4046B847002864
:10D13000A5EB0005064406DD002DF2DCE2E7E16B1D
:10D14000002997DCDEE7A38943F04003A3814FF079
:10D15000FF30BDE8F081226DA1E72269226023F44F
:10D160000062A281DB044FF000026260BDD5206541
:10D17000BBE7D8F80030002B8ED01D2B01D0162B2A
:10D18000E1D1C8F80050BDE70100402000B50346DA
:10D1900083B008B1426B52B3B1F90C0098B14A6E3A
:10D1A000D20701D4820512D518460091FFF754FF2B
:10D1B00000994A6E0346D00702D48A8992050ED59B
:10D1C000184603B000BD0346184603B000BD886D85
:10D1D0000193009101F0D6F8DDE90013E4E7886DD2
:10D1E000009301F0D1F8009B184603B000BDCDE9D3
:10D1F000000100F0EFF8DDE90031CDE7002838D07C
:10D2000000B51E4B1B6883B001460BB15A6BD2B1FF
:10D21000B1F90C0098B14A6ED20701D482051AD533
:10D2200018460091FFF718FF00994A6E0346D00791
:10D2300002D48A89920516D5184603B000BD03466C
:10D24000184603B000BD01901846009300F0C2F8E4
:10D25000DDE90031DCE7886D0193009101F092F87F
:10D26000DDE90013DCE7886D009301F08DF8009B89
:10D27000E2E7034A0349044800F052BAF87D00206F
:10D28000EC7D0020E19F020068760020024A0349FD
:10D29000034800F045BA00BFEC7D00209105030073
:10D2A000687600200C4B4168994210B5044601D0C5
:10D2B00006F044FAA168094B994202D0204606F0D4
:10D2C0003DFAE168064B994204D02046BDE8104083
:10D2D00006F034BA10BD00BF1895002080950020DC
:10D2E000E89500202DE9F843314A324C3249DFF805
:10D2F000DC90DFF8DC80314F1160002504232946E3
:10D30000082204F15C00C4E903352D4EA560C4E990
:10D310000055C4E90555656600F05EFC04F158004F
:10D32000C4E90749C4E90987E66201F027F82946FC
:10D33000244B6367082204F1C400C4E91A55C4E908
:10D340001E552567C4F8CC50C4F8805000F044FC4A
:10D3500004F1680304F1C000C4F88430C4E92298E1
:10D36000C4E9247601F00AF8174BC4F8DC302946EA
:10D3700004F596700822C4E93455C4E93855C4F858
:10D38000D850C4F83451C4F8E85000F025FC04F13A
:10D39000D003C4E93D87C4F8F09004F59470C4F854
:10D3A000FC60C4F8EC30BDE8F84300F0E7BF00BF14
:10D3B0005096002018950020E1A00200A5A60200CA
:10D3C000C9A60200090001001200020041A60200E5
:10D3D00065A6020010B504460A4800F0D3FF636B4F
:10D3E00023B9094B094A1B68626323B1BDE81040A9
:10D3F000044800F0C9BFFFF775FFBDE810400148C1
:10D4000000F0C2BFE094002050960020F9A0020076
:10D41000014800F0B7BF00BFE0940020014800F0D1
:10D42000B3BF00BFE09400209368002B00F0B780EA
:10D430002DE9F04FB1F90CC01CF0080F83B00C4679
:10D44000804617462DD00B695BB31CF002033E6883
:10D4500033D04FF0000ADFF8C4B25546B9465D45F7
:10D460002B46524628BF5B464046B5B1E169676A24
:10D47000B847002840F38B80D9F808301B1A824443
:10D48000C9F80830002B79D02D1A5D452B4652463D
:10D4900028BF5B464046002DE8D1D6E900A50836F6
:10D4A000DDE72146404600F01FFA002874D1B4F9A8
:10D4B0000CC03E681CF00203CBD11CF0010A70D1F5
:10D4C000236800975546002D54D01CF4007FD4F8F3
:10D4D0000890184600F0AB80A945CB4600F2E480E6
:10D4E0001CF4906F34D021696269A3EB010902EB4F
:10D4F000420202EBD27209F1010352102B44934213
:10D5000094BF93469B46934288BF1A461CF4806F93
:10D5100000F0E98011464046FDF7D4FE002800F0F7
:10D52000F7804A4621690190F9F728FCA289019BFE
:10D5300022F4906242F08002A28103EB0900236191
:10D54000ABEB0903C4F814B0A3602060A946AB4656
:10D5500051465A4600F0AEFAA2682368A2EB0902CF
:10D56000A260009A91685B44491B2360916029B1D5
:10D57000B4F90CC0D6E900A50836A4E7002003B032
:10D58000BDE8F08F21464046FFF700FE68B3B4F9CE
:10D590000C3043F04003A3814FF0FF30EFE7002051
:10D5A00070471D469A461846B946009365B3002851
:10D5B00031D05246D4E904132068AA4228BF2A4633
:10D5C000884204D9A16803EB010B5A457CDC9342E5
:10D5D0006DDCE169009A676A4046B847B0F1000B1C
:10D5E000D5DDBAEB0B0ACDD00120D9F80830A3EB7A
:10D5F0000B03C9F80830002BC0D0009BA5EB0B052E
:10D600005B440093002DD2D1756833460836002D57
:10D61000FAD01B680093009F2A460A21384601F081
:10D6200035F8002871D00130A0EB070AC1E7226964
:10D630009A4221D36269AA421ED86FF00043AB42DE
:10D6400028BF2B46E16993FBF2F3676A02FB03F301
:10D6500040465246B847B0F1000998DD009A9368F9
:10D66000A3EB0903A5EB09059360002B86D0B4F961
:10D670000CC02368CA4426E7A94528BFA946184616
:10D680004A46514600F016FAA2682368A2EB090246
:10D690004B44A2602360002AE0D121464046FFF7B8
:10D6A00075FD0028DAD072E7A946AB4650E700992D
:10D6B000019200F0FFF9019AA3689B1AA360236806
:10D6C0001344236093468CE700995A4600F0F2F920
:10D6D00023685B44236021464046FFF757FD00283E
:10D6E0003FF47FAF53E74046FEF7E4F803460028D7
:10D6F0007FF423AF2169404601F028F9A3890C2269
:10D70000C8F8002023F0800343E76A1C924651E7E3
:10D710000C22B4F90C30C8F800203AE700FCFF7F77
:10D720002DE9F8430746884616464FF0000975680C
:10D73000013D11D4B468A389012B08D9B4F90E3086
:10D7400001332146384602D0C04749EA0009013D6D
:10D750006B1C04F16804EED13668002EE7D1484610
:10D76000BDE8F8830FB400B5074983B004AB08687F
:10D7700053F8042B8168019303F0B0FE03B05DF809
:10D7800004EB04B0704700BFF87D00200CB430B546
:10D79000144B0D1E1C689DB01FDB14BF012200221C
:10D7A000AA1A114B0593002121AB1B910290069000
:10D7B0000492079202A9209A0193204601F06AFE82
:10D7C000431CBCBF8B23236015B1029B00221A703F
:10D7D0001DB0BDE8304002B070478B2323604FF08E
:10D7E000FF30F5E7F87D00200802FFFF10B50C467A
:10D7F000B1F90E1000F058FD002803DB236D03443F
:10D80000236510BDA38923F48053A38110BD00BFFD
:10D810002DE9F0411F46B1F90C301646DA050C46E9
:10D8200005460BD423F48053A381B4F90E103B4674
:10D8300032462846BDE8F04100F05EBD0223B1F952
:10D840000E10002200F01AFDB4F90C30EAE700BF18
:10D8500010B50C46B1F90E1000F010FDB4F90C3003
:10D86000421C0EBF23F4805343F480532065A381F0
:10D8700010BD00BFB1F90E1000F0EEBC70B5ADF5F3
:10D88000067D0E46009313464FF40072059206A9DA
:10D8900005AA054600F096F898B10246059B03904C
:10D8A0003146284600F028FD039A059006AB9A42BF
:10D8B00004D02846114601F049F805980DF5067D7B
:10D8C00070BD4FF0FF30F9E700B5DFF818E084468F
:10D8D0001346DEF800005DF804EB0A466146FFF7E8
:10D8E000CDBF00BFF87D002010B5354B0446186849
:10D8F00082B00B4610B1426B002A53D0B3F90C2012
:10D90000110711D51869C8B1B3F90C2012F0010143
:10D9100026D059694FF0000C4942C3F808C09961FC
:10D9200020B3002002B010BDD00640D5510723D44B
:10D93000186942F008029A810028E5D19A8902F418
:10D940002072B2F5007FDFD019462046019305F022
:10D9500057FF019BB3F90C20186912F00101D8D1CF
:10D96000940758BF596999600028DAD11106D9D5B2
:10D9700042F040029A811FE0196B61B103F140004F
:10D98000814206D02046019300F0E0FF019BB3F9ED
:10D990000C200021196318690021C3E9000122F05D
:10D9A0002402C6E70191FFF715FD019BA6E70921B7
:10D9B00042F0400221609A814FF0FF30B2E700BF91
:10D9C000F87D002010B59AB021B1D2F800C0BCF1AA
:10D9D000000F1CD100214FF4227CADF80CC019912E
:10D9E000009104914FF6FF7C02910591144669461F
:10D9F0001A461C9BADF80EC001F04CFD002814DB4C
:10DA0000009B206000221A7004981AB010BD00918B
:10DA1000049161464FF4C16CADF80CC04FF0000C9E
:10DA2000CDF864C0DEDA8B23036000201AB010BD8D
:10DA3000032A11D8002A3BD0013A431E013902447F
:10DA400001E09A4234D013F8010F11F801CF60457C
:10DA5000F7D0A0EB0C00704710B541EA0004A40712
:10DA600084460B460FD0013A431E0139024401E0BF
:10DA70009A421BD013F8010F11F801CF6045F7D07F
:10DA8000A0EB0C0010BDDCF80040D3F800E07445BA
:10DA90001946604603F104030CF1040CE3D1043A87
:10DAA000032AF0D860461946002ADCD1002010BDB8
:10DAB00000207047884270B531D98B1883422ED927
:10DAC000032A00EB02011DD941EA030C1CF0030FED
:10DAD0001D4618D14FEA920C0CF1FF36A1EB8C04D5
:10DAE0008C4653F804ED4CF804EDA445F9D1C6EB8F
:10DAF000867301EB830105EB830CACF1040304395D
:10DB000002F0030252B102F1FF3C6FEA0C0C9C449C
:10DB100013F8012D01F8012D6345F9D170BD032AD9
:10DB200050D941EA00039B074ED10F2A51D922F068
:10DB30000F0301F1100601F1100C103B203100F130
:10DB4000100E19445CF8104C4EF8104C5CF80C4C5C
:10DB50004EF80C4C5CF8084C4EF8084C5CF8044C41
:10DB60004EF8044C0CF1100C8C450EF1100EE9D15E
:10DB7000F11812F00C0F034402F00F0503F110032B
:10DB800025D025F0030CACF1040426461A1F1C19FD
:10DB90008C465CF804EB42F804EFA242F9D1043160
:10DBA00004333144334405F00302002AB6D0013A6D
:10DBB0000132013B0A4411F801CB03F801CF914235
:10DBC000F9D170BD0346F0E7013A0346F0E72A4673
:10DBD000EBE703461546D4E730B58407864603468F
:10DBE00006D0A2B303F8011B980702F1FF32F8D167
:10DBF000032A26D95FFA81FC0CEB0C2C0F2A0CEBC4
:10DC00000C402AD922F00F0C9C44C3E90000C3E960
:10DC1000020010336345F8D112F00C0F02F00F042C
:10DC200017D04FEA940C0CF1FF351A4603EB8C0C1D
:10DC300042F8040B6245FBD1043304F0030203EB0A
:10DC4000850322B11A4403F8011B9A42FBD17046A6
:10DC500030BD2246002AF5D1F9E71446E1E700BFBE
:10DC600011F0FF01034600F003023AD092BB0268B4
:10DC700001EB012303EB034383EA020C10B51C46BE
:10DC8000A2F1013323EA0203ACF1013222EA0C02D1
:10DC9000134313F0803F0FD150F804CF8CEA040EE9
:10DCA000ACF10133AEF1013223EA0C0322EA0E0299
:10DCB000134313F0803FEFD0037823B936E010F818
:10DCC000013F002B32D09942F9D110BD8A4228D0B1
:10DCD0009A0729D01A7818460133002AF6D110463F
:10DCE0007047CAB90268A2F1013323EA020313F0B4
:10DCF000803F08D150F8042FA2F1013323EA020338
:10DD000013F0803FF6D003785BB110F8013F002B91
:10DD1000FBD17047990705D01A7818460133002ABD
:10DD2000F8D170471846DDE71846A0E7184610BD41
:10DD30008AB340EA01039B0730B504468E4618D1EA
:10DD4000032A07D815E0043A23D01CF0803F20D1E5
:10DD5000032A26D92368DEF80050A3F10131AB4233
:10DD600021EA030C2046714604F104040EF1040E6E
:10DD7000E9D003780C78A3420FD1013A024406E0BF
:10DD80006BB110F8013F11F8014FA34205D1904249
:10DD9000F6D1002030BD10467047181B30BD184624
:10DDA00030BD20467146E4E710B5044608438307BA
:10DDB00001D1032A19D8A44601F1FF3E07E01EF85D
:10DDC000011F03F8011B501E31B19C4602466346F9
:10DDD000002AF4D1204610BD94440028FAD003F85C
:10DDE000011B6345FBD1204610BD0B46A4461868B5
:10DDF0001946A0F1013323EA000313F0803F01F13B
:10DE00000403D9D1043A032A4CF8040BEFD819467D
:10DE1000D2E700BF01292DE9F04115465BD94FF04B
:10DE20000108C64600224FF0FF34434608E0A3EB4A
:10DE300004081A464FF0010E02EB0E03994210D966
:10DE400000EB040CC75C1CF80E60B742EFD332D075
:10DE50004FF001081446C646424402EB0E039942B5
:10DE6000EED80127C5F80080BE4600224FF0FF36ED
:10DE70003B4607E09F1B1A464FF0010E02EB0E03D4
:10DE8000994210D900EB060C10F803801CF80EC064
:10DE9000E045EFD817D001271646BE463A4402EBBC
:10DEA0000E039942EED80136601C864201D32F60E2
:10DEB0003046BDE8F081C6450ABF72440EF1010E3E
:10DEC0004FF0010EB8E7BE450ABF72440EF1010ED5
:10DED0004FF0010ED2E701270026E8E72DE9F04FC9
:10DEE0009346ADF21C4D0746894605AA1946584689
:10DEF0001C46FFF78FFF05AB82460DF2144143F835
:10DF0000044F8B42FBD16CB1601E58440BF1FF32C1
:10DF100012F8011FA31A013B06AE5B44824246F889
:10DF20002130F5D1059B029352460BEB0301584675
:10DF3000FFF77EFD002878D144F400638046054653
:10DF4000A9EB04010393661EA94213D307EB050E48
:10DF500006AA1EF8063052F82330D3B1B8F1000FEC
:10DF600003D0029A9A4288BFA31A1D44A9424FF0D7
:10DF70000008EBD2039907EB090005F0B3FC8144DC
:10DF8000A9EB0401A942E1D200200DF21C4DBDE82D
:10DF9000F08FD045434638BF5346B3421BD20BF1F6
:10DFA000FF3018440EEB0302019502E00133B34247
:10DFB00010D0157810F801CFAC4502F10102F5D070
:10DFC0009E42019D07D9CAF101022A44D5184FF09B
:10DFD0000008B9E7019DD04580F0888007EB0A0270
:10DFE0002A440AF1FF330BEB0A00019502E0984541
:10DFF00011D0013B10F801CD12F8015DAC45F6D00F
:10E00000019D013308F10108984509D8029B1D4480
:10E01000A4EB030898E708F101089845019DF5D99C
:10E0200070460DF21C4DBDE8F08FA4EB0A0353457A
:10E0300038BF534601330293661E44F40063002543
:10E04000A9EB0401019307EB0608A94208D318F8CD
:10E05000052006AB53F822309BB11D44A942F6D2ED
:10E06000019907EB090005F03DFC8144A9EB04018F
:10E07000A94289D318F8052006AB53F82230002BAB
:10E08000EBD1564519D90BF1FF3007EB0A03504489
:10E090002B44524602E0013296420ED093F800C063
:10E0A00010F801EFE64503F10103F4D0964204D9DC
:10E0B000CAF101032B449D18C7E7BAF1000F10D035
:10E0C00007EB0A0028440BEB0A0201E05A4508D08E
:10E0D00010F801CD12F801EDE645F7D0029B1D4482
:10E0E000BCE778190DF21C4DBDE8F08F534689E767
:10E0F0002DE9F0410D7890B00446002D48D04A78C3
:10E10000002A68D08B78002B46D0C878002877D0BA
:10E110000B79002B65D008460E4600F007FB05463C
:10E1200040F40071204605F0DDFB854242D8FE2D0B
:10E130007FD8401B27184022691C6846FFF74CFD1A
:10E140005DB1721EA81812F8013F03F03F036B4443
:10E15000B11A294490421970F5D1013C635D03F076
:10E160003F036B441B781C44A74203D227E044447E
:10E17000A74224D314F805C00CF03F0CEC442A4607
:10E18000314620469CF80080FFF752FC0028EED173
:10E19000204610B0BDE8F081007842EA054238B16F
:10E1A00040EA03439A4214F8010FF8D1023CEFE72A
:10E1B0009A42FBD00024204610B0BDE8F0817B5D80
:10E1C0007819002BF6D04FF4006105F08BFB074463
:10E1D000A742C2D2EEE7294610B0BDE8F041FFF7F2
:10E1E0003FBD2278002AE5D0096809BA42EA032334
:10E1F000204614F8012FB2B19942F7D1C41EC7E7E7
:10E20000120442EA0562217842EA0323024641EA07
:10E21000020059B1B3EB002F14F8011F4FEA00229E
:10E22000F5D1033CB4E79942C4D1E7E79342C1D1A9
:10E23000F7E701462B463246204610B0BDE8F041D4
:10E24000FFF74CBE014B93F810027047907B002003
:10E2500000487047687D002038B5074C002305460C
:10E2600008462360F9F70CF8431C00D038BD23683A
:10E27000002BFBD02B6038BD389C002038B58C4675
:10E28000084C114605461A46604600232360F9F7FC
:10E2900003F8431C00D038BD2368002BFBD02B6053
:10E2A00038BD00BF389C002038B58C46084C11465C
:10E2B00005461A46604600232360F8F7DFFF431C3B
:10E2C00000D038BD2368002BFBD02B6038BD00BFC9
:10E2D000389C002038B5074C0023054608462360CB
:10E2E000F8F7B4FF431C00D038BD2368002BFBD0E7
:10E2F0002B6038BD389C002038B58C46084C114640
:10E3000005461A46604600232360F8F7FFF9431CD0
:10E3100000D038BD2368002BFBD02B6038BD00BF78
:10E32000389C0020014B1868704700BFF87D002022
:10E3300070B50E4E0E4DAE4208D0761BB6100024BE
:10E3400055F8043B01349847A642F9D8094E0A4DC6
:10E3500006F000FCAE4208D0761BB610002455F83B
:10E36000043B01349847A642F9D870BD182F0060CD
:10E37000182F0060542F0060182F0060704700BFF6
:10E38000704700BF704700BF704700BF082802D128
:10E390004FF48050704708B5FFF7C4FF16230360A1
:10E3A0004FF0FF3008BD00BF0000000002780B787E
:10E3B000012A28BF9A4240F0D8806DE9044540EA1E
:10E3C0000104CDE902676FF0000C4FEA44721AB302
:10E3D00080EA010414F0070F6BD100F0070420F06D
:10E3E000070004F0030521F007014FEAC505F0E836
:10E3F000042314F0040FF1E804670CFA05F462EA50
:10E40000040266EA04060BD063EA0403624667EA84
:10E410000407664604E000BFF0E80423F1E804675F
:10E4200082FA4CF582EA0604A4FA8CF46CBB83FAF7
:10E430004CF583EA0705A5FA8CF595B950E9022356
:10E4400051E9026782FA4CF582EA0604A4FA8CF4D8
:10E4500083FA4CF583EA0705A5FA8CF52543DBD052
:10E460009CB92DBAB5FA85F424F0070427FA04F113
:10E47000DDE9026723FA04F303F0FF0001F0FF0176
:10E48000FDE80445A0EB0100704724BAB4FA84F417
:10E4900024F0070426FA04F1DDE9026722FA04F207
:10E4A00002F0FF0001F0FF01FDE80445A0EB0100D0
:10E4B000704714F0030F3CD110F0030428D150F83A
:10E4C000082B51F8083B82FA4CF582EA0305A5FABD
:10E4D0008CF55DB950F8042C51F8043C82FA4CF5E7
:10E4E00082EA0305A5FA8CF5002DE8D02DBAB5FA1D
:10E4F00085F424F0070423FA04F122FA04F202F06E
:10E50000FF0001F0FF01FDE80445A0EB01007047AA
:10E510004FEAC40420F0030050F8082B21F0030157
:10E5200051F8083B0CFA04F462EA040263EA0403BB
:10E53000C9E710F003041DD0A1EB040120F0030093
:10E54000E40750F8042B06D012D28B785FFAA2F4BD
:10E55000E41A06D12BB1CB785FFAB2F4E41A00D1F9
:10E5600033B920465DF8104B7047A2EB03007047AB
:10E5700001F1040150F8042BCC0721F0030151F8FC
:10E58000043B48D824D222F07F4482FA4CF594EA26
:10E590001325A5FA8CF50AD165B951F8043B84EA34
:10E5A0000204B4EB036F0ED150F8042BEBE74FEAF3
:10E5B000132355E035F07F454DD10878FDE804453B
:10E5C000C0F1000070474FEA126203F0FF0347E01A
:10E5D00002EA1C4482FA4CF594EA1345A5FA8CF53C
:10E5E0000AD165B951F8043B84EA0204B4EB034F45
:10E5F0000CD150F8042BEBE74FEA134330E015EA57
:10E600001C4528D10B884FEA124229E04FEA1242FA
:10E6100003EA1C4324E002F0FF0482FA4CF594EA7A
:10E620001365A5FA8CF50AD165B951F8043B84EA63
:10E630000204B4EB032F09D150F8042BEBE74FEAA7
:10E6400013630DE015F0FF0F05D10B684FEA12229E
:10E6500023F07F4304E04FF00000FDE804457047DD
:10E6600012BA1BBA82FA4CF482EA0304A4FA8CF5BB
:10E67000B5FA85F402FA04F203FA04F34FEA1260E1
:10E68000FDE80445A0EB1360704700BF01F0FF01F7
:10E69000102A2BDB10F0070F08D010F8013B013ACD
:10E6A0008B422DD010F0070F42B3F6D1F0B441EAFF
:10E6B000012141EA014122F007047FF00007002315
:10E6C000F0E80256083C85EA010586EA010685FA6B
:10E6D00047F5A3FA87F586FA47F6A5FA87F68EB9C5
:10E6E000EED1F0BC01F0FF0102F0070232B110F8E8
:10E6F000013B013A83EA010313B1F8D100207047CE
:10E7000001387047002D06BF35460338073815F02D
:10E71000010F07D1013015F4807F02BF013015F4DD
:10E72000C03F0130F0BC0138704700BF30B490F8F2
:10E7300000F020F007016FF0000C10F0070491F8D2
:10E7400020F040F048804FF000046FF00700D1E95E
:10E75000002391F840F000F1080082FA4CF2A4FA8C
:10E760008CF283FA4CF3A2FA8CF34BBBD1E902236F
:10E7700082FA4CF200F10800A4FA8CF283FA4CF30E
:10E78000A2FA8CF3E3B9D1E9042382FA4CF200F146
:10E790000800A4FA8CF283FA4CF3A2FA8CF37BB94A
:10E7A000D1E9062301F1200182FA4CF200F10800C0
:10E7B000A4FA8CF283FA4CF3A2FA8CF3002BC6D0A5
:10E7C000002A04BF04301A4612BAB2FA82F200EBF1
:10E7D000D20030BC7047D1E9002304F00305C4F136
:10E7E00000004FEAC50514F0040F91F840F00CFA50
:10E7F00005F562EA05021CBF63EA050362464FF0B5
:10E800000004AAE7F0B51D4C83B0054620680191CD
:10E8100016461F46FFF7B6FD194A0199136823B340
:10E820005A6820681F2A23DC4DB9541C02325C60F0
:10E8300043F82210FFF7A8FD002003B0F0BD03EB62
:10E84000820E0124CEF88860D3F88861944046EAAD
:10E85000040C022DC3F888C1CEF80871E5D1D3F8B5
:10E860008C512543C3F88C51DFE7064B1360D7E783
:10E87000FFF78AFD4FF0FF30DFE700BF847B002009
:10E8800040930020449300200148FFF77BBD00BF68
:10E89000D89400200148FFF777BD00BFD89400202E
:10E8A000F8B5064608200C46FFF770FD07463046CF
:10E8B000FCF7DEFF224A93685D6825F00305A5F1A9
:10E8C00011031C1B3C44B4FBF7F4013C07FB04F4AC
:10E8D000A74208DC00213046FFF7FCFC184A936889
:10E8E0002B44984204D03046FCF7C8FF0020F8BD06
:10E8F00061423046FFF7EEFC0130114A0DD011495C
:10E9000093682D1B45F001055D600B6830461B1BAD
:10E910000B60FCF7B3FF0120F8BD00213046FFF784
:10E92000D9FC074A9268831A0F2BDCDD43F0010300
:10E930005360054B03491B68C01A0860D3E700BF4A
:10E9400060720020E4940020E47D0020002965D05E
:10E950002DE9F0410C460746FCF78AFF54F804EC19
:10E960007D49A4F1080C2EF001030CEB03028D6825
:10E970005068954220F003000EF0010600F08B80F5
:10E98000151850606D6805F00105A846AEBB54F837
:10E99000084CACEB040C2344DCF8084001F1080EF1
:10E9A00074456BD0DCF80C50E560AC60B8F1000F3A
:10E9B00000F08C8043F00100CCF804001360B3F544
:10E9C000007F35D2DA0848685C090132012312B2AF
:10E9D000A34003434B6051F83200CCF8080001EB30
:10E9E000C203083BCCF80C3041F832C0C0F80CC070
:10E9F0003846BDE8F041FCF741BF85B9034401F159
:10EA0000080E9068704543F001047AD0D268C26065
:10EA10009060CCF804404CF80330D0E770474EF0DB
:10EA20000102B3F5007F44F8042C4CF80330C9D33D
:10EA3000B3F5206F4FEA53204AD2980900F139020A
:10EA400012B200F13804D20088188A58083890426F
:10EA500003D15FE09268904204D0516821F0030135
:10EA60009942F7D8D068CCE90220C0F808C03846EF
:10EA7000C2F80CC0BDE8F041FCF700BFA5BB1844CC
:10EA8000D2E90223D3609A6040F00103CCF804304D
:10EA90004CF80000ACE7184446B954F8083CACEB1D
:10EAA000030C1844DCE90223D3609A6040F00103B0
:10EAB000CCF80430294BC1F808C01B68834297D8B2
:10EAC000274B38461968FFF7EBFE91E7034498E7B8
:10EAD00014280FD9542824D8180B00F16F0212B251
:10EAE00000F16E04D200AFE743F00101CCF804104E
:10EAF00013607DE700F15C0212B200F15B04D2000A
:10EB0000A2E7C1E904CCCCE902EECCF804404CF811
:10EB100003306DE7A4100123A3404C6823434B60EE
:10EB2000A1E7B0F5AA7F07D8D80B00F1780212B29E
:10EB300000F17704D20087E740F25452904206D8A1
:10EB4000980C00F17D0200F17C04D2007CE74FF4C8
:10EB50007E727E2478E700BF60720020E87D00208E
:10EB600014950020DFF850C010B50CF5806E5CF8ED
:10EB7000083F5C6824F003040F2CD4BF0020012060
:10EB80002146DCF80C309C4508D05A68DB6822F03E
:10EB900003029C45114400F10100F6D10CF1080C70
:10EBA000E645EED1034B1A685860521AC3E90721B3
:10EBB0005C6210BDE49400206072002038B5044609
:10EBC00008460D46FCF754FEFFF7CCFFDFF824E0C3
:10EBD000BEE80F00A446ACE80F00BEE80F00ACE8AA
:10EBE0000F009EE803008CE803002846FCF746FE71
:10EBF000204638BDE494002082B049B15AB16BB1CF
:10EC000013780B601278101E18BF012002B07047F5
:10EC100001A9002AF3D1104602B070476FF001003D
:10EC2000F4E700BF30B5436C83B005460C4653B1E2
:10EC300053F8240088B1026843F824200023C0E977
:10EC4000033303B030BD21220421FCF7A3FA0346AD
:10EC500068640028ECD10020F3E7012101FA04F3F5
:10EC60005A1D920028460193FCF794FA0028F2D02E
:10EC7000019B44608360E1E731B1436C4A6853F81B
:10EC80002200086043F82210704700BF2DE9F041D0
:10EC90000E6917460D461C4601F114024FF0000E96
:10ECA00011688BB207FB03434FEA134C090C07FBB7
:10ECB00001CC0EF1010E9BB203EB0C43764542F8FA
:10ECC000043B4FEA1C44EBDC3CB1AB68B34207DDCC
:10ECD00005EB860301365C612E612846BDE8F081B4
:10ECE000696801318046FFF79DFF0746B0B12A6988
:10ECF000023205F10C0192000C30F8F73FF8D8F819
:10ED000044306A6853F82210296043F822503D4687
:10ED100005EB860301365C612E61DEE7024B03489A
:10ED20003A46BA2104F05AFEBC5C0020D05C0020B8
:10ED3000B0F5803F034636BF030400201020B3F136
:10ED4000807F3CBF1B020830B3F1805F06D3B3F174
:10ED5000804F0FD29A0012D4033070471A01B2F1DB
:10ED6000804F00F1040006D29B0108D45B00F3D46D
:10ED7000202070471A46002AFBDB01307047023022
:10ED8000704700BF0368590708D0DA071FD49907F6
:10ED90002AD55B0803600122104670479AB282B9F7
:10EDA0001B0CDAB2B2B11022190701D104321B09CF
:10EDB000990714D0D90701D401325B0803601046CB
:10EDC0007047DAB24AB11A0717D10422EFE70022DE
:10EDD0001046704718221B0AE6E70822FBE759078E
:10EDE00007D502329B08E9E79B0802220360104620
:10EDF0007047DB0804D12022CEE7DB080322DDE7E1
:10EE00000332DBE738B5436C04460D464BB1586816
:10EE1000B0B102685A6000220123C0E903234561B2
:10EE200038BD21220421FCF7B5F9034660640028AF
:10EE3000EDD1094B0948002240F2451104F0CEFD06
:10EE40001C2201212046FCF7A5F90028F1D001225F
:10EE50000223C0E90123DEE7BC5C0020D05C002077
:10EE60002DE9F04F0F691569AF4285B00E46904607
:10EE700005DB2A4643463D46884617461E46D8F8D7
:10EE80000830D8F80410EC19A342B8BF0131FFF7DD
:10EE9000C9FE8446002800F09C80143000EB840EEC
:10EEA000704505D20346002143F8041B9E45FBD85C
:10EEB000143606EB870296427CD208F1140707EB62
:10EEC0008505A5EB080308F11508A845A3F115036E
:10EED000CDE902E44FEA930A8CBF00240124914655
:10EEE000E34605E0090C34D1B14500F104005ED9D8
:10EEF00056F8041B8AB2002AF4D0CDE90090B84637
:10EF00008646002358F8041BDEF800001FFA81F93A
:10EF10004FEA114C81B202FB0911000C194402FBAB
:10EF20000C0000EB114089B241EA004145454EF822
:10EF3000041B4FEA1043E5D8DDE90090002C4FEAAE
:10EF40008A0208BF00220244536056F8041C090CD0
:10EF5000CAD00368CDF800908846BC468646002299
:10EF60001946BCF8009008FB092909EB11499BB22E
:10EF700043EA09434EF8043B5CF8043BDEF800101A
:10EF80001B0C8AB208FB032303EB194365454FEAC8
:10EF90001342E6D8002C4FEA8A02DDF8009008BF41
:10EFA00000220244B145536000F10400A0D8DDE91D
:10EFB00002E4DC46002C02DC05E0013C03D05EF8F4
:10EFC000043D002BF9D06046CCF8104005B0BDE8F8
:10EFD000F08F034B034862464FF4B17104F0FEFC1E
:10EFE000BC5C0020D05C0020F8B512F0030314468E
:10EFF00007462FD10E46A4102AD03D6C002D32D0EA
:10F0000004F0010364103BB92868B8B1054604F068
:10F0100001036410002BF7D02A4631463846FFF72B
:10F020001FFF36B17B6C716853F82120326043F8C2
:10F03000216074B1064628680028E7D12A4629468F
:10F040003846FFF70DFF0023286003600546DEE722
:10F050003046F8BD013B0F4A52F823200023FFF74A
:10F0600015FE0646C7E701213846FFF7DBFD0546DA
:10F0700040B1012340F27122C0E904320023386418
:10F080000360BDE7044B05482A4640F2451104F0F1
:10F09000A5FC00BF74710020BC5C0020D05C002087
:10F0A0002DE9F0470D4691462E69AB68496806EB9D
:10F0B0006216741C9C4207464FEA621804DD5B002E
:10F0C0009C4201F10101FADC3846FFF7ABFD8446B2
:10F0D00000284FD0B8F1000F00F114000BDD08F14B
:10F0E00005010CEB81010346002243F8042B8B42FF
:10F0F000FBD100EB8800296905F1140319F01F0802
:10F1000003EB810E2ED0C8F1200902464FF0000A11
:10F11000196801FA08F141EA0A0142F8041B53F8A0
:10F12000041B9E4521FA09FAF2D8AEEB0503153B04
:10F1300023F0030305F11502964538BF002304337D
:10F1400040F803A0BAF1000F00D134467B6C6A6826
:10F15000CCF8104053F822102960604643F8225042
:10F16000BDE8F087043853F8042B40F8042F9E457F
:10F17000F9D8EAE7034B044862464FF4EF7104F014
:10F180002DFC00BFBC5C0020D05C002003690A6934
:10F1900000B5B3EB020E12D100F1140C14310CEBDC
:10F1A000820301EB820101E09C4508D253F8040D73
:10F1B00051F8042D9042F7D003D24FF0FF3E704635
:10F1C00000BD4FF0010E704600BD00BF2DE9F04FAD
:10F1D00017460A693B69A2EB0308B8F1000F83B038
:10F1E0000C4615D1143107F1140505EB830501EB2D
:10F1F000830302E0994280F0858053F8046D55F84E
:10F20000042D9642F6D080F08A804FF0010805E088
:10F21000FBDB3B464FF000080F461C467968FFF7C2
:10F2200001FD002800F086803A692669C0F80C804C
:10F2300007F1100107F11408834600F1140704F1E7
:10F24000140008EB820E944600EB86060023B946B4
:10F25000C2460A46019450F8041B52F8045F8CB26F
:10F260001FFA85F8A8EB0408090C9844C1EB154176
:10F2700001EB28411FFA88F848EA0144864249F820
:10F28000044B4FEA2143E6D8A146019C301B1538B8
:10F29000153420F00300A64238BF00200AEB00011D
:10F2A0000431C4198E4562460846DC4698BF2346A1
:10F2B0001AD9A7EB0A070434C61950F8045B13FAED
:10F2C00085F82B442D0C05EB28459BB243EA0549F4
:10F2D0008645C6F800904FEA2543EDD80EF1FF337E
:10F2E0005B1A23F003032344B9F1000F04D153F850
:10F2F000041D013A0029FAD06046CCF8102003B072
:10F30000BDE8F08F0021FFF78DFC844658B1012243
:10F310000023C0E90423604603B0BDE8F08F3B46FC
:10F3200027461C467AE7074B0748624640F23721DA
:10F3300004F054FB0246034B034840F2452104F01D
:10F340004DFB00BFBC5C0020D05C00202DE9F043E9
:10F35000894683B0012157EC106B9046FFF762FCA1
:10F360000446002846D0C7F30A55C7F313030DB16E
:10F3700043F480130193331E15D101A8FFF702FD5A
:10F38000019B636101212030216115B3A5F2334552
:10F390000544C0F13500C9F80050C8F80000204607
:10F3A00003B0BDE8F08368460093FFF7EBFCDDE9AE
:10F3B000002328B1C0F1200103FA01F10A43C34040
:10F3C000002B0CBF012102216261A3612161002D8C
:10F3D000DCD104EB8103A0F23240C9F800001869C7
:10F3E000FFF7A6FCC0EB4110C8F80000204603B0B0
:10F3F000BDE8F083034B0448224640F20F3104F08D
:10F40000EDFA00BFBC5C0020D05C002049B1FF2AAF
:10F4100002D80A70012070478A2303604FF0FF3042
:10F4200070470846704700BF30B5044687B05BB1EF
:10F4300010480193D0F8C85171B12046A847421C2A
:10F44000019B10D007B030BD00F5827309480193CD
:10F45000D0F8C8510029F0D10A46204603A9A84790
:10F46000421C019BEED100218A221960226007B064
:10F4700030BD00BF907B002010B582B0049CCDE968
:10F4800000344FF0FF3305F0EFFA02B010BD00BFBB
:10F49000000000002DE9F04F2DED028BD1B00C469D
:10F4A0000791904609938246FEF7D2FE03681193B6
:10F4B0001846FFF73BF908221090002120A8FEF71C
:10F4C0008BFBA389180603D52369002B01F06E80FE
:10F4D00000239FED728BCDE92533CDE9143327AAA4
:10F4E0000D932492174612931393059345462C4689
:10F4F0006C4BD3F8CC61FEF7A5FE20AA0346009220
:10F500001AA922465046B047002800F09880C0F261
:10F510008E801A9A252A034601D01C44E8E7B4EBF2
:10F520000508064640F08F8000234FF0FF328DF82B
:10F530005F309B4606930134237804920134994648
:10F54000A9F120035A2B00F2AF80DFE813F0FE028E
:10F55000AD00AD00FA02AD00AD00AD00DD02AD00C2
:10F56000AD00A802B702AD00B302C002AD00BC02FC
:10F570005B005B005B005B005B005B005B005B00B3
:10F580005B00AD00AD00AD00AD00AD00AD00AD0065
:10F590002101AD009C01AC03210121012101AD003D
:10F5A000AD00AD00AD00A803AD00AD000803AD0097
:10F5B000AD00AD007302AD006103AD00AD00980772
:10F5C000AD00AD00AD00AD00AD00AD00AD00AD00D3
:10F5D0002101AD009C018701210121012101ED03E1
:10F5E00087016C00AD000804AD00F8033D0413046E
:10F5F0006C00AD0073026A008303AD00AD00FB0731
:10F60000AD006A00A9F13003002214F8019B02EB5F
:10F61000820203EB4202A9F13003092BF5D90692CD
:10F620008EE723788AE723784BF0200B86E70822C1
:10F63000002120A8FEF7D0FA01231C4458E7B4EBC0
:10F640000508064610D02599269B01314344072919
:10F65000C7E900582693259117DC0837059B4344DA
:10F660000593002E7FF460AF269B002B41F00383AF
:10F67000079B9B8903F04003002B41F0CF86059840
:10F6800051B0BDEC028BBDE8F08F079924AA50461B
:10F6900004F028F80028EBD127AFDFE700000000D6
:10F6A00000000000907B0020B9F1000FDCD00023A7
:10F6B000CDE90B3301228DF8DC908DF85F30089393
:10F6C0000A9204930E9337AD0292269A1BF084039C
:10F6D000904600F005819DF85F1009B3DDF894C0F5
:10F6E00000260CF1010101200132786007290DF19B
:10F6F0005F00CDE92512386000F33E8408377EB103
:10F70000DDF894C00CF1010118A802323860072915
:10F710004FF00200CDE92512786000F3208408370D
:10F72000802B00F06583049B0A995E1A002E00F37B
:10F73000E8801BF4807F40F021810A9B7B601A44A3
:10F74000259B3D600133072B2692259300F3BC8354
:10F7500008371BF0040F05D0069B02995D1A002D97
:10F7600000F31884DDE9053102988142ACBF5B18D3
:10F770001B180593002A40F0778300232593089BEC
:10F780001BB108995046FFF7E1F827AF2546AEE6D2
:10F79000099B073323F00703B3EC028B9FEDA17B9A
:10F7A000B0EEC86BB4EE476BF1EE10FA099300F3BC
:10F7B0003986B4EE488BF1EE10FA81F14685B9F145
:10F7C000610F01F07A83B9F1410F01F07084049B5D
:10F7D000013301F07F82B9F1670F18EE903A4BF4D4
:10F7E000807801F0F584B9F1470F01F0F18400232E
:10F7F000089318EE903A002BC1F20885B0EE487BD2
:10F800000026A9F14103252B01F2DD81DFE813F089
:10F81000A50CDB09DB09DB09700ADD0ADB09DB0962
:10F82000DB09DB09DB09DB09DB09DB09DB09DB09B8
:10F83000DB09DB09DB09DB09DB09DB09DB09DB09A8
:10F84000DB09DB09DB09DB09DB09DB09DB09DB0998
:10F85000A50CDB09DB09DB09700ADD0A1BF0200FB0
:10F8600040F0DE85099A1BF0100F52F8046B41F04E
:10F870001C861BF0400F099201F08E8046F3C038C1
:10F88000434636B21FE2B9F1430F03D01BF0100F0D
:10F8900000F065860822002122A8FEF79DF9099A4A
:10F8A00037AD126822AB29465046FFF7BDFD0A90DE
:10F8B000013001F0AE850A9B23EAE3730293099BB2
:10F8C000269A043309930023CDE90B338DF85F307A
:10F8D000089304930E931BF0840390467FF4FBAED1
:10F8E0000699029E8E1B002E00F321849DF85F1066
:10F8F00000297FF4F3AE049B0A995E1A002E7FF76D
:10F9000018AF4A49259B0F91102E27DD39464FF03D
:10F91000100837462E462546079C04E0103F102F5E
:10F9200001F1080116DD013340481032072BC1E90F
:10F930000008CDE92532F1DD24AA2146504603F026
:10F94000D1FE002840F09882103F102FDDE92532CB
:10F9500027A9E8DC2C4635463E460F4601330F9971
:10F9600039603244072BCDE925327E6000F3648490
:10F970001BF4807F07F108073FF4DFAEB9F1650F94
:10F9800040F3AC82B5EE408BF1EE10FA40F05283BA
:10F99000259B27493960013301320121072B26922B
:10F9A0002593796000F37F870837199B0D998B4267
:10F9B00080F2EB84109B11991A44C7E90013259B30
:10F9C00026920133072B259300F3D38508370D9B2F
:10F9D0005D1E002D7FF7BDAE1449259B0F91102DA4
:10F9E00040F39787A146DDF81C8010260C4604E002
:10F9F0000837103D102D40F38B8701331032072B51
:10FA0000C7E90046CDE92532F2DD24AA4146504639
:10FA100003F068FE002840F02F82DDE9253227AF91
:10FA2000E7E700BFFFFFFFFFFFFFEF7F407200200F
:10FA3000C0400020DDF8248058F8045B00238DF8D6
:10FA40005F30002D00F0A185B9F1530F00F037872A
:10FA50001BF010030B9340F03287049B002BC1F284
:10FA6000FC801A460B992846FEF710FE9DF85F3081
:10FA70000890002801F04884089A521B0A9222EA52
:10FA8000E27202920BB1013202920B9BCDF82480FC
:10FA900004930E930C9308934FF0730915E6099B9A
:10FAA00053F8042B0692002A80F27584069A099373
:10FAB0005242069223784BF0040B3FE52B238DF83E
:10FAC0005F3023783AE523784BF0800B36E521460A
:10FAD00011F8019BB9F12A0F01F09084A9F13003CC
:10FAE000092B98BF002201F2DD8211F8019B02EB85
:10FAF000820203EB4202A9F13003092BF5D942EA55
:10FB0000E27304930C461BE55046FEF7A1FB4368E5
:10FB100013931846FEF70AFE159006465046FEF768
:10FB200097FB826823781492002E3FF407AD002AD9
:10FB30003FF404AD1278002A3FF400AD4BF4806B23
:10FB4000FCE423784BF0010BF8E49DF85F20237868
:10FB5000002A7FF4F3AC20228DF85F20EEE41BF046
:10FB6000200F4BF0100000F02884099B073323F08E
:10FB700007031A46596852F8083B099200228DF88B
:10FB80005F20049A002A18DB53EA010220F4906BEC
:10FB900015D1049A9AB910F001031A46029300F0A5
:10FBA000738630238DF83F31049B0A92CDE90B33E5
:10FBB0000E9308930DF23F1587E520F4806B50AD4E
:10FBC00003F00702DB0843EA4173C908303253EA05
:10FBD0000106284605F8012DF2D11BF0010F00F0B7
:10FBE0001582302A00F012823023049905F8013C76
:10FBF000023850AB1B1A99424FF00002B8BF1946A9
:10FC0000CDE90B2208920A93054602910E925CE51B
:10FC10001BF0200F4BF0100121D1099B1A1D099BED
:10FC200004981B684FF0000840458DF85F801E4621
:10FC300059DB21F0800B002B40F08C8509920028C5
:10FC400040F0E983CDE90B000A900E9002900890F5
:10FC500050AD3AE51BF0200F00F0BE835946099BDA
:10FC6000073323F0070200238DF85F30049BD2F89E
:10FC7000048052F8086B0992002B35DB56EA080322
:10FC800021F0800B31D1049B002B40F0C483CDE9DF
:10FC90000B330A930E930293089350AD15E5237826
:10FCA0004BF0080B4AE41BF0200F4BF0100300F060
:10FCB0007A83099A073222F007029B46536852F86A
:10FCC000086B09929846002BC0F2C282049A002A5F
:10FCD0000BDB56EA08032BF0800B06D1002A00F05C
:10FCE0004187302607E009928B460A2E78F10003FF
:10FCF00080F0BF823036049A9DF85F308DF83F6106
:10FD0000012AB8BF0122029201220A920DF23F1588
:10FD1000002B01F06D83029B013302930023CDE998
:10FD20000B3308930E93D0E42378682B03BF6378DA
:10FD30004BF4007B01344BF0400BFFF7FFBB099AFB
:10FD40001BF0200F02F1040300F08883126805996C
:10FD50001160C917516009932546FFF7C8BB237886
:10FD60006C2B03BF63784BF0200B01344BF0100B6E
:10FD7000FFF7E4BB099A049E52F8041B002047F6E3
:10FD800030038642ADF860308DF85F000B46C0F25C
:10FD9000DB832BF0800545F0020B002940F0D68371
:10FDA000002E00F0E686099230230122CDE90A21D7
:10FDB0000E918DF83F3102960DF23F154FF0780904
:10FDC0008E4608910C91A5E31BF0200F40F025838F
:10FDD000099A1BF0100F52F8043B41F05E831BF0B0
:10FDE000400F00F0E9859BB2099258460021C5E614
:10FDF000069B02995E1A002E7FF795AC8B49259BD6
:10FE00000F91102E24DD38464FF010082F4619466A
:10FE10002546864C04E0103E102E00F1080013DD4C
:10FE2000013110320729C0E90048CDE92512F2DD81
:10FE3000079924AA504603F055FCE8B9103E102E4D
:10FE4000DDE9251227A8EBDC2C460B463D4607468C
:10FE500001330F9939603244072BCDE925327E609A
:10FE600000F3638508375EE4079924AA504603F03F
:10FE700039FC00283FF481AC089B002B3FF4F8AB21
:10FE800008995046FEF762FD079B9B8903F04003EB
:10FE9000FFF7F2BB109B11991A44C7E90013259B89
:10FEA00026920133072B259300F3068707F10801FB
:10FEB0000028C1F21E810D980D6001330244072B0A
:10FEC000CDE92532486046DD079924AA504603F063
:10FED00009FC0028D0D1269A27AF3AE40D98259B3B
:10FEE000012802F1010203F1010307F1080140F3C7
:10FEF00064810120072BCDE925323D60786000F355
:10FF00002C821098119E01330244072BC1E9006036
:10FF1000CDE9253200F32D8208310D98B5EE408BE6
:10FF2000F1EE10FA00F1FF3600F05F810133013588
:10FF30003244072BCDE925320D604E6000F3498134
:10FF400008311298486001330244072B1CA8CDE900
:10FF500025320860B8DC01F10807FFF7FABB079902
:10FF60000F9324AA504603F0BDFB002884D1269AA3
:10FF70000F9B27AFFFF7D4BB07990F9324AA5046D6
:10FF800003F0B0FB00287FF477AF269A0F9B27AFD2
:10FF9000FFF7B5BB102D259B41F3D580A046DDF8BA
:10FFA0001C90234C102604E0103D102D07F108078B
:10FFB00015DD01331032072BC7E90046CDE92532A4
:10FFC000F2DD24AA4946504603F08CFB00287FF45A
:10FFD00053AF103D102DDDE9253227AFE9DC214676
:10FFE0004446884601332A44072BC7E90085CDE9FA
:10FFF00025327FF7B7AB079924AA504603F072FB6E
:02000004600397
:1000000000287FF439AF269AFFF7ACBB049950AAB9
:10001000521B91424FF00003B8BF1146CDE90B339C
:1000200008930A9202910E93FFF74FBB4072002093
:100030008C6C00201998002840F300840B9B0D99CC
:100040008B42A8BF0B46002B98460ADD1A44C7E92D
:100050000053259B26920133072B259300F3B48789
:1000600008370B9EB8F1000FA8BFA6EB0806002EBC
:1000700000F3AB820B9B1BF4806F03EB050940F090
:10008000CA82199B0D998B4203DB1BF0010F00F014
:100090007D85109911980A44C7E900012599269297
:1000A00001310729259100F39B8708370D996E18B8
:1000B000A6EB0906CD1AAE42A8BF2E46002E0BDDD8
:1000C000259BC7F8009001333244072B7E602692AF
:1000D000259300F3D3870837002EA8BFAD1B002D52
:1000E0007FF737ABB949259B0F91102D40F3118451
:1000F000A146DDF81C8010260C4604E00837103DB0
:10010000102D40F3058401331032072BC7E9004658
:10011000CDE92532F2DD24AA4146504603F0E2FA49
:1001200000287FF4A9AEDDE9253227AFE7E725995E
:10013000102E404640F361870F943A46A846079C2C
:10014000A34D1F4604E0103E102E02F1080216DDFA
:100150000131103010230729CDE9251015605360B7
:10016000F1DD24AA2146504603F0BCFA00287FF4B2
:1001700083AE103E102EDDE9251027AAE8DC3B46B1
:100180000F9C17462A464546904601F1010C32184D
:10019000BCF1070FCDE925C2C7F800807E6000F3EF
:1001A00036839DF85F100837002940F0F880002B57
:1001B0003FF4B9AA0B46FFF7A5BA1BF0010F7FF475
:1001C00098AE0120072BCDE925323D6078607FF79E
:1001D000B8AE079924AA504603F084FA00287FF4A9
:1001E0004BAEDDE9253227A9ABE60D9801287FF754
:1001F000A8AE112875480F9040F3B783A046079F1B
:100200001025044604E00831103E102E40F3AC8364
:1002100001331032072BC1E90045CDE92532F2DD6B
:1002200024AA3946504603F05DFA00287FF424AE34
:10023000DDE9253227A9E7E7079924AA504603F00C
:1002400051FA00287FF418AE269A27AFFFF771BA4B
:100250002D238DF85F30049B764268EB4808002B15
:10026000FFF643AD0A2E78F100032BF0800BFFF46C
:1002700041AD0294CDF8289050A9DDF85090089730
:100280004FF0000C0BF4806426E016EB0803514895
:1002900043F10003A0FB032020F0030202EB9002D5
:1002A0009B1AF31A4B484FF0CC32B646474602FB36
:1002B00003F268F1000800FB0822A3FB0063BEF113
:1002C0000A0F13444FEA560677F10007294646EA1B
:1002D000C3764FEA53082DD33E4D16EB080343F186
:1002E0000003A5FB032020F0030202EB90029B1AFF
:1002F000F31AA3FB053268F1000005FB00225B083E
:1003000043EAC27303EB8303A6EB430330330CF1E0
:10031000010C01F8013C4D1E002CB6D099F80030BC
:100320006345B2D1BCF1FF0FAFD00A2E78F10003C4
:1003300080F0B3830499029CCDF8509050AB5A1BC7
:100340009142B8BF1146DDF82890089F9DF85F30B4
:10035000CDF834C00A920291DAE4079924AA5046F3
:1003600003F0C0F900287FF487ADDDE9253227A925
:10037000C7E5079924AA504603F0B4F900287FF492
:100380007BADDDE9253227A9C7E51BF0010F3FF45E
:10039000E0A9FFF70FBB09932378FFF7CFB81E46FC
:1003A0000023FFF79EB9099A0432099909920E6851
:1003B0004FEAE6789B46434685E4099B1A1D099B54
:1003C00009921B680021FFF7D9BB00BF40720020D3
:1003D0008C6C0020CDCCCCCC099A1BF0100052F8CC
:1003E000043B41F057801BF0400100F0A8818DF8DC
:1003F0005F009BB204994FF0000841451E46C0F2D1
:10040000A9812BF0800B002B40F0A481049B099262
:10041000002B3FF43CAC00266CE45846FFF7A5BB2C
:100420005B4646E4B5EEC08BF1EE10FA2BF0800B84
:1004300000F11E839DF85F30B9F1470FCCBFA44D8A
:10044000A44D002B40F052870322CDE90B330893D3
:100450000A9204930E930292FFF737B91BF0100F24
:1004600040F07C821BF0400F40F0A7831BF4007F1C
:1004700000F07482099A0599126811706BE4964E27
:100480001BF0200F00F07D81099B073323F0070349
:100490001A46586852F8083B09921BF0010140F0D7
:1004A0005C81049A8DF85F10002AC0F28B8153EAB8
:1004B00000022BF4906B00F0948103F00F02B25C09
:1004C0008DF83F211B0943EA0073020953EA10101B
:1004D0000DF23F150BD003F00F001B09305C05F83F
:1004E000010D43EA0273120953EA0200F3D1049AA0
:1004F00050AB4FF0000E5B1B9A42CDE90BEEB8BF3C
:100500001A460A930292CDF820E0CDF838E000298F
:100510003FF4DBA8029BDDE925C2023302931BF006
:1005200084039046614604D1069E0298361A002E36
:1005300006DCBEF1000F3FF4E5A80226FFF7D1B8B4
:100540000223F5E5654E9BE74BF0020B0992634EE3
:1005500003F00F020221B25C4FF07809B0E7099B6B
:100560001B688DF8DC30012302930A9337ADFFF747
:10057000A6B9079924AA504603F0B4F800287FF4DE
:100580007BAC269A27AFFFF722BA049B0895062B6F
:1005900028BF062302930A932B460495CDE90B331B
:1005A0004F4DCDF824800E93FFF78FB84021504671
:1005B000FAF788FE079B18601861002800F0608732
:1005C000079A40235361FEF783BF102E259B40F30B
:1005D0002E874448DDF81C800F9039464FF01009F3
:1005E000074604E00831103E102E40F32B82013301
:1005F0001032072BC1E90079CDE92532F2DD24AABA
:100600004146504603F06EF800287FF435ACDDE932
:10061000253227A9E7E70D9BDDF83880CDF83CB0FF
:10062000EB1804930C9BDDF81CB00B94002B4E468A
:100630003946DDF85090159F0E9531DDB8F1000F69
:1006400040F32B8108F1FF382598139B01303A4481
:100650000728C1E900372692259000F39F800831D2
:10066000049B99F800009D1B8542A8BF0546002DFC
:100670000CDD259801302A440728C1E9006526923F
:10068000259000F35E8199F800000831002DACBF81
:10069000441B0446002C14DC06440C9B002BCDDCD0
:1006A000B8F1000FCEDCDDE90D35EB189E42CDF838
:1006B00050900B9CDDF83CB0B1460F4628BF9946E0
:1006C000DFE4102C2598074B2BDD10250A9310E052
:1006D000985B00202C5D0020485C00205C5C0020C2
:1006E000705C002040720020103C102C01F10801C9
:1006F00016DD0130AE4B10320728C1E90035CDE9D7
:100700002502F1DD24AA5946504602F0EBFF0028ED
:100710007FF4B2AB103C102CDDE9250227A9E8DC00
:100720000A9B0B60013022440728CDE925024C606A
:1007300000F3588399F8000008310644ADE71BF434
:10074000007840F0328204998DF85F8000291E46BF
:10075000BFF657AE0992FFF7C8BA53EA000237D086
:1007600030228DF8602000228DF85F20049A8DF8E9
:100770006190002A23DB2BF4906242F0020B0221ED
:100780009BE6099A1BF0100F52F8043B099214D112
:100790001BF0400F0DD09BB200207EE624AA5946E4
:1007A000504602F09FFF00287FF466AB269A27A9E7
:1007B00056E71BF4007F40F0F58100206DE64BF01A
:1007C000020B022103F00F022BF4806BB25C77E680
:1007D000049B00218B428DF85F10C0F241812BF405
:1007E000906B049A002A00F0CB80012A33788DF8B0
:1007F0003F31B8BF0122002302920122CDE90B3321
:1008000008930A920E930DF23F15FEF75EBF07990B
:100810000F9324AA504602F065FF00287FF42CAB0A
:100820009DF85F10269A0F9B002900F0AC801E46B1
:10083000DDF894C0034627AFFEF753BF259B5D4903
:100840003960013301320121072B2692259379600B
:1008500000F37C81083700287FF41CAB0D990BF066
:1008600001030B433EF475AF109B11991A44C7E97D
:100870000013259B26920133072B259300F31C823E
:1008800007F10801FFF717BB049B0A93CDE90B336F
:100890000E93089350ADFEF718BF0C9B013B09F176
:1008A000FF390C93D0E6079924AA504602F01AFFAC
:1008B00000287FF4E1AA269A27AFFFF776B808222E
:1008C000002122A81B95FDF787F9049B002B7DDBF7
:1008D00000260294CDF82080344698460EE037A9D1
:1008E0005046FEF7A1FD411C204400F09484404591
:1008F00009DC06F1040600F0008504461B9A9259B3
:1009000022AB002AEBD10A94DDF82080029C6AE039
:100910004C4601330F9939602A44072B7D60CDE99D
:1009200025327EF715AFFFF7CFBA079924AA5046B4
:1009300002F0D8FE00287FF49FAA269A27AFFEF780
:10094000F2BE24AA5946504602F0CCFE00287FF49D
:1009500093AA99F80000269A27A997E6099A05997B
:1009600012681160FFF7F7B9444601330F98086029
:100970003244072BCDE925324E607FF7E1AA28E407
:10098000049BFFF784B9002B00F00981DDF894C0C7
:100990000B4627AFFEF7B6BE1BF4007F16BF46F32B
:1009A000C0184FEAE67876B24346FFF78CB900BF2D
:1009B00040720020C04000201BF4007100F0F9805C
:1009C000DBB2099258460021FFF7D8B822AB00935A
:1009D00000231BAA19465046FEF74EFD0A9001302F
:1009E00000F019841B950A9B002B00F09F80632B5D
:1009F00000F34C810023089337AD0822002122A880
:100A0000FDF7EAF80A9E22AB00931BAA334629465B
:100A10005046FEF731FD864240F042850A9A002397
:100A2000AB5422EAE27202929DF85F20049312B165
:100A3000029A01320292CDE90B33CDF824800E9355
:100A4000FEF743BE0F4601330F9939603244072B3E
:100A5000CDE925327E6000F323810837FFF70ABB1A
:100A600033788DF83F312BF4806B0DF23F153EE566
:100A70002D238DF85F30B9F1470F4FF00003089335
:100A8000049340F3E6800322964D0A92CDE90B339E
:100A90000E9304230293FEF718BE159A1399AD1A0C
:100AA0002846FDF781F999F801300BB109F10109E8
:100AB0008D4A16EB080343F10003A2FB030727F05E
:100AC000030000EB97001B1AF31A4FF0CC3168F1CA
:100AD000000803FB01F102FB0811A3FB02300144F3
:100AE0005B0843EAC1764FEA510816EB080343F16D
:100AF0000003A2FB031020F0030101EB90015B1A3D
:100B0000F31AA3FB023168F100005B0802FB00123C
:100B100043EAC27303EB8303A6EB4303303305F8C8
:100B2000013C4FF0010C013DFFF7F8BB9DF85F3031
:100B3000CDF82480003B18BF012302930A9B049345
:100B4000CDE90B330E930893FEF7BFBD079924AA96
:100B5000504602F0C7FD00287FF48EA91998269A06
:100B600027AF78E69DF85F3002920A9250ADFFF70A
:100B7000CFB8049B0992CDE90A330E930C930293EC
:100B800050AD4FF078099E460893C3E46E18A6EB6B
:100B90000906CD1AAE42A8BF2E46FFF79DBA27AF71
:100BA000FEF7C1BDDBB2002077E48DF85F10DBB249
:100BB00020E409925846FEF7E1BF099A05991268A8
:100BC0001180FFF7C8B822AB01931BAB0093B0EEC6
:100BD000470B049A19AB022150468DED027B02F0BF
:100BE000B1FF9DED027B05461BF0010F40F05582E1
:100BF000229B5A1B199B0D92D81C0B93C0F20182A9
:100C000004999942C0F20B819A4200F392820B9BA5
:100C10000A931BF4806F03D00B9B002B00F32D83F2
:100C20000A9B23EAE373C34602934FF0670900234C
:100C30000E930C930BF00201002E00F0CA804FF0CF
:100C40002D0E8DF85FE0029B013302930023049385
:100C50005DE40322254D0A9218E72846FDF766FD5C
:100C60009DF85F300A9020EAE0720292002B3EF479
:100C70000CAFFEF708BF079C24AA2146504602F09D
:100C800031FDA38903F04003FEF7F6BC591C504622
:100C9000FAF718FB0546002800F0F6830890ACE64A
:100CA000079924AA504602F01DFD00287FF4E4A80D
:100CB000269A27AFFFF7DEB9079924AA504602F01B
:100CC00011FD00287FF4D8A8DDE92532199827A95D
:100CD000FFF7EEB800230893062304934BF48078C3
:100CE000FEF787BD985B0020CDCCCCCC2C5D0020DE
:100CF000049B01330D93022122AB01931BAB0093A4
:100D0000B0EE470B19AB0D9A50468DED027B02F009
:100D100019FF0D9B29F0200CBCF1460F9DED027BC5
:100D2000054600EB030100F09880B5EE407BF1EE44
:100D300010FA00F0D882229B994288BF4FF0450CF0
:100D400040F2CF8230205A1C22921870229B8B4294
:100D5000F9D35B1B0D93BCF1470F199B0B9356D036
:100D6000BCF1460F00F08F800B9B8DF87090013B1B
:100D7000002B1993C0F24C812B22092B8DF8712086
:100D800000F34F8130228DF872200DF17302303361
:100D900002F8013B1CABD31A12930D9B129A012B44
:100DA0001A440A9240F341820A9B109A13440A9310
:100DB0000A9A2BF4806343F4807B22EAE2720023D8
:100DC000CDE90B330E93029234E7049B0D9303217C
:100DD00092E79DF85FE0BEF1000F7FF434AF049618
:100DE000FFF795BB24AA5946504602F07BFC002829
:100DF0007FF442A899F80000269A27A906444CE4FB
:100E0000199B0B934B1BBCF1470F0D933BD10B9BD5
:100E10000333C0F2F680049B0B9A93420FDA0B9BCC
:100E2000013BA9F10209002B8DF870901993A3DA08
:100E30000B9B2D22C3F101038DF87120A2E70D9BBE
:100E40000B9A934200F375811BF0010F0B9B00F08E
:100E5000B282109A13440A93DBE62B78302B00F011
:100E60006182199B1944B5EE407BF1EE10FAC7D0B0
:100E7000229B8B42FFF466AF5B1B0D93BCF1470FC7
:100E8000199B0B93C3D00B99049A0BF00103002913
:100E900043EA020340F3CF82002B40F01A820B9BFF
:100EA0000A934FF066091BF4806F40F0E8810A9BBB
:100EB00023EAE373C3460293B9E647F63003ADF87D
:100EC0006030049B632B4BF0020B00F35C8118EE47
:100ED000903A002BC0F23B81B0EE480B19A802F00B
:100EE00039FDB4EE007B20EE077BB5EE407BF1EEE2
:100EF00010FA40F0408201230026199337AD08967E
:100F0000AE480499B3EE004B2B4606E0B5EE407BAD
:100F1000F1EE10FA00F00F82114627EE047BFDEE91
:100F2000C76B4A1E16EE90CA10F80CE0B8EEE65BEE
:100F30009C4637EE457B03F801EB0029E6D1B6EE7F
:100F4000005BB4EEC57BF1EE10FA08DCB4EE457B35
:100F5000F1EE10FA1ED116EE902AD2071AD5CDF86E
:100F600088C013F8011C90F80FC08C451A460AD1AE
:100F70004FF0300E02F801EC229A511E229112F825
:100F8000011C6145F6D0392916BF0131817AC9B2F9
:100F900002F8011C199A5B1B0D93B9F1610F02F164
:100FA000FF33199300F01F8250214FF04109002BAD
:100FB0008DF87010C0F20E822B22092B8DF8712053
:100FC0002FDC0DF17202E2E6079924AA504602F0E6
:100FD00089FB00287EF450AF269A27AFFFF741B86F
:100FE000079924AA504602F07DFB00287EF444AF06
:100FF000199B269A27AFFFF759B8DFF8CC81FFF786
:10100000C4B80B9BA9F10209013B8DF870901993AC
:101010000B9A2D238DF87130C2F101030832BFF60F
:10102000B1AE0DF17F0CDFF8A4E162461046AEFBD5
:101030000312D20802EB8201A3EB41013031632B92
:1010400000F8011C134600F1FF32EFDC303302F8E8
:10105000013C831E634580F0C8810DF1710213F8D5
:10106000011B02F8011F6345F9D103F5A0736B441E
:10107000CC3B1B1A1CAA9B1A12938EE6079924AA32
:10108000504602F02FFB00287EF4F6AE199D0D9B12
:10109000269A5D1B27AFFFF71FB8049B4FF0470C44
:1010A000E918E0E600230C460493FEF749BA45F63A
:1010B0003003ADF86030049B632B4BF0020B62DC15
:1010C00018EE903A002B42DBB0EE480B19A802F064
:1010D00041FCB4EE007B20EE077BB5EE407BF1EEE9
:1010E00010FA01D10123199300263548089637AD2F
:1010F00007E74642103033480F9052DA10278046F7
:1011000003E00831103E102E4BDD01331032072B67
:10111000C1E90087CDE92532F3DD079924AA5046BD
:1011200002F0E0FA00287EF4A7AEDDE9253227A917
:10113000E8E70D9B109A9A180B9B0A92002B79DD19
:101140004FF06709AFE6DFF88080FEF74BBF002362
:10115000089337AD2D26B1EE487BB0EE470B19A8AA
:1011600002F0F8FBB4EE007B20EE077BB5EE407B8F
:10117000F1EE10FA04BF01231993B9F1610F3FF4A6
:10118000BFAE0F48BDE6049B5046591CFAF79AF8CB
:101190000546002800F03D8108904BF48078FEF76A
:1011A00028BB01330F9808603244072BCDE9253264
:1011B0004E6000F302810831FEF77DBE5C5C0020CA
:1011C000485C0020407200208C6C0020CDCCCCCC40
:1011D000049A002A00F0D480002BC0F22481B0EEE3
:1011E000487B002622AB01931BAB0093B0EE470B6C
:1011F00019AB049A022150468DED027B02F0A2FC4D
:1012000000239DED027B05460893EDE42D26B1EE0B
:10121000487BFEF7F6BA079B9B890022089243F0B1
:101220004003079A9381FEF727BE1BF0010F3FF49E
:10123000BFADB9E5C3F101031A4422EAE273C34624
:101240000A9202934FF06709F1E418EE903A13F016
:1012500000432BF0800B0B9300F09A802D238DF828
:101260005F30B9F1470F4FF000030893049340F348
:10127000F8800322944D0A9208E44FF0670914990C
:101280000B78FF2B00F0F88000200B9A0E9084461C
:1012900003E001300131FF2B09D0934207DAD21A63
:1012A0004B78002BF5D10B780CF1010CF3E7CDE96D
:1012B0000B201491CDF838C00C9A0E9B159913444D
:1012C0000A9A01FB03230A9323EAE373C3460293BA
:1012D000B0E4109B02EB01094B440A934FF06609FE
:1012E000E1E55B1B0D93199B0B933DE50023032266
:1012F00008930A920493FFF7C9BB049B029CDDF894
:1013000020800A93FFF76FBBCDF824801BB3049BAA
:101310000A935A1C029204900E900C904FF073099D
:10132000FEF7D3B9B5EE407BF1EE10FA1ED1199B52
:101330000B93194466E5002A0491FFF62BAE04993D
:10134000302001EB030C194601F8010B6145FBD17C
:101350001A44531C1EE6049B0A930293089B0E93A7
:101360000C9304934FF07309FEF7AFB90D9BC3F1D3
:101370000103199376E500265448089637ADC0E579
:10138000934273DBB0EE487B0123049E049329E76C
:101390009DF85F30B9F1470FCCBF4B4D4C4D002B42
:1013A00040F08680032204930A920E930C930893D4
:1013B0000292FEF78AB90A932BE4079924AA5046B1
:1013C00002F090F900287EF457ADDDE9253227A917
:1013D000FEF771BD2D238DF87130C2F10103083283
:1013E000FFF61FAEEDE57021E1E502231293D4E490
:1013F000CDE90B3308930E93FEF767B9099A63782A
:101400000C4652F8041B099241EAE1710491FEF77F
:1014100095B8079A938943F0400393814FF0FF33C7
:101420000593FEF72CB92D26B1EE487BDAE6294963
:101430000F91FFF708BBC34633B9012302934FF066
:1014400066090A93FFF7F3BB109B03F10109049BA4
:101450004B440A9323EAE37302934FF06609FFF7C4
:10146000E6BB03221A4D0A92FFF710BB01232D267B
:101470000493B1EE487BB5E600230E930C931BE773
:101480000C23CAF80030C9E7079B08909B8943F0FA
:101490004003C6E65946FEF7C2BB5846FEF78FBF6B
:1014A000079B9B8943F04003BBE65B46FEF77DBF8D
:1014B000002304930E930C93089303230A930423AD
:1014C0000293FEF702B900BF945B00205C5C002031
:1014D000305D002040720020000000002DE9F04F38
:1014E0002DED028BD1B0904604911C4682460993A3
:1014F000FCF7AEFE036811931846FDF717F90822B2
:101500001090002120A8FCF767FBBAF1000F04D06F
:10151000DAF83430002B01F0AF81049B5A6EB3F936
:101520000C30D70740F14C859E0400F1C886049921
:1015300043F4005322F400528B814A66950401F172
:10154000F387049BB3F90C301A0740F11185049A14
:101550001269002A00F00C8503F01A020A2A00F032
:10156000168500239FED8D8BCDE92533CDE914330E
:1015700027AA0D9324921746129313930693454678
:101580002C46884BD3F8CC61FCF75CFE20AA0346BE
:1015900000921AA922465046B047002800F0FD8369
:1015A000C0F2F2831A9A252A034601D01C44E8E7C8
:1015B000B4EB0508064640F0F48300234FF0FF32F9
:1015C0008DF85F309B4607930134237805920134F0
:1015D0009946A9F120035A2B5CD8DFE813F0E20208
:1015E0005B005B00DE025B005B005B00C1025B0036
:1015F0005B00230232025B002E02A4025B00A00209
:10160000D000D000D000D000D000D000D000D0005A
:10161000D0005B005B005B005B005B005B005B007D
:10162000E5005B002C014E03E500E500E5005B00F2
:101630005B005B005B009C025B005B0043025B00A5
:101640005B005B00EE015B00A3035B005B00E8074F
:101650005B005B005B005B005B005B005B005B00B2
:10166000E5005B002C011701E500E500E5004403FF
:10167000170113015B003A035B000003EC020F0348
:1016800013015B00EE0111016E035B005B004B0870
:101690005B001101B9F1000F00F095830023CDE943
:1016A0000B3301228DF8DC908DF85F3008930A929D
:1016B00005930E9337AD0292269A1BF08403904651
:1016C00000F0DA809DF85F1009B3DDF894C00026C1
:1016D0000CF1010101200132786007290DF15F0052
:1016E000CDE92512386000F3758408377EB1DDF846
:1016F00094C00CF1010118A80232386007294FF09C
:101700000200CDE92512786000F372840837802B3F
:1017100000F06383059B0A995E1A002E00F3BD80DA
:101720001BF4807F40F0F6800A9B7B601A44259B67
:101730003D600133072B2692259300F3C5830837BC
:101740001BF0040F05D0079B02995D1A002D00F3D2
:101750005D84DDE9063102988142ACBF5B181B183D
:101760000693002A40F0758300232593089B1BB144
:1017700008995046FDF7EAF827AF254600E7A9F19A
:101780003003002214F8019B02EB820203EB4202B9
:10179000A9F13003092BF5D907921AE700000000E0
:1017A00000000000907B0020099B073323F0070313
:1017B000B3EC028B9FEDA57BB0EEC86BB4EE476B2C
:1017C000F1EE10FA099340F3E585B5EEC08BF1EE2A
:1017D00010FA2BF0800B01F1BA839DF85F30B9F15C
:1017E000470FCCBF9B4D9C4D002B41F03086032210
:1017F000CDE90B3308930A9205930E9302925BE7AF
:101800002378E4E623784BF0200BE0E61BF0200F72
:1018100040F01586099A1BF0100F52F8046B41F046
:1018200015871BF0400F099201F0E48046F3C038A1
:10183000434636B231E2B9F1430F00F051871BF055
:10184000100F40F04D87099B1B688DF8DC30012399
:1018500002930A9337AD099B269A04330993002318
:10186000CDE90B338DF85F30089305930E931BF091
:10187000840390467FF426AF0799029E8E1B002EAC
:1018800000F3A5849DF85F1000297FF41EAF059B2F
:101890000A995E1A002E7FF743AF7049259B0F917E
:1018A000102E27DD39464FF0100837462E462546C4
:1018B000049C04E0103F102F01F1080116DD0133F4
:1018C00066481032072BC1E90008CDE92532F1DD69
:1018D00024AA21465046FBF7AFFB002840F0C18206
:1018E000103F102FDDE9253227A9E8DC2C463546CC
:1018F0003E460F4601330F9939603244072BCDE93C
:1019000025327E6000F3CF841BF4807F07F1080747
:101910003FF40AAFB9F1650F40F3E082B5EE408BBA
:10192000F1EE10FA40F0BE83259B4D49396001333A
:1019300001320121072B26922593796000F3A187BC
:101940000837199B0D998B4280F2BE84109B119928
:101950001A44C7E90013259B26920133072B2593D0
:1019600000F3A18608370D9B5D1E002D7FF7E8AEC2
:101970003A49259B0F91102D40F3EE87A146DDF8E3
:10198000108010260C4604E00837103D102D40F35F
:10199000E28701331032072BC7E90046CDE9253233
:1019A000F2DD24AA41465046FBF746FB002840F0F2
:1019B0005882DDE9253227AFE7E7DDF8248058F8C3
:1019C000045B00238DF85F30002D00F07886B9F1BC
:1019D000530F00F062871BF010030B9340F05D87FC
:1019E000059B002BC1F23F811A460B992846FCF754
:1019F0004DFE9DF85F300890002801F0F184089AB0
:101A0000521B0A9222EAE27202920BB10132029256
:101A10000B9BCDF8248005930E930C9308934FF005
:101A2000730949E6099B53F8042B0792002A80F2B8
:101A30005184079A09935242079223784BF0040B82
:101A4000C5E52B238DF85F302378C0E5FFFFFFFF4E
:101A5000FFFFEF7F985B00202C5D0020507200207C
:101A6000C04000201BF0200F4BF0100000F08384DA
:101A7000099B073323F007031A46596852F8083BBD
:101A8000099200228DF85F20059A002A18DB53EA9C
:101A9000010220F4906B15D1059A9AB910F0010358
:101AA0001A46029300F0DF8630238DF83F31059B04
:101AB0000A92CDE90B330E9308930DF23F15FBE527
:101AC00020F4806B50AD03F00702DB0843EA41735A
:101AD000C908303253EA0106284605F8012DF2D133
:101AE0001BF0010F00F04181302A00F03E813023CD
:101AF000059905F8013C023850AB1B1A99424FF08A
:101B00000002B8BF1946CDE90B2208920A93054698
:101B100002910E92D0E523784BF0080B57E523781D
:101B20004BF0800B53E5214611F8019BB9F12A0FC8
:101B300001F05D85A9F13003092B98BF002201F265
:101B40004E8311F8019B02EB820203EB4202A9F1E2
:101B50003003092BF5D942EAE27305930C4638E5C8
:101B60005046FCF775FB436813931846FCF7DEFDFF
:101B7000159006465046FCF76BFB8268237814925A
:101B8000002E3FF424AD002A3FF421AD1278002A44
:101B90003FF41DAD4BF4806B19E523784BF0010B3E
:101BA00015E59DF85F202378002A7FF410AD2022F0
:101BB0008DF85F200BE51BF0200F40F0F584099AAB
:101BC0001BF0100F52F8043B41F03D851BF0400F15
:101BD00000F01B879BB209925846002151E7099AF1
:101BE0001BF0200F02F1040300F0B4831268069981
:101BF0001160C917516009932546C1E4099A059EF1
:101C000052F8041B002047F630038642ADF86030DE
:101C10008DF85F000B46C0F22F852BF0800545F054
:101C2000020B002940F02A85002E00F04487302363
:101C30008DF83F3101230C91099202960DF23F1568
:101C40004FF078090B918E460E9108910A9300F09F
:101C5000F9BC23786C2B03BF63784BF0200B013465
:101C60004BF0100BB3E42378682B03BF63784BF47D
:101C7000007B01344BF0400BA9E41BF0200F4BF02C
:101C8000100300F0FF83099A073222F007029B46F7
:101C9000536852F8086B09929846002BC0F2FE83F5
:101CA000059A002A1FDB56EA08032BF0800B1AD195
:101CB000002A00F0B38630261BE01BF0200F00F056
:101CC000C0835946099B073323F0070200238DF890
:101CD0005F30059BD2F8048052F8086B0992002B04
:101CE00080F2FC828B460A2E78F1000380F0E783B5
:101CF0003036059A9DF85F308DF83F61012AB8BFF4
:101D00000122029201220A920DF23F15002B01F0EE
:101D10005A84029B013302930023CDE90B330893CD
:101D20000E93C9E41BF0200F4BF01001CAD1099BA0
:101D30001A1D099B05981B684FF0000840458DF857
:101D40005F801E46C1F2FF8021F0800B002B40F027
:101D5000E9840992002840F09383CDE90B000A90B2
:101D60000E900290089050ADA6E4059950AA521B1F
:101D700091424FF00003B8BF1146CDE90B330893F1
:101D80000A9202910E9397E40822002120A8FBF703
:101D900023FF01231C44FFF7F4BBB4EB0508064600
:101DA00011D02599269B013143440729C7E90058E2
:101DB0002693259100F3D3800837069B434406936E
:101DC000002E7FF4FAAB269B002B40F09E86049BEE
:101DD0000022B3F90C3025924CE0079B02995E1A61
:101DE000002E7FF797ACAD49259B0F91102E24DD77
:101DF00038464FF010082F4619462546A74C04E0F8
:101E0000103E102E00F1080013DD013110320729B9
:101E1000C0E90048CDE92512F2DD049924AA504614
:101E2000FBF70AF9E8B9103E102EDDE9251227A8C4
:101E3000EBDC2C460B463D46074601330F993960D3
:101E40003244072BCDE925327E6000F32084083729
:101E500060E4049924AA5046FBF7EEF800283FF40A
:101E600083AC089B1BB108995046FCF76FFD049B9F
:101E7000B3F90C30049A526ED00702D49A0540F19F
:101E8000D3845B0601F14B83069851B0BDEC028B05
:101E9000BDE8F08F109B11991A44C7E90013259BE8
:101EA00026920133072B259300F3F08607F10801F2
:101EB0000028C1F2C0810D980D6001330244072B48
:101EC000CDE92532486046DD049924AA5046FBF747
:101ED000B3F80028C5D1269A27AF31E40D98259B89
:101EE000012802F1010203F1010307F1080140F3A7
:101EF00056810120072BCDE925323D60786000F343
:101F000042841098119E01330244072BC1E90060FE
:101F1000CDE9253200F32A8408310D98B5EE408BC7
:101F2000F1EE10FA00F1FF3600F096810133013531
:101F30003244072BCDE925320D604E6000F33B8122
:101F400008311298486001330244072B1CA8CDE9E0
:101F500025320860B8DC01F10807FFF7F1BB0499EE
:101F600024AA5046FBF768F8002880D127AF24E761
:101F7000049D50462946FBF7B7FC002841F0C88273
:101F8000B5F90C3003F01A020A2A7FF4EAAA049980
:101F9000B1F90E20002AFFF6E4AA4A6ED60702D451
:101FA0009D0540F18186049923464246504601F042
:101FB00059FB0690069851B0BDEC028BBDE8F08F3E
:101FC00098055FD599047FF5B2AA97047FF5BCAA5E
:101FD00001F0ACBA04990F9324AA5046FBF72CF8F1
:101FE00000287FF43EAF269A0F9B27AFFFF77EBBFA
:101FF00004990F9324AA5046FBF71EF800287FF49B
:1020000030AF269A0F9B27AFFFF781BB102D259B82
:1020100041F30D81A046DDF81090214C102604E01C
:10202000103D102D07F1080715DD01331032072B85
:10203000C7E90046CDE92532F2DD24AA49465046DB
:10204000FAF7FAFF00287FF40CAF103D102DDDE900
:10205000253227AFE9DC21464446884601332A442D
:10206000072BC7E90085CDE925327FF772AB0499CC
:1020700024AA5046FAF7E0FF00287FF4F2AE269A31
:10208000FFF767BB049DA86DFCF77CF9B5F90C3030
:102090006A6E9E043FF552AAFFF749BA50720020BB
:1020A0009C6C00201998002840F32F810B9B0D9900
:1020B0008B42A8BF0B46002B98460ADD1A44C7E99D
:1020C0000053259B26920133072B259300F3D487D9
:1020D00008370B9EB8F1000FA8BFA6EB0806002E2C
:1020E00000F35A840B9B1BF4806F03EB050940F04F
:1020F0003D86199B0D998B4203DB1BF0010F00F00D
:10210000E784109911980A44C7E90001259926929D
:1021100001310729259101F3148008370D996E18B4
:10212000A6EB0906CD1AAE42A8BF2E46002E0BDD47
:10213000259BC7F8009001333244072B7E6026921E
:10214000259301F356800837002EA8BFAD1B002D44
:102150007FF7F6AA8C49259B0F91102D40F3FC8345
:10216000A146DDF8108010260C4604E00837103D2B
:10217000102D40F3F08301331032072BC7E90046DE
:10218000CDE92532F2DD24AA41465046FAF754FF44
:1021900000287FF466AEDDE9253227AFE7E71BF0C4
:1021A000010F7FF4A6AE0120072BCDE925323D605B
:1021B00078607FF7C6AE049924AA5046FAF73CFF30
:1021C00000287FF44EAEDDE9253227A9B9E625992E
:1021D000102E404640F3FF870F943A46A846049CD1
:1021E0006A4D1F4604E0103E102E02F1080216DD73
:1021F0000131103010230729CDE9251015605360F7
:10220000F1DD24AA21465046FAF716FF00287FF494
:1022100028AE103E102EDDE9251027AAE8DC3B464B
:102220000F9C17462A464546904601F1010C32188C
:10223000BCF1070FCDE925C2C7F800807E6000F32E
:10224000FB829DF85F10083700295AD1002B3FF41C
:1022500061AA0B46FFF74DBA0D9801287FF771AEC2
:10226000112849480F9040F38C83A046049F102505
:10227000044604E00831103E102E40F38183013300
:102280001032072BC1E90045CDE92532F2DD24AA41
:1022900039465046FAF7D0FE00287FF4E2ADDDE97A
:1022A000253227A9E7E7049924AA5046FAF7C4FE85
:1022B00000287FF4D6AD269A27AFFFF731BA9504F0
:1022C0007FF542A901F02BB91BF0010F3FF438AAAA
:1022D000FFF73CBB09932378FFF779B956EA080367
:1022E00021F0800B7FF4FFAC059B002B40F0C880F1
:1022F000CDE90B330A930E930293089350ADFFF789
:10230000DBB91E460023FFF7E3B9259B204939605E
:10231000013301320121072B26922593796000F3C6
:102320006086083700287FF4B5AD0D990BF00103E6
:102330000B433FF405AA109B11991A44C7E90013F7
:10234000259B26920133072B259300F39F8407F1E9
:102350000801B0E51BF0100F40F00A831BF0400F9E
:1023600040F0C5831BF4007F00F00283099A0699B0
:10237000126811703FE4099B1A1D099B09921B68A2
:102380000021FFF77EBB00BF507200209C6C002034
:10239000C0400020B4EE488BF1EE10FA80F1FA87CD
:1023A000B9F1610F00F0A886B9F1410F00F0B783D1
:1023B000059B013300F0CB87B9F1670F18EE903A17
:1023C0004BF4807800F07A87B9F1470F00F07687F8
:1023D0000023089318EE903A002BC0F26A87B0EE03
:1023E000487B0026A9F14103252B00F21E83DFE87C
:1023F00013F08A071C031C031C036004B1041C03B4
:102400001C031C031C031C031C031C031C031C03D4
:102410001C031C031C031C031C031C031C031C03C4
:102420001C031C031C031C031C031C031C031C03B4
:102430001C038A071C031C031C036004B1045B46D5
:1024400021E4099A1BF0100052F8043B41F0DA80B5
:102450001BF0400100F05B818DF85F009BB2059995
:102460004FF0000841451E46C0F25C812BF0800B06
:10247000002B40F05781059B0992002B3FF438AFA9
:10248000002635E4099A0432099909920E684FEA48
:10249000E6789B464346002BBFF602AC2D238DF811
:1024A0005F30059B764268EB4808002BFFF61BACBB
:1024B0000A2E78F100032BF0800BFFF419AC029484
:1024C000CDF8289050A9DDF8509008974FF0000CF7
:1024D0000BF4806426E016EB0803B94843F10003CF
:1024E000A0FB032020F0030202EB90029B1AF31AD8
:1024F000B3484FF0CC32B646474602FB03F268F1D0
:10250000000800FB0822A3FB0063BEF10A0F13447E
:102510004FEA560677F10007294646EAC3764FEAA6
:1025200053082DD3A64D16EB080343F10003A5FB7A
:10253000032020F0030202EB90029B1AF31AA3FB84
:10254000053268F1000005FB00225B0843EAC27314
:1025500003EB8303A6EB430330330CF1010C01F8CA
:10256000013C4D1E002CB6D099F800306345B2D125
:10257000BCF1FF0FAFD00A2E78F1000380F09A84EF
:102580000599029CCDF8509050AB5A1B9142B8BFB0
:102590001146DDF82890089F9DF85F30CDF834C0D3
:1025A0000A920291FFF7B2BB5846FFF761BA854E17
:1025B0001BF0200F00F0CD80099B073323F00703A9
:1025C0001A46586852F8083B09921BF0010140F086
:1025D000AC80059A8DF85F10002AC0F2EA8053EAB9
:1025E00000022BF4906B00F0FC8003F00F02B25C51
:1025F0008DF83F211B0943EA0073020953EA1010CA
:102600000DF23F150BD003F00F001B09305C05F8ED
:10261000010D43EA0273120953EA0200F3D1059A4D
:1026200050AB4FF0000E5B1B9A42CDE90BEEB8BFEA
:102630001A460A930292CDF820E0CDF838E000293E
:102640003FF43AA8029BDDE925C2023302931BF056
:1026500084039046614604D1079E0298361A002EE4
:1026600006DCBEF1000F3FF444A80226FFF730B8A5
:102670000223ADE5544E9BE74BF0020B0992524EFC
:1026800003F00F020221B25C4FF07809B0E7049921
:1026900024AA5046FAF7D0FC00287FF4E2AB269A31
:1026A00027AFFFF737B8049924AA5046FAF7C4FCBD
:1026B00000287FF4D6AB269A27AFFFF754B9059BC5
:1026C0000895062B28BF062302930A932B460595EF
:1026D000CDE90B333D4DCDF824800E93FEF7ECBFD2
:1026E0000822002122A8FBF777FA099A37AD126871
:1026F00022AB29465046FCF797FE0A90013000F0C5
:1027000086800A9B23EAE3730293FFF7A4B81BF4C5
:10271000007840F0F68105998DF85F8000291E460B
:10272000BFF6A4AE0992FFF7DEBA53EA00024FD01B
:1027300030228DF8602000228DF85F20059A8DF8F8
:102740006190002A32DB2BF4906242F0020B0221EE
:102750004BE7099A1BF0100F52F8043B099223D162
:102760001BF0400F1CD09BB200202EE7049924AA36
:102770005046FAF761FC00287FF473ABDDE925329F
:1027800027A9FFF7CABB049924AA5046FAF754FCBC
:1027900000287FF466ABDDE9253227A9FFF7B1BB3E
:1027A0001BF4007F40F0A08100200EE74BF0020BED
:1027B000022103F00F022BF4806BB25C18E700BF1C
:1027C000CDCCCCCC485C00205C5C0020705C002050
:1027D000059B00218B428DF85F10C0F2E9832BF43A
:1027E000906B059A002A00F0C980012A33788DF891
:1027F0003F31B8BF0122002302920122CDE90B3301
:1028000008930A920E930DF23F15FEF755BF0498F8
:10281000B0F90C30426E43F040018181D00700F1E5
:102820007E86990500F17B86049CA06DFBF7ACFDCC
:10283000B4F90C30FFF725BB04990F9324AA504636
:10284000FAF7FAFB00287FF40CAB9DF85F10269A8C
:102850000F9B002900F0C6801E46DDF894C0034699
:1028600027AFFEF735BF059B0A93CDE90B330E93D7
:10287000089350ADFEF720BF5046FAF7ABFDFEF7C8
:102880004CBE049924AA5046FAF7D6FB00287FF4E0
:10289000E8AA269A27AFFFF754B80822002122A8F9
:1028A0001B95FBF799F9059B002BC0F2738300265B
:1028B0000294CDF82080344698460EE037A9504661
:1028C000FCF7B2FD431C204400F04985404509DC7B
:1028D00006F1040600F0B48504461B9A925922AB17
:1028E000002AEBD10A94DDF82080029C0A9B002B81
:1028F00000F06783632B40F3BE84591C5046F8F701
:10290000E1FC0546002800F0888608900822002196
:1029100022A8FBF761F90A9E22AB00931BAA33465B
:1029200029465046FCF7A8FD864240F087860A9A61
:102930000023AB5422EAE27202929DF85F200593D5
:1029400012B1029A01320292CDE90B33CDF8248004
:102950000E93FEF7B1BE4C4601330F9939602A44FD
:10296000072B7D60CDE925327EF7E9AEFFF7ACBAE3
:10297000099A069912681160FFF73DB9059BB7E403
:10298000444601330F9808603244072BCDE92532C5
:102990004E607FF7D5AA0EE4102E259B40F31086DB
:1029A000B848DDF810800F9039464FF010090746FF
:1029B00004E00831103E102E40F3DE820133103265
:1029C000072BC1E90079CDE92532F2DD24AA414681
:1029D0005046FAF731FB00287FF443AADDE925329F
:1029E00027A9E7E7002B7CD0DDF894C00B4627AF82
:1029F000FEF77FBE1BF4007F16BF46F3C0184FEAF8
:102A0000E67876B24346FFF748B91BF4007174D0FC
:102A1000DBB2099258460021FFF733B89DF85F30CA
:102A200002920A9250ADFFF771B922AB01931BAB32
:102A30000093B0EE470B059A19AB022150468DED7D
:102A4000027B01F07FF89DED027B05461BF0010F34
:102A500040F0CA83229B5A1B199B0D92D91C0B93E1
:102A6000C0F27C8305999942C0F220839A4200F318
:102A7000D3830B9B0A931BF4806F03D00B9B002B1B
:102A800000F3EB840A9B23EAE373C34602934FF0FF
:102A9000670900230E930C930BF00201002E00F047
:102AA0005D814FF02D0E8DF85FE0029B01330293A4
:102AB00000230593C3E5059B0992CDE90B330E93E3
:102AC0000A93029350AD4FF078099E460893B9E5FA
:102AD0006E18A6EB0906CD1AAE42A8BF2E46FFF728
:102AE00033BB27AFFEF716BEDBB200206DE5099AB7
:102AF000069912681180FFF77EB809925846FEF7D2
:102B0000C0BF8DF85F10DBB2A9E4049924AA504637
:102B1000FAF792FA00283FF45AA9FFF7A8B945F648
:102B20003003ADF86030059B632B4BF0020B00F3D4
:102B3000008418EE903A002BC0F2DF83B0EE480B11
:102B400019A800F007FFB4EE007B20EE077BB5EE7E
:102B5000407BF1EE10FA01D10123199300264A4877
:102B6000089637AD0599B3EE004B2B4606E0B5EE5F
:102B7000407BF1EE10FA00F04384114627EE047B0F
:102B8000FDEEC76B4A1E16EE90CA10F80CE0B8EEC8
:102B9000E65B9C4637EE457B03F801EB0029E6D166
:102BA000B6EE005BB4EEC57BF1EE10FA08DCB4EED5
:102BB000457BF1EE10FA1ED116EE902AD2071AD5F7
:102BC000CDF888C013F8011C90F80FC08C451A4648
:102BD0000AD14FF0300E02F801EC229A511E2291D8
:102BE00012F8011C6145F6D0392916BF0131817AEE
:102BF000C9B202F8011C199A5B1B0D93B9F1610F60
:102C000002F1FF33199300F0A48450214FF04109E1
:102C1000002B8DF87010C0F292842B22092B8DF8B6
:102C2000712000F3AB820DF17202303302F8013BE8
:102C30001CABD31A12930D9B129A012B1A440A92C1
:102C400040F397830A9B109A13440A930A9A2BF431
:102C5000806343F4807B22EAE2720023CDE90B33E8
:102C60000E93029218E72846FBF760FD9DF85F304F
:102C70000A9020EAE0720292002B3EF4C9AEFEF701
:102C8000C5BE00BF50720020485C0020049924AAF1
:102C90005046FAF7D1F900287FF4E3A8DDE92532A0
:102CA000199827A9FFF704B9886DFBF76DFBFFF7AB
:102CB0007AB9059B01330D93022122AB01931BAB23
:102CC0000093B0EE470B19AB0D9A50468DED027B89
:102CD00000F038FF0D9B29F0200CBCF1460F9DED54
:102CE000027B054600EB030100F09681B5EE407BC8
:102CF000F1EE10FA00F06883229B8B4238BF4FF050
:102D0000450C80F05F8330205A1C22921870229B61
:102D10008B42F9D35B1B0D93BCF1470F199B0B93AF
:102D200000F0BD81BCF1460F00F08C810B9B8DF84B
:102D30007090013B002B1993C0F217822B22092BB4
:102D40008DF8712000F31A8230228DF872200DF177
:102D500073026AE7059B0D930321AEE79DF85FE0E0
:102D6000BEF1000F7FF4A1AE059668E40D9BDDF87F
:102D70003880CDF83CB0EB1805930C9BDDF810B013
:102D80000B94002B4E463946DDF85090159F0E955A
:102D90002EDDB8F1000F7ADD08F1FF382598139B7E
:102DA00001303A440728C1E900372692259063DCB8
:102DB0000831059B99F800009D1B8542A8BF054678
:102DC000002D0BDD259801302A440728C1E9006554
:102DD0002692259061DC99F800000831002DACBFE7
:102DE000441B0446002C15DC06440C9B002BD0DC55
:102DF000B8F1000FD0DCDDE90D35EB189E42CDF8BF
:102E000050900B9CDDF83CB0B1460F4628BF994668
:102E1000FFF76FB9102C2598B44B1FDD10250A93CE
:102E200004E0103C102C01F1080116DD0130AF4B1D
:102E300010320728C1E90035CDE92502F1DD24AAC9
:102E400059465046FAF7F8F800287FF40AA8103CD3
:102E5000102CDDE9250227A9E8DC0A9B0B60013074
:102E600022440728CDE925024C6000F3C78099F879
:102E7000000008310644B8E724AA59465046FAF73C
:102E8000DBF800287EF4EDAF269A27A991E70C9B8A
:102E9000013B09F1FF390C9380E724AA59465046BB
:102EA000FAF7CAF800287EF4DCAF99F80000269AF9
:102EB00027A993E7159A1399AD1A2846FAF774FFD4
:102EC00099F801300BB109F10109894A16EB0803A1
:102ED00043F10003A2FB030727F0030000EB970078
:102EE0001B1AF31A4FF0CC3168F1000803FB01F113
:102EF00002FB0811A3FB023001445B0843EAC176E0
:102F00004FEA510816EB080343F10003A2FB03103C
:102F100020F0030101EB90015B1AF31AA3FB0231CD
:102F200068F100005B0802FB001243EAC27303EB86
:102F30008303A6EB4303303305F8013C4FF0010C4B
:102F4000013DFFF711BB09928B46FEF7CCBE2D2346
:102F50008DF85F30B9F1470F4FF0000308930593E8
:102F600040F356810322634D0A92CDE90B330E9351
:102F700004230293FEF7A0BB0F4601330F9939607B
:102F80003244072BCDE925327E6000F38681083775
:102F9000FFF7A8B822AB009300231BAA194650469E
:102FA000FCF76AFA0A90013000F0D9811B959DE484
:102FB00033788DF83F312BF4806B0DF23F15FFF71E
:102FC0002EBB9DF85F30CDF82480003B18BF012355
:102FD00002930A9B0593CDE90B330E930893FEF7FA
:102FE0006BBB049924AA5046FAF726F800287EF411
:102FF00038AF1998269A27AFFFF794B924AA5946F3
:103000005046FAF719F800287EF42BAF99F8000023
:10301000269A27A90644E8E62B78302B00F0D781C2
:10302000199B1944B5EE407BF1EE10FA30D0229B8B
:103030008B42FFF468AE5B1B0D93BCF1470F199BED
:103040000B932CD00B99059A0BF00103002943EA4E
:10305000020340F39F82002B40F02C820B9B0A93CB
:103060004FF066091BF4806F40F0F9810A9B23EA58
:10307000E373C34602930CE5049924AA5046F9F77A
:10308000DBFF00287EF4EDAE269A27AFFFF721B8CC
:10309000199B0B934B1BBCF1470F0D93D2D10B9B8C
:1030A00003335BDB059B0B9A934210DA0B9B013BCE
:1030B000A9F10209002B8DF870901993BFF63EAE6E
:1030C0000B9B2D22C3F101038DF871203CE60D9B73
:1030D0000B9A934200F3A0801BF0010F0B9B00F0B2
:1030E000F181109A13440A93C5E400BF5072002086
:1030F000CDCCCCCC985B002047F63003ADF86030E7
:10310000059B632B4BF0020B00F3138118EE903AF2
:10311000002BC0F2F280B0EE480B19A800F01AFCA8
:10312000B4EE007B20EE077BB5EE407BF1EE10FAAB
:1031300040F0DD8101230026199337AD0896B94888
:1031400010E5049924AA5046F9F776FF00287EF48A
:1031500088AE199B269A27AFFEF7E0BF0B9BA9F11B
:103160000209013B8DF8709019930B9A2D238DF86D
:103170007130C2F101030832BFF6E6AD0DF17F0CEC
:10318000DFF8B4E262461046AEFB0312D20802EB4F
:103190008201A3EB41013031632B00F8011C13467F
:1031A00000F1FF32EFDC303302F8013C831E63454F
:1031B00080F00F820DF1710213F8011B02F8011F5C
:1031C0006345F9D103F5A0736B44CC3B1B1A1CAAD1
:1031D0009B1A12932FE5DFF86482FFF726B80023CD
:1031E0000C460593FEF7F5B9059B4FF0470CE9181F
:1031F00018E7049924AA5046F9F71EFF00287EF428
:1032000030AE199D0D9B269A5D1B27AFFEF79CBF24
:103210000322854D0A92A8E60D9B109A9A180B9BE3
:103220000A92002B40F3AA804FF067091AE7DFF8F3
:103230000C82FEF713BF464210307C480F901FDA15
:103240001027804603E00831103E102E18DD0133B0
:103250001032072BC1E90087CDE92532F3DD04994F
:1032600024AA5046F9F7E8FE00287EF4FAADDDE91D
:10327000253227A9E8E70023089337ADFFF746BBBF
:1032800001330F9808603244072BCDE925324E6098
:1032900000F320810831FEF70EBE049924AA50469F
:1032A000F9F7CAFE00287EF4DCAD269A27AFFEF7B8
:1032B00019BF2D26B1EE487BFFF794B8059A002A76
:1032C00000F04A81002BC0F26181B0EE487B0026FD
:1032D00022AB01931BAB0093B0EE470B19AB059AE1
:1032E000022150468DED027B00F02CFC00239DED69
:1032F000027B05460893FFF7A9BB0023089337AD6F
:103300002D26B1EE487BB0EE470B19A800F022FB4A
:10331000B4EE007B20EE077BB5EE407BF1EE10FAB9
:1033200004BF01231993B9F1610F3FF408AF40487E
:1033300018E4059B5046591CF7F7C4FF05460028C2
:103340003FF465AA08904BF48078FFF743B8002358
:103350000893062305934BF48078FFF73BB8049B52
:103360009B890022089243F04003049A9381FEF760
:1033700078BD1BF0010F3FF469AC63E4C3F10103B6
:103380001A4422EAE273C3460A9202934FF0670995
:10339000FFF77FBB18EE903A13F000432BF0800B41
:1033A0000B9300F0E1802D238DF85F30B9F1470FCA
:1033B0004FF000030893059340F30F8103221D4D46
:1033C0000A92D2E55B1B0D93199B0B93AEE4B5EE0D
:1033D000407BF1EE10FA78D1199B0B93194459E612
:1033E000CDF82480002B00F08880059B0A935A1C9E
:1033F000029205900E900C904FF07309FEF75CB9A5
:10340000002A0591FFF6F7AB0599302001EB030C7C
:10341000194601F8010B6145FBD11A44531CFFF713
:10342000EABB00BF5C5C00202C5D002050720020D5
:10343000485C0020945B0020CDCCCCCC9C6C002060
:10344000059B029CDDF820800A93FFF74FBA00230A
:10345000032208930A92059387E54FF067091499B0
:103460000B78FF2B00F0D18000200B9A0E90844641
:1034700003E001300131FF2B09D0934207DAD21A61
:103480004B78002BF5D10B780CF1010CF3E7CDE96B
:103490000B201491CDF838C00C9A0E9B159913444B
:1034A0000A9A01FB03230A9323EAE373C3460293B8
:1034B000FFF7F2BA109B02EB01094B440A934FF05D
:1034C0006609CFE50A93FFF7D6BA0D9BC3F1010356
:1034D0001993A6E5049924AA5046F9F7ADFD0028F2
:1034E0007EF4BFACDDE9253227A9FEF7E4BC002657
:1034F0005848089637ADFFF735BB059B0A930293F2
:10350000089B0E930C9305934FF07309FEF7D4B804
:10351000049A536EDB0702D493899F0579D54FF047
:10352000FF330693FEF7B0BCD007F8D4049B9B8909
:103530009905F4D4049B986DFAF726FFEFE72D2345
:103540008DF87130C2F101030832FFF617AEFFF7B4
:103550006ABB7021FFF75CBB934242DBB0EE487B55
:103560000123059E0593B3E69DF85F30B9F1470F3F
:10357000CCBF394D394D002B55D1032205930A920A
:103580000E930C9308930292FEF796B82D26B1EE97
:10359000487B9DE6C34633B9012302934FF0660989
:1035A0000A93FFF776BA109B03F10109059B4B4480
:1035B0000A9323EAE37302934FF06609FFF769BAAF
:1035C00027490F91D9E4CDE90B3308930E93FEF709
:1035D00073B802231293FFF72EBB03221F4D0A92EA
:1035E000C3E401232D260593B1EE487B70E6099ACA
:1035F00063780C4652F8041B099241EAE171059187
:10360000FDF7E5BF5946FEF794BB00230E930C93DC
:1036100042E7906DFAF7B8FE81E7049B08909B891A
:1036200043F04003A1E6002305930E930C93089307
:1036300003230A9304230293FEF73EB8049B9B895D
:1036400043F0400391E65846FEF797BE5B46FEF70F
:103650001BBF00BF5C5C0020945B0020305D00203D
:1036600050720020F0B50D46ADF2744D16468989B2
:103670006A6E1B92EA89ADF8162021F00201EA6910
:10368000ADF8141009921CA96A6A029107460691C6
:103690000B924FF48061002218A8019304910791C6
:1036A0000892FAF76BFE3246019B02A93846FDF7F5
:1036B00015FF061E07DB02A93846F9F767FD00284B
:1036C00018BF4FF0FF36BDF814305B0603D5AB8949
:1036D00043F04003AB811898FAF752FE30460DF2E2
:1036E000744DF0BD2DE9F0411546926802B32C6887
:1036F00007468846083401E00834C9B16B68581E93
:10370000002B1146686013DD54F8046C002EF3D0D2
:10371000334654F8082C4146384601F0B9F9431CA9
:1037200007D0AA68921B1146AA6008340029E5D187
:1037300000200023C5E90133BDE8F08170B5002900
:1037400041D006460C4610B1436B002B3ED0F9F732
:103750005FFE636EB4F90C20DD0730D4900538D5D8
:1037600021463046F9F778FCE36A054633B1E16952
:10377000304698470028B8BF4FF0FF35A3891A0696
:1037800039D4216B41B104F14003994202D0304653
:10379000FBF7DCF800232363616C21B13046FBF7B3
:1037A000D5F800236364636E0022DB07A2811ED577
:1037B000A06DFAF7E5FDF9F731FE284670BD002A45
:1037C000CED1F9F72BFE0025284670BDF9F702FE91
:1037D000BDE7A06DFAF7D6FDB4F90C30002BBFD1D0
:1037E000636ED907EDD4A06DFAF7CEFDE9E7A06DC1
:1037F000FAF7CAFDDCE721693046FBF7A7F8C0E716
:10380000B1F90C20930706D501F143030122C1E968
:1038100004320B60704730B50B46B1F90E10002929
:1038200099B0044632DB02AA009300F06BF800283E
:10383000009B29DB4FF4806120460093039DF7F73E
:1038400041FD009BB3F90C20002839D005F47041EC
:1038500042F0800218601861B1F5005F4FF480609B
:103860009A8158613AD1B3F90E100093204600F0C6
:103870005DF8009BB3F90C2080B322F0030242F004
:1038800001024FF4006117E0B3F90C20019312F02C
:10389000800F0CBF4FF48061402120460091F7F764
:1038A00011FD019B0099B3F90C2048B1C3E9040153
:1038B00042F08002186000210A439A8119B030BD9D
:1038C0009105FBD422F0030203F1430142F002020E
:1038D0000120C3E904109A811960EFE74FF40061F9
:1038E000EAE700BF59B1034600EB010C02E00133E7
:1038F0009C4504D01A78002AF9D1181A7047084656
:10390000704700BF38B5084C0023054608461146ED
:103910002360F3F7B9FC431C00D038BD2368002BAB
:10392000FBD02B6038BD00BF389C002038B5074C59
:103930000023054608462360F3F7ACFC431C00D087
:1039400038BD2368002BFBD02B6038BD389C00208D
:10395000000000004DF804BD83B08DED000B019A0E
:10396000DFF870C022F0004300216345016025D8D4
:10397000DDF800C053EA0C0C20D0DFF85CC002EA8E
:103980000C0CBCF1000F0AD19FED107B20EE077BE1
:103990008DED007B019A6FF0350122F00043DDE9E7
:1039A00000BC6FF31E5242F07F5C1B154CF4001CF0
:1039B000A3F2FE33CDE900BC0B4403609DED000B88
:1039C00003B05DF804BB7047AFF300800000000057
:1039D00000005043FFFFEF7F0000F07F00B50B4C6D
:1039E0002468864685B0E0689C460C4652B108497A
:1039F0000094CDE90112734606496246F8F7A2F930
:103A0000F3F750FC04490A46F2E700BFF87D0020B6
:103A1000345D0020445D0020903400202DE9F04FFB
:103A200003690C69A34283B0C0F28880013C01F1B4
:103A3000140500F1140855F8243058F824200133F7
:103A400008EB84069A4200964FEA840B05EB840744
:103A5000B2FBF3F63AD300230191C64629469C46B1
:103A600051F8042BDEF800901FFA82FA06FB0A33A5
:103A70004FEA134A120C06FB02A29BB21FFA89FA04
:103A8000AAEB030363441FFA82FCCCEB234C0CEB40
:103A9000194C9BB243EA0C438F424EF8043B4FEA69
:103AA0002C4C4FEA1243DBD258F80B3001996BB91A
:103AB000009B043B984504D307E0984504F1FF348C
:103AC00003D21A68043B002AF7D004618146FBF751
:103AD0005DFB00282EDB01364146002255F8040B21
:103AE000D1F800C01FFA80FE1FFA8CF3A3EB0E037F
:103AF0001344020CC2EB234202EB1C429BB243EA8A
:103B00000243AF4241F8043B4FEA2242E6D258F862
:103B1000242008EB84036AB9043B984504D307E0EA
:103B2000984504F1FF3403D21A68043B002AF7D009
:103B3000C9F81040304603B0BDE8F08F002003B054
:103B4000BDE8F08F2DE9F04F93B08DED000B04919F
:103B5000816B1C9D069257EC106B0446089341B193
:103B6000C26B4A60012393408B60FBF785F800230A
:103B7000A363B7F10008B4BF012300232B60A34B5C
:103B8000BCBF28F00048CDF8048033EA080300F0F9
:103B900092809DED007BB5EE407BF1EE10FA0DD1E9
:103BA000089A012313601D9B13B11D9A984B136053
:103BB000984B0293029813B0BDE8F08F10AAB0EEB4
:103BC000470B11A920468DED027BFBF7BFFB5FEA97
:103BD00018539DED027B109A834640F08280119B22
:103BE000134403F23241202940F3E281C1F1400144
:103BF00008FA01F803F2124126FA01F148EA01013C
:103C000006EE101AB8EE466B013B16EE901A4FF016
:103C10000108A1F1F8719FED772BB7EE081B9FED1E
:103C2000775B9FED784B06EE901A03EE903A36EEF6
:103C3000416BB8EEE33BA6EE025BB0EE456BA3EE44
:103C4000046BFDEEC65BB5EEC06BF1EE10FACDED88
:103C5000055A00F1C0800599D21A162902F1FF3ADF
:103C600000F2A4806C4B03EBC10393ED006BB4EE48
:103C7000C67BF1EE10FA00F1A281002A40F3C08465
:103C80000027CDE90A178A4400230993049B092BD6
:103C90003DD8052BC4BF043B0493049BA3F102034E
:103CA000CCBF00250125032B33D8DFE813F0FA0140
:103CB000F701ED019201089AC8F3130842F20F735D
:103CC00058EA060813601BD11D9B002B00F04286AA
:103CD000524B029308331D9A0298136013B0BDE84B
:103CE000F08F17EE901AB0EE476BC1F3130141F05D
:103CF0007F51A3F2FF3341F440114FF000088AE7EF
:103D00001D9B002B40F06181454B029352E700233D
:103D100004930025E563294620468DED067BFAF7DE
:103D200081FF9DED067B0290002800F0B485119A7A
:103D3000029BA363002A75DB05990E2972DC364BC2
:103D400003EBC10393ED003B87EE036BBDEEC66B47
:103D5000029916EE103A303301F8013B4FF0FF396B
:103D6000B8EEC65BA5EE437B0123B2EE044B11E037
:103D700087EE036BBDEEC66B013316EE102A4B4582
:103D800002F13002B8EEC65B01F8012BA5EE437BD1
:103D900000F0A38427EE047BB5EE407BF1EE10FA31
:103DA000E6D1059B013304930D46ECE001230B9310
:103DB000059BBAF1000FBABFC2F101074FF0000A2C
:103DC0000027002B80F2F180059BFF1A5B420993CC
:103DD00000230A935AE7B8EEE55BB4EE465BF1EEDA
:103DE00010FA3FF438AF05990139059133E700BF68
:103DF000AFF3008061436F63A787D23FB3C8608B86
:103E0000288AC63FFB799F501344D33F0000F07FC0
:103E1000C1400020C040002018070020745D002031
:103E2000805D00204FF0FF390695CDF83090B8F155
:103E3000000F00F0E984DDF8248002F23342012112
:103E400020469244BD18FAF7DDFF0646002F40F0E9
:103E50009F82099B002B00F09383B8F1000F40F084
:103E600077835946099A2046FBF7BEF8012383461B
:103E7000099301212046FAF7C5FF0A9B8046002BD3
:103E800040F04582049B012B40F3AA82012050445C
:103E900010F01F0000F008811B2800F3D582C0F14C
:103EA0001C00054407448244002D05DD59462A467E
:103EB0002046FBF7F5F88346BAF1000F05DD4146D1
:103EC00052462046FBF7ECF880460B9B002B40F057
:103ED0000082B9F1000F40F3D781099B002B40F01D
:103EE0002481059B01330493029F012507E0594675
:103EF00000230A222046FAF7C9FE013583464146CF
:103F00005846FFF78BFD4D4500F1300A07F801AB2D
:103F1000EDDB029BB9F1000F03F1010209F1FF395A
:103F20004FF00003D8BF4FF0000991440093594669
:103F300001222046FBF7B4F841468346FBF726F9F9
:103F4000002840F32083029A02E0914500F0268386
:103F50004D4609F1FF3915F8013C392BF5D00133F5
:103F600089F8003041462046FAF786FE5EB1009B94
:103F70002BB1B34203D019462046FAF77DFE3146F5
:103F80002046FAF779FE59462046FAF775FE0023D7
:103F90002B70089B049A1A601D9B002B3FF40AAEFD
:103FA00002981D6013B0BDE8F08F9A440A936BE647
:103FB000C1F1200106FA01F106EE101A22E6059B76
:103FC000013B059300230B93F2E6AC4B02930333C2
:103FD00081E601230D93DDE90523134403F1010973
:103FE0004E46012E0C93B8BF0126172E40F39C8439
:103FF000012204235B0003F11400B042114602F1D8
:104000000102F7D9E16320468DED0E7BFAF70AFE37
:104010000290002800F03F84B9F10E0F9DED0E7B59
:10402000A06346D8002D44D00599002940F3F182C1
:10403000934B01F00F0203EBC203CD0593ED006B30
:104040004FEA211340F18A838E4A92ED085B03F018
:104050000F03032187EE054B002B00F0FB81894AFB
:1040600001E05B100832D80703D45B100832DE078A
:10407000F7D592ED005B5B1001F1010126EE056BB7
:1040800000F0E8810832F2E701230D93069B002B34
:1040900040F38B81069E0C96B146A6E700230D9354
:1040A00099E700230D93F1E71C200544074482445F
:1040B000FAE6119A002AC0F24081059B0E2B00F30C
:1040C0003C816F4B059A03EBC20393ED003B069BCB
:1040D000002B80F2ED82B9F1000F00F3E98240F08D
:1040E0008682B1EE046B23EE066BB4EEC67BF1EE76
:1040F00010FA494640F27C82029D312305F8013BCB
:104100002046FAF7B9FD059B023304933BE731469D
:1041100000230A222046FAF7B9FD0C9B002B064625
:1041200040F3FA83DDF830900595002F05DD314628
:104130003A462046FAF7B4FF06460A9B002B40F0A9
:10414000F6823746029D6B1E4B440A93009B03F098
:1041500001030C9341465846FFF760FC31460B9033
:1041600000F1300A5846FBF711F8414681463A46BD
:104170002046FBF72BF8C3680146002B36D1099087
:104180005846FBF703F8099906902046FAF774FDA4
:10419000069A002A5AD1049B1BB90C9B002B00F0F5
:1041A000A483B9F1000F43DB0A9BA9469D4209F89D
:1041B00001AB00F0D782594600230A222046FAF7C5
:1041C00065FDBE42834631464FF000034FF00A02C0
:1041D000204635D0FAF75AFD3946064600230A2212
:1041E0002046FAF753FD4D460746B3E72046FAF757
:1041F00043FDB9F1000F08DB009B03F00102049BB3
:1042000049EA030952EA09022ED159460122204601
:10421000FAF746FF41468346FAF7B8FF002840F315
:104220004183BAF1390F00F024830B9B03F1310A6B
:1042300005F801AB059B0096013304933E4691E6D9
:10424000FAF724FD4D460646074683E7B9F1000F0D
:10425000C0F28483049B49EA03090C9B53EA0909D1
:1042600000F07C83002A9FDDBAF1390F00F0018352
:104270000AF1010305F8013BDCE700BF805D002087
:1042800018070020F0060020049B022B7FF725AEC4
:10429000B9F1000F40F0008241464B46052220460E
:1042A000FAF7F4FC014680465846FAF76FFF484596
:1042B00040F3F281029D312305F8013B414620463F
:1042C000FAF7DAFC059B02330493002E7FF457AE15
:1042D00059E641465846FAF759FF0028BFF6F9ADAE
:1042E000594600230A222046059DFAF7CFFC099B78
:1042F000013D8346002B7FF40AAF0C9B002B40F35B
:10430000FE82059BDDF8309004930595ECE51A4696
:1043100001462046FAF768FE049B012B804640F3D5
:10432000F98100230A93D8F8103008EB8303186949
:10433000FAF7FEFCC0F12000A9E50D9B73B9002F30
:1043400067D1099B002B74D11D461E4691E5119A39
:10435000002A03DB05990E297FF7B4AE049B012BDD
:104360007FF765AD099B09F1FF384345C0F27781BE
:10437000B9F1000FA3EB080880F2BE82A7EB090396
:10438000012120460D93FAF73DFD3D460D9F06465F
:10439000BAF1000F7FF75DAD57453B46A8BF5346C6
:1043A000ED1AFF1AAAEB030A53E50021E163204648
:1043B0008DED067BFAF736FC9DED067B029000281A
:1043C00000F06982029BA363002D40F09F81119A47
:1043D000AA42C0F27C8201230C93994606936CE6B4
:1043E000009B002B7FF452AD019BC3F31303002B02
:1043F0007FF44CAD019B23F000431B0D1B05002BEC
:104400003FF444AD012301350AF1010A0A9318462D
:104410003DE5BAF1000F00F0FE8157453B46099E8D
:10442000A8BF5346FD1AAAEB030A2F46002E3FF4FD
:1044300020AD5946099A2046FAF7D6FD0023834657
:1044400009933D461E4614E51C283FF42DADC0F1EE
:104450003C002AE684EE065B0B9B3BB1B7EE006B9B
:10446000B4EEC65BF1EE10FA00F1E081B1EE0C4B58
:1044700006EE901AB8EEE66BA6EE054B14EE901A17
:1044800053EC142BA1F15073B9F1000F00F09B8095
:10449000DDF814C0484643EC142BB64B029DFDEEEC
:1044A000C53B03EBC00212ED022B13EE902A02F182
:1044B000300E0D9A691CB8EEE36B0E4635EE466B76
:1044C000002A00F05B81B6EE003B83EE025B35EE26
:1044D000445BB4EEC65BF1EE10FA85F800E000F341
:1044E0002782B7EE001BB2EE043B002518E0013531
:1044F0008542BFF62CAF26EE036B25EE035BFDEE87
:10450000C64B14EE902AB8EEE42B303236EE426BF6
:10451000B4EEC56BF1EE10FA01F8012B00F1DF816A
:1045200031EE464BB4EEC54BF1EE10FADFD5029AF0
:104530000CF1010C02E0914200F097810D4611F858
:10454000013D392BF7D001330B70CDF810C01AE5BF
:10455000314642462046FAF747FD5A46014606468E
:104560002046FAF77DFC59460D902046FAF784FB69
:10457000099BDDF834B0B3EB080309937FF471AC09
:104580000123099375E403D11AF0010F7FF4DBAC2A
:104590004D4619F8013D302BFAD0E3E4059B029A11
:1045A0000233049331231370DCE406EE901AB1EE6B
:1045B0000C4BB8EEE66BA5EE064B14EE901A53ECDE
:1045C000142BA1F1507343EC142BB1EE046B35EEB8
:1045D000466BB4EEC46BF1EE10FA00F35681B1EE07
:1045E000444BB4EEC46BF1EE10FA7FF562AD0021DE
:1045F0002046FAF741FB069B029D5B420493C2E40E
:10460000059B0A939A460023C2F101070B93FFF71B
:104610003BBB00F00781059A564B524202F00F0156
:1046200003EBC10393ED005B131127EE055B00F074
:104630007981514A022101E05B100832DD0703D481
:104640005B100832D807F7D592ED006B5B1001F1D3
:10465000010125EE065B3FF4FFAE0832F2E7099B4D
:104660000A9AA8EB03031A44012120460A92FAF79A
:10467000C9FBCA4407EB09050646CDF82480002F84
:104680003FF4EFAB57453B46A8BF5346ED1AFF1A20
:10469000AAEB030AFFF7E5BB41462046FAF7ECFA1E
:1046A000069B029D5B420493002E7FF468AC6AE493
:1046B000029B5E1C87EE036BBDEEC66B029A16EE84
:1046C000103AB9F1010F03F13003B8EEC65B314681
:1046D0001370A3EE457B7FF447AB37EE077BB4EE58
:1046E000C37B059BF1EE10FA03F1010304939C4692
:1046F00008DCB4EE437BF1EE10FA05D116EE103A69
:10470000DB0701D5029A19E70D463CE40C95A94652
:10471000069589E4009B002B7FF403AEDDE90012CF
:10472000C2F31303002B00F0C4800A91FBE571680B
:104730002046FAF777FA0546002800F0048133692D
:1047400002339A0006F10C010C30F2F717FB2946F0
:1047500001222046FAF7A4FC0746F3E40221B0EE5A
:10476000474B79E4059B009601333E460493FFF7DF
:10477000DEBB00BF18070020F0060020029A24EEDE
:10478000022B012882F800E014D0B2EE043B029A1A
:10479000151826EE036BFDEEC65B15EE902A30323F
:1047A00001F8012BA942B8EEE54B36EE446BF0D18F
:1047B000711E0144B6EE005B32EE054BB4EEC64B03
:1047C000F1EE10FA3FF5B3AE35EE425BB4EEC65BE8
:1047D000F1EE10FA0DDC119A002AFFF6B0AD059A41
:1047E0000E2A3FF7ACAD059A03EBC20393ED003BF5
:1047F00060E70D46013915F8013C302BF9D00CF17A
:1048000001030493FFF7BFBB109ADDF82480C2F1C7
:104810003602FFF714BB099E002E7FF40AAE3D4618
:10482000FFF727BB0221B0EE475B15E6B9F1000F99
:104830003FF4BBAE0C9800287FF73BACB2EE043BD4
:10484000B1EE0C4B013106EE901A25EE035B059B91
:10485000B8EEE66BA5EE064B14EE901A03F1FF3CA2
:1048600053EC142BA1F1507315E60CF1010C31231C
:104870006AE6A946392309F8013B059B00960133F6
:10488000029A04933E46FFF763BB029D312305F86D
:10489000013B002134E4334B3348002240F2AF1196
:1048A000FFF79CF87FF4C4AC1AF0010F7FF4B9ACA9
:1048B000BEE4019B23F000431B0D1B05002B3FF4BE
:1048C00031AD012301350AF1010A0A932BE50D9B55
:1048D000002B33D101230C93994606932FE50CF15D
:1048E000010304930D46FFF74EBBBAF1390FC0D058
:1048F00091453FF79AAC9BE44A46FFF7A0BA049A69
:10490000022A05DC059A049299460595FFF7ECBA50
:104910000595DDF83090BBE4049A0595022AF8DC91
:10492000994602E4022197E50021E163FFF76BBBA2
:104930000CF1010304930D46FFF725BB0D9B069375
:1049400099460C930EE5074B07482A4640F2EF21A3
:10495000FFF744F8054B0293FFF72CB9002A3FF705
:1049600054AC65E4BC5C0020845D0020745D0020D4
:104970002DE9F04F8BB0DDE91589149F02901C469C
:10498000B8F1000F57D0166801960029C34608BF3A
:104990004FF0FF37002588460391924606E0019BC1
:1049A00053F8040B0193002837D06546AF423ED937
:1049B000002C3CD0DBF800300493DBF80430059386
:1049C000019B02981A68D9F8C8615B4606A9B047EE
:1049D000431C33D000EB050CBC453AD8039B013C8B
:1049E000002BDCD000280DDD08F1FF32019E06A966
:1049F00000EB020E11F8013B02F8013F7245F9D1BC
:104A000001968044019BDAF8002053F8040B0193CF
:104A10000432CAF800200028C7D10399D84609B14A
:104A2000CAF800000022C8F800200CF1FF35284623
:104A30000BB0BDE8F08F00F58678A4E7029B054631
:104A40008A21002228461960CBF800200BB0BDE86F
:104A5000F08FD846DDF810A0DDF814B02846C8E97C
:104A600000AB0BB0BDE8F08F00B585B0DFF81CC01F
:104A7000069800900798019003480068CDF808C098
:104A8000FFF776FF05B000BDF87D0020907B002089
:104A90002DE9F0438E681D46AE420B6883B00C468C
:104AA00090463AD8B1F90CC01CF4906F0FD135463E
:104AB000184641462A46F8F7FDFFA3689E1B236867
:104AC000A6602B440020236003B0BDE8F0834A6950
:104AD000096902EB42025E1A02EBD2726B1C5210A1
:104AE0003344934294BF17461F46934288BF1A46E9
:104AF0001CF4806F814612D01146F6F7E3FBF0B14B
:104B0000324621690190F2F739F9A289019B22F41A
:104B1000906242F08002A28105E02E46C8E7F6F7D7
:104B2000C9FE034638B123613344BE1BA6606761EA
:104B300023602E46BCE721694846F9F707FFA389A1
:104B40000C2243F04003C9F800204FF0FF30A3814E
:104B5000BAE700BF5FF800F0252E00605FF800F0B4
:104B6000F91B00605FF800F0951600605FF800F038
:104B7000051D00605FF800F0191600605FF800F096
:104B80004D1D00605FF800F01D1700605FF800F039
:104B9000351F00605FF800F0D11600605FF800F08C
:0C4BA000D12D00600000000000000000AB
:044BAC00F8B500BF99
:104BB0008140FF7FA908B100FFFF01080E041C001F
:104BC000180E00006D40FF7FA908B100FFFF01082B
:104BD0000E041C00180E000008B10181B0B0008462
:104BE0000000000008B10181B0B0008400000000A6
:104BF0004140FF7FB0AF1600FF1019011122D6050A
:104C00000000B60604F00801F40688020000010066
:104C1000000000001D40FF7F8408B101B0B0B0006B
:104C2000FF100D0104020608010100000000000051
:104C300008B10181B0B000840000000008B101811A
:104C4000B0B0008400000000E93FFF7FB0AB04007B
:104C5000FFFF010C1C046200680400006E04620087
:104C6000D13FFF7FB0AF0200FF1019010F320A3CA5
:104C700001840136C00100C80104000001000000E9
:104C800000000000AD3FFF7FB0A80100FFFF010062
:104C900008B10181B0B000840000000008B10181BA
:104CA000B0B00084000000001C39FF7F010000004C
:104CB0002039FF7FFCFEFF7F4839FF7F08FFFF7F21
:104CC0007039FF7F01000000A039FF7F0CFFFF7FDC
:104CD000B839FF7F01000000EC3BFF7FB0AB0280E2
:104CE000943CFF7F01000000943DFF7FB0B0AA809C
:104CF000503EFF7FF0FEFF7F903EFF7FB0A9028015
:104D0000303FFF7FECFEFF7FAC43FF7F08FFFF7F5C
:104D1000B443FF7F01000000C043FF7F14FFFF7F0B
:104D2000C043FF7F18FFFF7FCC43FF7F01000000DF
:104D3000E443FF7F008402802844FF7F01000000DD
:104D40006444FF7FB0B0AA809044FF7FB0B0A880D9
:104D5000F844FF7F01000000E045FF7FB0B0AC8069
:104D60000446FF7F010000004447FF7FDCFEFF7F19
:104D7000C047FF7FB0B0A880CC47FF7F008402808F
:104D80002048FF7F010000001C48FF7FB0AA03807D
:104D90004848FF7F010000006449FF7FC4FEFF7F99
:104DA000344AFF7FE0FEFF7FB44AFF7F010000002E
:104DB000B054FF7FB0A803804455FF7FB0B0A880F7
:104DC0009455FF7F010000009C55FF7FB0B0AA8082
:104DD000D055FF7FAF76B2809C56FF7FAB3F3A80C5
:104DE0000457FF7F010000000C57FF7FB0B0AA807E
:104DF0004857FF7F010000000058FF7FAC0FB280D2
:104E00008458FF7FB0AF0880105BFF7F0100000077
:104E1000205BFF7FAC3F0380145EFF7F010000003A
:104E2000DC5FFF7F00840480EC5FFF7F01000000F7
:104E3000E85FFF7FB0AC0580E862FF7F00840480FC
:104E40001063FF7F4CFEFF7F1463FF7F50FEFF7FE8
:084E50002063FF7F0100000058
:104E5800000000000000000000000000000000004A
:104E6800000000000000000000000000000000003A
:104E7800000000000000000000000000000000002A
:104E8800000000000000000000000000000000001A
:104E9800000000000000000000000000000000000A
:104EA80000000000000000000000000000000000FA
:104EB80000000000000000000000000000000000EA
:104EC80000000000000000000000000000000000DA
:104ED80000000000000000000000000000000000CA
:104EE80000000000000000000000000000000000BA
:104EF80000000000000000000000000000000000AA
:104F08000000000000000000000000000000000099
:104F18000000000000000000000000000000000089
:104F28000000000000000000000000000000000079
:104F38000000000000000000000000000000000069
:104F48000000000000000000000000000000000059
:104F58000000000000000000000000000000000049
:104F68000000000000000000000000000000000039
:104F78000000000000000000000000000000000029
:104F88000000000000000000000000000000000019
:104F98000000000000000000000000000000000009
:104FA80000000000000000000000000000000000F9
:104FB80000000000000000000000000000000000E9
:104FC80000000000000000000000000000000000D9
:104FD80000000000000000000000000000000000C9
:104FE80000000000000000000000000000000000B9
:104FF80000000000000000000000000000000000A9
:105008000000000000000000000000000000000098
:105018000000000000000000000000000000000088
:105028000000000000000000000000000000000078
:105038000000000000000000000000000000000068
:105048000000000000000000000000000000000058
:105058000000000000000000000000000000000048
:105068000000000000000000000000000000000038
:105078000000000000000000000000000000000028
:105088000000000000000000000000000000000018
:105098000000000000000000000000000000000008
:1050A80000000000000000000000000000000000F8
:1050B80000000000000000000000000000000000E8
:1050C80000000000000000000000000000000000D8
:1050D80000000000000000000100010002000300C1
:1050E8000400060008000A000D0010001300180054
:1050F8001C00210027002E0035003C0045004E0012
:10510800580062006E007A0087009500A400B40081
:10511800C400D600E800FC00110127013D0155013B
:105128006E018901A401C101DE01FD011E023F02D9
:1051380062028702AC02D302FC02260351037E03FB
:10514800AD03DD030E0441047504AB04E2041B0542
:1051580056059305D105110653069606DC06230766
:105168006C07B70704085208A308F5084909A009FD
:10517800F809520AAF0A0D0B6D0BD00B340C9B0CBF
:10518800040D6F0DDC0D4C0EBD0E310FA70F201056
:105198009B10181198111A129E122513AE133A1467
:1051A800C8145915ED1582161B17B6175418F4189C
:1051B80097193D1AE51A8F1B3D1CED1C9F1D541EA7
:1051C8000C1FC61F832042210322C7228D23562489
:1051D8002A25FB25D026A72782285F29402A232BAA
:1051E8000A2CF42CE12DD12EC42FBA30B431B032B0
:1051F800B033B334BA35C336D037E038F3390A3B65
:10520800243C413D623E863FAD40D8410743384487
:105218006E45A646E2472249654AAC4BF64C444ED9
:10522800964FEB504452A05300556456CB5737590C
:10523800A65A185C8F5D095F87600A628F631965DB
:10524800A7663968CF69686B066DA76E4D70F771F0
:10525800A57357750D77C778857A477C0E7ED97FF9
:10526800A8817C83538530871089F58ADE8CCB8EA4
:10527800BD90B392AE94AD96B098B89AC49CD59EA2
:10528800EAA004A323A545A76DA999ABC9ADFEAFB4
:1052980038B276B4B9B600B94CBB9CBDF1BF4AC2AE
:1052A800A8C40BC772C9DDCB4DCEC1D03AD3B8D58F
:1052B80039D8BFDA4ADDD9DF6CE203E59FE73EEA79
:1052C800E2EC8AEF36F2E6F49AF752FA0DFDFFFFA8
:1052D80000000000000000000100010002000300BF
:1052E8000400060008000A000D0010001300180052
:1052F8001C00210027002E0035003C0045004E0010
:10530800580062006E007A0087009500A400B30080
:10531800C400D600E800FC00110127013D01550139
:105328006E018901A401C101DE01FE011E023F02D6
:1053380062028702AC02D302FC02260351037E03F9
:10534800AC03DC030D0440047404AA04E2041B0546
:1053580056059305D105110653069606DC06230764
:105368006C07B70703085208A208F50849099F09FE
:10537800F809520AAE0A0D0B6D0BD00B340C9B0CBE
:10538800040D6F0DDC0D4C0EBE0E320FA80F201051
:105398009B10181198111A129E122513AE13391466
:1053A800C7145815EB1580161817B3175018F018AE
:1053B8009219371ADF1A891B361CE51C981D4D1ED9
:1053C800051FC01F7D203D210022C6228F235B249C
:1053D8002A25FB25D026A72782285F29402A232BA8
:1053E8000A2CF32CE02DD02EC32FB930B231AF32B6
:1053F800AE33B134B735C136CD37DD38F139073B77
:10540800213C3E3D5F3E833FAA40D541034335449E
:105418006A45A346DF471F49624AA94BF44C424EEE
:10542800944FE95042529F53FF546356CB57365915
:10543800A65A195C905D0A5F89600B6291631C65CE
:10544800AA663B68D1696B6B096DAA6E5070FA71D8
:10545800A87359750F77C978877A4A7C107EDA7FE6
:10546800A9817C8353852E870D89F18AD98CC58EB5
:10547800B690AB92A494A196A398A99AB49CC39E03
:10548800D7A0EFA20BA52CA752A97BABAAADDDAF85
:1054980014B251B491B6D7B821BB6FBDC3BF1BC2FC
:1054A80077C4D9C63FC9AACB19CE8ED007D385D524
:1054B80007D88FDA1CDDADDF43E2DEE47EE723EABE
:1054C800CDEC7CEF30F2E9F4A7F76AFA32FDFFFF82
:1054D8000A0000004C0100003C0300000C01000021
:1054E80050010000400300000B02000054010000BE
:1054F800440300000D0300005801000048030000A9
:10550800060A00007401000064030000090B000093
:105518007801000068030000200C00007C010000F6
:105528006C030000081000008C0100007C030000E0
:105538000711000090010000800300000000000037
:105548000080E03779C34143176E05B5B5B8934677
:10555800F5F93FE9034F384D321D30F94877825A43
:105568003CBF737FDD4F1575000000000000F03F61
:105578000000000000002440000000000000594026
:105588000000000000408F40000000000088C34079
:1055980000000000006AF8400000000080842E41EE
:1055A80000000000D01263410000000084D797413A
:1055B8000000000065CDCD41000000205FA0024240
:1055C800000000E876483742000000A2941A6D42B5
:1055D800000040E59C30A2420000901EC4BCD642A8
:1055E80000003426F56B0C430080E03779C3414353
:1055F80000A0D8855734764300C84E676DC1AB43C9
:10560800003D9160E458E143408CB5781DAF1544E6
:1056180050EFE2D6E41A4B4492D54D06CFF08044C1
:10562800F64AE1C7022DB544B49DD9794378EA44D6
:1056380001031C0602000000030000000400000033
:105648000500000006000000070000000800000038
:1056580000000000CB000000AD0300001D070000A3
:10566800470A0000A70B00004F0E0000CB00000007
:10567800E2020000700300002A030000600100003D
:10568800A8020000BA010000FFFFFF00FA000000B6
:105698007102000077010000180100001C1F0020A3
:1056A8004172742D4E65740000000000FFFFFF007A
:1056B800000D0B0C011B1A01022D2B2A0000000003
:1056C8000100000038270020000000000200000050
:1056D800882700200100000006000000E0270020C5
:1056E800010000000600000048280020010000001A
:1056F80007000000942800200100000007000000B7
:105708000029002001000000080000006029002096
:105718000100000008000000BC290020FFFFFFFF77
:10572800FFFFFFFFFFFFFFFFFFFFFFFFFFFFFFFF81
:10573800FFFFFFFFFFFFFFFFFFFFFFFFFFFFFF0070
:1057480000003A4000C0394000403940A41E002003
:10575800AC1E0020B01E0020D01E0020B81E002065
:10576800BC1E0020C41E0020CC1E0020D41E002019
:10577800E41E0020EC1E0020F41E0020001F002064
:10578800081F0020700C00207B22646961676E6F1F
:1057980073746963223A2266697273745F73686FFF
:1057A800775F656E746572222C22686561705F751B
:1057B8006E616C6C6F6361746564223A256C752C3C
:1057C800226172656E615F66726565223A25752C85
:1057D800226172656E615F75736564223A25752C66
:1057E800226C65645F6C696D6974223A25757D0A5F
:1057F800000000007B22646961676E6F73746963DF
:10580800223A2266697273745F73686F775F726594
:105818007475726E222C22686561705F756E616C9A
:105828006C6F6361746564223A256C752C22617211
:10583800656E615F66726565223A25752C22617214
:10584800656E615F75736564223A25757D0A00008F
:10585800747275650000000066616C736500000075
:105868007B226669726D77617265223A227465657A
:105878006E737934312D6172746E65742D302E31EA
:10588800222C2270696E6F75745F636F6E66697221
:105898006D6564223A25732C22756E77697265648A
:1058A8005F62656E6368223A25732C226C65645FBB
:1058B8006C696D6974223A25752C2261726D656474
:1058C800223A25732C22626C61636B223A25732C71
:1058D800226970223A2225752E25752E25752E25CA
:1058E80075222C226C696E6B223A25732C2270610A
:1058F800636B657473223A256C752C227564705F2E
:105908007265636569766564223A256C752C227523
:1059180064705F71756575655F64726F7073223A44
:10592800256C752C2271756575655F7065616B22D4
:105938003A256C752C2272656A6563746564223A2F
:10594800256C752C22666F726569676E223A256C24
:10595800752C2269676E6F726564223A256C752C06
:1059680022636F6D706C657465223A256C752C2204
:10597800696E636F6D706C657465223A256C752C61
:10598800227374616C65223A256C752C22647570DB
:105998006C696361746573223A256C752C226F7685
:1059A80065727772697474656E223A256C752C225B
:1059B8007375626D6974746564223A256C752C225E
:1059C800626C61636B6F757473223A256C752C2257
:1059D800636F6D706C6574655F667073223A252E0F
:1059E80033662C227375626D69745F667073223A30
:1059F800252E33662C2273686F775F63616C6C5F4A
:105A08007573223A256C752C226D61785F73686F07
:105A1800775F63616C6C5F7573223A256C752C2215
:105A28006D61785F6C6F6F705F7573223A256C7566
:105A38002C2274656C656D657472795F736B69701F
:105A4800706564223A256C752C22646D615F636F02
:105A58006D706C65746564223A256C752C22646DD2
:105A6800615F656C61707365645F7573223A256C5C
:105A7800752C22646D615F627573795F6465666514
:105A88007272616C73223A256C752C227068797376
:105A98006963616C5F6670735F7665726966696574
:105AA80064223A66616C73657D0A00007465656EF0
:105AB80073792D6172746E65742D7465737400004A
:105AC8005354554200000000433A5C636F646578A4
:105AD8002D746F6F6C735C7465656E737934312DDA
:105AE8006C6962735C7465656E737934315F756E69
:105AF80077697265645F62656E63685C466173743A
:105B08004C45445C7372632F666C2F6368616E6EDC
:105B1800656C732F6368616E6E656C2E6370702E92
:105B2800687070004368616E6E656C202700000025
:105B3800273A20626F756E642064726976657220F8
:105B480027000000272069732063757272656E74E0
:105B58006C792044495341424C4544206279206580
:105B680078636C75736976652D64726976657220E1
:105B780073656C656374696F6E202700272E204655
:105B880072616D652077696C6C2062652073696C41
:105B9800656E746C792064726F707065642E200075
:105BA8005265736F6C766520776974683A20466130
:105BB80073744C45442E656E61626C6544726976F7
:105BC8006572733C666C3A3A4275733A3A00000063
:105BD8003E2829206F7220466173744C45442E6517
:105BE8006E61626C65416C6C44726976657273288B
:105BF800292E0000272069732063757272656E7400
:105C08006C792044495341424C45442E20467261E8
:105C18006D652077696C6C2062652073696C656EB0
:105C2800746C792064726F707065642E20000000B7
:105C3800433A5C636F6465782D746F6F6C735C7442
:105C480065656E737934312D6C6962735C74656552
:105C58006E737934315F756E77697265645F6265FA
:105C68006E63685C466173744C45445C7372632F61
:105C7800666C2F6368616E6E656C732F616461700A
:105C8800746572732F7370695F6368616E6E656C9B
:105C98005F616461707465722E6370702E687070D5
:105CA80000000000293A20005370694368616E6E55
:105CB800656C456E67696E65416461707465723ABA
:105CC8002052656C656173696E67200020636F6D93
:105CD800706C65746564206368616E6E656C7300D2
:105CE8005370694368616E6E656C456E67696E6571
:105CF800416461707465723A2044657374727563A7
:105D0800746F7220666F722027000000433A5C634C
:105D18006F6465782D746F6F6C735C7465656E73F2
:105D28007934312D6C6962735C7465656E7379348E
:105D3800315F756E77697265645F62656E63685C12
:105D4800466173744C45445C7372632F666C2F63B1
:105D580068616E6E656C732F6D616E616765722E1A
:105D68006370702E687070004368616E6E656C4D6C
:105D7800616E616765723A2054696D656F7574204C
:105D88006F63637572726564207768696C652077E4
:105D9800616974696E6720666F7220524541445983
:105DA80020737461746500004368616E6E656C4DA4
:105DB800616E616765723A204465737472756374C5
:105DC8006F722063616C6C656400000053706943F6
:105DD80068616E6E656C456E67696E654164617079
:105DE8007465723A204E756C6C206368616E6E65DE
:105DF8006C20646174612070617373656420746FD2
:105E080020656E71756575652829000053706943B2
:105E180068616E6E656C456E67696E654164617038
:105E28007465723A2043616E6E6F742068616E64A7
:105E38006C65206E6F6E2D535049206368616E6EDD
:105E4800656C206461746120286368697073657487
:105E5800206D69736D61746368290000537069432C
:105E680068616E6E656C456E67696E6541646170E8
:105E78007465723A20456E7175657565642063684E
:105E8800616E6E656C2028746F74616C3A20000036
:105E9800433A5C636F6465782D746F6F6C735C74E0
:105EA80065656E737934312D6C6962735C746565F0
:105EB8006E737934315F756E77697265645F626598
:105EC8006E63685C466173744C45445C7372632FFF
:105ED800666C2F6368616E6E656C732F6472697689
:105EE80065722E6370702E68707000004368616E72
:105EF8006E656C5F000000004368616E6E656C4DF6
:105F0800616E616765723A20496E697469616C698E
:105F18007A696E67000000004368616E6E656C4DBB
:105F2800616E616765723A3A73656C656374447251
:105F380069766572466F724368616E6E656C282972
:105F4800202D204E756C6C206368616E6E656C2028
:105F580064617461000000004368616E6E656C4D99
:105F6800616E616765723A20416666696E69747927
:105F7800206472697665722027000000272063611B
:105F88006E6E6F742068616E646C65206368616E04
:105F98006E656C206461746120286368697073653C
:105FA800742F627573206D69736D61746368292E2F
:105FB8002000000046616C6C696E67206261636B4B
:105FC80020746F204155544F2F7072696F72697435
:105FD800792064697370617463682E004368616E28
:105FE8006E656C4D616E616765723A204E6F206315
:105FF8006F6D70617469626C652064726976657230
:1060080020666F756E6420666F72206368616E6EBD
:10601800656C206461746100273A20447269766572
:106028007220270027207761736E277420696E73AA
:1060380074616E7469617465642E205265736F6C47
:10604800766520776974683A200000002831292095
:10605800666C3A3A656E61626C654472697665721F
:10606800733C666C3A3A4275733A3A003E282920E6
:1060780000000000286C696E6B73206F6E6C7920CD
:106088007468697320647269766572292C2000002F
:1060980028322920466173744C45442E656E61622E
:1060A8006C65416C6C447269766572732829202886
:1060B8006C696E6B73206576657279206472697697
:1060C8006572292C206F72200000000028332920D7
:1060D800466173744C45442E6164644C6564733C3A
:1060E8002E2E2E2C20666C3A3A4275733A3A0000EE
:1060F8003E282E2E2E292000286C656761637920A2
:106108004150493B2070696E7320427573202B20E3
:106118007472696767657273206C696E6B6572204B
:106128006B6565702D616C697665292E200000000D
:1061380027206973207265676973746572656420C6
:106148006275742063616E6E6F742068616E646C32
:10615800652074686973206368616E6E656C277367
:106168002063686970736574200000002862757385
:106178002F63686970736574206D69736D617463EA
:1061880068292E2044656661756C74696E67207491
:106198006F204155544F2F7072696F72697479205E
:1061A80064697370617463682E000000273A204E9A
:1061B8006F20636F6D70617469626C6520647269C9
:1061C80076657220666F756E64202D2063616E6E31
:1061D8006F74207472616E736D6974004368616EC8
:1061E8006E656C4D616E616765723A2054696D65C4
:1061F8006F7574206F636375727265642077686960
:106208006C652077616974696E6720666F722063B8
:106218006F6E646974696F6E000000004368616E98
:106228006E656C4D616E616765723A3A616464448B
:1062380072697665722829202D204E756C6C206451
:1062480072697665722070726F76696465640000A1
:106258004368616E6E656C4D616E616765723A3A4E
:106268006164644472697665722829202D20456E20
:1062780067696E652068617320656D707479206E3A
:10628800616D6520286472697665722D3E67657454
:106298004E616D6528292072657475726E6564207B
:1062A800656D70747920737472696E6729000000D7
:1062B8004368616E6E656C4D616E616765723A3AEE
:1062C8006164644472697665722829202D205265BC
:1062D800706C6163696E67206578697374696E674D
:1062E8002064726976657220270000004368616E39
:1062F8006E656C4D616E616765723A3A61646444BB
:1063080072697665722829202D2027002720616C64
:106318007265616479207265676973746572656412
:10632800206174207072696F7269747920000000AE
:1063380020286964656D706F74656E74206E6F2DAA
:106348006F7029004368616E6E656C4D616E6167A0
:1063580065723A2057616974696E6720666F7220AA
:10636800616C6C206472697665727320746F206248
:1063780065636F6D65205245414459206265666FBB
:106388007265207265706C6163656D656E7400007E
:106398004368616E6E656C4D616E616765723A2027
:1063A80052656D6F76696E67206F6C6420647269E0
:1063B80076657220270000002720287368617265BF
:1063C800645F707472206D61792064656C657465B2
:1063D800290000007C0000004E4F4E4500000000E0
:1063E8004368616E6E656C4D616E616765723A20D7
:1063F80041646465642064726976657220270000D0
:106408002720287072696F72697479200000000073
:106418002C20636170733A20000000004368616EAD
:106428006E656C4D616E616765723A2054696D6581
:106438006F7574206F63637572726564207768691D
:106448006C652077616974696E6720666F72205287
:1064580045414459206F7220445241494E494E47A4
:1064680020737461746500005370694368616E6ECF
:10647800656C456E67696E65416461707465723AF2
:106488003A6372656174653A204E6F20636F6E746B
:10649800726F6C6C6572732070726F766964656474
:1064A800000000005370694368616E6E656C456E4C
:1064B80067696E65416461707465723A3A637265C2
:1064C8006174653A2053697A65206D69736D6174EA
:1064D800636820696E20617267756D656E747300FC
:1064E8005370694368616E6E656C456E67696E6569
:1064F800416461707465723A3A6372656174653AB1
:1065080020456D7074792061646170746572206EC5
:10651800616D65005370694368616E6E656C456EA8
:1065280067696E65416461707465723A204E756C76
:106538006C20636F6E74726F6C6C6572206174206E
:10654800696E6465782000005370694368616E6EF7
:10655800656C456E67696E65416461707465723A11
:10656800205265676973746572656420636F6E7421
:10657800726F6C6C65722027000000002C206C6123
:106588006E65733A200000005370694368616E6E4F
:10659800656C456E67696E65416461707465723AD1
:1065A800204E6F2076616C696420636F6E74726F21
:1065B8006C6C657273207265676973746572656463
:1065C800000000005370694368616E6E656C456E2B
:1065D80067696E65416461707465723A20436F6ED5
:1065E80074726F6C6C6572200000000020616C7220
:1065F8006561647920696E697469616C697A65643A
:10660800207769746820646966666572656E7420AF
:10661800636C6F636B2070696E0000005370694390
:1066280068616E6E656C456E67696E654164617020
:106638007465723A204661696C656420746F2069DC
:106648006E697469616C697A6520000053706943EA
:1066580068616E6E656C456E67696E6541646170F0
:106668007465723A20496E697469616C697A656407
:1066780020000000207769746820636C6F636B20CA
:1066880070696E20000000005370694368616E6E87
:10669800656C456E67696E65416461707465723AD0
:1066A800204D756C74692D6C616E6520696E697416
:1066B800206E6F742079657420696D706C656D65E6
:1066C8006E746564000000005370694368616E6E03
:1066D800656C456E67696E65416461707465723A90
:1066E800204E6F6E2D53504920636869707365742E
:1066F80020696E2067726F75704279436C6F636BA7
:1067080050696E005370694368616E6E656C456EC2
:1067180067696E65416461707465723A204E6F6E88
:106728002D535049206368697073657420696E2021
:106738007472616E736D69744261746368000000FD
:106748005370694368616E6E656C456E67696E6506
:10675800416461707465723A204E6F206176616998
:106768006C61626C6520636F6E74726F6C6C6572BD
:1067780020666F7220636C6F636B2070696E2000F7
:106788005370694368616E6E656C456E67696E65C6
:10679800416461707465723A20456D707479206344
:1067A80068616E6E656C2064617461005370694342
:1067B80068616E6E656C456E67696E65416461708F
:1067C8007465723A205472616E736D697474696E7F
:1067D80067206368616E6E656C20766961200000D1
:1067E800202870696E200000206279746573290082
:1067F8005370694368616E6E656C456E67696E6556
:10680800416461707465723A204661696C65642000
:10681800746F206163717569726520444D4120620F
:10682800756666657220286572726F7220000000B6
:106838005370694368616E6E656C456E67696E6515
:10684800416461707465723A20444D4120627566F6
:1068580066657220746F6F20736D616C6C20280000
:10686800203C20005370694368616E6E656C456E0C
:1068780067696E65416461707465723A205472612B
:106888006E736D697373696F6E206661696C656498
:10689800000000005370694368616E6E656C456E58
:1068A80067696E65416461707465723A20547261FB
:1068B8006E736D697373696F6E2071756575656444
:1068C800207375636365737366756C6C790000007B
:1068D8005370694368616E6E656C456E67696E6575
:1068E800416461707465723A205472616E736D69A7
:1068F8007373696F6E2074696D656F75740000003D
:106908005370694368616E6E656C456E67696E6544
:10691800416461707465723A2042617463682074DE
:1069280072616E736D697373696F6E20636F6D70DA
:106938006C657465000000005370694368616E6E91
:10694800656C456E67696E65416461707465723A1D
:106958002073686F7728292063616C6C65642077E1
:106968006974682000000000206368616E6E656CC1
:10697800730000005370694368616E6E656C456E04
:1069880067696E65416461707465723A2047726F19
:106998007570656420696E746F20000020636C6FE9
:1069A800636B2070696E2067726F757073000000EA
:1069B8005370694368616E6E656C456E67696E6594
:1069C800416461707465723A205472616E736D69C6
:1069D8007474696E672067726F7570207769746860
:1069E80020636C6F636B2070696E200020280000A4
:1069F800206368616E6E656C73290000537069438B
:106A080068616E6E656C456E67696E65416461703C
:106A18007465723A204661696C656420746F2074ED
:106A280072616E736D697420626174636820666F49
:106A38007220636C6F636B2070696E200000000029
:106A48005370694368616E6E656C456E67696E6503
:106A5800416461707465723A2073686F77282920E1
:106A6800636F6D706C6574650000000055435337A3
:106A78003630342063616E6E6F7420636172727990
:106A880020352D6368616E6E656C205247425757FA
:106A980020E2809420746869732063686970736564
:106AA8007420616C7761797320656D697473203423
:106AB8002D6368616E6E656C20524742572E2054D4
:106AC8006865207761726D2F636F6F6C20776869D6
:106AD8007465206368616E6E656C7320696E2079D9
:106AE8006F757220526762777720636F6E66696789
:106AF8002077696C6C2062652064726F70706564C1
:106B08002E20536574204368616E6E656C4F7074F7
:106B1800696F6E732E6D5768697465436667203DAB
:106B280020526762777B2E2E2E7D20696E737465E6
:106B3800616420746F2073696C656E636520746886
:106B48006973207761726E696E672E00273A205349
:106B58006B697070696E6720616464546F44726118
:106B6800774C6973742829202D20616C72656164E3
:106B78007920696E2064726177206C6973740000F3
:106B8800273A2073686F77506978656C73282920D5
:106B980063616C6C6564207768696C65206D436817
:106BA800616E6E656C4461746120697320696E2042
:106BB800757365206279206472697665722C20612C
:106BC8007474656D7074696E6720746F207761697D
:106BD80074000000273A2054696D656F7574206F42
:106BE80063637572726564207768696C6520776184
:106BF8006974696E6720666F72206472697665725F
:106C080020746F206265636F6D6520524541445959
:106C180000000000273A20456E67696E65206265AE
:106C280063616D65205245414459206166746572FF
:106C38002077616974696E6700000000273A205860
:106C4800594D61702064696D656E73696F6E73204C
:106C5800280000002920646F6E2774206D6174631A
:106C680068204C454420636F756E7420280000002E
:106C7800292E2041646472657373696E672074728B
:106C8800616E73666F726D6174696F6E206D617984
:106C98002070726F6475636520756E6578706563C2
:106CA80074656420726573756C74732E000000003F
:106CB800273A204E6F2064726976657220626F757C
:106CC8006E642079657420746865206D4368616E10
:106CD8006E656C4461746120697320696E207573F8
:106CE80065202D2063616E6E6F74207472616E73FF
:106CF8006D6974004155544F00000000524D540016
:106D08005041524C494F0000493253004932535FB9
:106D1800535049004C43445F524742004C43445F40
:106D2800535049004C43445F434C4F434B4C4553ED
:106D3800530000005541525400000000464C45588D
:106D48005F494F004F424A4543545F464C45440013
:106D58004C505541525400004249545F42414E47FD
:106D680000000000554E4E414D45442043484950CF
:106D780053455400433A5C636F6465782D746F6FB4
:106D88006C735C7465656E737934312D6C696273EC
:106D98005C7465656E737934315F756E7769726599
:106DA800645F62656E63685C466173744C45445CFD
:106DB8007372632F666C2F6766782F726762772EFF
:106DC8006370702E68707000524742573A206B52B9
:106DD800474257436F6C6F72696D657472696320BF
:106DE80072657175657374656420627574204641B7
:106DF80053544C45445F524742575F434F4C4F52A0
:106E0800494D4554524943206973206E6F7420647C
:106E18006566696E656420E280942066616C6C69C1
:106E28006E67206261636B20746F206B5247425714
:106E38004578616374436F6C6F72732E2044656686
:106E4800696E6520464153544C45445F524742574A
:106E58005F434F4C4F52494D45545249433D3120B1
:106E6800746F20656E61626C652074686520636F5D
:106E78006C6F72696D657472696320706174682ED5
:106E880000000000524742573A206B52474257438E
:106E98006F6C6F72696D6574726963426F6F73743A
:106EA80065642072657175657374656420627574B4
:106EB80020464153544C45445F524742575F434F25
:106EC8004C4F52494D4554524943206973206E6FC7
:106ED8007420646566696E656420E280942066614A
:106EE8006C6C696E67206261636B20746F206B52F3
:106EF8004742574578616374436F6C6F72732E20F5
:106F0800446566696E6520464153544C45445F525A
:106F18004742575F434F4C4F52494D45545249439E
:106F28003D3120746F20656E61626C652074686500
:106F380020636F6C6F72696D65747269632070612C
:106F480074682E00433A5C636F6465782D746F6FC4
:106F58006C735C7465656E737934312D6C6962731A
:106F68005C7465656E737934315F756E77697265C7
:106F7800645F62656E63685C466173744C45445C2B
:106F88007372632F666C2F6766782F7267627777E4
:106F98002E6370702E6870700000000052474257D0
:106FA800573A206B5247425757436F6C6F72696D5F
:106FB80065747269632072657175697265732046BC
:106FC8004153544C45445F524742575F434F4C4FDF
:106FD80052494D45545249433D3120287468652033
:106FE8006D617468206C696272617279207468617D
:106FF800742070726F766964657320736F6C766540
:107008005F726762636374292E204F75747075749C
:1070180074696E67207A65726F732E005247425703
:10702800573A206B5247425757436F6C6F72696DDE
:107038006574726963426F6F7374656420726571F9
:10704800756972657320464153544C45445F5247F5
:1070580042575F434F4C4F52494D45545249433D67
:10706800312E204F757470757474696E67207A6557
:10707800726F732E00000000293A205741524E3A91
:1070880020000000293A204552524F523A20000071
:10709800293A20494E464F3A20000000433A5C63A3
:1070A8006F6465782D746F6F6C735C7465656E734F
:1070B8007934312D6C6962735C7465656E737934EB
:1070C800315F756E77697265645F62656E63685C6F
:1070D800466173744C45445C7372632F666C2F74FD
:1070E80061736B2F7363686564756C65722E63706A
:1070F800702E6870700000005B666C3A3A746173B9
:107108006B5D205761726E696E673A206E6F2074EE
:1071180068656E28292063616C6C6261636B2073FB
:10712800657420666F72205461736B230000000041
:10713800206C61756E6368656420617420000000CE
:10714800433A5C636F6465782D746F6F6C735C741D
:1071580065656E737934312D6C6962735C7465652D
:107168006E737934315F756E77697265645F6265D5
:107178006E63685C466173744C45445C7372632F3C
:10718800666C2F7461736B2F6578656375746F72A5
:107198002E6370702E687070000000007461736B4D
:1071A8003A3A72756E2072652D656E7472616E63FF
:1071B800792064657465637465642C20736B6970E9
:1071C80070696E67206E65737465642063616C6CAA
:1071D80000000000433A5C636F6465782D746F6F3C
:1071E8006C735C7465656E737934312D6C69627388
:1071F8005C7465656E737934315F756E7769726535
:10720800645F62656E63685C466173744C45445C98
:107218007372632F706C6174666F726D732F617215
:107228006D2F7465656E73792F636F726F757469EE
:107238006E655F7465656E73792E696D706C2E6806
:1072480070700000436F726F7574696E65506C6181
:1072580074666F726D5465656E73793A204661691C
:107268006C656420746F20616C6C6F636174652059
:10727800737461636B000000433A5C636F64657804
:107288002D746F6F6C735C7465656E737934312D12
:107298006C6962735C7465656E737934315F756EA1
:1072A80077697265645F62656E63685C4661737472
:1072B8004C45445C7372632F706C6174666F726DB9
:1072C800732F61726D2F7465656E73792F746565A0
:1072D8006E7379345F636F6D6D6F6E2F72785F6652
:1072E8006C6578696F5F6368616E6E656C2E63703C
:1072F800702E6870700000005B466C6578494F20FE
:1073080052585D207761697428292054494D454FAA
:107318005554206166746572200000006D733A0050
:1073280020444D4120636F6D706C6574653D0000AD
:10733800206572726F723D002043495445523D00EA
:107348002F00000020287472616E73666572735F87
:10735800646F6E653D0000005B466C6578494F20A0
:1073680052585D20706F73742D74696D656F7574F4
:1073780020464C4558494F313A00000020534849AF
:107388004654535441543D30780000002053484936
:1073980046544552523D3078000000002054494D73
:1073A800535441543D307800204354524C3D30787A
:1073B800000000005B466C6578494F2052585D20FC
:1073C8006D436170747572654275666665725B308F
:1073D8002E2E375D3A203078000000005B466C6541
:1073E80078494F2052585D207761697428292053C5
:1073F8005543434553533A207472616E7366657200
:10740800735F646F6E653D00433A5C636F646578D3
:107418002D746F6F6C735C7465656E737934312D80
:107428006C6962735C7465656E737934315F756E0F
:1074380077697265645F62656E63685C46617374E0
:107448004C45445C7372632F706C6174666F726D27
:10745800732F61726D2F7465656E73792F7465650E
:107468006E7379345F636F6D6D6F6E2F7370695FC4
:1074780068775F325F6D787274313036322E6370A0
:10748800702E6870700000005370694877324D584C
:107498005254313036323A20427573206D69736D1B
:1074A80061746368202D2065787065637465642055
:1074B800000000002C20676F74200000537069489A
:1074C80077324D585254313036323A20496E76610F
:1074D8006C696420627573206E756D626572200038
:1074E8005370694877324D585254313036323A2009
:1074F8004475616C2D5350492072657175697265C8
:107508007320626F746820646174613020616E64F6
:107518002064617461312070696E7300537069482A
:1075280077324D585254313036323A20496E7661AE
:107538006C69642070696E20636F6D62696E617436
:10754800696F6E20666F72206275732000000000FC
:10755800202045787065637465643A2053434B3D39
:10756800000000002044303D000000002044313D70
:10757800000000002020476F743A2053434B3D0021
:10758800554E53455400000050696E206E756D626B
:1075980065722065786365656473204E554D5F4458
:1075A80049474954414C5F50494E5320666F7220F9
:1075B8007468697320626F617264202D2070696E2F
:1075C800206973206F7574206F662076616C69641A
:1075D8002072616E6765000050696E20646F657384
:1075E800206E6F74206D617020746F206120766149
:1075F8006C6964204750494F20706F727420284787
:1076080050494F362D3929202D206D61792062652A
:1076180020612067726F756E642F706F7765722FA7
:10762800726561642D6F6E6C792070696E00000060
:107638005741524E494E473A2050696E206973208F
:1076480053657269616C3120554152542028303D90
:107658005258312C20313D54583129202D206D614C
:1076680079206361757365206E6F6973652F73691F
:10767800676E616C2069737375657320616E642031
:107688006166666563742073657269616C20646500
:1076980062756767696E67005741524E494E473AAF
:1076A8002050696E2069732053657269616C3220BD
:1076B800554152542028373D5258322C20383D54D9
:1076C800583229202D206D617920636175736520FA
:1076D8006E6F6973652F7369676E616C2069737368
:1076E800756573005741524E494E473A2050696EAE
:1076F8002069732053504920627573202831313D29
:107708004D4F53492C2031323D4D49534F2C203198
:10771800333D53434B29202D206D617920636175DA
:107728007365206E6F69736520616E6420636F6E88
:10773800666C696374207769746820666C61736825
:107748002F5344207065726970686572616C7300AC
:107758005741524E494E473A2050696E206973206E
:107768005350493120627573202832363D4D4F53AE
:1077780049312C2032373D53434B3129202D206D80
:107788006179206361757365206E6F697365206127
:107798006E6420636F6E666C6963742077697468C1
:1077A800207065726970686572616C730000000012
:1077B8005741524E494E473A2050696E206973200E
:1077C80049324320627573202831383D5344413093
:1077D8002C2031393D53434C3029202D206D6179BF
:1077E800206361757365206E6F69736520616E64CF
:1077F80020636F6E666C69637420776974682049CA
:107808003243206465766963657300005741524EC0
:10781800494E473A2050696E206973204932432007
:10782800627573202831363D53434C312C20313753
:107838003D5344413129202D206D617920636175C4
:107848007365206E6F69736520616E6420636F6E67
:10785800666C6963742077697468204932432064D0
:107868006576696365730000433A5C636F646578A5
:107878002D746F6F6C735C7465656E737934312D1C
:107888006C6962735C7465656E737934315F756EAB
:1078980077697265645F62656E63685C466173747C
:1078A8004C45445C7372632F706C6174666F726DC3
:1078B800732F61726D2F7465656E73792F696E69A8
:1078C800745F7465656E7379342E6370702E68709A
:1078D800700000005465656E737920342E783A2064
:1078E800506C6174666F726D20696E697469616C41
:1078F800697A6174696F6E207374617274696E67F6
:10790800000000005465656E737920342E783A20A3
:10791800506C6174666F726D20696E697469616C10
:10792800697A6174696F6E20636F6D706C657465D8
:1079380000000000433A5C636F6465782D746F6FD4
:107948006C735C7465656E737934312D6C69627320
:107958005C7465656E737934315F756E77697265CD
:10796800645F62656E63685C466173744C45445C31
:107978007372632F706C6174666F726D732F7368A6
:10798800617265642F636F726F7574696E655F638A
:107998006F6E746578742E6370702E687070000056
:1079A800464154414C3A20537461636B206F7665AD
:1079B80072666C6F772064657465637465642069AA
:1079C8006E20636F726F7574696E6500433A5C630D
:1079D8006F6465782D746F6F6C735C7465656E7316
:1079E8007934312D6C6962735C7465656E737934B2
:1079F800315F756E77697265645F62656E63685C36
:107A0800466173744C45445C7372632F706C617487
:107A1800666F726D732F61726D2F7465656E737901
:107A28002F7465656E7379345F636F6D6D6F6E2F3C
:107A38007370695F68775F6D616E616765725F6DAE
:107A4800787274313036322E6370702E6870700020
:107A58005465656E737920342E783A20496E6974BE
:107A680069616C697A696E67205350492068617250
:107A780064776172650000005465656E737920341F
:107A88002E783A205265676973746572696E67204B
:107A980053706948773420696E7374616E636573D7
:107AA8000000000053504931000000005350493293
:107AB800000000005465656E737920342E783A20F2
:107AC80053706948773420696E7374616E636573A7
:107AD8002072656769737465726564005465656EC4
:107AE800737920342E783A20526567697374657209
:107AF800696E672053706948773220696E737461C4
:107B08006E636573000000005465656E73792034F8
:107B18002E783A2053706948773220696E73746101
:107B28006E63657320726567697374657265640056
:107B38005465656E737920342E783A205350492065
:107B4800686172647761726520696E697469616CD5
:107B5800697A656400000000433A5C636F64657885
:107B68002D746F6F6C735C7465656E737934312D29
:107B78006C6962735C7465656E737934315F756EB8
:107B880077697265645F62656E63685C4661737489
:107B98004C45445C7372632F706C6174666F726DD0
:107BA800732F61726D2F7465656E73792F746565B7
:107BB8006E7379345F636F6D6D6F6E2F696E697464
:107BC8005F6368616E6E656C5F6472697665725F2B
:107BD8006D787274313036322E6370702E68707022
:107BE800000000005465656E737920342E783A20C1
:107BF8004C617A7920696E697469616C697A61741B
:107C0800696F6E206F66206368616E6E656C2064B4
:107C180072697665727300005465656E73792034F5
:107C28002E783A205265676973746572696E6720A9
:107C3800466C6578494F206368616E6E656C206498
:107C480072697665720000005465656E7379203438
:107C58002E783A20526567697374657265642046A8
:107C68006C6578494F206472697665722028707255
:107C7800696F726974792038290000005465656E4F
:107C8800737920342E783A20526567697374657267
:107C9800696E67204F626A656374464C4544206389
:107CA80068616E6E656C20647269766572000000AA
:107CB8005465656E737920342E783A205265676969
:107CC800737465726564204F626A656374464C45D7
:107CD800442064726976657220287072696F7269CF
:107CE80074792035290000005465656E7379203455
:107CF8002E783A205265676973746572696E6720D9
:107D0800756E696669656420485720535049206339
:107D180068616E6E656C2064726976657200000039
:107D28005465656E737920342E783A20466F756EE7
:107D3800642000002053706948773420636F6E74A4
:107D4800726F6C6C657273002053706948773220CB
:107D5800636F6E74726F6C6C657273005350495F19
:107D6800554E4946494544005465656E737920343B
:107D78002E783A2052656769737465726564207558
:107D88006E69666965642053504920647269766536
:107D9800722077697468200020636F6E74726F6C4C
:107DA8006C65727320287072696F7269747920002B
:107DB8005465656E737920342E783A204661696C73
:107DC800656420746F2063726561746520756E69DF
:107DD80066696564205350492061646170746572F6
:107DE800000000005465656E737920342E783A20BF
:107DF8004E6F205350492068617264776172652024
:107E0800636F6E74726F6C6C6572732061766169F2
:107E18006C61626C650000005465656E737920348E
:107E28002E783A204368616E6E656C2064726976BC
:107E380065727320696E697469616C697A6564003A
:107E4800433A5C636F6465782D746F6F6C735C7410
:107E580065656E737934312D6C6962735C74656520
:107E68006E737934315F756E77697265645F6265C8
:107E78006E63685C466173744C45445C7372632F2F
:107E880074686972645F70617274792F6F626A6571
:107E980063745F666C65642F7372632F4F6A6563E2
:107EA80074464C45442E6370702E68707000000054
:107EB8003D3D3D3D3D3D3D3D3D3D3D3D3D3D3D3DEA
:107EC8003D3D3D3D3D3D3D3D3D3D3D3D3D3D3D3DDA
:107ED8003D3D3D3D3D3D3D3D3D3D3D3D3D3D3D3DCA
:107EE8003D3D3D3D3D3D3D3D3D3D3D3D3D3D3D3DBA
:107EF8003D3D3D3D3D3D3D3D3D3D3D3D3D3D3D3DAA
:107F080000000000464153544C4544204352495414
:107F18004943414C204552524F523A204E6F2076E9
:107F2800616C69642070696E7320636F6E6669673F
:107F38007572656421000000416C6C20000000002F
:107F48002070696E73206661696C65642076616C67
:107F580069646174696F6E2E000000004F626A6583
:107F68006374464C4544206472697665722069736F
:107F78002064697361626C6564202D206E6F204CEB
:107F88004544732077696C6C206265207570646164
:107F98007465642E00000000464153544C4544204B
:107FA8004552524F523A2050696E20002069732082
:107FB800494E56414C494420616E642068617320E3
:107FC8006265656E2064697361626C6564000000B7
:107FD800464153544C4544205741524E494E473A26
:107FE8002050696E20000000206D6179206861765C
:107FF80065206973737565730000000020646F6500
:1080080073206E6F74206D617020746F2047504923
:108018004F362D3920286F66667365743D00000061
:10802800546869732070696E206D617920626520DB
:10803800612067726F756E642F706F7765722F722B
:108048006561642D6F6E6C792070696E202D2073C8
:10805800747269702064697361626C656400000001
:10806800464153544C4544205741524E494E473A95
:10807800204F6E6C79200000206F66200000000001
:108088002070696E73206172652076616C69640086
:10809800537472697073206F6E20696E76616C69B3
:1080A800642070696E732077696C6C206E6F742021
:1080B80066756E6374696F6E2E000000716E65746C
:1080C8006865726E65742D6C77697000257500009F
:1080D800433A5C636F6465782D746F6F6C735C747E
:1080E80065656E737934312D6C6962735C7465658E
:1080F8006E737934315F756E77697265645F626536
:108108006E63685C514E45746865726E65745C7325
:1081180072635C716E65746865726E65745C514EED
:1081280045746865726E65742E6370700000000097
:10813800457870656374656420636F6D706C6574F1
:108148006520696E74657266616365206E616D6530
:108158002066696C6C000000417373657274696F06
:108168006E2022257322206661696C656420617423
:10817800206C696E6520256420696E2025730A00CD
:1081880025730000766563746F723A3A5F4D5F72CB
:10819800616E67655F696E73657274004F757470A0
:1081A8007574207061636B657420746F6F206C61E7
:1081B80072676500433A5C636F6465782D746F6F0E
:1081C8006C735C7465656E737934312D6C69627398
:1081D8005C7465656E737934315F756E7769726545
:1081E800645F62656E63685C514E45746865726E63
:1081F80065745C7372635C716E65746865726E65D4
:10820800745C514E45746865726E65745544502EA1
:108218006370700063616E6E6F7420637265617461
:1082280065207374643A3A766563746F72206C6182
:1082380072676572207468616E206D61785F73691A
:108248007A65282900000000433A5C636F6465780A
:108258002D746F6F6C735C7465656E737934312D32
:108268006C6962735C7465656E737934315F756EC1
:1082780077697265645F62656E63685C514E4574C8
:108288006865726E65745C7372635C716E65746840
:1082980065726E65745C647269766572735C64722B
:1082A800697665725F7465656E737934312E6370B3
:1082B80070000000457870656374656420737061B0
:1082C800636520666F7220706275662066696C6CE3
:1082D8000000000025733A25643A257328290D0A01
:1082E80000000000433A5C636F6465782D746F6F1B
:1082F8006C735C7465656E737934312D6C69627367
:108308005C7465656E737934315F756E7769726513
:10831800645F62656E63685C514E45746865726E31
:1083280065745C7372635C716E65746865726E65A2
:10833800745C716E65746865726E65745F68616C93
:108348002E6370700000000046756E6374696F6E6E
:108358002063616C6C65642066726F6D20696E7451
:1083680065727275707420636F6E7465787400003E
:10837800656E74726F70792067656E657261746975
:108388006F6E206572726F7200000000433A5C6382
:108398006F6465782D746F6F6C735C7465656E734C
:1083A8007934312D6C6962735C7465656E737934E8
:1083B800315F756E77697265645F62656E63685C6C
:1083C800514E45746865726E65745C7372635C6C5B
:1083D8007769705C617070735C6D646E735C6D64FA
:1083E8006E732E63000000006D646E735F726573B8
:1083F800705F72656D6F76655F6E657469663A2049
:108408004E756C6C20706F696E74657200000000A8
:1084180025640000696E2D61646472006172706188
:10842800000000006C6F63616C0000005F73657290
:1084380076696365730000005F646E732D73640072
:108448005F756470000000005F74637000000000D6
:10845800433A5C636F6465782D746F6F6C735C74FA
:1084680065656E737934312D6C6962735C7465650A
:108478006E737934315F756E77697265645F6265B2
:108488006E63685C514E45746865726E65745C73A2
:1084980072635C6C7769705C697076345C61757462
:1084A8006F69702E630000006E6574696620213D57
:1084B800204E554C4C0000006175746F6970202186
:1084C8003D204E554C4C00006E6574696620616C09
:1084D80072656164792068617320612073747275B4
:1084E8006374206175746F6970207365740000008F
:1084F800433A5C636F6465782D746F6F6C735C745A
:1085080065656E737934312D6C6962735C74656569
:108518006E737934315F756E77697265645F626511
:108528006E63685C514E45746865726E65745C7301
:1085380072635C6C7769705C697076345C646863DC
:10854800702E6300646863705F6372656174655F51
:108558006D73673A20636865636B20746861742083
:10856800666972737420706275662063616E206834
:108578006F6C642073747275637420646863705FD1
:108588006D736700646863705F696E635F706362D0
:108598005F726566636F756E7428293A206D656D24
:1085A8006F7279206C65616B00000000646863700D
:1085B8005F6F7074696F6E3A206F7074696F6E7355
:1085C8005F6F75745F6C656E202B2032202B206FD7
:1085D8007074696F6E5F6C656E203C3D2044484343
:1085E800505F4F5054494F4E535F4C454E0000006A
:1085F800646863705F6F7074696F6E5F62797465C9
:108608003A206F7074696F6E735F6F75745F6C6515
:108618006E203C20444843505F4F5054494F4E53BE
:108628005F4C454E00000000646863705F6F7074B3
:10863800696F6E5F6C6F6E673A206F7074696F6EEA
:10864800735F6F75745F6C656E202B2034203C3D22
:1086580020444843505F4F5054494F4E535F4C4558
:108668004E000000646863705F7063625F726566E5
:10867800636F756E7428293A20726566636F756E2C
:1086880074206572726F7200444843503A20686FD4
:1086980073746E616D6520697320746F6F206C6FE1
:1086A8006E672100636865636B206465636F64654A
:1086B8005F696478000000006468637020213D20D1
:1086C8004E554C4C000000006E6574696620616C64
:1086D80072656164792068617320612073747275B2
:1086E800637420646863702073657400696E7661D2
:1086F8006C696420646863702D3E737461746500EE
:10870800433A5C636F6465782D746F6F6C735C7447
:1087180065656E737934312D6C6962735C74656557
:108728006E737934315F756E77697265645F6265FF
:108738006E63685C514E45746865726E65745C73EF
:1087480072635C6C7769705C697076345C657468B8
:108758006172702E63000000636865636B20746843
:108768006174206669727374207062756620636133
:108778006E20686F6C6420737472756374206574FE
:10878800686172705F686472000000006E657469E9
:10879800662D3E6877616464725F6C656E206D75E6
:1087A8007374206265207468652073616D6520614B
:1087B80073204554485F4857414444525F4C454EE6
:1087C80020666F7220657468617270210000000075
:1087D8006172705F7461626C655B695D2E71203DCA
:1087E8003D204E554C4C00006172705F7461626CA4
:1087F800655B695D2E7374617465203D3D20455449
:10880800484152505F53544154455F454D50545967
:10881800000000006172705F7461626C655B617278
:10882800705F6964785D2E7374617465203E3D20C5
:108838004554484152505F53544154455F53544145
:10884800424C450069706164647220213D204E5598
:108858004C4C00006574685F72657420213D204EA1
:10886800554C4C006E657469662D3E68776164648A
:10887800725F6C656E203D3D204554485F48574106
:108888004444525F4C454E006E6F207061636B65C7
:10889800742071756575657320616C6C6F7765649C
:1088A800210000007120213D204E554C4C00000055
:1088B800433A5C636F6465782D746F6F6C735C7496
:1088C80065656E737934312D6C6962735C746565A6
:1088D8006E737934315F756E77697265645F62654E
:1088E8006E63685C514E45746865726E65745C733E
:1088F80072635C6C7769705C697076345C69676D0B
:10890800702E630069676D705F6C6F6F6B75705F59
:1089180067726F75703A2066697273742067726F38
:108928007570206D75737420626520616C6C737945
:108938007374656D7300000069676D705F6C6F6FAD
:108948006B75705F67726F75703A20616C6C20652B
:1089580078636570742066697273742067726F75C6
:1089680070206D757374206E6F7420626520616C61
:108978006C73797374656D730000000069676D70BE
:108988005F73656E643A20636865636B2074686121
:108998007420666972737420706275662063616EF4
:1089A80020686F6C64207374727563742069676DD6
:1089B800705F6D7367000000433A5C636F646578AD
:1089C8002D746F6F6C735C7465656E737934312DBB
:1089D8006C6962735C7465656E737934315F756E4A
:1089E80077697265645F62656E63685C514E457451
:1089F8006865726E65745C7372635C6C7769705CD1
:108A0800697076345C6970342E630000702D3E7294
:108A18006566203D3D203100636865636B2074689E
:108A28006174206669727374207062756620636170
:108A38006E20686F6C64207374727563742069703B
:108A48005F68647200000000433A5C636F64657895
:108A58002D746F6F6C735C7465656E737934312D2A
:108A68006C6962735C7465656E737934315F756EB9
:108A780077697265645F62656E63685C514E4574C0
:108A88006865726E65745C7372635C6C7769705C40
:108A9800697076345C6970345F616464722E630057
:108AA800756E68616E646C6564000000433A5C63CF
:108AB8006F6465782D746F6F6C735C7465656E7325
:108AC8007934312D6C6962735C7465656E737934C1
:108AD800315F756E77697265645F62656E63685C45
:108AE800514E45746865726E65745C7372635C6C34
:108AF8007769705C697076345C6970345F6672613E
:108B0800672E630073616E69747920636865636BAF
:108B1800206C696E6B6564206C69737400000000DA
:108B280070637220213D204E554C4C007072657662
:108B380020213D2069707200707265762D3E6E6549
:108B48007874203D3D20697072000000706275667F
:108B5800735F6672656564202B20636C656E203CCC
:108B68003D203078666666660000000069705F72B6
:108B7800656173735F70627566636F756E74203EAE
:108B88003D2070627566735F6672656564000000FB
:108B980073616E69747920636865636B0000000017
:108BA80076616C69646174655F6461746167726140
:108BB8006D3A6E6578745F70627566213D4E554CEE
:108BC8004C00000069705F72656173735F70627555
:108BD80066636F756E74203E3D20636C656E0000A1
:108BE8006E6F74206669727374616C74686F7567F0
:108BF80068206A75737420656E71756575656400A3
:108C080074686973206E656564732061207062758D
:108C18006620696E206F6E65207069656365210046
:108C2800702D3E6C656E203E3D20706F66660000BC
:108C3800433A5C636F6465782D746F6F6C735C7412
:108C480065656E737934312D6C6962735C74656522
:108C58006E737934315F756E77697265645F6265CA
:108C68006E63685C514E45746865726E65745C73BA
:108C780072635C6C7769705C6D656D2E63000000D3
:108C88006D616C6C6F632829206D75737420726533
:108C98007475726E20616C69676E6564206D656DB0
:108CA8006F727900726D656D20213D204E554C4CD8
:108CB80000000000726D656D203D3D204D454D5F03
:108CC800414C49474E28726D656D2900433A5C63F3
:108CD8006F6465782D746F6F6C735C7465656E7303
:108CE8007934312D6C6962735C7465656E7379349F
:108CF800315F756E77697265645F62656E63685C23
:108D0800514E45746865726E65745C7372635C6C11
:108D18007769705C6D656D702E6300006D656D70B0
:108D28005F6D616C6C6F633A206D656D7020707259
:108D38006F7065726C7920616C69676E656400009C
:108D48006D656D705F667265653A206D656D207042
:108D5800726F7065726C7920616C69676E6564000A
:108D6800433A5C636F6465782D746F6F6C735C74E1
:108D780065656E737934312D6C6962735C746565F1
:108D88006E737934315F756E77697265645F626599
:108D98006E63685C514E45746865726E65745C7389
:108DA80072635C6C7769705C6E657469662E6300CB
:108DB8006E657469665F69737375655F7265706FF8
:108DC8007274733A20696E76616C6964206E65749A
:108DD8006966000063616C6C6261636B206D75731A
:108DE8007420626520213D204E554C4C0000000047
:108DF800666E206D75737420626520213D204E5586
:108E08004C4C00006E65746966206D757374206241
:108E18006520213D204E554C4C00000073696E675B
:108E28006C65206E6574696620616C726561647931
:108E380020736574000000006E657469662D3E68D5
:108E480077616464725F6C656E203C3D204E4554CA
:108E580049465F4D41585F4857414444525F4C452D
:108E68004E000000433A5C636F6465782D746F6F41
:108E78006C735C7465656E737934312D6C696273DB
:108E88005C7465656E737934315F756E7769726588
:108E9800645F62656E63685C514E45746865726EA6
:108EA80065745C7372635C6C7769705C706275661C
:108EB8002E6300007062756620726566206F7665A5
:108EC80072666C6F77000000706275665F636F7022
:108ED80079206661696C656400000000696E7661DE
:108EE8006C696420706275665F7479706500000053
:108EF8007020213D204E554C4C0000007062756674
:108F08005F667265653A20702D3E726566203E2068
:108F18003000000070632D3E637573746F6D5F667B
:108F28007265655F66756E6374696F6E20213D209A
:108F38004E554C4C00000000696E76616C696420E7
:108F480070627566207479706500000070627566DD
:108F58005F616C6C6F633A206572726F6E656F75D6
:108F68007320747970650000706275665F72656160
:108F78006C6C6F633A207020213D204E554C4C009C
:108F8800706275665F7265616C6C6F633A20712000
:108F9800213D204E554C4C006D656D5F7472696DB6
:108FA8002072657475726E65642072203D3D204E96
:108FB800554C4C006D656D5F7472696D20726574F7
:108FC80075726E6564207220213D207100000000DA
:108FD8004372656174696E6720616E20696E6669A7
:108FE8006E697465206C6F6F70000000702D3E74A0
:108FF8006F745F6C656E203D3D20702D3E6C656E14
:1090080020286F66206C6173742070627566206911
:109018006E20636861696E29000000006F666673E0
:1090280065745F746F203C3D20705F746F2D3E6CDB
:10903800656E00006F66667365745F66726F6D209B
:109048003C3D20705F66726F6D2D3E6C656E000052
:10905800706275665F74616B653A20696E76616CE3
:109068006964207062756600646964206E6F74209C
:10907800636F707920616C6C20646174610000001A
:10908800433A5C636F6465782D746F6F6C735C74BE
:1090980065656E737934312D6C6962735C746565CE
:1090A8006E737934315F756E77697265645F626576
:1090B8006E63685C514E45746865726E65745C7366
:1090C80072635C6C7769705C7261772E6300000074
:1090D8007261772070636220726563762063616CC9
:1090E8006C6261636B20616C746572656420706288
:1090F8007566207061796C6F616420706F696E7439
:10910800657220776974686F757420656174696E1B
:1091180067207061636B657400000000433A5C630C
:109128006F6465782D746F6F6C735C7465656E73AE
:109138007934312D6C6962735C7465656E7379344A
:10914800315F756E77697265645F62656E63685CCE
:10915800514E45746865726E65745C7372635C6CBD
:109168007769705C7463702E63000000706362201E
:10917800213D204E554C4C007463705F66726565E6
:109188003A204C495354454E000000007463705F08
:109198007570646174655F7263765F616E6E5F7728
:1091A8006E643A20696E76616C696420706362004F
:1091B8006E65775F7263765F616E6E5F776E64204F
:1091C8003C3D20307866666666000000646F6E2756
:1091D800742063616C6C207463705F72656376657C
:1091E8006420666F72206C697374656E2D7063629B
:1091F800730000007463705F7365675F636F7079F5
:109208003A20696E76616C696420736567000000B6
:109218007463705F736C6F77746D723A20616374F6
:10922800697665207063622D3E73746174652021D0
:109238003D20434C4F534544000000007463705F69
:10924800736C6F77746D723A206163746976652008
:109258007063622D3E737461746520213D204C4912
:109268005354454E000000007463705F736C6F7751
:10927800746D723A20616374697665207063622D3B
:109288003E737461746520213D2054494D452D5726
:10929800414954007463705F736C6F7774696D72C1
:1092A8003A2070657273697374207469636B696EB0
:1092B80067207769746820696E2D666C69676874C1
:1092C80020646174610000007463705F736C6F7771
:1092D80074696D723A207065727369737420746969
:1092E800636B696E67207769746820656D7074793F
:1092F8002073656E64206275666665720000000002
:109308007463705F736C6F77746D723A206D696403
:10931800646C652074637020213D207463705F6104
:1093280063746976655F7063627300007463705F6D
:10933800736C6F77746D723A2066697273742070FB
:109348006362203D3D207463705F61637469766574
:109358005F706362730000007463705F736C6F7793
:10936800746D723A2054494D452D57414954207027
:1093780063622D3E7374617465203D3D2054494DF0
:10938800452D5741495400007463705F736C6F77C3
:10939800746D723A206D6964646C65207463702022
:1093A800213D207463705F74775F7063627300009F
:1093B8007463705F736C6F77746D723A206669724C
:1093C800737420706362203D3D207463705F74770E
:1093D8005F706362730000007463705F7063625F44
:1093E80072656D6F76653A20696E76616C69642086
:1093F800706362007463705F7063625F72656D6F43
:1094080076653A20696E76616C6964207063626C77
:1094180069737400756E73656E74207365676D6526
:109428006E7473206C65616B696E6700756E61633D
:109438006B6564207365676D656E7473206C656118
:109448006B696E67000000006F6F7365712073654C
:10945800676D656E7473206C65616B696E6700007B
:10946800646F6E27742063616C6C207463705F6135
:10947800626F72742F7463705F6162616E646F6E85
:1094880020666F72206C697374656E2D70636273E9
:10949800000000007463705F636C6F73655F7368CE
:1094A8007574646F776E3A20696E76616C696420B2
:1094B800706362007063622D3E666C61677320267C
:1094C8002054465F5258434C4F5345440000000017
:1094D8007463705F667265655F6C697374656E3A14
:1094E80020214C495354454E000000007463705FBE
:1094F8006E6578745F6973733A20696E76616C691A
:1095080064207063620000007463705F6566665F64
:1095180073656E645F6D73735F6E657469663A2018
:10952800696E76616C6964206473745F69700000A9
:10953800433A5C636F6465782D746F6F6C735C7409
:1095480065656E737934312D6C6962735C74656519
:109558006E737934315F756E77697265645F6265C1
:109568006E63685C514E45746865726E65745C73B1
:1095780072635C6C7769705C7463705F696E2E638C
:10958800000000007063622D3E736E645F71756544
:1095980075656C656E203E3D20706275665F636C14
:1095A800656E286E6578742D3E7029007463705F4F
:1095B800726563656976653A2076616C69642071C5
:1095C80075657565206C656E677468007463705F97
:1095D800726563656976653A2077726F6E67207386
:1095E8007461746500000000696E7365672E7020F1
:1095F800213D204E554C4C00696E73616E65206F9D
:1096080066667365742100007062756620746F6FFA
:109618002073686F727421007463705F726563658C
:109628006976653A207365676D656E74206E6F7430
:10963800207472696D6D656420636F7272656374FE
:109648006C7920746F207263765F776E6400000017
:109658007463705F726563656976653A20736567E0
:109668006D656E74206E6F74207472696D6D6564BB
:1096780020636F72726563746C7920746F206F6FEA
:109688007365712071756575650000007463705F9E
:10969800726563656976653A207463706C656E20DF
:1096A8003E207263765F776E640000007463705FBB
:1096B800726563656976653A206F6F7365712074AA
:1096C80063706C656E203E207263765F776E64000F
:1096D8007463705F696E7075743A20696E76616C38
:1096E8006964207062756600702D3E6E657874201E
:1096F800213D204E554C4C00702D3E6C656E203D32
:109708003D203000702D3E746F745F6C656E203D97
:109718003D20702D3E6E6578742D3E746F745F6CBD
:10972800656E00007463705F696E7075743A2061CD
:109738006374697665207063622D3E737461746525
:1097480020213D20434C4F53454400007463705F13
:10975800696E7075743A2061637469766520706308
:10976800622D3E737461746520213D2054494D4536
:109778002D574149540000007463705F696E70751D
:10978800743A20616374697665207063622D3E7354
:109798007461746520213D204C495354454E0000A6
:1097A8007463705F696E7075743A207063622D3EE1
:1097B8006E65787420213D2070636220286265669A
:1097C8006F72652063616368652900007463705F68
:1097D800696E7075743A207063622D3E6E65787498
:1097E80020213D20706362202861667465722063C1
:1097F80061636865290000007463705F696E707545
:10980800743A2054494D452D57414954207063629C
:109818002D3E7374617465203D3D2054494D452D9E
:1098280057414954000000007463705F696E707599
:10983800743A207063622D3E737461746520213D13
:1098480020434C4F534544007063622D3E736E6451
:109858005F71756575656C656E203E20300000008F
:109868006E6F207365676D656E7420746F20667205
:10987800656500007063622D3E6C697374656E6582
:10988800722D3E61636365707420213D204E554CF6
:109898004C0000007063622D3E72656675736564E6
:1098A8005F64617461203D3D204E554C4C000000C2
:1098B800433A5C636F6465782D746F6F6C735C7486
:1098C80065656E737934312D6C6962735C74656596
:1098D8006E737934315F756E77697265645F62653E
:1098E8006E63685C514E45746865726E65745C732E
:1098F80072635C6C7769705C7463705F6F75742EEB
:10990800630000007463705F6372656174655F7300
:1099180065676D656E743A20696E76616C6964205E
:1099280070636200702D3E746F745F6C656E203ECC
:109938003D206F70746C656E00000000636865639D
:109948006B20746861742066697273742070627524
:10995800662063616E20686F6C642073747275632F
:1099680074207463705F6864720000007463705FD1
:109978007273743A20696E76616C6964206C6F63E7
:10998800616C5F69700000007463705F7273743A91
:1099980020696E76616C69642072656D6F74655FAD
:1099A800697000007463705F73706C69745F756EC2
:1099B80073656E745F7365673A20696E76616C696A
:1099C800642070636200000043616E277420737026
:1099D8006C6974207365676D656E7420696E746F49
:1099E800206C656E677468203000000073706C69C5
:1099F80074203C3D206D7373000000007463705F39
:109A0800656E71756575655F666C6167733A206E22
:109A180065656420656974686572205443505F53B6
:109A2800594E206F72205443505F46494E20696E4C
:109A380020666C616773202870726F6772616D6D44
:109A480065722076696F6C6174657320415049298D
:109A5800000000007463705F656E71756575655F01
:109A6800666C6167733A20696E76616C6964207010
:109A7800636200007463705F656E71756575655F1C
:109A8800666C6167733A20636865636B207468610C
:109A98007420666972737420706275662063616EE3
:109AA80020686F6C64206F70746C656E0000000035
:109AB8007365672D3E746370686472206E6F7420DE
:109AC800616C69676E6564007463705F656E71755B
:109AD8006575655F666C6167733A20696E76616C5F
:109AE8006964207365676D656E74206C656E677454
:109AF800680000007463705F656E71756575655FF9
:109B0800666C6167733A20696E76616C696420716E
:109B180075657565206C656E677468007463705F41
:109B280073656E645F66696E3A20696E76616C690A
:109B380064207063620000007463705F7265786D02
:109B480069745F72746F5F707265706172653A20D4
:109B5800696E76616C696420706362007463705F1B
:109B68007265786D69743A20696E76616C696420F3
:109B7800706362007463705F7265786D69745F66A4
:109B88006173743A20696E76616C696420706362EF
:109B9800000000007463705F73656E645F656D70CC
:109BA80074795F61636B3A20696E76616C696420D1
:109BB800706362007463705F6F75747075743A20B7
:109BC800696E76616C69642070636200646F6E27E9
:109BD800742063616C6C207463705F6F757470754A
:109BE8007420666F72206C697374656E2D70636281
:109BF80073000000525354206E6F742065787065AE
:109C08006374656420686572652100006F7074690B
:109C18006F6E73206E6F742066696C6C65640000EB
:109C28007463705F7265786D69745F72746F5F6377
:109C38006F6D6D69743A20696E76616C6964207025
:109C4800636200007463705F7265786D69745F7237
:109C5800746F3A20696E76616C6964207063620083
:109C68007463705F6B656570616C6976653A2069CD
:109C78006E76616C69642070636200007463705F63
:109C88007A65726F5F77696E646F775F70726F6203
:109C9800653A20696E76616C6964207063620000C1
:109CA800433A5C636F6465782D746F6F6C735C7492
:109CB80065656E737934312D6C6962735C746565A2
:109CC8006E737934315F756E77697265645F62654A
:109CD8006E63685C514E45746865726E65745C733A
:109CE80072635C6C7769705C74696D656F757473A9
:109CF8002E6300007379735F74696D656F75743ACC
:109D08002074696D656F757420213D204E554C4C4B
:109D18002C20706F6F6C204D454D505F5359535F29
:109D280054494D454F555420697320656D707479B9
:109D38000000000054696D656F75742074696D6565
:109D480020746F6F206C6F6E672C206D61782069AE
:109D580073204C5749505F55494E5433325F4D413B
:109D6800582F34206D73656373000000696E766147
:109D78006C696420736C65657074696D65000000BA
:109D8800433A5C636F6465782D746F6F6C735C74B1
:109D980065656E737934312D6C6962735C746565C1
:109DA8006E737934315F756E77697265645F626569
:109DB8006E63685C514E45746865726E65745C7359
:109DC80072635C6C7769705C7564702E6300000068
:109DD8007564705F696E7075743A20696E76616C2F
:109DE80069642070627566007564705F696E70756D
:109DF800743A20696E76616C6964206E6574696670
:109E080000000000706275665F72656D6F76655F51
:109E1800686561646572206661696C65640000004C
:109E2800636865636B207468617420666972737413
:109E380020706275662063616E20686F6C642073A1
:109E48007472756374207564705F686472000000D2
:109E5800433A5C636F6465782D746F6F6C735C74E0
:109E680065656E737934312D6C6962735C746565F0
:109E78006E737934315F756E77697265645F626598
:109E88006E63685C514E45746865726E65745C7388
:109E980072635C6E657469665C65746865726E652C
:109EA800742E63006E657469662D3E68776164641C
:109EB800725F6C656E206D75737420626520362044
:109EC800666F722065746865726E65745F6F75740D
:109ED8007075742100000000433A5C636F64657814
:109EE8002D746F6F6C735C7465656E737934312D86
:109EF8006C6962735C7465656E737934315F756E15
:109F080077697265645F62656E63685C514E45741B
:109F18006865726E65745C7372635C716E65746893
:109F280065726E65745C6C7769705F686F6F6B7370
:109F38002E63707000000000456E74726F70792097
:109F480067656E65726174696F6E206572726F7293
:109F580000000000433A5C636F6465782D746F6F8E
:109F68006C735C7465656E737934312D6C696273DA
:109F78005C7465656E737934315F756E7769726587
:109F8800645F62656E63685C514E45746865726EA5
:109F980065745C7372635C6C7769705C646E732E55
:109FA80063000000646E7320736572766572206FBB
:109FB8007574206F6620617272617900756E6B6EC0
:109FC8006F776E20646E735F7461626C6520656E76
:109FD8007472792073746174653A00002E6C6F6333
:109FE800616C0000433A5C636F6465782D746F6F31
:109FF8006C735C7465656E737934312D6C6962734A
:10A008005C7465656E737934315F756E77697265F6
:10A01800645F62656E63685C514E45746865726E14
:10A0280065745C7372635C6C7769705C69707634B4
:10A038005C6163642E6300006163645F636F6E66D6
:10A048006C6963745F63616C6C6261636B20213D52
:10A05800204E554C4C000000433A5C636F646578B1
:10A068002D746F6F6C735C7465656E737934312D04
:10A078006C6962735C7465656E737934315F756E93
:10A0880077697265645F62656E63685C514E45749A
:10A098006865726E65745C7372635C6C7769705C1A
:10A0A800697076345C69636D702E630063686563FC
:10A0B8006B207468617420666972737420706275AD
:10A0C800662063616E20686F6C642069636D702020
:10A0D8006D6573736167650069636D705F696E7044
:10A0E80075743A206D6F76696E6720722D3E7061C7
:10A0F800796C6F616420746F2069636D7020686586
:10A1080061646572206661696C65640069636D707D
:10A118005F696E7075743A20726573746F72696ED8
:10A1280067206F726967696E616C20702D3E70617F
:10A13800796C6F6164206661696C65640000000079
:10A1480043726173685265706F72743A0000000060
:10A158002020412070726F626C656D206F6363759B
:10A1680072726564206174202873797374656D2038
:10A1780074696D65292000002020436F646520778D
:10A18800617320657865637574696E672066726FA0
:10A198006D2061646472657373203078000000007C
:10A1A8002020434653523A20000000000928494124
:10A1B800434356494F4C2920496E73747275637432
:10A1C800696F6E204163636573732056696F6C61B4
:10A1D80074696F6E000000000928444143435649E2
:10A1E8004F4C292044617461204163636573732077
:10A1F80056696F6C6174696F6E00000009284D55CF
:10A208004E53544B45525229204D656D4D616E6732
:10A2180065204661756C74206F6E20556E7374618D
:10A22800636B696E6700000009284D53544B455213
:10A238005229204D656D4D616E6765204661756CCC
:10A2480074206F6E20737461636B696E6700000021
:10A2580009284D4C535045525229204D656D4D618A
:10A268006E6765204661756C74206F6E20465020BD
:10A278004C617A79205374617465000009284D4D4A
:10A28800415256414C4944292041636365737365C3
:10A298006420416464726573733A2030780000006A
:10A2A80020286E756C6C707472290D0A0920204381
:10A2B8006865636B20636F64652061742030780083
:10A2C800202D2076657279206C696B656C79206128
:10A2D80020627567210D0A09202052756E202261BF
:10A2E800646472326C696E65202D65206D79736BBC
:10A2F800657463682E696E6F2E656C662030780011
:10A308002220666F722066696C656E616D65202615
:10A31800206C696E65206E756D6265722E00000096
:10A328002028537461636B2070726F626C656D29AD
:10A338000D0A092020436865636B20666F722073DD
:10A348007461636B206F766572666C6F77732C200F
:10A35800617272617920626F756E64732C20657406
:10A36800632E000009284942555345525229204975
:10A378006E737472756374696F6E204275732045CD
:10A3880072726F7200000000092850524543495309
:10A3980045525229204461746120627573206572A8
:10A3A800726F7220286164647265737320696E200D
:10A3B80042464152290000000928494D5052454360
:10A3C80049534552522920446174612062757320B3
:10A3D8006572726F7220627574206164647265734D
:10A3E80073206E6F742072656C6174656420746F7D
:10A3F80020696E737472756374696F6E0000000073
:10A408000928554E53544B45525229204275732002
:10A418004661756C74206F6E20756E737461636B22
:10A42800696E6720666F7220612072657475726E3E
:10A438002066726F6D20657863657074696F6E0051
:10A44800092853544B4552522920427573204661BE
:10A45800756C74206F6E20737461636B696E67200E
:10A46800666F7220657863657074696F6E20656EBB
:10A478007472790009284C5350455252292042756C
:10A4880073204661756C74206F6E204650206C6195
:10A498007A79207374617465207072657365727659
:10A4A8006174696F6E0000000928424641525641A6
:10A4B8004C49442920416363657373656420416492
:10A4C80064726573733A2030780000000928554E8D
:10A4D800444546494E5354522920556E6465666971
:10A4E8006E656420696E737472756374696F6E004B
:10A4F8000928494E5653544154452920496E7374CE
:10A5080072756374696F6E206D616B657320696C19
:10A518006C6567616C20757365206F6620455053C4
:10A52800520000000928494E5650432920557361AE
:10A538006765206661756C743A20696E76616C692E
:10A5480064204558435F52455455524E0000000060
:10A5580009284E4F435029204E6F20436F70726F69
:10A56800636573736F7200000928554E414C494763
:10A578004E45442920556E616C69676E656420619B
:10A5880063636573732055736167654661756C74A1
:10A5980000000000092844495642595A45524F299B
:10A5A80020446976696465206279207A65726F0053
:10A5B8002020485453523A200000000009285645EC
:10A5C800435454424C2920427573204661756C747B
:10A5D800206F6E20566563205461626C6520526559
:10A5E800616400000928464F524345442920466FBC
:10A5F800726365642048617264204661756C7400FA
:10A60800202054656D706572617475726520696E7D
:10A618007369646520746865206368697020776170
:10A628007320000020C2B0430000000020205374B3
:10A6380061727475702043505520636C6F636B2092
:10A648007370656564206973200000004D487A00C6
:10A658004E6F204372617368204461746120546FA7
:10A66800205265706F7274002020486F706566759F
:10A678006C6C7920616C6C2069732077656C6C2C2C
:10A6880020627574206365727461696E20747970D4
:10A698006573206F662063726173686573206361F8
:10A6A8006E2774206265207265706F727465643AF3
:10A6B8000000000009737475636B20696E20616E79
:10A6C80020696E66696E697465206C6F6F702028EA
:10A6D800746563686E6963616C6C792C206861725B
:10A6E8006477617265207374696C6C2072756E6E24
:10A6F800696E672070726F7065726C79290000004E
:10A708000972656D61696E696E6720696E206120E6
:10A718006C6F7720706F77657220736C6565702039
:10A728006D6F6465000000000961636365737320E1
:10A73800746F206365727461696E207065726970E8
:10A74800686572616C7320776974686F75742074BA
:10A758006865697220636C6F636B20656E61626CFB
:10A768006564202865672C20466C6578494F290068
:10A77800096368616E6765206F6620435055206FD6
:10A78800722062757320636C6F636B2073706565EC
:10A798006420776974686F757420757365206F66B7
:10A7A80020676C697463686C657373206D757800D5
:10A7B80020205265626F6F74207761732063617522
:10A7C800736564206279206175746F207265626FA9
:10A7D8006F74206166746572206661756C74206F91
:10A7E800722062616420696E74657272757074207B
:10A7F8006465746563746564000000002020526518
:10A80800626F6F742077617320636175736564206C
:10A81800627920736F6674776172652077726974E4
:10A828006520746F205343425F4149524352206F61
:10A838007220435055206C6F636B757000000000E8
:10A8480020205265626F6F74207761732063617591
:10A858007365642062792073656375726974792001
:10A868006D6F6E69746F720020205265626F6F742D
:10A878002077617320636175736564206279207045
:10A888006F776572206F6E2F6F66662062757474BD
:10A898006F6E000020205265626F6F7420776173BD
:10A8A80020636175736564206279207761746368D9
:10A8B800646F672031206F722032000020205265BB
:10A8C800626F6F74207761732063617573656420AC
:10A8D8006279204A54414720626F756E64617279CB
:10A8E800207363616E00000020205265626F6F74F0
:10A8F8002077617320636175736564206279204AEB
:10A908005441472064656275670000002020526545
:10A91800626F6F742077617320636175736564205B
:10A928006279207761746368646F67203300000080
:10A9380020205265626F6F742077617320636175A0
:10A948007365642062792074656D706572617475D1
:10A9580072652073656E736F7200000050616E69D6
:10A96800632054656D70204578636565646564206F
:10A978005368757474696E6720446F776E000000C1
:10A9880043616E2062652063617573656420627936
:10A99800204F766572636C6F636B696E6720772FE3
:10A9A8006F204865617473696E6B206F72206F74D5
:10A9B80068657220756E6B6E6F776E207265617355
:10A9C8006F6E0000202042726561646372756D626B
:10A9D80020230000207761732000000020283078B1
:10A9E800000000006E616E00696E66006F7666009A
:10A9F8006261645F66756E6374696F6E5F63616CD4
:10AA08006C000000474C49424358585F54554E412A
:10AA1800424C4553000000006F626A5F73697A65B3
:10AA2800000000006F626A5F636F756E740000005B
:10AA3800676C69626378782E65685F706F6F6C0009
:10AA48007374643A3A6261645F65786365707469C7
:10AA58006F6E000062617369635F737472696E6719
:10AA68003A3A5F535F636F6E737472756374206EE6
:10AA7800756C6C206E6F742076616C6964000000E0
:10AA880062617369635F737472696E673A3A5F53A0
:10AA98005F6372656174650030313233343536373F
:10AAA80038394142434445460000000030313233D2
:10AAB80034353637383961626364656600000000F2
:10AAC800286E756C6C2900004C435F434F4C4C4119
:10AAD800544500004C435F43545950450000000062
:10AAE8004C435F4D4F4E4554415259004C435F4EC5
:10AAF800554D4552494300004C435F54494D45006C
:10AB08004C435F4D455353414745530042616C6C7C
:10AB18006F63207375636365656465640000000096
:10AB28002F646174612F6A656E6B696E732F776F1E
:10AB3800726B73706163652F474E552D746F6F6C20
:10AB4800636861696E2F61726D2D31352D352F73F4
:10AB580072632F6E65776C69622D63796777696EAA
:10AB68002F6E65776C69622F6C6962632F737464EA
:10AB78006C69622F6D707265632E6300494E4600E2
:10AB88004E414E002C2066756E6374696F6E3A20D4
:10AB980000000000617373657274696F6E2022256E
:10ABA8007322206661696C65643A2066696C652069
:10ABB800222573222C206C696E6520256425732557
:10ABC800730A0000496E66696E69747900000000B6
:10ABD8004E614E002F646174612F6A656E6B696EF9
:10ABE800732F776F726B73706163652F474E552DA6
:10ABF800746F6F6C636861696E2F61726D2D31358A
:10AC08002D352F7372632F6E65776C69622D6379AA
:10AC18006777696E2F6E65776C69622F6C696263FE
:10AC28002F7374646C69622F64746F612E63000003
:10AC38007800CB0000007A00E202CB007F007003AE
:10AC4800AD0385002A031D078B006001470A8E00AB
:10AC5800A802A70B9200BA014F0E00005934020057
:10AC68005D34020061340200653402001460002083
:10AC7800845E002040600020A45E00207C5E0020EE
:10AC880014600020C85E002040600020EC5E0020B8
:10AC9800245E002040600020145F0020745E0020C5
:10ACA80040600020245F0020445E002040600020B7
:10ACB800385F0020745E0020406000204C5F002058
:10ACC800745E002014600020645F0020146000207F
:10ACD800745F00204E31305F5F6378786162697617
:10ACE8003131355F5F666F726365645F756E776972
:10ACF8006E6445004E31305F5F63787861626976D3
:10AD08003131375F5F636C6173735F747970655F4E
:10AD1800696E666F450000004E31305F5F6378787A
:10AD2800616269763131395F5F666F726569676E36
:10AD38005F657863657074696F6E45004E31305F8A
:10AD48005F637878616269763132305F5F73695F1B
:10AD5800636C6173735F747970655F696E666F4564
:10AD680000000000537431316C6F6769635F65726E
:10AD7800726F7200537431326C656E6774685F6508
:10AD880072726F7200000000537431336261645F45
:10AD9800657863657074696F6E00000053743137AD
:10ADA8006261645F66756E6374696F6E5F63616C20
:10ADB8006C000000537439657863657074696F6E50
:10ADC80000000000537439747970655F696E666FAE
:10ADD800000000000000000000000000E166010023
:10ADE8000000000000000000351F006000000000A7
:10ADF8000000000011340200DD4A0200D94A0200B6
:10AE0800D54A0200D14A02001D370200213702004C
:10AE1800CD4A020000000000000000000DC2000042
:10AE28000DC100000000000000000000F540020015
:10AE3800ED29000081C40000791100009918000074
:10AE4800CD180000E91800007D110000F54002004F
:10AE5800000000000000000019340200000000009B
:10AE6800245E0020396402004D640200BD610200C6
:10AE7800BD610200CD640200F9630200AD64020006
:10AE8800696402002D64020000000000385E0020A2
:10AE98009D600200B1600200BD610200BD61020058
:10AEA800CD640200F96302008D6102000D610200A9
:10AEB800CD6002000000000000000000D1CF0000BB
:10AEC800F1CF000099CF0000E9D000006DD000005C
:10AED800000000000000000089F900000DFA0000E1
:10AEE800C1D7000061110000C5D70000651100003E
:10AEF800691100006D11000071110000751100004A
:10AF08000000000000000000BDD7000059D8000074
:10AF180021D90000A1D700009DD70000ADD70000BF
:10AF28000000000000000000B9D7000045D800006C
:10AF380015D80000A1D700006DD80000ADD70000DB
:10AF48000000000000000000F5400200F54002008B
:10AF58000000000000000000F5400200ED2900009C
:10AF680081C400007911000095480100CD18000047
:10AF7800E91800007D11000000000000000000003A
:10AF88006D3F00005D400000796F00006111000016
:10AF9800B976000065110000691100006D1100000C
:10AFA8007111000075110000000000000000000091
:10AFB800A5180100B5190100050B01000D170100C6
:10AFC800AD320100E91B010031010100450101001A
:10AFD800490101004D010100510101000101010079
:10AFE800A107010000000000000000002D19010069
:10AFF800451A01008D07010081170100B9330100CE
:10B008001D1D010055010100690101006D010100CC
:10B018007101010075010100050101009906010097
:10B028000000000000000000ED040100B92B010041
:10B03800A90F0100310B0100B9000100FD14010046
:10B0480091110000454C000089100100F110010029
:10B058000000000000000000DD0B0100010C0100F1
:10B06800351301004D2A0100B12B0100990101009F
:10B07800A5010100CD0B0100000000000000000048
:10B08800A505010005110100B5010100BD01010080
:10B098009D0501000000000000000000ED04010013
:10B0A8000D20010001050100190B0100C10001007C
:10B0B800490B010091110000454C00002D050100CD
:10B0C800750501000000000000000000FD430000BD
:10B0D800E18700001D3C00009D180000B111000030
:10B0E800C111000091110000454C00003D3D0000D9
:10B0F800513E00000000000000000000A102010015
:10B10800D904010001160100ED0E01000000000045
:10B1180000000000DDCF000009D0000025D00000AD
:10B12800D5CF000000000000000000001926000034
:10B1380049260000A96600008918000000000000E8
:10B1480000000000F9D7000005D80000A1D80000D1
:10B15800FDD7000000000000000000002D030100E2
:10B16800C50301005D0C0100CD02010000000000D4
:10B178000000000019030100A9030100910C01005F
:10B18800C5020100000000000000000041030100AA
:10B19800E1030100290C0100D502010000000000B4
:10B1A80000000000050301008D03010039100100B3
:10B1B800BD0201000000000000000000DD020100E7
:10B1C80055030100F50D0100AD020100000000006B
:10B1D800000000008D000000A100000041020000F6
:10B1E80069000000000000000000000005260000C3
:10B1F8002D260000393F00008118000000000000E3
:10B2080000000000F102010071030100690F010054
:10B21800B50201000000000000000000F125000058
:10B2280065260000053F000091180000000000009E
:10B23800000000000DC200000DC1000051A5000073
:10B2480051A600009D110000ED290000F1C2000088
:10B25800A111000099180000CD180000E91800009D
:10B268007D110000ADAD00008111000089110000C2
:10B27800C8FFFFFF0000000049A6000069A6000003
:10B28800851100008D110000000000000000000082
:10B298002517000065180000812600000000000046
:10B2A8000000000019170000611800009526000032
:10B2B8000000000000000000791700007518000069
:10B2C800D126000000000000000000006117000007
:10B2D80071180000E52600000000000000000000D2
:10B2E800491700006D180000A926000000000000A2
:10B2F800000000003117000069180000BD2600009A
:10B308000000000000000000A91700007D180000E0
:10B31800F92600000000000000000000911700005E
:10B32800791800000D270000000000000000000050
:10B338000000000000000000C1D7000061110000FB
:10B34800C5D7000065110000691100006D110000EB
:10B3580071110000D1000100F5400200C900010090
:10B36800D5310100CD000100000000000000000000
:10B37800A9020100B1040100E9000100DD0001009B
:10B38800ED000100F1000100F5000100F9000100E5
:10B39800E1000100E5000100FD00010000000000DF
:10B3A800000000003511010055110100C1D700004F
:10B3B80061110000C5D70000651100006911000087
:10B3C8006D11000071110000D100010085310100EC
:10B3D800C9000100D5310100CD00010000000000C6
:10B3E80000000000A5020100C5040100D900010009
:10B3F800DD000100D1050100890501006906010091
:10B40800B91E01000901010015010100950601009E
:10B418000000000000000000016E0100D16F010073
:10B42800856D0100D56C0100D96C0100F16C01003B
:10B43800116D010071780100797801002D6D01000E
:10B4480049720100A1720100517501001D700100CF
:10B45800A56D0100CD700100696D0100BD6C010092
:10B46800157301009D73010029710100C56C01006D
:10B4780071710100CD6C0100F0FFFFFF00000000BA
:10B48800B97101000D700100017201001570010011
:10B4980000000000445E0020F161020071620200B9
:10B4A800ED61020000000000505E002031620200E1
:10B4B800B9620200ED610200000000005C5E00203D
:10B4C800A1580200AD580200A55802000000000073
:10B4D800685E00208D540200A154020085540200C9
:10B4E8009D190000111C0000B5190000CD190000BD
:10B4F800411A0000B51A0000291B00009D1B00001E
:10B5080059480000E5190000591A0000CD1A00003A
:10B51800411B0000B51B0000894E0000C15200000D
:10B52800E95100001151000039500000614F00003E
:10B5380021270000011D0000191D00003D1D00000D
:10B548005D1D0000652700004D20000065200000FB
:10B5580089200000A9200000092900007D1D0000A5
:10B568009D1F0000FD1D0000311E00003D2200004F
:10B578006522000085220000B5220000E9220000B3
:10B58800ED270000452100005D2100008121000019
:10B59800A121000069290000BD1D0000F51F000061
:10B5A800CD1E0000011F0000FD230000252400001F
:10B5B8004524000075240000A9240000A9270000E4
:10B5C800C9200000E120000005210000252100001D
:10B5D800392900009D1D0000C91F0000651E0000DC
:10B5E800991E00001D23000045230000652300006C
:10B5F80095230000C923000031280000C121000064
:10B60800D9210000FD2100001D2200009929000019
:10B61800DD1D000021200000351F0000691F00000B
:10B62800DD24000005250000252500005525000023
:10B6380089250000591C0000291C0000711C00000D
:10B64800411C00004D010000650100004D1900007B
:10B658007D190000050100001D01000035010000F2
:10B66800B11C00000519000029190000B9010000EB
:10B67800ED00000001DA0000C9D70000CDD70000B6
:10B68800D1D70000E5D70000EDD700008DF000000D
:10B6980031F80000E9F70000BD000000D500000007
:10B6A800E11C0000C91C0000D8399D270054EA2A73
:10B6B80000A4781F007B9A1700000000000000001B
:10B6C8000000000000000000141F00206175746F66
:10B6D80069705F73746F7000646863705F72656C23
:10B6E800656173655F616E645F73746F70000000FD
:10B6F8006574686172705F6F7574707574000000AE
:10B7080069676D705F6C6561766567726F75705F8C
:10B718006E657469660000006970345F6F757470D7
:10B7280075745F69665F6F70745F737263000000A1
:10B738006E657469665F72656D6F76655F6578744E
:10B748005F63616C6C6261636B0000007463705FBF
:10B75800696E7075740000007463705F6F75747043
:10B76800757400007564705F6E65775F69705F74EB
:10B778007970650065746865726E65745F6F75745D
:10B78800707574006D646E735F726573705F616E5F
:10B798006E6F756E636500006175746F69705F73B5
:10B7A8007461727400000000646863705F72656E93
:10B7B800657700006574686172705F696E70757492
:10B7C800000000006970345F696E707574000000D5
:10B7D8006E657469665F6164645F6578745F6361F0
:10B7E8006C6C6261636B00007379735F6368656397
:10B7F8006B5F74696D656F75747300007564705F55
:10B808006E65770065746865726E65745F696E70E1
:10B81800757400006163645F616464006E657469D7
:10B82800665F72656D6F7665000000006E6574690D
:10B83800665F7365745F6164647200007463705F4F
:10B848006162616E646F6E006E657469665F6164E3
:10B85800640000007463705F636C6F7365000000C0
:10B8680069676D705F6A6F696E67726F75705F6E1A
:10B8780065746966000000007379735F756E74699A
:10B888006D656F75740000007564705F72656D6F2B
:10B89800766500006175746F69705F7365745F73B6
:10B8A8007472756374000000646863705F73746118
:10B8B800727400006E657469665F6765745F6279AB
:10B8C8005F696E64657800007379735F74696D658C
:10B8D8006F7574007564705F7265637600000000B0
:10B8E8007463705F74696D65725F6E6565646564C5
:10B8F80000000000646863705F7365745F7374723E
:10B90800756374006E657469665F7365745F6C69EE
:10B918006E6B5F646F776E007564705F636F6E6ED9
:10B92800656374006D646E735F726573705F7265D2
:10B938006D6F76655F6E6574696600006E65746923
:10B94800665F7365745F6C696E6B5F75700000008D
:10B958007463705F616C6C6F630000006E6574697E
:10B96800665F7365745F646F776E00007564705FFF
:10B9780062696E64000000006E657469665F7365D5
:10B98800745F7570000000007564705F73656E64A5
:10B99800746F5F69665F7372630000006E65746937
:10B9A800665F7365745F64656661756C740000003A
:10B9B8007463705F72656376656400007564705FB8
:10B9C800696E70757400000000202020202020205F
:10B9D8002020282828282820202020202020202037
:10B9E8002020202020202020208810101010101047
:10B9F8001010101010101010100404040404040493
:10BA0800040404101010101010104141414141412C
:10BA1800010101010101010101010101010101010E
:10BA2800010101011010101010104242424242421E
:10BA380002020202020202020202020202020202DE
:10BA48000202020210101010200000000000000086
:10BA580000000000000000000000000000000000DE
:10BA680000000000000000000000000000000000CE
:10BA780000000000000000000000000000000000BE
:10BA880000000000000000000000000000000000AE
:10BA9800000000000000000000000000000000009E
:10BAA800000000000000000000000000000000008E
:10BAB800000000000000000000000000000000007E
:10BAC80000000000000000000000000020202020EE
:10BAD800202020202020202020202020202020205E
:10BAE800202020202020202020202020202020204E
:10BAF800202020202020202020202020000000427C
:10BB0800C8801F40B8821F400800000000000042A3
:10BB1800C4801F40B4821F400400000000C00042DF
:10BB280024801F4014821F401000000000C0004203
:10BB380028801F4018821F402000000000C00042DB
:10BB48002C801F401C821F404000000000C00042A3
:10BB580034801F4024821F40000100000040004242
:10BB680064811F4054831F400004000000400042CD
:10BB780080811F4070831F40000002000040004287
:10BB88007C811F406C831F40000001000040004280
:10BB980068811F4058831F40000800000040004291
:10BBA8003C811F402C831F400100000000400042E0
:10BBB80044811F4034831F400400000000400042BD
:10BBC80040811F4030831F400200000000400042B7
:10BBD80048811F4038831F400800000000000042D1
:10BBE80004811F40F4821F4000000400000000424E
:10BBF80008811F40F8821F40000008000000004232
:10BC080018811F4008831F40000080000000004288
:10BC180014811F4004831F400000400000000042C0
:10BC280000811F40F0821F40000002000000004217
:10BC3800FC801F40EC821F40000001000000004211
:10BC480024811F4014831F400000000400000042AC
:10BC580028811F4018831F40000000080000004290
:10BC68001C811F400C831F4000000001000000429F
:10BC780020811F4010831F40000000020000004286
:10BC8800EC801F40DC821F400010000000000042D2
:10BC9800F0801F40E0821F400020000000000042AA
:10BCA80034811F4024831F400000004000000042F0
:10BCB80038811F4028831F40000000800080004218
:10BCC80094801F4084821F400000040000C000428E
:10BCD80090801F4080821F4000000080008000424A
:10BCE800A8801F4098821F4000008000008000420A
:10BCF800A4801F4094821F40000040000040004282
:10BD08006C811F405C831F400010000000C000428F
:10BD180030801F4020821F40800000000040004209
:10BD2800B0811F40A0831F40000000200040004257
:10BD3800AC811F409C831F4000000010004000425F
:10BD480084811F4074831F400000040000400042AB
:10BD580088811F4078831F400000080000000042CF
:10BD68002C811F401C831F4000000010000000426F
:10BD780030811F4020831F40000000200000004247
:10BD88000C811F40FC821F40000010000000004290
:10BD980010811F4000831F400000200000800042E7
:10BDA800C8811F40B8831F40008000000080004207
:10BDB800C4811F40B4831F4000400000008000423F
:10BDC800C0811F40B0831F40002000000080004257
:10BDD800BC811F40AC831F4000100000008000425F
:10BDE800D0811F40C0831F40000002000080004235
:10BDF800CC811F40BC831F400000010000C00042EE
:10BE080074801F4064821F400000000100C000428F
:10BE180080801F4070821F400000000800C0004260
:10BE280084801F4074821F400000001000C0004240
:10BE38006C801F405C821F400000400000C0004230
:10BE48007C801F406C821F400000000400C000423C
:10BE580078801F4068821F400000000200C0004236
:10BE680088801F4078821F4000000020E00000FB0F
:10BE7800F0350020F8350020000000000C0000001C
:10BE8800690000000B000000760000007700000049
:10BE9800160000000B000000700000007800000091
:10BEA8007F00000080000000FFFFFFFF710000001E
:10BEB800680000008000000005000000FFFFFFFF91
:10BEC800FFFF00000000000000000000000000006C
:10BED800FFFFFFFFFA000000F9E90100E803000096
:10BEE80009C20100E8030000D9AE010060EA0000C1
:10BEF80021A90100F401000025AB01006400000045
:10BF0800ED2C02006400000031B90100E8030000D4
:10BF1800B528020018000F0090C22020B4CC0020E1
:10BF28001000090000C22020B8CC0020100010002A
:10BF380000C02020BCCC0020FC0510004060202060
:10BF4800C0CC00201C00040098CC2020C4CC0020C9
:10BF580020000500F8C32020C8CC002010001000E5
:10BF680000C12020CCCC00209C00080078C62020EE
:10BF7800D0CC00201C00080098C52020D4CC00207C
:10BF88001000100098C42020D8CC002028000800F9
:10BF980058CB2020DCCC0020F47000203C7100201D
:10BFA80018710020247100203071002000710020D9
:10BFB800C4700020D07000200C710020DC700020BC
:10BFC800E870002005000000190000007D00000056
:10BFD8000102030405060707070707070700000013
:10BFE800F42D0120EC2D0120E82D0120FC2D01204D
:10BFF80003060C183060780000010000FC7D00206A
:10C008001200000000060000503000600A00000026
:10C0180000020000EC2F0060620000000007000032
:10C02800882F006062000000EE0300003C7E0020C4
:10C0380012000000000004EE147E0020280000001A
:10C0480000030000842F00600000000001030904C1
:10C058006C2F00600000000002030904542F0060E8
:10C068000000000003030904547E002000000000C3
:10C07800000000000000000000000000E00000FBDD
:10C0880030303030303030303030303030303030A8
:10C098003030303030303030303030303030303098
:10C0A8003030303030303030303030303030303088
:10C0B8000000000000000000607200206072002094
:10C0C8006872002068720020707200207072002070
:10C0D8007872002078720020807200208072002020
:10C0E80088720020887200209072002090720020D0
:10C0F8009872002098720020A0720020A072002080
:10C10800A8720020A8720020B0720020B07200202F
:10C11800B8720020B8720020C0720020C0720020DF
:10C12800C8720020C8720020D0720020D07200208F
:10C13800D8720020D8720020E0720020E07200203F
:10C14800E8720020E8720020F0720020F0720020EF
:10C15800F8720020F872002000730020007300209D
:10C16800087300200873002010730020107300204B
:10C1780018730020187300202073002020730020FB
:10C1880028730020287300203073002030730020AB
:10C19800387300203873002040730020407300205B
:10C1A800487300204873002050730020507300200B
:10C1B80058730020587300206073002060730020BB
:10C1C800687300206873002070730020707300206B
:10C1D800787300207873002080730020807300201B
:10C1E80088730020887300209073002090730020CB
:10C1F8009873002098730020A0730020A07300207B
:10C20800A8730020A8730020B0730020B07300202A
:10C21800B8730020B8730020C0730020C0730020DA
:10C22800C8730020C8730020D0730020D07300208A
:10C23800D8730020D8730020E0730020E07300203A
:10C24800E8730020E8730020F0730020F0730020EA
:10C25800F8730020F8730020007400200074002098
:10C268000874002008740020107400201074002046
:10C2780018740020187400202074002020740020F6
:10C2880028740020287400203074002030740020A6
:10C298003874002038740020407400204074002056
:10C2A8004874002048740020507400205074002006
:10C2B80058740020587400206074002060740020B6
:10C2C8006874002068740020707400207074002066
:10C2D8007874002078740020807400208074002016
:10C2E80088740020887400209074002090740020C6
:10C2F8009874002098740020A0740020A074002076
:10C30800A8740020A8740020B0740020B074002025
:10C31800B8740020B8740020C0740020C0740020D5
:10C32800C8740020C8740020D0740020D074002085
:10C33800D8740020D8740020E0740020E074002035
:10C34800E8740020E8740020F0740020F0740020E5
:10C35800F8740020F8740020007500200075002093
:10C368000875002008750020107500201075002041
:10C3780018750020187500202075002020750020F1
:10C3880028750020287500203075002030750020A1
:10C398003875002038750020407500204075002051
:10C3A8004875002048750020507500205075002001
:10C3B80058750020587500206075002060750020B1
:10C3C8006875002068750020707500207075002061
:10C3D8007875002078750020807500208075002011
:10C3E80088750020887500209075002090750020C1
:10C3F8009875002098750020A0750020A075002071
:10C40800A8750020A8750020B0750020B075002020
:10C41800B8750020B8750020C0750020C0750020D0
:10C42800C8750020C8750020D0750020D075002080
:10C43800D8750020D8750020E0750020E075002030
:10C44800E8750020E8750020F0750020F0750020E0
:10C45800F8750020F875002000760020007600208E
:10C46800087600200876002010760020107600203C
:10C4780018760020187600202076002020760020EC
:10C48800287600202876002030760020307600209C
:10C49800387600203876002040760020407600204C
:10C4A80048760020487600205076002050760020FC
:10C4B80058760020587600200000000018950020CB
:10C4C80080950020E8950020000000000000000092
:10C4D8000000000000000000000000000000000054
:10C4E8000000000000000000000000000000000044
:10C4F8000000000000000000000000000000000034
:10C508000000000000000000000000000000000023
:10C518000000000000000000000000000000000013
:10C528000000000000000000000000000000000003
:10C5380000000000000000000000000000000000F3
:10C5480000000000000000000000000000000000E3
:10C5580001000000000000000E33CDAB34126DE680
:10C56800ECDE05000B0000000000000000000000E9
:10C5780000000000000000000000000000000000B3
:10C5880000000000000000000000000000000000A3
:10C598000000000000000000000000000000000093
:10C5A8000000000000000000000000000000000083
:10C5B8000000000000000000000000000000000073
:10C5C8000000000000000000000000000000000063
:10C5D8000000000000000000000000000000000053
:10C5E8000000000000000000000000000000000043
:10C5F8000000000000000000000000000000000033
:10C608000000000000000000000000000000000022
:10C618000000000000000000000000000000000012
:10C628000000000000000000000000000000000002
:10C6380000000000000000000000000000000000F2
:10C6480000000000000000000000000000000000E2
:10C6580000000000000000000000000000000000D2
:10C6680000000000000000000000000000000000C2
:10C6780000000000000000000000000000000000B2
:10C6880000000000000000000000000000000000A2
:10C698000000000000000000000000000000000092
:10C6A8000000000000000000000000000000000082
:10C6B8000000000000000000985F00200029DE074D
:10C6C800007B9A1700003A403C31006000000000EF
:10C6D8000000000000000000000000000000000052
:10C6E8000000000000000000000000000000000042
:10C6F8000000000000000000000000000000000032
:10C708000000000000000000000000000000000021
:10C718000000000000C03940CC300060000000007C
:10C728000000000000000000000000000000000001
:10C7380000000000000000000000000000000000F1
:10C7480000000000000000000000000000000000E1
:10C7580000000000000000000000000000000000D1
:10C7680000000000004039405C300060000000001C
:10C7780000000000000000000000000000000000B1
:10C7880000000000000000000000000000000000A1
:10C798000000000000000000000000000000000091
:10C7A8000000000000000000000000000000000081
:10C7B80000000000A45F002000000000E803000063
:10C7C80000000000CD3B0200195F0200D1D8000034
:10C7D800D5D800006400000001010000C0820020DC
:10C7E800808300208C5F0020000000000000000013
:10C7F8000000000000000000000000000000000031
:10C8080000000000B86000200000000000000000E8
:10C81800D12500000000000000000000000000001A
:10C82800D52500000000000000000000C95B0000E2
:10C83800000000000000000000000000A5550000F6
:10C848000000000000000000A11501000000000029
:10C85800000000000000000091130100000000002B
:10C868000000000071150100000000000000000039
:10C878000000000055130100000000000000000047
:10C88800914A0100000000000000000000000000C4
:10C89800054A01000000000000000000D115010059
:10C8A800000000000000000000000000C1140100AA
:10C8B8000000000000000000151201000000000048
:10C8C80000000000000000007D11010000000000D1
:10C8D80000000000294E00000000000000000000D9
:10C8E800000000002D4A00000000000000000000C9
:10C8F800594E000000000000000000000000000089
:10C90800A54A00000000000000000000414E0000A1
:10C91800000000000000000000000000694A00005C
:10C928000000000000000000714E00000000000040
:10C938000000000000000000E14A000000000000C4
:10C9480000000000595D0000000000000000000029
:10C9580000000000E1550000000000000000000099
:10C96800C9290000000000000000000000000000CD
:10C97800D129000000000000000000008D5D0000CB
:10C988000000000000000000000000002956000020
:10C998000000000000000000C101010000000000CC
:10C9A8000000000000000000C501010000000000B8
:10C9B8000000000041FC0000000000000000000032
:10C9C8000000000005FC0000D860002001005E00A7
:10C9D80000000000D4940020E0FD202000000000AA
:10C9E80043000000000000000000000000000000FC
:10C9F800000000000000000000000000000000002F
:10CA080043000000000000000000000000000000DB
:10CA1800000000000000000000000000000000000E
:10CA280043000000000000000000000000000000BB
:10CA380000000000000000000000000000000000EE
:10CA4800430000000000000000000000000000009B
:10CA580000000000000000000000000000000000CE
:10CA6800430000000000000000000000000000007B
:10CA780000000000000000000000000000000000AE
:10CA8800430000000000000000000000000000005B
:10CA9800000000000000000000000000000000008E
:10CAA800430000000000000000000000000000003B
:10CAB800000000000000000000000000000000006E
:10CAC800430000000000000000000000000000001B
:10CAD800000000000000000000000000000000004E
:10CAE800000000000000000000000000000000003E
:10CAF800000000000000000000000000000000002E
:10CB0800000000000000000000000000000000001D
:10CB1800000000000000000000000000000000000D
:10CB280000000000000000000000000000000000FD
:10CB380000000000000000000000000000000000ED
:10CB480000000000000000000000000000000000DD
:10CB580000000000000000000000000000000000CD
:10CB680000000000000000000000000000000000BD
:10CB780000000000000000000000000000000000AD
:10CB8800000000000000000000000000000000009D
:10CB9800000000000000000000000000000000008D
:10CBA800000000000000000061C202004DBA02004F
:10CBB80000000000786B00205813002090340020FB
:10CBC80090340020903400209034002090340020CD
:10CBD80090340020903400209034002090340020BD
:10CBE800FFFFFFFFFFFFFFFFFFFFFFFFFFFF00004B
:10CBF80001004153434949000000000000000000C3
:10CC0800000000000000000000000000000000001C
:10CC180000004153434949000000000000000000A3
:10CC280000000000000000000000000000000000FC
:10CC380000000000FFFFFFFF0000020000000000EE
:10CC480003000000189500206876002012010002F9
:10CC5800EF020140C01683048002010203010000B4
:10CC6800549C00202800000000010400010000007E
:10CC780000000000020157494E55534200000000D1
:10CC880000000000000000000000000012034D003A
:10CC9800530046005400310030003000F800000016
:10CCA800700300000C0300000000000000000000FA
:10CCB8000000000000000000000000C000C00104E7
:10CCC800010100000000000000000000000000005A
:10CCD800000000000000000000000000000000004C
:10CCE800000000000000000000000000000000003C
:10CCF800000000000000000000000000000000002C
:10CD0800000000000000000000000000000000001B
:10CD1800000000000000000000000000000000000B
:10CD280000000000000000000000000000000000FB
:10CD380000000000000000000000000000000000EB
:10CD480000000000000000000000000000000000DB
:10CD580000000000000000000000000000000000CB
:10CD680000000000000000000000000000000000BB
:10CD780000000000000000000000000000000000AB
:10CD8800000000000000000000000000000000009B
:10CD9800000000000000000000000000000000008B
:10CDA800000000000000000000000000000000007B
:10CDB800000000000000000000000000000000006B
:10CDC800000000000000000000000000000000005B
:10CDD800000000000000000000000000000000004B
:10CDE800000000000000000000000000000000003B
:10CDF800000000000000000000000000000000002B
:10CE0800000000000000000000000000000000001A
:10CE1800000000000000000000000000000000000A
:10CE280000000000000000000000000000000000FA
:10CE380000000000000000000000000000000000EA
:10CE480000000000000000000000000000000000DA
:10CE580000000000000000000000000000000000CA
:10CE680000000000000000000000000000000000BA
:10CE780000000000000000000000000000000000AA
:10CE8800000000000000000000000000000000009A
:10CE9800000000000000000000000000000000008A
:10CEA800000000000000000000000000000000007A
:10CEB800000000000000000000000000000000006A
:10CEC800000000000000000000000000000000005A
:10CED800000000000000000000000000000000004A
:10CEE800000000000000000000000000000000003A
:10CEF800000000000000000000000000000000002A
:10CF08000000000000000000000000000000000019
:10CF18000000000000000000000000000000000009
:10CF280000000000000000000000000000000000F9
:10CF380000000000000000000000000000000000E9
:10CF480000000000000000000000000000000000D9
:10CF580000000000000000000000000000000000C9
:10CF680000000000000000000000000000000000B9
:10CF780000000000000000000000000000000000A9
:10CF88000000000000000000000000000000000099
:10CF98000000000000000000000000000000000089
:10CFA8000000000000000000000000000000000079
:10CFB8000000000000000000000000000000000069
:10CFC8000000000000000000000000000000000059
:10CFD8000000000000000000000000000000000049
:10CFE8000000000000000000000000000000000039
:10CFF8000000000000000000000000000000000029
:10D008000000000000000000000000000000000018
:10D018000000000000000000000000000000000008
:10D0280000000000000000000000000000000000F8
:10D0380000000000000000000000000000000000E8
:10D0480000000000000000000000000000000000D8
:10D0580000000000000000000000000000000000C8
:10D0680000000000000000000000000000000000B8
:10D0780000000000000000000000000000000000A8
:10D088000000000000000000000000000000000098
:10D098000000000000000000000000000000000088
:10D0A8000000000000000000000000000000000078
:10D0B8000000000000000000000000000000000068
:10D0C8000000000000000000000000000000000058
:10D0D8000000000000000000000000000000000048
:10D0E8000000000000000000000000000000000038
:10D0F8000000000000000000000000000000000028
:10D108000000000000000000000000000000000017
:10D11800FFFFFFFFFFFFFFFFFFFFFFFFFFFFFFFF17
:10D12800FFFFFFFFFFFFFFFFFFFFFFFFFFFFFFFF07
:10D13800FFFFFFFFFFFFFFFFFFFFFFFFFFFFFFFFF7
:10D14800FFFFFFFFFFFFFFFFFFFFFFFFFFFFFFFFE7
:10D15800FFFFFFFFFFFFFFFFFFFFFFFFFFFFFFFFD7
:10D16800FFFFFFFFFFFFFFFFFFFFFFFFFFFFFFFFC7
:10D17800FFFFFFFFFFFFFFFFFFFFFFFFFFFFFFFFB7
:10D18800FFFFFFFFFFFFFFFFFFFFFFFFFFFFFFFFA7
:10D19800FFFFFFFFFFFFFFFFFFFFFFFFFFFFFFFF97
:10D1A800FFFFFFFFFFFFFFFFFFFFFFFFFFFFFFFF87
:10D1B800FFFFFFFFFFFFFFFFFFFFFFFFFFFFFFFF77
:10D1C800FFFFFFFFFFFFFFFFFFFFFFFFFFFFFFFF67
:10D1D800FFFFFFFFFFFFFFFFFFFFFFFFFFFFFFFF57
:10D1E800FFFFFFFFFFFFFFFFFFFFFFFFFFFFFFFF47
:10D1F800FFFFFFFFFFFFFFFFFFFFFFFFFFFFFFFF37
:10D20800FFFFFFFFFFFFFFFFFFFFFFFFFFFFFFFF26
:10D21800FFFFFFFFFFFFFFFFFFFFFFFFFFFFFFFF16
:10D22800FFFFFFFFFFFFFFFFFFFFFFFFFFFFFFFF06
:10D23800FFFFFFFFFFFFFFFFFFFFFFFFFFFFFFFFF6
:10D24800FFFFFFFFFFFFFFFFFFFFFFFFFFFFFFFFE6
:10D25800FFFFFFFFFFFFFFFFFFFFFFFFFFFFFFFFD6
:10D26800FFFFFFFFFFFFFFFFFFFFFFFFFFFFFFFFC6
:10D27800FFFFFFFFFFFFFFFFFFFFFFFFFFFFFFFFB6
:10D28800FFFFFFFFFFFFFFFFFFFFFFFFFFFFFFFFA6
:10D29800FFFFFFFFFFFFFFFFFFFFFFFFFFFFFFFF96
:10D2A800FFFFFFFFFFFFFFFFFFFFFFFFFFFFFFFF86
:10D2B800FFFFFFFFFFFFFFFFFFFFFFFFFFFFFFFF76
:10D2C800FFFFFFFFFFFFFFFFFFFFFFFFFFFFFFFF66
:10D2D800FFFFFFFFFFFFFFFFFFFFFFFFFFFFFFFF56
:10D2E800FFFFFFFFFFFFFFFFFFFFFFFFFFFFFFFF46
:10D2F800FFFFFFFFFFFFFFFFFFFFFFFFFFFFFFFF36
:10D30800FFFFFFFFFFFFFFFFFFFFFFFFFFFFFFFF25
:10D31800FFFFFFFFFFFFFFFFFFFFFFFFFFFFFFFF15
:10D32800FFFFFFFFFFFFFFFFFFFFFFFFFFFFFFFF05
:10D33800FFFFFFFFFFFFFFFFFFFFFFFFFFFFFFFFF5
:10D34800FFFFFFFFFFFFFFFFFFFFFFFFFFFFFFFFE5
:10D35800FFFFFFFFFFFFFFFFFFFFFFFFFFFFFFFFD5
:10D36800FFFFFFFFFFFFFFFFFFFFFFFFFFFFFFFFC5
:10D37800FFFFFFFFFFFFFFFFFFFFFFFFFFFFFFFFB5
:10D38800FFFFFFFFFFFFFFFFFFFFFFFFFFFFFFFFA5
:10D39800FFFFFFFFFFFFFFFFFFFFFFFFFFFFFFFF95
:10D3A800FFFFFFFFFFFFFFFFFFFFFFFFFFFFFFFF85
:10D3B800FFFFFFFFFFFFFFFFFFFFFFFFFFFFFFFF75
:10D3C800FFFFFFFFFFFFFFFFFFFFFFFFFFFFFFFF65
:10D3D800FFFFFFFFFFFFFFFFFFFFFFFFFFFFFFFF55
:10D3E800FFFFFFFFFFFFFFFFFFFFFFFFFFFFFFFF45
:10D3F800FFFFFFFFFFFFFFFF00000000000000002D
:10D408000000000000000000000000000000000014
:10D418000000000000000000000000000000000004
:10D4280000000000000000000000000000000000F4
:10D4380000000000000000000000000000000000E4
:10D4480000000000000000000000000000000000D4
:10D4580000000000000000000000000000000000C4
:10D4680000000000000000000000000000000000B4
:10D4780000000000000000000000000000000000A4
:10D488000000000000000000000000000000000094
:10D498000000000000000000000000000000000084
:10D4A8000000000000000000000000000000000074
:10D4B8000000000000000000000000000000000064
:10D4C8000000000000000000000000000000000054
:10D4D8000000000000000000000000000000000044
:10D4E8000000000000000000000000000000000034
:10D4F8000000000000000000000000000000000024
:10D508000000000000000000000000000000000013
:10D518000000000000000000000000000000000003
:10D5280000000000000000000000000000000000F3
:10D5380000000000000000000000000000000000E3
:10D5480000000000000000000000000000000000D3
:10D5580000000000000000000000000000000000C3
:10D5680000000000000000000000000000000000B3
:10D5780000000000000000000000000000000000A3
:10D588000000000000000000000000000000000093
:10D598000000000000000000000000000000000083
:10D5A8000000000000000000000000000000000073
:10D5B8000000000000000000000000000000000063
:10D5C8000000000000000000000000000000000053
:10D5D8000000000000000000000000000000000043
:10D5E8000000000000000000000000000000000033
:10D5F8000000000000000000000000000000000023
:10D608000000000000000000000000000000000012
:10D618000000000000000000000000000000000002
:10D6280000000000000000000000000000000000F2
:10D6380000000000000000000000000000000000E2
:10D6480000000000000000000000000000000000D2
:10D6580000000000000000000000000000000000C2
:10D6680000000000000000000000000000000000B2
:10D6780000000000000000000000000000000000A2
:10D688000000000000000000000000000000000092
:10D698000000000000000000000000000000000082
:10D6A8000000000000000000000000000000000072
:10D6B8000000000000000000000000000000000062
:10D6C8000000000000000000000000000000000052
:10D6D8000000000000000000000000000000000042
:10D6E8000000000000000000000000000000000032
:10D6F8000000000000000000000000000000000022
:10D708000000000000000000000000000000000011
:10D718000000000000000000000000000000000001
:10D7280000000000000000000000000000000000F1
:10D7380000000000000000000000000000000000E1
:10D7480000000000000000000000000000000000D1
:10D7580000000000000000000000000000000000C1
:10D7680000000000000000000000000000000000B1
:10D7780000000000000000000000000000000000A1
:10D788000000000000000000000000000000000091
:10D798000000000000000000000000000000000081
:10D7A8000000000000000000000000000000000071
:10D7B8000000000000000000000000000000000061
:10D7C8000000000000000000000000000000000051
:10D7D8000000000000000000000000000000000041
:10D7E8000000000000000000000000000000000031
:10D7F8000000000000000000000000000000000021
:10D808000000000000000000000000000000000010
:10D818000000000000000000000000000000000000
:10D8280000000000000000000000000000000000F0
:10D8380000000000000000000000000000000000E0
:10D8480000000000000000000000000000000000D0
:10D8580000000000000000000000000000000000C0
:10D8680000000000000000000000000000000000B0
:10D8780000000000000000000000000000000000A0
:10D888000000000000000000000000000000000090
:10D898000000000000000000000000000000000080
:10D8A8000000000000000000000000000000000070
:10D8B8000000000000000000000000000000000060
:10D8C8000000000000000000000000000000000050
:10D8D8000000000000000000000000000000000040
:10D8E8000000000000000000000000000000000030
:10D8F8000000000000000000000000000000000020
:10D90800000000000000000000000000000000000F
:10D9180000000000000000000000000000000000FF
:10D9280000000000000000000000000000000000EF
:10D9380000000000000000000000000000000000DF
:10D9480000000000000000000000000000000000CF
:10D9580000000000000000000000000000000000BF
:10D9680000000000000000000000000000000000AF
:10D97800000000000000000000000000000000009F
:10D98800000000000000000000000000000000008F
:10D99800000000000000000000000000000000007F
:10D9A800000000000000000000000000000000006F
:10D9B800000000000000000000000000000000005F
:10D9C800000000000000000000000000000000004F
:10D9D800000000000000000000000000000000003F
:10D9E800000000000000000000000000000000002F
:10D9F800000000000000000000000000000000001F
:10DA0800000000000000000000000000000000000E
:10DA180000000000000000000000000000000000FE
:10DA280000000000000000000000000000000000EE
:10DA380000000000000000000000000000000000DE
:10DA480000000000000000000000000000000000CE
:10DA580000000000000000000000000000000000BE
:10DA680000000000000000000000000000000000AE
:10DA7800000000000000000000000000000000009E
:10DA8800000000000000000000000000000000008E
:10DA9800000000000000000000000000000000007E
:10DAA800000000000000000000000000000000006E
:10DAB800000000000000000000000000000000005E
:10DAC800000000000000000000000000000000004E
:10DAD800000000000000000000000000000000003E
:10DAE800000000000000000000000000000000002E
:10DAF800000000000000000000000000000000001E
:10DB0800000000000000000000000000000000000D
:10DB180000000000000000000000000000000000FD
:10DB280000000000000000000000000000000000ED
:10DB380000000000000000000000000000000000DD
:10DB480000000000000000000000000000000000CD
:10DB580000000000000000000000000000000000BD
:10DB680000000000000000000000000000000000AD
:10DB7800000000000000000000000000000000009D
:10DB8800000000000000000000000000000000008D
:10DB9800000000000000000000000000000000007D
:10DBA800000000000000000000000000000000006D
:10DBB800000000000000000000000000000000005D
:10DBC800000000000000000000000000000000004D
:10DBD800000000000000000000000000000000003D
:10DBE800000000000000000000000000000000002D
:10DBF800000000000000000000000000000000001D
:10DC0800000000000000000000000000000000000C
:10DC180000000000000000000000000000000000FC
:10DC280000000000000000000000000000000000EC
:10DC380000000000000000000000000000000000DC
:10DC480000000000000000000000000000000000CC
:10DC580000000000000000000000000000000000BC
:10DC680000000000000000000000000000000000AC
:10DC7800000000000000000000000000000000009C
:10DC8800000000000000000000000000000000008C
:10DC9800000000000000000000000000000000007C
:10DCA800000000000000000000000000000000006C
:10DCB800000000000000000000000000000000005C
:10DCC800000000000000000000000000000000004C
:10DCD800000000000000000000000000000000003C
:10DCE800000000000000000000000000000000002C
:10DCF800000000000000000000000000000000001C
:10DD0800000000000000000000000000000000000B
:10DD180000000000000000000000000000000000FB
:10DD280000000000000000000000000000000000EB
:10DD380000000000000000000000000000000000DB
:10DD480000000000000000000000000000000000CB
:10DD580000000000000000000000000000000000BB
:10DD680000000000000000000000000000000000AB
:10DD7800000000000000000000000000000000009B
:10DD8800000000000000000000000000000000008B
:10DD9800000000000000000000000000000000007B
:10DDA800000000000000000000000000000000006B
:10DDB800000000000000000000000000000000005B
:10DDC800000000000000000000000000000000004B
:10DDD800000000000000000000000000000000003B
:10DDE800000000000000000000000000000000002B
:10DDF800000000000000000000000000000000001B
:10DE0800000000000000000000000000000000000A
:10DE180000000000000000000000000000000000FA
:10DE280000000000000000000000000000000000EA
:10DE380000000000000000000000000000000000DA
:10DE480000000000000000000000000000000000CA
:10DE580000000000000000000000000000000000BA
:10DE680000000000000000000000000000000000AA
:10DE7800000000000000000000000000000000009A
:10DE8800000000000000000000000000000000008A
:10DE9800000000000000000000000000000000007A
:10DEA800000000000000000000000000000000006A
:10DEB800000000000000000000000000000000005A
:10DEC800000000000000000000000000000000004A
:10DED800000000000000000000000000000000003A
:10DEE800000000000000000000000000000000002A
:10DEF800000000000000000000000000000000001A
:10DF08000000000000000000000000000000000009
:10DF180000000000000000000000000000000000F9
:10DF280000000000000000000000000000000000E9
:10DF380000000000000000000000000000000000D9
:10DF480000000000000000000000000000000000C9
:10DF580000000000000000000000000000000000B9
:10DF680000000000000000000000000000000000A9
:10DF78000000000000000000000000000000000099
:10DF88000000000000000000000000000000000089
:10DF98000000000000000000000000000000000079
:10DFA8000000000000000000000000000000000069
:10DFB8000000000000000000000000000000000059
:10DFC8000000000000000000000000000000000049
:10DFD8000000000000000000000000000000000039
:10DFE8000000000000000000000000000000000029
:08DFF800000000000000000021
:040000056000100087
:00000001FF
